2026-09-16 02:57:57,174 - nanochat.common - [32m[1mINFO[0m - Distributed world size: 1
2026-09-16 02:57:57,175 - nanochat.common - [33m[1mWARNING[0m - Peak flops undefined for: Tesla T4, MFU will show as 0%

                                                       █████                █████
                                                      ░░███                ░░███
     ████████    ██████   ████████    ██████   ██████  ░███████    ██████  ███████
    ░░███░░███  ░░░░░███ ░░███░░███  ███░░███ ███░░███ ░███░░███  ░░░░░███░░░███░
     ░███ ░███   ███████  ░███ ░███ ░███ ░███░███ ░░░  ░███ ░███   ███████  ░███
     ░███ ░███  ███░░███  ░███ ░███ ░███ ░███░███  ███ ░███ ░███  ███░░███  ░███ ███
     ████ █████░░████████ ████ █████░░██████ ░░██████  ████ █████░░███████  ░░█████
    ░░░░ ░░░░░  ░░░░░░░░ ░░░░ ░░░░░  ░░░░░░   ░░░░░░  ░░░░ ░░░░░  ░░░░░░░░   ░░░░░
    
Autodetected device type: cuda
GPU: Tesla T4 | Peak FLOPS (BF16): inf
COMPUTE_DTYPE: torch.float16 (set via NANOCHAT_DTYPE=float16)
!!!!!!!!!!!!!!!!!!!!!!!!!!!!!!!!!!!!!!!!!!!!!!!!!!!!!!!!!!!!!!!!!!!!!!!!!!!!!!!!
WARNING: Flash Attention 3 not available, using PyTorch SDPA fallback
WARNING: Training will be less efficient without FA3
!!!!!!!!!!!!!!!!!!!!!!!!!!!!!!!!!!!!!!!!!!!!!!!!!!!!!!!!!!!!!!!!!!!!!!!!!!!!!!!!
Vocab size: 16,009
Padding vocab_size from 16009 to 16064 for efficiency
Model config:
{
  "sequence_len": 840,
  "vocab_size": 16009,
  "n_layer": 6,
  "n_head": 3,
  "n_kv_head": 3,
  "n_embd": 384,
  "window_pattern": "L"
}
Parameter counts:
wte                     : 6,168,576
value_embeds            : 18,505,728
lm_head                 : 6,168,576
transformer_matrices    : 10,616,940
scalars                 : 38
total                   : 41,459,858
Estimated FLOPs per token: 1.239376e+08
Padding vocab_size from 16009 to 16064 for efficiency
Scaling LRs by 0.3536 for batch size 53,760 (reference: 524,288)
Scaling weight decay from 0.280000 to 0.573677 for depth 6
Scaling the LR for the AdamW parameters ∝1/√(384/768) = 1.414214
GradScaler enabled for fp16 training
Using user-provided number of iterations: 3,814
Total number of training tokens: 205,040,640
Tokens : Scaling params ratio: 12.22
Total training FLOPs estimate: 2.541224e+16
Tokens / micro-batch / rank: 32 x 840 = 26,880
Tokens / micro-batch: 26,880
Total batch size 53,760 => gradient accumulation steps: 2
Step 00000 | Validation bpb: 1.864102
step 00000/03814 (0.00%) | loss: 9.681237 | lrm: 0.03 | dt: 3427.46ms | tok/sec: 15,685 | bf16_mfu: 0.00 | epoch: 1 pq: 0 rg: 1 | total time: 0.00m
step 00001/03814 (0.03%) | loss: 9.679824 | lrm: 0.05 | dt: 528.18ms | tok/sec: 101,782 | bf16_mfu: 0.00 | epoch: 1 pq: 0 rg: 1 | total time: 0.00m
step 00002/03814 (0.05%) | loss: 9.676931 | lrm: 0.07 | dt: 538.98ms | tok/sec: 99,744 | bf16_mfu: 0.00 | epoch: 1 pq: 0 rg: 1 | total time: 0.00m
step 00003/03814 (0.08%) | loss: 9.672897 | lrm: 0.10 | dt: 540.89ms | tok/sec: 99,392 | bf16_mfu: 0.00 | epoch: 1 pq: 0 rg: 1 | total time: 0.00m
step 00004/03814 (0.10%) | loss: 9.667418 | lrm: 0.12 | dt: 538.24ms | tok/sec: 99,881 | bf16_mfu: 0.00 | epoch: 1 pq: 0 rg: 1 | total time: 0.00m
step 00005/03814 (0.13%) | loss: 9.659429 | lrm: 0.15 | dt: 545.15ms | tok/sec: 98,615 | bf16_mfu: 0.00 | epoch: 1 pq: 0 rg: 1 | total time: 0.00m
step 00006/03814 (0.16%) | loss: 9.648525 | lrm: 0.17 | dt: 536.84ms | tok/sec: 100,142 | bf16_mfu: 0.00 | epoch: 1 pq: 0 rg: 1 | total time: 0.00m
step 00007/03814 (0.18%) | loss: 9.632752 | lrm: 0.20 | dt: 543.97ms | tok/sec: 98,828 | bf16_mfu: 0.00 | epoch: 1 pq: 0 rg: 2 | total time: 0.00m
step 00008/03814 (0.21%) | loss: 9.611136 | lrm: 0.23 | dt: 545.69ms | tok/sec: 98,516 | bf16_mfu: 0.00 | epoch: 1 pq: 0 rg: 2 | total time: 0.00m
step 00009/03814 (0.24%) | loss: 9.581003 | lrm: 0.25 | dt: 568.44ms | tok/sec: 94,574 | bf16_mfu: 0.00 | epoch: 1 pq: 0 rg: 2 | total time: 0.00m
step 00010/03814 (0.26%) | loss: 9.539505 | lrm: 0.28 | dt: 547.23ms | tok/sec: 98,240 | bf16_mfu: 0.00 | epoch: 1 pq: 0 rg: 2 | total time: 0.00m
step 00011/03814 (0.29%) | loss: 9.479204 | lrm: 0.30 | dt: 548.36ms | tok/sec: 98,037 | bf16_mfu: 0.00 | epoch: 1 pq: 0 rg: 2 | total time: 0.01m | eta: 34.8m
step 00012/03814 (0.31%) | loss: 9.392758 | lrm: 0.33 | dt: 552.09ms | tok/sec: 97,375 | bf16_mfu: 0.00 | epoch: 1 pq: 0 rg: 2 | total time: 0.02m | eta: 34.9m
step 00013/03814 (0.34%) | loss: 9.277847 | lrm: 0.35 | dt: 552.76ms | tok/sec: 97,257 | bf16_mfu: 0.00 | epoch: 1 pq: 0 rg: 2 | total time: 0.03m | eta: 34.9m
step 00014/03814 (0.37%) | loss: 9.137866 | lrm: 0.38 | dt: 543.87ms | tok/sec: 98,846 | bf16_mfu: 0.00 | epoch: 1 pq: 0 rg: 2 | total time: 0.04m | eta: 34.8m
step 00015/03814 (0.39%) | loss: 9.015679 | lrm: 0.40 | dt: 506.85ms | tok/sec: 106,065 | bf16_mfu: 0.00 | epoch: 1 pq: 0 rg: 3 | total time: 0.05m | eta: 34.2m
step 00016/03814 (0.42%) | loss: 8.920686 | lrm: 0.42 | dt: 543.79ms | tok/sec: 98,861 | bf16_mfu: 0.00 | epoch: 1 pq: 0 rg: 3 | total time: 0.05m | eta: 34.3m
step 00017/03814 (0.45%) | loss: 8.812333 | lrm: 0.45 | dt: 545.36ms | tok/sec: 98,576 | bf16_mfu: 0.00 | epoch: 1 pq: 0 rg: 3 | total time: 0.06m | eta: 34.3m
step 00018/03814 (0.47%) | loss: 8.720447 | lrm: 0.47 | dt: 545.24ms | tok/sec: 98,598 | bf16_mfu: 0.00 | epoch: 1 pq: 0 rg: 3 | total time: 0.07m | eta: 34.3m
step 00019/03814 (0.50%) | loss: 8.635376 | lrm: 0.50 | dt: 547.71ms | tok/sec: 98,154 | bf16_mfu: 0.00 | epoch: 1 pq: 0 rg: 3 | total time: 0.08m | eta: 34.3m
step 00020/03814 (0.52%) | loss: 8.542919 | lrm: 0.53 | dt: 545.58ms | tok/sec: 98,537 | bf16_mfu: 0.00 | epoch: 1 pq: 0 rg: 3 | total time: 0.09m | eta: 34.3m
step 00021/03814 (0.55%) | loss: 8.451437 | lrm: 0.55 | dt: 548.26ms | tok/sec: 98,056 | bf16_mfu: 0.00 | epoch: 1 pq: 0 rg: 3 | total time: 0.10m | eta: 34.4m
step 00022/03814 (0.58%) | loss: 8.375517 | lrm: 0.57 | dt: 549.14ms | tok/sec: 97,898 | bf16_mfu: 0.00 | epoch: 1 pq: 0 rg: 3 | total time: 0.11m | eta: 34.4m
step 00023/03814 (0.60%) | loss: 8.286475 | lrm: 0.60 | dt: 549.35ms | tok/sec: 97,861 | bf16_mfu: 0.00 | epoch: 1 pq: 0 rg: 3 | total time: 0.12m | eta: 34.4m
step 00024/03814 (0.63%) | loss: 8.205041 | lrm: 0.62 | dt: 569.35ms | tok/sec: 94,422 | bf16_mfu: 0.00 | epoch: 1 pq: 0 rg: 3 | total time: 0.13m | eta: 34.5m
step 00025/03814 (0.66%) | loss: 8.132857 | lrm: 0.65 | dt: 578.20ms | tok/sec: 92,977 | bf16_mfu: 0.00 | epoch: 1 pq: 0 rg: 4 | total time: 0.14m | eta: 34.6m
step 00026/03814 (0.68%) | loss: 8.061984 | lrm: 0.68 | dt: 550.54ms | tok/sec: 97,649 | bf16_mfu: 0.00 | epoch: 1 pq: 0 rg: 4 | total time: 0.15m | eta: 34.6m
step 00027/03814 (0.71%) | loss: 7.992280 | lrm: 0.70 | dt: 550.84ms | tok/sec: 97,596 | bf16_mfu: 0.00 | epoch: 1 pq: 0 rg: 4 | total time: 0.16m | eta: 34.6m
step 00028/03814 (0.73%) | loss: 7.924810 | lrm: 0.72 | dt: 556.28ms | tok/sec: 96,641 | bf16_mfu: 0.00 | epoch: 1 pq: 0 rg: 4 | total time: 0.16m | eta: 34.6m
step 00029/03814 (0.76%) | loss: 7.852985 | lrm: 0.75 | dt: 548.35ms | tok/sec: 98,039 | bf16_mfu: 0.00 | epoch: 1 pq: 0 rg: 4 | total time: 0.17m | eta: 34.6m
step 00030/03814 (0.79%) | loss: 7.782898 | lrm: 0.78 | dt: 548.36ms | tok/sec: 98,037 | bf16_mfu: 0.00 | epoch: 1 pq: 0 rg: 4 | total time: 0.18m | eta: 34.6m
step 00031/03814 (0.81%) | loss: 7.703763 | lrm: 0.80 | dt: 566.70ms | tok/sec: 94,865 | bf16_mfu: 0.00 | epoch: 1 pq: 0 rg: 4 | total time: 0.19m | eta: 34.7m
step 00032/03814 (0.84%) | loss: 7.629939 | lrm: 0.82 | dt: 549.90ms | tok/sec: 97,762 | bf16_mfu: 0.00 | epoch: 1 pq: 0 rg: 4 | total time: 0.20m | eta: 34.7m
step 00033/03814 (0.87%) | loss: 7.556000 | lrm: 0.85 | dt: 552.67ms | tok/sec: 97,273 | bf16_mfu: 0.00 | epoch: 1 pq: 0 rg: 4 | total time: 0.21m | eta: 34.7m
step 00034/03814 (0.89%) | loss: 7.479578 | lrm: 0.88 | dt: 551.36ms | tok/sec: 97,503 | bf16_mfu: 0.00 | epoch: 1 pq: 0 rg: 4 | total time: 0.22m | eta: 34.7m
step 00035/03814 (0.92%) | loss: 7.404549 | lrm: 0.90 | dt: 600.55ms | tok/sec: 89,518 | bf16_mfu: 0.00 | epoch: 1 pq: 0 rg: 5 | total time: 0.23m | eta: 34.8m
step 00036/03814 (0.94%) | loss: 7.334756 | lrm: 0.93 | dt: 555.55ms | tok/sec: 96,768 | bf16_mfu: 0.00 | epoch: 1 pq: 0 rg: 5 | total time: 0.24m | eta: 34.8m
step 00037/03814 (0.97%) | loss: 7.272537 | lrm: 0.95 | dt: 585.44ms | tok/sec: 91,828 | bf16_mfu: 0.00 | epoch: 1 pq: 0 rg: 5 | total time: 0.25m | eta: 34.8m
step 00038/03814 (1.00%) | loss: 7.226682 | lrm: 0.97 | dt: 554.73ms | tok/sec: 96,911 | bf16_mfu: 0.00 | epoch: 1 pq: 0 rg: 5 | total time: 0.26m | eta: 34.8m
step 00039/03814 (1.02%) | loss: 7.164670 | lrm: 1.00 | dt: 557.19ms | tok/sec: 96,484 | bf16_mfu: 0.00 | epoch: 1 pq: 0 rg: 5 | total time: 0.27m | eta: 34.8m
step 00040/03814 (1.05%) | loss: 7.103632 | lrm: 1.00 | dt: 557.54ms | tok/sec: 96,422 | bf16_mfu: 0.00 | epoch: 1 pq: 0 rg: 5 | total time: 0.28m | eta: 34.8m
step 00041/03814 (1.07%) | loss: 7.049302 | lrm: 1.00 | dt: 560.03ms | tok/sec: 95,994 | bf16_mfu: 0.00 | epoch: 1 pq: 0 rg: 5 | total time: 0.29m | eta: 34.8m
step 00042/03814 (1.10%) | loss: 7.000836 | lrm: 1.00 | dt: 555.30ms | tok/sec: 96,812 | bf16_mfu: 0.00 | epoch: 1 pq: 0 rg: 5 | total time: 0.30m | eta: 34.8m
step 00043/03814 (1.13%) | loss: 6.949069 | lrm: 1.00 | dt: 576.27ms | tok/sec: 93,289 | bf16_mfu: 0.00 | epoch: 1 pq: 0 rg: 5 | total time: 0.31m | eta: 34.9m
step 00044/03814 (1.15%) | loss: 6.898936 | lrm: 1.00 | dt: 555.91ms | tok/sec: 96,706 | bf16_mfu: 0.00 | epoch: 1 pq: 0 rg: 5 | total time: 0.31m | eta: 34.9m
step 00045/03814 (1.18%) | loss: 6.838486 | lrm: 1.00 | dt: 557.72ms | tok/sec: 96,391 | bf16_mfu: 0.00 | epoch: 1 pq: 0 rg: 5 | total time: 0.32m | eta: 34.8m
step 00046/03814 (1.21%) | loss: 6.795118 | lrm: 1.00 | dt: 555.79ms | tok/sec: 96,727 | bf16_mfu: 0.00 | epoch: 1 pq: 0 rg: 6 | total time: 0.33m | eta: 34.8m
step 00047/03814 (1.23%) | loss: 6.759460 | lrm: 1.00 | dt: 558.87ms | tok/sec: 96,193 | bf16_mfu: 0.00 | epoch: 1 pq: 0 rg: 6 | total time: 0.34m | eta: 34.8m
step 00048/03814 (1.26%) | loss: 6.712524 | lrm: 1.00 | dt: 557.00ms | tok/sec: 96,517 | bf16_mfu: 0.00 | epoch: 1 pq: 0 rg: 6 | total time: 0.35m | eta: 34.8m
step 00049/03814 (1.28%) | loss: 6.669727 | lrm: 1.00 | dt: 561.68ms | tok/sec: 95,712 | bf16_mfu: 0.00 | epoch: 1 pq: 0 rg: 6 | total time: 0.36m | eta: 34.8m
step 00050/03814 (1.31%) | loss: 6.638216 | lrm: 1.00 | dt: 559.63ms | tok/sec: 96,064 | bf16_mfu: 0.00 | epoch: 1 pq: 0 rg: 6 | total time: 0.37m | eta: 34.8m
step 00051/03814 (1.34%) | loss: 6.607102 | lrm: 1.00 | dt: 556.62ms | tok/sec: 96,583 | bf16_mfu: 0.00 | epoch: 1 pq: 0 rg: 6 | total time: 0.38m | eta: 34.8m
step 00052/03814 (1.36%) | loss: 6.576261 | lrm: 1.00 | dt: 560.32ms | tok/sec: 95,944 | bf16_mfu: 0.00 | epoch: 1 pq: 0 rg: 6 | total time: 0.39m | eta: 34.8m
step 00053/03814 (1.39%) | loss: 6.555615 | lrm: 1.00 | dt: 557.21ms | tok/sec: 96,481 | bf16_mfu: 0.00 | epoch: 1 pq: 0 rg: 6 | total time: 0.40m | eta: 34.8m
step 00054/03814 (1.42%) | loss: 6.526288 | lrm: 1.00 | dt: 602.34ms | tok/sec: 89,252 | bf16_mfu: 0.00 | epoch: 1 pq: 0 rg: 6 | total time: 0.41m | eta: 34.9m
step 00055/03814 (1.44%) | loss: 6.486363 | lrm: 1.00 | dt: 561.30ms | tok/sec: 95,777 | bf16_mfu: 0.00 | epoch: 1 pq: 0 rg: 6 | total time: 0.42m | eta: 34.9m
step 00056/03814 (1.47%) | loss: 6.456441 | lrm: 1.00 | dt: 558.33ms | tok/sec: 96,287 | bf16_mfu: 0.00 | epoch: 1 pq: 0 rg: 7 | total time: 0.43m | eta: 34.9m
step 00057/03814 (1.49%) | loss: 6.431196 | lrm: 1.00 | dt: 561.79ms | tok/sec: 95,693 | bf16_mfu: 0.00 | epoch: 1 pq: 0 rg: 7 | total time: 0.44m | eta: 34.9m
step 00058/03814 (1.52%) | loss: 6.414101 | lrm: 1.00 | dt: 556.71ms | tok/sec: 96,566 | bf16_mfu: 0.00 | epoch: 1 pq: 0 rg: 7 | total time: 0.45m | eta: 34.9m
step 00059/03814 (1.55%) | loss: 6.384209 | lrm: 1.00 | dt: 562.95ms | tok/sec: 95,497 | bf16_mfu: 0.00 | epoch: 1 pq: 0 rg: 7 | total time: 0.45m | eta: 34.9m
step 00060/03814 (1.57%) | loss: 6.356957 | lrm: 1.00 | dt: 557.94ms | tok/sec: 96,354 | bf16_mfu: 0.00 | epoch: 1 pq: 0 rg: 7 | total time: 0.46m | eta: 34.8m
step 00061/03814 (1.60%) | loss: 6.346893 | lrm: 1.00 | dt: 558.43ms | tok/sec: 96,270 | bf16_mfu: 0.00 | epoch: 1 pq: 0 rg: 7 | total time: 0.47m | eta: 34.8m
step 00062/03814 (1.63%) | loss: 6.331690 | lrm: 1.00 | dt: 569.25ms | tok/sec: 94,440 | bf16_mfu: 0.00 | epoch: 1 pq: 0 rg: 7 | total time: 0.48m | eta: 34.8m
step 00063/03814 (1.65%) | loss: 6.311016 | lrm: 1.00 | dt: 557.96ms | tok/sec: 96,351 | bf16_mfu: 0.00 | epoch: 1 pq: 0 rg: 7 | total time: 0.49m | eta: 34.8m
step 00064/03814 (1.68%) | loss: 6.284255 | lrm: 1.00 | dt: 566.23ms | tok/sec: 94,943 | bf16_mfu: 0.00 | epoch: 1 pq: 0 rg: 7 | total time: 0.50m | eta: 34.8m
step 00065/03814 (1.70%) | loss: 6.268790 | lrm: 1.00 | dt: 557.27ms | tok/sec: 96,470 | bf16_mfu: 0.00 | epoch: 1 pq: 0 rg: 7 | total time: 0.51m | eta: 34.8m
step 00066/03814 (1.73%) | loss: 6.244946 | lrm: 1.00 | dt: 720.90ms | tok/sec: 74,573 | bf16_mfu: 0.00 | epoch: 1 pq: 0 rg: 8 | total time: 0.52m | eta: 35.0m
step 00067/03814 (1.76%) | loss: 6.228628 | lrm: 1.00 | dt: 570.32ms | tok/sec: 94,262 | bf16_mfu: 0.00 | epoch: 1 pq: 0 rg: 8 | total time: 0.53m | eta: 35.0m
step 00068/03814 (1.78%) | loss: 6.213586 | lrm: 1.00 | dt: 564.39ms | tok/sec: 95,252 | bf16_mfu: 0.00 | epoch: 1 pq: 0 rg: 8 | total time: 0.54m | eta: 35.0m
step 00069/03814 (1.81%) | loss: 6.207024 | lrm: 1.00 | dt: 561.97ms | tok/sec: 95,664 | bf16_mfu: 0.00 | epoch: 1 pq: 0 rg: 8 | total time: 0.55m | eta: 35.0m
step 00070/03814 (1.84%) | loss: 6.201822 | lrm: 1.00 | dt: 558.13ms | tok/sec: 96,321 | bf16_mfu: 0.00 | epoch: 1 pq: 0 rg: 8 | total time: 0.56m | eta: 35.0m
step 00071/03814 (1.86%) | loss: 6.183887 | lrm: 1.00 | dt: 562.30ms | tok/sec: 95,606 | bf16_mfu: 0.00 | epoch: 1 pq: 0 rg: 8 | total time: 0.57m | eta: 35.0m
step 00072/03814 (1.89%) | loss: 6.161444 | lrm: 1.00 | dt: 565.59ms | tok/sec: 95,050 | bf16_mfu: 0.00 | epoch: 1 pq: 0 rg: 8 | total time: 0.58m | eta: 35.0m
step 00073/03814 (1.91%) | loss: 6.157133 | lrm: 1.00 | dt: 568.95ms | tok/sec: 94,489 | bf16_mfu: 0.00 | epoch: 1 pq: 0 rg: 8 | total time: 0.59m | eta: 35.0m
step 00074/03814 (1.94%) | loss: 6.137314 | lrm: 1.00 | dt: 560.21ms | tok/sec: 95,964 | bf16_mfu: 0.00 | epoch: 1 pq: 0 rg: 8 | total time: 0.60m | eta: 35.0m
step 00075/03814 (1.97%) | loss: 6.117652 | lrm: 1.00 | dt: 560.97ms | tok/sec: 95,833 | bf16_mfu: 0.00 | epoch: 1 pq: 0 rg: 8 | total time: 0.61m | eta: 34.9m
step 00076/03814 (1.99%) | loss: 6.092456 | lrm: 1.00 | dt: 566.23ms | tok/sec: 94,943 | bf16_mfu: 0.00 | epoch: 1 pq: 0 rg: 8 | total time: 0.62m | eta: 34.9m
step 00077/03814 (2.02%) | loss: 6.090137 | lrm: 1.00 | dt: 566.72ms | tok/sec: 94,861 | bf16_mfu: 0.00 | epoch: 1 pq: 0 rg: 9 | total time: 0.63m | eta: 34.9m
step 00078/03814 (2.05%) | loss: 6.087800 | lrm: 1.00 | dt: 567.71ms | tok/sec: 94,696 | bf16_mfu: 0.00 | epoch: 1 pq: 0 rg: 9 | total time: 0.64m | eta: 34.9m
step 00079/03814 (2.07%) | loss: 6.090354 | lrm: 1.00 | dt: 566.39ms | tok/sec: 94,917 | bf16_mfu: 0.00 | epoch: 1 pq: 0 rg: 9 | total time: 0.65m | eta: 34.9m
step 00080/03814 (2.10%) | loss: 6.074813 | lrm: 1.00 | dt: 569.20ms | tok/sec: 94,448 | bf16_mfu: 0.00 | epoch: 1 pq: 0 rg: 9 | total time: 0.65m | eta: 34.9m
step 00081/03814 (2.12%) | loss: 6.071531 | lrm: 1.00 | dt: 566.31ms | tok/sec: 94,929 | bf16_mfu: 0.00 | epoch: 1 pq: 0 rg: 9 | total time: 0.66m | eta: 34.9m
step 00082/03814 (2.15%) | loss: 6.052745 | lrm: 1.00 | dt: 566.26ms | tok/sec: 94,938 | bf16_mfu: 0.00 | epoch: 1 pq: 0 rg: 9 | total time: 0.67m | eta: 34.9m
step 00083/03814 (2.18%) | loss: 6.042917 | lrm: 1.00 | dt: 567.81ms | tok/sec: 94,678 | bf16_mfu: 0.00 | epoch: 1 pq: 0 rg: 9 | total time: 0.68m | eta: 34.9m
step 00084/03814 (2.20%) | loss: 6.021104 | lrm: 1.00 | dt: 566.03ms | tok/sec: 94,976 | bf16_mfu: 0.00 | epoch: 1 pq: 0 rg: 9 | total time: 0.69m | eta: 34.9m
step 00085/03814 (2.23%) | loss: 5.997846 | lrm: 1.00 | dt: 566.21ms | tok/sec: 94,947 | bf16_mfu: 0.00 | epoch: 1 pq: 0 rg: 9 | total time: 0.70m | eta: 34.9m
step 00086/03814 (2.25%) | loss: 5.986893 | lrm: 1.00 | dt: 568.04ms | tok/sec: 94,641 | bf16_mfu: 0.00 | epoch: 1 pq: 0 rg: 9 | total time: 0.71m | eta: 34.9m
step 00087/03814 (2.28%) | loss: 5.988961 | lrm: 1.00 | dt: 628.68ms | tok/sec: 85,512 | bf16_mfu: 0.00 | epoch: 1 pq: 0 rg: 10 | total time: 0.72m | eta: 34.9m
step 00088/03814 (2.31%) | loss: 5.979605 | lrm: 1.00 | dt: 568.86ms | tok/sec: 94,504 | bf16_mfu: 0.00 | epoch: 1 pq: 0 rg: 10 | total time: 0.73m | eta: 34.9m
step 00089/03814 (2.33%) | loss: 5.967850 | lrm: 1.00 | dt: 576.46ms | tok/sec: 93,258 | bf16_mfu: 0.00 | epoch: 1 pq: 0 rg: 10 | total time: 0.74m | eta: 34.9m
step 00090/03814 (2.36%) | loss: 5.969391 | lrm: 1.00 | dt: 559.23ms | tok/sec: 96,131 | bf16_mfu: 0.00 | epoch: 1 pq: 0 rg: 10 | total time: 0.75m | eta: 34.9m
step 00091/03814 (2.39%) | loss: 5.957437 | lrm: 1.00 | dt: 565.70ms | tok/sec: 95,032 | bf16_mfu: 0.00 | epoch: 1 pq: 0 rg: 10 | total time: 0.76m | eta: 34.9m
step 00092/03814 (2.41%) | loss: 5.949446 | lrm: 1.00 | dt: 566.31ms | tok/sec: 94,930 | bf16_mfu: 0.00 | epoch: 1 pq: 0 rg: 10 | total time: 0.77m | eta: 34.9m
step 00093/03814 (2.44%) | loss: 5.937795 | lrm: 1.00 | dt: 567.75ms | tok/sec: 94,689 | bf16_mfu: 0.00 | epoch: 1 pq: 0 rg: 10 | total time: 0.78m | eta: 34.9m
step 00094/03814 (2.46%) | loss: 5.931320 | lrm: 1.00 | dt: 567.65ms | tok/sec: 94,705 | bf16_mfu: 0.00 | epoch: 1 pq: 0 rg: 10 | total time: 0.79m | eta: 34.9m
step 00095/03814 (2.49%) | loss: 5.924441 | lrm: 1.00 | dt: 565.46ms | tok/sec: 95,072 | bf16_mfu: 0.00 | epoch: 1 pq: 0 rg: 10 | total time: 0.80m | eta: 34.9m
step 00096/03814 (2.52%) | loss: 5.915188 | lrm: 1.00 | dt: 567.27ms | tok/sec: 94,769 | bf16_mfu: 0.00 | epoch: 1 pq: 0 rg: 10 | total time: 0.81m | eta: 34.9m
step 00097/03814 (2.54%) | loss: 5.910320 | lrm: 1.00 | dt: 565.77ms | tok/sec: 95,020 | bf16_mfu: 0.00 | epoch: 1 pq: 0 rg: 10 | total time: 0.82m | eta: 34.9m
step 00098/03814 (2.57%) | loss: 5.914160 | lrm: 1.00 | dt: 609.13ms | tok/sec: 88,257 | bf16_mfu: 0.00 | epoch: 1 pq: 0 rg: 11 | total time: 0.83m | eta: 34.9m
step 00099/03814 (2.60%) | loss: 5.913674 | lrm: 1.00 | dt: 610.96ms | tok/sec: 87,992 | bf16_mfu: 0.00 | epoch: 1 pq: 0 rg: 11 | total time: 0.84m | eta: 34.9m
step 00100/03814 (2.62%) | loss: 5.904399 | lrm: 1.00 | dt: 561.69ms | tok/sec: 95,710 | bf16_mfu: 0.00 | epoch: 1 pq: 0 rg: 11 | total time: 0.85m | eta: 34.9m
step 00101/03814 (2.65%) | loss: 5.888549 | lrm: 1.00 | dt: 566.90ms | tok/sec: 94,831 | bf16_mfu: 0.00 | epoch: 1 pq: 0 rg: 11 | total time: 0.86m | eta: 34.9m
step 00102/03814 (2.67%) | loss: 5.874448 | lrm: 1.00 | dt: 565.06ms | tok/sec: 95,140 | bf16_mfu: 0.00 | epoch: 1 pq: 0 rg: 11 | total time: 0.86m | eta: 34.9m
step 00103/03814 (2.70%) | loss: 5.869557 | lrm: 1.00 | dt: 567.65ms | tok/sec: 94,705 | bf16_mfu: 0.00 | epoch: 1 pq: 0 rg: 11 | total time: 0.87m | eta: 34.9m
step 00104/03814 (2.73%) | loss: 5.859119 | lrm: 1.00 | dt: 574.18ms | tok/sec: 93,629 | bf16_mfu: 0.00 | epoch: 1 pq: 0 rg: 11 | total time: 0.88m | eta: 34.9m
step 00105/03814 (2.75%) | loss: 5.838686 | lrm: 1.00 | dt: 560.60ms | tok/sec: 95,897 | bf16_mfu: 0.00 | epoch: 1 pq: 0 rg: 11 | total time: 0.89m | eta: 34.9m
step 00106/03814 (2.78%) | loss: 5.822295 | lrm: 1.00 | dt: 563.32ms | tok/sec: 95,433 | bf16_mfu: 0.00 | epoch: 1 pq: 0 rg: 11 | total time: 0.90m | eta: 34.9m
step 00107/03814 (2.81%) | loss: 5.825313 | lrm: 1.00 | dt: 568.91ms | tok/sec: 94,496 | bf16_mfu: 0.00 | epoch: 1 pq: 0 rg: 11 | total time: 0.91m | eta: 34.9m
step 00108/03814 (2.83%) | loss: 5.831388 | lrm: 1.00 | dt: 677.38ms | tok/sec: 79,364 | bf16_mfu: 0.00 | epoch: 1 pq: 0 rg: 12 | total time: 0.92m | eta: 34.9m
step 00109/03814 (2.86%) | loss: 5.817539 | lrm: 1.00 | dt: 573.19ms | tok/sec: 93,790 | bf16_mfu: 0.00 | epoch: 1 pq: 0 rg: 12 | total time: 0.93m | eta: 34.9m
step 00110/03814 (2.88%) | loss: 5.800875 | lrm: 1.00 | dt: 569.75ms | tok/sec: 94,356 | bf16_mfu: 0.00 | epoch: 1 pq: 0 rg: 12 | total time: 0.94m | eta: 34.9m
step 00111/03814 (2.91%) | loss: 5.797175 | lrm: 1.00 | dt: 567.08ms | tok/sec: 94,801 | bf16_mfu: 0.00 | epoch: 1 pq: 0 rg: 12 | total time: 0.95m | eta: 34.9m
step 00112/03814 (2.94%) | loss: 5.780032 | lrm: 1.00 | dt: 566.52ms | tok/sec: 94,895 | bf16_mfu: 0.00 | epoch: 1 pq: 0 rg: 12 | total time: 0.96m | eta: 34.9m
step 00113/03814 (2.96%) | loss: 5.759059 | lrm: 1.00 | dt: 584.54ms | tok/sec: 91,969 | bf16_mfu: 0.00 | epoch: 1 pq: 0 rg: 12 | total time: 0.97m | eta: 34.9m
step 00114/03814 (2.99%) | loss: 5.750379 | lrm: 1.00 | dt: 569.11ms | tok/sec: 94,463 | bf16_mfu: 0.00 | epoch: 1 pq: 0 rg: 12 | total time: 0.98m | eta: 34.9m
step 00115/03814 (3.02%) | loss: 5.757250 | lrm: 1.00 | dt: 565.74ms | tok/sec: 95,026 | bf16_mfu: 0.00 | epoch: 1 pq: 0 rg: 12 | total time: 0.99m | eta: 34.9m
step 00116/03814 (3.04%) | loss: 5.760506 | lrm: 1.00 | dt: 567.39ms | tok/sec: 94,749 | bf16_mfu: 0.00 | epoch: 1 pq: 0 rg: 12 | total time: 1.00m | eta: 34.9m
step 00117/03814 (3.07%) | loss: 5.746849 | lrm: 1.00 | dt: 567.14ms | tok/sec: 94,791 | bf16_mfu: 0.00 | epoch: 1 pq: 0 rg: 12 | total time: 1.01m | eta: 34.9m
step 00118/03814 (3.09%) | loss: 5.728080 | lrm: 1.00 | dt: 566.86ms | tok/sec: 94,838 | bf16_mfu: 0.00 | epoch: 1 pq: 0 rg: 12 | total time: 1.02m | eta: 34.9m
step 00119/03814 (3.12%) | loss: 5.712846 | lrm: 1.00 | dt: 581.48ms | tok/sec: 92,453 | bf16_mfu: 0.00 | epoch: 1 pq: 0 rg: 13 | total time: 1.03m | eta: 34.9m
step 00120/03814 (3.15%) | loss: 5.709476 | lrm: 1.00 | dt: 571.19ms | tok/sec: 94,119 | bf16_mfu: 0.00 | epoch: 1 pq: 0 rg: 13 | total time: 1.04m | eta: 34.8m
step 00121/03814 (3.17%) | loss: 5.684978 | lrm: 1.00 | dt: 576.99ms | tok/sec: 93,173 | bf16_mfu: 0.00 | epoch: 1 pq: 0 rg: 13 | total time: 1.05m | eta: 34.8m
step 00122/03814 (3.20%) | loss: 5.674282 | lrm: 1.00 | dt: 572.27ms | tok/sec: 93,942 | bf16_mfu: 0.00 | epoch: 1 pq: 0 rg: 13 | total time: 1.06m | eta: 34.8m
step 00123/03814 (3.22%) | loss: 5.651427 | lrm: 1.00 | dt: 573.51ms | tok/sec: 93,739 | bf16_mfu: 0.00 | epoch: 1 pq: 0 rg: 13 | total time: 1.07m | eta: 34.8m
step 00124/03814 (3.25%) | loss: 5.656858 | lrm: 1.00 | dt: 566.99ms | tok/sec: 94,815 | bf16_mfu: 0.00 | epoch: 1 pq: 0 rg: 13 | total time: 1.08m | eta: 34.8m
step 00125/03814 (3.28%) | loss: 5.657795 | lrm: 1.00 | dt: 566.96ms | tok/sec: 94,820 | bf16_mfu: 0.00 | epoch: 1 pq: 0 rg: 13 | total time: 1.09m | eta: 34.8m
step 00126/03814 (3.30%) | loss: 5.640677 | lrm: 1.00 | dt: 566.12ms | tok/sec: 94,962 | bf16_mfu: 0.00 | epoch: 1 pq: 0 rg: 13 | total time: 1.09m | eta: 34.8m
step 00127/03814 (3.33%) | loss: 5.620998 | lrm: 1.00 | dt: 567.66ms | tok/sec: 94,704 | bf16_mfu: 0.00 | epoch: 1 pq: 0 rg: 13 | total time: 1.10m | eta: 34.8m
step 00128/03814 (3.36%) | loss: 5.632070 | lrm: 1.00 | dt: 568.70ms | tok/sec: 94,532 | bf16_mfu: 0.00 | epoch: 1 pq: 0 rg: 13 | total time: 1.11m | eta: 34.8m
step 00129/03814 (3.38%) | loss: 5.626255 | lrm: 1.00 | dt: 580.18ms | tok/sec: 92,660 | bf16_mfu: 0.00 | epoch: 1 pq: 0 rg: 14 | total time: 1.12m | eta: 34.8m
step 00130/03814 (3.41%) | loss: 5.629206 | lrm: 1.00 | dt: 576.79ms | tok/sec: 93,205 | bf16_mfu: 0.00 | epoch: 1 pq: 0 rg: 14 | total time: 1.13m | eta: 34.8m
step 00131/03814 (3.43%) | loss: 5.614420 | lrm: 1.00 | dt: 566.27ms | tok/sec: 94,937 | bf16_mfu: 0.00 | epoch: 1 pq: 0 rg: 14 | total time: 1.14m | eta: 34.8m
step 00132/03814 (3.46%) | loss: 5.602277 | lrm: 1.00 | dt: 569.52ms | tok/sec: 94,395 | bf16_mfu: 0.00 | epoch: 1 pq: 0 rg: 14 | total time: 1.15m | eta: 34.8m
step 00133/03814 (3.49%) | loss: 5.599529 | lrm: 1.00 | dt: 609.52ms | tok/sec: 88,200 | bf16_mfu: 0.00 | epoch: 1 pq: 0 rg: 14 | total time: 1.16m | eta: 34.8m
step 00134/03814 (3.51%) | loss: 5.592764 | lrm: 1.00 | dt: 565.83ms | tok/sec: 95,011 | bf16_mfu: 0.00 | epoch: 1 pq: 0 rg: 14 | total time: 1.17m | eta: 34.8m
step 00135/03814 (3.54%) | loss: 5.576013 | lrm: 1.00 | dt: 566.59ms | tok/sec: 94,883 | bf16_mfu: 0.00 | epoch: 1 pq: 0 rg: 14 | total time: 1.18m | eta: 34.8m
step 00136/03814 (3.57%) | loss: 5.564845 | lrm: 1.00 | dt: 566.19ms | tok/sec: 94,950 | bf16_mfu: 0.00 | epoch: 1 pq: 0 rg: 14 | total time: 1.19m | eta: 34.7m
step 00137/03814 (3.59%) | loss: 5.563834 | lrm: 1.00 | dt: 570.83ms | tok/sec: 94,179 | bf16_mfu: 0.00 | epoch: 1 pq: 0 rg: 14 | total time: 1.20m | eta: 34.7m
step 00138/03814 (3.62%) | loss: 5.551468 | lrm: 1.00 | dt: 566.34ms | tok/sec: 94,925 | bf16_mfu: 0.00 | epoch: 1 pq: 0 rg: 14 | total time: 1.21m | eta: 34.7m
step 00139/03814 (3.64%) | loss: 5.528300 | lrm: 1.00 | dt: 569.55ms | tok/sec: 94,390 | bf16_mfu: 0.00 | epoch: 1 pq: 0 rg: 15 | total time: 1.22m | eta: 34.7m
step 00140/03814 (3.67%) | loss: 5.515992 | lrm: 1.00 | dt: 567.96ms | tok/sec: 94,654 | bf16_mfu: 0.00 | epoch: 1 pq: 0 rg: 15 | total time: 1.23m | eta: 34.7m
step 00141/03814 (3.70%) | loss: 5.514213 | lrm: 1.00 | dt: 566.12ms | tok/sec: 94,962 | bf16_mfu: 0.00 | epoch: 1 pq: 0 rg: 15 | total time: 1.24m | eta: 34.7m
step 00142/03814 (3.72%) | loss: 5.503256 | lrm: 1.00 | dt: 567.28ms | tok/sec: 94,768 | bf16_mfu: 0.00 | epoch: 1 pq: 0 rg: 15 | total time: 1.25m | eta: 34.7m
step 00143/03814 (3.75%) | loss: 5.502458 | lrm: 1.00 | dt: 569.79ms | tok/sec: 94,351 | bf16_mfu: 0.00 | epoch: 1 pq: 0 rg: 15 | total time: 1.26m | eta: 34.7m
step 00144/03814 (3.78%) | loss: 5.487230 | lrm: 1.00 | dt: 565.55ms | tok/sec: 95,057 | bf16_mfu: 0.00 | epoch: 1 pq: 0 rg: 15 | total time: 1.27m | eta: 34.7m
step 00145/03814 (3.80%) | loss: 5.478679 | lrm: 1.00 | dt: 629.80ms | tok/sec: 85,361 | bf16_mfu: 0.00 | epoch: 1 pq: 0 rg: 15 | total time: 1.28m | eta: 34.7m
step 00146/03814 (3.83%) | loss: 5.489416 | lrm: 1.00 | dt: 565.99ms | tok/sec: 94,984 | bf16_mfu: 0.00 | epoch: 1 pq: 0 rg: 15 | total time: 1.29m | eta: 34.7m
step 00147/03814 (3.85%) | loss: 5.486928 | lrm: 1.00 | dt: 566.26ms | tok/sec: 94,938 | bf16_mfu: 0.00 | epoch: 1 pq: 0 rg: 15 | total time: 1.30m | eta: 34.7m
step 00148/03814 (3.88%) | loss: 5.471317 | lrm: 1.00 | dt: 567.89ms | tok/sec: 94,665 | bf16_mfu: 0.00 | epoch: 1 pq: 0 rg: 15 | total time: 1.30m | eta: 34.7m
step 00149/03814 (3.91%) | loss: 5.469834 | lrm: 1.00 | dt: 568.22ms | tok/sec: 94,610 | bf16_mfu: 0.00 | epoch: 1 pq: 0 rg: 15 | total time: 1.31m | eta: 34.7m
step 00150/03814 (3.93%) | loss: 5.472685 | lrm: 1.00 | dt: 567.68ms | tok/sec: 94,700 | bf16_mfu: 0.00 | epoch: 1 pq: 0 rg: 16 | total time: 1.32m | eta: 34.6m
step 00151/03814 (3.96%) | loss: 5.463496 | lrm: 1.00 | dt: 567.74ms | tok/sec: 94,691 | bf16_mfu: 0.00 | epoch: 1 pq: 0 rg: 16 | total time: 1.33m | eta: 34.6m
step 00152/03814 (3.99%) | loss: 5.453328 | lrm: 1.00 | dt: 566.54ms | tok/sec: 94,892 | bf16_mfu: 0.00 | epoch: 1 pq: 0 rg: 16 | total time: 1.34m | eta: 34.6m
step 00153/03814 (4.01%) | loss: 5.433420 | lrm: 1.00 | dt: 565.81ms | tok/sec: 95,014 | bf16_mfu: 0.00 | epoch: 1 pq: 0 rg: 16 | total time: 1.35m | eta: 34.6m
step 00154/03814 (4.04%) | loss: 5.428204 | lrm: 1.00 | dt: 567.30ms | tok/sec: 94,764 | bf16_mfu: 0.00 | epoch: 1 pq: 0 rg: 16 | total time: 1.36m | eta: 34.6m
step 00155/03814 (4.06%) | loss: 5.434821 | lrm: 1.00 | dt: 567.93ms | tok/sec: 94,659 | bf16_mfu: 0.00 | epoch: 1 pq: 0 rg: 16 | total time: 1.37m | eta: 34.6m
step 00156/03814 (4.09%) | loss: 5.410850 | lrm: 1.00 | dt: 566.35ms | tok/sec: 94,923 | bf16_mfu: 0.00 | epoch: 1 pq: 0 rg: 16 | total time: 1.38m | eta: 34.6m
step 00157/03814 (4.12%) | loss: 5.398204 | lrm: 1.00 | dt: 597.35ms | tok/sec: 89,996 | bf16_mfu: 0.00 | epoch: 1 pq: 0 rg: 16 | total time: 1.39m | eta: 34.6m
step 00158/03814 (4.14%) | loss: 5.386494 | lrm: 1.00 | dt: 576.59ms | tok/sec: 93,237 | bf16_mfu: 0.00 | epoch: 1 pq: 0 rg: 16 | total time: 1.40m | eta: 34.6m
step 00159/03814 (4.17%) | loss: 5.399251 | lrm: 1.00 | dt: 571.76ms | tok/sec: 94,025 | bf16_mfu: 0.00 | epoch: 1 pq: 0 rg: 16 | total time: 1.41m | eta: 34.6m
step 00160/03814 (4.20%) | loss: 5.401136 | lrm: 1.00 | dt: 566.45ms | tok/sec: 94,907 | bf16_mfu: 0.00 | epoch: 1 pq: 0 rg: 17 | total time: 1.42m | eta: 34.6m
step 00161/03814 (4.22%) | loss: 5.390167 | lrm: 1.00 | dt: 566.38ms | tok/sec: 94,919 | bf16_mfu: 0.00 | epoch: 1 pq: 0 rg: 17 | total time: 1.43m | eta: 34.6m
step 00162/03814 (4.25%) | loss: 5.377658 | lrm: 1.00 | dt: 568.96ms | tok/sec: 94,488 | bf16_mfu: 0.00 | epoch: 1 pq: 0 rg: 17 | total time: 1.44m | eta: 34.5m
step 00163/03814 (4.27%) | loss: 5.363657 | lrm: 1.00 | dt: 605.74ms | tok/sec: 88,751 | bf16_mfu: 0.00 | epoch: 1 pq: 0 rg: 17 | total time: 1.45m | eta: 34.6m
step 00164/03814 (4.30%) | loss: 5.376395 | lrm: 1.00 | dt: 567.39ms | tok/sec: 94,749 | bf16_mfu: 0.00 | epoch: 1 pq: 0 rg: 17 | total time: 1.46m | eta: 34.5m
step 00165/03814 (4.33%) | loss: 5.376638 | lrm: 1.00 | dt: 566.95ms | tok/sec: 94,823 | bf16_mfu: 0.00 | epoch: 1 pq: 0 rg: 17 | total time: 1.47m | eta: 34.5m
step 00166/03814 (4.35%) | loss: 5.360586 | lrm: 1.00 | dt: 564.69ms | tok/sec: 95,202 | bf16_mfu: 0.00 | epoch: 1 pq: 0 rg: 17 | total time: 1.48m | eta: 34.5m
step 00167/03814 (4.38%) | loss: 5.344099 | lrm: 1.00 | dt: 568.35ms | tok/sec: 94,590 | bf16_mfu: 0.00 | epoch: 1 pq: 0 rg: 17 | total time: 1.49m | eta: 34.5m
step 00168/03814 (4.40%) | loss: 5.334562 | lrm: 1.00 | dt: 627.90ms | tok/sec: 85,618 | bf16_mfu: 0.00 | epoch: 1 pq: 0 rg: 17 | total time: 1.50m | eta: 34.5m
step 00169/03814 (4.43%) | loss: 5.333639 | lrm: 1.00 | dt: 609.20ms | tok/sec: 88,247 | bf16_mfu: 0.00 | epoch: 1 pq: 0 rg: 17 | total time: 1.51m | eta: 34.5m
step 00170/03814 (4.46%) | loss: 5.331421 | lrm: 1.00 | dt: 582.16ms | tok/sec: 92,345 | bf16_mfu: 0.00 | epoch: 1 pq: 0 rg: 18 | total time: 1.52m | eta: 34.5m
step 00171/03814 (4.48%) | loss: 5.314965 | lrm: 1.00 | dt: 568.42ms | tok/sec: 94,578 | bf16_mfu: 0.00 | epoch: 1 pq: 0 rg: 18 | total time: 1.53m | eta: 34.5m
step 00172/03814 (4.51%) | loss: 5.334024 | lrm: 1.00 | dt: 566.65ms | tok/sec: 94,872 | bf16_mfu: 0.00 | epoch: 1 pq: 0 rg: 18 | total time: 1.54m | eta: 34.5m
step 00173/03814 (4.54%) | loss: 5.317302 | lrm: 1.00 | dt: 565.03ms | tok/sec: 95,145 | bf16_mfu: 0.00 | epoch: 1 pq: 0 rg: 18 | total time: 1.54m | eta: 34.5m
step 00174/03814 (4.56%) | loss: 5.301155 | lrm: 1.00 | dt: 571.85ms | tok/sec: 94,010 | bf16_mfu: 0.00 | epoch: 1 pq: 0 rg: 18 | total time: 1.55m | eta: 34.5m
step 00175/03814 (4.59%) | loss: 5.280641 | lrm: 1.00 | dt: 561.78ms | tok/sec: 95,695 | bf16_mfu: 0.00 | epoch: 1 pq: 0 rg: 18 | total time: 1.56m | eta: 34.5m
step 00176/03814 (4.61%) | loss: 5.292874 | lrm: 1.00 | dt: 571.07ms | tok/sec: 94,138 | bf16_mfu: 0.00 | epoch: 1 pq: 0 rg: 18 | total time: 1.57m | eta: 34.5m
step 00177/03814 (4.64%) | loss: 5.292114 | lrm: 1.00 | dt: 575.27ms | tok/sec: 93,451 | bf16_mfu: 0.00 | epoch: 1 pq: 0 rg: 18 | total time: 1.58m | eta: 34.5m
step 00178/03814 (4.67%) | loss: 5.282008 | lrm: 1.00 | dt: 574.55ms | tok/sec: 93,568 | bf16_mfu: 0.00 | epoch: 1 pq: 0 rg: 18 | total time: 1.59m | eta: 34.5m
step 00179/03814 (4.69%) | loss: 5.260876 | lrm: 1.00 | dt: 565.53ms | tok/sec: 95,061 | bf16_mfu: 0.00 | epoch: 1 pq: 0 rg: 18 | total time: 1.60m | eta: 34.4m
step 00180/03814 (4.72%) | loss: 5.253145 | lrm: 1.00 | dt: 565.31ms | tok/sec: 95,097 | bf16_mfu: 0.00 | epoch: 1 pq: 0 rg: 18 | total time: 1.61m | eta: 34.4m
step 00181/03814 (4.75%) | loss: 5.264633 | lrm: 1.00 | dt: 708.33ms | tok/sec: 75,896 | bf16_mfu: 0.00 | epoch: 1 pq: 0 rg: 19 | total time: 1.62m | eta: 34.5m
step 00182/03814 (4.77%) | loss: 5.253798 | lrm: 1.00 | dt: 566.78ms | tok/sec: 94,852 | bf16_mfu: 0.00 | epoch: 1 pq: 0 rg: 19 | total time: 1.63m | eta: 34.5m
step 00183/03814 (4.80%) | loss: 5.241071 | lrm: 1.00 | dt: 566.85ms | tok/sec: 94,840 | bf16_mfu: 0.00 | epoch: 1 pq: 0 rg: 19 | total time: 1.64m | eta: 34.5m
step 00184/03814 (4.82%) | loss: 5.251456 | lrm: 1.00 | dt: 566.23ms | tok/sec: 94,944 | bf16_mfu: 0.00 | epoch: 1 pq: 0 rg: 19 | total time: 1.65m | eta: 34.4m
step 00185/03814 (4.85%) | loss: 5.244640 | lrm: 1.00 | dt: 567.69ms | tok/sec: 94,698 | bf16_mfu: 0.00 | epoch: 1 pq: 0 rg: 19 | total time: 1.66m | eta: 34.4m
step 00186/03814 (4.88%) | loss: 5.226305 | lrm: 1.00 | dt: 576.63ms | tok/sec: 93,231 | bf16_mfu: 0.00 | epoch: 1 pq: 0 rg: 19 | total time: 1.67m | eta: 34.4m
step 00187/03814 (4.90%) | loss: 5.214366 | lrm: 1.00 | dt: 577.24ms | tok/sec: 93,133 | bf16_mfu: 0.00 | epoch: 1 pq: 0 rg: 19 | total time: 1.68m | eta: 34.4m
step 00188/03814 (4.93%) | loss: 5.197666 | lrm: 1.00 | dt: 566.37ms | tok/sec: 94,920 | bf16_mfu: 0.00 | epoch: 1 pq: 0 rg: 19 | total time: 1.69m | eta: 34.4m
step 00189/03814 (4.96%) | loss: 5.197246 | lrm: 1.00 | dt: 565.26ms | tok/sec: 95,106 | bf16_mfu: 0.00 | epoch: 1 pq: 0 rg: 19 | total time: 1.70m | eta: 34.4m
step 00190/03814 (4.98%) | loss: 5.192243 | lrm: 1.00 | dt: 568.34ms | tok/sec: 94,591 | bf16_mfu: 0.00 | epoch: 1 pq: 0 rg: 19 | total time: 1.71m | eta: 34.4m
step 00191/03814 (5.01%) | loss: 5.178158 | lrm: 1.00 | dt: 566.08ms | tok/sec: 94,968 | bf16_mfu: 0.00 | epoch: 1 pq: 0 rg: 19 | total time: 1.72m | eta: 34.4m
step 00192/03814 (5.03%) | loss: 5.165826 | lrm: 1.00 | dt: 646.82ms | tok/sec: 83,113 | bf16_mfu: 0.00 | epoch: 1 pq: 0 rg: 20 | total time: 1.73m | eta: 34.4m
step 00193/03814 (5.06%) | loss: 5.187327 | lrm: 1.00 | dt: 571.39ms | tok/sec: 94,086 | bf16_mfu: 0.00 | epoch: 1 pq: 0 rg: 20 | total time: 1.74m | eta: 34.4m
step 00194/03814 (5.09%) | loss: 5.169349 | lrm: 1.00 | dt: 564.08ms | tok/sec: 95,306 | bf16_mfu: 0.00 | epoch: 1 pq: 0 rg: 20 | total time: 1.75m | eta: 34.4m
step 00195/03814 (5.11%) | loss: 5.155795 | lrm: 1.00 | dt: 569.54ms | tok/sec: 94,391 | bf16_mfu: 0.00 | epoch: 1 pq: 0 rg: 20 | total time: 1.76m | eta: 34.4m
step 00196/03814 (5.14%) | loss: 5.160870 | lrm: 1.00 | dt: 567.30ms | tok/sec: 94,764 | bf16_mfu: 0.00 | epoch: 1 pq: 0 rg: 20 | total time: 1.77m | eta: 34.4m
step 00197/03814 (5.17%) | loss: 5.165555 | lrm: 1.00 | dt: 627.28ms | tok/sec: 85,703 | bf16_mfu: 0.00 | epoch: 1 pq: 0 rg: 20 | total time: 1.78m | eta: 34.4m
step 00198/03814 (5.19%) | loss: 5.158290 | lrm: 1.00 | dt: 578.37ms | tok/sec: 92,951 | bf16_mfu: 0.00 | epoch: 1 pq: 0 rg: 20 | total time: 1.79m | eta: 34.4m
step 00199/03814 (5.22%) | loss: 5.139801 | lrm: 1.00 | dt: 571.98ms | tok/sec: 93,988 | bf16_mfu: 0.00 | epoch: 1 pq: 0 rg: 20 | total time: 1.80m | eta: 34.3m
step 00200/03814 (5.24%) | loss: 5.123686 | lrm: 1.00 | dt: 573.52ms | tok/sec: 93,737 | bf16_mfu: 0.00 | epoch: 1 pq: 0 rg: 20 | total time: 1.81m | eta: 34.3m
step 00201/03814 (5.27%) | loss: 5.144155 | lrm: 1.00 | dt: 579.05ms | tok/sec: 92,842 | bf16_mfu: 0.00 | epoch: 1 pq: 0 rg: 20 | total time: 1.82m | eta: 34.3m
step 00202/03814 (5.30%) | loss: 5.150602 | lrm: 1.00 | dt: 648.23ms | tok/sec: 82,933 | bf16_mfu: 0.00 | epoch: 1 pq: 0 rg: 21 | total time: 1.83m | eta: 34.3m
step 00203/03814 (5.32%) | loss: 5.128701 | lrm: 1.00 | dt: 584.71ms | tok/sec: 91,943 | bf16_mfu: 0.00 | epoch: 1 pq: 0 rg: 21 | total time: 1.84m | eta: 34.3m
step 00204/03814 (5.35%) | loss: 5.116451 | lrm: 1.00 | dt: 570.06ms | tok/sec: 94,306 | bf16_mfu: 0.00 | epoch: 1 pq: 0 rg: 21 | total time: 1.85m | eta: 34.3m
step 00205/03814 (5.37%) | loss: 5.118123 | lrm: 1.00 | dt: 566.29ms | tok/sec: 94,932 | bf16_mfu: 0.00 | epoch: 1 pq: 0 rg: 21 | total time: 1.85m | eta: 34.3m
step 00206/03814 (5.40%) | loss: 5.127838 | lrm: 1.00 | dt: 566.86ms | tok/sec: 94,838 | bf16_mfu: 0.00 | epoch: 1 pq: 0 rg: 21 | total time: 1.86m | eta: 34.3m
step 00207/03814 (5.43%) | loss: 5.131147 | lrm: 1.00 | dt: 591.17ms | tok/sec: 90,938 | bf16_mfu: 0.00 | epoch: 1 pq: 0 rg: 21 | total time: 1.87m | eta: 34.3m
step 00208/03814 (5.45%) | loss: 5.110170 | lrm: 1.00 | dt: 584.45ms | tok/sec: 91,983 | bf16_mfu: 0.00 | epoch: 1 pq: 0 rg: 21 | total time: 1.88m | eta: 34.3m
step 00209/03814 (5.48%) | loss: 5.110346 | lrm: 1.00 | dt: 566.65ms | tok/sec: 94,873 | bf16_mfu: 0.00 | epoch: 1 pq: 0 rg: 21 | total time: 1.89m | eta: 34.3m
step 00210/03814 (5.51%) | loss: 5.097486 | lrm: 1.00 | dt: 568.15ms | tok/sec: 94,622 | bf16_mfu: 0.00 | epoch: 1 pq: 0 rg: 21 | total time: 1.90m | eta: 34.3m
step 00211/03814 (5.53%) | loss: 5.099963 | lrm: 1.00 | dt: 565.17ms | tok/sec: 95,121 | bf16_mfu: 0.00 | epoch: 1 pq: 0 rg: 21 | total time: 1.91m | eta: 34.3m
step 00212/03814 (5.56%) | loss: 5.077014 | lrm: 1.00 | dt: 567.70ms | tok/sec: 94,698 | bf16_mfu: 0.00 | epoch: 1 pq: 0 rg: 21 | total time: 1.92m | eta: 34.3m
step 00213/03814 (5.58%) | loss: 5.060591 | lrm: 1.00 | dt: 576.34ms | tok/sec: 93,277 | bf16_mfu: 0.00 | epoch: 1 pq: 0 rg: 22 | total time: 1.93m | eta: 34.3m
step 00214/03814 (5.61%) | loss: 5.087732 | lrm: 1.00 | dt: 599.19ms | tok/sec: 89,721 | bf16_mfu: 0.00 | epoch: 1 pq: 0 rg: 22 | total time: 1.94m | eta: 34.3m
step 00215/03814 (5.64%) | loss: 5.075094 | lrm: 1.00 | dt: 565.38ms | tok/sec: 95,086 | bf16_mfu: 0.00 | epoch: 1 pq: 0 rg: 22 | total time: 1.95m | eta: 34.2m
step 00216/03814 (5.66%) | loss: 5.061795 | lrm: 1.00 | dt: 567.25ms | tok/sec: 94,773 | bf16_mfu: 0.00 | epoch: 1 pq: 0 rg: 22 | total time: 1.96m | eta: 34.2m
step 00217/03814 (5.69%) | loss: 5.048357 | lrm: 1.00 | dt: 569.04ms | tok/sec: 94,475 | bf16_mfu: 0.00 | epoch: 1 pq: 0 rg: 22 | total time: 1.97m | eta: 34.2m
step 00218/03814 (5.72%) | loss: 5.065333 | lrm: 1.00 | dt: 583.52ms | tok/sec: 92,130 | bf16_mfu: 0.00 | epoch: 1 pq: 0 rg: 22 | total time: 1.98m | eta: 34.2m
step 00219/03814 (5.74%) | loss: 5.068003 | lrm: 1.00 | dt: 613.66ms | tok/sec: 87,606 | bf16_mfu: 0.00 | epoch: 1 pq: 0 rg: 22 | total time: 1.99m | eta: 34.2m
step 00220/03814 (5.77%) | loss: 5.056887 | lrm: 1.00 | dt: 579.67ms | tok/sec: 92,741 | bf16_mfu: 0.00 | epoch: 1 pq: 0 rg: 22 | total time: 2.00m | eta: 34.2m
step 00221/03814 (5.79%) | loss: 5.046362 | lrm: 1.00 | dt: 569.86ms | tok/sec: 94,339 | bf16_mfu: 0.00 | epoch: 1 pq: 0 rg: 22 | total time: 2.01m | eta: 34.2m
step 00222/03814 (5.82%) | loss: 5.046003 | lrm: 1.00 | dt: 576.97ms | tok/sec: 93,177 | bf16_mfu: 0.00 | epoch: 1 pq: 0 rg: 22 | total time: 2.02m | eta: 34.2m
step 00223/03814 (5.85%) | loss: 5.048329 | lrm: 1.00 | dt: 573.98ms | tok/sec: 93,661 | bf16_mfu: 0.00 | epoch: 1 pq: 0 rg: 23 | total time: 2.03m | eta: 34.2m
step 00224/03814 (5.87%) | loss: 5.029198 | lrm: 1.00 | dt: 566.64ms | tok/sec: 94,875 | bf16_mfu: 0.00 | epoch: 1 pq: 0 rg: 23 | total time: 2.04m | eta: 34.2m
step 00225/03814 (5.90%) | loss: 5.012065 | lrm: 1.00 | dt: 568.39ms | tok/sec: 94,582 | bf16_mfu: 0.00 | epoch: 1 pq: 0 rg: 23 | total time: 2.05m | eta: 34.2m
step 00226/03814 (5.93%) | loss: 5.017806 | lrm: 1.00 | dt: 580.07ms | tok/sec: 92,677 | bf16_mfu: 0.00 | epoch: 1 pq: 0 rg: 23 | total time: 2.06m | eta: 34.2m
step 00227/03814 (5.95%) | loss: 5.047512 | lrm: 1.00 | dt: 572.46ms | tok/sec: 93,910 | bf16_mfu: 0.00 | epoch: 1 pq: 0 rg: 23 | total time: 2.07m | eta: 34.1m
step 00228/03814 (5.98%) | loss: 5.041363 | lrm: 1.00 | dt: 578.09ms | tok/sec: 92,996 | bf16_mfu: 0.00 | epoch: 1 pq: 0 rg: 23 | total time: 2.08m | eta: 34.1m
step 00229/03814 (6.00%) | loss: 5.022382 | lrm: 1.00 | dt: 578.46ms | tok/sec: 92,936 | bf16_mfu: 0.00 | epoch: 1 pq: 0 rg: 23 | total time: 2.09m | eta: 34.1m
step 00230/03814 (6.03%) | loss: 5.031742 | lrm: 1.00 | dt: 583.33ms | tok/sec: 92,160 | bf16_mfu: 0.00 | epoch: 1 pq: 0 rg: 23 | total time: 2.09m | eta: 34.1m
step 00231/03814 (6.06%) | loss: 5.048028 | lrm: 1.00 | dt: 568.55ms | tok/sec: 94,555 | bf16_mfu: 0.00 | epoch: 1 pq: 0 rg: 23 | total time: 2.10m | eta: 34.1m
step 00232/03814 (6.08%) | loss: 5.043104 | lrm: 1.00 | dt: 585.48ms | tok/sec: 91,821 | bf16_mfu: 0.00 | epoch: 1 pq: 0 rg: 23 | total time: 2.11m | eta: 34.1m
step 00233/03814 (6.11%) | loss: 5.022052 | lrm: 1.00 | dt: 568.78ms | tok/sec: 94,517 | bf16_mfu: 0.00 | epoch: 1 pq: 0 rg: 23 | total time: 2.12m | eta: 34.1m
step 00234/03814 (6.14%) | loss: 5.021828 | lrm: 1.00 | dt: 590.18ms | tok/sec: 91,090 | bf16_mfu: 0.00 | epoch: 1 pq: 0 rg: 24 | total time: 2.13m | eta: 34.1m
step 00235/03814 (6.16%) | loss: 5.029094 | lrm: 1.00 | dt: 582.89ms | tok/sec: 92,230 | bf16_mfu: 0.00 | epoch: 1 pq: 0 rg: 24 | total time: 2.14m | eta: 34.1m
step 00236/03814 (6.19%) | loss: 5.023374 | lrm: 1.00 | dt: 601.83ms | tok/sec: 89,327 | bf16_mfu: 0.00 | epoch: 1 pq: 0 rg: 24 | total time: 2.15m | eta: 34.1m
step 00237/03814 (6.21%) | loss: 4.993899 | lrm: 1.00 | dt: 572.32ms | tok/sec: 93,933 | bf16_mfu: 0.00 | epoch: 1 pq: 0 rg: 24 | total time: 2.16m | eta: 34.1m
step 00238/03814 (6.24%) | loss: 4.962156 | lrm: 1.00 | dt: 568.22ms | tok/sec: 94,611 | bf16_mfu: 0.00 | epoch: 1 pq: 0 rg: 24 | total time: 2.17m | eta: 34.1m
step 00239/03814 (6.27%) | loss: 4.971322 | lrm: 1.00 | dt: 580.14ms | tok/sec: 92,666 | bf16_mfu: 0.00 | epoch: 1 pq: 0 rg: 24 | total time: 2.18m | eta: 34.1m
step 00240/03814 (6.29%) | loss: 4.959245 | lrm: 1.00 | dt: 679.94ms | tok/sec: 79,065 | bf16_mfu: 0.00 | epoch: 1 pq: 0 rg: 24 | total time: 2.19m | eta: 34.1m
step 00241/03814 (6.32%) | loss: 4.932988 | lrm: 1.00 | dt: 579.19ms | tok/sec: 92,818 | bf16_mfu: 0.00 | epoch: 1 pq: 0 rg: 24 | total time: 2.20m | eta: 34.1m
step 00242/03814 (6.35%) | loss: 4.910965 | lrm: 1.00 | dt: 570.51ms | tok/sec: 94,231 | bf16_mfu: 0.00 | epoch: 1 pq: 0 rg: 24 | total time: 2.21m | eta: 34.1m
step 00243/03814 (6.37%) | loss: 4.912971 | lrm: 1.00 | dt: 583.27ms | tok/sec: 92,169 | bf16_mfu: 0.00 | epoch: 1 pq: 0 rg: 24 | total time: 2.22m | eta: 34.1m
step 00244/03814 (6.40%) | loss: 4.920632 | lrm: 1.00 | dt: 574.98ms | tok/sec: 93,498 | bf16_mfu: 0.00 | epoch: 1 pq: 0 rg: 25 | total time: 2.23m | eta: 34.0m
step 00245/03814 (6.42%) | loss: 4.919692 | lrm: 1.00 | dt: 580.97ms | tok/sec: 92,535 | bf16_mfu: 0.00 | epoch: 1 pq: 0 rg: 25 | total time: 2.24m | eta: 34.0m
step 00246/03814 (6.45%) | loss: 4.919660 | lrm: 1.00 | dt: 569.71ms | tok/sec: 94,363 | bf16_mfu: 0.00 | epoch: 1 pq: 0 rg: 25 | total time: 2.25m | eta: 34.0m
step 00247/03814 (6.48%) | loss: 4.923394 | lrm: 1.00 | dt: 583.35ms | tok/sec: 92,157 | bf16_mfu: 0.00 | epoch: 1 pq: 0 rg: 25 | total time: 2.26m | eta: 34.0m
step 00248/03814 (6.50%) | loss: 4.939416 | lrm: 1.00 | dt: 569.97ms | tok/sec: 94,320 | bf16_mfu: 0.00 | epoch: 1 pq: 0 rg: 25 | total time: 2.27m | eta: 34.0m
step 00249/03814 (6.53%) | loss: 4.916101 | lrm: 1.00 | dt: 570.54ms | tok/sec: 94,227 | bf16_mfu: 0.00 | epoch: 1 pq: 0 rg: 25 | total time: 2.28m | eta: 34.0m
step 00250/03814 (6.55%) | loss: 4.897912 | lrm: 1.00 | dt: 584.66ms | tok/sec: 91,951 | bf16_mfu: 0.00 | epoch: 1 pq: 0 rg: 25 | total time: 2.29m | eta: 34.0m
step 00251/03814 (6.58%) | loss: 4.918302 | lrm: 1.00 | dt: 581.40ms | tok/sec: 92,465 | bf16_mfu: 0.00 | epoch: 1 pq: 0 rg: 25 | total time: 2.30m | eta: 34.0m
step 00252/03814 (6.61%) | loss: 4.925944 | lrm: 1.00 | dt: 572.55ms | tok/sec: 93,895 | bf16_mfu: 0.00 | epoch: 1 pq: 0 rg: 25 | total time: 2.31m | eta: 34.0m
step 00253/03814 (6.63%) | loss: 4.901697 | lrm: 1.00 | dt: 574.96ms | tok/sec: 93,501 | bf16_mfu: 0.00 | epoch: 1 pq: 0 rg: 25 | total time: 2.32m | eta: 34.0m
step 00254/03814 (6.66%) | loss: 4.897168 | lrm: 1.00 | dt: 580.51ms | tok/sec: 92,608 | bf16_mfu: 0.00 | epoch: 1 pq: 0 rg: 25 | total time: 2.33m | eta: 34.0m
step 00255/03814 (6.69%) | loss: 4.895441 | lrm: 1.00 | dt: 568.34ms | tok/sec: 94,590 | bf16_mfu: 0.00 | epoch: 1 pq: 0 rg: 26 | total time: 2.34m | eta: 34.0m
step 00256/03814 (6.71%) | loss: 4.886557 | lrm: 1.00 | dt: 580.73ms | tok/sec: 92,573 | bf16_mfu: 0.00 | epoch: 1 pq: 0 rg: 26 | total time: 2.35m | eta: 33.9m
step 00257/03814 (6.74%) | loss: 4.863366 | lrm: 1.00 | dt: 573.97ms | tok/sec: 93,663 | bf16_mfu: 0.00 | epoch: 1 pq: 0 rg: 26 | total time: 2.36m | eta: 33.9m
step 00258/03814 (6.76%) | loss: 4.865700 | lrm: 1.00 | dt: 583.37ms | tok/sec: 92,153 | bf16_mfu: 0.00 | epoch: 1 pq: 0 rg: 26 | total time: 2.37m | eta: 33.9m
step 00259/03814 (6.79%) | loss: 4.854491 | lrm: 1.00 | dt: 572.32ms | tok/sec: 93,933 | bf16_mfu: 0.00 | epoch: 1 pq: 0 rg: 26 | total time: 2.38m | eta: 33.9m
step 00260/03814 (6.82%) | loss: 4.852870 | lrm: 1.00 | dt: 581.08ms | tok/sec: 92,516 | bf16_mfu: 0.00 | epoch: 1 pq: 0 rg: 26 | total time: 2.39m | eta: 33.9m
step 00261/03814 (6.84%) | loss: 4.834659 | lrm: 1.00 | dt: 572.40ms | tok/sec: 93,921 | bf16_mfu: 0.00 | epoch: 1 pq: 0 rg: 26 | total time: 2.39m | eta: 33.9m
step 00262/03814 (6.87%) | loss: 4.816604 | lrm: 1.00 | dt: 573.76ms | tok/sec: 93,697 | bf16_mfu: 0.00 | epoch: 1 pq: 0 rg: 26 | total time: 2.40m | eta: 33.9m
step 00263/03814 (6.90%) | loss: 4.824187 | lrm: 1.00 | dt: 582.21ms | tok/sec: 92,338 | bf16_mfu: 0.00 | epoch: 1 pq: 0 rg: 26 | total time: 2.41m | eta: 33.9m
step 00264/03814 (6.92%) | loss: 4.843223 | lrm: 1.00 | dt: 587.26ms | tok/sec: 91,544 | bf16_mfu: 0.00 | epoch: 1 pq: 0 rg: 26 | total time: 2.42m | eta: 33.9m
step 00265/03814 (6.95%) | loss: 4.823872 | lrm: 1.00 | dt: 585.40ms | tok/sec: 91,834 | bf16_mfu: 0.00 | epoch: 1 pq: 0 rg: 27 | total time: 2.43m | eta: 33.9m
step 00266/03814 (6.97%) | loss: 4.804725 | lrm: 1.00 | dt: 570.58ms | tok/sec: 94,219 | bf16_mfu: 0.00 | epoch: 1 pq: 0 rg: 27 | total time: 2.44m | eta: 33.9m
step 00267/03814 (7.00%) | loss: 4.802482 | lrm: 1.00 | dt: 580.40ms | tok/sec: 92,625 | bf16_mfu: 0.00 | epoch: 1 pq: 0 rg: 27 | total time: 2.45m | eta: 33.9m
step 00268/03814 (7.03%) | loss: 4.804156 | lrm: 1.00 | dt: 575.23ms | tok/sec: 93,458 | bf16_mfu: 0.00 | epoch: 1 pq: 0 rg: 27 | total time: 2.46m | eta: 33.8m
step 00269/03814 (7.05%) | loss: 4.781426 | lrm: 1.00 | dt: 575.59ms | tok/sec: 93,400 | bf16_mfu: 0.00 | epoch: 1 pq: 0 rg: 27 | total time: 2.47m | eta: 33.8m
step 00270/03814 (7.08%) | loss: 4.763409 | lrm: 1.00 | dt: 579.74ms | tok/sec: 92,730 | bf16_mfu: 0.00 | epoch: 1 pq: 0 rg: 27 | total time: 2.48m | eta: 33.8m
step 00271/03814 (7.11%) | loss: 4.751688 | lrm: 1.00 | dt: 574.13ms | tok/sec: 93,637 | bf16_mfu: 0.00 | epoch: 1 pq: 0 rg: 27 | total time: 2.49m | eta: 33.8m
step 00272/03814 (7.13%) | loss: 4.769854 | lrm: 1.00 | dt: 581.82ms | tok/sec: 92,400 | bf16_mfu: 0.00 | epoch: 1 pq: 0 rg: 27 | total time: 2.50m | eta: 33.8m
step 00273/03814 (7.16%) | loss: 4.760623 | lrm: 1.00 | dt: 580.71ms | tok/sec: 92,576 | bf16_mfu: 0.00 | epoch: 1 pq: 0 rg: 27 | total time: 2.51m | eta: 33.8m
step 00274/03814 (7.18%) | loss: 4.734557 | lrm: 1.00 | dt: 576.40ms | tok/sec: 93,269 | bf16_mfu: 0.00 | epoch: 1 pq: 0 rg: 27 | total time: 2.52m | eta: 33.8m
step 00275/03814 (7.21%) | loss: 4.726634 | lrm: 1.00 | dt: 587.92ms | tok/sec: 91,440 | bf16_mfu: 0.00 | epoch: 1 pq: 0 rg: 27 | total time: 2.53m | eta: 33.8m
step 00276/03814 (7.24%) | loss: 4.749223 | lrm: 1.00 | dt: 587.38ms | tok/sec: 91,525 | bf16_mfu: 0.00 | epoch: 1 pq: 0 rg: 28 | total time: 2.54m | eta: 33.8m
step 00277/03814 (7.26%) | loss: 4.732876 | lrm: 1.00 | dt: 585.97ms | tok/sec: 91,745 | bf16_mfu: 0.00 | epoch: 1 pq: 0 rg: 28 | total time: 2.55m | eta: 33.8m
step 00278/03814 (7.29%) | loss: 4.729578 | lrm: 1.00 | dt: 569.22ms | tok/sec: 94,444 | bf16_mfu: 0.00 | epoch: 1 pq: 0 rg: 28 | total time: 2.56m | eta: 33.8m
step 00279/03814 (7.32%) | loss: 4.703817 | lrm: 1.00 | dt: 584.81ms | tok/sec: 91,926 | bf16_mfu: 0.00 | epoch: 1 pq: 0 rg: 28 | total time: 2.57m | eta: 33.8m
step 00280/03814 (7.34%) | loss: 4.723200 | lrm: 1.00 | dt: 607.44ms | tok/sec: 88,503 | bf16_mfu: 0.00 | epoch: 1 pq: 0 rg: 28 | total time: 2.58m | eta: 33.8m
step 00281/03814 (7.37%) | loss: 4.743749 | lrm: 1.00 | dt: 586.70ms | tok/sec: 91,630 | bf16_mfu: 0.00 | epoch: 1 pq: 0 rg: 28 | total time: 2.59m | eta: 33.7m
step 00282/03814 (7.39%) | loss: 4.708455 | lrm: 1.00 | dt: 579.32ms | tok/sec: 92,797 | bf16_mfu: 0.00 | epoch: 1 pq: 0 rg: 28 | total time: 2.60m | eta: 33.7m
step 00283/03814 (7.42%) | loss: 4.708146 | lrm: 1.00 | dt: 576.09ms | tok/sec: 93,318 | bf16_mfu: 0.00 | epoch: 1 pq: 0 rg: 28 | total time: 2.61m | eta: 33.7m
step 00284/03814 (7.45%) | loss: 4.710475 | lrm: 1.00 | dt: 627.58ms | tok/sec: 85,662 | bf16_mfu: 0.00 | epoch: 1 pq: 0 rg: 28 | total time: 2.62m | eta: 33.7m
step 00285/03814 (7.47%) | loss: 4.719922 | lrm: 1.00 | dt: 581.10ms | tok/sec: 92,514 | bf16_mfu: 0.00 | epoch: 1 pq: 0 rg: 28 | total time: 2.63m | eta: 33.7m
step 00286/03814 (7.50%) | loss: 4.702516 | lrm: 1.00 | dt: 584.64ms | tok/sec: 91,953 | bf16_mfu: 0.00 | epoch: 1 pq: 0 rg: 29 | total time: 2.64m | eta: 33.7m
step 00287/03814 (7.52%) | loss: 4.686451 | lrm: 1.00 | dt: 577.19ms | tok/sec: 93,141 | bf16_mfu: 0.00 | epoch: 1 pq: 0 rg: 29 | total time: 2.65m | eta: 33.7m
step 00288/03814 (7.55%) | loss: 4.685196 | lrm: 1.00 | dt: 585.65ms | tok/sec: 91,795 | bf16_mfu: 0.00 | epoch: 1 pq: 0 rg: 29 | total time: 2.66m | eta: 33.7m
step 00289/03814 (7.58%) | loss: 4.711973 | lrm: 1.00 | dt: 583.00ms | tok/sec: 92,212 | bf16_mfu: 0.00 | epoch: 1 pq: 0 rg: 29 | total time: 2.67m | eta: 33.7m
step 00290/03814 (7.60%) | loss: 4.685787 | lrm: 1.00 | dt: 572.69ms | tok/sec: 93,872 | bf16_mfu: 0.00 | epoch: 1 pq: 0 rg: 29 | total time: 2.68m | eta: 33.7m
step 00291/03814 (7.63%) | loss: 4.664887 | lrm: 1.00 | dt: 588.07ms | tok/sec: 91,417 | bf16_mfu: 0.00 | epoch: 1 pq: 0 rg: 29 | total time: 2.69m | eta: 33.7m
step 00292/03814 (7.66%) | loss: 4.679233 | lrm: 1.00 | dt: 586.98ms | tok/sec: 91,586 | bf16_mfu: 0.00 | epoch: 1 pq: 0 rg: 29 | total time: 2.70m | eta: 33.7m
step 00293/03814 (7.68%) | loss: 4.691658 | lrm: 1.00 | dt: 587.28ms | tok/sec: 91,540 | bf16_mfu: 0.00 | epoch: 1 pq: 0 rg: 29 | total time: 2.71m | eta: 33.7m
step 00294/03814 (7.71%) | loss: 4.682417 | lrm: 1.00 | dt: 593.55ms | tok/sec: 90,572 | bf16_mfu: 0.00 | epoch: 1 pq: 0 rg: 29 | total time: 2.72m | eta: 33.7m
step 00295/03814 (7.73%) | loss: 4.670525 | lrm: 1.00 | dt: 580.17ms | tok/sec: 92,661 | bf16_mfu: 0.00 | epoch: 1 pq: 0 rg: 29 | total time: 2.73m | eta: 33.7m
step 00296/03814 (7.76%) | loss: 4.655566 | lrm: 1.00 | dt: 581.90ms | tok/sec: 92,386 | bf16_mfu: 0.00 | epoch: 1 pq: 0 rg: 29 | total time: 2.74m | eta: 33.6m
step 00297/03814 (7.79%) | loss: 4.652524 | lrm: 1.00 | dt: 710.41ms | tok/sec: 75,674 | bf16_mfu: 0.00 | epoch: 1 pq: 0 rg: 30 | total time: 2.75m | eta: 33.7m
step 00298/03814 (7.81%) | loss: 4.636411 | lrm: 1.00 | dt: 609.14ms | tok/sec: 88,255 | bf16_mfu: 0.00 | epoch: 1 pq: 0 rg: 30 | total time: 2.76m | eta: 33.7m
step 00299/03814 (7.84%) | loss: 4.630342 | lrm: 1.00 | dt: 588.75ms | tok/sec: 91,312 | bf16_mfu: 0.00 | epoch: 1 pq: 0 rg: 30 | total time: 2.77m | eta: 33.7m
step 00300/03814 (7.87%) | loss: 4.634703 | lrm: 1.00 | dt: 584.11ms | tok/sec: 92,037 | bf16_mfu: 0.00 | epoch: 1 pq: 0 rg: 30 | total time: 2.78m | eta: 33.6m
step 00301/03814 (7.89%) | loss: 4.641137 | lrm: 1.00 | dt: 638.45ms | tok/sec: 84,204 | bf16_mfu: 0.00 | epoch: 1 pq: 0 rg: 30 | total time: 2.79m | eta: 33.6m
step 00302/03814 (7.92%) | loss: 4.638459 | lrm: 1.00 | dt: 585.31ms | tok/sec: 91,847 | bf16_mfu: 0.00 | epoch: 1 pq: 0 rg: 30 | total time: 2.80m | eta: 33.6m
step 00303/03814 (7.94%) | loss: 4.625335 | lrm: 1.00 | dt: 584.68ms | tok/sec: 91,947 | bf16_mfu: 0.00 | epoch: 1 pq: 0 rg: 30 | total time: 2.81m | eta: 33.6m
step 00304/03814 (7.97%) | loss: 4.639505 | lrm: 1.00 | dt: 584.19ms | tok/sec: 92,025 | bf16_mfu: 0.00 | epoch: 1 pq: 0 rg: 30 | total time: 2.82m | eta: 33.6m
step 00305/03814 (8.00%) | loss: 4.635702 | lrm: 1.00 | dt: 591.21ms | tok/sec: 90,931 | bf16_mfu: 0.00 | epoch: 1 pq: 0 rg: 30 | total time: 2.83m | eta: 33.6m
step 00306/03814 (8.02%) | loss: 4.622028 | lrm: 1.00 | dt: 585.50ms | tok/sec: 91,819 | bf16_mfu: 0.00 | epoch: 1 pq: 0 rg: 30 | total time: 2.84m | eta: 33.6m
step 00307/03814 (8.05%) | loss: 4.611502 | lrm: 1.00 | dt: 584.74ms | tok/sec: 91,939 | bf16_mfu: 0.00 | epoch: 1 pq: 0 rg: 30 | total time: 2.85m | eta: 33.6m
step 00308/03814 (8.08%) | loss: 4.595601 | lrm: 1.00 | dt: 632.85ms | tok/sec: 84,949 | bf16_mfu: 0.00 | epoch: 1 pq: 0 rg: 31 | total time: 2.86m | eta: 33.6m
step 00309/03814 (8.10%) | loss: 4.599184 | lrm: 1.00 | dt: 582.06ms | tok/sec: 92,361 | bf16_mfu: 0.00 | epoch: 1 pq: 0 rg: 31 | total time: 2.87m | eta: 33.6m
step 00310/03814 (8.13%) | loss: 4.586887 | lrm: 1.00 | dt: 586.54ms | tok/sec: 91,656 | bf16_mfu: 0.00 | epoch: 1 pq: 0 rg: 31 | total time: 2.88m | eta: 33.6m
step 00311/03814 (8.15%) | loss: 4.575629 | lrm: 1.00 | dt: 586.64ms | tok/sec: 91,641 | bf16_mfu: 0.00 | epoch: 1 pq: 0 rg: 31 | total time: 2.89m | eta: 33.6m
step 00312/03814 (8.18%) | loss: 4.567922 | lrm: 1.00 | dt: 586.83ms | tok/sec: 91,610 | bf16_mfu: 0.00 | epoch: 1 pq: 0 rg: 31 | total time: 2.90m | eta: 33.6m
step 00313/03814 (8.21%) | loss: 4.552534 | lrm: 1.00 | dt: 607.13ms | tok/sec: 88,547 | bf16_mfu: 0.00 | epoch: 1 pq: 0 rg: 31 | total time: 2.91m | eta: 33.6m
step 00314/03814 (8.23%) | loss: 4.560949 | lrm: 1.00 | dt: 591.03ms | tok/sec: 90,960 | bf16_mfu: 0.00 | epoch: 1 pq: 0 rg: 31 | total time: 2.92m | eta: 33.6m
step 00315/03814 (8.26%) | loss: 4.538648 | lrm: 1.00 | dt: 588.12ms | tok/sec: 91,409 | bf16_mfu: 0.00 | epoch: 1 pq: 0 rg: 31 | total time: 2.93m | eta: 33.6m
step 00316/03814 (8.29%) | loss: 4.532935 | lrm: 1.00 | dt: 585.41ms | tok/sec: 91,832 | bf16_mfu: 0.00 | epoch: 1 pq: 0 rg: 31 | total time: 2.94m | eta: 33.6m
step 00317/03814 (8.31%) | loss: 4.527565 | lrm: 1.00 | dt: 587.26ms | tok/sec: 91,544 | bf16_mfu: 0.00 | epoch: 1 pq: 0 rg: 31 | total time: 2.94m | eta: 33.5m
step 00318/03814 (8.34%) | loss: 4.526954 | lrm: 1.00 | dt: 652.42ms | tok/sec: 82,400 | bf16_mfu: 0.00 | epoch: 1 pq: 0 rg: 32 | total time: 2.96m | eta: 33.5m
step 00319/03814 (8.36%) | loss: 4.530087 | lrm: 1.00 | dt: 627.94ms | tok/sec: 85,612 | bf16_mfu: 0.00 | epoch: 1 pq: 0 rg: 32 | total time: 2.97m | eta: 33.5m
step 00320/03814 (8.39%) | loss: 4.519289 | lrm: 1.00 | dt: 582.65ms | tok/sec: 92,268 | bf16_mfu: 0.00 | epoch: 1 pq: 0 rg: 32 | total time: 2.98m | eta: 33.5m
step 00321/03814 (8.42%) | loss: 4.504476 | lrm: 1.00 | dt: 594.90ms | tok/sec: 90,368 | bf16_mfu: 0.00 | epoch: 1 pq: 0 rg: 32 | total time: 2.99m | eta: 33.5m
step 00322/03814 (8.44%) | loss: 4.502079 | lrm: 1.00 | dt: 586.79ms | tok/sec: 91,616 | bf16_mfu: 0.00 | epoch: 1 pq: 0 rg: 32 | total time: 3.00m | eta: 33.5m
step 00323/03814 (8.47%) | loss: 4.486364 | lrm: 1.00 | dt: 616.25ms | tok/sec: 87,236 | bf16_mfu: 0.00 | epoch: 1 pq: 0 rg: 32 | total time: 3.01m | eta: 33.5m
step 00324/03814 (8.50%) | loss: 4.479016 | lrm: 1.00 | dt: 590.73ms | tok/sec: 91,005 | bf16_mfu: 0.00 | epoch: 1 pq: 0 rg: 32 | total time: 3.02m | eta: 33.5m
step 00325/03814 (8.52%) | loss: 4.470573 | lrm: 1.00 | dt: 590.03ms | tok/sec: 91,114 | bf16_mfu: 0.00 | epoch: 1 pq: 0 rg: 32 | total time: 3.03m | eta: 33.5m
step 00326/03814 (8.55%) | loss: 4.480405 | lrm: 1.00 | dt: 597.74ms | tok/sec: 89,939 | bf16_mfu: 0.00 | epoch: 1 pq: 0 rg: 32 | total time: 3.04m | eta: 33.5m
step 00327/03814 (8.57%) | loss: 4.483545 | lrm: 1.00 | dt: 594.85ms | tok/sec: 90,375 | bf16_mfu: 0.00 | epoch: 1 pq: 0 rg: 32 | total time: 3.05m | eta: 33.5m
step 00328/03814 (8.60%) | loss: 4.472820 | lrm: 1.00 | dt: 614.81ms | tok/sec: 87,441 | bf16_mfu: 0.00 | epoch: 1 pq: 0 rg: 33 | total time: 3.06m | eta: 33.5m
step 00329/03814 (8.63%) | loss: 4.468558 | lrm: 1.00 | dt: 599.39ms | tok/sec: 89,690 | bf16_mfu: 0.00 | epoch: 1 pq: 0 rg: 33 | total time: 3.07m | eta: 33.5m
step 00330/03814 (8.65%) | loss: 4.471822 | lrm: 1.00 | dt: 607.46ms | tok/sec: 88,499 | bf16_mfu: 0.00 | epoch: 1 pq: 0 rg: 33 | total time: 3.08m | eta: 33.5m
step 00331/03814 (8.68%) | loss: 4.474639 | lrm: 1.00 | dt: 607.34ms | tok/sec: 88,517 | bf16_mfu: 0.00 | epoch: 1 pq: 0 rg: 33 | total time: 3.09m | eta: 33.5m
step 00332/03814 (8.70%) | loss: 4.484389 | lrm: 1.00 | dt: 607.34ms | tok/sec: 88,516 | bf16_mfu: 0.00 | epoch: 1 pq: 0 rg: 33 | total time: 3.10m | eta: 33.5m
step 00333/03814 (8.73%) | loss: 4.479386 | lrm: 1.00 | dt: 607.68ms | tok/sec: 88,468 | bf16_mfu: 0.00 | epoch: 1 pq: 0 rg: 33 | total time: 3.11m | eta: 33.5m
step 00334/03814 (8.76%) | loss: 4.473818 | lrm: 1.00 | dt: 603.40ms | tok/sec: 89,095 | bf16_mfu: 0.00 | epoch: 1 pq: 0 rg: 33 | total time: 3.12m | eta: 33.5m
step 00335/03814 (8.78%) | loss: 4.458239 | lrm: 1.00 | dt: 606.58ms | tok/sec: 88,627 | bf16_mfu: 0.00 | epoch: 1 pq: 0 rg: 33 | total time: 3.13m | eta: 33.5m
step 00336/03814 (8.81%) | loss: 4.475011 | lrm: 1.00 | dt: 610.08ms | tok/sec: 88,119 | bf16_mfu: 0.00 | epoch: 1 pq: 0 rg: 33 | total time: 3.14m | eta: 33.5m
step 00337/03814 (8.84%) | loss: 4.458658 | lrm: 1.00 | dt: 605.68ms | tok/sec: 88,759 | bf16_mfu: 0.00 | epoch: 1 pq: 0 rg: 33 | total time: 3.15m | eta: 33.5m
step 00338/03814 (8.86%) | loss: 4.446164 | lrm: 1.00 | dt: 609.59ms | tok/sec: 88,190 | bf16_mfu: 0.00 | epoch: 1 pq: 0 rg: 33 | total time: 3.16m | eta: 33.5m
step 00339/03814 (8.89%) | loss: 4.439011 | lrm: 1.00 | dt: 606.35ms | tok/sec: 88,661 | bf16_mfu: 0.00 | epoch: 1 pq: 0 rg: 34 | total time: 3.17m | eta: 33.4m
step 00340/03814 (8.91%) | loss: 4.412331 | lrm: 1.00 | dt: 623.79ms | tok/sec: 86,183 | bf16_mfu: 0.00 | epoch: 1 pq: 0 rg: 34 | total time: 3.18m | eta: 33.4m
step 00341/03814 (8.94%) | loss: 4.412841 | lrm: 1.00 | dt: 610.94ms | tok/sec: 87,996 | bf16_mfu: 0.00 | epoch: 1 pq: 0 rg: 34 | total time: 3.19m | eta: 33.4m
step 00342/03814 (8.97%) | loss: 4.407286 | lrm: 1.00 | dt: 608.38ms | tok/sec: 88,366 | bf16_mfu: 0.00 | epoch: 1 pq: 0 rg: 34 | total time: 3.20m | eta: 33.4m
step 00343/03814 (8.99%) | loss: 4.398361 | lrm: 1.00 | dt: 607.12ms | tok/sec: 88,548 | bf16_mfu: 0.00 | epoch: 1 pq: 0 rg: 34 | total time: 3.21m | eta: 33.4m
step 00344/03814 (9.02%) | loss: 4.403193 | lrm: 1.00 | dt: 626.37ms | tok/sec: 85,827 | bf16_mfu: 0.00 | epoch: 1 pq: 0 rg: 34 | total time: 3.22m | eta: 33.4m
step 00345/03814 (9.05%) | loss: 4.392298 | lrm: 1.00 | dt: 607.21ms | tok/sec: 88,535 | bf16_mfu: 0.00 | epoch: 1 pq: 0 rg: 34 | total time: 3.23m | eta: 33.4m
step 00346/03814 (9.07%) | loss: 4.390172 | lrm: 1.00 | dt: 607.52ms | tok/sec: 88,490 | bf16_mfu: 0.00 | epoch: 1 pq: 0 rg: 34 | total time: 3.24m | eta: 33.4m
step 00347/03814 (9.10%) | loss: 4.417870 | lrm: 1.00 | dt: 610.85ms | tok/sec: 88,008 | bf16_mfu: 0.00 | epoch: 1 pq: 0 rg: 34 | total time: 3.25m | eta: 33.4m
step 00348/03814 (9.12%) | loss: 4.424403 | lrm: 1.00 | dt: 604.52ms | tok/sec: 88,930 | bf16_mfu: 0.00 | epoch: 1 pq: 0 rg: 34 | total time: 3.26m | eta: 33.4m
step 00349/03814 (9.15%) | loss: 4.418955 | lrm: 1.00 | dt: 613.04ms | tok/sec: 87,693 | bf16_mfu: 0.00 | epoch: 1 pq: 0 rg: 35 | total time: 3.27m | eta: 33.4m
step 00350/03814 (9.18%) | loss: 4.405217 | lrm: 1.00 | dt: 599.48ms | tok/sec: 89,678 | bf16_mfu: 0.00 | epoch: 1 pq: 0 rg: 35 | total time: 3.28m | eta: 33.4m
step 00351/03814 (9.20%) | loss: 4.407267 | lrm: 1.00 | dt: 605.22ms | tok/sec: 88,826 | bf16_mfu: 0.00 | epoch: 1 pq: 0 rg: 35 | total time: 3.29m | eta: 33.4m
step 00352/03814 (9.23%) | loss: 4.412872 | lrm: 1.00 | dt: 610.18ms | tok/sec: 88,104 | bf16_mfu: 0.00 | epoch: 1 pq: 0 rg: 35 | total time: 3.30m | eta: 33.4m
step 00353/03814 (9.26%) | loss: 4.420529 | lrm: 1.00 | dt: 605.97ms | tok/sec: 88,716 | bf16_mfu: 0.00 | epoch: 1 pq: 0 rg: 35 | total time: 3.31m | eta: 33.4m
step 00354/03814 (9.28%) | loss: 4.412470 | lrm: 1.00 | dt: 609.86ms | tok/sec: 88,151 | bf16_mfu: 0.00 | epoch: 1 pq: 0 rg: 35 | total time: 3.32m | eta: 33.4m
step 00355/03814 (9.31%) | loss: 4.393358 | lrm: 1.00 | dt: 606.71ms | tok/sec: 88,608 | bf16_mfu: 0.00 | epoch: 1 pq: 0 rg: 35 | total time: 3.33m | eta: 33.4m
step 00356/03814 (9.33%) | loss: 4.398652 | lrm: 1.00 | dt: 607.71ms | tok/sec: 88,463 | bf16_mfu: 0.00 | epoch: 1 pq: 0 rg: 35 | total time: 3.34m | eta: 33.4m
step 00357/03814 (9.36%) | loss: 4.425546 | lrm: 1.00 | dt: 608.61ms | tok/sec: 88,332 | bf16_mfu: 0.00 | epoch: 1 pq: 0 rg: 35 | total time: 3.35m | eta: 33.4m
step 00358/03814 (9.39%) | loss: 4.425700 | lrm: 1.00 | dt: 610.02ms | tok/sec: 88,128 | bf16_mfu: 0.00 | epoch: 1 pq: 0 rg: 35 | total time: 3.36m | eta: 33.4m
step 00359/03814 (9.41%) | loss: 4.400502 | lrm: 1.00 | dt: 607.78ms | tok/sec: 88,452 | bf16_mfu: 0.00 | epoch: 1 pq: 0 rg: 35 | total time: 3.37m | eta: 33.4m
step 00360/03814 (9.44%) | loss: 4.396527 | lrm: 1.00 | dt: 607.15ms | tok/sec: 88,544 | bf16_mfu: 0.00 | epoch: 1 pq: 0 rg: 36 | total time: 3.38m | eta: 33.4m
step 00361/03814 (9.47%) | loss: 4.400720 | lrm: 1.00 | dt: 607.92ms | tok/sec: 88,432 | bf16_mfu: 0.00 | epoch: 1 pq: 0 rg: 36 | total time: 3.39m | eta: 33.4m
step 00362/03814 (9.49%) | loss: 4.402942 | lrm: 1.00 | dt: 607.65ms | tok/sec: 88,472 | bf16_mfu: 0.00 | epoch: 1 pq: 0 rg: 36 | total time: 3.40m | eta: 33.3m
step 00363/03814 (9.52%) | loss: 4.394202 | lrm: 1.00 | dt: 606.88ms | tok/sec: 88,583 | bf16_mfu: 0.00 | epoch: 1 pq: 0 rg: 36 | total time: 3.41m | eta: 33.3m
step 00364/03814 (9.54%) | loss: 4.386258 | lrm: 1.00 | dt: 608.45ms | tok/sec: 88,355 | bf16_mfu: 0.00 | epoch: 1 pq: 0 rg: 36 | total time: 3.42m | eta: 33.3m
step 00365/03814 (9.57%) | loss: 4.392633 | lrm: 1.00 | dt: 607.66ms | tok/sec: 88,470 | bf16_mfu: 0.00 | epoch: 1 pq: 0 rg: 36 | total time: 3.43m | eta: 33.3m
step 00366/03814 (9.60%) | loss: 4.393165 | lrm: 1.00 | dt: 610.18ms | tok/sec: 88,105 | bf16_mfu: 0.00 | epoch: 1 pq: 0 rg: 36 | total time: 3.44m | eta: 33.3m
step 00367/03814 (9.62%) | loss: 4.382969 | lrm: 1.00 | dt: 605.24ms | tok/sec: 88,824 | bf16_mfu: 0.00 | epoch: 1 pq: 0 rg: 36 | total time: 3.45m | eta: 33.3m
step 00368/03814 (9.65%) | loss: 4.380492 | lrm: 1.00 | dt: 610.47ms | tok/sec: 88,063 | bf16_mfu: 0.00 | epoch: 1 pq: 0 rg: 36 | total time: 3.46m | eta: 33.3m
step 00369/03814 (9.67%) | loss: 4.388430 | lrm: 1.00 | dt: 605.52ms | tok/sec: 88,782 | bf16_mfu: 0.00 | epoch: 1 pq: 0 rg: 36 | total time: 3.47m | eta: 33.3m
step 00370/03814 (9.70%) | loss: 4.383065 | lrm: 1.00 | dt: 607.72ms | tok/sec: 88,461 | bf16_mfu: 0.00 | epoch: 1 pq: 0 rg: 37 | total time: 3.48m | eta: 33.3m
step 00371/03814 (9.73%) | loss: 4.360529 | lrm: 1.00 | dt: 610.24ms | tok/sec: 88,096 | bf16_mfu: 0.00 | epoch: 1 pq: 0 rg: 37 | total time: 3.49m | eta: 33.3m
step 00372/03814 (9.75%) | loss: 4.345194 | lrm: 1.00 | dt: 608.18ms | tok/sec: 88,394 | bf16_mfu: 0.00 | epoch: 1 pq: 0 rg: 37 | total time: 3.50m | eta: 33.3m
step 00373/03814 (9.78%) | loss: 4.354082 | lrm: 1.00 | dt: 606.18ms | tok/sec: 88,686 | bf16_mfu: 0.00 | epoch: 1 pq: 0 rg: 37 | total time: 3.51m | eta: 33.3m
step 00374/03814 (9.81%) | loss: 4.388203 | lrm: 1.00 | dt: 607.46ms | tok/sec: 88,499 | bf16_mfu: 0.00 | epoch: 1 pq: 0 rg: 37 | total time: 3.52m | eta: 33.3m
step 00375/03814 (9.83%) | loss: 4.383697 | lrm: 1.00 | dt: 618.29ms | tok/sec: 86,949 | bf16_mfu: 0.00 | epoch: 1 pq: 0 rg: 37 | total time: 3.53m | eta: 33.3m
step 00376/03814 (9.86%) | loss: 4.376564 | lrm: 1.00 | dt: 598.85ms | tok/sec: 89,771 | bf16_mfu: 0.00 | epoch: 1 pq: 0 rg: 37 | total time: 3.54m | eta: 33.3m
step 00377/03814 (9.88%) | loss: 4.378571 | lrm: 1.00 | dt: 607.40ms | tok/sec: 88,508 | bf16_mfu: 0.00 | epoch: 1 pq: 0 rg: 37 | total time: 3.55m | eta: 33.3m
step 00378/03814 (9.91%) | loss: 4.381166 | lrm: 1.00 | dt: 607.44ms | tok/sec: 88,502 | bf16_mfu: 0.00 | epoch: 1 pq: 0 rg: 37 | total time: 3.56m | eta: 33.3m
step 00379/03814 (9.94%) | loss: 4.398503 | lrm: 1.00 | dt: 606.97ms | tok/sec: 88,571 | bf16_mfu: 0.00 | epoch: 1 pq: 0 rg: 37 | total time: 3.57m | eta: 33.3m
step 00380/03814 (9.96%) | loss: 4.382380 | lrm: 1.00 | dt: 603.89ms | tok/sec: 89,022 | bf16_mfu: 0.00 | epoch: 1 pq: 0 rg: 38 | total time: 3.58m | eta: 33.3m
step 00381/03814 (9.99%) | loss: 4.372976 | lrm: 1.00 | dt: 605.67ms | tok/sec: 88,760 | bf16_mfu: 0.00 | epoch: 1 pq: 0 rg: 38 | total time: 3.59m | eta: 33.2m
step 00382/03814 (10.02%) | loss: 4.371017 | lrm: 1.00 | dt: 597.74ms | tok/sec: 89,938 | bf16_mfu: 0.00 | epoch: 1 pq: 0 rg: 38 | total time: 3.60m | eta: 33.2m
step 00383/03814 (10.04%) | loss: 4.387030 | lrm: 1.00 | dt: 597.24ms | tok/sec: 90,014 | bf16_mfu: 0.00 | epoch: 1 pq: 0 rg: 38 | total time: 3.61m | eta: 33.2m
step 00384/03814 (10.07%) | loss: 4.393335 | lrm: 1.00 | dt: 591.51ms | tok/sec: 90,886 | bf16_mfu: 0.00 | epoch: 1 pq: 0 rg: 38 | total time: 3.62m | eta: 33.2m
step 00385/03814 (10.09%) | loss: 4.388422 | lrm: 1.00 | dt: 593.73ms | tok/sec: 90,546 | bf16_mfu: 0.00 | epoch: 1 pq: 0 rg: 38 | total time: 3.63m | eta: 33.2m
step 00386/03814 (10.12%) | loss: 4.383796 | lrm: 1.00 | dt: 592.28ms | tok/sec: 90,767 | bf16_mfu: 0.00 | epoch: 1 pq: 0 rg: 38 | total time: 3.64m | eta: 33.2m
step 00387/03814 (10.15%) | loss: 4.395079 | lrm: 1.00 | dt: 596.50ms | tok/sec: 90,126 | bf16_mfu: 0.00 | epoch: 1 pq: 0 rg: 38 | total time: 3.65m | eta: 33.2m
step 00388/03814 (10.17%) | loss: 4.383451 | lrm: 1.00 | dt: 592.30ms | tok/sec: 90,765 | bf16_mfu: 0.00 | epoch: 1 pq: 0 rg: 38 | total time: 3.66m | eta: 33.2m
step 00389/03814 (10.20%) | loss: 4.384132 | lrm: 1.00 | dt: 591.00ms | tok/sec: 90,964 | bf16_mfu: 0.00 | epoch: 1 pq: 0 rg: 38 | total time: 3.67m | eta: 33.2m
step 00390/03814 (10.23%) | loss: 4.386746 | lrm: 1.00 | dt: 598.22ms | tok/sec: 89,866 | bf16_mfu: 0.00 | epoch: 1 pq: 0 rg: 38 | total time: 3.68m | eta: 33.2m
step 00391/03814 (10.25%) | loss: 4.396189 | lrm: 1.00 | dt: 595.89ms | tok/sec: 90,218 | bf16_mfu: 0.00 | epoch: 1 pq: 0 rg: 39 | total time: 3.69m | eta: 33.2m
step 00392/03814 (10.28%) | loss: 4.395014 | lrm: 1.00 | dt: 587.35ms | tok/sec: 91,529 | bf16_mfu: 0.00 | epoch: 1 pq: 0 rg: 39 | total time: 3.70m | eta: 33.2m
step 00393/03814 (10.30%) | loss: 4.379664 | lrm: 1.00 | dt: 599.02ms | tok/sec: 89,747 | bf16_mfu: 0.00 | epoch: 1 pq: 0 rg: 39 | total time: 3.71m | eta: 33.2m
step 00394/03814 (10.33%) | loss: 4.380910 | lrm: 1.00 | dt: 588.93ms | tok/sec: 91,284 | bf16_mfu: 0.00 | epoch: 1 pq: 0 rg: 39 | total time: 3.72m | eta: 33.1m
step 00395/03814 (10.36%) | loss: 4.388659 | lrm: 1.00 | dt: 577.96ms | tok/sec: 93,016 | bf16_mfu: 0.00 | epoch: 1 pq: 0 rg: 39 | total time: 3.73m | eta: 33.1m
step 00396/03814 (10.38%) | loss: 4.409234 | lrm: 1.00 | dt: 593.34ms | tok/sec: 90,605 | bf16_mfu: 0.00 | epoch: 1 pq: 0 rg: 39 | total time: 3.74m | eta: 33.1m
step 00397/03814 (10.41%) | loss: 4.405620 | lrm: 1.00 | dt: 584.39ms | tok/sec: 91,993 | bf16_mfu: 0.00 | epoch: 1 pq: 0 rg: 39 | total time: 3.75m | eta: 33.1m
step 00398/03814 (10.44%) | loss: 4.394874 | lrm: 1.00 | dt: 590.37ms | tok/sec: 91,061 | bf16_mfu: 0.00 | epoch: 1 pq: 0 rg: 39 | total time: 3.76m | eta: 33.1m
step 00399/03814 (10.46%) | loss: 4.389736 | lrm: 1.00 | dt: 589.10ms | tok/sec: 91,258 | bf16_mfu: 0.00 | epoch: 1 pq: 0 rg: 39 | total time: 3.77m | eta: 33.1m
step 00400/03814 (10.49%) | loss: 4.384170 | lrm: 1.00 | dt: 586.95ms | tok/sec: 91,592 | bf16_mfu: 0.00 | epoch: 1 pq: 0 rg: 39 | total time: 3.78m | eta: 33.1m
step 00401/03814 (10.51%) | loss: 4.386705 | lrm: 1.00 | dt: 589.04ms | tok/sec: 91,266 | bf16_mfu: 0.00 | epoch: 1 pq: 0 rg: 40 | total time: 3.79m | eta: 33.1m
step 00402/03814 (10.54%) | loss: 4.373459 | lrm: 1.00 | dt: 591.11ms | tok/sec: 90,947 | bf16_mfu: 0.00 | epoch: 1 pq: 0 rg: 40 | total time: 3.80m | eta: 33.1m
step 00403/03814 (10.57%) | loss: 4.361526 | lrm: 1.00 | dt: 585.45ms | tok/sec: 91,826 | bf16_mfu: 0.00 | epoch: 1 pq: 0 rg: 40 | total time: 3.81m | eta: 33.1m
step 00404/03814 (10.59%) | loss: 4.364491 | lrm: 1.00 | dt: 744.17ms | tok/sec: 72,241 | bf16_mfu: 0.00 | epoch: 1 pq: 0 rg: 40 | total time: 3.82m | eta: 33.1m
step 00405/03814 (10.62%) | loss: 4.380208 | lrm: 1.00 | dt: 581.59ms | tok/sec: 92,436 | bf16_mfu: 0.00 | epoch: 1 pq: 0 rg: 40 | total time: 3.83m | eta: 33.1m
step 00406/03814 (10.64%) | loss: 4.369670 | lrm: 1.00 | dt: 580.13ms | tok/sec: 92,668 | bf16_mfu: 0.00 | epoch: 1 pq: 0 rg: 40 | total time: 3.84m | eta: 33.1m
step 00407/03814 (10.67%) | loss: 4.348911 | lrm: 1.00 | dt: 584.04ms | tok/sec: 92,048 | bf16_mfu: 0.00 | epoch: 1 pq: 0 rg: 40 | total time: 3.85m | eta: 33.0m
step 00408/03814 (10.70%) | loss: 4.340091 | lrm: 1.00 | dt: 584.64ms | tok/sec: 91,953 | bf16_mfu: 0.00 | epoch: 1 pq: 0 rg: 40 | total time: 3.86m | eta: 33.0m
step 00409/03814 (10.72%) | loss: 4.340599 | lrm: 1.00 | dt: 587.11ms | tok/sec: 91,566 | bf16_mfu: 0.00 | epoch: 1 pq: 0 rg: 40 | total time: 3.87m | eta: 33.0m
step 00410/03814 (10.75%) | loss: 4.341757 | lrm: 1.00 | dt: 590.66ms | tok/sec: 91,016 | bf16_mfu: 0.00 | epoch: 1 pq: 0 rg: 40 | total time: 3.88m | eta: 33.0m
step 00411/03814 (10.78%) | loss: 4.338868 | lrm: 1.00 | dt: 586.10ms | tok/sec: 91,724 | bf16_mfu: 0.00 | epoch: 1 pq: 0 rg: 41 | total time: 3.89m | eta: 33.0m
step 00412/03814 (10.80%) | loss: 4.324572 | lrm: 1.00 | dt: 584.69ms | tok/sec: 91,945 | bf16_mfu: 0.00 | epoch: 1 pq: 0 rg: 41 | total time: 3.90m | eta: 33.0m
step 00413/03814 (10.83%) | loss: 4.334061 | lrm: 1.00 | dt: 585.80ms | tok/sec: 91,771 | bf16_mfu: 0.00 | epoch: 1 pq: 0 rg: 41 | total time: 3.91m | eta: 33.0m
step 00414/03814 (10.85%) | loss: 4.341230 | lrm: 1.00 | dt: 584.41ms | tok/sec: 91,990 | bf16_mfu: 0.00 | epoch: 1 pq: 0 rg: 41 | total time: 3.92m | eta: 33.0m
step 00415/03814 (10.88%) | loss: 4.313489 | lrm: 1.00 | dt: 578.95ms | tok/sec: 92,858 | bf16_mfu: 0.00 | epoch: 1 pq: 0 rg: 41 | total time: 3.93m | eta: 33.0m
step 00416/03814 (10.91%) | loss: 4.297831 | lrm: 1.00 | dt: 577.63ms | tok/sec: 93,069 | bf16_mfu: 0.00 | epoch: 1 pq: 0 rg: 41 | total time: 3.94m | eta: 33.0m
step 00417/03814 (10.93%) | loss: 4.302140 | lrm: 1.00 | dt: 585.25ms | tok/sec: 91,858 | bf16_mfu: 0.00 | epoch: 1 pq: 0 rg: 41 | total time: 3.95m | eta: 33.0m
step 00418/03814 (10.96%) | loss: 4.323462 | lrm: 1.00 | dt: 588.72ms | tok/sec: 91,317 | bf16_mfu: 0.00 | epoch: 1 pq: 0 rg: 41 | total time: 3.96m | eta: 32.9m
step 00419/03814 (10.99%) | loss: 4.324308 | lrm: 1.00 | dt: 587.27ms | tok/sec: 91,542 | bf16_mfu: 0.00 | epoch: 1 pq: 0 rg: 41 | total time: 3.97m | eta: 32.9m
step 00420/03814 (11.01%) | loss: 4.319352 | lrm: 1.00 | dt: 585.12ms | tok/sec: 91,879 | bf16_mfu: 0.00 | epoch: 1 pq: 0 rg: 41 | total time: 3.98m | eta: 32.9m
step 00421/03814 (11.04%) | loss: 4.327460 | lrm: 1.00 | dt: 628.67ms | tok/sec: 85,514 | bf16_mfu: 0.00 | epoch: 1 pq: 0 rg: 41 | total time: 3.99m | eta: 32.9m
step 00422/03814 (11.06%) | loss: 4.333904 | lrm: 1.00 | dt: 587.17ms | tok/sec: 91,557 | bf16_mfu: 0.00 | epoch: 1 pq: 0 rg: 42 | total time: 4.00m | eta: 32.9m
step 00423/03814 (11.09%) | loss: 4.340642 | lrm: 1.00 | dt: 585.63ms | tok/sec: 91,797 | bf16_mfu: 0.00 | epoch: 1 pq: 0 rg: 42 | total time: 4.01m | eta: 32.9m
step 00424/03814 (11.12%) | loss: 4.326665 | lrm: 1.00 | dt: 582.28ms | tok/sec: 92,327 | bf16_mfu: 0.00 | epoch: 1 pq: 0 rg: 42 | total time: 4.02m | eta: 32.9m
step 00425/03814 (11.14%) | loss: 4.312044 | lrm: 1.00 | dt: 572.57ms | tok/sec: 93,892 | bf16_mfu: 0.00 | epoch: 1 pq: 0 rg: 42 | total time: 4.03m | eta: 32.9m
step 00426/03814 (11.17%) | loss: 4.307508 | lrm: 1.00 | dt: 585.69ms | tok/sec: 91,788 | bf16_mfu: 0.00 | epoch: 1 pq: 0 rg: 42 | total time: 4.04m | eta: 32.9m
step 00427/03814 (11.20%) | loss: 4.351324 | lrm: 1.00 | dt: 581.95ms | tok/sec: 92,379 | bf16_mfu: 0.00 | epoch: 1 pq: 0 rg: 42 | total time: 4.05m | eta: 32.9m
step 00428/03814 (11.22%) | loss: 4.338355 | lrm: 1.00 | dt: 575.31ms | tok/sec: 93,445 | bf16_mfu: 0.00 | epoch: 1 pq: 0 rg: 42 | total time: 4.06m | eta: 32.9m
step 00429/03814 (11.25%) | loss: 4.340171 | lrm: 1.00 | dt: 586.13ms | tok/sec: 91,720 | bf16_mfu: 0.00 | epoch: 1 pq: 0 rg: 42 | total time: 4.07m | eta: 32.8m
step 00430/03814 (11.27%) | loss: 4.340225 | lrm: 1.00 | dt: 585.77ms | tok/sec: 91,776 | bf16_mfu: 0.00 | epoch: 1 pq: 0 rg: 42 | total time: 4.08m | eta: 32.8m
step 00431/03814 (11.30%) | loss: 4.342006 | lrm: 1.00 | dt: 688.53ms | tok/sec: 78,079 | bf16_mfu: 0.00 | epoch: 1 pq: 0 rg: 42 | total time: 4.09m | eta: 32.8m
step 00432/03814 (11.33%) | loss: 4.346372 | lrm: 1.00 | dt: 582.32ms | tok/sec: 92,320 | bf16_mfu: 0.00 | epoch: 1 pq: 0 rg: 43 | total time: 4.10m | eta: 32.8m
step 00433/03814 (11.35%) | loss: 4.338180 | lrm: 1.00 | dt: 578.48ms | tok/sec: 92,933 | bf16_mfu: 0.00 | epoch: 1 pq: 0 rg: 43 | total time: 4.11m | eta: 32.8m
step 00434/03814 (11.38%) | loss: 4.336555 | lrm: 1.00 | dt: 583.60ms | tok/sec: 92,118 | bf16_mfu: 0.00 | epoch: 1 pq: 0 rg: 43 | total time: 4.12m | eta: 32.8m
step 00435/03814 (11.41%) | loss: 4.353043 | lrm: 1.00 | dt: 587.10ms | tok/sec: 91,569 | bf16_mfu: 0.00 | epoch: 1 pq: 0 rg: 43 | total time: 4.13m | eta: 32.8m
step 00436/03814 (11.43%) | loss: 4.358190 | lrm: 1.00 | dt: 586.54ms | tok/sec: 91,656 | bf16_mfu: 0.00 | epoch: 1 pq: 0 rg: 43 | total time: 4.14m | eta: 32.8m
step 00437/03814 (11.46%) | loss: 4.350499 | lrm: 1.00 | dt: 586.18ms | tok/sec: 91,712 | bf16_mfu: 0.00 | epoch: 1 pq: 0 rg: 43 | total time: 4.15m | eta: 32.8m
step 00438/03814 (11.48%) | loss: 4.330004 | lrm: 1.00 | dt: 588.01ms | tok/sec: 91,427 | bf16_mfu: 0.00 | epoch: 1 pq: 0 rg: 43 | total time: 4.16m | eta: 32.8m
step 00439/03814 (11.51%) | loss: 4.344664 | lrm: 1.00 | dt: 585.32ms | tok/sec: 91,847 | bf16_mfu: 0.00 | epoch: 1 pq: 0 rg: 43 | total time: 4.17m | eta: 32.8m
step 00440/03814 (11.54%) | loss: 4.331515 | lrm: 1.00 | dt: 589.27ms | tok/sec: 91,231 | bf16_mfu: 0.00 | epoch: 1 pq: 0 rg: 43 | total time: 4.17m | eta: 32.8m
step 00441/03814 (11.56%) | loss: 4.310404 | lrm: 1.00 | dt: 586.04ms | tok/sec: 91,733 | bf16_mfu: 0.00 | epoch: 1 pq: 0 rg: 43 | total time: 4.18m | eta: 32.7m
step 00442/03814 (11.59%) | loss: 4.298666 | lrm: 1.00 | dt: 588.67ms | tok/sec: 91,324 | bf16_mfu: 0.00 | epoch: 1 pq: 0 rg: 43 | total time: 4.19m | eta: 32.7m
step 00443/03814 (11.62%) | loss: 4.281833 | lrm: 1.00 | dt: 586.44ms | tok/sec: 91,671 | bf16_mfu: 0.00 | epoch: 1 pq: 0 rg: 44 | total time: 4.20m | eta: 32.7m
step 00444/03814 (11.64%) | loss: 4.270206 | lrm: 1.00 | dt: 587.37ms | tok/sec: 91,526 | bf16_mfu: 0.00 | epoch: 1 pq: 0 rg: 44 | total time: 4.21m | eta: 32.7m
step 00445/03814 (11.67%) | loss: 4.253138 | lrm: 1.00 | dt: 586.92ms | tok/sec: 91,597 | bf16_mfu: 0.00 | epoch: 1 pq: 0 rg: 44 | total time: 4.22m | eta: 32.7m
step 00446/03814 (11.69%) | loss: 4.249437 | lrm: 1.00 | dt: 584.53ms | tok/sec: 91,971 | bf16_mfu: 0.00 | epoch: 1 pq: 0 rg: 44 | total time: 4.23m | eta: 32.7m
step 00447/03814 (11.72%) | loss: 4.238044 | lrm: 1.00 | dt: 586.17ms | tok/sec: 91,713 | bf16_mfu: 0.00 | epoch: 1 pq: 0 rg: 44 | total time: 4.24m | eta: 32.7m
step 00448/03814 (11.75%) | loss: 4.260354 | lrm: 1.00 | dt: 579.43ms | tok/sec: 92,780 | bf16_mfu: 0.00 | epoch: 1 pq: 0 rg: 44 | total time: 4.25m | eta: 32.7m
step 00449/03814 (11.77%) | loss: 4.254593 | lrm: 1.00 | dt: 663.38ms | tok/sec: 81,040 | bf16_mfu: 0.00 | epoch: 1 pq: 0 rg: 44 | total time: 4.26m | eta: 32.7m
step 00450/03814 (11.80%) | loss: 4.250898 | lrm: 1.00 | dt: 582.81ms | tok/sec: 92,242 | bf16_mfu: 0.00 | epoch: 1 pq: 0 rg: 44 | total time: 4.27m | eta: 32.7m
step 00451/03814 (11.82%) | loss: 4.264554 | lrm: 1.00 | dt: 586.53ms | tok/sec: 91,658 | bf16_mfu: 0.00 | epoch: 1 pq: 0 rg: 44 | total time: 4.28m | eta: 32.7m
step 00452/03814 (11.85%) | loss: 4.252847 | lrm: 1.00 | dt: 585.09ms | tok/sec: 91,882 | bf16_mfu: 0.00 | epoch: 1 pq: 0 rg: 44 | total time: 4.29m | eta: 32.7m
step 00453/03814 (11.88%) | loss: 4.245739 | lrm: 1.00 | dt: 588.55ms | tok/sec: 91,342 | bf16_mfu: 0.00 | epoch: 1 pq: 0 rg: 45 | total time: 4.30m | eta: 32.6m
step 00454/03814 (11.90%) | loss: 4.243642 | lrm: 1.00 | dt: 585.74ms | tok/sec: 91,781 | bf16_mfu: 0.00 | epoch: 1 pq: 0 rg: 45 | total time: 4.31m | eta: 32.6m
step 00455/03814 (11.93%) | loss: 4.239854 | lrm: 1.00 | dt: 586.47ms | tok/sec: 91,667 | bf16_mfu: 0.00 | epoch: 1 pq: 0 rg: 45 | total time: 4.32m | eta: 32.6m
step 00456/03814 (11.96%) | loss: 4.258893 | lrm: 1.00 | dt: 590.89ms | tok/sec: 90,980 | bf16_mfu: 0.00 | epoch: 1 pq: 0 rg: 45 | total time: 4.33m | eta: 32.6m
step 00457/03814 (11.98%) | loss: 4.267027 | lrm: 1.00 | dt: 586.85ms | tok/sec: 91,608 | bf16_mfu: 0.00 | epoch: 1 pq: 0 rg: 45 | total time: 4.34m | eta: 32.6m
step 00458/03814 (12.01%) | loss: 4.250314 | lrm: 1.00 | dt: 585.45ms | tok/sec: 91,827 | bf16_mfu: 0.00 | epoch: 1 pq: 0 rg: 45 | total time: 4.35m | eta: 32.6m
step 00459/03814 (12.03%) | loss: 4.236043 | lrm: 1.00 | dt: 587.33ms | tok/sec: 91,532 | bf16_mfu: 0.00 | epoch: 1 pq: 0 rg: 45 | total time: 4.36m | eta: 32.6m
step 00460/03814 (12.06%) | loss: 4.229970 | lrm: 1.00 | dt: 587.13ms | tok/sec: 91,564 | bf16_mfu: 0.00 | epoch: 1 pq: 0 rg: 45 | total time: 4.37m | eta: 32.6m
step 00461/03814 (12.09%) | loss: 4.237135 | lrm: 1.00 | dt: 604.54ms | tok/sec: 88,926 | bf16_mfu: 0.00 | epoch: 1 pq: 0 rg: 45 | total time: 4.38m | eta: 32.6m
step 00462/03814 (12.11%) | loss: 4.229547 | lrm: 1.00 | dt: 590.00ms | tok/sec: 91,118 | bf16_mfu: 0.00 | epoch: 1 pq: 0 rg: 45 | total time: 4.39m | eta: 32.6m
step 00463/03814 (12.14%) | loss: 4.221303 | lrm: 1.00 | dt: 589.08ms | tok/sec: 91,261 | bf16_mfu: 0.00 | epoch: 1 pq: 0 rg: 45 | total time: 4.40m | eta: 32.6m
step 00464/03814 (12.17%) | loss: 4.227033 | lrm: 1.00 | dt: 583.54ms | tok/sec: 92,127 | bf16_mfu: 0.00 | epoch: 1 pq: 0 rg: 46 | total time: 4.41m | eta: 32.5m
step 00465/03814 (12.19%) | loss: 4.238178 | lrm: 1.00 | dt: 587.97ms | tok/sec: 91,432 | bf16_mfu: 0.00 | epoch: 1 pq: 0 rg: 46 | total time: 4.42m | eta: 32.5m
step 00466/03814 (12.22%) | loss: 4.243531 | lrm: 1.00 | dt: 589.58ms | tok/sec: 91,183 | bf16_mfu: 0.00 | epoch: 1 pq: 0 rg: 46 | total time: 4.43m | eta: 32.5m
step 00467/03814 (12.24%) | loss: 4.232034 | lrm: 1.00 | dt: 588.68ms | tok/sec: 91,322 | bf16_mfu: 0.00 | epoch: 1 pq: 0 rg: 46 | total time: 4.44m | eta: 32.5m
step 00468/03814 (12.27%) | loss: 4.228854 | lrm: 1.00 | dt: 585.55ms | tok/sec: 91,811 | bf16_mfu: 0.00 | epoch: 1 pq: 0 rg: 46 | total time: 4.45m | eta: 32.5m
step 00469/03814 (12.30%) | loss: 4.238898 | lrm: 1.00 | dt: 729.78ms | tok/sec: 73,665 | bf16_mfu: 0.00 | epoch: 1 pq: 0 rg: 46 | total time: 4.46m | eta: 32.5m
step 00470/03814 (12.32%) | loss: 4.219250 | lrm: 1.00 | dt: 585.51ms | tok/sec: 91,817 | bf16_mfu: 0.00 | epoch: 1 pq: 0 rg: 46 | total time: 4.47m | eta: 32.5m
step 00471/03814 (12.35%) | loss: 4.209295 | lrm: 1.00 | dt: 587.81ms | tok/sec: 91,457 | bf16_mfu: 0.00 | epoch: 1 pq: 0 rg: 46 | total time: 4.48m | eta: 32.5m
step 00472/03814 (12.38%) | loss: 4.200246 | lrm: 1.00 | dt: 587.95ms | tok/sec: 91,436 | bf16_mfu: 0.00 | epoch: 1 pq: 0 rg: 46 | total time: 4.49m | eta: 32.5m
step 00473/03814 (12.40%) | loss: 4.229199 | lrm: 1.00 | dt: 588.06ms | tok/sec: 91,418 | bf16_mfu: 0.00 | epoch: 1 pq: 0 rg: 46 | total time: 4.50m | eta: 32.5m
step 00474/03814 (12.43%) | loss: 4.216321 | lrm: 1.00 | dt: 586.19ms | tok/sec: 91,710 | bf16_mfu: 0.00 | epoch: 1 pq: 0 rg: 47 | total time: 4.51m | eta: 32.5m
step 00475/03814 (12.45%) | loss: 4.200059 | lrm: 1.00 | dt: 587.14ms | tok/sec: 91,562 | bf16_mfu: 0.00 | epoch: 1 pq: 0 rg: 47 | total time: 4.52m | eta: 32.5m
step 00476/03814 (12.48%) | loss: 4.213568 | lrm: 1.00 | dt: 588.25ms | tok/sec: 91,389 | bf16_mfu: 0.00 | epoch: 1 pq: 0 rg: 47 | total time: 4.53m | eta: 32.5m
step 00477/03814 (12.51%) | loss: 4.226972 | lrm: 1.00 | dt: 587.74ms | tok/sec: 91,468 | bf16_mfu: 0.00 | epoch: 1 pq: 0 rg: 47 | total time: 4.54m | eta: 32.4m
step 00478/03814 (12.53%) | loss: 4.216737 | lrm: 1.00 | dt: 587.89ms | tok/sec: 91,446 | bf16_mfu: 0.00 | epoch: 1 pq: 0 rg: 47 | total time: 4.55m | eta: 32.4m
step 00479/03814 (12.56%) | loss: 4.203741 | lrm: 1.00 | dt: 587.32ms | tok/sec: 91,534 | bf16_mfu: 0.00 | epoch: 1 pq: 0 rg: 47 | total time: 4.56m | eta: 32.4m
step 00480/03814 (12.59%) | loss: 4.191212 | lrm: 1.00 | dt: 588.08ms | tok/sec: 91,416 | bf16_mfu: 0.00 | epoch: 1 pq: 0 rg: 47 | total time: 4.57m | eta: 32.4m
step 00481/03814 (12.61%) | loss: 4.200666 | lrm: 1.00 | dt: 596.60ms | tok/sec: 90,111 | bf16_mfu: 0.00 | epoch: 1 pq: 0 rg: 47 | total time: 4.58m | eta: 32.4m
step 00482/03814 (12.64%) | loss: 4.194013 | lrm: 1.00 | dt: 586.39ms | tok/sec: 91,679 | bf16_mfu: 0.00 | epoch: 1 pq: 0 rg: 47 | total time: 4.59m | eta: 32.4m
step 00483/03814 (12.66%) | loss: 4.194200 | lrm: 1.00 | dt: 580.01ms | tok/sec: 92,687 | bf16_mfu: 0.00 | epoch: 1 pq: 0 rg: 47 | total time: 4.60m | eta: 32.4m
step 00484/03814 (12.69%) | loss: 4.186651 | lrm: 1.00 | dt: 596.28ms | tok/sec: 90,159 | bf16_mfu: 0.00 | epoch: 1 pq: 0 rg: 47 | total time: 4.61m | eta: 32.4m
step 00485/03814 (12.72%) | loss: 4.193735 | lrm: 1.00 | dt: 598.44ms | tok/sec: 89,833 | bf16_mfu: 0.00 | epoch: 1 pq: 0 rg: 48 | total time: 4.62m | eta: 32.4m
step 00486/03814 (12.74%) | loss: 4.208079 | lrm: 1.00 | dt: 590.93ms | tok/sec: 90,975 | bf16_mfu: 0.00 | epoch: 1 pq: 0 rg: 48 | total time: 4.63m | eta: 32.4m
step 00487/03814 (12.77%) | loss: 4.201997 | lrm: 1.00 | dt: 592.34ms | tok/sec: 90,758 | bf16_mfu: 0.00 | epoch: 1 pq: 0 rg: 48 | total time: 4.64m | eta: 32.4m
step 00488/03814 (12.79%) | loss: 4.199715 | lrm: 1.00 | dt: 593.39ms | tok/sec: 90,598 | bf16_mfu: 0.00 | epoch: 1 pq: 0 rg: 48 | total time: 4.65m | eta: 32.3m
step 00489/03814 (12.82%) | loss: 4.196729 | lrm: 1.00 | dt: 590.06ms | tok/sec: 91,109 | bf16_mfu: 0.00 | epoch: 1 pq: 0 rg: 48 | total time: 4.66m | eta: 32.3m
step 00490/03814 (12.85%) | loss: 4.206726 | lrm: 1.00 | dt: 592.11ms | tok/sec: 90,793 | bf16_mfu: 0.00 | epoch: 1 pq: 0 rg: 48 | total time: 4.67m | eta: 32.3m
step 00491/03814 (12.87%) | loss: 4.192482 | lrm: 1.00 | dt: 593.25ms | tok/sec: 90,620 | bf16_mfu: 0.00 | epoch: 1 pq: 0 rg: 48 | total time: 4.68m | eta: 32.3m
step 00492/03814 (12.90%) | loss: 4.183085 | lrm: 1.00 | dt: 595.50ms | tok/sec: 90,276 | bf16_mfu: 0.00 | epoch: 1 pq: 0 rg: 48 | total time: 4.69m | eta: 32.3m
step 00493/03814 (12.93%) | loss: 4.179643 | lrm: 1.00 | dt: 589.67ms | tok/sec: 91,169 | bf16_mfu: 0.00 | epoch: 1 pq: 0 rg: 48 | total time: 4.70m | eta: 32.3m
step 00494/03814 (12.95%) | loss: 4.170779 | lrm: 1.00 | dt: 593.67ms | tok/sec: 90,554 | bf16_mfu: 0.00 | epoch: 1 pq: 0 rg: 48 | total time: 4.71m | eta: 32.3m
step 00495/03814 (12.98%) | loss: 4.152728 | lrm: 1.00 | dt: 938.91ms | tok/sec: 57,257 | bf16_mfu: 0.00 | epoch: 1 pq: 0 rg: 49 | total time: 4.72m | eta: 32.3m
step 00496/03814 (13.00%) | loss: 4.155717 | lrm: 1.00 | dt: 608.96ms | tok/sec: 88,281 | bf16_mfu: 0.00 | epoch: 1 pq: 0 rg: 49 | total time: 4.73m | eta: 32.3m
step 00497/03814 (13.03%) | loss: 4.137750 | lrm: 1.00 | dt: 598.65ms | tok/sec: 89,801 | bf16_mfu: 0.00 | epoch: 1 pq: 0 rg: 49 | total time: 4.74m | eta: 32.3m
step 00498/03814 (13.06%) | loss: 4.130230 | lrm: 1.00 | dt: 591.16ms | tok/sec: 90,940 | bf16_mfu: 0.00 | epoch: 1 pq: 0 rg: 49 | total time: 4.75m | eta: 32.3m
step 00499/03814 (13.08%) | loss: 4.123366 | lrm: 1.00 | dt: 639.84ms | tok/sec: 84,021 | bf16_mfu: 0.00 | epoch: 1 pq: 0 rg: 49 | total time: 4.76m | eta: 32.3m
Step 00500 | Validation bpb: 0.797437
step 00500/03814 (13.11%) | loss: 4.124420 | lrm: 1.00 | dt: 574.53ms | tok/sec: 93,572 | bf16_mfu: 0.00 | epoch: 1 pq: 0 rg: 49 | total time: 4.77m | eta: 32.3m
step 00501/03814 (13.14%) | loss: 4.126172 | lrm: 1.00 | dt: 566.31ms | tok/sec: 94,930 | bf16_mfu: 0.00 | epoch: 1 pq: 0 rg: 49 | total time: 4.78m | eta: 32.3m
step 00502/03814 (13.16%) | loss: 4.135497 | lrm: 1.00 | dt: 566.10ms | tok/sec: 94,965 | bf16_mfu: 0.00 | epoch: 1 pq: 0 rg: 49 | total time: 4.79m | eta: 32.3m
step 00503/03814 (13.19%) | loss: 4.151621 | lrm: 1.00 | dt: 566.16ms | tok/sec: 94,955 | bf16_mfu: 0.00 | epoch: 1 pq: 0 rg: 49 | total time: 4.80m | eta: 32.3m
step 00504/03814 (13.21%) | loss: 4.182327 | lrm: 1.00 | dt: 565.04ms | tok/sec: 95,143 | bf16_mfu: 0.00 | epoch: 1 pq: 0 rg: 49 | total time: 4.81m | eta: 32.2m
step 00505/03814 (13.24%) | loss: 4.178971 | lrm: 1.00 | dt: 572.56ms | tok/sec: 93,894 | bf16_mfu: 0.00 | epoch: 1 pq: 0 rg: 49 | total time: 4.82m | eta: 32.2m
step 00506/03814 (13.27%) | loss: 4.170970 | lrm: 1.00 | dt: 607.13ms | tok/sec: 88,547 | bf16_mfu: 0.00 | epoch: 1 pq: 0 rg: 50 | total time: 4.83m | eta: 32.2m
step 00507/03814 (13.29%) | loss: 4.203876 | lrm: 1.00 | dt: 576.71ms | tok/sec: 93,218 | bf16_mfu: 0.00 | epoch: 1 pq: 0 rg: 50 | total time: 4.84m | eta: 32.2m
step 00508/03814 (13.32%) | loss: 4.215709 | lrm: 1.00 | dt: 572.95ms | tok/sec: 93,830 | bf16_mfu: 0.00 | epoch: 1 pq: 0 rg: 50 | total time: 4.85m | eta: 32.2m
step 00509/03814 (13.35%) | loss: 4.192859 | lrm: 1.00 | dt: 565.64ms | tok/sec: 95,042 | bf16_mfu: 0.00 | epoch: 1 pq: 0 rg: 50 | total time: 4.86m | eta: 32.2m
step 00510/03814 (13.37%) | loss: 4.179403 | lrm: 1.00 | dt: 567.18ms | tok/sec: 94,784 | bf16_mfu: 0.00 | epoch: 1 pq: 0 rg: 50 | total time: 4.87m | eta: 32.2m
step 00511/03814 (13.40%) | loss: 4.174810 | lrm: 1.00 | dt: 567.31ms | tok/sec: 94,763 | bf16_mfu: 0.00 | epoch: 1 pq: 0 rg: 50 | total time: 4.88m | eta: 32.2m
step 00512/03814 (13.42%) | loss: 4.162730 | lrm: 1.00 | dt: 603.53ms | tok/sec: 89,076 | bf16_mfu: 0.00 | epoch: 1 pq: 0 rg: 50 | total time: 4.89m | eta: 32.2m
step 00513/03814 (13.45%) | loss: 4.171203 | lrm: 1.00 | dt: 569.15ms | tok/sec: 94,456 | bf16_mfu: 0.00 | epoch: 1 pq: 0 rg: 50 | total time: 4.90m | eta: 32.1m
step 00514/03814 (13.48%) | loss: 4.174402 | lrm: 1.00 | dt: 565.97ms | tok/sec: 94,987 | bf16_mfu: 0.00 | epoch: 1 pq: 0 rg: 50 | total time: 4.91m | eta: 32.1m
step 00515/03814 (13.50%) | loss: 4.179380 | lrm: 1.00 | dt: 566.68ms | tok/sec: 94,869 | bf16_mfu: 0.00 | epoch: 1 pq: 0 rg: 50 | total time: 4.92m | eta: 32.1m
step 00516/03814 (13.53%) | loss: 4.164141 | lrm: 1.00 | dt: 568.13ms | tok/sec: 94,626 | bf16_mfu: 0.00 | epoch: 1 pq: 0 rg: 51 | total time: 4.93m | eta: 32.1m
step 00517/03814 (13.56%) | loss: 4.155098 | lrm: 1.00 | dt: 565.77ms | tok/sec: 95,020 | bf16_mfu: 0.00 | epoch: 1 pq: 0 rg: 51 | total time: 4.94m | eta: 32.1m
step 00518/03814 (13.58%) | loss: 4.141663 | lrm: 1.00 | dt: 566.29ms | tok/sec: 94,933 | bf16_mfu: 0.00 | epoch: 1 pq: 0 rg: 51 | total time: 4.95m | eta: 32.1m
step 00519/03814 (13.61%) | loss: 4.148533 | lrm: 1.00 | dt: 566.45ms | tok/sec: 94,907 | bf16_mfu: 0.00 | epoch: 1 pq: 0 rg: 51 | total time: 4.96m | eta: 32.1m
step 00520/03814 (13.63%) | loss: 4.152372 | lrm: 1.00 | dt: 567.13ms | tok/sec: 94,793 | bf16_mfu: 0.00 | epoch: 1 pq: 0 rg: 51 | total time: 4.96m | eta: 32.1m
step 00521/03814 (13.66%) | loss: 4.145190 | lrm: 1.00 | dt: 567.25ms | tok/sec: 94,772 | bf16_mfu: 0.00 | epoch: 1 pq: 0 rg: 51 | total time: 4.97m | eta: 32.1m
step 00522/03814 (13.69%) | loss: 4.160623 | lrm: 1.00 | dt: 566.30ms | tok/sec: 94,932 | bf16_mfu: 0.00 | epoch: 1 pq: 0 rg: 51 | total time: 4.98m | eta: 32.0m
step 00523/03814 (13.71%) | loss: 4.164162 | lrm: 1.00 | dt: 566.56ms | tok/sec: 94,888 | bf16_mfu: 0.00 | epoch: 1 pq: 0 rg: 51 | total time: 4.99m | eta: 32.0m
step 00524/03814 (13.74%) | loss: 4.145466 | lrm: 1.00 | dt: 567.07ms | tok/sec: 94,802 | bf16_mfu: 0.00 | epoch: 1 pq: 0 rg: 51 | total time: 5.00m | eta: 32.0m
step 00525/03814 (13.77%) | loss: 4.133931 | lrm: 1.00 | dt: 565.71ms | tok/sec: 95,030 | bf16_mfu: 0.00 | epoch: 1 pq: 0 rg: 51 | total time: 5.01m | eta: 32.0m
step 00526/03814 (13.79%) | loss: 4.138777 | lrm: 1.00 | dt: 566.20ms | tok/sec: 94,949 | bf16_mfu: 0.00 | epoch: 1 pq: 0 rg: 51 | total time: 5.02m | eta: 32.0m
step 00527/03814 (13.82%) | loss: 4.137453 | lrm: 1.00 | dt: 565.67ms | tok/sec: 95,038 | bf16_mfu: 0.00 | epoch: 1 pq: 0 rg: 52 | total time: 5.03m | eta: 32.0m
step 00528/03814 (13.84%) | loss: 4.112647 | lrm: 1.00 | dt: 624.16ms | tok/sec: 86,131 | bf16_mfu: 0.00 | epoch: 1 pq: 0 rg: 52 | total time: 5.04m | eta: 32.0m
step 00529/03814 (13.87%) | loss: 4.116139 | lrm: 1.00 | dt: 570.94ms | tok/sec: 94,160 | bf16_mfu: 0.00 | epoch: 1 pq: 0 rg: 52 | total time: 5.05m | eta: 32.0m
step 00530/03814 (13.90%) | loss: 4.118728 | lrm: 1.00 | dt: 565.43ms | tok/sec: 95,078 | bf16_mfu: 0.00 | epoch: 1 pq: 0 rg: 52 | total time: 5.06m | eta: 32.0m
step 00531/03814 (13.92%) | loss: 4.136718 | lrm: 1.00 | dt: 565.79ms | tok/sec: 95,017 | bf16_mfu: 0.00 | epoch: 1 pq: 0 rg: 52 | total time: 5.07m | eta: 31.9m
step 00532/03814 (13.95%) | loss: 4.127647 | lrm: 1.00 | dt: 566.05ms | tok/sec: 94,973 | bf16_mfu: 0.00 | epoch: 1 pq: 0 rg: 52 | total time: 5.08m | eta: 31.9m
step 00533/03814 (13.97%) | loss: 4.114407 | lrm: 1.00 | dt: 567.45ms | tok/sec: 94,739 | bf16_mfu: 0.00 | epoch: 1 pq: 0 rg: 52 | total time: 5.09m | eta: 31.9m
step 00534/03814 (14.00%) | loss: 4.119975 | lrm: 1.00 | dt: 586.84ms | tok/sec: 91,609 | bf16_mfu: 0.00 | epoch: 1 pq: 0 rg: 52 | total time: 5.10m | eta: 31.9m
step 00535/03814 (14.03%) | loss: 4.129515 | lrm: 1.00 | dt: 570.00ms | tok/sec: 94,315 | bf16_mfu: 0.00 | epoch: 1 pq: 0 rg: 52 | total time: 5.11m | eta: 31.9m
step 00536/03814 (14.05%) | loss: 4.118556 | lrm: 1.00 | dt: 565.08ms | tok/sec: 95,137 | bf16_mfu: 0.00 | epoch: 1 pq: 0 rg: 52 | total time: 5.12m | eta: 31.9m
step 00537/03814 (14.08%) | loss: 4.132911 | lrm: 1.00 | dt: 566.55ms | tok/sec: 94,890 | bf16_mfu: 0.00 | epoch: 1 pq: 0 rg: 52 | total time: 5.13m | eta: 31.9m
step 00538/03814 (14.11%) | loss: 4.131831 | lrm: 1.00 | dt: 665.23ms | tok/sec: 80,813 | bf16_mfu: 0.00 | epoch: 1 pq: 0 rg: 53 | total time: 5.14m | eta: 31.9m
step 00539/03814 (14.13%) | loss: 4.127333 | lrm: 1.00 | dt: 572.17ms | tok/sec: 93,957 | bf16_mfu: 0.00 | epoch: 1 pq: 0 rg: 53 | total time: 5.15m | eta: 31.9m
step 00540/03814 (14.16%) | loss: 4.113780 | lrm: 1.00 | dt: 566.87ms | tok/sec: 94,837 | bf16_mfu: 0.00 | epoch: 1 pq: 0 rg: 53 | total time: 5.16m | eta: 31.9m
step 00541/03814 (14.18%) | loss: 4.100378 | lrm: 1.00 | dt: 565.63ms | tok/sec: 95,044 | bf16_mfu: 0.00 | epoch: 1 pq: 0 rg: 53 | total time: 5.17m | eta: 31.8m
step 00542/03814 (14.21%) | loss: 4.115584 | lrm: 1.00 | dt: 570.15ms | tok/sec: 94,291 | bf16_mfu: 0.00 | epoch: 1 pq: 0 rg: 53 | total time: 5.18m | eta: 31.8m
step 00543/03814 (14.24%) | loss: 4.104708 | lrm: 1.00 | dt: 608.80ms | tok/sec: 88,305 | bf16_mfu: 0.00 | epoch: 1 pq: 0 rg: 53 | total time: 5.19m | eta: 31.8m
step 00544/03814 (14.26%) | loss: 4.130798 | lrm: 1.00 | dt: 600.95ms | tok/sec: 89,458 | bf16_mfu: 0.00 | epoch: 1 pq: 0 rg: 53 | total time: 5.20m | eta: 31.8m
step 00545/03814 (14.29%) | loss: 4.121396 | lrm: 1.00 | dt: 568.19ms | tok/sec: 94,616 | bf16_mfu: 0.00 | epoch: 1 pq: 0 rg: 53 | total time: 5.21m | eta: 31.8m
step 00546/03814 (14.32%) | loss: 4.125901 | lrm: 1.00 | dt: 568.07ms | tok/sec: 94,635 | bf16_mfu: 0.00 | epoch: 1 pq: 0 rg: 53 | total time: 5.21m | eta: 31.8m
step 00547/03814 (14.34%) | loss: 4.135598 | lrm: 1.00 | dt: 565.76ms | tok/sec: 95,022 | bf16_mfu: 0.00 | epoch: 1 pq: 0 rg: 53 | total time: 5.22m | eta: 31.8m
step 00548/03814 (14.37%) | loss: 4.128336 | lrm: 1.00 | dt: 612.84ms | tok/sec: 87,722 | bf16_mfu: 0.00 | epoch: 1 pq: 0 rg: 54 | total time: 5.23m | eta: 31.8m
step 00549/03814 (14.39%) | loss: 4.130697 | lrm: 1.00 | dt: 580.33ms | tok/sec: 92,636 | bf16_mfu: 0.00 | epoch: 1 pq: 0 rg: 54 | total time: 5.24m | eta: 31.8m
step 00550/03814 (14.42%) | loss: 4.127610 | lrm: 1.00 | dt: 567.54ms | tok/sec: 94,724 | bf16_mfu: 0.00 | epoch: 1 pq: 0 rg: 54 | total time: 5.25m | eta: 31.8m
step 00551/03814 (14.45%) | loss: 4.124095 | lrm: 1.00 | dt: 566.35ms | tok/sec: 94,923 | bf16_mfu: 0.00 | epoch: 1 pq: 0 rg: 54 | total time: 5.26m | eta: 31.7m
step 00552/03814 (14.47%) | loss: 4.099735 | lrm: 1.00 | dt: 574.74ms | tok/sec: 93,538 | bf16_mfu: 0.00 | epoch: 1 pq: 0 rg: 54 | total time: 5.27m | eta: 31.7m
step 00553/03814 (14.50%) | loss: 4.101887 | lrm: 1.00 | dt: 576.93ms | tok/sec: 93,183 | bf16_mfu: 0.00 | epoch: 1 pq: 0 rg: 54 | total time: 5.28m | eta: 31.7m
step 00554/03814 (14.53%) | loss: 4.100029 | lrm: 1.00 | dt: 569.80ms | tok/sec: 94,348 | bf16_mfu: 0.00 | epoch: 1 pq: 0 rg: 54 | total time: 5.29m | eta: 31.7m
step 00555/03814 (14.55%) | loss: 4.090153 | lrm: 1.00 | dt: 588.54ms | tok/sec: 91,345 | bf16_mfu: 0.00 | epoch: 1 pq: 0 rg: 54 | total time: 5.30m | eta: 31.7m
step 00556/03814 (14.58%) | loss: 4.097853 | lrm: 1.00 | dt: 585.12ms | tok/sec: 91,878 | bf16_mfu: 0.00 | epoch: 1 pq: 0 rg: 54 | total time: 5.31m | eta: 31.7m
step 00557/03814 (14.60%) | loss: 4.092426 | lrm: 1.00 | dt: 567.17ms | tok/sec: 94,786 | bf16_mfu: 0.00 | epoch: 1 pq: 0 rg: 54 | total time: 5.32m | eta: 31.7m
step 00558/03814 (14.63%) | loss: 4.096503 | lrm: 1.00 | dt: 575.59ms | tok/sec: 93,399 | bf16_mfu: 0.00 | epoch: 1 pq: 0 rg: 54 | total time: 5.33m | eta: 31.7m
step 00559/03814 (14.66%) | loss: 4.113175 | lrm: 1.00 | dt: 577.45ms | tok/sec: 93,099 | bf16_mfu: 0.00 | epoch: 1 pq: 0 rg: 55 | total time: 5.34m | eta: 31.7m
step 00560/03814 (14.68%) | loss: 4.113728 | lrm: 1.00 | dt: 569.50ms | tok/sec: 94,397 | bf16_mfu: 0.00 | epoch: 1 pq: 0 rg: 55 | total time: 5.35m | eta: 31.6m
step 00561/03814 (14.71%) | loss: 4.099246 | lrm: 1.00 | dt: 569.54ms | tok/sec: 94,392 | bf16_mfu: 0.00 | epoch: 1 pq: 0 rg: 55 | total time: 5.36m | eta: 31.6m
step 00562/03814 (14.74%) | loss: 4.114832 | lrm: 1.00 | dt: 584.52ms | tok/sec: 91,972 | bf16_mfu: 0.00 | epoch: 1 pq: 0 rg: 55 | total time: 5.37m | eta: 31.6m
step 00563/03814 (14.76%) | loss: 4.110301 | lrm: 1.00 | dt: 570.74ms | tok/sec: 94,193 | bf16_mfu: 0.00 | epoch: 1 pq: 0 rg: 55 | total time: 5.38m | eta: 31.6m
step 00564/03814 (14.79%) | loss: 4.101416 | lrm: 1.00 | dt: 569.53ms | tok/sec: 94,393 | bf16_mfu: 0.00 | epoch: 1 pq: 0 rg: 55 | total time: 5.39m | eta: 31.6m
step 00565/03814 (14.81%) | loss: 4.106816 | lrm: 1.00 | dt: 576.93ms | tok/sec: 93,182 | bf16_mfu: 0.00 | epoch: 1 pq: 0 rg: 55 | total time: 5.40m | eta: 31.6m
step 00566/03814 (14.84%) | loss: 4.106861 | lrm: 1.00 | dt: 574.86ms | tok/sec: 93,518 | bf16_mfu: 0.00 | epoch: 1 pq: 0 rg: 55 | total time: 5.41m | eta: 31.6m
step 00567/03814 (14.87%) | loss: 4.154202 | lrm: 1.00 | dt: 573.54ms | tok/sec: 93,733 | bf16_mfu: 0.00 | epoch: 1 pq: 0 rg: 55 | total time: 5.42m | eta: 31.6m
step 00568/03814 (14.89%) | loss: 4.154425 | lrm: 1.00 | dt: 584.31ms | tok/sec: 92,005 | bf16_mfu: 0.00 | epoch: 1 pq: 0 rg: 55 | total time: 5.43m | eta: 31.6m
step 00569/03814 (14.92%) | loss: 4.160132 | lrm: 1.00 | dt: 579.13ms | tok/sec: 92,828 | bf16_mfu: 0.00 | epoch: 1 pq: 0 rg: 55 | total time: 5.44m | eta: 31.6m
step 00570/03814 (14.94%) | loss: 4.154329 | lrm: 1.00 | dt: 599.12ms | tok/sec: 89,731 | bf16_mfu: 0.00 | epoch: 1 pq: 0 rg: 56 | total time: 5.45m | eta: 31.5m
step 00571/03814 (14.97%) | loss: 4.146037 | lrm: 1.00 | dt: 577.89ms | tok/sec: 93,027 | bf16_mfu: 0.00 | epoch: 1 pq: 0 rg: 56 | total time: 5.46m | eta: 31.5m
step 00572/03814 (15.00%) | loss: 4.127440 | lrm: 1.00 | dt: 574.52ms | tok/sec: 93,573 | bf16_mfu: 0.00 | epoch: 1 pq: 0 rg: 56 | total time: 5.46m | eta: 31.5m
step 00573/03814 (15.02%) | loss: 4.105011 | lrm: 1.00 | dt: 570.82ms | tok/sec: 94,180 | bf16_mfu: 0.00 | epoch: 1 pq: 0 rg: 56 | total time: 5.47m | eta: 31.5m
step 00574/03814 (15.05%) | loss: 4.105183 | lrm: 1.00 | dt: 583.73ms | tok/sec: 92,096 | bf16_mfu: 0.00 | epoch: 1 pq: 0 rg: 56 | total time: 5.48m | eta: 31.5m
step 00575/03814 (15.08%) | loss: 4.113881 | lrm: 1.00 | dt: 568.66ms | tok/sec: 94,538 | bf16_mfu: 0.00 | epoch: 1 pq: 0 rg: 56 | total time: 5.49m | eta: 31.5m
step 00576/03814 (15.10%) | loss: 4.104233 | lrm: 1.00 | dt: 580.22ms | tok/sec: 92,653 | bf16_mfu: 0.00 | epoch: 1 pq: 0 rg: 56 | total time: 5.50m | eta: 31.5m
step 00577/03814 (15.13%) | loss: 4.103628 | lrm: 1.00 | dt: 576.59ms | tok/sec: 93,238 | bf16_mfu: 0.00 | epoch: 1 pq: 0 rg: 56 | total time: 5.51m | eta: 31.5m
step 00578/03814 (15.15%) | loss: 4.090716 | lrm: 1.00 | dt: 571.33ms | tok/sec: 94,095 | bf16_mfu: 0.00 | epoch: 1 pq: 0 rg: 56 | total time: 5.52m | eta: 31.5m
step 00579/03814 (15.18%) | loss: 4.108001 | lrm: 1.00 | dt: 583.27ms | tok/sec: 92,170 | bf16_mfu: 0.00 | epoch: 1 pq: 0 rg: 56 | total time: 5.53m | eta: 31.5m
step 00580/03814 (15.21%) | loss: 4.089346 | lrm: 1.00 | dt: 582.56ms | tok/sec: 92,282 | bf16_mfu: 0.00 | epoch: 1 pq: 0 rg: 57 | total time: 5.54m | eta: 31.4m
step 00581/03814 (15.23%) | loss: 4.075754 | lrm: 1.00 | dt: 573.02ms | tok/sec: 93,819 | bf16_mfu: 0.00 | epoch: 1 pq: 0 rg: 57 | total time: 5.55m | eta: 31.4m
step 00582/03814 (15.26%) | loss: 4.084197 | lrm: 1.00 | dt: 568.18ms | tok/sec: 94,618 | bf16_mfu: 0.00 | epoch: 1 pq: 0 rg: 57 | total time: 5.56m | eta: 31.4m
step 00583/03814 (15.29%) | loss: 4.099591 | lrm: 1.00 | dt: 569.84ms | tok/sec: 94,342 | bf16_mfu: 0.00 | epoch: 1 pq: 0 rg: 57 | total time: 5.57m | eta: 31.4m
step 00584/03814 (15.31%) | loss: 4.086744 | lrm: 1.00 | dt: 579.99ms | tok/sec: 92,691 | bf16_mfu: 0.00 | epoch: 1 pq: 0 rg: 57 | total time: 5.58m | eta: 31.4m
step 00585/03814 (15.34%) | loss: 4.084502 | lrm: 1.00 | dt: 573.51ms | tok/sec: 93,739 | bf16_mfu: 0.00 | epoch: 1 pq: 0 rg: 57 | total time: 5.59m | eta: 31.4m
step 00586/03814 (15.36%) | loss: 4.092035 | lrm: 1.00 | dt: 577.72ms | tok/sec: 93,055 | bf16_mfu: 0.00 | epoch: 1 pq: 0 rg: 57 | total time: 5.60m | eta: 31.4m
step 00587/03814 (15.39%) | loss: 4.111723 | lrm: 1.00 | dt: 577.97ms | tok/sec: 93,014 | bf16_mfu: 0.00 | epoch: 1 pq: 0 rg: 57 | total time: 5.61m | eta: 31.4m
step 00588/03814 (15.42%) | loss: 4.117876 | lrm: 1.00 | dt: 574.56ms | tok/sec: 93,567 | bf16_mfu: 0.00 | epoch: 1 pq: 0 rg: 57 | total time: 5.62m | eta: 31.4m
step 00589/03814 (15.44%) | loss: 4.112595 | lrm: 1.00 | dt: 582.77ms | tok/sec: 92,249 | bf16_mfu: 0.00 | epoch: 1 pq: 0 rg: 57 | total time: 5.63m | eta: 31.3m
step 00590/03814 (15.47%) | loss: 4.107713 | lrm: 1.00 | dt: 585.36ms | tok/sec: 91,840 | bf16_mfu: 0.00 | epoch: 1 pq: 0 rg: 57 | total time: 5.64m | eta: 31.3m
step 00591/03814 (15.50%) | loss: 4.101136 | lrm: 1.00 | dt: 576.99ms | tok/sec: 93,173 | bf16_mfu: 0.00 | epoch: 1 pq: 0 rg: 58 | total time: 5.65m | eta: 31.3m
step 00592/03814 (15.52%) | loss: 4.094985 | lrm: 1.00 | dt: 577.48ms | tok/sec: 93,093 | bf16_mfu: 0.00 | epoch: 1 pq: 0 rg: 58 | total time: 5.66m | eta: 31.3m
step 00593/03814 (15.55%) | loss: 4.090020 | lrm: 1.00 | dt: 574.06ms | tok/sec: 93,649 | bf16_mfu: 0.00 | epoch: 1 pq: 0 rg: 58 | total time: 5.67m | eta: 31.3m
step 00594/03814 (15.57%) | loss: 4.085402 | lrm: 1.00 | dt: 581.43ms | tok/sec: 92,461 | bf16_mfu: 0.00 | epoch: 1 pq: 0 rg: 58 | total time: 5.68m | eta: 31.3m
step 00595/03814 (15.60%) | loss: 4.102891 | lrm: 1.00 | dt: 576.60ms | tok/sec: 93,236 | bf16_mfu: 0.00 | epoch: 1 pq: 0 rg: 58 | total time: 5.69m | eta: 31.3m
step 00596/03814 (15.63%) | loss: 4.099913 | lrm: 1.00 | dt: 578.83ms | tok/sec: 92,877 | bf16_mfu: 0.00 | epoch: 1 pq: 0 rg: 58 | total time: 5.70m | eta: 31.3m
step 00597/03814 (15.65%) | loss: 4.081979 | lrm: 1.00 | dt: 586.00ms | tok/sec: 91,740 | bf16_mfu: 0.00 | epoch: 1 pq: 0 rg: 58 | total time: 5.71m | eta: 31.3m
step 00598/03814 (15.68%) | loss: 4.098603 | lrm: 1.00 | dt: 580.29ms | tok/sec: 92,643 | bf16_mfu: 0.00 | epoch: 1 pq: 0 rg: 58 | total time: 5.72m | eta: 31.3m
step 00599/03814 (15.71%) | loss: 4.095833 | lrm: 1.00 | dt: 573.54ms | tok/sec: 93,733 | bf16_mfu: 0.00 | epoch: 1 pq: 0 rg: 58 | total time: 5.72m | eta: 31.2m
step 00600/03814 (15.73%) | loss: 4.096409 | lrm: 1.00 | dt: 593.18ms | tok/sec: 90,630 | bf16_mfu: 0.00 | epoch: 1 pq: 0 rg: 58 | total time: 5.73m | eta: 31.2m
step 00601/03814 (15.76%) | loss: 4.085973 | lrm: 1.00 | dt: 578.76ms | tok/sec: 92,887 | bf16_mfu: 0.00 | epoch: 1 pq: 0 rg: 59 | total time: 5.74m | eta: 31.2m
step 00602/03814 (15.78%) | loss: 4.079366 | lrm: 1.00 | dt: 583.86ms | tok/sec: 92,077 | bf16_mfu: 0.00 | epoch: 1 pq: 0 rg: 59 | total time: 5.75m | eta: 31.2m
step 00603/03814 (15.81%) | loss: 4.094328 | lrm: 1.00 | dt: 572.39ms | tok/sec: 93,921 | bf16_mfu: 0.00 | epoch: 1 pq: 0 rg: 59 | total time: 5.76m | eta: 31.2m
step 00604/03814 (15.84%) | loss: 4.079944 | lrm: 1.00 | dt: 719.81ms | tok/sec: 74,686 | bf16_mfu: 0.00 | epoch: 1 pq: 0 rg: 59 | total time: 5.78m | eta: 31.2m
step 00605/03814 (15.86%) | loss: 4.075349 | lrm: 1.00 | dt: 822.62ms | tok/sec: 65,352 | bf16_mfu: 0.00 | epoch: 1 pq: 0 rg: 59 | total time: 5.79m | eta: 31.2m
step 00606/03814 (15.89%) | loss: 4.064816 | lrm: 1.00 | dt: 580.87ms | tok/sec: 92,550 | bf16_mfu: 0.00 | epoch: 1 pq: 0 rg: 59 | total time: 5.80m | eta: 31.2m
step 00607/03814 (15.92%) | loss: 4.063228 | lrm: 1.00 | dt: 585.64ms | tok/sec: 91,797 | bf16_mfu: 0.00 | epoch: 1 pq: 0 rg: 59 | total time: 5.81m | eta: 31.2m
step 00608/03814 (15.94%) | loss: 4.089120 | lrm: 1.00 | dt: 588.72ms | tok/sec: 91,316 | bf16_mfu: 0.00 | epoch: 1 pq: 0 rg: 59 | total time: 5.82m | eta: 31.2m
step 00609/03814 (15.97%) | loss: 4.092111 | lrm: 1.00 | dt: 575.28ms | tok/sec: 93,450 | bf16_mfu: 0.00 | epoch: 1 pq: 0 rg: 59 | total time: 5.83m | eta: 31.2m
step 00610/03814 (15.99%) | loss: 4.086713 | lrm: 1.00 | dt: 577.75ms | tok/sec: 93,050 | bf16_mfu: 0.00 | epoch: 1 pq: 0 rg: 59 | total time: 5.84m | eta: 31.2m
step 00611/03814 (16.02%) | loss: 4.085089 | lrm: 1.00 | dt: 585.50ms | tok/sec: 91,819 | bf16_mfu: 0.00 | epoch: 1 pq: 0 rg: 59 | total time: 5.85m | eta: 31.2m
step 00612/03814 (16.05%) | loss: 4.087605 | lrm: 1.00 | dt: 950.89ms | tok/sec: 56,536 | bf16_mfu: 0.00 | epoch: 1 pq: 0 rg: 60 | total time: 5.86m | eta: 31.2m
step 00613/03814 (16.07%) | loss: 4.116268 | lrm: 1.00 | dt: 614.87ms | tok/sec: 87,433 | bf16_mfu: 0.00 | epoch: 1 pq: 0 rg: 60 | total time: 5.87m | eta: 31.2m
step 00614/03814 (16.10%) | loss: 4.108763 | lrm: 1.00 | dt: 681.00ms | tok/sec: 78,942 | bf16_mfu: 0.00 | epoch: 1 pq: 0 rg: 60 | total time: 5.88m | eta: 31.2m
step 00615/03814 (16.12%) | loss: 4.096063 | lrm: 1.00 | dt: 582.95ms | tok/sec: 92,221 | bf16_mfu: 0.00 | epoch: 1 pq: 0 rg: 60 | total time: 5.89m | eta: 31.2m
step 00616/03814 (16.15%) | loss: 4.104262 | lrm: 1.00 | dt: 574.47ms | tok/sec: 93,582 | bf16_mfu: 0.00 | epoch: 1 pq: 0 rg: 60 | total time: 5.90m | eta: 31.2m
step 00617/03814 (16.18%) | loss: 4.130290 | lrm: 1.00 | dt: 819.48ms | tok/sec: 65,602 | bf16_mfu: 0.00 | epoch: 1 pq: 0 rg: 60 | total time: 5.92m | eta: 31.2m
step 00618/03814 (16.20%) | loss: 4.101005 | lrm: 1.00 | dt: 570.80ms | tok/sec: 94,184 | bf16_mfu: 0.00 | epoch: 1 pq: 0 rg: 60 | total time: 5.93m | eta: 31.2m
step 00619/03814 (16.23%) | loss: 4.096470 | lrm: 1.00 | dt: 584.37ms | tok/sec: 91,996 | bf16_mfu: 0.00 | epoch: 1 pq: 0 rg: 60 | total time: 5.94m | eta: 31.1m
step 00620/03814 (16.26%) | loss: 4.082381 | lrm: 1.00 | dt: 570.78ms | tok/sec: 94,187 | bf16_mfu: 0.00 | epoch: 1 pq: 0 rg: 60 | total time: 5.95m | eta: 31.1m
step 00621/03814 (16.28%) | loss: 4.118634 | lrm: 1.00 | dt: 586.92ms | tok/sec: 91,597 | bf16_mfu: 0.00 | epoch: 1 pq: 0 rg: 60 | total time: 5.96m | eta: 31.1m
step 00622/03814 (16.31%) | loss: 4.111763 | lrm: 1.00 | dt: 583.75ms | tok/sec: 92,094 | bf16_mfu: 0.00 | epoch: 1 pq: 0 rg: 61 | total time: 5.97m | eta: 31.1m
step 00623/03814 (16.33%) | loss: 4.124990 | lrm: 1.00 | dt: 585.98ms | tok/sec: 91,743 | bf16_mfu: 0.00 | epoch: 1 pq: 0 rg: 61 | total time: 5.98m | eta: 31.1m
step 00624/03814 (16.36%) | loss: 4.126810 | lrm: 1.00 | dt: 574.23ms | tok/sec: 93,621 | bf16_mfu: 0.00 | epoch: 1 pq: 0 rg: 61 | total time: 5.99m | eta: 31.1m
step 00625/03814 (16.39%) | loss: 4.123902 | lrm: 1.00 | dt: 580.73ms | tok/sec: 92,572 | bf16_mfu: 0.00 | epoch: 1 pq: 0 rg: 61 | total time: 6.00m | eta: 31.1m
step 00626/03814 (16.41%) | loss: 4.101397 | lrm: 1.00 | dt: 575.57ms | tok/sec: 93,403 | bf16_mfu: 0.00 | epoch: 1 pq: 0 rg: 61 | total time: 6.00m | eta: 31.1m
step 00627/03814 (16.44%) | loss: 4.101103 | lrm: 1.00 | dt: 581.12ms | tok/sec: 92,510 | bf16_mfu: 0.00 | epoch: 1 pq: 0 rg: 61 | total time: 6.01m | eta: 31.1m
step 00628/03814 (16.47%) | loss: 4.089567 | lrm: 1.00 | dt: 585.90ms | tok/sec: 91,756 | bf16_mfu: 0.00 | epoch: 1 pq: 0 rg: 61 | total time: 6.02m | eta: 31.1m
step 00629/03814 (16.49%) | loss: 4.106227 | lrm: 1.00 | dt: 583.18ms | tok/sec: 92,184 | bf16_mfu: 0.00 | epoch: 1 pq: 0 rg: 61 | total time: 6.03m | eta: 31.0m
step 00630/03814 (16.52%) | loss: 4.114376 | lrm: 1.00 | dt: 576.94ms | tok/sec: 93,180 | bf16_mfu: 0.00 | epoch: 1 pq: 0 rg: 61 | total time: 6.04m | eta: 31.0m
step 00631/03814 (16.54%) | loss: 4.124272 | lrm: 1.00 | dt: 579.82ms | tok/sec: 92,718 | bf16_mfu: 0.00 | epoch: 1 pq: 0 rg: 61 | total time: 6.05m | eta: 31.0m
step 00632/03814 (16.57%) | loss: 4.106868 | lrm: 1.00 | dt: 573.58ms | tok/sec: 93,726 | bf16_mfu: 0.00 | epoch: 1 pq: 0 rg: 61 | total time: 6.06m | eta: 31.0m
step 00633/03814 (16.60%) | loss: 4.089728 | lrm: 1.00 | dt: 583.96ms | tok/sec: 92,061 | bf16_mfu: 0.00 | epoch: 1 pq: 0 rg: 62 | total time: 6.07m | eta: 31.0m
step 00634/03814 (16.62%) | loss: 4.088109 | lrm: 1.00 | dt: 625.49ms | tok/sec: 85,949 | bf16_mfu: 0.00 | epoch: 1 pq: 0 rg: 62 | total time: 6.08m | eta: 31.0m
step 00635/03814 (16.65%) | loss: 4.097475 | lrm: 1.00 | dt: 590.84ms | tok/sec: 90,989 | bf16_mfu: 0.00 | epoch: 1 pq: 0 rg: 62 | total time: 6.09m | eta: 31.0m
step 00636/03814 (16.68%) | loss: 4.099321 | lrm: 1.00 | dt: 581.63ms | tok/sec: 92,429 | bf16_mfu: 0.00 | epoch: 1 pq: 0 rg: 62 | total time: 6.10m | eta: 31.0m
step 00637/03814 (16.70%) | loss: 4.102380 | lrm: 1.00 | dt: 581.32ms | tok/sec: 92,479 | bf16_mfu: 0.00 | epoch: 1 pq: 0 rg: 62 | total time: 6.11m | eta: 31.0m
step 00638/03814 (16.73%) | loss: 4.118593 | lrm: 1.00 | dt: 574.06ms | tok/sec: 93,648 | bf16_mfu: 0.00 | epoch: 1 pq: 0 rg: 62 | total time: 6.12m | eta: 31.0m
step 00639/03814 (16.75%) | loss: 4.102273 | lrm: 1.00 | dt: 579.02ms | tok/sec: 92,846 | bf16_mfu: 0.00 | epoch: 1 pq: 0 rg: 62 | total time: 6.13m | eta: 30.9m
step 00640/03814 (16.78%) | loss: 4.098326 | lrm: 1.00 | dt: 575.72ms | tok/sec: 93,379 | bf16_mfu: 0.00 | epoch: 1 pq: 0 rg: 62 | total time: 6.14m | eta: 30.9m
step 00641/03814 (16.81%) | loss: 4.094661 | lrm: 1.00 | dt: 576.50ms | tok/sec: 93,253 | bf16_mfu: 0.00 | epoch: 1 pq: 0 rg: 62 | total time: 6.15m | eta: 30.9m
step 00642/03814 (16.83%) | loss: 4.078240 | lrm: 1.00 | dt: 577.65ms | tok/sec: 93,066 | bf16_mfu: 0.00 | epoch: 1 pq: 0 rg: 62 | total time: 6.16m | eta: 30.9m
step 00643/03814 (16.86%) | loss: 4.078387 | lrm: 1.00 | dt: 580.90ms | tok/sec: 92,545 | bf16_mfu: 0.00 | epoch: 1 pq: 0 rg: 63 | total time: 6.17m | eta: 30.9m
step 00644/03814 (16.89%) | loss: 4.077171 | lrm: 1.00 | dt: 574.30ms | tok/sec: 93,609 | bf16_mfu: 0.00 | epoch: 1 pq: 0 rg: 63 | total time: 6.18m | eta: 30.9m
step 00645/03814 (16.91%) | loss: 4.078874 | lrm: 1.00 | dt: 585.21ms | tok/sec: 91,864 | bf16_mfu: 0.00 | epoch: 1 pq: 0 rg: 63 | total time: 6.19m | eta: 30.9m
step 00646/03814 (16.94%) | loss: 4.077047 | lrm: 1.00 | dt: 582.74ms | tok/sec: 92,253 | bf16_mfu: 0.00 | epoch: 1 pq: 0 rg: 63 | total time: 6.20m | eta: 30.9m
step 00647/03814 (16.96%) | loss: 4.063934 | lrm: 1.00 | dt: 573.32ms | tok/sec: 93,770 | bf16_mfu: 0.00 | epoch: 1 pq: 0 rg: 63 | total time: 6.21m | eta: 30.9m
step 00648/03814 (16.99%) | loss: 4.062807 | lrm: 1.00 | dt: 580.65ms | tok/sec: 92,586 | bf16_mfu: 0.00 | epoch: 1 pq: 0 rg: 63 | total time: 6.22m | eta: 30.9m
step 00649/03814 (17.02%) | loss: 4.065666 | lrm: 1.00 | dt: 575.25ms | tok/sec: 93,454 | bf16_mfu: 0.00 | epoch: 1 pq: 0 rg: 63 | total time: 6.23m | eta: 30.8m
step 00650/03814 (17.04%) | loss: 4.069665 | lrm: 1.00 | dt: 586.03ms | tok/sec: 91,735 | bf16_mfu: 0.00 | epoch: 1 pq: 0 rg: 63 | total time: 6.24m | eta: 30.8m
step 00651/03814 (17.07%) | loss: 4.075038 | lrm: 1.00 | dt: 609.60ms | tok/sec: 88,188 | bf16_mfu: 0.00 | epoch: 1 pq: 0 rg: 63 | total time: 6.25m | eta: 30.8m
step 00652/03814 (17.09%) | loss: 4.052142 | lrm: 1.00 | dt: 583.74ms | tok/sec: 92,095 | bf16_mfu: 0.00 | epoch: 1 pq: 0 rg: 63 | total time: 6.26m | eta: 30.8m
step 00653/03814 (17.12%) | loss: 4.043000 | lrm: 1.00 | dt: 587.50ms | tok/sec: 91,505 | bf16_mfu: 0.00 | epoch: 1 pq: 0 rg: 63 | total time: 6.27m | eta: 30.8m
step 00654/03814 (17.15%) | loss: 4.039820 | lrm: 1.00 | dt: 640.70ms | tok/sec: 83,908 | bf16_mfu: 0.00 | epoch: 1 pq: 0 rg: 64 | total time: 6.28m | eta: 30.8m
step 00655/03814 (17.17%) | loss: 4.043506 | lrm: 1.00 | dt: 587.46ms | tok/sec: 91,512 | bf16_mfu: 0.00 | epoch: 1 pq: 0 rg: 64 | total time: 6.29m | eta: 30.8m
step 00656/03814 (17.20%) | loss: 4.041104 | lrm: 1.00 | dt: 573.93ms | tok/sec: 93,670 | bf16_mfu: 0.00 | epoch: 1 pq: 0 rg: 64 | total time: 6.30m | eta: 30.8m
step 00657/03814 (17.23%) | loss: 4.034077 | lrm: 1.00 | dt: 583.82ms | tok/sec: 92,083 | bf16_mfu: 0.00 | epoch: 1 pq: 0 rg: 64 | total time: 6.31m | eta: 30.8m
step 00658/03814 (17.25%) | loss: 4.038743 | lrm: 1.00 | dt: 581.69ms | tok/sec: 92,420 | bf16_mfu: 0.00 | epoch: 1 pq: 0 rg: 64 | total time: 6.32m | eta: 30.8m
step 00659/03814 (17.28%) | loss: 4.022449 | lrm: 1.00 | dt: 582.32ms | tok/sec: 92,321 | bf16_mfu: 0.00 | epoch: 1 pq: 0 rg: 64 | total time: 6.33m | eta: 30.8m
step 00660/03814 (17.30%) | loss: 4.011573 | lrm: 1.00 | dt: 579.47ms | tok/sec: 92,773 | bf16_mfu: 0.00 | epoch: 1 pq: 0 rg: 64 | total time: 6.34m | eta: 30.7m
step 00661/03814 (17.33%) | loss: 4.007750 | lrm: 1.00 | dt: 585.42ms | tok/sec: 91,831 | bf16_mfu: 0.00 | epoch: 1 pq: 0 rg: 64 | total time: 6.35m | eta: 30.7m
step 00662/03814 (17.36%) | loss: 4.024760 | lrm: 1.00 | dt: 580.03ms | tok/sec: 92,684 | bf16_mfu: 0.00 | epoch: 1 pq: 0 rg: 64 | total time: 6.36m | eta: 30.7m
step 00663/03814 (17.38%) | loss: 4.018750 | lrm: 1.00 | dt: 575.05ms | tok/sec: 93,487 | bf16_mfu: 0.00 | epoch: 1 pq: 0 rg: 64 | total time: 6.36m | eta: 30.7m
step 00664/03814 (17.41%) | loss: 3.999886 | lrm: 1.00 | dt: 585.46ms | tok/sec: 91,825 | bf16_mfu: 0.00 | epoch: 1 pq: 0 rg: 64 | total time: 6.37m | eta: 30.7m
step 00665/03814 (17.44%) | loss: 3.997879 | lrm: 1.00 | dt: 587.87ms | tok/sec: 91,449 | bf16_mfu: 0.00 | epoch: 1 pq: 0 rg: 65 | total time: 6.38m | eta: 30.7m
step 00666/03814 (17.46%) | loss: 4.021664 | lrm: 1.00 | dt: 589.62ms | tok/sec: 91,177 | bf16_mfu: 0.00 | epoch: 1 pq: 0 rg: 65 | total time: 6.39m | eta: 30.7m
step 00667/03814 (17.49%) | loss: 4.021782 | lrm: 1.00 | dt: 605.94ms | tok/sec: 88,722 | bf16_mfu: 0.00 | epoch: 1 pq: 0 rg: 65 | total time: 6.40m | eta: 30.7m
step 00668/03814 (17.51%) | loss: 4.018792 | lrm: 1.00 | dt: 586.24ms | tok/sec: 91,703 | bf16_mfu: 0.00 | epoch: 1 pq: 0 rg: 65 | total time: 6.41m | eta: 30.7m
step 00669/03814 (17.54%) | loss: 4.022668 | lrm: 1.00 | dt: 585.89ms | tok/sec: 91,757 | bf16_mfu: 0.00 | epoch: 1 pq: 0 rg: 65 | total time: 6.42m | eta: 30.7m
step 00670/03814 (17.57%) | loss: 4.008956 | lrm: 1.00 | dt: 582.30ms | tok/sec: 92,322 | bf16_mfu: 0.00 | epoch: 1 pq: 0 rg: 65 | total time: 6.43m | eta: 30.6m
step 00671/03814 (17.59%) | loss: 4.000930 | lrm: 1.00 | dt: 590.49ms | tok/sec: 91,043 | bf16_mfu: 0.00 | epoch: 1 pq: 0 rg: 65 | total time: 6.44m | eta: 30.6m
step 00672/03814 (17.62%) | loss: 3.992320 | lrm: 1.00 | dt: 576.52ms | tok/sec: 93,248 | bf16_mfu: 0.00 | epoch: 1 pq: 0 rg: 65 | total time: 6.45m | eta: 30.6m
step 00673/03814 (17.65%) | loss: 3.987680 | lrm: 1.00 | dt: 586.84ms | tok/sec: 91,608 | bf16_mfu: 0.00 | epoch: 1 pq: 0 rg: 65 | total time: 6.46m | eta: 30.6m
step 00674/03814 (17.67%) | loss: 4.009347 | lrm: 1.00 | dt: 583.24ms | tok/sec: 92,175 | bf16_mfu: 0.00 | epoch: 1 pq: 0 rg: 65 | total time: 6.47m | eta: 30.6m
step 00675/03814 (17.70%) | loss: 4.021460 | lrm: 1.00 | dt: 663.83ms | tok/sec: 80,984 | bf16_mfu: 0.00 | epoch: 1 pq: 0 rg: 66 | total time: 6.48m | eta: 30.6m
step 00676/03814 (17.72%) | loss: 4.019721 | lrm: 1.00 | dt: 582.85ms | tok/sec: 92,235 | bf16_mfu: 0.00 | epoch: 1 pq: 0 rg: 66 | total time: 6.49m | eta: 30.6m
step 00677/03814 (17.75%) | loss: 4.023479 | lrm: 1.00 | dt: 578.56ms | tok/sec: 92,921 | bf16_mfu: 0.00 | epoch: 1 pq: 0 rg: 66 | total time: 6.50m | eta: 30.6m
step 00678/03814 (17.78%) | loss: 4.025644 | lrm: 1.00 | dt: 588.87ms | tok/sec: 91,292 | bf16_mfu: 0.00 | epoch: 1 pq: 0 rg: 66 | total time: 6.51m | eta: 30.6m
step 00679/03814 (17.80%) | loss: 4.036824 | lrm: 1.00 | dt: 584.61ms | tok/sec: 91,959 | bf16_mfu: 0.00 | epoch: 1 pq: 0 rg: 66 | total time: 6.52m | eta: 30.6m
step 00680/03814 (17.83%) | loss: 4.027494 | lrm: 1.00 | dt: 586.91ms | tok/sec: 91,598 | bf16_mfu: 0.00 | epoch: 1 pq: 0 rg: 66 | total time: 6.53m | eta: 30.6m
step 00681/03814 (17.86%) | loss: 4.022788 | lrm: 1.00 | dt: 585.21ms | tok/sec: 91,863 | bf16_mfu: 0.00 | epoch: 1 pq: 0 rg: 66 | total time: 6.54m | eta: 30.5m
step 00682/03814 (17.88%) | loss: 4.006590 | lrm: 1.00 | dt: 654.23ms | tok/sec: 82,172 | bf16_mfu: 0.00 | epoch: 1 pq: 0 rg: 66 | total time: 6.55m | eta: 30.5m
step 00683/03814 (17.91%) | loss: 4.010865 | lrm: 1.00 | dt: 589.26ms | tok/sec: 91,233 | bf16_mfu: 0.00 | epoch: 1 pq: 0 rg: 66 | total time: 6.56m | eta: 30.5m
step 00684/03814 (17.93%) | loss: 3.990475 | lrm: 1.00 | dt: 587.64ms | tok/sec: 91,484 | bf16_mfu: 0.00 | epoch: 1 pq: 0 rg: 66 | total time: 6.57m | eta: 30.5m
step 00685/03814 (17.96%) | loss: 3.986754 | lrm: 1.00 | dt: 588.18ms | tok/sec: 91,400 | bf16_mfu: 0.00 | epoch: 1 pq: 0 rg: 66 | total time: 6.58m | eta: 30.5m
step 00686/03814 (17.99%) | loss: 3.994349 | lrm: 1.00 | dt: 616.30ms | tok/sec: 87,230 | bf16_mfu: 0.00 | epoch: 1 pq: 0 rg: 67 | total time: 6.59m | eta: 30.5m
step 00687/03814 (18.01%) | loss: 4.000465 | lrm: 1.00 | dt: 580.79ms | tok/sec: 92,564 | bf16_mfu: 0.00 | epoch: 1 pq: 0 rg: 67 | total time: 6.60m | eta: 30.5m
step 00688/03814 (18.04%) | loss: 4.013184 | lrm: 1.00 | dt: 602.83ms | tok/sec: 89,179 | bf16_mfu: 0.00 | epoch: 1 pq: 0 rg: 67 | total time: 6.61m | eta: 30.5m
step 00689/03814 (18.07%) | loss: 4.007611 | lrm: 1.00 | dt: 582.65ms | tok/sec: 92,267 | bf16_mfu: 0.00 | epoch: 1 pq: 0 rg: 67 | total time: 6.62m | eta: 30.5m
step 00690/03814 (18.09%) | loss: 4.004856 | lrm: 1.00 | dt: 586.93ms | tok/sec: 91,595 | bf16_mfu: 0.00 | epoch: 1 pq: 0 rg: 67 | total time: 6.63m | eta: 30.5m
step 00691/03814 (18.12%) | loss: 4.003082 | lrm: 1.00 | dt: 579.50ms | tok/sec: 92,769 | bf16_mfu: 0.00 | epoch: 1 pq: 0 rg: 67 | total time: 6.64m | eta: 30.5m
step 00692/03814 (18.14%) | loss: 3.996891 | lrm: 1.00 | dt: 585.79ms | tok/sec: 91,773 | bf16_mfu: 0.00 | epoch: 1 pq: 0 rg: 67 | total time: 6.65m | eta: 30.4m
step 00693/03814 (18.17%) | loss: 4.009649 | lrm: 1.00 | dt: 590.35ms | tok/sec: 91,064 | bf16_mfu: 0.00 | epoch: 1 pq: 0 rg: 67 | total time: 6.66m | eta: 30.4m
step 00694/03814 (18.20%) | loss: 4.024203 | lrm: 1.00 | dt: 582.84ms | tok/sec: 92,237 | bf16_mfu: 0.00 | epoch: 1 pq: 0 rg: 67 | total time: 6.67m | eta: 30.4m
step 00695/03814 (18.22%) | loss: 4.023300 | lrm: 1.00 | dt: 587.02ms | tok/sec: 91,581 | bf16_mfu: 0.00 | epoch: 1 pq: 0 rg: 67 | total time: 6.68m | eta: 30.4m
step 00696/03814 (18.25%) | loss: 4.022369 | lrm: 1.00 | dt: 589.39ms | tok/sec: 91,213 | bf16_mfu: 0.00 | epoch: 1 pq: 0 rg: 67 | total time: 6.69m | eta: 30.4m
step 00697/03814 (18.27%) | loss: 4.028009 | lrm: 1.00 | dt: 608.77ms | tok/sec: 88,308 | bf16_mfu: 0.00 | epoch: 1 pq: 0 rg: 68 | total time: 6.70m | eta: 30.4m
step 00698/03814 (18.30%) | loss: 4.041084 | lrm: 1.00 | dt: 587.26ms | tok/sec: 91,543 | bf16_mfu: 0.00 | epoch: 1 pq: 0 rg: 68 | total time: 6.71m | eta: 30.4m
step 00699/03814 (18.33%) | loss: 4.021701 | lrm: 1.00 | dt: 587.03ms | tok/sec: 91,580 | bf16_mfu: 0.00 | epoch: 1 pq: 0 rg: 68 | total time: 6.72m | eta: 30.4m
step 00700/03814 (18.35%) | loss: 4.009316 | lrm: 1.00 | dt: 588.66ms | tok/sec: 91,325 | bf16_mfu: 0.00 | epoch: 1 pq: 0 rg: 68 | total time: 6.73m | eta: 30.4m
step 00701/03814 (18.38%) | loss: 4.021386 | lrm: 1.00 | dt: 587.29ms | tok/sec: 91,539 | bf16_mfu: 0.00 | epoch: 1 pq: 0 rg: 68 | total time: 6.74m | eta: 30.4m
step 00702/03814 (18.41%) | loss: 4.024306 | lrm: 1.00 | dt: 587.11ms | tok/sec: 91,567 | bf16_mfu: 0.00 | epoch: 1 pq: 0 rg: 68 | total time: 6.75m | eta: 30.4m
step 00703/03814 (18.43%) | loss: 4.004950 | lrm: 1.00 | dt: 592.25ms | tok/sec: 90,773 | bf16_mfu: 0.00 | epoch: 1 pq: 0 rg: 68 | total time: 6.76m | eta: 30.3m
step 00704/03814 (18.46%) | loss: 3.981216 | lrm: 1.00 | dt: 587.96ms | tok/sec: 91,434 | bf16_mfu: 0.00 | epoch: 1 pq: 0 rg: 68 | total time: 6.77m | eta: 30.3m
step 00705/03814 (18.48%) | loss: 3.994251 | lrm: 1.00 | dt: 590.77ms | tok/sec: 90,999 | bf16_mfu: 0.00 | epoch: 1 pq: 0 rg: 68 | total time: 6.78m | eta: 30.3m
step 00706/03814 (18.51%) | loss: 3.983328 | lrm: 1.00 | dt: 580.90ms | tok/sec: 92,545 | bf16_mfu: 0.00 | epoch: 1 pq: 0 rg: 68 | total time: 6.79m | eta: 30.3m
step 00707/03814 (18.54%) | loss: 3.984400 | lrm: 1.00 | dt: 589.57ms | tok/sec: 91,185 | bf16_mfu: 0.00 | epoch: 1 pq: 0 rg: 69 | total time: 6.80m | eta: 30.3m
step 00708/03814 (18.56%) | loss: 3.988165 | lrm: 1.00 | dt: 591.68ms | tok/sec: 90,860 | bf16_mfu: 0.00 | epoch: 1 pq: 0 rg: 69 | total time: 6.81m | eta: 30.3m
step 00709/03814 (18.59%) | loss: 3.988484 | lrm: 1.00 | dt: 594.51ms | tok/sec: 90,427 | bf16_mfu: 0.00 | epoch: 1 pq: 0 rg: 69 | total time: 6.82m | eta: 30.3m
step 00710/03814 (18.62%) | loss: 4.003897 | lrm: 1.00 | dt: 590.68ms | tok/sec: 91,013 | bf16_mfu: 0.00 | epoch: 1 pq: 0 rg: 69 | total time: 6.83m | eta: 30.3m
step 00711/03814 (18.64%) | loss: 3.990838 | lrm: 1.00 | dt: 592.10ms | tok/sec: 90,796 | bf16_mfu: 0.00 | epoch: 1 pq: 0 rg: 69 | total time: 6.84m | eta: 30.3m
step 00712/03814 (18.67%) | loss: 3.975138 | lrm: 1.00 | dt: 600.63ms | tok/sec: 89,506 | bf16_mfu: 0.00 | epoch: 1 pq: 0 rg: 69 | total time: 6.85m | eta: 30.3m
step 00713/03814 (18.69%) | loss: 3.977333 | lrm: 1.00 | dt: 594.39ms | tok/sec: 90,446 | bf16_mfu: 0.00 | epoch: 1 pq: 0 rg: 69 | total time: 6.86m | eta: 30.3m
step 00714/03814 (18.72%) | loss: 3.992792 | lrm: 1.00 | dt: 599.17ms | tok/sec: 89,724 | bf16_mfu: 0.00 | epoch: 1 pq: 0 rg: 69 | total time: 6.87m | eta: 30.2m
step 00715/03814 (18.75%) | loss: 3.989408 | lrm: 1.00 | dt: 593.89ms | tok/sec: 90,521 | bf16_mfu: 0.00 | epoch: 1 pq: 0 rg: 69 | total time: 6.88m | eta: 30.2m
step 00716/03814 (18.77%) | loss: 3.984174 | lrm: 1.00 | dt: 601.13ms | tok/sec: 89,431 | bf16_mfu: 0.00 | epoch: 1 pq: 0 rg: 69 | total time: 6.89m | eta: 30.2m
step 00717/03814 (18.80%) | loss: 4.010788 | lrm: 1.00 | dt: 594.57ms | tok/sec: 90,419 | bf16_mfu: 0.00 | epoch: 1 pq: 0 rg: 69 | total time: 6.90m | eta: 30.2m
step 00718/03814 (18.83%) | loss: 4.027388 | lrm: 1.00 | dt: 672.64ms | tok/sec: 79,924 | bf16_mfu: 0.00 | epoch: 1 pq: 0 rg: 70 | total time: 6.91m | eta: 30.2m
step 00719/03814 (18.85%) | loss: 4.005648 | lrm: 1.00 | dt: 750.33ms | tok/sec: 71,648 | bf16_mfu: 0.00 | epoch: 1 pq: 0 rg: 70 | total time: 6.92m | eta: 30.2m
step 00720/03814 (18.88%) | loss: 4.020514 | lrm: 1.00 | dt: 599.32ms | tok/sec: 89,701 | bf16_mfu: 0.00 | epoch: 1 pq: 0 rg: 70 | total time: 6.93m | eta: 30.2m
step 00721/03814 (18.90%) | loss: 4.036792 | lrm: 1.00 | dt: 594.24ms | tok/sec: 90,467 | bf16_mfu: 0.00 | epoch: 1 pq: 0 rg: 70 | total time: 6.94m | eta: 30.2m
step 00722/03814 (18.93%) | loss: 4.044061 | lrm: 1.00 | dt: 603.18ms | tok/sec: 89,127 | bf16_mfu: 0.00 | epoch: 1 pq: 0 rg: 70 | total time: 6.95m | eta: 30.2m
step 00723/03814 (18.96%) | loss: 4.050911 | lrm: 1.00 | dt: 605.12ms | tok/sec: 88,841 | bf16_mfu: 0.00 | epoch: 1 pq: 0 rg: 70 | total time: 6.96m | eta: 30.2m
step 00724/03814 (18.98%) | loss: 4.039436 | lrm: 1.00 | dt: 604.10ms | tok/sec: 88,992 | bf16_mfu: 0.00 | epoch: 1 pq: 0 rg: 70 | total time: 6.97m | eta: 30.2m
step 00725/03814 (19.01%) | loss: 4.042091 | lrm: 1.00 | dt: 596.23ms | tok/sec: 90,166 | bf16_mfu: 0.00 | epoch: 1 pq: 0 rg: 70 | total time: 6.98m | eta: 30.2m
step 00726/03814 (19.04%) | loss: 4.036158 | lrm: 1.00 | dt: 604.24ms | tok/sec: 88,971 | bf16_mfu: 0.00 | epoch: 1 pq: 0 rg: 70 | total time: 6.99m | eta: 30.2m
step 00727/03814 (19.06%) | loss: 4.014370 | lrm: 1.00 | dt: 606.61ms | tok/sec: 88,623 | bf16_mfu: 0.00 | epoch: 1 pq: 0 rg: 70 | total time: 7.00m | eta: 30.1m
step 00728/03814 (19.09%) | loss: 4.016304 | lrm: 1.00 | dt: 605.94ms | tok/sec: 88,722 | bf16_mfu: 0.00 | epoch: 1 pq: 0 rg: 70 | total time: 7.01m | eta: 30.1m
step 00729/03814 (19.11%) | loss: 4.006314 | lrm: 1.00 | dt: 595.98ms | tok/sec: 90,204 | bf16_mfu: 0.00 | epoch: 1 pq: 0 rg: 71 | total time: 7.02m | eta: 30.1m
step 00730/03814 (19.14%) | loss: 4.026154 | lrm: 1.00 | dt: 603.81ms | tok/sec: 89,034 | bf16_mfu: 0.00 | epoch: 1 pq: 0 rg: 71 | total time: 7.03m | eta: 30.1m
step 00731/03814 (19.17%) | loss: 4.008264 | lrm: 1.00 | dt: 604.55ms | tok/sec: 88,925 | bf16_mfu: 0.00 | epoch: 1 pq: 0 rg: 71 | total time: 7.04m | eta: 30.1m
step 00732/03814 (19.19%) | loss: 4.033614 | lrm: 1.00 | dt: 608.52ms | tok/sec: 88,346 | bf16_mfu: 0.00 | epoch: 1 pq: 0 rg: 71 | total time: 7.05m | eta: 30.1m
step 00733/03814 (19.22%) | loss: 4.041916 | lrm: 1.00 | dt: 606.95ms | tok/sec: 88,573 | bf16_mfu: 0.00 | epoch: 1 pq: 0 rg: 71 | total time: 7.06m | eta: 30.1m
step 00734/03814 (19.24%) | loss: 4.037233 | lrm: 1.00 | dt: 607.36ms | tok/sec: 88,514 | bf16_mfu: 0.00 | epoch: 1 pq: 0 rg: 71 | total time: 7.07m | eta: 30.1m
step 00735/03814 (19.27%) | loss: 4.035278 | lrm: 1.00 | dt: 606.88ms | tok/sec: 88,584 | bf16_mfu: 0.00 | epoch: 1 pq: 0 rg: 71 | total time: 7.08m | eta: 30.1m
step 00736/03814 (19.30%) | loss: 4.045937 | lrm: 1.00 | dt: 612.50ms | tok/sec: 87,770 | bf16_mfu: 0.00 | epoch: 1 pq: 0 rg: 71 | total time: 7.09m | eta: 30.1m
step 00737/03814 (19.32%) | loss: 4.044540 | lrm: 1.00 | dt: 810.40ms | tok/sec: 66,338 | bf16_mfu: 0.00 | epoch: 1 pq: 0 rg: 71 | total time: 7.11m | eta: 30.1m
step 00738/03814 (19.35%) | loss: 4.041789 | lrm: 1.00 | dt: 602.47ms | tok/sec: 89,232 | bf16_mfu: 0.00 | epoch: 1 pq: 0 rg: 71 | total time: 7.12m | eta: 30.1m
step 00739/03814 (19.38%) | loss: 4.029826 | lrm: 1.00 | dt: 606.82ms | tok/sec: 88,592 | bf16_mfu: 0.00 | epoch: 1 pq: 0 rg: 71 | total time: 7.13m | eta: 30.1m
step 00740/03814 (19.40%) | loss: 4.008865 | lrm: 1.00 | dt: 604.59ms | tok/sec: 88,919 | bf16_mfu: 0.00 | epoch: 1 pq: 0 rg: 72 | total time: 7.14m | eta: 30.1m
step 00741/03814 (19.43%) | loss: 3.993783 | lrm: 1.00 | dt: 609.20ms | tok/sec: 88,246 | bf16_mfu: 0.00 | epoch: 1 pq: 0 rg: 72 | total time: 7.15m | eta: 30.0m
step 00742/03814 (19.45%) | loss: 4.000465 | lrm: 1.00 | dt: 606.90ms | tok/sec: 88,581 | bf16_mfu: 0.00 | epoch: 1 pq: 0 rg: 72 | total time: 7.16m | eta: 30.0m
step 00743/03814 (19.48%) | loss: 3.995263 | lrm: 1.00 | dt: 608.97ms | tok/sec: 88,280 | bf16_mfu: 0.00 | epoch: 1 pq: 0 rg: 72 | total time: 7.17m | eta: 30.0m
step 00744/03814 (19.51%) | loss: 4.009548 | lrm: 1.00 | dt: 605.71ms | tok/sec: 88,754 | bf16_mfu: 0.00 | epoch: 1 pq: 0 rg: 72 | total time: 7.18m | eta: 30.0m
step 00745/03814 (19.53%) | loss: 4.012439 | lrm: 1.00 | dt: 608.70ms | tok/sec: 88,319 | bf16_mfu: 0.00 | epoch: 1 pq: 0 rg: 72 | total time: 7.19m | eta: 30.0m
step 00746/03814 (19.56%) | loss: 4.017352 | lrm: 1.00 | dt: 607.20ms | tok/sec: 88,537 | bf16_mfu: 0.00 | epoch: 1 pq: 0 rg: 72 | total time: 7.20m | eta: 30.0m
step 00747/03814 (19.59%) | loss: 4.016486 | lrm: 1.00 | dt: 607.28ms | tok/sec: 88,525 | bf16_mfu: 0.00 | epoch: 1 pq: 0 rg: 72 | total time: 7.21m | eta: 30.0m
step 00748/03814 (19.61%) | loss: 4.036358 | lrm: 1.00 | dt: 605.06ms | tok/sec: 88,850 | bf16_mfu: 0.00 | epoch: 1 pq: 0 rg: 72 | total time: 7.22m | eta: 30.0m
step 00749/03814 (19.64%) | loss: 4.043368 | lrm: 1.00 | dt: 607.92ms | tok/sec: 88,432 | bf16_mfu: 0.00 | epoch: 1 pq: 0 rg: 72 | total time: 7.23m | eta: 30.0m
step 00750/03814 (19.66%) | loss: 4.035367 | lrm: 1.00 | dt: 608.46ms | tok/sec: 88,354 | bf16_mfu: 0.00 | epoch: 1 pq: 0 rg: 72 | total time: 7.24m | eta: 30.0m
step 00751/03814 (19.69%) | loss: 4.028654 | lrm: 1.00 | dt: 606.14ms | tok/sec: 88,691 | bf16_mfu: 0.00 | epoch: 1 pq: 0 rg: 73 | total time: 7.25m | eta: 30.0m
step 00752/03814 (19.72%) | loss: 4.030727 | lrm: 1.00 | dt: 607.35ms | tok/sec: 88,515 | bf16_mfu: 0.00 | epoch: 1 pq: 0 rg: 73 | total time: 7.26m | eta: 30.0m
step 00753/03814 (19.74%) | loss: 4.029566 | lrm: 1.00 | dt: 720.85ms | tok/sec: 74,578 | bf16_mfu: 0.00 | epoch: 1 pq: 0 rg: 73 | total time: 7.27m | eta: 30.0m
step 00754/03814 (19.77%) | loss: 4.017781 | lrm: 1.00 | dt: 594.97ms | tok/sec: 90,357 | bf16_mfu: 0.00 | epoch: 1 pq: 0 rg: 73 | total time: 7.28m | eta: 29.9m
step 00755/03814 (19.80%) | loss: 4.011385 | lrm: 1.00 | dt: 607.16ms | tok/sec: 88,543 | bf16_mfu: 0.00 | epoch: 1 pq: 0 rg: 73 | total time: 7.29m | eta: 29.9m
step 00756/03814 (19.82%) | loss: 4.019355 | lrm: 1.00 | dt: 607.82ms | tok/sec: 88,447 | bf16_mfu: 0.00 | epoch: 1 pq: 0 rg: 73 | total time: 7.30m | eta: 29.9m
step 00757/03814 (19.85%) | loss: 3.999287 | lrm: 1.00 | dt: 605.15ms | tok/sec: 88,836 | bf16_mfu: 0.00 | epoch: 1 pq: 0 rg: 73 | total time: 7.31m | eta: 29.9m
step 00758/03814 (19.87%) | loss: 3.993597 | lrm: 1.00 | dt: 608.96ms | tok/sec: 88,282 | bf16_mfu: 0.00 | epoch: 1 pq: 0 rg: 73 | total time: 7.32m | eta: 29.9m
step 00759/03814 (19.90%) | loss: 3.987588 | lrm: 1.00 | dt: 607.42ms | tok/sec: 88,506 | bf16_mfu: 0.00 | epoch: 1 pq: 0 rg: 73 | total time: 7.33m | eta: 29.9m
step 00760/03814 (19.93%) | loss: 3.986700 | lrm: 1.00 | dt: 602.88ms | tok/sec: 89,172 | bf16_mfu: 0.00 | epoch: 1 pq: 0 rg: 73 | total time: 7.34m | eta: 29.9m
step 00761/03814 (19.95%) | loss: 3.979668 | lrm: 1.00 | dt: 596.80ms | tok/sec: 90,080 | bf16_mfu: 0.00 | epoch: 1 pq: 0 rg: 73 | total time: 7.35m | eta: 29.9m
step 00762/03814 (19.98%) | loss: 3.986807 | lrm: 1.00 | dt: 603.69ms | tok/sec: 89,052 | bf16_mfu: 0.00 | epoch: 1 pq: 0 rg: 74 | total time: 7.36m | eta: 29.9m
step 00763/03814 (20.01%) | loss: 3.974392 | lrm: 1.00 | dt: 601.86ms | tok/sec: 89,323 | bf16_mfu: 0.00 | epoch: 1 pq: 0 rg: 74 | total time: 7.37m | eta: 29.9m
step 00764/03814 (20.03%) | loss: 3.975384 | lrm: 1.00 | dt: 595.98ms | tok/sec: 90,204 | bf16_mfu: 0.00 | epoch: 1 pq: 0 rg: 74 | total time: 7.38m | eta: 29.9m
step 00765/03814 (20.06%) | loss: 3.969641 | lrm: 1.00 | dt: 598.39ms | tok/sec: 89,841 | bf16_mfu: 0.00 | epoch: 1 pq: 0 rg: 74 | total time: 7.39m | eta: 29.8m
step 00766/03814 (20.08%) | loss: 3.963373 | lrm: 1.00 | dt: 593.40ms | tok/sec: 90,596 | bf16_mfu: 0.00 | epoch: 1 pq: 0 rg: 74 | total time: 7.40m | eta: 29.8m
step 00767/03814 (20.11%) | loss: 3.983492 | lrm: 1.00 | dt: 600.33ms | tok/sec: 89,550 | bf16_mfu: 0.00 | epoch: 1 pq: 0 rg: 74 | total time: 7.41m | eta: 29.8m
step 00768/03814 (20.14%) | loss: 3.968420 | lrm: 1.00 | dt: 592.80ms | tok/sec: 90,688 | bf16_mfu: 0.00 | epoch: 1 pq: 0 rg: 74 | total time: 7.42m | eta: 29.8m
step 00769/03814 (20.16%) | loss: 3.977729 | lrm: 1.00 | dt: 600.32ms | tok/sec: 89,552 | bf16_mfu: 0.00 | epoch: 1 pq: 0 rg: 74 | total time: 7.43m | eta: 29.8m
step 00770/03814 (20.19%) | loss: 3.986762 | lrm: 1.00 | dt: 595.06ms | tok/sec: 90,343 | bf16_mfu: 0.00 | epoch: 1 pq: 0 rg: 74 | total time: 7.44m | eta: 29.8m
step 00771/03814 (20.21%) | loss: 3.991727 | lrm: 1.00 | dt: 604.14ms | tok/sec: 88,986 | bf16_mfu: 0.00 | epoch: 1 pq: 0 rg: 74 | total time: 7.45m | eta: 29.8m
step 00772/03814 (20.24%) | loss: 3.995543 | lrm: 1.00 | dt: 602.14ms | tok/sec: 89,281 | bf16_mfu: 0.00 | epoch: 1 pq: 0 rg: 74 | total time: 7.46m | eta: 29.8m
step 00773/03814 (20.27%) | loss: 3.990108 | lrm: 1.00 | dt: 613.20ms | tok/sec: 87,671 | bf16_mfu: 0.00 | epoch: 1 pq: 0 rg: 75 | total time: 7.47m | eta: 29.8m
step 00774/03814 (20.29%) | loss: 3.991424 | lrm: 1.00 | dt: 600.97ms | tok/sec: 89,455 | bf16_mfu: 0.00 | epoch: 1 pq: 0 rg: 75 | total time: 7.48m | eta: 29.8m
step 00775/03814 (20.32%) | loss: 3.991260 | lrm: 1.00 | dt: 593.38ms | tok/sec: 90,599 | bf16_mfu: 0.00 | epoch: 1 pq: 0 rg: 75 | total time: 7.49m | eta: 29.8m
step 00776/03814 (20.35%) | loss: 3.991421 | lrm: 1.00 | dt: 604.76ms | tok/sec: 88,894 | bf16_mfu: 0.00 | epoch: 1 pq: 0 rg: 75 | total time: 7.50m | eta: 29.7m
step 00777/03814 (20.37%) | loss: 3.995440 | lrm: 1.00 | dt: 589.26ms | tok/sec: 91,232 | bf16_mfu: 0.00 | epoch: 1 pq: 0 rg: 75 | total time: 7.51m | eta: 29.7m
step 00778/03814 (20.40%) | loss: 3.986486 | lrm: 1.00 | dt: 599.07ms | tok/sec: 89,738 | bf16_mfu: 0.00 | epoch: 1 pq: 0 rg: 75 | total time: 7.52m | eta: 29.7m
step 00779/03814 (20.42%) | loss: 3.967699 | lrm: 1.00 | dt: 588.78ms | tok/sec: 91,307 | bf16_mfu: 0.00 | epoch: 1 pq: 0 rg: 75 | total time: 7.53m | eta: 29.7m
step 00780/03814 (20.45%) | loss: 3.970604 | lrm: 1.00 | dt: 595.18ms | tok/sec: 90,325 | bf16_mfu: 0.00 | epoch: 1 pq: 0 rg: 75 | total time: 7.54m | eta: 29.7m
step 00781/03814 (20.48%) | loss: 3.999196 | lrm: 1.00 | dt: 602.81ms | tok/sec: 89,182 | bf16_mfu: 0.00 | epoch: 1 pq: 0 rg: 75 | total time: 7.55m | eta: 29.7m
step 00782/03814 (20.50%) | loss: 4.000598 | lrm: 1.00 | dt: 591.54ms | tok/sec: 90,881 | bf16_mfu: 0.00 | epoch: 1 pq: 0 rg: 75 | total time: 7.56m | eta: 29.7m
step 00783/03814 (20.53%) | loss: 4.000197 | lrm: 1.00 | dt: 599.12ms | tok/sec: 89,731 | bf16_mfu: 0.00 | epoch: 1 pq: 0 rg: 76 | total time: 7.57m | eta: 29.7m
step 00784/03814 (20.56%) | loss: 3.996039 | lrm: 1.00 | dt: 594.77ms | tok/sec: 90,387 | bf16_mfu: 0.00 | epoch: 1 pq: 0 rg: 76 | total time: 7.58m | eta: 29.7m
step 00785/03814 (20.58%) | loss: 3.984231 | lrm: 1.00 | dt: 590.03ms | tok/sec: 91,114 | bf16_mfu: 0.00 | epoch: 1 pq: 0 rg: 76 | total time: 7.59m | eta: 29.7m
step 00786/03814 (20.61%) | loss: 3.962810 | lrm: 1.00 | dt: 607.99ms | tok/sec: 88,422 | bf16_mfu: 0.00 | epoch: 1 pq: 0 rg: 76 | total time: 7.60m | eta: 29.7m
step 00787/03814 (20.63%) | loss: 3.967472 | lrm: 1.00 | dt: 595.46ms | tok/sec: 90,283 | bf16_mfu: 0.00 | epoch: 1 pq: 0 rg: 76 | total time: 7.61m | eta: 29.6m
step 00788/03814 (20.66%) | loss: 3.977517 | lrm: 1.00 | dt: 700.02ms | tok/sec: 76,797 | bf16_mfu: 0.00 | epoch: 1 pq: 0 rg: 76 | total time: 7.62m | eta: 29.6m
step 00789/03814 (20.69%) | loss: 3.998608 | lrm: 1.00 | dt: 627.01ms | tok/sec: 85,739 | bf16_mfu: 0.00 | epoch: 1 pq: 0 rg: 76 | total time: 7.63m | eta: 29.6m
step 00790/03814 (20.71%) | loss: 3.973200 | lrm: 1.00 | dt: 1011.31ms | tok/sec: 53,158 | bf16_mfu: 0.00 | epoch: 1 pq: 0 rg: 76 | total time: 7.65m | eta: 29.7m
step 00791/03814 (20.74%) | loss: 3.974923 | lrm: 1.00 | dt: 589.54ms | tok/sec: 91,189 | bf16_mfu: 0.00 | epoch: 1 pq: 0 rg: 76 | total time: 7.66m | eta: 29.6m
step 00792/03814 (20.77%) | loss: 3.995243 | lrm: 1.00 | dt: 666.47ms | tok/sec: 80,664 | bf16_mfu: 0.00 | epoch: 1 pq: 0 rg: 76 | total time: 7.67m | eta: 29.6m
step 00793/03814 (20.79%) | loss: 3.978182 | lrm: 1.00 | dt: 590.35ms | tok/sec: 91,064 | bf16_mfu: 0.00 | epoch: 1 pq: 0 rg: 76 | total time: 7.68m | eta: 29.6m
step 00794/03814 (20.82%) | loss: 3.968089 | lrm: 1.00 | dt: 585.79ms | tok/sec: 91,773 | bf16_mfu: 0.00 | epoch: 1 pq: 0 rg: 76 | total time: 7.69m | eta: 29.6m
step 00795/03814 (20.84%) | loss: 3.969644 | lrm: 1.00 | dt: 616.27ms | tok/sec: 87,235 | bf16_mfu: 0.00 | epoch: 1 pq: 0 rg: 77 | total time: 7.70m | eta: 29.6m
step 00796/03814 (20.87%) | loss: 3.989822 | lrm: 1.00 | dt: 602.16ms | tok/sec: 89,278 | bf16_mfu: 0.00 | epoch: 1 pq: 0 rg: 77 | total time: 7.71m | eta: 29.6m
step 00797/03814 (20.90%) | loss: 3.990585 | lrm: 1.00 | dt: 749.15ms | tok/sec: 71,761 | bf16_mfu: 0.00 | epoch: 1 pq: 0 rg: 77 | total time: 7.72m | eta: 29.6m
step 00798/03814 (20.92%) | loss: 3.985991 | lrm: 1.00 | dt: 593.26ms | tok/sec: 90,617 | bf16_mfu: 0.00 | epoch: 1 pq: 0 rg: 77 | total time: 7.73m | eta: 29.6m
step 00799/03814 (20.95%) | loss: 3.990908 | lrm: 1.00 | dt: 586.61ms | tok/sec: 91,645 | bf16_mfu: 0.00 | epoch: 1 pq: 0 rg: 77 | total time: 7.74m | eta: 29.6m
step 00800/03814 (20.98%) | loss: 4.013870 | lrm: 1.00 | dt: 590.11ms | tok/sec: 91,101 | bf16_mfu: 0.00 | epoch: 1 pq: 0 rg: 77 | total time: 7.75m | eta: 29.6m
step 00801/03814 (21.00%) | loss: 3.999413 | lrm: 1.00 | dt: 595.13ms | tok/sec: 90,333 | bf16_mfu: 0.00 | epoch: 1 pq: 0 rg: 77 | total time: 7.76m | eta: 29.6m
step 00802/03814 (21.03%) | loss: 3.986074 | lrm: 1.00 | dt: 697.57ms | tok/sec: 77,067 | bf16_mfu: 0.00 | epoch: 1 pq: 0 rg: 77 | total time: 7.77m | eta: 29.6m
step 00803/03814 (21.05%) | loss: 3.992254 | lrm: 1.00 | dt: 627.40ms | tok/sec: 85,686 | bf16_mfu: 0.00 | epoch: 1 pq: 0 rg: 77 | total time: 7.78m | eta: 29.6m
step 00804/03814 (21.08%) | loss: 4.012551 | lrm: 1.00 | dt: 587.16ms | tok/sec: 91,559 | bf16_mfu: 0.00 | epoch: 1 pq: 0 rg: 77 | total time: 7.79m | eta: 29.5m
step 00805/03814 (21.11%) | loss: 4.002721 | lrm: 1.00 | dt: 589.17ms | tok/sec: 91,246 | bf16_mfu: 0.00 | epoch: 1 pq: 0 rg: 77 | total time: 7.80m | eta: 29.5m
step 00806/03814 (21.13%) | loss: 4.014419 | lrm: 1.00 | dt: 713.77ms | tok/sec: 75,318 | bf16_mfu: 0.00 | epoch: 1 pq: 0 rg: 78 | total time: 7.81m | eta: 29.5m
step 00807/03814 (21.16%) | loss: 4.014517 | lrm: 1.00 | dt: 588.79ms | tok/sec: 91,305 | bf16_mfu: 0.00 | epoch: 1 pq: 0 rg: 78 | total time: 7.82m | eta: 29.5m
step 00808/03814 (21.19%) | loss: 4.000370 | lrm: 1.00 | dt: 589.21ms | tok/sec: 91,240 | bf16_mfu: 0.00 | epoch: 1 pq: 0 rg: 78 | total time: 7.83m | eta: 29.5m
step 00809/03814 (21.21%) | loss: 3.992824 | lrm: 1.00 | dt: 583.37ms | tok/sec: 92,153 | bf16_mfu: 0.00 | epoch: 1 pq: 0 rg: 78 | total time: 7.84m | eta: 29.5m
step 00810/03814 (21.24%) | loss: 3.997872 | lrm: 1.00 | dt: 593.76ms | tok/sec: 90,542 | bf16_mfu: 0.00 | epoch: 1 pq: 0 rg: 78 | total time: 7.85m | eta: 29.5m
step 00811/03814 (21.26%) | loss: 3.984785 | lrm: 1.00 | dt: 617.86ms | tok/sec: 87,010 | bf16_mfu: 0.00 | epoch: 1 pq: 0 rg: 78 | total time: 7.86m | eta: 29.5m
step 00812/03814 (21.29%) | loss: 3.975703 | lrm: 1.00 | dt: 595.13ms | tok/sec: 90,332 | bf16_mfu: 0.00 | epoch: 1 pq: 0 rg: 78 | total time: 7.87m | eta: 29.5m
step 00813/03814 (21.32%) | loss: 3.985810 | lrm: 1.00 | dt: 618.83ms | tok/sec: 86,873 | bf16_mfu: 0.00 | epoch: 1 pq: 0 rg: 78 | total time: 7.88m | eta: 29.5m
step 00814/03814 (21.34%) | loss: 3.998378 | lrm: 1.00 | dt: 612.81ms | tok/sec: 87,726 | bf16_mfu: 0.00 | epoch: 1 pq: 0 rg: 78 | total time: 7.89m | eta: 29.5m
step 00815/03814 (21.37%) | loss: 4.007319 | lrm: 1.00 | dt: 604.32ms | tok/sec: 88,959 | bf16_mfu: 0.00 | epoch: 1 pq: 0 rg: 78 | total time: 7.91m | eta: 29.4m
step 00816/03814 (21.39%) | loss: 4.007060 | lrm: 1.00 | dt: 591.23ms | tok/sec: 90,929 | bf16_mfu: 0.00 | epoch: 1 pq: 0 rg: 78 | total time: 7.91m | eta: 29.4m
step 00817/03814 (21.42%) | loss: 3.992067 | lrm: 1.00 | dt: 656.41ms | tok/sec: 81,899 | bf16_mfu: 0.00 | epoch: 1 pq: 0 rg: 79 | total time: 7.93m | eta: 29.4m
step 00818/03814 (21.45%) | loss: 3.994494 | lrm: 1.00 | dt: 586.28ms | tok/sec: 91,697 | bf16_mfu: 0.00 | epoch: 1 pq: 0 rg: 79 | total time: 7.94m | eta: 29.4m
step 00819/03814 (21.47%) | loss: 4.006471 | lrm: 1.00 | dt: 589.00ms | tok/sec: 91,273 | bf16_mfu: 0.00 | epoch: 1 pq: 0 rg: 79 | total time: 7.95m | eta: 29.4m
step 00820/03814 (21.50%) | loss: 4.005963 | lrm: 1.00 | dt: 590.13ms | tok/sec: 91,098 | bf16_mfu: 0.00 | epoch: 1 pq: 0 rg: 79 | total time: 7.96m | eta: 29.4m
step 00821/03814 (21.53%) | loss: 3.999109 | lrm: 1.00 | dt: 634.58ms | tok/sec: 84,717 | bf16_mfu: 0.00 | epoch: 1 pq: 0 rg: 79 | total time: 7.97m | eta: 29.4m
step 00822/03814 (21.55%) | loss: 3.991246 | lrm: 1.00 | dt: 589.94ms | tok/sec: 91,128 | bf16_mfu: 0.00 | epoch: 1 pq: 0 rg: 79 | total time: 7.98m | eta: 29.4m
step 00823/03814 (21.58%) | loss: 4.013127 | lrm: 1.00 | dt: 590.12ms | tok/sec: 91,099 | bf16_mfu: 0.00 | epoch: 1 pq: 0 rg: 79 | total time: 7.99m | eta: 29.4m
step 00824/03814 (21.60%) | loss: 4.011366 | lrm: 1.00 | dt: 593.39ms | tok/sec: 90,597 | bf16_mfu: 0.00 | epoch: 1 pq: 0 rg: 79 | total time: 8.00m | eta: 29.4m
step 00825/03814 (21.63%) | loss: 4.010686 | lrm: 1.00 | dt: 592.76ms | tok/sec: 90,693 | bf16_mfu: 0.00 | epoch: 1 pq: 0 rg: 79 | total time: 8.01m | eta: 29.4m
step 00826/03814 (21.66%) | loss: 3.997767 | lrm: 1.00 | dt: 589.25ms | tok/sec: 91,235 | bf16_mfu: 0.00 | epoch: 1 pq: 0 rg: 79 | total time: 8.02m | eta: 29.3m
step 00827/03814 (21.68%) | loss: 4.006521 | lrm: 1.00 | dt: 596.70ms | tok/sec: 90,095 | bf16_mfu: 0.00 | epoch: 1 pq: 0 rg: 79 | total time: 8.03m | eta: 29.3m
step 00828/03814 (21.71%) | loss: 4.011494 | lrm: 1.00 | dt: 588.61ms | tok/sec: 91,334 | bf16_mfu: 0.00 | epoch: 1 pq: 0 rg: 80 | total time: 8.03m | eta: 29.3m
step 00829/03814 (21.74%) | loss: 4.003591 | lrm: 1.00 | dt: 616.70ms | tok/sec: 87,173 | bf16_mfu: 0.00 | epoch: 1 pq: 0 rg: 80 | total time: 8.05m | eta: 29.3m
step 00830/03814 (21.76%) | loss: 3.993109 | lrm: 1.00 | dt: 592.50ms | tok/sec: 90,733 | bf16_mfu: 0.00 | epoch: 1 pq: 0 rg: 80 | total time: 8.06m | eta: 29.3m
step 00831/03814 (21.79%) | loss: 3.976639 | lrm: 1.00 | dt: 597.69ms | tok/sec: 89,946 | bf16_mfu: 0.00 | epoch: 1 pq: 0 rg: 80 | total time: 8.06m | eta: 29.3m
step 00832/03814 (21.81%) | loss: 3.989534 | lrm: 1.00 | dt: 593.58ms | tok/sec: 90,569 | bf16_mfu: 0.00 | epoch: 1 pq: 0 rg: 80 | total time: 8.07m | eta: 29.3m
step 00833/03814 (21.84%) | loss: 3.983906 | lrm: 1.00 | dt: 593.75ms | tok/sec: 90,543 | bf16_mfu: 0.00 | epoch: 1 pq: 0 rg: 80 | total time: 8.08m | eta: 29.3m
step 00834/03814 (21.87%) | loss: 3.965373 | lrm: 1.00 | dt: 588.71ms | tok/sec: 91,317 | bf16_mfu: 0.00 | epoch: 1 pq: 0 rg: 80 | total time: 8.09m | eta: 29.3m
step 00835/03814 (21.89%) | loss: 3.988043 | lrm: 1.00 | dt: 590.56ms | tok/sec: 91,031 | bf16_mfu: 0.00 | epoch: 1 pq: 0 rg: 80 | total time: 8.10m | eta: 29.3m
step 00836/03814 (21.92%) | loss: 3.984576 | lrm: 1.00 | dt: 592.13ms | tok/sec: 90,790 | bf16_mfu: 0.00 | epoch: 1 pq: 0 rg: 80 | total time: 8.11m | eta: 29.3m
step 00837/03814 (21.95%) | loss: 3.990495 | lrm: 1.00 | dt: 588.60ms | tok/sec: 91,334 | bf16_mfu: 0.00 | epoch: 1 pq: 0 rg: 80 | total time: 8.12m | eta: 29.2m
step 00838/03814 (21.97%) | loss: 3.992294 | lrm: 1.00 | dt: 598.19ms | tok/sec: 89,870 | bf16_mfu: 0.00 | epoch: 1 pq: 0 rg: 80 | total time: 8.13m | eta: 29.2m
step 00839/03814 (22.00%) | loss: 4.013141 | lrm: 1.00 | dt: 588.94ms | tok/sec: 91,282 | bf16_mfu: 0.00 | epoch: 1 pq: 0 rg: 81 | total time: 8.14m | eta: 29.2m
step 00840/03814 (22.02%) | loss: 4.014386 | lrm: 1.00 | dt: 595.95ms | tok/sec: 90,208 | bf16_mfu: 0.00 | epoch: 1 pq: 0 rg: 81 | total time: 8.15m | eta: 29.2m
step 00841/03814 (22.05%) | loss: 4.025109 | lrm: 1.00 | dt: 591.48ms | tok/sec: 90,890 | bf16_mfu: 0.00 | epoch: 1 pq: 0 rg: 81 | total time: 8.16m | eta: 29.2m
step 00842/03814 (22.08%) | loss: 4.028981 | lrm: 1.00 | dt: 608.50ms | tok/sec: 88,347 | bf16_mfu: 0.00 | epoch: 1 pq: 0 rg: 81 | total time: 8.17m | eta: 29.2m
step 00843/03814 (22.10%) | loss: 4.049280 | lrm: 1.00 | dt: 591.95ms | tok/sec: 90,819 | bf16_mfu: 0.00 | epoch: 1 pq: 0 rg: 81 | total time: 8.18m | eta: 29.2m
step 00844/03814 (22.13%) | loss: 4.039746 | lrm: 1.00 | dt: 589.99ms | tok/sec: 91,120 | bf16_mfu: 0.00 | epoch: 1 pq: 0 rg: 81 | total time: 8.19m | eta: 29.2m
step 00845/03814 (22.16%) | loss: 4.042958 | lrm: 1.00 | dt: 588.69ms | tok/sec: 91,321 | bf16_mfu: 0.00 | epoch: 1 pq: 0 rg: 81 | total time: 8.20m | eta: 29.2m
step 00846/03814 (22.18%) | loss: 4.029830 | lrm: 1.00 | dt: 595.30ms | tok/sec: 90,307 | bf16_mfu: 0.00 | epoch: 1 pq: 0 rg: 81 | total time: 8.21m | eta: 29.2m
step 00847/03814 (22.21%) | loss: 4.019211 | lrm: 1.00 | dt: 587.81ms | tok/sec: 91,458 | bf16_mfu: 0.00 | epoch: 1 pq: 0 rg: 81 | total time: 8.22m | eta: 29.1m
step 00848/03814 (22.23%) | loss: 4.030701 | lrm: 1.00 | dt: 592.11ms | tok/sec: 90,794 | bf16_mfu: 0.00 | epoch: 1 pq: 0 rg: 81 | total time: 8.23m | eta: 29.1m
step 00849/03814 (22.26%) | loss: 4.031303 | lrm: 1.00 | dt: 587.05ms | tok/sec: 91,575 | bf16_mfu: 0.00 | epoch: 1 pq: 0 rg: 81 | total time: 8.24m | eta: 29.1m
step 00850/03814 (22.29%) | loss: 4.028735 | lrm: 1.00 | dt: 590.11ms | tok/sec: 91,101 | bf16_mfu: 0.00 | epoch: 1 pq: 0 rg: 82 | total time: 8.25m | eta: 29.1m
step 00851/03814 (22.31%) | loss: 4.028045 | lrm: 1.00 | dt: 597.76ms | tok/sec: 89,935 | bf16_mfu: 0.00 | epoch: 1 pq: 0 rg: 82 | total time: 8.26m | eta: 29.1m
step 00852/03814 (22.34%) | loss: 4.034400 | lrm: 1.00 | dt: 579.74ms | tok/sec: 92,731 | bf16_mfu: 0.00 | epoch: 1 pq: 0 rg: 82 | total time: 8.27m | eta: 29.1m
step 00853/03814 (22.36%) | loss: 4.031672 | lrm: 1.00 | dt: 597.53ms | tok/sec: 89,971 | bf16_mfu: 0.00 | epoch: 1 pq: 0 rg: 82 | total time: 8.28m | eta: 29.1m
step 00854/03814 (22.39%) | loss: 4.020159 | lrm: 1.00 | dt: 591.62ms | tok/sec: 90,869 | bf16_mfu: 0.00 | epoch: 1 pq: 0 rg: 82 | total time: 8.29m | eta: 29.1m
step 00855/03814 (22.42%) | loss: 4.003982 | lrm: 1.00 | dt: 593.08ms | tok/sec: 90,645 | bf16_mfu: 0.00 | epoch: 1 pq: 0 rg: 82 | total time: 8.30m | eta: 29.1m
step 00856/03814 (22.44%) | loss: 3.999784 | lrm: 1.00 | dt: 598.32ms | tok/sec: 89,851 | bf16_mfu: 0.00 | epoch: 1 pq: 0 rg: 82 | total time: 8.31m | eta: 29.1m
step 00857/03814 (22.47%) | loss: 3.988502 | lrm: 1.00 | dt: 602.16ms | tok/sec: 89,277 | bf16_mfu: 0.00 | epoch: 1 pq: 0 rg: 82 | total time: 8.32m | eta: 29.1m
step 00858/03814 (22.50%) | loss: 3.997116 | lrm: 1.00 | dt: 587.79ms | tok/sec: 91,461 | bf16_mfu: 0.00 | epoch: 1 pq: 0 rg: 82 | total time: 8.33m | eta: 29.0m
step 00859/03814 (22.52%) | loss: 3.981507 | lrm: 1.00 | dt: 587.97ms | tok/sec: 91,432 | bf16_mfu: 0.00 | epoch: 1 pq: 0 rg: 82 | total time: 8.34m | eta: 29.0m
step 00860/03814 (22.55%) | loss: 3.984172 | lrm: 1.00 | dt: 593.78ms | tok/sec: 90,539 | bf16_mfu: 0.00 | epoch: 1 pq: 0 rg: 82 | total time: 8.35m | eta: 29.0m
step 00861/03814 (22.57%) | loss: 3.965389 | lrm: 1.00 | dt: 670.16ms | tok/sec: 80,219 | bf16_mfu: 0.00 | epoch: 1 pq: 0 rg: 83 | total time: 8.36m | eta: 29.0m
step 00862/03814 (22.60%) | loss: 3.954496 | lrm: 1.00 | dt: 599.29ms | tok/sec: 89,705 | bf16_mfu: 0.00 | epoch: 1 pq: 0 rg: 83 | total time: 8.37m | eta: 29.0m
step 00863/03814 (22.63%) | loss: 3.958259 | lrm: 1.00 | dt: 631.42ms | tok/sec: 85,141 | bf16_mfu: 0.00 | epoch: 1 pq: 0 rg: 83 | total time: 8.38m | eta: 29.0m
step 00864/03814 (22.65%) | loss: 3.964918 | lrm: 1.00 | dt: 592.44ms | tok/sec: 90,743 | bf16_mfu: 0.00 | epoch: 1 pq: 0 rg: 83 | total time: 8.39m | eta: 29.0m
step 00865/03814 (22.68%) | loss: 3.980419 | lrm: 1.00 | dt: 588.49ms | tok/sec: 91,351 | bf16_mfu: 0.00 | epoch: 1 pq: 0 rg: 83 | total time: 8.40m | eta: 29.0m
step 00866/03814 (22.71%) | loss: 3.980325 | lrm: 1.00 | dt: 597.97ms | tok/sec: 89,903 | bf16_mfu: 0.00 | epoch: 1 pq: 0 rg: 83 | total time: 8.41m | eta: 29.0m
step 00867/03814 (22.73%) | loss: 3.982112 | lrm: 1.00 | dt: 595.31ms | tok/sec: 90,305 | bf16_mfu: 0.00 | epoch: 1 pq: 0 rg: 83 | total time: 8.42m | eta: 29.0m
step 00868/03814 (22.76%) | loss: 3.975934 | lrm: 1.00 | dt: 590.83ms | tok/sec: 90,989 | bf16_mfu: 0.00 | epoch: 1 pq: 0 rg: 83 | total time: 8.43m | eta: 29.0m
step 00869/03814 (22.78%) | loss: 3.977445 | lrm: 1.00 | dt: 583.97ms | tok/sec: 92,059 | bf16_mfu: 0.00 | epoch: 1 pq: 0 rg: 83 | total time: 8.44m | eta: 28.9m
step 00870/03814 (22.81%) | loss: 3.979318 | lrm: 1.00 | dt: 591.69ms | tok/sec: 90,858 | bf16_mfu: 0.00 | epoch: 1 pq: 0 rg: 83 | total time: 8.45m | eta: 28.9m
step 00871/03814 (22.84%) | loss: 3.996507 | lrm: 1.00 | dt: 593.52ms | tok/sec: 90,578 | bf16_mfu: 0.00 | epoch: 1 pq: 0 rg: 83 | total time: 8.46m | eta: 28.9m
step 00872/03814 (22.86%) | loss: 3.979088 | lrm: 1.00 | dt: 665.67ms | tok/sec: 80,760 | bf16_mfu: 0.00 | epoch: 1 pq: 0 rg: 84 | total time: 8.47m | eta: 28.9m
step 00873/03814 (22.89%) | loss: 3.954515 | lrm: 1.00 | dt: 590.36ms | tok/sec: 91,063 | bf16_mfu: 0.00 | epoch: 1 pq: 0 rg: 84 | total time: 8.48m | eta: 28.9m
step 00874/03814 (22.92%) | loss: 3.951170 | lrm: 1.00 | dt: 591.86ms | tok/sec: 90,832 | bf16_mfu: 0.00 | epoch: 1 pq: 0 rg: 84 | total time: 8.49m | eta: 28.9m
step 00875/03814 (22.94%) | loss: 3.988046 | lrm: 1.00 | dt: 648.61ms | tok/sec: 82,884 | bf16_mfu: 0.00 | epoch: 1 pq: 0 rg: 84 | total time: 8.50m | eta: 28.9m
step 00876/03814 (22.97%) | loss: 3.990269 | lrm: 1.00 | dt: 589.85ms | tok/sec: 91,142 | bf16_mfu: 0.00 | epoch: 1 pq: 0 rg: 84 | total time: 8.51m | eta: 28.9m
step 00877/03814 (22.99%) | loss: 3.984838 | lrm: 1.00 | dt: 598.22ms | tok/sec: 89,867 | bf16_mfu: 0.00 | epoch: 1 pq: 0 rg: 84 | total time: 8.52m | eta: 28.9m
step 00878/03814 (23.02%) | loss: 3.976151 | lrm: 1.00 | dt: 593.35ms | tok/sec: 90,603 | bf16_mfu: 0.00 | epoch: 1 pq: 0 rg: 84 | total time: 8.53m | eta: 28.9m
step 00879/03814 (23.05%) | loss: 3.996380 | lrm: 1.00 | dt: 588.92ms | tok/sec: 91,285 | bf16_mfu: 0.00 | epoch: 1 pq: 0 rg: 84 | total time: 8.54m | eta: 28.9m
step 00880/03814 (23.07%) | loss: 4.001598 | lrm: 1.00 | dt: 597.71ms | tok/sec: 89,943 | bf16_mfu: 0.00 | epoch: 1 pq: 0 rg: 84 | total time: 8.55m | eta: 28.8m
step 00881/03814 (23.10%) | loss: 4.000161 | lrm: 1.00 | dt: 593.65ms | tok/sec: 90,558 | bf16_mfu: 0.00 | epoch: 1 pq: 0 rg: 84 | total time: 8.56m | eta: 28.8m
step 00882/03814 (23.13%) | loss: 3.982794 | lrm: 1.00 | dt: 610.44ms | tok/sec: 88,067 | bf16_mfu: 0.00 | epoch: 1 pq: 0 rg: 84 | total time: 8.57m | eta: 28.8m
step 00883/03814 (23.15%) | loss: 3.980671 | lrm: 1.00 | dt: 693.32ms | tok/sec: 77,539 | bf16_mfu: 0.00 | epoch: 1 pq: 0 rg: 85 | total time: 8.58m | eta: 28.8m
step 00884/03814 (23.18%) | loss: 3.967380 | lrm: 1.00 | dt: 587.81ms | tok/sec: 91,458 | bf16_mfu: 0.00 | epoch: 1 pq: 0 rg: 85 | total time: 8.59m | eta: 28.8m
step 00885/03814 (23.20%) | loss: 3.969303 | lrm: 1.00 | dt: 595.12ms | tok/sec: 90,335 | bf16_mfu: 0.00 | epoch: 1 pq: 0 rg: 85 | total time: 8.60m | eta: 28.8m
step 00886/03814 (23.23%) | loss: 3.993075 | lrm: 1.00 | dt: 592.71ms | tok/sec: 90,702 | bf16_mfu: 0.00 | epoch: 1 pq: 0 rg: 85 | total time: 8.61m | eta: 28.8m
step 00887/03814 (23.26%) | loss: 4.007994 | lrm: 1.00 | dt: 638.82ms | tok/sec: 84,154 | bf16_mfu: 0.00 | epoch: 1 pq: 0 rg: 85 | total time: 8.62m | eta: 28.8m
step 00888/03814 (23.28%) | loss: 3.986244 | lrm: 1.00 | dt: 590.56ms | tok/sec: 91,032 | bf16_mfu: 0.00 | epoch: 1 pq: 0 rg: 85 | total time: 8.63m | eta: 28.8m
step 00889/03814 (23.31%) | loss: 3.975323 | lrm: 1.00 | dt: 976.58ms | tok/sec: 55,048 | bf16_mfu: 0.00 | epoch: 1 pq: 0 rg: 85 | total time: 8.65m | eta: 28.8m
step 00890/03814 (23.34%) | loss: 3.998241 | lrm: 1.00 | dt: 586.73ms | tok/sec: 91,626 | bf16_mfu: 0.00 | epoch: 1 pq: 0 rg: 85 | total time: 8.66m | eta: 28.8m
step 00891/03814 (23.36%) | loss: 3.980937 | lrm: 1.00 | dt: 589.20ms | tok/sec: 91,242 | bf16_mfu: 0.00 | epoch: 1 pq: 0 rg: 85 | total time: 8.67m | eta: 28.8m
step 00892/03814 (23.39%) | loss: 3.975926 | lrm: 1.00 | dt: 591.56ms | tok/sec: 90,878 | bf16_mfu: 0.00 | epoch: 1 pq: 0 rg: 85 | total time: 8.68m | eta: 28.8m
step 00893/03814 (23.41%) | loss: 3.978275 | lrm: 1.00 | dt: 594.53ms | tok/sec: 90,423 | bf16_mfu: 0.00 | epoch: 1 pq: 0 rg: 85 | total time: 8.69m | eta: 28.7m
step 00894/03814 (23.44%) | loss: 3.966143 | lrm: 1.00 | dt: 593.12ms | tok/sec: 90,640 | bf16_mfu: 0.00 | epoch: 1 pq: 0 rg: 86 | total time: 8.70m | eta: 28.7m
step 00895/03814 (23.47%) | loss: 3.972520 | lrm: 1.00 | dt: 590.20ms | tok/sec: 91,087 | bf16_mfu: 0.00 | epoch: 1 pq: 0 rg: 86 | total time: 8.71m | eta: 28.7m
step 00896/03814 (23.49%) | loss: 3.976520 | lrm: 1.00 | dt: 588.55ms | tok/sec: 91,343 | bf16_mfu: 0.00 | epoch: 1 pq: 0 rg: 86 | total time: 8.72m | eta: 28.7m
step 00897/03814 (23.52%) | loss: 3.987120 | lrm: 1.00 | dt: 602.65ms | tok/sec: 89,205 | bf16_mfu: 0.00 | epoch: 1 pq: 0 rg: 86 | total time: 8.73m | eta: 28.7m
step 00898/03814 (23.54%) | loss: 3.976375 | lrm: 1.00 | dt: 611.81ms | tok/sec: 87,870 | bf16_mfu: 0.00 | epoch: 1 pq: 0 rg: 86 | total time: 8.74m | eta: 28.7m
step 00899/03814 (23.57%) | loss: 3.978333 | lrm: 1.00 | dt: 605.81ms | tok/sec: 88,740 | bf16_mfu: 0.00 | epoch: 1 pq: 0 rg: 86 | total time: 8.75m | eta: 28.7m
step 00900/03814 (23.60%) | loss: 3.972476 | lrm: 1.00 | dt: 591.98ms | tok/sec: 90,813 | bf16_mfu: 0.00 | epoch: 1 pq: 0 rg: 86 | total time: 8.76m | eta: 28.7m
step 00901/03814 (23.62%) | loss: 3.966924 | lrm: 1.00 | dt: 599.61ms | tok/sec: 89,657 | bf16_mfu: 0.00 | epoch: 1 pq: 0 rg: 86 | total time: 8.77m | eta: 28.7m
step 00902/03814 (23.65%) | loss: 3.987440 | lrm: 1.00 | dt: 595.53ms | tok/sec: 90,273 | bf16_mfu: 0.00 | epoch: 1 pq: 0 rg: 86 | total time: 8.78m | eta: 28.7m
step 00903/03814 (23.68%) | loss: 3.976411 | lrm: 1.00 | dt: 596.58ms | tok/sec: 90,113 | bf16_mfu: 0.00 | epoch: 1 pq: 0 rg: 86 | total time: 8.79m | eta: 28.7m
step 00904/03814 (23.70%) | loss: 3.969899 | lrm: 1.00 | dt: 595.84ms | tok/sec: 90,226 | bf16_mfu: 0.00 | epoch: 1 pq: 0 rg: 86 | total time: 8.80m | eta: 28.6m
step 00905/03814 (23.73%) | loss: 3.976887 | lrm: 1.00 | dt: 591.50ms | tok/sec: 90,888 | bf16_mfu: 0.00 | epoch: 1 pq: 0 rg: 87 | total time: 8.81m | eta: 28.6m
step 00906/03814 (23.75%) | loss: 3.952105 | lrm: 1.00 | dt: 597.39ms | tok/sec: 89,991 | bf16_mfu: 0.00 | epoch: 1 pq: 0 rg: 87 | total time: 8.82m | eta: 28.6m
step 00907/03814 (23.78%) | loss: 3.949302 | lrm: 1.00 | dt: 594.69ms | tok/sec: 90,399 | bf16_mfu: 0.00 | epoch: 1 pq: 0 rg: 87 | total time: 8.83m | eta: 28.6m
step 00908/03814 (23.81%) | loss: 3.970681 | lrm: 1.00 | dt: 602.47ms | tok/sec: 89,232 | bf16_mfu: 0.00 | epoch: 1 pq: 0 rg: 87 | total time: 8.84m | eta: 28.6m
step 00909/03814 (23.83%) | loss: 3.963316 | lrm: 1.00 | dt: 593.98ms | tok/sec: 90,507 | bf16_mfu: 0.00 | epoch: 1 pq: 0 rg: 87 | total time: 8.85m | eta: 28.6m
step 00910/03814 (23.86%) | loss: 3.957617 | lrm: 1.00 | dt: 606.67ms | tok/sec: 88,614 | bf16_mfu: 0.00 | epoch: 1 pq: 0 rg: 87 | total time: 8.86m | eta: 28.6m
step 00911/03814 (23.89%) | loss: 3.956262 | lrm: 1.00 | dt: 593.30ms | tok/sec: 90,612 | bf16_mfu: 0.00 | epoch: 1 pq: 0 rg: 87 | total time: 8.87m | eta: 28.6m
step 00912/03814 (23.91%) | loss: 3.990142 | lrm: 1.00 | dt: 626.45ms | tok/sec: 85,816 | bf16_mfu: 0.00 | epoch: 1 pq: 0 rg: 87 | total time: 8.88m | eta: 28.6m
step 00913/03814 (23.94%) | loss: 3.975293 | lrm: 1.00 | dt: 602.19ms | tok/sec: 89,273 | bf16_mfu: 0.00 | epoch: 1 pq: 0 rg: 87 | total time: 8.89m | eta: 28.6m
step 00914/03814 (23.96%) | loss: 3.963227 | lrm: 1.00 | dt: 595.74ms | tok/sec: 90,240 | bf16_mfu: 0.00 | epoch: 1 pq: 0 rg: 87 | total time: 8.90m | eta: 28.6m
step 00915/03814 (23.99%) | loss: 3.964967 | lrm: 1.00 | dt: 605.89ms | tok/sec: 88,729 | bf16_mfu: 0.00 | epoch: 1 pq: 0 rg: 87 | total time: 8.91m | eta: 28.5m
step 00916/03814 (24.02%) | loss: 3.959237 | lrm: 1.00 | dt: 600.89ms | tok/sec: 89,466 | bf16_mfu: 0.00 | epoch: 1 pq: 0 rg: 88 | total time: 8.92m | eta: 28.5m
step 00917/03814 (24.04%) | loss: 3.948199 | lrm: 1.00 | dt: 593.41ms | tok/sec: 90,594 | bf16_mfu: 0.00 | epoch: 1 pq: 0 rg: 88 | total time: 8.93m | eta: 28.5m
step 00918/03814 (24.07%) | loss: 3.945769 | lrm: 1.00 | dt: 604.60ms | tok/sec: 88,918 | bf16_mfu: 0.00 | epoch: 1 pq: 0 rg: 88 | total time: 8.94m | eta: 28.5m
step 00919/03814 (24.10%) | loss: 3.969284 | lrm: 1.00 | dt: 596.15ms | tok/sec: 90,178 | bf16_mfu: 0.00 | epoch: 1 pq: 0 rg: 88 | total time: 8.95m | eta: 28.5m
step 00920/03814 (24.12%) | loss: 3.987586 | lrm: 1.00 | dt: 595.97ms | tok/sec: 90,206 | bf16_mfu: 0.00 | epoch: 1 pq: 0 rg: 88 | total time: 8.96m | eta: 28.5m
step 00921/03814 (24.15%) | loss: 3.991828 | lrm: 1.00 | dt: 596.49ms | tok/sec: 90,126 | bf16_mfu: 0.00 | epoch: 1 pq: 0 rg: 88 | total time: 8.97m | eta: 28.5m
step 00922/03814 (24.17%) | loss: 3.981216 | lrm: 1.00 | dt: 602.05ms | tok/sec: 89,294 | bf16_mfu: 0.00 | epoch: 1 pq: 0 rg: 88 | total time: 8.98m | eta: 28.5m
step 00923/03814 (24.20%) | loss: 3.975679 | lrm: 1.00 | dt: 595.47ms | tok/sec: 90,281 | bf16_mfu: 0.00 | epoch: 1 pq: 0 rg: 88 | total time: 8.99m | eta: 28.5m
step 00924/03814 (24.23%) | loss: 3.977092 | lrm: 1.00 | dt: 599.12ms | tok/sec: 89,731 | bf16_mfu: 0.00 | epoch: 1 pq: 0 rg: 88 | total time: 9.00m | eta: 28.5m
step 00925/03814 (24.25%) | loss: 3.973866 | lrm: 1.00 | dt: 585.17ms | tok/sec: 91,870 | bf16_mfu: 0.00 | epoch: 1 pq: 0 rg: 88 | total time: 9.01m | eta: 28.4m
step 00926/03814 (24.28%) | loss: 3.971531 | lrm: 1.00 | dt: 596.68ms | tok/sec: 90,099 | bf16_mfu: 0.00 | epoch: 1 pq: 0 rg: 88 | total time: 9.02m | eta: 28.4m
step 00927/03814 (24.31%) | loss: 3.990686 | lrm: 1.00 | dt: 655.33ms | tok/sec: 82,035 | bf16_mfu: 0.00 | epoch: 1 pq: 0 rg: 89 | total time: 9.03m | eta: 28.4m
step 00928/03814 (24.33%) | loss: 3.967535 | lrm: 1.00 | dt: 595.26ms | tok/sec: 90,313 | bf16_mfu: 0.00 | epoch: 1 pq: 0 rg: 89 | total time: 9.04m | eta: 28.4m
step 00929/03814 (24.36%) | loss: 3.955024 | lrm: 1.00 | dt: 594.69ms | tok/sec: 90,400 | bf16_mfu: 0.00 | epoch: 1 pq: 0 rg: 89 | total time: 9.05m | eta: 28.4m
step 00930/03814 (24.38%) | loss: 3.956774 | lrm: 1.00 | dt: 594.65ms | tok/sec: 90,406 | bf16_mfu: 0.00 | epoch: 1 pq: 0 rg: 89 | total time: 9.06m | eta: 28.4m
step 00931/03814 (24.41%) | loss: 3.972784 | lrm: 1.00 | dt: 602.97ms | tok/sec: 89,159 | bf16_mfu: 0.00 | epoch: 1 pq: 0 rg: 89 | total time: 9.07m | eta: 28.4m
step 00932/03814 (24.44%) | loss: 3.969410 | lrm: 1.00 | dt: 600.19ms | tok/sec: 89,571 | bf16_mfu: 0.00 | epoch: 1 pq: 0 rg: 89 | total time: 9.08m | eta: 28.4m
step 00933/03814 (24.46%) | loss: 3.987809 | lrm: 1.00 | dt: 595.35ms | tok/sec: 90,299 | bf16_mfu: 0.00 | epoch: 1 pq: 0 rg: 89 | total time: 9.09m | eta: 28.4m
step 00934/03814 (24.49%) | loss: 3.979202 | lrm: 1.00 | dt: 603.76ms | tok/sec: 89,041 | bf16_mfu: 0.00 | epoch: 1 pq: 0 rg: 89 | total time: 9.10m | eta: 28.4m
step 00935/03814 (24.51%) | loss: 3.957070 | lrm: 1.00 | dt: 605.92ms | tok/sec: 88,724 | bf16_mfu: 0.00 | epoch: 1 pq: 0 rg: 89 | total time: 9.11m | eta: 28.4m
step 00936/03814 (24.54%) | loss: 3.968864 | lrm: 1.00 | dt: 666.15ms | tok/sec: 80,702 | bf16_mfu: 0.00 | epoch: 1 pq: 1 rg: 0 | total time: 9.12m | eta: 28.3m
step 00937/03814 (24.57%) | loss: 3.959969 | lrm: 1.00 | dt: 594.67ms | tok/sec: 90,403 | bf16_mfu: 0.00 | epoch: 1 pq: 1 rg: 0 | total time: 9.13m | eta: 28.3m
step 00938/03814 (24.59%) | loss: 3.964411 | lrm: 1.00 | dt: 603.19ms | tok/sec: 89,126 | bf16_mfu: 0.00 | epoch: 1 pq: 1 rg: 0 | total time: 9.14m | eta: 28.3m
step 00939/03814 (24.62%) | loss: 3.957607 | lrm: 1.00 | dt: 600.24ms | tok/sec: 89,563 | bf16_mfu: 0.00 | epoch: 1 pq: 1 rg: 0 | total time: 9.15m | eta: 28.3m
step 00940/03814 (24.65%) | loss: 3.958271 | lrm: 1.00 | dt: 598.42ms | tok/sec: 89,836 | bf16_mfu: 0.00 | epoch: 1 pq: 1 rg: 0 | total time: 9.16m | eta: 28.3m
step 00941/03814 (24.67%) | loss: 3.978300 | lrm: 1.00 | dt: 600.14ms | tok/sec: 89,578 | bf16_mfu: 0.00 | epoch: 1 pq: 1 rg: 0 | total time: 9.17m | eta: 28.3m
step 00942/03814 (24.70%) | loss: 3.990335 | lrm: 1.00 | dt: 595.81ms | tok/sec: 90,229 | bf16_mfu: 0.00 | epoch: 1 pq: 1 rg: 0 | total time: 9.18m | eta: 28.3m
step 00943/03814 (24.72%) | loss: 3.978333 | lrm: 1.00 | dt: 602.70ms | tok/sec: 89,198 | bf16_mfu: 0.00 | epoch: 1 pq: 1 rg: 0 | total time: 9.19m | eta: 28.3m
step 00944/03814 (24.75%) | loss: 3.984287 | lrm: 1.00 | dt: 622.04ms | tok/sec: 86,425 | bf16_mfu: 0.00 | epoch: 1 pq: 1 rg: 0 | total time: 9.20m | eta: 28.3m
step 00945/03814 (24.78%) | loss: 3.992218 | lrm: 1.00 | dt: 597.63ms | tok/sec: 89,955 | bf16_mfu: 0.00 | epoch: 1 pq: 1 rg: 0 | total time: 9.21m | eta: 28.3m
step 00946/03814 (24.80%) | loss: 3.982096 | lrm: 1.00 | dt: 606.19ms | tok/sec: 88,685 | bf16_mfu: 0.00 | epoch: 1 pq: 1 rg: 0 | total time: 9.22m | eta: 28.3m
step 00947/03814 (24.83%) | loss: 3.991310 | lrm: 1.00 | dt: 603.78ms | tok/sec: 89,038 | bf16_mfu: 0.00 | epoch: 1 pq: 1 rg: 0 | total time: 9.23m | eta: 28.2m
step 00948/03814 (24.86%) | loss: 3.996489 | lrm: 1.00 | dt: 611.94ms | tok/sec: 87,851 | bf16_mfu: 0.00 | epoch: 1 pq: 1 rg: 1 | total time: 9.24m | eta: 28.2m
step 00949/03814 (24.88%) | loss: 3.966661 | lrm: 1.00 | dt: 601.10ms | tok/sec: 89,436 | bf16_mfu: 0.00 | epoch: 1 pq: 1 rg: 1 | total time: 9.25m | eta: 28.2m
step 00950/03814 (24.91%) | loss: 3.949290 | lrm: 1.00 | dt: 592.39ms | tok/sec: 90,751 | bf16_mfu: 0.00 | epoch: 1 pq: 1 rg: 1 | total time: 9.26m | eta: 28.2m
step 00951/03814 (24.93%) | loss: 3.954292 | lrm: 1.00 | dt: 607.55ms | tok/sec: 88,487 | bf16_mfu: 0.00 | epoch: 1 pq: 1 rg: 1 | total time: 9.27m | eta: 28.2m
step 00952/03814 (24.96%) | loss: 3.943919 | lrm: 1.00 | dt: 606.21ms | tok/sec: 88,681 | bf16_mfu: 0.00 | epoch: 1 pq: 1 rg: 1 | total time: 9.28m | eta: 28.2m
step 00953/03814 (24.99%) | loss: 3.957057 | lrm: 1.00 | dt: 605.65ms | tok/sec: 88,764 | bf16_mfu: 0.00 | epoch: 1 pq: 1 rg: 1 | total time: 9.29m | eta: 28.2m
step 00954/03814 (25.01%) | loss: 3.951385 | lrm: 1.00 | dt: 603.54ms | tok/sec: 89,074 | bf16_mfu: 0.00 | epoch: 1 pq: 1 rg: 1 | total time: 9.30m | eta: 28.2m
step 00955/03814 (25.04%) | loss: 3.957596 | lrm: 1.00 | dt: 594.54ms | tok/sec: 90,422 | bf16_mfu: 0.00 | epoch: 1 pq: 1 rg: 1 | total time: 9.31m | eta: 28.2m
step 00956/03814 (25.07%) | loss: 3.964785 | lrm: 1.00 | dt: 601.86ms | tok/sec: 89,322 | bf16_mfu: 0.00 | epoch: 1 pq: 1 rg: 1 | total time: 9.32m | eta: 28.2m
step 00957/03814 (25.09%) | loss: 3.952963 | lrm: 1.00 | dt: 594.76ms | tok/sec: 90,390 | bf16_mfu: 0.00 | epoch: 1 pq: 1 rg: 1 | total time: 9.33m | eta: 28.2m
step 00958/03814 (25.12%) | loss: 3.956264 | lrm: 1.00 | dt: 603.93ms | tok/sec: 89,016 | bf16_mfu: 0.00 | epoch: 1 pq: 1 rg: 1 | total time: 9.34m | eta: 28.1m
step 00959/03814 (25.14%) | loss: 3.966183 | lrm: 1.00 | dt: 602.17ms | tok/sec: 89,277 | bf16_mfu: 0.00 | epoch: 1 pq: 1 rg: 2 | total time: 9.35m | eta: 28.1m
step 00960/03814 (25.17%) | loss: 3.964678 | lrm: 1.00 | dt: 594.66ms | tok/sec: 90,404 | bf16_mfu: 0.00 | epoch: 1 pq: 1 rg: 2 | total time: 9.36m | eta: 28.1m
step 00961/03814 (25.20%) | loss: 3.953911 | lrm: 1.00 | dt: 606.94ms | tok/sec: 88,574 | bf16_mfu: 0.00 | epoch: 1 pq: 1 rg: 2 | total time: 9.37m | eta: 28.1m
step 00962/03814 (25.22%) | loss: 3.956928 | lrm: 1.00 | dt: 607.10ms | tok/sec: 88,552 | bf16_mfu: 0.00 | epoch: 1 pq: 1 rg: 2 | total time: 9.38m | eta: 28.1m
step 00963/03814 (25.25%) | loss: 3.953917 | lrm: 1.00 | dt: 600.26ms | tok/sec: 89,560 | bf16_mfu: 0.00 | epoch: 1 pq: 1 rg: 2 | total time: 9.39m | eta: 28.1m
step 00964/03814 (25.28%) | loss: 3.953768 | lrm: 1.00 | dt: 595.72ms | tok/sec: 90,244 | bf16_mfu: 0.00 | epoch: 1 pq: 1 rg: 2 | total time: 9.40m | eta: 28.1m
step 00965/03814 (25.30%) | loss: 3.952345 | lrm: 1.00 | dt: 595.02ms | tok/sec: 90,349 | bf16_mfu: 0.00 | epoch: 1 pq: 1 rg: 2 | total time: 9.41m | eta: 28.1m
step 00966/03814 (25.33%) | loss: 3.945801 | lrm: 1.00 | dt: 595.65ms | tok/sec: 90,254 | bf16_mfu: 0.00 | epoch: 1 pq: 1 rg: 2 | total time: 9.42m | eta: 28.1m
step 00967/03814 (25.35%) | loss: 3.944181 | lrm: 1.00 | dt: 603.67ms | tok/sec: 89,054 | bf16_mfu: 0.00 | epoch: 1 pq: 1 rg: 2 | total time: 9.43m | eta: 28.1m
step 00968/03814 (25.38%) | loss: 3.934033 | lrm: 1.00 | dt: 595.08ms | tok/sec: 90,340 | bf16_mfu: 0.00 | epoch: 1 pq: 1 rg: 2 | total time: 9.44m | eta: 28.1m
step 00969/03814 (25.41%) | loss: 3.964018 | lrm: 1.00 | dt: 600.72ms | tok/sec: 89,492 | bf16_mfu: 0.00 | epoch: 1 pq: 1 rg: 2 | total time: 9.45m | eta: 28.0m
step 00970/03814 (25.43%) | loss: 3.951018 | lrm: 1.00 | dt: 711.27ms | tok/sec: 75,583 | bf16_mfu: 0.00 | epoch: 1 pq: 1 rg: 3 | total time: 9.46m | eta: 28.0m
step 00971/03814 (25.46%) | loss: 3.939528 | lrm: 1.00 | dt: 603.85ms | tok/sec: 89,028 | bf16_mfu: 0.00 | epoch: 1 pq: 1 rg: 3 | total time: 9.47m | eta: 28.0m
step 00972/03814 (25.49%) | loss: 3.942199 | lrm: 1.00 | dt: 596.13ms | tok/sec: 90,181 | bf16_mfu: 0.00 | epoch: 1 pq: 1 rg: 3 | total time: 9.48m | eta: 28.0m
step 00973/03814 (25.51%) | loss: 3.934186 | lrm: 1.00 | dt: 601.34ms | tok/sec: 89,401 | bf16_mfu: 0.00 | epoch: 1 pq: 1 rg: 3 | total time: 9.49m | eta: 28.0m
step 00974/03814 (25.54%) | loss: 3.931073 | lrm: 1.00 | dt: 603.99ms | tok/sec: 89,007 | bf16_mfu: 0.00 | epoch: 1 pq: 1 rg: 3 | total time: 9.50m | eta: 28.0m
step 00975/03814 (25.56%) | loss: 3.921532 | lrm: 1.00 | dt: 594.43ms | tok/sec: 90,439 | bf16_mfu: 0.00 | epoch: 1 pq: 1 rg: 3 | total time: 9.51m | eta: 28.0m
step 00976/03814 (25.59%) | loss: 3.907034 | lrm: 1.00 | dt: 604.56ms | tok/sec: 88,924 | bf16_mfu: 0.00 | epoch: 1 pq: 1 rg: 3 | total time: 9.52m | eta: 28.0m
step 00977/03814 (25.62%) | loss: 3.908197 | lrm: 1.00 | dt: 603.63ms | tok/sec: 89,060 | bf16_mfu: 0.00 | epoch: 1 pq: 1 rg: 3 | total time: 9.53m | eta: 28.0m
step 00978/03814 (25.64%) | loss: 3.909203 | lrm: 1.00 | dt: 592.50ms | tok/sec: 90,733 | bf16_mfu: 0.00 | epoch: 1 pq: 1 rg: 3 | total time: 9.54m | eta: 28.0m
step 00979/03814 (25.67%) | loss: 3.908410 | lrm: 1.00 | dt: 606.54ms | tok/sec: 88,634 | bf16_mfu: 0.00 | epoch: 1 pq: 1 rg: 3 | total time: 9.55m | eta: 28.0m
step 00980/03814 (25.69%) | loss: 3.915910 | lrm: 1.00 | dt: 601.44ms | tok/sec: 89,386 | bf16_mfu: 0.00 | epoch: 1 pq: 1 rg: 3 | total time: 9.56m | eta: 27.9m
step 00981/03814 (25.72%) | loss: 3.915442 | lrm: 1.00 | dt: 606.23ms | tok/sec: 88,679 | bf16_mfu: 0.00 | epoch: 1 pq: 1 rg: 4 | total time: 9.57m | eta: 27.9m
step 00982/03814 (25.75%) | loss: 3.906047 | lrm: 1.00 | dt: 594.54ms | tok/sec: 90,422 | bf16_mfu: 0.00 | epoch: 1 pq: 1 rg: 4 | total time: 9.58m | eta: 27.9m
step 00983/03814 (25.77%) | loss: 3.926308 | lrm: 1.00 | dt: 599.88ms | tok/sec: 89,617 | bf16_mfu: 0.00 | epoch: 1 pq: 1 rg: 4 | total time: 9.59m | eta: 27.9m
step 00984/03814 (25.80%) | loss: 3.941149 | lrm: 1.00 | dt: 595.40ms | tok/sec: 90,292 | bf16_mfu: 0.00 | epoch: 1 pq: 1 rg: 4 | total time: 9.60m | eta: 27.9m
step 00985/03814 (25.83%) | loss: 3.928133 | lrm: 1.00 | dt: 599.51ms | tok/sec: 89,673 | bf16_mfu: 0.00 | epoch: 1 pq: 1 rg: 4 | total time: 9.61m | eta: 27.9m
step 00986/03814 (25.85%) | loss: 3.928318 | lrm: 1.00 | dt: 594.42ms | tok/sec: 90,440 | bf16_mfu: 0.00 | epoch: 1 pq: 1 rg: 4 | total time: 9.62m | eta: 27.9m
step 00987/03814 (25.88%) | loss: 3.949574 | lrm: 1.00 | dt: 612.26ms | tok/sec: 87,805 | bf16_mfu: 0.00 | epoch: 1 pq: 1 rg: 4 | total time: 9.63m | eta: 27.9m
step 00988/03814 (25.90%) | loss: 3.947846 | lrm: 1.00 | dt: 603.54ms | tok/sec: 89,074 | bf16_mfu: 0.00 | epoch: 1 pq: 1 rg: 4 | total time: 9.64m | eta: 27.9m
step 00989/03814 (25.93%) | loss: 3.938566 | lrm: 1.00 | dt: 604.12ms | tok/sec: 88,988 | bf16_mfu: 0.00 | epoch: 1 pq: 1 rg: 4 | total time: 9.65m | eta: 27.9m
step 00990/03814 (25.96%) | loss: 3.921930 | lrm: 1.00 | dt: 600.87ms | tok/sec: 89,470 | bf16_mfu: 0.00 | epoch: 1 pq: 1 rg: 4 | total time: 9.66m | eta: 27.8m
step 00991/03814 (25.98%) | loss: 3.941822 | lrm: 1.00 | dt: 612.58ms | tok/sec: 87,759 | bf16_mfu: 0.00 | epoch: 1 pq: 1 rg: 4 | total time: 9.67m | eta: 27.8m
step 00992/03814 (26.01%) | loss: 3.933544 | lrm: 1.00 | dt: 591.47ms | tok/sec: 90,891 | bf16_mfu: 0.00 | epoch: 1 pq: 1 rg: 4 | total time: 9.68m | eta: 27.8m
step 00993/03814 (26.04%) | loss: 3.930231 | lrm: 1.00 | dt: 600.00ms | tok/sec: 89,599 | bf16_mfu: 0.00 | epoch: 1 pq: 1 rg: 5 | total time: 9.69m | eta: 27.8m
step 00994/03814 (26.06%) | loss: 3.942462 | lrm: 1.00 | dt: 595.95ms | tok/sec: 90,209 | bf16_mfu: 0.00 | epoch: 1 pq: 1 rg: 5 | total time: 9.70m | eta: 27.8m
step 00995/03814 (26.09%) | loss: 3.936700 | lrm: 1.00 | dt: 597.20ms | tok/sec: 90,019 | bf16_mfu: 0.00 | epoch: 1 pq: 1 rg: 5 | total time: 9.71m | eta: 27.8m
step 00996/03814 (26.11%) | loss: 3.931510 | lrm: 1.00 | dt: 591.82ms | tok/sec: 90,838 | bf16_mfu: 0.00 | epoch: 1 pq: 1 rg: 5 | total time: 9.72m | eta: 27.8m
step 00997/03814 (26.14%) | loss: 3.919285 | lrm: 1.00 | dt: 602.22ms | tok/sec: 89,269 | bf16_mfu: 0.00 | epoch: 1 pq: 1 rg: 5 | total time: 9.73m | eta: 27.8m
step 00998/03814 (26.17%) | loss: 3.915033 | lrm: 1.00 | dt: 596.14ms | tok/sec: 90,180 | bf16_mfu: 0.00 | epoch: 1 pq: 1 rg: 5 | total time: 9.74m | eta: 27.8m
step 00999/03814 (26.19%) | loss: 3.906791 | lrm: 1.00 | dt: 606.27ms | tok/sec: 88,672 | bf16_mfu: 0.00 | epoch: 1 pq: 1 rg: 5 | total time: 9.75m | eta: 27.8m
Step 01000 | Validation bpb: 0.757102
step 01000/03814 (26.22%) | loss: 3.909711 | lrm: 1.00 | dt: 588.21ms | tok/sec: 91,395 | bf16_mfu: 0.00 | epoch: 1 pq: 1 rg: 5 | total time: 9.76m | eta: 27.8m
step 01001/03814 (26.25%) | loss: 3.922197 | lrm: 1.00 | dt: 585.29ms | tok/sec: 91,851 | bf16_mfu: 0.00 | epoch: 1 pq: 1 rg: 5 | total time: 9.77m | eta: 27.7m
step 01002/03814 (26.27%) | loss: 3.926446 | lrm: 1.00 | dt: 588.56ms | tok/sec: 91,341 | bf16_mfu: 0.00 | epoch: 1 pq: 1 rg: 5 | total time: 9.78m | eta: 27.7m
step 01003/03814 (26.30%) | loss: 3.916491 | lrm: 1.00 | dt: 589.00ms | tok/sec: 91,274 | bf16_mfu: 0.00 | epoch: 1 pq: 1 rg: 5 | total time: 9.79m | eta: 27.7m
step 01004/03814 (26.32%) | loss: 3.915884 | lrm: 1.00 | dt: 602.60ms | tok/sec: 89,213 | bf16_mfu: 0.00 | epoch: 1 pq: 1 rg: 6 | total time: 9.80m | eta: 27.7m
step 01005/03814 (26.35%) | loss: 3.910635 | lrm: 1.00 | dt: 592.15ms | tok/sec: 90,787 | bf16_mfu: 0.00 | epoch: 1 pq: 1 rg: 6 | total time: 9.81m | eta: 27.7m
step 01006/03814 (26.38%) | loss: 3.898971 | lrm: 1.00 | dt: 594.10ms | tok/sec: 90,489 | bf16_mfu: 0.00 | epoch: 1 pq: 1 rg: 6 | total time: 9.82m | eta: 27.7m
step 01007/03814 (26.40%) | loss: 3.903441 | lrm: 1.00 | dt: 581.51ms | tok/sec: 92,449 | bf16_mfu: 0.00 | epoch: 1 pq: 1 rg: 6 | total time: 9.83m | eta: 27.7m
step 01008/03814 (26.43%) | loss: 3.904993 | lrm: 1.00 | dt: 586.12ms | tok/sec: 91,721 | bf16_mfu: 0.00 | epoch: 1 pq: 1 rg: 6 | total time: 9.84m | eta: 27.7m
step 01009/03814 (26.46%) | loss: 3.915294 | lrm: 1.00 | dt: 589.13ms | tok/sec: 91,252 | bf16_mfu: 0.00 | epoch: 1 pq: 1 rg: 6 | total time: 9.85m | eta: 27.7m
step 01010/03814 (26.48%) | loss: 3.923829 | lrm: 1.00 | dt: 588.75ms | tok/sec: 91,311 | bf16_mfu: 0.00 | epoch: 1 pq: 1 rg: 6 | total time: 9.86m | eta: 27.7m
step 01011/03814 (26.51%) | loss: 3.929513 | lrm: 1.00 | dt: 595.59ms | tok/sec: 90,263 | bf16_mfu: 0.00 | epoch: 1 pq: 1 rg: 6 | total time: 9.87m | eta: 27.6m
step 01012/03814 (26.53%) | loss: 3.913814 | lrm: 1.00 | dt: 581.65ms | tok/sec: 92,426 | bf16_mfu: 0.00 | epoch: 1 pq: 1 rg: 6 | total time: 9.88m | eta: 27.6m
step 01013/03814 (26.56%) | loss: 3.911025 | lrm: 1.00 | dt: 593.80ms | tok/sec: 90,534 | bf16_mfu: 0.00 | epoch: 1 pq: 1 rg: 6 | total time: 9.89m | eta: 27.6m
step 01014/03814 (26.59%) | loss: 3.919448 | lrm: 1.00 | dt: 587.13ms | tok/sec: 91,564 | bf16_mfu: 0.00 | epoch: 1 pq: 1 rg: 6 | total time: 9.90m | eta: 27.6m
step 01015/03814 (26.61%) | loss: 3.925058 | lrm: 1.00 | dt: 651.97ms | tok/sec: 82,458 | bf16_mfu: 0.00 | epoch: 1 pq: 1 rg: 7 | total time: 9.91m | eta: 27.6m
step 01016/03814 (26.64%) | loss: 3.905675 | lrm: 1.00 | dt: 637.70ms | tok/sec: 84,303 | bf16_mfu: 0.00 | epoch: 1 pq: 1 rg: 7 | total time: 9.92m | eta: 27.6m
step 01017/03814 (26.66%) | loss: 3.899020 | lrm: 1.00 | dt: 601.64ms | tok/sec: 89,355 | bf16_mfu: 0.00 | epoch: 1 pq: 1 rg: 7 | total time: 9.93m | eta: 27.6m
step 01018/03814 (26.69%) | loss: 3.904555 | lrm: 1.00 | dt: 589.78ms | tok/sec: 91,151 | bf16_mfu: 0.00 | epoch: 1 pq: 1 rg: 7 | total time: 9.94m | eta: 27.6m
step 01019/03814 (26.72%) | loss: 3.900281 | lrm: 1.00 | dt: 592.62ms | tok/sec: 90,716 | bf16_mfu: 0.00 | epoch: 1 pq: 1 rg: 7 | total time: 9.95m | eta: 27.6m
step 01020/03814 (26.74%) | loss: 3.912772 | lrm: 1.00 | dt: 600.25ms | tok/sec: 89,562 | bf16_mfu: 0.00 | epoch: 1 pq: 1 rg: 7 | total time: 9.96m | eta: 27.6m
step 01021/03814 (26.77%) | loss: 3.906857 | lrm: 1.00 | dt: 590.70ms | tok/sec: 91,010 | bf16_mfu: 0.00 | epoch: 1 pq: 1 rg: 7 | total time: 9.97m | eta: 27.6m
step 01022/03814 (26.80%) | loss: 3.909455 | lrm: 1.00 | dt: 591.89ms | tok/sec: 90,828 | bf16_mfu: 0.00 | epoch: 1 pq: 1 rg: 7 | total time: 9.98m | eta: 27.5m
step 01023/03814 (26.82%) | loss: 3.912321 | lrm: 1.00 | dt: 596.98ms | tok/sec: 90,053 | bf16_mfu: 0.00 | epoch: 1 pq: 1 rg: 7 | total time: 9.99m | eta: 27.5m
step 01024/03814 (26.85%) | loss: 3.904740 | lrm: 1.00 | dt: 595.26ms | tok/sec: 90,313 | bf16_mfu: 0.00 | epoch: 1 pq: 1 rg: 7 | total time: 10.00m | eta: 27.5m
step 01025/03814 (26.87%) | loss: 3.899062 | lrm: 1.00 | dt: 597.86ms | tok/sec: 89,920 | bf16_mfu: 0.00 | epoch: 1 pq: 1 rg: 7 | total time: 10.01m | eta: 27.5m
step 01026/03814 (26.90%) | loss: 3.903189 | lrm: 1.00 | dt: 738.62ms | tok/sec: 72,784 | bf16_mfu: 0.00 | epoch: 1 pq: 1 rg: 8 | total time: 10.02m | eta: 27.5m
step 01027/03814 (26.93%) | loss: 3.899221 | lrm: 1.00 | dt: 603.93ms | tok/sec: 89,016 | bf16_mfu: 0.00 | epoch: 1 pq: 1 rg: 8 | total time: 10.03m | eta: 27.5m
step 01028/03814 (26.95%) | loss: 3.903944 | lrm: 1.00 | dt: 608.38ms | tok/sec: 88,366 | bf16_mfu: 0.00 | epoch: 1 pq: 1 rg: 8 | total time: 10.04m | eta: 27.5m
step 01029/03814 (26.98%) | loss: 3.909194 | lrm: 1.00 | dt: 602.94ms | tok/sec: 89,163 | bf16_mfu: 0.00 | epoch: 1 pq: 1 rg: 8 | total time: 10.05m | eta: 27.5m
step 01030/03814 (27.01%) | loss: 3.896596 | lrm: 1.00 | dt: 593.30ms | tok/sec: 90,611 | bf16_mfu: 0.00 | epoch: 1 pq: 1 rg: 8 | total time: 10.06m | eta: 27.5m
step 01031/03814 (27.03%) | loss: 3.896730 | lrm: 1.00 | dt: 600.48ms | tok/sec: 89,529 | bf16_mfu: 0.00 | epoch: 1 pq: 1 rg: 8 | total time: 10.07m | eta: 27.5m
step 01032/03814 (27.06%) | loss: 3.899625 | lrm: 1.00 | dt: 596.98ms | tok/sec: 90,053 | bf16_mfu: 0.00 | epoch: 1 pq: 1 rg: 8 | total time: 10.08m | eta: 27.5m
step 01033/03814 (27.08%) | loss: 3.925561 | lrm: 1.00 | dt: 597.42ms | tok/sec: 89,987 | bf16_mfu: 0.00 | epoch: 1 pq: 1 rg: 8 | total time: 10.09m | eta: 27.4m
step 01034/03814 (27.11%) | loss: 3.918644 | lrm: 1.00 | dt: 592.50ms | tok/sec: 90,734 | bf16_mfu: 0.00 | epoch: 1 pq: 1 rg: 8 | total time: 10.10m | eta: 27.4m
step 01035/03814 (27.14%) | loss: 3.909532 | lrm: 1.00 | dt: 594.06ms | tok/sec: 90,495 | bf16_mfu: 0.00 | epoch: 1 pq: 1 rg: 8 | total time: 10.11m | eta: 27.4m
step 01036/03814 (27.16%) | loss: 3.910778 | lrm: 1.00 | dt: 641.62ms | tok/sec: 83,788 | bf16_mfu: 0.00 | epoch: 1 pq: 1 rg: 8 | total time: 10.13m | eta: 27.4m
step 01037/03814 (27.19%) | loss: 3.938493 | lrm: 1.00 | dt: 607.00ms | tok/sec: 88,566 | bf16_mfu: 0.00 | epoch: 1 pq: 1 rg: 9 | total time: 10.14m | eta: 27.4m
step 01038/03814 (27.22%) | loss: 3.944815 | lrm: 1.00 | dt: 600.99ms | tok/sec: 89,452 | bf16_mfu: 0.00 | epoch: 1 pq: 1 rg: 9 | total time: 10.15m | eta: 27.4m
step 01039/03814 (27.24%) | loss: 3.931572 | lrm: 1.00 | dt: 593.23ms | tok/sec: 90,622 | bf16_mfu: 0.00 | epoch: 1 pq: 1 rg: 9 | total time: 10.16m | eta: 27.4m
step 01040/03814 (27.27%) | loss: 3.926841 | lrm: 1.00 | dt: 602.41ms | tok/sec: 89,241 | bf16_mfu: 0.00 | epoch: 1 pq: 1 rg: 9 | total time: 10.17m | eta: 27.4m
step 01041/03814 (27.29%) | loss: 3.913901 | lrm: 1.00 | dt: 589.40ms | tok/sec: 91,210 | bf16_mfu: 0.00 | epoch: 1 pq: 1 rg: 9 | total time: 10.18m | eta: 27.4m
step 01042/03814 (27.32%) | loss: 3.898660 | lrm: 1.00 | dt: 600.76ms | tok/sec: 89,486 | bf16_mfu: 0.00 | epoch: 1 pq: 1 rg: 9 | total time: 10.19m | eta: 27.4m
step 01043/03814 (27.35%) | loss: 3.906255 | lrm: 1.00 | dt: 592.19ms | tok/sec: 90,782 | bf16_mfu: 0.00 | epoch: 1 pq: 1 rg: 9 | total time: 10.19m | eta: 27.3m
step 01044/03814 (27.37%) | loss: 3.925174 | lrm: 1.00 | dt: 591.87ms | tok/sec: 90,830 | bf16_mfu: 0.00 | epoch: 1 pq: 1 rg: 9 | total time: 10.20m | eta: 27.3m
step 01045/03814 (27.40%) | loss: 3.912111 | lrm: 1.00 | dt: 618.31ms | tok/sec: 86,946 | bf16_mfu: 0.00 | epoch: 1 pq: 1 rg: 9 | total time: 10.22m | eta: 27.3m
step 01046/03814 (27.43%) | loss: 3.907436 | lrm: 1.00 | dt: 592.81ms | tok/sec: 90,687 | bf16_mfu: 0.00 | epoch: 1 pq: 1 rg: 9 | total time: 10.23m | eta: 27.3m
step 01047/03814 (27.45%) | loss: 3.916174 | lrm: 1.00 | dt: 595.35ms | tok/sec: 90,299 | bf16_mfu: 0.00 | epoch: 1 pq: 1 rg: 9 | total time: 10.23m | eta: 27.3m
step 01048/03814 (27.48%) | loss: 3.907820 | lrm: 1.00 | dt: 690.52ms | tok/sec: 77,854 | bf16_mfu: 0.00 | epoch: 1 pq: 1 rg: 10 | total time: 10.25m | eta: 27.3m
step 01049/03814 (27.50%) | loss: 3.910295 | lrm: 1.00 | dt: 589.85ms | tok/sec: 91,141 | bf16_mfu: 0.00 | epoch: 1 pq: 1 rg: 10 | total time: 10.26m | eta: 27.3m
step 01050/03814 (27.53%) | loss: 3.916310 | lrm: 1.00 | dt: 591.22ms | tok/sec: 90,930 | bf16_mfu: 0.00 | epoch: 1 pq: 1 rg: 10 | total time: 10.27m | eta: 27.3m
step 01051/03814 (27.56%) | loss: 3.924320 | lrm: 1.00 | dt: 590.87ms | tok/sec: 90,984 | bf16_mfu: 0.00 | epoch: 1 pq: 1 rg: 10 | total time: 10.28m | eta: 27.3m
step 01052/03814 (27.58%) | loss: 3.919685 | lrm: 1.00 | dt: 593.48ms | tok/sec: 90,585 | bf16_mfu: 0.00 | epoch: 1 pq: 1 rg: 10 | total time: 10.29m | eta: 27.3m
step 01053/03814 (27.61%) | loss: 3.906498 | lrm: 1.00 | dt: 586.71ms | tok/sec: 91,629 | bf16_mfu: 0.00 | epoch: 1 pq: 1 rg: 10 | total time: 10.30m | eta: 27.3m
step 01054/03814 (27.64%) | loss: 3.914392 | lrm: 1.00 | dt: 592.70ms | tok/sec: 90,703 | bf16_mfu: 0.00 | epoch: 1 pq: 1 rg: 10 | total time: 10.31m | eta: 27.2m
step 01055/03814 (27.66%) | loss: 3.918956 | lrm: 1.00 | dt: 579.54ms | tok/sec: 92,763 | bf16_mfu: 0.00 | epoch: 1 pq: 1 rg: 10 | total time: 10.32m | eta: 27.2m
step 01056/03814 (27.69%) | loss: 3.915955 | lrm: 1.00 | dt: 591.99ms | tok/sec: 90,812 | bf16_mfu: 0.00 | epoch: 1 pq: 1 rg: 10 | total time: 10.33m | eta: 27.2m
step 01057/03814 (27.71%) | loss: 3.911527 | lrm: 1.00 | dt: 587.74ms | tok/sec: 91,469 | bf16_mfu: 0.00 | epoch: 1 pq: 1 rg: 10 | total time: 10.33m | eta: 27.2m
step 01058/03814 (27.74%) | loss: 3.913315 | lrm: 1.00 | dt: 581.00ms | tok/sec: 92,529 | bf16_mfu: 0.00 | epoch: 1 pq: 1 rg: 10 | total time: 10.34m | eta: 27.2m
step 01059/03814 (27.77%) | loss: 3.916519 | lrm: 1.00 | dt: 661.87ms | tok/sec: 81,224 | bf16_mfu: 0.00 | epoch: 1 pq: 1 rg: 11 | total time: 10.36m | eta: 27.2m
step 01060/03814 (27.79%) | loss: 3.903158 | lrm: 1.00 | dt: 591.91ms | tok/sec: 90,823 | bf16_mfu: 0.00 | epoch: 1 pq: 1 rg: 11 | total time: 10.37m | eta: 27.2m
step 01061/03814 (27.82%) | loss: 3.911725 | lrm: 1.00 | dt: 745.24ms | tok/sec: 72,137 | bf16_mfu: 0.00 | epoch: 1 pq: 1 rg: 11 | total time: 10.38m | eta: 27.2m
step 01062/03814 (27.84%) | loss: 3.915653 | lrm: 1.00 | dt: 646.55ms | tok/sec: 83,148 | bf16_mfu: 0.00 | epoch: 1 pq: 1 rg: 11 | total time: 10.39m | eta: 27.2m
step 01063/03814 (27.87%) | loss: 3.903371 | lrm: 1.00 | dt: 586.92ms | tok/sec: 91,596 | bf16_mfu: 0.00 | epoch: 1 pq: 1 rg: 11 | total time: 10.40m | eta: 27.2m
step 01064/03814 (27.90%) | loss: 3.904359 | lrm: 1.00 | dt: 587.19ms | tok/sec: 91,554 | bf16_mfu: 0.00 | epoch: 1 pq: 1 rg: 11 | total time: 10.41m | eta: 27.2m
step 01065/03814 (27.92%) | loss: 3.903861 | lrm: 1.00 | dt: 587.94ms | tok/sec: 91,438 | bf16_mfu: 0.00 | epoch: 1 pq: 1 rg: 11 | total time: 10.42m | eta: 27.1m
step 01066/03814 (27.95%) | loss: 3.901282 | lrm: 1.00 | dt: 606.41ms | tok/sec: 88,652 | bf16_mfu: 0.00 | epoch: 1 pq: 1 rg: 11 | total time: 10.43m | eta: 27.1m
step 01067/03814 (27.98%) | loss: 3.908147 | lrm: 1.00 | dt: 589.69ms | tok/sec: 91,166 | bf16_mfu: 0.00 | epoch: 1 pq: 1 rg: 11 | total time: 10.44m | eta: 27.1m
step 01068/03814 (28.00%) | loss: 3.906927 | lrm: 1.00 | dt: 584.82ms | tok/sec: 91,924 | bf16_mfu: 0.00 | epoch: 1 pq: 1 rg: 11 | total time: 10.45m | eta: 27.1m
step 01069/03814 (28.03%) | loss: 3.903478 | lrm: 1.00 | dt: 588.81ms | tok/sec: 91,302 | bf16_mfu: 0.00 | epoch: 1 pq: 1 rg: 11 | total time: 10.46m | eta: 27.1m
step 01070/03814 (28.05%) | loss: 3.908202 | lrm: 1.00 | dt: 707.25ms | tok/sec: 76,012 | bf16_mfu: 0.00 | epoch: 1 pq: 1 rg: 12 | total time: 10.47m | eta: 27.1m
step 01071/03814 (28.08%) | loss: 3.894986 | lrm: 1.00 | dt: 587.05ms | tok/sec: 91,576 | bf16_mfu: 0.00 | epoch: 1 pq: 1 rg: 12 | total time: 10.48m | eta: 27.1m
step 01072/03814 (28.11%) | loss: 3.901653 | lrm: 1.00 | dt: 650.33ms | tok/sec: 82,665 | bf16_mfu: 0.00 | epoch: 1 pq: 1 rg: 12 | total time: 10.49m | eta: 27.1m
step 01073/03814 (28.13%) | loss: 3.912578 | lrm: 1.00 | dt: 584.00ms | tok/sec: 92,054 | bf16_mfu: 0.00 | epoch: 1 pq: 1 rg: 12 | total time: 10.50m | eta: 27.1m
step 01074/03814 (28.16%) | loss: 3.906741 | lrm: 1.00 | dt: 588.41ms | tok/sec: 91,365 | bf16_mfu: 0.00 | epoch: 1 pq: 1 rg: 12 | total time: 10.51m | eta: 27.1m
step 01075/03814 (28.19%) | loss: 3.893168 | lrm: 1.00 | dt: 587.22ms | tok/sec: 91,550 | bf16_mfu: 0.00 | epoch: 1 pq: 1 rg: 12 | total time: 10.52m | eta: 27.1m
step 01076/03814 (28.21%) | loss: 3.899651 | lrm: 1.00 | dt: 586.66ms | tok/sec: 91,637 | bf16_mfu: 0.00 | epoch: 1 pq: 1 rg: 12 | total time: 10.53m | eta: 27.0m
step 01077/03814 (28.24%) | loss: 3.903428 | lrm: 1.00 | dt: 585.32ms | tok/sec: 91,847 | bf16_mfu: 0.00 | epoch: 1 pq: 1 rg: 12 | total time: 10.54m | eta: 27.0m
step 01078/03814 (28.26%) | loss: 3.896850 | lrm: 1.00 | dt: 589.04ms | tok/sec: 91,267 | bf16_mfu: 0.00 | epoch: 1 pq: 1 rg: 12 | total time: 10.55m | eta: 27.0m
step 01079/03814 (28.29%) | loss: 3.901442 | lrm: 1.00 | dt: 585.82ms | tok/sec: 91,768 | bf16_mfu: 0.00 | epoch: 1 pq: 1 rg: 12 | total time: 10.56m | eta: 27.0m
step 01080/03814 (28.32%) | loss: 3.900384 | lrm: 1.00 | dt: 598.92ms | tok/sec: 89,760 | bf16_mfu: 0.00 | epoch: 1 pq: 1 rg: 12 | total time: 10.57m | eta: 27.0m
step 01081/03814 (28.34%) | loss: 3.892103 | lrm: 1.00 | dt: 575.02ms | tok/sec: 93,492 | bf16_mfu: 0.00 | epoch: 1 pq: 1 rg: 12 | total time: 10.58m | eta: 27.0m
step 01082/03814 (28.37%) | loss: 3.903357 | lrm: 1.00 | dt: 587.24ms | tok/sec: 91,546 | bf16_mfu: 0.00 | epoch: 1 pq: 1 rg: 13 | total time: 10.59m | eta: 27.0m
step 01083/03814 (28.40%) | loss: 3.902622 | lrm: 1.00 | dt: 587.79ms | tok/sec: 91,461 | bf16_mfu: 0.00 | epoch: 1 pq: 1 rg: 13 | total time: 10.60m | eta: 27.0m
step 01084/03814 (28.42%) | loss: 3.876207 | lrm: 1.00 | dt: 586.09ms | tok/sec: 91,726 | bf16_mfu: 0.00 | epoch: 1 pq: 1 rg: 13 | total time: 10.61m | eta: 27.0m
step 01085/03814 (28.45%) | loss: 3.883634 | lrm: 1.00 | dt: 585.62ms | tok/sec: 91,800 | bf16_mfu: 0.00 | epoch: 1 pq: 1 rg: 13 | total time: 10.62m | eta: 27.0m
step 01086/03814 (28.47%) | loss: 3.890637 | lrm: 1.00 | dt: 588.16ms | tok/sec: 91,403 | bf16_mfu: 0.00 | epoch: 1 pq: 1 rg: 13 | total time: 10.63m | eta: 26.9m
step 01087/03814 (28.50%) | loss: 3.902927 | lrm: 1.00 | dt: 585.58ms | tok/sec: 91,806 | bf16_mfu: 0.00 | epoch: 1 pq: 1 rg: 13 | total time: 10.64m | eta: 26.9m
step 01088/03814 (28.53%) | loss: 3.905624 | lrm: 1.00 | dt: 586.18ms | tok/sec: 91,712 | bf16_mfu: 0.00 | epoch: 1 pq: 1 rg: 13 | total time: 10.65m | eta: 26.9m
step 01089/03814 (28.55%) | loss: 3.910264 | lrm: 1.00 | dt: 585.98ms | tok/sec: 91,744 | bf16_mfu: 0.00 | epoch: 1 pq: 1 rg: 13 | total time: 10.66m | eta: 26.9m
step 01090/03814 (28.58%) | loss: 3.894167 | lrm: 1.00 | dt: 589.85ms | tok/sec: 91,141 | bf16_mfu: 0.00 | epoch: 1 pq: 1 rg: 13 | total time: 10.67m | eta: 26.9m
step 01091/03814 (28.61%) | loss: 3.895689 | lrm: 1.00 | dt: 603.59ms | tok/sec: 89,066 | bf16_mfu: 0.00 | epoch: 1 pq: 1 rg: 13 | total time: 10.68m | eta: 26.9m
step 01092/03814 (28.63%) | loss: 3.896710 | lrm: 1.00 | dt: 584.74ms | tok/sec: 91,938 | bf16_mfu: 0.00 | epoch: 1 pq: 1 rg: 13 | total time: 10.69m | eta: 26.9m
step 01093/03814 (28.66%) | loss: 3.887704 | lrm: 1.00 | dt: 573.81ms | tok/sec: 93,689 | bf16_mfu: 0.00 | epoch: 1 pq: 1 rg: 14 | total time: 10.70m | eta: 26.9m
step 01094/03814 (28.68%) | loss: 3.884299 | lrm: 1.00 | dt: 622.68ms | tok/sec: 86,335 | bf16_mfu: 0.00 | epoch: 1 pq: 1 rg: 14 | total time: 10.71m | eta: 26.9m
step 01095/03814 (28.71%) | loss: 3.878592 | lrm: 1.00 | dt: 573.94ms | tok/sec: 93,668 | bf16_mfu: 0.00 | epoch: 1 pq: 1 rg: 14 | total time: 10.72m | eta: 26.9m
step 01096/03814 (28.74%) | loss: 3.879251 | lrm: 1.00 | dt: 585.89ms | tok/sec: 91,758 | bf16_mfu: 0.00 | epoch: 1 pq: 1 rg: 14 | total time: 10.73m | eta: 26.8m
step 01097/03814 (28.76%) | loss: 3.851314 | lrm: 1.00 | dt: 586.01ms | tok/sec: 91,738 | bf16_mfu: 0.00 | epoch: 1 pq: 1 rg: 14 | total time: 10.73m | eta: 26.8m
step 01098/03814 (28.79%) | loss: 3.833164 | lrm: 1.00 | dt: 591.40ms | tok/sec: 90,902 | bf16_mfu: 0.00 | epoch: 1 pq: 1 rg: 14 | total time: 10.74m | eta: 26.8m
step 01099/03814 (28.81%) | loss: 3.823715 | lrm: 1.00 | dt: 586.97ms | tok/sec: 91,588 | bf16_mfu: 0.00 | epoch: 1 pq: 1 rg: 14 | total time: 10.75m | eta: 26.8m
step 01100/03814 (28.84%) | loss: 3.828331 | lrm: 1.00 | dt: 607.75ms | tok/sec: 88,457 | bf16_mfu: 0.00 | epoch: 1 pq: 1 rg: 14 | total time: 10.76m | eta: 26.8m
step 01101/03814 (28.87%) | loss: 3.823875 | lrm: 1.00 | dt: 585.15ms | tok/sec: 91,874 | bf16_mfu: 0.00 | epoch: 1 pq: 1 rg: 14 | total time: 10.77m | eta: 26.8m
step 01102/03814 (28.89%) | loss: 3.818013 | lrm: 1.00 | dt: 583.95ms | tok/sec: 92,062 | bf16_mfu: 0.00 | epoch: 1 pq: 1 rg: 14 | total time: 10.78m | eta: 26.8m
step 01103/03814 (28.92%) | loss: 3.828717 | lrm: 1.00 | dt: 574.68ms | tok/sec: 93,547 | bf16_mfu: 0.00 | epoch: 1 pq: 1 rg: 14 | total time: 10.79m | eta: 26.8m
step 01104/03814 (28.95%) | loss: 3.851540 | lrm: 1.00 | dt: 677.25ms | tok/sec: 79,380 | bf16_mfu: 0.00 | epoch: 1 pq: 1 rg: 15 | total time: 10.80m | eta: 26.8m
step 01105/03814 (28.97%) | loss: 3.838953 | lrm: 1.00 | dt: 578.23ms | tok/sec: 92,973 | bf16_mfu: 0.00 | epoch: 1 pq: 1 rg: 15 | total time: 10.81m | eta: 26.8m
step 01106/03814 (29.00%) | loss: 3.840194 | lrm: 1.00 | dt: 587.14ms | tok/sec: 91,562 | bf16_mfu: 0.00 | epoch: 1 pq: 1 rg: 15 | total time: 10.82m | eta: 26.7m
step 01107/03814 (29.02%) | loss: 3.845955 | lrm: 1.00 | dt: 586.32ms | tok/sec: 91,691 | bf16_mfu: 0.00 | epoch: 1 pq: 1 rg: 15 | total time: 10.83m | eta: 26.7m
step 01108/03814 (29.05%) | loss: 3.841454 | lrm: 1.00 | dt: 587.17ms | tok/sec: 91,558 | bf16_mfu: 0.00 | epoch: 1 pq: 1 rg: 15 | total time: 10.84m | eta: 26.7m
step 01109/03814 (29.08%) | loss: 3.835960 | lrm: 1.00 | dt: 587.60ms | tok/sec: 91,491 | bf16_mfu: 0.00 | epoch: 1 pq: 1 rg: 15 | total time: 10.85m | eta: 26.7m
step 01110/03814 (29.10%) | loss: 3.826091 | lrm: 1.00 | dt: 587.26ms | tok/sec: 91,543 | bf16_mfu: 0.00 | epoch: 1 pq: 1 rg: 15 | total time: 10.86m | eta: 26.7m
step 01111/03814 (29.13%) | loss: 3.825974 | lrm: 1.00 | dt: 628.30ms | tok/sec: 85,564 | bf16_mfu: 0.00 | epoch: 1 pq: 1 rg: 15 | total time: 10.87m | eta: 26.7m
step 01112/03814 (29.16%) | loss: 3.817591 | lrm: 1.00 | dt: 591.80ms | tok/sec: 90,842 | bf16_mfu: 0.00 | epoch: 1 pq: 1 rg: 15 | total time: 10.88m | eta: 26.7m
step 01113/03814 (29.18%) | loss: 3.832063 | lrm: 1.00 | dt: 583.57ms | tok/sec: 92,121 | bf16_mfu: 0.00 | epoch: 1 pq: 1 rg: 15 | total time: 10.89m | eta: 26.7m
step 01114/03814 (29.21%) | loss: 3.829914 | lrm: 1.00 | dt: 587.82ms | tok/sec: 91,457 | bf16_mfu: 0.00 | epoch: 1 pq: 1 rg: 15 | total time: 10.90m | eta: 26.7m
step 01115/03814 (29.23%) | loss: 3.844703 | lrm: 1.00 | dt: 646.73ms | tok/sec: 83,126 | bf16_mfu: 0.00 | epoch: 1 pq: 1 rg: 16 | total time: 10.91m | eta: 26.7m
step 01116/03814 (29.26%) | loss: 3.866005 | lrm: 1.00 | dt: 590.34ms | tok/sec: 91,066 | bf16_mfu: 0.00 | epoch: 1 pq: 1 rg: 16 | total time: 10.92m | eta: 26.6m
step 01117/03814 (29.29%) | loss: 3.857693 | lrm: 1.00 | dt: 590.83ms | tok/sec: 90,990 | bf16_mfu: 0.00 | epoch: 1 pq: 1 rg: 16 | total time: 10.93m | eta: 26.6m
step 01118/03814 (29.31%) | loss: 3.854969 | lrm: 1.00 | dt: 582.10ms | tok/sec: 92,355 | bf16_mfu: 0.00 | epoch: 1 pq: 1 rg: 16 | total time: 10.94m | eta: 26.6m
step 01119/03814 (29.34%) | loss: 3.853030 | lrm: 1.00 | dt: 619.27ms | tok/sec: 86,812 | bf16_mfu: 0.00 | epoch: 1 pq: 1 rg: 16 | total time: 10.95m | eta: 26.6m
step 01120/03814 (29.37%) | loss: 3.865194 | lrm: 1.00 | dt: 580.13ms | tok/sec: 92,669 | bf16_mfu: 0.00 | epoch: 1 pq: 1 rg: 16 | total time: 10.96m | eta: 26.6m
step 01121/03814 (29.39%) | loss: 3.853070 | lrm: 1.00 | dt: 584.10ms | tok/sec: 92,038 | bf16_mfu: 0.00 | epoch: 1 pq: 1 rg: 16 | total time: 10.97m | eta: 26.6m
step 01122/03814 (29.42%) | loss: 3.859135 | lrm: 1.00 | dt: 609.76ms | tok/sec: 88,166 | bf16_mfu: 0.00 | epoch: 1 pq: 1 rg: 16 | total time: 10.98m | eta: 26.6m
step 01123/03814 (29.44%) | loss: 3.856703 | lrm: 1.00 | dt: 587.81ms | tok/sec: 91,457 | bf16_mfu: 0.00 | epoch: 1 pq: 1 rg: 16 | total time: 10.99m | eta: 26.6m
step 01124/03814 (29.47%) | loss: 3.847046 | lrm: 1.00 | dt: 584.68ms | tok/sec: 91,947 | bf16_mfu: 0.00 | epoch: 1 pq: 1 rg: 16 | total time: 11.00m | eta: 26.6m
step 01125/03814 (29.50%) | loss: 3.836070 | lrm: 1.00 | dt: 586.43ms | tok/sec: 91,673 | bf16_mfu: 0.00 | epoch: 1 pq: 1 rg: 16 | total time: 11.01m | eta: 26.6m
step 01126/03814 (29.52%) | loss: 3.831977 | lrm: 1.00 | dt: 588.32ms | tok/sec: 91,378 | bf16_mfu: 0.00 | epoch: 1 pq: 1 rg: 17 | total time: 11.02m | eta: 26.5m
step 01127/03814 (29.55%) | loss: 3.826870 | lrm: 1.00 | dt: 589.37ms | tok/sec: 91,216 | bf16_mfu: 0.00 | epoch: 1 pq: 1 rg: 17 | total time: 11.03m | eta: 26.5m
step 01128/03814 (29.58%) | loss: 3.822740 | lrm: 1.00 | dt: 590.03ms | tok/sec: 91,113 | bf16_mfu: 0.00 | epoch: 1 pq: 1 rg: 17 | total time: 11.04m | eta: 26.5m
step 01129/03814 (29.60%) | loss: 3.837283 | lrm: 1.00 | dt: 666.85ms | tok/sec: 80,617 | bf16_mfu: 0.00 | epoch: 1 pq: 1 rg: 17 | total time: 11.05m | eta: 26.5m
step 01130/03814 (29.63%) | loss: 3.847766 | lrm: 1.00 | dt: 593.26ms | tok/sec: 90,618 | bf16_mfu: 0.00 | epoch: 1 pq: 1 rg: 17 | total time: 11.06m | eta: 26.5m
step 01131/03814 (29.65%) | loss: 3.853345 | lrm: 1.00 | dt: 583.95ms | tok/sec: 92,063 | bf16_mfu: 0.00 | epoch: 1 pq: 1 rg: 17 | total time: 11.07m | eta: 26.5m
step 01132/03814 (29.68%) | loss: 3.877209 | lrm: 1.00 | dt: 584.20ms | tok/sec: 92,022 | bf16_mfu: 0.00 | epoch: 1 pq: 1 rg: 17 | total time: 11.08m | eta: 26.5m
step 01133/03814 (29.71%) | loss: 3.882601 | lrm: 1.00 | dt: 587.77ms | tok/sec: 91,463 | bf16_mfu: 0.00 | epoch: 1 pq: 1 rg: 17 | total time: 11.09m | eta: 26.5m
step 01134/03814 (29.73%) | loss: 3.893857 | lrm: 1.00 | dt: 588.37ms | tok/sec: 91,370 | bf16_mfu: 0.00 | epoch: 1 pq: 1 rg: 17 | total time: 11.10m | eta: 26.5m
step 01135/03814 (29.76%) | loss: 3.887640 | lrm: 1.00 | dt: 599.97ms | tok/sec: 89,604 | bf16_mfu: 0.00 | epoch: 1 pq: 1 rg: 17 | total time: 11.11m | eta: 26.5m
step 01136/03814 (29.79%) | loss: 3.886786 | lrm: 1.00 | dt: 582.48ms | tok/sec: 92,295 | bf16_mfu: 0.00 | epoch: 1 pq: 1 rg: 17 | total time: 11.12m | eta: 26.5m
step 01137/03814 (29.81%) | loss: 3.871848 | lrm: 1.00 | dt: 579.23ms | tok/sec: 92,812 | bf16_mfu: 0.00 | epoch: 1 pq: 1 rg: 17 | total time: 11.13m | eta: 26.4m
step 01138/03814 (29.84%) | loss: 3.854583 | lrm: 1.00 | dt: 681.41ms | tok/sec: 78,894 | bf16_mfu: 0.00 | epoch: 1 pq: 1 rg: 18 | total time: 11.14m | eta: 26.4m
step 01139/03814 (29.86%) | loss: 3.851502 | lrm: 1.00 | dt: 609.13ms | tok/sec: 88,256 | bf16_mfu: 0.00 | epoch: 1 pq: 1 rg: 18 | total time: 11.15m | eta: 26.4m
step 01140/03814 (29.89%) | loss: 3.839637 | lrm: 1.00 | dt: 578.53ms | tok/sec: 92,924 | bf16_mfu: 0.00 | epoch: 1 pq: 1 rg: 18 | total time: 11.16m | eta: 26.4m
step 01141/03814 (29.92%) | loss: 3.838732 | lrm: 1.00 | dt: 585.17ms | tok/sec: 91,871 | bf16_mfu: 0.00 | epoch: 1 pq: 1 rg: 18 | total time: 11.17m | eta: 26.4m
step 01142/03814 (29.94%) | loss: 3.860281 | lrm: 1.00 | dt: 588.45ms | tok/sec: 91,358 | bf16_mfu: 0.00 | epoch: 1 pq: 1 rg: 18 | total time: 11.18m | eta: 26.4m
step 01143/03814 (29.97%) | loss: 3.860645 | lrm: 1.00 | dt: 587.82ms | tok/sec: 91,456 | bf16_mfu: 0.00 | epoch: 1 pq: 1 rg: 18 | total time: 11.19m | eta: 26.4m
step 01144/03814 (29.99%) | loss: 3.855210 | lrm: 1.00 | dt: 588.15ms | tok/sec: 91,405 | bf16_mfu: 0.00 | epoch: 1 pq: 1 rg: 18 | total time: 11.20m | eta: 26.4m
step 01145/03814 (30.02%) | loss: 3.848093 | lrm: 1.00 | dt: 583.32ms | tok/sec: 92,162 | bf16_mfu: 0.00 | epoch: 1 pq: 1 rg: 18 | total time: 11.21m | eta: 26.4m
step 01146/03814 (30.05%) | loss: 3.848800 | lrm: 1.00 | dt: 586.40ms | tok/sec: 91,678 | bf16_mfu: 0.00 | epoch: 1 pq: 1 rg: 18 | total time: 11.22m | eta: 26.4m
step 01147/03814 (30.07%) | loss: 3.853647 | lrm: 1.00 | dt: 592.53ms | tok/sec: 90,730 | bf16_mfu: 0.00 | epoch: 1 pq: 1 rg: 18 | total time: 11.23m | eta: 26.3m
step 01148/03814 (30.10%) | loss: 3.848744 | lrm: 1.00 | dt: 598.61ms | tok/sec: 89,808 | bf16_mfu: 0.00 | epoch: 1 pq: 1 rg: 18 | total time: 11.24m | eta: 26.3m
step 01149/03814 (30.13%) | loss: 3.841706 | lrm: 1.00 | dt: 590.14ms | tok/sec: 91,097 | bf16_mfu: 0.00 | epoch: 1 pq: 1 rg: 19 | total time: 11.25m | eta: 26.3m
step 01150/03814 (30.15%) | loss: 3.844146 | lrm: 1.00 | dt: 585.05ms | tok/sec: 91,889 | bf16_mfu: 0.00 | epoch: 1 pq: 1 rg: 19 | total time: 11.26m | eta: 26.3m
step 01151/03814 (30.18%) | loss: 3.848655 | lrm: 1.00 | dt: 585.42ms | tok/sec: 91,831 | bf16_mfu: 0.00 | epoch: 1 pq: 1 rg: 19 | total time: 11.27m | eta: 26.3m
step 01152/03814 (30.20%) | loss: 3.843050 | lrm: 1.00 | dt: 584.09ms | tok/sec: 92,040 | bf16_mfu: 0.00 | epoch: 1 pq: 1 rg: 19 | total time: 11.28m | eta: 26.3m
step 01153/03814 (30.23%) | loss: 3.838951 | lrm: 1.00 | dt: 576.85ms | tok/sec: 93,195 | bf16_mfu: 0.00 | epoch: 1 pq: 1 rg: 19 | total time: 11.29m | eta: 26.3m
step 01154/03814 (30.26%) | loss: 3.836879 | lrm: 1.00 | dt: 583.31ms | tok/sec: 92,164 | bf16_mfu: 0.00 | epoch: 1 pq: 1 rg: 19 | total time: 11.30m | eta: 26.3m
step 01155/03814 (30.28%) | loss: 3.834193 | lrm: 1.00 | dt: 588.57ms | tok/sec: 91,339 | bf16_mfu: 0.00 | epoch: 1 pq: 1 rg: 19 | total time: 11.31m | eta: 26.3m
step 01156/03814 (30.31%) | loss: 3.853395 | lrm: 1.00 | dt: 589.89ms | tok/sec: 91,135 | bf16_mfu: 0.00 | epoch: 1 pq: 1 rg: 19 | total time: 11.32m | eta: 26.3m
step 01157/03814 (30.34%) | loss: 3.831291 | lrm: 1.00 | dt: 582.03ms | tok/sec: 92,366 | bf16_mfu: 0.00 | epoch: 1 pq: 1 rg: 19 | total time: 11.33m | eta: 26.2m
step 01158/03814 (30.36%) | loss: 3.842510 | lrm: 1.00 | dt: 585.63ms | tok/sec: 91,798 | bf16_mfu: 0.00 | epoch: 1 pq: 1 rg: 19 | total time: 11.34m | eta: 26.2m
step 01159/03814 (30.39%) | loss: 3.846513 | lrm: 1.00 | dt: 585.56ms | tok/sec: 91,809 | bf16_mfu: 0.00 | epoch: 1 pq: 1 rg: 19 | total time: 11.35m | eta: 26.2m
step 01160/03814 (30.41%) | loss: 3.850771 | lrm: 1.00 | dt: 586.55ms | tok/sec: 91,654 | bf16_mfu: 0.00 | epoch: 1 pq: 1 rg: 20 | total time: 11.36m | eta: 26.2m
step 01161/03814 (30.44%) | loss: 3.833837 | lrm: 1.00 | dt: 588.21ms | tok/sec: 91,395 | bf16_mfu: 0.00 | epoch: 1 pq: 1 rg: 20 | total time: 11.37m | eta: 26.2m
step 01162/03814 (30.47%) | loss: 3.827988 | lrm: 1.00 | dt: 588.82ms | tok/sec: 91,300 | bf16_mfu: 0.00 | epoch: 1 pq: 1 rg: 20 | total time: 11.38m | eta: 26.2m
step 01163/03814 (30.49%) | loss: 3.819175 | lrm: 1.00 | dt: 584.63ms | tok/sec: 91,955 | bf16_mfu: 0.00 | epoch: 1 pq: 1 rg: 20 | total time: 11.39m | eta: 26.2m
step 01164/03814 (30.52%) | loss: 3.826344 | lrm: 1.00 | dt: 588.61ms | tok/sec: 91,334 | bf16_mfu: 0.00 | epoch: 1 pq: 1 rg: 20 | total time: 11.40m | eta: 26.2m
step 01165/03814 (30.55%) | loss: 3.843986 | lrm: 1.00 | dt: 586.71ms | tok/sec: 91,630 | bf16_mfu: 0.00 | epoch: 1 pq: 1 rg: 20 | total time: 11.41m | eta: 26.2m
step 01166/03814 (30.57%) | loss: 3.851292 | lrm: 1.00 | dt: 686.12ms | tok/sec: 78,353 | bf16_mfu: 0.00 | epoch: 1 pq: 1 rg: 20 | total time: 11.42m | eta: 26.2m
step 01167/03814 (30.60%) | loss: 3.838455 | lrm: 1.00 | dt: 593.49ms | tok/sec: 90,582 | bf16_mfu: 0.00 | epoch: 1 pq: 1 rg: 20 | total time: 11.43m | eta: 26.1m
step 01168/03814 (30.62%) | loss: 3.839605 | lrm: 1.00 | dt: 580.19ms | tok/sec: 92,658 | bf16_mfu: 0.00 | epoch: 1 pq: 1 rg: 20 | total time: 11.44m | eta: 26.1m
step 01169/03814 (30.65%) | loss: 3.852658 | lrm: 1.00 | dt: 586.08ms | tok/sec: 91,728 | bf16_mfu: 0.00 | epoch: 1 pq: 1 rg: 20 | total time: 11.45m | eta: 26.1m
step 01170/03814 (30.68%) | loss: 3.855536 | lrm: 1.00 | dt: 591.56ms | tok/sec: 90,877 | bf16_mfu: 0.00 | epoch: 1 pq: 1 rg: 20 | total time: 11.46m | eta: 26.1m
step 01171/03814 (30.70%) | loss: 3.845400 | lrm: 1.00 | dt: 617.10ms | tok/sec: 87,117 | bf16_mfu: 0.00 | epoch: 1 pq: 1 rg: 21 | total time: 11.47m | eta: 26.1m
step 01172/03814 (30.73%) | loss: 3.836437 | lrm: 1.00 | dt: 587.58ms | tok/sec: 91,493 | bf16_mfu: 0.00 | epoch: 1 pq: 1 rg: 21 | total time: 11.48m | eta: 26.1m
step 01173/03814 (30.76%) | loss: 3.854631 | lrm: 1.00 | dt: 588.89ms | tok/sec: 91,289 | bf16_mfu: 0.00 | epoch: 1 pq: 1 rg: 21 | total time: 11.49m | eta: 26.1m
step 01174/03814 (30.78%) | loss: 3.850724 | lrm: 1.00 | dt: 588.51ms | tok/sec: 91,349 | bf16_mfu: 0.00 | epoch: 1 pq: 1 rg: 21 | total time: 11.50m | eta: 26.1m
step 01175/03814 (30.81%) | loss: 3.848462 | lrm: 1.00 | dt: 586.43ms | tok/sec: 91,674 | bf16_mfu: 0.00 | epoch: 1 pq: 1 rg: 21 | total time: 11.51m | eta: 26.1m
step 01176/03814 (30.83%) | loss: 3.843106 | lrm: 1.00 | dt: 586.36ms | tok/sec: 91,684 | bf16_mfu: 0.00 | epoch: 1 pq: 1 rg: 21 | total time: 11.52m | eta: 26.1m
step 01177/03814 (30.86%) | loss: 3.854112 | lrm: 1.00 | dt: 667.32ms | tok/sec: 80,560 | bf16_mfu: 0.00 | epoch: 1 pq: 1 rg: 21 | total time: 11.53m | eta: 26.0m
step 01178/03814 (30.89%) | loss: 3.837147 | lrm: 1.00 | dt: 590.86ms | tok/sec: 90,985 | bf16_mfu: 0.00 | epoch: 1 pq: 1 rg: 21 | total time: 11.54m | eta: 26.0m
step 01179/03814 (30.91%) | loss: 3.816957 | lrm: 1.00 | dt: 587.04ms | tok/sec: 91,578 | bf16_mfu: 0.00 | epoch: 1 pq: 1 rg: 21 | total time: 11.55m | eta: 26.0m
step 01180/03814 (30.94%) | loss: 3.833232 | lrm: 1.00 | dt: 586.47ms | tok/sec: 91,667 | bf16_mfu: 0.00 | epoch: 1 pq: 1 rg: 21 | total time: 11.56m | eta: 26.0m
step 01181/03814 (30.96%) | loss: 3.848708 | lrm: 1.00 | dt: 586.97ms | tok/sec: 91,588 | bf16_mfu: 0.00 | epoch: 1 pq: 1 rg: 21 | total time: 11.57m | eta: 26.0m
step 01182/03814 (30.99%) | loss: 3.849255 | lrm: 1.00 | dt: 585.19ms | tok/sec: 91,867 | bf16_mfu: 0.00 | epoch: 1 pq: 1 rg: 22 | total time: 11.58m | eta: 26.0m
step 01183/03814 (31.02%) | loss: 3.854008 | lrm: 1.00 | dt: 587.44ms | tok/sec: 91,515 | bf16_mfu: 0.00 | epoch: 1 pq: 1 rg: 22 | total time: 11.59m | eta: 26.0m
step 01184/03814 (31.04%) | loss: 3.845734 | lrm: 1.00 | dt: 603.11ms | tok/sec: 89,137 | bf16_mfu: 0.00 | epoch: 1 pq: 1 rg: 22 | total time: 11.60m | eta: 26.0m
step 01185/03814 (31.07%) | loss: 3.835178 | lrm: 1.00 | dt: 589.50ms | tok/sec: 91,195 | bf16_mfu: 0.00 | epoch: 1 pq: 1 rg: 22 | total time: 11.61m | eta: 26.0m
step 01186/03814 (31.10%) | loss: 3.828520 | lrm: 1.00 | dt: 584.44ms | tok/sec: 91,984 | bf16_mfu: 0.00 | epoch: 1 pq: 1 rg: 22 | total time: 11.62m | eta: 26.0m
step 01187/03814 (31.12%) | loss: 3.829692 | lrm: 1.00 | dt: 587.96ms | tok/sec: 91,435 | bf16_mfu: 0.00 | epoch: 1 pq: 1 rg: 22 | total time: 11.63m | eta: 25.9m
step 01188/03814 (31.15%) | loss: 3.836298 | lrm: 1.00 | dt: 643.11ms | tok/sec: 83,593 | bf16_mfu: 0.00 | epoch: 1 pq: 1 rg: 22 | total time: 11.64m | eta: 25.9m
step 01189/03814 (31.17%) | loss: 3.820510 | lrm: 1.00 | dt: 586.50ms | tok/sec: 91,662 | bf16_mfu: 0.00 | epoch: 1 pq: 1 rg: 22 | total time: 11.65m | eta: 25.9m
step 01190/03814 (31.20%) | loss: 3.828716 | lrm: 1.00 | dt: 634.74ms | tok/sec: 84,696 | bf16_mfu: 0.00 | epoch: 1 pq: 1 rg: 22 | total time: 11.66m | eta: 25.9m
step 01191/03814 (31.23%) | loss: 3.827433 | lrm: 1.00 | dt: 589.88ms | tok/sec: 91,137 | bf16_mfu: 0.00 | epoch: 1 pq: 1 rg: 22 | total time: 11.67m | eta: 25.9m
step 01192/03814 (31.25%) | loss: 3.808124 | lrm: 1.00 | dt: 586.03ms | tok/sec: 91,736 | bf16_mfu: 0.00 | epoch: 1 pq: 1 rg: 22 | total time: 11.68m | eta: 25.9m
step 01193/03814 (31.28%) | loss: 3.826657 | lrm: 1.00 | dt: 583.04ms | tok/sec: 92,206 | bf16_mfu: 0.00 | epoch: 1 pq: 1 rg: 22 | total time: 11.69m | eta: 25.9m
step 01194/03814 (31.31%) | loss: 3.828703 | lrm: 1.00 | dt: 587.73ms | tok/sec: 91,471 | bf16_mfu: 0.00 | epoch: 1 pq: 1 rg: 23 | total time: 11.70m | eta: 25.9m
step 01195/03814 (31.33%) | loss: 3.834161 | lrm: 1.00 | dt: 587.93ms | tok/sec: 91,438 | bf16_mfu: 0.00 | epoch: 1 pq: 1 rg: 23 | total time: 11.71m | eta: 25.9m
step 01196/03814 (31.36%) | loss: 3.812659 | lrm: 1.00 | dt: 587.03ms | tok/sec: 91,579 | bf16_mfu: 0.00 | epoch: 1 pq: 1 rg: 23 | total time: 11.72m | eta: 25.9m
step 01197/03814 (31.38%) | loss: 3.809254 | lrm: 1.00 | dt: 586.89ms | tok/sec: 91,601 | bf16_mfu: 0.00 | epoch: 1 pq: 1 rg: 23 | total time: 11.73m | eta: 25.9m
step 01198/03814 (31.41%) | loss: 3.794810 | lrm: 1.00 | dt: 585.67ms | tok/sec: 91,791 | bf16_mfu: 0.00 | epoch: 1 pq: 1 rg: 23 | total time: 11.74m | eta: 25.8m
step 01199/03814 (31.44%) | loss: 3.786581 | lrm: 1.00 | dt: 585.83ms | tok/sec: 91,767 | bf16_mfu: 0.00 | epoch: 1 pq: 1 rg: 23 | total time: 11.75m | eta: 25.8m
step 01200/03814 (31.46%) | loss: 3.779944 | lrm: 1.00 | dt: 589.11ms | tok/sec: 91,255 | bf16_mfu: 0.00 | epoch: 1 pq: 1 rg: 23 | total time: 11.76m | eta: 25.8m
step 01201/03814 (31.49%) | loss: 3.783673 | lrm: 1.00 | dt: 628.48ms | tok/sec: 85,539 | bf16_mfu: 0.00 | epoch: 1 pq: 1 rg: 23 | total time: 11.77m | eta: 25.8m
step 01202/03814 (31.52%) | loss: 3.780592 | lrm: 1.00 | dt: 588.52ms | tok/sec: 91,347 | bf16_mfu: 0.00 | epoch: 1 pq: 1 rg: 23 | total time: 11.78m | eta: 25.8m
step 01203/03814 (31.54%) | loss: 3.798172 | lrm: 1.00 | dt: 584.72ms | tok/sec: 91,941 | bf16_mfu: 0.00 | epoch: 1 pq: 1 rg: 23 | total time: 11.79m | eta: 25.8m
step 01204/03814 (31.57%) | loss: 3.798337 | lrm: 1.00 | dt: 606.35ms | tok/sec: 88,661 | bf16_mfu: 0.00 | epoch: 1 pq: 1 rg: 23 | total time: 11.80m | eta: 25.8m
step 01205/03814 (31.59%) | loss: 3.799683 | lrm: 1.00 | dt: 593.30ms | tok/sec: 90,612 | bf16_mfu: 0.00 | epoch: 1 pq: 1 rg: 24 | total time: 11.81m | eta: 25.8m
step 01206/03814 (31.62%) | loss: 3.776438 | lrm: 1.00 | dt: 585.87ms | tok/sec: 91,761 | bf16_mfu: 0.00 | epoch: 1 pq: 1 rg: 24 | total time: 11.82m | eta: 25.8m
step 01207/03814 (31.65%) | loss: 3.782677 | lrm: 1.00 | dt: 586.90ms | tok/sec: 91,600 | bf16_mfu: 0.00 | epoch: 1 pq: 1 rg: 24 | total time: 11.82m | eta: 25.8m
step 01208/03814 (31.67%) | loss: 3.781882 | lrm: 1.00 | dt: 584.05ms | tok/sec: 92,046 | bf16_mfu: 0.00 | epoch: 1 pq: 1 rg: 24 | total time: 11.83m | eta: 25.7m
step 01209/03814 (31.70%) | loss: 3.791846 | lrm: 1.00 | dt: 586.14ms | tok/sec: 91,719 | bf16_mfu: 0.00 | epoch: 1 pq: 1 rg: 24 | total time: 11.84m | eta: 25.7m
step 01210/03814 (31.73%) | loss: 3.812952 | lrm: 1.00 | dt: 586.16ms | tok/sec: 91,715 | bf16_mfu: 0.00 | epoch: 1 pq: 1 rg: 24 | total time: 11.85m | eta: 25.7m
step 01211/03814 (31.75%) | loss: 3.808950 | lrm: 1.00 | dt: 587.81ms | tok/sec: 91,458 | bf16_mfu: 0.00 | epoch: 1 pq: 1 rg: 24 | total time: 11.86m | eta: 25.7m
step 01212/03814 (31.78%) | loss: 3.785025 | lrm: 1.00 | dt: 587.69ms | tok/sec: 91,476 | bf16_mfu: 0.00 | epoch: 1 pq: 1 rg: 24 | total time: 11.87m | eta: 25.7m
step 01213/03814 (31.80%) | loss: 3.795532 | lrm: 1.00 | dt: 586.79ms | tok/sec: 91,617 | bf16_mfu: 0.00 | epoch: 1 pq: 1 rg: 24 | total time: 11.88m | eta: 25.7m
step 01214/03814 (31.83%) | loss: 3.792247 | lrm: 1.00 | dt: 588.94ms | tok/sec: 91,282 | bf16_mfu: 0.00 | epoch: 1 pq: 1 rg: 24 | total time: 11.89m | eta: 25.7m
step 01215/03814 (31.86%) | loss: 3.800944 | lrm: 1.00 | dt: 587.36ms | tok/sec: 91,527 | bf16_mfu: 0.00 | epoch: 1 pq: 1 rg: 24 | total time: 11.90m | eta: 25.7m
step 01216/03814 (31.88%) | loss: 3.787755 | lrm: 1.00 | dt: 661.50ms | tok/sec: 81,269 | bf16_mfu: 0.00 | epoch: 1 pq: 1 rg: 25 | total time: 11.91m | eta: 25.7m
step 01217/03814 (31.91%) | loss: 3.789709 | lrm: 1.00 | dt: 576.96ms | tok/sec: 93,178 | bf16_mfu: 0.00 | epoch: 1 pq: 1 rg: 25 | total time: 11.92m | eta: 25.7m
step 01218/03814 (31.93%) | loss: 3.790233 | lrm: 1.00 | dt: 587.83ms | tok/sec: 91,455 | bf16_mfu: 0.00 | epoch: 1 pq: 1 rg: 25 | total time: 11.93m | eta: 25.6m
step 01219/03814 (31.96%) | loss: 3.788501 | lrm: 1.00 | dt: 584.82ms | tok/sec: 91,924 | bf16_mfu: 0.00 | epoch: 1 pq: 1 rg: 25 | total time: 11.94m | eta: 25.6m
step 01220/03814 (31.99%) | loss: 3.792565 | lrm: 1.00 | dt: 589.20ms | tok/sec: 91,241 | bf16_mfu: 0.00 | epoch: 1 pq: 1 rg: 25 | total time: 11.95m | eta: 25.6m
step 01221/03814 (32.01%) | loss: 3.794790 | lrm: 1.00 | dt: 587.53ms | tok/sec: 91,501 | bf16_mfu: 0.00 | epoch: 1 pq: 1 rg: 25 | total time: 11.96m | eta: 25.6m
step 01222/03814 (32.04%) | loss: 3.805791 | lrm: 1.00 | dt: 587.94ms | tok/sec: 91,438 | bf16_mfu: 0.00 | epoch: 1 pq: 1 rg: 25 | total time: 11.97m | eta: 25.6m
step 01223/03814 (32.07%) | loss: 3.790271 | lrm: 1.00 | dt: 587.89ms | tok/sec: 91,444 | bf16_mfu: 0.00 | epoch: 1 pq: 1 rg: 25 | total time: 11.98m | eta: 25.6m
step 01224/03814 (32.09%) | loss: 3.794342 | lrm: 1.00 | dt: 586.16ms | tok/sec: 91,715 | bf16_mfu: 0.00 | epoch: 1 pq: 1 rg: 25 | total time: 11.99m | eta: 25.6m
step 01225/03814 (32.12%) | loss: 3.795850 | lrm: 1.00 | dt: 587.33ms | tok/sec: 91,532 | bf16_mfu: 0.00 | epoch: 1 pq: 1 rg: 25 | total time: 12.00m | eta: 25.6m
step 01226/03814 (32.14%) | loss: 3.789590 | lrm: 1.00 | dt: 677.73ms | tok/sec: 79,323 | bf16_mfu: 0.00 | epoch: 1 pq: 1 rg: 25 | total time: 12.01m | eta: 25.6m
step 01227/03814 (32.17%) | loss: 3.787536 | lrm: 1.00 | dt: 581.62ms | tok/sec: 92,431 | bf16_mfu: 0.00 | epoch: 1 pq: 1 rg: 25 | total time: 12.02m | eta: 25.6m
step 01228/03814 (32.20%) | loss: 3.782494 | lrm: 1.00 | dt: 646.78ms | tok/sec: 83,119 | bf16_mfu: 0.00 | epoch: 1 pq: 1 rg: 26 | total time: 12.03m | eta: 25.5m
step 01229/03814 (32.22%) | loss: 3.785461 | lrm: 1.00 | dt: 640.98ms | tok/sec: 83,871 | bf16_mfu: 0.00 | epoch: 1 pq: 1 rg: 26 | total time: 12.04m | eta: 25.5m
step 01230/03814 (32.25%) | loss: 3.794458 | lrm: 1.00 | dt: 579.09ms | tok/sec: 92,835 | bf16_mfu: 0.00 | epoch: 1 pq: 1 rg: 26 | total time: 12.05m | eta: 25.5m
step 01231/03814 (32.28%) | loss: 3.787664 | lrm: 1.00 | dt: 631.23ms | tok/sec: 85,167 | bf16_mfu: 0.00 | epoch: 1 pq: 1 rg: 26 | total time: 12.06m | eta: 25.5m
step 01232/03814 (32.30%) | loss: 3.788846 | lrm: 1.00 | dt: 583.45ms | tok/sec: 92,141 | bf16_mfu: 0.00 | epoch: 1 pq: 1 rg: 26 | total time: 12.07m | eta: 25.5m
step 01233/03814 (32.33%) | loss: 3.786899 | lrm: 1.00 | dt: 584.10ms | tok/sec: 92,039 | bf16_mfu: 0.00 | epoch: 1 pq: 1 rg: 26 | total time: 12.08m | eta: 25.5m
step 01234/03814 (32.35%) | loss: 3.803419 | lrm: 1.00 | dt: 587.82ms | tok/sec: 91,457 | bf16_mfu: 0.00 | epoch: 1 pq: 1 rg: 26 | total time: 12.09m | eta: 25.5m
step 01235/03814 (32.38%) | loss: 3.791891 | lrm: 1.00 | dt: 588.63ms | tok/sec: 91,330 | bf16_mfu: 0.00 | epoch: 1 pq: 1 rg: 26 | total time: 12.10m | eta: 25.5m
step 01236/03814 (32.41%) | loss: 3.789647 | lrm: 1.00 | dt: 587.39ms | tok/sec: 91,522 | bf16_mfu: 0.00 | epoch: 1 pq: 1 rg: 26 | total time: 12.11m | eta: 25.5m
step 01237/03814 (32.43%) | loss: 3.778678 | lrm: 1.00 | dt: 586.51ms | tok/sec: 91,660 | bf16_mfu: 0.00 | epoch: 1 pq: 1 rg: 26 | total time: 12.12m | eta: 25.5m
step 01238/03814 (32.46%) | loss: 3.794971 | lrm: 1.00 | dt: 589.21ms | tok/sec: 91,240 | bf16_mfu: 0.00 | epoch: 1 pq: 1 rg: 26 | total time: 12.13m | eta: 25.5m
step 01239/03814 (32.49%) | loss: 3.805945 | lrm: 1.00 | dt: 587.89ms | tok/sec: 91,445 | bf16_mfu: 0.00 | epoch: 1 pq: 1 rg: 26 | total time: 12.14m | eta: 25.4m
step 01240/03814 (32.51%) | loss: 3.811681 | lrm: 1.00 | dt: 586.87ms | tok/sec: 91,604 | bf16_mfu: 0.00 | epoch: 1 pq: 1 rg: 27 | total time: 12.15m | eta: 25.4m
step 01241/03814 (32.54%) | loss: 3.791948 | lrm: 1.00 | dt: 604.75ms | tok/sec: 88,896 | bf16_mfu: 0.00 | epoch: 1 pq: 1 rg: 27 | total time: 12.16m | eta: 25.4m
step 01242/03814 (32.56%) | loss: 3.797414 | lrm: 1.00 | dt: 590.85ms | tok/sec: 90,987 | bf16_mfu: 0.00 | epoch: 1 pq: 1 rg: 27 | total time: 12.17m | eta: 25.4m
step 01243/03814 (32.59%) | loss: 3.790869 | lrm: 1.00 | dt: 587.75ms | tok/sec: 91,467 | bf16_mfu: 0.00 | epoch: 1 pq: 1 rg: 27 | total time: 12.18m | eta: 25.4m
step 01244/03814 (32.62%) | loss: 3.804747 | lrm: 1.00 | dt: 587.10ms | tok/sec: 91,568 | bf16_mfu: 0.00 | epoch: 1 pq: 1 rg: 27 | total time: 12.19m | eta: 25.4m
step 01245/03814 (32.64%) | loss: 3.814554 | lrm: 1.00 | dt: 628.30ms | tok/sec: 85,564 | bf16_mfu: 0.00 | epoch: 1 pq: 1 rg: 27 | total time: 12.20m | eta: 25.4m
step 01246/03814 (32.67%) | loss: 3.795872 | lrm: 1.00 | dt: 589.96ms | tok/sec: 91,124 | bf16_mfu: 0.00 | epoch: 1 pq: 1 rg: 27 | total time: 12.21m | eta: 25.4m
step 01247/03814 (32.70%) | loss: 3.815326 | lrm: 1.00 | dt: 590.60ms | tok/sec: 91,025 | bf16_mfu: 0.00 | epoch: 1 pq: 1 rg: 27 | total time: 12.22m | eta: 25.4m
step 01248/03814 (32.72%) | loss: 3.797647 | lrm: 1.00 | dt: 585.44ms | tok/sec: 91,828 | bf16_mfu: 0.00 | epoch: 1 pq: 1 rg: 27 | total time: 12.23m | eta: 25.4m
step 01249/03814 (32.75%) | loss: 3.786120 | lrm: 1.00 | dt: 584.20ms | tok/sec: 92,023 | bf16_mfu: 0.00 | epoch: 1 pq: 1 rg: 27 | total time: 12.24m | eta: 25.3m
step 01250/03814 (32.77%) | loss: 3.796374 | lrm: 1.00 | dt: 585.87ms | tok/sec: 91,760 | bf16_mfu: 0.00 | epoch: 1 pq: 1 rg: 27 | total time: 12.25m | eta: 25.3m
step 01251/03814 (32.80%) | loss: 3.780030 | lrm: 1.00 | dt: 615.05ms | tok/sec: 87,407 | bf16_mfu: 0.00 | epoch: 1 pq: 1 rg: 28 | total time: 12.26m | eta: 25.3m
step 01252/03814 (32.83%) | loss: 3.768746 | lrm: 1.00 | dt: 581.77ms | tok/sec: 92,408 | bf16_mfu: 0.00 | epoch: 1 pq: 1 rg: 28 | total time: 12.27m | eta: 25.3m
step 01253/03814 (32.85%) | loss: 3.770342 | lrm: 1.00 | dt: 581.21ms | tok/sec: 92,496 | bf16_mfu: 0.00 | epoch: 1 pq: 1 rg: 28 | total time: 12.28m | eta: 25.3m
step 01254/03814 (32.88%) | loss: 3.788115 | lrm: 1.00 | dt: 625.94ms | tok/sec: 85,886 | bf16_mfu: 0.00 | epoch: 1 pq: 1 rg: 28 | total time: 12.29m | eta: 25.3m
step 01255/03814 (32.91%) | loss: 3.780357 | lrm: 1.00 | dt: 587.66ms | tok/sec: 91,480 | bf16_mfu: 0.00 | epoch: 1 pq: 1 rg: 28 | total time: 12.30m | eta: 25.3m
step 01256/03814 (32.93%) | loss: 3.772421 | lrm: 1.00 | dt: 587.34ms | tok/sec: 91,530 | bf16_mfu: 0.00 | epoch: 1 pq: 1 rg: 28 | total time: 12.31m | eta: 25.3m
step 01257/03814 (32.96%) | loss: 3.780334 | lrm: 1.00 | dt: 645.41ms | tok/sec: 83,296 | bf16_mfu: 0.00 | epoch: 1 pq: 1 rg: 28 | total time: 12.32m | eta: 25.3m
step 01258/03814 (32.98%) | loss: 3.791949 | lrm: 1.00 | dt: 587.29ms | tok/sec: 91,539 | bf16_mfu: 0.00 | epoch: 1 pq: 1 rg: 28 | total time: 12.33m | eta: 25.3m
step 01259/03814 (33.01%) | loss: 3.783346 | lrm: 1.00 | dt: 585.27ms | tok/sec: 91,855 | bf16_mfu: 0.00 | epoch: 1 pq: 1 rg: 28 | total time: 12.34m | eta: 25.2m
step 01260/03814 (33.04%) | loss: 3.791935 | lrm: 1.00 | dt: 628.87ms | tok/sec: 85,486 | bf16_mfu: 0.00 | epoch: 1 pq: 1 rg: 28 | total time: 12.35m | eta: 25.2m
step 01261/03814 (33.06%) | loss: 3.796787 | lrm: 1.00 | dt: 585.94ms | tok/sec: 91,749 | bf16_mfu: 0.00 | epoch: 1 pq: 1 rg: 28 | total time: 12.36m | eta: 25.2m
step 01262/03814 (33.09%) | loss: 3.789976 | lrm: 1.00 | dt: 589.30ms | tok/sec: 91,227 | bf16_mfu: 0.00 | epoch: 1 pq: 1 rg: 29 | total time: 12.37m | eta: 25.2m
step 01263/03814 (33.11%) | loss: 3.799899 | lrm: 1.00 | dt: 586.23ms | tok/sec: 91,704 | bf16_mfu: 0.00 | epoch: 1 pq: 1 rg: 29 | total time: 12.38m | eta: 25.2m
step 01264/03814 (33.14%) | loss: 3.804010 | lrm: 1.00 | dt: 586.85ms | tok/sec: 91,607 | bf16_mfu: 0.00 | epoch: 1 pq: 1 rg: 29 | total time: 12.39m | eta: 25.2m
step 01265/03814 (33.17%) | loss: 3.789827 | lrm: 1.00 | dt: 587.70ms | tok/sec: 91,476 | bf16_mfu: 0.00 | epoch: 1 pq: 1 rg: 29 | total time: 12.40m | eta: 25.2m
step 01266/03814 (33.19%) | loss: 3.796350 | lrm: 1.00 | dt: 594.77ms | tok/sec: 90,388 | bf16_mfu: 0.00 | epoch: 1 pq: 1 rg: 29 | total time: 12.41m | eta: 25.2m
step 01267/03814 (33.22%) | loss: 3.810777 | lrm: 1.00 | dt: 586.14ms | tok/sec: 91,718 | bf16_mfu: 0.00 | epoch: 1 pq: 1 rg: 29 | total time: 12.42m | eta: 25.2m
step 01268/03814 (33.25%) | loss: 3.820593 | lrm: 1.00 | dt: 583.63ms | tok/sec: 92,112 | bf16_mfu: 0.00 | epoch: 1 pq: 1 rg: 29 | total time: 12.43m | eta: 25.2m
step 01269/03814 (33.27%) | loss: 3.821770 | lrm: 1.00 | dt: 591.04ms | tok/sec: 90,958 | bf16_mfu: 0.00 | epoch: 1 pq: 1 rg: 29 | total time: 12.44m | eta: 25.1m
step 01270/03814 (33.30%) | loss: 3.817786 | lrm: 1.00 | dt: 603.57ms | tok/sec: 89,069 | bf16_mfu: 0.00 | epoch: 1 pq: 1 rg: 29 | total time: 12.45m | eta: 25.1m
step 01271/03814 (33.32%) | loss: 3.818629 | lrm: 1.00 | dt: 588.22ms | tok/sec: 91,394 | bf16_mfu: 0.00 | epoch: 1 pq: 1 rg: 29 | total time: 12.46m | eta: 25.1m
step 01272/03814 (33.35%) | loss: 3.821909 | lrm: 1.00 | dt: 584.07ms | tok/sec: 92,043 | bf16_mfu: 0.00 | epoch: 1 pq: 1 rg: 29 | total time: 12.47m | eta: 25.1m
step 01273/03814 (33.38%) | loss: 3.811638 | lrm: 1.00 | dt: 590.50ms | tok/sec: 91,041 | bf16_mfu: 0.00 | epoch: 1 pq: 1 rg: 29 | total time: 12.48m | eta: 25.1m
step 01274/03814 (33.40%) | loss: 3.827296 | lrm: 1.00 | dt: 600.19ms | tok/sec: 89,571 | bf16_mfu: 0.00 | epoch: 1 pq: 1 rg: 30 | total time: 12.49m | eta: 25.1m
step 01275/03814 (33.43%) | loss: 3.828087 | lrm: 1.00 | dt: 606.56ms | tok/sec: 88,631 | bf16_mfu: 0.00 | epoch: 1 pq: 1 rg: 30 | total time: 12.50m | eta: 25.1m
step 01276/03814 (33.46%) | loss: 3.817158 | lrm: 1.00 | dt: 590.59ms | tok/sec: 91,027 | bf16_mfu: 0.00 | epoch: 1 pq: 1 rg: 30 | total time: 12.51m | eta: 25.1m
step 01277/03814 (33.48%) | loss: 3.804923 | lrm: 1.00 | dt: 585.39ms | tok/sec: 91,836 | bf16_mfu: 0.00 | epoch: 1 pq: 1 rg: 30 | total time: 12.52m | eta: 25.1m
step 01278/03814 (33.51%) | loss: 3.798736 | lrm: 1.00 | dt: 586.98ms | tok/sec: 91,587 | bf16_mfu: 0.00 | epoch: 1 pq: 1 rg: 30 | total time: 12.53m | eta: 25.1m
step 01279/03814 (33.53%) | loss: 3.799423 | lrm: 1.00 | dt: 590.33ms | tok/sec: 91,068 | bf16_mfu: 0.00 | epoch: 1 pq: 1 rg: 30 | total time: 12.54m | eta: 25.0m
step 01280/03814 (33.56%) | loss: 3.794734 | lrm: 1.00 | dt: 582.62ms | tok/sec: 92,273 | bf16_mfu: 0.00 | epoch: 1 pq: 1 rg: 30 | total time: 12.55m | eta: 25.0m
step 01281/03814 (33.59%) | loss: 3.790387 | lrm: 1.00 | dt: 599.50ms | tok/sec: 89,674 | bf16_mfu: 0.00 | epoch: 1 pq: 1 rg: 30 | total time: 12.56m | eta: 25.0m
step 01282/03814 (33.61%) | loss: 3.784116 | lrm: 1.00 | dt: 584.07ms | tok/sec: 92,043 | bf16_mfu: 0.00 | epoch: 1 pq: 1 rg: 30 | total time: 12.57m | eta: 25.0m
step 01283/03814 (33.64%) | loss: 3.798340 | lrm: 1.00 | dt: 579.30ms | tok/sec: 92,802 | bf16_mfu: 0.00 | epoch: 1 pq: 1 rg: 30 | total time: 12.58m | eta: 25.0m
step 01284/03814 (33.67%) | loss: 3.801346 | lrm: 1.00 | dt: 585.31ms | tok/sec: 91,848 | bf16_mfu: 0.00 | epoch: 1 pq: 1 rg: 30 | total time: 12.59m | eta: 25.0m
step 01285/03814 (33.69%) | loss: 3.792863 | lrm: 1.00 | dt: 612.71ms | tok/sec: 87,741 | bf16_mfu: 0.00 | epoch: 1 pq: 1 rg: 31 | total time: 12.60m | eta: 25.0m
step 01286/03814 (33.72%) | loss: 3.789666 | lrm: 1.00 | dt: 588.27ms | tok/sec: 91,386 | bf16_mfu: 0.00 | epoch: 1 pq: 1 rg: 31 | total time: 12.61m | eta: 25.0m
step 01287/03814 (33.74%) | loss: 3.775849 | lrm: 1.00 | dt: 589.18ms | tok/sec: 91,246 | bf16_mfu: 0.00 | epoch: 1 pq: 1 rg: 31 | total time: 12.62m | eta: 25.0m
step 01288/03814 (33.77%) | loss: 3.783992 | lrm: 1.00 | dt: 582.91ms | tok/sec: 92,226 | bf16_mfu: 0.00 | epoch: 1 pq: 1 rg: 31 | total time: 12.63m | eta: 25.0m
step 01289/03814 (33.80%) | loss: 3.778279 | lrm: 1.00 | dt: 588.13ms | tok/sec: 91,407 | bf16_mfu: 0.00 | epoch: 1 pq: 1 rg: 31 | total time: 12.64m | eta: 24.9m
step 01290/03814 (33.82%) | loss: 3.782542 | lrm: 1.00 | dt: 588.69ms | tok/sec: 91,321 | bf16_mfu: 0.00 | epoch: 1 pq: 1 rg: 31 | total time: 12.65m | eta: 24.9m
step 01291/03814 (33.85%) | loss: 3.790128 | lrm: 1.00 | dt: 588.04ms | tok/sec: 91,422 | bf16_mfu: 0.00 | epoch: 1 pq: 1 rg: 31 | total time: 12.66m | eta: 24.9m
step 01292/03814 (33.88%) | loss: 3.785752 | lrm: 1.00 | dt: 654.85ms | tok/sec: 82,094 | bf16_mfu: 0.00 | epoch: 1 pq: 1 rg: 31 | total time: 12.67m | eta: 24.9m
step 01293/03814 (33.90%) | loss: 3.776672 | lrm: 1.00 | dt: 584.59ms | tok/sec: 91,962 | bf16_mfu: 0.00 | epoch: 1 pq: 1 rg: 31 | total time: 12.68m | eta: 24.9m
step 01294/03814 (33.93%) | loss: 3.786762 | lrm: 1.00 | dt: 578.00ms | tok/sec: 93,010 | bf16_mfu: 0.00 | epoch: 1 pq: 1 rg: 31 | total time: 12.69m | eta: 24.9m
step 01295/03814 (33.95%) | loss: 3.790223 | lrm: 1.00 | dt: 606.35ms | tok/sec: 88,661 | bf16_mfu: 0.00 | epoch: 1 pq: 1 rg: 31 | total time: 12.70m | eta: 24.9m
step 01296/03814 (33.98%) | loss: 3.793956 | lrm: 1.00 | dt: 635.39ms | tok/sec: 84,609 | bf16_mfu: 0.00 | epoch: 1 pq: 1 rg: 32 | total time: 12.71m | eta: 24.9m
step 01297/03814 (34.01%) | loss: 3.797543 | lrm: 1.00 | dt: 579.04ms | tok/sec: 92,843 | bf16_mfu: 0.00 | epoch: 1 pq: 1 rg: 32 | total time: 12.72m | eta: 24.9m
step 01298/03814 (34.03%) | loss: 3.804328 | lrm: 1.00 | dt: 591.93ms | tok/sec: 90,821 | bf16_mfu: 0.00 | epoch: 1 pq: 1 rg: 32 | total time: 12.73m | eta: 24.9m
step 01299/03814 (34.06%) | loss: 3.793272 | lrm: 1.00 | dt: 582.18ms | tok/sec: 92,342 | bf16_mfu: 0.00 | epoch: 1 pq: 1 rg: 32 | total time: 12.74m | eta: 24.9m
step 01300/03814 (34.08%) | loss: 3.782328 | lrm: 1.00 | dt: 585.15ms | tok/sec: 91,874 | bf16_mfu: 0.00 | epoch: 1 pq: 1 rg: 32 | total time: 12.75m | eta: 24.8m
step 01301/03814 (34.11%) | loss: 3.812659 | lrm: 1.00 | dt: 584.99ms | tok/sec: 91,899 | bf16_mfu: 0.00 | epoch: 1 pq: 1 rg: 32 | total time: 12.76m | eta: 24.8m
step 01302/03814 (34.14%) | loss: 3.801638 | lrm: 1.00 | dt: 587.36ms | tok/sec: 91,527 | bf16_mfu: 0.00 | epoch: 1 pq: 1 rg: 32 | total time: 12.77m | eta: 24.8m
step 01303/03814 (34.16%) | loss: 3.780943 | lrm: 1.00 | dt: 587.03ms | tok/sec: 91,579 | bf16_mfu: 0.00 | epoch: 1 pq: 1 rg: 32 | total time: 12.78m | eta: 24.8m
step 01304/03814 (34.19%) | loss: 3.782445 | lrm: 1.00 | dt: 587.37ms | tok/sec: 91,526 | bf16_mfu: 0.00 | epoch: 1 pq: 1 rg: 32 | total time: 12.79m | eta: 24.8m
step 01305/03814 (34.22%) | loss: 3.771988 | lrm: 1.00 | dt: 588.98ms | tok/sec: 91,277 | bf16_mfu: 0.00 | epoch: 1 pq: 1 rg: 32 | total time: 12.80m | eta: 24.8m
step 01306/03814 (34.24%) | loss: 3.759284 | lrm: 1.00 | dt: 585.88ms | tok/sec: 91,758 | bf16_mfu: 0.00 | epoch: 1 pq: 1 rg: 32 | total time: 12.81m | eta: 24.8m
step 01307/03814 (34.27%) | loss: 3.770051 | lrm: 1.00 | dt: 585.61ms | tok/sec: 91,802 | bf16_mfu: 0.00 | epoch: 1 pq: 1 rg: 32 | total time: 12.82m | eta: 24.8m
step 01308/03814 (34.29%) | loss: 3.771105 | lrm: 1.00 | dt: 665.84ms | tok/sec: 80,740 | bf16_mfu: 0.00 | epoch: 1 pq: 1 rg: 33 | total time: 12.83m | eta: 24.8m
step 01309/03814 (34.32%) | loss: 3.775926 | lrm: 1.00 | dt: 587.62ms | tok/sec: 91,488 | bf16_mfu: 0.00 | epoch: 1 pq: 1 rg: 33 | total time: 12.84m | eta: 24.8m
step 01310/03814 (34.35%) | loss: 3.780709 | lrm: 1.00 | dt: 586.59ms | tok/sec: 91,648 | bf16_mfu: 0.00 | epoch: 1 pq: 1 rg: 33 | total time: 12.85m | eta: 24.7m
step 01311/03814 (34.37%) | loss: 3.788676 | lrm: 1.00 | dt: 629.18ms | tok/sec: 85,444 | bf16_mfu: 0.00 | epoch: 1 pq: 1 rg: 33 | total time: 12.86m | eta: 24.7m
step 01312/03814 (34.40%) | loss: 3.778292 | lrm: 1.00 | dt: 587.60ms | tok/sec: 91,491 | bf16_mfu: 0.00 | epoch: 1 pq: 1 rg: 33 | total time: 12.87m | eta: 24.7m
step 01313/03814 (34.43%) | loss: 3.779904 | lrm: 1.00 | dt: 588.91ms | tok/sec: 91,287 | bf16_mfu: 0.00 | epoch: 1 pq: 1 rg: 33 | total time: 12.88m | eta: 24.7m
step 01314/03814 (34.45%) | loss: 3.773268 | lrm: 1.00 | dt: 590.07ms | tok/sec: 91,108 | bf16_mfu: 0.00 | epoch: 1 pq: 1 rg: 33 | total time: 12.89m | eta: 24.7m
step 01315/03814 (34.48%) | loss: 3.758849 | lrm: 1.00 | dt: 586.08ms | tok/sec: 91,728 | bf16_mfu: 0.00 | epoch: 1 pq: 1 rg: 33 | total time: 12.90m | eta: 24.7m
step 01316/03814 (34.50%) | loss: 3.762928 | lrm: 1.00 | dt: 588.95ms | tok/sec: 91,281 | bf16_mfu: 0.00 | epoch: 1 pq: 1 rg: 33 | total time: 12.91m | eta: 24.7m
step 01317/03814 (34.53%) | loss: 3.757282 | lrm: 1.00 | dt: 581.87ms | tok/sec: 92,392 | bf16_mfu: 0.00 | epoch: 1 pq: 1 rg: 33 | total time: 12.92m | eta: 24.7m
step 01318/03814 (34.56%) | loss: 3.748081 | lrm: 1.00 | dt: 585.74ms | tok/sec: 91,781 | bf16_mfu: 0.00 | epoch: 1 pq: 1 rg: 33 | total time: 12.92m | eta: 24.7m
step 01319/03814 (34.58%) | loss: 3.734620 | lrm: 1.00 | dt: 587.37ms | tok/sec: 91,526 | bf16_mfu: 0.00 | epoch: 1 pq: 1 rg: 33 | total time: 12.93m | eta: 24.7m
step 01320/03814 (34.61%) | loss: 3.739846 | lrm: 1.00 | dt: 626.35ms | tok/sec: 85,830 | bf16_mfu: 0.00 | epoch: 1 pq: 1 rg: 34 | total time: 12.95m | eta: 24.6m
step 01321/03814 (34.64%) | loss: 3.732694 | lrm: 1.00 | dt: 587.18ms | tok/sec: 91,555 | bf16_mfu: 0.00 | epoch: 1 pq: 1 rg: 34 | total time: 12.95m | eta: 24.6m
step 01322/03814 (34.66%) | loss: 3.743514 | lrm: 1.00 | dt: 593.27ms | tok/sec: 90,615 | bf16_mfu: 0.00 | epoch: 1 pq: 1 rg: 34 | total time: 12.96m | eta: 24.6m
step 01323/03814 (34.69%) | loss: 3.746972 | lrm: 1.00 | dt: 583.42ms | tok/sec: 92,147 | bf16_mfu: 0.00 | epoch: 1 pq: 1 rg: 34 | total time: 12.97m | eta: 24.6m
step 01324/03814 (34.71%) | loss: 3.751453 | lrm: 1.00 | dt: 588.08ms | tok/sec: 91,416 | bf16_mfu: 0.00 | epoch: 1 pq: 1 rg: 34 | total time: 12.98m | eta: 24.6m
step 01325/03814 (34.74%) | loss: 3.743147 | lrm: 1.00 | dt: 584.24ms | tok/sec: 92,017 | bf16_mfu: 0.00 | epoch: 1 pq: 1 rg: 34 | total time: 12.99m | eta: 24.6m
step 01326/03814 (34.77%) | loss: 3.755550 | lrm: 1.00 | dt: 586.81ms | tok/sec: 91,614 | bf16_mfu: 0.00 | epoch: 1 pq: 1 rg: 34 | total time: 13.00m | eta: 24.6m
step 01327/03814 (34.79%) | loss: 3.759921 | lrm: 1.00 | dt: 587.29ms | tok/sec: 91,539 | bf16_mfu: 0.00 | epoch: 1 pq: 1 rg: 34 | total time: 13.01m | eta: 24.6m
step 01328/03814 (34.82%) | loss: 3.748707 | lrm: 1.00 | dt: 590.67ms | tok/sec: 91,015 | bf16_mfu: 0.00 | epoch: 1 pq: 1 rg: 34 | total time: 13.02m | eta: 24.6m
step 01329/03814 (34.85%) | loss: 3.745714 | lrm: 1.00 | dt: 586.23ms | tok/sec: 91,704 | bf16_mfu: 0.00 | epoch: 1 pq: 1 rg: 34 | total time: 13.03m | eta: 24.6m
step 01330/03814 (34.87%) | loss: 3.752963 | lrm: 1.00 | dt: 585.18ms | tok/sec: 91,868 | bf16_mfu: 0.00 | epoch: 1 pq: 1 rg: 34 | total time: 13.04m | eta: 24.5m
step 01331/03814 (34.90%) | loss: 3.723840 | lrm: 1.00 | dt: 675.95ms | tok/sec: 79,532 | bf16_mfu: 0.00 | epoch: 1 pq: 1 rg: 35 | total time: 13.05m | eta: 24.5m
step 01332/03814 (34.92%) | loss: 3.722324 | lrm: 1.00 | dt: 589.78ms | tok/sec: 91,152 | bf16_mfu: 0.00 | epoch: 1 pq: 1 rg: 35 | total time: 13.06m | eta: 24.5m
step 01333/03814 (34.95%) | loss: 3.761389 | lrm: 1.00 | dt: 621.18ms | tok/sec: 86,545 | bf16_mfu: 0.00 | epoch: 1 pq: 1 rg: 35 | total time: 13.07m | eta: 24.5m
step 01334/03814 (34.98%) | loss: 3.755366 | lrm: 1.00 | dt: 587.54ms | tok/sec: 91,499 | bf16_mfu: 0.00 | epoch: 1 pq: 1 rg: 35 | total time: 13.08m | eta: 24.5m
step 01335/03814 (35.00%) | loss: 3.768787 | lrm: 1.00 | dt: 586.49ms | tok/sec: 91,664 | bf16_mfu: 0.00 | epoch: 1 pq: 1 rg: 35 | total time: 13.09m | eta: 24.5m
step 01336/03814 (35.03%) | loss: 3.759701 | lrm: 1.00 | dt: 592.42ms | tok/sec: 90,745 | bf16_mfu: 0.00 | epoch: 1 pq: 1 rg: 35 | total time: 13.10m | eta: 24.5m
step 01337/03814 (35.06%) | loss: 3.753113 | lrm: 1.00 | dt: 585.38ms | tok/sec: 91,838 | bf16_mfu: 0.00 | epoch: 1 pq: 1 rg: 35 | total time: 13.11m | eta: 24.5m
step 01338/03814 (35.08%) | loss: 3.733682 | lrm: 1.00 | dt: 585.29ms | tok/sec: 91,852 | bf16_mfu: 0.00 | epoch: 1 pq: 1 rg: 35 | total time: 13.12m | eta: 24.5m
step 01339/03814 (35.11%) | loss: 3.749923 | lrm: 1.00 | dt: 592.24ms | tok/sec: 90,774 | bf16_mfu: 0.00 | epoch: 1 pq: 1 rg: 35 | total time: 13.13m | eta: 24.5m
step 01340/03814 (35.13%) | loss: 3.759574 | lrm: 1.00 | dt: 585.81ms | tok/sec: 91,770 | bf16_mfu: 0.00 | epoch: 1 pq: 1 rg: 35 | total time: 13.14m | eta: 24.4m
step 01341/03814 (35.16%) | loss: 3.770066 | lrm: 1.00 | dt: 585.11ms | tok/sec: 91,880 | bf16_mfu: 0.00 | epoch: 1 pq: 1 rg: 35 | total time: 13.15m | eta: 24.4m
step 01342/03814 (35.19%) | loss: 3.772672 | lrm: 1.00 | dt: 587.82ms | tok/sec: 91,456 | bf16_mfu: 0.00 | epoch: 1 pq: 1 rg: 35 | total time: 13.16m | eta: 24.4m
step 01343/03814 (35.21%) | loss: 3.781777 | lrm: 1.00 | dt: 668.77ms | tok/sec: 80,385 | bf16_mfu: 0.00 | epoch: 1 pq: 1 rg: 36 | total time: 13.17m | eta: 24.4m
step 01344/03814 (35.24%) | loss: 3.766756 | lrm: 1.00 | dt: 587.77ms | tok/sec: 91,464 | bf16_mfu: 0.00 | epoch: 1 pq: 1 rg: 36 | total time: 13.18m | eta: 24.4m
step 01345/03814 (35.26%) | loss: 3.754205 | lrm: 1.00 | dt: 586.33ms | tok/sec: 91,689 | bf16_mfu: 0.00 | epoch: 1 pq: 1 rg: 36 | total time: 13.19m | eta: 24.4m
step 01346/03814 (35.29%) | loss: 3.775728 | lrm: 1.00 | dt: 588.60ms | tok/sec: 91,335 | bf16_mfu: 0.00 | epoch: 1 pq: 1 rg: 36 | total time: 13.20m | eta: 24.4m
step 01347/03814 (35.32%) | loss: 3.763626 | lrm: 1.00 | dt: 589.14ms | tok/sec: 91,251 | bf16_mfu: 0.00 | epoch: 1 pq: 1 rg: 36 | total time: 13.21m | eta: 24.4m
step 01348/03814 (35.34%) | loss: 3.759692 | lrm: 1.00 | dt: 587.89ms | tok/sec: 91,445 | bf16_mfu: 0.00 | epoch: 1 pq: 1 rg: 36 | total time: 13.22m | eta: 24.4m
step 01349/03814 (35.37%) | loss: 3.763856 | lrm: 0.99 | dt: 586.34ms | tok/sec: 91,687 | bf16_mfu: 0.00 | epoch: 1 pq: 1 rg: 36 | total time: 13.23m | eta: 24.4m
step 01350/03814 (35.40%) | loss: 3.759335 | lrm: 0.99 | dt: 588.74ms | tok/sec: 91,313 | bf16_mfu: 0.00 | epoch: 1 pq: 1 rg: 36 | total time: 13.24m | eta: 24.4m
step 01351/03814 (35.42%) | loss: 3.757624 | lrm: 0.99 | dt: 587.82ms | tok/sec: 91,456 | bf16_mfu: 0.00 | epoch: 1 pq: 1 rg: 36 | total time: 13.25m | eta: 24.3m
step 01352/03814 (35.45%) | loss: 3.771009 | lrm: 0.99 | dt: 587.10ms | tok/sec: 91,568 | bf16_mfu: 0.00 | epoch: 1 pq: 1 rg: 36 | total time: 13.26m | eta: 24.3m
step 01353/03814 (35.47%) | loss: 3.780003 | lrm: 0.99 | dt: 617.23ms | tok/sec: 87,099 | bf16_mfu: 0.00 | epoch: 1 pq: 1 rg: 36 | total time: 13.27m | eta: 24.3m
step 01354/03814 (35.50%) | loss: 3.776292 | lrm: 0.99 | dt: 659.30ms | tok/sec: 81,540 | bf16_mfu: 0.00 | epoch: 1 pq: 1 rg: 37 | total time: 13.28m | eta: 24.3m
step 01355/03814 (35.53%) | loss: 3.766903 | lrm: 0.99 | dt: 590.17ms | tok/sec: 91,092 | bf16_mfu: 0.00 | epoch: 1 pq: 1 rg: 37 | total time: 13.29m | eta: 24.3m
step 01356/03814 (35.55%) | loss: 3.770849 | lrm: 0.99 | dt: 627.57ms | tok/sec: 85,663 | bf16_mfu: 0.00 | epoch: 1 pq: 1 rg: 37 | total time: 13.30m | eta: 24.3m
step 01357/03814 (35.58%) | loss: 3.768026 | lrm: 0.99 | dt: 593.27ms | tok/sec: 90,615 | bf16_mfu: 0.00 | epoch: 1 pq: 1 rg: 37 | total time: 13.31m | eta: 24.3m
step 01358/03814 (35.61%) | loss: 3.770209 | lrm: 0.99 | dt: 582.40ms | tok/sec: 92,307 | bf16_mfu: 0.00 | epoch: 1 pq: 1 rg: 37 | total time: 13.32m | eta: 24.3m
step 01359/03814 (35.63%) | loss: 3.780897 | lrm: 0.99 | dt: 584.60ms | tok/sec: 91,960 | bf16_mfu: 0.00 | epoch: 1 pq: 1 rg: 37 | total time: 13.33m | eta: 24.3m
step 01360/03814 (35.66%) | loss: 3.779409 | lrm: 0.99 | dt: 589.22ms | tok/sec: 91,239 | bf16_mfu: 0.00 | epoch: 1 pq: 1 rg: 37 | total time: 13.34m | eta: 24.3m
step 01361/03814 (35.68%) | loss: 3.767652 | lrm: 0.99 | dt: 586.22ms | tok/sec: 91,706 | bf16_mfu: 0.00 | epoch: 1 pq: 1 rg: 37 | total time: 13.35m | eta: 24.2m
step 01362/03814 (35.71%) | loss: 3.766750 | lrm: 0.99 | dt: 667.41ms | tok/sec: 80,550 | bf16_mfu: 0.00 | epoch: 1 pq: 1 rg: 37 | total time: 13.36m | eta: 24.2m
step 01363/03814 (35.74%) | loss: 3.769332 | lrm: 0.99 | dt: 592.06ms | tok/sec: 90,801 | bf16_mfu: 0.00 | epoch: 1 pq: 1 rg: 37 | total time: 13.37m | eta: 24.2m
step 01364/03814 (35.76%) | loss: 3.740845 | lrm: 0.99 | dt: 584.24ms | tok/sec: 92,016 | bf16_mfu: 0.00 | epoch: 1 pq: 1 rg: 37 | total time: 13.38m | eta: 24.2m
step 01365/03814 (35.79%) | loss: 3.750080 | lrm: 0.99 | dt: 584.87ms | tok/sec: 91,917 | bf16_mfu: 0.00 | epoch: 1 pq: 1 rg: 37 | total time: 13.39m | eta: 24.2m
step 01366/03814 (35.82%) | loss: 3.730872 | lrm: 0.99 | dt: 585.61ms | tok/sec: 91,802 | bf16_mfu: 0.00 | epoch: 1 pq: 1 rg: 38 | total time: 13.40m | eta: 24.2m
step 01367/03814 (35.84%) | loss: 3.722600 | lrm: 0.99 | dt: 577.05ms | tok/sec: 93,163 | bf16_mfu: 0.00 | epoch: 1 pq: 1 rg: 38 | total time: 13.41m | eta: 24.2m
step 01368/03814 (35.87%) | loss: 3.738248 | lrm: 0.99 | dt: 585.22ms | tok/sec: 91,863 | bf16_mfu: 0.00 | epoch: 1 pq: 1 rg: 38 | total time: 13.42m | eta: 24.2m
step 01369/03814 (35.89%) | loss: 3.754784 | lrm: 0.99 | dt: 584.00ms | tok/sec: 92,055 | bf16_mfu: 0.00 | epoch: 1 pq: 1 rg: 38 | total time: 13.43m | eta: 24.2m
step 01370/03814 (35.92%) | loss: 3.740640 | lrm: 0.99 | dt: 586.48ms | tok/sec: 91,665 | bf16_mfu: 0.00 | epoch: 1 pq: 1 rg: 38 | total time: 13.44m | eta: 24.2m
step 01371/03814 (35.95%) | loss: 3.730960 | lrm: 0.99 | dt: 590.51ms | tok/sec: 91,040 | bf16_mfu: 0.00 | epoch: 1 pq: 1 rg: 38 | total time: 13.45m | eta: 24.1m
step 01372/03814 (35.97%) | loss: 3.742716 | lrm: 0.99 | dt: 585.42ms | tok/sec: 91,831 | bf16_mfu: 0.00 | epoch: 1 pq: 1 rg: 38 | total time: 13.46m | eta: 24.1m
step 01373/03814 (36.00%) | loss: 3.732693 | lrm: 0.99 | dt: 589.65ms | tok/sec: 91,173 | bf16_mfu: 0.00 | epoch: 1 pq: 1 rg: 38 | total time: 13.47m | eta: 24.1m
step 01374/03814 (36.03%) | loss: 3.727833 | lrm: 0.99 | dt: 586.49ms | tok/sec: 91,663 | bf16_mfu: 0.00 | epoch: 1 pq: 1 rg: 38 | total time: 13.48m | eta: 24.1m
step 01375/03814 (36.05%) | loss: 3.725679 | lrm: 0.98 | dt: 586.35ms | tok/sec: 91,686 | bf16_mfu: 0.00 | epoch: 1 pq: 1 rg: 38 | total time: 13.49m | eta: 24.1m
step 01376/03814 (36.08%) | loss: 3.725761 | lrm: 0.98 | dt: 591.95ms | tok/sec: 90,818 | bf16_mfu: 0.00 | epoch: 1 pq: 1 rg: 38 | total time: 13.50m | eta: 24.1m
step 01377/03814 (36.10%) | loss: 3.718686 | lrm: 0.98 | dt: 584.61ms | tok/sec: 91,958 | bf16_mfu: 0.00 | epoch: 1 pq: 1 rg: 38 | total time: 13.51m | eta: 24.1m
step 01378/03814 (36.13%) | loss: 3.721553 | lrm: 0.98 | dt: 585.64ms | tok/sec: 91,796 | bf16_mfu: 0.00 | epoch: 1 pq: 1 rg: 39 | total time: 13.52m | eta: 24.1m
step 01379/03814 (36.16%) | loss: 3.730992 | lrm: 0.98 | dt: 587.18ms | tok/sec: 91,556 | bf16_mfu: 0.00 | epoch: 1 pq: 1 rg: 39 | total time: 13.53m | eta: 24.1m
step 01380/03814 (36.18%) | loss: 3.712217 | lrm: 0.98 | dt: 585.92ms | tok/sec: 91,752 | bf16_mfu: 0.00 | epoch: 1 pq: 1 rg: 39 | total time: 13.54m | eta: 24.1m
step 01381/03814 (36.21%) | loss: 3.715640 | lrm: 0.98 | dt: 587.37ms | tok/sec: 91,526 | bf16_mfu: 0.00 | epoch: 1 pq: 1 rg: 39 | total time: 13.55m | eta: 24.0m
step 01382/03814 (36.23%) | loss: 3.719867 | lrm: 0.98 | dt: 586.24ms | tok/sec: 91,703 | bf16_mfu: 0.00 | epoch: 1 pq: 1 rg: 39 | total time: 13.56m | eta: 24.0m
step 01383/03814 (36.26%) | loss: 3.716125 | lrm: 0.98 | dt: 637.12ms | tok/sec: 84,379 | bf16_mfu: 0.00 | epoch: 1 pq: 1 rg: 39 | total time: 13.57m | eta: 24.0m
step 01384/03814 (36.29%) | loss: 3.717130 | lrm: 0.98 | dt: 584.30ms | tok/sec: 92,007 | bf16_mfu: 0.00 | epoch: 1 pq: 1 rg: 39 | total time: 13.58m | eta: 24.0m
step 01385/03814 (36.31%) | loss: 3.717575 | lrm: 0.98 | dt: 583.04ms | tok/sec: 92,206 | bf16_mfu: 0.00 | epoch: 1 pq: 1 rg: 39 | total time: 13.59m | eta: 24.0m
step 01386/03814 (36.34%) | loss: 3.720971 | lrm: 0.98 | dt: 590.79ms | tok/sec: 90,996 | bf16_mfu: 0.00 | epoch: 1 pq: 1 rg: 39 | total time: 13.60m | eta: 24.0m
step 01387/03814 (36.37%) | loss: 3.720626 | lrm: 0.98 | dt: 581.82ms | tok/sec: 92,399 | bf16_mfu: 0.00 | epoch: 1 pq: 1 rg: 39 | total time: 13.61m | eta: 24.0m
step 01388/03814 (36.39%) | loss: 3.721250 | lrm: 0.98 | dt: 603.34ms | tok/sec: 89,103 | bf16_mfu: 0.00 | epoch: 1 pq: 1 rg: 39 | total time: 13.62m | eta: 24.0m
step 01389/03814 (36.42%) | loss: 3.716356 | lrm: 0.98 | dt: 763.50ms | tok/sec: 70,412 | bf16_mfu: 0.00 | epoch: 1 pq: 1 rg: 40 | total time: 13.63m | eta: 24.0m
step 01390/03814 (36.44%) | loss: 3.704938 | lrm: 0.98 | dt: 589.34ms | tok/sec: 91,221 | bf16_mfu: 0.00 | epoch: 1 pq: 1 rg: 40 | total time: 13.64m | eta: 24.0m
step 01391/03814 (36.47%) | loss: 3.704144 | lrm: 0.98 | dt: 590.25ms | tok/sec: 91,080 | bf16_mfu: 0.00 | epoch: 1 pq: 1 rg: 40 | total time: 13.65m | eta: 24.0m
step 01392/03814 (36.50%) | loss: 3.700100 | lrm: 0.98 | dt: 641.45ms | tok/sec: 83,809 | bf16_mfu: 0.00 | epoch: 1 pq: 1 rg: 40 | total time: 13.66m | eta: 23.9m
step 01393/03814 (36.52%) | loss: 3.695453 | lrm: 0.98 | dt: 575.65ms | tok/sec: 93,389 | bf16_mfu: 0.00 | epoch: 1 pq: 1 rg: 40 | total time: 13.67m | eta: 23.9m
step 01394/03814 (36.55%) | loss: 3.713972 | lrm: 0.98 | dt: 584.13ms | tok/sec: 92,034 | bf16_mfu: 0.00 | epoch: 1 pq: 1 rg: 40 | total time: 13.68m | eta: 23.9m
step 01395/03814 (36.58%) | loss: 3.696930 | lrm: 0.98 | dt: 584.75ms | tok/sec: 91,936 | bf16_mfu: 0.00 | epoch: 1 pq: 1 rg: 40 | total time: 13.69m | eta: 23.9m
step 01396/03814 (36.60%) | loss: 3.687483 | lrm: 0.98 | dt: 576.61ms | tok/sec: 93,235 | bf16_mfu: 0.00 | epoch: 1 pq: 1 rg: 40 | total time: 13.70m | eta: 23.9m
step 01397/03814 (36.63%) | loss: 3.709127 | lrm: 0.98 | dt: 658.88ms | tok/sec: 81,593 | bf16_mfu: 0.00 | epoch: 1 pq: 1 rg: 40 | total time: 13.71m | eta: 23.9m
step 01398/03814 (36.65%) | loss: 3.692451 | lrm: 0.98 | dt: 583.08ms | tok/sec: 92,199 | bf16_mfu: 0.00 | epoch: 1 pq: 1 rg: 40 | total time: 13.72m | eta: 23.9m
step 01399/03814 (36.68%) | loss: 3.684499 | lrm: 0.98 | dt: 579.42ms | tok/sec: 92,782 | bf16_mfu: 0.00 | epoch: 1 pq: 1 rg: 40 | total time: 13.73m | eta: 23.9m
step 01400/03814 (36.71%) | loss: 3.691383 | lrm: 0.98 | dt: 581.62ms | tok/sec: 92,431 | bf16_mfu: 0.00 | epoch: 1 pq: 1 rg: 40 | total time: 13.74m | eta: 23.9m
step 01401/03814 (36.73%) | loss: 3.690224 | lrm: 0.97 | dt: 678.75ms | tok/sec: 79,204 | bf16_mfu: 0.00 | epoch: 1 pq: 1 rg: 41 | total time: 13.75m | eta: 23.9m
step 01402/03814 (36.76%) | loss: 3.683690 | lrm: 0.97 | dt: 577.28ms | tok/sec: 93,126 | bf16_mfu: 0.00 | epoch: 1 pq: 1 rg: 41 | total time: 13.76m | eta: 23.8m
step 01403/03814 (36.79%) | loss: 3.695927 | lrm: 0.97 | dt: 588.27ms | tok/sec: 91,386 | bf16_mfu: 0.00 | epoch: 1 pq: 1 rg: 41 | total time: 13.77m | eta: 23.8m
step 01404/03814 (36.81%) | loss: 3.699265 | lrm: 0.97 | dt: 669.19ms | tok/sec: 80,336 | bf16_mfu: 0.00 | epoch: 1 pq: 1 rg: 41 | total time: 13.78m | eta: 23.8m
step 01405/03814 (36.84%) | loss: 3.684643 | lrm: 0.97 | dt: 859.44ms | tok/sec: 62,552 | bf16_mfu: 0.00 | epoch: 1 pq: 1 rg: 41 | total time: 13.80m | eta: 23.8m
step 01406/03814 (36.86%) | loss: 3.688953 | lrm: 0.97 | dt: 575.04ms | tok/sec: 93,488 | bf16_mfu: 0.00 | epoch: 1 pq: 1 rg: 41 | total time: 13.81m | eta: 23.8m
step 01407/03814 (36.89%) | loss: 3.709441 | lrm: 0.97 | dt: 627.82ms | tok/sec: 85,629 | bf16_mfu: 0.00 | epoch: 1 pq: 1 rg: 41 | total time: 13.82m | eta: 23.8m
step 01408/03814 (36.92%) | loss: 3.691876 | lrm: 0.97 | dt: 680.80ms | tok/sec: 78,965 | bf16_mfu: 0.00 | epoch: 1 pq: 1 rg: 41 | total time: 13.83m | eta: 23.8m
step 01409/03814 (36.94%) | loss: 3.710793 | lrm: 0.97 | dt: 573.77ms | tok/sec: 93,696 | bf16_mfu: 0.00 | epoch: 1 pq: 1 rg: 41 | total time: 13.84m | eta: 23.8m
step 01410/03814 (36.97%) | loss: 3.726233 | lrm: 0.97 | dt: 586.13ms | tok/sec: 91,720 | bf16_mfu: 0.00 | epoch: 1 pq: 1 rg: 41 | total time: 13.85m | eta: 23.8m
step 01411/03814 (37.00%) | loss: 3.716531 | lrm: 0.97 | dt: 612.48ms | tok/sec: 87,774 | bf16_mfu: 0.00 | epoch: 1 pq: 1 rg: 41 | total time: 13.86m | eta: 23.8m
step 01412/03814 (37.02%) | loss: 3.706040 | lrm: 0.97 | dt: 583.01ms | tok/sec: 92,210 | bf16_mfu: 0.00 | epoch: 1 pq: 1 rg: 41 | total time: 13.87m | eta: 23.8m
step 01413/03814 (37.05%) | loss: 3.700380 | lrm: 0.97 | dt: 688.59ms | tok/sec: 78,072 | bf16_mfu: 0.00 | epoch: 1 pq: 1 rg: 42 | total time: 13.88m | eta: 23.8m
step 01414/03814 (37.07%) | loss: 3.718056 | lrm: 0.97 | dt: 726.59ms | tok/sec: 73,989 | bf16_mfu: 0.00 | epoch: 1 pq: 1 rg: 42 | total time: 13.89m | eta: 23.7m
step 01415/03814 (37.10%) | loss: 3.721160 | lrm: 0.97 | dt: 587.40ms | tok/sec: 91,522 | bf16_mfu: 0.00 | epoch: 1 pq: 1 rg: 42 | total time: 13.90m | eta: 23.7m
step 01416/03814 (37.13%) | loss: 3.725315 | lrm: 0.97 | dt: 586.77ms | tok/sec: 91,620 | bf16_mfu: 0.00 | epoch: 1 pq: 1 rg: 42 | total time: 13.91m | eta: 23.7m
step 01417/03814 (37.15%) | loss: 3.736850 | lrm: 0.97 | dt: 588.47ms | tok/sec: 91,355 | bf16_mfu: 0.00 | epoch: 1 pq: 1 rg: 42 | total time: 13.92m | eta: 23.7m
step 01418/03814 (37.18%) | loss: 3.729350 | lrm: 0.97 | dt: 586.41ms | tok/sec: 91,676 | bf16_mfu: 0.00 | epoch: 1 pq: 1 rg: 42 | total time: 13.93m | eta: 23.7m
step 01419/03814 (37.21%) | loss: 3.726308 | lrm: 0.97 | dt: 585.93ms | tok/sec: 91,751 | bf16_mfu: 0.00 | epoch: 1 pq: 1 rg: 42 | total time: 13.94m | eta: 23.7m
step 01420/03814 (37.23%) | loss: 3.703051 | lrm: 0.97 | dt: 660.55ms | tok/sec: 81,386 | bf16_mfu: 0.00 | epoch: 1 pq: 1 rg: 42 | total time: 13.95m | eta: 23.7m
step 01421/03814 (37.26%) | loss: 3.684162 | lrm: 0.97 | dt: 599.88ms | tok/sec: 89,618 | bf16_mfu: 0.00 | epoch: 1 pq: 1 rg: 42 | total time: 13.96m | eta: 23.7m
step 01422/03814 (37.28%) | loss: 3.678093 | lrm: 0.97 | dt: 586.81ms | tok/sec: 91,614 | bf16_mfu: 0.00 | epoch: 1 pq: 1 rg: 42 | total time: 13.97m | eta: 23.7m
step 01423/03814 (37.31%) | loss: 3.680827 | lrm: 0.97 | dt: 664.17ms | tok/sec: 80,943 | bf16_mfu: 0.00 | epoch: 1 pq: 1 rg: 42 | total time: 13.98m | eta: 23.7m
step 01424/03814 (37.34%) | loss: 3.700719 | lrm: 0.97 | dt: 606.76ms | tok/sec: 88,601 | bf16_mfu: 0.00 | epoch: 1 pq: 1 rg: 43 | total time: 13.99m | eta: 23.6m
step 01425/03814 (37.36%) | loss: 3.723077 | lrm: 0.97 | dt: 592.66ms | tok/sec: 90,710 | bf16_mfu: 0.00 | epoch: 1 pq: 1 rg: 43 | total time: 14.00m | eta: 23.6m
step 01426/03814 (37.39%) | loss: 3.720601 | lrm: 0.97 | dt: 583.53ms | tok/sec: 92,129 | bf16_mfu: 0.00 | epoch: 1 pq: 1 rg: 43 | total time: 14.01m | eta: 23.6m
step 01427/03814 (37.41%) | loss: 3.712903 | lrm: 0.96 | dt: 590.17ms | tok/sec: 91,093 | bf16_mfu: 0.00 | epoch: 1 pq: 1 rg: 43 | total time: 14.02m | eta: 23.6m
step 01428/03814 (37.44%) | loss: 3.719443 | lrm: 0.96 | dt: 586.38ms | tok/sec: 91,681 | bf16_mfu: 0.00 | epoch: 1 pq: 1 rg: 43 | total time: 14.03m | eta: 23.6m
step 01429/03814 (37.47%) | loss: 3.718439 | lrm: 0.96 | dt: 586.01ms | tok/sec: 91,739 | bf16_mfu: 0.00 | epoch: 1 pq: 1 rg: 43 | total time: 14.04m | eta: 23.6m
step 01430/03814 (37.49%) | loss: 3.720815 | lrm: 0.96 | dt: 591.50ms | tok/sec: 90,887 | bf16_mfu: 0.00 | epoch: 1 pq: 1 rg: 43 | total time: 14.05m | eta: 23.6m
step 01431/03814 (37.52%) | loss: 3.725036 | lrm: 0.96 | dt: 593.42ms | tok/sec: 90,593 | bf16_mfu: 0.00 | epoch: 1 pq: 1 rg: 43 | total time: 14.06m | eta: 23.6m
step 01432/03814 (37.55%) | loss: 3.722212 | lrm: 0.96 | dt: 593.91ms | tok/sec: 90,518 | bf16_mfu: 0.00 | epoch: 1 pq: 1 rg: 43 | total time: 14.07m | eta: 23.6m
step 01433/03814 (37.57%) | loss: 3.709408 | lrm: 0.96 | dt: 587.50ms | tok/sec: 91,506 | bf16_mfu: 0.00 | epoch: 1 pq: 1 rg: 43 | total time: 14.08m | eta: 23.6m
step 01434/03814 (37.60%) | loss: 3.699288 | lrm: 0.96 | dt: 594.57ms | tok/sec: 90,417 | bf16_mfu: 0.00 | epoch: 1 pq: 1 rg: 43 | total time: 14.09m | eta: 23.5m
step 01435/03814 (37.62%) | loss: 3.713478 | lrm: 0.96 | dt: 602.50ms | tok/sec: 89,227 | bf16_mfu: 0.00 | epoch: 1 pq: 1 rg: 43 | total time: 14.10m | eta: 23.5m
step 01436/03814 (37.65%) | loss: 3.710656 | lrm: 0.96 | dt: 600.94ms | tok/sec: 89,459 | bf16_mfu: 0.00 | epoch: 1 pq: 1 rg: 44 | total time: 14.11m | eta: 23.5m
step 01437/03814 (37.68%) | loss: 3.712308 | lrm: 0.96 | dt: 589.69ms | tok/sec: 91,165 | bf16_mfu: 0.00 | epoch: 1 pq: 1 rg: 44 | total time: 14.12m | eta: 23.5m
step 01438/03814 (37.70%) | loss: 3.702543 | lrm: 0.96 | dt: 651.03ms | tok/sec: 82,576 | bf16_mfu: 0.00 | epoch: 1 pq: 1 rg: 44 | total time: 14.13m | eta: 23.5m
step 01439/03814 (37.73%) | loss: 3.715988 | lrm: 0.96 | dt: 595.82ms | tok/sec: 90,228 | bf16_mfu: 0.00 | epoch: 1 pq: 1 rg: 44 | total time: 14.14m | eta: 23.5m
step 01440/03814 (37.76%) | loss: 3.694600 | lrm: 0.96 | dt: 585.27ms | tok/sec: 91,854 | bf16_mfu: 0.00 | epoch: 1 pq: 1 rg: 44 | total time: 14.15m | eta: 23.5m
step 01441/03814 (37.78%) | loss: 3.691530 | lrm: 0.96 | dt: 598.30ms | tok/sec: 89,854 | bf16_mfu: 0.00 | epoch: 1 pq: 1 rg: 44 | total time: 14.16m | eta: 23.5m
step 01442/03814 (37.81%) | loss: 3.697505 | lrm: 0.96 | dt: 595.78ms | tok/sec: 90,235 | bf16_mfu: 0.00 | epoch: 1 pq: 1 rg: 44 | total time: 14.17m | eta: 23.5m
step 01443/03814 (37.83%) | loss: 3.690727 | lrm: 0.96 | dt: 593.46ms | tok/sec: 90,587 | bf16_mfu: 0.00 | epoch: 1 pq: 1 rg: 44 | total time: 14.18m | eta: 23.5m
step 01444/03814 (37.86%) | loss: 3.696303 | lrm: 0.96 | dt: 597.13ms | tok/sec: 90,030 | bf16_mfu: 0.00 | epoch: 1 pq: 1 rg: 44 | total time: 14.19m | eta: 23.5m
step 01445/03814 (37.89%) | loss: 3.719306 | lrm: 0.96 | dt: 594.29ms | tok/sec: 90,460 | bf16_mfu: 0.00 | epoch: 1 pq: 1 rg: 44 | total time: 14.20m | eta: 23.4m
step 01446/03814 (37.91%) | loss: 3.699273 | lrm: 0.96 | dt: 601.29ms | tok/sec: 89,407 | bf16_mfu: 0.00 | epoch: 1 pq: 1 rg: 44 | total time: 14.21m | eta: 23.4m
step 01447/03814 (37.94%) | loss: 3.701180 | lrm: 0.96 | dt: 593.34ms | tok/sec: 90,605 | bf16_mfu: 0.00 | epoch: 1 pq: 1 rg: 44 | total time: 14.22m | eta: 23.4m
step 01448/03814 (37.97%) | loss: 3.693006 | lrm: 0.96 | dt: 613.72ms | tok/sec: 87,596 | bf16_mfu: 0.00 | epoch: 1 pq: 1 rg: 45 | total time: 14.23m | eta: 23.4m
step 01449/03814 (37.99%) | loss: 3.690446 | lrm: 0.96 | dt: 622.37ms | tok/sec: 86,379 | bf16_mfu: 0.00 | epoch: 1 pq: 1 rg: 45 | total time: 14.24m | eta: 23.4m
step 01450/03814 (38.02%) | loss: 3.677976 | lrm: 0.96 | dt: 611.46ms | tok/sec: 87,920 | bf16_mfu: 0.00 | epoch: 1 pq: 1 rg: 45 | total time: 14.25m | eta: 23.4m
step 01451/03814 (38.04%) | loss: 3.712348 | lrm: 0.96 | dt: 629.44ms | tok/sec: 85,409 | bf16_mfu: 0.00 | epoch: 1 pq: 1 rg: 45 | total time: 14.26m | eta: 23.4m
step 01452/03814 (38.07%) | loss: 3.717558 | lrm: 0.96 | dt: 614.02ms | tok/sec: 87,554 | bf16_mfu: 0.00 | epoch: 1 pq: 1 rg: 45 | total time: 14.27m | eta: 23.4m
step 01453/03814 (38.10%) | loss: 3.708102 | lrm: 0.95 | dt: 598.48ms | tok/sec: 89,827 | bf16_mfu: 0.00 | epoch: 1 pq: 1 rg: 45 | total time: 14.28m | eta: 23.4m
step 01454/03814 (38.12%) | loss: 3.715023 | lrm: 0.95 | dt: 619.51ms | tok/sec: 86,778 | bf16_mfu: 0.00 | epoch: 1 pq: 1 rg: 45 | total time: 14.29m | eta: 23.4m
step 01455/03814 (38.15%) | loss: 3.693711 | lrm: 0.95 | dt: 602.53ms | tok/sec: 89,224 | bf16_mfu: 0.00 | epoch: 1 pq: 1 rg: 45 | total time: 14.30m | eta: 23.3m
step 01456/03814 (38.18%) | loss: 3.695417 | lrm: 0.95 | dt: 607.07ms | tok/sec: 88,555 | bf16_mfu: 0.00 | epoch: 1 pq: 1 rg: 45 | total time: 14.31m | eta: 23.3m
step 01457/03814 (38.20%) | loss: 3.686659 | lrm: 0.95 | dt: 608.28ms | tok/sec: 88,380 | bf16_mfu: 0.00 | epoch: 1 pq: 1 rg: 45 | total time: 14.32m | eta: 23.3m
step 01458/03814 (38.23%) | loss: 3.695216 | lrm: 0.95 | dt: 605.25ms | tok/sec: 88,823 | bf16_mfu: 0.00 | epoch: 1 pq: 1 rg: 45 | total time: 14.33m | eta: 23.3m
step 01459/03814 (38.25%) | loss: 3.673519 | lrm: 0.95 | dt: 654.46ms | tok/sec: 82,144 | bf16_mfu: 0.00 | epoch: 1 pq: 1 rg: 46 | total time: 14.34m | eta: 23.3m
step 01460/03814 (38.28%) | loss: 3.659381 | lrm: 0.95 | dt: 603.98ms | tok/sec: 89,009 | bf16_mfu: 0.00 | epoch: 1 pq: 1 rg: 46 | total time: 14.35m | eta: 23.3m
step 01461/03814 (38.31%) | loss: 3.684007 | lrm: 0.95 | dt: 607.63ms | tok/sec: 88,474 | bf16_mfu: 0.00 | epoch: 1 pq: 1 rg: 46 | total time: 14.36m | eta: 23.3m
step 01462/03814 (38.33%) | loss: 3.669389 | lrm: 0.95 | dt: 608.73ms | tok/sec: 88,315 | bf16_mfu: 0.00 | epoch: 1 pq: 1 rg: 46 | total time: 14.37m | eta: 23.3m
step 01463/03814 (38.36%) | loss: 3.678342 | lrm: 0.95 | dt: 605.05ms | tok/sec: 88,852 | bf16_mfu: 0.00 | epoch: 1 pq: 1 rg: 46 | total time: 14.38m | eta: 23.3m
step 01464/03814 (38.38%) | loss: 3.703450 | lrm: 0.95 | dt: 605.72ms | tok/sec: 88,753 | bf16_mfu: 0.00 | epoch: 1 pq: 1 rg: 46 | total time: 14.39m | eta: 23.3m
step 01465/03814 (38.41%) | loss: 3.677245 | lrm: 0.95 | dt: 619.72ms | tok/sec: 86,748 | bf16_mfu: 0.00 | epoch: 1 pq: 1 rg: 46 | total time: 14.40m | eta: 23.3m
step 01466/03814 (38.44%) | loss: 3.677408 | lrm: 0.95 | dt: 600.27ms | tok/sec: 89,559 | bf16_mfu: 0.00 | epoch: 1 pq: 1 rg: 46 | total time: 14.41m | eta: 23.2m
step 01467/03814 (38.46%) | loss: 3.700370 | lrm: 0.95 | dt: 607.08ms | tok/sec: 88,555 | bf16_mfu: 0.00 | epoch: 1 pq: 1 rg: 46 | total time: 14.42m | eta: 23.2m
step 01468/03814 (38.49%) | loss: 3.707980 | lrm: 0.95 | dt: 613.95ms | tok/sec: 87,563 | bf16_mfu: 0.00 | epoch: 1 pq: 1 rg: 46 | total time: 14.43m | eta: 23.2m
step 01469/03814 (38.52%) | loss: 3.696055 | lrm: 0.95 | dt: 601.74ms | tok/sec: 89,341 | bf16_mfu: 0.00 | epoch: 1 pq: 1 rg: 46 | total time: 14.44m | eta: 23.2m
step 01470/03814 (38.54%) | loss: 3.694874 | lrm: 0.95 | dt: 631.00ms | tok/sec: 85,198 | bf16_mfu: 0.00 | epoch: 1 pq: 1 rg: 46 | total time: 14.45m | eta: 23.2m
step 01471/03814 (38.57%) | loss: 3.706928 | lrm: 0.95 | dt: 707.42ms | tok/sec: 75,994 | bf16_mfu: 0.00 | epoch: 1 pq: 1 rg: 47 | total time: 14.47m | eta: 23.2m
step 01472/03814 (38.59%) | loss: 3.705986 | lrm: 0.95 | dt: 598.69ms | tok/sec: 89,796 | bf16_mfu: 0.00 | epoch: 1 pq: 1 rg: 47 | total time: 14.48m | eta: 23.2m
step 01473/03814 (38.62%) | loss: 3.710111 | lrm: 0.95 | dt: 635.44ms | tok/sec: 84,602 | bf16_mfu: 0.00 | epoch: 1 pq: 1 rg: 47 | total time: 14.49m | eta: 23.2m
step 01474/03814 (38.65%) | loss: 3.698497 | lrm: 0.95 | dt: 608.34ms | tok/sec: 88,372 | bf16_mfu: 0.00 | epoch: 1 pq: 1 rg: 47 | total time: 14.50m | eta: 23.2m
step 01475/03814 (38.67%) | loss: 3.695831 | lrm: 0.95 | dt: 606.27ms | tok/sec: 88,673 | bf16_mfu: 0.00 | epoch: 1 pq: 1 rg: 47 | total time: 14.51m | eta: 23.2m
step 01476/03814 (38.70%) | loss: 3.693141 | lrm: 0.95 | dt: 604.89ms | tok/sec: 88,876 | bf16_mfu: 0.00 | epoch: 1 pq: 1 rg: 47 | total time: 14.52m | eta: 23.2m
step 01477/03814 (38.73%) | loss: 3.675938 | lrm: 0.95 | dt: 605.10ms | tok/sec: 88,845 | bf16_mfu: 0.00 | epoch: 1 pq: 1 rg: 47 | total time: 14.53m | eta: 23.1m
step 01478/03814 (38.75%) | loss: 3.663034 | lrm: 0.95 | dt: 600.99ms | tok/sec: 89,452 | bf16_mfu: 0.00 | epoch: 1 pq: 1 rg: 47 | total time: 14.54m | eta: 23.1m
step 01479/03814 (38.78%) | loss: 3.668042 | lrm: 0.94 | dt: 593.31ms | tok/sec: 90,610 | bf16_mfu: 0.00 | epoch: 1 pq: 1 rg: 47 | total time: 14.55m | eta: 23.1m
step 01480/03814 (38.80%) | loss: 3.671349 | lrm: 0.94 | dt: 695.04ms | tok/sec: 77,348 | bf16_mfu: 0.00 | epoch: 1 pq: 1 rg: 47 | total time: 14.56m | eta: 23.1m
step 01481/03814 (38.83%) | loss: 3.677932 | lrm: 0.94 | dt: 603.17ms | tok/sec: 89,128 | bf16_mfu: 0.00 | epoch: 1 pq: 1 rg: 47 | total time: 14.57m | eta: 23.1m
step 01482/03814 (38.86%) | loss: 3.663212 | lrm: 0.94 | dt: 606.25ms | tok/sec: 88,675 | bf16_mfu: 0.00 | epoch: 1 pq: 1 rg: 47 | total time: 14.58m | eta: 23.1m
step 01483/03814 (38.88%) | loss: 3.647550 | lrm: 0.94 | dt: 611.46ms | tok/sec: 87,920 | bf16_mfu: 0.00 | epoch: 1 pq: 1 rg: 48 | total time: 14.59m | eta: 23.1m
step 01484/03814 (38.91%) | loss: 3.640514 | lrm: 0.94 | dt: 620.02ms | tok/sec: 86,706 | bf16_mfu: 0.00 | epoch: 1 pq: 1 rg: 48 | total time: 14.60m | eta: 23.1m
step 01485/03814 (38.94%) | loss: 3.653646 | lrm: 0.94 | dt: 588.05ms | tok/sec: 91,421 | bf16_mfu: 0.00 | epoch: 1 pq: 1 rg: 48 | total time: 14.61m | eta: 23.1m
step 01486/03814 (38.96%) | loss: 3.678277 | lrm: 0.94 | dt: 594.15ms | tok/sec: 90,481 | bf16_mfu: 0.00 | epoch: 1 pq: 1 rg: 48 | total time: 14.62m | eta: 23.1m
step 01487/03814 (38.99%) | loss: 3.666400 | lrm: 0.94 | dt: 685.52ms | tok/sec: 78,422 | bf16_mfu: 0.00 | epoch: 1 pq: 1 rg: 48 | total time: 14.63m | eta: 23.1m
step 01488/03814 (39.01%) | loss: 3.669269 | lrm: 0.94 | dt: 599.46ms | tok/sec: 89,680 | bf16_mfu: 0.00 | epoch: 1 pq: 1 rg: 48 | total time: 14.64m | eta: 23.0m
step 01489/03814 (39.04%) | loss: 3.690906 | lrm: 0.94 | dt: 597.35ms | tok/sec: 89,997 | bf16_mfu: 0.00 | epoch: 1 pq: 1 rg: 48 | total time: 14.65m | eta: 23.0m
step 01490/03814 (39.07%) | loss: 3.686185 | lrm: 0.94 | dt: 594.03ms | tok/sec: 90,500 | bf16_mfu: 0.00 | epoch: 1 pq: 1 rg: 48 | total time: 14.66m | eta: 23.0m
step 01491/03814 (39.09%) | loss: 3.670840 | lrm: 0.94 | dt: 594.52ms | tok/sec: 90,425 | bf16_mfu: 0.00 | epoch: 1 pq: 1 rg: 48 | total time: 14.67m | eta: 23.0m
step 01492/03814 (39.12%) | loss: 3.680004 | lrm: 0.94 | dt: 611.40ms | tok/sec: 87,929 | bf16_mfu: 0.00 | epoch: 1 pq: 1 rg: 48 | total time: 14.68m | eta: 23.0m
step 01493/03814 (39.15%) | loss: 3.678081 | lrm: 0.94 | dt: 600.99ms | tok/sec: 89,452 | bf16_mfu: 0.00 | epoch: 1 pq: 1 rg: 48 | total time: 14.69m | eta: 23.0m
step 01494/03814 (39.17%) | loss: 3.685485 | lrm: 0.94 | dt: 594.72ms | tok/sec: 90,394 | bf16_mfu: 0.00 | epoch: 1 pq: 1 rg: 48 | total time: 14.70m | eta: 23.0m
step 01495/03814 (39.20%) | loss: 3.692637 | lrm: 0.94 | dt: 724.70ms | tok/sec: 74,182 | bf16_mfu: 0.00 | epoch: 1 pq: 1 rg: 49 | total time: 14.71m | eta: 23.0m
step 01496/03814 (39.22%) | loss: 3.678650 | lrm: 0.94 | dt: 591.92ms | tok/sec: 90,822 | bf16_mfu: 0.00 | epoch: 1 pq: 1 rg: 49 | total time: 14.72m | eta: 23.0m
step 01497/03814 (39.25%) | loss: 3.692786 | lrm: 0.94 | dt: 585.91ms | tok/sec: 91,754 | bf16_mfu: 0.00 | epoch: 1 pq: 1 rg: 49 | total time: 14.73m | eta: 23.0m
step 01498/03814 (39.28%) | loss: 3.700678 | lrm: 0.94 | dt: 592.25ms | tok/sec: 90,772 | bf16_mfu: 0.00 | epoch: 1 pq: 1 rg: 49 | total time: 14.74m | eta: 22.9m
step 01499/03814 (39.30%) | loss: 3.707049 | lrm: 0.94 | dt: 597.98ms | tok/sec: 89,902 | bf16_mfu: 0.00 | epoch: 1 pq: 1 rg: 49 | total time: 14.75m | eta: 22.9m
Step 01500 | Validation bpb: 0.741385
step 01500/03814 (39.33%) | loss: 3.711640 | lrm: 0.94 | dt: 580.43ms | tok/sec: 92,620 | bf16_mfu: 0.00 | epoch: 1 pq: 1 rg: 49 | total time: 14.76m | eta: 22.9m
step 01501/03814 (39.36%) | loss: 3.706617 | lrm: 0.94 | dt: 566.86ms | tok/sec: 94,838 | bf16_mfu: 0.00 | epoch: 1 pq: 1 rg: 49 | total time: 14.77m | eta: 22.9m
step 01502/03814 (39.38%) | loss: 3.701975 | lrm: 0.94 | dt: 566.28ms | tok/sec: 94,935 | bf16_mfu: 0.00 | epoch: 1 pq: 1 rg: 49 | total time: 14.78m | eta: 22.9m
step 01503/03814 (39.41%) | loss: 3.696414 | lrm: 0.94 | dt: 572.26ms | tok/sec: 93,943 | bf16_mfu: 0.00 | epoch: 1 pq: 1 rg: 49 | total time: 14.79m | eta: 22.9m
step 01504/03814 (39.43%) | loss: 3.701927 | lrm: 0.94 | dt: 577.00ms | tok/sec: 93,171 | bf16_mfu: 0.00 | epoch: 1 pq: 1 rg: 49 | total time: 14.80m | eta: 22.9m
step 01505/03814 (39.46%) | loss: 3.698801 | lrm: 0.93 | dt: 605.58ms | tok/sec: 88,775 | bf16_mfu: 0.00 | epoch: 1 pq: 1 rg: 49 | total time: 14.81m | eta: 22.9m
step 01506/03814 (39.49%) | loss: 3.683656 | lrm: 0.93 | dt: 684.21ms | tok/sec: 78,572 | bf16_mfu: 0.00 | epoch: 1 pq: 1 rg: 50 | total time: 14.82m | eta: 22.9m
step 01507/03814 (39.51%) | loss: 3.679249 | lrm: 0.93 | dt: 573.62ms | tok/sec: 93,720 | bf16_mfu: 0.00 | epoch: 1 pq: 1 rg: 50 | total time: 14.83m | eta: 22.9m
step 01508/03814 (39.54%) | loss: 3.680837 | lrm: 0.93 | dt: 610.13ms | tok/sec: 88,111 | bf16_mfu: 0.00 | epoch: 1 pq: 1 rg: 50 | total time: 14.84m | eta: 22.8m
step 01509/03814 (39.56%) | loss: 3.668550 | lrm: 0.93 | dt: 570.57ms | tok/sec: 94,221 | bf16_mfu: 0.00 | epoch: 1 pq: 1 rg: 50 | total time: 14.85m | eta: 22.8m
step 01510/03814 (39.59%) | loss: 3.681381 | lrm: 0.93 | dt: 582.46ms | tok/sec: 92,297 | bf16_mfu: 0.00 | epoch: 1 pq: 1 rg: 50 | total time: 14.86m | eta: 22.8m
step 01511/03814 (39.62%) | loss: 3.681445 | lrm: 0.93 | dt: 627.86ms | tok/sec: 85,624 | bf16_mfu: 0.00 | epoch: 1 pq: 1 rg: 50 | total time: 14.87m | eta: 22.8m
step 01512/03814 (39.64%) | loss: 3.648645 | lrm: 0.93 | dt: 568.64ms | tok/sec: 94,541 | bf16_mfu: 0.00 | epoch: 1 pq: 1 rg: 50 | total time: 14.88m | eta: 22.8m
step 01513/03814 (39.67%) | loss: 3.660317 | lrm: 0.93 | dt: 565.59ms | tok/sec: 95,050 | bf16_mfu: 0.00 | epoch: 1 pq: 1 rg: 50 | total time: 14.89m | eta: 22.8m
step 01514/03814 (39.70%) | loss: 3.681098 | lrm: 0.93 | dt: 584.66ms | tok/sec: 91,950 | bf16_mfu: 0.00 | epoch: 1 pq: 1 rg: 50 | total time: 14.90m | eta: 22.8m
step 01515/03814 (39.72%) | loss: 3.671349 | lrm: 0.93 | dt: 569.97ms | tok/sec: 94,321 | bf16_mfu: 0.00 | epoch: 1 pq: 1 rg: 50 | total time: 14.91m | eta: 22.8m
step 01516/03814 (39.75%) | loss: 3.650705 | lrm: 0.93 | dt: 574.06ms | tok/sec: 93,649 | bf16_mfu: 0.00 | epoch: 1 pq: 1 rg: 50 | total time: 14.92m | eta: 22.8m
step 01517/03814 (39.77%) | loss: 3.645748 | lrm: 0.93 | dt: 584.54ms | tok/sec: 91,970 | bf16_mfu: 0.00 | epoch: 1 pq: 1 rg: 50 | total time: 14.93m | eta: 22.8m
step 01518/03814 (39.80%) | loss: 3.640167 | lrm: 0.93 | dt: 578.96ms | tok/sec: 92,856 | bf16_mfu: 0.00 | epoch: 1 pq: 1 rg: 51 | total time: 14.94m | eta: 22.7m
step 01519/03814 (39.83%) | loss: 3.630361 | lrm: 0.93 | dt: 569.66ms | tok/sec: 94,371 | bf16_mfu: 0.00 | epoch: 1 pq: 1 rg: 51 | total time: 14.95m | eta: 22.7m
step 01520/03814 (39.85%) | loss: 3.650298 | lrm: 0.93 | dt: 587.46ms | tok/sec: 91,513 | bf16_mfu: 0.00 | epoch: 1 pq: 1 rg: 51 | total time: 14.96m | eta: 22.7m
step 01521/03814 (39.88%) | loss: 3.649607 | lrm: 0.93 | dt: 568.86ms | tok/sec: 94,505 | bf16_mfu: 0.00 | epoch: 1 pq: 1 rg: 51 | total time: 14.97m | eta: 22.7m
step 01522/03814 (39.91%) | loss: 3.658406 | lrm: 0.93 | dt: 603.26ms | tok/sec: 89,115 | bf16_mfu: 0.00 | epoch: 1 pq: 1 rg: 51 | total time: 14.98m | eta: 22.7m
step 01523/03814 (39.93%) | loss: 3.647056 | lrm: 0.93 | dt: 574.95ms | tok/sec: 93,504 | bf16_mfu: 0.00 | epoch: 1 pq: 1 rg: 51 | total time: 14.99m | eta: 22.7m
step 01524/03814 (39.96%) | loss: 3.629171 | lrm: 0.93 | dt: 670.91ms | tok/sec: 80,130 | bf16_mfu: 0.00 | epoch: 1 pq: 1 rg: 51 | total time: 15.00m | eta: 22.7m
step 01525/03814 (39.98%) | loss: 3.609089 | lrm: 0.93 | dt: 637.63ms | tok/sec: 84,311 | bf16_mfu: 0.00 | epoch: 1 pq: 1 rg: 51 | total time: 15.01m | eta: 22.7m
step 01526/03814 (40.01%) | loss: 3.620796 | lrm: 0.93 | dt: 572.70ms | tok/sec: 93,870 | bf16_mfu: 0.00 | epoch: 1 pq: 1 rg: 51 | total time: 15.02m | eta: 22.7m
step 01527/03814 (40.04%) | loss: 3.647896 | lrm: 0.93 | dt: 570.49ms | tok/sec: 94,235 | bf16_mfu: 0.00 | epoch: 1 pq: 1 rg: 51 | total time: 15.03m | eta: 22.7m
step 01528/03814 (40.06%) | loss: 3.641352 | lrm: 0.93 | dt: 573.82ms | tok/sec: 93,688 | bf16_mfu: 0.00 | epoch: 1 pq: 1 rg: 51 | total time: 15.04m | eta: 22.6m
step 01529/03814 (40.09%) | loss: 3.638838 | lrm: 0.93 | dt: 577.17ms | tok/sec: 93,143 | bf16_mfu: 0.00 | epoch: 1 pq: 1 rg: 51 | total time: 15.05m | eta: 22.6m
step 01530/03814 (40.12%) | loss: 3.651893 | lrm: 0.93 | dt: 610.25ms | tok/sec: 88,094 | bf16_mfu: 0.00 | epoch: 1 pq: 1 rg: 52 | total time: 15.06m | eta: 22.6m
step 01531/03814 (40.14%) | loss: 3.636766 | lrm: 0.92 | dt: 571.08ms | tok/sec: 94,136 | bf16_mfu: 0.00 | epoch: 1 pq: 1 rg: 52 | total time: 15.07m | eta: 22.6m
step 01532/03814 (40.17%) | loss: 3.621369 | lrm: 0.92 | dt: 583.44ms | tok/sec: 92,142 | bf16_mfu: 0.00 | epoch: 1 pq: 1 rg: 52 | total time: 15.08m | eta: 22.6m
step 01533/03814 (40.19%) | loss: 3.638762 | lrm: 0.92 | dt: 572.64ms | tok/sec: 93,881 | bf16_mfu: 0.00 | epoch: 1 pq: 1 rg: 52 | total time: 15.09m | eta: 22.6m
step 01534/03814 (40.22%) | loss: 3.636729 | lrm: 0.92 | dt: 582.91ms | tok/sec: 92,227 | bf16_mfu: 0.00 | epoch: 1 pq: 1 rg: 52 | total time: 15.10m | eta: 22.6m
step 01535/03814 (40.25%) | loss: 3.621654 | lrm: 0.92 | dt: 576.47ms | tok/sec: 93,256 | bf16_mfu: 0.00 | epoch: 1 pq: 1 rg: 52 | total time: 15.10m | eta: 22.6m
step 01536/03814 (40.27%) | loss: 3.642142 | lrm: 0.92 | dt: 578.97ms | tok/sec: 92,854 | bf16_mfu: 0.00 | epoch: 1 pq: 1 rg: 52 | total time: 15.11m | eta: 22.6m
step 01537/03814 (40.30%) | loss: 3.643937 | lrm: 0.92 | dt: 570.99ms | tok/sec: 94,152 | bf16_mfu: 0.00 | epoch: 1 pq: 1 rg: 52 | total time: 15.12m | eta: 22.6m
step 01538/03814 (40.33%) | loss: 3.639234 | lrm: 0.92 | dt: 577.39ms | tok/sec: 93,108 | bf16_mfu: 0.00 | epoch: 1 pq: 1 rg: 52 | total time: 15.13m | eta: 22.5m
step 01539/03814 (40.35%) | loss: 3.638199 | lrm: 0.92 | dt: 630.69ms | tok/sec: 85,240 | bf16_mfu: 0.00 | epoch: 1 pq: 1 rg: 52 | total time: 15.14m | eta: 22.5m
step 01540/03814 (40.38%) | loss: 3.644117 | lrm: 0.92 | dt: 609.72ms | tok/sec: 88,171 | bf16_mfu: 0.00 | epoch: 1 pq: 1 rg: 52 | total time: 15.15m | eta: 22.5m
step 01541/03814 (40.40%) | loss: 3.620242 | lrm: 0.92 | dt: 603.57ms | tok/sec: 89,069 | bf16_mfu: 0.00 | epoch: 1 pq: 1 rg: 53 | total time: 15.16m | eta: 22.5m
step 01542/03814 (40.43%) | loss: 3.623429 | lrm: 0.92 | dt: 575.41ms | tok/sec: 93,429 | bf16_mfu: 0.00 | epoch: 1 pq: 1 rg: 53 | total time: 15.17m | eta: 22.5m
step 01543/03814 (40.46%) | loss: 3.631999 | lrm: 0.92 | dt: 585.91ms | tok/sec: 91,754 | bf16_mfu: 0.00 | epoch: 1 pq: 1 rg: 53 | total time: 15.18m | eta: 22.5m
step 01544/03814 (40.48%) | loss: 3.608696 | lrm: 0.92 | dt: 678.00ms | tok/sec: 79,292 | bf16_mfu: 0.00 | epoch: 1 pq: 1 rg: 53 | total time: 15.20m | eta: 22.5m
step 01545/03814 (40.51%) | loss: 3.609433 | lrm: 0.92 | dt: 576.56ms | tok/sec: 93,242 | bf16_mfu: 0.00 | epoch: 1 pq: 1 rg: 53 | total time: 15.20m | eta: 22.5m
step 01546/03814 (40.53%) | loss: 3.630393 | lrm: 0.92 | dt: 571.95ms | tok/sec: 93,994 | bf16_mfu: 0.00 | epoch: 1 pq: 1 rg: 53 | total time: 15.21m | eta: 22.5m
step 01547/03814 (40.56%) | loss: 3.617142 | lrm: 0.92 | dt: 680.39ms | tok/sec: 79,013 | bf16_mfu: 0.00 | epoch: 1 pq: 1 rg: 53 | total time: 15.23m | eta: 22.5m
step 01548/03814 (40.59%) | loss: 3.610661 | lrm: 0.92 | dt: 572.75ms | tok/sec: 93,862 | bf16_mfu: 0.00 | epoch: 1 pq: 1 rg: 53 | total time: 15.24m | eta: 22.4m
step 01549/03814 (40.61%) | loss: 3.631694 | lrm: 0.92 | dt: 571.62ms | tok/sec: 94,048 | bf16_mfu: 0.00 | epoch: 1 pq: 1 rg: 53 | total time: 15.24m | eta: 22.4m
step 01550/03814 (40.64%) | loss: 3.615134 | lrm: 0.92 | dt: 578.10ms | tok/sec: 92,994 | bf16_mfu: 0.00 | epoch: 1 pq: 1 rg: 53 | total time: 15.25m | eta: 22.4m
step 01551/03814 (40.67%) | loss: 3.615243 | lrm: 0.92 | dt: 573.38ms | tok/sec: 93,759 | bf16_mfu: 0.00 | epoch: 1 pq: 1 rg: 53 | total time: 15.26m | eta: 22.4m
step 01552/03814 (40.69%) | loss: 3.630866 | lrm: 0.92 | dt: 577.34ms | tok/sec: 93,116 | bf16_mfu: 0.00 | epoch: 1 pq: 1 rg: 53 | total time: 15.27m | eta: 22.4m
step 01553/03814 (40.72%) | loss: 3.647553 | lrm: 0.92 | dt: 698.12ms | tok/sec: 77,006 | bf16_mfu: 0.00 | epoch: 1 pq: 1 rg: 54 | total time: 15.29m | eta: 22.4m
step 01554/03814 (40.74%) | loss: 3.632514 | lrm: 0.92 | dt: 589.22ms | tok/sec: 91,239 | bf16_mfu: 0.00 | epoch: 1 pq: 1 rg: 54 | total time: 15.29m | eta: 22.4m
step 01555/03814 (40.77%) | loss: 3.656426 | lrm: 0.92 | dt: 587.56ms | tok/sec: 91,496 | bf16_mfu: 0.00 | epoch: 1 pq: 1 rg: 54 | total time: 15.30m | eta: 22.4m
step 01556/03814 (40.80%) | loss: 3.675582 | lrm: 0.92 | dt: 569.20ms | tok/sec: 94,448 | bf16_mfu: 0.00 | epoch: 1 pq: 1 rg: 54 | total time: 15.31m | eta: 22.4m
step 01557/03814 (40.82%) | loss: 3.656084 | lrm: 0.91 | dt: 585.92ms | tok/sec: 91,753 | bf16_mfu: 0.00 | epoch: 1 pq: 1 rg: 54 | total time: 15.32m | eta: 22.4m
step 01558/03814 (40.85%) | loss: 3.647113 | lrm: 0.91 | dt: 866.71ms | tok/sec: 62,027 | bf16_mfu: 0.00 | epoch: 1 pq: 1 rg: 54 | total time: 15.34m | eta: 22.4m
step 01559/03814 (40.88%) | loss: 3.667998 | lrm: 0.91 | dt: 570.96ms | tok/sec: 94,157 | bf16_mfu: 0.00 | epoch: 1 pq: 1 rg: 54 | total time: 15.35m | eta: 22.3m
step 01560/03814 (40.90%) | loss: 3.642905 | lrm: 0.91 | dt: 585.83ms | tok/sec: 91,766 | bf16_mfu: 0.00 | epoch: 1 pq: 1 rg: 54 | total time: 15.36m | eta: 22.3m
step 01561/03814 (40.93%) | loss: 3.635714 | lrm: 0.91 | dt: 586.98ms | tok/sec: 91,587 | bf16_mfu: 0.00 | epoch: 1 pq: 1 rg: 54 | total time: 15.37m | eta: 22.3m
step 01562/03814 (40.95%) | loss: 3.632282 | lrm: 0.91 | dt: 707.21ms | tok/sec: 76,017 | bf16_mfu: 0.00 | epoch: 1 pq: 1 rg: 54 | total time: 15.38m | eta: 22.3m
step 01563/03814 (40.98%) | loss: 3.627001 | lrm: 0.91 | dt: 580.23ms | tok/sec: 92,652 | bf16_mfu: 0.00 | epoch: 1 pq: 1 rg: 54 | total time: 15.39m | eta: 22.3m
step 01564/03814 (41.01%) | loss: 3.624216 | lrm: 0.91 | dt: 575.81ms | tok/sec: 93,363 | bf16_mfu: 0.00 | epoch: 1 pq: 1 rg: 54 | total time: 15.40m | eta: 22.3m
step 01565/03814 (41.03%) | loss: 3.617153 | lrm: 0.91 | dt: 729.21ms | tok/sec: 73,724 | bf16_mfu: 0.00 | epoch: 1 pq: 1 rg: 55 | total time: 15.41m | eta: 22.3m
step 01566/03814 (41.06%) | loss: 3.608010 | lrm: 0.91 | dt: 615.94ms | tok/sec: 87,280 | bf16_mfu: 0.00 | epoch: 1 pq: 1 rg: 55 | total time: 15.42m | eta: 22.3m
step 01567/03814 (41.09%) | loss: 3.611376 | lrm: 0.91 | dt: 579.81ms | tok/sec: 92,719 | bf16_mfu: 0.00 | epoch: 1 pq: 1 rg: 55 | total time: 15.43m | eta: 22.3m
step 01568/03814 (41.11%) | loss: 3.638538 | lrm: 0.91 | dt: 593.40ms | tok/sec: 90,596 | bf16_mfu: 0.00 | epoch: 1 pq: 1 rg: 55 | total time: 15.44m | eta: 22.3m
step 01569/03814 (41.14%) | loss: 3.642327 | lrm: 0.91 | dt: 627.98ms | tok/sec: 85,607 | bf16_mfu: 0.00 | epoch: 1 pq: 1 rg: 55 | total time: 15.45m | eta: 22.2m
step 01570/03814 (41.16%) | loss: 3.617625 | lrm: 0.91 | dt: 582.01ms | tok/sec: 92,369 | bf16_mfu: 0.00 | epoch: 1 pq: 1 rg: 55 | total time: 15.46m | eta: 22.2m
step 01571/03814 (41.19%) | loss: 3.632340 | lrm: 0.91 | dt: 581.12ms | tok/sec: 92,511 | bf16_mfu: 0.00 | epoch: 1 pq: 1 rg: 55 | total time: 15.47m | eta: 22.2m
step 01572/03814 (41.22%) | loss: 3.614959 | lrm: 0.91 | dt: 617.97ms | tok/sec: 86,995 | bf16_mfu: 0.00 | epoch: 1 pq: 1 rg: 55 | total time: 15.48m | eta: 22.2m
step 01573/03814 (41.24%) | loss: 3.635019 | lrm: 0.91 | dt: 583.24ms | tok/sec: 92,175 | bf16_mfu: 0.00 | epoch: 1 pq: 1 rg: 55 | total time: 15.49m | eta: 22.2m
step 01574/03814 (41.27%) | loss: 3.653830 | lrm: 0.91 | dt: 588.21ms | tok/sec: 91,396 | bf16_mfu: 0.00 | epoch: 1 pq: 1 rg: 55 | total time: 15.50m | eta: 22.2m
step 01575/03814 (41.30%) | loss: 3.621505 | lrm: 0.91 | dt: 583.60ms | tok/sec: 92,117 | bf16_mfu: 0.00 | epoch: 1 pq: 1 rg: 55 | total time: 15.51m | eta: 22.2m
step 01576/03814 (41.32%) | loss: 3.622191 | lrm: 0.91 | dt: 581.93ms | tok/sec: 92,383 | bf16_mfu: 0.00 | epoch: 1 pq: 1 rg: 55 | total time: 15.52m | eta: 22.2m
step 01577/03814 (41.35%) | loss: 3.650951 | lrm: 0.91 | dt: 592.32ms | tok/sec: 90,761 | bf16_mfu: 0.00 | epoch: 1 pq: 1 rg: 56 | total time: 15.53m | eta: 22.2m
step 01578/03814 (41.37%) | loss: 3.637311 | lrm: 0.91 | dt: 577.25ms | tok/sec: 93,131 | bf16_mfu: 0.00 | epoch: 1 pq: 1 rg: 56 | total time: 15.54m | eta: 22.2m
step 01579/03814 (41.40%) | loss: 3.631788 | lrm: 0.91 | dt: 577.47ms | tok/sec: 93,095 | bf16_mfu: 0.00 | epoch: 1 pq: 1 rg: 56 | total time: 15.55m | eta: 22.1m
step 01580/03814 (41.43%) | loss: 3.644187 | lrm: 0.91 | dt: 588.49ms | tok/sec: 91,351 | bf16_mfu: 0.00 | epoch: 1 pq: 1 rg: 56 | total time: 15.56m | eta: 22.1m
step 01581/03814 (41.45%) | loss: 3.641922 | lrm: 0.91 | dt: 585.55ms | tok/sec: 91,811 | bf16_mfu: 0.00 | epoch: 1 pq: 1 rg: 56 | total time: 15.57m | eta: 22.1m
step 01582/03814 (41.48%) | loss: 3.653825 | lrm: 0.91 | dt: 585.88ms | tok/sec: 91,759 | bf16_mfu: 0.00 | epoch: 1 pq: 1 rg: 56 | total time: 15.58m | eta: 22.1m
step 01583/03814 (41.50%) | loss: 3.661313 | lrm: 0.90 | dt: 587.51ms | tok/sec: 91,505 | bf16_mfu: 0.00 | epoch: 1 pq: 1 rg: 56 | total time: 15.59m | eta: 22.1m
step 01584/03814 (41.53%) | loss: 3.669390 | lrm: 0.90 | dt: 620.88ms | tok/sec: 86,586 | bf16_mfu: 0.00 | epoch: 1 pq: 1 rg: 56 | total time: 15.60m | eta: 22.1m
step 01585/03814 (41.56%) | loss: 3.661457 | lrm: 0.90 | dt: 572.79ms | tok/sec: 93,856 | bf16_mfu: 0.00 | epoch: 1 pq: 1 rg: 56 | total time: 15.61m | eta: 22.1m
step 01586/03814 (41.58%) | loss: 3.658720 | lrm: 0.90 | dt: 647.47ms | tok/sec: 83,030 | bf16_mfu: 0.00 | epoch: 1 pq: 1 rg: 56 | total time: 15.62m | eta: 22.1m
step 01587/03814 (41.61%) | loss: 3.656573 | lrm: 0.90 | dt: 588.24ms | tok/sec: 91,391 | bf16_mfu: 0.00 | epoch: 1 pq: 1 rg: 56 | total time: 15.63m | eta: 22.1m
step 01588/03814 (41.64%) | loss: 3.669343 | lrm: 0.90 | dt: 587.24ms | tok/sec: 91,546 | bf16_mfu: 0.00 | epoch: 1 pq: 1 rg: 56 | total time: 15.64m | eta: 22.1m
step 01589/03814 (41.66%) | loss: 3.671153 | lrm: 0.90 | dt: 666.66ms | tok/sec: 80,640 | bf16_mfu: 0.00 | epoch: 1 pq: 1 rg: 57 | total time: 15.65m | eta: 22.1m
step 01590/03814 (41.69%) | loss: 3.644927 | lrm: 0.90 | dt: 593.56ms | tok/sec: 90,572 | bf16_mfu: 0.00 | epoch: 1 pq: 1 rg: 57 | total time: 15.66m | eta: 22.0m
step 01591/03814 (41.71%) | loss: 3.650801 | lrm: 0.90 | dt: 581.91ms | tok/sec: 92,385 | bf16_mfu: 0.00 | epoch: 1 pq: 1 rg: 57 | total time: 15.67m | eta: 22.0m
step 01592/03814 (41.74%) | loss: 3.648673 | lrm: 0.90 | dt: 687.56ms | tok/sec: 78,189 | bf16_mfu: 0.00 | epoch: 1 pq: 1 rg: 57 | total time: 15.68m | eta: 22.0m
step 01593/03814 (41.77%) | loss: 3.629809 | lrm: 0.90 | dt: 589.07ms | tok/sec: 91,262 | bf16_mfu: 0.00 | epoch: 1 pq: 1 rg: 57 | total time: 15.69m | eta: 22.0m
step 01594/03814 (41.79%) | loss: 3.630497 | lrm: 0.90 | dt: 583.56ms | tok/sec: 92,123 | bf16_mfu: 0.00 | epoch: 1 pq: 1 rg: 57 | total time: 15.70m | eta: 22.0m
step 01595/03814 (41.82%) | loss: 3.622364 | lrm: 0.90 | dt: 579.63ms | tok/sec: 92,749 | bf16_mfu: 0.00 | epoch: 1 pq: 1 rg: 57 | total time: 15.71m | eta: 22.0m
step 01596/03814 (41.85%) | loss: 3.617249 | lrm: 0.90 | dt: 581.38ms | tok/sec: 92,469 | bf16_mfu: 0.00 | epoch: 1 pq: 1 rg: 57 | total time: 15.72m | eta: 22.0m
step 01597/03814 (41.87%) | loss: 3.606714 | lrm: 0.90 | dt: 582.69ms | tok/sec: 92,262 | bf16_mfu: 0.00 | epoch: 1 pq: 1 rg: 57 | total time: 15.73m | eta: 22.0m
step 01598/03814 (41.90%) | loss: 3.612073 | lrm: 0.90 | dt: 586.52ms | tok/sec: 91,658 | bf16_mfu: 0.00 | epoch: 1 pq: 1 rg: 57 | total time: 15.74m | eta: 22.0m
step 01599/03814 (41.92%) | loss: 3.618391 | lrm: 0.90 | dt: 586.45ms | tok/sec: 91,669 | bf16_mfu: 0.00 | epoch: 1 pq: 1 rg: 57 | total time: 15.75m | eta: 22.0m
step 01600/03814 (41.95%) | loss: 3.605885 | lrm: 0.90 | dt: 587.18ms | tok/sec: 91,556 | bf16_mfu: 0.00 | epoch: 1 pq: 1 rg: 57 | total time: 15.76m | eta: 21.9m
step 01601/03814 (41.98%) | loss: 3.609557 | lrm: 0.90 | dt: 586.67ms | tok/sec: 91,636 | bf16_mfu: 0.00 | epoch: 1 pq: 1 rg: 58 | total time: 15.77m | eta: 21.9m
step 01602/03814 (42.00%) | loss: 3.613489 | lrm: 0.90 | dt: 678.90ms | tok/sec: 79,187 | bf16_mfu: 0.00 | epoch: 1 pq: 1 rg: 58 | total time: 15.78m | eta: 21.9m
step 01603/03814 (42.03%) | loss: 3.604485 | lrm: 0.90 | dt: 580.62ms | tok/sec: 92,591 | bf16_mfu: 0.00 | epoch: 1 pq: 1 rg: 58 | total time: 15.79m | eta: 21.9m
step 01604/03814 (42.06%) | loss: 3.634475 | lrm: 0.90 | dt: 585.14ms | tok/sec: 91,875 | bf16_mfu: 0.00 | epoch: 1 pq: 1 rg: 58 | total time: 15.80m | eta: 21.9m
step 01605/03814 (42.08%) | loss: 3.656855 | lrm: 0.90 | dt: 584.87ms | tok/sec: 91,917 | bf16_mfu: 0.00 | epoch: 1 pq: 1 rg: 58 | total time: 15.81m | eta: 21.9m
step 01606/03814 (42.11%) | loss: 3.640685 | lrm: 0.90 | dt: 623.45ms | tok/sec: 86,230 | bf16_mfu: 0.00 | epoch: 1 pq: 1 rg: 58 | total time: 15.82m | eta: 21.9m
step 01607/03814 (42.13%) | loss: 3.622730 | lrm: 0.90 | dt: 589.83ms | tok/sec: 91,145 | bf16_mfu: 0.00 | epoch: 1 pq: 1 rg: 58 | total time: 15.83m | eta: 21.9m
step 01608/03814 (42.16%) | loss: 3.640059 | lrm: 0.90 | dt: 587.75ms | tok/sec: 91,467 | bf16_mfu: 0.00 | epoch: 1 pq: 1 rg: 58 | total time: 15.84m | eta: 21.9m
step 01609/03814 (42.19%) | loss: 3.614909 | lrm: 0.89 | dt: 583.95ms | tok/sec: 92,062 | bf16_mfu: 0.00 | epoch: 1 pq: 1 rg: 58 | total time: 15.85m | eta: 21.9m
step 01610/03814 (42.21%) | loss: 3.614736 | lrm: 0.89 | dt: 586.58ms | tok/sec: 91,650 | bf16_mfu: 0.00 | epoch: 1 pq: 1 rg: 58 | total time: 15.86m | eta: 21.8m
step 01611/03814 (42.24%) | loss: 3.625198 | lrm: 0.89 | dt: 588.12ms | tok/sec: 91,409 | bf16_mfu: 0.00 | epoch: 1 pq: 1 rg: 58 | total time: 15.87m | eta: 21.8m
step 01612/03814 (42.27%) | loss: 3.607564 | lrm: 0.89 | dt: 607.00ms | tok/sec: 88,566 | bf16_mfu: 0.00 | epoch: 1 pq: 1 rg: 59 | total time: 15.88m | eta: 21.8m
step 01613/03814 (42.29%) | loss: 3.604556 | lrm: 0.89 | dt: 588.57ms | tok/sec: 91,340 | bf16_mfu: 0.00 | epoch: 1 pq: 1 rg: 59 | total time: 15.89m | eta: 21.8m
step 01614/03814 (42.32%) | loss: 3.595911 | lrm: 0.89 | dt: 584.86ms | tok/sec: 91,919 | bf16_mfu: 0.00 | epoch: 1 pq: 1 rg: 59 | total time: 15.90m | eta: 21.8m
step 01615/03814 (42.34%) | loss: 3.599631 | lrm: 0.89 | dt: 585.79ms | tok/sec: 91,773 | bf16_mfu: 0.00 | epoch: 1 pq: 1 rg: 59 | total time: 15.91m | eta: 21.8m
step 01616/03814 (42.37%) | loss: 3.606104 | lrm: 0.89 | dt: 631.62ms | tok/sec: 85,114 | bf16_mfu: 0.00 | epoch: 1 pq: 1 rg: 59 | total time: 15.92m | eta: 21.8m
step 01617/03814 (42.40%) | loss: 3.608964 | lrm: 0.89 | dt: 585.60ms | tok/sec: 91,803 | bf16_mfu: 0.00 | epoch: 1 pq: 1 rg: 59 | total time: 15.93m | eta: 21.8m
step 01618/03814 (42.42%) | loss: 3.586086 | lrm: 0.89 | dt: 586.69ms | tok/sec: 91,632 | bf16_mfu: 0.00 | epoch: 1 pq: 1 rg: 59 | total time: 15.94m | eta: 21.8m
step 01619/03814 (42.45%) | loss: 3.594286 | lrm: 0.89 | dt: 585.22ms | tok/sec: 91,863 | bf16_mfu: 0.00 | epoch: 1 pq: 1 rg: 59 | total time: 15.95m | eta: 21.8m
step 01620/03814 (42.48%) | loss: 3.596422 | lrm: 0.89 | dt: 587.21ms | tok/sec: 91,552 | bf16_mfu: 0.00 | epoch: 1 pq: 1 rg: 59 | total time: 15.96m | eta: 21.7m
step 01621/03814 (42.50%) | loss: 3.615958 | lrm: 0.89 | dt: 588.02ms | tok/sec: 91,425 | bf16_mfu: 0.00 | epoch: 1 pq: 1 rg: 59 | total time: 15.97m | eta: 21.7m
step 01622/03814 (42.53%) | loss: 3.612177 | lrm: 0.89 | dt: 585.31ms | tok/sec: 91,848 | bf16_mfu: 0.00 | epoch: 1 pq: 1 rg: 59 | total time: 15.98m | eta: 21.7m
step 01623/03814 (42.55%) | loss: 3.599866 | lrm: 0.89 | dt: 588.30ms | tok/sec: 91,382 | bf16_mfu: 0.00 | epoch: 1 pq: 1 rg: 60 | total time: 15.99m | eta: 21.7m
step 01624/03814 (42.58%) | loss: 3.591707 | lrm: 0.89 | dt: 585.25ms | tok/sec: 91,858 | bf16_mfu: 0.00 | epoch: 1 pq: 1 rg: 60 | total time: 16.00m | eta: 21.7m
step 01625/03814 (42.61%) | loss: 3.589726 | lrm: 0.89 | dt: 588.35ms | tok/sec: 91,374 | bf16_mfu: 0.00 | epoch: 1 pq: 1 rg: 60 | total time: 16.01m | eta: 21.7m
step 01626/03814 (42.63%) | loss: 3.597038 | lrm: 0.89 | dt: 587.76ms | tok/sec: 91,466 | bf16_mfu: 0.00 | epoch: 1 pq: 1 rg: 60 | total time: 16.02m | eta: 21.7m
step 01627/03814 (42.66%) | loss: 3.588162 | lrm: 0.89 | dt: 584.68ms | tok/sec: 91,948 | bf16_mfu: 0.00 | epoch: 1 pq: 1 rg: 60 | total time: 16.03m | eta: 21.7m
step 01628/03814 (42.68%) | loss: 3.581120 | lrm: 0.89 | dt: 636.72ms | tok/sec: 84,433 | bf16_mfu: 0.00 | epoch: 1 pq: 1 rg: 60 | total time: 16.04m | eta: 21.7m
step 01629/03814 (42.71%) | loss: 3.579830 | lrm: 0.89 | dt: 585.04ms | tok/sec: 91,890 | bf16_mfu: 0.00 | epoch: 1 pq: 1 rg: 60 | total time: 16.05m | eta: 21.7m
step 01630/03814 (42.74%) | loss: 3.571404 | lrm: 0.89 | dt: 582.50ms | tok/sec: 92,291 | bf16_mfu: 0.00 | epoch: 1 pq: 1 rg: 60 | total time: 16.06m | eta: 21.6m
step 01631/03814 (42.76%) | loss: 3.571860 | lrm: 0.89 | dt: 587.98ms | tok/sec: 91,431 | bf16_mfu: 0.00 | epoch: 1 pq: 1 rg: 60 | total time: 16.07m | eta: 21.6m
step 01632/03814 (42.79%) | loss: 3.573601 | lrm: 0.89 | dt: 584.98ms | tok/sec: 91,901 | bf16_mfu: 0.00 | epoch: 1 pq: 1 rg: 60 | total time: 16.07m | eta: 21.6m
step 01633/03814 (42.82%) | loss: 3.566680 | lrm: 0.89 | dt: 587.86ms | tok/sec: 91,450 | bf16_mfu: 0.00 | epoch: 1 pq: 1 rg: 60 | total time: 16.08m | eta: 21.6m
step 01634/03814 (42.84%) | loss: 3.571420 | lrm: 0.89 | dt: 582.79ms | tok/sec: 92,245 | bf16_mfu: 0.00 | epoch: 1 pq: 1 rg: 60 | total time: 16.09m | eta: 21.6m
step 01635/03814 (42.87%) | loss: 3.549153 | lrm: 0.89 | dt: 613.64ms | tok/sec: 87,608 | bf16_mfu: 0.00 | epoch: 1 pq: 1 rg: 61 | total time: 16.10m | eta: 21.6m
step 01636/03814 (42.89%) | loss: 3.543627 | lrm: 0.88 | dt: 586.40ms | tok/sec: 91,678 | bf16_mfu: 0.00 | epoch: 1 pq: 1 rg: 61 | total time: 16.11m | eta: 21.6m
step 01637/03814 (42.92%) | loss: 3.562242 | lrm: 0.88 | dt: 592.64ms | tok/sec: 90,712 | bf16_mfu: 0.00 | epoch: 1 pq: 1 rg: 61 | total time: 16.12m | eta: 21.6m
step 01638/03814 (42.95%) | loss: 3.594668 | lrm: 0.88 | dt: 583.92ms | tok/sec: 92,067 | bf16_mfu: 0.00 | epoch: 1 pq: 1 rg: 61 | total time: 16.13m | eta: 21.6m
step 01639/03814 (42.97%) | loss: 3.573590 | lrm: 0.88 | dt: 617.03ms | tok/sec: 87,126 | bf16_mfu: 0.00 | epoch: 1 pq: 1 rg: 61 | total time: 16.14m | eta: 21.6m
step 01640/03814 (43.00%) | loss: 3.576892 | lrm: 0.88 | dt: 579.50ms | tok/sec: 92,770 | bf16_mfu: 0.00 | epoch: 1 pq: 1 rg: 61 | total time: 16.15m | eta: 21.5m
step 01641/03814 (43.03%) | loss: 3.584563 | lrm: 0.88 | dt: 585.69ms | tok/sec: 91,788 | bf16_mfu: 0.00 | epoch: 1 pq: 1 rg: 61 | total time: 16.16m | eta: 21.5m
step 01642/03814 (43.05%) | loss: 3.574640 | lrm: 0.88 | dt: 593.26ms | tok/sec: 90,617 | bf16_mfu: 0.00 | epoch: 1 pq: 1 rg: 61 | total time: 16.17m | eta: 21.5m
step 01643/03814 (43.08%) | loss: 3.564675 | lrm: 0.88 | dt: 582.83ms | tok/sec: 92,239 | bf16_mfu: 0.00 | epoch: 1 pq: 1 rg: 61 | total time: 16.18m | eta: 21.5m
step 01644/03814 (43.10%) | loss: 3.553627 | lrm: 0.88 | dt: 581.43ms | tok/sec: 92,461 | bf16_mfu: 0.00 | epoch: 1 pq: 1 rg: 61 | total time: 16.19m | eta: 21.5m
step 01645/03814 (43.13%) | loss: 3.566240 | lrm: 0.88 | dt: 575.79ms | tok/sec: 93,366 | bf16_mfu: 0.00 | epoch: 1 pq: 1 rg: 61 | total time: 16.20m | eta: 21.5m
step 01646/03814 (43.16%) | loss: 3.574968 | lrm: 0.88 | dt: 662.78ms | tok/sec: 81,112 | bf16_mfu: 0.00 | epoch: 1 pq: 1 rg: 62 | total time: 16.21m | eta: 21.5m
step 01647/03814 (43.18%) | loss: 3.568591 | lrm: 0.88 | dt: 578.38ms | tok/sec: 92,949 | bf16_mfu: 0.00 | epoch: 1 pq: 1 rg: 62 | total time: 16.22m | eta: 21.5m
step 01648/03814 (43.21%) | loss: 3.566826 | lrm: 0.88 | dt: 623.67ms | tok/sec: 86,199 | bf16_mfu: 0.00 | epoch: 1 pq: 1 rg: 62 | total time: 16.23m | eta: 21.5m
step 01649/03814 (43.24%) | loss: 3.563485 | lrm: 0.88 | dt: 587.63ms | tok/sec: 91,485 | bf16_mfu: 0.00 | epoch: 1 pq: 1 rg: 62 | total time: 16.24m | eta: 21.5m
step 01650/03814 (43.26%) | loss: 3.565769 | lrm: 0.88 | dt: 586.01ms | tok/sec: 91,738 | bf16_mfu: 0.00 | epoch: 1 pq: 1 rg: 62 | total time: 16.25m | eta: 21.4m
step 01651/03814 (43.29%) | loss: 3.555159 | lrm: 0.88 | dt: 589.34ms | tok/sec: 91,220 | bf16_mfu: 0.00 | epoch: 1 pq: 1 rg: 62 | total time: 16.26m | eta: 21.4m
step 01652/03814 (43.31%) | loss: 3.540052 | lrm: 0.88 | dt: 587.15ms | tok/sec: 91,560 | bf16_mfu: 0.00 | epoch: 1 pq: 1 rg: 62 | total time: 16.27m | eta: 21.4m
step 01653/03814 (43.34%) | loss: 3.529796 | lrm: 0.88 | dt: 588.94ms | tok/sec: 91,282 | bf16_mfu: 0.00 | epoch: 1 pq: 1 rg: 62 | total time: 16.28m | eta: 21.4m
step 01654/03814 (43.37%) | loss: 3.535293 | lrm: 0.88 | dt: 587.71ms | tok/sec: 91,473 | bf16_mfu: 0.00 | epoch: 1 pq: 1 rg: 62 | total time: 16.29m | eta: 21.4m
step 01655/03814 (43.39%) | loss: 3.548367 | lrm: 0.88 | dt: 585.75ms | tok/sec: 91,780 | bf16_mfu: 0.00 | epoch: 1 pq: 1 rg: 62 | total time: 16.30m | eta: 21.4m
step 01656/03814 (43.42%) | loss: 3.564268 | lrm: 0.88 | dt: 576.23ms | tok/sec: 93,296 | bf16_mfu: 0.00 | epoch: 1 pq: 1 rg: 62 | total time: 16.31m | eta: 21.4m
step 01657/03814 (43.45%) | loss: 3.559671 | lrm: 0.88 | dt: 585.56ms | tok/sec: 91,809 | bf16_mfu: 0.00 | epoch: 1 pq: 1 rg: 62 | total time: 16.32m | eta: 21.4m
step 01658/03814 (43.47%) | loss: 3.552281 | lrm: 0.88 | dt: 685.08ms | tok/sec: 78,473 | bf16_mfu: 0.00 | epoch: 1 pq: 1 rg: 63 | total time: 16.33m | eta: 21.4m
step 01659/03814 (43.50%) | loss: 3.535060 | lrm: 0.88 | dt: 586.32ms | tok/sec: 91,690 | bf16_mfu: 0.00 | epoch: 1 pq: 1 rg: 63 | total time: 16.34m | eta: 21.4m
step 01660/03814 (43.52%) | loss: 3.530363 | lrm: 0.88 | dt: 580.62ms | tok/sec: 92,591 | bf16_mfu: 0.00 | epoch: 1 pq: 1 rg: 63 | total time: 16.35m | eta: 21.3m
step 01661/03814 (43.55%) | loss: 3.533961 | lrm: 0.88 | dt: 576.56ms | tok/sec: 93,242 | bf16_mfu: 0.00 | epoch: 1 pq: 1 rg: 63 | total time: 16.36m | eta: 21.3m
step 01662/03814 (43.58%) | loss: 3.517353 | lrm: 0.87 | dt: 587.38ms | tok/sec: 91,524 | bf16_mfu: 0.00 | epoch: 1 pq: 1 rg: 63 | total time: 16.37m | eta: 21.3m
step 01663/03814 (43.60%) | loss: 3.503682 | lrm: 0.87 | dt: 587.57ms | tok/sec: 91,495 | bf16_mfu: 0.00 | epoch: 1 pq: 1 rg: 63 | total time: 16.38m | eta: 21.3m
step 01664/03814 (43.63%) | loss: 3.511447 | lrm: 0.87 | dt: 583.35ms | tok/sec: 92,157 | bf16_mfu: 0.00 | epoch: 1 pq: 1 rg: 63 | total time: 16.39m | eta: 21.3m
step 01665/03814 (43.65%) | loss: 3.521563 | lrm: 0.87 | dt: 574.88ms | tok/sec: 93,514 | bf16_mfu: 0.00 | epoch: 1 pq: 1 rg: 63 | total time: 16.40m | eta: 21.3m
step 01666/03814 (43.68%) | loss: 3.511948 | lrm: 0.87 | dt: 585.61ms | tok/sec: 91,801 | bf16_mfu: 0.00 | epoch: 1 pq: 1 rg: 63 | total time: 16.41m | eta: 21.3m
step 01667/03814 (43.71%) | loss: 3.505275 | lrm: 0.87 | dt: 589.34ms | tok/sec: 91,221 | bf16_mfu: 0.00 | epoch: 1 pq: 1 rg: 63 | total time: 16.42m | eta: 21.3m
step 01668/03814 (43.73%) | loss: 3.544975 | lrm: 0.87 | dt: 586.77ms | tok/sec: 91,620 | bf16_mfu: 0.00 | epoch: 1 pq: 1 rg: 63 | total time: 16.43m | eta: 21.3m
step 01669/03814 (43.76%) | loss: 3.558804 | lrm: 0.87 | dt: 609.14ms | tok/sec: 88,254 | bf16_mfu: 0.00 | epoch: 1 pq: 1 rg: 64 | total time: 16.44m | eta: 21.3m
step 01670/03814 (43.79%) | loss: 3.545075 | lrm: 0.87 | dt: 589.71ms | tok/sec: 91,163 | bf16_mfu: 0.00 | epoch: 1 pq: 1 rg: 64 | total time: 16.45m | eta: 21.2m
step 01671/03814 (43.81%) | loss: 3.550220 | lrm: 0.87 | dt: 581.82ms | tok/sec: 92,400 | bf16_mfu: 0.00 | epoch: 1 pq: 1 rg: 64 | total time: 16.46m | eta: 21.2m
step 01672/03814 (43.84%) | loss: 3.557099 | lrm: 0.87 | dt: 588.13ms | tok/sec: 91,407 | bf16_mfu: 0.00 | epoch: 1 pq: 1 rg: 64 | total time: 16.47m | eta: 21.2m
step 01673/03814 (43.86%) | loss: 3.553617 | lrm: 0.87 | dt: 585.85ms | tok/sec: 91,764 | bf16_mfu: 0.00 | epoch: 1 pq: 1 rg: 64 | total time: 16.48m | eta: 21.2m
step 01674/03814 (43.89%) | loss: 3.552472 | lrm: 0.87 | dt: 586.92ms | tok/sec: 91,596 | bf16_mfu: 0.00 | epoch: 1 pq: 1 rg: 64 | total time: 16.49m | eta: 21.2m
step 01675/03814 (43.92%) | loss: 3.544283 | lrm: 0.87 | dt: 575.78ms | tok/sec: 93,369 | bf16_mfu: 0.00 | epoch: 1 pq: 1 rg: 64 | total time: 16.50m | eta: 21.2m
step 01676/03814 (43.94%) | loss: 3.536374 | lrm: 0.87 | dt: 581.26ms | tok/sec: 92,488 | bf16_mfu: 0.00 | epoch: 1 pq: 1 rg: 64 | total time: 16.51m | eta: 21.2m
step 01677/03814 (43.97%) | loss: 3.537627 | lrm: 0.87 | dt: 584.40ms | tok/sec: 91,991 | bf16_mfu: 0.00 | epoch: 1 pq: 1 rg: 64 | total time: 16.52m | eta: 21.2m
step 01678/03814 (44.00%) | loss: 3.542100 | lrm: 0.87 | dt: 584.87ms | tok/sec: 91,917 | bf16_mfu: 0.00 | epoch: 1 pq: 1 rg: 64 | total time: 16.53m | eta: 21.2m
step 01679/03814 (44.02%) | loss: 3.546359 | lrm: 0.87 | dt: 587.89ms | tok/sec: 91,445 | bf16_mfu: 0.00 | epoch: 1 pq: 1 rg: 64 | total time: 16.54m | eta: 21.2m
step 01680/03814 (44.05%) | loss: 3.541568 | lrm: 0.87 | dt: 663.42ms | tok/sec: 81,035 | bf16_mfu: 0.00 | epoch: 1 pq: 1 rg: 65 | total time: 16.55m | eta: 21.1m
step 01681/03814 (44.07%) | loss: 3.551685 | lrm: 0.87 | dt: 572.74ms | tok/sec: 93,864 | bf16_mfu: 0.00 | epoch: 1 pq: 1 rg: 65 | total time: 16.56m | eta: 21.1m
step 01682/03814 (44.10%) | loss: 3.570144 | lrm: 0.87 | dt: 585.01ms | tok/sec: 91,895 | bf16_mfu: 0.00 | epoch: 1 pq: 1 rg: 65 | total time: 16.57m | eta: 21.1m
step 01683/03814 (44.13%) | loss: 3.579536 | lrm: 0.87 | dt: 583.88ms | tok/sec: 92,072 | bf16_mfu: 0.00 | epoch: 1 pq: 1 rg: 65 | total time: 16.58m | eta: 21.1m
step 01684/03814 (44.15%) | loss: 3.565021 | lrm: 0.87 | dt: 575.03ms | tok/sec: 93,490 | bf16_mfu: 0.00 | epoch: 1 pq: 1 rg: 65 | total time: 16.59m | eta: 21.1m
step 01685/03814 (44.18%) | loss: 3.560788 | lrm: 0.87 | dt: 581.42ms | tok/sec: 92,463 | bf16_mfu: 0.00 | epoch: 1 pq: 1 rg: 65 | total time: 16.60m | eta: 21.1m
step 01686/03814 (44.21%) | loss: 3.562780 | lrm: 0.87 | dt: 586.15ms | tok/sec: 91,716 | bf16_mfu: 0.00 | epoch: 1 pq: 1 rg: 65 | total time: 16.61m | eta: 21.1m
step 01687/03814 (44.23%) | loss: 3.557992 | lrm: 0.87 | dt: 586.20ms | tok/sec: 91,709 | bf16_mfu: 0.00 | epoch: 1 pq: 1 rg: 65 | total time: 16.62m | eta: 21.1m
step 01688/03814 (44.26%) | loss: 3.552618 | lrm: 0.86 | dt: 584.13ms | tok/sec: 92,035 | bf16_mfu: 0.00 | epoch: 1 pq: 1 rg: 65 | total time: 16.63m | eta: 21.1m
step 01689/03814 (44.28%) | loss: 3.538119 | lrm: 0.86 | dt: 581.44ms | tok/sec: 92,459 | bf16_mfu: 0.00 | epoch: 1 pq: 1 rg: 65 | total time: 16.64m | eta: 21.1m
step 01690/03814 (44.31%) | loss: 3.536481 | lrm: 0.86 | dt: 576.14ms | tok/sec: 93,310 | bf16_mfu: 0.00 | epoch: 1 pq: 1 rg: 65 | total time: 16.65m | eta: 21.0m
step 01691/03814 (44.34%) | loss: 3.543819 | lrm: 0.86 | dt: 587.61ms | tok/sec: 91,488 | bf16_mfu: 0.00 | epoch: 1 pq: 1 rg: 65 | total time: 16.66m | eta: 21.0m
step 01692/03814 (44.36%) | loss: 3.533137 | lrm: 0.86 | dt: 586.59ms | tok/sec: 91,648 | bf16_mfu: 0.00 | epoch: 1 pq: 1 rg: 66 | total time: 16.67m | eta: 21.0m
step 01693/03814 (44.39%) | loss: 3.506225 | lrm: 0.86 | dt: 586.92ms | tok/sec: 91,596 | bf16_mfu: 0.00 | epoch: 1 pq: 1 rg: 66 | total time: 16.68m | eta: 21.0m
step 01694/03814 (44.42%) | loss: 3.505571 | lrm: 0.86 | dt: 586.01ms | tok/sec: 91,738 | bf16_mfu: 0.00 | epoch: 1 pq: 1 rg: 66 | total time: 16.69m | eta: 21.0m
step 01695/03814 (44.44%) | loss: 3.517014 | lrm: 0.86 | dt: 587.81ms | tok/sec: 91,457 | bf16_mfu: 0.00 | epoch: 1 pq: 1 rg: 66 | total time: 16.69m | eta: 21.0m
step 01696/03814 (44.47%) | loss: 3.506356 | lrm: 0.86 | dt: 581.70ms | tok/sec: 92,418 | bf16_mfu: 0.00 | epoch: 1 pq: 1 rg: 66 | total time: 16.70m | eta: 21.0m
step 01697/03814 (44.49%) | loss: 3.496758 | lrm: 0.86 | dt: 574.49ms | tok/sec: 93,578 | bf16_mfu: 0.00 | epoch: 1 pq: 1 rg: 66 | total time: 16.71m | eta: 21.0m
step 01698/03814 (44.52%) | loss: 3.504256 | lrm: 0.86 | dt: 583.60ms | tok/sec: 92,117 | bf16_mfu: 0.00 | epoch: 1 pq: 1 rg: 66 | total time: 16.72m | eta: 21.0m
step 01699/03814 (44.55%) | loss: 3.518587 | lrm: 0.86 | dt: 586.67ms | tok/sec: 91,635 | bf16_mfu: 0.00 | epoch: 1 pq: 1 rg: 66 | total time: 16.73m | eta: 21.0m
step 01700/03814 (44.57%) | loss: 3.516403 | lrm: 0.86 | dt: 587.91ms | tok/sec: 91,443 | bf16_mfu: 0.00 | epoch: 1 pq: 1 rg: 66 | total time: 16.74m | eta: 20.9m
step 01701/03814 (44.60%) | loss: 3.517049 | lrm: 0.86 | dt: 584.00ms | tok/sec: 92,054 | bf16_mfu: 0.00 | epoch: 1 pq: 1 rg: 66 | total time: 16.75m | eta: 20.9m
step 01702/03814 (44.63%) | loss: 3.509032 | lrm: 0.86 | dt: 584.31ms | tok/sec: 92,005 | bf16_mfu: 0.00 | epoch: 1 pq: 1 rg: 66 | total time: 16.76m | eta: 20.9m
step 01703/03814 (44.65%) | loss: 3.489023 | lrm: 0.86 | dt: 583.84ms | tok/sec: 92,080 | bf16_mfu: 0.00 | epoch: 1 pq: 1 rg: 67 | total time: 16.77m | eta: 20.9m
step 01704/03814 (44.68%) | loss: 3.483450 | lrm: 0.86 | dt: 575.27ms | tok/sec: 93,452 | bf16_mfu: 0.00 | epoch: 1 pq: 1 rg: 67 | total time: 16.78m | eta: 20.9m
step 01705/03814 (44.70%) | loss: 3.482874 | lrm: 0.86 | dt: 584.38ms | tok/sec: 91,994 | bf16_mfu: 0.00 | epoch: 1 pq: 1 rg: 67 | total time: 16.79m | eta: 20.9m
step 01706/03814 (44.73%) | loss: 3.479114 | lrm: 0.86 | dt: 581.34ms | tok/sec: 92,475 | bf16_mfu: 0.00 | epoch: 1 pq: 1 rg: 67 | total time: 16.80m | eta: 20.9m
step 01707/03814 (44.76%) | loss: 3.492974 | lrm: 0.86 | dt: 574.25ms | tok/sec: 93,617 | bf16_mfu: 0.00 | epoch: 1 pq: 1 rg: 67 | total time: 16.81m | eta: 20.9m
step 01708/03814 (44.78%) | loss: 3.492799 | lrm: 0.86 | dt: 586.58ms | tok/sec: 91,649 | bf16_mfu: 0.00 | epoch: 1 pq: 1 rg: 67 | total time: 16.82m | eta: 20.9m
step 01709/03814 (44.81%) | loss: 3.483069 | lrm: 0.86 | dt: 585.44ms | tok/sec: 91,828 | bf16_mfu: 0.00 | epoch: 1 pq: 1 rg: 67 | total time: 16.83m | eta: 20.9m
step 01710/03814 (44.83%) | loss: 3.485228 | lrm: 0.86 | dt: 633.61ms | tok/sec: 84,846 | bf16_mfu: 0.00 | epoch: 1 pq: 1 rg: 67 | total time: 16.84m | eta: 20.8m
step 01711/03814 (44.86%) | loss: 3.490362 | lrm: 0.86 | dt: 583.40ms | tok/sec: 92,149 | bf16_mfu: 0.00 | epoch: 1 pq: 1 rg: 67 | total time: 16.85m | eta: 20.8m
step 01712/03814 (44.89%) | loss: 3.492017 | lrm: 0.86 | dt: 607.06ms | tok/sec: 88,557 | bf16_mfu: 0.00 | epoch: 1 pq: 1 rg: 67 | total time: 16.86m | eta: 20.8m
step 01713/03814 (44.91%) | loss: 3.481986 | lrm: 0.86 | dt: 584.16ms | tok/sec: 92,029 | bf16_mfu: 0.00 | epoch: 1 pq: 1 rg: 67 | total time: 16.87m | eta: 20.8m
step 01714/03814 (44.94%) | loss: 3.474392 | lrm: 0.85 | dt: 571.00ms | tok/sec: 94,151 | bf16_mfu: 0.00 | epoch: 1 pq: 1 rg: 67 | total time: 16.88m | eta: 20.8m
step 01715/03814 (44.97%) | loss: 3.490867 | lrm: 0.85 | dt: 588.48ms | tok/sec: 91,354 | bf16_mfu: 0.00 | epoch: 1 pq: 1 rg: 68 | total time: 16.89m | eta: 20.8m
step 01716/03814 (44.99%) | loss: 3.499329 | lrm: 0.85 | dt: 585.29ms | tok/sec: 91,852 | bf16_mfu: 0.00 | epoch: 1 pq: 1 rg: 68 | total time: 16.90m | eta: 20.8m
step 01717/03814 (45.02%) | loss: 3.496504 | lrm: 0.85 | dt: 593.90ms | tok/sec: 90,520 | bf16_mfu: 0.00 | epoch: 1 pq: 1 rg: 68 | total time: 16.91m | eta: 20.8m
step 01718/03814 (45.04%) | loss: 3.489817 | lrm: 0.85 | dt: 579.89ms | tok/sec: 92,706 | bf16_mfu: 0.00 | epoch: 1 pq: 1 rg: 68 | total time: 16.92m | eta: 20.8m
step 01719/03814 (45.07%) | loss: 3.508926 | lrm: 0.85 | dt: 588.43ms | tok/sec: 91,361 | bf16_mfu: 0.00 | epoch: 1 pq: 1 rg: 68 | total time: 16.93m | eta: 20.8m
step 01720/03814 (45.10%) | loss: 3.517202 | lrm: 0.85 | dt: 593.17ms | tok/sec: 90,631 | bf16_mfu: 0.00 | epoch: 1 pq: 1 rg: 68 | total time: 16.94m | eta: 20.7m
step 01721/03814 (45.12%) | loss: 3.527715 | lrm: 0.85 | dt: 581.99ms | tok/sec: 92,373 | bf16_mfu: 0.00 | epoch: 1 pq: 1 rg: 68 | total time: 16.95m | eta: 20.7m
step 01722/03814 (45.15%) | loss: 3.527368 | lrm: 0.85 | dt: 585.82ms | tok/sec: 91,768 | bf16_mfu: 0.00 | epoch: 1 pq: 1 rg: 68 | total time: 16.96m | eta: 20.7m
step 01723/03814 (45.18%) | loss: 3.514437 | lrm: 0.85 | dt: 584.91ms | tok/sec: 91,911 | bf16_mfu: 0.00 | epoch: 1 pq: 1 rg: 68 | total time: 16.97m | eta: 20.7m
step 01724/03814 (45.20%) | loss: 3.514252 | lrm: 0.85 | dt: 580.57ms | tok/sec: 92,598 | bf16_mfu: 0.00 | epoch: 1 pq: 1 rg: 68 | total time: 16.98m | eta: 20.7m
step 01725/03814 (45.23%) | loss: 3.529234 | lrm: 0.85 | dt: 578.15ms | tok/sec: 92,986 | bf16_mfu: 0.00 | epoch: 1 pq: 1 rg: 68 | total time: 16.99m | eta: 20.7m
step 01726/03814 (45.25%) | loss: 3.533531 | lrm: 0.85 | dt: 599.07ms | tok/sec: 89,738 | bf16_mfu: 0.00 | epoch: 1 pq: 1 rg: 69 | total time: 17.00m | eta: 20.7m
step 01727/03814 (45.28%) | loss: 3.526367 | lrm: 0.85 | dt: 605.03ms | tok/sec: 88,855 | bf16_mfu: 0.00 | epoch: 1 pq: 1 rg: 69 | total time: 17.01m | eta: 20.7m
step 01728/03814 (45.31%) | loss: 3.531143 | lrm: 0.85 | dt: 574.22ms | tok/sec: 93,623 | bf16_mfu: 0.00 | epoch: 1 pq: 1 rg: 69 | total time: 17.02m | eta: 20.7m
step 01729/03814 (45.33%) | loss: 3.521023 | lrm: 0.85 | dt: 585.85ms | tok/sec: 91,763 | bf16_mfu: 0.00 | epoch: 1 pq: 1 rg: 69 | total time: 17.03m | eta: 20.7m
step 01730/03814 (45.36%) | loss: 3.525075 | lrm: 0.85 | dt: 582.17ms | tok/sec: 92,343 | bf16_mfu: 0.00 | epoch: 1 pq: 1 rg: 69 | total time: 17.04m | eta: 20.6m
step 01731/03814 (45.39%) | loss: 3.527471 | lrm: 0.85 | dt: 572.80ms | tok/sec: 93,854 | bf16_mfu: 0.00 | epoch: 1 pq: 1 rg: 69 | total time: 17.05m | eta: 20.6m
step 01732/03814 (45.41%) | loss: 3.518882 | lrm: 0.85 | dt: 587.02ms | tok/sec: 91,581 | bf16_mfu: 0.00 | epoch: 1 pq: 1 rg: 69 | total time: 17.06m | eta: 20.6m
step 01733/03814 (45.44%) | loss: 3.496873 | lrm: 0.85 | dt: 585.38ms | tok/sec: 91,837 | bf16_mfu: 0.00 | epoch: 1 pq: 1 rg: 69 | total time: 17.07m | eta: 20.6m
step 01734/03814 (45.46%) | loss: 3.510759 | lrm: 0.85 | dt: 583.62ms | tok/sec: 92,115 | bf16_mfu: 0.00 | epoch: 1 pq: 1 rg: 69 | total time: 17.08m | eta: 20.6m
step 01735/03814 (45.49%) | loss: 3.506132 | lrm: 0.85 | dt: 574.75ms | tok/sec: 93,535 | bf16_mfu: 0.00 | epoch: 1 pq: 1 rg: 69 | total time: 17.09m | eta: 20.6m
step 01736/03814 (45.52%) | loss: 3.496807 | lrm: 0.85 | dt: 582.83ms | tok/sec: 92,238 | bf16_mfu: 0.00 | epoch: 1 pq: 1 rg: 69 | total time: 17.09m | eta: 20.6m
step 01737/03814 (45.54%) | loss: 3.495512 | lrm: 0.85 | dt: 585.86ms | tok/sec: 91,762 | bf16_mfu: 0.00 | epoch: 1 pq: 1 rg: 69 | total time: 17.10m | eta: 20.6m
step 01738/03814 (45.57%) | loss: 3.488750 | lrm: 0.85 | dt: 670.93ms | tok/sec: 80,128 | bf16_mfu: 0.00 | epoch: 1 pq: 1 rg: 70 | total time: 17.12m | eta: 20.6m
step 01739/03814 (45.60%) | loss: 3.499084 | lrm: 0.85 | dt: 596.38ms | tok/sec: 90,143 | bf16_mfu: 0.00 | epoch: 1 pq: 1 rg: 70 | total time: 17.13m | eta: 20.6m
step 01740/03814 (45.62%) | loss: 3.482959 | lrm: 0.84 | dt: 578.25ms | tok/sec: 92,969 | bf16_mfu: 0.00 | epoch: 1 pq: 1 rg: 70 | total time: 17.14m | eta: 20.5m
step 01741/03814 (45.65%) | loss: 3.481133 | lrm: 0.84 | dt: 587.06ms | tok/sec: 91,575 | bf16_mfu: 0.00 | epoch: 1 pq: 1 rg: 70 | total time: 17.15m | eta: 20.5m
step 01742/03814 (45.67%) | loss: 3.489919 | lrm: 0.84 | dt: 586.89ms | tok/sec: 91,602 | bf16_mfu: 0.00 | epoch: 1 pq: 1 rg: 70 | total time: 17.16m | eta: 20.5m
step 01743/03814 (45.70%) | loss: 3.573916 | lrm: 0.84 | dt: 585.73ms | tok/sec: 91,783 | bf16_mfu: 0.00 | epoch: 1 pq: 1 rg: 70 | total time: 17.16m | eta: 20.5m
step 01744/03814 (45.73%) | loss: 3.641881 | lrm: 0.84 | dt: 630.04ms | tok/sec: 85,327 | bf16_mfu: 0.00 | epoch: 1 pq: 1 rg: 70 | total time: 17.18m | eta: 20.5m
step 01745/03814 (45.75%) | loss: 3.687857 | lrm: 0.84 | dt: 586.82ms | tok/sec: 91,613 | bf16_mfu: 0.00 | epoch: 1 pq: 1 rg: 70 | total time: 17.19m | eta: 20.5m
step 01746/03814 (45.78%) | loss: 3.736500 | lrm: 0.84 | dt: 606.89ms | tok/sec: 88,582 | bf16_mfu: 0.00 | epoch: 1 pq: 1 rg: 70 | total time: 17.20m | eta: 20.5m
step 01747/03814 (45.80%) | loss: 3.805424 | lrm: 0.84 | dt: 586.31ms | tok/sec: 91,691 | bf16_mfu: 0.00 | epoch: 1 pq: 1 rg: 70 | total time: 17.20m | eta: 20.5m
step 01748/03814 (45.83%) | loss: 3.835299 | lrm: 0.84 | dt: 631.48ms | tok/sec: 85,133 | bf16_mfu: 0.00 | epoch: 1 pq: 1 rg: 71 | total time: 17.22m | eta: 20.5m
step 01749/03814 (45.86%) | loss: 3.870376 | lrm: 0.84 | dt: 586.63ms | tok/sec: 91,642 | bf16_mfu: 0.00 | epoch: 1 pq: 1 rg: 71 | total time: 17.23m | eta: 20.5m
step 01750/03814 (45.88%) | loss: 3.896962 | lrm: 0.84 | dt: 582.63ms | tok/sec: 92,271 | bf16_mfu: 0.00 | epoch: 1 pq: 1 rg: 71 | total time: 17.23m | eta: 20.4m
step 01751/03814 (45.91%) | loss: 3.934007 | lrm: 0.84 | dt: 573.27ms | tok/sec: 93,778 | bf16_mfu: 0.00 | epoch: 1 pq: 1 rg: 71 | total time: 17.24m | eta: 20.4m
step 01752/03814 (45.94%) | loss: 3.967041 | lrm: 0.84 | dt: 762.79ms | tok/sec: 70,478 | bf16_mfu: 0.00 | epoch: 1 pq: 1 rg: 71 | total time: 17.26m | eta: 20.4m
step 01753/03814 (45.96%) | loss: 3.997906 | lrm: 0.84 | dt: 924.57ms | tok/sec: 58,145 | bf16_mfu: 0.00 | epoch: 1 pq: 1 rg: 71 | total time: 17.27m | eta: 20.4m
step 01754/03814 (45.99%) | loss: 4.014467 | lrm: 0.84 | dt: 576.17ms | tok/sec: 93,306 | bf16_mfu: 0.00 | epoch: 1 pq: 1 rg: 71 | total time: 17.28m | eta: 20.4m
step 01755/03814 (46.01%) | loss: 4.048673 | lrm: 0.84 | dt: 588.45ms | tok/sec: 91,358 | bf16_mfu: 0.00 | epoch: 1 pq: 1 rg: 71 | total time: 17.29m | eta: 20.4m
step 01756/03814 (46.04%) | loss: 4.078543 | lrm: 0.84 | dt: 579.56ms | tok/sec: 92,759 | bf16_mfu: 0.00 | epoch: 1 pq: 1 rg: 71 | total time: 17.30m | eta: 20.4m
step 01757/03814 (46.07%) | loss: 4.089353 | lrm: 0.84 | dt: 619.57ms | tok/sec: 86,769 | bf16_mfu: 0.00 | epoch: 1 pq: 1 rg: 71 | total time: 17.31m | eta: 20.4m
step 01758/03814 (46.09%) | loss: 4.106671 | lrm: 0.84 | dt: 709.61ms | tok/sec: 75,760 | bf16_mfu: 0.00 | epoch: 1 pq: 1 rg: 72 | total time: 17.32m | eta: 20.4m
step 01759/03814 (46.12%) | loss: 4.103021 | lrm: 0.84 | dt: 585.03ms | tok/sec: 91,892 | bf16_mfu: 0.00 | epoch: 1 pq: 1 rg: 72 | total time: 17.33m | eta: 20.4m
step 01760/03814 (46.15%) | loss: 4.114059 | lrm: 0.84 | dt: 574.94ms | tok/sec: 93,505 | bf16_mfu: 0.00 | epoch: 1 pq: 1 rg: 72 | total time: 17.34m | eta: 20.4m
step 01761/03814 (46.17%) | loss: 4.132435 | lrm: 0.84 | dt: 582.55ms | tok/sec: 92,283 | bf16_mfu: 0.00 | epoch: 1 pq: 1 rg: 72 | total time: 17.35m | eta: 20.3m
step 01762/03814 (46.20%) | loss: 4.149043 | lrm: 0.84 | dt: 583.13ms | tok/sec: 92,192 | bf16_mfu: 0.00 | epoch: 1 pq: 1 rg: 72 | total time: 17.36m | eta: 20.3m
step 01763/03814 (46.22%) | loss: 4.148940 | lrm: 0.84 | dt: 572.29ms | tok/sec: 93,938 | bf16_mfu: 0.00 | epoch: 1 pq: 1 rg: 72 | total time: 17.37m | eta: 20.3m
step 01764/03814 (46.25%) | loss: 4.133951 | lrm: 0.84 | dt: 588.03ms | tok/sec: 91,424 | bf16_mfu: 0.00 | epoch: 1 pq: 1 rg: 72 | total time: 17.38m | eta: 20.3m
step 01765/03814 (46.28%) | loss: 4.134047 | lrm: 0.84 | dt: 586.69ms | tok/sec: 91,633 | bf16_mfu: 0.00 | epoch: 1 pq: 1 rg: 72 | total time: 17.39m | eta: 20.3m
step 01766/03814 (46.30%) | loss: 4.134485 | lrm: 0.83 | dt: 576.13ms | tok/sec: 93,312 | bf16_mfu: 0.00 | epoch: 1 pq: 1 rg: 72 | total time: 17.40m | eta: 20.3m
step 01767/03814 (46.33%) | loss: 4.138632 | lrm: 0.83 | dt: 580.14ms | tok/sec: 92,666 | bf16_mfu: 0.00 | epoch: 1 pq: 1 rg: 72 | total time: 17.41m | eta: 20.3m
step 01768/03814 (46.36%) | loss: 4.118461 | lrm: 0.83 | dt: 587.69ms | tok/sec: 91,476 | bf16_mfu: 0.00 | epoch: 1 pq: 1 rg: 72 | total time: 17.42m | eta: 20.3m
step 01769/03814 (46.38%) | loss: 4.131450 | lrm: 0.83 | dt: 607.34ms | tok/sec: 88,516 | bf16_mfu: 0.00 | epoch: 1 pq: 1 rg: 73 | total time: 17.43m | eta: 20.3m
step 01770/03814 (46.41%) | loss: 4.145806 | lrm: 0.83 | dt: 588.35ms | tok/sec: 91,374 | bf16_mfu: 0.00 | epoch: 1 pq: 1 rg: 73 | total time: 17.44m | eta: 20.3m
step 01771/03814 (46.43%) | loss: 4.154597 | lrm: 0.83 | dt: 582.50ms | tok/sec: 92,292 | bf16_mfu: 0.00 | epoch: 1 pq: 1 rg: 73 | total time: 17.45m | eta: 20.2m
step 01772/03814 (46.46%) | loss: 4.138238 | lrm: 0.83 | dt: 591.68ms | tok/sec: 90,859 | bf16_mfu: 0.00 | epoch: 1 pq: 1 rg: 73 | total time: 17.46m | eta: 20.2m
step 01773/03814 (46.49%) | loss: 4.126087 | lrm: 0.83 | dt: 570.22ms | tok/sec: 94,279 | bf16_mfu: 0.00 | epoch: 1 pq: 1 rg: 73 | total time: 17.47m | eta: 20.2m
step 01774/03814 (46.51%) | loss: 4.120610 | lrm: 0.83 | dt: 587.91ms | tok/sec: 91,442 | bf16_mfu: 0.00 | epoch: 1 pq: 1 rg: 73 | total time: 17.48m | eta: 20.2m
step 01775/03814 (46.54%) | loss: 4.127912 | lrm: 0.83 | dt: 590.35ms | tok/sec: 91,065 | bf16_mfu: 0.00 | epoch: 1 pq: 1 rg: 73 | total time: 17.49m | eta: 20.2m
step 01776/03814 (46.57%) | loss: 4.140301 | lrm: 0.83 | dt: 580.49ms | tok/sec: 92,610 | bf16_mfu: 0.00 | epoch: 1 pq: 1 rg: 73 | total time: 17.50m | eta: 20.2m
step 01777/03814 (46.59%) | loss: 4.156010 | lrm: 0.83 | dt: 583.28ms | tok/sec: 92,169 | bf16_mfu: 0.00 | epoch: 1 pq: 1 rg: 73 | total time: 17.51m | eta: 20.2m
step 01778/03814 (46.62%) | loss: 4.147460 | lrm: 0.83 | dt: 571.01ms | tok/sec: 94,148 | bf16_mfu: 0.00 | epoch: 1 pq: 1 rg: 73 | total time: 17.52m | eta: 20.2m
step 01779/03814 (46.64%) | loss: 4.149121 | lrm: 0.83 | dt: 609.69ms | tok/sec: 88,176 | bf16_mfu: 0.00 | epoch: 1 pq: 1 rg: 74 | total time: 17.53m | eta: 20.2m
step 01780/03814 (46.67%) | loss: 4.164187 | lrm: 0.83 | dt: 586.65ms | tok/sec: 91,639 | bf16_mfu: 0.00 | epoch: 1 pq: 1 rg: 74 | total time: 17.54m | eta: 20.2m
step 01781/03814 (46.70%) | loss: 4.150174 | lrm: 0.83 | dt: 645.93ms | tok/sec: 83,229 | bf16_mfu: 0.00 | epoch: 1 pq: 1 rg: 74 | total time: 17.55m | eta: 20.1m
step 01782/03814 (46.72%) | loss: 4.130642 | lrm: 0.83 | dt: 590.38ms | tok/sec: 91,059 | bf16_mfu: 0.00 | epoch: 1 pq: 1 rg: 74 | total time: 17.56m | eta: 20.1m
step 01783/03814 (46.75%) | loss: 4.132108 | lrm: 0.83 | dt: 691.24ms | tok/sec: 77,773 | bf16_mfu: 0.00 | epoch: 1 pq: 1 rg: 74 | total time: 17.57m | eta: 20.1m
step 01784/03814 (46.78%) | loss: 4.141915 | lrm: 0.83 | dt: 584.62ms | tok/sec: 91,957 | bf16_mfu: 0.00 | epoch: 1 pq: 1 rg: 74 | total time: 17.58m | eta: 20.1m
step 01785/03814 (46.80%) | loss: 4.125186 | lrm: 0.83 | dt: 572.55ms | tok/sec: 93,896 | bf16_mfu: 0.00 | epoch: 1 pq: 1 rg: 74 | total time: 17.59m | eta: 20.1m
step 01786/03814 (46.83%) | loss: 4.119394 | lrm: 0.83 | dt: 584.16ms | tok/sec: 92,029 | bf16_mfu: 0.00 | epoch: 1 pq: 1 rg: 74 | total time: 17.60m | eta: 20.1m
step 01787/03814 (46.85%) | loss: 4.094422 | lrm: 0.83 | dt: 587.10ms | tok/sec: 91,568 | bf16_mfu: 0.00 | epoch: 1 pq: 1 rg: 74 | total time: 17.61m | eta: 20.1m
step 01788/03814 (46.88%) | loss: 4.097028 | lrm: 0.83 | dt: 586.70ms | tok/sec: 91,630 | bf16_mfu: 0.00 | epoch: 1 pq: 1 rg: 74 | total time: 17.62m | eta: 20.1m
step 01789/03814 (46.91%) | loss: 4.112880 | lrm: 0.83 | dt: 620.07ms | tok/sec: 86,699 | bf16_mfu: 0.00 | epoch: 1 pq: 1 rg: 75 | total time: 17.63m | eta: 20.1m
step 01790/03814 (46.93%) | loss: 4.111216 | lrm: 0.83 | dt: 575.46ms | tok/sec: 93,420 | bf16_mfu: 0.00 | epoch: 1 pq: 1 rg: 75 | total time: 17.64m | eta: 20.1m
step 01791/03814 (46.96%) | loss: 4.108998 | lrm: 0.83 | dt: 586.52ms | tok/sec: 91,658 | bf16_mfu: 0.00 | epoch: 1 pq: 1 rg: 75 | total time: 17.65m | eta: 20.0m
step 01792/03814 (46.98%) | loss: 4.130485 | lrm: 0.82 | dt: 586.38ms | tok/sec: 91,681 | bf16_mfu: 0.00 | epoch: 1 pq: 1 rg: 75 | total time: 17.66m | eta: 20.0m
step 01793/03814 (47.01%) | loss: 4.123513 | lrm: 0.82 | dt: 585.31ms | tok/sec: 91,848 | bf16_mfu: 0.00 | epoch: 1 pq: 1 rg: 75 | total time: 17.67m | eta: 20.0m
step 01794/03814 (47.04%) | loss: 4.114429 | lrm: 0.82 | dt: 588.50ms | tok/sec: 91,350 | bf16_mfu: 0.00 | epoch: 1 pq: 1 rg: 75 | total time: 17.68m | eta: 20.0m
step 01795/03814 (47.06%) | loss: 4.109856 | lrm: 0.82 | dt: 585.05ms | tok/sec: 91,890 | bf16_mfu: 0.00 | epoch: 1 pq: 1 rg: 75 | total time: 17.69m | eta: 20.0m
step 01796/03814 (47.09%) | loss: 4.103060 | lrm: 0.82 | dt: 589.35ms | tok/sec: 91,218 | bf16_mfu: 0.00 | epoch: 1 pq: 1 rg: 75 | total time: 17.70m | eta: 20.0m
step 01797/03814 (47.12%) | loss: 4.109454 | lrm: 0.82 | dt: 586.72ms | tok/sec: 91,627 | bf16_mfu: 0.00 | epoch: 1 pq: 1 rg: 75 | total time: 17.71m | eta: 20.0m
step 01798/03814 (47.14%) | loss: 4.100552 | lrm: 0.82 | dt: 618.15ms | tok/sec: 86,969 | bf16_mfu: 0.00 | epoch: 1 pq: 1 rg: 75 | total time: 17.72m | eta: 20.0m
step 01799/03814 (47.17%) | loss: 4.107127 | lrm: 0.82 | dt: 638.24ms | tok/sec: 84,231 | bf16_mfu: 0.00 | epoch: 1 pq: 1 rg: 76 | total time: 17.73m | eta: 20.0m
step 01800/03814 (47.19%) | loss: 4.124097 | lrm: 0.82 | dt: 588.60ms | tok/sec: 91,335 | bf16_mfu: 0.00 | epoch: 1 pq: 1 rg: 76 | total time: 17.74m | eta: 20.0m
step 01801/03814 (47.22%) | loss: 4.108120 | lrm: 0.82 | dt: 585.82ms | tok/sec: 91,768 | bf16_mfu: 0.00 | epoch: 1 pq: 1 rg: 76 | total time: 17.75m | eta: 19.9m
step 01802/03814 (47.25%) | loss: 4.085539 | lrm: 0.82 | dt: 587.32ms | tok/sec: 91,534 | bf16_mfu: 0.00 | epoch: 1 pq: 1 rg: 76 | total time: 17.76m | eta: 19.9m
step 01803/03814 (47.27%) | loss: 4.092865 | lrm: 0.82 | dt: 605.92ms | tok/sec: 88,724 | bf16_mfu: 0.00 | epoch: 1 pq: 1 rg: 76 | total time: 17.77m | eta: 19.9m
step 01804/03814 (47.30%) | loss: 4.091074 | lrm: 0.82 | dt: 588.68ms | tok/sec: 91,323 | bf16_mfu: 0.00 | epoch: 1 pq: 1 rg: 76 | total time: 17.78m | eta: 19.9m
step 01805/03814 (47.33%) | loss: 4.088299 | lrm: 0.82 | dt: 583.13ms | tok/sec: 92,191 | bf16_mfu: 0.00 | epoch: 1 pq: 1 rg: 76 | total time: 17.79m | eta: 19.9m
step 01806/03814 (47.35%) | loss: 4.090156 | lrm: 0.82 | dt: 578.36ms | tok/sec: 92,952 | bf16_mfu: 0.00 | epoch: 1 pq: 1 rg: 76 | total time: 17.80m | eta: 19.9m
step 01807/03814 (47.38%) | loss: 4.080790 | lrm: 0.82 | dt: 578.09ms | tok/sec: 92,995 | bf16_mfu: 0.00 | epoch: 1 pq: 1 rg: 76 | total time: 17.81m | eta: 19.9m
step 01808/03814 (47.40%) | loss: 4.062293 | lrm: 0.82 | dt: 586.19ms | tok/sec: 91,710 | bf16_mfu: 0.00 | epoch: 1 pq: 1 rg: 76 | total time: 17.82m | eta: 19.9m
step 01809/03814 (47.43%) | loss: 4.065796 | lrm: 0.82 | dt: 585.08ms | tok/sec: 91,884 | bf16_mfu: 0.00 | epoch: 1 pq: 1 rg: 77 | total time: 17.83m | eta: 19.9m
step 01810/03814 (47.46%) | loss: 4.070673 | lrm: 0.82 | dt: 577.08ms | tok/sec: 93,159 | bf16_mfu: 0.00 | epoch: 1 pq: 1 rg: 77 | total time: 17.84m | eta: 19.9m
step 01811/03814 (47.48%) | loss: 4.084506 | lrm: 0.82 | dt: 626.08ms | tok/sec: 85,867 | bf16_mfu: 0.00 | epoch: 1 pq: 1 rg: 77 | total time: 17.85m | eta: 19.8m
step 01812/03814 (47.51%) | loss: 4.083584 | lrm: 0.82 | dt: 582.53ms | tok/sec: 92,286 | bf16_mfu: 0.00 | epoch: 1 pq: 1 rg: 77 | total time: 17.86m | eta: 19.8m
step 01813/03814 (47.54%) | loss: 4.077504 | lrm: 0.82 | dt: 587.13ms | tok/sec: 91,564 | bf16_mfu: 0.00 | epoch: 1 pq: 1 rg: 77 | total time: 17.87m | eta: 19.8m
step 01814/03814 (47.56%) | loss: 4.064186 | lrm: 0.82 | dt: 586.22ms | tok/sec: 91,705 | bf16_mfu: 0.00 | epoch: 1 pq: 1 rg: 77 | total time: 17.88m | eta: 19.8m
step 01815/03814 (47.59%) | loss: 4.066947 | lrm: 0.82 | dt: 596.88ms | tok/sec: 90,068 | bf16_mfu: 0.00 | epoch: 1 pq: 1 rg: 77 | total time: 17.89m | eta: 19.8m
step 01816/03814 (47.61%) | loss: 4.078973 | lrm: 0.82 | dt: 657.90ms | tok/sec: 81,714 | bf16_mfu: 0.00 | epoch: 1 pq: 1 rg: 77 | total time: 17.90m | eta: 19.8m
step 01817/03814 (47.64%) | loss: 4.078252 | lrm: 0.82 | dt: 587.34ms | tok/sec: 91,532 | bf16_mfu: 0.00 | epoch: 1 pq: 1 rg: 77 | total time: 17.91m | eta: 19.8m
step 01818/03814 (47.67%) | loss: 4.077811 | lrm: 0.81 | dt: 589.85ms | tok/sec: 91,142 | bf16_mfu: 0.00 | epoch: 1 pq: 2 rg: 0 | total time: 17.92m | eta: 19.8m
step 01819/03814 (47.69%) | loss: 4.083244 | lrm: 0.81 | dt: 582.79ms | tok/sec: 92,245 | bf16_mfu: 0.00 | epoch: 1 pq: 2 rg: 0 | total time: 17.93m | eta: 19.8m
step 01820/03814 (47.72%) | loss: 4.074564 | lrm: 0.81 | dt: 574.32ms | tok/sec: 93,606 | bf16_mfu: 0.00 | epoch: 1 pq: 2 rg: 0 | total time: 17.94m | eta: 19.8m
step 01821/03814 (47.75%) | loss: 4.098688 | lrm: 0.81 | dt: 649.99ms | tok/sec: 82,708 | bf16_mfu: 0.00 | epoch: 1 pq: 2 rg: 0 | total time: 17.95m | eta: 19.7m
step 01822/03814 (47.77%) | loss: 4.087300 | lrm: 0.81 | dt: 689.63ms | tok/sec: 77,954 | bf16_mfu: 0.00 | epoch: 1 pq: 2 rg: 0 | total time: 17.96m | eta: 19.7m
step 01823/03814 (47.80%) | loss: 4.073039 | lrm: 0.81 | dt: 579.76ms | tok/sec: 92,727 | bf16_mfu: 0.00 | epoch: 1 pq: 2 rg: 0 | total time: 17.97m | eta: 19.7m
step 01824/03814 (47.82%) | loss: 4.061830 | lrm: 0.81 | dt: 581.95ms | tok/sec: 92,378 | bf16_mfu: 0.00 | epoch: 1 pq: 2 rg: 0 | total time: 17.98m | eta: 19.7m
step 01825/03814 (47.85%) | loss: 4.074149 | lrm: 0.81 | dt: 576.48ms | tok/sec: 93,255 | bf16_mfu: 0.00 | epoch: 1 pq: 2 rg: 0 | total time: 17.99m | eta: 19.7m
step 01826/03814 (47.88%) | loss: 4.084478 | lrm: 0.81 | dt: 580.89ms | tok/sec: 92,548 | bf16_mfu: 0.00 | epoch: 1 pq: 2 rg: 0 | total time: 18.00m | eta: 19.7m
step 01827/03814 (47.90%) | loss: 4.085766 | lrm: 0.81 | dt: 584.71ms | tok/sec: 91,942 | bf16_mfu: 0.00 | epoch: 1 pq: 2 rg: 0 | total time: 18.01m | eta: 19.7m
step 01828/03814 (47.93%) | loss: 4.075568 | lrm: 0.81 | dt: 587.39ms | tok/sec: 91,524 | bf16_mfu: 0.00 | epoch: 1 pq: 2 rg: 0 | total time: 18.02m | eta: 19.7m
step 01829/03814 (47.95%) | loss: 4.078214 | lrm: 0.81 | dt: 687.58ms | tok/sec: 78,187 | bf16_mfu: 0.00 | epoch: 1 pq: 2 rg: 1 | total time: 18.03m | eta: 19.7m
step 01830/03814 (47.98%) | loss: 4.091022 | lrm: 0.81 | dt: 747.76ms | tok/sec: 71,894 | bf16_mfu: 0.00 | epoch: 1 pq: 2 rg: 1 | total time: 18.04m | eta: 19.7m
step 01831/03814 (48.01%) | loss: 4.113625 | lrm: 0.81 | dt: 575.82ms | tok/sec: 93,362 | bf16_mfu: 0.00 | epoch: 1 pq: 2 rg: 1 | total time: 18.05m | eta: 19.7m
step 01832/03814 (48.03%) | loss: 4.108142 | lrm: 0.81 | dt: 637.65ms | tok/sec: 84,309 | bf16_mfu: 0.00 | epoch: 1 pq: 2 rg: 1 | total time: 18.06m | eta: 19.6m
step 01833/03814 (48.06%) | loss: 4.095768 | lrm: 0.81 | dt: 589.10ms | tok/sec: 91,257 | bf16_mfu: 0.00 | epoch: 1 pq: 2 rg: 1 | total time: 18.07m | eta: 19.6m
step 01834/03814 (48.09%) | loss: 4.116282 | lrm: 0.81 | dt: 585.95ms | tok/sec: 91,748 | bf16_mfu: 0.00 | epoch: 1 pq: 2 rg: 1 | total time: 18.08m | eta: 19.6m
step 01835/03814 (48.11%) | loss: 4.128687 | lrm: 0.81 | dt: 606.27ms | tok/sec: 88,673 | bf16_mfu: 0.00 | epoch: 1 pq: 2 rg: 1 | total time: 18.09m | eta: 19.6m
step 01836/03814 (48.14%) | loss: 4.112737 | lrm: 0.81 | dt: 588.43ms | tok/sec: 91,361 | bf16_mfu: 0.00 | epoch: 1 pq: 2 rg: 1 | total time: 18.10m | eta: 19.6m
step 01837/03814 (48.16%) | loss: 4.094857 | lrm: 0.81 | dt: 613.19ms | tok/sec: 87,672 | bf16_mfu: 0.00 | epoch: 1 pq: 2 rg: 1 | total time: 18.11m | eta: 19.6m
step 01838/03814 (48.19%) | loss: 4.085972 | lrm: 0.81 | dt: 580.33ms | tok/sec: 92,636 | bf16_mfu: 0.00 | epoch: 1 pq: 2 rg: 1 | total time: 18.12m | eta: 19.6m
step 01839/03814 (48.22%) | loss: 4.091709 | lrm: 0.81 | dt: 759.00ms | tok/sec: 70,829 | bf16_mfu: 0.00 | epoch: 1 pq: 2 rg: 2 | total time: 18.13m | eta: 19.6m
step 01840/03814 (48.24%) | loss: 4.097206 | lrm: 0.81 | dt: 579.45ms | tok/sec: 92,776 | bf16_mfu: 0.00 | epoch: 1 pq: 2 rg: 2 | total time: 18.14m | eta: 19.6m
step 01841/03814 (48.27%) | loss: 4.113146 | lrm: 0.81 | dt: 585.81ms | tok/sec: 91,769 | bf16_mfu: 0.00 | epoch: 1 pq: 2 rg: 2 | total time: 18.15m | eta: 19.6m
step 01842/03814 (48.30%) | loss: 4.106508 | lrm: 0.81 | dt: 585.33ms | tok/sec: 91,845 | bf16_mfu: 0.00 | epoch: 1 pq: 2 rg: 2 | total time: 18.16m | eta: 19.5m
step 01843/03814 (48.32%) | loss: 4.094986 | lrm: 0.81 | dt: 585.80ms | tok/sec: 91,771 | bf16_mfu: 0.00 | epoch: 1 pq: 2 rg: 2 | total time: 18.17m | eta: 19.5m
step 01844/03814 (48.35%) | loss: 4.078023 | lrm: 0.80 | dt: 585.91ms | tok/sec: 91,754 | bf16_mfu: 0.00 | epoch: 1 pq: 2 rg: 2 | total time: 18.18m | eta: 19.5m
step 01845/03814 (48.37%) | loss: 4.064570 | lrm: 0.80 | dt: 579.91ms | tok/sec: 92,704 | bf16_mfu: 0.00 | epoch: 1 pq: 2 rg: 2 | total time: 18.19m | eta: 19.5m
step 01846/03814 (48.40%) | loss: 4.072454 | lrm: 0.80 | dt: 576.35ms | tok/sec: 93,277 | bf16_mfu: 0.00 | epoch: 1 pq: 2 rg: 2 | total time: 18.20m | eta: 19.5m
step 01847/03814 (48.43%) | loss: 4.101037 | lrm: 0.80 | dt: 585.54ms | tok/sec: 91,812 | bf16_mfu: 0.00 | epoch: 1 pq: 2 rg: 2 | total time: 18.21m | eta: 19.5m
step 01848/03814 (48.45%) | loss: 4.118805 | lrm: 0.80 | dt: 582.27ms | tok/sec: 92,328 | bf16_mfu: 0.00 | epoch: 1 pq: 2 rg: 3 | total time: 18.22m | eta: 19.5m
step 01849/03814 (48.48%) | loss: 4.143982 | lrm: 0.80 | dt: 578.93ms | tok/sec: 92,861 | bf16_mfu: 0.00 | epoch: 1 pq: 2 rg: 3 | total time: 18.23m | eta: 19.5m
step 01850/03814 (48.51%) | loss: 4.121256 | lrm: 0.80 | dt: 619.88ms | tok/sec: 86,726 | bf16_mfu: 0.00 | epoch: 1 pq: 2 rg: 3 | total time: 18.24m | eta: 19.5m
step 01851/03814 (48.53%) | loss: 4.087481 | lrm: 0.80 | dt: 590.80ms | tok/sec: 90,994 | bf16_mfu: 0.00 | epoch: 1 pq: 2 rg: 3 | total time: 18.25m | eta: 19.5m
step 01852/03814 (48.56%) | loss: 4.096472 | lrm: 0.80 | dt: 586.21ms | tok/sec: 91,707 | bf16_mfu: 0.00 | epoch: 1 pq: 2 rg: 3 | total time: 18.26m | eta: 19.4m
step 01853/03814 (48.58%) | loss: 4.121865 | lrm: 0.80 | dt: 583.58ms | tok/sec: 92,120 | bf16_mfu: 0.00 | epoch: 1 pq: 2 rg: 3 | total time: 18.27m | eta: 19.4m
step 01854/03814 (48.61%) | loss: 4.145186 | lrm: 0.80 | dt: 579.86ms | tok/sec: 92,712 | bf16_mfu: 0.00 | epoch: 1 pq: 2 rg: 3 | total time: 18.28m | eta: 19.4m
step 01855/03814 (48.64%) | loss: 4.137879 | lrm: 0.80 | dt: 578.27ms | tok/sec: 92,966 | bf16_mfu: 0.00 | epoch: 1 pq: 2 rg: 3 | total time: 18.29m | eta: 19.4m
step 01856/03814 (48.66%) | loss: 4.132405 | lrm: 0.80 | dt: 586.91ms | tok/sec: 91,598 | bf16_mfu: 0.00 | epoch: 1 pq: 2 rg: 3 | total time: 18.30m | eta: 19.4m
step 01857/03814 (48.69%) | loss: 4.118436 | lrm: 0.80 | dt: 586.41ms | tok/sec: 91,675 | bf16_mfu: 0.00 | epoch: 1 pq: 2 rg: 4 | total time: 18.31m | eta: 19.4m
step 01858/03814 (48.72%) | loss: 4.097644 | lrm: 0.80 | dt: 585.37ms | tok/sec: 91,839 | bf16_mfu: 0.00 | epoch: 1 pq: 2 rg: 4 | total time: 18.32m | eta: 19.4m
step 01859/03814 (48.74%) | loss: 4.079957 | lrm: 0.80 | dt: 576.36ms | tok/sec: 93,274 | bf16_mfu: 0.00 | epoch: 1 pq: 2 rg: 4 | total time: 18.33m | eta: 19.4m
step 01860/03814 (48.77%) | loss: 4.079998 | lrm: 0.80 | dt: 579.38ms | tok/sec: 92,788 | bf16_mfu: 0.00 | epoch: 1 pq: 2 rg: 4 | total time: 18.34m | eta: 19.4m
step 01861/03814 (48.79%) | loss: 4.099355 | lrm: 0.80 | dt: 586.86ms | tok/sec: 91,606 | bf16_mfu: 0.00 | epoch: 1 pq: 2 rg: 4 | total time: 18.35m | eta: 19.4m
step 01862/03814 (48.82%) | loss: 4.127214 | lrm: 0.80 | dt: 585.67ms | tok/sec: 91,792 | bf16_mfu: 0.00 | epoch: 1 pq: 2 rg: 4 | total time: 18.36m | eta: 19.3m
step 01863/03814 (48.85%) | loss: 4.149253 | lrm: 0.80 | dt: 576.33ms | tok/sec: 93,280 | bf16_mfu: 0.00 | epoch: 1 pq: 2 rg: 4 | total time: 18.37m | eta: 19.3m
step 01864/03814 (48.87%) | loss: 4.125670 | lrm: 0.80 | dt: 616.45ms | tok/sec: 87,209 | bf16_mfu: 0.00 | epoch: 1 pq: 2 rg: 4 | total time: 18.38m | eta: 19.3m
step 01865/03814 (48.90%) | loss: 4.128004 | lrm: 0.80 | dt: 669.70ms | tok/sec: 80,274 | bf16_mfu: 0.00 | epoch: 1 pq: 2 rg: 4 | total time: 18.39m | eta: 19.3m
step 01866/03814 (48.93%) | loss: 4.103291 | lrm: 0.80 | dt: 584.17ms | tok/sec: 92,028 | bf16_mfu: 0.00 | epoch: 1 pq: 2 rg: 4 | total time: 18.40m | eta: 19.3m
step 01867/03814 (48.95%) | loss: 4.092274 | lrm: 0.80 | dt: 575.02ms | tok/sec: 93,492 | bf16_mfu: 0.00 | epoch: 1 pq: 2 rg: 5 | total time: 18.41m | eta: 19.3m
step 01868/03814 (48.98%) | loss: 4.119744 | lrm: 0.80 | dt: 578.39ms | tok/sec: 92,948 | bf16_mfu: 0.00 | epoch: 1 pq: 2 rg: 5 | total time: 18.42m | eta: 19.3m
step 01869/03814 (49.00%) | loss: 4.120128 | lrm: 0.80 | dt: 619.83ms | tok/sec: 86,733 | bf16_mfu: 0.00 | epoch: 1 pq: 2 rg: 5 | total time: 18.43m | eta: 19.3m
step 01870/03814 (49.03%) | loss: 4.159376 | lrm: 0.79 | dt: 587.56ms | tok/sec: 91,497 | bf16_mfu: 0.00 | epoch: 1 pq: 2 rg: 5 | total time: 18.44m | eta: 19.3m
step 01871/03814 (49.06%) | loss: 4.177611 | lrm: 0.79 | dt: 579.80ms | tok/sec: 92,721 | bf16_mfu: 0.00 | epoch: 1 pq: 2 rg: 5 | total time: 18.45m | eta: 19.3m
step 01872/03814 (49.08%) | loss: 4.173837 | lrm: 0.79 | dt: 730.77ms | tok/sec: 73,566 | bf16_mfu: 0.00 | epoch: 1 pq: 2 rg: 5 | total time: 18.46m | eta: 19.3m
step 01873/03814 (49.11%) | loss: 4.141398 | lrm: 0.79 | dt: 576.86ms | tok/sec: 93,194 | bf16_mfu: 0.00 | epoch: 1 pq: 2 rg: 5 | total time: 18.47m | eta: 19.2m
step 01874/03814 (49.13%) | loss: 4.129064 | lrm: 0.79 | dt: 605.21ms | tok/sec: 88,829 | bf16_mfu: 0.00 | epoch: 1 pq: 2 rg: 5 | total time: 18.48m | eta: 19.2m
step 01875/03814 (49.16%) | loss: 4.143682 | lrm: 0.79 | dt: 578.23ms | tok/sec: 92,974 | bf16_mfu: 0.00 | epoch: 1 pq: 2 rg: 5 | total time: 18.49m | eta: 19.2m
step 01876/03814 (49.19%) | loss: 4.150962 | lrm: 0.79 | dt: 578.96ms | tok/sec: 92,856 | bf16_mfu: 0.00 | epoch: 1 pq: 2 rg: 6 | total time: 18.50m | eta: 19.2m
step 01877/03814 (49.21%) | loss: 4.137322 | lrm: 0.79 | dt: 583.81ms | tok/sec: 92,084 | bf16_mfu: 0.00 | epoch: 1 pq: 2 rg: 6 | total time: 18.51m | eta: 19.2m
step 01878/03814 (49.24%) | loss: 4.132919 | lrm: 0.79 | dt: 577.00ms | tok/sec: 93,171 | bf16_mfu: 0.00 | epoch: 1 pq: 2 rg: 6 | total time: 18.52m | eta: 19.2m
step 01879/03814 (49.27%) | loss: 4.107424 | lrm: 0.79 | dt: 582.29ms | tok/sec: 92,324 | bf16_mfu: 0.00 | epoch: 1 pq: 2 rg: 6 | total time: 18.53m | eta: 19.2m
step 01880/03814 (49.29%) | loss: 4.100124 | lrm: 0.79 | dt: 583.88ms | tok/sec: 92,074 | bf16_mfu: 0.00 | epoch: 1 pq: 2 rg: 6 | total time: 18.54m | eta: 19.2m
step 01881/03814 (49.32%) | loss: 4.122643 | lrm: 0.79 | dt: 669.78ms | tok/sec: 80,265 | bf16_mfu: 0.00 | epoch: 1 pq: 2 rg: 6 | total time: 18.55m | eta: 19.2m
step 01882/03814 (49.34%) | loss: 4.144081 | lrm: 0.79 | dt: 573.04ms | tok/sec: 93,814 | bf16_mfu: 0.00 | epoch: 1 pq: 2 rg: 6 | total time: 18.56m | eta: 19.2m
step 01883/03814 (49.37%) | loss: 4.126785 | lrm: 0.79 | dt: 584.52ms | tok/sec: 91,972 | bf16_mfu: 0.00 | epoch: 1 pq: 2 rg: 6 | total time: 18.57m | eta: 19.1m
step 01884/03814 (49.40%) | loss: 4.110653 | lrm: 0.79 | dt: 586.58ms | tok/sec: 91,649 | bf16_mfu: 0.00 | epoch: 1 pq: 2 rg: 6 | total time: 18.58m | eta: 19.1m
step 01885/03814 (49.42%) | loss: 4.091633 | lrm: 0.79 | dt: 575.86ms | tok/sec: 93,356 | bf16_mfu: 0.00 | epoch: 1 pq: 2 rg: 7 | total time: 18.59m | eta: 19.1m
step 01886/03814 (49.45%) | loss: 4.074736 | lrm: 0.79 | dt: 580.89ms | tok/sec: 92,547 | bf16_mfu: 0.00 | epoch: 1 pq: 2 rg: 7 | total time: 18.60m | eta: 19.1m
step 01887/03814 (49.48%) | loss: 4.062735 | lrm: 0.79 | dt: 589.03ms | tok/sec: 91,268 | bf16_mfu: 0.00 | epoch: 1 pq: 2 rg: 7 | total time: 18.61m | eta: 19.1m
step 01888/03814 (49.50%) | loss: 4.066392 | lrm: 0.79 | dt: 586.56ms | tok/sec: 91,653 | bf16_mfu: 0.00 | epoch: 1 pq: 2 rg: 7 | total time: 18.61m | eta: 19.1m
step 01889/03814 (49.53%) | loss: 4.067725 | lrm: 0.79 | dt: 587.21ms | tok/sec: 91,551 | bf16_mfu: 0.00 | epoch: 1 pq: 2 rg: 7 | total time: 18.62m | eta: 19.1m
step 01890/03814 (49.55%) | loss: 4.089731 | lrm: 0.79 | dt: 587.06ms | tok/sec: 91,575 | bf16_mfu: 0.00 | epoch: 1 pq: 2 rg: 7 | total time: 18.63m | eta: 19.1m
step 01891/03814 (49.58%) | loss: 4.101017 | lrm: 0.79 | dt: 588.67ms | tok/sec: 91,323 | bf16_mfu: 0.00 | epoch: 1 pq: 2 rg: 7 | total time: 18.64m | eta: 19.1m
step 01892/03814 (49.61%) | loss: 4.087270 | lrm: 0.79 | dt: 585.03ms | tok/sec: 91,892 | bf16_mfu: 0.00 | epoch: 1 pq: 2 rg: 7 | total time: 18.65m | eta: 19.1m
step 01893/03814 (49.63%) | loss: 4.077605 | lrm: 0.79 | dt: 585.63ms | tok/sec: 91,798 | bf16_mfu: 0.00 | epoch: 1 pq: 2 rg: 7 | total time: 18.66m | eta: 19.0m
step 01894/03814 (49.66%) | loss: 4.054915 | lrm: 0.79 | dt: 576.99ms | tok/sec: 93,172 | bf16_mfu: 0.00 | epoch: 1 pq: 2 rg: 7 | total time: 18.67m | eta: 19.0m
step 01895/03814 (49.69%) | loss: 4.058408 | lrm: 0.79 | dt: 603.88ms | tok/sec: 89,024 | bf16_mfu: 0.00 | epoch: 1 pq: 2 rg: 8 | total time: 18.68m | eta: 19.0m
step 01896/03814 (49.71%) | loss: 4.052980 | lrm: 0.79 | dt: 591.88ms | tok/sec: 90,829 | bf16_mfu: 0.00 | epoch: 1 pq: 2 rg: 8 | total time: 18.69m | eta: 19.0m
step 01897/03814 (49.74%) | loss: 4.072761 | lrm: 0.78 | dt: 583.39ms | tok/sec: 92,151 | bf16_mfu: 0.00 | epoch: 1 pq: 2 rg: 8 | total time: 18.70m | eta: 19.0m
step 01898/03814 (49.76%) | loss: 4.063216 | lrm: 0.78 | dt: 586.90ms | tok/sec: 91,599 | bf16_mfu: 0.00 | epoch: 1 pq: 2 rg: 8 | total time: 18.71m | eta: 19.0m
step 01899/03814 (49.79%) | loss: 4.037998 | lrm: 0.78 | dt: 589.32ms | tok/sec: 91,224 | bf16_mfu: 0.00 | epoch: 1 pq: 2 rg: 8 | total time: 18.72m | eta: 19.0m
step 01900/03814 (49.82%) | loss: 4.012660 | lrm: 0.78 | dt: 583.85ms | tok/sec: 92,079 | bf16_mfu: 0.00 | epoch: 1 pq: 2 rg: 8 | total time: 18.73m | eta: 19.0m
step 01901/03814 (49.84%) | loss: 3.993088 | lrm: 0.78 | dt: 590.51ms | tok/sec: 91,040 | bf16_mfu: 0.00 | epoch: 1 pq: 2 rg: 8 | total time: 18.74m | eta: 19.0m
step 01902/03814 (49.87%) | loss: 3.965008 | lrm: 0.78 | dt: 582.89ms | tok/sec: 92,229 | bf16_mfu: 0.00 | epoch: 1 pq: 2 rg: 8 | total time: 18.75m | eta: 19.0m
step 01903/03814 (49.90%) | loss: 3.980342 | lrm: 0.78 | dt: 587.63ms | tok/sec: 91,485 | bf16_mfu: 0.00 | epoch: 1 pq: 2 rg: 8 | total time: 18.76m | eta: 18.9m
step 01904/03814 (49.92%) | loss: 4.019954 | lrm: 0.78 | dt: 585.83ms | tok/sec: 91,767 | bf16_mfu: 0.00 | epoch: 1 pq: 2 rg: 9 | total time: 18.77m | eta: 18.9m
step 01905/03814 (49.95%) | loss: 4.034980 | lrm: 0.78 | dt: 584.75ms | tok/sec: 91,937 | bf16_mfu: 0.00 | epoch: 1 pq: 2 rg: 9 | total time: 18.78m | eta: 18.9m
step 01906/03814 (49.97%) | loss: 4.055982 | lrm: 0.78 | dt: 728.18ms | tok/sec: 73,827 | bf16_mfu: 0.00 | epoch: 1 pq: 2 rg: 9 | total time: 18.79m | eta: 18.9m
step 01907/03814 (50.00%) | loss: 4.056647 | lrm: 0.78 | dt: 590.35ms | tok/sec: 91,065 | bf16_mfu: 0.00 | epoch: 1 pq: 2 rg: 9 | total time: 18.80m | eta: 18.9m
step 01908/03814 (50.03%) | loss: 4.043783 | lrm: 0.78 | dt: 585.67ms | tok/sec: 91,792 | bf16_mfu: 0.00 | epoch: 1 pq: 2 rg: 9 | total time: 18.81m | eta: 18.9m
step 01909/03814 (50.05%) | loss: 4.023891 | lrm: 0.78 | dt: 590.20ms | tok/sec: 91,087 | bf16_mfu: 0.00 | epoch: 1 pq: 2 rg: 9 | total time: 18.82m | eta: 18.9m
step 01910/03814 (50.08%) | loss: 4.009527 | lrm: 0.78 | dt: 585.72ms | tok/sec: 91,784 | bf16_mfu: 0.00 | epoch: 1 pq: 2 rg: 9 | total time: 18.83m | eta: 18.9m
step 01911/03814 (50.10%) | loss: 4.026501 | lrm: 0.78 | dt: 585.28ms | tok/sec: 91,853 | bf16_mfu: 0.00 | epoch: 1 pq: 2 rg: 9 | total time: 18.84m | eta: 18.9m
step 01912/03814 (50.13%) | loss: 4.059845 | lrm: 0.78 | dt: 588.56ms | tok/sec: 91,341 | bf16_mfu: 0.00 | epoch: 1 pq: 2 rg: 9 | total time: 18.85m | eta: 18.9m
step 01913/03814 (50.16%) | loss: 4.080430 | lrm: 0.78 | dt: 586.07ms | tok/sec: 91,730 | bf16_mfu: 0.00 | epoch: 1 pq: 2 rg: 10 | total time: 18.86m | eta: 18.8m
step 01914/03814 (50.18%) | loss: 4.063037 | lrm: 0.78 | dt: 618.68ms | tok/sec: 86,894 | bf16_mfu: 0.00 | epoch: 1 pq: 2 rg: 10 | total time: 18.87m | eta: 18.8m
step 01915/03814 (50.21%) | loss: 4.036779 | lrm: 0.78 | dt: 575.59ms | tok/sec: 93,399 | bf16_mfu: 0.00 | epoch: 1 pq: 2 rg: 10 | total time: 18.88m | eta: 18.8m
step 01916/03814 (50.24%) | loss: 4.035017 | lrm: 0.78 | dt: 586.95ms | tok/sec: 91,591 | bf16_mfu: 0.00 | epoch: 1 pq: 2 rg: 10 | total time: 18.89m | eta: 18.8m
step 01917/03814 (50.26%) | loss: 4.055008 | lrm: 0.78 | dt: 584.69ms | tok/sec: 91,946 | bf16_mfu: 0.00 | epoch: 1 pq: 2 rg: 10 | total time: 18.90m | eta: 18.8m
step 01918/03814 (50.29%) | loss: 4.043151 | lrm: 0.78 | dt: 585.08ms | tok/sec: 91,885 | bf16_mfu: 0.00 | epoch: 1 pq: 2 rg: 10 | total time: 18.91m | eta: 18.8m
step 01919/03814 (50.31%) | loss: 4.047437 | lrm: 0.78 | dt: 599.73ms | tok/sec: 89,639 | bf16_mfu: 0.00 | epoch: 1 pq: 2 rg: 10 | total time: 18.92m | eta: 18.8m
step 01920/03814 (50.34%) | loss: 4.044883 | lrm: 0.78 | dt: 576.96ms | tok/sec: 93,178 | bf16_mfu: 0.00 | epoch: 1 pq: 2 rg: 10 | total time: 18.93m | eta: 18.8m
step 01921/03814 (50.37%) | loss: 4.019802 | lrm: 0.78 | dt: 587.25ms | tok/sec: 91,544 | bf16_mfu: 0.00 | epoch: 1 pq: 2 rg: 10 | total time: 18.94m | eta: 18.8m
step 01922/03814 (50.39%) | loss: 4.012922 | lrm: 0.78 | dt: 586.99ms | tok/sec: 91,585 | bf16_mfu: 0.00 | epoch: 1 pq: 2 rg: 10 | total time: 18.95m | eta: 18.8m
step 01923/03814 (50.42%) | loss: 4.022938 | lrm: 0.77 | dt: 688.14ms | tok/sec: 78,123 | bf16_mfu: 0.00 | epoch: 1 pq: 2 rg: 11 | total time: 18.96m | eta: 18.7m
step 01924/03814 (50.45%) | loss: 4.039861 | lrm: 0.77 | dt: 587.88ms | tok/sec: 91,447 | bf16_mfu: 0.00 | epoch: 1 pq: 2 rg: 11 | total time: 18.97m | eta: 18.7m
step 01925/03814 (50.47%) | loss: 4.056679 | lrm: 0.77 | dt: 586.45ms | tok/sec: 91,670 | bf16_mfu: 0.00 | epoch: 1 pq: 2 rg: 11 | total time: 18.98m | eta: 18.7m
step 01926/03814 (50.50%) | loss: 4.044781 | lrm: 0.77 | dt: 589.20ms | tok/sec: 91,243 | bf16_mfu: 0.00 | epoch: 1 pq: 2 rg: 11 | total time: 18.99m | eta: 18.7m
step 01927/03814 (50.52%) | loss: 4.024753 | lrm: 0.77 | dt: 587.38ms | tok/sec: 91,525 | bf16_mfu: 0.00 | epoch: 1 pq: 2 rg: 11 | total time: 19.00m | eta: 18.7m
step 01928/03814 (50.55%) | loss: 4.006554 | lrm: 0.77 | dt: 585.21ms | tok/sec: 91,864 | bf16_mfu: 0.00 | epoch: 1 pq: 2 rg: 11 | total time: 19.01m | eta: 18.7m
step 01929/03814 (50.58%) | loss: 4.000311 | lrm: 0.77 | dt: 588.55ms | tok/sec: 91,342 | bf16_mfu: 0.00 | epoch: 1 pq: 2 rg: 11 | total time: 19.02m | eta: 18.7m
step 01930/03814 (50.60%) | loss: 4.020711 | lrm: 0.77 | dt: 582.52ms | tok/sec: 92,288 | bf16_mfu: 0.00 | epoch: 1 pq: 2 rg: 11 | total time: 19.03m | eta: 18.7m
step 01931/03814 (50.63%) | loss: 4.045057 | lrm: 0.77 | dt: 587.26ms | tok/sec: 91,543 | bf16_mfu: 0.00 | epoch: 1 pq: 2 rg: 11 | total time: 19.04m | eta: 18.7m
step 01932/03814 (50.66%) | loss: 4.037392 | lrm: 0.77 | dt: 857.69ms | tok/sec: 62,679 | bf16_mfu: 0.00 | epoch: 1 pq: 2 rg: 12 | total time: 19.05m | eta: 18.7m
step 01933/03814 (50.68%) | loss: 4.035414 | lrm: 0.77 | dt: 579.41ms | tok/sec: 92,784 | bf16_mfu: 0.00 | epoch: 1 pq: 2 rg: 12 | total time: 19.06m | eta: 18.6m
step 01934/03814 (50.71%) | loss: 4.016438 | lrm: 0.77 | dt: 584.97ms | tok/sec: 91,901 | bf16_mfu: 0.00 | epoch: 1 pq: 2 rg: 12 | total time: 19.07m | eta: 18.6m
step 01935/03814 (50.73%) | loss: 4.004370 | lrm: 0.77 | dt: 585.40ms | tok/sec: 91,835 | bf16_mfu: 0.00 | epoch: 1 pq: 2 rg: 12 | total time: 19.08m | eta: 18.6m
step 01936/03814 (50.76%) | loss: 4.012997 | lrm: 0.77 | dt: 587.28ms | tok/sec: 91,541 | bf16_mfu: 0.00 | epoch: 1 pq: 2 rg: 12 | total time: 19.09m | eta: 18.6m
step 01937/03814 (50.79%) | loss: 4.037219 | lrm: 0.77 | dt: 585.28ms | tok/sec: 91,853 | bf16_mfu: 0.00 | epoch: 1 pq: 2 rg: 12 | total time: 19.10m | eta: 18.6m
step 01938/03814 (50.81%) | loss: 4.023150 | lrm: 0.77 | dt: 583.55ms | tok/sec: 92,126 | bf16_mfu: 0.00 | epoch: 1 pq: 2 rg: 12 | total time: 19.11m | eta: 18.6m
step 01939/03814 (50.84%) | loss: 4.002442 | lrm: 0.77 | dt: 578.98ms | tok/sec: 92,853 | bf16_mfu: 0.00 | epoch: 1 pq: 2 rg: 12 | total time: 19.12m | eta: 18.6m
step 01940/03814 (50.87%) | loss: 3.979860 | lrm: 0.77 | dt: 585.33ms | tok/sec: 91,845 | bf16_mfu: 0.00 | epoch: 1 pq: 2 rg: 12 | total time: 19.13m | eta: 18.6m
step 01941/03814 (50.89%) | loss: 3.987579 | lrm: 0.77 | dt: 604.63ms | tok/sec: 88,914 | bf16_mfu: 0.00 | epoch: 1 pq: 2 rg: 12 | total time: 19.14m | eta: 18.6m
step 01942/03814 (50.92%) | loss: 3.994915 | lrm: 0.77 | dt: 589.34ms | tok/sec: 91,221 | bf16_mfu: 0.00 | epoch: 1 pq: 2 rg: 13 | total time: 19.15m | eta: 18.6m
step 01943/03814 (50.94%) | loss: 4.011041 | lrm: 0.77 | dt: 585.71ms | tok/sec: 91,786 | bf16_mfu: 0.00 | epoch: 1 pq: 2 rg: 13 | total time: 19.16m | eta: 18.5m
step 01944/03814 (50.97%) | loss: 4.030003 | lrm: 0.77 | dt: 587.13ms | tok/sec: 91,563 | bf16_mfu: 0.00 | epoch: 1 pq: 2 rg: 13 | total time: 19.17m | eta: 18.5m
step 01945/03814 (51.00%) | loss: 4.001253 | lrm: 0.77 | dt: 584.51ms | tok/sec: 91,974 | bf16_mfu: 0.00 | epoch: 1 pq: 2 rg: 13 | total time: 19.18m | eta: 18.5m
step 01946/03814 (51.02%) | loss: 3.980072 | lrm: 0.77 | dt: 586.87ms | tok/sec: 91,605 | bf16_mfu: 0.00 | epoch: 1 pq: 2 rg: 13 | total time: 19.19m | eta: 18.5m
step 01947/03814 (51.05%) | loss: 3.953588 | lrm: 0.77 | dt: 585.59ms | tok/sec: 91,805 | bf16_mfu: 0.00 | epoch: 1 pq: 2 rg: 13 | total time: 19.20m | eta: 18.5m
step 01948/03814 (51.07%) | loss: 3.955910 | lrm: 0.77 | dt: 571.85ms | tok/sec: 94,010 | bf16_mfu: 0.00 | epoch: 1 pq: 2 rg: 13 | total time: 19.21m | eta: 18.5m
step 01949/03814 (51.10%) | loss: 3.956799 | lrm: 0.76 | dt: 587.90ms | tok/sec: 91,443 | bf16_mfu: 0.00 | epoch: 1 pq: 2 rg: 13 | total time: 19.22m | eta: 18.5m
step 01950/03814 (51.13%) | loss: 3.983889 | lrm: 0.76 | dt: 688.78ms | tok/sec: 78,051 | bf16_mfu: 0.00 | epoch: 1 pq: 2 rg: 13 | total time: 19.23m | eta: 18.5m
step 01951/03814 (51.15%) | loss: 4.005059 | lrm: 0.76 | dt: 667.85ms | tok/sec: 80,497 | bf16_mfu: 0.00 | epoch: 1 pq: 2 rg: 14 | total time: 19.24m | eta: 18.5m
step 01952/03814 (51.18%) | loss: 3.990385 | lrm: 0.76 | dt: 586.84ms | tok/sec: 91,609 | bf16_mfu: 0.00 | epoch: 1 pq: 2 rg: 14 | total time: 19.25m | eta: 18.5m
step 01953/03814 (51.21%) | loss: 3.979617 | lrm: 0.76 | dt: 586.23ms | tok/sec: 91,704 | bf16_mfu: 0.00 | epoch: 1 pq: 2 rg: 14 | total time: 19.26m | eta: 18.4m
step 01954/03814 (51.23%) | loss: 3.983630 | lrm: 0.76 | dt: 588.39ms | tok/sec: 91,367 | bf16_mfu: 0.00 | epoch: 1 pq: 2 rg: 14 | total time: 19.27m | eta: 18.4m
step 01955/03814 (51.26%) | loss: 4.006491 | lrm: 0.76 | dt: 641.83ms | tok/sec: 83,760 | bf16_mfu: 0.00 | epoch: 1 pq: 2 rg: 14 | total time: 19.28m | eta: 18.4m
step 01956/03814 (51.28%) | loss: 4.013038 | lrm: 0.76 | dt: 593.30ms | tok/sec: 90,612 | bf16_mfu: 0.00 | epoch: 1 pq: 2 rg: 14 | total time: 19.29m | eta: 18.4m
step 01957/03814 (51.31%) | loss: 3.997798 | lrm: 0.76 | dt: 585.26ms | tok/sec: 91,856 | bf16_mfu: 0.00 | epoch: 1 pq: 2 rg: 14 | total time: 19.30m | eta: 18.4m
step 01958/03814 (51.34%) | loss: 3.996747 | lrm: 0.76 | dt: 586.50ms | tok/sec: 91,661 | bf16_mfu: 0.00 | epoch: 1 pq: 2 rg: 14 | total time: 19.31m | eta: 18.4m
step 01959/03814 (51.36%) | loss: 3.978604 | lrm: 0.76 | dt: 588.32ms | tok/sec: 91,378 | bf16_mfu: 0.00 | epoch: 1 pq: 2 rg: 14 | total time: 19.32m | eta: 18.4m
step 01960/03814 (51.39%) | loss: 3.969433 | lrm: 0.76 | dt: 587.05ms | tok/sec: 91,576 | bf16_mfu: 0.00 | epoch: 1 pq: 2 rg: 14 | total time: 19.33m | eta: 18.4m
step 01961/03814 (51.42%) | loss: 3.978507 | lrm: 0.76 | dt: 608.78ms | tok/sec: 88,307 | bf16_mfu: 0.00 | epoch: 1 pq: 2 rg: 15 | total time: 19.34m | eta: 18.4m
step 01962/03814 (51.44%) | loss: 4.003152 | lrm: 0.76 | dt: 584.29ms | tok/sec: 92,008 | bf16_mfu: 0.00 | epoch: 1 pq: 2 rg: 15 | total time: 19.35m | eta: 18.4m
step 01963/03814 (51.47%) | loss: 4.007320 | lrm: 0.76 | dt: 590.96ms | tok/sec: 90,971 | bf16_mfu: 0.00 | epoch: 1 pq: 2 rg: 15 | total time: 19.36m | eta: 18.4m
step 01964/03814 (51.49%) | loss: 4.005513 | lrm: 0.76 | dt: 624.36ms | tok/sec: 86,104 | bf16_mfu: 0.00 | epoch: 1 pq: 2 rg: 15 | total time: 19.37m | eta: 18.3m
step 01965/03814 (51.52%) | loss: 3.996608 | lrm: 0.76 | dt: 585.07ms | tok/sec: 91,886 | bf16_mfu: 0.00 | epoch: 1 pq: 2 rg: 15 | total time: 19.38m | eta: 18.3m
step 01966/03814 (51.55%) | loss: 3.974740 | lrm: 0.76 | dt: 587.56ms | tok/sec: 91,496 | bf16_mfu: 0.00 | epoch: 1 pq: 2 rg: 15 | total time: 19.39m | eta: 18.3m
step 01967/03814 (51.57%) | loss: 3.972504 | lrm: 0.76 | dt: 709.97ms | tok/sec: 75,721 | bf16_mfu: 0.00 | epoch: 1 pq: 2 rg: 15 | total time: 19.40m | eta: 18.3m
step 01968/03814 (51.60%) | loss: 3.977239 | lrm: 0.76 | dt: 586.96ms | tok/sec: 91,590 | bf16_mfu: 0.00 | epoch: 1 pq: 2 rg: 15 | total time: 19.41m | eta: 18.3m
step 01969/03814 (51.63%) | loss: 4.006022 | lrm: 0.76 | dt: 585.98ms | tok/sec: 91,743 | bf16_mfu: 0.00 | epoch: 1 pq: 2 rg: 15 | total time: 19.42m | eta: 18.3m
step 01970/03814 (51.65%) | loss: 4.017593 | lrm: 0.76 | dt: 605.01ms | tok/sec: 88,857 | bf16_mfu: 0.00 | epoch: 1 pq: 2 rg: 16 | total time: 19.43m | eta: 18.3m
step 01971/03814 (51.68%) | loss: 4.000797 | lrm: 0.76 | dt: 587.63ms | tok/sec: 91,485 | bf16_mfu: 0.00 | epoch: 1 pq: 2 rg: 16 | total time: 19.44m | eta: 18.3m
step 01972/03814 (51.70%) | loss: 3.993141 | lrm: 0.76 | dt: 667.09ms | tok/sec: 80,588 | bf16_mfu: 0.00 | epoch: 1 pq: 2 rg: 16 | total time: 19.45m | eta: 18.3m
step 01973/03814 (51.73%) | loss: 3.987121 | lrm: 0.76 | dt: 670.08ms | tok/sec: 80,229 | bf16_mfu: 0.00 | epoch: 1 pq: 2 rg: 16 | total time: 19.47m | eta: 18.3m
step 01974/03814 (51.76%) | loss: 3.957692 | lrm: 0.76 | dt: 589.55ms | tok/sec: 91,188 | bf16_mfu: 0.00 | epoch: 1 pq: 2 rg: 16 | total time: 19.47m | eta: 18.2m
step 01975/03814 (51.78%) | loss: 3.945548 | lrm: 0.75 | dt: 586.75ms | tok/sec: 91,623 | bf16_mfu: 0.00 | epoch: 1 pq: 2 rg: 16 | total time: 19.48m | eta: 18.2m
step 01976/03814 (51.81%) | loss: 3.956849 | lrm: 0.75 | dt: 591.45ms | tok/sec: 90,894 | bf16_mfu: 0.00 | epoch: 1 pq: 2 rg: 16 | total time: 19.49m | eta: 18.2m
step 01977/03814 (51.84%) | loss: 3.964186 | lrm: 0.75 | dt: 585.36ms | tok/sec: 91,841 | bf16_mfu: 0.00 | epoch: 1 pq: 2 rg: 16 | total time: 19.50m | eta: 18.2m
step 01978/03814 (51.86%) | loss: 3.988825 | lrm: 0.75 | dt: 900.85ms | tok/sec: 59,677 | bf16_mfu: 0.00 | epoch: 1 pq: 2 rg: 16 | total time: 19.52m | eta: 18.2m
step 01979/03814 (51.89%) | loss: 3.974616 | lrm: 0.75 | dt: 838.35ms | tok/sec: 64,125 | bf16_mfu: 0.00 | epoch: 1 pq: 2 rg: 17 | total time: 19.53m | eta: 18.2m
step 01980/03814 (51.91%) | loss: 3.962810 | lrm: 0.75 | dt: 584.83ms | tok/sec: 91,924 | bf16_mfu: 0.00 | epoch: 1 pq: 2 rg: 17 | total time: 19.54m | eta: 18.2m
step 01981/03814 (51.94%) | loss: 3.957682 | lrm: 0.75 | dt: 609.17ms | tok/sec: 88,250 | bf16_mfu: 0.00 | epoch: 1 pq: 2 rg: 17 | total time: 19.55m | eta: 18.2m
step 01982/03814 (51.97%) | loss: 3.957357 | lrm: 0.75 | dt: 587.74ms | tok/sec: 91,468 | bf16_mfu: 0.00 | epoch: 1 pq: 2 rg: 17 | total time: 19.56m | eta: 18.2m
step 01983/03814 (51.99%) | loss: 3.972285 | lrm: 0.75 | dt: 586.93ms | tok/sec: 91,595 | bf16_mfu: 0.00 | epoch: 1 pq: 2 rg: 17 | total time: 19.57m | eta: 18.2m
step 01984/03814 (52.02%) | loss: 3.995103 | lrm: 0.75 | dt: 691.13ms | tok/sec: 77,786 | bf16_mfu: 0.00 | epoch: 1 pq: 2 rg: 17 | total time: 19.58m | eta: 18.2m
step 01985/03814 (52.05%) | loss: 3.981135 | lrm: 0.75 | dt: 586.94ms | tok/sec: 91,594 | bf16_mfu: 0.00 | epoch: 1 pq: 2 rg: 17 | total time: 19.59m | eta: 18.1m
step 01986/03814 (52.07%) | loss: 3.970143 | lrm: 0.75 | dt: 571.79ms | tok/sec: 94,021 | bf16_mfu: 0.00 | epoch: 1 pq: 2 rg: 17 | total time: 19.60m | eta: 18.1m
step 01987/03814 (52.10%) | loss: 3.957549 | lrm: 0.75 | dt: 589.01ms | tok/sec: 91,271 | bf16_mfu: 0.00 | epoch: 1 pq: 2 rg: 17 | total time: 19.61m | eta: 18.1m
step 01988/03814 (52.12%) | loss: 3.945925 | lrm: 0.75 | dt: 585.47ms | tok/sec: 91,823 | bf16_mfu: 0.00 | epoch: 1 pq: 2 rg: 17 | total time: 19.62m | eta: 18.1m
step 01989/03814 (52.15%) | loss: 3.954195 | lrm: 0.75 | dt: 602.04ms | tok/sec: 89,296 | bf16_mfu: 0.00 | epoch: 1 pq: 2 rg: 18 | total time: 19.63m | eta: 18.1m
step 01990/03814 (52.18%) | loss: 3.969785 | lrm: 0.75 | dt: 575.97ms | tok/sec: 93,338 | bf16_mfu: 0.00 | epoch: 1 pq: 2 rg: 18 | total time: 19.64m | eta: 18.1m
step 01991/03814 (52.20%) | loss: 3.983495 | lrm: 0.75 | dt: 586.21ms | tok/sec: 91,708 | bf16_mfu: 0.00 | epoch: 1 pq: 2 rg: 18 | total time: 19.65m | eta: 18.1m
step 01992/03814 (52.23%) | loss: 3.990747 | lrm: 0.75 | dt: 588.17ms | tok/sec: 91,402 | bf16_mfu: 0.00 | epoch: 1 pq: 2 rg: 18 | total time: 19.66m | eta: 18.1m
step 01993/03814 (52.25%) | loss: 4.000762 | lrm: 0.75 | dt: 588.81ms | tok/sec: 91,302 | bf16_mfu: 0.00 | epoch: 1 pq: 2 rg: 18 | total time: 19.67m | eta: 18.1m
step 01994/03814 (52.28%) | loss: 3.979062 | lrm: 0.75 | dt: 683.24ms | tok/sec: 78,684 | bf16_mfu: 0.00 | epoch: 1 pq: 2 rg: 18 | total time: 19.68m | eta: 18.1m
step 01995/03814 (52.31%) | loss: 3.970641 | lrm: 0.75 | dt: 576.83ms | tok/sec: 93,198 | bf16_mfu: 0.00 | epoch: 1 pq: 2 rg: 18 | total time: 19.69m | eta: 18.0m
step 01996/03814 (52.33%) | loss: 3.962474 | lrm: 0.75 | dt: 583.95ms | tok/sec: 92,062 | bf16_mfu: 0.00 | epoch: 1 pq: 2 rg: 18 | total time: 19.70m | eta: 18.0m
step 01997/03814 (52.36%) | loss: 3.968985 | lrm: 0.75 | dt: 587.53ms | tok/sec: 91,502 | bf16_mfu: 0.00 | epoch: 1 pq: 2 rg: 18 | total time: 19.71m | eta: 18.0m
step 01998/03814 (52.39%) | loss: 3.982519 | lrm: 0.75 | dt: 588.49ms | tok/sec: 91,352 | bf16_mfu: 0.00 | epoch: 1 pq: 2 rg: 19 | total time: 19.72m | eta: 18.0m
step 01999/03814 (52.41%) | loss: 4.005027 | lrm: 0.75 | dt: 586.73ms | tok/sec: 91,626 | bf16_mfu: 0.00 | epoch: 1 pq: 2 rg: 19 | total time: 19.73m | eta: 18.0m
Step 02000 | Validation bpb: 0.722327
step 02000/03814 (52.44%) | loss: 4.000833 | lrm: 0.75 | dt: 574.72ms | tok/sec: 93,541 | bf16_mfu: 0.00 | epoch: 1 pq: 2 rg: 19 | total time: 19.74m | eta: 18.0m
step 02001/03814 (52.46%) | loss: 3.997470 | lrm: 0.74 | dt: 567.96ms | tok/sec: 94,654 | bf16_mfu: 0.00 | epoch: 1 pq: 2 rg: 19 | total time: 19.75m | eta: 18.0m
step 02002/03814 (52.49%) | loss: 3.977401 | lrm: 0.74 | dt: 568.17ms | tok/sec: 94,620 | bf16_mfu: 0.00 | epoch: 1 pq: 2 rg: 19 | total time: 19.76m | eta: 18.0m
step 02003/03814 (52.52%) | loss: 3.956952 | lrm: 0.74 | dt: 572.50ms | tok/sec: 93,904 | bf16_mfu: 0.00 | epoch: 1 pq: 2 rg: 19 | total time: 19.77m | eta: 18.0m
step 02004/03814 (52.54%) | loss: 3.958827 | lrm: 0.74 | dt: 578.35ms | tok/sec: 92,954 | bf16_mfu: 0.00 | epoch: 1 pq: 2 rg: 19 | total time: 19.78m | eta: 18.0m
step 02005/03814 (52.57%) | loss: 4.002214 | lrm: 0.74 | dt: 567.75ms | tok/sec: 94,689 | bf16_mfu: 0.00 | epoch: 1 pq: 2 rg: 19 | total time: 19.79m | eta: 17.9m
step 02006/03814 (52.60%) | loss: 4.009653 | lrm: 0.74 | dt: 572.17ms | tok/sec: 93,958 | bf16_mfu: 0.00 | epoch: 1 pq: 2 rg: 19 | total time: 19.80m | eta: 17.9m
step 02007/03814 (52.62%) | loss: 3.994165 | lrm: 0.74 | dt: 580.84ms | tok/sec: 92,556 | bf16_mfu: 0.00 | epoch: 1 pq: 2 rg: 20 | total time: 19.81m | eta: 17.9m
step 02008/03814 (52.65%) | loss: 3.974683 | lrm: 0.74 | dt: 580.47ms | tok/sec: 92,614 | bf16_mfu: 0.00 | epoch: 1 pq: 2 rg: 20 | total time: 19.82m | eta: 17.9m
step 02009/03814 (52.67%) | loss: 3.964873 | lrm: 0.74 | dt: 574.88ms | tok/sec: 93,514 | bf16_mfu: 0.00 | epoch: 1 pq: 2 rg: 20 | total time: 19.83m | eta: 17.9m
step 02010/03814 (52.70%) | loss: 3.997460 | lrm: 0.74 | dt: 581.06ms | tok/sec: 92,520 | bf16_mfu: 0.00 | epoch: 1 pq: 2 rg: 20 | total time: 19.84m | eta: 17.9m
step 02011/03814 (52.73%) | loss: 4.009012 | lrm: 0.74 | dt: 573.31ms | tok/sec: 93,770 | bf16_mfu: 0.00 | epoch: 1 pq: 2 rg: 20 | total time: 19.85m | eta: 17.9m
step 02012/03814 (52.75%) | loss: 4.027133 | lrm: 0.74 | dt: 588.63ms | tok/sec: 91,330 | bf16_mfu: 0.00 | epoch: 1 pq: 2 rg: 20 | total time: 19.86m | eta: 17.9m
step 02013/03814 (52.78%) | loss: 4.009408 | lrm: 0.74 | dt: 584.27ms | tok/sec: 92,011 | bf16_mfu: 0.00 | epoch: 1 pq: 2 rg: 20 | total time: 19.87m | eta: 17.9m
step 02014/03814 (52.81%) | loss: 4.003338 | lrm: 0.74 | dt: 587.53ms | tok/sec: 91,501 | bf16_mfu: 0.00 | epoch: 1 pq: 2 rg: 20 | total time: 19.88m | eta: 17.9m
step 02015/03814 (52.83%) | loss: 3.992984 | lrm: 0.74 | dt: 588.42ms | tok/sec: 91,363 | bf16_mfu: 0.00 | epoch: 1 pq: 2 rg: 20 | total time: 19.89m | eta: 17.8m
step 02016/03814 (52.86%) | loss: 4.005105 | lrm: 0.74 | dt: 588.70ms | tok/sec: 91,319 | bf16_mfu: 0.00 | epoch: 1 pq: 2 rg: 20 | total time: 19.90m | eta: 17.8m
step 02017/03814 (52.88%) | loss: 4.003875 | lrm: 0.74 | dt: 729.19ms | tok/sec: 73,725 | bf16_mfu: 0.00 | epoch: 1 pq: 2 rg: 21 | total time: 19.91m | eta: 17.8m
step 02018/03814 (52.91%) | loss: 4.008506 | lrm: 0.74 | dt: 595.29ms | tok/sec: 90,309 | bf16_mfu: 0.00 | epoch: 1 pq: 2 rg: 21 | total time: 19.92m | eta: 17.8m
step 02019/03814 (52.94%) | loss: 4.020000 | lrm: 0.74 | dt: 581.89ms | tok/sec: 92,388 | bf16_mfu: 0.00 | epoch: 1 pq: 2 rg: 21 | total time: 19.93m | eta: 17.8m
step 02020/03814 (52.96%) | loss: 3.996049 | lrm: 0.74 | dt: 597.36ms | tok/sec: 89,995 | bf16_mfu: 0.00 | epoch: 1 pq: 2 rg: 21 | total time: 19.94m | eta: 17.8m
step 02021/03814 (52.99%) | loss: 3.974818 | lrm: 0.74 | dt: 595.52ms | tok/sec: 90,274 | bf16_mfu: 0.00 | epoch: 1 pq: 2 rg: 21 | total time: 19.95m | eta: 17.8m
step 02022/03814 (53.02%) | loss: 3.992738 | lrm: 0.74 | dt: 607.39ms | tok/sec: 88,509 | bf16_mfu: 0.00 | epoch: 1 pq: 2 rg: 21 | total time: 19.96m | eta: 17.8m
step 02023/03814 (53.04%) | loss: 4.011956 | lrm: 0.74 | dt: 609.96ms | tok/sec: 88,136 | bf16_mfu: 0.00 | epoch: 1 pq: 2 rg: 21 | total time: 19.97m | eta: 17.8m
step 02024/03814 (53.07%) | loss: 4.030599 | lrm: 0.74 | dt: 603.63ms | tok/sec: 89,061 | bf16_mfu: 0.00 | epoch: 1 pq: 2 rg: 21 | total time: 19.98m | eta: 17.8m
step 02025/03814 (53.09%) | loss: 4.033590 | lrm: 0.74 | dt: 611.18ms | tok/sec: 87,960 | bf16_mfu: 0.00 | epoch: 1 pq: 2 rg: 21 | total time: 19.99m | eta: 17.7m
step 02026/03814 (53.12%) | loss: 4.017112 | lrm: 0.74 | dt: 613.78ms | tok/sec: 87,588 | bf16_mfu: 0.00 | epoch: 1 pq: 2 rg: 22 | total time: 20.00m | eta: 17.7m
step 02027/03814 (53.15%) | loss: 3.997281 | lrm: 0.73 | dt: 599.84ms | tok/sec: 89,623 | bf16_mfu: 0.00 | epoch: 1 pq: 2 rg: 22 | total time: 20.01m | eta: 17.7m
step 02028/03814 (53.17%) | loss: 4.037129 | lrm: 0.73 | dt: 606.03ms | tok/sec: 88,708 | bf16_mfu: 0.00 | epoch: 1 pq: 2 rg: 22 | total time: 20.02m | eta: 17.7m
step 02029/03814 (53.20%) | loss: 4.045812 | lrm: 0.73 | dt: 611.71ms | tok/sec: 87,884 | bf16_mfu: 0.00 | epoch: 1 pq: 2 rg: 22 | total time: 20.03m | eta: 17.7m
step 02030/03814 (53.22%) | loss: 4.024513 | lrm: 0.73 | dt: 602.55ms | tok/sec: 89,220 | bf16_mfu: 0.00 | epoch: 1 pq: 2 rg: 22 | total time: 20.04m | eta: 17.7m
step 02031/03814 (53.25%) | loss: 3.993789 | lrm: 0.73 | dt: 607.63ms | tok/sec: 88,474 | bf16_mfu: 0.00 | epoch: 1 pq: 2 rg: 22 | total time: 20.05m | eta: 17.7m
step 02032/03814 (53.28%) | loss: 4.013700 | lrm: 0.73 | dt: 606.88ms | tok/sec: 88,584 | bf16_mfu: 0.00 | epoch: 1 pq: 2 rg: 22 | total time: 20.06m | eta: 17.7m
step 02033/03814 (53.30%) | loss: 4.038238 | lrm: 0.73 | dt: 637.92ms | tok/sec: 84,273 | bf16_mfu: 0.00 | epoch: 1 pq: 2 rg: 22 | total time: 20.07m | eta: 17.7m
step 02034/03814 (53.33%) | loss: 4.040657 | lrm: 0.73 | dt: 621.00ms | tok/sec: 86,569 | bf16_mfu: 0.00 | epoch: 1 pq: 2 rg: 22 | total time: 20.08m | eta: 17.7m
step 02035/03814 (53.36%) | loss: 4.016659 | lrm: 0.73 | dt: 611.47ms | tok/sec: 87,919 | bf16_mfu: 0.00 | epoch: 1 pq: 2 rg: 22 | total time: 20.09m | eta: 17.6m
step 02036/03814 (53.38%) | loss: 3.996621 | lrm: 0.73 | dt: 601.88ms | tok/sec: 89,320 | bf16_mfu: 0.00 | epoch: 1 pq: 2 rg: 22 | total time: 20.10m | eta: 17.6m
step 02037/03814 (53.41%) | loss: 4.004510 | lrm: 0.73 | dt: 613.23ms | tok/sec: 87,667 | bf16_mfu: 0.00 | epoch: 1 pq: 2 rg: 23 | total time: 20.11m | eta: 17.6m
step 02038/03814 (53.43%) | loss: 4.005922 | lrm: 0.73 | dt: 603.97ms | tok/sec: 89,011 | bf16_mfu: 0.00 | epoch: 1 pq: 2 rg: 23 | total time: 20.12m | eta: 17.6m
step 02039/03814 (53.46%) | loss: 4.041195 | lrm: 0.73 | dt: 807.25ms | tok/sec: 66,596 | bf16_mfu: 0.00 | epoch: 1 pq: 2 rg: 23 | total time: 20.13m | eta: 17.6m
step 02040/03814 (53.49%) | loss: 4.042104 | lrm: 0.73 | dt: 607.83ms | tok/sec: 88,445 | bf16_mfu: 0.00 | epoch: 1 pq: 2 rg: 23 | total time: 20.14m | eta: 17.6m
step 02041/03814 (53.51%) | loss: 4.008395 | lrm: 0.73 | dt: 610.14ms | tok/sec: 88,110 | bf16_mfu: 0.00 | epoch: 1 pq: 2 rg: 23 | total time: 20.15m | eta: 17.6m
step 02042/03814 (53.54%) | loss: 3.985899 | lrm: 0.73 | dt: 612.61ms | tok/sec: 87,755 | bf16_mfu: 0.00 | epoch: 1 pq: 2 rg: 23 | total time: 20.16m | eta: 17.6m
step 02043/03814 (53.57%) | loss: 3.955271 | lrm: 0.73 | dt: 603.92ms | tok/sec: 89,017 | bf16_mfu: 0.00 | epoch: 1 pq: 2 rg: 23 | total time: 20.17m | eta: 17.6m
step 02044/03814 (53.59%) | loss: 3.954105 | lrm: 0.73 | dt: 601.71ms | tok/sec: 89,345 | bf16_mfu: 0.00 | epoch: 1 pq: 2 rg: 23 | total time: 20.18m | eta: 17.6m
step 02045/03814 (53.62%) | loss: 3.987419 | lrm: 0.73 | dt: 612.25ms | tok/sec: 87,807 | bf16_mfu: 0.00 | epoch: 1 pq: 2 rg: 23 | total time: 20.19m | eta: 17.6m
step 02046/03814 (53.64%) | loss: 3.971189 | lrm: 0.73 | dt: 604.30ms | tok/sec: 88,961 | bf16_mfu: 0.00 | epoch: 1 pq: 2 rg: 24 | total time: 20.21m | eta: 17.5m
step 02047/03814 (53.67%) | loss: 3.952766 | lrm: 0.73 | dt: 608.77ms | tok/sec: 88,309 | bf16_mfu: 0.00 | epoch: 1 pq: 2 rg: 24 | total time: 20.22m | eta: 17.5m
step 02048/03814 (53.70%) | loss: 3.922005 | lrm: 0.73 | dt: 606.13ms | tok/sec: 88,694 | bf16_mfu: 0.00 | epoch: 1 pq: 2 rg: 24 | total time: 20.23m | eta: 17.5m
step 02049/03814 (53.72%) | loss: 3.912440 | lrm: 0.73 | dt: 605.17ms | tok/sec: 88,834 | bf16_mfu: 0.00 | epoch: 1 pq: 2 rg: 24 | total time: 20.24m | eta: 17.5m
step 02050/03814 (53.75%) | loss: 3.913712 | lrm: 0.73 | dt: 609.69ms | tok/sec: 88,175 | bf16_mfu: 0.00 | epoch: 1 pq: 2 rg: 24 | total time: 20.25m | eta: 17.5m
step 02051/03814 (53.78%) | loss: 3.937919 | lrm: 0.73 | dt: 607.84ms | tok/sec: 88,444 | bf16_mfu: 0.00 | epoch: 1 pq: 2 rg: 24 | total time: 20.26m | eta: 17.5m
step 02052/03814 (53.80%) | loss: 3.948616 | lrm: 0.73 | dt: 606.85ms | tok/sec: 88,588 | bf16_mfu: 0.00 | epoch: 1 pq: 2 rg: 24 | total time: 20.27m | eta: 17.5m
step 02053/03814 (53.83%) | loss: 3.915548 | lrm: 0.72 | dt: 677.87ms | tok/sec: 79,307 | bf16_mfu: 0.00 | epoch: 1 pq: 2 rg: 24 | total time: 20.28m | eta: 17.5m
step 02054/03814 (53.85%) | loss: 3.903054 | lrm: 0.72 | dt: 597.72ms | tok/sec: 89,942 | bf16_mfu: 0.00 | epoch: 1 pq: 2 rg: 24 | total time: 20.29m | eta: 17.5m
step 02055/03814 (53.88%) | loss: 3.889829 | lrm: 0.72 | dt: 600.18ms | tok/sec: 89,573 | bf16_mfu: 0.00 | epoch: 1 pq: 2 rg: 24 | total time: 20.30m | eta: 17.5m
step 02056/03814 (53.91%) | loss: 3.903565 | lrm: 0.72 | dt: 593.83ms | tok/sec: 90,530 | bf16_mfu: 0.00 | epoch: 1 pq: 2 rg: 25 | total time: 20.31m | eta: 17.4m
step 02057/03814 (53.93%) | loss: 3.931169 | lrm: 0.72 | dt: 604.80ms | tok/sec: 88,888 | bf16_mfu: 0.00 | epoch: 1 pq: 2 rg: 25 | total time: 20.32m | eta: 17.4m
step 02058/03814 (53.96%) | loss: 3.957214 | lrm: 0.72 | dt: 606.25ms | tok/sec: 88,677 | bf16_mfu: 0.00 | epoch: 1 pq: 2 rg: 25 | total time: 20.33m | eta: 17.4m
step 02059/03814 (53.99%) | loss: 3.943992 | lrm: 0.72 | dt: 600.60ms | tok/sec: 89,510 | bf16_mfu: 0.00 | epoch: 1 pq: 2 rg: 25 | total time: 20.34m | eta: 17.4m
step 02060/03814 (54.01%) | loss: 3.919259 | lrm: 0.72 | dt: 595.34ms | tok/sec: 90,301 | bf16_mfu: 0.00 | epoch: 1 pq: 2 rg: 25 | total time: 20.35m | eta: 17.4m
step 02061/03814 (54.04%) | loss: 3.894516 | lrm: 0.72 | dt: 591.41ms | tok/sec: 90,901 | bf16_mfu: 0.00 | epoch: 1 pq: 2 rg: 25 | total time: 20.36m | eta: 17.4m
step 02062/03814 (54.06%) | loss: 3.896696 | lrm: 0.72 | dt: 594.01ms | tok/sec: 90,503 | bf16_mfu: 0.00 | epoch: 1 pq: 2 rg: 25 | total time: 20.37m | eta: 17.4m
step 02063/03814 (54.09%) | loss: 3.943751 | lrm: 0.72 | dt: 620.61ms | tok/sec: 86,625 | bf16_mfu: 0.00 | epoch: 1 pq: 2 rg: 25 | total time: 20.38m | eta: 17.4m
step 02064/03814 (54.12%) | loss: 3.954876 | lrm: 0.72 | dt: 654.80ms | tok/sec: 82,101 | bf16_mfu: 0.00 | epoch: 1 pq: 2 rg: 25 | total time: 20.39m | eta: 17.4m
step 02065/03814 (54.14%) | loss: 3.937071 | lrm: 0.72 | dt: 593.82ms | tok/sec: 90,531 | bf16_mfu: 0.00 | epoch: 1 pq: 2 rg: 26 | total time: 20.40m | eta: 17.4m
step 02066/03814 (54.17%) | loss: 3.898842 | lrm: 0.72 | dt: 581.44ms | tok/sec: 92,459 | bf16_mfu: 0.00 | epoch: 1 pq: 2 rg: 26 | total time: 20.41m | eta: 17.4m
step 02067/03814 (54.20%) | loss: 3.885910 | lrm: 0.72 | dt: 590.40ms | tok/sec: 91,056 | bf16_mfu: 0.00 | epoch: 1 pq: 2 rg: 26 | total time: 20.42m | eta: 17.3m
step 02068/03814 (54.22%) | loss: 3.908259 | lrm: 0.72 | dt: 587.68ms | tok/sec: 91,478 | bf16_mfu: 0.00 | epoch: 1 pq: 2 rg: 26 | total time: 20.43m | eta: 17.3m
step 02069/03814 (54.25%) | loss: 3.930186 | lrm: 0.72 | dt: 589.51ms | tok/sec: 91,194 | bf16_mfu: 0.00 | epoch: 1 pq: 2 rg: 26 | total time: 20.44m | eta: 17.3m
step 02070/03814 (54.27%) | loss: 3.933806 | lrm: 0.72 | dt: 585.79ms | tok/sec: 91,772 | bf16_mfu: 0.00 | epoch: 1 pq: 2 rg: 26 | total time: 20.45m | eta: 17.3m
step 02071/03814 (54.30%) | loss: 3.922067 | lrm: 0.72 | dt: 713.53ms | tok/sec: 75,343 | bf16_mfu: 0.00 | epoch: 1 pq: 2 rg: 26 | total time: 20.46m | eta: 17.3m
step 02072/03814 (54.33%) | loss: 3.928691 | lrm: 0.72 | dt: 582.13ms | tok/sec: 92,349 | bf16_mfu: 0.00 | epoch: 1 pq: 2 rg: 26 | total time: 20.47m | eta: 17.3m
step 02073/03814 (54.35%) | loss: 3.937685 | lrm: 0.72 | dt: 585.55ms | tok/sec: 91,811 | bf16_mfu: 0.00 | epoch: 1 pq: 2 rg: 26 | total time: 20.48m | eta: 17.3m
step 02074/03814 (54.38%) | loss: 3.958484 | lrm: 0.72 | dt: 585.18ms | tok/sec: 91,868 | bf16_mfu: 0.00 | epoch: 1 pq: 2 rg: 26 | total time: 20.49m | eta: 17.3m
step 02075/03814 (54.40%) | loss: 3.964937 | lrm: 0.72 | dt: 588.12ms | tok/sec: 91,409 | bf16_mfu: 0.00 | epoch: 1 pq: 2 rg: 27 | total time: 20.50m | eta: 17.3m
step 02076/03814 (54.43%) | loss: 3.949263 | lrm: 0.72 | dt: 589.61ms | tok/sec: 91,179 | bf16_mfu: 0.00 | epoch: 1 pq: 2 rg: 27 | total time: 20.51m | eta: 17.3m
step 02077/03814 (54.46%) | loss: 3.945475 | lrm: 0.72 | dt: 587.03ms | tok/sec: 91,579 | bf16_mfu: 0.00 | epoch: 1 pq: 2 rg: 27 | total time: 20.52m | eta: 17.2m
step 02078/03814 (54.48%) | loss: 3.932296 | lrm: 0.72 | dt: 589.23ms | tok/sec: 91,237 | bf16_mfu: 0.00 | epoch: 1 pq: 2 rg: 27 | total time: 20.53m | eta: 17.2m
step 02079/03814 (54.51%) | loss: 3.946188 | lrm: 0.71 | dt: 587.76ms | tok/sec: 91,465 | bf16_mfu: 0.00 | epoch: 1 pq: 2 rg: 27 | total time: 20.54m | eta: 17.2m
step 02080/03814 (54.54%) | loss: 3.959491 | lrm: 0.71 | dt: 587.81ms | tok/sec: 91,458 | bf16_mfu: 0.00 | epoch: 1 pq: 2 rg: 27 | total time: 20.55m | eta: 17.2m
step 02081/03814 (54.56%) | loss: 3.961452 | lrm: 0.71 | dt: 580.66ms | tok/sec: 92,584 | bf16_mfu: 0.00 | epoch: 1 pq: 2 rg: 27 | total time: 20.56m | eta: 17.2m
step 02082/03814 (54.59%) | loss: 3.952927 | lrm: 0.71 | dt: 575.87ms | tok/sec: 93,354 | bf16_mfu: 0.00 | epoch: 1 pq: 2 rg: 27 | total time: 20.57m | eta: 17.2m
step 02083/03814 (54.61%) | loss: 3.929451 | lrm: 0.71 | dt: 584.86ms | tok/sec: 91,919 | bf16_mfu: 0.00 | epoch: 1 pq: 2 rg: 27 | total time: 20.58m | eta: 17.2m
step 02084/03814 (54.64%) | loss: 3.925840 | lrm: 0.71 | dt: 576.44ms | tok/sec: 93,261 | bf16_mfu: 0.00 | epoch: 1 pq: 2 rg: 27 | total time: 20.59m | eta: 17.2m
step 02085/03814 (54.67%) | loss: 3.903397 | lrm: 0.71 | dt: 581.81ms | tok/sec: 92,401 | bf16_mfu: 0.00 | epoch: 1 pq: 2 rg: 28 | total time: 20.60m | eta: 17.2m
step 02086/03814 (54.69%) | loss: 3.907013 | lrm: 0.71 | dt: 707.48ms | tok/sec: 75,987 | bf16_mfu: 0.00 | epoch: 1 pq: 2 rg: 28 | total time: 20.61m | eta: 17.2m
step 02087/03814 (54.72%) | loss: 3.939762 | lrm: 0.71 | dt: 576.02ms | tok/sec: 93,330 | bf16_mfu: 0.00 | epoch: 1 pq: 2 rg: 28 | total time: 20.62m | eta: 17.1m
step 02088/03814 (54.75%) | loss: 3.923978 | lrm: 0.71 | dt: 581.65ms | tok/sec: 92,427 | bf16_mfu: 0.00 | epoch: 1 pq: 2 rg: 28 | total time: 20.63m | eta: 17.1m
step 02089/03814 (54.77%) | loss: 3.918246 | lrm: 0.71 | dt: 588.22ms | tok/sec: 91,394 | bf16_mfu: 0.00 | epoch: 1 pq: 2 rg: 28 | total time: 20.64m | eta: 17.1m
step 02090/03814 (54.80%) | loss: 3.925962 | lrm: 0.71 | dt: 587.41ms | tok/sec: 91,520 | bf16_mfu: 0.00 | epoch: 1 pq: 2 rg: 28 | total time: 20.65m | eta: 17.1m
step 02091/03814 (54.82%) | loss: 3.955595 | lrm: 0.71 | dt: 585.91ms | tok/sec: 91,755 | bf16_mfu: 0.00 | epoch: 1 pq: 2 rg: 28 | total time: 20.66m | eta: 17.1m
step 02092/03814 (54.85%) | loss: 3.954888 | lrm: 0.71 | dt: 576.02ms | tok/sec: 93,329 | bf16_mfu: 0.00 | epoch: 1 pq: 2 rg: 28 | total time: 20.67m | eta: 17.1m
step 02093/03814 (54.88%) | loss: 3.927794 | lrm: 0.71 | dt: 598.04ms | tok/sec: 89,894 | bf16_mfu: 0.00 | epoch: 1 pq: 2 rg: 28 | total time: 20.68m | eta: 17.1m
step 02094/03814 (54.90%) | loss: 3.900835 | lrm: 0.71 | dt: 568.90ms | tok/sec: 94,498 | bf16_mfu: 0.00 | epoch: 1 pq: 2 rg: 28 | total time: 20.68m | eta: 17.1m
step 02095/03814 (54.93%) | loss: 3.882713 | lrm: 0.71 | dt: 644.94ms | tok/sec: 83,356 | bf16_mfu: 0.00 | epoch: 1 pq: 2 rg: 29 | total time: 20.70m | eta: 17.1m
step 02096/03814 (54.96%) | loss: 3.893306 | lrm: 0.71 | dt: 571.36ms | tok/sec: 94,090 | bf16_mfu: 0.00 | epoch: 1 pq: 2 rg: 29 | total time: 20.70m | eta: 17.1m
step 02097/03814 (54.98%) | loss: 3.905789 | lrm: 0.71 | dt: 584.97ms | tok/sec: 91,901 | bf16_mfu: 0.00 | epoch: 1 pq: 2 rg: 29 | total time: 20.71m | eta: 17.0m
step 02098/03814 (55.01%) | loss: 3.904525 | lrm: 0.71 | dt: 571.79ms | tok/sec: 94,020 | bf16_mfu: 0.00 | epoch: 1 pq: 2 rg: 29 | total time: 20.72m | eta: 17.0m
step 02099/03814 (55.03%) | loss: 3.865805 | lrm: 0.71 | dt: 581.24ms | tok/sec: 92,491 | bf16_mfu: 0.00 | epoch: 1 pq: 2 rg: 29 | total time: 20.73m | eta: 17.0m
step 02100/03814 (55.06%) | loss: 3.852032 | lrm: 0.71 | dt: 570.56ms | tok/sec: 94,223 | bf16_mfu: 0.00 | epoch: 1 pq: 2 rg: 29 | total time: 20.74m | eta: 17.0m
step 02101/03814 (55.09%) | loss: 3.842371 | lrm: 0.71 | dt: 581.25ms | tok/sec: 92,490 | bf16_mfu: 0.00 | epoch: 1 pq: 2 rg: 29 | total time: 20.75m | eta: 17.0m
step 02102/03814 (55.11%) | loss: 3.852310 | lrm: 0.71 | dt: 628.37ms | tok/sec: 85,554 | bf16_mfu: 0.00 | epoch: 1 pq: 2 rg: 29 | total time: 20.76m | eta: 17.0m
step 02103/03814 (55.14%) | loss: 3.892901 | lrm: 0.71 | dt: 571.53ms | tok/sec: 94,063 | bf16_mfu: 0.00 | epoch: 1 pq: 2 rg: 29 | total time: 20.77m | eta: 17.0m
step 02104/03814 (55.17%) | loss: 3.924325 | lrm: 0.71 | dt: 582.82ms | tok/sec: 92,240 | bf16_mfu: 0.00 | epoch: 1 pq: 2 rg: 30 | total time: 20.78m | eta: 17.0m
step 02105/03814 (55.19%) | loss: 3.910310 | lrm: 0.70 | dt: 569.82ms | tok/sec: 94,345 | bf16_mfu: 0.00 | epoch: 1 pq: 2 rg: 30 | total time: 20.79m | eta: 17.0m
step 02106/03814 (55.22%) | loss: 3.894104 | lrm: 0.70 | dt: 583.55ms | tok/sec: 92,125 | bf16_mfu: 0.00 | epoch: 1 pq: 2 rg: 30 | total time: 20.80m | eta: 17.0m
step 02107/03814 (55.24%) | loss: 3.880745 | lrm: 0.70 | dt: 570.87ms | tok/sec: 94,171 | bf16_mfu: 0.00 | epoch: 1 pq: 2 rg: 30 | total time: 20.81m | eta: 16.9m
step 02108/03814 (55.27%) | loss: 3.907043 | lrm: 0.70 | dt: 584.74ms | tok/sec: 91,938 | bf16_mfu: 0.00 | epoch: 1 pq: 2 rg: 30 | total time: 20.82m | eta: 16.9m
step 02109/03814 (55.30%) | loss: 3.911162 | lrm: 0.70 | dt: 574.19ms | tok/sec: 93,627 | bf16_mfu: 0.00 | epoch: 1 pq: 2 rg: 30 | total time: 20.83m | eta: 16.9m
step 02110/03814 (55.32%) | loss: 3.908455 | lrm: 0.70 | dt: 578.34ms | tok/sec: 92,955 | bf16_mfu: 0.00 | epoch: 1 pq: 2 rg: 30 | total time: 20.84m | eta: 16.9m
step 02111/03814 (55.35%) | loss: 3.890680 | lrm: 0.70 | dt: 567.97ms | tok/sec: 94,653 | bf16_mfu: 0.00 | epoch: 1 pq: 2 rg: 30 | total time: 20.85m | eta: 16.9m
step 02112/03814 (55.37%) | loss: 3.874071 | lrm: 0.70 | dt: 576.94ms | tok/sec: 93,181 | bf16_mfu: 0.00 | epoch: 1 pq: 2 rg: 30 | total time: 20.86m | eta: 16.9m
step 02113/03814 (55.40%) | loss: 3.875519 | lrm: 0.70 | dt: 580.50ms | tok/sec: 92,610 | bf16_mfu: 0.00 | epoch: 1 pq: 2 rg: 30 | total time: 20.87m | eta: 16.9m
step 02114/03814 (55.43%) | loss: 3.886784 | lrm: 0.70 | dt: 581.41ms | tok/sec: 92,464 | bf16_mfu: 0.00 | epoch: 1 pq: 2 rg: 31 | total time: 20.88m | eta: 16.9m
step 02115/03814 (55.45%) | loss: 3.901143 | lrm: 0.70 | dt: 611.05ms | tok/sec: 87,979 | bf16_mfu: 0.00 | epoch: 1 pq: 2 rg: 31 | total time: 20.89m | eta: 16.9m
step 02116/03814 (55.48%) | loss: 3.896184 | lrm: 0.70 | dt: 584.51ms | tok/sec: 91,974 | bf16_mfu: 0.00 | epoch: 1 pq: 2 rg: 31 | total time: 20.90m | eta: 16.9m
step 02117/03814 (55.51%) | loss: 3.875031 | lrm: 0.70 | dt: 569.89ms | tok/sec: 94,334 | bf16_mfu: 0.00 | epoch: 1 pq: 2 rg: 31 | total time: 20.91m | eta: 16.8m
step 02118/03814 (55.53%) | loss: 3.913433 | lrm: 0.70 | dt: 583.62ms | tok/sec: 92,114 | bf16_mfu: 0.00 | epoch: 1 pq: 2 rg: 31 | total time: 20.92m | eta: 16.8m
step 02119/03814 (55.56%) | loss: 3.929842 | lrm: 0.70 | dt: 568.62ms | tok/sec: 94,544 | bf16_mfu: 0.00 | epoch: 1 pq: 2 rg: 31 | total time: 20.93m | eta: 16.8m
step 02120/03814 (55.58%) | loss: 3.940931 | lrm: 0.70 | dt: 573.41ms | tok/sec: 93,755 | bf16_mfu: 0.00 | epoch: 1 pq: 2 rg: 31 | total time: 20.94m | eta: 16.8m
step 02121/03814 (55.61%) | loss: 3.926694 | lrm: 0.70 | dt: 579.68ms | tok/sec: 92,740 | bf16_mfu: 0.00 | epoch: 1 pq: 2 rg: 31 | total time: 20.95m | eta: 16.8m
step 02122/03814 (55.64%) | loss: 3.926175 | lrm: 0.70 | dt: 579.93ms | tok/sec: 92,700 | bf16_mfu: 0.00 | epoch: 1 pq: 2 rg: 31 | total time: 20.96m | eta: 16.8m
step 02123/03814 (55.66%) | loss: 3.912959 | lrm: 0.70 | dt: 572.90ms | tok/sec: 93,838 | bf16_mfu: 0.00 | epoch: 1 pq: 2 rg: 31 | total time: 20.97m | eta: 16.8m
step 02124/03814 (55.69%) | loss: 3.947770 | lrm: 0.70 | dt: 581.84ms | tok/sec: 92,396 | bf16_mfu: 0.00 | epoch: 1 pq: 2 rg: 32 | total time: 20.98m | eta: 16.8m
step 02125/03814 (55.72%) | loss: 3.950437 | lrm: 0.70 | dt: 571.44ms | tok/sec: 94,077 | bf16_mfu: 0.00 | epoch: 1 pq: 2 rg: 32 | total time: 20.99m | eta: 16.8m
step 02126/03814 (55.74%) | loss: 3.932095 | lrm: 0.70 | dt: 572.71ms | tok/sec: 93,869 | bf16_mfu: 0.00 | epoch: 1 pq: 2 rg: 32 | total time: 20.99m | eta: 16.7m
step 02127/03814 (55.77%) | loss: 3.905813 | lrm: 0.70 | dt: 582.24ms | tok/sec: 92,332 | bf16_mfu: 0.00 | epoch: 1 pq: 2 rg: 32 | total time: 21.00m | eta: 16.7m
step 02128/03814 (55.79%) | loss: 3.892570 | lrm: 0.70 | dt: 584.98ms | tok/sec: 91,900 | bf16_mfu: 0.00 | epoch: 1 pq: 2 rg: 32 | total time: 21.01m | eta: 16.7m
step 02129/03814 (55.82%) | loss: 3.908787 | lrm: 0.70 | dt: 584.33ms | tok/sec: 92,002 | bf16_mfu: 0.00 | epoch: 1 pq: 2 rg: 32 | total time: 21.02m | eta: 16.7m
step 02130/03814 (55.85%) | loss: 3.898409 | lrm: 0.70 | dt: 576.33ms | tok/sec: 93,279 | bf16_mfu: 0.00 | epoch: 1 pq: 2 rg: 32 | total time: 21.03m | eta: 16.7m
step 02131/03814 (55.87%) | loss: 3.903784 | lrm: 0.69 | dt: 577.95ms | tok/sec: 93,019 | bf16_mfu: 0.00 | epoch: 1 pq: 2 rg: 32 | total time: 21.04m | eta: 16.7m
step 02132/03814 (55.90%) | loss: 3.872766 | lrm: 0.69 | dt: 583.45ms | tok/sec: 92,141 | bf16_mfu: 0.00 | epoch: 1 pq: 2 rg: 32 | total time: 21.05m | eta: 16.7m
step 02133/03814 (55.93%) | loss: 3.858538 | lrm: 0.69 | dt: 582.72ms | tok/sec: 92,257 | bf16_mfu: 0.00 | epoch: 1 pq: 2 rg: 32 | total time: 21.06m | eta: 16.7m
step 02134/03814 (55.95%) | loss: 3.869632 | lrm: 0.69 | dt: 572.54ms | tok/sec: 93,898 | bf16_mfu: 0.00 | epoch: 1 pq: 2 rg: 33 | total time: 21.07m | eta: 16.7m
step 02135/03814 (55.98%) | loss: 3.892843 | lrm: 0.69 | dt: 584.34ms | tok/sec: 92,001 | bf16_mfu: 0.00 | epoch: 1 pq: 2 rg: 33 | total time: 21.08m | eta: 16.7m
step 02136/03814 (56.00%) | loss: 3.893414 | lrm: 0.69 | dt: 575.70ms | tok/sec: 93,381 | bf16_mfu: 0.00 | epoch: 1 pq: 2 rg: 33 | total time: 21.09m | eta: 16.6m
step 02137/03814 (56.03%) | loss: 3.873326 | lrm: 0.69 | dt: 581.21ms | tok/sec: 92,497 | bf16_mfu: 0.00 | epoch: 1 pq: 2 rg: 33 | total time: 21.10m | eta: 16.6m
step 02138/03814 (56.06%) | loss: 3.856376 | lrm: 0.69 | dt: 585.32ms | tok/sec: 91,846 | bf16_mfu: 0.00 | epoch: 1 pq: 2 rg: 33 | total time: 21.11m | eta: 16.6m
step 02139/03814 (56.08%) | loss: 3.867890 | lrm: 0.69 | dt: 790.42ms | tok/sec: 68,014 | bf16_mfu: 0.00 | epoch: 1 pq: 2 rg: 33 | total time: 21.12m | eta: 16.6m
step 02140/03814 (56.11%) | loss: 3.884616 | lrm: 0.69 | dt: 582.40ms | tok/sec: 92,307 | bf16_mfu: 0.00 | epoch: 1 pq: 2 rg: 33 | total time: 21.13m | eta: 16.6m
step 02141/03814 (56.14%) | loss: 3.902951 | lrm: 0.69 | dt: 581.73ms | tok/sec: 92,413 | bf16_mfu: 0.00 | epoch: 1 pq: 2 rg: 33 | total time: 21.14m | eta: 16.6m
step 02142/03814 (56.16%) | loss: 3.877567 | lrm: 0.69 | dt: 585.26ms | tok/sec: 91,856 | bf16_mfu: 0.00 | epoch: 1 pq: 2 rg: 33 | total time: 21.15m | eta: 16.6m
step 02143/03814 (56.19%) | loss: 3.856470 | lrm: 0.69 | dt: 581.90ms | tok/sec: 92,386 | bf16_mfu: 0.00 | epoch: 1 pq: 2 rg: 33 | total time: 21.16m | eta: 16.6m
step 02144/03814 (56.21%) | loss: 3.850972 | lrm: 0.69 | dt: 591.08ms | tok/sec: 90,952 | bf16_mfu: 0.00 | epoch: 1 pq: 2 rg: 34 | total time: 21.17m | eta: 16.6m
step 02145/03814 (56.24%) | loss: 3.901179 | lrm: 0.69 | dt: 580.60ms | tok/sec: 92,593 | bf16_mfu: 0.00 | epoch: 1 pq: 2 rg: 34 | total time: 21.18m | eta: 16.6m
step 02146/03814 (56.27%) | loss: 3.915609 | lrm: 0.69 | dt: 588.94ms | tok/sec: 91,282 | bf16_mfu: 0.00 | epoch: 1 pq: 2 rg: 34 | total time: 21.19m | eta: 16.5m
step 02147/03814 (56.29%) | loss: 3.892975 | lrm: 0.69 | dt: 586.98ms | tok/sec: 91,587 | bf16_mfu: 0.00 | epoch: 1 pq: 2 rg: 34 | total time: 21.20m | eta: 16.5m
step 02148/03814 (56.32%) | loss: 3.869602 | lrm: 0.69 | dt: 586.08ms | tok/sec: 91,728 | bf16_mfu: 0.00 | epoch: 1 pq: 2 rg: 34 | total time: 21.21m | eta: 16.5m
step 02149/03814 (56.35%) | loss: 3.850382 | lrm: 0.69 | dt: 589.64ms | tok/sec: 91,174 | bf16_mfu: 0.00 | epoch: 1 pq: 2 rg: 34 | total time: 21.22m | eta: 16.5m
step 02150/03814 (56.37%) | loss: 3.876396 | lrm: 0.69 | dt: 606.00ms | tok/sec: 88,713 | bf16_mfu: 0.00 | epoch: 1 pq: 2 rg: 34 | total time: 21.23m | eta: 16.5m
step 02151/03814 (56.40%) | loss: 3.875704 | lrm: 0.69 | dt: 585.88ms | tok/sec: 91,759 | bf16_mfu: 0.00 | epoch: 1 pq: 2 rg: 34 | total time: 21.24m | eta: 16.5m
step 02152/03814 (56.42%) | loss: 3.859908 | lrm: 0.69 | dt: 585.97ms | tok/sec: 91,745 | bf16_mfu: 0.00 | epoch: 1 pq: 2 rg: 34 | total time: 21.25m | eta: 16.5m
step 02153/03814 (56.45%) | loss: 3.858172 | lrm: 0.69 | dt: 585.43ms | tok/sec: 91,829 | bf16_mfu: 0.00 | epoch: 1 pq: 2 rg: 35 | total time: 21.26m | eta: 16.5m
step 02154/03814 (56.48%) | loss: 3.843217 | lrm: 0.69 | dt: 573.20ms | tok/sec: 93,789 | bf16_mfu: 0.00 | epoch: 1 pq: 2 rg: 35 | total time: 21.27m | eta: 16.5m
step 02155/03814 (56.50%) | loss: 3.858219 | lrm: 0.69 | dt: 587.54ms | tok/sec: 91,499 | bf16_mfu: 0.00 | epoch: 1 pq: 2 rg: 35 | total time: 21.28m | eta: 16.5m
step 02156/03814 (56.53%) | loss: 3.879804 | lrm: 0.69 | dt: 586.12ms | tok/sec: 91,722 | bf16_mfu: 0.00 | epoch: 1 pq: 2 rg: 35 | total time: 21.29m | eta: 16.4m
step 02157/03814 (56.55%) | loss: 3.873177 | lrm: 0.68 | dt: 585.45ms | tok/sec: 91,826 | bf16_mfu: 0.00 | epoch: 1 pq: 2 rg: 35 | total time: 21.30m | eta: 16.4m
step 02158/03814 (56.58%) | loss: 3.859286 | lrm: 0.68 | dt: 586.18ms | tok/sec: 91,713 | bf16_mfu: 0.00 | epoch: 1 pq: 2 rg: 35 | total time: 21.31m | eta: 16.4m
step 02159/03814 (56.61%) | loss: 3.851808 | lrm: 0.68 | dt: 588.84ms | tok/sec: 91,297 | bf16_mfu: 0.00 | epoch: 1 pq: 2 rg: 35 | total time: 21.32m | eta: 16.4m
step 02160/03814 (56.63%) | loss: 3.864310 | lrm: 0.68 | dt: 592.12ms | tok/sec: 90,792 | bf16_mfu: 0.00 | epoch: 1 pq: 2 rg: 35 | total time: 21.33m | eta: 16.4m
step 02161/03814 (56.66%) | loss: 3.878947 | lrm: 0.68 | dt: 582.64ms | tok/sec: 92,270 | bf16_mfu: 0.00 | epoch: 1 pq: 2 rg: 35 | total time: 21.34m | eta: 16.4m
step 02162/03814 (56.69%) | loss: 3.894775 | lrm: 0.68 | dt: 590.65ms | tok/sec: 91,018 | bf16_mfu: 0.00 | epoch: 1 pq: 2 rg: 35 | total time: 21.35m | eta: 16.4m
step 02163/03814 (56.71%) | loss: 3.902367 | lrm: 0.68 | dt: 662.21ms | tok/sec: 81,183 | bf16_mfu: 0.00 | epoch: 1 pq: 2 rg: 36 | total time: 21.36m | eta: 16.4m
step 02164/03814 (56.74%) | loss: 3.875426 | lrm: 0.68 | dt: 588.39ms | tok/sec: 91,368 | bf16_mfu: 0.00 | epoch: 1 pq: 2 rg: 36 | total time: 21.37m | eta: 16.4m
step 02165/03814 (56.76%) | loss: 3.865007 | lrm: 0.68 | dt: 682.26ms | tok/sec: 78,796 | bf16_mfu: 0.00 | epoch: 1 pq: 2 rg: 36 | total time: 21.38m | eta: 16.4m
step 02166/03814 (56.79%) | loss: 3.845262 | lrm: 0.68 | dt: 586.14ms | tok/sec: 91,718 | bf16_mfu: 0.00 | epoch: 1 pq: 2 rg: 36 | total time: 21.39m | eta: 16.4m
step 02167/03814 (56.82%) | loss: 3.857689 | lrm: 0.68 | dt: 627.54ms | tok/sec: 85,668 | bf16_mfu: 0.00 | epoch: 1 pq: 2 rg: 36 | total time: 21.40m | eta: 16.3m
step 02168/03814 (56.84%) | loss: 3.886524 | lrm: 0.68 | dt: 581.62ms | tok/sec: 92,431 | bf16_mfu: 0.00 | epoch: 1 pq: 2 rg: 36 | total time: 21.41m | eta: 16.3m
step 02169/03814 (56.87%) | loss: 3.876755 | lrm: 0.68 | dt: 590.09ms | tok/sec: 91,105 | bf16_mfu: 0.00 | epoch: 1 pq: 2 rg: 36 | total time: 21.42m | eta: 16.3m
step 02170/03814 (56.90%) | loss: 3.857552 | lrm: 0.68 | dt: 583.82ms | tok/sec: 92,082 | bf16_mfu: 0.00 | epoch: 1 pq: 2 rg: 36 | total time: 21.43m | eta: 16.3m
step 02171/03814 (56.92%) | loss: 3.846664 | lrm: 0.68 | dt: 587.82ms | tok/sec: 91,456 | bf16_mfu: 0.00 | epoch: 1 pq: 2 rg: 36 | total time: 21.44m | eta: 16.3m
step 02172/03814 (56.95%) | loss: 3.848530 | lrm: 0.68 | dt: 601.27ms | tok/sec: 89,410 | bf16_mfu: 0.00 | epoch: 1 pq: 2 rg: 36 | total time: 21.45m | eta: 16.3m
step 02173/03814 (56.97%) | loss: 3.855193 | lrm: 0.68 | dt: 587.89ms | tok/sec: 91,446 | bf16_mfu: 0.00 | epoch: 1 pq: 2 rg: 37 | total time: 21.46m | eta: 16.3m
step 02174/03814 (57.00%) | loss: 3.867435 | lrm: 0.68 | dt: 585.26ms | tok/sec: 91,856 | bf16_mfu: 0.00 | epoch: 1 pq: 2 rg: 37 | total time: 21.47m | eta: 16.3m
step 02175/03814 (57.03%) | loss: 3.854953 | lrm: 0.68 | dt: 589.82ms | tok/sec: 91,145 | bf16_mfu: 0.00 | epoch: 1 pq: 2 rg: 37 | total time: 21.48m | eta: 16.3m
step 02176/03814 (57.05%) | loss: 3.830822 | lrm: 0.68 | dt: 596.94ms | tok/sec: 90,059 | bf16_mfu: 0.00 | epoch: 1 pq: 2 rg: 37 | total time: 21.49m | eta: 16.3m
step 02177/03814 (57.08%) | loss: 3.840616 | lrm: 0.68 | dt: 582.38ms | tok/sec: 92,310 | bf16_mfu: 0.00 | epoch: 1 pq: 2 rg: 37 | total time: 21.50m | eta: 16.2m
step 02178/03814 (57.11%) | loss: 3.859973 | lrm: 0.68 | dt: 584.81ms | tok/sec: 91,927 | bf16_mfu: 0.00 | epoch: 1 pq: 2 rg: 37 | total time: 21.51m | eta: 16.2m
step 02179/03814 (57.13%) | loss: 3.879158 | lrm: 0.68 | dt: 616.81ms | tok/sec: 87,158 | bf16_mfu: 0.00 | epoch: 1 pq: 2 rg: 37 | total time: 21.52m | eta: 16.2m
step 02180/03814 (57.16%) | loss: 3.874868 | lrm: 0.68 | dt: 589.22ms | tok/sec: 91,238 | bf16_mfu: 0.00 | epoch: 1 pq: 2 rg: 37 | total time: 21.53m | eta: 16.2m
step 02181/03814 (57.18%) | loss: 3.842376 | lrm: 0.68 | dt: 584.01ms | tok/sec: 92,053 | bf16_mfu: 0.00 | epoch: 1 pq: 2 rg: 37 | total time: 21.54m | eta: 16.2m
step 02182/03814 (57.21%) | loss: 3.820739 | lrm: 0.68 | dt: 590.20ms | tok/sec: 91,087 | bf16_mfu: 0.00 | epoch: 1 pq: 2 rg: 37 | total time: 21.55m | eta: 16.2m
step 02183/03814 (57.24%) | loss: 3.836816 | lrm: 0.68 | dt: 642.64ms | tok/sec: 83,654 | bf16_mfu: 0.00 | epoch: 1 pq: 2 rg: 38 | total time: 21.56m | eta: 16.2m
step 02184/03814 (57.26%) | loss: 3.864440 | lrm: 0.67 | dt: 591.75ms | tok/sec: 90,849 | bf16_mfu: 0.00 | epoch: 1 pq: 2 rg: 38 | total time: 21.57m | eta: 16.2m
step 02185/03814 (57.29%) | loss: 3.849294 | lrm: 0.67 | dt: 586.64ms | tok/sec: 91,640 | bf16_mfu: 0.00 | epoch: 1 pq: 2 rg: 38 | total time: 21.58m | eta: 16.2m
step 02186/03814 (57.32%) | loss: 3.840777 | lrm: 0.67 | dt: 595.75ms | tok/sec: 90,238 | bf16_mfu: 0.00 | epoch: 1 pq: 2 rg: 38 | total time: 21.59m | eta: 16.2m
step 02187/03814 (57.34%) | loss: 3.841228 | lrm: 0.67 | dt: 583.93ms | tok/sec: 92,066 | bf16_mfu: 0.00 | epoch: 1 pq: 2 rg: 38 | total time: 21.60m | eta: 16.1m
step 02188/03814 (57.37%) | loss: 3.845129 | lrm: 0.67 | dt: 587.12ms | tok/sec: 91,565 | bf16_mfu: 0.00 | epoch: 1 pq: 2 rg: 38 | total time: 21.61m | eta: 16.1m
step 02189/03814 (57.39%) | loss: 3.884875 | lrm: 0.67 | dt: 587.39ms | tok/sec: 91,523 | bf16_mfu: 0.00 | epoch: 1 pq: 2 rg: 38 | total time: 21.62m | eta: 16.1m
step 02190/03814 (57.42%) | loss: 3.875525 | lrm: 0.67 | dt: 584.41ms | tok/sec: 91,990 | bf16_mfu: 0.00 | epoch: 1 pq: 2 rg: 38 | total time: 21.63m | eta: 16.1m
step 02191/03814 (57.45%) | loss: 3.860362 | lrm: 0.67 | dt: 585.55ms | tok/sec: 91,811 | bf16_mfu: 0.00 | epoch: 1 pq: 2 rg: 38 | total time: 21.64m | eta: 16.1m
step 02192/03814 (57.47%) | loss: 3.852141 | lrm: 0.67 | dt: 587.96ms | tok/sec: 91,434 | bf16_mfu: 0.00 | epoch: 1 pq: 2 rg: 38 | total time: 21.65m | eta: 16.1m
step 02193/03814 (57.50%) | loss: 3.883363 | lrm: 0.67 | dt: 613.52ms | tok/sec: 87,626 | bf16_mfu: 0.00 | epoch: 1 pq: 2 rg: 39 | total time: 21.66m | eta: 16.1m
step 02194/03814 (57.52%) | loss: 3.878007 | lrm: 0.67 | dt: 589.80ms | tok/sec: 91,148 | bf16_mfu: 0.00 | epoch: 1 pq: 2 rg: 39 | total time: 21.67m | eta: 16.1m
step 02195/03814 (57.55%) | loss: 3.871028 | lrm: 0.67 | dt: 584.59ms | tok/sec: 91,962 | bf16_mfu: 0.00 | epoch: 1 pq: 2 rg: 39 | total time: 21.68m | eta: 16.1m
step 02196/03814 (57.58%) | loss: 3.843655 | lrm: 0.67 | dt: 590.11ms | tok/sec: 91,101 | bf16_mfu: 0.00 | epoch: 1 pq: 2 rg: 39 | total time: 21.69m | eta: 16.1m
step 02197/03814 (57.60%) | loss: 3.855306 | lrm: 0.67 | dt: 580.18ms | tok/sec: 92,661 | bf16_mfu: 0.00 | epoch: 1 pq: 2 rg: 39 | total time: 21.70m | eta: 16.0m
step 02198/03814 (57.63%) | loss: 3.868820 | lrm: 0.67 | dt: 584.94ms | tok/sec: 91,907 | bf16_mfu: 0.00 | epoch: 1 pq: 2 rg: 39 | total time: 21.71m | eta: 16.0m
step 02199/03814 (57.66%) | loss: 3.881560 | lrm: 0.67 | dt: 586.54ms | tok/sec: 91,655 | bf16_mfu: 0.00 | epoch: 1 pq: 2 rg: 39 | total time: 21.72m | eta: 16.0m
step 02200/03814 (57.68%) | loss: 3.868603 | lrm: 0.67 | dt: 587.11ms | tok/sec: 91,566 | bf16_mfu: 0.00 | epoch: 1 pq: 2 rg: 39 | total time: 21.73m | eta: 16.0m
step 02201/03814 (57.71%) | loss: 3.869601 | lrm: 0.67 | dt: 589.38ms | tok/sec: 91,214 | bf16_mfu: 0.00 | epoch: 1 pq: 2 rg: 39 | total time: 21.74m | eta: 16.0m
step 02202/03814 (57.73%) | loss: 3.850258 | lrm: 0.67 | dt: 587.52ms | tok/sec: 91,502 | bf16_mfu: 0.00 | epoch: 1 pq: 2 rg: 39 | total time: 21.75m | eta: 16.0m
step 02203/03814 (57.76%) | loss: 3.852694 | lrm: 0.67 | dt: 587.56ms | tok/sec: 91,497 | bf16_mfu: 0.00 | epoch: 1 pq: 2 rg: 40 | total time: 21.76m | eta: 16.0m
step 02204/03814 (57.79%) | loss: 3.856469 | lrm: 0.67 | dt: 586.57ms | tok/sec: 91,651 | bf16_mfu: 0.00 | epoch: 1 pq: 2 rg: 40 | total time: 21.77m | eta: 16.0m
step 02205/03814 (57.81%) | loss: 3.863461 | lrm: 0.67 | dt: 586.92ms | tok/sec: 91,597 | bf16_mfu: 0.00 | epoch: 1 pq: 2 rg: 40 | total time: 21.78m | eta: 16.0m
step 02206/03814 (57.84%) | loss: 3.843060 | lrm: 0.67 | dt: 588.81ms | tok/sec: 91,302 | bf16_mfu: 0.00 | epoch: 1 pq: 2 rg: 40 | total time: 21.79m | eta: 16.0m
step 02207/03814 (57.87%) | loss: 3.825331 | lrm: 0.67 | dt: 587.02ms | tok/sec: 91,581 | bf16_mfu: 0.00 | epoch: 1 pq: 2 rg: 40 | total time: 21.79m | eta: 15.9m
step 02208/03814 (57.89%) | loss: 3.805890 | lrm: 0.67 | dt: 586.11ms | tok/sec: 91,723 | bf16_mfu: 0.00 | epoch: 1 pq: 2 rg: 40 | total time: 21.80m | eta: 15.9m
step 02209/03814 (57.92%) | loss: 3.821764 | lrm: 0.67 | dt: 585.75ms | tok/sec: 91,779 | bf16_mfu: 0.00 | epoch: 1 pq: 2 rg: 40 | total time: 21.81m | eta: 15.9m
step 02210/03814 (57.94%) | loss: 3.822438 | lrm: 0.66 | dt: 588.46ms | tok/sec: 91,357 | bf16_mfu: 0.00 | epoch: 1 pq: 2 rg: 40 | total time: 21.82m | eta: 15.9m
step 02211/03814 (57.97%) | loss: 3.851464 | lrm: 0.66 | dt: 590.29ms | tok/sec: 91,074 | bf16_mfu: 0.00 | epoch: 1 pq: 2 rg: 40 | total time: 21.83m | eta: 15.9m
step 02212/03814 (58.00%) | loss: 3.857953 | lrm: 0.66 | dt: 586.48ms | tok/sec: 91,665 | bf16_mfu: 0.00 | epoch: 1 pq: 2 rg: 41 | total time: 21.84m | eta: 15.9m
step 02213/03814 (58.02%) | loss: 3.839200 | lrm: 0.66 | dt: 592.07ms | tok/sec: 90,799 | bf16_mfu: 0.00 | epoch: 1 pq: 2 rg: 41 | total time: 21.85m | eta: 15.9m
step 02214/03814 (58.05%) | loss: 3.821630 | lrm: 0.66 | dt: 579.84ms | tok/sec: 92,714 | bf16_mfu: 0.00 | epoch: 1 pq: 2 rg: 41 | total time: 21.86m | eta: 15.9m
step 02215/03814 (58.08%) | loss: 3.838437 | lrm: 0.66 | dt: 587.90ms | tok/sec: 91,444 | bf16_mfu: 0.00 | epoch: 1 pq: 2 rg: 41 | total time: 21.87m | eta: 15.9m
step 02216/03814 (58.10%) | loss: 3.871109 | lrm: 0.66 | dt: 586.59ms | tok/sec: 91,647 | bf16_mfu: 0.00 | epoch: 1 pq: 2 rg: 41 | total time: 21.88m | eta: 15.9m
step 02217/03814 (58.13%) | loss: 3.874553 | lrm: 0.66 | dt: 585.35ms | tok/sec: 91,842 | bf16_mfu: 0.00 | epoch: 1 pq: 2 rg: 41 | total time: 21.89m | eta: 15.8m
step 02218/03814 (58.15%) | loss: 3.865017 | lrm: 0.66 | dt: 605.56ms | tok/sec: 88,777 | bf16_mfu: 0.00 | epoch: 1 pq: 2 rg: 41 | total time: 21.90m | eta: 15.8m
step 02219/03814 (58.18%) | loss: 3.836933 | lrm: 0.66 | dt: 579.08ms | tok/sec: 92,837 | bf16_mfu: 0.00 | epoch: 1 pq: 2 rg: 41 | total time: 21.91m | eta: 15.8m
step 02220/03814 (58.21%) | loss: 3.837810 | lrm: 0.66 | dt: 579.27ms | tok/sec: 92,806 | bf16_mfu: 0.00 | epoch: 1 pq: 2 rg: 41 | total time: 21.92m | eta: 15.8m
step 02221/03814 (58.23%) | loss: 3.841908 | lrm: 0.66 | dt: 586.81ms | tok/sec: 91,613 | bf16_mfu: 0.00 | epoch: 1 pq: 2 rg: 41 | total time: 21.93m | eta: 15.8m
step 02222/03814 (58.26%) | loss: 3.834173 | lrm: 0.66 | dt: 586.78ms | tok/sec: 91,618 | bf16_mfu: 0.00 | epoch: 1 pq: 2 rg: 42 | total time: 21.94m | eta: 15.8m
step 02223/03814 (58.29%) | loss: 3.820324 | lrm: 0.66 | dt: 584.33ms | tok/sec: 92,002 | bf16_mfu: 0.00 | epoch: 1 pq: 2 rg: 42 | total time: 21.95m | eta: 15.8m
step 02224/03814 (58.31%) | loss: 3.803544 | lrm: 0.66 | dt: 583.13ms | tok/sec: 92,191 | bf16_mfu: 0.00 | epoch: 1 pq: 2 rg: 42 | total time: 21.96m | eta: 15.8m
step 02225/03814 (58.34%) | loss: 3.802513 | lrm: 0.66 | dt: 583.84ms | tok/sec: 92,080 | bf16_mfu: 0.00 | epoch: 1 pq: 2 rg: 42 | total time: 21.97m | eta: 15.8m
step 02226/03814 (58.36%) | loss: 3.828470 | lrm: 0.66 | dt: 576.72ms | tok/sec: 93,216 | bf16_mfu: 0.00 | epoch: 1 pq: 2 rg: 42 | total time: 21.98m | eta: 15.8m
step 02227/03814 (58.39%) | loss: 3.827814 | lrm: 0.66 | dt: 586.15ms | tok/sec: 91,717 | bf16_mfu: 0.00 | epoch: 1 pq: 2 rg: 42 | total time: 21.99m | eta: 15.7m
step 02228/03814 (58.42%) | loss: 3.819498 | lrm: 0.66 | dt: 585.21ms | tok/sec: 91,864 | bf16_mfu: 0.00 | epoch: 1 pq: 2 rg: 42 | total time: 22.00m | eta: 15.7m
step 02229/03814 (58.44%) | loss: 3.798107 | lrm: 0.66 | dt: 584.33ms | tok/sec: 92,002 | bf16_mfu: 0.00 | epoch: 1 pq: 2 rg: 42 | total time: 22.01m | eta: 15.7m
step 02230/03814 (58.47%) | loss: 3.805989 | lrm: 0.66 | dt: 580.91ms | tok/sec: 92,543 | bf16_mfu: 0.00 | epoch: 1 pq: 2 rg: 42 | total time: 22.02m | eta: 15.7m
step 02231/03814 (58.50%) | loss: 3.817988 | lrm: 0.66 | dt: 577.76ms | tok/sec: 93,049 | bf16_mfu: 0.00 | epoch: 1 pq: 2 rg: 42 | total time: 22.03m | eta: 15.7m
step 02232/03814 (58.52%) | loss: 3.825208 | lrm: 0.66 | dt: 585.23ms | tok/sec: 91,861 | bf16_mfu: 0.00 | epoch: 1 pq: 2 rg: 43 | total time: 22.04m | eta: 15.7m
step 02233/03814 (58.55%) | loss: 3.820246 | lrm: 0.66 | dt: 579.65ms | tok/sec: 92,745 | bf16_mfu: 0.00 | epoch: 1 pq: 2 rg: 43 | total time: 22.05m | eta: 15.7m
step 02234/03814 (58.57%) | loss: 3.803618 | lrm: 0.66 | dt: 576.20ms | tok/sec: 93,300 | bf16_mfu: 0.00 | epoch: 1 pq: 2 rg: 43 | total time: 22.06m | eta: 15.7m
step 02235/03814 (58.60%) | loss: 3.801187 | lrm: 0.66 | dt: 584.89ms | tok/sec: 91,914 | bf16_mfu: 0.00 | epoch: 1 pq: 2 rg: 43 | total time: 22.07m | eta: 15.7m
step 02236/03814 (58.63%) | loss: 3.813301 | lrm: 0.65 | dt: 585.14ms | tok/sec: 91,875 | bf16_mfu: 0.00 | epoch: 1 pq: 2 rg: 43 | total time: 22.08m | eta: 15.7m
step 02237/03814 (58.65%) | loss: 3.837777 | lrm: 0.65 | dt: 586.53ms | tok/sec: 91,658 | bf16_mfu: 0.00 | epoch: 1 pq: 2 rg: 43 | total time: 22.09m | eta: 15.6m
step 02238/03814 (58.68%) | loss: 3.825923 | lrm: 0.65 | dt: 580.65ms | tok/sec: 92,586 | bf16_mfu: 0.00 | epoch: 1 pq: 2 rg: 43 | total time: 22.10m | eta: 15.6m
step 02239/03814 (58.70%) | loss: 3.806943 | lrm: 0.65 | dt: 575.02ms | tok/sec: 93,491 | bf16_mfu: 0.00 | epoch: 1 pq: 2 rg: 43 | total time: 22.11m | eta: 15.6m
step 02240/03814 (58.73%) | loss: 3.793325 | lrm: 0.65 | dt: 587.66ms | tok/sec: 91,481 | bf16_mfu: 0.00 | epoch: 1 pq: 2 rg: 43 | total time: 22.12m | eta: 15.6m
step 02241/03814 (58.76%) | loss: 3.808371 | lrm: 0.65 | dt: 585.98ms | tok/sec: 91,743 | bf16_mfu: 0.00 | epoch: 1 pq: 2 rg: 43 | total time: 22.13m | eta: 15.6m
step 02242/03814 (58.78%) | loss: 3.821606 | lrm: 0.65 | dt: 640.53ms | tok/sec: 83,930 | bf16_mfu: 0.00 | epoch: 1 pq: 2 rg: 44 | total time: 22.14m | eta: 15.6m
step 02243/03814 (58.81%) | loss: 3.819281 | lrm: 0.65 | dt: 575.95ms | tok/sec: 93,340 | bf16_mfu: 0.00 | epoch: 1 pq: 2 rg: 44 | total time: 22.15m | eta: 15.6m
step 02244/03814 (58.84%) | loss: 3.812998 | lrm: 0.65 | dt: 586.00ms | tok/sec: 91,739 | bf16_mfu: 0.00 | epoch: 1 pq: 2 rg: 44 | total time: 22.16m | eta: 15.6m
step 02245/03814 (58.86%) | loss: 3.806279 | lrm: 0.65 | dt: 587.56ms | tok/sec: 91,496 | bf16_mfu: 0.00 | epoch: 1 pq: 2 rg: 44 | total time: 22.17m | eta: 15.6m
step 02246/03814 (58.89%) | loss: 3.804278 | lrm: 0.65 | dt: 586.17ms | tok/sec: 91,713 | bf16_mfu: 0.00 | epoch: 1 pq: 2 rg: 44 | total time: 22.18m | eta: 15.6m
step 02247/03814 (58.91%) | loss: 3.834859 | lrm: 0.65 | dt: 587.51ms | tok/sec: 91,504 | bf16_mfu: 0.00 | epoch: 1 pq: 2 rg: 44 | total time: 22.19m | eta: 15.5m
step 02248/03814 (58.94%) | loss: 3.818372 | lrm: 0.65 | dt: 587.28ms | tok/sec: 91,540 | bf16_mfu: 0.00 | epoch: 1 pq: 2 rg: 44 | total time: 22.20m | eta: 15.5m
step 02249/03814 (58.97%) | loss: 3.818270 | lrm: 0.65 | dt: 589.93ms | tok/sec: 91,129 | bf16_mfu: 0.00 | epoch: 1 pq: 2 rg: 44 | total time: 22.21m | eta: 15.5m
step 02250/03814 (58.99%) | loss: 3.810833 | lrm: 0.65 | dt: 582.80ms | tok/sec: 92,244 | bf16_mfu: 0.00 | epoch: 1 pq: 2 rg: 44 | total time: 22.21m | eta: 15.5m
step 02251/03814 (59.02%) | loss: 3.802823 | lrm: 0.65 | dt: 581.71ms | tok/sec: 92,417 | bf16_mfu: 0.00 | epoch: 1 pq: 2 rg: 44 | total time: 22.22m | eta: 15.5m
step 02252/03814 (59.05%) | loss: 3.826117 | lrm: 0.65 | dt: 573.20ms | tok/sec: 93,789 | bf16_mfu: 0.00 | epoch: 1 pq: 2 rg: 45 | total time: 22.23m | eta: 15.5m
step 02253/03814 (59.07%) | loss: 3.832192 | lrm: 0.65 | dt: 588.00ms | tok/sec: 91,429 | bf16_mfu: 0.00 | epoch: 1 pq: 2 rg: 45 | total time: 22.24m | eta: 15.5m
step 02254/03814 (59.10%) | loss: 3.810971 | lrm: 0.65 | dt: 586.62ms | tok/sec: 91,643 | bf16_mfu: 0.00 | epoch: 1 pq: 2 rg: 45 | total time: 22.25m | eta: 15.5m
step 02255/03814 (59.12%) | loss: 3.800839 | lrm: 0.65 | dt: 585.84ms | tok/sec: 91,766 | bf16_mfu: 0.00 | epoch: 1 pq: 2 rg: 45 | total time: 22.26m | eta: 15.5m
step 02256/03814 (59.15%) | loss: 3.814148 | lrm: 0.65 | dt: 584.59ms | tok/sec: 91,962 | bf16_mfu: 0.00 | epoch: 1 pq: 2 rg: 45 | total time: 22.27m | eta: 15.5m
step 02257/03814 (59.18%) | loss: 3.808033 | lrm: 0.65 | dt: 582.33ms | tok/sec: 92,318 | bf16_mfu: 0.00 | epoch: 1 pq: 2 rg: 45 | total time: 22.28m | eta: 15.4m
step 02258/03814 (59.20%) | loss: 3.814026 | lrm: 0.65 | dt: 604.14ms | tok/sec: 88,985 | bf16_mfu: 0.00 | epoch: 1 pq: 2 rg: 45 | total time: 22.29m | eta: 15.4m
step 02259/03814 (59.23%) | loss: 3.795450 | lrm: 0.65 | dt: 576.49ms | tok/sec: 93,254 | bf16_mfu: 0.00 | epoch: 1 pq: 2 rg: 45 | total time: 22.30m | eta: 15.4m
step 02260/03814 (59.26%) | loss: 3.783970 | lrm: 0.65 | dt: 584.37ms | tok/sec: 91,997 | bf16_mfu: 0.00 | epoch: 1 pq: 2 rg: 45 | total time: 22.31m | eta: 15.4m
step 02261/03814 (59.28%) | loss: 3.788826 | lrm: 0.65 | dt: 585.52ms | tok/sec: 91,815 | bf16_mfu: 0.00 | epoch: 1 pq: 2 rg: 45 | total time: 22.32m | eta: 15.4m
step 02262/03814 (59.31%) | loss: 3.802273 | lrm: 0.64 | dt: 624.81ms | tok/sec: 86,042 | bf16_mfu: 0.00 | epoch: 1 pq: 2 rg: 46 | total time: 22.33m | eta: 15.4m
step 02263/03814 (59.33%) | loss: 3.810310 | lrm: 0.64 | dt: 581.10ms | tok/sec: 92,513 | bf16_mfu: 0.00 | epoch: 1 pq: 2 rg: 46 | total time: 22.34m | eta: 15.4m
step 02264/03814 (59.36%) | loss: 3.795397 | lrm: 0.64 | dt: 583.56ms | tok/sec: 92,123 | bf16_mfu: 0.00 | epoch: 1 pq: 2 rg: 46 | total time: 22.35m | eta: 15.4m
step 02265/03814 (59.39%) | loss: 3.780070 | lrm: 0.64 | dt: 583.37ms | tok/sec: 92,154 | bf16_mfu: 0.00 | epoch: 1 pq: 2 rg: 46 | total time: 22.36m | eta: 15.4m
step 02266/03814 (59.41%) | loss: 3.763356 | lrm: 0.64 | dt: 585.45ms | tok/sec: 91,826 | bf16_mfu: 0.00 | epoch: 1 pq: 2 rg: 46 | total time: 22.37m | eta: 15.4m
step 02267/03814 (59.44%) | loss: 3.781929 | lrm: 0.64 | dt: 587.97ms | tok/sec: 91,433 | bf16_mfu: 0.00 | epoch: 1 pq: 2 rg: 46 | total time: 22.38m | eta: 15.3m
step 02268/03814 (59.47%) | loss: 3.796340 | lrm: 0.64 | dt: 589.04ms | tok/sec: 91,266 | bf16_mfu: 0.00 | epoch: 1 pq: 2 rg: 46 | total time: 22.39m | eta: 15.3m
step 02269/03814 (59.49%) | loss: 3.803125 | lrm: 0.64 | dt: 584.55ms | tok/sec: 91,967 | bf16_mfu: 0.00 | epoch: 1 pq: 2 rg: 46 | total time: 22.40m | eta: 15.3m
step 02270/03814 (59.52%) | loss: 3.778556 | lrm: 0.64 | dt: 591.67ms | tok/sec: 90,860 | bf16_mfu: 0.00 | epoch: 1 pq: 2 rg: 46 | total time: 22.41m | eta: 15.3m
step 02271/03814 (59.54%) | loss: 3.775914 | lrm: 0.64 | dt: 582.30ms | tok/sec: 92,324 | bf16_mfu: 0.00 | epoch: 1 pq: 2 rg: 46 | total time: 22.42m | eta: 15.3m
step 02272/03814 (59.57%) | loss: 3.777682 | lrm: 0.64 | dt: 604.63ms | tok/sec: 88,914 | bf16_mfu: 0.00 | epoch: 1 pq: 2 rg: 47 | total time: 22.43m | eta: 15.3m
step 02273/03814 (59.60%) | loss: 3.792336 | lrm: 0.64 | dt: 589.24ms | tok/sec: 91,236 | bf16_mfu: 0.00 | epoch: 1 pq: 2 rg: 47 | total time: 22.44m | eta: 15.3m
step 02274/03814 (59.62%) | loss: 3.780784 | lrm: 0.64 | dt: 586.65ms | tok/sec: 91,638 | bf16_mfu: 0.00 | epoch: 1 pq: 2 rg: 47 | total time: 22.45m | eta: 15.3m
step 02275/03814 (59.65%) | loss: 3.786623 | lrm: 0.64 | dt: 587.95ms | tok/sec: 91,436 | bf16_mfu: 0.00 | epoch: 1 pq: 2 rg: 47 | total time: 22.46m | eta: 15.3m
step 02276/03814 (59.67%) | loss: 3.798818 | lrm: 0.64 | dt: 584.75ms | tok/sec: 91,936 | bf16_mfu: 0.00 | epoch: 1 pq: 2 rg: 47 | total time: 22.47m | eta: 15.3m
step 02277/03814 (59.70%) | loss: 3.786904 | lrm: 0.64 | dt: 587.78ms | tok/sec: 91,463 | bf16_mfu: 0.00 | epoch: 1 pq: 2 rg: 47 | total time: 22.48m | eta: 15.2m
step 02278/03814 (59.73%) | loss: 3.797963 | lrm: 0.64 | dt: 585.46ms | tok/sec: 91,825 | bf16_mfu: 0.00 | epoch: 1 pq: 2 rg: 47 | total time: 22.49m | eta: 15.2m
step 02279/03814 (59.75%) | loss: 3.789447 | lrm: 0.64 | dt: 587.80ms | tok/sec: 91,459 | bf16_mfu: 0.00 | epoch: 1 pq: 2 rg: 47 | total time: 22.50m | eta: 15.2m
step 02280/03814 (59.78%) | loss: 3.776664 | lrm: 0.64 | dt: 585.92ms | tok/sec: 91,753 | bf16_mfu: 0.00 | epoch: 1 pq: 2 rg: 47 | total time: 22.51m | eta: 15.2m
step 02281/03814 (59.81%) | loss: 3.765439 | lrm: 0.64 | dt: 587.64ms | tok/sec: 91,485 | bf16_mfu: 0.00 | epoch: 1 pq: 2 rg: 47 | total time: 22.52m | eta: 15.2m
step 02282/03814 (59.83%) | loss: 3.780146 | lrm: 0.64 | dt: 589.06ms | tok/sec: 91,263 | bf16_mfu: 0.00 | epoch: 1 pq: 2 rg: 48 | total time: 22.53m | eta: 15.2m
step 02283/03814 (59.86%) | loss: 3.791358 | lrm: 0.64 | dt: 587.12ms | tok/sec: 91,566 | bf16_mfu: 0.00 | epoch: 1 pq: 2 rg: 48 | total time: 22.54m | eta: 15.2m
step 02284/03814 (59.88%) | loss: 3.776888 | lrm: 0.64 | dt: 588.73ms | tok/sec: 91,315 | bf16_mfu: 0.00 | epoch: 1 pq: 2 rg: 48 | total time: 22.55m | eta: 15.2m
step 02285/03814 (59.91%) | loss: 3.754714 | lrm: 0.64 | dt: 584.69ms | tok/sec: 91,946 | bf16_mfu: 0.00 | epoch: 1 pq: 2 rg: 48 | total time: 22.56m | eta: 15.2m
step 02286/03814 (59.94%) | loss: 3.747720 | lrm: 0.64 | dt: 586.01ms | tok/sec: 91,739 | bf16_mfu: 0.00 | epoch: 1 pq: 2 rg: 48 | total time: 22.57m | eta: 15.2m
step 02287/03814 (59.96%) | loss: 3.747976 | lrm: 0.64 | dt: 586.02ms | tok/sec: 91,737 | bf16_mfu: 0.00 | epoch: 1 pq: 2 rg: 48 | total time: 22.58m | eta: 15.1m
step 02288/03814 (59.99%) | loss: 3.746530 | lrm: 0.63 | dt: 587.52ms | tok/sec: 91,503 | bf16_mfu: 0.00 | epoch: 1 pq: 2 rg: 48 | total time: 22.59m | eta: 15.1m
step 02289/03814 (60.02%) | loss: 3.750233 | lrm: 0.63 | dt: 591.30ms | tok/sec: 90,918 | bf16_mfu: 0.00 | epoch: 1 pq: 2 rg: 48 | total time: 22.60m | eta: 15.1m
step 02290/03814 (60.04%) | loss: 3.750261 | lrm: 0.63 | dt: 585.58ms | tok/sec: 91,807 | bf16_mfu: 0.00 | epoch: 1 pq: 2 rg: 48 | total time: 22.61m | eta: 15.1m
step 02291/03814 (60.07%) | loss: 3.737169 | lrm: 0.63 | dt: 590.36ms | tok/sec: 91,063 | bf16_mfu: 0.00 | epoch: 1 pq: 2 rg: 48 | total time: 22.62m | eta: 15.1m
step 02292/03814 (60.09%) | loss: 3.731469 | lrm: 0.63 | dt: 585.78ms | tok/sec: 91,774 | bf16_mfu: 0.00 | epoch: 1 pq: 2 rg: 49 | total time: 22.63m | eta: 15.1m
step 02293/03814 (60.12%) | loss: 3.741912 | lrm: 0.63 | dt: 626.16ms | tok/sec: 85,856 | bf16_mfu: 0.00 | epoch: 1 pq: 2 rg: 49 | total time: 22.64m | eta: 15.1m
step 02294/03814 (60.15%) | loss: 3.731572 | lrm: 0.63 | dt: 590.04ms | tok/sec: 91,113 | bf16_mfu: 0.00 | epoch: 1 pq: 2 rg: 49 | total time: 22.65m | eta: 15.1m
step 02295/03814 (60.17%) | loss: 3.739533 | lrm: 0.63 | dt: 587.70ms | tok/sec: 91,474 | bf16_mfu: 0.00 | epoch: 1 pq: 2 rg: 49 | total time: 22.66m | eta: 15.1m
step 02296/03814 (60.20%) | loss: 3.737173 | lrm: 0.63 | dt: 588.07ms | tok/sec: 91,417 | bf16_mfu: 0.00 | epoch: 1 pq: 2 rg: 49 | total time: 22.67m | eta: 15.1m
step 02297/03814 (60.23%) | loss: 3.720763 | lrm: 0.63 | dt: 590.89ms | tok/sec: 90,981 | bf16_mfu: 0.00 | epoch: 1 pq: 2 rg: 49 | total time: 22.68m | eta: 15.0m
step 02298/03814 (60.25%) | loss: 3.718352 | lrm: 0.63 | dt: 586.09ms | tok/sec: 91,726 | bf16_mfu: 0.00 | epoch: 1 pq: 2 rg: 49 | total time: 22.69m | eta: 15.0m
step 02299/03814 (60.28%) | loss: 3.726920 | lrm: 0.63 | dt: 588.26ms | tok/sec: 91,388 | bf16_mfu: 0.00 | epoch: 1 pq: 2 rg: 49 | total time: 22.70m | eta: 15.0m
step 02300/03814 (60.30%) | loss: 3.748036 | lrm: 0.63 | dt: 587.51ms | tok/sec: 91,505 | bf16_mfu: 0.00 | epoch: 1 pq: 2 rg: 49 | total time: 22.71m | eta: 15.0m
step 02301/03814 (60.33%) | loss: 3.741308 | lrm: 0.63 | dt: 589.56ms | tok/sec: 91,186 | bf16_mfu: 0.00 | epoch: 1 pq: 2 rg: 50 | total time: 22.72m | eta: 15.0m
step 02302/03814 (60.36%) | loss: 3.726481 | lrm: 0.63 | dt: 588.34ms | tok/sec: 91,375 | bf16_mfu: 0.00 | epoch: 1 pq: 2 rg: 50 | total time: 22.72m | eta: 15.0m
step 02303/03814 (60.38%) | loss: 3.728735 | lrm: 0.63 | dt: 586.66ms | tok/sec: 91,637 | bf16_mfu: 0.00 | epoch: 1 pq: 2 rg: 50 | total time: 22.73m | eta: 15.0m
step 02304/03814 (60.41%) | loss: 3.746251 | lrm: 0.63 | dt: 589.81ms | tok/sec: 91,148 | bf16_mfu: 0.00 | epoch: 1 pq: 2 rg: 50 | total time: 22.74m | eta: 15.0m
step 02305/03814 (60.44%) | loss: 3.754300 | lrm: 0.63 | dt: 586.48ms | tok/sec: 91,665 | bf16_mfu: 0.00 | epoch: 1 pq: 2 rg: 50 | total time: 22.75m | eta: 15.0m
step 02306/03814 (60.46%) | loss: 3.757130 | lrm: 0.63 | dt: 588.46ms | tok/sec: 91,357 | bf16_mfu: 0.00 | epoch: 1 pq: 2 rg: 50 | total time: 22.76m | eta: 15.0m
step 02307/03814 (60.49%) | loss: 3.731455 | lrm: 0.63 | dt: 586.14ms | tok/sec: 91,719 | bf16_mfu: 0.00 | epoch: 1 pq: 2 rg: 50 | total time: 22.77m | eta: 14.9m
step 02308/03814 (60.51%) | loss: 3.708023 | lrm: 0.63 | dt: 588.27ms | tok/sec: 91,386 | bf16_mfu: 0.00 | epoch: 1 pq: 2 rg: 50 | total time: 22.78m | eta: 14.9m
step 02309/03814 (60.54%) | loss: 3.709218 | lrm: 0.63 | dt: 589.13ms | tok/sec: 91,252 | bf16_mfu: 0.00 | epoch: 1 pq: 2 rg: 50 | total time: 22.79m | eta: 14.9m
step 02310/03814 (60.57%) | loss: 3.737357 | lrm: 0.63 | dt: 587.38ms | tok/sec: 91,525 | bf16_mfu: 0.00 | epoch: 1 pq: 2 rg: 50 | total time: 22.80m | eta: 14.9m
step 02311/03814 (60.59%) | loss: 3.756927 | lrm: 0.63 | dt: 588.24ms | tok/sec: 91,390 | bf16_mfu: 0.00 | epoch: 1 pq: 2 rg: 51 | total time: 22.81m | eta: 14.9m
step 02312/03814 (60.62%) | loss: 3.749701 | lrm: 0.63 | dt: 585.89ms | tok/sec: 91,757 | bf16_mfu: 0.00 | epoch: 1 pq: 2 rg: 51 | total time: 22.82m | eta: 14.9m
step 02313/03814 (60.64%) | loss: 3.720539 | lrm: 0.63 | dt: 587.32ms | tok/sec: 91,534 | bf16_mfu: 0.00 | epoch: 1 pq: 2 rg: 51 | total time: 22.83m | eta: 14.9m
step 02314/03814 (60.67%) | loss: 3.692786 | lrm: 0.62 | dt: 587.93ms | tok/sec: 91,440 | bf16_mfu: 0.00 | epoch: 1 pq: 2 rg: 51 | total time: 22.84m | eta: 14.9m
step 02315/03814 (60.70%) | loss: 3.689983 | lrm: 0.62 | dt: 588.05ms | tok/sec: 91,420 | bf16_mfu: 0.00 | epoch: 1 pq: 2 rg: 51 | total time: 22.85m | eta: 14.9m
step 02316/03814 (60.72%) | loss: 3.712329 | lrm: 0.62 | dt: 586.23ms | tok/sec: 91,705 | bf16_mfu: 0.00 | epoch: 1 pq: 2 rg: 51 | total time: 22.86m | eta: 14.9m
step 02317/03814 (60.75%) | loss: 3.729925 | lrm: 0.62 | dt: 588.89ms | tok/sec: 91,289 | bf16_mfu: 0.00 | epoch: 1 pq: 2 rg: 51 | total time: 22.87m | eta: 14.8m
step 02318/03814 (60.78%) | loss: 3.745425 | lrm: 0.62 | dt: 588.32ms | tok/sec: 91,378 | bf16_mfu: 0.00 | epoch: 1 pq: 2 rg: 51 | total time: 22.88m | eta: 14.8m
step 02319/03814 (60.80%) | loss: 3.741118 | lrm: 0.62 | dt: 587.91ms | tok/sec: 91,442 | bf16_mfu: 0.00 | epoch: 1 pq: 2 rg: 51 | total time: 22.89m | eta: 14.8m
step 02320/03814 (60.83%) | loss: 3.735479 | lrm: 0.62 | dt: 587.35ms | tok/sec: 91,529 | bf16_mfu: 0.00 | epoch: 1 pq: 2 rg: 51 | total time: 22.90m | eta: 14.8m
step 02321/03814 (60.85%) | loss: 3.751882 | lrm: 0.62 | dt: 587.73ms | tok/sec: 91,470 | bf16_mfu: 0.00 | epoch: 1 pq: 2 rg: 52 | total time: 22.91m | eta: 14.8m
step 02322/03814 (60.88%) | loss: 3.738466 | lrm: 0.62 | dt: 587.38ms | tok/sec: 91,525 | bf16_mfu: 0.00 | epoch: 1 pq: 2 rg: 52 | total time: 22.92m | eta: 14.8m
step 02323/03814 (60.91%) | loss: 3.723307 | lrm: 0.62 | dt: 592.67ms | tok/sec: 90,708 | bf16_mfu: 0.00 | epoch: 1 pq: 2 rg: 52 | total time: 22.93m | eta: 14.8m
step 02324/03814 (60.93%) | loss: 3.702798 | lrm: 0.62 | dt: 585.51ms | tok/sec: 91,817 | bf16_mfu: 0.00 | epoch: 1 pq: 2 rg: 52 | total time: 22.94m | eta: 14.8m
step 02325/03814 (60.96%) | loss: 3.708708 | lrm: 0.62 | dt: 590.67ms | tok/sec: 91,015 | bf16_mfu: 0.00 | epoch: 1 pq: 2 rg: 52 | total time: 22.95m | eta: 14.8m
step 02326/03814 (60.99%) | loss: 3.723963 | lrm: 0.62 | dt: 584.00ms | tok/sec: 92,055 | bf16_mfu: 0.00 | epoch: 1 pq: 2 rg: 52 | total time: 22.96m | eta: 14.8m
step 02327/03814 (61.01%) | loss: 3.732839 | lrm: 0.62 | dt: 591.15ms | tok/sec: 90,941 | bf16_mfu: 0.00 | epoch: 1 pq: 2 rg: 52 | total time: 22.97m | eta: 14.7m
step 02328/03814 (61.04%) | loss: 3.728842 | lrm: 0.62 | dt: 610.28ms | tok/sec: 88,091 | bf16_mfu: 0.00 | epoch: 1 pq: 2 rg: 52 | total time: 22.98m | eta: 14.7m
step 02329/03814 (61.06%) | loss: 3.708487 | lrm: 0.62 | dt: 585.15ms | tok/sec: 91,874 | bf16_mfu: 0.00 | epoch: 1 pq: 2 rg: 52 | total time: 22.99m | eta: 14.7m
step 02330/03814 (61.09%) | loss: 3.717187 | lrm: 0.62 | dt: 587.23ms | tok/sec: 91,548 | bf16_mfu: 0.00 | epoch: 1 pq: 2 rg: 52 | total time: 23.00m | eta: 14.7m
step 02331/03814 (61.12%) | loss: 3.724353 | lrm: 0.62 | dt: 590.30ms | tok/sec: 91,072 | bf16_mfu: 0.00 | epoch: 1 pq: 2 rg: 53 | total time: 23.01m | eta: 14.7m
step 02332/03814 (61.14%) | loss: 3.751784 | lrm: 0.62 | dt: 586.79ms | tok/sec: 91,617 | bf16_mfu: 0.00 | epoch: 1 pq: 2 rg: 53 | total time: 23.02m | eta: 14.7m
step 02333/03814 (61.17%) | loss: 3.752660 | lrm: 0.62 | dt: 584.05ms | tok/sec: 92,046 | bf16_mfu: 0.00 | epoch: 1 pq: 2 rg: 53 | total time: 23.03m | eta: 14.7m
step 02334/03814 (61.20%) | loss: 3.741913 | lrm: 0.62 | dt: 583.65ms | tok/sec: 92,109 | bf16_mfu: 0.00 | epoch: 1 pq: 2 rg: 53 | total time: 23.04m | eta: 14.7m
step 02335/03814 (61.22%) | loss: 3.736552 | lrm: 0.62 | dt: 590.63ms | tok/sec: 91,021 | bf16_mfu: 0.00 | epoch: 1 pq: 2 rg: 53 | total time: 23.05m | eta: 14.7m
step 02336/03814 (61.25%) | loss: 3.763388 | lrm: 0.62 | dt: 586.00ms | tok/sec: 91,740 | bf16_mfu: 0.00 | epoch: 1 pq: 2 rg: 53 | total time: 23.06m | eta: 14.7m
step 02337/03814 (61.27%) | loss: 3.762732 | lrm: 0.62 | dt: 586.96ms | tok/sec: 91,590 | bf16_mfu: 0.00 | epoch: 1 pq: 2 rg: 53 | total time: 23.07m | eta: 14.6m
step 02338/03814 (61.30%) | loss: 3.762089 | lrm: 0.62 | dt: 592.41ms | tok/sec: 90,748 | bf16_mfu: 0.00 | epoch: 1 pq: 2 rg: 53 | total time: 23.08m | eta: 14.6m
step 02339/03814 (61.33%) | loss: 3.753299 | lrm: 0.62 | dt: 580.42ms | tok/sec: 92,622 | bf16_mfu: 0.00 | epoch: 1 pq: 2 rg: 53 | total time: 23.09m | eta: 14.6m
step 02340/03814 (61.35%) | loss: 3.759169 | lrm: 0.61 | dt: 590.97ms | tok/sec: 90,968 | bf16_mfu: 0.00 | epoch: 1 pq: 2 rg: 53 | total time: 23.10m | eta: 14.6m
step 02341/03814 (61.38%) | loss: 3.770920 | lrm: 0.61 | dt: 587.37ms | tok/sec: 91,526 | bf16_mfu: 0.00 | epoch: 1 pq: 2 rg: 54 | total time: 23.11m | eta: 14.6m
step 02342/03814 (61.41%) | loss: 3.770596 | lrm: 0.61 | dt: 589.49ms | tok/sec: 91,197 | bf16_mfu: 0.00 | epoch: 1 pq: 2 rg: 54 | total time: 23.12m | eta: 14.6m
step 02343/03814 (61.43%) | loss: 3.756672 | lrm: 0.61 | dt: 583.42ms | tok/sec: 92,146 | bf16_mfu: 0.00 | epoch: 1 pq: 2 rg: 54 | total time: 23.13m | eta: 14.6m
step 02344/03814 (61.46%) | loss: 3.740693 | lrm: 0.61 | dt: 594.14ms | tok/sec: 90,484 | bf16_mfu: 0.00 | epoch: 1 pq: 2 rg: 54 | total time: 23.14m | eta: 14.6m
step 02345/03814 (61.48%) | loss: 3.739411 | lrm: 0.61 | dt: 576.10ms | tok/sec: 93,316 | bf16_mfu: 0.00 | epoch: 1 pq: 2 rg: 54 | total time: 23.15m | eta: 14.6m
step 02346/03814 (61.51%) | loss: 3.743420 | lrm: 0.61 | dt: 645.14ms | tok/sec: 83,331 | bf16_mfu: 0.00 | epoch: 1 pq: 2 rg: 54 | total time: 23.16m | eta: 14.6m
step 02347/03814 (61.54%) | loss: 3.740214 | lrm: 0.61 | dt: 591.85ms | tok/sec: 90,833 | bf16_mfu: 0.00 | epoch: 1 pq: 2 rg: 54 | total time: 23.17m | eta: 14.5m
step 02348/03814 (61.56%) | loss: 3.733539 | lrm: 0.61 | dt: 593.91ms | tok/sec: 90,518 | bf16_mfu: 0.00 | epoch: 1 pq: 2 rg: 54 | total time: 23.18m | eta: 14.5m
step 02349/03814 (61.59%) | loss: 3.735107 | lrm: 0.61 | dt: 577.34ms | tok/sec: 93,117 | bf16_mfu: 0.00 | epoch: 1 pq: 2 rg: 54 | total time: 23.19m | eta: 14.5m
step 02350/03814 (61.62%) | loss: 3.736368 | lrm: 0.61 | dt: 593.99ms | tok/sec: 90,506 | bf16_mfu: 0.00 | epoch: 1 pq: 2 rg: 54 | total time: 23.20m | eta: 14.5m
step 02351/03814 (61.64%) | loss: 3.735914 | lrm: 0.61 | dt: 591.06ms | tok/sec: 90,955 | bf16_mfu: 0.00 | epoch: 1 pq: 2 rg: 55 | total time: 23.21m | eta: 14.5m
step 02352/03814 (61.67%) | loss: 3.748347 | lrm: 0.61 | dt: 583.47ms | tok/sec: 92,139 | bf16_mfu: 0.00 | epoch: 1 pq: 2 rg: 55 | total time: 23.22m | eta: 14.5m
step 02353/03814 (61.69%) | loss: 3.728851 | lrm: 0.61 | dt: 583.01ms | tok/sec: 92,210 | bf16_mfu: 0.00 | epoch: 1 pq: 2 rg: 55 | total time: 23.23m | eta: 14.5m
step 02354/03814 (61.72%) | loss: 3.724756 | lrm: 0.61 | dt: 582.62ms | tok/sec: 92,272 | bf16_mfu: 0.00 | epoch: 1 pq: 2 rg: 55 | total time: 23.24m | eta: 14.5m
step 02355/03814 (61.75%) | loss: 3.703257 | lrm: 0.61 | dt: 585.17ms | tok/sec: 91,871 | bf16_mfu: 0.00 | epoch: 1 pq: 2 rg: 55 | total time: 23.25m | eta: 14.5m
step 02356/03814 (61.77%) | loss: 3.709845 | lrm: 0.61 | dt: 586.17ms | tok/sec: 91,713 | bf16_mfu: 0.00 | epoch: 1 pq: 2 rg: 55 | total time: 23.25m | eta: 14.5m
step 02357/03814 (61.80%) | loss: 3.734579 | lrm: 0.61 | dt: 586.18ms | tok/sec: 91,712 | bf16_mfu: 0.00 | epoch: 1 pq: 2 rg: 55 | total time: 23.26m | eta: 14.4m
step 02358/03814 (61.82%) | loss: 3.737876 | lrm: 0.61 | dt: 589.02ms | tok/sec: 91,270 | bf16_mfu: 0.00 | epoch: 1 pq: 2 rg: 55 | total time: 23.27m | eta: 14.4m
step 02359/03814 (61.85%) | loss: 3.731851 | lrm: 0.61 | dt: 588.87ms | tok/sec: 91,293 | bf16_mfu: 0.00 | epoch: 1 pq: 2 rg: 55 | total time: 23.28m | eta: 14.4m
step 02360/03814 (61.88%) | loss: 3.724967 | lrm: 0.61 | dt: 591.44ms | tok/sec: 90,897 | bf16_mfu: 0.00 | epoch: 1 pq: 2 rg: 55 | total time: 23.29m | eta: 14.4m
step 02361/03814 (61.90%) | loss: 3.730256 | lrm: 0.61 | dt: 591.41ms | tok/sec: 90,901 | bf16_mfu: 0.00 | epoch: 1 pq: 2 rg: 56 | total time: 23.30m | eta: 14.4m
step 02362/03814 (61.93%) | loss: 3.741440 | lrm: 0.61 | dt: 587.76ms | tok/sec: 91,465 | bf16_mfu: 0.00 | epoch: 1 pq: 2 rg: 56 | total time: 23.31m | eta: 14.4m
step 02363/03814 (61.96%) | loss: 3.723802 | lrm: 0.61 | dt: 594.38ms | tok/sec: 90,447 | bf16_mfu: 0.00 | epoch: 1 pq: 2 rg: 56 | total time: 23.32m | eta: 14.4m
step 02364/03814 (61.98%) | loss: 3.717128 | lrm: 0.61 | dt: 586.74ms | tok/sec: 91,625 | bf16_mfu: 0.00 | epoch: 1 pq: 2 rg: 56 | total time: 23.33m | eta: 14.4m
step 02365/03814 (62.01%) | loss: 3.713874 | lrm: 0.61 | dt: 587.06ms | tok/sec: 91,575 | bf16_mfu: 0.00 | epoch: 1 pq: 2 rg: 56 | total time: 23.34m | eta: 14.4m
step 02366/03814 (62.03%) | loss: 3.727044 | lrm: 0.60 | dt: 591.18ms | tok/sec: 90,936 | bf16_mfu: 0.00 | epoch: 1 pq: 2 rg: 56 | total time: 23.35m | eta: 14.4m
step 02367/03814 (62.06%) | loss: 3.748615 | lrm: 0.60 | dt: 595.81ms | tok/sec: 90,230 | bf16_mfu: 0.00 | epoch: 1 pq: 2 rg: 56 | total time: 23.36m | eta: 14.3m
step 02368/03814 (62.09%) | loss: 3.749863 | lrm: 0.60 | dt: 614.97ms | tok/sec: 87,418 | bf16_mfu: 0.00 | epoch: 1 pq: 2 rg: 56 | total time: 23.37m | eta: 14.3m
step 02369/03814 (62.11%) | loss: 3.735324 | lrm: 0.60 | dt: 598.89ms | tok/sec: 89,765 | bf16_mfu: 0.00 | epoch: 1 pq: 2 rg: 56 | total time: 23.38m | eta: 14.3m
step 02370/03814 (62.14%) | loss: 3.720157 | lrm: 0.60 | dt: 582.21ms | tok/sec: 92,337 | bf16_mfu: 0.00 | epoch: 1 pq: 2 rg: 56 | total time: 23.39m | eta: 14.3m
step 02371/03814 (62.17%) | loss: 3.749741 | lrm: 0.60 | dt: 595.77ms | tok/sec: 90,235 | bf16_mfu: 0.00 | epoch: 1 pq: 2 rg: 57 | total time: 23.40m | eta: 14.3m
step 02372/03814 (62.19%) | loss: 3.761065 | lrm: 0.60 | dt: 654.37ms | tok/sec: 82,155 | bf16_mfu: 0.00 | epoch: 1 pq: 2 rg: 57 | total time: 23.41m | eta: 14.3m
step 02373/03814 (62.22%) | loss: 3.754006 | lrm: 0.60 | dt: 588.02ms | tok/sec: 91,425 | bf16_mfu: 0.00 | epoch: 1 pq: 2 rg: 57 | total time: 23.42m | eta: 14.3m
step 02374/03814 (62.24%) | loss: 3.738285 | lrm: 0.60 | dt: 589.02ms | tok/sec: 91,270 | bf16_mfu: 0.00 | epoch: 1 pq: 2 rg: 57 | total time: 23.43m | eta: 14.3m
step 02375/03814 (62.27%) | loss: 3.730589 | lrm: 0.60 | dt: 591.11ms | tok/sec: 90,947 | bf16_mfu: 0.00 | epoch: 1 pq: 2 rg: 57 | total time: 23.44m | eta: 14.3m
step 02376/03814 (62.30%) | loss: 3.750196 | lrm: 0.60 | dt: 581.45ms | tok/sec: 92,458 | bf16_mfu: 0.00 | epoch: 1 pq: 2 rg: 57 | total time: 23.45m | eta: 14.3m
step 02377/03814 (62.32%) | loss: 3.779653 | lrm: 0.60 | dt: 600.78ms | tok/sec: 89,484 | bf16_mfu: 0.00 | epoch: 1 pq: 2 rg: 57 | total time: 23.46m | eta: 14.2m
step 02378/03814 (62.35%) | loss: 3.765147 | lrm: 0.60 | dt: 589.20ms | tok/sec: 91,242 | bf16_mfu: 0.00 | epoch: 1 pq: 2 rg: 57 | total time: 23.47m | eta: 14.2m
step 02379/03814 (62.38%) | loss: 3.761891 | lrm: 0.60 | dt: 608.73ms | tok/sec: 88,314 | bf16_mfu: 0.00 | epoch: 1 pq: 2 rg: 57 | total time: 23.48m | eta: 14.2m
step 02380/03814 (62.40%) | loss: 3.743896 | lrm: 0.60 | dt: 593.73ms | tok/sec: 90,545 | bf16_mfu: 0.00 | epoch: 1 pq: 2 rg: 57 | total time: 23.49m | eta: 14.2m
step 02381/03814 (62.43%) | loss: 3.748470 | lrm: 0.60 | dt: 601.83ms | tok/sec: 89,327 | bf16_mfu: 0.00 | epoch: 1 pq: 2 rg: 58 | total time: 23.50m | eta: 14.2m
step 02382/03814 (62.45%) | loss: 3.748711 | lrm: 0.60 | dt: 588.68ms | tok/sec: 91,323 | bf16_mfu: 0.00 | epoch: 1 pq: 2 rg: 58 | total time: 23.51m | eta: 14.2m
step 02383/03814 (62.48%) | loss: 3.752692 | lrm: 0.60 | dt: 594.50ms | tok/sec: 90,428 | bf16_mfu: 0.00 | epoch: 1 pq: 2 rg: 58 | total time: 23.52m | eta: 14.2m
step 02384/03814 (62.51%) | loss: 3.745542 | lrm: 0.60 | dt: 584.17ms | tok/sec: 92,028 | bf16_mfu: 0.00 | epoch: 1 pq: 2 rg: 58 | total time: 23.53m | eta: 14.2m
step 02385/03814 (62.53%) | loss: 3.730690 | lrm: 0.60 | dt: 585.87ms | tok/sec: 91,760 | bf16_mfu: 0.00 | epoch: 1 pq: 2 rg: 58 | total time: 23.54m | eta: 14.2m
step 02386/03814 (62.56%) | loss: 3.744838 | lrm: 0.60 | dt: 594.30ms | tok/sec: 90,459 | bf16_mfu: 0.00 | epoch: 1 pq: 2 rg: 58 | total time: 23.55m | eta: 14.2m
step 02387/03814 (62.59%) | loss: 3.741962 | lrm: 0.60 | dt: 577.52ms | tok/sec: 93,086 | bf16_mfu: 0.00 | epoch: 1 pq: 2 rg: 58 | total time: 23.56m | eta: 14.1m
step 02388/03814 (62.61%) | loss: 3.737065 | lrm: 0.60 | dt: 594.12ms | tok/sec: 90,486 | bf16_mfu: 0.00 | epoch: 1 pq: 2 rg: 58 | total time: 23.57m | eta: 14.1m
step 02389/03814 (62.64%) | loss: 3.730154 | lrm: 0.60 | dt: 585.32ms | tok/sec: 91,846 | bf16_mfu: 0.00 | epoch: 1 pq: 2 rg: 58 | total time: 23.58m | eta: 14.1m
step 02390/03814 (62.66%) | loss: 3.733811 | lrm: 0.60 | dt: 591.74ms | tok/sec: 90,850 | bf16_mfu: 0.00 | epoch: 1 pq: 2 rg: 58 | total time: 23.59m | eta: 14.1m
step 02391/03814 (62.69%) | loss: 3.751594 | lrm: 0.60 | dt: 576.18ms | tok/sec: 93,304 | bf16_mfu: 0.00 | epoch: 1 pq: 2 rg: 59 | total time: 23.60m | eta: 14.1m
step 02392/03814 (62.72%) | loss: 3.752000 | lrm: 0.59 | dt: 590.57ms | tok/sec: 91,030 | bf16_mfu: 0.00 | epoch: 1 pq: 2 rg: 59 | total time: 23.61m | eta: 14.1m
step 02393/03814 (62.74%) | loss: 3.731175 | lrm: 0.59 | dt: 595.02ms | tok/sec: 90,349 | bf16_mfu: 0.00 | epoch: 1 pq: 2 rg: 59 | total time: 23.62m | eta: 14.1m
step 02394/03814 (62.77%) | loss: 3.712428 | lrm: 0.59 | dt: 581.18ms | tok/sec: 92,502 | bf16_mfu: 0.00 | epoch: 1 pq: 2 rg: 59 | total time: 23.63m | eta: 14.1m
step 02395/03814 (62.79%) | loss: 3.673411 | lrm: 0.59 | dt: 601.93ms | tok/sec: 89,312 | bf16_mfu: 0.00 | epoch: 1 pq: 2 rg: 59 | total time: 23.64m | eta: 14.1m
step 02396/03814 (62.82%) | loss: 3.676279 | lrm: 0.59 | dt: 589.23ms | tok/sec: 91,238 | bf16_mfu: 0.00 | epoch: 1 pq: 2 rg: 59 | total time: 23.65m | eta: 14.1m
step 02397/03814 (62.85%) | loss: 3.686237 | lrm: 0.59 | dt: 589.51ms | tok/sec: 91,194 | bf16_mfu: 0.00 | epoch: 1 pq: 2 rg: 59 | total time: 23.66m | eta: 14.0m
step 02398/03814 (62.87%) | loss: 3.676515 | lrm: 0.59 | dt: 589.21ms | tok/sec: 91,240 | bf16_mfu: 0.00 | epoch: 1 pq: 2 rg: 59 | total time: 23.67m | eta: 14.0m
step 02399/03814 (62.90%) | loss: 3.689010 | lrm: 0.59 | dt: 585.68ms | tok/sec: 91,790 | bf16_mfu: 0.00 | epoch: 1 pq: 2 rg: 59 | total time: 23.68m | eta: 14.0m
step 02400/03814 (62.93%) | loss: 3.666553 | lrm: 0.59 | dt: 587.97ms | tok/sec: 91,433 | bf16_mfu: 0.00 | epoch: 1 pq: 2 rg: 59 | total time: 23.69m | eta: 14.0m
step 02401/03814 (62.95%) | loss: 3.681978 | lrm: 0.59 | dt: 726.25ms | tok/sec: 74,024 | bf16_mfu: 0.00 | epoch: 1 pq: 2 rg: 60 | total time: 23.70m | eta: 14.0m
step 02402/03814 (62.98%) | loss: 3.692946 | lrm: 0.59 | dt: 587.10ms | tok/sec: 91,569 | bf16_mfu: 0.00 | epoch: 1 pq: 2 rg: 60 | total time: 23.71m | eta: 14.0m
step 02403/03814 (63.00%) | loss: 3.712413 | lrm: 0.59 | dt: 591.22ms | tok/sec: 90,930 | bf16_mfu: 0.00 | epoch: 1 pq: 2 rg: 60 | total time: 23.72m | eta: 14.0m
step 02404/03814 (63.03%) | loss: 3.697697 | lrm: 0.59 | dt: 641.22ms | tok/sec: 83,840 | bf16_mfu: 0.00 | epoch: 1 pq: 2 rg: 60 | total time: 23.73m | eta: 14.0m
step 02405/03814 (63.06%) | loss: 3.679934 | lrm: 0.59 | dt: 587.56ms | tok/sec: 91,496 | bf16_mfu: 0.00 | epoch: 1 pq: 2 rg: 60 | total time: 23.74m | eta: 14.0m
step 02406/03814 (63.08%) | loss: 3.695272 | lrm: 0.59 | dt: 682.05ms | tok/sec: 78,821 | bf16_mfu: 0.00 | epoch: 1 pq: 2 rg: 60 | total time: 23.75m | eta: 14.0m
step 02407/03814 (63.11%) | loss: 3.690096 | lrm: 0.59 | dt: 585.10ms | tok/sec: 91,881 | bf16_mfu: 0.00 | epoch: 1 pq: 2 rg: 60 | total time: 23.76m | eta: 13.9m
step 02408/03814 (63.14%) | loss: 3.678397 | lrm: 0.59 | dt: 586.85ms | tok/sec: 91,608 | bf16_mfu: 0.00 | epoch: 1 pq: 2 rg: 60 | total time: 23.77m | eta: 13.9m
step 02409/03814 (63.16%) | loss: 3.690900 | lrm: 0.59 | dt: 588.34ms | tok/sec: 91,375 | bf16_mfu: 0.00 | epoch: 1 pq: 2 rg: 60 | total time: 23.78m | eta: 13.9m
step 02410/03814 (63.19%) | loss: 3.687828 | lrm: 0.59 | dt: 575.10ms | tok/sec: 93,479 | bf16_mfu: 0.00 | epoch: 1 pq: 2 rg: 60 | total time: 23.79m | eta: 13.9m
step 02411/03814 (63.21%) | loss: 3.702531 | lrm: 0.59 | dt: 586.48ms | tok/sec: 91,666 | bf16_mfu: 0.00 | epoch: 1 pq: 2 rg: 61 | total time: 23.80m | eta: 13.9m
step 02412/03814 (63.24%) | loss: 3.716992 | lrm: 0.59 | dt: 588.72ms | tok/sec: 91,317 | bf16_mfu: 0.00 | epoch: 1 pq: 2 rg: 61 | total time: 23.81m | eta: 13.9m
step 02413/03814 (63.27%) | loss: 3.713977 | lrm: 0.59 | dt: 589.33ms | tok/sec: 91,222 | bf16_mfu: 0.00 | epoch: 1 pq: 2 rg: 61 | total time: 23.82m | eta: 13.9m
step 02414/03814 (63.29%) | loss: 3.704974 | lrm: 0.59 | dt: 585.83ms | tok/sec: 91,767 | bf16_mfu: 0.00 | epoch: 1 pq: 2 rg: 61 | total time: 23.83m | eta: 13.9m
step 02415/03814 (63.32%) | loss: 3.707566 | lrm: 0.59 | dt: 586.22ms | tok/sec: 91,705 | bf16_mfu: 0.00 | epoch: 1 pq: 2 rg: 61 | total time: 23.84m | eta: 13.9m
step 02416/03814 (63.35%) | loss: 3.731732 | lrm: 0.59 | dt: 587.17ms | tok/sec: 91,557 | bf16_mfu: 0.00 | epoch: 1 pq: 2 rg: 61 | total time: 23.85m | eta: 13.9m
step 02417/03814 (63.37%) | loss: 3.736382 | lrm: 0.59 | dt: 586.87ms | tok/sec: 91,604 | bf16_mfu: 0.00 | epoch: 1 pq: 2 rg: 61 | total time: 23.86m | eta: 13.8m
step 02418/03814 (63.40%) | loss: 3.734318 | lrm: 0.58 | dt: 586.53ms | tok/sec: 91,658 | bf16_mfu: 0.00 | epoch: 1 pq: 2 rg: 61 | total time: 23.87m | eta: 13.8m
step 02419/03814 (63.42%) | loss: 3.720265 | lrm: 0.58 | dt: 587.79ms | tok/sec: 91,460 | bf16_mfu: 0.00 | epoch: 1 pq: 2 rg: 61 | total time: 23.88m | eta: 13.8m
step 02420/03814 (63.45%) | loss: 3.711563 | lrm: 0.58 | dt: 590.81ms | tok/sec: 90,993 | bf16_mfu: 0.00 | epoch: 1 pq: 2 rg: 61 | total time: 23.89m | eta: 13.8m
step 02421/03814 (63.48%) | loss: 3.719171 | lrm: 0.58 | dt: 585.03ms | tok/sec: 91,892 | bf16_mfu: 0.00 | epoch: 1 pq: 2 rg: 62 | total time: 23.90m | eta: 13.8m
step 02422/03814 (63.50%) | loss: 3.721574 | lrm: 0.58 | dt: 590.17ms | tok/sec: 91,092 | bf16_mfu: 0.00 | epoch: 1 pq: 2 rg: 62 | total time: 23.91m | eta: 13.8m
step 02423/03814 (63.53%) | loss: 3.718205 | lrm: 0.58 | dt: 585.02ms | tok/sec: 91,895 | bf16_mfu: 0.00 | epoch: 1 pq: 2 rg: 62 | total time: 23.92m | eta: 13.8m
step 02424/03814 (63.56%) | loss: 3.725585 | lrm: 0.58 | dt: 586.95ms | tok/sec: 91,592 | bf16_mfu: 0.00 | epoch: 1 pq: 2 rg: 62 | total time: 23.93m | eta: 13.8m
step 02425/03814 (63.58%) | loss: 3.736350 | lrm: 0.58 | dt: 588.25ms | tok/sec: 91,390 | bf16_mfu: 0.00 | epoch: 1 pq: 2 rg: 62 | total time: 23.94m | eta: 13.8m
step 02426/03814 (63.61%) | loss: 3.739049 | lrm: 0.58 | dt: 586.98ms | tok/sec: 91,587 | bf16_mfu: 0.00 | epoch: 1 pq: 2 rg: 62 | total time: 23.95m | eta: 13.8m
step 02427/03814 (63.63%) | loss: 3.729224 | lrm: 0.58 | dt: 601.43ms | tok/sec: 89,387 | bf16_mfu: 0.00 | epoch: 1 pq: 2 rg: 62 | total time: 23.96m | eta: 13.7m
step 02428/03814 (63.66%) | loss: 3.714603 | lrm: 0.58 | dt: 574.57ms | tok/sec: 93,566 | bf16_mfu: 0.00 | epoch: 1 pq: 2 rg: 62 | total time: 23.97m | eta: 13.7m
step 02429/03814 (63.69%) | loss: 3.708989 | lrm: 0.58 | dt: 586.10ms | tok/sec: 91,725 | bf16_mfu: 0.00 | epoch: 1 pq: 2 rg: 62 | total time: 23.98m | eta: 13.7m
step 02430/03814 (63.71%) | loss: 3.711955 | lrm: 0.58 | dt: 588.03ms | tok/sec: 91,424 | bf16_mfu: 0.00 | epoch: 1 pq: 2 rg: 62 | total time: 23.99m | eta: 13.7m
step 02431/03814 (63.74%) | loss: 3.728859 | lrm: 0.58 | dt: 617.60ms | tok/sec: 87,047 | bf16_mfu: 0.00 | epoch: 1 pq: 2 rg: 63 | total time: 24.00m | eta: 13.7m
step 02432/03814 (63.77%) | loss: 3.737563 | lrm: 0.58 | dt: 577.76ms | tok/sec: 93,048 | bf16_mfu: 0.00 | epoch: 1 pq: 2 rg: 63 | total time: 24.01m | eta: 13.7m
step 02433/03814 (63.79%) | loss: 3.737362 | lrm: 0.58 | dt: 586.49ms | tok/sec: 91,663 | bf16_mfu: 0.00 | epoch: 1 pq: 2 rg: 63 | total time: 24.02m | eta: 13.7m
step 02434/03814 (63.82%) | loss: 3.751917 | lrm: 0.58 | dt: 587.64ms | tok/sec: 91,484 | bf16_mfu: 0.00 | epoch: 1 pq: 2 rg: 63 | total time: 24.03m | eta: 13.7m
step 02435/03814 (63.84%) | loss: 3.765956 | lrm: 0.58 | dt: 581.34ms | tok/sec: 92,475 | bf16_mfu: 0.00 | epoch: 1 pq: 2 rg: 63 | total time: 24.04m | eta: 13.7m
step 02436/03814 (63.87%) | loss: 3.769485 | lrm: 0.58 | dt: 579.22ms | tok/sec: 92,814 | bf16_mfu: 0.00 | epoch: 1 pq: 2 rg: 63 | total time: 24.05m | eta: 13.7m
step 02437/03814 (63.90%) | loss: 3.762765 | lrm: 0.58 | dt: 584.99ms | tok/sec: 91,898 | bf16_mfu: 0.00 | epoch: 1 pq: 2 rg: 63 | total time: 24.06m | eta: 13.6m
step 02438/03814 (63.92%) | loss: 3.746081 | lrm: 0.58 | dt: 584.98ms | tok/sec: 91,900 | bf16_mfu: 0.00 | epoch: 1 pq: 2 rg: 63 | total time: 24.07m | eta: 13.6m
step 02439/03814 (63.95%) | loss: 3.745408 | lrm: 0.58 | dt: 586.19ms | tok/sec: 91,711 | bf16_mfu: 0.00 | epoch: 1 pq: 2 rg: 63 | total time: 24.08m | eta: 13.6m
step 02440/03814 (63.97%) | loss: 3.760413 | lrm: 0.58 | dt: 586.23ms | tok/sec: 91,704 | bf16_mfu: 0.00 | epoch: 1 pq: 2 rg: 63 | total time: 24.09m | eta: 13.6m
step 02441/03814 (64.00%) | loss: 3.750695 | lrm: 0.58 | dt: 669.45ms | tok/sec: 80,304 | bf16_mfu: 0.00 | epoch: 1 pq: 2 rg: 64 | total time: 24.10m | eta: 13.6m
step 02442/03814 (64.03%) | loss: 3.740688 | lrm: 0.58 | dt: 586.48ms | tok/sec: 91,665 | bf16_mfu: 0.00 | epoch: 1 pq: 2 rg: 64 | total time: 24.11m | eta: 13.6m
step 02443/03814 (64.05%) | loss: 3.723490 | lrm: 0.58 | dt: 587.24ms | tok/sec: 91,546 | bf16_mfu: 0.00 | epoch: 1 pq: 2 rg: 64 | total time: 24.12m | eta: 13.6m
step 02444/03814 (64.08%) | loss: 3.725737 | lrm: 0.58 | dt: 587.36ms | tok/sec: 91,527 | bf16_mfu: 0.00 | epoch: 1 pq: 2 rg: 64 | total time: 24.13m | eta: 13.6m
step 02445/03814 (64.11%) | loss: 3.733240 | lrm: 0.57 | dt: 587.94ms | tok/sec: 91,437 | bf16_mfu: 0.00 | epoch: 1 pq: 2 rg: 64 | total time: 24.14m | eta: 13.6m
step 02446/03814 (64.13%) | loss: 3.728915 | lrm: 0.57 | dt: 586.01ms | tok/sec: 91,738 | bf16_mfu: 0.00 | epoch: 1 pq: 2 rg: 64 | total time: 24.15m | eta: 13.6m
step 02447/03814 (64.16%) | loss: 3.712108 | lrm: 0.57 | dt: 587.88ms | tok/sec: 91,447 | bf16_mfu: 0.00 | epoch: 1 pq: 2 rg: 64 | total time: 24.16m | eta: 13.5m
step 02448/03814 (64.18%) | loss: 3.726613 | lrm: 0.57 | dt: 587.34ms | tok/sec: 91,531 | bf16_mfu: 0.00 | epoch: 1 pq: 2 rg: 64 | total time: 24.17m | eta: 13.5m
step 02449/03814 (64.21%) | loss: 3.739297 | lrm: 0.57 | dt: 588.81ms | tok/sec: 91,302 | bf16_mfu: 0.00 | epoch: 1 pq: 2 rg: 64 | total time: 24.17m | eta: 13.5m
step 02450/03814 (64.24%) | loss: 3.730540 | lrm: 0.57 | dt: 586.73ms | tok/sec: 91,625 | bf16_mfu: 0.00 | epoch: 1 pq: 2 rg: 64 | total time: 24.18m | eta: 13.5m
step 02451/03814 (64.26%) | loss: 3.722018 | lrm: 0.57 | dt: 593.94ms | tok/sec: 90,513 | bf16_mfu: 0.00 | epoch: 1 pq: 2 rg: 65 | total time: 24.19m | eta: 13.5m
step 02452/03814 (64.29%) | loss: 3.710708 | lrm: 0.57 | dt: 580.83ms | tok/sec: 92,556 | bf16_mfu: 0.00 | epoch: 1 pq: 2 rg: 65 | total time: 24.20m | eta: 13.5m
step 02453/03814 (64.32%) | loss: 3.719439 | lrm: 0.57 | dt: 586.71ms | tok/sec: 91,629 | bf16_mfu: 0.00 | epoch: 1 pq: 2 rg: 65 | total time: 24.21m | eta: 13.5m
step 02454/03814 (64.34%) | loss: 3.701765 | lrm: 0.57 | dt: 584.99ms | tok/sec: 91,899 | bf16_mfu: 0.00 | epoch: 1 pq: 2 rg: 65 | total time: 24.22m | eta: 13.5m
step 02455/03814 (64.37%) | loss: 3.691233 | lrm: 0.57 | dt: 592.73ms | tok/sec: 90,699 | bf16_mfu: 0.00 | epoch: 1 pq: 2 rg: 65 | total time: 24.23m | eta: 13.5m
step 02456/03814 (64.39%) | loss: 3.681860 | lrm: 0.57 | dt: 583.05ms | tok/sec: 92,205 | bf16_mfu: 0.00 | epoch: 1 pq: 2 rg: 65 | total time: 24.24m | eta: 13.5m
step 02457/03814 (64.42%) | loss: 3.671313 | lrm: 0.57 | dt: 588.07ms | tok/sec: 91,417 | bf16_mfu: 0.00 | epoch: 1 pq: 2 rg: 65 | total time: 24.25m | eta: 13.4m
step 02458/03814 (64.45%) | loss: 3.672892 | lrm: 0.57 | dt: 584.63ms | tok/sec: 91,954 | bf16_mfu: 0.00 | epoch: 1 pq: 2 rg: 65 | total time: 24.26m | eta: 13.4m
step 02459/03814 (64.47%) | loss: 3.688417 | lrm: 0.57 | dt: 590.06ms | tok/sec: 91,108 | bf16_mfu: 0.00 | epoch: 1 pq: 2 rg: 65 | total time: 24.27m | eta: 13.4m
step 02460/03814 (64.50%) | loss: 3.694807 | lrm: 0.57 | dt: 586.07ms | tok/sec: 91,729 | bf16_mfu: 0.00 | epoch: 1 pq: 2 rg: 65 | total time: 24.28m | eta: 13.4m
step 02461/03814 (64.53%) | loss: 3.689282 | lrm: 0.57 | dt: 586.27ms | tok/sec: 91,697 | bf16_mfu: 0.00 | epoch: 1 pq: 2 rg: 65 | total time: 24.29m | eta: 13.4m
step 02462/03814 (64.55%) | loss: 3.690266 | lrm: 0.57 | dt: 587.02ms | tok/sec: 91,581 | bf16_mfu: 0.00 | epoch: 1 pq: 2 rg: 66 | total time: 24.30m | eta: 13.4m
step 02463/03814 (64.58%) | loss: 3.696016 | lrm: 0.57 | dt: 586.10ms | tok/sec: 91,725 | bf16_mfu: 0.00 | epoch: 1 pq: 2 rg: 66 | total time: 24.31m | eta: 13.4m
step 02464/03814 (64.60%) | loss: 3.696368 | lrm: 0.57 | dt: 588.39ms | tok/sec: 91,368 | bf16_mfu: 0.00 | epoch: 1 pq: 2 rg: 66 | total time: 24.32m | eta: 13.4m
step 02465/03814 (64.63%) | loss: 3.698161 | lrm: 0.57 | dt: 586.70ms | tok/sec: 91,630 | bf16_mfu: 0.00 | epoch: 1 pq: 2 rg: 66 | total time: 24.33m | eta: 13.4m
step 02466/03814 (64.66%) | loss: 3.688646 | lrm: 0.57 | dt: 586.55ms | tok/sec: 91,654 | bf16_mfu: 0.00 | epoch: 1 pq: 2 rg: 66 | total time: 24.34m | eta: 13.4m
step 02467/03814 (64.68%) | loss: 3.682948 | lrm: 0.57 | dt: 584.99ms | tok/sec: 91,898 | bf16_mfu: 0.00 | epoch: 1 pq: 2 rg: 66 | total time: 24.35m | eta: 13.3m
step 02468/03814 (64.71%) | loss: 3.696906 | lrm: 0.57 | dt: 582.81ms | tok/sec: 92,242 | bf16_mfu: 0.00 | epoch: 1 pq: 2 rg: 66 | total time: 24.36m | eta: 13.3m
step 02469/03814 (64.74%) | loss: 3.679535 | lrm: 0.57 | dt: 571.17ms | tok/sec: 94,123 | bf16_mfu: 0.00 | epoch: 1 pq: 2 rg: 66 | total time: 24.37m | eta: 13.3m
step 02470/03814 (64.76%) | loss: 3.670550 | lrm: 0.57 | dt: 588.22ms | tok/sec: 91,394 | bf16_mfu: 0.00 | epoch: 1 pq: 2 rg: 66 | total time: 24.38m | eta: 13.3m
step 02471/03814 (64.79%) | loss: 3.671504 | lrm: 0.56 | dt: 587.54ms | tok/sec: 91,500 | bf16_mfu: 0.00 | epoch: 1 pq: 2 rg: 66 | total time: 24.39m | eta: 13.3m
step 02472/03814 (64.81%) | loss: 3.697511 | lrm: 0.56 | dt: 658.89ms | tok/sec: 81,592 | bf16_mfu: 0.00 | epoch: 1 pq: 2 rg: 67 | total time: 24.40m | eta: 13.3m
step 02473/03814 (64.84%) | loss: 3.697861 | lrm: 0.56 | dt: 578.63ms | tok/sec: 92,909 | bf16_mfu: 0.00 | epoch: 1 pq: 2 rg: 67 | total time: 24.41m | eta: 13.3m
step 02474/03814 (64.87%) | loss: 3.690430 | lrm: 0.56 | dt: 583.48ms | tok/sec: 92,137 | bf16_mfu: 0.00 | epoch: 1 pq: 2 rg: 67 | total time: 24.42m | eta: 13.3m
step 02475/03814 (64.89%) | loss: 3.673528 | lrm: 0.56 | dt: 585.14ms | tok/sec: 91,875 | bf16_mfu: 0.00 | epoch: 1 pq: 2 rg: 67 | total time: 24.43m | eta: 13.3m
step 02476/03814 (64.92%) | loss: 3.681522 | lrm: 0.56 | dt: 587.96ms | tok/sec: 91,434 | bf16_mfu: 0.00 | epoch: 1 pq: 2 rg: 67 | total time: 24.44m | eta: 13.3m
step 02477/03814 (64.94%) | loss: 3.701190 | lrm: 0.56 | dt: 588.80ms | tok/sec: 91,304 | bf16_mfu: 0.00 | epoch: 1 pq: 2 rg: 67 | total time: 24.45m | eta: 13.3m
step 02478/03814 (64.97%) | loss: 3.691372 | lrm: 0.56 | dt: 585.77ms | tok/sec: 91,776 | bf16_mfu: 0.00 | epoch: 1 pq: 2 rg: 67 | total time: 24.46m | eta: 13.2m
step 02479/03814 (65.00%) | loss: 3.689423 | lrm: 0.56 | dt: 586.33ms | tok/sec: 91,689 | bf16_mfu: 0.00 | epoch: 1 pq: 2 rg: 67 | total time: 24.47m | eta: 13.2m
step 02480/03814 (65.02%) | loss: 3.689632 | lrm: 0.56 | dt: 586.74ms | tok/sec: 91,624 | bf16_mfu: 0.00 | epoch: 1 pq: 2 rg: 67 | total time: 24.48m | eta: 13.2m
step 02481/03814 (65.05%) | loss: 3.686502 | lrm: 0.56 | dt: 585.92ms | tok/sec: 91,753 | bf16_mfu: 0.00 | epoch: 1 pq: 2 rg: 67 | total time: 24.49m | eta: 13.2m
step 02482/03814 (65.08%) | loss: 3.690208 | lrm: 0.56 | dt: 587.70ms | tok/sec: 91,475 | bf16_mfu: 0.00 | epoch: 1 pq: 2 rg: 68 | total time: 24.50m | eta: 13.2m
step 02483/03814 (65.10%) | loss: 3.677248 | lrm: 0.56 | dt: 588.19ms | tok/sec: 91,399 | bf16_mfu: 0.00 | epoch: 1 pq: 2 rg: 68 | total time: 24.51m | eta: 13.2m
step 02484/03814 (65.13%) | loss: 3.665083 | lrm: 0.56 | dt: 587.30ms | tok/sec: 91,538 | bf16_mfu: 0.00 | epoch: 1 pq: 2 rg: 68 | total time: 24.52m | eta: 13.2m
step 02485/03814 (65.15%) | loss: 3.652007 | lrm: 0.56 | dt: 585.68ms | tok/sec: 91,790 | bf16_mfu: 0.00 | epoch: 1 pq: 2 rg: 68 | total time: 24.53m | eta: 13.2m
step 02486/03814 (65.18%) | loss: 3.645325 | lrm: 0.56 | dt: 640.49ms | tok/sec: 83,935 | bf16_mfu: 0.00 | epoch: 1 pq: 2 rg: 68 | total time: 24.54m | eta: 13.2m
step 02487/03814 (65.21%) | loss: 3.665499 | lrm: 0.56 | dt: 578.12ms | tok/sec: 92,991 | bf16_mfu: 0.00 | epoch: 1 pq: 2 rg: 68 | total time: 24.55m | eta: 13.2m
step 02488/03814 (65.23%) | loss: 3.647098 | lrm: 0.56 | dt: 583.43ms | tok/sec: 92,144 | bf16_mfu: 0.00 | epoch: 1 pq: 2 rg: 68 | total time: 24.56m | eta: 13.1m
step 02489/03814 (65.26%) | loss: 3.643317 | lrm: 0.56 | dt: 818.45ms | tok/sec: 65,685 | bf16_mfu: 0.00 | epoch: 1 pq: 2 rg: 68 | total time: 24.57m | eta: 13.1m
step 02490/03814 (65.29%) | loss: 3.636593 | lrm: 0.56 | dt: 579.05ms | tok/sec: 92,841 | bf16_mfu: 0.00 | epoch: 1 pq: 2 rg: 68 | total time: 24.58m | eta: 13.1m
step 02491/03814 (65.31%) | loss: 3.632620 | lrm: 0.56 | dt: 589.80ms | tok/sec: 91,148 | bf16_mfu: 0.00 | epoch: 1 pq: 2 rg: 68 | total time: 24.59m | eta: 13.1m
step 02492/03814 (65.34%) | loss: 3.633640 | lrm: 0.56 | dt: 586.64ms | tok/sec: 91,639 | bf16_mfu: 0.00 | epoch: 1 pq: 2 rg: 69 | total time: 24.60m | eta: 13.1m
step 02493/03814 (65.36%) | loss: 3.629811 | lrm: 0.56 | dt: 584.37ms | tok/sec: 91,995 | bf16_mfu: 0.00 | epoch: 1 pq: 2 rg: 69 | total time: 24.61m | eta: 13.1m
step 02494/03814 (65.39%) | loss: 3.631464 | lrm: 0.56 | dt: 589.89ms | tok/sec: 91,135 | bf16_mfu: 0.00 | epoch: 1 pq: 2 rg: 69 | total time: 24.62m | eta: 13.1m
step 02495/03814 (65.42%) | loss: 3.632990 | lrm: 0.56 | dt: 582.57ms | tok/sec: 92,280 | bf16_mfu: 0.00 | epoch: 1 pq: 2 rg: 69 | total time: 24.63m | eta: 13.1m
step 02496/03814 (65.44%) | loss: 3.635770 | lrm: 0.56 | dt: 587.13ms | tok/sec: 91,563 | bf16_mfu: 0.00 | epoch: 1 pq: 2 rg: 69 | total time: 24.64m | eta: 13.1m
step 02497/03814 (65.47%) | loss: 3.640001 | lrm: 0.55 | dt: 585.22ms | tok/sec: 91,862 | bf16_mfu: 0.00 | epoch: 1 pq: 2 rg: 69 | total time: 24.65m | eta: 13.1m
step 02498/03814 (65.50%) | loss: 3.641428 | lrm: 0.55 | dt: 604.00ms | tok/sec: 89,005 | bf16_mfu: 0.00 | epoch: 1 pq: 2 rg: 69 | total time: 24.66m | eta: 13.0m
step 02499/03814 (65.52%) | loss: 3.647219 | lrm: 0.55 | dt: 588.98ms | tok/sec: 91,276 | bf16_mfu: 0.00 | epoch: 1 pq: 2 rg: 69 | total time: 24.67m | eta: 13.0m
Step 02500 | Validation bpb: 0.692848
step 02500/03814 (65.55%) | loss: 3.665542 | lrm: 0.55 | dt: 570.59ms | tok/sec: 94,218 | bf16_mfu: 0.00 | epoch: 1 pq: 2 rg: 69 | total time: 24.68m | eta: 13.0m
step 02501/03814 (65.57%) | loss: 3.680472 | lrm: 0.55 | dt: 567.27ms | tok/sec: 94,770 | bf16_mfu: 0.00 | epoch: 1 pq: 2 rg: 69 | total time: 24.69m | eta: 13.0m
step 02502/03814 (65.60%) | loss: 3.693737 | lrm: 0.55 | dt: 567.95ms | tok/sec: 94,656 | bf16_mfu: 0.00 | epoch: 1 pq: 2 rg: 70 | total time: 24.70m | eta: 13.0m
step 02503/03814 (65.63%) | loss: 3.666855 | lrm: 0.55 | dt: 565.17ms | tok/sec: 95,122 | bf16_mfu: 0.00 | epoch: 1 pq: 2 rg: 70 | total time: 24.71m | eta: 13.0m
step 02504/03814 (65.65%) | loss: 3.663857 | lrm: 0.55 | dt: 572.53ms | tok/sec: 93,898 | bf16_mfu: 0.00 | epoch: 1 pq: 2 rg: 70 | total time: 24.72m | eta: 13.0m
step 02505/03814 (65.68%) | loss: 3.688251 | lrm: 0.55 | dt: 597.60ms | tok/sec: 89,960 | bf16_mfu: 0.00 | epoch: 1 pq: 2 rg: 70 | total time: 24.73m | eta: 13.0m
step 02506/03814 (65.71%) | loss: 3.706398 | lrm: 0.55 | dt: 574.43ms | tok/sec: 93,588 | bf16_mfu: 0.00 | epoch: 1 pq: 2 rg: 70 | total time: 24.74m | eta: 13.0m
step 02507/03814 (65.73%) | loss: 3.691944 | lrm: 0.55 | dt: 570.25ms | tok/sec: 94,273 | bf16_mfu: 0.00 | epoch: 1 pq: 2 rg: 70 | total time: 24.75m | eta: 13.0m
step 02508/03814 (65.76%) | loss: 3.676581 | lrm: 0.55 | dt: 569.47ms | tok/sec: 94,403 | bf16_mfu: 0.00 | epoch: 1 pq: 2 rg: 70 | total time: 24.76m | eta: 12.9m
step 02509/03814 (65.78%) | loss: 3.685725 | lrm: 0.55 | dt: 576.93ms | tok/sec: 93,183 | bf16_mfu: 0.00 | epoch: 1 pq: 2 rg: 70 | total time: 24.76m | eta: 12.9m
step 02510/03814 (65.81%) | loss: 3.688528 | lrm: 0.55 | dt: 590.75ms | tok/sec: 91,002 | bf16_mfu: 0.00 | epoch: 1 pq: 2 rg: 70 | total time: 24.77m | eta: 12.9m
step 02511/03814 (65.84%) | loss: 3.689636 | lrm: 0.55 | dt: 571.67ms | tok/sec: 94,040 | bf16_mfu: 0.00 | epoch: 1 pq: 2 rg: 70 | total time: 24.78m | eta: 12.9m
step 02512/03814 (65.86%) | loss: 3.671542 | lrm: 0.55 | dt: 572.34ms | tok/sec: 93,929 | bf16_mfu: 0.00 | epoch: 1 pq: 2 rg: 71 | total time: 24.79m | eta: 12.9m
step 02513/03814 (65.89%) | loss: 3.660200 | lrm: 0.55 | dt: 584.73ms | tok/sec: 91,939 | bf16_mfu: 0.00 | epoch: 1 pq: 2 rg: 71 | total time: 24.80m | eta: 12.9m
step 02514/03814 (65.92%) | loss: 3.652794 | lrm: 0.55 | dt: 571.55ms | tok/sec: 94,059 | bf16_mfu: 0.00 | epoch: 1 pq: 2 rg: 71 | total time: 24.81m | eta: 12.9m
step 02515/03814 (65.94%) | loss: 3.668782 | lrm: 0.55 | dt: 632.56ms | tok/sec: 84,987 | bf16_mfu: 0.00 | epoch: 1 pq: 2 rg: 71 | total time: 24.82m | eta: 12.9m
step 02516/03814 (65.97%) | loss: 3.663820 | lrm: 0.55 | dt: 574.72ms | tok/sec: 93,540 | bf16_mfu: 0.00 | epoch: 1 pq: 2 rg: 71 | total time: 24.83m | eta: 12.9m
step 02517/03814 (65.99%) | loss: 3.660026 | lrm: 0.55 | dt: 567.52ms | tok/sec: 94,727 | bf16_mfu: 0.00 | epoch: 1 pq: 2 rg: 71 | total time: 24.84m | eta: 12.9m
step 02518/03814 (66.02%) | loss: 3.666858 | lrm: 0.55 | dt: 573.20ms | tok/sec: 93,789 | bf16_mfu: 0.00 | epoch: 1 pq: 2 rg: 71 | total time: 24.85m | eta: 12.8m
step 02519/03814 (66.05%) | loss: 3.682061 | lrm: 0.55 | dt: 579.82ms | tok/sec: 92,718 | bf16_mfu: 0.00 | epoch: 1 pq: 2 rg: 71 | total time: 24.86m | eta: 12.8m
step 02520/03814 (66.07%) | loss: 3.666172 | lrm: 0.55 | dt: 570.26ms | tok/sec: 94,272 | bf16_mfu: 0.00 | epoch: 1 pq: 2 rg: 71 | total time: 24.87m | eta: 12.8m
step 02521/03814 (66.10%) | loss: 3.665462 | lrm: 0.55 | dt: 578.75ms | tok/sec: 92,890 | bf16_mfu: 0.00 | epoch: 1 pq: 2 rg: 71 | total time: 24.88m | eta: 12.8m
step 02522/03814 (66.12%) | loss: 3.664820 | lrm: 0.55 | dt: 575.36ms | tok/sec: 93,436 | bf16_mfu: 0.00 | epoch: 1 pq: 2 rg: 71 | total time: 24.89m | eta: 12.8m
step 02523/03814 (66.15%) | loss: 3.692366 | lrm: 0.54 | dt: 628.12ms | tok/sec: 85,589 | bf16_mfu: 0.00 | epoch: 1 pq: 2 rg: 72 | total time: 24.90m | eta: 12.8m
step 02524/03814 (66.18%) | loss: 3.706521 | lrm: 0.54 | dt: 572.89ms | tok/sec: 93,840 | bf16_mfu: 0.00 | epoch: 1 pq: 2 rg: 72 | total time: 24.91m | eta: 12.8m
step 02525/03814 (66.20%) | loss: 3.679770 | lrm: 0.54 | dt: 583.05ms | tok/sec: 92,204 | bf16_mfu: 0.00 | epoch: 1 pq: 2 rg: 72 | total time: 24.92m | eta: 12.8m
step 02526/03814 (66.23%) | loss: 3.660306 | lrm: 0.54 | dt: 570.45ms | tok/sec: 94,241 | bf16_mfu: 0.00 | epoch: 1 pq: 2 rg: 72 | total time: 24.93m | eta: 12.8m
step 02527/03814 (66.26%) | loss: 3.634532 | lrm: 0.54 | dt: 582.41ms | tok/sec: 92,305 | bf16_mfu: 0.00 | epoch: 1 pq: 2 rg: 72 | total time: 24.94m | eta: 12.8m
step 02528/03814 (66.28%) | loss: 3.658316 | lrm: 0.54 | dt: 572.88ms | tok/sec: 93,841 | bf16_mfu: 0.00 | epoch: 1 pq: 2 rg: 72 | total time: 24.95m | eta: 12.7m
step 02529/03814 (66.31%) | loss: 3.665515 | lrm: 0.54 | dt: 580.20ms | tok/sec: 92,657 | bf16_mfu: 0.00 | epoch: 1 pq: 2 rg: 72 | total time: 24.96m | eta: 12.7m
step 02530/03814 (66.33%) | loss: 3.655590 | lrm: 0.54 | dt: 590.17ms | tok/sec: 91,092 | bf16_mfu: 0.00 | epoch: 1 pq: 2 rg: 72 | total time: 24.97m | eta: 12.7m
step 02531/03814 (66.36%) | loss: 3.635233 | lrm: 0.54 | dt: 579.07ms | tok/sec: 92,838 | bf16_mfu: 0.00 | epoch: 1 pq: 2 rg: 72 | total time: 24.98m | eta: 12.7m
step 02532/03814 (66.39%) | loss: 3.643549 | lrm: 0.54 | dt: 573.92ms | tok/sec: 93,671 | bf16_mfu: 0.00 | epoch: 1 pq: 2 rg: 72 | total time: 24.99m | eta: 12.7m
step 02533/03814 (66.41%) | loss: 3.653555 | lrm: 0.54 | dt: 584.00ms | tok/sec: 92,054 | bf16_mfu: 0.00 | epoch: 1 pq: 2 rg: 73 | total time: 25.00m | eta: 12.7m
step 02534/03814 (66.44%) | loss: 3.656119 | lrm: 0.54 | dt: 570.04ms | tok/sec: 94,309 | bf16_mfu: 0.00 | epoch: 1 pq: 2 rg: 73 | total time: 25.01m | eta: 12.7m
step 02535/03814 (66.47%) | loss: 3.651591 | lrm: 0.54 | dt: 583.66ms | tok/sec: 92,108 | bf16_mfu: 0.00 | epoch: 1 pq: 2 rg: 73 | total time: 25.02m | eta: 12.7m
step 02536/03814 (66.49%) | loss: 3.640710 | lrm: 0.54 | dt: 586.17ms | tok/sec: 91,713 | bf16_mfu: 0.00 | epoch: 1 pq: 2 rg: 73 | total time: 25.03m | eta: 12.7m
step 02537/03814 (66.52%) | loss: 3.663760 | lrm: 0.54 | dt: 582.76ms | tok/sec: 92,250 | bf16_mfu: 0.00 | epoch: 1 pq: 2 rg: 73 | total time: 25.04m | eta: 12.7m
step 02538/03814 (66.54%) | loss: 3.698654 | lrm: 0.54 | dt: 573.44ms | tok/sec: 93,750 | bf16_mfu: 0.00 | epoch: 1 pq: 2 rg: 73 | total time: 25.05m | eta: 12.6m
step 02539/03814 (66.57%) | loss: 3.695317 | lrm: 0.54 | dt: 585.05ms | tok/sec: 91,890 | bf16_mfu: 0.00 | epoch: 1 pq: 2 rg: 73 | total time: 25.06m | eta: 12.6m
step 02540/03814 (66.60%) | loss: 3.689838 | lrm: 0.54 | dt: 579.87ms | tok/sec: 92,710 | bf16_mfu: 0.00 | epoch: 1 pq: 2 rg: 73 | total time: 25.07m | eta: 12.6m
step 02541/03814 (66.62%) | loss: 3.674381 | lrm: 0.54 | dt: 573.24ms | tok/sec: 93,782 | bf16_mfu: 0.00 | epoch: 1 pq: 2 rg: 73 | total time: 25.07m | eta: 12.6m
step 02542/03814 (66.65%) | loss: 3.671437 | lrm: 0.54 | dt: 584.30ms | tok/sec: 92,007 | bf16_mfu: 0.00 | epoch: 1 pq: 2 rg: 73 | total time: 25.08m | eta: 12.6m
step 02543/03814 (66.68%) | loss: 3.697967 | lrm: 0.54 | dt: 572.90ms | tok/sec: 93,837 | bf16_mfu: 0.00 | epoch: 1 pq: 2 rg: 74 | total time: 25.09m | eta: 12.6m
step 02544/03814 (66.70%) | loss: 3.688342 | lrm: 0.54 | dt: 580.57ms | tok/sec: 92,598 | bf16_mfu: 0.00 | epoch: 1 pq: 2 rg: 74 | total time: 25.10m | eta: 12.6m
step 02545/03814 (66.73%) | loss: 3.676199 | lrm: 0.54 | dt: 582.26ms | tok/sec: 92,330 | bf16_mfu: 0.00 | epoch: 1 pq: 2 rg: 74 | total time: 25.11m | eta: 12.6m
step 02546/03814 (66.75%) | loss: 3.671359 | lrm: 0.54 | dt: 572.59ms | tok/sec: 93,888 | bf16_mfu: 0.00 | epoch: 1 pq: 2 rg: 74 | total time: 25.12m | eta: 12.6m
step 02547/03814 (66.78%) | loss: 3.678095 | lrm: 0.54 | dt: 607.99ms | tok/sec: 88,421 | bf16_mfu: 0.00 | epoch: 1 pq: 2 rg: 74 | total time: 25.13m | eta: 12.6m
step 02548/03814 (66.81%) | loss: 3.677248 | lrm: 0.54 | dt: 585.11ms | tok/sec: 91,880 | bf16_mfu: 0.00 | epoch: 1 pq: 2 rg: 74 | total time: 25.14m | eta: 12.5m
step 02549/03814 (66.83%) | loss: 3.687401 | lrm: 0.53 | dt: 581.31ms | tok/sec: 92,481 | bf16_mfu: 0.00 | epoch: 1 pq: 2 rg: 74 | total time: 25.15m | eta: 12.5m
step 02550/03814 (66.86%) | loss: 3.686124 | lrm: 0.53 | dt: 574.50ms | tok/sec: 93,577 | bf16_mfu: 0.00 | epoch: 1 pq: 2 rg: 74 | total time: 25.16m | eta: 12.5m
step 02551/03814 (66.89%) | loss: 3.682749 | lrm: 0.53 | dt: 581.68ms | tok/sec: 92,421 | bf16_mfu: 0.00 | epoch: 1 pq: 2 rg: 74 | total time: 25.17m | eta: 12.5m
step 02552/03814 (66.91%) | loss: 3.710564 | lrm: 0.53 | dt: 612.62ms | tok/sec: 87,753 | bf16_mfu: 0.00 | epoch: 1 pq: 2 rg: 74 | total time: 25.18m | eta: 12.5m
step 02553/03814 (66.94%) | loss: 3.712315 | lrm: 0.53 | dt: 586.35ms | tok/sec: 91,686 | bf16_mfu: 0.00 | epoch: 1 pq: 2 rg: 75 | total time: 25.19m | eta: 12.5m
step 02554/03814 (66.96%) | loss: 3.691360 | lrm: 0.53 | dt: 586.73ms | tok/sec: 91,626 | bf16_mfu: 0.00 | epoch: 1 pq: 2 rg: 75 | total time: 25.20m | eta: 12.5m
step 02555/03814 (66.99%) | loss: 3.671417 | lrm: 0.53 | dt: 584.86ms | tok/sec: 91,918 | bf16_mfu: 0.00 | epoch: 1 pq: 2 rg: 75 | total time: 25.21m | eta: 12.5m
step 02556/03814 (67.02%) | loss: 3.687977 | lrm: 0.53 | dt: 578.81ms | tok/sec: 92,880 | bf16_mfu: 0.00 | epoch: 1 pq: 2 rg: 75 | total time: 25.22m | eta: 12.5m
step 02557/03814 (67.04%) | loss: 3.706730 | lrm: 0.53 | dt: 575.48ms | tok/sec: 93,417 | bf16_mfu: 0.00 | epoch: 1 pq: 2 rg: 75 | total time: 25.23m | eta: 12.5m
step 02558/03814 (67.07%) | loss: 3.683994 | lrm: 0.53 | dt: 580.71ms | tok/sec: 92,575 | bf16_mfu: 0.00 | epoch: 1 pq: 2 rg: 75 | total time: 25.24m | eta: 12.4m
step 02559/03814 (67.09%) | loss: 3.670054 | lrm: 0.53 | dt: 574.13ms | tok/sec: 93,636 | bf16_mfu: 0.00 | epoch: 1 pq: 2 rg: 75 | total time: 25.25m | eta: 12.4m
step 02560/03814 (67.12%) | loss: 3.680803 | lrm: 0.53 | dt: 584.38ms | tok/sec: 91,995 | bf16_mfu: 0.00 | epoch: 1 pq: 2 rg: 75 | total time: 25.26m | eta: 12.4m
step 02561/03814 (67.15%) | loss: 3.693798 | lrm: 0.53 | dt: 585.42ms | tok/sec: 91,831 | bf16_mfu: 0.00 | epoch: 1 pq: 2 rg: 75 | total time: 25.27m | eta: 12.4m
step 02562/03814 (67.17%) | loss: 3.698192 | lrm: 0.53 | dt: 573.59ms | tok/sec: 93,724 | bf16_mfu: 0.00 | epoch: 1 pq: 2 rg: 75 | total time: 25.28m | eta: 12.4m
step 02563/03814 (67.20%) | loss: 3.677680 | lrm: 0.53 | dt: 624.83ms | tok/sec: 86,039 | bf16_mfu: 0.00 | epoch: 1 pq: 2 rg: 76 | total time: 25.29m | eta: 12.4m
step 02564/03814 (67.23%) | loss: 3.664379 | lrm: 0.53 | dt: 586.19ms | tok/sec: 91,711 | bf16_mfu: 0.00 | epoch: 1 pq: 2 rg: 76 | total time: 25.30m | eta: 12.4m
step 02565/03814 (67.25%) | loss: 3.678156 | lrm: 0.53 | dt: 667.45ms | tok/sec: 80,545 | bf16_mfu: 0.00 | epoch: 1 pq: 2 rg: 76 | total time: 25.31m | eta: 12.4m
step 02566/03814 (67.28%) | loss: 3.699634 | lrm: 0.53 | dt: 581.46ms | tok/sec: 92,456 | bf16_mfu: 0.00 | epoch: 1 pq: 2 rg: 76 | total time: 25.32m | eta: 12.4m
step 02567/03814 (67.30%) | loss: 3.693608 | lrm: 0.53 | dt: 575.09ms | tok/sec: 93,481 | bf16_mfu: 0.00 | epoch: 1 pq: 2 rg: 76 | total time: 25.33m | eta: 12.4m
step 02568/03814 (67.33%) | loss: 3.688485 | lrm: 0.53 | dt: 589.72ms | tok/sec: 91,162 | bf16_mfu: 0.00 | epoch: 1 pq: 2 rg: 76 | total time: 25.34m | eta: 12.3m
step 02569/03814 (67.36%) | loss: 3.694567 | lrm: 0.53 | dt: 584.63ms | tok/sec: 91,955 | bf16_mfu: 0.00 | epoch: 1 pq: 2 rg: 76 | total time: 25.35m | eta: 12.3m
step 02570/03814 (67.38%) | loss: 3.705246 | lrm: 0.53 | dt: 587.24ms | tok/sec: 91,547 | bf16_mfu: 0.00 | epoch: 1 pq: 2 rg: 76 | total time: 25.36m | eta: 12.3m
step 02571/03814 (67.41%) | loss: 3.690919 | lrm: 0.53 | dt: 585.68ms | tok/sec: 91,790 | bf16_mfu: 0.00 | epoch: 1 pq: 2 rg: 76 | total time: 25.37m | eta: 12.3m
step 02572/03814 (67.44%) | loss: 3.689968 | lrm: 0.53 | dt: 585.36ms | tok/sec: 91,840 | bf16_mfu: 0.00 | epoch: 1 pq: 2 rg: 76 | total time: 25.38m | eta: 12.3m
step 02573/03814 (67.46%) | loss: 3.690440 | lrm: 0.53 | dt: 577.44ms | tok/sec: 93,101 | bf16_mfu: 0.00 | epoch: 1 pq: 2 rg: 76 | total time: 25.39m | eta: 12.3m
step 02574/03814 (67.49%) | loss: 3.702157 | lrm: 0.53 | dt: 581.49ms | tok/sec: 92,452 | bf16_mfu: 0.00 | epoch: 1 pq: 2 rg: 77 | total time: 25.40m | eta: 12.3m
step 02575/03814 (67.51%) | loss: 3.706320 | lrm: 0.52 | dt: 583.80ms | tok/sec: 92,086 | bf16_mfu: 0.00 | epoch: 1 pq: 2 rg: 77 | total time: 25.41m | eta: 12.3m
step 02576/03814 (67.54%) | loss: 3.690402 | lrm: 0.52 | dt: 589.44ms | tok/sec: 91,205 | bf16_mfu: 0.00 | epoch: 1 pq: 2 rg: 77 | total time: 25.42m | eta: 12.3m
step 02577/03814 (67.57%) | loss: 3.676808 | lrm: 0.52 | dt: 586.17ms | tok/sec: 91,713 | bf16_mfu: 0.00 | epoch: 1 pq: 2 rg: 77 | total time: 25.43m | eta: 12.3m
step 02578/03814 (67.59%) | loss: 3.672461 | lrm: 0.52 | dt: 769.61ms | tok/sec: 69,853 | bf16_mfu: 0.00 | epoch: 1 pq: 2 rg: 77 | total time: 25.44m | eta: 12.2m
step 02579/03814 (67.62%) | loss: 3.697858 | lrm: 0.52 | dt: 586.53ms | tok/sec: 91,657 | bf16_mfu: 0.00 | epoch: 1 pq: 2 rg: 77 | total time: 25.45m | eta: 12.2m
step 02580/03814 (67.65%) | loss: 3.679888 | lrm: 0.52 | dt: 586.71ms | tok/sec: 91,628 | bf16_mfu: 0.00 | epoch: 1 pq: 2 rg: 77 | total time: 25.46m | eta: 12.2m
step 02581/03814 (67.67%) | loss: 3.663095 | lrm: 0.52 | dt: 586.81ms | tok/sec: 91,614 | bf16_mfu: 0.00 | epoch: 1 pq: 2 rg: 77 | total time: 25.47m | eta: 12.2m
step 02582/03814 (67.70%) | loss: 3.651305 | lrm: 0.52 | dt: 585.86ms | tok/sec: 91,762 | bf16_mfu: 0.00 | epoch: 1 pq: 2 rg: 77 | total time: 25.48m | eta: 12.2m
step 02583/03814 (67.72%) | loss: 3.672890 | lrm: 0.52 | dt: 615.90ms | tok/sec: 87,286 | bf16_mfu: 0.00 | epoch: 1 pq: 2 rg: 77 | total time: 25.49m | eta: 12.2m
step 02584/03814 (67.75%) | loss: 3.657204 | lrm: 0.52 | dt: 581.48ms | tok/sec: 92,454 | bf16_mfu: 0.00 | epoch: 1 pq: 2 rg: 78 | total time: 25.50m | eta: 12.2m
step 02585/03814 (67.78%) | loss: 3.666572 | lrm: 0.52 | dt: 585.93ms | tok/sec: 91,751 | bf16_mfu: 0.00 | epoch: 1 pq: 2 rg: 78 | total time: 25.51m | eta: 12.2m
step 02586/03814 (67.80%) | loss: 3.668980 | lrm: 0.52 | dt: 588.19ms | tok/sec: 91,399 | bf16_mfu: 0.00 | epoch: 1 pq: 2 rg: 78 | total time: 25.52m | eta: 12.2m
step 02587/03814 (67.83%) | loss: 3.677048 | lrm: 0.52 | dt: 604.87ms | tok/sec: 88,879 | bf16_mfu: 0.00 | epoch: 1 pq: 2 rg: 78 | total time: 25.53m | eta: 12.2m
step 02588/03814 (67.86%) | loss: 3.679560 | lrm: 0.52 | dt: 588.16ms | tok/sec: 91,404 | bf16_mfu: 0.00 | epoch: 1 pq: 2 rg: 78 | total time: 25.54m | eta: 12.1m
step 02589/03814 (67.88%) | loss: 3.652291 | lrm: 0.52 | dt: 586.29ms | tok/sec: 91,695 | bf16_mfu: 0.00 | epoch: 1 pq: 2 rg: 78 | total time: 25.55m | eta: 12.1m
step 02590/03814 (67.91%) | loss: 3.642200 | lrm: 0.52 | dt: 586.35ms | tok/sec: 91,686 | bf16_mfu: 0.00 | epoch: 1 pq: 2 rg: 78 | total time: 25.56m | eta: 12.1m
step 02591/03814 (67.93%) | loss: 3.650026 | lrm: 0.52 | dt: 587.30ms | tok/sec: 91,536 | bf16_mfu: 0.00 | epoch: 1 pq: 2 rg: 78 | total time: 25.57m | eta: 12.1m
step 02592/03814 (67.96%) | loss: 3.662764 | lrm: 0.52 | dt: 586.96ms | tok/sec: 91,590 | bf16_mfu: 0.00 | epoch: 1 pq: 2 rg: 78 | total time: 25.58m | eta: 12.1m
step 02593/03814 (67.99%) | loss: 3.659153 | lrm: 0.52 | dt: 673.95ms | tok/sec: 79,768 | bf16_mfu: 0.00 | epoch: 1 pq: 2 rg: 78 | total time: 25.59m | eta: 12.1m
step 02594/03814 (68.01%) | loss: 3.646041 | lrm: 0.52 | dt: 583.84ms | tok/sec: 92,080 | bf16_mfu: 0.00 | epoch: 1 pq: 2 rg: 78 | total time: 25.60m | eta: 12.1m
step 02595/03814 (68.04%) | loss: 3.650123 | lrm: 0.52 | dt: 648.27ms | tok/sec: 82,928 | bf16_mfu: 0.00 | epoch: 1 pq: 2 rg: 79 | total time: 25.61m | eta: 12.1m
step 02596/03814 (68.07%) | loss: 3.669805 | lrm: 0.52 | dt: 586.01ms | tok/sec: 91,739 | bf16_mfu: 0.00 | epoch: 1 pq: 2 rg: 79 | total time: 25.62m | eta: 12.1m
step 02597/03814 (68.09%) | loss: 3.678799 | lrm: 0.52 | dt: 588.20ms | tok/sec: 91,398 | bf16_mfu: 0.00 | epoch: 1 pq: 2 rg: 79 | total time: 25.63m | eta: 12.1m
step 02598/03814 (68.12%) | loss: 3.675919 | lrm: 0.52 | dt: 586.38ms | tok/sec: 91,681 | bf16_mfu: 0.00 | epoch: 1 pq: 2 rg: 79 | total time: 25.64m | eta: 12.0m
step 02599/03814 (68.14%) | loss: 3.679660 | lrm: 0.52 | dt: 586.71ms | tok/sec: 91,630 | bf16_mfu: 0.00 | epoch: 1 pq: 2 rg: 79 | total time: 25.65m | eta: 12.0m
step 02600/03814 (68.17%) | loss: 3.687609 | lrm: 0.52 | dt: 590.65ms | tok/sec: 91,018 | bf16_mfu: 0.00 | epoch: 1 pq: 2 rg: 79 | total time: 25.66m | eta: 12.0m
step 02601/03814 (68.20%) | loss: 3.689330 | lrm: 0.51 | dt: 581.68ms | tok/sec: 92,421 | bf16_mfu: 0.00 | epoch: 1 pq: 2 rg: 79 | total time: 25.67m | eta: 12.0m
step 02602/03814 (68.22%) | loss: 3.669819 | lrm: 0.51 | dt: 586.08ms | tok/sec: 91,727 | bf16_mfu: 0.00 | epoch: 1 pq: 2 rg: 79 | total time: 25.68m | eta: 12.0m
step 02603/03814 (68.25%) | loss: 3.662643 | lrm: 0.51 | dt: 586.03ms | tok/sec: 91,735 | bf16_mfu: 0.00 | epoch: 1 pq: 2 rg: 79 | total time: 25.69m | eta: 12.0m
step 02604/03814 (68.27%) | loss: 3.682573 | lrm: 0.51 | dt: 586.12ms | tok/sec: 91,721 | bf16_mfu: 0.00 | epoch: 1 pq: 2 rg: 79 | total time: 25.70m | eta: 12.0m
step 02605/03814 (68.30%) | loss: 3.688210 | lrm: 0.51 | dt: 595.53ms | tok/sec: 90,272 | bf16_mfu: 0.00 | epoch: 1 pq: 2 rg: 80 | total time: 25.71m | eta: 12.0m
step 02606/03814 (68.33%) | loss: 3.688777 | lrm: 0.51 | dt: 609.72ms | tok/sec: 88,171 | bf16_mfu: 0.00 | epoch: 1 pq: 2 rg: 80 | total time: 25.72m | eta: 12.0m
step 02607/03814 (68.35%) | loss: 3.684753 | lrm: 0.51 | dt: 587.50ms | tok/sec: 91,506 | bf16_mfu: 0.00 | epoch: 1 pq: 2 rg: 80 | total time: 25.73m | eta: 12.0m
step 02608/03814 (68.38%) | loss: 3.667958 | lrm: 0.51 | dt: 586.43ms | tok/sec: 91,673 | bf16_mfu: 0.00 | epoch: 1 pq: 2 rg: 80 | total time: 25.74m | eta: 11.9m
step 02609/03814 (68.41%) | loss: 3.664252 | lrm: 0.51 | dt: 590.76ms | tok/sec: 91,002 | bf16_mfu: 0.00 | epoch: 1 pq: 2 rg: 80 | total time: 25.75m | eta: 11.9m
step 02610/03814 (68.43%) | loss: 3.678669 | lrm: 0.51 | dt: 585.65ms | tok/sec: 91,795 | bf16_mfu: 0.00 | epoch: 1 pq: 2 rg: 80 | total time: 25.76m | eta: 11.9m
step 02611/03814 (68.46%) | loss: 3.657424 | lrm: 0.51 | dt: 581.67ms | tok/sec: 92,424 | bf16_mfu: 0.00 | epoch: 1 pq: 2 rg: 80 | total time: 25.77m | eta: 11.9m
step 02612/03814 (68.48%) | loss: 3.646555 | lrm: 0.51 | dt: 586.34ms | tok/sec: 91,687 | bf16_mfu: 0.00 | epoch: 1 pq: 2 rg: 80 | total time: 25.78m | eta: 11.9m
step 02613/03814 (68.51%) | loss: 3.650423 | lrm: 0.51 | dt: 632.41ms | tok/sec: 85,008 | bf16_mfu: 0.00 | epoch: 1 pq: 2 rg: 80 | total time: 25.79m | eta: 11.9m
step 02614/03814 (68.54%) | loss: 3.652819 | lrm: 0.51 | dt: 586.60ms | tok/sec: 91,647 | bf16_mfu: 0.00 | epoch: 1 pq: 2 rg: 80 | total time: 25.80m | eta: 11.9m
step 02615/03814 (68.56%) | loss: 3.642833 | lrm: 0.51 | dt: 585.69ms | tok/sec: 91,789 | bf16_mfu: 0.00 | epoch: 1 pq: 2 rg: 81 | total time: 25.81m | eta: 11.9m
step 02616/03814 (68.59%) | loss: 3.633186 | lrm: 0.51 | dt: 586.71ms | tok/sec: 91,629 | bf16_mfu: 0.00 | epoch: 1 pq: 2 rg: 81 | total time: 25.82m | eta: 11.9m
step 02617/03814 (68.62%) | loss: 3.631564 | lrm: 0.51 | dt: 589.26ms | tok/sec: 91,233 | bf16_mfu: 0.00 | epoch: 1 pq: 2 rg: 81 | total time: 25.83m | eta: 11.9m
step 02618/03814 (68.64%) | loss: 3.659444 | lrm: 0.51 | dt: 593.30ms | tok/sec: 90,611 | bf16_mfu: 0.00 | epoch: 1 pq: 2 rg: 81 | total time: 25.84m | eta: 11.8m
step 02619/03814 (68.67%) | loss: 3.664999 | lrm: 0.51 | dt: 594.46ms | tok/sec: 90,435 | bf16_mfu: 0.00 | epoch: 1 pq: 2 rg: 81 | total time: 25.85m | eta: 11.8m
step 02620/03814 (68.69%) | loss: 3.655990 | lrm: 0.51 | dt: 578.18ms | tok/sec: 92,982 | bf16_mfu: 0.00 | epoch: 1 pq: 2 rg: 81 | total time: 25.86m | eta: 11.8m
step 02621/03814 (68.72%) | loss: 3.678317 | lrm: 0.51 | dt: 597.17ms | tok/sec: 90,023 | bf16_mfu: 0.00 | epoch: 1 pq: 2 rg: 81 | total time: 25.87m | eta: 11.8m
step 02622/03814 (68.75%) | loss: 3.707049 | lrm: 0.51 | dt: 602.04ms | tok/sec: 89,295 | bf16_mfu: 0.00 | epoch: 1 pq: 2 rg: 81 | total time: 25.88m | eta: 11.8m
step 02623/03814 (68.77%) | loss: 3.702562 | lrm: 0.51 | dt: 588.98ms | tok/sec: 91,275 | bf16_mfu: 0.00 | epoch: 1 pq: 2 rg: 81 | total time: 25.88m | eta: 11.8m
step 02624/03814 (68.80%) | loss: 3.689331 | lrm: 0.51 | dt: 594.36ms | tok/sec: 90,449 | bf16_mfu: 0.00 | epoch: 1 pq: 2 rg: 81 | total time: 25.89m | eta: 11.8m
step 02625/03814 (68.83%) | loss: 3.686945 | lrm: 0.51 | dt: 593.36ms | tok/sec: 90,603 | bf16_mfu: 0.00 | epoch: 1 pq: 2 rg: 81 | total time: 25.90m | eta: 11.8m
step 02626/03814 (68.85%) | loss: 3.690790 | lrm: 0.51 | dt: 597.11ms | tok/sec: 90,033 | bf16_mfu: 0.00 | epoch: 1 pq: 2 rg: 82 | total time: 25.91m | eta: 11.8m
step 02627/03814 (68.88%) | loss: 3.683713 | lrm: 0.50 | dt: 602.53ms | tok/sec: 89,223 | bf16_mfu: 0.00 | epoch: 1 pq: 2 rg: 82 | total time: 25.92m | eta: 11.8m
step 02628/03814 (68.90%) | loss: 3.674632 | lrm: 0.50 | dt: 591.82ms | tok/sec: 90,838 | bf16_mfu: 0.00 | epoch: 1 pq: 2 rg: 82 | total time: 25.93m | eta: 11.7m
step 02629/03814 (68.93%) | loss: 3.663589 | lrm: 0.50 | dt: 665.10ms | tok/sec: 80,829 | bf16_mfu: 0.00 | epoch: 1 pq: 2 rg: 82 | total time: 25.95m | eta: 11.7m
step 02630/03814 (68.96%) | loss: 3.674271 | lrm: 0.50 | dt: 610.81ms | tok/sec: 88,013 | bf16_mfu: 0.00 | epoch: 1 pq: 2 rg: 82 | total time: 25.96m | eta: 11.7m
step 02631/03814 (68.98%) | loss: 3.683558 | lrm: 0.50 | dt: 604.09ms | tok/sec: 88,993 | bf16_mfu: 0.00 | epoch: 1 pq: 2 rg: 82 | total time: 25.97m | eta: 11.7m
step 02632/03814 (69.01%) | loss: 3.662039 | lrm: 0.50 | dt: 607.36ms | tok/sec: 88,513 | bf16_mfu: 0.00 | epoch: 1 pq: 2 rg: 82 | total time: 25.98m | eta: 11.7m
step 02633/03814 (69.04%) | loss: 3.652210 | lrm: 0.50 | dt: 599.95ms | tok/sec: 89,607 | bf16_mfu: 0.00 | epoch: 1 pq: 2 rg: 82 | total time: 25.99m | eta: 11.7m
step 02634/03814 (69.06%) | loss: 3.657981 | lrm: 0.50 | dt: 596.55ms | tok/sec: 90,117 | bf16_mfu: 0.00 | epoch: 1 pq: 2 rg: 82 | total time: 26.00m | eta: 11.7m
step 02635/03814 (69.09%) | loss: 3.654268 | lrm: 0.50 | dt: 606.92ms | tok/sec: 88,578 | bf16_mfu: 0.00 | epoch: 1 pq: 2 rg: 82 | total time: 26.01m | eta: 11.7m
step 02636/03814 (69.11%) | loss: 3.650508 | lrm: 0.50 | dt: 608.64ms | tok/sec: 88,327 | bf16_mfu: 0.00 | epoch: 1 pq: 2 rg: 83 | total time: 26.02m | eta: 11.7m
step 02637/03814 (69.14%) | loss: 3.635585 | lrm: 0.50 | dt: 608.04ms | tok/sec: 88,414 | bf16_mfu: 0.00 | epoch: 1 pq: 2 rg: 83 | total time: 26.03m | eta: 11.7m
step 02638/03814 (69.17%) | loss: 3.656353 | lrm: 0.50 | dt: 607.49ms | tok/sec: 88,495 | bf16_mfu: 0.00 | epoch: 1 pq: 2 rg: 83 | total time: 26.04m | eta: 11.7m
step 02639/03814 (69.19%) | loss: 3.680345 | lrm: 0.50 | dt: 607.85ms | tok/sec: 88,442 | bf16_mfu: 0.00 | epoch: 1 pq: 2 rg: 83 | total time: 26.05m | eta: 11.6m
step 02640/03814 (69.22%) | loss: 3.671983 | lrm: 0.50 | dt: 609.90ms | tok/sec: 88,145 | bf16_mfu: 0.00 | epoch: 1 pq: 2 rg: 83 | total time: 26.06m | eta: 11.6m
step 02641/03814 (69.24%) | loss: 3.671648 | lrm: 0.50 | dt: 605.69ms | tok/sec: 88,758 | bf16_mfu: 0.00 | epoch: 1 pq: 2 rg: 83 | total time: 26.07m | eta: 11.6m
step 02642/03814 (69.27%) | loss: 3.677723 | lrm: 0.50 | dt: 606.15ms | tok/sec: 88,691 | bf16_mfu: 0.00 | epoch: 1 pq: 2 rg: 83 | total time: 26.08m | eta: 11.6m
step 02643/03814 (69.30%) | loss: 3.689744 | lrm: 0.50 | dt: 609.72ms | tok/sec: 88,171 | bf16_mfu: 0.00 | epoch: 1 pq: 2 rg: 83 | total time: 26.09m | eta: 11.6m
step 02644/03814 (69.32%) | loss: 3.686680 | lrm: 0.50 | dt: 606.54ms | tok/sec: 88,633 | bf16_mfu: 0.00 | epoch: 1 pq: 2 rg: 83 | total time: 26.10m | eta: 11.6m
step 02645/03814 (69.35%) | loss: 3.684006 | lrm: 0.50 | dt: 607.24ms | tok/sec: 88,531 | bf16_mfu: 0.00 | epoch: 1 pq: 2 rg: 83 | total time: 26.11m | eta: 11.6m
step 02646/03814 (69.38%) | loss: 3.674598 | lrm: 0.50 | dt: 608.42ms | tok/sec: 88,360 | bf16_mfu: 0.00 | epoch: 1 pq: 2 rg: 83 | total time: 26.12m | eta: 11.6m
step 02647/03814 (69.40%) | loss: 3.681582 | lrm: 0.50 | dt: 627.40ms | tok/sec: 85,687 | bf16_mfu: 0.00 | epoch: 1 pq: 2 rg: 84 | total time: 26.13m | eta: 11.6m
step 02648/03814 (69.43%) | loss: 3.664000 | lrm: 0.50 | dt: 644.42ms | tok/sec: 83,423 | bf16_mfu: 0.00 | epoch: 1 pq: 2 rg: 84 | total time: 26.14m | eta: 11.6m
step 02649/03814 (69.45%) | loss: 3.646107 | lrm: 0.50 | dt: 610.96ms | tok/sec: 87,992 | bf16_mfu: 0.00 | epoch: 1 pq: 2 rg: 84 | total time: 26.15m | eta: 11.5m
step 02650/03814 (69.48%) | loss: 3.622734 | lrm: 0.50 | dt: 610.34ms | tok/sec: 88,081 | bf16_mfu: 0.00 | epoch: 1 pq: 2 rg: 84 | total time: 26.16m | eta: 11.5m
step 02651/03814 (69.51%) | loss: 3.617149 | lrm: 0.50 | dt: 604.61ms | tok/sec: 88,916 | bf16_mfu: 0.00 | epoch: 1 pq: 2 rg: 84 | total time: 26.17m | eta: 11.5m
step 02652/03814 (69.53%) | loss: 3.625925 | lrm: 0.50 | dt: 607.79ms | tok/sec: 88,452 | bf16_mfu: 0.00 | epoch: 1 pq: 2 rg: 84 | total time: 26.18m | eta: 11.5m
step 02653/03814 (69.56%) | loss: 3.611684 | lrm: 0.49 | dt: 607.76ms | tok/sec: 88,455 | bf16_mfu: 0.00 | epoch: 1 pq: 2 rg: 84 | total time: 26.19m | eta: 11.5m
step 02654/03814 (69.59%) | loss: 3.604084 | lrm: 0.49 | dt: 605.24ms | tok/sec: 88,823 | bf16_mfu: 0.00 | epoch: 1 pq: 2 rg: 84 | total time: 26.20m | eta: 11.5m
step 02655/03814 (69.61%) | loss: 3.608372 | lrm: 0.49 | dt: 650.46ms | tok/sec: 82,649 | bf16_mfu: 0.00 | epoch: 1 pq: 2 rg: 84 | total time: 26.21m | eta: 11.5m
step 02656/03814 (69.64%) | loss: 3.618538 | lrm: 0.49 | dt: 606.31ms | tok/sec: 88,667 | bf16_mfu: 0.00 | epoch: 1 pq: 2 rg: 84 | total time: 26.22m | eta: 11.5m
step 02657/03814 (69.66%) | loss: 3.624683 | lrm: 0.49 | dt: 607.70ms | tok/sec: 88,464 | bf16_mfu: 0.00 | epoch: 1 pq: 2 rg: 85 | total time: 26.23m | eta: 11.5m
step 02658/03814 (69.69%) | loss: 3.616541 | lrm: 0.49 | dt: 608.04ms | tok/sec: 88,415 | bf16_mfu: 0.00 | epoch: 1 pq: 2 rg: 85 | total time: 26.24m | eta: 11.5m
step 02659/03814 (69.72%) | loss: 3.634848 | lrm: 0.49 | dt: 606.08ms | tok/sec: 88,700 | bf16_mfu: 0.00 | epoch: 1 pq: 2 rg: 85 | total time: 26.25m | eta: 11.4m
step 02660/03814 (69.74%) | loss: 3.645246 | lrm: 0.49 | dt: 608.08ms | tok/sec: 88,409 | bf16_mfu: 0.00 | epoch: 1 pq: 2 rg: 85 | total time: 26.26m | eta: 11.4m
step 02661/03814 (69.77%) | loss: 3.650084 | lrm: 0.49 | dt: 604.91ms | tok/sec: 88,872 | bf16_mfu: 0.00 | epoch: 1 pq: 2 rg: 85 | total time: 26.27m | eta: 11.4m
step 02662/03814 (69.80%) | loss: 3.635563 | lrm: 0.49 | dt: 608.23ms | tok/sec: 88,386 | bf16_mfu: 0.00 | epoch: 1 pq: 2 rg: 85 | total time: 26.28m | eta: 11.4m
step 02663/03814 (69.82%) | loss: 3.636967 | lrm: 0.49 | dt: 606.40ms | tok/sec: 88,654 | bf16_mfu: 0.00 | epoch: 1 pq: 2 rg: 85 | total time: 26.29m | eta: 11.4m
step 02664/03814 (69.85%) | loss: 3.649973 | lrm: 0.49 | dt: 688.00ms | tok/sec: 78,139 | bf16_mfu: 0.00 | epoch: 1 pq: 2 rg: 85 | total time: 26.30m | eta: 11.4m
step 02665/03814 (69.87%) | loss: 3.642564 | lrm: 0.49 | dt: 606.47ms | tok/sec: 88,644 | bf16_mfu: 0.00 | epoch: 1 pq: 2 rg: 85 | total time: 26.31m | eta: 11.4m
step 02666/03814 (69.90%) | loss: 3.622778 | lrm: 0.49 | dt: 606.88ms | tok/sec: 88,584 | bf16_mfu: 0.00 | epoch: 1 pq: 2 rg: 85 | total time: 26.32m | eta: 11.4m
step 02667/03814 (69.93%) | loss: 3.626698 | lrm: 0.49 | dt: 608.59ms | tok/sec: 88,335 | bf16_mfu: 0.00 | epoch: 1 pq: 2 rg: 85 | total time: 26.33m | eta: 11.4m
step 02668/03814 (69.95%) | loss: 3.640608 | lrm: 0.49 | dt: 601.66ms | tok/sec: 89,353 | bf16_mfu: 0.00 | epoch: 1 pq: 2 rg: 86 | total time: 26.34m | eta: 11.4m
step 02669/03814 (69.98%) | loss: 3.634240 | lrm: 0.49 | dt: 697.61ms | tok/sec: 77,063 | bf16_mfu: 0.00 | epoch: 1 pq: 2 rg: 86 | total time: 26.35m | eta: 11.3m
step 02670/03814 (70.01%) | loss: 3.619754 | lrm: 0.49 | dt: 600.98ms | tok/sec: 89,453 | bf16_mfu: 0.00 | epoch: 1 pq: 2 rg: 86 | total time: 26.36m | eta: 11.3m
step 02671/03814 (70.03%) | loss: 3.618565 | lrm: 0.49 | dt: 639.76ms | tok/sec: 84,031 | bf16_mfu: 0.00 | epoch: 1 pq: 2 rg: 86 | total time: 26.38m | eta: 11.3m
step 02672/03814 (70.06%) | loss: 3.647454 | lrm: 0.49 | dt: 589.52ms | tok/sec: 91,192 | bf16_mfu: 0.00 | epoch: 1 pq: 2 rg: 86 | total time: 26.39m | eta: 11.3m
step 02673/03814 (70.08%) | loss: 3.657687 | lrm: 0.49 | dt: 593.75ms | tok/sec: 90,543 | bf16_mfu: 0.00 | epoch: 1 pq: 2 rg: 86 | total time: 26.40m | eta: 11.3m
step 02674/03814 (70.11%) | loss: 3.652253 | lrm: 0.49 | dt: 606.17ms | tok/sec: 88,687 | bf16_mfu: 0.00 | epoch: 1 pq: 2 rg: 86 | total time: 26.41m | eta: 11.3m
step 02675/03814 (70.14%) | loss: 3.650045 | lrm: 0.49 | dt: 591.51ms | tok/sec: 90,885 | bf16_mfu: 0.00 | epoch: 1 pq: 2 rg: 86 | total time: 26.42m | eta: 11.3m
step 02676/03814 (70.16%) | loss: 3.669394 | lrm: 0.49 | dt: 597.87ms | tok/sec: 89,918 | bf16_mfu: 0.00 | epoch: 1 pq: 2 rg: 86 | total time: 26.43m | eta: 11.3m
step 02677/03814 (70.19%) | loss: 3.658295 | lrm: 0.49 | dt: 591.58ms | tok/sec: 90,874 | bf16_mfu: 0.00 | epoch: 1 pq: 2 rg: 86 | total time: 26.43m | eta: 11.3m
step 02678/03814 (70.21%) | loss: 3.643946 | lrm: 0.49 | dt: 599.00ms | tok/sec: 89,748 | bf16_mfu: 0.00 | epoch: 1 pq: 2 rg: 86 | total time: 26.44m | eta: 11.3m
step 02679/03814 (70.24%) | loss: 3.637089 | lrm: 0.48 | dt: 595.29ms | tok/sec: 90,308 | bf16_mfu: 0.00 | epoch: 1 pq: 2 rg: 87 | total time: 26.45m | eta: 11.2m
step 02680/03814 (70.27%) | loss: 3.674391 | lrm: 0.48 | dt: 591.55ms | tok/sec: 90,880 | bf16_mfu: 0.00 | epoch: 1 pq: 2 rg: 87 | total time: 26.46m | eta: 11.2m
step 02681/03814 (70.29%) | loss: 3.668645 | lrm: 0.48 | dt: 586.25ms | tok/sec: 91,701 | bf16_mfu: 0.00 | epoch: 1 pq: 2 rg: 87 | total time: 26.47m | eta: 11.2m
step 02682/03814 (70.32%) | loss: 3.653335 | lrm: 0.48 | dt: 600.43ms | tok/sec: 89,536 | bf16_mfu: 0.00 | epoch: 1 pq: 2 rg: 87 | total time: 26.48m | eta: 11.2m
step 02683/03814 (70.35%) | loss: 3.638027 | lrm: 0.48 | dt: 591.83ms | tok/sec: 90,836 | bf16_mfu: 0.00 | epoch: 1 pq: 2 rg: 87 | total time: 26.49m | eta: 11.2m
step 02684/03814 (70.37%) | loss: 3.636666 | lrm: 0.48 | dt: 598.83ms | tok/sec: 89,775 | bf16_mfu: 0.00 | epoch: 1 pq: 2 rg: 87 | total time: 26.50m | eta: 11.2m
step 02685/03814 (70.40%) | loss: 3.653744 | lrm: 0.48 | dt: 592.04ms | tok/sec: 90,804 | bf16_mfu: 0.00 | epoch: 1 pq: 2 rg: 87 | total time: 26.51m | eta: 11.2m
step 02686/03814 (70.42%) | loss: 3.641654 | lrm: 0.48 | dt: 594.65ms | tok/sec: 90,406 | bf16_mfu: 0.00 | epoch: 1 pq: 2 rg: 87 | total time: 26.52m | eta: 11.2m
step 02687/03814 (70.45%) | loss: 3.640385 | lrm: 0.48 | dt: 593.07ms | tok/sec: 90,647 | bf16_mfu: 0.00 | epoch: 1 pq: 2 rg: 87 | total time: 26.53m | eta: 11.2m
step 02688/03814 (70.48%) | loss: 3.636398 | lrm: 0.48 | dt: 589.91ms | tok/sec: 91,131 | bf16_mfu: 0.00 | epoch: 1 pq: 2 rg: 87 | total time: 26.54m | eta: 11.2m
step 02689/03814 (70.50%) | loss: 3.647955 | lrm: 0.48 | dt: 629.77ms | tok/sec: 85,364 | bf16_mfu: 0.00 | epoch: 1 pq: 2 rg: 88 | total time: 26.55m | eta: 11.2m
step 02690/03814 (70.53%) | loss: 3.650002 | lrm: 0.48 | dt: 592.61ms | tok/sec: 90,717 | bf16_mfu: 0.00 | epoch: 1 pq: 2 rg: 88 | total time: 26.56m | eta: 11.1m
step 02691/03814 (70.56%) | loss: 3.647157 | lrm: 0.48 | dt: 596.10ms | tok/sec: 90,185 | bf16_mfu: 0.00 | epoch: 1 pq: 2 rg: 88 | total time: 26.57m | eta: 11.1m
step 02692/03814 (70.58%) | loss: 3.655830 | lrm: 0.48 | dt: 590.48ms | tok/sec: 91,044 | bf16_mfu: 0.00 | epoch: 1 pq: 2 rg: 88 | total time: 26.58m | eta: 11.1m
step 02693/03814 (70.61%) | loss: 3.651641 | lrm: 0.48 | dt: 589.85ms | tok/sec: 91,141 | bf16_mfu: 0.00 | epoch: 1 pq: 2 rg: 88 | total time: 26.59m | eta: 11.1m
step 02694/03814 (70.63%) | loss: 3.656040 | lrm: 0.48 | dt: 586.59ms | tok/sec: 91,647 | bf16_mfu: 0.00 | epoch: 1 pq: 2 rg: 88 | total time: 26.60m | eta: 11.1m
step 02695/03814 (70.66%) | loss: 3.659189 | lrm: 0.48 | dt: 587.64ms | tok/sec: 91,484 | bf16_mfu: 0.00 | epoch: 1 pq: 2 rg: 88 | total time: 26.61m | eta: 11.1m
step 02696/03814 (70.69%) | loss: 3.658501 | lrm: 0.48 | dt: 591.05ms | tok/sec: 90,957 | bf16_mfu: 0.00 | epoch: 1 pq: 2 rg: 88 | total time: 26.62m | eta: 11.1m
step 02697/03814 (70.71%) | loss: 3.668007 | lrm: 0.48 | dt: 585.28ms | tok/sec: 91,853 | bf16_mfu: 0.00 | epoch: 1 pq: 2 rg: 88 | total time: 26.63m | eta: 11.1m
step 02698/03814 (70.74%) | loss: 3.679763 | lrm: 0.48 | dt: 654.26ms | tok/sec: 82,169 | bf16_mfu: 0.00 | epoch: 1 pq: 2 rg: 88 | total time: 26.64m | eta: 11.1m
step 02699/03814 (70.77%) | loss: 3.668281 | lrm: 0.48 | dt: 588.87ms | tok/sec: 91,293 | bf16_mfu: 0.00 | epoch: 1 pq: 2 rg: 89 | total time: 26.65m | eta: 11.1m
step 02700/03814 (70.79%) | loss: 3.648625 | lrm: 0.48 | dt: 576.49ms | tok/sec: 93,254 | bf16_mfu: 0.00 | epoch: 1 pq: 2 rg: 89 | total time: 26.66m | eta: 11.0m
step 02701/03814 (70.82%) | loss: 3.660205 | lrm: 0.48 | dt: 585.28ms | tok/sec: 91,852 | bf16_mfu: 0.00 | epoch: 1 pq: 2 rg: 89 | total time: 26.67m | eta: 11.0m
step 02702/03814 (70.84%) | loss: 3.660218 | lrm: 0.48 | dt: 587.23ms | tok/sec: 91,548 | bf16_mfu: 0.00 | epoch: 1 pq: 2 rg: 89 | total time: 26.68m | eta: 11.0m
step 02703/03814 (70.87%) | loss: 3.655764 | lrm: 0.48 | dt: 586.74ms | tok/sec: 91,624 | bf16_mfu: 0.00 | epoch: 1 pq: 2 rg: 89 | total time: 26.69m | eta: 11.0m
step 02704/03814 (70.90%) | loss: 3.640891 | lrm: 0.48 | dt: 585.37ms | tok/sec: 91,839 | bf16_mfu: 0.00 | epoch: 1 pq: 2 rg: 89 | total time: 26.70m | eta: 11.0m
step 02705/03814 (70.92%) | loss: 3.669283 | lrm: 0.47 | dt: 587.33ms | tok/sec: 91,533 | bf16_mfu: 0.00 | epoch: 1 pq: 2 rg: 89 | total time: 26.71m | eta: 11.0m
step 02706/03814 (70.95%) | loss: 3.668769 | lrm: 0.47 | dt: 587.48ms | tok/sec: 91,508 | bf16_mfu: 0.00 | epoch: 1 pq: 2 rg: 89 | total time: 26.72m | eta: 11.0m
step 02707/03814 (70.98%) | loss: 3.673363 | lrm: 0.47 | dt: 587.90ms | tok/sec: 91,443 | bf16_mfu: 0.00 | epoch: 1 pq: 2 rg: 89 | total time: 26.73m | eta: 11.0m
step 02708/03814 (71.00%) | loss: 3.660799 | lrm: 0.47 | dt: 584.46ms | tok/sec: 91,982 | bf16_mfu: 0.00 | epoch: 1 pq: 2 rg: 89 | total time: 26.74m | eta: 11.0m
step 02709/03814 (71.03%) | loss: 3.680706 | lrm: 0.47 | dt: 586.97ms | tok/sec: 91,589 | bf16_mfu: 0.00 | epoch: 1 pq: 2 rg: 89 | total time: 26.75m | eta: 11.0m
step 02710/03814 (71.05%) | loss: 3.706305 | lrm: 0.47 | dt: 586.14ms | tok/sec: 91,718 | bf16_mfu: 0.00 | epoch: 1 pq: 2 rg: 90 | total time: 26.76m | eta: 10.9m
step 02711/03814 (71.08%) | loss: 3.693052 | lrm: 0.47 | dt: 587.59ms | tok/sec: 91,491 | bf16_mfu: 0.00 | epoch: 1 pq: 2 rg: 90 | total time: 26.77m | eta: 10.9m
step 02712/03814 (71.11%) | loss: 3.689616 | lrm: 0.47 | dt: 587.89ms | tok/sec: 91,445 | bf16_mfu: 0.00 | epoch: 1 pq: 2 rg: 90 | total time: 26.78m | eta: 10.9m
step 02713/03814 (71.13%) | loss: 3.671513 | lrm: 0.47 | dt: 647.17ms | tok/sec: 83,069 | bf16_mfu: 0.00 | epoch: 1 pq: 2 rg: 90 | total time: 26.79m | eta: 10.9m
step 02714/03814 (71.16%) | loss: 3.697992 | lrm: 0.47 | dt: 587.98ms | tok/sec: 91,431 | bf16_mfu: 0.00 | epoch: 1 pq: 2 rg: 90 | total time: 26.80m | eta: 10.9m
step 02715/03814 (71.19%) | loss: 3.678665 | lrm: 0.47 | dt: 587.43ms | tok/sec: 91,517 | bf16_mfu: 0.00 | epoch: 1 pq: 2 rg: 90 | total time: 26.81m | eta: 10.9m
step 02716/03814 (71.21%) | loss: 3.669589 | lrm: 0.47 | dt: 586.36ms | tok/sec: 91,684 | bf16_mfu: 0.00 | epoch: 1 pq: 2 rg: 90 | total time: 26.82m | eta: 10.9m
step 02717/03814 (71.24%) | loss: 3.664455 | lrm: 0.47 | dt: 587.48ms | tok/sec: 91,509 | bf16_mfu: 0.00 | epoch: 1 pq: 2 rg: 90 | total time: 26.83m | eta: 10.9m
step 02718/03814 (71.26%) | loss: 3.668896 | lrm: 0.47 | dt: 588.33ms | tok/sec: 91,376 | bf16_mfu: 0.00 | epoch: 1 pq: 2 rg: 90 | total time: 26.84m | eta: 10.9m
step 02719/03814 (71.29%) | loss: 3.657348 | lrm: 0.47 | dt: 587.10ms | tok/sec: 91,568 | bf16_mfu: 0.00 | epoch: 1 pq: 2 rg: 90 | total time: 26.85m | eta: 10.9m
step 02720/03814 (71.32%) | loss: 3.654673 | lrm: 0.47 | dt: 584.67ms | tok/sec: 91,949 | bf16_mfu: 0.00 | epoch: 1 pq: 2 rg: 90 | total time: 26.86m | eta: 10.8m
step 02721/03814 (71.34%) | loss: 3.637624 | lrm: 0.47 | dt: 589.91ms | tok/sec: 91,133 | bf16_mfu: 0.00 | epoch: 1 pq: 2 rg: 91 | total time: 26.87m | eta: 10.8m
step 02722/03814 (71.37%) | loss: 3.650407 | lrm: 0.47 | dt: 689.51ms | tok/sec: 77,968 | bf16_mfu: 0.00 | epoch: 1 pq: 2 rg: 91 | total time: 26.88m | eta: 10.8m
step 02723/03814 (71.39%) | loss: 3.654887 | lrm: 0.47 | dt: 584.18ms | tok/sec: 92,026 | bf16_mfu: 0.00 | epoch: 1 pq: 2 rg: 91 | total time: 26.89m | eta: 10.8m
step 02724/03814 (71.42%) | loss: 3.639565 | lrm: 0.47 | dt: 585.97ms | tok/sec: 91,745 | bf16_mfu: 0.00 | epoch: 1 pq: 2 rg: 91 | total time: 26.90m | eta: 10.8m
step 02725/03814 (71.45%) | loss: 3.624259 | lrm: 0.47 | dt: 579.65ms | tok/sec: 92,745 | bf16_mfu: 0.00 | epoch: 1 pq: 2 rg: 91 | total time: 26.91m | eta: 10.8m
step 02726/03814 (71.47%) | loss: 3.624548 | lrm: 0.47 | dt: 595.74ms | tok/sec: 90,241 | bf16_mfu: 0.00 | epoch: 1 pq: 2 rg: 91 | total time: 26.92m | eta: 10.8m
step 02727/03814 (71.50%) | loss: 3.624086 | lrm: 0.47 | dt: 715.76ms | tok/sec: 75,108 | bf16_mfu: 0.00 | epoch: 1 pq: 2 rg: 91 | total time: 26.93m | eta: 10.8m
step 02728/03814 (71.53%) | loss: 3.618957 | lrm: 0.47 | dt: 591.02ms | tok/sec: 90,961 | bf16_mfu: 0.00 | epoch: 1 pq: 2 rg: 91 | total time: 26.94m | eta: 10.8m
step 02729/03814 (71.55%) | loss: 3.618354 | lrm: 0.47 | dt: 589.08ms | tok/sec: 91,261 | bf16_mfu: 0.00 | epoch: 1 pq: 2 rg: 91 | total time: 26.95m | eta: 10.8m
step 02730/03814 (71.58%) | loss: 3.621408 | lrm: 0.47 | dt: 586.08ms | tok/sec: 91,728 | bf16_mfu: 0.00 | epoch: 1 pq: 2 rg: 91 | total time: 26.96m | eta: 10.7m
step 02731/03814 (71.60%) | loss: 3.621206 | lrm: 0.47 | dt: 588.55ms | tok/sec: 91,342 | bf16_mfu: 0.00 | epoch: 1 pq: 2 rg: 92 | total time: 26.97m | eta: 10.7m
step 02732/03814 (71.63%) | loss: 3.615745 | lrm: 0.46 | dt: 587.60ms | tok/sec: 91,491 | bf16_mfu: 0.00 | epoch: 1 pq: 2 rg: 92 | total time: 26.98m | eta: 10.7m
step 02733/03814 (71.66%) | loss: 3.614705 | lrm: 0.46 | dt: 587.90ms | tok/sec: 91,444 | bf16_mfu: 0.00 | epoch: 1 pq: 2 rg: 92 | total time: 26.99m | eta: 10.7m
step 02734/03814 (71.68%) | loss: 3.609455 | lrm: 0.46 | dt: 586.31ms | tok/sec: 91,691 | bf16_mfu: 0.00 | epoch: 1 pq: 2 rg: 92 | total time: 27.00m | eta: 10.7m
step 02735/03814 (71.71%) | loss: 3.614471 | lrm: 0.46 | dt: 587.42ms | tok/sec: 91,518 | bf16_mfu: 0.00 | epoch: 1 pq: 2 rg: 92 | total time: 27.01m | eta: 10.7m
step 02736/03814 (71.74%) | loss: 3.631016 | lrm: 0.46 | dt: 591.55ms | tok/sec: 90,879 | bf16_mfu: 0.00 | epoch: 1 pq: 2 rg: 92 | total time: 27.02m | eta: 10.7m
step 02737/03814 (71.76%) | loss: 3.616671 | lrm: 0.46 | dt: 592.83ms | tok/sec: 90,684 | bf16_mfu: 0.00 | epoch: 1 pq: 2 rg: 92 | total time: 27.03m | eta: 10.7m
step 02738/03814 (71.79%) | loss: 3.610483 | lrm: 0.46 | dt: 586.80ms | tok/sec: 91,615 | bf16_mfu: 0.00 | epoch: 1 pq: 2 rg: 92 | total time: 27.04m | eta: 10.7m
step 02739/03814 (71.81%) | loss: 3.629053 | lrm: 0.46 | dt: 586.11ms | tok/sec: 91,723 | bf16_mfu: 0.00 | epoch: 1 pq: 2 rg: 92 | total time: 27.05m | eta: 10.7m
step 02740/03814 (71.84%) | loss: 3.616794 | lrm: 0.46 | dt: 587.05ms | tok/sec: 91,576 | bf16_mfu: 0.00 | epoch: 1 pq: 2 rg: 92 | total time: 27.06m | eta: 10.6m
step 02741/03814 (71.87%) | loss: 3.626112 | lrm: 0.46 | dt: 585.30ms | tok/sec: 91,850 | bf16_mfu: 0.00 | epoch: 1 pq: 2 rg: 93 | total time: 27.07m | eta: 10.6m
step 02742/03814 (71.89%) | loss: 3.608521 | lrm: 0.46 | dt: 588.81ms | tok/sec: 91,303 | bf16_mfu: 0.00 | epoch: 1 pq: 2 rg: 93 | total time: 27.08m | eta: 10.6m
step 02743/03814 (71.92%) | loss: 3.607718 | lrm: 0.46 | dt: 584.68ms | tok/sec: 91,948 | bf16_mfu: 0.00 | epoch: 1 pq: 2 rg: 93 | total time: 27.09m | eta: 10.6m
step 02744/03814 (71.95%) | loss: 3.629166 | lrm: 0.46 | dt: 597.22ms | tok/sec: 90,016 | bf16_mfu: 0.00 | epoch: 1 pq: 2 rg: 93 | total time: 27.10m | eta: 10.6m
step 02745/03814 (71.97%) | loss: 3.623776 | lrm: 0.46 | dt: 578.51ms | tok/sec: 92,927 | bf16_mfu: 0.00 | epoch: 1 pq: 2 rg: 93 | total time: 27.11m | eta: 10.6m
step 02746/03814 (72.00%) | loss: 3.613141 | lrm: 0.46 | dt: 589.56ms | tok/sec: 91,187 | bf16_mfu: 0.00 | epoch: 1 pq: 2 rg: 93 | total time: 27.12m | eta: 10.6m
step 02747/03814 (72.02%) | loss: 3.621053 | lrm: 0.46 | dt: 597.12ms | tok/sec: 90,031 | bf16_mfu: 0.00 | epoch: 1 pq: 2 rg: 93 | total time: 27.13m | eta: 10.6m
step 02748/03814 (72.05%) | loss: 3.640861 | lrm: 0.46 | dt: 585.38ms | tok/sec: 91,837 | bf16_mfu: 0.00 | epoch: 1 pq: 2 rg: 93 | total time: 27.14m | eta: 10.6m
step 02749/03814 (72.08%) | loss: 3.662399 | lrm: 0.46 | dt: 603.55ms | tok/sec: 89,073 | bf16_mfu: 0.00 | epoch: 1 pq: 2 rg: 93 | total time: 27.15m | eta: 10.6m
step 02750/03814 (72.10%) | loss: 3.647096 | lrm: 0.46 | dt: 583.35ms | tok/sec: 92,157 | bf16_mfu: 0.00 | epoch: 1 pq: 2 rg: 93 | total time: 27.16m | eta: 10.5m
step 02751/03814 (72.13%) | loss: 3.629823 | lrm: 0.46 | dt: 589.39ms | tok/sec: 91,212 | bf16_mfu: 0.00 | epoch: 1 pq: 2 rg: 93 | total time: 27.17m | eta: 10.5m
step 02752/03814 (72.16%) | loss: 3.618595 | lrm: 0.46 | dt: 596.83ms | tok/sec: 90,076 | bf16_mfu: 0.00 | epoch: 1 pq: 2 rg: 94 | total time: 27.18m | eta: 10.5m
step 02753/03814 (72.18%) | loss: 3.645476 | lrm: 0.46 | dt: 581.49ms | tok/sec: 92,452 | bf16_mfu: 0.00 | epoch: 1 pq: 2 rg: 94 | total time: 27.19m | eta: 10.5m
step 02754/03814 (72.21%) | loss: 3.639985 | lrm: 0.46 | dt: 587.37ms | tok/sec: 91,526 | bf16_mfu: 0.00 | epoch: 1 pq: 2 rg: 94 | total time: 27.20m | eta: 10.5m
step 02755/03814 (72.23%) | loss: 3.625943 | lrm: 0.46 | dt: 585.93ms | tok/sec: 91,750 | bf16_mfu: 0.00 | epoch: 1 pq: 2 rg: 94 | total time: 27.21m | eta: 10.5m
step 02756/03814 (72.26%) | loss: 3.631600 | lrm: 0.46 | dt: 583.28ms | tok/sec: 92,168 | bf16_mfu: 0.00 | epoch: 1 pq: 2 rg: 94 | total time: 27.22m | eta: 10.5m
step 02757/03814 (72.29%) | loss: 3.639292 | lrm: 0.46 | dt: 603.35ms | tok/sec: 89,102 | bf16_mfu: 0.00 | epoch: 1 pq: 2 rg: 94 | total time: 27.23m | eta: 10.5m
step 02758/03814 (72.31%) | loss: 3.637746 | lrm: 0.45 | dt: 593.45ms | tok/sec: 90,588 | bf16_mfu: 0.00 | epoch: 1 pq: 2 rg: 94 | total time: 27.24m | eta: 10.5m
step 02759/03814 (72.34%) | loss: 3.627863 | lrm: 0.45 | dt: 584.95ms | tok/sec: 91,904 | bf16_mfu: 0.00 | epoch: 1 pq: 2 rg: 94 | total time: 27.25m | eta: 10.5m
step 02760/03814 (72.36%) | loss: 3.623732 | lrm: 0.45 | dt: 592.51ms | tok/sec: 90,732 | bf16_mfu: 0.00 | epoch: 1 pq: 2 rg: 94 | total time: 27.26m | eta: 10.4m
step 02761/03814 (72.39%) | loss: 3.641956 | lrm: 0.45 | dt: 590.19ms | tok/sec: 91,088 | bf16_mfu: 0.00 | epoch: 1 pq: 2 rg: 94 | total time: 27.27m | eta: 10.4m
step 02762/03814 (72.42%) | loss: 3.657069 | lrm: 0.45 | dt: 587.67ms | tok/sec: 91,479 | bf16_mfu: 0.00 | epoch: 1 pq: 2 rg: 95 | total time: 27.28m | eta: 10.4m
step 02763/03814 (72.44%) | loss: 3.630634 | lrm: 0.45 | dt: 592.42ms | tok/sec: 90,746 | bf16_mfu: 0.00 | epoch: 1 pq: 2 rg: 95 | total time: 27.29m | eta: 10.4m
step 02764/03814 (72.47%) | loss: 3.615287 | lrm: 0.45 | dt: 589.69ms | tok/sec: 91,166 | bf16_mfu: 0.00 | epoch: 1 pq: 2 rg: 95 | total time: 27.30m | eta: 10.4m
step 02765/03814 (72.50%) | loss: 3.610026 | lrm: 0.45 | dt: 595.81ms | tok/sec: 90,230 | bf16_mfu: 0.00 | epoch: 1 pq: 2 rg: 95 | total time: 27.31m | eta: 10.4m
step 02766/03814 (72.52%) | loss: 3.619582 | lrm: 0.45 | dt: 580.96ms | tok/sec: 92,536 | bf16_mfu: 0.00 | epoch: 1 pq: 3 rg: 0 | total time: 27.32m | eta: 10.4m
step 02767/03814 (72.55%) | loss: 3.613140 | lrm: 0.45 | dt: 598.42ms | tok/sec: 89,836 | bf16_mfu: 0.00 | epoch: 1 pq: 3 rg: 0 | total time: 27.33m | eta: 10.4m
step 02768/03814 (72.57%) | loss: 3.602139 | lrm: 0.45 | dt: 591.05ms | tok/sec: 90,956 | bf16_mfu: 0.00 | epoch: 1 pq: 3 rg: 0 | total time: 27.33m | eta: 10.4m
step 02769/03814 (72.60%) | loss: 3.627542 | lrm: 0.45 | dt: 589.64ms | tok/sec: 91,173 | bf16_mfu: 0.00 | epoch: 1 pq: 3 rg: 0 | total time: 27.34m | eta: 10.4m
step 02770/03814 (72.63%) | loss: 3.647645 | lrm: 0.45 | dt: 673.19ms | tok/sec: 79,858 | bf16_mfu: 0.00 | epoch: 1 pq: 3 rg: 0 | total time: 27.36m | eta: 10.3m
step 02771/03814 (72.65%) | loss: 3.655178 | lrm: 0.45 | dt: 591.20ms | tok/sec: 90,933 | bf16_mfu: 0.00 | epoch: 1 pq: 3 rg: 0 | total time: 27.37m | eta: 10.3m
step 02772/03814 (72.68%) | loss: 3.631579 | lrm: 0.45 | dt: 582.48ms | tok/sec: 92,294 | bf16_mfu: 0.00 | epoch: 1 pq: 3 rg: 0 | total time: 27.38m | eta: 10.3m
step 02773/03814 (72.71%) | loss: 3.637120 | lrm: 0.45 | dt: 587.02ms | tok/sec: 91,580 | bf16_mfu: 0.00 | epoch: 1 pq: 3 rg: 0 | total time: 27.39m | eta: 10.3m
step 02774/03814 (72.73%) | loss: 3.663079 | lrm: 0.45 | dt: 595.86ms | tok/sec: 90,222 | bf16_mfu: 0.00 | epoch: 1 pq: 3 rg: 0 | total time: 27.40m | eta: 10.3m
step 02775/03814 (72.76%) | loss: 3.669966 | lrm: 0.45 | dt: 589.73ms | tok/sec: 91,159 | bf16_mfu: 0.00 | epoch: 1 pq: 3 rg: 0 | total time: 27.41m | eta: 10.3m
step 02776/03814 (72.78%) | loss: 3.665527 | lrm: 0.45 | dt: 590.61ms | tok/sec: 91,023 | bf16_mfu: 0.00 | epoch: 1 pq: 3 rg: 0 | total time: 27.41m | eta: 10.3m
step 02777/03814 (72.81%) | loss: 3.650877 | lrm: 0.45 | dt: 589.64ms | tok/sec: 91,173 | bf16_mfu: 0.00 | epoch: 1 pq: 3 rg: 1 | total time: 27.42m | eta: 10.3m
step 02778/03814 (72.84%) | loss: 3.658495 | lrm: 0.45 | dt: 590.19ms | tok/sec: 91,089 | bf16_mfu: 0.00 | epoch: 1 pq: 3 rg: 1 | total time: 27.43m | eta: 10.3m
step 02779/03814 (72.86%) | loss: 3.651206 | lrm: 0.45 | dt: 621.19ms | tok/sec: 86,543 | bf16_mfu: 0.00 | epoch: 1 pq: 3 rg: 1 | total time: 27.45m | eta: 10.3m
step 02780/03814 (72.89%) | loss: 3.635486 | lrm: 0.45 | dt: 601.68ms | tok/sec: 89,349 | bf16_mfu: 0.00 | epoch: 1 pq: 3 rg: 1 | total time: 27.46m | eta: 10.2m
step 02781/03814 (72.92%) | loss: 3.635734 | lrm: 0.45 | dt: 594.88ms | tok/sec: 90,371 | bf16_mfu: 0.00 | epoch: 1 pq: 3 rg: 1 | total time: 27.46m | eta: 10.2m
step 02782/03814 (72.94%) | loss: 3.638188 | lrm: 0.45 | dt: 595.75ms | tok/sec: 90,238 | bf16_mfu: 0.00 | epoch: 1 pq: 3 rg: 1 | total time: 27.47m | eta: 10.2m
step 02783/03814 (72.97%) | loss: 3.625651 | lrm: 0.45 | dt: 591.13ms | tok/sec: 90,944 | bf16_mfu: 0.00 | epoch: 1 pq: 3 rg: 1 | total time: 27.48m | eta: 10.2m
step 02784/03814 (72.99%) | loss: 3.619438 | lrm: 0.44 | dt: 588.91ms | tok/sec: 91,286 | bf16_mfu: 0.00 | epoch: 1 pq: 3 rg: 1 | total time: 27.49m | eta: 10.2m
step 02785/03814 (73.02%) | loss: 3.611558 | lrm: 0.44 | dt: 589.90ms | tok/sec: 91,133 | bf16_mfu: 0.00 | epoch: 1 pq: 3 rg: 1 | total time: 27.50m | eta: 10.2m
step 02786/03814 (73.05%) | loss: 3.623907 | lrm: 0.44 | dt: 591.13ms | tok/sec: 90,943 | bf16_mfu: 0.00 | epoch: 1 pq: 3 rg: 1 | total time: 27.51m | eta: 10.2m
step 02787/03814 (73.07%) | loss: 3.637253 | lrm: 0.44 | dt: 600.24ms | tok/sec: 89,564 | bf16_mfu: 0.00 | epoch: 1 pq: 3 rg: 2 | total time: 27.52m | eta: 10.2m
step 02788/03814 (73.10%) | loss: 3.623800 | lrm: 0.44 | dt: 591.05ms | tok/sec: 90,956 | bf16_mfu: 0.00 | epoch: 1 pq: 3 rg: 2 | total time: 27.53m | eta: 10.2m
step 02789/03814 (73.13%) | loss: 3.622629 | lrm: 0.44 | dt: 591.37ms | tok/sec: 90,907 | bf16_mfu: 0.00 | epoch: 1 pq: 3 rg: 2 | total time: 27.54m | eta: 10.2m
step 02790/03814 (73.15%) | loss: 3.646356 | lrm: 0.44 | dt: 595.88ms | tok/sec: 90,218 | bf16_mfu: 0.00 | epoch: 1 pq: 3 rg: 2 | total time: 27.55m | eta: 10.1m
step 02791/03814 (73.18%) | loss: 3.649682 | lrm: 0.44 | dt: 592.05ms | tok/sec: 90,803 | bf16_mfu: 0.00 | epoch: 1 pq: 3 rg: 2 | total time: 27.56m | eta: 10.1m
step 02792/03814 (73.20%) | loss: 3.632429 | lrm: 0.44 | dt: 590.83ms | tok/sec: 90,990 | bf16_mfu: 0.00 | epoch: 1 pq: 3 rg: 2 | total time: 27.57m | eta: 10.1m
step 02793/03814 (73.23%) | loss: 3.619025 | lrm: 0.44 | dt: 596.83ms | tok/sec: 90,075 | bf16_mfu: 0.00 | epoch: 1 pq: 3 rg: 2 | total time: 27.58m | eta: 10.1m
step 02794/03814 (73.26%) | loss: 3.627715 | lrm: 0.44 | dt: 592.13ms | tok/sec: 90,791 | bf16_mfu: 0.00 | epoch: 1 pq: 3 rg: 2 | total time: 27.59m | eta: 10.1m
step 02795/03814 (73.28%) | loss: 3.633079 | lrm: 0.44 | dt: 591.71ms | tok/sec: 90,855 | bf16_mfu: 0.00 | epoch: 1 pq: 3 rg: 2 | total time: 27.60m | eta: 10.1m
step 02796/03814 (73.31%) | loss: 3.618753 | lrm: 0.44 | dt: 599.10ms | tok/sec: 89,734 | bf16_mfu: 0.00 | epoch: 1 pq: 3 rg: 2 | total time: 27.61m | eta: 10.1m
step 02797/03814 (73.34%) | loss: 3.608560 | lrm: 0.44 | dt: 591.80ms | tok/sec: 90,841 | bf16_mfu: 0.00 | epoch: 1 pq: 3 rg: 2 | total time: 27.62m | eta: 10.1m
step 02798/03814 (73.36%) | loss: 3.616219 | lrm: 0.44 | dt: 587.12ms | tok/sec: 91,566 | bf16_mfu: 0.00 | epoch: 1 pq: 3 rg: 3 | total time: 27.63m | eta: 10.1m
step 02799/03814 (73.39%) | loss: 3.637621 | lrm: 0.44 | dt: 591.84ms | tok/sec: 90,835 | bf16_mfu: 0.00 | epoch: 1 pq: 3 rg: 3 | total time: 27.64m | eta: 10.1m
step 02800/03814 (73.41%) | loss: 3.626830 | lrm: 0.44 | dt: 594.75ms | tok/sec: 90,391 | bf16_mfu: 0.00 | epoch: 1 pq: 3 rg: 3 | total time: 27.65m | eta: 10.1m
step 02801/03814 (73.44%) | loss: 3.616080 | lrm: 0.44 | dt: 594.20ms | tok/sec: 90,474 | bf16_mfu: 0.00 | epoch: 1 pq: 3 rg: 3 | total time: 27.66m | eta: 10.0m
step 02802/03814 (73.47%) | loss: 3.628648 | lrm: 0.44 | dt: 589.77ms | tok/sec: 91,153 | bf16_mfu: 0.00 | epoch: 1 pq: 3 rg: 3 | total time: 27.67m | eta: 10.0m
step 02803/03814 (73.49%) | loss: 3.627115 | lrm: 0.44 | dt: 595.86ms | tok/sec: 90,222 | bf16_mfu: 0.00 | epoch: 1 pq: 3 rg: 3 | total time: 27.68m | eta: 10.0m
step 02804/03814 (73.52%) | loss: 3.623059 | lrm: 0.44 | dt: 586.81ms | tok/sec: 91,613 | bf16_mfu: 0.00 | epoch: 1 pq: 3 rg: 3 | total time: 27.69m | eta: 10.0m
step 02805/03814 (73.54%) | loss: 3.610417 | lrm: 0.44 | dt: 595.02ms | tok/sec: 90,350 | bf16_mfu: 0.00 | epoch: 1 pq: 3 rg: 3 | total time: 27.70m | eta: 10.0m
step 02806/03814 (73.57%) | loss: 3.620520 | lrm: 0.44 | dt: 591.56ms | tok/sec: 90,878 | bf16_mfu: 0.00 | epoch: 1 pq: 3 rg: 3 | total time: 27.71m | eta: 10.0m
step 02807/03814 (73.60%) | loss: 3.640233 | lrm: 0.44 | dt: 591.93ms | tok/sec: 90,822 | bf16_mfu: 0.00 | epoch: 1 pq: 3 rg: 3 | total time: 27.72m | eta: 10.0m
step 02808/03814 (73.62%) | loss: 3.607852 | lrm: 0.44 | dt: 685.75ms | tok/sec: 78,395 | bf16_mfu: 0.00 | epoch: 1 pq: 3 rg: 4 | total time: 27.73m | eta: 10.0m
step 02809/03814 (73.65%) | loss: 3.613791 | lrm: 0.44 | dt: 590.88ms | tok/sec: 90,982 | bf16_mfu: 0.00 | epoch: 1 pq: 3 rg: 4 | total time: 27.74m | eta: 10.0m
step 02810/03814 (73.68%) | loss: 3.632711 | lrm: 0.43 | dt: 590.08ms | tok/sec: 91,105 | bf16_mfu: 0.00 | epoch: 1 pq: 3 rg: 4 | total time: 27.75m | eta: 10.0m
step 02811/03814 (73.70%) | loss: 3.644714 | lrm: 0.43 | dt: 584.09ms | tok/sec: 92,041 | bf16_mfu: 0.00 | epoch: 1 pq: 3 rg: 4 | total time: 27.76m | eta: 9.9m
step 02812/03814 (73.73%) | loss: 3.633284 | lrm: 0.43 | dt: 601.64ms | tok/sec: 89,356 | bf16_mfu: 0.00 | epoch: 1 pq: 3 rg: 4 | total time: 27.77m | eta: 9.9m
step 02813/03814 (73.75%) | loss: 3.634105 | lrm: 0.43 | dt: 589.80ms | tok/sec: 91,148 | bf16_mfu: 0.00 | epoch: 1 pq: 3 rg: 4 | total time: 27.78m | eta: 9.9m
step 02814/03814 (73.78%) | loss: 3.647798 | lrm: 0.43 | dt: 590.30ms | tok/sec: 91,071 | bf16_mfu: 0.00 | epoch: 1 pq: 3 rg: 4 | total time: 27.79m | eta: 9.9m
step 02815/03814 (73.81%) | loss: 3.648561 | lrm: 0.43 | dt: 590.63ms | tok/sec: 91,020 | bf16_mfu: 0.00 | epoch: 1 pq: 3 rg: 4 | total time: 27.80m | eta: 9.9m
step 02816/03814 (73.83%) | loss: 3.631361 | lrm: 0.43 | dt: 591.93ms | tok/sec: 90,821 | bf16_mfu: 0.00 | epoch: 1 pq: 3 rg: 4 | total time: 27.81m | eta: 9.9m
step 02817/03814 (73.86%) | loss: 3.631331 | lrm: 0.43 | dt: 578.05ms | tok/sec: 93,001 | bf16_mfu: 0.00 | epoch: 1 pq: 3 rg: 4 | total time: 27.82m | eta: 9.9m
step 02818/03814 (73.89%) | loss: 3.644630 | lrm: 0.43 | dt: 587.26ms | tok/sec: 91,543 | bf16_mfu: 0.00 | epoch: 1 pq: 3 rg: 4 | total time: 27.83m | eta: 9.9m
step 02819/03814 (73.91%) | loss: 3.659453 | lrm: 0.43 | dt: 593.51ms | tok/sec: 90,579 | bf16_mfu: 0.00 | epoch: 1 pq: 3 rg: 5 | total time: 27.84m | eta: 9.9m
step 02820/03814 (73.94%) | loss: 3.653515 | lrm: 0.43 | dt: 856.89ms | tok/sec: 62,738 | bf16_mfu: 0.00 | epoch: 1 pq: 3 rg: 5 | total time: 27.86m | eta: 9.9m
step 02821/03814 (73.96%) | loss: 3.645211 | lrm: 0.43 | dt: 589.55ms | tok/sec: 91,188 | bf16_mfu: 0.00 | epoch: 1 pq: 3 rg: 5 | total time: 27.87m | eta: 9.8m
step 02822/03814 (73.99%) | loss: 3.653345 | lrm: 0.43 | dt: 590.26ms | tok/sec: 91,077 | bf16_mfu: 0.00 | epoch: 1 pq: 3 rg: 5 | total time: 27.88m | eta: 9.8m
step 02823/03814 (74.02%) | loss: 3.658908 | lrm: 0.43 | dt: 586.11ms | tok/sec: 91,722 | bf16_mfu: 0.00 | epoch: 1 pq: 3 rg: 5 | total time: 27.89m | eta: 9.8m
step 02824/03814 (74.04%) | loss: 3.636962 | lrm: 0.43 | dt: 589.51ms | tok/sec: 91,194 | bf16_mfu: 0.00 | epoch: 1 pq: 3 rg: 5 | total time: 27.89m | eta: 9.8m
step 02825/03814 (74.07%) | loss: 3.624188 | lrm: 0.43 | dt: 583.12ms | tok/sec: 92,192 | bf16_mfu: 0.00 | epoch: 1 pq: 3 rg: 5 | total time: 27.90m | eta: 9.8m
step 02826/03814 (74.10%) | loss: 3.606759 | lrm: 0.43 | dt: 625.21ms | tok/sec: 85,987 | bf16_mfu: 0.00 | epoch: 1 pq: 3 rg: 5 | total time: 27.92m | eta: 9.8m
step 02827/03814 (74.12%) | loss: 3.615493 | lrm: 0.43 | dt: 593.39ms | tok/sec: 90,598 | bf16_mfu: 0.00 | epoch: 1 pq: 3 rg: 5 | total time: 27.92m | eta: 9.8m
step 02828/03814 (74.15%) | loss: 3.616380 | lrm: 0.43 | dt: 587.64ms | tok/sec: 91,485 | bf16_mfu: 0.00 | epoch: 1 pq: 3 rg: 5 | total time: 27.93m | eta: 9.8m
step 02829/03814 (74.17%) | loss: 3.601319 | lrm: 0.43 | dt: 585.15ms | tok/sec: 91,873 | bf16_mfu: 0.00 | epoch: 1 pq: 3 rg: 5 | total time: 27.94m | eta: 9.8m
step 02830/03814 (74.20%) | loss: 3.603261 | lrm: 0.43 | dt: 588.89ms | tok/sec: 91,291 | bf16_mfu: 0.00 | epoch: 1 pq: 3 rg: 6 | total time: 27.95m | eta: 9.8m
step 02831/03814 (74.23%) | loss: 3.624034 | lrm: 0.43 | dt: 644.44ms | tok/sec: 83,420 | bf16_mfu: 0.00 | epoch: 1 pq: 3 rg: 6 | total time: 27.96m | eta: 9.7m
step 02832/03814 (74.25%) | loss: 3.622860 | lrm: 0.43 | dt: 591.14ms | tok/sec: 90,943 | bf16_mfu: 0.00 | epoch: 1 pq: 3 rg: 6 | total time: 27.97m | eta: 9.7m
step 02833/03814 (74.28%) | loss: 3.620964 | lrm: 0.43 | dt: 593.94ms | tok/sec: 90,513 | bf16_mfu: 0.00 | epoch: 1 pq: 3 rg: 6 | total time: 27.98m | eta: 9.7m
step 02834/03814 (74.31%) | loss: 3.605959 | lrm: 0.43 | dt: 581.45ms | tok/sec: 92,457 | bf16_mfu: 0.00 | epoch: 1 pq: 3 rg: 6 | total time: 27.99m | eta: 9.7m
step 02835/03814 (74.33%) | loss: 3.603364 | lrm: 0.43 | dt: 589.04ms | tok/sec: 91,267 | bf16_mfu: 0.00 | epoch: 1 pq: 3 rg: 6 | total time: 28.00m | eta: 9.7m
step 02836/03814 (74.36%) | loss: 3.627062 | lrm: 0.42 | dt: 582.26ms | tok/sec: 92,329 | bf16_mfu: 0.00 | epoch: 1 pq: 3 rg: 6 | total time: 28.01m | eta: 9.7m
step 02837/03814 (74.38%) | loss: 3.604932 | lrm: 0.42 | dt: 643.24ms | tok/sec: 83,576 | bf16_mfu: 0.00 | epoch: 1 pq: 3 rg: 6 | total time: 28.02m | eta: 9.7m
step 02838/03814 (74.41%) | loss: 3.590638 | lrm: 0.42 | dt: 591.21ms | tok/sec: 90,932 | bf16_mfu: 0.00 | epoch: 1 pq: 3 rg: 6 | total time: 28.03m | eta: 9.7m
step 02839/03814 (74.44%) | loss: 3.590648 | lrm: 0.42 | dt: 588.50ms | tok/sec: 91,350 | bf16_mfu: 0.00 | epoch: 1 pq: 3 rg: 6 | total time: 28.04m | eta: 9.7m
step 02840/03814 (74.46%) | loss: 3.598988 | lrm: 0.42 | dt: 587.98ms | tok/sec: 91,431 | bf16_mfu: 0.00 | epoch: 1 pq: 3 rg: 7 | total time: 28.05m | eta: 9.7m
step 02841/03814 (74.49%) | loss: 3.578687 | lrm: 0.42 | dt: 586.84ms | tok/sec: 91,609 | bf16_mfu: 0.00 | epoch: 1 pq: 3 rg: 7 | total time: 28.06m | eta: 9.6m
step 02842/03814 (74.51%) | loss: 3.565296 | lrm: 0.42 | dt: 587.99ms | tok/sec: 91,429 | bf16_mfu: 0.00 | epoch: 1 pq: 3 rg: 7 | total time: 28.07m | eta: 9.6m
step 02843/03814 (74.54%) | loss: 3.557887 | lrm: 0.42 | dt: 626.97ms | tok/sec: 85,745 | bf16_mfu: 0.00 | epoch: 1 pq: 3 rg: 7 | total time: 28.08m | eta: 9.6m
step 02844/03814 (74.57%) | loss: 3.574822 | lrm: 0.42 | dt: 593.23ms | tok/sec: 90,622 | bf16_mfu: 0.00 | epoch: 1 pq: 3 rg: 7 | total time: 28.09m | eta: 9.6m
step 02845/03814 (74.59%) | loss: 3.571631 | lrm: 0.42 | dt: 585.73ms | tok/sec: 91,782 | bf16_mfu: 0.00 | epoch: 1 pq: 3 rg: 7 | total time: 28.10m | eta: 9.6m
step 02846/03814 (74.62%) | loss: 3.558948 | lrm: 0.42 | dt: 585.51ms | tok/sec: 91,816 | bf16_mfu: 0.00 | epoch: 1 pq: 3 rg: 7 | total time: 28.11m | eta: 9.6m
step 02847/03814 (74.65%) | loss: 3.584941 | lrm: 0.42 | dt: 587.49ms | tok/sec: 91,507 | bf16_mfu: 0.00 | epoch: 1 pq: 3 rg: 7 | total time: 28.12m | eta: 9.6m
step 02848/03814 (74.67%) | loss: 3.589557 | lrm: 0.42 | dt: 587.54ms | tok/sec: 91,500 | bf16_mfu: 0.00 | epoch: 1 pq: 3 rg: 7 | total time: 28.13m | eta: 9.6m
step 02849/03814 (74.70%) | loss: 3.599896 | lrm: 0.42 | dt: 588.67ms | tok/sec: 91,324 | bf16_mfu: 0.00 | epoch: 1 pq: 3 rg: 7 | total time: 28.14m | eta: 9.6m
step 02850/03814 (74.72%) | loss: 3.587043 | lrm: 0.42 | dt: 588.02ms | tok/sec: 91,425 | bf16_mfu: 0.00 | epoch: 1 pq: 3 rg: 7 | total time: 28.15m | eta: 9.6m
step 02851/03814 (74.75%) | loss: 3.583615 | lrm: 0.42 | dt: 587.31ms | tok/sec: 91,536 | bf16_mfu: 0.00 | epoch: 1 pq: 3 rg: 8 | total time: 28.16m | eta: 9.5m
step 02852/03814 (74.78%) | loss: 3.583174 | lrm: 0.42 | dt: 826.05ms | tok/sec: 65,081 | bf16_mfu: 0.00 | epoch: 1 pq: 3 rg: 8 | total time: 28.18m | eta: 9.5m
step 02853/03814 (74.80%) | loss: 3.571806 | lrm: 0.42 | dt: 586.29ms | tok/sec: 91,694 | bf16_mfu: 0.00 | epoch: 1 pq: 3 rg: 8 | total time: 28.19m | eta: 9.5m
step 02854/03814 (74.83%) | loss: 3.547254 | lrm: 0.42 | dt: 576.43ms | tok/sec: 93,263 | bf16_mfu: 0.00 | epoch: 1 pq: 3 rg: 8 | total time: 28.20m | eta: 9.5m
step 02855/03814 (74.86%) | loss: 3.549438 | lrm: 0.42 | dt: 586.95ms | tok/sec: 91,592 | bf16_mfu: 0.00 | epoch: 1 pq: 3 rg: 8 | total time: 28.21m | eta: 9.5m
step 02856/03814 (74.88%) | loss: 3.580341 | lrm: 0.42 | dt: 584.37ms | tok/sec: 91,996 | bf16_mfu: 0.00 | epoch: 1 pq: 3 rg: 8 | total time: 28.22m | eta: 9.5m
step 02857/03814 (74.91%) | loss: 3.570861 | lrm: 0.42 | dt: 585.49ms | tok/sec: 91,820 | bf16_mfu: 0.00 | epoch: 1 pq: 3 rg: 8 | total time: 28.22m | eta: 9.5m
step 02858/03814 (74.93%) | loss: 3.555578 | lrm: 0.42 | dt: 626.85ms | tok/sec: 85,762 | bf16_mfu: 0.00 | epoch: 1 pq: 3 rg: 8 | total time: 28.24m | eta: 9.5m
step 02859/03814 (74.96%) | loss: 3.547902 | lrm: 0.42 | dt: 588.63ms | tok/sec: 91,330 | bf16_mfu: 0.00 | epoch: 1 pq: 3 rg: 8 | total time: 28.25m | eta: 9.5m
step 02860/03814 (74.99%) | loss: 3.561190 | lrm: 0.42 | dt: 650.38ms | tok/sec: 82,659 | bf16_mfu: 0.00 | epoch: 1 pq: 3 rg: 8 | total time: 28.26m | eta: 9.5m
step 02861/03814 (75.01%) | loss: 3.576860 | lrm: 0.42 | dt: 587.69ms | tok/sec: 91,476 | bf16_mfu: 0.00 | epoch: 1 pq: 3 rg: 9 | total time: 28.27m | eta: 9.4m
step 02862/03814 (75.04%) | loss: 3.565706 | lrm: 0.41 | dt: 587.93ms | tok/sec: 91,439 | bf16_mfu: 0.00 | epoch: 1 pq: 3 rg: 9 | total time: 28.28m | eta: 9.4m
step 02863/03814 (75.07%) | loss: 3.561444 | lrm: 0.41 | dt: 587.75ms | tok/sec: 91,467 | bf16_mfu: 0.00 | epoch: 1 pq: 3 rg: 9 | total time: 28.29m | eta: 9.4m
step 02864/03814 (75.09%) | loss: 3.560047 | lrm: 0.41 | dt: 585.50ms | tok/sec: 91,818 | bf16_mfu: 0.00 | epoch: 1 pq: 3 rg: 9 | total time: 28.30m | eta: 9.4m
step 02865/03814 (75.12%) | loss: 3.560145 | lrm: 0.41 | dt: 589.73ms | tok/sec: 91,160 | bf16_mfu: 0.00 | epoch: 1 pq: 3 rg: 9 | total time: 28.31m | eta: 9.4m
step 02866/03814 (75.14%) | loss: 3.550966 | lrm: 0.41 | dt: 586.99ms | tok/sec: 91,585 | bf16_mfu: 0.00 | epoch: 1 pq: 3 rg: 9 | total time: 28.31m | eta: 9.4m
step 02867/03814 (75.17%) | loss: 3.551592 | lrm: 0.41 | dt: 587.68ms | tok/sec: 91,478 | bf16_mfu: 0.00 | epoch: 1 pq: 3 rg: 9 | total time: 28.32m | eta: 9.4m
step 02868/03814 (75.20%) | loss: 3.554970 | lrm: 0.41 | dt: 586.78ms | tok/sec: 91,619 | bf16_mfu: 0.00 | epoch: 1 pq: 3 rg: 9 | total time: 28.33m | eta: 9.4m
step 02869/03814 (75.22%) | loss: 3.559639 | lrm: 0.41 | dt: 587.44ms | tok/sec: 91,515 | bf16_mfu: 0.00 | epoch: 1 pq: 3 rg: 9 | total time: 28.34m | eta: 9.4m
step 02870/03814 (75.25%) | loss: 3.556805 | lrm: 0.41 | dt: 627.60ms | tok/sec: 85,659 | bf16_mfu: 0.00 | epoch: 1 pq: 3 rg: 9 | total time: 28.35m | eta: 9.4m
step 02871/03814 (75.28%) | loss: 3.542823 | lrm: 0.41 | dt: 587.80ms | tok/sec: 91,459 | bf16_mfu: 0.00 | epoch: 1 pq: 3 rg: 9 | total time: 28.36m | eta: 9.3m
step 02872/03814 (75.30%) | loss: 3.568925 | lrm: 0.41 | dt: 666.30ms | tok/sec: 80,684 | bf16_mfu: 0.00 | epoch: 1 pq: 3 rg: 10 | total time: 28.38m | eta: 9.3m
step 02873/03814 (75.33%) | loss: 3.569447 | lrm: 0.41 | dt: 587.03ms | tok/sec: 91,579 | bf16_mfu: 0.00 | epoch: 1 pq: 3 rg: 10 | total time: 28.39m | eta: 9.3m
step 02874/03814 (75.35%) | loss: 3.569620 | lrm: 0.41 | dt: 586.01ms | tok/sec: 91,739 | bf16_mfu: 0.00 | epoch: 1 pq: 3 rg: 10 | total time: 28.40m | eta: 9.3m
step 02875/03814 (75.38%) | loss: 3.586534 | lrm: 0.41 | dt: 586.69ms | tok/sec: 91,633 | bf16_mfu: 0.00 | epoch: 1 pq: 3 rg: 10 | total time: 28.40m | eta: 9.3m
step 02876/03814 (75.41%) | loss: 3.611653 | lrm: 0.41 | dt: 575.92ms | tok/sec: 93,345 | bf16_mfu: 0.00 | epoch: 1 pq: 3 rg: 10 | total time: 28.41m | eta: 9.3m
step 02877/03814 (75.43%) | loss: 3.627618 | lrm: 0.41 | dt: 584.01ms | tok/sec: 92,053 | bf16_mfu: 0.00 | epoch: 1 pq: 3 rg: 10 | total time: 28.42m | eta: 9.3m
step 02878/03814 (75.46%) | loss: 3.636147 | lrm: 0.41 | dt: 583.70ms | tok/sec: 92,101 | bf16_mfu: 0.00 | epoch: 1 pq: 3 rg: 10 | total time: 28.43m | eta: 9.3m
step 02879/03814 (75.49%) | loss: 3.611578 | lrm: 0.41 | dt: 585.44ms | tok/sec: 91,829 | bf16_mfu: 0.00 | epoch: 1 pq: 3 rg: 10 | total time: 28.44m | eta: 9.3m
step 02880/03814 (75.51%) | loss: 3.625444 | lrm: 0.41 | dt: 587.37ms | tok/sec: 91,527 | bf16_mfu: 0.00 | epoch: 1 pq: 3 rg: 10 | total time: 28.45m | eta: 9.3m
step 02881/03814 (75.54%) | loss: 3.630811 | lrm: 0.41 | dt: 586.18ms | tok/sec: 91,712 | bf16_mfu: 0.00 | epoch: 1 pq: 3 rg: 10 | total time: 28.46m | eta: 9.2m
step 02882/03814 (75.56%) | loss: 3.634919 | lrm: 0.41 | dt: 587.66ms | tok/sec: 91,481 | bf16_mfu: 0.00 | epoch: 1 pq: 3 rg: 11 | total time: 28.47m | eta: 9.2m
step 02883/03814 (75.59%) | loss: 3.613640 | lrm: 0.41 | dt: 586.89ms | tok/sec: 91,600 | bf16_mfu: 0.00 | epoch: 1 pq: 3 rg: 11 | total time: 28.48m | eta: 9.2m
step 02884/03814 (75.62%) | loss: 3.613456 | lrm: 0.41 | dt: 587.21ms | tok/sec: 91,551 | bf16_mfu: 0.00 | epoch: 1 pq: 3 rg: 11 | total time: 28.49m | eta: 9.2m
step 02885/03814 (75.64%) | loss: 3.617493 | lrm: 0.41 | dt: 586.20ms | tok/sec: 91,708 | bf16_mfu: 0.00 | epoch: 1 pq: 3 rg: 11 | total time: 28.50m | eta: 9.2m
step 02886/03814 (75.67%) | loss: 3.611975 | lrm: 0.41 | dt: 577.93ms | tok/sec: 93,021 | bf16_mfu: 0.00 | epoch: 1 pq: 3 rg: 11 | total time: 28.51m | eta: 9.2m
step 02887/03814 (75.69%) | loss: 3.599184 | lrm: 0.41 | dt: 581.35ms | tok/sec: 92,474 | bf16_mfu: 0.00 | epoch: 1 pq: 3 rg: 11 | total time: 28.52m | eta: 9.2m
step 02888/03814 (75.72%) | loss: 3.578412 | lrm: 0.40 | dt: 585.13ms | tok/sec: 91,877 | bf16_mfu: 0.00 | epoch: 1 pq: 3 rg: 11 | total time: 28.53m | eta: 9.2m
step 02889/03814 (75.75%) | loss: 3.583197 | lrm: 0.40 | dt: 586.36ms | tok/sec: 91,683 | bf16_mfu: 0.00 | epoch: 1 pq: 3 rg: 11 | total time: 28.54m | eta: 9.2m
step 02890/03814 (75.77%) | loss: 3.591878 | lrm: 0.40 | dt: 585.67ms | tok/sec: 91,792 | bf16_mfu: 0.00 | epoch: 1 pq: 3 rg: 11 | total time: 28.55m | eta: 9.2m
step 02891/03814 (75.80%) | loss: 3.592104 | lrm: 0.40 | dt: 590.24ms | tok/sec: 91,081 | bf16_mfu: 0.00 | epoch: 1 pq: 3 rg: 11 | total time: 28.56m | eta: 9.2m
step 02892/03814 (75.83%) | loss: 3.587706 | lrm: 0.40 | dt: 585.41ms | tok/sec: 91,833 | bf16_mfu: 0.00 | epoch: 1 pq: 3 rg: 11 | total time: 28.57m | eta: 9.1m
step 02893/03814 (75.85%) | loss: 3.609633 | lrm: 0.40 | dt: 584.86ms | tok/sec: 91,918 | bf16_mfu: 0.00 | epoch: 1 pq: 3 rg: 12 | total time: 28.58m | eta: 9.1m
step 02894/03814 (75.88%) | loss: 3.610390 | lrm: 0.40 | dt: 586.61ms | tok/sec: 91,645 | bf16_mfu: 0.00 | epoch: 1 pq: 3 rg: 12 | total time: 28.59m | eta: 9.1m
step 02895/03814 (75.90%) | loss: 3.618918 | lrm: 0.40 | dt: 587.37ms | tok/sec: 91,527 | bf16_mfu: 0.00 | epoch: 1 pq: 3 rg: 12 | total time: 28.60m | eta: 9.1m
step 02896/03814 (75.93%) | loss: 3.599569 | lrm: 0.40 | dt: 586.15ms | tok/sec: 91,717 | bf16_mfu: 0.00 | epoch: 1 pq: 3 rg: 12 | total time: 28.61m | eta: 9.1m
step 02897/03814 (75.96%) | loss: 3.608210 | lrm: 0.40 | dt: 608.72ms | tok/sec: 88,317 | bf16_mfu: 0.00 | epoch: 1 pq: 3 rg: 12 | total time: 28.62m | eta: 9.1m
step 02898/03814 (75.98%) | loss: 3.587117 | lrm: 0.40 | dt: 586.64ms | tok/sec: 91,640 | bf16_mfu: 0.00 | epoch: 1 pq: 3 rg: 12 | total time: 28.63m | eta: 9.1m
step 02899/03814 (76.01%) | loss: 3.564411 | lrm: 0.40 | dt: 586.27ms | tok/sec: 91,698 | bf16_mfu: 0.00 | epoch: 1 pq: 3 rg: 12 | total time: 28.64m | eta: 9.1m
step 02900/03814 (76.04%) | loss: 3.551908 | lrm: 0.40 | dt: 585.95ms | tok/sec: 91,748 | bf16_mfu: 0.00 | epoch: 1 pq: 3 rg: 12 | total time: 28.65m | eta: 9.1m
step 02901/03814 (76.06%) | loss: 3.554912 | lrm: 0.40 | dt: 583.23ms | tok/sec: 92,176 | bf16_mfu: 0.00 | epoch: 1 pq: 3 rg: 12 | total time: 28.66m | eta: 9.1m
step 02902/03814 (76.09%) | loss: 3.555419 | lrm: 0.40 | dt: 577.11ms | tok/sec: 93,153 | bf16_mfu: 0.00 | epoch: 1 pq: 3 rg: 12 | total time: 28.67m | eta: 9.0m
step 02903/03814 (76.11%) | loss: 3.560978 | lrm: 0.40 | dt: 674.06ms | tok/sec: 79,755 | bf16_mfu: 0.00 | epoch: 1 pq: 3 rg: 13 | total time: 28.68m | eta: 9.0m
step 02904/03814 (76.14%) | loss: 3.563002 | lrm: 0.40 | dt: 576.70ms | tok/sec: 93,220 | bf16_mfu: 0.00 | epoch: 1 pq: 3 rg: 13 | total time: 28.69m | eta: 9.0m
step 02905/03814 (76.17%) | loss: 3.549039 | lrm: 0.40 | dt: 584.63ms | tok/sec: 91,954 | bf16_mfu: 0.00 | epoch: 1 pq: 3 rg: 13 | total time: 28.70m | eta: 9.0m
step 02906/03814 (76.19%) | loss: 3.545632 | lrm: 0.40 | dt: 584.40ms | tok/sec: 91,991 | bf16_mfu: 0.00 | epoch: 1 pq: 3 rg: 13 | total time: 28.71m | eta: 9.0m
step 02907/03814 (76.22%) | loss: 3.570811 | lrm: 0.40 | dt: 574.48ms | tok/sec: 93,580 | bf16_mfu: 0.00 | epoch: 1 pq: 3 rg: 13 | total time: 28.72m | eta: 9.0m
step 02908/03814 (76.25%) | loss: 3.578068 | lrm: 0.40 | dt: 584.67ms | tok/sec: 91,949 | bf16_mfu: 0.00 | epoch: 1 pq: 3 rg: 13 | total time: 28.73m | eta: 9.0m
step 02909/03814 (76.27%) | loss: 3.582510 | lrm: 0.40 | dt: 586.30ms | tok/sec: 91,694 | bf16_mfu: 0.00 | epoch: 1 pq: 3 rg: 13 | total time: 28.74m | eta: 9.0m
step 02910/03814 (76.30%) | loss: 3.589332 | lrm: 0.40 | dt: 591.38ms | tok/sec: 90,905 | bf16_mfu: 0.00 | epoch: 1 pq: 3 rg: 13 | total time: 28.75m | eta: 9.0m
step 02911/03814 (76.32%) | loss: 3.605602 | lrm: 0.40 | dt: 582.36ms | tok/sec: 92,314 | bf16_mfu: 0.00 | epoch: 1 pq: 3 rg: 13 | total time: 28.76m | eta: 9.0m
step 02912/03814 (76.35%) | loss: 3.598670 | lrm: 0.40 | dt: 588.08ms | tok/sec: 91,416 | bf16_mfu: 0.00 | epoch: 1 pq: 3 rg: 13 | total time: 28.77m | eta: 8.9m
step 02913/03814 (76.38%) | loss: 3.582379 | lrm: 0.40 | dt: 587.01ms | tok/sec: 91,582 | bf16_mfu: 0.00 | epoch: 1 pq: 3 rg: 13 | total time: 28.78m | eta: 8.9m
step 02914/03814 (76.40%) | loss: 3.610594 | lrm: 0.39 | dt: 586.37ms | tok/sec: 91,683 | bf16_mfu: 0.00 | epoch: 1 pq: 3 rg: 14 | total time: 28.79m | eta: 8.9m
step 02915/03814 (76.43%) | loss: 3.597847 | lrm: 0.39 | dt: 586.77ms | tok/sec: 91,620 | bf16_mfu: 0.00 | epoch: 1 pq: 3 rg: 14 | total time: 28.80m | eta: 8.9m
step 02916/03814 (76.46%) | loss: 3.586552 | lrm: 0.39 | dt: 584.89ms | tok/sec: 91,915 | bf16_mfu: 0.00 | epoch: 1 pq: 3 rg: 14 | total time: 28.81m | eta: 8.9m
step 02917/03814 (76.48%) | loss: 3.574662 | lrm: 0.39 | dt: 589.38ms | tok/sec: 91,214 | bf16_mfu: 0.00 | epoch: 1 pq: 3 rg: 14 | total time: 28.82m | eta: 8.9m
step 02918/03814 (76.51%) | loss: 3.589618 | lrm: 0.39 | dt: 607.39ms | tok/sec: 88,509 | bf16_mfu: 0.00 | epoch: 1 pq: 3 rg: 14 | total time: 28.83m | eta: 8.9m
step 02919/03814 (76.53%) | loss: 3.590088 | lrm: 0.39 | dt: 588.67ms | tok/sec: 91,325 | bf16_mfu: 0.00 | epoch: 1 pq: 3 rg: 14 | total time: 28.84m | eta: 8.9m
step 02920/03814 (76.56%) | loss: 3.581316 | lrm: 0.39 | dt: 585.69ms | tok/sec: 91,789 | bf16_mfu: 0.00 | epoch: 1 pq: 3 rg: 14 | total time: 28.85m | eta: 8.9m
step 02921/03814 (76.59%) | loss: 3.585824 | lrm: 0.39 | dt: 588.11ms | tok/sec: 91,411 | bf16_mfu: 0.00 | epoch: 1 pq: 3 rg: 14 | total time: 28.86m | eta: 8.9m
step 02922/03814 (76.61%) | loss: 3.575457 | lrm: 0.39 | dt: 586.14ms | tok/sec: 91,719 | bf16_mfu: 0.00 | epoch: 1 pq: 3 rg: 14 | total time: 28.87m | eta: 8.8m
step 02923/03814 (76.64%) | loss: 3.568370 | lrm: 0.39 | dt: 586.71ms | tok/sec: 91,629 | bf16_mfu: 0.00 | epoch: 1 pq: 3 rg: 14 | total time: 28.88m | eta: 8.8m
step 02924/03814 (76.66%) | loss: 3.552074 | lrm: 0.39 | dt: 586.13ms | tok/sec: 91,720 | bf16_mfu: 0.00 | epoch: 1 pq: 3 rg: 15 | total time: 28.89m | eta: 8.8m
step 02925/03814 (76.69%) | loss: 3.544381 | lrm: 0.39 | dt: 588.28ms | tok/sec: 91,384 | bf16_mfu: 0.00 | epoch: 1 pq: 3 rg: 15 | total time: 28.89m | eta: 8.8m
step 02926/03814 (76.72%) | loss: 3.544228 | lrm: 0.39 | dt: 587.35ms | tok/sec: 91,530 | bf16_mfu: 0.00 | epoch: 1 pq: 3 rg: 15 | total time: 28.90m | eta: 8.8m
step 02927/03814 (76.74%) | loss: 3.564376 | lrm: 0.39 | dt: 585.26ms | tok/sec: 91,856 | bf16_mfu: 0.00 | epoch: 1 pq: 3 rg: 15 | total time: 28.91m | eta: 8.8m
step 02928/03814 (76.77%) | loss: 3.581121 | lrm: 0.39 | dt: 589.49ms | tok/sec: 91,197 | bf16_mfu: 0.00 | epoch: 1 pq: 3 rg: 15 | total time: 28.92m | eta: 8.8m
step 02929/03814 (76.80%) | loss: 3.565525 | lrm: 0.39 | dt: 584.49ms | tok/sec: 91,977 | bf16_mfu: 0.00 | epoch: 1 pq: 3 rg: 15 | total time: 28.93m | eta: 8.8m
step 02930/03814 (76.82%) | loss: 3.561669 | lrm: 0.39 | dt: 588.08ms | tok/sec: 91,415 | bf16_mfu: 0.00 | epoch: 1 pq: 3 rg: 15 | total time: 28.94m | eta: 8.8m
step 02931/03814 (76.85%) | loss: 3.564271 | lrm: 0.39 | dt: 586.37ms | tok/sec: 91,682 | bf16_mfu: 0.00 | epoch: 1 pq: 3 rg: 15 | total time: 28.95m | eta: 8.8m
step 02932/03814 (76.87%) | loss: 3.560712 | lrm: 0.39 | dt: 586.27ms | tok/sec: 91,698 | bf16_mfu: 0.00 | epoch: 1 pq: 3 rg: 15 | total time: 28.96m | eta: 8.7m
step 02933/03814 (76.90%) | loss: 3.548601 | lrm: 0.39 | dt: 586.38ms | tok/sec: 91,681 | bf16_mfu: 0.00 | epoch: 1 pq: 3 rg: 15 | total time: 28.97m | eta: 8.7m
step 02934/03814 (76.93%) | loss: 3.545622 | lrm: 0.39 | dt: 607.79ms | tok/sec: 88,451 | bf16_mfu: 0.00 | epoch: 1 pq: 3 rg: 15 | total time: 28.98m | eta: 8.7m
step 02935/03814 (76.95%) | loss: 3.560130 | lrm: 0.39 | dt: 585.40ms | tok/sec: 91,835 | bf16_mfu: 0.00 | epoch: 1 pq: 3 rg: 16 | total time: 28.99m | eta: 8.7m
step 02936/03814 (76.98%) | loss: 3.556786 | lrm: 0.39 | dt: 587.20ms | tok/sec: 91,552 | bf16_mfu: 0.00 | epoch: 1 pq: 3 rg: 16 | total time: 29.00m | eta: 8.7m
step 02937/03814 (77.01%) | loss: 3.556992 | lrm: 0.39 | dt: 588.56ms | tok/sec: 91,342 | bf16_mfu: 0.00 | epoch: 1 pq: 3 rg: 16 | total time: 29.01m | eta: 8.7m
step 02938/03814 (77.03%) | loss: 3.579986 | lrm: 0.39 | dt: 587.40ms | tok/sec: 91,521 | bf16_mfu: 0.00 | epoch: 1 pq: 3 rg: 16 | total time: 29.02m | eta: 8.7m
step 02939/03814 (77.06%) | loss: 3.584166 | lrm: 0.39 | dt: 585.39ms | tok/sec: 91,835 | bf16_mfu: 0.00 | epoch: 1 pq: 3 rg: 16 | total time: 29.03m | eta: 8.7m
step 02940/03814 (77.08%) | loss: 3.581403 | lrm: 0.38 | dt: 589.65ms | tok/sec: 91,172 | bf16_mfu: 0.00 | epoch: 1 pq: 3 rg: 16 | total time: 29.04m | eta: 8.7m
step 02941/03814 (77.11%) | loss: 3.567624 | lrm: 0.38 | dt: 584.66ms | tok/sec: 91,951 | bf16_mfu: 0.00 | epoch: 1 pq: 3 rg: 16 | total time: 29.05m | eta: 8.7m
step 02942/03814 (77.14%) | loss: 3.570174 | lrm: 0.38 | dt: 587.45ms | tok/sec: 91,513 | bf16_mfu: 0.00 | epoch: 1 pq: 3 rg: 16 | total time: 29.06m | eta: 8.6m
step 02943/03814 (77.16%) | loss: 3.599145 | lrm: 0.38 | dt: 585.12ms | tok/sec: 91,878 | bf16_mfu: 0.00 | epoch: 1 pq: 3 rg: 16 | total time: 29.07m | eta: 8.6m
step 02944/03814 (77.19%) | loss: 3.603908 | lrm: 0.38 | dt: 586.90ms | tok/sec: 91,600 | bf16_mfu: 0.00 | epoch: 1 pq: 3 rg: 16 | total time: 29.08m | eta: 8.6m
step 02945/03814 (77.22%) | loss: 3.593239 | lrm: 0.38 | dt: 588.72ms | tok/sec: 91,316 | bf16_mfu: 0.00 | epoch: 1 pq: 3 rg: 16 | total time: 29.09m | eta: 8.6m
step 02946/03814 (77.24%) | loss: 3.597446 | lrm: 0.38 | dt: 586.72ms | tok/sec: 91,628 | bf16_mfu: 0.00 | epoch: 1 pq: 3 rg: 17 | total time: 29.10m | eta: 8.6m
step 02947/03814 (77.27%) | loss: 3.613390 | lrm: 0.38 | dt: 586.54ms | tok/sec: 91,656 | bf16_mfu: 0.00 | epoch: 1 pq: 3 rg: 17 | total time: 29.11m | eta: 8.6m
step 02948/03814 (77.29%) | loss: 3.607896 | lrm: 0.38 | dt: 587.62ms | tok/sec: 91,487 | bf16_mfu: 0.00 | epoch: 1 pq: 3 rg: 17 | total time: 29.12m | eta: 8.6m
step 02949/03814 (77.32%) | loss: 3.588115 | lrm: 0.38 | dt: 588.01ms | tok/sec: 91,427 | bf16_mfu: 0.00 | epoch: 1 pq: 3 rg: 17 | total time: 29.13m | eta: 8.6m
step 02950/03814 (77.35%) | loss: 3.585282 | lrm: 0.38 | dt: 590.93ms | tok/sec: 90,974 | bf16_mfu: 0.00 | epoch: 1 pq: 3 rg: 17 | total time: 29.14m | eta: 8.6m
step 02951/03814 (77.37%) | loss: 3.590726 | lrm: 0.38 | dt: 606.51ms | tok/sec: 88,637 | bf16_mfu: 0.00 | epoch: 1 pq: 3 rg: 17 | total time: 29.15m | eta: 8.6m
step 02952/03814 (77.40%) | loss: 3.571472 | lrm: 0.38 | dt: 590.27ms | tok/sec: 91,077 | bf16_mfu: 0.00 | epoch: 1 pq: 3 rg: 17 | total time: 29.16m | eta: 8.5m
step 02953/03814 (77.43%) | loss: 3.567114 | lrm: 0.38 | dt: 587.25ms | tok/sec: 91,545 | bf16_mfu: 0.00 | epoch: 1 pq: 3 rg: 17 | total time: 29.17m | eta: 8.5m
step 02954/03814 (77.45%) | loss: 3.580812 | lrm: 0.38 | dt: 586.41ms | tok/sec: 91,676 | bf16_mfu: 0.00 | epoch: 1 pq: 3 rg: 17 | total time: 29.18m | eta: 8.5m
step 02955/03814 (77.48%) | loss: 3.575471 | lrm: 0.38 | dt: 588.04ms | tok/sec: 91,422 | bf16_mfu: 0.00 | epoch: 1 pq: 3 rg: 17 | total time: 29.19m | eta: 8.5m
step 02956/03814 (77.50%) | loss: 3.569047 | lrm: 0.38 | dt: 588.77ms | tok/sec: 91,309 | bf16_mfu: 0.00 | epoch: 1 pq: 3 rg: 18 | total time: 29.20m | eta: 8.5m
step 02957/03814 (77.53%) | loss: 3.570623 | lrm: 0.38 | dt: 648.57ms | tok/sec: 82,889 | bf16_mfu: 0.00 | epoch: 1 pq: 3 rg: 18 | total time: 29.21m | eta: 8.5m
step 02958/03814 (77.56%) | loss: 3.570821 | lrm: 0.38 | dt: 588.56ms | tok/sec: 91,341 | bf16_mfu: 0.00 | epoch: 1 pq: 3 rg: 18 | total time: 29.22m | eta: 8.5m
step 02959/03814 (77.58%) | loss: 3.597189 | lrm: 0.38 | dt: 591.10ms | tok/sec: 90,949 | bf16_mfu: 0.00 | epoch: 1 pq: 3 rg: 18 | total time: 29.23m | eta: 8.5m
step 02960/03814 (77.61%) | loss: 3.603596 | lrm: 0.38 | dt: 583.37ms | tok/sec: 92,153 | bf16_mfu: 0.00 | epoch: 1 pq: 3 rg: 18 | total time: 29.24m | eta: 8.5m
step 02961/03814 (77.64%) | loss: 3.600616 | lrm: 0.38 | dt: 585.28ms | tok/sec: 91,853 | bf16_mfu: 0.00 | epoch: 1 pq: 3 rg: 18 | total time: 29.25m | eta: 8.5m
step 02962/03814 (77.66%) | loss: 3.594160 | lrm: 0.38 | dt: 589.07ms | tok/sec: 91,262 | bf16_mfu: 0.00 | epoch: 1 pq: 3 rg: 18 | total time: 29.26m | eta: 8.4m
step 02963/03814 (77.69%) | loss: 3.596634 | lrm: 0.38 | dt: 588.20ms | tok/sec: 91,396 | bf16_mfu: 0.00 | epoch: 1 pq: 3 rg: 18 | total time: 29.27m | eta: 8.4m
step 02964/03814 (77.71%) | loss: 3.613678 | lrm: 0.38 | dt: 728.63ms | tok/sec: 73,782 | bf16_mfu: 0.00 | epoch: 1 pq: 3 rg: 18 | total time: 29.28m | eta: 8.4m
step 02965/03814 (77.74%) | loss: 3.605279 | lrm: 0.38 | dt: 652.81ms | tok/sec: 82,351 | bf16_mfu: 0.00 | epoch: 1 pq: 3 rg: 18 | total time: 29.29m | eta: 8.4m
step 02966/03814 (77.77%) | loss: 3.588321 | lrm: 0.37 | dt: 586.61ms | tok/sec: 91,644 | bf16_mfu: 0.00 | epoch: 1 pq: 3 rg: 18 | total time: 29.30m | eta: 8.4m
step 02967/03814 (77.79%) | loss: 3.577765 | lrm: 0.37 | dt: 588.85ms | tok/sec: 91,296 | bf16_mfu: 0.00 | epoch: 1 pq: 3 rg: 19 | total time: 29.31m | eta: 8.4m
step 02968/03814 (77.82%) | loss: 3.578521 | lrm: 0.37 | dt: 589.16ms | tok/sec: 91,248 | bf16_mfu: 0.00 | epoch: 1 pq: 3 rg: 19 | total time: 29.32m | eta: 8.4m
step 02969/03814 (77.84%) | loss: 3.565584 | lrm: 0.37 | dt: 584.44ms | tok/sec: 91,984 | bf16_mfu: 0.00 | epoch: 1 pq: 3 rg: 19 | total time: 29.33m | eta: 8.4m
step 02970/03814 (77.87%) | loss: 3.564145 | lrm: 0.37 | dt: 583.81ms | tok/sec: 92,085 | bf16_mfu: 0.00 | epoch: 1 pq: 3 rg: 19 | total time: 29.34m | eta: 8.4m
step 02971/03814 (77.90%) | loss: 3.560296 | lrm: 0.37 | dt: 586.94ms | tok/sec: 91,593 | bf16_mfu: 0.00 | epoch: 1 pq: 3 rg: 19 | total time: 29.35m | eta: 8.4m
step 02972/03814 (77.92%) | loss: 3.582410 | lrm: 0.37 | dt: 590.96ms | tok/sec: 90,971 | bf16_mfu: 0.00 | epoch: 1 pq: 3 rg: 19 | total time: 29.36m | eta: 8.3m
step 02973/03814 (77.95%) | loss: 3.596079 | lrm: 0.37 | dt: 609.63ms | tok/sec: 88,185 | bf16_mfu: 0.00 | epoch: 1 pq: 3 rg: 19 | total time: 29.37m | eta: 8.3m
step 02974/03814 (77.98%) | loss: 3.584472 | lrm: 0.37 | dt: 591.35ms | tok/sec: 90,911 | bf16_mfu: 0.00 | epoch: 1 pq: 3 rg: 19 | total time: 29.38m | eta: 8.3m
step 02975/03814 (78.00%) | loss: 3.573462 | lrm: 0.37 | dt: 583.19ms | tok/sec: 92,183 | bf16_mfu: 0.00 | epoch: 1 pq: 3 rg: 19 | total time: 29.39m | eta: 8.3m
step 02976/03814 (78.03%) | loss: 3.567745 | lrm: 0.37 | dt: 605.73ms | tok/sec: 88,752 | bf16_mfu: 0.00 | epoch: 1 pq: 3 rg: 19 | total time: 29.40m | eta: 8.3m
step 02977/03814 (78.05%) | loss: 3.574427 | lrm: 0.37 | dt: 588.66ms | tok/sec: 91,326 | bf16_mfu: 0.00 | epoch: 1 pq: 3 rg: 20 | total time: 29.41m | eta: 8.3m
step 02978/03814 (78.08%) | loss: 3.574007 | lrm: 0.37 | dt: 586.09ms | tok/sec: 91,726 | bf16_mfu: 0.00 | epoch: 1 pq: 3 rg: 20 | total time: 29.42m | eta: 8.3m
step 02979/03814 (78.11%) | loss: 3.557666 | lrm: 0.37 | dt: 586.84ms | tok/sec: 91,608 | bf16_mfu: 0.00 | epoch: 1 pq: 3 rg: 20 | total time: 29.43m | eta: 8.3m
step 02980/03814 (78.13%) | loss: 3.573266 | lrm: 0.37 | dt: 588.94ms | tok/sec: 91,282 | bf16_mfu: 0.00 | epoch: 1 pq: 3 rg: 20 | total time: 29.44m | eta: 8.3m
step 02981/03814 (78.16%) | loss: 3.590680 | lrm: 0.37 | dt: 587.83ms | tok/sec: 91,455 | bf16_mfu: 0.00 | epoch: 1 pq: 3 rg: 20 | total time: 29.45m | eta: 8.3m
step 02982/03814 (78.19%) | loss: 3.575049 | lrm: 0.37 | dt: 868.17ms | tok/sec: 61,923 | bf16_mfu: 0.00 | epoch: 1 pq: 3 rg: 20 | total time: 29.46m | eta: 8.2m
step 02983/03814 (78.21%) | loss: 3.572105 | lrm: 0.37 | dt: 584.47ms | tok/sec: 91,980 | bf16_mfu: 0.00 | epoch: 1 pq: 3 rg: 20 | total time: 29.47m | eta: 8.2m
step 02984/03814 (78.24%) | loss: 3.582727 | lrm: 0.37 | dt: 594.29ms | tok/sec: 90,460 | bf16_mfu: 0.00 | epoch: 1 pq: 3 rg: 20 | total time: 29.48m | eta: 8.2m
step 02985/03814 (78.26%) | loss: 3.569058 | lrm: 0.37 | dt: 583.93ms | tok/sec: 92,065 | bf16_mfu: 0.00 | epoch: 1 pq: 3 rg: 20 | total time: 29.49m | eta: 8.2m
step 02986/03814 (78.29%) | loss: 3.534824 | lrm: 0.37 | dt: 592.15ms | tok/sec: 90,787 | bf16_mfu: 0.00 | epoch: 1 pq: 3 rg: 20 | total time: 29.50m | eta: 8.2m
step 02987/03814 (78.32%) | loss: 3.534896 | lrm: 0.37 | dt: 583.09ms | tok/sec: 92,197 | bf16_mfu: 0.00 | epoch: 1 pq: 3 rg: 20 | total time: 29.51m | eta: 8.2m
step 02988/03814 (78.34%) | loss: 3.523802 | lrm: 0.37 | dt: 587.50ms | tok/sec: 91,506 | bf16_mfu: 0.00 | epoch: 1 pq: 3 rg: 21 | total time: 29.52m | eta: 8.2m
step 02989/03814 (78.37%) | loss: 3.534976 | lrm: 0.37 | dt: 581.82ms | tok/sec: 92,400 | bf16_mfu: 0.00 | epoch: 1 pq: 3 rg: 21 | total time: 29.53m | eta: 8.2m
step 02990/03814 (78.40%) | loss: 3.553991 | lrm: 0.37 | dt: 592.86ms | tok/sec: 90,678 | bf16_mfu: 0.00 | epoch: 1 pq: 3 rg: 21 | total time: 29.54m | eta: 8.2m
step 02991/03814 (78.42%) | loss: 3.547219 | lrm: 0.37 | dt: 578.62ms | tok/sec: 92,911 | bf16_mfu: 0.00 | epoch: 1 pq: 3 rg: 21 | total time: 29.55m | eta: 8.2m
step 02992/03814 (78.45%) | loss: 3.527336 | lrm: 0.37 | dt: 588.20ms | tok/sec: 91,397 | bf16_mfu: 0.00 | epoch: 1 pq: 3 rg: 21 | total time: 29.56m | eta: 8.1m
step 02993/03814 (78.47%) | loss: 3.547248 | lrm: 0.36 | dt: 585.95ms | tok/sec: 91,748 | bf16_mfu: 0.00 | epoch: 1 pq: 3 rg: 21 | total time: 29.57m | eta: 8.1m
step 02994/03814 (78.50%) | loss: 3.550498 | lrm: 0.36 | dt: 588.40ms | tok/sec: 91,366 | bf16_mfu: 0.00 | epoch: 1 pq: 3 rg: 21 | total time: 29.58m | eta: 8.1m
step 02995/03814 (78.53%) | loss: 3.547861 | lrm: 0.36 | dt: 587.37ms | tok/sec: 91,525 | bf16_mfu: 0.00 | epoch: 1 pq: 3 rg: 21 | total time: 29.59m | eta: 8.1m
step 02996/03814 (78.55%) | loss: 3.549156 | lrm: 0.36 | dt: 596.63ms | tok/sec: 90,105 | bf16_mfu: 0.00 | epoch: 1 pq: 3 rg: 21 | total time: 29.60m | eta: 8.1m
step 02997/03814 (78.58%) | loss: 3.557604 | lrm: 0.36 | dt: 582.96ms | tok/sec: 92,219 | bf16_mfu: 0.00 | epoch: 1 pq: 3 rg: 21 | total time: 29.61m | eta: 8.1m
step 02998/03814 (78.61%) | loss: 3.592292 | lrm: 0.36 | dt: 586.09ms | tok/sec: 91,725 | bf16_mfu: 0.00 | epoch: 1 pq: 3 rg: 22 | total time: 29.62m | eta: 8.1m
step 02999/03814 (78.63%) | loss: 3.600299 | lrm: 0.36 | dt: 587.37ms | tok/sec: 91,525 | bf16_mfu: 0.00 | epoch: 1 pq: 3 rg: 22 | total time: 29.63m | eta: 8.1m
Step 03000 | Validation bpb: 0.676034
step 03000/03814 (78.66%) | loss: 3.577807 | lrm: 0.36 | dt: 576.02ms | tok/sec: 93,330 | bf16_mfu: 0.00 | epoch: 1 pq: 3 rg: 22 | total time: 29.64m | eta: 8.1m
step 03001/03814 (78.68%) | loss: 3.594094 | lrm: 0.36 | dt: 567.11ms | tok/sec: 94,796 | bf16_mfu: 0.00 | epoch: 1 pq: 3 rg: 22 | total time: 29.65m | eta: 8.1m
step 03002/03814 (78.71%) | loss: 3.600846 | lrm: 0.36 | dt: 568.85ms | tok/sec: 94,505 | bf16_mfu: 0.00 | epoch: 1 pq: 3 rg: 22 | total time: 29.66m | eta: 8.0m
step 03003/03814 (78.74%) | loss: 3.595815 | lrm: 0.36 | dt: 566.22ms | tok/sec: 94,945 | bf16_mfu: 0.00 | epoch: 1 pq: 3 rg: 22 | total time: 29.67m | eta: 8.0m
step 03004/03814 (78.76%) | loss: 3.577152 | lrm: 0.36 | dt: 566.00ms | tok/sec: 94,982 | bf16_mfu: 0.00 | epoch: 1 pq: 3 rg: 22 | total time: 29.68m | eta: 8.0m
step 03005/03814 (78.79%) | loss: 3.574558 | lrm: 0.36 | dt: 567.32ms | tok/sec: 94,761 | bf16_mfu: 0.00 | epoch: 1 pq: 3 rg: 22 | total time: 29.69m | eta: 8.0m
step 03006/03814 (78.81%) | loss: 3.582858 | lrm: 0.36 | dt: 567.06ms | tok/sec: 94,804 | bf16_mfu: 0.00 | epoch: 1 pq: 3 rg: 22 | total time: 29.70m | eta: 8.0m
step 03007/03814 (78.84%) | loss: 3.600159 | lrm: 0.36 | dt: 567.30ms | tok/sec: 94,764 | bf16_mfu: 0.00 | epoch: 1 pq: 3 rg: 22 | total time: 29.71m | eta: 8.0m
step 03008/03814 (78.87%) | loss: 3.588708 | lrm: 0.36 | dt: 571.73ms | tok/sec: 94,030 | bf16_mfu: 0.00 | epoch: 1 pq: 3 rg: 22 | total time: 29.71m | eta: 8.0m
step 03009/03814 (78.89%) | loss: 3.579590 | lrm: 0.36 | dt: 701.20ms | tok/sec: 76,668 | bf16_mfu: 0.00 | epoch: 1 pq: 3 rg: 23 | total time: 29.73m | eta: 8.0m
step 03010/03814 (78.92%) | loss: 3.591663 | lrm: 0.36 | dt: 742.00ms | tok/sec: 72,453 | bf16_mfu: 0.00 | epoch: 1 pq: 3 rg: 23 | total time: 29.74m | eta: 8.0m
step 03011/03814 (78.95%) | loss: 3.588632 | lrm: 0.36 | dt: 573.66ms | tok/sec: 93,714 | bf16_mfu: 0.00 | epoch: 1 pq: 3 rg: 23 | total time: 29.75m | eta: 8.0m
step 03012/03814 (78.97%) | loss: 3.583660 | lrm: 0.36 | dt: 568.20ms | tok/sec: 94,614 | bf16_mfu: 0.00 | epoch: 1 pq: 3 rg: 23 | total time: 29.76m | eta: 8.0m
step 03013/03814 (79.00%) | loss: 3.584867 | lrm: 0.36 | dt: 592.16ms | tok/sec: 90,786 | bf16_mfu: 0.00 | epoch: 1 pq: 3 rg: 23 | total time: 29.77m | eta: 7.9m
step 03014/03814 (79.02%) | loss: 3.588778 | lrm: 0.36 | dt: 581.36ms | tok/sec: 92,473 | bf16_mfu: 0.00 | epoch: 1 pq: 3 rg: 23 | total time: 29.78m | eta: 7.9m
step 03015/03814 (79.05%) | loss: 3.584206 | lrm: 0.36 | dt: 573.16ms | tok/sec: 93,796 | bf16_mfu: 0.00 | epoch: 1 pq: 3 rg: 23 | total time: 29.79m | eta: 7.9m
step 03016/03814 (79.08%) | loss: 3.573705 | lrm: 0.36 | dt: 581.42ms | tok/sec: 92,463 | bf16_mfu: 0.00 | epoch: 1 pq: 3 rg: 23 | total time: 29.80m | eta: 7.9m
step 03017/03814 (79.10%) | loss: 3.567595 | lrm: 0.36 | dt: 571.66ms | tok/sec: 94,042 | bf16_mfu: 0.00 | epoch: 1 pq: 3 rg: 23 | total time: 29.81m | eta: 7.9m
step 03018/03814 (79.13%) | loss: 3.581508 | lrm: 0.36 | dt: 581.19ms | tok/sec: 92,499 | bf16_mfu: 0.00 | epoch: 1 pq: 3 rg: 23 | total time: 29.82m | eta: 7.9m
step 03019/03814 (79.16%) | loss: 3.586986 | lrm: 0.35 | dt: 620.60ms | tok/sec: 86,625 | bf16_mfu: 0.00 | epoch: 1 pq: 3 rg: 24 | total time: 29.83m | eta: 7.9m
step 03020/03814 (79.18%) | loss: 3.579482 | lrm: 0.35 | dt: 571.96ms | tok/sec: 93,992 | bf16_mfu: 0.00 | epoch: 1 pq: 3 rg: 24 | total time: 29.84m | eta: 7.9m
step 03021/03814 (79.21%) | loss: 3.577961 | lrm: 0.35 | dt: 572.52ms | tok/sec: 93,899 | bf16_mfu: 0.00 | epoch: 1 pq: 3 rg: 24 | total time: 29.85m | eta: 7.9m
step 03022/03814 (79.23%) | loss: 3.564421 | lrm: 0.35 | dt: 582.64ms | tok/sec: 92,269 | bf16_mfu: 0.00 | epoch: 1 pq: 3 rg: 24 | total time: 29.86m | eta: 7.9m
step 03023/03814 (79.26%) | loss: 3.559034 | lrm: 0.35 | dt: 573.18ms | tok/sec: 93,791 | bf16_mfu: 0.00 | epoch: 1 pq: 3 rg: 24 | total time: 29.86m | eta: 7.8m
step 03024/03814 (79.29%) | loss: 3.547841 | lrm: 0.35 | dt: 581.72ms | tok/sec: 92,415 | bf16_mfu: 0.00 | epoch: 1 pq: 3 rg: 24 | total time: 29.87m | eta: 7.8m
step 03025/03814 (79.31%) | loss: 3.544845 | lrm: 0.35 | dt: 571.99ms | tok/sec: 93,987 | bf16_mfu: 0.00 | epoch: 1 pq: 3 rg: 24 | total time: 29.88m | eta: 7.8m
step 03026/03814 (79.34%) | loss: 3.568551 | lrm: 0.35 | dt: 583.01ms | tok/sec: 92,211 | bf16_mfu: 0.00 | epoch: 1 pq: 3 rg: 24 | total time: 29.89m | eta: 7.8m
step 03027/03814 (79.37%) | loss: 3.565342 | lrm: 0.35 | dt: 577.79ms | tok/sec: 93,043 | bf16_mfu: 0.00 | epoch: 1 pq: 3 rg: 24 | total time: 29.90m | eta: 7.8m
step 03028/03814 (79.39%) | loss: 3.550794 | lrm: 0.35 | dt: 577.30ms | tok/sec: 93,123 | bf16_mfu: 0.00 | epoch: 1 pq: 3 rg: 24 | total time: 29.91m | eta: 7.8m
step 03029/03814 (79.42%) | loss: 3.569492 | lrm: 0.35 | dt: 582.07ms | tok/sec: 92,360 | bf16_mfu: 0.00 | epoch: 1 pq: 3 rg: 24 | total time: 29.92m | eta: 7.8m
step 03030/03814 (79.44%) | loss: 3.571858 | lrm: 0.35 | dt: 571.52ms | tok/sec: 94,064 | bf16_mfu: 0.00 | epoch: 1 pq: 3 rg: 25 | total time: 29.93m | eta: 7.8m
step 03031/03814 (79.47%) | loss: 3.567865 | lrm: 0.35 | dt: 573.68ms | tok/sec: 93,710 | bf16_mfu: 0.00 | epoch: 1 pq: 3 rg: 25 | total time: 29.94m | eta: 7.8m
step 03032/03814 (79.50%) | loss: 3.563131 | lrm: 0.35 | dt: 579.53ms | tok/sec: 92,764 | bf16_mfu: 0.00 | epoch: 1 pq: 3 rg: 25 | total time: 29.95m | eta: 7.8m
step 03033/03814 (79.52%) | loss: 3.558478 | lrm: 0.35 | dt: 584.11ms | tok/sec: 92,037 | bf16_mfu: 0.00 | epoch: 1 pq: 3 rg: 25 | total time: 29.96m | eta: 7.7m
step 03034/03814 (79.55%) | loss: 3.566505 | lrm: 0.35 | dt: 571.83ms | tok/sec: 94,014 | bf16_mfu: 0.00 | epoch: 1 pq: 3 rg: 25 | total time: 29.97m | eta: 7.7m
step 03035/03814 (79.58%) | loss: 3.577027 | lrm: 0.35 | dt: 582.26ms | tok/sec: 92,330 | bf16_mfu: 0.00 | epoch: 1 pq: 3 rg: 25 | total time: 29.98m | eta: 7.7m
step 03036/03814 (79.60%) | loss: 3.583914 | lrm: 0.35 | dt: 573.43ms | tok/sec: 93,751 | bf16_mfu: 0.00 | epoch: 1 pq: 3 rg: 25 | total time: 29.99m | eta: 7.7m
step 03037/03814 (79.63%) | loss: 3.593075 | lrm: 0.35 | dt: 586.37ms | tok/sec: 91,682 | bf16_mfu: 0.00 | epoch: 1 pq: 3 rg: 25 | total time: 30.00m | eta: 7.7m
step 03038/03814 (79.65%) | loss: 3.591283 | lrm: 0.35 | dt: 575.43ms | tok/sec: 93,426 | bf16_mfu: 0.00 | epoch: 1 pq: 3 rg: 25 | total time: 30.01m | eta: 7.7m
step 03039/03814 (79.68%) | loss: 3.596140 | lrm: 0.35 | dt: 579.61ms | tok/sec: 92,752 | bf16_mfu: 0.00 | epoch: 1 pq: 3 rg: 25 | total time: 30.02m | eta: 7.7m
step 03040/03814 (79.71%) | loss: 3.588011 | lrm: 0.35 | dt: 591.06ms | tok/sec: 90,954 | bf16_mfu: 0.00 | epoch: 1 pq: 3 rg: 26 | total time: 30.03m | eta: 7.7m
step 03041/03814 (79.73%) | loss: 3.589790 | lrm: 0.35 | dt: 583.94ms | tok/sec: 92,064 | bf16_mfu: 0.00 | epoch: 1 pq: 3 rg: 26 | total time: 30.04m | eta: 7.7m
step 03042/03814 (79.76%) | loss: 3.582004 | lrm: 0.35 | dt: 580.91ms | tok/sec: 92,545 | bf16_mfu: 0.00 | epoch: 1 pq: 3 rg: 26 | total time: 30.05m | eta: 7.7m
step 03043/03814 (79.79%) | loss: 3.576399 | lrm: 0.35 | dt: 615.34ms | tok/sec: 87,366 | bf16_mfu: 0.00 | epoch: 1 pq: 3 rg: 26 | total time: 30.06m | eta: 7.6m
step 03044/03814 (79.81%) | loss: 3.591726 | lrm: 0.35 | dt: 583.27ms | tok/sec: 92,169 | bf16_mfu: 0.00 | epoch: 1 pq: 3 rg: 26 | total time: 30.07m | eta: 7.6m
step 03045/03814 (79.84%) | loss: 3.592568 | lrm: 0.34 | dt: 573.89ms | tok/sec: 93,676 | bf16_mfu: 0.00 | epoch: 1 pq: 3 rg: 26 | total time: 30.08m | eta: 7.6m
step 03046/03814 (79.86%) | loss: 3.594255 | lrm: 0.34 | dt: 592.32ms | tok/sec: 90,762 | bf16_mfu: 0.00 | epoch: 1 pq: 3 rg: 26 | total time: 30.09m | eta: 7.6m
step 03047/03814 (79.89%) | loss: 3.584178 | lrm: 0.34 | dt: 583.14ms | tok/sec: 92,190 | bf16_mfu: 0.00 | epoch: 1 pq: 3 rg: 26 | total time: 30.10m | eta: 7.6m
step 03048/03814 (79.92%) | loss: 3.575024 | lrm: 0.34 | dt: 584.32ms | tok/sec: 92,003 | bf16_mfu: 0.00 | epoch: 1 pq: 3 rg: 26 | total time: 30.11m | eta: 7.6m
step 03049/03814 (79.94%) | loss: 3.580141 | lrm: 0.34 | dt: 575.87ms | tok/sec: 93,353 | bf16_mfu: 0.00 | epoch: 1 pq: 3 rg: 26 | total time: 30.12m | eta: 7.6m
step 03050/03814 (79.97%) | loss: 3.584655 | lrm: 0.34 | dt: 643.21ms | tok/sec: 83,580 | bf16_mfu: 0.00 | epoch: 1 pq: 3 rg: 26 | total time: 30.13m | eta: 7.6m
step 03051/03814 (79.99%) | loss: 3.564104 | lrm: 0.34 | dt: 601.60ms | tok/sec: 89,361 | bf16_mfu: 0.00 | epoch: 1 pq: 3 rg: 27 | total time: 30.14m | eta: 7.6m
step 03052/03814 (80.02%) | loss: 3.569018 | lrm: 0.34 | dt: 575.28ms | tok/sec: 93,450 | bf16_mfu: 0.00 | epoch: 1 pq: 3 rg: 27 | total time: 30.15m | eta: 7.6m
step 03053/03814 (80.05%) | loss: 3.562355 | lrm: 0.34 | dt: 573.38ms | tok/sec: 93,759 | bf16_mfu: 0.00 | epoch: 1 pq: 3 rg: 27 | total time: 30.16m | eta: 7.5m
step 03054/03814 (80.07%) | loss: 3.572331 | lrm: 0.34 | dt: 581.47ms | tok/sec: 92,455 | bf16_mfu: 0.00 | epoch: 1 pq: 3 rg: 27 | total time: 30.17m | eta: 7.5m
step 03055/03814 (80.10%) | loss: 3.574688 | lrm: 0.34 | dt: 573.15ms | tok/sec: 93,797 | bf16_mfu: 0.00 | epoch: 1 pq: 3 rg: 27 | total time: 30.18m | eta: 7.5m
step 03056/03814 (80.13%) | loss: 3.549559 | lrm: 0.34 | dt: 582.64ms | tok/sec: 92,269 | bf16_mfu: 0.00 | epoch: 1 pq: 3 rg: 27 | total time: 30.19m | eta: 7.5m
step 03057/03814 (80.15%) | loss: 3.546205 | lrm: 0.34 | dt: 588.10ms | tok/sec: 91,413 | bf16_mfu: 0.00 | epoch: 1 pq: 3 rg: 27 | total time: 30.20m | eta: 7.5m
step 03058/03814 (80.18%) | loss: 3.555326 | lrm: 0.34 | dt: 580.82ms | tok/sec: 92,558 | bf16_mfu: 0.00 | epoch: 1 pq: 3 rg: 27 | total time: 30.20m | eta: 7.5m
step 03059/03814 (80.20%) | loss: 3.556499 | lrm: 0.34 | dt: 576.65ms | tok/sec: 93,228 | bf16_mfu: 0.00 | epoch: 1 pq: 3 rg: 27 | total time: 30.21m | eta: 7.5m
step 03060/03814 (80.23%) | loss: 3.538638 | lrm: 0.34 | dt: 590.98ms | tok/sec: 90,966 | bf16_mfu: 0.00 | epoch: 1 pq: 3 rg: 27 | total time: 30.22m | eta: 7.5m
step 03061/03814 (80.26%) | loss: 3.530529 | lrm: 0.34 | dt: 583.20ms | tok/sec: 92,180 | bf16_mfu: 0.00 | epoch: 1 pq: 3 rg: 27 | total time: 30.23m | eta: 7.5m
step 03062/03814 (80.28%) | loss: 3.551753 | lrm: 0.34 | dt: 670.15ms | tok/sec: 80,220 | bf16_mfu: 0.00 | epoch: 1 pq: 3 rg: 28 | total time: 30.25m | eta: 7.5m
step 03063/03814 (80.31%) | loss: 3.532969 | lrm: 0.34 | dt: 584.28ms | tok/sec: 92,010 | bf16_mfu: 0.00 | epoch: 1 pq: 3 rg: 28 | total time: 30.26m | eta: 7.4m
step 03064/03814 (80.34%) | loss: 3.529089 | lrm: 0.34 | dt: 581.18ms | tok/sec: 92,501 | bf16_mfu: 0.00 | epoch: 1 pq: 3 rg: 28 | total time: 30.26m | eta: 7.4m
step 03065/03814 (80.36%) | loss: 3.535474 | lrm: 0.34 | dt: 577.44ms | tok/sec: 93,100 | bf16_mfu: 0.00 | epoch: 1 pq: 3 rg: 28 | total time: 30.27m | eta: 7.4m
step 03066/03814 (80.39%) | loss: 3.538204 | lrm: 0.34 | dt: 583.32ms | tok/sec: 92,162 | bf16_mfu: 0.00 | epoch: 1 pq: 3 rg: 28 | total time: 30.28m | eta: 7.4m
step 03067/03814 (80.41%) | loss: 3.520980 | lrm: 0.34 | dt: 580.52ms | tok/sec: 92,605 | bf16_mfu: 0.00 | epoch: 1 pq: 3 rg: 28 | total time: 30.29m | eta: 7.4m
step 03068/03814 (80.44%) | loss: 3.521932 | lrm: 0.34 | dt: 578.62ms | tok/sec: 92,909 | bf16_mfu: 0.00 | epoch: 1 pq: 3 rg: 28 | total time: 30.30m | eta: 7.4m
step 03069/03814 (80.47%) | loss: 3.541568 | lrm: 0.34 | dt: 586.33ms | tok/sec: 91,688 | bf16_mfu: 0.00 | epoch: 1 pq: 3 rg: 28 | total time: 30.31m | eta: 7.4m
step 03070/03814 (80.49%) | loss: 3.548627 | lrm: 0.34 | dt: 581.45ms | tok/sec: 92,458 | bf16_mfu: 0.00 | epoch: 1 pq: 3 rg: 28 | total time: 30.32m | eta: 7.4m
step 03071/03814 (80.52%) | loss: 3.540644 | lrm: 0.33 | dt: 580.06ms | tok/sec: 92,679 | bf16_mfu: 0.00 | epoch: 1 pq: 3 rg: 28 | total time: 30.33m | eta: 7.4m
step 03072/03814 (80.55%) | loss: 3.536899 | lrm: 0.33 | dt: 581.25ms | tok/sec: 92,489 | bf16_mfu: 0.00 | epoch: 1 pq: 3 rg: 28 | total time: 30.34m | eta: 7.4m
step 03073/03814 (80.57%) | loss: 3.543837 | lrm: 0.33 | dt: 586.25ms | tok/sec: 91,701 | bf16_mfu: 0.00 | epoch: 1 pq: 3 rg: 29 | total time: 30.35m | eta: 7.3m
step 03074/03814 (80.60%) | loss: 3.545076 | lrm: 0.33 | dt: 587.15ms | tok/sec: 91,561 | bf16_mfu: 0.00 | epoch: 1 pq: 3 rg: 29 | total time: 30.36m | eta: 7.3m
step 03075/03814 (80.62%) | loss: 3.547763 | lrm: 0.33 | dt: 585.92ms | tok/sec: 91,753 | bf16_mfu: 0.00 | epoch: 1 pq: 3 rg: 29 | total time: 30.37m | eta: 7.3m
step 03076/03814 (80.65%) | loss: 3.541878 | lrm: 0.33 | dt: 582.31ms | tok/sec: 92,321 | bf16_mfu: 0.00 | epoch: 1 pq: 3 rg: 29 | total time: 30.38m | eta: 7.3m
step 03077/03814 (80.68%) | loss: 3.540827 | lrm: 0.33 | dt: 573.20ms | tok/sec: 93,789 | bf16_mfu: 0.00 | epoch: 1 pq: 3 rg: 29 | total time: 30.39m | eta: 7.3m
step 03078/03814 (80.70%) | loss: 3.546992 | lrm: 0.33 | dt: 586.59ms | tok/sec: 91,647 | bf16_mfu: 0.00 | epoch: 1 pq: 3 rg: 29 | total time: 30.40m | eta: 7.3m
step 03079/03814 (80.73%) | loss: 3.543660 | lrm: 0.33 | dt: 584.19ms | tok/sec: 92,024 | bf16_mfu: 0.00 | epoch: 1 pq: 3 rg: 29 | total time: 30.41m | eta: 7.3m
step 03080/03814 (80.76%) | loss: 3.529498 | lrm: 0.33 | dt: 582.83ms | tok/sec: 92,239 | bf16_mfu: 0.00 | epoch: 1 pq: 3 rg: 29 | total time: 30.42m | eta: 7.3m
step 03081/03814 (80.78%) | loss: 3.525001 | lrm: 0.33 | dt: 576.17ms | tok/sec: 93,305 | bf16_mfu: 0.00 | epoch: 1 pq: 3 rg: 29 | total time: 30.43m | eta: 7.3m
step 03082/03814 (80.81%) | loss: 3.541252 | lrm: 0.33 | dt: 584.85ms | tok/sec: 91,920 | bf16_mfu: 0.00 | epoch: 1 pq: 3 rg: 29 | total time: 30.44m | eta: 7.3m
step 03083/03814 (80.83%) | loss: 3.530161 | lrm: 0.33 | dt: 588.94ms | tok/sec: 91,283 | bf16_mfu: 0.00 | epoch: 1 pq: 3 rg: 30 | total time: 30.45m | eta: 7.2m
step 03084/03814 (80.86%) | loss: 3.519541 | lrm: 0.33 | dt: 585.56ms | tok/sec: 91,809 | bf16_mfu: 0.00 | epoch: 1 pq: 3 rg: 30 | total time: 30.46m | eta: 7.2m
step 03085/03814 (80.89%) | loss: 3.504192 | lrm: 0.33 | dt: 588.08ms | tok/sec: 91,416 | bf16_mfu: 0.00 | epoch: 1 pq: 3 rg: 30 | total time: 30.47m | eta: 7.2m
step 03086/03814 (80.91%) | loss: 3.518736 | lrm: 0.33 | dt: 586.57ms | tok/sec: 91,651 | bf16_mfu: 0.00 | epoch: 1 pq: 3 rg: 30 | total time: 30.48m | eta: 7.2m
step 03087/03814 (80.94%) | loss: 3.504348 | lrm: 0.33 | dt: 587.57ms | tok/sec: 91,496 | bf16_mfu: 0.00 | epoch: 1 pq: 3 rg: 30 | total time: 30.49m | eta: 7.2m
step 03088/03814 (80.96%) | loss: 3.499108 | lrm: 0.33 | dt: 586.12ms | tok/sec: 91,721 | bf16_mfu: 0.00 | epoch: 1 pq: 3 rg: 30 | total time: 30.50m | eta: 7.2m
step 03089/03814 (80.99%) | loss: 3.506559 | lrm: 0.33 | dt: 587.92ms | tok/sec: 91,440 | bf16_mfu: 0.00 | epoch: 1 pq: 3 rg: 30 | total time: 30.51m | eta: 7.2m
step 03090/03814 (81.02%) | loss: 3.490242 | lrm: 0.33 | dt: 609.14ms | tok/sec: 88,256 | bf16_mfu: 0.00 | epoch: 1 pq: 3 rg: 30 | total time: 30.52m | eta: 7.2m
step 03091/03814 (81.04%) | loss: 3.482067 | lrm: 0.33 | dt: 585.46ms | tok/sec: 91,825 | bf16_mfu: 0.00 | epoch: 1 pq: 3 rg: 30 | total time: 30.53m | eta: 7.2m
step 03092/03814 (81.07%) | loss: 3.485372 | lrm: 0.33 | dt: 585.15ms | tok/sec: 91,873 | bf16_mfu: 0.00 | epoch: 1 pq: 3 rg: 30 | total time: 30.54m | eta: 7.2m
step 03093/03814 (81.10%) | loss: 3.491055 | lrm: 0.33 | dt: 583.46ms | tok/sec: 92,140 | bf16_mfu: 0.00 | epoch: 1 pq: 3 rg: 30 | total time: 30.55m | eta: 7.1m
step 03094/03814 (81.12%) | loss: 3.495125 | lrm: 0.33 | dt: 591.83ms | tok/sec: 90,837 | bf16_mfu: 0.00 | epoch: 1 pq: 3 rg: 31 | total time: 30.56m | eta: 7.1m
step 03095/03814 (81.15%) | loss: 3.480017 | lrm: 0.33 | dt: 588.16ms | tok/sec: 91,404 | bf16_mfu: 0.00 | epoch: 1 pq: 3 rg: 31 | total time: 30.57m | eta: 7.1m
step 03096/03814 (81.17%) | loss: 3.475526 | lrm: 0.33 | dt: 587.60ms | tok/sec: 91,490 | bf16_mfu: 0.00 | epoch: 1 pq: 3 rg: 31 | total time: 30.58m | eta: 7.1m
step 03097/03814 (81.20%) | loss: 3.499951 | lrm: 0.32 | dt: 586.58ms | tok/sec: 91,649 | bf16_mfu: 0.00 | epoch: 1 pq: 3 rg: 31 | total time: 30.59m | eta: 7.1m
step 03098/03814 (81.23%) | loss: 3.472429 | lrm: 0.32 | dt: 585.35ms | tok/sec: 91,842 | bf16_mfu: 0.00 | epoch: 1 pq: 3 rg: 31 | total time: 30.60m | eta: 7.1m
step 03099/03814 (81.25%) | loss: 3.467018 | lrm: 0.32 | dt: 577.05ms | tok/sec: 93,162 | bf16_mfu: 0.00 | epoch: 1 pq: 3 rg: 31 | total time: 30.61m | eta: 7.1m
step 03100/03814 (81.28%) | loss: 3.474138 | lrm: 0.32 | dt: 579.83ms | tok/sec: 92,716 | bf16_mfu: 0.00 | epoch: 1 pq: 3 rg: 31 | total time: 30.62m | eta: 7.1m
step 03101/03814 (81.31%) | loss: 3.476552 | lrm: 0.32 | dt: 585.10ms | tok/sec: 91,882 | bf16_mfu: 0.00 | epoch: 1 pq: 3 rg: 31 | total time: 30.63m | eta: 7.1m
step 03102/03814 (81.33%) | loss: 3.497819 | lrm: 0.32 | dt: 586.55ms | tok/sec: 91,654 | bf16_mfu: 0.00 | epoch: 1 pq: 3 rg: 31 | total time: 30.64m | eta: 7.1m
step 03103/03814 (81.36%) | loss: 3.492557 | lrm: 0.32 | dt: 610.64ms | tok/sec: 88,038 | bf16_mfu: 0.00 | epoch: 1 pq: 3 rg: 31 | total time: 30.65m | eta: 7.0m
step 03104/03814 (81.38%) | loss: 3.499941 | lrm: 0.32 | dt: 586.38ms | tok/sec: 91,680 | bf16_mfu: 0.00 | epoch: 1 pq: 3 rg: 31 | total time: 30.66m | eta: 7.0m
step 03105/03814 (81.41%) | loss: 3.498654 | lrm: 0.32 | dt: 586.09ms | tok/sec: 91,726 | bf16_mfu: 0.00 | epoch: 1 pq: 3 rg: 32 | total time: 30.66m | eta: 7.0m
step 03106/03814 (81.44%) | loss: 3.500584 | lrm: 0.32 | dt: 622.38ms | tok/sec: 86,378 | bf16_mfu: 0.00 | epoch: 1 pq: 3 rg: 32 | total time: 30.68m | eta: 7.0m
step 03107/03814 (81.46%) | loss: 3.500867 | lrm: 0.32 | dt: 585.18ms | tok/sec: 91,868 | bf16_mfu: 0.00 | epoch: 1 pq: 3 rg: 32 | total time: 30.68m | eta: 7.0m
step 03108/03814 (81.49%) | loss: 3.506174 | lrm: 0.32 | dt: 592.61ms | tok/sec: 90,716 | bf16_mfu: 0.00 | epoch: 1 pq: 3 rg: 32 | total time: 30.69m | eta: 7.0m
step 03109/03814 (81.52%) | loss: 3.528702 | lrm: 0.32 | dt: 582.93ms | tok/sec: 92,223 | bf16_mfu: 0.00 | epoch: 1 pq: 3 rg: 32 | total time: 30.70m | eta: 7.0m
step 03110/03814 (81.54%) | loss: 3.516150 | lrm: 0.32 | dt: 578.92ms | tok/sec: 92,863 | bf16_mfu: 0.00 | epoch: 1 pq: 3 rg: 32 | total time: 30.71m | eta: 7.0m
step 03111/03814 (81.57%) | loss: 3.497634 | lrm: 0.32 | dt: 580.99ms | tok/sec: 92,532 | bf16_mfu: 0.00 | epoch: 1 pq: 3 rg: 32 | total time: 30.72m | eta: 7.0m
step 03112/03814 (81.59%) | loss: 3.509734 | lrm: 0.32 | dt: 584.52ms | tok/sec: 91,973 | bf16_mfu: 0.00 | epoch: 1 pq: 3 rg: 32 | total time: 30.73m | eta: 7.0m
step 03113/03814 (81.62%) | loss: 3.523936 | lrm: 0.32 | dt: 591.77ms | tok/sec: 90,846 | bf16_mfu: 0.00 | epoch: 1 pq: 3 rg: 32 | total time: 30.74m | eta: 6.9m
step 03114/03814 (81.65%) | loss: 3.516311 | lrm: 0.32 | dt: 581.61ms | tok/sec: 92,432 | bf16_mfu: 0.00 | epoch: 1 pq: 3 rg: 32 | total time: 30.75m | eta: 6.9m
step 03115/03814 (81.67%) | loss: 3.507046 | lrm: 0.32 | dt: 588.41ms | tok/sec: 91,364 | bf16_mfu: 0.00 | epoch: 1 pq: 3 rg: 32 | total time: 30.76m | eta: 6.9m
step 03116/03814 (81.70%) | loss: 3.511690 | lrm: 0.32 | dt: 586.73ms | tok/sec: 91,626 | bf16_mfu: 0.00 | epoch: 1 pq: 3 rg: 33 | total time: 30.77m | eta: 6.9m
step 03117/03814 (81.73%) | loss: 3.502315 | lrm: 0.32 | dt: 586.66ms | tok/sec: 91,636 | bf16_mfu: 0.00 | epoch: 1 pq: 3 rg: 33 | total time: 30.78m | eta: 6.9m
step 03118/03814 (81.75%) | loss: 3.496978 | lrm: 0.32 | dt: 587.90ms | tok/sec: 91,443 | bf16_mfu: 0.00 | epoch: 1 pq: 3 rg: 33 | total time: 30.79m | eta: 6.9m
step 03119/03814 (81.78%) | loss: 3.484276 | lrm: 0.32 | dt: 585.46ms | tok/sec: 91,825 | bf16_mfu: 0.00 | epoch: 1 pq: 3 rg: 33 | total time: 30.80m | eta: 6.9m
step 03120/03814 (81.80%) | loss: 3.475545 | lrm: 0.32 | dt: 589.49ms | tok/sec: 91,197 | bf16_mfu: 0.00 | epoch: 1 pq: 3 rg: 33 | total time: 30.81m | eta: 6.9m
step 03121/03814 (81.83%) | loss: 3.495563 | lrm: 0.32 | dt: 584.62ms | tok/sec: 91,957 | bf16_mfu: 0.00 | epoch: 1 pq: 3 rg: 33 | total time: 30.82m | eta: 6.9m
step 03122/03814 (81.86%) | loss: 3.485861 | lrm: 0.32 | dt: 588.41ms | tok/sec: 91,365 | bf16_mfu: 0.00 | epoch: 1 pq: 3 rg: 33 | total time: 30.83m | eta: 6.9m
step 03123/03814 (81.88%) | loss: 3.484626 | lrm: 0.31 | dt: 585.96ms | tok/sec: 91,746 | bf16_mfu: 0.00 | epoch: 1 pq: 3 rg: 33 | total time: 30.84m | eta: 6.8m
step 03124/03814 (81.91%) | loss: 3.499527 | lrm: 0.31 | dt: 588.71ms | tok/sec: 91,318 | bf16_mfu: 0.00 | epoch: 1 pq: 3 rg: 33 | total time: 30.85m | eta: 6.8m
step 03125/03814 (81.93%) | loss: 3.480242 | lrm: 0.31 | dt: 586.46ms | tok/sec: 91,668 | bf16_mfu: 0.00 | epoch: 1 pq: 3 rg: 33 | total time: 30.86m | eta: 6.8m
step 03126/03814 (81.96%) | loss: 3.474593 | lrm: 0.31 | dt: 626.34ms | tok/sec: 85,831 | bf16_mfu: 0.00 | epoch: 1 pq: 3 rg: 34 | total time: 30.87m | eta: 6.8m
step 03127/03814 (81.99%) | loss: 3.477448 | lrm: 0.31 | dt: 587.58ms | tok/sec: 91,493 | bf16_mfu: 0.00 | epoch: 1 pq: 3 rg: 34 | total time: 30.88m | eta: 6.8m
step 03128/03814 (82.01%) | loss: 3.483546 | lrm: 0.31 | dt: 581.21ms | tok/sec: 92,497 | bf16_mfu: 0.00 | epoch: 1 pq: 3 rg: 34 | total time: 30.89m | eta: 6.8m
step 03129/03814 (82.04%) | loss: 3.492334 | lrm: 0.31 | dt: 577.60ms | tok/sec: 93,075 | bf16_mfu: 0.00 | epoch: 1 pq: 3 rg: 34 | total time: 30.90m | eta: 6.8m
step 03130/03814 (82.07%) | loss: 3.493143 | lrm: 0.31 | dt: 582.94ms | tok/sec: 92,221 | bf16_mfu: 0.00 | epoch: 1 pq: 3 rg: 34 | total time: 30.91m | eta: 6.8m
step 03131/03814 (82.09%) | loss: 3.477475 | lrm: 0.31 | dt: 584.50ms | tok/sec: 91,976 | bf16_mfu: 0.00 | epoch: 1 pq: 3 rg: 34 | total time: 30.92m | eta: 6.8m
step 03132/03814 (82.12%) | loss: 3.483776 | lrm: 0.31 | dt: 581.66ms | tok/sec: 92,425 | bf16_mfu: 0.00 | epoch: 1 pq: 3 rg: 34 | total time: 30.93m | eta: 6.8m
step 03133/03814 (82.14%) | loss: 3.480772 | lrm: 0.31 | dt: 578.99ms | tok/sec: 92,852 | bf16_mfu: 0.00 | epoch: 1 pq: 3 rg: 34 | total time: 30.94m | eta: 6.7m
step 03134/03814 (82.17%) | loss: 3.472360 | lrm: 0.31 | dt: 584.43ms | tok/sec: 91,987 | bf16_mfu: 0.00 | epoch: 1 pq: 3 rg: 34 | total time: 30.95m | eta: 6.7m
step 03135/03814 (82.20%) | loss: 3.475395 | lrm: 0.31 | dt: 584.49ms | tok/sec: 91,978 | bf16_mfu: 0.00 | epoch: 1 pq: 3 rg: 34 | total time: 30.96m | eta: 6.7m
step 03136/03814 (82.22%) | loss: 3.491754 | lrm: 0.31 | dt: 585.99ms | tok/sec: 91,741 | bf16_mfu: 0.00 | epoch: 1 pq: 3 rg: 34 | total time: 30.97m | eta: 6.7m
step 03137/03814 (82.25%) | loss: 3.481742 | lrm: 0.31 | dt: 643.08ms | tok/sec: 83,598 | bf16_mfu: 0.00 | epoch: 1 pq: 3 rg: 35 | total time: 30.98m | eta: 6.7m
step 03138/03814 (82.28%) | loss: 3.480862 | lrm: 0.31 | dt: 575.93ms | tok/sec: 93,344 | bf16_mfu: 0.00 | epoch: 1 pq: 3 rg: 35 | total time: 30.99m | eta: 6.7m
step 03139/03814 (82.30%) | loss: 3.512291 | lrm: 0.31 | dt: 582.88ms | tok/sec: 92,231 | bf16_mfu: 0.00 | epoch: 1 pq: 3 rg: 35 | total time: 31.00m | eta: 6.7m
step 03140/03814 (82.33%) | loss: 3.509800 | lrm: 0.31 | dt: 586.78ms | tok/sec: 91,619 | bf16_mfu: 0.00 | epoch: 1 pq: 3 rg: 35 | total time: 31.01m | eta: 6.7m
step 03141/03814 (82.35%) | loss: 3.507358 | lrm: 0.31 | dt: 590.31ms | tok/sec: 91,070 | bf16_mfu: 0.00 | epoch: 1 pq: 3 rg: 35 | total time: 31.02m | eta: 6.7m
step 03142/03814 (82.38%) | loss: 3.499321 | lrm: 0.31 | dt: 582.06ms | tok/sec: 92,361 | bf16_mfu: 0.00 | epoch: 1 pq: 3 rg: 35 | total time: 31.03m | eta: 6.7m
step 03143/03814 (82.41%) | loss: 3.515897 | lrm: 0.31 | dt: 581.59ms | tok/sec: 92,436 | bf16_mfu: 0.00 | epoch: 1 pq: 3 rg: 35 | total time: 31.04m | eta: 6.6m
step 03144/03814 (82.43%) | loss: 3.509178 | lrm: 0.31 | dt: 575.32ms | tok/sec: 93,443 | bf16_mfu: 0.00 | epoch: 1 pq: 3 rg: 35 | total time: 31.05m | eta: 6.6m
step 03145/03814 (82.46%) | loss: 3.510479 | lrm: 0.31 | dt: 586.51ms | tok/sec: 91,660 | bf16_mfu: 0.00 | epoch: 1 pq: 3 rg: 35 | total time: 31.06m | eta: 6.6m
step 03146/03814 (82.49%) | loss: 3.502599 | lrm: 0.31 | dt: 587.28ms | tok/sec: 91,540 | bf16_mfu: 0.00 | epoch: 1 pq: 3 rg: 35 | total time: 31.07m | eta: 6.6m
step 03147/03814 (82.51%) | loss: 3.519988 | lrm: 0.31 | dt: 586.90ms | tok/sec: 91,599 | bf16_mfu: 0.00 | epoch: 1 pq: 3 rg: 35 | total time: 31.08m | eta: 6.6m
step 03148/03814 (82.54%) | loss: 3.508270 | lrm: 0.31 | dt: 587.70ms | tok/sec: 91,475 | bf16_mfu: 0.00 | epoch: 1 pq: 3 rg: 36 | total time: 31.09m | eta: 6.6m
step 03149/03814 (82.56%) | loss: 3.508297 | lrm: 0.30 | dt: 584.11ms | tok/sec: 92,037 | bf16_mfu: 0.00 | epoch: 1 pq: 3 rg: 36 | total time: 31.10m | eta: 6.6m
step 03150/03814 (82.59%) | loss: 3.507193 | lrm: 0.30 | dt: 585.46ms | tok/sec: 91,824 | bf16_mfu: 0.00 | epoch: 1 pq: 3 rg: 36 | total time: 31.11m | eta: 6.6m
step 03151/03814 (82.62%) | loss: 3.513863 | lrm: 0.30 | dt: 574.83ms | tok/sec: 93,523 | bf16_mfu: 0.00 | epoch: 1 pq: 3 rg: 36 | total time: 31.12m | eta: 6.6m
step 03152/03814 (82.64%) | loss: 3.543003 | lrm: 0.30 | dt: 584.59ms | tok/sec: 91,961 | bf16_mfu: 0.00 | epoch: 1 pq: 3 rg: 36 | total time: 31.12m | eta: 6.6m
step 03153/03814 (82.67%) | loss: 3.546241 | lrm: 0.30 | dt: 582.81ms | tok/sec: 92,243 | bf16_mfu: 0.00 | epoch: 1 pq: 3 rg: 36 | total time: 31.13m | eta: 6.5m
step 03154/03814 (82.70%) | loss: 3.537343 | lrm: 0.30 | dt: 577.35ms | tok/sec: 93,115 | bf16_mfu: 0.00 | epoch: 1 pq: 3 rg: 36 | total time: 31.14m | eta: 6.5m
step 03155/03814 (82.72%) | loss: 3.540292 | lrm: 0.30 | dt: 584.17ms | tok/sec: 92,027 | bf16_mfu: 0.00 | epoch: 1 pq: 3 rg: 36 | total time: 31.15m | eta: 6.5m
step 03156/03814 (82.75%) | loss: 3.549164 | lrm: 0.30 | dt: 588.81ms | tok/sec: 91,302 | bf16_mfu: 0.00 | epoch: 1 pq: 3 rg: 36 | total time: 31.16m | eta: 6.5m
step 03157/03814 (82.77%) | loss: 3.552279 | lrm: 0.30 | dt: 586.12ms | tok/sec: 91,721 | bf16_mfu: 0.00 | epoch: 1 pq: 3 rg: 36 | total time: 31.17m | eta: 6.5m
step 03158/03814 (82.80%) | loss: 3.545168 | lrm: 0.30 | dt: 586.23ms | tok/sec: 91,705 | bf16_mfu: 0.00 | epoch: 1 pq: 3 rg: 36 | total time: 31.18m | eta: 6.5m
step 03159/03814 (82.83%) | loss: 3.542684 | lrm: 0.30 | dt: 576.13ms | tok/sec: 93,312 | bf16_mfu: 0.00 | epoch: 1 pq: 3 rg: 37 | total time: 31.19m | eta: 6.5m
step 03160/03814 (82.85%) | loss: 3.546335 | lrm: 0.30 | dt: 580.15ms | tok/sec: 92,666 | bf16_mfu: 0.00 | epoch: 1 pq: 3 rg: 37 | total time: 31.20m | eta: 6.5m
step 03161/03814 (82.88%) | loss: 3.540271 | lrm: 0.30 | dt: 583.04ms | tok/sec: 92,207 | bf16_mfu: 0.00 | epoch: 1 pq: 3 rg: 37 | total time: 31.21m | eta: 6.5m
step 03162/03814 (82.91%) | loss: 3.533644 | lrm: 0.30 | dt: 573.31ms | tok/sec: 93,771 | bf16_mfu: 0.00 | epoch: 1 pq: 3 rg: 37 | total time: 31.22m | eta: 6.5m
step 03163/03814 (82.93%) | loss: 3.527702 | lrm: 0.30 | dt: 581.34ms | tok/sec: 92,476 | bf16_mfu: 0.00 | epoch: 1 pq: 3 rg: 37 | total time: 31.23m | eta: 6.4m
step 03164/03814 (82.96%) | loss: 3.537448 | lrm: 0.30 | dt: 574.48ms | tok/sec: 93,581 | bf16_mfu: 0.00 | epoch: 1 pq: 3 rg: 37 | total time: 31.24m | eta: 6.4m
step 03165/03814 (82.98%) | loss: 3.523977 | lrm: 0.30 | dt: 583.91ms | tok/sec: 92,069 | bf16_mfu: 0.00 | epoch: 1 pq: 3 rg: 37 | total time: 31.25m | eta: 6.4m
step 03166/03814 (83.01%) | loss: 3.521097 | lrm: 0.30 | dt: 575.76ms | tok/sec: 93,371 | bf16_mfu: 0.00 | epoch: 1 pq: 3 rg: 37 | total time: 31.26m | eta: 6.4m
step 03167/03814 (83.04%) | loss: 3.520537 | lrm: 0.30 | dt: 582.02ms | tok/sec: 92,367 | bf16_mfu: 0.00 | epoch: 1 pq: 3 rg: 37 | total time: 31.27m | eta: 6.4m
step 03168/03814 (83.06%) | loss: 3.527563 | lrm: 0.30 | dt: 587.63ms | tok/sec: 91,486 | bf16_mfu: 0.00 | epoch: 1 pq: 3 rg: 37 | total time: 31.28m | eta: 6.4m
step 03169/03814 (83.09%) | loss: 3.520917 | lrm: 0.30 | dt: 695.36ms | tok/sec: 77,312 | bf16_mfu: 0.00 | epoch: 1 pq: 3 rg: 38 | total time: 31.29m | eta: 6.4m
step 03170/03814 (83.11%) | loss: 3.520067 | lrm: 0.30 | dt: 582.25ms | tok/sec: 92,331 | bf16_mfu: 0.00 | epoch: 1 pq: 3 rg: 38 | total time: 31.30m | eta: 6.4m
step 03171/03814 (83.14%) | loss: 3.526630 | lrm: 0.30 | dt: 586.38ms | tok/sec: 91,681 | bf16_mfu: 0.00 | epoch: 1 pq: 3 rg: 38 | total time: 31.31m | eta: 6.4m
step 03172/03814 (83.17%) | loss: 3.535496 | lrm: 0.30 | dt: 581.83ms | tok/sec: 92,398 | bf16_mfu: 0.00 | epoch: 1 pq: 3 rg: 38 | total time: 31.32m | eta: 6.4m
step 03173/03814 (83.19%) | loss: 3.543660 | lrm: 0.30 | dt: 573.92ms | tok/sec: 93,672 | bf16_mfu: 0.00 | epoch: 1 pq: 3 rg: 38 | total time: 31.33m | eta: 6.3m
step 03174/03814 (83.22%) | loss: 3.557511 | lrm: 0.30 | dt: 580.60ms | tok/sec: 92,593 | bf16_mfu: 0.00 | epoch: 1 pq: 3 rg: 38 | total time: 31.34m | eta: 6.3m
step 03175/03814 (83.25%) | loss: 3.572576 | lrm: 0.29 | dt: 574.42ms | tok/sec: 93,590 | bf16_mfu: 0.00 | epoch: 1 pq: 3 rg: 38 | total time: 31.35m | eta: 6.3m
step 03176/03814 (83.27%) | loss: 3.589299 | lrm: 0.29 | dt: 586.52ms | tok/sec: 91,659 | bf16_mfu: 0.00 | epoch: 1 pq: 3 rg: 38 | total time: 31.36m | eta: 6.3m
step 03177/03814 (83.30%) | loss: 3.594651 | lrm: 0.29 | dt: 587.16ms | tok/sec: 91,559 | bf16_mfu: 0.00 | epoch: 1 pq: 3 rg: 38 | total time: 31.37m | eta: 6.3m
step 03178/03814 (83.32%) | loss: 3.583687 | lrm: 0.29 | dt: 574.83ms | tok/sec: 93,523 | bf16_mfu: 0.00 | epoch: 1 pq: 3 rg: 38 | total time: 31.38m | eta: 6.3m
step 03179/03814 (83.35%) | loss: 3.576225 | lrm: 0.29 | dt: 583.15ms | tok/sec: 92,189 | bf16_mfu: 0.00 | epoch: 1 pq: 3 rg: 38 | total time: 31.39m | eta: 6.3m
step 03180/03814 (83.38%) | loss: 3.566511 | lrm: 0.29 | dt: 586.87ms | tok/sec: 91,605 | bf16_mfu: 0.00 | epoch: 1 pq: 3 rg: 39 | total time: 31.40m | eta: 6.3m
step 03181/03814 (83.40%) | loss: 3.569418 | lrm: 0.29 | dt: 573.61ms | tok/sec: 93,721 | bf16_mfu: 0.00 | epoch: 1 pq: 3 rg: 39 | total time: 31.41m | eta: 6.3m
step 03182/03814 (83.43%) | loss: 3.550748 | lrm: 0.29 | dt: 581.86ms | tok/sec: 92,393 | bf16_mfu: 0.00 | epoch: 1 pq: 3 rg: 39 | total time: 31.42m | eta: 6.3m
step 03183/03814 (83.46%) | loss: 3.561906 | lrm: 0.29 | dt: 585.82ms | tok/sec: 91,768 | bf16_mfu: 0.00 | epoch: 1 pq: 3 rg: 39 | total time: 31.43m | eta: 6.2m
step 03184/03814 (83.48%) | loss: 3.566275 | lrm: 0.29 | dt: 586.98ms | tok/sec: 91,588 | bf16_mfu: 0.00 | epoch: 1 pq: 3 rg: 39 | total time: 31.44m | eta: 6.2m
step 03185/03814 (83.51%) | loss: 3.544723 | lrm: 0.29 | dt: 586.77ms | tok/sec: 91,619 | bf16_mfu: 0.00 | epoch: 1 pq: 3 rg: 39 | total time: 31.45m | eta: 6.2m
step 03186/03814 (83.53%) | loss: 3.537423 | lrm: 0.29 | dt: 579.03ms | tok/sec: 92,844 | bf16_mfu: 0.00 | epoch: 1 pq: 3 rg: 39 | total time: 31.46m | eta: 6.2m
step 03187/03814 (83.56%) | loss: 3.534839 | lrm: 0.29 | dt: 576.58ms | tok/sec: 93,239 | bf16_mfu: 0.00 | epoch: 1 pq: 3 rg: 39 | total time: 31.47m | eta: 6.2m
step 03188/03814 (83.59%) | loss: 3.549104 | lrm: 0.29 | dt: 584.38ms | tok/sec: 91,995 | bf16_mfu: 0.00 | epoch: 1 pq: 3 rg: 39 | total time: 31.48m | eta: 6.2m
step 03189/03814 (83.61%) | loss: 3.550163 | lrm: 0.29 | dt: 608.18ms | tok/sec: 88,395 | bf16_mfu: 0.00 | epoch: 1 pq: 3 rg: 39 | total time: 31.49m | eta: 6.2m
step 03190/03814 (83.64%) | loss: 3.534902 | lrm: 0.29 | dt: 581.12ms | tok/sec: 92,510 | bf16_mfu: 0.00 | epoch: 1 pq: 3 rg: 40 | total time: 31.50m | eta: 6.2m
step 03191/03814 (83.67%) | loss: 3.525002 | lrm: 0.29 | dt: 573.36ms | tok/sec: 93,763 | bf16_mfu: 0.00 | epoch: 1 pq: 3 rg: 40 | total time: 31.51m | eta: 6.2m
step 03192/03814 (83.69%) | loss: 3.535827 | lrm: 0.29 | dt: 585.36ms | tok/sec: 91,841 | bf16_mfu: 0.00 | epoch: 1 pq: 3 rg: 40 | total time: 31.51m | eta: 6.2m
step 03193/03814 (83.72%) | loss: 3.531645 | lrm: 0.29 | dt: 584.95ms | tok/sec: 91,904 | bf16_mfu: 0.00 | epoch: 1 pq: 3 rg: 40 | total time: 31.52m | eta: 6.2m
step 03194/03814 (83.74%) | loss: 3.512714 | lrm: 0.29 | dt: 573.80ms | tok/sec: 93,691 | bf16_mfu: 0.00 | epoch: 1 pq: 3 rg: 40 | total time: 31.53m | eta: 6.1m
step 03195/03814 (83.77%) | loss: 3.492323 | lrm: 0.29 | dt: 583.06ms | tok/sec: 92,203 | bf16_mfu: 0.00 | epoch: 1 pq: 3 rg: 40 | total time: 31.54m | eta: 6.1m
step 03196/03814 (83.80%) | loss: 3.512280 | lrm: 0.29 | dt: 586.13ms | tok/sec: 91,720 | bf16_mfu: 0.00 | epoch: 1 pq: 3 rg: 40 | total time: 31.55m | eta: 6.1m
step 03197/03814 (83.82%) | loss: 3.508507 | lrm: 0.29 | dt: 590.42ms | tok/sec: 91,054 | bf16_mfu: 0.00 | epoch: 1 pq: 3 rg: 40 | total time: 31.56m | eta: 6.1m
step 03198/03814 (83.85%) | loss: 3.502372 | lrm: 0.29 | dt: 577.47ms | tok/sec: 93,095 | bf16_mfu: 0.00 | epoch: 1 pq: 3 rg: 40 | total time: 31.57m | eta: 6.1m
step 03199/03814 (83.88%) | loss: 3.513084 | lrm: 0.29 | dt: 575.00ms | tok/sec: 93,496 | bf16_mfu: 0.00 | epoch: 1 pq: 3 rg: 40 | total time: 31.58m | eta: 6.1m
step 03200/03814 (83.90%) | loss: 3.506967 | lrm: 0.29 | dt: 586.87ms | tok/sec: 91,604 | bf16_mfu: 0.00 | epoch: 1 pq: 3 rg: 40 | total time: 31.59m | eta: 6.1m
step 03201/03814 (83.93%) | loss: 3.518571 | lrm: 0.28 | dt: 622.54ms | tok/sec: 86,356 | bf16_mfu: 0.00 | epoch: 1 pq: 3 rg: 41 | total time: 31.60m | eta: 6.1m
step 03202/03814 (83.95%) | loss: 3.505555 | lrm: 0.28 | dt: 578.68ms | tok/sec: 92,901 | bf16_mfu: 0.00 | epoch: 1 pq: 3 rg: 41 | total time: 31.61m | eta: 6.1m
step 03203/03814 (83.98%) | loss: 3.503914 | lrm: 0.28 | dt: 581.49ms | tok/sec: 92,451 | bf16_mfu: 0.00 | epoch: 1 pq: 3 rg: 41 | total time: 31.62m | eta: 6.1m
step 03204/03814 (84.01%) | loss: 3.521185 | lrm: 0.28 | dt: 599.48ms | tok/sec: 89,677 | bf16_mfu: 0.00 | epoch: 1 pq: 3 rg: 41 | total time: 31.63m | eta: 6.0m
step 03205/03814 (84.03%) | loss: 3.523837 | lrm: 0.28 | dt: 787.08ms | tok/sec: 68,303 | bf16_mfu: 0.00 | epoch: 1 pq: 3 rg: 41 | total time: 31.65m | eta: 6.0m
step 03206/03814 (84.06%) | loss: 3.516073 | lrm: 0.28 | dt: 575.93ms | tok/sec: 93,345 | bf16_mfu: 0.00 | epoch: 1 pq: 3 rg: 41 | total time: 31.66m | eta: 6.0m
step 03207/03814 (84.08%) | loss: 3.505901 | lrm: 0.28 | dt: 589.77ms | tok/sec: 91,154 | bf16_mfu: 0.00 | epoch: 1 pq: 3 rg: 41 | total time: 31.66m | eta: 6.0m
step 03208/03814 (84.11%) | loss: 3.504804 | lrm: 0.28 | dt: 601.06ms | tok/sec: 89,441 | bf16_mfu: 0.00 | epoch: 1 pq: 3 rg: 41 | total time: 31.67m | eta: 6.0m
step 03209/03814 (84.14%) | loss: 3.497287 | lrm: 0.28 | dt: 589.73ms | tok/sec: 91,160 | bf16_mfu: 0.00 | epoch: 1 pq: 3 rg: 41 | total time: 31.68m | eta: 6.0m
step 03210/03814 (84.16%) | loss: 3.496054 | lrm: 0.28 | dt: 586.78ms | tok/sec: 91,618 | bf16_mfu: 0.00 | epoch: 1 pq: 3 rg: 41 | total time: 31.69m | eta: 6.0m
step 03211/03814 (84.19%) | loss: 3.502632 | lrm: 0.28 | dt: 585.90ms | tok/sec: 91,755 | bf16_mfu: 0.00 | epoch: 1 pq: 3 rg: 41 | total time: 31.70m | eta: 6.0m
step 03212/03814 (84.22%) | loss: 3.513517 | lrm: 0.28 | dt: 588.08ms | tok/sec: 91,416 | bf16_mfu: 0.00 | epoch: 1 pq: 3 rg: 42 | total time: 31.71m | eta: 6.0m
step 03213/03814 (84.24%) | loss: 3.501713 | lrm: 0.28 | dt: 597.94ms | tok/sec: 89,908 | bf16_mfu: 0.00 | epoch: 1 pq: 3 rg: 42 | total time: 31.72m | eta: 6.0m
step 03214/03814 (84.27%) | loss: 3.517790 | lrm: 0.28 | dt: 575.29ms | tok/sec: 93,448 | bf16_mfu: 0.00 | epoch: 1 pq: 3 rg: 42 | total time: 31.73m | eta: 5.9m
step 03215/03814 (84.29%) | loss: 3.519675 | lrm: 0.28 | dt: 667.79ms | tok/sec: 80,504 | bf16_mfu: 0.00 | epoch: 1 pq: 3 rg: 42 | total time: 31.74m | eta: 5.9m
step 03216/03814 (84.32%) | loss: 3.497573 | lrm: 0.28 | dt: 591.22ms | tok/sec: 90,930 | bf16_mfu: 0.00 | epoch: 1 pq: 3 rg: 42 | total time: 31.75m | eta: 5.9m
step 03217/03814 (84.35%) | loss: 3.485914 | lrm: 0.28 | dt: 589.03ms | tok/sec: 91,268 | bf16_mfu: 0.00 | epoch: 1 pq: 3 rg: 42 | total time: 31.76m | eta: 5.9m
step 03218/03814 (84.37%) | loss: 3.473471 | lrm: 0.28 | dt: 618.89ms | tok/sec: 86,865 | bf16_mfu: 0.00 | epoch: 1 pq: 3 rg: 42 | total time: 31.77m | eta: 5.9m
step 03219/03814 (84.40%) | loss: 3.487010 | lrm: 0.28 | dt: 647.80ms | tok/sec: 82,988 | bf16_mfu: 0.00 | epoch: 1 pq: 3 rg: 42 | total time: 31.79m | eta: 5.9m
step 03220/03814 (84.43%) | loss: 3.492317 | lrm: 0.28 | dt: 590.13ms | tok/sec: 91,098 | bf16_mfu: 0.00 | epoch: 1 pq: 3 rg: 42 | total time: 31.80m | eta: 5.9m
step 03221/03814 (84.45%) | loss: 3.496059 | lrm: 0.28 | dt: 585.48ms | tok/sec: 91,821 | bf16_mfu: 0.00 | epoch: 1 pq: 3 rg: 42 | total time: 31.81m | eta: 5.9m
step 03222/03814 (84.48%) | loss: 3.511208 | lrm: 0.28 | dt: 584.26ms | tok/sec: 92,014 | bf16_mfu: 0.00 | epoch: 1 pq: 3 rg: 42 | total time: 31.81m | eta: 5.9m
step 03223/03814 (84.50%) | loss: 3.523044 | lrm: 0.28 | dt: 754.12ms | tok/sec: 71,288 | bf16_mfu: 0.00 | epoch: 1 pq: 3 rg: 43 | total time: 31.83m | eta: 5.9m
step 03224/03814 (84.53%) | loss: 3.501805 | lrm: 0.28 | dt: 587.84ms | tok/sec: 91,454 | bf16_mfu: 0.00 | epoch: 1 pq: 3 rg: 43 | total time: 31.84m | eta: 5.8m
step 03225/03814 (84.56%) | loss: 3.506727 | lrm: 0.28 | dt: 590.82ms | tok/sec: 90,992 | bf16_mfu: 0.00 | epoch: 1 pq: 3 rg: 43 | total time: 31.85m | eta: 5.8m
step 03226/03814 (84.58%) | loss: 3.501493 | lrm: 0.28 | dt: 584.29ms | tok/sec: 92,009 | bf16_mfu: 0.00 | epoch: 1 pq: 3 rg: 43 | total time: 31.86m | eta: 5.8m
step 03227/03814 (84.61%) | loss: 3.507314 | lrm: 0.27 | dt: 585.45ms | tok/sec: 91,826 | bf16_mfu: 0.00 | epoch: 1 pq: 3 rg: 43 | total time: 31.87m | eta: 5.8m
step 03228/03814 (84.64%) | loss: 3.497623 | lrm: 0.27 | dt: 591.36ms | tok/sec: 90,908 | bf16_mfu: 0.00 | epoch: 1 pq: 3 rg: 43 | total time: 31.88m | eta: 5.8m
step 03229/03814 (84.66%) | loss: 3.502936 | lrm: 0.27 | dt: 588.59ms | tok/sec: 91,336 | bf16_mfu: 0.00 | epoch: 1 pq: 3 rg: 43 | total time: 31.89m | eta: 5.8m
step 03230/03814 (84.69%) | loss: 3.508217 | lrm: 0.27 | dt: 616.62ms | tok/sec: 87,184 | bf16_mfu: 0.00 | epoch: 1 pq: 3 rg: 43 | total time: 31.90m | eta: 5.8m
step 03231/03814 (84.71%) | loss: 3.504584 | lrm: 0.27 | dt: 588.73ms | tok/sec: 91,314 | bf16_mfu: 0.00 | epoch: 1 pq: 3 rg: 43 | total time: 31.91m | eta: 5.8m
step 03232/03814 (84.74%) | loss: 3.494749 | lrm: 0.27 | dt: 588.88ms | tok/sec: 91,291 | bf16_mfu: 0.00 | epoch: 1 pq: 3 rg: 43 | total time: 31.92m | eta: 5.8m
step 03233/03814 (84.77%) | loss: 3.496581 | lrm: 0.27 | dt: 589.88ms | tok/sec: 91,137 | bf16_mfu: 0.00 | epoch: 1 pq: 3 rg: 43 | total time: 31.93m | eta: 5.8m
step 03234/03814 (84.79%) | loss: 3.499078 | lrm: 0.27 | dt: 594.75ms | tok/sec: 90,391 | bf16_mfu: 0.00 | epoch: 1 pq: 3 rg: 44 | total time: 31.94m | eta: 5.7m
step 03235/03814 (84.82%) | loss: 3.501116 | lrm: 0.27 | dt: 591.51ms | tok/sec: 90,885 | bf16_mfu: 0.00 | epoch: 1 pq: 3 rg: 44 | total time: 31.95m | eta: 5.7m
step 03236/03814 (84.85%) | loss: 3.491543 | lrm: 0.27 | dt: 591.81ms | tok/sec: 90,839 | bf16_mfu: 0.00 | epoch: 1 pq: 3 rg: 44 | total time: 31.96m | eta: 5.7m
step 03237/03814 (84.87%) | loss: 3.489040 | lrm: 0.27 | dt: 592.27ms | tok/sec: 90,769 | bf16_mfu: 0.00 | epoch: 1 pq: 3 rg: 44 | total time: 31.97m | eta: 5.7m
step 03238/03814 (84.90%) | loss: 3.504917 | lrm: 0.27 | dt: 600.70ms | tok/sec: 89,495 | bf16_mfu: 0.00 | epoch: 1 pq: 3 rg: 44 | total time: 31.98m | eta: 5.7m
step 03239/03814 (84.92%) | loss: 3.521270 | lrm: 0.27 | dt: 594.35ms | tok/sec: 90,451 | bf16_mfu: 0.00 | epoch: 1 pq: 3 rg: 44 | total time: 31.99m | eta: 5.7m
step 03240/03814 (84.95%) | loss: 3.520181 | lrm: 0.27 | dt: 603.28ms | tok/sec: 89,113 | bf16_mfu: 0.00 | epoch: 1 pq: 3 rg: 44 | total time: 32.00m | eta: 5.7m
step 03241/03814 (84.98%) | loss: 3.511049 | lrm: 0.27 | dt: 599.51ms | tok/sec: 89,673 | bf16_mfu: 0.00 | epoch: 1 pq: 3 rg: 44 | total time: 32.01m | eta: 5.7m
step 03242/03814 (85.00%) | loss: 3.529508 | lrm: 0.27 | dt: 590.03ms | tok/sec: 91,114 | bf16_mfu: 0.00 | epoch: 1 pq: 3 rg: 44 | total time: 32.02m | eta: 5.7m
step 03243/03814 (85.03%) | loss: 3.521536 | lrm: 0.27 | dt: 616.14ms | tok/sec: 87,253 | bf16_mfu: 0.00 | epoch: 1 pq: 3 rg: 44 | total time: 32.03m | eta: 5.7m
step 03244/03814 (85.06%) | loss: 3.506436 | lrm: 0.27 | dt: 600.32ms | tok/sec: 89,552 | bf16_mfu: 0.00 | epoch: 1 pq: 3 rg: 44 | total time: 32.04m | eta: 5.6m
step 03245/03814 (85.08%) | loss: 3.513606 | lrm: 0.27 | dt: 601.84ms | tok/sec: 89,325 | bf16_mfu: 0.00 | epoch: 1 pq: 3 rg: 45 | total time: 32.05m | eta: 5.6m
step 03246/03814 (85.11%) | loss: 3.523340 | lrm: 0.27 | dt: 596.86ms | tok/sec: 90,071 | bf16_mfu: 0.00 | epoch: 1 pq: 3 rg: 45 | total time: 32.06m | eta: 5.6m
step 03247/03814 (85.13%) | loss: 3.523135 | lrm: 0.27 | dt: 625.63ms | tok/sec: 85,928 | bf16_mfu: 0.00 | epoch: 1 pq: 3 rg: 45 | total time: 32.07m | eta: 5.6m
step 03248/03814 (85.16%) | loss: 3.519904 | lrm: 0.27 | dt: 607.43ms | tok/sec: 88,503 | bf16_mfu: 0.00 | epoch: 1 pq: 3 rg: 45 | total time: 32.08m | eta: 5.6m
step 03249/03814 (85.19%) | loss: 3.531786 | lrm: 0.27 | dt: 607.45ms | tok/sec: 88,501 | bf16_mfu: 0.00 | epoch: 1 pq: 3 rg: 45 | total time: 32.09m | eta: 5.6m
step 03250/03814 (85.21%) | loss: 3.536274 | lrm: 0.27 | dt: 607.83ms | tok/sec: 88,446 | bf16_mfu: 0.00 | epoch: 1 pq: 3 rg: 45 | total time: 32.10m | eta: 5.6m
step 03251/03814 (85.24%) | loss: 3.520733 | lrm: 0.27 | dt: 616.65ms | tok/sec: 87,180 | bf16_mfu: 0.00 | epoch: 1 pq: 3 rg: 45 | total time: 32.11m | eta: 5.6m
step 03252/03814 (85.26%) | loss: 3.509207 | lrm: 0.27 | dt: 601.53ms | tok/sec: 89,372 | bf16_mfu: 0.00 | epoch: 1 pq: 3 rg: 45 | total time: 32.12m | eta: 5.6m
step 03253/03814 (85.29%) | loss: 3.502731 | lrm: 0.26 | dt: 603.52ms | tok/sec: 89,077 | bf16_mfu: 0.00 | epoch: 1 pq: 3 rg: 45 | total time: 32.13m | eta: 5.6m
step 03254/03814 (85.32%) | loss: 3.497914 | lrm: 0.26 | dt: 606.20ms | tok/sec: 88,683 | bf16_mfu: 0.00 | epoch: 1 pq: 3 rg: 45 | total time: 32.14m | eta: 5.5m
step 03255/03814 (85.34%) | loss: 3.494412 | lrm: 0.26 | dt: 611.49ms | tok/sec: 87,915 | bf16_mfu: 0.00 | epoch: 1 pq: 3 rg: 46 | total time: 32.15m | eta: 5.5m
step 03256/03814 (85.37%) | loss: 3.497279 | lrm: 0.26 | dt: 602.75ms | tok/sec: 89,191 | bf16_mfu: 0.00 | epoch: 1 pq: 3 rg: 46 | total time: 32.16m | eta: 5.5m
step 03257/03814 (85.40%) | loss: 3.501504 | lrm: 0.26 | dt: 653.08ms | tok/sec: 82,318 | bf16_mfu: 0.00 | epoch: 1 pq: 3 rg: 46 | total time: 32.17m | eta: 5.5m
step 03258/03814 (85.42%) | loss: 3.511412 | lrm: 0.26 | dt: 602.93ms | tok/sec: 89,164 | bf16_mfu: 0.00 | epoch: 1 pq: 3 rg: 46 | total time: 32.18m | eta: 5.5m
step 03259/03814 (85.45%) | loss: 3.518627 | lrm: 0.26 | dt: 607.47ms | tok/sec: 88,497 | bf16_mfu: 0.00 | epoch: 1 pq: 3 rg: 46 | total time: 32.19m | eta: 5.5m
step 03260/03814 (85.47%) | loss: 3.513707 | lrm: 0.26 | dt: 606.86ms | tok/sec: 88,587 | bf16_mfu: 0.00 | epoch: 1 pq: 3 rg: 46 | total time: 32.20m | eta: 5.5m
step 03261/03814 (85.50%) | loss: 3.508276 | lrm: 0.26 | dt: 613.84ms | tok/sec: 87,579 | bf16_mfu: 0.00 | epoch: 1 pq: 3 rg: 46 | total time: 32.21m | eta: 5.5m
step 03262/03814 (85.53%) | loss: 3.512046 | lrm: 0.26 | dt: 602.31ms | tok/sec: 89,255 | bf16_mfu: 0.00 | epoch: 1 pq: 3 rg: 46 | total time: 32.22m | eta: 5.5m
step 03263/03814 (85.55%) | loss: 3.499569 | lrm: 0.26 | dt: 608.72ms | tok/sec: 88,316 | bf16_mfu: 0.00 | epoch: 1 pq: 3 rg: 46 | total time: 32.23m | eta: 5.5m
step 03264/03814 (85.58%) | loss: 3.505054 | lrm: 0.26 | dt: 606.04ms | tok/sec: 88,706 | bf16_mfu: 0.00 | epoch: 1 pq: 3 rg: 46 | total time: 32.24m | eta: 5.4m
step 03265/03814 (85.61%) | loss: 3.516735 | lrm: 0.26 | dt: 612.36ms | tok/sec: 87,791 | bf16_mfu: 0.00 | epoch: 1 pq: 3 rg: 46 | total time: 32.25m | eta: 5.4m
step 03266/03814 (85.63%) | loss: 3.511478 | lrm: 0.26 | dt: 603.80ms | tok/sec: 89,035 | bf16_mfu: 0.00 | epoch: 1 pq: 3 rg: 47 | total time: 32.26m | eta: 5.4m
step 03267/03814 (85.66%) | loss: 3.508736 | lrm: 0.26 | dt: 607.36ms | tok/sec: 88,514 | bf16_mfu: 0.00 | epoch: 1 pq: 3 rg: 47 | total time: 32.27m | eta: 5.4m
step 03268/03814 (85.68%) | loss: 3.492024 | lrm: 0.26 | dt: 609.56ms | tok/sec: 88,194 | bf16_mfu: 0.00 | epoch: 1 pq: 3 rg: 47 | total time: 32.28m | eta: 5.4m
step 03269/03814 (85.71%) | loss: 3.487046 | lrm: 0.26 | dt: 608.29ms | tok/sec: 88,378 | bf16_mfu: 0.00 | epoch: 1 pq: 3 rg: 47 | total time: 32.29m | eta: 5.4m
step 03270/03814 (85.74%) | loss: 3.490813 | lrm: 0.26 | dt: 609.73ms | tok/sec: 88,170 | bf16_mfu: 0.00 | epoch: 1 pq: 3 rg: 47 | total time: 32.30m | eta: 5.4m
step 03271/03814 (85.76%) | loss: 3.487771 | lrm: 0.26 | dt: 608.21ms | tok/sec: 88,391 | bf16_mfu: 0.00 | epoch: 1 pq: 3 rg: 47 | total time: 32.31m | eta: 5.4m
step 03272/03814 (85.79%) | loss: 3.484918 | lrm: 0.26 | dt: 607.41ms | tok/sec: 88,506 | bf16_mfu: 0.00 | epoch: 1 pq: 3 rg: 47 | total time: 32.32m | eta: 5.4m
step 03273/03814 (85.82%) | loss: 3.494596 | lrm: 0.26 | dt: 608.80ms | tok/sec: 88,304 | bf16_mfu: 0.00 | epoch: 1 pq: 3 rg: 47 | total time: 32.33m | eta: 5.4m
step 03274/03814 (85.84%) | loss: 3.523373 | lrm: 0.26 | dt: 606.53ms | tok/sec: 88,635 | bf16_mfu: 0.00 | epoch: 1 pq: 3 rg: 47 | total time: 32.34m | eta: 5.4m
step 03275/03814 (85.87%) | loss: 3.512369 | lrm: 0.26 | dt: 607.95ms | tok/sec: 88,427 | bf16_mfu: 0.00 | epoch: 1 pq: 3 rg: 47 | total time: 32.35m | eta: 5.3m
step 03276/03814 (85.89%) | loss: 3.511076 | lrm: 0.26 | dt: 608.75ms | tok/sec: 88,312 | bf16_mfu: 0.00 | epoch: 1 pq: 3 rg: 47 | total time: 32.36m | eta: 5.3m
step 03277/03814 (85.92%) | loss: 3.518197 | lrm: 0.26 | dt: 612.46ms | tok/sec: 87,776 | bf16_mfu: 0.00 | epoch: 1 pq: 3 rg: 48 | total time: 32.37m | eta: 5.3m
step 03278/03814 (85.95%) | loss: 3.537412 | lrm: 0.26 | dt: 602.69ms | tok/sec: 89,199 | bf16_mfu: 0.00 | epoch: 1 pq: 3 rg: 48 | total time: 32.38m | eta: 5.3m
step 03279/03814 (85.97%) | loss: 3.520719 | lrm: 0.26 | dt: 609.17ms | tok/sec: 88,251 | bf16_mfu: 0.00 | epoch: 1 pq: 3 rg: 48 | total time: 32.39m | eta: 5.3m
step 03280/03814 (86.00%) | loss: 3.513448 | lrm: 0.25 | dt: 608.48ms | tok/sec: 88,350 | bf16_mfu: 0.00 | epoch: 1 pq: 3 rg: 48 | total time: 32.40m | eta: 5.3m
step 03281/03814 (86.03%) | loss: 3.526107 | lrm: 0.25 | dt: 607.94ms | tok/sec: 88,429 | bf16_mfu: 0.00 | epoch: 1 pq: 3 rg: 48 | total time: 32.41m | eta: 5.3m
step 03282/03814 (86.05%) | loss: 3.532985 | lrm: 0.25 | dt: 614.05ms | tok/sec: 87,549 | bf16_mfu: 0.00 | epoch: 1 pq: 3 rg: 48 | total time: 32.42m | eta: 5.3m
step 03283/03814 (86.08%) | loss: 3.523587 | lrm: 0.25 | dt: 602.04ms | tok/sec: 89,296 | bf16_mfu: 0.00 | epoch: 1 pq: 3 rg: 48 | total time: 32.43m | eta: 5.3m
step 03284/03814 (86.10%) | loss: 3.526532 | lrm: 0.25 | dt: 607.77ms | tok/sec: 88,454 | bf16_mfu: 0.00 | epoch: 1 pq: 3 rg: 48 | total time: 32.44m | eta: 5.3m
step 03285/03814 (86.13%) | loss: 3.523047 | lrm: 0.25 | dt: 607.64ms | tok/sec: 88,472 | bf16_mfu: 0.00 | epoch: 1 pq: 3 rg: 48 | total time: 32.45m | eta: 5.2m
step 03286/03814 (86.16%) | loss: 3.522573 | lrm: 0.25 | dt: 606.79ms | tok/sec: 88,597 | bf16_mfu: 0.00 | epoch: 1 pq: 3 rg: 48 | total time: 32.46m | eta: 5.2m
step 03287/03814 (86.18%) | loss: 3.505619 | lrm: 0.25 | dt: 605.57ms | tok/sec: 88,775 | bf16_mfu: 0.00 | epoch: 1 pq: 3 rg: 49 | total time: 32.47m | eta: 5.2m
step 03288/03814 (86.21%) | loss: 3.488210 | lrm: 0.25 | dt: 603.24ms | tok/sec: 89,119 | bf16_mfu: 0.00 | epoch: 1 pq: 3 rg: 49 | total time: 32.48m | eta: 5.2m
step 03289/03814 (86.23%) | loss: 3.512325 | lrm: 0.25 | dt: 611.49ms | tok/sec: 87,915 | bf16_mfu: 0.00 | epoch: 1 pq: 3 rg: 49 | total time: 32.49m | eta: 5.2m
step 03290/03814 (86.26%) | loss: 3.499224 | lrm: 0.25 | dt: 607.62ms | tok/sec: 88,475 | bf16_mfu: 0.00 | epoch: 1 pq: 3 rg: 49 | total time: 32.50m | eta: 5.2m
step 03291/03814 (86.29%) | loss: 3.486053 | lrm: 0.25 | dt: 607.07ms | tok/sec: 88,556 | bf16_mfu: 0.00 | epoch: 1 pq: 3 rg: 49 | total time: 32.51m | eta: 5.2m
step 03292/03814 (86.31%) | loss: 3.484850 | lrm: 0.25 | dt: 606.66ms | tok/sec: 88,615 | bf16_mfu: 0.00 | epoch: 1 pq: 3 rg: 49 | total time: 32.52m | eta: 5.2m
step 03293/03814 (86.34%) | loss: 3.531438 | lrm: 0.25 | dt: 594.20ms | tok/sec: 90,474 | bf16_mfu: 0.00 | epoch: 1 pq: 3 rg: 49 | total time: 32.53m | eta: 5.2m
step 03294/03814 (86.37%) | loss: 3.515186 | lrm: 0.25 | dt: 600.07ms | tok/sec: 89,589 | bf16_mfu: 0.00 | epoch: 1 pq: 3 rg: 49 | total time: 32.54m | eta: 5.2m
step 03295/03814 (86.39%) | loss: 3.527518 | lrm: 0.25 | dt: 595.44ms | tok/sec: 90,286 | bf16_mfu: 0.00 | epoch: 1 pq: 3 rg: 49 | total time: 32.55m | eta: 5.1m
step 03296/03814 (86.42%) | loss: 3.512917 | lrm: 0.25 | dt: 596.45ms | tok/sec: 90,132 | bf16_mfu: 0.00 | epoch: 1 pq: 3 rg: 49 | total time: 32.56m | eta: 5.1m
step 03297/03814 (86.44%) | loss: 3.534392 | lrm: 0.25 | dt: 621.64ms | tok/sec: 86,481 | bf16_mfu: 0.00 | epoch: 1 pq: 3 rg: 49 | total time: 32.57m | eta: 5.1m
step 03298/03814 (86.47%) | loss: 3.528843 | lrm: 0.25 | dt: 638.91ms | tok/sec: 84,143 | bf16_mfu: 0.00 | epoch: 1 pq: 3 rg: 50 | total time: 32.58m | eta: 5.1m
step 03299/03814 (86.50%) | loss: 3.520943 | lrm: 0.25 | dt: 591.67ms | tok/sec: 90,862 | bf16_mfu: 0.00 | epoch: 1 pq: 3 rg: 50 | total time: 32.59m | eta: 5.1m
step 03300/03814 (86.52%) | loss: 3.505173 | lrm: 0.25 | dt: 599.51ms | tok/sec: 89,673 | bf16_mfu: 0.00 | epoch: 1 pq: 3 rg: 50 | total time: 32.60m | eta: 5.1m
step 03301/03814 (86.55%) | loss: 3.534471 | lrm: 0.25 | dt: 594.82ms | tok/sec: 90,379 | bf16_mfu: 0.00 | epoch: 1 pq: 3 rg: 50 | total time: 32.61m | eta: 5.1m
step 03302/03814 (86.58%) | loss: 3.530479 | lrm: 0.25 | dt: 601.45ms | tok/sec: 89,383 | bf16_mfu: 0.00 | epoch: 1 pq: 3 rg: 50 | total time: 32.62m | eta: 5.1m
step 03303/03814 (86.60%) | loss: 3.517438 | lrm: 0.25 | dt: 592.25ms | tok/sec: 90,772 | bf16_mfu: 0.00 | epoch: 1 pq: 3 rg: 50 | total time: 32.63m | eta: 5.1m
step 03304/03814 (86.63%) | loss: 3.525299 | lrm: 0.25 | dt: 605.69ms | tok/sec: 88,758 | bf16_mfu: 0.00 | epoch: 1 pq: 3 rg: 50 | total time: 32.64m | eta: 5.1m
step 03305/03814 (86.65%) | loss: 3.537169 | lrm: 0.25 | dt: 589.55ms | tok/sec: 91,188 | bf16_mfu: 0.00 | epoch: 1 pq: 3 rg: 50 | total time: 32.65m | eta: 5.0m
step 03306/03814 (86.68%) | loss: 3.513105 | lrm: 0.24 | dt: 592.53ms | tok/sec: 90,729 | bf16_mfu: 0.00 | epoch: 1 pq: 3 rg: 50 | total time: 32.66m | eta: 5.0m
step 03307/03814 (86.71%) | loss: 3.505462 | lrm: 0.24 | dt: 595.69ms | tok/sec: 90,247 | bf16_mfu: 0.00 | epoch: 1 pq: 3 rg: 50 | total time: 32.67m | eta: 5.0m
step 03308/03814 (86.73%) | loss: 3.506903 | lrm: 0.24 | dt: 592.92ms | tok/sec: 90,670 | bf16_mfu: 0.00 | epoch: 1 pq: 3 rg: 50 | total time: 32.68m | eta: 5.0m
step 03309/03814 (86.76%) | loss: 3.497267 | lrm: 0.24 | dt: 589.54ms | tok/sec: 91,189 | bf16_mfu: 0.00 | epoch: 1 pq: 3 rg: 51 | total time: 32.69m | eta: 5.0m
step 03310/03814 (86.79%) | loss: 3.486948 | lrm: 0.24 | dt: 593.17ms | tok/sec: 90,631 | bf16_mfu: 0.00 | epoch: 1 pq: 3 rg: 51 | total time: 32.70m | eta: 5.0m
step 03311/03814 (86.81%) | loss: 3.475965 | lrm: 0.24 | dt: 595.88ms | tok/sec: 90,219 | bf16_mfu: 0.00 | epoch: 1 pq: 3 rg: 51 | total time: 32.71m | eta: 5.0m
step 03312/03814 (86.84%) | loss: 3.480591 | lrm: 0.24 | dt: 589.19ms | tok/sec: 91,244 | bf16_mfu: 0.00 | epoch: 1 pq: 3 rg: 51 | total time: 32.72m | eta: 5.0m
step 03313/03814 (86.86%) | loss: 3.490530 | lrm: 0.24 | dt: 609.19ms | tok/sec: 88,248 | bf16_mfu: 0.00 | epoch: 1 pq: 3 rg: 51 | total time: 32.73m | eta: 5.0m
step 03314/03814 (86.89%) | loss: 3.478412 | lrm: 0.24 | dt: 587.87ms | tok/sec: 91,448 | bf16_mfu: 0.00 | epoch: 1 pq: 3 rg: 51 | total time: 32.74m | eta: 5.0m
step 03315/03814 (86.92%) | loss: 3.483363 | lrm: 0.24 | dt: 588.70ms | tok/sec: 91,319 | bf16_mfu: 0.00 | epoch: 1 pq: 3 rg: 51 | total time: 32.75m | eta: 4.9m
step 03316/03814 (86.94%) | loss: 3.484437 | lrm: 0.24 | dt: 597.23ms | tok/sec: 90,015 | bf16_mfu: 0.00 | epoch: 1 pq: 3 rg: 51 | total time: 32.76m | eta: 4.9m
step 03317/03814 (86.97%) | loss: 3.483618 | lrm: 0.24 | dt: 591.68ms | tok/sec: 90,859 | bf16_mfu: 0.00 | epoch: 1 pq: 3 rg: 51 | total time: 32.77m | eta: 4.9m
step 03318/03814 (87.00%) | loss: 3.485464 | lrm: 0.24 | dt: 588.43ms | tok/sec: 91,361 | bf16_mfu: 0.00 | epoch: 1 pq: 3 rg: 51 | total time: 32.78m | eta: 4.9m
step 03319/03814 (87.02%) | loss: 3.485939 | lrm: 0.24 | dt: 587.69ms | tok/sec: 91,477 | bf16_mfu: 0.00 | epoch: 1 pq: 3 rg: 51 | total time: 32.79m | eta: 4.9m
step 03320/03814 (87.05%) | loss: 3.468196 | lrm: 0.24 | dt: 629.67ms | tok/sec: 85,377 | bf16_mfu: 0.00 | epoch: 1 pq: 3 rg: 52 | total time: 32.80m | eta: 4.9m
step 03321/03814 (87.07%) | loss: 3.472232 | lrm: 0.24 | dt: 591.49ms | tok/sec: 90,889 | bf16_mfu: 0.00 | epoch: 1 pq: 3 rg: 52 | total time: 32.81m | eta: 4.9m
step 03322/03814 (87.10%) | loss: 3.471476 | lrm: 0.24 | dt: 587.75ms | tok/sec: 91,467 | bf16_mfu: 0.00 | epoch: 1 pq: 3 rg: 52 | total time: 32.82m | eta: 4.9m
step 03323/03814 (87.13%) | loss: 3.481054 | lrm: 0.24 | dt: 603.37ms | tok/sec: 89,099 | bf16_mfu: 0.00 | epoch: 1 pq: 3 rg: 52 | total time: 32.83m | eta: 4.9m
step 03324/03814 (87.15%) | loss: 3.488252 | lrm: 0.24 | dt: 593.71ms | tok/sec: 90,549 | bf16_mfu: 0.00 | epoch: 1 pq: 3 rg: 52 | total time: 32.84m | eta: 4.9m
step 03325/03814 (87.18%) | loss: 3.482753 | lrm: 0.24 | dt: 581.51ms | tok/sec: 92,448 | bf16_mfu: 0.00 | epoch: 1 pq: 3 rg: 52 | total time: 32.85m | eta: 4.8m
step 03326/03814 (87.21%) | loss: 3.498912 | lrm: 0.24 | dt: 589.07ms | tok/sec: 91,262 | bf16_mfu: 0.00 | epoch: 1 pq: 3 rg: 52 | total time: 32.86m | eta: 4.8m
step 03327/03814 (87.23%) | loss: 3.493110 | lrm: 0.24 | dt: 585.96ms | tok/sec: 91,747 | bf16_mfu: 0.00 | epoch: 1 pq: 3 rg: 52 | total time: 32.87m | eta: 4.8m
step 03328/03814 (87.26%) | loss: 3.493610 | lrm: 0.24 | dt: 585.06ms | tok/sec: 91,888 | bf16_mfu: 0.00 | epoch: 1 pq: 3 rg: 52 | total time: 32.88m | eta: 4.8m
step 03329/03814 (87.28%) | loss: 3.489558 | lrm: 0.24 | dt: 588.47ms | tok/sec: 91,356 | bf16_mfu: 0.00 | epoch: 1 pq: 3 rg: 52 | total time: 32.89m | eta: 4.8m
step 03330/03814 (87.31%) | loss: 3.503542 | lrm: 0.24 | dt: 669.29ms | tok/sec: 80,323 | bf16_mfu: 0.00 | epoch: 1 pq: 3 rg: 52 | total time: 32.90m | eta: 4.8m
step 03331/03814 (87.34%) | loss: 3.504309 | lrm: 0.24 | dt: 589.66ms | tok/sec: 91,170 | bf16_mfu: 0.00 | epoch: 1 pq: 3 rg: 53 | total time: 32.91m | eta: 4.8m
step 03332/03814 (87.36%) | loss: 3.498251 | lrm: 0.23 | dt: 583.20ms | tok/sec: 92,181 | bf16_mfu: 0.00 | epoch: 1 pq: 3 rg: 53 | total time: 32.92m | eta: 4.8m
step 03333/03814 (87.39%) | loss: 3.499430 | lrm: 0.23 | dt: 586.97ms | tok/sec: 91,589 | bf16_mfu: 0.00 | epoch: 1 pq: 3 rg: 53 | total time: 32.93m | eta: 4.8m
step 03334/03814 (87.41%) | loss: 3.513945 | lrm: 0.23 | dt: 586.19ms | tok/sec: 91,710 | bf16_mfu: 0.00 | epoch: 1 pq: 3 rg: 53 | total time: 32.94m | eta: 4.8m
step 03335/03814 (87.44%) | loss: 3.507492 | lrm: 0.23 | dt: 593.24ms | tok/sec: 90,621 | bf16_mfu: 0.00 | epoch: 1 pq: 3 rg: 53 | total time: 32.95m | eta: 4.7m
step 03336/03814 (87.47%) | loss: 3.491527 | lrm: 0.23 | dt: 580.66ms | tok/sec: 92,583 | bf16_mfu: 0.00 | epoch: 1 pq: 3 rg: 53 | total time: 32.96m | eta: 4.7m
step 03337/03814 (87.49%) | loss: 3.485160 | lrm: 0.23 | dt: 606.28ms | tok/sec: 88,671 | bf16_mfu: 0.00 | epoch: 1 pq: 3 rg: 53 | total time: 32.97m | eta: 4.7m
step 03338/03814 (87.52%) | loss: 3.487706 | lrm: 0.23 | dt: 589.92ms | tok/sec: 91,131 | bf16_mfu: 0.00 | epoch: 1 pq: 3 rg: 53 | total time: 32.98m | eta: 4.7m
step 03339/03814 (87.55%) | loss: 3.491735 | lrm: 0.23 | dt: 620.62ms | tok/sec: 86,622 | bf16_mfu: 0.00 | epoch: 1 pq: 3 rg: 53 | total time: 32.99m | eta: 4.7m
step 03340/03814 (87.57%) | loss: 3.495389 | lrm: 0.23 | dt: 594.80ms | tok/sec: 90,383 | bf16_mfu: 0.00 | epoch: 1 pq: 3 rg: 53 | total time: 33.00m | eta: 4.7m
step 03341/03814 (87.60%) | loss: 3.482623 | lrm: 0.23 | dt: 587.78ms | tok/sec: 91,463 | bf16_mfu: 0.00 | epoch: 1 pq: 3 rg: 53 | total time: 33.01m | eta: 4.7m
step 03342/03814 (87.62%) | loss: 3.506481 | lrm: 0.23 | dt: 638.01ms | tok/sec: 84,262 | bf16_mfu: 0.00 | epoch: 1 pq: 3 rg: 54 | total time: 33.02m | eta: 4.7m
step 03343/03814 (87.65%) | loss: 3.485713 | lrm: 0.23 | dt: 588.65ms | tok/sec: 91,327 | bf16_mfu: 0.00 | epoch: 1 pq: 3 rg: 54 | total time: 33.03m | eta: 4.7m
step 03344/03814 (87.68%) | loss: 3.475802 | lrm: 0.23 | dt: 587.84ms | tok/sec: 91,453 | bf16_mfu: 0.00 | epoch: 1 pq: 3 rg: 54 | total time: 33.04m | eta: 4.7m
step 03345/03814 (87.70%) | loss: 3.471045 | lrm: 0.23 | dt: 586.20ms | tok/sec: 91,708 | bf16_mfu: 0.00 | epoch: 1 pq: 3 rg: 54 | total time: 33.05m | eta: 4.6m
step 03346/03814 (87.73%) | loss: 3.509932 | lrm: 0.23 | dt: 585.10ms | tok/sec: 91,881 | bf16_mfu: 0.00 | epoch: 1 pq: 3 rg: 54 | total time: 33.06m | eta: 4.6m
step 03347/03814 (87.76%) | loss: 3.503730 | lrm: 0.23 | dt: 586.57ms | tok/sec: 91,650 | bf16_mfu: 0.00 | epoch: 1 pq: 3 rg: 54 | total time: 33.07m | eta: 4.6m
step 03348/03814 (87.78%) | loss: 3.488984 | lrm: 0.23 | dt: 587.98ms | tok/sec: 91,431 | bf16_mfu: 0.00 | epoch: 1 pq: 3 rg: 54 | total time: 33.08m | eta: 4.6m
step 03349/03814 (87.81%) | loss: 3.500177 | lrm: 0.23 | dt: 590.32ms | tok/sec: 91,070 | bf16_mfu: 0.00 | epoch: 1 pq: 3 rg: 54 | total time: 33.09m | eta: 4.6m
step 03350/03814 (87.83%) | loss: 3.475625 | lrm: 0.23 | dt: 596.47ms | tok/sec: 90,130 | bf16_mfu: 0.00 | epoch: 1 pq: 3 rg: 54 | total time: 33.10m | eta: 4.6m
step 03351/03814 (87.86%) | loss: 3.462570 | lrm: 0.23 | dt: 584.69ms | tok/sec: 91,945 | bf16_mfu: 0.00 | epoch: 1 pq: 3 rg: 54 | total time: 33.11m | eta: 4.6m
step 03352/03814 (87.89%) | loss: 3.483808 | lrm: 0.23 | dt: 578.56ms | tok/sec: 92,920 | bf16_mfu: 0.00 | epoch: 1 pq: 3 rg: 54 | total time: 33.12m | eta: 4.6m
step 03353/03814 (87.91%) | loss: 3.502265 | lrm: 0.23 | dt: 664.04ms | tok/sec: 80,959 | bf16_mfu: 0.00 | epoch: 1 pq: 3 rg: 55 | total time: 33.13m | eta: 4.6m
step 03354/03814 (87.94%) | loss: 3.498488 | lrm: 0.23 | dt: 650.57ms | tok/sec: 82,635 | bf16_mfu: 0.00 | epoch: 1 pq: 3 rg: 55 | total time: 33.14m | eta: 4.6m
step 03355/03814 (87.97%) | loss: 3.492485 | lrm: 0.23 | dt: 590.62ms | tok/sec: 91,023 | bf16_mfu: 0.00 | epoch: 1 pq: 3 rg: 55 | total time: 33.15m | eta: 4.5m
step 03356/03814 (87.99%) | loss: 3.502352 | lrm: 0.23 | dt: 586.65ms | tok/sec: 91,638 | bf16_mfu: 0.00 | epoch: 1 pq: 3 rg: 55 | total time: 33.16m | eta: 4.5m
step 03357/03814 (88.02%) | loss: 3.510683 | lrm: 0.23 | dt: 581.46ms | tok/sec: 92,457 | bf16_mfu: 0.00 | epoch: 1 pq: 3 rg: 55 | total time: 33.17m | eta: 4.5m
step 03358/03814 (88.04%) | loss: 3.506721 | lrm: 0.22 | dt: 586.14ms | tok/sec: 91,718 | bf16_mfu: 0.00 | epoch: 1 pq: 3 rg: 55 | total time: 33.18m | eta: 4.5m
step 03359/03814 (88.07%) | loss: 3.508097 | lrm: 0.22 | dt: 587.36ms | tok/sec: 91,528 | bf16_mfu: 0.00 | epoch: 1 pq: 3 rg: 55 | total time: 33.19m | eta: 4.5m
step 03360/03814 (88.10%) | loss: 3.504025 | lrm: 0.22 | dt: 590.37ms | tok/sec: 91,060 | bf16_mfu: 0.00 | epoch: 1 pq: 3 rg: 55 | total time: 33.20m | eta: 4.5m
step 03361/03814 (88.12%) | loss: 3.514694 | lrm: 0.22 | dt: 596.76ms | tok/sec: 90,087 | bf16_mfu: 0.00 | epoch: 1 pq: 3 rg: 55 | total time: 33.21m | eta: 4.5m
step 03362/03814 (88.15%) | loss: 3.517094 | lrm: 0.22 | dt: 587.70ms | tok/sec: 91,475 | bf16_mfu: 0.00 | epoch: 1 pq: 3 rg: 55 | total time: 33.22m | eta: 4.5m
step 03363/03814 (88.18%) | loss: 3.529291 | lrm: 0.22 | dt: 592.27ms | tok/sec: 90,769 | bf16_mfu: 0.00 | epoch: 1 pq: 3 rg: 55 | total time: 33.23m | eta: 4.5m
step 03364/03814 (88.20%) | loss: 3.519117 | lrm: 0.22 | dt: 586.46ms | tok/sec: 91,668 | bf16_mfu: 0.00 | epoch: 1 pq: 3 rg: 56 | total time: 33.24m | eta: 4.5m
step 03365/03814 (88.23%) | loss: 3.516627 | lrm: 0.22 | dt: 589.25ms | tok/sec: 91,234 | bf16_mfu: 0.00 | epoch: 1 pq: 3 rg: 56 | total time: 33.25m | eta: 4.4m
step 03366/03814 (88.25%) | loss: 3.527660 | lrm: 0.22 | dt: 788.03ms | tok/sec: 68,221 | bf16_mfu: 0.00 | epoch: 1 pq: 3 rg: 56 | total time: 33.26m | eta: 4.4m
step 03367/03814 (88.28%) | loss: 3.550883 | lrm: 0.22 | dt: 591.18ms | tok/sec: 90,936 | bf16_mfu: 0.00 | epoch: 1 pq: 3 rg: 56 | total time: 33.27m | eta: 4.4m
step 03368/03814 (88.31%) | loss: 3.564146 | lrm: 0.22 | dt: 589.27ms | tok/sec: 91,230 | bf16_mfu: 0.00 | epoch: 1 pq: 3 rg: 56 | total time: 33.28m | eta: 4.4m
step 03369/03814 (88.33%) | loss: 3.570917 | lrm: 0.22 | dt: 592.41ms | tok/sec: 90,748 | bf16_mfu: 0.00 | epoch: 1 pq: 3 rg: 56 | total time: 33.29m | eta: 4.4m
step 03370/03814 (88.36%) | loss: 3.578150 | lrm: 0.22 | dt: 581.90ms | tok/sec: 92,387 | bf16_mfu: 0.00 | epoch: 1 pq: 3 rg: 56 | total time: 33.30m | eta: 4.4m
step 03371/03814 (88.38%) | loss: 3.560405 | lrm: 0.22 | dt: 589.92ms | tok/sec: 91,131 | bf16_mfu: 0.00 | epoch: 1 pq: 3 rg: 56 | total time: 33.31m | eta: 4.4m
step 03372/03814 (88.41%) | loss: 3.554707 | lrm: 0.22 | dt: 583.22ms | tok/sec: 92,177 | bf16_mfu: 0.00 | epoch: 1 pq: 3 rg: 56 | total time: 33.32m | eta: 4.4m
step 03373/03814 (88.44%) | loss: 3.551523 | lrm: 0.22 | dt: 598.84ms | tok/sec: 89,773 | bf16_mfu: 0.00 | epoch: 1 pq: 3 rg: 56 | total time: 33.33m | eta: 4.4m
step 03374/03814 (88.46%) | loss: 3.535508 | lrm: 0.22 | dt: 593.00ms | tok/sec: 90,657 | bf16_mfu: 0.00 | epoch: 1 pq: 3 rg: 56 | total time: 33.34m | eta: 4.4m
step 03375/03814 (88.49%) | loss: 3.549599 | lrm: 0.22 | dt: 590.26ms | tok/sec: 91,078 | bf16_mfu: 0.00 | epoch: 1 pq: 3 rg: 57 | total time: 33.35m | eta: 4.4m
step 03376/03814 (88.52%) | loss: 3.530493 | lrm: 0.22 | dt: 592.10ms | tok/sec: 90,795 | bf16_mfu: 0.00 | epoch: 1 pq: 3 rg: 57 | total time: 33.36m | eta: 4.3m
step 03377/03814 (88.54%) | loss: 3.537754 | lrm: 0.22 | dt: 585.27ms | tok/sec: 91,855 | bf16_mfu: 0.00 | epoch: 1 pq: 3 rg: 57 | total time: 33.37m | eta: 4.3m
step 03378/03814 (88.57%) | loss: 3.565592 | lrm: 0.22 | dt: 590.36ms | tok/sec: 91,062 | bf16_mfu: 0.00 | epoch: 1 pq: 3 rg: 57 | total time: 33.38m | eta: 4.3m
step 03379/03814 (88.59%) | loss: 3.578312 | lrm: 0.22 | dt: 585.42ms | tok/sec: 91,831 | bf16_mfu: 0.00 | epoch: 1 pq: 3 rg: 57 | total time: 33.39m | eta: 4.3m
step 03380/03814 (88.62%) | loss: 3.569719 | lrm: 0.22 | dt: 596.69ms | tok/sec: 90,097 | bf16_mfu: 0.00 | epoch: 1 pq: 3 rg: 57 | total time: 33.40m | eta: 4.3m
step 03381/03814 (88.65%) | loss: 3.566496 | lrm: 0.22 | dt: 581.71ms | tok/sec: 92,417 | bf16_mfu: 0.00 | epoch: 1 pq: 3 rg: 57 | total time: 33.41m | eta: 4.3m
step 03382/03814 (88.67%) | loss: 3.567746 | lrm: 0.22 | dt: 590.61ms | tok/sec: 91,024 | bf16_mfu: 0.00 | epoch: 1 pq: 3 rg: 57 | total time: 33.42m | eta: 4.3m
step 03383/03814 (88.70%) | loss: 3.575284 | lrm: 0.22 | dt: 592.21ms | tok/sec: 90,778 | bf16_mfu: 0.00 | epoch: 1 pq: 3 rg: 57 | total time: 33.43m | eta: 4.3m
step 03384/03814 (88.73%) | loss: 3.579670 | lrm: 0.21 | dt: 597.39ms | tok/sec: 89,991 | bf16_mfu: 0.00 | epoch: 1 pq: 3 rg: 57 | total time: 33.44m | eta: 4.3m
step 03385/03814 (88.75%) | loss: 3.584029 | lrm: 0.21 | dt: 591.26ms | tok/sec: 90,924 | bf16_mfu: 0.00 | epoch: 1 pq: 3 rg: 57 | total time: 33.45m | eta: 4.3m
step 03386/03814 (88.78%) | loss: 3.565239 | lrm: 0.21 | dt: 591.93ms | tok/sec: 90,821 | bf16_mfu: 0.00 | epoch: 1 pq: 3 rg: 58 | total time: 33.46m | eta: 4.2m
step 03387/03814 (88.80%) | loss: 3.550025 | lrm: 0.21 | dt: 584.34ms | tok/sec: 92,001 | bf16_mfu: 0.00 | epoch: 1 pq: 3 rg: 58 | total time: 33.47m | eta: 4.2m
step 03388/03814 (88.83%) | loss: 3.540084 | lrm: 0.21 | dt: 607.86ms | tok/sec: 88,441 | bf16_mfu: 0.00 | epoch: 1 pq: 3 rg: 58 | total time: 33.48m | eta: 4.2m
step 03389/03814 (88.86%) | loss: 3.549940 | lrm: 0.21 | dt: 590.76ms | tok/sec: 91,000 | bf16_mfu: 0.00 | epoch: 1 pq: 3 rg: 58 | total time: 33.49m | eta: 4.2m
step 03390/03814 (88.88%) | loss: 3.540902 | lrm: 0.21 | dt: 586.14ms | tok/sec: 91,719 | bf16_mfu: 0.00 | epoch: 1 pq: 3 rg: 58 | total time: 33.50m | eta: 4.2m
step 03391/03814 (88.91%) | loss: 3.522277 | lrm: 0.21 | dt: 600.35ms | tok/sec: 89,548 | bf16_mfu: 0.00 | epoch: 1 pq: 3 rg: 58 | total time: 33.51m | eta: 4.2m
step 03392/03814 (88.94%) | loss: 3.535781 | lrm: 0.21 | dt: 590.14ms | tok/sec: 91,096 | bf16_mfu: 0.00 | epoch: 1 pq: 3 rg: 58 | total time: 33.52m | eta: 4.2m
step 03393/03814 (88.96%) | loss: 3.527913 | lrm: 0.21 | dt: 591.09ms | tok/sec: 90,950 | bf16_mfu: 0.00 | epoch: 1 pq: 3 rg: 58 | total time: 33.53m | eta: 4.2m
step 03394/03814 (88.99%) | loss: 3.506085 | lrm: 0.21 | dt: 604.49ms | tok/sec: 88,934 | bf16_mfu: 0.00 | epoch: 1 pq: 3 rg: 58 | total time: 33.54m | eta: 4.2m
step 03395/03814 (89.01%) | loss: 3.508670 | lrm: 0.21 | dt: 589.59ms | tok/sec: 91,181 | bf16_mfu: 0.00 | epoch: 1 pq: 3 rg: 58 | total time: 33.55m | eta: 4.2m
step 03396/03814 (89.04%) | loss: 3.527958 | lrm: 0.21 | dt: 588.30ms | tok/sec: 91,382 | bf16_mfu: 0.00 | epoch: 1 pq: 3 rg: 58 | total time: 33.56m | eta: 4.1m
step 03397/03814 (89.07%) | loss: 3.523739 | lrm: 0.21 | dt: 643.27ms | tok/sec: 83,572 | bf16_mfu: 0.00 | epoch: 1 pq: 3 rg: 59 | total time: 33.57m | eta: 4.1m
step 03398/03814 (89.09%) | loss: 3.513566 | lrm: 0.21 | dt: 591.91ms | tok/sec: 90,825 | bf16_mfu: 0.00 | epoch: 1 pq: 3 rg: 59 | total time: 33.58m | eta: 4.1m
step 03399/03814 (89.12%) | loss: 3.509643 | lrm: 0.21 | dt: 587.99ms | tok/sec: 91,430 | bf16_mfu: 0.00 | epoch: 1 pq: 3 rg: 59 | total time: 33.59m | eta: 4.1m
step 03400/03814 (89.15%) | loss: 3.519462 | lrm: 0.21 | dt: 588.01ms | tok/sec: 91,427 | bf16_mfu: 0.00 | epoch: 1 pq: 3 rg: 59 | total time: 33.60m | eta: 4.1m
step 03401/03814 (89.17%) | loss: 3.503720 | lrm: 0.21 | dt: 606.81ms | tok/sec: 88,594 | bf16_mfu: 0.00 | epoch: 1 pq: 3 rg: 59 | total time: 33.61m | eta: 4.1m
step 03402/03814 (89.20%) | loss: 3.488527 | lrm: 0.21 | dt: 596.33ms | tok/sec: 90,150 | bf16_mfu: 0.00 | epoch: 1 pq: 3 rg: 59 | total time: 33.62m | eta: 4.1m
step 03403/03814 (89.22%) | loss: 3.498369 | lrm: 0.21 | dt: 596.41ms | tok/sec: 90,139 | bf16_mfu: 0.00 | epoch: 1 pq: 3 rg: 59 | total time: 33.63m | eta: 4.1m
step 03404/03814 (89.25%) | loss: 3.485824 | lrm: 0.21 | dt: 595.56ms | tok/sec: 90,268 | bf16_mfu: 0.00 | epoch: 1 pq: 3 rg: 59 | total time: 33.64m | eta: 4.1m
step 03405/03814 (89.28%) | loss: 3.469967 | lrm: 0.21 | dt: 595.69ms | tok/sec: 90,248 | bf16_mfu: 0.00 | epoch: 1 pq: 3 rg: 59 | total time: 33.65m | eta: 4.1m
step 03406/03814 (89.30%) | loss: 3.471805 | lrm: 0.21 | dt: 593.65ms | tok/sec: 90,558 | bf16_mfu: 0.00 | epoch: 1 pq: 3 rg: 59 | total time: 33.66m | eta: 4.0m
step 03407/03814 (89.33%) | loss: 3.474171 | lrm: 0.21 | dt: 593.42ms | tok/sec: 90,593 | bf16_mfu: 0.00 | epoch: 1 pq: 3 rg: 59 | total time: 33.67m | eta: 4.0m
step 03408/03814 (89.36%) | loss: 3.455489 | lrm: 0.21 | dt: 597.87ms | tok/sec: 89,919 | bf16_mfu: 0.00 | epoch: 1 pq: 3 rg: 60 | total time: 33.68m | eta: 4.0m
step 03409/03814 (89.38%) | loss: 3.458819 | lrm: 0.21 | dt: 592.48ms | tok/sec: 90,737 | bf16_mfu: 0.00 | epoch: 1 pq: 3 rg: 60 | total time: 33.69m | eta: 4.0m
step 03410/03814 (89.41%) | loss: 3.477242 | lrm: 0.20 | dt: 610.19ms | tok/sec: 88,104 | bf16_mfu: 0.00 | epoch: 1 pq: 3 rg: 60 | total time: 33.70m | eta: 4.0m
step 03411/03814 (89.43%) | loss: 3.471012 | lrm: 0.20 | dt: 591.40ms | tok/sec: 90,902 | bf16_mfu: 0.00 | epoch: 1 pq: 3 rg: 60 | total time: 33.71m | eta: 4.0m
step 03412/03814 (89.46%) | loss: 3.463584 | lrm: 0.20 | dt: 602.52ms | tok/sec: 89,224 | bf16_mfu: 0.00 | epoch: 1 pq: 3 rg: 60 | total time: 33.72m | eta: 4.0m
step 03413/03814 (89.49%) | loss: 3.487555 | lrm: 0.20 | dt: 606.85ms | tok/sec: 88,588 | bf16_mfu: 0.00 | epoch: 1 pq: 3 rg: 60 | total time: 33.73m | eta: 4.0m
step 03414/03814 (89.51%) | loss: 3.508300 | lrm: 0.20 | dt: 602.41ms | tok/sec: 89,241 | bf16_mfu: 0.00 | epoch: 1 pq: 3 rg: 60 | total time: 33.74m | eta: 4.0m
step 03415/03814 (89.54%) | loss: 3.501461 | lrm: 0.20 | dt: 596.71ms | tok/sec: 90,093 | bf16_mfu: 0.00 | epoch: 1 pq: 3 rg: 60 | total time: 33.75m | eta: 4.0m
step 03416/03814 (89.56%) | loss: 3.493146 | lrm: 0.20 | dt: 597.34ms | tok/sec: 89,999 | bf16_mfu: 0.00 | epoch: 1 pq: 3 rg: 60 | total time: 33.76m | eta: 3.9m
step 03417/03814 (89.59%) | loss: 3.501160 | lrm: 0.20 | dt: 593.99ms | tok/sec: 90,506 | bf16_mfu: 0.00 | epoch: 1 pq: 3 rg: 60 | total time: 33.77m | eta: 3.9m
step 03418/03814 (89.62%) | loss: 3.488780 | lrm: 0.20 | dt: 600.90ms | tok/sec: 89,465 | bf16_mfu: 0.00 | epoch: 1 pq: 3 rg: 60 | total time: 33.78m | eta: 3.9m
step 03419/03814 (89.64%) | loss: 3.486464 | lrm: 0.20 | dt: 592.79ms | tok/sec: 90,689 | bf16_mfu: 0.00 | epoch: 1 pq: 3 rg: 61 | total time: 33.79m | eta: 3.9m
step 03420/03814 (89.67%) | loss: 3.495726 | lrm: 0.20 | dt: 600.46ms | tok/sec: 89,531 | bf16_mfu: 0.00 | epoch: 1 pq: 3 rg: 61 | total time: 33.80m | eta: 3.9m
step 03421/03814 (89.70%) | loss: 3.486557 | lrm: 0.20 | dt: 591.91ms | tok/sec: 90,824 | bf16_mfu: 0.00 | epoch: 1 pq: 3 rg: 61 | total time: 33.81m | eta: 3.9m
step 03422/03814 (89.72%) | loss: 3.486778 | lrm: 0.20 | dt: 592.67ms | tok/sec: 90,707 | bf16_mfu: 0.00 | epoch: 1 pq: 3 rg: 61 | total time: 33.82m | eta: 3.9m
step 03423/03814 (89.75%) | loss: 3.480058 | lrm: 0.20 | dt: 587.52ms | tok/sec: 91,503 | bf16_mfu: 0.00 | epoch: 1 pq: 3 rg: 61 | total time: 33.83m | eta: 3.9m
step 03424/03814 (89.77%) | loss: 3.485320 | lrm: 0.20 | dt: 599.01ms | tok/sec: 89,747 | bf16_mfu: 0.00 | epoch: 1 pq: 3 rg: 61 | total time: 33.84m | eta: 3.9m
step 03425/03814 (89.80%) | loss: 3.508526 | lrm: 0.20 | dt: 595.24ms | tok/sec: 90,316 | bf16_mfu: 0.00 | epoch: 1 pq: 3 rg: 61 | total time: 33.85m | eta: 3.9m
step 03426/03814 (89.83%) | loss: 3.509745 | lrm: 0.20 | dt: 597.67ms | tok/sec: 89,949 | bf16_mfu: 0.00 | epoch: 1 pq: 3 rg: 61 | total time: 33.86m | eta: 3.8m
step 03427/03814 (89.85%) | loss: 3.500071 | lrm: 0.20 | dt: 593.80ms | tok/sec: 90,536 | bf16_mfu: 0.00 | epoch: 1 pq: 3 rg: 61 | total time: 33.87m | eta: 3.8m
step 03428/03814 (89.88%) | loss: 3.503016 | lrm: 0.20 | dt: 600.52ms | tok/sec: 89,522 | bf16_mfu: 0.00 | epoch: 1 pq: 3 rg: 61 | total time: 33.88m | eta: 3.8m
step 03429/03814 (89.91%) | loss: 3.522771 | lrm: 0.20 | dt: 591.09ms | tok/sec: 90,949 | bf16_mfu: 0.00 | epoch: 1 pq: 3 rg: 61 | total time: 33.89m | eta: 3.8m
step 03430/03814 (89.93%) | loss: 3.512154 | lrm: 0.20 | dt: 679.36ms | tok/sec: 79,133 | bf16_mfu: 0.00 | epoch: 1 pq: 3 rg: 62 | total time: 33.90m | eta: 3.8m
step 03431/03814 (89.96%) | loss: 3.486531 | lrm: 0.20 | dt: 594.10ms | tok/sec: 90,490 | bf16_mfu: 0.00 | epoch: 1 pq: 3 rg: 62 | total time: 33.91m | eta: 3.8m
step 03432/03814 (89.98%) | loss: 3.473460 | lrm: 0.20 | dt: 616.22ms | tok/sec: 87,241 | bf16_mfu: 0.00 | epoch: 1 pq: 3 rg: 62 | total time: 33.92m | eta: 3.8m
step 03433/03814 (90.01%) | loss: 3.487162 | lrm: 0.20 | dt: 603.54ms | tok/sec: 89,074 | bf16_mfu: 0.00 | epoch: 1 pq: 3 rg: 62 | total time: 33.93m | eta: 3.8m
step 03434/03814 (90.04%) | loss: 3.485591 | lrm: 0.20 | dt: 592.10ms | tok/sec: 90,795 | bf16_mfu: 0.00 | epoch: 1 pq: 3 rg: 62 | total time: 33.94m | eta: 3.8m
step 03435/03814 (90.06%) | loss: 3.469928 | lrm: 0.20 | dt: 594.83ms | tok/sec: 90,379 | bf16_mfu: 0.00 | epoch: 1 pq: 3 rg: 62 | total time: 33.95m | eta: 3.8m
step 03436/03814 (90.09%) | loss: 3.474269 | lrm: 0.19 | dt: 594.40ms | tok/sec: 90,444 | bf16_mfu: 0.00 | epoch: 1 pq: 3 rg: 62 | total time: 33.96m | eta: 3.7m
step 03437/03814 (90.12%) | loss: 3.475630 | lrm: 0.19 | dt: 598.67ms | tok/sec: 89,799 | bf16_mfu: 0.00 | epoch: 1 pq: 3 rg: 62 | total time: 33.97m | eta: 3.7m
step 03438/03814 (90.14%) | loss: 3.476605 | lrm: 0.19 | dt: 593.74ms | tok/sec: 90,544 | bf16_mfu: 0.00 | epoch: 1 pq: 3 rg: 62 | total time: 33.98m | eta: 3.7m
step 03439/03814 (90.17%) | loss: 3.506232 | lrm: 0.19 | dt: 594.09ms | tok/sec: 90,490 | bf16_mfu: 0.00 | epoch: 1 pq: 3 rg: 62 | total time: 33.99m | eta: 3.7m
step 03440/03814 (90.19%) | loss: 3.512942 | lrm: 0.19 | dt: 591.07ms | tok/sec: 90,954 | bf16_mfu: 0.00 | epoch: 1 pq: 3 rg: 62 | total time: 34.00m | eta: 3.7m
step 03441/03814 (90.22%) | loss: 3.495082 | lrm: 0.19 | dt: 587.90ms | tok/sec: 91,444 | bf16_mfu: 0.00 | epoch: 1 pq: 3 rg: 62 | total time: 34.01m | eta: 3.7m
step 03442/03814 (90.25%) | loss: 3.497706 | lrm: 0.19 | dt: 597.49ms | tok/sec: 89,976 | bf16_mfu: 0.00 | epoch: 1 pq: 3 rg: 63 | total time: 34.02m | eta: 3.7m
step 03443/03814 (90.27%) | loss: 3.527708 | lrm: 0.19 | dt: 595.40ms | tok/sec: 90,292 | bf16_mfu: 0.00 | epoch: 1 pq: 3 rg: 63 | total time: 34.03m | eta: 3.7m
step 03444/03814 (90.30%) | loss: 3.501838 | lrm: 0.19 | dt: 587.33ms | tok/sec: 91,533 | bf16_mfu: 0.00 | epoch: 1 pq: 3 rg: 63 | total time: 34.04m | eta: 3.7m
step 03445/03814 (90.33%) | loss: 3.494081 | lrm: 0.19 | dt: 595.78ms | tok/sec: 90,234 | bf16_mfu: 0.00 | epoch: 1 pq: 3 rg: 63 | total time: 34.05m | eta: 3.7m
step 03446/03814 (90.35%) | loss: 3.507704 | lrm: 0.19 | dt: 587.67ms | tok/sec: 91,479 | bf16_mfu: 0.00 | epoch: 1 pq: 3 rg: 63 | total time: 34.06m | eta: 3.6m
step 03447/03814 (90.38%) | loss: 3.493274 | lrm: 0.19 | dt: 594.62ms | tok/sec: 90,411 | bf16_mfu: 0.00 | epoch: 1 pq: 3 rg: 63 | total time: 34.07m | eta: 3.6m
step 03448/03814 (90.40%) | loss: 3.477230 | lrm: 0.19 | dt: 594.93ms | tok/sec: 90,363 | bf16_mfu: 0.00 | epoch: 1 pq: 3 rg: 63 | total time: 34.08m | eta: 3.6m
step 03449/03814 (90.43%) | loss: 3.488474 | lrm: 0.19 | dt: 592.37ms | tok/sec: 90,753 | bf16_mfu: 0.00 | epoch: 1 pq: 3 rg: 63 | total time: 34.09m | eta: 3.6m
step 03450/03814 (90.46%) | loss: 3.509133 | lrm: 0.19 | dt: 629.13ms | tok/sec: 85,450 | bf16_mfu: 0.00 | epoch: 1 pq: 3 rg: 63 | total time: 34.10m | eta: 3.6m
step 03451/03814 (90.48%) | loss: 3.520573 | lrm: 0.19 | dt: 618.90ms | tok/sec: 86,863 | bf16_mfu: 0.00 | epoch: 1 pq: 3 rg: 63 | total time: 34.11m | eta: 3.6m
step 03452/03814 (90.51%) | loss: 3.518361 | lrm: 0.19 | dt: 588.01ms | tok/sec: 91,427 | bf16_mfu: 0.00 | epoch: 1 pq: 3 rg: 63 | total time: 34.12m | eta: 3.6m
step 03453/03814 (90.53%) | loss: 3.534657 | lrm: 0.19 | dt: 631.55ms | tok/sec: 85,123 | bf16_mfu: 0.00 | epoch: 1 pq: 3 rg: 64 | total time: 34.13m | eta: 3.6m
step 03454/03814 (90.56%) | loss: 3.547307 | lrm: 0.19 | dt: 607.68ms | tok/sec: 88,467 | bf16_mfu: 0.00 | epoch: 1 pq: 3 rg: 64 | total time: 34.14m | eta: 3.6m
step 03455/03814 (90.59%) | loss: 3.543279 | lrm: 0.19 | dt: 590.30ms | tok/sec: 91,072 | bf16_mfu: 0.00 | epoch: 1 pq: 3 rg: 64 | total time: 34.15m | eta: 3.6m
step 03456/03814 (90.61%) | loss: 3.543830 | lrm: 0.19 | dt: 590.00ms | tok/sec: 91,118 | bf16_mfu: 0.00 | epoch: 1 pq: 3 rg: 64 | total time: 34.16m | eta: 3.5m
step 03457/03814 (90.64%) | loss: 3.554621 | lrm: 0.19 | dt: 586.86ms | tok/sec: 91,605 | bf16_mfu: 0.00 | epoch: 1 pq: 3 rg: 64 | total time: 34.17m | eta: 3.5m
step 03458/03814 (90.67%) | loss: 3.546011 | lrm: 0.19 | dt: 592.03ms | tok/sec: 90,806 | bf16_mfu: 0.00 | epoch: 1 pq: 3 rg: 64 | total time: 34.18m | eta: 3.5m
step 03459/03814 (90.69%) | loss: 3.521660 | lrm: 0.19 | dt: 587.23ms | tok/sec: 91,548 | bf16_mfu: 0.00 | epoch: 1 pq: 3 rg: 64 | total time: 34.19m | eta: 3.5m
step 03460/03814 (90.72%) | loss: 3.519310 | lrm: 0.19 | dt: 595.50ms | tok/sec: 90,277 | bf16_mfu: 0.00 | epoch: 1 pq: 3 rg: 64 | total time: 34.20m | eta: 3.5m
step 03461/03814 (90.74%) | loss: 3.507658 | lrm: 0.19 | dt: 592.06ms | tok/sec: 90,801 | bf16_mfu: 0.00 | epoch: 1 pq: 3 rg: 64 | total time: 34.21m | eta: 3.5m
step 03462/03814 (90.77%) | loss: 3.498375 | lrm: 0.18 | dt: 586.40ms | tok/sec: 91,677 | bf16_mfu: 0.00 | epoch: 1 pq: 3 rg: 64 | total time: 34.22m | eta: 3.5m
step 03463/03814 (90.80%) | loss: 3.506123 | lrm: 0.18 | dt: 591.22ms | tok/sec: 90,930 | bf16_mfu: 0.00 | epoch: 1 pq: 3 rg: 64 | total time: 34.23m | eta: 3.5m
step 03464/03814 (90.82%) | loss: 3.501196 | lrm: 0.18 | dt: 595.72ms | tok/sec: 90,243 | bf16_mfu: 0.00 | epoch: 1 pq: 3 rg: 65 | total time: 34.24m | eta: 3.5m
step 03465/03814 (90.85%) | loss: 3.492940 | lrm: 0.18 | dt: 584.41ms | tok/sec: 91,989 | bf16_mfu: 0.00 | epoch: 1 pq: 3 rg: 65 | total time: 34.24m | eta: 3.5m
step 03466/03814 (90.88%) | loss: 3.477020 | lrm: 0.18 | dt: 579.86ms | tok/sec: 92,711 | bf16_mfu: 0.00 | epoch: 1 pq: 3 rg: 65 | total time: 34.25m | eta: 3.4m
step 03467/03814 (90.90%) | loss: 3.470923 | lrm: 0.18 | dt: 594.99ms | tok/sec: 90,355 | bf16_mfu: 0.00 | epoch: 1 pq: 3 rg: 65 | total time: 34.26m | eta: 3.4m
step 03468/03814 (90.93%) | loss: 3.461402 | lrm: 0.18 | dt: 587.65ms | tok/sec: 91,483 | bf16_mfu: 0.00 | epoch: 1 pq: 3 rg: 65 | total time: 34.27m | eta: 3.4m
step 03469/03814 (90.95%) | loss: 3.457270 | lrm: 0.18 | dt: 581.51ms | tok/sec: 92,448 | bf16_mfu: 0.00 | epoch: 1 pq: 3 rg: 65 | total time: 34.28m | eta: 3.4m
step 03470/03814 (90.98%) | loss: 3.467365 | lrm: 0.18 | dt: 620.13ms | tok/sec: 86,690 | bf16_mfu: 0.00 | epoch: 1 pq: 3 rg: 65 | total time: 34.29m | eta: 3.4m
step 03471/03814 (91.01%) | loss: 3.468347 | lrm: 0.18 | dt: 588.80ms | tok/sec: 91,304 | bf16_mfu: 0.00 | epoch: 1 pq: 3 rg: 65 | total time: 34.30m | eta: 3.4m
step 03472/03814 (91.03%) | loss: 3.452881 | lrm: 0.18 | dt: 587.58ms | tok/sec: 91,494 | bf16_mfu: 0.00 | epoch: 1 pq: 3 rg: 65 | total time: 34.31m | eta: 3.4m
step 03473/03814 (91.06%) | loss: 3.459269 | lrm: 0.18 | dt: 597.93ms | tok/sec: 89,909 | bf16_mfu: 0.00 | epoch: 1 pq: 3 rg: 65 | total time: 34.32m | eta: 3.4m
step 03474/03814 (91.09%) | loss: 3.468862 | lrm: 0.18 | dt: 592.90ms | tok/sec: 90,672 | bf16_mfu: 0.00 | epoch: 1 pq: 3 rg: 65 | total time: 34.33m | eta: 3.4m
step 03475/03814 (91.11%) | loss: 3.462596 | lrm: 0.18 | dt: 586.75ms | tok/sec: 91,623 | bf16_mfu: 0.00 | epoch: 1 pq: 3 rg: 66 | total time: 34.34m | eta: 3.4m
step 03476/03814 (91.14%) | loss: 3.463466 | lrm: 0.18 | dt: 588.52ms | tok/sec: 91,347 | bf16_mfu: 0.00 | epoch: 1 pq: 3 rg: 66 | total time: 34.35m | eta: 3.4m
step 03477/03814 (91.16%) | loss: 3.480390 | lrm: 0.18 | dt: 587.71ms | tok/sec: 91,473 | bf16_mfu: 0.00 | epoch: 1 pq: 3 rg: 66 | total time: 34.36m | eta: 3.3m
step 03478/03814 (91.19%) | loss: 3.494577 | lrm: 0.18 | dt: 585.80ms | tok/sec: 91,772 | bf16_mfu: 0.00 | epoch: 1 pq: 3 rg: 66 | total time: 34.37m | eta: 3.3m
step 03479/03814 (91.22%) | loss: 3.498077 | lrm: 0.18 | dt: 590.25ms | tok/sec: 91,080 | bf16_mfu: 0.00 | epoch: 1 pq: 3 rg: 66 | total time: 34.38m | eta: 3.3m
step 03480/03814 (91.24%) | loss: 3.486475 | lrm: 0.18 | dt: 593.71ms | tok/sec: 90,549 | bf16_mfu: 0.00 | epoch: 1 pq: 3 rg: 66 | total time: 34.39m | eta: 3.3m
step 03481/03814 (91.27%) | loss: 3.497140 | lrm: 0.18 | dt: 591.14ms | tok/sec: 90,943 | bf16_mfu: 0.00 | epoch: 1 pq: 3 rg: 66 | total time: 34.40m | eta: 3.3m
step 03482/03814 (91.30%) | loss: 3.495195 | lrm: 0.18 | dt: 592.79ms | tok/sec: 90,690 | bf16_mfu: 0.00 | epoch: 1 pq: 3 rg: 66 | total time: 34.41m | eta: 3.3m
step 03483/03814 (91.32%) | loss: 3.485384 | lrm: 0.18 | dt: 590.56ms | tok/sec: 91,031 | bf16_mfu: 0.00 | epoch: 1 pq: 3 rg: 66 | total time: 34.42m | eta: 3.3m
step 03484/03814 (91.35%) | loss: 3.494650 | lrm: 0.18 | dt: 591.32ms | tok/sec: 90,914 | bf16_mfu: 0.00 | epoch: 1 pq: 3 rg: 66 | total time: 34.43m | eta: 3.3m
step 03485/03814 (91.37%) | loss: 3.498203 | lrm: 0.18 | dt: 586.07ms | tok/sec: 91,729 | bf16_mfu: 0.00 | epoch: 1 pq: 3 rg: 66 | total time: 34.44m | eta: 3.3m
step 03486/03814 (91.40%) | loss: 3.494402 | lrm: 0.18 | dt: 593.92ms | tok/sec: 90,516 | bf16_mfu: 0.00 | epoch: 1 pq: 3 rg: 66 | total time: 34.45m | eta: 3.3m
step 03487/03814 (91.43%) | loss: 3.489146 | lrm: 0.18 | dt: 582.40ms | tok/sec: 92,308 | bf16_mfu: 0.00 | epoch: 1 pq: 3 rg: 67 | total time: 34.46m | eta: 3.2m
step 03488/03814 (91.45%) | loss: 3.475650 | lrm: 0.17 | dt: 586.24ms | tok/sec: 91,703 | bf16_mfu: 0.00 | epoch: 1 pq: 3 rg: 67 | total time: 34.47m | eta: 3.2m
step 03489/03814 (91.48%) | loss: 3.481970 | lrm: 0.17 | dt: 587.61ms | tok/sec: 91,489 | bf16_mfu: 0.00 | epoch: 1 pq: 3 rg: 67 | total time: 34.48m | eta: 3.2m
step 03490/03814 (91.50%) | loss: 3.480004 | lrm: 0.17 | dt: 588.19ms | tok/sec: 91,399 | bf16_mfu: 0.00 | epoch: 1 pq: 3 rg: 67 | total time: 34.49m | eta: 3.2m
step 03491/03814 (91.53%) | loss: 3.470307 | lrm: 0.17 | dt: 584.87ms | tok/sec: 91,917 | bf16_mfu: 0.00 | epoch: 1 pq: 3 rg: 67 | total time: 34.50m | eta: 3.2m
step 03492/03814 (91.56%) | loss: 3.490872 | lrm: 0.17 | dt: 591.59ms | tok/sec: 90,873 | bf16_mfu: 0.00 | epoch: 1 pq: 3 rg: 67 | total time: 34.51m | eta: 3.2m
step 03493/03814 (91.58%) | loss: 3.490590 | lrm: 0.17 | dt: 585.62ms | tok/sec: 91,800 | bf16_mfu: 0.00 | epoch: 1 pq: 3 rg: 67 | total time: 34.52m | eta: 3.2m
step 03494/03814 (91.61%) | loss: 3.473861 | lrm: 0.17 | dt: 589.42ms | tok/sec: 91,207 | bf16_mfu: 0.00 | epoch: 1 pq: 3 rg: 67 | total time: 34.53m | eta: 3.2m
step 03495/03814 (91.64%) | loss: 3.462628 | lrm: 0.17 | dt: 602.21ms | tok/sec: 89,271 | bf16_mfu: 0.00 | epoch: 1 pq: 3 rg: 67 | total time: 34.54m | eta: 3.2m
step 03496/03814 (91.66%) | loss: 3.473941 | lrm: 0.17 | dt: 586.81ms | tok/sec: 91,614 | bf16_mfu: 0.00 | epoch: 1 pq: 3 rg: 67 | total time: 34.55m | eta: 3.2m
step 03497/03814 (91.69%) | loss: 3.464387 | lrm: 0.17 | dt: 588.16ms | tok/sec: 91,403 | bf16_mfu: 0.00 | epoch: 1 pq: 3 rg: 67 | total time: 34.56m | eta: 3.1m
step 03498/03814 (91.71%) | loss: 3.456265 | lrm: 0.17 | dt: 648.14ms | tok/sec: 82,944 | bf16_mfu: 0.00 | epoch: 1 pq: 3 rg: 68 | total time: 34.57m | eta: 3.1m
step 03499/03814 (91.74%) | loss: 3.461776 | lrm: 0.17 | dt: 587.49ms | tok/sec: 91,508 | bf16_mfu: 0.00 | epoch: 1 pq: 3 rg: 68 | total time: 34.58m | eta: 3.1m
Step 03500 | Validation bpb: 0.665381
step 03500/03814 (91.77%) | loss: 3.447532 | lrm: 0.17 | dt: 586.96ms | tok/sec: 91,591 | bf16_mfu: 0.00 | epoch: 1 pq: 3 rg: 68 | total time: 34.59m | eta: 3.1m
step 03501/03814 (91.79%) | loss: 3.446926 | lrm: 0.17 | dt: 569.67ms | tok/sec: 94,370 | bf16_mfu: 0.00 | epoch: 1 pq: 3 rg: 68 | total time: 34.60m | eta: 3.1m
step 03502/03814 (91.82%) | loss: 3.443551 | lrm: 0.17 | dt: 663.86ms | tok/sec: 80,980 | bf16_mfu: 0.00 | epoch: 1 pq: 3 rg: 68 | total time: 34.61m | eta: 3.1m
step 03503/03814 (91.85%) | loss: 3.442276 | lrm: 0.17 | dt: 569.90ms | tok/sec: 94,332 | bf16_mfu: 0.00 | epoch: 1 pq: 3 rg: 68 | total time: 34.62m | eta: 3.1m
step 03504/03814 (91.87%) | loss: 3.446821 | lrm: 0.17 | dt: 564.90ms | tok/sec: 95,167 | bf16_mfu: 0.00 | epoch: 1 pq: 3 rg: 68 | total time: 34.63m | eta: 3.1m
step 03505/03814 (91.90%) | loss: 3.436482 | lrm: 0.17 | dt: 608.24ms | tok/sec: 88,386 | bf16_mfu: 0.00 | epoch: 1 pq: 3 rg: 68 | total time: 34.64m | eta: 3.1m
step 03506/03814 (91.92%) | loss: 3.446646 | lrm: 0.17 | dt: 567.54ms | tok/sec: 94,725 | bf16_mfu: 0.00 | epoch: 1 pq: 3 rg: 68 | total time: 34.65m | eta: 3.1m
step 03507/03814 (91.95%) | loss: 3.440802 | lrm: 0.17 | dt: 571.94ms | tok/sec: 93,996 | bf16_mfu: 0.00 | epoch: 1 pq: 3 rg: 68 | total time: 34.66m | eta: 3.0m
step 03508/03814 (91.98%) | loss: 3.443621 | lrm: 0.17 | dt: 580.39ms | tok/sec: 92,627 | bf16_mfu: 0.00 | epoch: 1 pq: 3 rg: 68 | total time: 34.67m | eta: 3.0m
step 03509/03814 (92.00%) | loss: 3.466805 | lrm: 0.17 | dt: 809.50ms | tok/sec: 66,411 | bf16_mfu: 0.00 | epoch: 1 pq: 3 rg: 69 | total time: 34.68m | eta: 3.0m
step 03510/03814 (92.03%) | loss: 3.469067 | lrm: 0.17 | dt: 572.07ms | tok/sec: 93,974 | bf16_mfu: 0.00 | epoch: 1 pq: 3 rg: 69 | total time: 34.69m | eta: 3.0m
step 03511/03814 (92.06%) | loss: 3.468053 | lrm: 0.17 | dt: 581.65ms | tok/sec: 92,427 | bf16_mfu: 0.00 | epoch: 1 pq: 3 rg: 69 | total time: 34.70m | eta: 3.0m
step 03512/03814 (92.08%) | loss: 3.465077 | lrm: 0.17 | dt: 568.70ms | tok/sec: 94,531 | bf16_mfu: 0.00 | epoch: 1 pq: 3 rg: 69 | total time: 34.71m | eta: 3.0m
step 03513/03814 (92.11%) | loss: 3.464940 | lrm: 0.17 | dt: 576.54ms | tok/sec: 93,245 | bf16_mfu: 0.00 | epoch: 1 pq: 3 rg: 69 | total time: 34.72m | eta: 3.0m
step 03514/03814 (92.13%) | loss: 3.470057 | lrm: 0.16 | dt: 575.40ms | tok/sec: 93,430 | bf16_mfu: 0.00 | epoch: 1 pq: 3 rg: 69 | total time: 34.73m | eta: 3.0m
step 03515/03814 (92.16%) | loss: 3.468953 | lrm: 0.16 | dt: 572.08ms | tok/sec: 93,972 | bf16_mfu: 0.00 | epoch: 1 pq: 3 rg: 69 | total time: 34.74m | eta: 3.0m
step 03516/03814 (92.19%) | loss: 3.496091 | lrm: 0.16 | dt: 683.11ms | tok/sec: 78,699 | bf16_mfu: 0.00 | epoch: 1 pq: 3 rg: 69 | total time: 34.75m | eta: 3.0m
step 03517/03814 (92.21%) | loss: 3.486959 | lrm: 0.16 | dt: 571.73ms | tok/sec: 94,030 | bf16_mfu: 0.00 | epoch: 1 pq: 3 rg: 69 | total time: 34.76m | eta: 2.9m
step 03518/03814 (92.24%) | loss: 3.477303 | lrm: 0.16 | dt: 581.06ms | tok/sec: 92,520 | bf16_mfu: 0.00 | epoch: 1 pq: 3 rg: 69 | total time: 34.77m | eta: 2.9m
step 03519/03814 (92.27%) | loss: 3.464847 | lrm: 0.16 | dt: 568.47ms | tok/sec: 94,569 | bf16_mfu: 0.00 | epoch: 1 pq: 3 rg: 69 | total time: 34.78m | eta: 2.9m
step 03520/03814 (92.29%) | loss: 3.457980 | lrm: 0.16 | dt: 598.91ms | tok/sec: 89,762 | bf16_mfu: 0.00 | epoch: 1 pq: 3 rg: 70 | total time: 34.79m | eta: 2.9m
step 03521/03814 (92.32%) | loss: 3.456049 | lrm: 0.16 | dt: 574.66ms | tok/sec: 93,551 | bf16_mfu: 0.00 | epoch: 1 pq: 3 rg: 70 | total time: 34.80m | eta: 2.9m
step 03522/03814 (92.34%) | loss: 3.442799 | lrm: 0.16 | dt: 581.12ms | tok/sec: 92,510 | bf16_mfu: 0.00 | epoch: 1 pq: 3 rg: 70 | total time: 34.81m | eta: 2.9m
step 03523/03814 (92.37%) | loss: 3.449567 | lrm: 0.16 | dt: 571.96ms | tok/sec: 93,992 | bf16_mfu: 0.00 | epoch: 1 pq: 3 rg: 70 | total time: 34.82m | eta: 2.9m
step 03524/03814 (92.40%) | loss: 3.462863 | lrm: 0.16 | dt: 577.45ms | tok/sec: 93,099 | bf16_mfu: 0.00 | epoch: 1 pq: 3 rg: 70 | total time: 34.83m | eta: 2.9m
step 03525/03814 (92.42%) | loss: 3.449369 | lrm: 0.16 | dt: 575.24ms | tok/sec: 93,456 | bf16_mfu: 0.00 | epoch: 1 pq: 3 rg: 70 | total time: 34.84m | eta: 2.9m
step 03526/03814 (92.45%) | loss: 3.459566 | lrm: 0.16 | dt: 577.87ms | tok/sec: 93,031 | bf16_mfu: 0.00 | epoch: 1 pq: 3 rg: 70 | total time: 34.85m | eta: 2.9m
step 03527/03814 (92.48%) | loss: 3.454705 | lrm: 0.16 | dt: 576.56ms | tok/sec: 93,243 | bf16_mfu: 0.00 | epoch: 1 pq: 3 rg: 70 | total time: 34.86m | eta: 2.8m
step 03528/03814 (92.50%) | loss: 3.451271 | lrm: 0.16 | dt: 915.49ms | tok/sec: 58,722 | bf16_mfu: 0.00 | epoch: 1 pq: 3 rg: 70 | total time: 34.87m | eta: 2.8m
step 03529/03814 (92.53%) | loss: 3.449866 | lrm: 0.16 | dt: 579.82ms | tok/sec: 92,719 | bf16_mfu: 0.00 | epoch: 1 pq: 3 rg: 70 | total time: 34.88m | eta: 2.8m
step 03530/03814 (92.55%) | loss: 3.468527 | lrm: 0.16 | dt: 573.73ms | tok/sec: 93,702 | bf16_mfu: 0.00 | epoch: 1 pq: 3 rg: 70 | total time: 34.89m | eta: 2.8m
step 03531/03814 (92.58%) | loss: 3.458348 | lrm: 0.16 | dt: 588.63ms | tok/sec: 91,331 | bf16_mfu: 0.00 | epoch: 1 pq: 3 rg: 71 | total time: 34.90m | eta: 2.8m
step 03532/03814 (92.61%) | loss: 3.448868 | lrm: 0.16 | dt: 576.09ms | tok/sec: 93,318 | bf16_mfu: 0.00 | epoch: 1 pq: 3 rg: 71 | total time: 34.91m | eta: 2.8m
step 03533/03814 (92.63%) | loss: 3.427612 | lrm: 0.16 | dt: 568.36ms | tok/sec: 94,588 | bf16_mfu: 0.00 | epoch: 1 pq: 3 rg: 71 | total time: 34.92m | eta: 2.8m
step 03534/03814 (92.66%) | loss: 3.431812 | lrm: 0.16 | dt: 646.40ms | tok/sec: 83,167 | bf16_mfu: 0.00 | epoch: 1 pq: 3 rg: 71 | total time: 34.93m | eta: 2.8m
step 03535/03814 (92.68%) | loss: 3.406652 | lrm: 0.16 | dt: 572.98ms | tok/sec: 93,824 | bf16_mfu: 0.00 | epoch: 1 pq: 3 rg: 71 | total time: 34.94m | eta: 2.8m
step 03536/03814 (92.71%) | loss: 3.409180 | lrm: 0.16 | dt: 580.05ms | tok/sec: 92,681 | bf16_mfu: 0.00 | epoch: 1 pq: 3 rg: 71 | total time: 34.95m | eta: 2.8m
step 03537/03814 (92.74%) | loss: 3.409173 | lrm: 0.16 | dt: 607.34ms | tok/sec: 88,517 | bf16_mfu: 0.00 | epoch: 1 pq: 3 rg: 71 | total time: 34.96m | eta: 2.7m
step 03538/03814 (92.76%) | loss: 3.429088 | lrm: 0.16 | dt: 569.43ms | tok/sec: 94,409 | bf16_mfu: 0.00 | epoch: 1 pq: 3 rg: 71 | total time: 34.97m | eta: 2.7m
step 03539/03814 (92.79%) | loss: 3.437107 | lrm: 0.16 | dt: 577.60ms | tok/sec: 93,075 | bf16_mfu: 0.00 | epoch: 1 pq: 3 rg: 71 | total time: 34.98m | eta: 2.7m
step 03540/03814 (92.82%) | loss: 3.437449 | lrm: 0.16 | dt: 572.86ms | tok/sec: 93,845 | bf16_mfu: 0.00 | epoch: 1 pq: 3 rg: 71 | total time: 34.99m | eta: 2.7m
step 03541/03814 (92.84%) | loss: 3.438130 | lrm: 0.15 | dt: 568.95ms | tok/sec: 94,490 | bf16_mfu: 0.00 | epoch: 1 pq: 3 rg: 71 | total time: 35.00m | eta: 2.7m
step 03542/03814 (92.87%) | loss: 3.446136 | lrm: 0.15 | dt: 584.68ms | tok/sec: 91,948 | bf16_mfu: 0.00 | epoch: 1 pq: 3 rg: 72 | total time: 35.01m | eta: 2.7m
step 03543/03814 (92.89%) | loss: 3.444576 | lrm: 0.15 | dt: 569.24ms | tok/sec: 94,441 | bf16_mfu: 0.00 | epoch: 1 pq: 3 rg: 72 | total time: 35.02m | eta: 2.7m
step 03544/03814 (92.92%) | loss: 3.451145 | lrm: 0.15 | dt: 581.92ms | tok/sec: 92,383 | bf16_mfu: 0.00 | epoch: 1 pq: 3 rg: 72 | total time: 35.03m | eta: 2.7m
step 03545/03814 (92.95%) | loss: 3.468219 | lrm: 0.15 | dt: 575.38ms | tok/sec: 93,433 | bf16_mfu: 0.00 | epoch: 1 pq: 3 rg: 72 | total time: 35.04m | eta: 2.7m
step 03546/03814 (92.97%) | loss: 3.463053 | lrm: 0.15 | dt: 580.87ms | tok/sec: 92,550 | bf16_mfu: 0.00 | epoch: 1 pq: 3 rg: 72 | total time: 35.05m | eta: 2.7m
step 03547/03814 (93.00%) | loss: 3.447978 | lrm: 0.15 | dt: 574.83ms | tok/sec: 93,522 | bf16_mfu: 0.00 | epoch: 1 pq: 3 rg: 72 | total time: 35.06m | eta: 2.6m
step 03548/03814 (93.03%) | loss: 3.449209 | lrm: 0.15 | dt: 576.35ms | tok/sec: 93,276 | bf16_mfu: 0.00 | epoch: 1 pq: 3 rg: 72 | total time: 35.07m | eta: 2.6m
step 03549/03814 (93.05%) | loss: 3.449611 | lrm: 0.15 | dt: 602.32ms | tok/sec: 89,254 | bf16_mfu: 0.00 | epoch: 1 pq: 3 rg: 72 | total time: 35.08m | eta: 2.6m
step 03550/03814 (93.08%) | loss: 3.449699 | lrm: 0.15 | dt: 572.79ms | tok/sec: 93,856 | bf16_mfu: 0.00 | epoch: 1 pq: 3 rg: 72 | total time: 35.09m | eta: 2.6m
step 03551/03814 (93.10%) | loss: 3.454844 | lrm: 0.15 | dt: 571.65ms | tok/sec: 94,044 | bf16_mfu: 0.00 | epoch: 1 pq: 3 rg: 72 | total time: 35.09m | eta: 2.6m
step 03552/03814 (93.13%) | loss: 3.461836 | lrm: 0.15 | dt: 582.73ms | tok/sec: 92,256 | bf16_mfu: 0.00 | epoch: 1 pq: 3 rg: 72 | total time: 35.10m | eta: 2.6m
step 03553/03814 (93.16%) | loss: 3.460036 | lrm: 0.15 | dt: 585.65ms | tok/sec: 91,794 | bf16_mfu: 0.00 | epoch: 1 pq: 3 rg: 72 | total time: 35.11m | eta: 2.6m
step 03554/03814 (93.18%) | loss: 3.448620 | lrm: 0.15 | dt: 577.32ms | tok/sec: 93,120 | bf16_mfu: 0.00 | epoch: 1 pq: 3 rg: 73 | total time: 35.12m | eta: 2.6m
step 03555/03814 (93.21%) | loss: 3.433504 | lrm: 0.15 | dt: 576.82ms | tok/sec: 93,200 | bf16_mfu: 0.00 | epoch: 1 pq: 3 rg: 73 | total time: 35.13m | eta: 2.6m
step 03556/03814 (93.24%) | loss: 3.438712 | lrm: 0.15 | dt: 582.33ms | tok/sec: 92,318 | bf16_mfu: 0.00 | epoch: 1 pq: 3 rg: 73 | total time: 35.14m | eta: 2.6m
step 03557/03814 (93.26%) | loss: 3.423238 | lrm: 0.15 | dt: 572.20ms | tok/sec: 93,953 | bf16_mfu: 0.00 | epoch: 1 pq: 3 rg: 73 | total time: 35.15m | eta: 2.5m
step 03558/03814 (93.29%) | loss: 3.446022 | lrm: 0.15 | dt: 582.00ms | tok/sec: 92,371 | bf16_mfu: 0.00 | epoch: 1 pq: 3 rg: 73 | total time: 35.16m | eta: 2.5m
step 03559/03814 (93.31%) | loss: 3.464238 | lrm: 0.15 | dt: 571.06ms | tok/sec: 94,141 | bf16_mfu: 0.00 | epoch: 1 pq: 3 rg: 73 | total time: 35.17m | eta: 2.5m
step 03560/03814 (93.34%) | loss: 3.469218 | lrm: 0.15 | dt: 572.18ms | tok/sec: 93,955 | bf16_mfu: 0.00 | epoch: 1 pq: 3 rg: 73 | total time: 35.18m | eta: 2.5m
step 03561/03814 (93.37%) | loss: 3.454661 | lrm: 0.15 | dt: 581.51ms | tok/sec: 92,449 | bf16_mfu: 0.00 | epoch: 1 pq: 3 rg: 73 | total time: 35.19m | eta: 2.5m
step 03562/03814 (93.39%) | loss: 3.445976 | lrm: 0.15 | dt: 574.55ms | tok/sec: 93,569 | bf16_mfu: 0.00 | epoch: 1 pq: 3 rg: 73 | total time: 35.20m | eta: 2.5m
step 03563/03814 (93.42%) | loss: 3.450856 | lrm: 0.15 | dt: 580.04ms | tok/sec: 92,683 | bf16_mfu: 0.00 | epoch: 1 pq: 3 rg: 73 | total time: 35.21m | eta: 2.5m
step 03564/03814 (93.45%) | loss: 3.441309 | lrm: 0.15 | dt: 586.49ms | tok/sec: 91,664 | bf16_mfu: 0.00 | epoch: 1 pq: 3 rg: 74 | total time: 35.22m | eta: 2.5m
step 03565/03814 (93.47%) | loss: 3.433902 | lrm: 0.15 | dt: 571.93ms | tok/sec: 93,997 | bf16_mfu: 0.00 | epoch: 1 pq: 3 rg: 74 | total time: 35.23m | eta: 2.5m
step 03566/03814 (93.50%) | loss: 3.424146 | lrm: 0.15 | dt: 603.23ms | tok/sec: 89,120 | bf16_mfu: 0.00 | epoch: 1 pq: 3 rg: 74 | total time: 35.24m | eta: 2.5m
step 03567/03814 (93.52%) | loss: 3.441555 | lrm: 0.14 | dt: 584.15ms | tok/sec: 92,031 | bf16_mfu: 0.00 | epoch: 1 pq: 3 rg: 74 | total time: 35.25m | eta: 2.4m
step 03568/03814 (93.55%) | loss: 3.439247 | lrm: 0.14 | dt: 575.99ms | tok/sec: 93,334 | bf16_mfu: 0.00 | epoch: 1 pq: 3 rg: 74 | total time: 35.26m | eta: 2.4m
step 03569/03814 (93.58%) | loss: 3.438894 | lrm: 0.14 | dt: 757.95ms | tok/sec: 70,928 | bf16_mfu: 0.00 | epoch: 1 pq: 3 rg: 74 | total time: 35.27m | eta: 2.4m
step 03570/03814 (93.60%) | loss: 3.457259 | lrm: 0.14 | dt: 571.15ms | tok/sec: 94,125 | bf16_mfu: 0.00 | epoch: 1 pq: 3 rg: 74 | total time: 35.28m | eta: 2.4m
step 03571/03814 (93.63%) | loss: 3.458984 | lrm: 0.14 | dt: 572.99ms | tok/sec: 93,824 | bf16_mfu: 0.00 | epoch: 1 pq: 3 rg: 74 | total time: 35.29m | eta: 2.4m
step 03572/03814 (93.65%) | loss: 3.446388 | lrm: 0.14 | dt: 596.63ms | tok/sec: 90,105 | bf16_mfu: 0.00 | epoch: 1 pq: 3 rg: 74 | total time: 35.30m | eta: 2.4m
step 03573/03814 (93.68%) | loss: 3.463165 | lrm: 0.14 | dt: 613.55ms | tok/sec: 87,620 | bf16_mfu: 0.00 | epoch: 1 pq: 3 rg: 74 | total time: 35.31m | eta: 2.4m
step 03574/03814 (93.71%) | loss: 3.463903 | lrm: 0.14 | dt: 583.54ms | tok/sec: 92,127 | bf16_mfu: 0.00 | epoch: 1 pq: 3 rg: 74 | total time: 35.32m | eta: 2.4m
step 03575/03814 (93.73%) | loss: 3.453493 | lrm: 0.14 | dt: 573.58ms | tok/sec: 93,726 | bf16_mfu: 0.00 | epoch: 1 pq: 3 rg: 74 | total time: 35.33m | eta: 2.4m
step 03576/03814 (93.76%) | loss: 3.448099 | lrm: 0.14 | dt: 584.98ms | tok/sec: 91,900 | bf16_mfu: 0.00 | epoch: 1 pq: 3 rg: 75 | total time: 35.34m | eta: 2.4m
step 03577/03814 (93.79%) | loss: 3.484909 | lrm: 0.14 | dt: 584.85ms | tok/sec: 91,920 | bf16_mfu: 0.00 | epoch: 1 pq: 3 rg: 75 | total time: 35.35m | eta: 2.3m
step 03578/03814 (93.81%) | loss: 3.496885 | lrm: 0.14 | dt: 579.49ms | tok/sec: 92,770 | bf16_mfu: 0.00 | epoch: 1 pq: 3 rg: 75 | total time: 35.36m | eta: 2.3m
step 03579/03814 (93.84%) | loss: 3.493169 | lrm: 0.14 | dt: 577.46ms | tok/sec: 93,097 | bf16_mfu: 0.00 | epoch: 1 pq: 3 rg: 75 | total time: 35.37m | eta: 2.3m
step 03580/03814 (93.86%) | loss: 3.517873 | lrm: 0.14 | dt: 586.34ms | tok/sec: 91,686 | bf16_mfu: 0.00 | epoch: 1 pq: 3 rg: 75 | total time: 35.38m | eta: 2.3m
step 03581/03814 (93.89%) | loss: 3.506291 | lrm: 0.14 | dt: 579.62ms | tok/sec: 92,750 | bf16_mfu: 0.00 | epoch: 1 pq: 3 rg: 75 | total time: 35.39m | eta: 2.3m
step 03582/03814 (93.92%) | loss: 3.503557 | lrm: 0.14 | dt: 577.61ms | tok/sec: 93,072 | bf16_mfu: 0.00 | epoch: 1 pq: 3 rg: 75 | total time: 35.40m | eta: 2.3m
step 03583/03814 (93.94%) | loss: 3.503191 | lrm: 0.14 | dt: 588.45ms | tok/sec: 91,358 | bf16_mfu: 0.00 | epoch: 1 pq: 3 rg: 75 | total time: 35.41m | eta: 2.3m
step 03584/03814 (93.97%) | loss: 3.500610 | lrm: 0.14 | dt: 585.16ms | tok/sec: 91,872 | bf16_mfu: 0.00 | epoch: 1 pq: 3 rg: 75 | total time: 35.42m | eta: 2.3m
step 03585/03814 (94.00%) | loss: 3.501379 | lrm: 0.14 | dt: 575.85ms | tok/sec: 93,357 | bf16_mfu: 0.00 | epoch: 1 pq: 3 rg: 75 | total time: 35.43m | eta: 2.3m
step 03586/03814 (94.02%) | loss: 3.505905 | lrm: 0.14 | dt: 584.76ms | tok/sec: 91,934 | bf16_mfu: 0.00 | epoch: 1 pq: 3 rg: 75 | total time: 35.44m | eta: 2.3m
step 03587/03814 (94.05%) | loss: 3.508302 | lrm: 0.14 | dt: 586.14ms | tok/sec: 91,718 | bf16_mfu: 0.00 | epoch: 1 pq: 3 rg: 76 | total time: 35.45m | eta: 2.2m
step 03588/03814 (94.07%) | loss: 3.507309 | lrm: 0.14 | dt: 605.73ms | tok/sec: 88,752 | bf16_mfu: 0.00 | epoch: 1 pq: 3 rg: 76 | total time: 35.46m | eta: 2.2m
step 03589/03814 (94.10%) | loss: 3.521446 | lrm: 0.14 | dt: 586.49ms | tok/sec: 91,663 | bf16_mfu: 0.00 | epoch: 1 pq: 3 rg: 76 | total time: 35.47m | eta: 2.2m
step 03590/03814 (94.13%) | loss: 3.491414 | lrm: 0.14 | dt: 573.86ms | tok/sec: 93,681 | bf16_mfu: 0.00 | epoch: 1 pq: 3 rg: 76 | total time: 35.48m | eta: 2.2m
step 03591/03814 (94.15%) | loss: 3.481567 | lrm: 0.14 | dt: 586.05ms | tok/sec: 91,733 | bf16_mfu: 0.00 | epoch: 1 pq: 3 rg: 76 | total time: 35.49m | eta: 2.2m
step 03592/03814 (94.18%) | loss: 3.483266 | lrm: 0.14 | dt: 589.31ms | tok/sec: 91,224 | bf16_mfu: 0.00 | epoch: 1 pq: 3 rg: 76 | total time: 35.50m | eta: 2.2m
step 03593/03814 (94.21%) | loss: 3.474642 | lrm: 0.13 | dt: 584.35ms | tok/sec: 92,000 | bf16_mfu: 0.00 | epoch: 1 pq: 3 rg: 76 | total time: 35.51m | eta: 2.2m
step 03594/03814 (94.23%) | loss: 3.478540 | lrm: 0.13 | dt: 612.23ms | tok/sec: 87,810 | bf16_mfu: 0.00 | epoch: 1 pq: 3 rg: 76 | total time: 35.52m | eta: 2.2m
step 03595/03814 (94.26%) | loss: 3.483176 | lrm: 0.13 | dt: 584.96ms | tok/sec: 91,903 | bf16_mfu: 0.00 | epoch: 1 pq: 3 rg: 76 | total time: 35.53m | eta: 2.2m
step 03596/03814 (94.28%) | loss: 3.478449 | lrm: 0.13 | dt: 572.16ms | tok/sec: 93,959 | bf16_mfu: 0.00 | epoch: 1 pq: 3 rg: 76 | total time: 35.53m | eta: 2.2m
step 03597/03814 (94.31%) | loss: 3.477720 | lrm: 0.13 | dt: 586.79ms | tok/sec: 91,617 | bf16_mfu: 0.00 | epoch: 1 pq: 3 rg: 76 | total time: 35.54m | eta: 2.2m
step 03598/03814 (94.34%) | loss: 3.464633 | lrm: 0.13 | dt: 585.89ms | tok/sec: 91,757 | bf16_mfu: 0.00 | epoch: 1 pq: 3 rg: 77 | total time: 35.55m | eta: 2.1m
step 03599/03814 (94.36%) | loss: 3.457778 | lrm: 0.13 | dt: 577.03ms | tok/sec: 93,166 | bf16_mfu: 0.00 | epoch: 1 pq: 3 rg: 77 | total time: 35.56m | eta: 2.1m
step 03600/03814 (94.39%) | loss: 3.455509 | lrm: 0.13 | dt: 584.16ms | tok/sec: 92,029 | bf16_mfu: 0.00 | epoch: 1 pq: 3 rg: 77 | total time: 35.57m | eta: 2.1m
step 03601/03814 (94.42%) | loss: 3.450342 | lrm: 0.13 | dt: 583.18ms | tok/sec: 92,184 | bf16_mfu: 0.00 | epoch: 1 pq: 3 rg: 77 | total time: 35.58m | eta: 2.1m
step 03602/03814 (94.44%) | loss: 3.428460 | lrm: 0.13 | dt: 588.53ms | tok/sec: 91,345 | bf16_mfu: 0.00 | epoch: 1 pq: 3 rg: 77 | total time: 35.59m | eta: 2.1m
step 03603/03814 (94.47%) | loss: 3.419804 | lrm: 0.13 | dt: 586.76ms | tok/sec: 91,622 | bf16_mfu: 0.00 | epoch: 1 pq: 3 rg: 77 | total time: 35.60m | eta: 2.1m
step 03604/03814 (94.49%) | loss: 3.423697 | lrm: 0.13 | dt: 587.32ms | tok/sec: 91,534 | bf16_mfu: 0.00 | epoch: 1 pq: 3 rg: 77 | total time: 35.61m | eta: 2.1m
step 03605/03814 (94.52%) | loss: 3.439082 | lrm: 0.13 | dt: 589.07ms | tok/sec: 91,263 | bf16_mfu: 0.00 | epoch: 1 pq: 3 rg: 77 | total time: 35.62m | eta: 2.1m
step 03606/03814 (94.55%) | loss: 3.448523 | lrm: 0.13 | dt: 586.37ms | tok/sec: 91,682 | bf16_mfu: 0.00 | epoch: 1 pq: 3 rg: 77 | total time: 35.63m | eta: 2.1m
step 03607/03814 (94.57%) | loss: 3.458331 | lrm: 0.13 | dt: 587.31ms | tok/sec: 91,535 | bf16_mfu: 0.00 | epoch: 1 pq: 3 rg: 77 | total time: 35.64m | eta: 2.1m
step 03608/03814 (94.60%) | loss: 3.453167 | lrm: 0.13 | dt: 628.02ms | tok/sec: 85,601 | bf16_mfu: 0.00 | epoch: 1 pq: 3 rg: 77 | total time: 35.65m | eta: 2.0m
step 03609/03814 (94.63%) | loss: 3.447075 | lrm: 0.13 | dt: 593.60ms | tok/sec: 90,566 | bf16_mfu: 0.00 | epoch: 1 pq: 3 rg: 78 | total time: 35.66m | eta: 2.0m
step 03610/03814 (94.65%) | loss: 3.431878 | lrm: 0.13 | dt: 582.79ms | tok/sec: 92,246 | bf16_mfu: 0.00 | epoch: 1 pq: 3 rg: 78 | total time: 35.67m | eta: 2.0m
step 03611/03814 (94.68%) | loss: 3.429258 | lrm: 0.13 | dt: 629.61ms | tok/sec: 85,386 | bf16_mfu: 0.00 | epoch: 1 pq: 3 rg: 78 | total time: 35.68m | eta: 2.0m
step 03612/03814 (94.70%) | loss: 3.437438 | lrm: 0.13 | dt: 587.12ms | tok/sec: 91,566 | bf16_mfu: 0.00 | epoch: 1 pq: 3 rg: 78 | total time: 35.69m | eta: 2.0m
step 03613/03814 (94.73%) | loss: 3.437236 | lrm: 0.13 | dt: 586.27ms | tok/sec: 91,699 | bf16_mfu: 0.00 | epoch: 1 pq: 3 rg: 78 | total time: 35.70m | eta: 2.0m
step 03614/03814 (94.76%) | loss: 3.444874 | lrm: 0.13 | dt: 587.83ms | tok/sec: 91,454 | bf16_mfu: 0.00 | epoch: 1 pq: 3 rg: 78 | total time: 35.71m | eta: 2.0m
step 03615/03814 (94.78%) | loss: 3.461776 | lrm: 0.13 | dt: 584.50ms | tok/sec: 91,976 | bf16_mfu: 0.00 | epoch: 1 pq: 3 rg: 78 | total time: 35.72m | eta: 2.0m
step 03616/03814 (94.81%) | loss: 3.452679 | lrm: 0.13 | dt: 586.76ms | tok/sec: 91,621 | bf16_mfu: 0.00 | epoch: 1 pq: 3 rg: 78 | total time: 35.73m | eta: 2.0m
step 03617/03814 (94.83%) | loss: 3.447608 | lrm: 0.13 | dt: 583.81ms | tok/sec: 92,085 | bf16_mfu: 0.00 | epoch: 1 pq: 3 rg: 78 | total time: 35.74m | eta: 2.0m
step 03618/03814 (94.86%) | loss: 3.433092 | lrm: 0.13 | dt: 583.64ms | tok/sec: 92,112 | bf16_mfu: 0.00 | epoch: 1 pq: 3 rg: 78 | total time: 35.75m | eta: 1.9m
step 03619/03814 (94.89%) | loss: 3.426425 | lrm: 0.12 | dt: 576.89ms | tok/sec: 93,189 | bf16_mfu: 0.00 | epoch: 1 pq: 3 rg: 78 | total time: 35.76m | eta: 1.9m
step 03620/03814 (94.91%) | loss: 3.428575 | lrm: 0.12 | dt: 586.67ms | tok/sec: 91,635 | bf16_mfu: 0.00 | epoch: 1 pq: 3 rg: 78 | total time: 35.77m | eta: 1.9m
step 03621/03814 (94.94%) | loss: 3.438583 | lrm: 0.12 | dt: 585.79ms | tok/sec: 91,773 | bf16_mfu: 0.00 | epoch: 1 pq: 3 rg: 79 | total time: 35.78m | eta: 1.9m
step 03622/03814 (94.97%) | loss: 3.458344 | lrm: 0.12 | dt: 586.66ms | tok/sec: 91,636 | bf16_mfu: 0.00 | epoch: 1 pq: 3 rg: 79 | total time: 35.79m | eta: 1.9m
step 03623/03814 (94.99%) | loss: 3.462793 | lrm: 0.12 | dt: 587.37ms | tok/sec: 91,526 | bf16_mfu: 0.00 | epoch: 1 pq: 3 rg: 79 | total time: 35.80m | eta: 1.9m
step 03624/03814 (95.02%) | loss: 3.471152 | lrm: 0.12 | dt: 587.28ms | tok/sec: 91,541 | bf16_mfu: 0.00 | epoch: 1 pq: 3 rg: 79 | total time: 35.81m | eta: 1.9m
step 03625/03814 (95.04%) | loss: 3.460540 | lrm: 0.12 | dt: 588.23ms | tok/sec: 91,392 | bf16_mfu: 0.00 | epoch: 1 pq: 3 rg: 79 | total time: 35.82m | eta: 1.9m
step 03626/03814 (95.07%) | loss: 3.443146 | lrm: 0.12 | dt: 590.65ms | tok/sec: 91,017 | bf16_mfu: 0.00 | epoch: 1 pq: 3 rg: 79 | total time: 35.83m | eta: 1.9m
step 03627/03814 (95.10%) | loss: 3.446535 | lrm: 0.12 | dt: 584.01ms | tok/sec: 92,053 | bf16_mfu: 0.00 | epoch: 1 pq: 3 rg: 79 | total time: 35.84m | eta: 1.9m
step 03628/03814 (95.12%) | loss: 3.467091 | lrm: 0.12 | dt: 584.85ms | tok/sec: 91,921 | bf16_mfu: 0.00 | epoch: 1 pq: 3 rg: 79 | total time: 35.85m | eta: 1.8m
step 03629/03814 (95.15%) | loss: 3.462540 | lrm: 0.12 | dt: 596.58ms | tok/sec: 90,114 | bf16_mfu: 0.00 | epoch: 1 pq: 3 rg: 79 | total time: 35.86m | eta: 1.8m
step 03630/03814 (95.18%) | loss: 3.450515 | lrm: 0.12 | dt: 582.32ms | tok/sec: 92,319 | bf16_mfu: 0.00 | epoch: 1 pq: 3 rg: 79 | total time: 35.87m | eta: 1.8m
step 03631/03814 (95.20%) | loss: 3.447960 | lrm: 0.12 | dt: 582.39ms | tok/sec: 92,308 | bf16_mfu: 0.00 | epoch: 1 pq: 3 rg: 79 | total time: 35.88m | eta: 1.8m
step 03632/03814 (95.23%) | loss: 3.460384 | lrm: 0.12 | dt: 632.80ms | tok/sec: 84,956 | bf16_mfu: 0.00 | epoch: 1 pq: 3 rg: 80 | total time: 35.89m | eta: 1.8m
step 03633/03814 (95.25%) | loss: 3.444876 | lrm: 0.12 | dt: 591.14ms | tok/sec: 90,942 | bf16_mfu: 0.00 | epoch: 1 pq: 3 rg: 80 | total time: 35.90m | eta: 1.8m
step 03634/03814 (95.28%) | loss: 3.437599 | lrm: 0.12 | dt: 583.46ms | tok/sec: 92,140 | bf16_mfu: 0.00 | epoch: 1 pq: 3 rg: 80 | total time: 35.91m | eta: 1.8m
step 03635/03814 (95.31%) | loss: 3.426273 | lrm: 0.12 | dt: 585.11ms | tok/sec: 91,879 | bf16_mfu: 0.00 | epoch: 1 pq: 3 rg: 80 | total time: 35.92m | eta: 1.8m
step 03636/03814 (95.33%) | loss: 3.435209 | lrm: 0.12 | dt: 586.01ms | tok/sec: 91,738 | bf16_mfu: 0.00 | epoch: 1 pq: 3 rg: 80 | total time: 35.93m | eta: 1.8m
step 03637/03814 (95.36%) | loss: 3.447520 | lrm: 0.12 | dt: 583.29ms | tok/sec: 92,166 | bf16_mfu: 0.00 | epoch: 1 pq: 3 rg: 80 | total time: 35.94m | eta: 1.8m
step 03638/03814 (95.39%) | loss: 3.446531 | lrm: 0.12 | dt: 589.16ms | tok/sec: 91,248 | bf16_mfu: 0.00 | epoch: 1 pq: 3 rg: 80 | total time: 35.95m | eta: 1.7m
step 03639/03814 (95.41%) | loss: 3.457987 | lrm: 0.12 | dt: 585.61ms | tok/sec: 91,802 | bf16_mfu: 0.00 | epoch: 1 pq: 3 rg: 80 | total time: 35.96m | eta: 1.7m
step 03640/03814 (95.44%) | loss: 3.440210 | lrm: 0.12 | dt: 587.10ms | tok/sec: 91,568 | bf16_mfu: 0.00 | epoch: 1 pq: 3 rg: 80 | total time: 35.97m | eta: 1.7m
step 03641/03814 (95.46%) | loss: 3.425888 | lrm: 0.12 | dt: 588.06ms | tok/sec: 91,419 | bf16_mfu: 0.00 | epoch: 1 pq: 3 rg: 80 | total time: 35.98m | eta: 1.7m
step 03642/03814 (95.49%) | loss: 3.418999 | lrm: 0.12 | dt: 587.69ms | tok/sec: 91,476 | bf16_mfu: 0.00 | epoch: 1 pq: 3 rg: 80 | total time: 35.99m | eta: 1.7m
step 03643/03814 (95.52%) | loss: 3.447043 | lrm: 0.12 | dt: 585.73ms | tok/sec: 91,782 | bf16_mfu: 0.00 | epoch: 1 pq: 3 rg: 81 | total time: 36.00m | eta: 1.7m
step 03644/03814 (95.54%) | loss: 3.433066 | lrm: 0.12 | dt: 587.39ms | tok/sec: 91,523 | bf16_mfu: 0.00 | epoch: 1 pq: 3 rg: 81 | total time: 36.01m | eta: 1.7m
step 03645/03814 (95.57%) | loss: 3.421923 | lrm: 0.11 | dt: 588.52ms | tok/sec: 91,347 | bf16_mfu: 0.00 | epoch: 1 pq: 3 rg: 81 | total time: 36.02m | eta: 1.7m
step 03646/03814 (95.60%) | loss: 3.421397 | lrm: 0.11 | dt: 586.13ms | tok/sec: 91,719 | bf16_mfu: 0.00 | epoch: 1 pq: 3 rg: 81 | total time: 36.03m | eta: 1.7m
step 03647/03814 (95.62%) | loss: 3.434747 | lrm: 0.11 | dt: 656.30ms | tok/sec: 81,914 | bf16_mfu: 0.00 | epoch: 1 pq: 3 rg: 81 | total time: 36.04m | eta: 1.7m
step 03648/03814 (95.65%) | loss: 3.426732 | lrm: 0.11 | dt: 578.91ms | tok/sec: 92,863 | bf16_mfu: 0.00 | epoch: 1 pq: 3 rg: 81 | total time: 36.05m | eta: 1.6m
step 03649/03814 (95.67%) | loss: 3.444232 | lrm: 0.11 | dt: 625.56ms | tok/sec: 85,938 | bf16_mfu: 0.00 | epoch: 1 pq: 3 rg: 81 | total time: 36.06m | eta: 1.6m
step 03650/03814 (95.70%) | loss: 3.435162 | lrm: 0.11 | dt: 587.25ms | tok/sec: 91,544 | bf16_mfu: 0.00 | epoch: 1 pq: 3 rg: 81 | total time: 36.07m | eta: 1.6m
step 03651/03814 (95.73%) | loss: 3.423745 | lrm: 0.11 | dt: 584.85ms | tok/sec: 91,920 | bf16_mfu: 0.00 | epoch: 1 pq: 3 rg: 81 | total time: 36.08m | eta: 1.6m
step 03652/03814 (95.75%) | loss: 3.417284 | lrm: 0.11 | dt: 589.96ms | tok/sec: 91,125 | bf16_mfu: 0.00 | epoch: 1 pq: 3 rg: 81 | total time: 36.09m | eta: 1.6m
step 03653/03814 (95.78%) | loss: 3.409182 | lrm: 0.11 | dt: 584.81ms | tok/sec: 91,926 | bf16_mfu: 0.00 | epoch: 1 pq: 3 rg: 81 | total time: 36.10m | eta: 1.6m
step 03654/03814 (95.80%) | loss: 3.418638 | lrm: 0.11 | dt: 589.46ms | tok/sec: 91,202 | bf16_mfu: 0.00 | epoch: 1 pq: 3 rg: 82 | total time: 36.11m | eta: 1.6m
step 03655/03814 (95.83%) | loss: 3.422684 | lrm: 0.11 | dt: 585.89ms | tok/sec: 91,758 | bf16_mfu: 0.00 | epoch: 1 pq: 3 rg: 82 | total time: 36.12m | eta: 1.6m
step 03656/03814 (95.86%) | loss: 3.415652 | lrm: 0.11 | dt: 586.82ms | tok/sec: 91,611 | bf16_mfu: 0.00 | epoch: 1 pq: 3 rg: 82 | total time: 36.13m | eta: 1.6m
step 03657/03814 (95.88%) | loss: 3.409436 | lrm: 0.11 | dt: 586.26ms | tok/sec: 91,700 | bf16_mfu: 0.00 | epoch: 1 pq: 3 rg: 82 | total time: 36.13m | eta: 1.6m
step 03658/03814 (95.91%) | loss: 3.404706 | lrm: 0.11 | dt: 587.73ms | tok/sec: 91,471 | bf16_mfu: 0.00 | epoch: 1 pq: 3 rg: 82 | total time: 36.14m | eta: 1.5m
step 03659/03814 (95.94%) | loss: 3.420284 | lrm: 0.11 | dt: 587.47ms | tok/sec: 91,511 | bf16_mfu: 0.00 | epoch: 1 pq: 3 rg: 82 | total time: 36.15m | eta: 1.5m
step 03660/03814 (95.96%) | loss: 3.424923 | lrm: 0.11 | dt: 609.45ms | tok/sec: 88,210 | bf16_mfu: 0.00 | epoch: 1 pq: 3 rg: 82 | total time: 36.16m | eta: 1.5m
step 03661/03814 (95.99%) | loss: 3.417030 | lrm: 0.11 | dt: 586.39ms | tok/sec: 91,679 | bf16_mfu: 0.00 | epoch: 1 pq: 3 rg: 82 | total time: 36.17m | eta: 1.5m
step 03662/03814 (96.01%) | loss: 3.429713 | lrm: 0.11 | dt: 587.96ms | tok/sec: 91,435 | bf16_mfu: 0.00 | epoch: 1 pq: 3 rg: 82 | total time: 36.18m | eta: 1.5m
step 03663/03814 (96.04%) | loss: 3.428937 | lrm: 0.11 | dt: 588.20ms | tok/sec: 91,397 | bf16_mfu: 0.00 | epoch: 1 pq: 3 rg: 82 | total time: 36.19m | eta: 1.5m
step 03664/03814 (96.07%) | loss: 3.408779 | lrm: 0.11 | dt: 585.27ms | tok/sec: 91,854 | bf16_mfu: 0.00 | epoch: 1 pq: 3 rg: 82 | total time: 36.20m | eta: 1.5m
step 03665/03814 (96.09%) | loss: 3.416709 | lrm: 0.11 | dt: 588.26ms | tok/sec: 91,387 | bf16_mfu: 0.00 | epoch: 1 pq: 3 rg: 83 | total time: 36.21m | eta: 1.5m
step 03666/03814 (96.12%) | loss: 3.419455 | lrm: 0.11 | dt: 588.44ms | tok/sec: 91,360 | bf16_mfu: 0.00 | epoch: 1 pq: 3 rg: 83 | total time: 36.22m | eta: 1.5m
step 03667/03814 (96.15%) | loss: 3.421634 | lrm: 0.11 | dt: 588.19ms | tok/sec: 91,398 | bf16_mfu: 0.00 | epoch: 1 pq: 3 rg: 83 | total time: 36.23m | eta: 1.5m
step 03668/03814 (96.17%) | loss: 3.420033 | lrm: 0.11 | dt: 585.59ms | tok/sec: 91,804 | bf16_mfu: 0.00 | epoch: 1 pq: 3 rg: 83 | total time: 36.24m | eta: 1.4m
step 03669/03814 (96.20%) | loss: 3.407315 | lrm: 0.11 | dt: 587.22ms | tok/sec: 91,550 | bf16_mfu: 0.00 | epoch: 1 pq: 3 rg: 83 | total time: 36.25m | eta: 1.4m
step 03670/03814 (96.22%) | loss: 3.414377 | lrm: 0.11 | dt: 586.65ms | tok/sec: 91,638 | bf16_mfu: 0.00 | epoch: 1 pq: 3 rg: 83 | total time: 36.26m | eta: 1.4m
step 03671/03814 (96.25%) | loss: 3.412826 | lrm: 0.10 | dt: 585.71ms | tok/sec: 91,786 | bf16_mfu: 0.00 | epoch: 1 pq: 3 rg: 83 | total time: 36.27m | eta: 1.4m
step 03672/03814 (96.28%) | loss: 3.408575 | lrm: 0.10 | dt: 587.45ms | tok/sec: 91,513 | bf16_mfu: 0.00 | epoch: 1 pq: 3 rg: 83 | total time: 36.28m | eta: 1.4m
step 03673/03814 (96.30%) | loss: 3.411374 | lrm: 0.10 | dt: 604.71ms | tok/sec: 88,901 | bf16_mfu: 0.00 | epoch: 1 pq: 3 rg: 83 | total time: 36.29m | eta: 1.4m
step 03674/03814 (96.33%) | loss: 3.415438 | lrm: 0.10 | dt: 590.94ms | tok/sec: 90,973 | bf16_mfu: 0.00 | epoch: 1 pq: 3 rg: 83 | total time: 36.30m | eta: 1.4m
step 03675/03814 (96.36%) | loss: 3.413383 | lrm: 0.10 | dt: 585.15ms | tok/sec: 91,874 | bf16_mfu: 0.00 | epoch: 1 pq: 3 rg: 83 | total time: 36.31m | eta: 1.4m
step 03676/03814 (96.38%) | loss: 3.424526 | lrm: 0.10 | dt: 702.19ms | tok/sec: 76,560 | bf16_mfu: 0.00 | epoch: 1 pq: 3 rg: 84 | total time: 36.32m | eta: 1.4m
step 03677/03814 (96.41%) | loss: 3.425862 | lrm: 0.10 | dt: 587.16ms | tok/sec: 91,559 | bf16_mfu: 0.00 | epoch: 1 pq: 3 rg: 84 | total time: 36.33m | eta: 1.4m
step 03678/03814 (96.43%) | loss: 3.419085 | lrm: 0.10 | dt: 579.74ms | tok/sec: 92,730 | bf16_mfu: 0.00 | epoch: 1 pq: 3 rg: 84 | total time: 36.34m | eta: 1.3m
step 03679/03814 (96.46%) | loss: 3.424489 | lrm: 0.10 | dt: 632.48ms | tok/sec: 84,998 | bf16_mfu: 0.00 | epoch: 1 pq: 3 rg: 84 | total time: 36.35m | eta: 1.3m
step 03680/03814 (96.49%) | loss: 3.432554 | lrm: 0.10 | dt: 575.39ms | tok/sec: 93,432 | bf16_mfu: 0.00 | epoch: 1 pq: 3 rg: 84 | total time: 36.36m | eta: 1.3m
step 03681/03814 (96.51%) | loss: 3.435302 | lrm: 0.10 | dt: 585.87ms | tok/sec: 91,760 | bf16_mfu: 0.00 | epoch: 1 pq: 3 rg: 84 | total time: 36.37m | eta: 1.3m
step 03682/03814 (96.54%) | loss: 3.432000 | lrm: 0.10 | dt: 587.70ms | tok/sec: 91,475 | bf16_mfu: 0.00 | epoch: 1 pq: 3 rg: 84 | total time: 36.38m | eta: 1.3m
step 03683/03814 (96.57%) | loss: 3.426978 | lrm: 0.10 | dt: 584.71ms | tok/sec: 91,942 | bf16_mfu: 0.00 | epoch: 1 pq: 3 rg: 84 | total time: 36.39m | eta: 1.3m
step 03684/03814 (96.59%) | loss: 3.432003 | lrm: 0.10 | dt: 588.02ms | tok/sec: 91,426 | bf16_mfu: 0.00 | epoch: 1 pq: 3 rg: 84 | total time: 36.40m | eta: 1.3m
step 03685/03814 (96.62%) | loss: 3.432471 | lrm: 0.10 | dt: 586.76ms | tok/sec: 91,621 | bf16_mfu: 0.00 | epoch: 1 pq: 3 rg: 84 | total time: 36.41m | eta: 1.3m
step 03686/03814 (96.64%) | loss: 3.436468 | lrm: 0.10 | dt: 586.65ms | tok/sec: 91,639 | bf16_mfu: 0.00 | epoch: 1 pq: 3 rg: 84 | total time: 36.42m | eta: 1.3m
step 03687/03814 (96.67%) | loss: 3.433042 | lrm: 0.10 | dt: 587.30ms | tok/sec: 91,537 | bf16_mfu: 0.00 | epoch: 1 pq: 3 rg: 84 | total time: 36.43m | eta: 1.3m
step 03688/03814 (96.70%) | loss: 3.439485 | lrm: 0.10 | dt: 591.97ms | tok/sec: 90,815 | bf16_mfu: 0.00 | epoch: 1 pq: 3 rg: 85 | total time: 36.44m | eta: 1.2m
step 03689/03814 (96.72%) | loss: 3.432504 | lrm: 0.10 | dt: 583.16ms | tok/sec: 92,187 | bf16_mfu: 0.00 | epoch: 1 pq: 3 rg: 85 | total time: 36.45m | eta: 1.2m
step 03690/03814 (96.75%) | loss: 3.413653 | lrm: 0.10 | dt: 588.06ms | tok/sec: 91,419 | bf16_mfu: 0.00 | epoch: 1 pq: 3 rg: 85 | total time: 36.46m | eta: 1.2m
step 03691/03814 (96.78%) | loss: 3.423027 | lrm: 0.10 | dt: 591.13ms | tok/sec: 90,944 | bf16_mfu: 0.00 | epoch: 1 pq: 3 rg: 85 | total time: 36.47m | eta: 1.2m
step 03692/03814 (96.80%) | loss: 3.433427 | lrm: 0.10 | dt: 584.55ms | tok/sec: 91,968 | bf16_mfu: 0.00 | epoch: 1 pq: 3 rg: 85 | total time: 36.48m | eta: 1.2m
step 03693/03814 (96.83%) | loss: 3.432320 | lrm: 0.10 | dt: 621.66ms | tok/sec: 86,478 | bf16_mfu: 0.00 | epoch: 1 pq: 3 rg: 85 | total time: 36.49m | eta: 1.2m
step 03694/03814 (96.85%) | loss: 3.435043 | lrm: 0.10 | dt: 591.17ms | tok/sec: 90,938 | bf16_mfu: 0.00 | epoch: 1 pq: 3 rg: 85 | total time: 36.50m | eta: 1.2m
step 03695/03814 (96.88%) | loss: 3.433758 | lrm: 0.10 | dt: 585.63ms | tok/sec: 91,798 | bf16_mfu: 0.00 | epoch: 1 pq: 3 rg: 85 | total time: 36.51m | eta: 1.2m
step 03696/03814 (96.91%) | loss: 3.427426 | lrm: 0.10 | dt: 589.38ms | tok/sec: 91,214 | bf16_mfu: 0.00 | epoch: 1 pq: 3 rg: 85 | total time: 36.52m | eta: 1.2m
step 03697/03814 (96.93%) | loss: 3.420867 | lrm: 0.09 | dt: 586.84ms | tok/sec: 91,609 | bf16_mfu: 0.00 | epoch: 1 pq: 3 rg: 85 | total time: 36.53m | eta: 1.2m
step 03698/03814 (96.96%) | loss: 3.411936 | lrm: 0.09 | dt: 587.54ms | tok/sec: 91,500 | bf16_mfu: 0.00 | epoch: 1 pq: 3 rg: 85 | total time: 36.54m | eta: 1.1m
step 03699/03814 (96.98%) | loss: 3.403017 | lrm: 0.09 | dt: 594.44ms | tok/sec: 90,438 | bf16_mfu: 0.00 | epoch: 1 pq: 3 rg: 86 | total time: 36.55m | eta: 1.1m
step 03700/03814 (97.01%) | loss: 3.397357 | lrm: 0.09 | dt: 584.54ms | tok/sec: 91,970 | bf16_mfu: 0.00 | epoch: 1 pq: 3 rg: 86 | total time: 36.56m | eta: 1.1m
step 03701/03814 (97.04%) | loss: 3.409030 | lrm: 0.09 | dt: 582.87ms | tok/sec: 92,234 | bf16_mfu: 0.00 | epoch: 1 pq: 3 rg: 86 | total time: 36.57m | eta: 1.1m
step 03702/03814 (97.06%) | loss: 3.419735 | lrm: 0.09 | dt: 587.69ms | tok/sec: 91,476 | bf16_mfu: 0.00 | epoch: 1 pq: 3 rg: 86 | total time: 36.58m | eta: 1.1m
step 03703/03814 (97.09%) | loss: 3.415495 | lrm: 0.09 | dt: 585.88ms | tok/sec: 91,759 | bf16_mfu: 0.00 | epoch: 1 pq: 3 rg: 86 | total time: 36.59m | eta: 1.1m
step 03704/03814 (97.12%) | loss: 3.408267 | lrm: 0.09 | dt: 590.09ms | tok/sec: 91,104 | bf16_mfu: 0.00 | epoch: 1 pq: 3 rg: 86 | total time: 36.60m | eta: 1.1m
step 03705/03814 (97.14%) | loss: 3.414188 | lrm: 0.09 | dt: 589.07ms | tok/sec: 91,262 | bf16_mfu: 0.00 | epoch: 1 pq: 3 rg: 86 | total time: 36.61m | eta: 1.1m
step 03706/03814 (97.17%) | loss: 3.416332 | lrm: 0.09 | dt: 587.85ms | tok/sec: 91,452 | bf16_mfu: 0.00 | epoch: 1 pq: 3 rg: 86 | total time: 36.62m | eta: 1.1m
step 03707/03814 (97.19%) | loss: 3.411889 | lrm: 0.09 | dt: 587.71ms | tok/sec: 91,474 | bf16_mfu: 0.00 | epoch: 1 pq: 3 rg: 86 | total time: 36.63m | eta: 1.1m
step 03708/03814 (97.22%) | loss: 3.412862 | lrm: 0.09 | dt: 586.45ms | tok/sec: 91,670 | bf16_mfu: 0.00 | epoch: 1 pq: 3 rg: 86 | total time: 36.64m | eta: 1.1m
step 03709/03814 (97.25%) | loss: 3.423252 | lrm: 0.09 | dt: 588.85ms | tok/sec: 91,296 | bf16_mfu: 0.00 | epoch: 1 pq: 3 rg: 86 | total time: 36.65m | eta: 1.0m
step 03710/03814 (97.27%) | loss: 3.416478 | lrm: 0.09 | dt: 646.27ms | tok/sec: 83,184 | bf16_mfu: 0.00 | epoch: 1 pq: 3 rg: 87 | total time: 36.66m | eta: 1.0m
step 03711/03814 (97.30%) | loss: 3.404993 | lrm: 0.09 | dt: 590.19ms | tok/sec: 91,088 | bf16_mfu: 0.00 | epoch: 1 pq: 3 rg: 87 | total time: 36.67m | eta: 1.0m
step 03712/03814 (97.33%) | loss: 3.436595 | lrm: 0.09 | dt: 587.17ms | tok/sec: 91,558 | bf16_mfu: 0.00 | epoch: 1 pq: 3 rg: 87 | total time: 36.68m | eta: 1.0m
step 03713/03814 (97.35%) | loss: 3.418719 | lrm: 0.09 | dt: 587.93ms | tok/sec: 91,438 | bf16_mfu: 0.00 | epoch: 1 pq: 3 rg: 87 | total time: 36.69m | eta: 1.0m
step 03714/03814 (97.38%) | loss: 3.430915 | lrm: 0.09 | dt: 649.06ms | tok/sec: 82,827 | bf16_mfu: 0.00 | epoch: 1 pq: 4 rg: 0 | total time: 36.70m | eta: 1.0m
step 03715/03814 (97.40%) | loss: 3.434199 | lrm: 0.09 | dt: 588.06ms | tok/sec: 91,418 | bf16_mfu: 0.00 | epoch: 1 pq: 4 rg: 0 | total time: 36.71m | eta: 1.0m
step 03716/03814 (97.43%) | loss: 3.435090 | lrm: 0.09 | dt: 586.15ms | tok/sec: 91,717 | bf16_mfu: 0.00 | epoch: 1 pq: 4 rg: 0 | total time: 36.72m | eta: 1.0m
step 03717/03814 (97.46%) | loss: 3.452936 | lrm: 0.09 | dt: 593.92ms | tok/sec: 90,516 | bf16_mfu: 0.00 | epoch: 1 pq: 4 rg: 0 | total time: 36.73m | eta: 1.0m
step 03718/03814 (97.48%) | loss: 3.453598 | lrm: 0.09 | dt: 579.20ms | tok/sec: 92,817 | bf16_mfu: 0.00 | epoch: 1 pq: 4 rg: 0 | total time: 36.74m | eta: 1.0m
step 03719/03814 (97.51%) | loss: 3.473450 | lrm: 0.09 | dt: 584.62ms | tok/sec: 91,957 | bf16_mfu: 0.00 | epoch: 1 pq: 4 rg: 0 | total time: 36.75m | eta: 0.9m
step 03720/03814 (97.54%) | loss: 3.454563 | lrm: 0.09 | dt: 576.15ms | tok/sec: 93,308 | bf16_mfu: 0.00 | epoch: 1 pq: 4 rg: 0 | total time: 36.76m | eta: 0.9m
step 03721/03814 (97.56%) | loss: 3.454716 | lrm: 0.09 | dt: 586.00ms | tok/sec: 91,740 | bf16_mfu: 0.00 | epoch: 1 pq: 4 rg: 0 | total time: 36.77m | eta: 0.9m
step 03722/03814 (97.59%) | loss: 3.456137 | lrm: 0.09 | dt: 584.04ms | tok/sec: 92,048 | bf16_mfu: 0.00 | epoch: 1 pq: 4 rg: 0 | total time: 36.78m | eta: 0.9m
step 03723/03814 (97.61%) | loss: 3.475644 | lrm: 0.08 | dt: 582.67ms | tok/sec: 92,265 | bf16_mfu: 0.00 | epoch: 1 pq: 4 rg: 0 | total time: 36.79m | eta: 0.9m
step 03724/03814 (97.64%) | loss: 3.458983 | lrm: 0.08 | dt: 594.22ms | tok/sec: 90,471 | bf16_mfu: 0.00 | epoch: 1 pq: 4 rg: 0 | total time: 36.80m | eta: 0.9m
step 03725/03814 (97.67%) | loss: 3.459857 | lrm: 0.08 | dt: 593.04ms | tok/sec: 90,651 | bf16_mfu: 0.00 | epoch: 1 pq: 4 rg: 0 | total time: 36.81m | eta: 0.9m
step 03726/03814 (97.69%) | loss: 3.454649 | lrm: 0.08 | dt: 599.64ms | tok/sec: 89,653 | bf16_mfu: 0.00 | epoch: 1 pq: 4 rg: 1 | total time: 36.82m | eta: 0.9m
step 03727/03814 (97.72%) | loss: 3.459712 | lrm: 0.08 | dt: 586.24ms | tok/sec: 91,702 | bf16_mfu: 0.00 | epoch: 1 pq: 4 rg: 1 | total time: 36.83m | eta: 0.9m
step 03728/03814 (97.75%) | loss: 3.446055 | lrm: 0.08 | dt: 589.21ms | tok/sec: 91,241 | bf16_mfu: 0.00 | epoch: 1 pq: 4 rg: 1 | total time: 36.84m | eta: 0.9m
step 03729/03814 (97.77%) | loss: 3.457657 | lrm: 0.08 | dt: 606.67ms | tok/sec: 88,614 | bf16_mfu: 0.00 | epoch: 1 pq: 4 rg: 1 | total time: 36.85m | eta: 0.8m
step 03730/03814 (97.80%) | loss: 3.448451 | lrm: 0.08 | dt: 586.79ms | tok/sec: 91,616 | bf16_mfu: 0.00 | epoch: 1 pq: 4 rg: 1 | total time: 36.86m | eta: 0.8m
step 03731/03814 (97.82%) | loss: 3.444605 | lrm: 0.08 | dt: 590.60ms | tok/sec: 91,026 | bf16_mfu: 0.00 | epoch: 1 pq: 4 rg: 1 | total time: 36.87m | eta: 0.8m
step 03732/03814 (97.85%) | loss: 3.442747 | lrm: 0.08 | dt: 583.53ms | tok/sec: 92,128 | bf16_mfu: 0.00 | epoch: 1 pq: 4 rg: 1 | total time: 36.88m | eta: 0.8m
step 03733/03814 (97.88%) | loss: 3.448641 | lrm: 0.08 | dt: 587.47ms | tok/sec: 91,510 | bf16_mfu: 0.00 | epoch: 1 pq: 4 rg: 1 | total time: 36.88m | eta: 0.8m
step 03734/03814 (97.90%) | loss: 3.428262 | lrm: 0.08 | dt: 586.38ms | tok/sec: 91,680 | bf16_mfu: 0.00 | epoch: 1 pq: 4 rg: 1 | total time: 36.89m | eta: 0.8m
step 03735/03814 (97.93%) | loss: 3.427095 | lrm: 0.08 | dt: 586.89ms | tok/sec: 91,602 | bf16_mfu: 0.00 | epoch: 1 pq: 4 rg: 1 | total time: 36.90m | eta: 0.8m
step 03736/03814 (97.95%) | loss: 3.408726 | lrm: 0.08 | dt: 583.14ms | tok/sec: 92,190 | bf16_mfu: 0.00 | epoch: 1 pq: 4 rg: 1 | total time: 36.91m | eta: 0.8m
step 03737/03814 (97.98%) | loss: 3.394896 | lrm: 0.08 | dt: 591.55ms | tok/sec: 90,880 | bf16_mfu: 0.00 | epoch: 1 pq: 4 rg: 2 | total time: 36.92m | eta: 0.8m
step 03738/03814 (98.01%) | loss: 3.390090 | lrm: 0.08 | dt: 585.47ms | tok/sec: 91,823 | bf16_mfu: 0.00 | epoch: 1 pq: 4 rg: 2 | total time: 36.93m | eta: 0.8m
step 03739/03814 (98.03%) | loss: 3.385229 | lrm: 0.08 | dt: 571.71ms | tok/sec: 94,033 | bf16_mfu: 0.00 | epoch: 1 pq: 4 rg: 2 | total time: 36.94m | eta: 0.7m
step 03740/03814 (98.06%) | loss: 3.373208 | lrm: 0.08 | dt: 585.35ms | tok/sec: 91,843 | bf16_mfu: 0.00 | epoch: 1 pq: 4 rg: 2 | total time: 36.95m | eta: 0.7m
step 03741/03814 (98.09%) | loss: 3.365975 | lrm: 0.08 | dt: 587.94ms | tok/sec: 91,438 | bf16_mfu: 0.00 | epoch: 1 pq: 4 rg: 2 | total time: 36.96m | eta: 0.7m
step 03742/03814 (98.11%) | loss: 3.360105 | lrm: 0.08 | dt: 588.98ms | tok/sec: 91,276 | bf16_mfu: 0.00 | epoch: 1 pq: 4 rg: 2 | total time: 36.97m | eta: 0.7m
step 03743/03814 (98.14%) | loss: 3.384426 | lrm: 0.08 | dt: 582.07ms | tok/sec: 92,359 | bf16_mfu: 0.00 | epoch: 1 pq: 4 rg: 2 | total time: 36.98m | eta: 0.7m
step 03744/03814 (98.16%) | loss: 3.381248 | lrm: 0.08 | dt: 589.84ms | tok/sec: 91,143 | bf16_mfu: 0.00 | epoch: 1 pq: 4 rg: 2 | total time: 36.99m | eta: 0.7m
step 03745/03814 (98.19%) | loss: 3.392848 | lrm: 0.08 | dt: 586.08ms | tok/sec: 91,728 | bf16_mfu: 0.00 | epoch: 1 pq: 4 rg: 2 | total time: 37.00m | eta: 0.7m
step 03746/03814 (98.22%) | loss: 3.371042 | lrm: 0.08 | dt: 585.60ms | tok/sec: 91,802 | bf16_mfu: 0.00 | epoch: 1 pq: 4 rg: 2 | total time: 37.01m | eta: 0.7m
step 03747/03814 (98.24%) | loss: 3.374442 | lrm: 0.08 | dt: 589.42ms | tok/sec: 91,208 | bf16_mfu: 0.00 | epoch: 1 pq: 4 rg: 2 | total time: 37.02m | eta: 0.7m
step 03748/03814 (98.27%) | loss: 3.365389 | lrm: 0.08 | dt: 585.50ms | tok/sec: 91,819 | bf16_mfu: 0.00 | epoch: 1 pq: 4 rg: 3 | total time: 37.03m | eta: 0.7m
step 03749/03814 (98.30%) | loss: 3.377592 | lrm: 0.07 | dt: 587.53ms | tok/sec: 91,501 | bf16_mfu: 0.00 | epoch: 1 pq: 4 rg: 3 | total time: 37.04m | eta: 0.6m
step 03750/03814 (98.32%) | loss: 3.401582 | lrm: 0.07 | dt: 630.91ms | tok/sec: 85,210 | bf16_mfu: 0.00 | epoch: 1 pq: 4 rg: 3 | total time: 37.05m | eta: 0.6m
step 03751/03814 (98.35%) | loss: 3.387572 | lrm: 0.07 | dt: 583.90ms | tok/sec: 92,070 | bf16_mfu: 0.00 | epoch: 1 pq: 4 rg: 3 | total time: 37.06m | eta: 0.6m
step 03752/03814 (98.37%) | loss: 3.376514 | lrm: 0.07 | dt: 589.05ms | tok/sec: 91,264 | bf16_mfu: 0.00 | epoch: 1 pq: 4 rg: 3 | total time: 37.07m | eta: 0.6m
step 03753/03814 (98.40%) | loss: 3.393210 | lrm: 0.07 | dt: 586.11ms | tok/sec: 91,722 | bf16_mfu: 0.00 | epoch: 1 pq: 4 rg: 3 | total time: 37.08m | eta: 0.6m
step 03754/03814 (98.43%) | loss: 3.421089 | lrm: 0.07 | dt: 606.79ms | tok/sec: 88,597 | bf16_mfu: 0.00 | epoch: 1 pq: 4 rg: 3 | total time: 37.09m | eta: 0.6m
step 03755/03814 (98.45%) | loss: 3.395691 | lrm: 0.07 | dt: 616.22ms | tok/sec: 87,241 | bf16_mfu: 0.00 | epoch: 1 pq: 4 rg: 3 | total time: 37.10m | eta: 0.6m
step 03756/03814 (98.48%) | loss: 3.403274 | lrm: 0.07 | dt: 581.56ms | tok/sec: 92,440 | bf16_mfu: 0.00 | epoch: 1 pq: 4 rg: 3 | total time: 37.11m | eta: 0.6m
step 03757/03814 (98.51%) | loss: 3.392318 | lrm: 0.07 | dt: 582.03ms | tok/sec: 92,366 | bf16_mfu: 0.00 | epoch: 1 pq: 4 rg: 3 | total time: 37.12m | eta: 0.6m
step 03758/03814 (98.53%) | loss: 3.389711 | lrm: 0.07 | dt: 607.90ms | tok/sec: 88,436 | bf16_mfu: 0.00 | epoch: 1 pq: 4 rg: 3 | total time: 37.13m | eta: 0.6m
step 03759/03814 (98.56%) | loss: 3.374935 | lrm: 0.07 | dt: 588.21ms | tok/sec: 91,395 | bf16_mfu: 0.00 | epoch: 1 pq: 4 rg: 3 | total time: 37.14m | eta: 0.5m
step 03760/03814 (98.58%) | loss: 3.387818 | lrm: 0.07 | dt: 586.11ms | tok/sec: 91,723 | bf16_mfu: 0.00 | epoch: 1 pq: 4 rg: 4 | total time: 37.15m | eta: 0.5m
step 03761/03814 (98.61%) | loss: 3.375762 | lrm: 0.07 | dt: 609.68ms | tok/sec: 88,177 | bf16_mfu: 0.00 | epoch: 1 pq: 4 rg: 4 | total time: 37.16m | eta: 0.5m
step 03762/03814 (98.64%) | loss: 3.364326 | lrm: 0.07 | dt: 587.08ms | tok/sec: 91,572 | bf16_mfu: 0.00 | epoch: 1 pq: 4 rg: 4 | total time: 37.17m | eta: 0.5m
step 03763/03814 (98.66%) | loss: 3.363982 | lrm: 0.07 | dt: 650.12ms | tok/sec: 82,692 | bf16_mfu: 0.00 | epoch: 1 pq: 4 rg: 4 | total time: 37.18m | eta: 0.5m
step 03764/03814 (98.69%) | loss: 3.361228 | lrm: 0.07 | dt: 583.64ms | tok/sec: 92,112 | bf16_mfu: 0.00 | epoch: 1 pq: 4 rg: 4 | total time: 37.19m | eta: 0.5m
step 03765/03814 (98.72%) | loss: 3.355764 | lrm: 0.07 | dt: 582.92ms | tok/sec: 92,224 | bf16_mfu: 0.00 | epoch: 1 pq: 4 rg: 4 | total time: 37.20m | eta: 0.5m
step 03766/03814 (98.74%) | loss: 3.364334 | lrm: 0.07 | dt: 580.01ms | tok/sec: 92,687 | bf16_mfu: 0.00 | epoch: 1 pq: 4 rg: 4 | total time: 37.21m | eta: 0.5m
step 03767/03814 (98.77%) | loss: 3.369978 | lrm: 0.07 | dt: 583.62ms | tok/sec: 92,114 | bf16_mfu: 0.00 | epoch: 1 pq: 4 rg: 4 | total time: 37.22m | eta: 0.5m
step 03768/03814 (98.79%) | loss: 3.361186 | lrm: 0.07 | dt: 582.34ms | tok/sec: 92,316 | bf16_mfu: 0.00 | epoch: 1 pq: 4 rg: 4 | total time: 37.23m | eta: 0.5m
step 03769/03814 (98.82%) | loss: 3.354567 | lrm: 0.07 | dt: 585.36ms | tok/sec: 91,840 | bf16_mfu: 0.00 | epoch: 1 pq: 4 rg: 4 | total time: 37.24m | eta: 0.4m
step 03770/03814 (98.85%) | loss: 3.361497 | lrm: 0.07 | dt: 585.66ms | tok/sec: 91,793 | bf16_mfu: 0.00 | epoch: 1 pq: 4 rg: 4 | total time: 37.25m | eta: 0.4m
step 03771/03814 (98.87%) | loss: 3.368088 | lrm: 0.07 | dt: 588.07ms | tok/sec: 91,418 | bf16_mfu: 0.00 | epoch: 1 pq: 4 rg: 5 | total time: 37.26m | eta: 0.4m
step 03772/03814 (98.90%) | loss: 3.361278 | lrm: 0.07 | dt: 586.45ms | tok/sec: 91,669 | bf16_mfu: 0.00 | epoch: 1 pq: 4 rg: 5 | total time: 37.27m | eta: 0.4m
step 03773/03814 (98.93%) | loss: 3.362290 | lrm: 0.07 | dt: 586.77ms | tok/sec: 91,620 | bf16_mfu: 0.00 | epoch: 1 pq: 4 rg: 5 | total time: 37.28m | eta: 0.4m
step 03774/03814 (98.95%) | loss: 3.378488 | lrm: 0.07 | dt: 607.45ms | tok/sec: 88,501 | bf16_mfu: 0.00 | epoch: 1 pq: 4 rg: 5 | total time: 37.29m | eta: 0.4m
step 03775/03814 (98.98%) | loss: 3.363001 | lrm: 0.06 | dt: 587.30ms | tok/sec: 91,537 | bf16_mfu: 0.00 | epoch: 1 pq: 4 rg: 5 | total time: 37.30m | eta: 0.4m
step 03776/03814 (99.00%) | loss: 3.363915 | lrm: 0.06 | dt: 587.58ms | tok/sec: 91,493 | bf16_mfu: 0.00 | epoch: 1 pq: 4 rg: 5 | total time: 37.31m | eta: 0.4m
step 03777/03814 (99.03%) | loss: 3.355222 | lrm: 0.06 | dt: 926.83ms | tok/sec: 58,003 | bf16_mfu: 0.00 | epoch: 1 pq: 4 rg: 5 | total time: 37.32m | eta: 0.4m
step 03778/03814 (99.06%) | loss: 3.339312 | lrm: 0.06 | dt: 580.94ms | tok/sec: 92,539 | bf16_mfu: 0.00 | epoch: 1 pq: 4 rg: 5 | total time: 37.33m | eta: 0.4m
step 03779/03814 (99.08%) | loss: 3.328891 | lrm: 0.06 | dt: 576.25ms | tok/sec: 93,293 | bf16_mfu: 0.00 | epoch: 1 pq: 4 rg: 5 | total time: 37.34m | eta: 0.3m
step 03780/03814 (99.11%) | loss: 3.339986 | lrm: 0.06 | dt: 586.10ms | tok/sec: 91,724 | bf16_mfu: 0.00 | epoch: 1 pq: 4 rg: 5 | total time: 37.35m | eta: 0.3m
step 03781/03814 (99.13%) | loss: 3.339426 | lrm: 0.06 | dt: 587.87ms | tok/sec: 91,449 | bf16_mfu: 0.00 | epoch: 1 pq: 4 rg: 5 | total time: 37.36m | eta: 0.3m
step 03782/03814 (99.16%) | loss: 3.332122 | lrm: 0.06 | dt: 595.27ms | tok/sec: 90,312 | bf16_mfu: 0.00 | epoch: 1 pq: 4 rg: 6 | total time: 37.37m | eta: 0.3m
step 03783/03814 (99.19%) | loss: 3.330910 | lrm: 0.06 | dt: 577.75ms | tok/sec: 93,050 | bf16_mfu: 0.00 | epoch: 1 pq: 4 rg: 6 | total time: 37.38m | eta: 0.3m
step 03784/03814 (99.21%) | loss: 3.337460 | lrm: 0.06 | dt: 583.70ms | tok/sec: 92,101 | bf16_mfu: 0.00 | epoch: 1 pq: 4 rg: 6 | total time: 37.39m | eta: 0.3m
step 03785/03814 (99.24%) | loss: 3.349556 | lrm: 0.06 | dt: 573.62ms | tok/sec: 93,720 | bf16_mfu: 0.00 | epoch: 1 pq: 4 rg: 6 | total time: 37.40m | eta: 0.3m
step 03786/03814 (99.27%) | loss: 3.351744 | lrm: 0.06 | dt: 582.31ms | tok/sec: 92,321 | bf16_mfu: 0.00 | epoch: 1 pq: 4 rg: 6 | total time: 37.41m | eta: 0.3m
step 03787/03814 (99.29%) | loss: 3.354282 | lrm: 0.06 | dt: 586.02ms | tok/sec: 91,737 | bf16_mfu: 0.00 | epoch: 1 pq: 4 rg: 6 | total time: 37.42m | eta: 0.3m
step 03788/03814 (99.32%) | loss: 3.364153 | lrm: 0.06 | dt: 585.77ms | tok/sec: 91,776 | bf16_mfu: 0.00 | epoch: 1 pq: 4 rg: 6 | total time: 37.43m | eta: 0.3m
step 03789/03814 (99.34%) | loss: 3.350224 | lrm: 0.06 | dt: 599.08ms | tok/sec: 89,736 | bf16_mfu: 0.00 | epoch: 1 pq: 4 rg: 6 | total time: 37.44m | eta: 0.2m
step 03790/03814 (99.37%) | loss: 3.350019 | lrm: 0.06 | dt: 575.83ms | tok/sec: 93,360 | bf16_mfu: 0.00 | epoch: 1 pq: 4 rg: 6 | total time: 37.45m | eta: 0.2m
step 03791/03814 (99.40%) | loss: 3.370855 | lrm: 0.06 | dt: 586.59ms | tok/sec: 91,648 | bf16_mfu: 0.00 | epoch: 1 pq: 4 rg: 6 | total time: 37.46m | eta: 0.2m
step 03792/03814 (99.42%) | loss: 3.366195 | lrm: 0.06 | dt: 586.03ms | tok/sec: 91,735 | bf16_mfu: 0.00 | epoch: 1 pq: 4 rg: 6 | total time: 37.47m | eta: 0.2m
step 03793/03814 (99.45%) | loss: 3.361300 | lrm: 0.06 | dt: 583.95ms | tok/sec: 92,063 | bf16_mfu: 0.00 | epoch: 1 pq: 4 rg: 6 | total time: 37.48m | eta: 0.2m
step 03794/03814 (99.48%) | loss: 3.365998 | lrm: 0.06 | dt: 616.53ms | tok/sec: 87,197 | bf16_mfu: 0.00 | epoch: 1 pq: 4 rg: 7 | total time: 37.49m | eta: 0.2m
step 03795/03814 (99.50%) | loss: 3.367239 | lrm: 0.06 | dt: 581.83ms | tok/sec: 92,398 | bf16_mfu: 0.00 | epoch: 1 pq: 4 rg: 7 | total time: 37.50m | eta: 0.2m
step 03796/03814 (99.53%) | loss: 3.364059 | lrm: 0.06 | dt: 582.95ms | tok/sec: 92,220 | bf16_mfu: 0.00 | epoch: 1 pq: 4 rg: 7 | total time: 37.51m | eta: 0.2m
step 03797/03814 (99.55%) | loss: 3.341624 | lrm: 0.06 | dt: 575.01ms | tok/sec: 93,493 | bf16_mfu: 0.00 | epoch: 1 pq: 4 rg: 7 | total time: 37.52m | eta: 0.2m
step 03798/03814 (99.58%) | loss: 3.324867 | lrm: 0.06 | dt: 670.41ms | tok/sec: 80,190 | bf16_mfu: 0.00 | epoch: 1 pq: 4 rg: 7 | total time: 37.53m | eta: 0.2m
step 03799/03814 (99.61%) | loss: 3.323711 | lrm: 0.06 | dt: 584.06ms | tok/sec: 92,044 | bf16_mfu: 0.00 | epoch: 1 pq: 4 rg: 7 | total time: 37.54m | eta: 0.1m
step 03800/03814 (99.63%) | loss: 3.341514 | lrm: 0.06 | dt: 648.19ms | tok/sec: 82,938 | bf16_mfu: 0.00 | epoch: 1 pq: 4 rg: 7 | total time: 37.55m | eta: 0.1m
step 03801/03814 (99.66%) | loss: 3.376960 | lrm: 0.05 | dt: 586.70ms | tok/sec: 91,630 | bf16_mfu: 0.00 | epoch: 1 pq: 4 rg: 7 | total time: 37.56m | eta: 0.1m
step 03802/03814 (99.69%) | loss: 3.373232 | lrm: 0.05 | dt: 575.92ms | tok/sec: 93,346 | bf16_mfu: 0.00 | epoch: 1 pq: 4 rg: 7 | total time: 37.57m | eta: 0.1m
step 03803/03814 (99.71%) | loss: 3.372142 | lrm: 0.05 | dt: 579.47ms | tok/sec: 92,774 | bf16_mfu: 0.00 | epoch: 1 pq: 4 rg: 7 | total time: 37.58m | eta: 0.1m
step 03804/03814 (99.74%) | loss: 3.383105 | lrm: 0.05 | dt: 587.67ms | tok/sec: 91,479 | bf16_mfu: 0.00 | epoch: 1 pq: 4 rg: 7 | total time: 37.59m | eta: 0.1m
step 03805/03814 (99.76%) | loss: 3.370883 | lrm: 0.05 | dt: 596.10ms | tok/sec: 90,186 | bf16_mfu: 0.00 | epoch: 1 pq: 4 rg: 8 | total time: 37.60m | eta: 0.1m
step 03806/03814 (99.79%) | loss: 3.360469 | lrm: 0.05 | dt: 578.58ms | tok/sec: 92,916 | bf16_mfu: 0.00 | epoch: 1 pq: 4 rg: 8 | total time: 37.61m | eta: 0.1m
step 03807/03814 (99.82%) | loss: 3.368912 | lrm: 0.05 | dt: 630.02ms | tok/sec: 85,330 | bf16_mfu: 0.00 | epoch: 1 pq: 4 rg: 8 | total time: 37.62m | eta: 0.1m
step 03808/03814 (99.84%) | loss: 3.359826 | lrm: 0.05 | dt: 584.70ms | tok/sec: 91,944 | bf16_mfu: 0.00 | epoch: 1 pq: 4 rg: 8 | total time: 37.63m | eta: 0.1m2026-09-16 03:38:09,270 - nanochat.checkpoint_manager - [32m[1mINFO[0m - Saved model parameters to: /kaggle/working/runs/super-nfd_d6_s0/base_checkpoints/d6/model_003814.pt
2026-09-16 03:38:09,271 - nanochat.checkpoint_manager - [32m[1mINFO[0m - Saved metadata to: /kaggle/working/runs/super-nfd_d6_s0/base_checkpoints/d6/meta_003814.json
2026-09-16 03:38:09,684 - nanochat.checkpoint_manager - [32m[1mINFO[0m - Saved optimizer state to: /kaggle/working/runs/super-nfd_d6_s0/base_checkpoints/d6/optim_003814_rank0.pt

step 03809/03814 (99.87%) | loss: 3.359755 | lrm: 0.05 | dt: 582.71ms | tok/sec: 92,258 | bf16_mfu: 0.00 | epoch: 1 pq: 4 rg: 8 | total time: 37.64m | eta: 0.0m
step 03810/03814 (99.90%) | loss: 3.360903 | lrm: 0.05 | dt: 589.82ms | tok/sec: 91,147 | bf16_mfu: 0.00 | epoch: 1 pq: 4 rg: 8 | total time: 37.65m | eta: 0.0m
step 03811/03814 (99.92%) | loss: 3.361046 | lrm: 0.05 | dt: 722.04ms | tok/sec: 74,455 | bf16_mfu: 0.00 | epoch: 1 pq: 4 rg: 8 | total time: 37.66m | eta: 0.0m
step 03812/03814 (99.95%) | loss: 3.352382 | lrm: 0.05 | dt: 578.11ms | tok/sec: 92,992 | bf16_mfu: 0.00 | epoch: 1 pq: 4 rg: 8 | total time: 37.67m | eta: 0.0m
step 03813/03814 (99.97%) | loss: 3.374138 | lrm: 0.05 | dt: 628.52ms | tok/sec: 85,534 | bf16_mfu: 0.00 | epoch: 1 pq: 4 rg: 8 | total time: 37.68m | eta: 0.0m
Step 03814 | Validation bpb: 0.660085
Peak memory usage: 5364.31MiB
Total training time: 37.68m
Minimum validation bpb: 0.660085
