2026-09-16 03:06:17,844 - nanochat.common - [32m[1mINFO[0m - Distributed world size: 1
2026-09-16 03:06:17,845 - nanochat.common - [33m[1mWARNING[0m - Peak flops undefined for: Tesla T4, MFU will show as 0%

                                                       █████                █████
                                                      ░░███                ░░███
     ████████    ██████   ████████    ██████   ██████  ░███████    ██████  ███████
    ░░███░░███  ░░░░░███ ░░███░░███  ███░░███ ███░░███ ░███░░███  ░░░░░███░░░███░
     ░███ ░███   ███████  ░███ ░███ ░███ ░███░███ ░░░  ░███ ░███   ███████  ░███
     ░███ ░███  ███░░███  ░███ ░███ ░███ ░███░███  ███ ░███ ░███  ███░░███  ░███ ███
     ████ █████░░████████ ████ █████░░██████ ░░██████  ████ █████░░███████  ░░█████
    ░░░░ ░░░░░  ░░░░░░░░ ░░░░ ░░░░░  ░░░░░░   ░░░░░░  ░░░░ ░░░░░  ░░░░░░░░   ░░░░░
    
Autodetected device type: cuda
GPU: Tesla T4 | Peak FLOPS (BF16): inf
COMPUTE_DTYPE: torch.float16 (set via NANOCHAT_DTYPE=float16)
!!!!!!!!!!!!!!!!!!!!!!!!!!!!!!!!!!!!!!!!!!!!!!!!!!!!!!!!!!!!!!!!!!!!!!!!!!!!!!!!
WARNING: Flash Attention 3 not available, using PyTorch SDPA fallback
WARNING: Training will be less efficient without FA3
!!!!!!!!!!!!!!!!!!!!!!!!!!!!!!!!!!!!!!!!!!!!!!!!!!!!!!!!!!!!!!!!!!!!!!!!!!!!!!!!
Vocab size: 16,009
Padding vocab_size from 16009 to 16064 for efficiency
Model config:
{
  "sequence_len": 1024,
  "vocab_size": 16009,
  "n_layer": 6,
  "n_head": 3,
  "n_kv_head": 3,
  "n_embd": 384,
  "window_pattern": "L"
}
Parameter counts:
wte                     : 6,168,576
value_embeds            : 18,505,728
lm_head                 : 6,168,576
transformer_matrices    : 10,616,940
scalars                 : 38
total                   : 41,459,858
Estimated FLOPs per token: 1.290248e+08
Padding vocab_size from 16009 to 16064 for efficiency
Scaling LRs by 0.3536 for batch size 65,536 (reference: 524,288)
Scaling weight decay from 0.280000 to 0.573677 for depth 6
Scaling the LR for the AdamW parameters ∝1/√(384/768) = 1.414214
GradScaler enabled for fp16 training
Using user-provided number of iterations: 3,814
Total number of training tokens: 249,954,304
Tokens : Scaling params ratio: 14.89
Total training FLOPs estimate: 3.225030e+16
Tokens / micro-batch / rank: 32 x 1024 = 32,768
Tokens / micro-batch: 32,768
Total batch size 65,536 => gradient accumulation steps: 2
Step 00000 | Validation bpb: 2.310460
step 00000/03814 (0.00%) | loss: 9.681363 | lrm: 0.03 | dt: 3439.05ms | tok/sec: 19,056 | bf16_mfu: 0.00 | epoch: 1 pq: 0 rg: 1 | total time: 0.00m
step 00001/03814 (0.03%) | loss: 9.677995 | lrm: 0.05 | dt: 642.57ms | tok/sec: 101,990 | bf16_mfu: 0.00 | epoch: 1 pq: 0 rg: 1 | total time: 0.00m
step 00002/03814 (0.05%) | loss: 9.672229 | lrm: 0.07 | dt: 683.07ms | tok/sec: 95,943 | bf16_mfu: 0.00 | epoch: 1 pq: 0 rg: 1 | total time: 0.00m
step 00003/03814 (0.08%) | loss: 9.663573 | lrm: 0.10 | dt: 660.21ms | tok/sec: 99,264 | bf16_mfu: 0.00 | epoch: 1 pq: 0 rg: 1 | total time: 0.00m
step 00004/03814 (0.10%) | loss: 9.651926 | lrm: 0.12 | dt: 663.43ms | tok/sec: 98,783 | bf16_mfu: 0.00 | epoch: 1 pq: 0 rg: 1 | total time: 0.00m
step 00005/03814 (0.13%) | loss: 9.637152 | lrm: 0.15 | dt: 668.18ms | tok/sec: 98,081 | bf16_mfu: 0.00 | epoch: 1 pq: 0 rg: 1 | total time: 0.00m
step 00006/03814 (0.16%) | loss: 9.616586 | lrm: 0.17 | dt: 671.69ms | tok/sec: 97,569 | bf16_mfu: 0.00 | epoch: 1 pq: 0 rg: 1 | total time: 0.00m
step 00007/03814 (0.18%) | loss: 9.588769 | lrm: 0.20 | dt: 686.84ms | tok/sec: 95,416 | bf16_mfu: 0.00 | epoch: 1 pq: 0 rg: 2 | total time: 0.00m
step 00008/03814 (0.21%) | loss: 9.549182 | lrm: 0.23 | dt: 675.19ms | tok/sec: 97,062 | bf16_mfu: 0.00 | epoch: 1 pq: 0 rg: 2 | total time: 0.00m
step 00009/03814 (0.24%) | loss: 9.492990 | lrm: 0.25 | dt: 676.64ms | tok/sec: 96,854 | bf16_mfu: 0.00 | epoch: 1 pq: 0 rg: 2 | total time: 0.00m
step 00010/03814 (0.26%) | loss: 9.421312 | lrm: 0.28 | dt: 672.89ms | tok/sec: 97,394 | bf16_mfu: 0.00 | epoch: 1 pq: 0 rg: 2 | total time: 0.00m
step 00011/03814 (0.29%) | loss: 9.316949 | lrm: 0.30 | dt: 678.43ms | tok/sec: 96,599 | bf16_mfu: 0.00 | epoch: 1 pq: 0 rg: 2 | total time: 0.01m | eta: 43.0m
step 00012/03814 (0.31%) | loss: 9.175305 | lrm: 0.33 | dt: 677.87ms | tok/sec: 96,679 | bf16_mfu: 0.00 | epoch: 1 pq: 0 rg: 2 | total time: 0.02m | eta: 43.0m
step 00013/03814 (0.34%) | loss: 8.995723 | lrm: 0.35 | dt: 684.90ms | tok/sec: 95,686 | bf16_mfu: 0.00 | epoch: 1 pq: 0 rg: 2 | total time: 0.03m | eta: 43.1m
step 00014/03814 (0.37%) | loss: 8.788056 | lrm: 0.38 | dt: 679.50ms | tok/sec: 96,446 | bf16_mfu: 0.00 | epoch: 1 pq: 0 rg: 2 | total time: 0.05m | eta: 43.1m
step 00015/03814 (0.39%) | loss: 8.630766 | lrm: 0.40 | dt: 636.54ms | tok/sec: 102,956 | bf16_mfu: 0.00 | epoch: 1 pq: 0 rg: 3 | total time: 0.06m | eta: 42.5m
step 00016/03814 (0.42%) | loss: 8.494053 | lrm: 0.42 | dt: 672.39ms | tok/sec: 97,467 | bf16_mfu: 0.00 | epoch: 1 pq: 0 rg: 3 | total time: 0.07m | eta: 42.5m
step 00017/03814 (0.45%) | loss: 8.346274 | lrm: 0.45 | dt: 668.29ms | tok/sec: 98,065 | bf16_mfu: 0.00 | epoch: 1 pq: 0 rg: 3 | total time: 0.08m | eta: 42.5m
step 00018/03814 (0.47%) | loss: 8.205739 | lrm: 0.47 | dt: 678.14ms | tok/sec: 96,640 | bf16_mfu: 0.00 | epoch: 1 pq: 0 rg: 3 | total time: 0.09m | eta: 42.5m
step 00019/03814 (0.50%) | loss: 8.065615 | lrm: 0.50 | dt: 673.53ms | tok/sec: 97,301 | bf16_mfu: 0.00 | epoch: 1 pq: 0 rg: 3 | total time: 0.10m | eta: 42.5m
step 00020/03814 (0.52%) | loss: 7.936452 | lrm: 0.53 | dt: 674.07ms | tok/sec: 97,223 | bf16_mfu: 0.00 | epoch: 1 pq: 0 rg: 3 | total time: 0.11m | eta: 42.5m
step 00021/03814 (0.55%) | loss: 7.798622 | lrm: 0.55 | dt: 683.79ms | tok/sec: 95,841 | bf16_mfu: 0.00 | epoch: 1 pq: 0 rg: 3 | total time: 0.12m | eta: 42.6m
step 00022/03814 (0.58%) | loss: 7.675258 | lrm: 0.57 | dt: 673.82ms | tok/sec: 97,260 | bf16_mfu: 0.00 | epoch: 1 pq: 0 rg: 3 | total time: 0.13m | eta: 42.6m
step 00023/03814 (0.60%) | loss: 7.544457 | lrm: 0.60 | dt: 679.89ms | tok/sec: 96,392 | bf16_mfu: 0.00 | epoch: 1 pq: 0 rg: 3 | total time: 0.15m | eta: 42.6m
step 00024/03814 (0.63%) | loss: 7.422502 | lrm: 0.62 | dt: 683.95ms | tok/sec: 95,819 | bf16_mfu: 0.00 | epoch: 1 pq: 0 rg: 3 | total time: 0.16m | eta: 42.6m
step 00025/03814 (0.66%) | loss: 7.292122 | lrm: 0.65 | dt: 678.00ms | tok/sec: 96,660 | bf16_mfu: 0.00 | epoch: 1 pq: 0 rg: 4 | total time: 0.17m | eta: 42.6m
step 00026/03814 (0.68%) | loss: 7.190570 | lrm: 0.68 | dt: 684.55ms | tok/sec: 95,736 | bf16_mfu: 0.00 | epoch: 1 pq: 0 rg: 4 | total time: 0.18m | eta: 42.6m
step 00027/03814 (0.71%) | loss: 7.081068 | lrm: 0.70 | dt: 684.35ms | tok/sec: 95,763 | bf16_mfu: 0.00 | epoch: 1 pq: 0 rg: 4 | total time: 0.19m | eta: 42.7m
step 00028/03814 (0.73%) | loss: 6.984835 | lrm: 0.72 | dt: 685.27ms | tok/sec: 95,634 | bf16_mfu: 0.00 | epoch: 1 pq: 0 rg: 4 | total time: 0.20m | eta: 42.7m
step 00029/03814 (0.76%) | loss: 6.889245 | lrm: 0.75 | dt: 678.06ms | tok/sec: 96,651 | bf16_mfu: 0.00 | epoch: 1 pq: 0 rg: 4 | total time: 0.21m | eta: 42.7m
step 00030/03814 (0.79%) | loss: 6.796380 | lrm: 0.78 | dt: 679.82ms | tok/sec: 96,401 | bf16_mfu: 0.00 | epoch: 1 pq: 0 rg: 4 | total time: 0.23m | eta: 42.7m
step 00031/03814 (0.81%) | loss: 6.702903 | lrm: 0.80 | dt: 682.87ms | tok/sec: 95,972 | bf16_mfu: 0.00 | epoch: 1 pq: 0 rg: 4 | total time: 0.24m | eta: 42.7m
step 00032/03814 (0.84%) | loss: 6.603452 | lrm: 0.82 | dt: 687.07ms | tok/sec: 95,384 | bf16_mfu: 0.00 | epoch: 1 pq: 0 rg: 4 | total time: 0.25m | eta: 42.7m
step 00033/03814 (0.87%) | loss: 6.506201 | lrm: 0.85 | dt: 678.54ms | tok/sec: 96,584 | bf16_mfu: 0.00 | epoch: 1 pq: 0 rg: 4 | total time: 0.26m | eta: 42.7m
step 00034/03814 (0.89%) | loss: 6.414866 | lrm: 0.88 | dt: 688.37ms | tok/sec: 95,203 | bf16_mfu: 0.00 | epoch: 1 pq: 0 rg: 4 | total time: 0.27m | eta: 42.7m
step 00035/03814 (0.92%) | loss: 6.336091 | lrm: 0.90 | dt: 686.80ms | tok/sec: 95,421 | bf16_mfu: 0.00 | epoch: 1 pq: 0 rg: 4 | total time: 0.28m | eta: 42.7m
step 00036/03814 (0.94%) | loss: 6.269466 | lrm: 0.93 | dt: 689.11ms | tok/sec: 95,102 | bf16_mfu: 0.00 | epoch: 1 pq: 0 rg: 5 | total time: 0.29m | eta: 42.7m
step 00037/03814 (0.97%) | loss: 6.209777 | lrm: 0.95 | dt: 731.52ms | tok/sec: 89,589 | bf16_mfu: 0.00 | epoch: 1 pq: 0 rg: 5 | total time: 0.31m | eta: 42.9m
step 00038/03814 (1.00%) | loss: 6.143316 | lrm: 0.97 | dt: 689.11ms | tok/sec: 95,102 | bf16_mfu: 0.00 | epoch: 1 pq: 0 rg: 5 | total time: 0.32m | eta: 42.9m
step 00039/03814 (1.02%) | loss: 6.083217 | lrm: 1.00 | dt: 685.73ms | tok/sec: 95,570 | bf16_mfu: 0.00 | epoch: 1 pq: 0 rg: 5 | total time: 0.33m | eta: 42.9m
step 00040/03814 (1.05%) | loss: 6.022347 | lrm: 1.00 | dt: 687.87ms | tok/sec: 95,273 | bf16_mfu: 0.00 | epoch: 1 pq: 0 rg: 5 | total time: 0.34m | eta: 42.9m
step 00041/03814 (1.07%) | loss: 5.970919 | lrm: 1.00 | dt: 691.01ms | tok/sec: 94,841 | bf16_mfu: 0.00 | epoch: 1 pq: 0 rg: 5 | total time: 0.35m | eta: 42.9m
step 00042/03814 (1.10%) | loss: 5.923551 | lrm: 1.00 | dt: 687.71ms | tok/sec: 95,296 | bf16_mfu: 0.00 | epoch: 1 pq: 0 rg: 5 | total time: 0.36m | eta: 42.9m
step 00043/03814 (1.13%) | loss: 5.880286 | lrm: 1.00 | dt: 694.25ms | tok/sec: 94,398 | bf16_mfu: 0.00 | epoch: 1 pq: 0 rg: 5 | total time: 0.38m | eta: 42.9m
step 00044/03814 (1.15%) | loss: 5.818731 | lrm: 1.00 | dt: 683.61ms | tok/sec: 95,867 | bf16_mfu: 0.00 | epoch: 1 pq: 0 rg: 5 | total time: 0.39m | eta: 42.9m
step 00045/03814 (1.18%) | loss: 5.785421 | lrm: 1.00 | dt: 690.71ms | tok/sec: 94,881 | bf16_mfu: 0.00 | epoch: 1 pq: 0 rg: 5 | total time: 0.40m | eta: 42.9m
step 00046/03814 (1.21%) | loss: 5.754597 | lrm: 1.00 | dt: 686.23ms | tok/sec: 95,501 | bf16_mfu: 0.00 | epoch: 1 pq: 0 rg: 6 | total time: 0.41m | eta: 42.9m
step 00047/03814 (1.23%) | loss: 5.725701 | lrm: 1.00 | dt: 688.47ms | tok/sec: 95,191 | bf16_mfu: 0.00 | epoch: 1 pq: 0 rg: 6 | total time: 0.42m | eta: 42.9m
step 00048/03814 (1.26%) | loss: 5.693656 | lrm: 1.00 | dt: 689.32ms | tok/sec: 95,073 | bf16_mfu: 0.00 | epoch: 1 pq: 0 rg: 6 | total time: 0.43m | eta: 42.9m
step 00049/03814 (1.28%) | loss: 5.662973 | lrm: 1.00 | dt: 687.45ms | tok/sec: 95,331 | bf16_mfu: 0.00 | epoch: 1 pq: 0 rg: 6 | total time: 0.44m | eta: 42.9m
step 00050/03814 (1.31%) | loss: 5.626399 | lrm: 1.00 | dt: 695.35ms | tok/sec: 94,248 | bf16_mfu: 0.00 | epoch: 1 pq: 0 rg: 6 | total time: 0.46m | eta: 42.9m
step 00051/03814 (1.34%) | loss: 5.599178 | lrm: 1.00 | dt: 684.25ms | tok/sec: 95,777 | bf16_mfu: 0.00 | epoch: 1 pq: 0 rg: 6 | total time: 0.47m | eta: 42.9m
step 00052/03814 (1.36%) | loss: 5.568916 | lrm: 1.00 | dt: 685.06ms | tok/sec: 95,665 | bf16_mfu: 0.00 | epoch: 1 pq: 0 rg: 6 | total time: 0.48m | eta: 42.9m
step 00053/03814 (1.39%) | loss: 5.538031 | lrm: 1.00 | dt: 719.00ms | tok/sec: 91,149 | bf16_mfu: 0.00 | epoch: 1 pq: 0 rg: 6 | total time: 0.49m | eta: 42.9m
step 00054/03814 (1.42%) | loss: 5.520135 | lrm: 1.00 | dt: 696.34ms | tok/sec: 94,115 | bf16_mfu: 0.00 | epoch: 1 pq: 0 rg: 6 | total time: 0.50m | eta: 42.9m
step 00055/03814 (1.44%) | loss: 5.483518 | lrm: 1.00 | dt: 705.39ms | tok/sec: 92,907 | bf16_mfu: 0.00 | epoch: 1 pq: 0 rg: 6 | total time: 0.51m | eta: 42.9m
step 00056/03814 (1.47%) | loss: 5.471948 | lrm: 1.00 | dt: 695.83ms | tok/sec: 94,183 | bf16_mfu: 0.00 | epoch: 1 pq: 0 rg: 7 | total time: 0.53m | eta: 42.9m
step 00057/03814 (1.49%) | loss: 5.452558 | lrm: 1.00 | dt: 687.17ms | tok/sec: 95,370 | bf16_mfu: 0.00 | epoch: 1 pq: 0 rg: 7 | total time: 0.54m | eta: 42.9m
step 00058/03814 (1.52%) | loss: 5.429413 | lrm: 1.00 | dt: 689.90ms | tok/sec: 94,993 | bf16_mfu: 0.00 | epoch: 1 pq: 0 rg: 7 | total time: 0.55m | eta: 42.9m
step 00059/03814 (1.55%) | loss: 5.403079 | lrm: 1.00 | dt: 690.46ms | tok/sec: 94,916 | bf16_mfu: 0.00 | epoch: 1 pq: 0 rg: 7 | total time: 0.56m | eta: 42.9m
step 00060/03814 (1.57%) | loss: 5.379659 | lrm: 1.00 | dt: 690.73ms | tok/sec: 94,879 | bf16_mfu: 0.00 | epoch: 1 pq: 0 rg: 7 | total time: 0.57m | eta: 42.9m
step 00061/03814 (1.60%) | loss: 5.358187 | lrm: 1.00 | dt: 691.44ms | tok/sec: 94,781 | bf16_mfu: 0.00 | epoch: 1 pq: 0 rg: 7 | total time: 0.58m | eta: 42.9m
step 00062/03814 (1.63%) | loss: 5.341578 | lrm: 1.00 | dt: 691.24ms | tok/sec: 94,808 | bf16_mfu: 0.00 | epoch: 1 pq: 0 rg: 7 | total time: 0.59m | eta: 42.9m
step 00063/03814 (1.65%) | loss: 5.342985 | lrm: 1.00 | dt: 697.70ms | tok/sec: 93,930 | bf16_mfu: 0.00 | epoch: 1 pq: 0 rg: 7 | total time: 0.61m | eta: 42.9m
step 00064/03814 (1.68%) | loss: 5.334117 | lrm: 1.00 | dt: 692.84ms | tok/sec: 94,590 | bf16_mfu: 0.00 | epoch: 1 pq: 0 rg: 7 | total time: 0.62m | eta: 42.9m
step 00065/03814 (1.70%) | loss: 5.320754 | lrm: 1.00 | dt: 690.45ms | tok/sec: 94,917 | bf16_mfu: 0.00 | epoch: 1 pq: 0 rg: 7 | total time: 0.63m | eta: 42.9m
step 00066/03814 (1.73%) | loss: 5.299718 | lrm: 1.00 | dt: 689.99ms | tok/sec: 94,980 | bf16_mfu: 0.00 | epoch: 1 pq: 0 rg: 7 | total time: 0.64m | eta: 42.9m
step 00067/03814 (1.76%) | loss: 5.297466 | lrm: 1.00 | dt: 773.78ms | tok/sec: 84,695 | bf16_mfu: 0.00 | epoch: 1 pq: 0 rg: 8 | total time: 0.65m | eta: 43.0m
step 00068/03814 (1.78%) | loss: 5.275997 | lrm: 1.00 | dt: 691.18ms | tok/sec: 94,817 | bf16_mfu: 0.00 | epoch: 1 pq: 0 rg: 8 | total time: 0.66m | eta: 42.9m
step 00069/03814 (1.81%) | loss: 5.265133 | lrm: 1.00 | dt: 696.19ms | tok/sec: 94,134 | bf16_mfu: 0.00 | epoch: 1 pq: 0 rg: 8 | total time: 0.68m | eta: 42.9m
step 00070/03814 (1.84%) | loss: 5.247485 | lrm: 1.00 | dt: 700.65ms | tok/sec: 93,536 | bf16_mfu: 0.00 | epoch: 1 pq: 0 rg: 8 | total time: 0.69m | eta: 42.9m
step 00071/03814 (1.86%) | loss: 5.244046 | lrm: 1.00 | dt: 692.99ms | tok/sec: 94,570 | bf16_mfu: 0.00 | epoch: 1 pq: 0 rg: 8 | total time: 0.70m | eta: 42.9m
step 00072/03814 (1.89%) | loss: 5.232615 | lrm: 1.00 | dt: 700.08ms | tok/sec: 93,612 | bf16_mfu: 0.00 | epoch: 1 pq: 0 rg: 8 | total time: 0.71m | eta: 42.9m
step 00073/03814 (1.91%) | loss: 5.224874 | lrm: 1.00 | dt: 691.70ms | tok/sec: 94,745 | bf16_mfu: 0.00 | epoch: 1 pq: 0 rg: 8 | total time: 0.72m | eta: 42.9m
step 00074/03814 (1.94%) | loss: 5.201048 | lrm: 1.00 | dt: 691.91ms | tok/sec: 94,718 | bf16_mfu: 0.00 | epoch: 1 pq: 0 rg: 8 | total time: 0.73m | eta: 42.9m
step 00075/03814 (1.97%) | loss: 5.189270 | lrm: 1.00 | dt: 704.51ms | tok/sec: 93,023 | bf16_mfu: 0.00 | epoch: 1 pq: 0 rg: 8 | total time: 0.75m | eta: 42.9m
step 00076/03814 (1.99%) | loss: 5.187807 | lrm: 1.00 | dt: 697.25ms | tok/sec: 93,992 | bf16_mfu: 0.00 | epoch: 1 pq: 0 rg: 8 | total time: 0.76m | eta: 42.9m
step 00077/03814 (2.02%) | loss: 5.169229 | lrm: 1.00 | dt: 702.59ms | tok/sec: 93,278 | bf16_mfu: 0.00 | epoch: 1 pq: 0 rg: 9 | total time: 0.77m | eta: 42.9m
step 00078/03814 (2.05%) | loss: 5.152815 | lrm: 1.00 | dt: 694.95ms | tok/sec: 94,303 | bf16_mfu: 0.00 | epoch: 1 pq: 0 rg: 9 | total time: 0.78m | eta: 42.9m
step 00079/03814 (2.07%) | loss: 5.159874 | lrm: 1.00 | dt: 700.14ms | tok/sec: 93,604 | bf16_mfu: 0.00 | epoch: 1 pq: 0 rg: 9 | total time: 0.79m | eta: 42.9m
step 00080/03814 (2.10%) | loss: 5.169984 | lrm: 1.00 | dt: 696.39ms | tok/sec: 94,108 | bf16_mfu: 0.00 | epoch: 1 pq: 0 rg: 9 | total time: 0.80m | eta: 42.9m
step 00081/03814 (2.12%) | loss: 5.174316 | lrm: 1.00 | dt: 692.90ms | tok/sec: 94,582 | bf16_mfu: 0.00 | epoch: 1 pq: 0 rg: 9 | total time: 0.82m | eta: 42.9m
step 00082/03814 (2.15%) | loss: 5.164659 | lrm: 1.00 | dt: 702.54ms | tok/sec: 93,284 | bf16_mfu: 0.00 | epoch: 1 pq: 0 rg: 9 | total time: 0.83m | eta: 42.9m
step 00083/03814 (2.18%) | loss: 5.154229 | lrm: 1.00 | dt: 693.50ms | tok/sec: 94,500 | bf16_mfu: 0.00 | epoch: 1 pq: 0 rg: 9 | total time: 0.84m | eta: 42.9m
step 00084/03814 (2.20%) | loss: 5.141717 | lrm: 1.00 | dt: 702.15ms | tok/sec: 93,336 | bf16_mfu: 0.00 | epoch: 1 pq: 0 rg: 9 | total time: 0.85m | eta: 42.9m
step 00085/03814 (2.23%) | loss: 5.148987 | lrm: 1.00 | dt: 697.64ms | tok/sec: 93,940 | bf16_mfu: 0.00 | epoch: 1 pq: 0 rg: 9 | total time: 0.86m | eta: 42.9m
step 00086/03814 (2.25%) | loss: 5.139175 | lrm: 1.00 | dt: 695.74ms | tok/sec: 94,195 | bf16_mfu: 0.00 | epoch: 1 pq: 0 rg: 9 | total time: 0.87m | eta: 42.9m
step 00087/03814 (2.28%) | loss: 5.126798 | lrm: 1.00 | dt: 702.31ms | tok/sec: 93,314 | bf16_mfu: 0.00 | epoch: 1 pq: 0 rg: 9 | total time: 0.89m | eta: 42.9m
step 00088/03814 (2.31%) | loss: 5.120396 | lrm: 1.00 | dt: 695.87ms | tok/sec: 94,178 | bf16_mfu: 0.00 | epoch: 1 pq: 0 rg: 10 | total time: 0.90m | eta: 42.9m
step 00089/03814 (2.33%) | loss: 5.105824 | lrm: 1.00 | dt: 704.97ms | tok/sec: 92,962 | bf16_mfu: 0.00 | epoch: 1 pq: 0 rg: 10 | total time: 0.91m | eta: 42.9m
step 00090/03814 (2.36%) | loss: 5.099271 | lrm: 1.00 | dt: 705.39ms | tok/sec: 92,907 | bf16_mfu: 0.00 | epoch: 1 pq: 0 rg: 10 | total time: 0.92m | eta: 42.9m
step 00091/03814 (2.39%) | loss: 5.086345 | lrm: 1.00 | dt: 709.39ms | tok/sec: 92,384 | bf16_mfu: 0.00 | epoch: 1 pq: 0 rg: 10 | total time: 0.93m | eta: 42.9m
step 00092/03814 (2.41%) | loss: 5.080370 | lrm: 1.00 | dt: 704.23ms | tok/sec: 93,060 | bf16_mfu: 0.00 | epoch: 1 pq: 0 rg: 10 | total time: 0.94m | eta: 42.9m
step 00093/03814 (2.44%) | loss: 5.091637 | lrm: 1.00 | dt: 699.14ms | tok/sec: 93,737 | bf16_mfu: 0.00 | epoch: 1 pq: 0 rg: 10 | total time: 0.96m | eta: 42.9m
step 00094/03814 (2.46%) | loss: 5.073737 | lrm: 1.00 | dt: 703.56ms | tok/sec: 93,149 | bf16_mfu: 0.00 | epoch: 1 pq: 0 rg: 10 | total time: 0.97m | eta: 42.9m
step 00095/03814 (2.49%) | loss: 5.063603 | lrm: 1.00 | dt: 702.50ms | tok/sec: 93,289 | bf16_mfu: 0.00 | epoch: 1 pq: 0 rg: 10 | total time: 0.98m | eta: 42.9m
step 00096/03814 (2.52%) | loss: 5.052280 | lrm: 1.00 | dt: 696.36ms | tok/sec: 94,112 | bf16_mfu: 0.00 | epoch: 1 pq: 0 rg: 10 | total time: 0.99m | eta: 42.9m
step 00097/03814 (2.54%) | loss: 5.042495 | lrm: 1.00 | dt: 706.63ms | tok/sec: 92,744 | bf16_mfu: 0.00 | epoch: 1 pq: 0 rg: 10 | total time: 1.00m | eta: 42.9m
step 00098/03814 (2.57%) | loss: 5.035751 | lrm: 1.00 | dt: 708.07ms | tok/sec: 92,555 | bf16_mfu: 0.00 | epoch: 1 pq: 0 rg: 11 | total time: 1.01m | eta: 42.9m
step 00099/03814 (2.60%) | loss: 5.016824 | lrm: 1.00 | dt: 702.57ms | tok/sec: 93,280 | bf16_mfu: 0.00 | epoch: 1 pq: 0 rg: 11 | total time: 1.03m | eta: 42.9m
step 00100/03814 (2.62%) | loss: 5.009716 | lrm: 1.00 | dt: 697.18ms | tok/sec: 94,001 | bf16_mfu: 0.00 | epoch: 1 pq: 0 rg: 11 | total time: 1.04m | eta: 42.8m
step 00101/03814 (2.65%) | loss: 5.007327 | lrm: 1.00 | dt: 708.68ms | tok/sec: 92,476 | bf16_mfu: 0.00 | epoch: 1 pq: 0 rg: 11 | total time: 1.05m | eta: 42.8m
step 00102/03814 (2.67%) | loss: 4.994478 | lrm: 1.00 | dt: 707.93ms | tok/sec: 92,573 | bf16_mfu: 0.00 | epoch: 1 pq: 0 rg: 11 | total time: 1.06m | eta: 42.8m
step 00103/03814 (2.70%) | loss: 4.982402 | lrm: 1.00 | dt: 708.50ms | tok/sec: 92,500 | bf16_mfu: 0.00 | epoch: 1 pq: 0 rg: 11 | total time: 1.07m | eta: 42.8m
step 00104/03814 (2.73%) | loss: 4.973997 | lrm: 1.00 | dt: 708.37ms | tok/sec: 92,516 | bf16_mfu: 0.00 | epoch: 1 pq: 0 rg: 11 | total time: 1.09m | eta: 42.8m
step 00105/03814 (2.75%) | loss: 4.967485 | lrm: 1.00 | dt: 707.26ms | tok/sec: 92,661 | bf16_mfu: 0.00 | epoch: 1 pq: 0 rg: 11 | total time: 1.10m | eta: 42.8m
step 00106/03814 (2.78%) | loss: 4.963782 | lrm: 1.00 | dt: 710.04ms | tok/sec: 92,298 | bf16_mfu: 0.00 | epoch: 1 pq: 0 rg: 11 | total time: 1.11m | eta: 42.8m
step 00107/03814 (2.81%) | loss: 4.957374 | lrm: 1.00 | dt: 709.22ms | tok/sec: 92,405 | bf16_mfu: 0.00 | epoch: 1 pq: 0 rg: 11 | total time: 1.12m | eta: 42.8m
step 00108/03814 (2.83%) | loss: 4.946504 | lrm: 1.00 | dt: 708.76ms | tok/sec: 92,466 | bf16_mfu: 0.00 | epoch: 1 pq: 0 rg: 11 | total time: 1.13m | eta: 42.8m
step 00109/03814 (2.86%) | loss: 4.949506 | lrm: 1.00 | dt: 708.87ms | tok/sec: 92,451 | bf16_mfu: 0.00 | epoch: 1 pq: 0 rg: 12 | total time: 1.14m | eta: 42.8m
step 00110/03814 (2.88%) | loss: 4.950729 | lrm: 1.00 | dt: 710.70ms | tok/sec: 92,212 | bf16_mfu: 0.00 | epoch: 1 pq: 0 rg: 12 | total time: 1.16m | eta: 42.8m
step 00111/03814 (2.91%) | loss: 4.947018 | lrm: 1.00 | dt: 706.12ms | tok/sec: 92,811 | bf16_mfu: 0.00 | epoch: 1 pq: 0 rg: 12 | total time: 1.17m | eta: 42.8m
step 00112/03814 (2.94%) | loss: 4.939608 | lrm: 1.00 | dt: 709.28ms | tok/sec: 92,398 | bf16_mfu: 0.00 | epoch: 1 pq: 0 rg: 12 | total time: 1.18m | eta: 42.8m
step 00113/03814 (2.96%) | loss: 4.934784 | lrm: 1.00 | dt: 707.96ms | tok/sec: 92,569 | bf16_mfu: 0.00 | epoch: 1 pq: 0 rg: 12 | total time: 1.19m | eta: 42.8m
step 00114/03814 (2.99%) | loss: 4.920936 | lrm: 1.00 | dt: 710.12ms | tok/sec: 92,288 | bf16_mfu: 0.00 | epoch: 1 pq: 0 rg: 12 | total time: 1.20m | eta: 42.8m
step 00115/03814 (3.02%) | loss: 4.910100 | lrm: 1.00 | dt: 709.30ms | tok/sec: 92,394 | bf16_mfu: 0.00 | epoch: 1 pq: 0 rg: 12 | total time: 1.22m | eta: 42.8m
step 00116/03814 (3.04%) | loss: 4.910332 | lrm: 1.00 | dt: 709.28ms | tok/sec: 92,398 | bf16_mfu: 0.00 | epoch: 1 pq: 0 rg: 12 | total time: 1.23m | eta: 42.8m
step 00117/03814 (3.07%) | loss: 4.917359 | lrm: 1.00 | dt: 706.54ms | tok/sec: 92,755 | bf16_mfu: 0.00 | epoch: 1 pq: 0 rg: 12 | total time: 1.24m | eta: 42.8m
step 00118/03814 (3.09%) | loss: 4.903610 | lrm: 1.00 | dt: 705.17ms | tok/sec: 92,935 | bf16_mfu: 0.00 | epoch: 1 pq: 0 rg: 12 | total time: 1.25m | eta: 42.8m
step 00119/03814 (3.12%) | loss: 4.878652 | lrm: 1.00 | dt: 710.62ms | tok/sec: 92,223 | bf16_mfu: 0.00 | epoch: 1 pq: 0 rg: 13 | total time: 1.26m | eta: 42.8m
step 00120/03814 (3.15%) | loss: 4.870038 | lrm: 1.00 | dt: 706.59ms | tok/sec: 92,749 | bf16_mfu: 0.00 | epoch: 1 pq: 0 rg: 13 | total time: 1.27m | eta: 42.8m
step 00121/03814 (3.17%) | loss: 4.860832 | lrm: 1.00 | dt: 709.04ms | tok/sec: 92,428 | bf16_mfu: 0.00 | epoch: 1 pq: 0 rg: 13 | total time: 1.29m | eta: 42.8m
step 00122/03814 (3.20%) | loss: 4.842324 | lrm: 1.00 | dt: 730.18ms | tok/sec: 89,752 | bf16_mfu: 0.00 | epoch: 1 pq: 0 rg: 13 | total time: 1.30m | eta: 42.8m
step 00123/03814 (3.22%) | loss: 4.829702 | lrm: 1.00 | dt: 707.63ms | tok/sec: 92,612 | bf16_mfu: 0.00 | epoch: 1 pq: 0 rg: 13 | total time: 1.31m | eta: 42.8m
step 00124/03814 (3.25%) | loss: 4.810997 | lrm: 1.00 | dt: 712.42ms | tok/sec: 91,990 | bf16_mfu: 0.00 | epoch: 1 pq: 0 rg: 13 | total time: 1.32m | eta: 42.8m
step 00125/03814 (3.28%) | loss: 4.812351 | lrm: 1.00 | dt: 710.31ms | tok/sec: 92,264 | bf16_mfu: 0.00 | epoch: 1 pq: 0 rg: 13 | total time: 1.33m | eta: 42.8m
step 00126/03814 (3.30%) | loss: 4.829058 | lrm: 1.00 | dt: 706.79ms | tok/sec: 92,723 | bf16_mfu: 0.00 | epoch: 1 pq: 0 rg: 13 | total time: 1.35m | eta: 42.8m
step 00127/03814 (3.33%) | loss: 4.822844 | lrm: 1.00 | dt: 709.98ms | tok/sec: 92,306 | bf16_mfu: 0.00 | epoch: 1 pq: 0 rg: 13 | total time: 1.36m | eta: 42.8m
step 00128/03814 (3.36%) | loss: 4.811801 | lrm: 1.00 | dt: 705.01ms | tok/sec: 92,957 | bf16_mfu: 0.00 | epoch: 1 pq: 0 rg: 13 | total time: 1.37m | eta: 42.8m
step 00129/03814 (3.38%) | loss: 4.798723 | lrm: 1.00 | dt: 710.66ms | tok/sec: 92,218 | bf16_mfu: 0.00 | epoch: 1 pq: 0 rg: 13 | total time: 1.38m | eta: 42.8m
step 00130/03814 (3.41%) | loss: 4.815315 | lrm: 1.00 | dt: 707.82ms | tok/sec: 92,588 | bf16_mfu: 0.00 | epoch: 1 pq: 0 rg: 14 | total time: 1.39m | eta: 42.8m
step 00131/03814 (3.43%) | loss: 4.809445 | lrm: 1.00 | dt: 709.67ms | tok/sec: 92,347 | bf16_mfu: 0.00 | epoch: 1 pq: 0 rg: 14 | total time: 1.40m | eta: 42.8m
step 00132/03814 (3.46%) | loss: 4.792396 | lrm: 1.00 | dt: 706.00ms | tok/sec: 92,826 | bf16_mfu: 0.00 | epoch: 1 pq: 0 rg: 14 | total time: 1.42m | eta: 42.7m
step 00133/03814 (3.49%) | loss: 4.785099 | lrm: 1.00 | dt: 708.95ms | tok/sec: 92,441 | bf16_mfu: 0.00 | epoch: 1 pq: 0 rg: 14 | total time: 1.43m | eta: 42.7m
step 00134/03814 (3.51%) | loss: 4.792161 | lrm: 1.00 | dt: 708.81ms | tok/sec: 92,459 | bf16_mfu: 0.00 | epoch: 1 pq: 0 rg: 14 | total time: 1.44m | eta: 42.7m
step 00135/03814 (3.54%) | loss: 4.795210 | lrm: 1.00 | dt: 712.01ms | tok/sec: 92,043 | bf16_mfu: 0.00 | epoch: 1 pq: 0 rg: 14 | total time: 1.45m | eta: 42.7m
step 00136/03814 (3.57%) | loss: 4.787038 | lrm: 1.00 | dt: 718.31ms | tok/sec: 91,236 | bf16_mfu: 0.00 | epoch: 1 pq: 0 rg: 14 | total time: 1.46m | eta: 42.7m
step 00137/03814 (3.59%) | loss: 4.789143 | lrm: 1.00 | dt: 707.60ms | tok/sec: 92,617 | bf16_mfu: 0.00 | epoch: 1 pq: 0 rg: 14 | total time: 1.48m | eta: 42.7m
step 00138/03814 (3.62%) | loss: 4.778981 | lrm: 1.00 | dt: 709.47ms | tok/sec: 92,372 | bf16_mfu: 0.00 | epoch: 1 pq: 0 rg: 14 | total time: 1.49m | eta: 42.7m
step 00139/03814 (3.64%) | loss: 4.792721 | lrm: 1.00 | dt: 706.72ms | tok/sec: 92,732 | bf16_mfu: 0.00 | epoch: 1 pq: 0 rg: 14 | total time: 1.50m | eta: 42.7m
step 00140/03814 (3.67%) | loss: 4.775050 | lrm: 1.00 | dt: 710.52ms | tok/sec: 92,236 | bf16_mfu: 0.00 | epoch: 1 pq: 0 rg: 15 | total time: 1.51m | eta: 42.7m
step 00141/03814 (3.70%) | loss: 4.753868 | lrm: 1.00 | dt: 708.88ms | tok/sec: 92,450 | bf16_mfu: 0.00 | epoch: 1 pq: 0 rg: 15 | total time: 1.52m | eta: 42.7m
step 00142/03814 (3.72%) | loss: 4.729864 | lrm: 1.00 | dt: 714.37ms | tok/sec: 91,739 | bf16_mfu: 0.00 | epoch: 1 pq: 0 rg: 15 | total time: 1.53m | eta: 42.7m
step 00143/03814 (3.75%) | loss: 4.718866 | lrm: 1.00 | dt: 711.16ms | tok/sec: 92,153 | bf16_mfu: 0.00 | epoch: 1 pq: 0 rg: 15 | total time: 1.55m | eta: 42.7m
step 00144/03814 (3.78%) | loss: 4.715229 | lrm: 1.00 | dt: 713.50ms | tok/sec: 91,851 | bf16_mfu: 0.00 | epoch: 1 pq: 0 rg: 15 | total time: 1.56m | eta: 42.7m
step 00145/03814 (3.80%) | loss: 4.701890 | lrm: 1.00 | dt: 712.68ms | tok/sec: 91,956 | bf16_mfu: 0.00 | epoch: 1 pq: 0 rg: 15 | total time: 1.57m | eta: 42.7m
step 00146/03814 (3.83%) | loss: 4.694059 | lrm: 1.00 | dt: 715.51ms | tok/sec: 91,593 | bf16_mfu: 0.00 | epoch: 1 pq: 0 rg: 15 | total time: 1.58m | eta: 42.7m
step 00147/03814 (3.85%) | loss: 4.703216 | lrm: 1.00 | dt: 714.10ms | tok/sec: 91,773 | bf16_mfu: 0.00 | epoch: 1 pq: 0 rg: 15 | total time: 1.59m | eta: 42.7m
step 00148/03814 (3.88%) | loss: 4.697401 | lrm: 1.00 | dt: 716.93ms | tok/sec: 91,412 | bf16_mfu: 0.00 | epoch: 1 pq: 0 rg: 15 | total time: 1.61m | eta: 42.7m
step 00149/03814 (3.91%) | loss: 4.696665 | lrm: 1.00 | dt: 711.40ms | tok/sec: 92,122 | bf16_mfu: 0.00 | epoch: 1 pq: 0 rg: 15 | total time: 1.62m | eta: 42.7m
step 00150/03814 (3.93%) | loss: 4.701554 | lrm: 1.00 | dt: 716.14ms | tok/sec: 91,513 | bf16_mfu: 0.00 | epoch: 1 pq: 0 rg: 15 | total time: 1.63m | eta: 42.7m
step 00151/03814 (3.96%) | loss: 4.704872 | lrm: 1.00 | dt: 855.84ms | tok/sec: 76,574 | bf16_mfu: 0.00 | epoch: 1 pq: 0 rg: 16 | total time: 1.64m | eta: 42.7m
step 00152/03814 (3.99%) | loss: 4.694239 | lrm: 1.00 | dt: 718.75ms | tok/sec: 91,181 | bf16_mfu: 0.00 | epoch: 1 pq: 0 rg: 16 | total time: 1.66m | eta: 42.7m
step 00153/03814 (4.01%) | loss: 4.680011 | lrm: 1.00 | dt: 712.24ms | tok/sec: 92,013 | bf16_mfu: 0.00 | epoch: 1 pq: 0 rg: 16 | total time: 1.67m | eta: 42.7m
step 00154/03814 (4.04%) | loss: 4.664584 | lrm: 1.00 | dt: 717.56ms | tok/sec: 91,331 | bf16_mfu: 0.00 | epoch: 1 pq: 0 rg: 16 | total time: 1.68m | eta: 42.7m
step 00155/03814 (4.06%) | loss: 4.647148 | lrm: 1.00 | dt: 716.33ms | tok/sec: 91,488 | bf16_mfu: 0.00 | epoch: 1 pq: 0 rg: 16 | total time: 1.69m | eta: 42.7m
step 00156/03814 (4.09%) | loss: 4.632162 | lrm: 1.00 | dt: 715.05ms | tok/sec: 91,652 | bf16_mfu: 0.00 | epoch: 1 pq: 0 rg: 16 | total time: 1.70m | eta: 42.7m
step 00157/03814 (4.12%) | loss: 4.614883 | lrm: 1.00 | dt: 723.80ms | tok/sec: 90,544 | bf16_mfu: 0.00 | epoch: 1 pq: 0 rg: 16 | total time: 1.72m | eta: 42.7m
step 00158/03814 (4.14%) | loss: 4.604192 | lrm: 1.00 | dt: 713.91ms | tok/sec: 91,798 | bf16_mfu: 0.00 | epoch: 1 pq: 0 rg: 16 | total time: 1.73m | eta: 42.7m
step 00159/03814 (4.17%) | loss: 4.595649 | lrm: 1.00 | dt: 719.86ms | tok/sec: 91,040 | bf16_mfu: 0.00 | epoch: 1 pq: 0 rg: 16 | total time: 1.74m | eta: 42.7m
step 00160/03814 (4.20%) | loss: 4.619907 | lrm: 1.00 | dt: 718.75ms | tok/sec: 91,179 | bf16_mfu: 0.00 | epoch: 1 pq: 0 rg: 16 | total time: 1.75m | eta: 42.7m
step 00161/03814 (4.22%) | loss: 4.614259 | lrm: 1.00 | dt: 719.91ms | tok/sec: 91,033 | bf16_mfu: 0.00 | epoch: 1 pq: 0 rg: 17 | total time: 1.76m | eta: 42.7m
step 00162/03814 (4.25%) | loss: 4.612144 | lrm: 1.00 | dt: 731.19ms | tok/sec: 89,628 | bf16_mfu: 0.00 | epoch: 1 pq: 0 rg: 17 | total time: 1.78m | eta: 42.7m
step 00163/03814 (4.27%) | loss: 4.598692 | lrm: 1.00 | dt: 727.22ms | tok/sec: 90,118 | bf16_mfu: 0.00 | epoch: 1 pq: 0 rg: 17 | total time: 1.79m | eta: 42.7m
step 00164/03814 (4.30%) | loss: 4.592499 | lrm: 1.00 | dt: 715.12ms | tok/sec: 91,643 | bf16_mfu: 0.00 | epoch: 1 pq: 0 rg: 17 | total time: 1.80m | eta: 42.7m
step 00165/03814 (4.33%) | loss: 4.601599 | lrm: 1.00 | dt: 724.11ms | tok/sec: 90,505 | bf16_mfu: 0.00 | epoch: 1 pq: 0 rg: 17 | total time: 1.81m | eta: 42.7m
step 00166/03814 (4.35%) | loss: 4.606504 | lrm: 1.00 | dt: 719.59ms | tok/sec: 91,074 | bf16_mfu: 0.00 | epoch: 1 pq: 0 rg: 17 | total time: 1.82m | eta: 42.7m
step 00167/03814 (4.38%) | loss: 4.588082 | lrm: 1.00 | dt: 721.54ms | tok/sec: 90,827 | bf16_mfu: 0.00 | epoch: 1 pq: 0 rg: 17 | total time: 1.84m | eta: 42.7m
step 00168/03814 (4.40%) | loss: 4.566533 | lrm: 1.00 | dt: 727.33ms | tok/sec: 90,104 | bf16_mfu: 0.00 | epoch: 1 pq: 0 rg: 17 | total time: 1.85m | eta: 42.7m
step 00169/03814 (4.43%) | loss: 4.567074 | lrm: 1.00 | dt: 723.10ms | tok/sec: 90,631 | bf16_mfu: 0.00 | epoch: 1 pq: 0 rg: 17 | total time: 1.86m | eta: 42.6m
step 00170/03814 (4.46%) | loss: 4.580731 | lrm: 1.00 | dt: 723.86ms | tok/sec: 90,537 | bf16_mfu: 0.00 | epoch: 1 pq: 0 rg: 17 | total time: 1.87m | eta: 42.6m
step 00171/03814 (4.48%) | loss: 4.584035 | lrm: 1.00 | dt: 728.27ms | tok/sec: 89,989 | bf16_mfu: 0.00 | epoch: 1 pq: 0 rg: 18 | total time: 1.88m | eta: 42.6m
step 00172/03814 (4.51%) | loss: 4.568801 | lrm: 1.00 | dt: 726.24ms | tok/sec: 90,239 | bf16_mfu: 0.00 | epoch: 1 pq: 0 rg: 18 | total time: 1.90m | eta: 42.6m
step 00173/03814 (4.54%) | loss: 4.571585 | lrm: 1.00 | dt: 728.23ms | tok/sec: 89,992 | bf16_mfu: 0.00 | epoch: 1 pq: 0 rg: 18 | total time: 1.91m | eta: 42.6m
step 00174/03814 (4.56%) | loss: 4.564209 | lrm: 1.00 | dt: 729.66ms | tok/sec: 89,817 | bf16_mfu: 0.00 | epoch: 1 pq: 0 rg: 18 | total time: 1.92m | eta: 42.6m
step 00175/03814 (4.59%) | loss: 4.536256 | lrm: 1.00 | dt: 726.36ms | tok/sec: 90,225 | bf16_mfu: 0.00 | epoch: 1 pq: 0 rg: 18 | total time: 1.93m | eta: 42.6m
step 00176/03814 (4.61%) | loss: 4.516297 | lrm: 1.00 | dt: 727.04ms | tok/sec: 90,140 | bf16_mfu: 0.00 | epoch: 1 pq: 0 rg: 18 | total time: 1.95m | eta: 42.6m
step 00177/03814 (4.64%) | loss: 4.527167 | lrm: 1.00 | dt: 725.25ms | tok/sec: 90,363 | bf16_mfu: 0.00 | epoch: 1 pq: 0 rg: 18 | total time: 1.96m | eta: 42.6m
step 00178/03814 (4.67%) | loss: 4.524187 | lrm: 1.00 | dt: 728.11ms | tok/sec: 90,008 | bf16_mfu: 0.00 | epoch: 1 pq: 0 rg: 18 | total time: 1.97m | eta: 42.6m
step 00179/03814 (4.69%) | loss: 4.503261 | lrm: 1.00 | dt: 729.48ms | tok/sec: 89,839 | bf16_mfu: 0.00 | epoch: 1 pq: 0 rg: 18 | total time: 1.98m | eta: 42.6m
step 00180/03814 (4.72%) | loss: 4.485866 | lrm: 1.00 | dt: 730.34ms | tok/sec: 89,733 | bf16_mfu: 0.00 | epoch: 1 pq: 0 rg: 18 | total time: 1.99m | eta: 42.6m
step 00181/03814 (4.75%) | loss: 4.484957 | lrm: 1.00 | dt: 727.77ms | tok/sec: 90,050 | bf16_mfu: 0.00 | epoch: 1 pq: 0 rg: 18 | total time: 2.01m | eta: 42.6m
step 00182/03814 (4.77%) | loss: 4.495042 | lrm: 1.00 | dt: 731.03ms | tok/sec: 89,649 | bf16_mfu: 0.00 | epoch: 1 pq: 0 rg: 19 | total time: 2.02m | eta: 42.6m
step 00183/03814 (4.80%) | loss: 4.478336 | lrm: 1.00 | dt: 733.72ms | tok/sec: 89,319 | bf16_mfu: 0.00 | epoch: 1 pq: 0 rg: 19 | total time: 2.03m | eta: 42.6m
step 00184/03814 (4.82%) | loss: 4.469516 | lrm: 1.00 | dt: 725.09ms | tok/sec: 90,383 | bf16_mfu: 0.00 | epoch: 1 pq: 0 rg: 19 | total time: 2.04m | eta: 42.6m
step 00185/03814 (4.85%) | loss: 4.464078 | lrm: 1.00 | dt: 727.85ms | tok/sec: 90,040 | bf16_mfu: 0.00 | epoch: 1 pq: 0 rg: 19 | total time: 2.05m | eta: 42.6m
step 00186/03814 (4.88%) | loss: 4.459310 | lrm: 1.00 | dt: 726.23ms | tok/sec: 90,240 | bf16_mfu: 0.00 | epoch: 1 pq: 0 rg: 19 | total time: 2.07m | eta: 42.6m
step 00187/03814 (4.90%) | loss: 4.437510 | lrm: 1.00 | dt: 730.64ms | tok/sec: 89,696 | bf16_mfu: 0.00 | epoch: 1 pq: 0 rg: 19 | total time: 2.08m | eta: 42.6m
step 00188/03814 (4.93%) | loss: 4.423639 | lrm: 1.00 | dt: 729.52ms | tok/sec: 89,834 | bf16_mfu: 0.00 | epoch: 1 pq: 0 rg: 19 | total time: 2.09m | eta: 42.6m
step 00189/03814 (4.96%) | loss: 4.399616 | lrm: 1.00 | dt: 728.49ms | tok/sec: 89,961 | bf16_mfu: 0.00 | epoch: 1 pq: 0 rg: 19 | total time: 2.10m | eta: 42.6m
step 00190/03814 (4.98%) | loss: 4.393991 | lrm: 1.00 | dt: 729.40ms | tok/sec: 89,849 | bf16_mfu: 0.00 | epoch: 1 pq: 0 rg: 19 | total time: 2.12m | eta: 42.6m
step 00191/03814 (5.01%) | loss: 4.383075 | lrm: 1.00 | dt: 744.03ms | tok/sec: 88,082 | bf16_mfu: 0.00 | epoch: 1 pq: 0 rg: 19 | total time: 2.13m | eta: 42.6m
step 00192/03814 (5.03%) | loss: 4.383486 | lrm: 1.00 | dt: 732.83ms | tok/sec: 89,428 | bf16_mfu: 0.00 | epoch: 1 pq: 0 rg: 19 | total time: 2.14m | eta: 42.6m
step 00193/03814 (5.06%) | loss: 4.367816 | lrm: 1.00 | dt: 732.11ms | tok/sec: 89,517 | bf16_mfu: 0.00 | epoch: 1 pq: 0 rg: 20 | total time: 2.15m | eta: 42.6m
step 00194/03814 (5.09%) | loss: 4.405848 | lrm: 1.00 | dt: 729.22ms | tok/sec: 89,871 | bf16_mfu: 0.00 | epoch: 1 pq: 0 rg: 20 | total time: 2.16m | eta: 42.6m
step 00195/03814 (5.11%) | loss: 4.385810 | lrm: 1.00 | dt: 728.24ms | tok/sec: 89,992 | bf16_mfu: 0.00 | epoch: 1 pq: 0 rg: 20 | total time: 2.18m | eta: 42.6m
step 00196/03814 (5.14%) | loss: 4.363718 | lrm: 1.00 | dt: 737.81ms | tok/sec: 88,825 | bf16_mfu: 0.00 | epoch: 1 pq: 0 rg: 20 | total time: 2.19m | eta: 42.6m
step 00197/03814 (5.17%) | loss: 4.369608 | lrm: 1.00 | dt: 734.03ms | tok/sec: 89,282 | bf16_mfu: 0.00 | epoch: 1 pq: 0 rg: 20 | total time: 2.20m | eta: 42.6m
step 00198/03814 (5.19%) | loss: 4.359708 | lrm: 1.00 | dt: 731.87ms | tok/sec: 89,546 | bf16_mfu: 0.00 | epoch: 1 pq: 0 rg: 20 | total time: 2.21m | eta: 42.6m
step 00199/03814 (5.22%) | loss: 4.348094 | lrm: 1.00 | dt: 730.10ms | tok/sec: 89,763 | bf16_mfu: 0.00 | epoch: 1 pq: 0 rg: 20 | total time: 2.23m | eta: 42.6m
step 00200/03814 (5.24%) | loss: 4.334013 | lrm: 1.00 | dt: 734.69ms | tok/sec: 89,201 | bf16_mfu: 0.00 | epoch: 1 pq: 0 rg: 20 | total time: 2.24m | eta: 42.6m
step 00201/03814 (5.27%) | loss: 4.339867 | lrm: 1.00 | dt: 734.82ms | tok/sec: 89,186 | bf16_mfu: 0.00 | epoch: 1 pq: 0 rg: 20 | total time: 2.25m | eta: 42.6m
step 00202/03814 (5.30%) | loss: 4.355083 | lrm: 1.00 | dt: 731.90ms | tok/sec: 89,541 | bf16_mfu: 0.00 | epoch: 1 pq: 0 rg: 20 | total time: 2.26m | eta: 42.6m
step 00203/03814 (5.32%) | loss: 4.359081 | lrm: 1.00 | dt: 730.69ms | tok/sec: 89,690 | bf16_mfu: 0.00 | epoch: 1 pq: 0 rg: 21 | total time: 2.27m | eta: 42.5m
step 00204/03814 (5.35%) | loss: 4.351449 | lrm: 1.00 | dt: 735.09ms | tok/sec: 89,153 | bf16_mfu: 0.00 | epoch: 1 pq: 0 rg: 21 | total time: 2.29m | eta: 42.5m
step 00205/03814 (5.37%) | loss: 4.346864 | lrm: 1.00 | dt: 732.92ms | tok/sec: 89,417 | bf16_mfu: 0.00 | epoch: 1 pq: 0 rg: 21 | total time: 2.30m | eta: 42.5m
step 00206/03814 (5.40%) | loss: 4.355966 | lrm: 1.00 | dt: 733.65ms | tok/sec: 89,328 | bf16_mfu: 0.00 | epoch: 1 pq: 0 rg: 21 | total time: 2.31m | eta: 42.5m
step 00207/03814 (5.43%) | loss: 4.353671 | lrm: 1.00 | dt: 733.35ms | tok/sec: 89,365 | bf16_mfu: 0.00 | epoch: 1 pq: 0 rg: 21 | total time: 2.32m | eta: 42.5m
step 00208/03814 (5.45%) | loss: 4.351141 | lrm: 1.00 | dt: 729.72ms | tok/sec: 89,809 | bf16_mfu: 0.00 | epoch: 1 pq: 0 rg: 21 | total time: 2.34m | eta: 42.5m
step 00209/03814 (5.48%) | loss: 4.334281 | lrm: 1.00 | dt: 730.89ms | tok/sec: 89,665 | bf16_mfu: 0.00 | epoch: 1 pq: 0 rg: 21 | total time: 2.35m | eta: 42.5m
step 00210/03814 (5.51%) | loss: 4.340992 | lrm: 1.00 | dt: 730.24ms | tok/sec: 89,746 | bf16_mfu: 0.00 | epoch: 1 pq: 0 rg: 21 | total time: 2.36m | eta: 42.5m
step 00211/03814 (5.53%) | loss: 4.319656 | lrm: 1.00 | dt: 731.87ms | tok/sec: 89,546 | bf16_mfu: 0.00 | epoch: 1 pq: 0 rg: 21 | total time: 2.37m | eta: 42.5m
step 00212/03814 (5.56%) | loss: 4.321293 | lrm: 1.00 | dt: 730.50ms | tok/sec: 89,713 | bf16_mfu: 0.00 | epoch: 1 pq: 0 rg: 21 | total time: 2.38m | eta: 42.5m
step 00213/03814 (5.58%) | loss: 4.304297 | lrm: 1.00 | dt: 730.90ms | tok/sec: 89,664 | bf16_mfu: 0.00 | epoch: 1 pq: 0 rg: 21 | total time: 2.40m | eta: 42.5m
step 00214/03814 (5.61%) | loss: 4.298244 | lrm: 1.00 | dt: 728.28ms | tok/sec: 89,987 | bf16_mfu: 0.00 | epoch: 1 pq: 0 rg: 22 | total time: 2.41m | eta: 42.5m
step 00215/03814 (5.64%) | loss: 4.318989 | lrm: 1.00 | dt: 734.78ms | tok/sec: 89,190 | bf16_mfu: 0.00 | epoch: 1 pq: 0 rg: 22 | total time: 2.42m | eta: 42.5m
step 00216/03814 (5.66%) | loss: 4.302776 | lrm: 1.00 | dt: 723.65ms | tok/sec: 90,562 | bf16_mfu: 0.00 | epoch: 1 pq: 0 rg: 22 | total time: 2.43m | eta: 42.5m
step 00217/03814 (5.69%) | loss: 4.289714 | lrm: 1.00 | dt: 727.89ms | tok/sec: 90,035 | bf16_mfu: 0.00 | epoch: 1 pq: 0 rg: 22 | total time: 2.44m | eta: 42.5m
step 00218/03814 (5.72%) | loss: 4.275977 | lrm: 1.00 | dt: 729.44ms | tok/sec: 89,843 | bf16_mfu: 0.00 | epoch: 1 pq: 0 rg: 22 | total time: 2.46m | eta: 42.5m
step 00219/03814 (5.74%) | loss: 4.282874 | lrm: 1.00 | dt: 724.96ms | tok/sec: 90,399 | bf16_mfu: 0.00 | epoch: 1 pq: 0 rg: 22 | total time: 2.47m | eta: 42.5m
step 00220/03814 (5.77%) | loss: 4.282295 | lrm: 1.00 | dt: 761.37ms | tok/sec: 86,075 | bf16_mfu: 0.00 | epoch: 1 pq: 0 rg: 22 | total time: 2.48m | eta: 42.5m
step 00221/03814 (5.79%) | loss: 4.272414 | lrm: 1.00 | dt: 731.42ms | tok/sec: 89,600 | bf16_mfu: 0.00 | epoch: 1 pq: 0 rg: 22 | total time: 2.49m | eta: 42.5m
step 00222/03814 (5.82%) | loss: 4.258838 | lrm: 1.00 | dt: 729.40ms | tok/sec: 89,849 | bf16_mfu: 0.00 | epoch: 1 pq: 0 rg: 22 | total time: 2.51m | eta: 42.5m
step 00223/03814 (5.85%) | loss: 4.246754 | lrm: 1.00 | dt: 727.40ms | tok/sec: 90,096 | bf16_mfu: 0.00 | epoch: 1 pq: 0 rg: 22 | total time: 2.52m | eta: 42.5m
step 00224/03814 (5.87%) | loss: 4.245133 | lrm: 1.00 | dt: 721.89ms | tok/sec: 90,783 | bf16_mfu: 0.00 | epoch: 1 pq: 0 rg: 23 | total time: 2.53m | eta: 42.4m
step 00225/03814 (5.90%) | loss: 4.229727 | lrm: 1.00 | dt: 722.41ms | tok/sec: 90,718 | bf16_mfu: 0.00 | epoch: 1 pq: 0 rg: 23 | total time: 2.54m | eta: 42.4m
step 00226/03814 (5.93%) | loss: 4.216765 | lrm: 1.00 | dt: 729.38ms | tok/sec: 89,851 | bf16_mfu: 0.00 | epoch: 1 pq: 0 rg: 23 | total time: 2.55m | eta: 42.4m
step 00227/03814 (5.95%) | loss: 4.242906 | lrm: 1.00 | dt: 725.84ms | tok/sec: 90,289 | bf16_mfu: 0.00 | epoch: 1 pq: 0 rg: 23 | total time: 2.57m | eta: 42.4m
step 00228/03814 (5.98%) | loss: 4.249516 | lrm: 1.00 | dt: 726.28ms | tok/sec: 90,235 | bf16_mfu: 0.00 | epoch: 1 pq: 0 rg: 23 | total time: 2.58m | eta: 42.4m
step 00229/03814 (6.00%) | loss: 4.246868 | lrm: 1.00 | dt: 730.15ms | tok/sec: 89,756 | bf16_mfu: 0.00 | epoch: 1 pq: 0 rg: 23 | total time: 2.59m | eta: 42.4m
step 00230/03814 (6.03%) | loss: 4.231083 | lrm: 1.00 | dt: 725.28ms | tok/sec: 90,359 | bf16_mfu: 0.00 | epoch: 1 pq: 0 rg: 23 | total time: 2.60m | eta: 42.4m
step 00231/03814 (6.06%) | loss: 4.238927 | lrm: 1.00 | dt: 720.98ms | tok/sec: 90,899 | bf16_mfu: 0.00 | epoch: 1 pq: 0 rg: 23 | total time: 2.61m | eta: 42.4m
step 00232/03814 (6.08%) | loss: 4.249273 | lrm: 1.00 | dt: 723.28ms | tok/sec: 90,609 | bf16_mfu: 0.00 | epoch: 1 pq: 0 rg: 23 | total time: 2.63m | eta: 42.4m
step 00233/03814 (6.11%) | loss: 4.226353 | lrm: 1.00 | dt: 724.53ms | tok/sec: 90,452 | bf16_mfu: 0.00 | epoch: 1 pq: 0 rg: 23 | total time: 2.64m | eta: 42.4m
step 00234/03814 (6.14%) | loss: 4.215493 | lrm: 1.00 | dt: 726.95ms | tok/sec: 90,152 | bf16_mfu: 0.00 | epoch: 1 pq: 0 rg: 23 | total time: 2.65m | eta: 42.4m
step 00235/03814 (6.16%) | loss: 4.225861 | lrm: 1.00 | dt: 724.43ms | tok/sec: 90,465 | bf16_mfu: 0.00 | epoch: 1 pq: 0 rg: 24 | total time: 2.66m | eta: 42.4m
step 00236/03814 (6.19%) | loss: 4.232154 | lrm: 1.00 | dt: 723.90ms | tok/sec: 90,531 | bf16_mfu: 0.00 | epoch: 1 pq: 0 rg: 24 | total time: 2.68m | eta: 42.4m
step 00237/03814 (6.21%) | loss: 4.220596 | lrm: 1.00 | dt: 726.15ms | tok/sec: 90,251 | bf16_mfu: 0.00 | epoch: 1 pq: 0 rg: 24 | total time: 2.69m | eta: 42.3m
step 00238/03814 (6.24%) | loss: 4.196507 | lrm: 1.00 | dt: 724.55ms | tok/sec: 90,450 | bf16_mfu: 0.00 | epoch: 1 pq: 0 rg: 24 | total time: 2.70m | eta: 42.3m
step 00239/03814 (6.27%) | loss: 4.172947 | lrm: 1.00 | dt: 723.07ms | tok/sec: 90,635 | bf16_mfu: 0.00 | epoch: 1 pq: 0 rg: 24 | total time: 2.71m | eta: 42.3m
step 00240/03814 (6.29%) | loss: 4.177727 | lrm: 1.00 | dt: 718.15ms | tok/sec: 91,256 | bf16_mfu: 0.00 | epoch: 1 pq: 0 rg: 24 | total time: 2.72m | eta: 42.3m
step 00241/03814 (6.32%) | loss: 4.158824 | lrm: 1.00 | dt: 722.00ms | tok/sec: 90,769 | bf16_mfu: 0.00 | epoch: 1 pq: 0 rg: 24 | total time: 2.74m | eta: 42.3m
step 00242/03814 (6.35%) | loss: 4.136542 | lrm: 1.00 | dt: 725.77ms | tok/sec: 90,298 | bf16_mfu: 0.00 | epoch: 1 pq: 0 rg: 24 | total time: 2.75m | eta: 42.3m
step 00243/03814 (6.37%) | loss: 4.140260 | lrm: 1.00 | dt: 726.19ms | tok/sec: 90,246 | bf16_mfu: 0.00 | epoch: 1 pq: 0 rg: 24 | total time: 2.76m | eta: 42.3m
step 00244/03814 (6.40%) | loss: 4.138768 | lrm: 1.00 | dt: 721.00ms | tok/sec: 90,896 | bf16_mfu: 0.00 | epoch: 1 pq: 0 rg: 24 | total time: 2.77m | eta: 42.3m
step 00245/03814 (6.42%) | loss: 4.132854 | lrm: 1.00 | dt: 738.00ms | tok/sec: 88,802 | bf16_mfu: 0.00 | epoch: 1 pq: 0 rg: 25 | total time: 2.78m | eta: 42.3m
step 00246/03814 (6.45%) | loss: 4.129395 | lrm: 1.00 | dt: 726.80ms | tok/sec: 90,170 | bf16_mfu: 0.00 | epoch: 1 pq: 0 rg: 25 | total time: 2.80m | eta: 42.3m
step 00247/03814 (6.48%) | loss: 4.121984 | lrm: 1.00 | dt: 718.24ms | tok/sec: 91,245 | bf16_mfu: 0.00 | epoch: 1 pq: 0 rg: 25 | total time: 2.81m | eta: 42.3m
step 00248/03814 (6.50%) | loss: 4.128449 | lrm: 1.00 | dt: 719.38ms | tok/sec: 91,100 | bf16_mfu: 0.00 | epoch: 1 pq: 0 rg: 25 | total time: 2.82m | eta: 42.3m
step 00249/03814 (6.53%) | loss: 4.133831 | lrm: 1.00 | dt: 717.36ms | tok/sec: 91,357 | bf16_mfu: 0.00 | epoch: 1 pq: 0 rg: 25 | total time: 2.83m | eta: 42.2m
step 00250/03814 (6.55%) | loss: 4.125425 | lrm: 1.00 | dt: 721.95ms | tok/sec: 90,776 | bf16_mfu: 0.00 | epoch: 1 pq: 0 rg: 25 | total time: 2.84m | eta: 42.2m
step 00251/03814 (6.58%) | loss: 4.120648 | lrm: 1.00 | dt: 718.64ms | tok/sec: 91,195 | bf16_mfu: 0.00 | epoch: 1 pq: 0 rg: 25 | total time: 2.86m | eta: 42.2m
step 00252/03814 (6.61%) | loss: 4.118286 | lrm: 1.00 | dt: 773.05ms | tok/sec: 84,776 | bf16_mfu: 0.00 | epoch: 1 pq: 0 rg: 25 | total time: 2.87m | eta: 42.2m
step 00253/03814 (6.63%) | loss: 4.113632 | lrm: 1.00 | dt: 721.50ms | tok/sec: 90,832 | bf16_mfu: 0.00 | epoch: 1 pq: 0 rg: 25 | total time: 2.88m | eta: 42.2m
step 00254/03814 (6.66%) | loss: 4.091689 | lrm: 1.00 | dt: 724.28ms | tok/sec: 90,484 | bf16_mfu: 0.00 | epoch: 1 pq: 0 rg: 25 | total time: 2.89m | eta: 42.2m
step 00255/03814 (6.69%) | loss: 4.089754 | lrm: 1.00 | dt: 725.42ms | tok/sec: 90,341 | bf16_mfu: 0.00 | epoch: 1 pq: 0 rg: 25 | total time: 2.91m | eta: 42.2m
step 00256/03814 (6.71%) | loss: 4.081728 | lrm: 1.00 | dt: 717.34ms | tok/sec: 91,359 | bf16_mfu: 0.00 | epoch: 1 pq: 0 rg: 26 | total time: 2.92m | eta: 42.2m
step 00257/03814 (6.74%) | loss: 4.069727 | lrm: 1.00 | dt: 718.48ms | tok/sec: 91,214 | bf16_mfu: 0.00 | epoch: 1 pq: 0 rg: 26 | total time: 2.93m | eta: 42.2m
step 00258/03814 (6.76%) | loss: 4.058364 | lrm: 1.00 | dt: 723.72ms | tok/sec: 90,554 | bf16_mfu: 0.00 | epoch: 1 pq: 0 rg: 26 | total time: 2.94m | eta: 42.2m
step 00259/03814 (6.79%) | loss: 4.073238 | lrm: 1.00 | dt: 718.23ms | tok/sec: 91,246 | bf16_mfu: 0.00 | epoch: 1 pq: 0 rg: 26 | total time: 2.95m | eta: 42.2m
step 00260/03814 (6.82%) | loss: 4.062033 | lrm: 1.00 | dt: 719.76ms | tok/sec: 91,052 | bf16_mfu: 0.00 | epoch: 1 pq: 0 rg: 26 | total time: 2.97m | eta: 42.2m
step 00261/03814 (6.84%) | loss: 4.057576 | lrm: 1.00 | dt: 717.85ms | tok/sec: 91,294 | bf16_mfu: 0.00 | epoch: 1 pq: 0 rg: 26 | total time: 2.98m | eta: 42.1m
step 00262/03814 (6.87%) | loss: 4.055095 | lrm: 1.00 | dt: 722.47ms | tok/sec: 90,711 | bf16_mfu: 0.00 | epoch: 1 pq: 0 rg: 26 | total time: 2.99m | eta: 42.1m
step 00263/03814 (6.90%) | loss: 4.064977 | lrm: 1.00 | dt: 717.93ms | tok/sec: 91,284 | bf16_mfu: 0.00 | epoch: 1 pq: 0 rg: 26 | total time: 3.00m | eta: 42.1m
step 00264/03814 (6.92%) | loss: 4.073321 | lrm: 1.00 | dt: 721.62ms | tok/sec: 90,817 | bf16_mfu: 0.00 | epoch: 1 pq: 0 rg: 26 | total time: 3.01m | eta: 42.1m
step 00265/03814 (6.95%) | loss: 4.072360 | lrm: 1.00 | dt: 718.67ms | tok/sec: 91,191 | bf16_mfu: 0.00 | epoch: 1 pq: 0 rg: 26 | total time: 3.02m | eta: 42.1m
step 00266/03814 (6.97%) | loss: 4.057053 | lrm: 1.00 | dt: 722.61ms | tok/sec: 90,693 | bf16_mfu: 0.00 | epoch: 1 pq: 0 rg: 26 | total time: 3.04m | eta: 42.1m
step 00267/03814 (7.00%) | loss: 4.071908 | lrm: 1.00 | dt: 724.09ms | tok/sec: 90,507 | bf16_mfu: 0.00 | epoch: 1 pq: 0 rg: 27 | total time: 3.05m | eta: 42.1m
step 00268/03814 (7.03%) | loss: 4.085054 | lrm: 1.00 | dt: 718.21ms | tok/sec: 91,249 | bf16_mfu: 0.00 | epoch: 1 pq: 0 rg: 27 | total time: 3.06m | eta: 42.1m
step 00269/03814 (7.05%) | loss: 4.067647 | lrm: 1.00 | dt: 723.78ms | tok/sec: 90,547 | bf16_mfu: 0.00 | epoch: 1 pq: 0 rg: 27 | total time: 3.07m | eta: 42.1m
step 00270/03814 (7.08%) | loss: 4.045087 | lrm: 1.00 | dt: 725.73ms | tok/sec: 90,303 | bf16_mfu: 0.00 | epoch: 1 pq: 0 rg: 27 | total time: 3.09m | eta: 42.1m
step 00271/03814 (7.11%) | loss: 4.037351 | lrm: 1.00 | dt: 720.60ms | tok/sec: 90,946 | bf16_mfu: 0.00 | epoch: 1 pq: 0 rg: 27 | total time: 3.10m | eta: 42.0m
step 00272/03814 (7.13%) | loss: 4.031532 | lrm: 1.00 | dt: 720.34ms | tok/sec: 90,978 | bf16_mfu: 0.00 | epoch: 1 pq: 0 rg: 27 | total time: 3.11m | eta: 42.0m
step 00273/03814 (7.16%) | loss: 4.017640 | lrm: 1.00 | dt: 725.20ms | tok/sec: 90,369 | bf16_mfu: 0.00 | epoch: 1 pq: 0 rg: 27 | total time: 3.12m | eta: 42.0m
step 00274/03814 (7.18%) | loss: 4.001795 | lrm: 1.00 | dt: 720.36ms | tok/sec: 90,977 | bf16_mfu: 0.00 | epoch: 1 pq: 0 rg: 27 | total time: 3.13m | eta: 42.0m
step 00275/03814 (7.21%) | loss: 3.994403 | lrm: 1.00 | dt: 722.57ms | tok/sec: 90,698 | bf16_mfu: 0.00 | epoch: 1 pq: 0 rg: 27 | total time: 3.15m | eta: 42.0m
step 00276/03814 (7.24%) | loss: 4.015722 | lrm: 1.00 | dt: 722.65ms | tok/sec: 90,687 | bf16_mfu: 0.00 | epoch: 1 pq: 0 rg: 27 | total time: 3.16m | eta: 42.0m
step 00277/03814 (7.26%) | loss: 4.021074 | lrm: 1.00 | dt: 721.05ms | tok/sec: 90,890 | bf16_mfu: 0.00 | epoch: 1 pq: 0 rg: 28 | total time: 3.17m | eta: 42.0m
step 00278/03814 (7.29%) | loss: 4.021194 | lrm: 1.00 | dt: 723.10ms | tok/sec: 90,632 | bf16_mfu: 0.00 | epoch: 1 pq: 0 rg: 28 | total time: 3.18m | eta: 42.0m
step 00279/03814 (7.32%) | loss: 4.006984 | lrm: 1.00 | dt: 725.40ms | tok/sec: 90,344 | bf16_mfu: 0.00 | epoch: 1 pq: 0 rg: 28 | total time: 3.19m | eta: 42.0m
step 00280/03814 (7.34%) | loss: 4.007236 | lrm: 1.00 | dt: 719.92ms | tok/sec: 91,032 | bf16_mfu: 0.00 | epoch: 1 pq: 0 rg: 28 | total time: 3.21m | eta: 42.0m
step 00281/03814 (7.37%) | loss: 4.000272 | lrm: 1.00 | dt: 725.32ms | tok/sec: 90,354 | bf16_mfu: 0.00 | epoch: 1 pq: 0 rg: 28 | total time: 3.22m | eta: 41.9m
step 00282/03814 (7.39%) | loss: 4.000430 | lrm: 1.00 | dt: 722.41ms | tok/sec: 90,718 | bf16_mfu: 0.00 | epoch: 1 pq: 0 rg: 28 | total time: 3.23m | eta: 41.9m
step 00283/03814 (7.42%) | loss: 3.989807 | lrm: 1.00 | dt: 728.02ms | tok/sec: 90,018 | bf16_mfu: 0.00 | epoch: 1 pq: 0 rg: 28 | total time: 3.24m | eta: 41.9m
step 00284/03814 (7.45%) | loss: 3.976608 | lrm: 1.00 | dt: 726.95ms | tok/sec: 90,152 | bf16_mfu: 0.00 | epoch: 1 pq: 0 rg: 28 | total time: 3.25m | eta: 41.9m
step 00285/03814 (7.47%) | loss: 3.998174 | lrm: 1.00 | dt: 723.76ms | tok/sec: 90,549 | bf16_mfu: 0.00 | epoch: 1 pq: 0 rg: 28 | total time: 3.27m | eta: 41.9m
step 00286/03814 (7.50%) | loss: 3.977434 | lrm: 1.00 | dt: 721.95ms | tok/sec: 90,775 | bf16_mfu: 0.00 | epoch: 1 pq: 0 rg: 28 | total time: 3.28m | eta: 41.9m
step 00287/03814 (7.52%) | loss: 3.964588 | lrm: 1.00 | dt: 723.41ms | tok/sec: 90,592 | bf16_mfu: 0.00 | epoch: 1 pq: 0 rg: 28 | total time: 3.29m | eta: 41.9m
step 00288/03814 (7.55%) | loss: 3.958801 | lrm: 1.00 | dt: 829.52ms | tok/sec: 79,005 | bf16_mfu: 0.00 | epoch: 1 pq: 0 rg: 29 | total time: 3.30m | eta: 41.9m
step 00289/03814 (7.58%) | loss: 3.970752 | lrm: 1.00 | dt: 727.94ms | tok/sec: 90,029 | bf16_mfu: 0.00 | epoch: 1 pq: 0 rg: 29 | total time: 3.32m | eta: 41.9m
step 00290/03814 (7.60%) | loss: 3.966795 | lrm: 1.00 | dt: 728.13ms | tok/sec: 90,006 | bf16_mfu: 0.00 | epoch: 1 pq: 0 rg: 29 | total time: 3.33m | eta: 41.9m
step 00291/03814 (7.63%) | loss: 3.947310 | lrm: 1.00 | dt: 728.60ms | tok/sec: 89,947 | bf16_mfu: 0.00 | epoch: 1 pq: 0 rg: 29 | total time: 3.34m | eta: 41.9m
step 00292/03814 (7.66%) | loss: 3.954280 | lrm: 1.00 | dt: 720.87ms | tok/sec: 90,912 | bf16_mfu: 0.00 | epoch: 1 pq: 0 rg: 29 | total time: 3.35m | eta: 41.9m
step 00293/03814 (7.68%) | loss: 3.961145 | lrm: 1.00 | dt: 730.06ms | tok/sec: 89,767 | bf16_mfu: 0.00 | epoch: 1 pq: 0 rg: 29 | total time: 3.36m | eta: 41.9m
step 00294/03814 (7.71%) | loss: 3.960564 | lrm: 1.00 | dt: 721.24ms | tok/sec: 90,866 | bf16_mfu: 0.00 | epoch: 1 pq: 0 rg: 29 | total time: 3.38m | eta: 41.9m
step 00295/03814 (7.73%) | loss: 3.939035 | lrm: 1.00 | dt: 724.04ms | tok/sec: 90,513 | bf16_mfu: 0.00 | epoch: 1 pq: 0 rg: 29 | total time: 3.39m | eta: 41.8m
step 00296/03814 (7.76%) | loss: 3.938000 | lrm: 1.00 | dt: 726.74ms | tok/sec: 90,178 | bf16_mfu: 0.00 | epoch: 1 pq: 0 rg: 29 | total time: 3.40m | eta: 41.8m
step 00297/03814 (7.79%) | loss: 3.924311 | lrm: 1.00 | dt: 726.46ms | tok/sec: 90,213 | bf16_mfu: 0.00 | epoch: 1 pq: 0 rg: 29 | total time: 3.41m | eta: 41.8m
step 00298/03814 (7.81%) | loss: 3.905725 | lrm: 1.00 | dt: 731.53ms | tok/sec: 89,587 | bf16_mfu: 0.00 | epoch: 1 pq: 0 rg: 30 | total time: 3.43m | eta: 41.8m
step 00299/03814 (7.84%) | loss: 3.893427 | lrm: 1.00 | dt: 726.72ms | tok/sec: 90,180 | bf16_mfu: 0.00 | epoch: 1 pq: 0 rg: 30 | total time: 3.44m | eta: 41.8m
step 00300/03814 (7.87%) | loss: 3.898525 | lrm: 1.00 | dt: 731.97ms | tok/sec: 89,533 | bf16_mfu: 0.00 | epoch: 1 pq: 0 rg: 30 | total time: 3.45m | eta: 41.8m
step 00301/03814 (7.89%) | loss: 3.896392 | lrm: 1.00 | dt: 724.06ms | tok/sec: 90,512 | bf16_mfu: 0.00 | epoch: 1 pq: 0 rg: 30 | total time: 3.46m | eta: 41.8m
step 00302/03814 (7.92%) | loss: 3.888552 | lrm: 1.00 | dt: 728.08ms | tok/sec: 90,012 | bf16_mfu: 0.00 | epoch: 1 pq: 0 rg: 30 | total time: 3.47m | eta: 41.8m
step 00303/03814 (7.94%) | loss: 3.874633 | lrm: 1.00 | dt: 727.61ms | tok/sec: 90,069 | bf16_mfu: 0.00 | epoch: 1 pq: 0 rg: 30 | total time: 3.49m | eta: 41.8m
step 00304/03814 (7.97%) | loss: 3.891073 | lrm: 1.00 | dt: 725.19ms | tok/sec: 90,371 | bf16_mfu: 0.00 | epoch: 1 pq: 0 rg: 30 | total time: 3.50m | eta: 41.8m
step 00305/03814 (8.00%) | loss: 3.902422 | lrm: 1.00 | dt: 724.17ms | tok/sec: 90,497 | bf16_mfu: 0.00 | epoch: 1 pq: 0 rg: 30 | total time: 3.51m | eta: 41.7m
step 00306/03814 (8.02%) | loss: 3.896826 | lrm: 1.00 | dt: 721.84ms | tok/sec: 90,789 | bf16_mfu: 0.00 | epoch: 1 pq: 0 rg: 30 | total time: 3.52m | eta: 41.7m
step 00307/03814 (8.05%) | loss: 3.888038 | lrm: 1.00 | dt: 725.93ms | tok/sec: 90,279 | bf16_mfu: 0.00 | epoch: 1 pq: 0 rg: 30 | total time: 3.53m | eta: 41.7m
step 00308/03814 (8.08%) | loss: 3.881746 | lrm: 1.00 | dt: 727.68ms | tok/sec: 90,061 | bf16_mfu: 0.00 | epoch: 1 pq: 0 rg: 30 | total time: 3.55m | eta: 41.7m
step 00309/03814 (8.10%) | loss: 3.859189 | lrm: 1.00 | dt: 744.38ms | tok/sec: 88,041 | bf16_mfu: 0.00 | epoch: 1 pq: 0 rg: 31 | total time: 3.56m | eta: 41.7m
step 00310/03814 (8.13%) | loss: 3.863361 | lrm: 1.00 | dt: 718.24ms | tok/sec: 91,245 | bf16_mfu: 0.00 | epoch: 1 pq: 0 rg: 31 | total time: 3.57m | eta: 41.7m
step 00311/03814 (8.15%) | loss: 3.842561 | lrm: 1.00 | dt: 722.98ms | tok/sec: 90,646 | bf16_mfu: 0.00 | epoch: 1 pq: 0 rg: 31 | total time: 3.58m | eta: 41.7m
step 00312/03814 (8.18%) | loss: 3.830992 | lrm: 1.00 | dt: 723.10ms | tok/sec: 90,632 | bf16_mfu: 0.00 | epoch: 1 pq: 0 rg: 31 | total time: 3.59m | eta: 41.7m
step 00313/03814 (8.21%) | loss: 3.832221 | lrm: 1.00 | dt: 724.63ms | tok/sec: 90,440 | bf16_mfu: 0.00 | epoch: 1 pq: 0 rg: 31 | total time: 3.61m | eta: 41.7m
step 00314/03814 (8.23%) | loss: 3.828561 | lrm: 1.00 | dt: 722.84ms | tok/sec: 90,664 | bf16_mfu: 0.00 | epoch: 1 pq: 0 rg: 31 | total time: 3.62m | eta: 41.7m
step 00315/03814 (8.26%) | loss: 3.813134 | lrm: 1.00 | dt: 825.47ms | tok/sec: 79,391 | bf16_mfu: 0.00 | epoch: 1 pq: 0 rg: 31 | total time: 3.63m | eta: 41.7m
step 00316/03814 (8.29%) | loss: 3.798679 | lrm: 1.00 | dt: 728.72ms | tok/sec: 89,932 | bf16_mfu: 0.00 | epoch: 1 pq: 0 rg: 31 | total time: 3.64m | eta: 41.7m
step 00317/03814 (8.31%) | loss: 3.807226 | lrm: 1.00 | dt: 728.88ms | tok/sec: 89,913 | bf16_mfu: 0.00 | epoch: 1 pq: 0 rg: 31 | total time: 3.66m | eta: 41.7m
step 00318/03814 (8.34%) | loss: 3.803768 | lrm: 1.00 | dt: 727.31ms | tok/sec: 90,106 | bf16_mfu: 0.00 | epoch: 1 pq: 0 rg: 31 | total time: 3.67m | eta: 41.6m
step 00319/03814 (8.36%) | loss: 3.793592 | lrm: 1.00 | dt: 724.87ms | tok/sec: 90,410 | bf16_mfu: 0.00 | epoch: 1 pq: 0 rg: 32 | total time: 3.68m | eta: 41.6m
step 00320/03814 (8.39%) | loss: 3.788849 | lrm: 1.00 | dt: 730.02ms | tok/sec: 89,772 | bf16_mfu: 0.00 | epoch: 1 pq: 0 rg: 32 | total time: 3.69m | eta: 41.6m
step 00321/03814 (8.42%) | loss: 3.789768 | lrm: 1.00 | dt: 732.02ms | tok/sec: 89,527 | bf16_mfu: 0.00 | epoch: 1 pq: 0 rg: 32 | total time: 3.71m | eta: 41.6m
step 00322/03814 (8.44%) | loss: 3.781235 | lrm: 1.00 | dt: 725.94ms | tok/sec: 90,277 | bf16_mfu: 0.00 | epoch: 1 pq: 0 rg: 32 | total time: 3.72m | eta: 41.6m
step 00323/03814 (8.47%) | loss: 3.778691 | lrm: 1.00 | dt: 728.20ms | tok/sec: 89,997 | bf16_mfu: 0.00 | epoch: 1 pq: 0 rg: 32 | total time: 3.73m | eta: 41.6m
step 00324/03814 (8.50%) | loss: 3.752233 | lrm: 1.00 | dt: 735.85ms | tok/sec: 89,062 | bf16_mfu: 0.00 | epoch: 1 pq: 0 rg: 32 | total time: 3.74m | eta: 41.6m
step 00325/03814 (8.52%) | loss: 3.740663 | lrm: 1.00 | dt: 721.41ms | tok/sec: 90,844 | bf16_mfu: 0.00 | epoch: 1 pq: 0 rg: 32 | total time: 3.75m | eta: 41.6m
step 00326/03814 (8.55%) | loss: 3.747836 | lrm: 1.00 | dt: 728.66ms | tok/sec: 89,940 | bf16_mfu: 0.00 | epoch: 1 pq: 0 rg: 32 | total time: 3.77m | eta: 41.6m
step 00327/03814 (8.57%) | loss: 3.745885 | lrm: 1.00 | dt: 724.61ms | tok/sec: 90,442 | bf16_mfu: 0.00 | epoch: 1 pq: 0 rg: 32 | total time: 3.78m | eta: 41.6m
step 00328/03814 (8.60%) | loss: 3.741805 | lrm: 1.00 | dt: 722.31ms | tok/sec: 90,731 | bf16_mfu: 0.00 | epoch: 1 pq: 0 rg: 32 | total time: 3.79m | eta: 41.5m
step 00329/03814 (8.63%) | loss: 3.733866 | lrm: 1.00 | dt: 718.48ms | tok/sec: 91,214 | bf16_mfu: 0.00 | epoch: 1 pq: 0 rg: 32 | total time: 3.80m | eta: 41.5m
step 00330/03814 (8.65%) | loss: 3.731432 | lrm: 1.00 | dt: 727.43ms | tok/sec: 90,093 | bf16_mfu: 0.00 | epoch: 1 pq: 0 rg: 33 | total time: 3.81m | eta: 41.5m
step 00331/03814 (8.68%) | loss: 3.728804 | lrm: 1.00 | dt: 723.67ms | tok/sec: 90,560 | bf16_mfu: 0.00 | epoch: 1 pq: 0 rg: 33 | total time: 3.83m | eta: 41.5m
step 00332/03814 (8.70%) | loss: 3.712184 | lrm: 1.00 | dt: 720.08ms | tok/sec: 91,011 | bf16_mfu: 0.00 | epoch: 1 pq: 0 rg: 33 | total time: 3.84m | eta: 41.5m
step 00333/03814 (8.73%) | loss: 3.712878 | lrm: 1.00 | dt: 730.20ms | tok/sec: 89,751 | bf16_mfu: 0.00 | epoch: 1 pq: 0 rg: 33 | total time: 3.85m | eta: 41.5m
step 00334/03814 (8.76%) | loss: 3.705988 | lrm: 1.00 | dt: 723.08ms | tok/sec: 90,634 | bf16_mfu: 0.00 | epoch: 1 pq: 0 rg: 33 | total time: 3.86m | eta: 41.5m
step 00335/03814 (8.78%) | loss: 3.707328 | lrm: 1.00 | dt: 725.17ms | tok/sec: 90,373 | bf16_mfu: 0.00 | epoch: 1 pq: 0 rg: 33 | total time: 3.87m | eta: 41.5m
step 00336/03814 (8.81%) | loss: 3.698160 | lrm: 1.00 | dt: 724.91ms | tok/sec: 90,405 | bf16_mfu: 0.00 | epoch: 1 pq: 0 rg: 33 | total time: 3.89m | eta: 41.5m
step 00337/03814 (8.84%) | loss: 3.705922 | lrm: 1.00 | dt: 724.81ms | tok/sec: 90,418 | bf16_mfu: 0.00 | epoch: 1 pq: 0 rg: 33 | total time: 3.90m | eta: 41.5m
step 00338/03814 (8.86%) | loss: 3.697380 | lrm: 1.00 | dt: 727.30ms | tok/sec: 90,108 | bf16_mfu: 0.00 | epoch: 1 pq: 0 rg: 33 | total time: 3.91m | eta: 41.4m
step 00339/03814 (8.89%) | loss: 3.686811 | lrm: 1.00 | dt: 724.06ms | tok/sec: 90,511 | bf16_mfu: 0.00 | epoch: 1 pq: 0 rg: 33 | total time: 3.92m | eta: 41.4m
step 00340/03814 (8.91%) | loss: 3.678985 | lrm: 1.00 | dt: 728.80ms | tok/sec: 89,922 | bf16_mfu: 0.00 | epoch: 1 pq: 0 rg: 34 | total time: 3.94m | eta: 41.4m
step 00341/03814 (8.94%) | loss: 3.660935 | lrm: 1.00 | dt: 725.67ms | tok/sec: 90,311 | bf16_mfu: 0.00 | epoch: 1 pq: 0 rg: 34 | total time: 3.95m | eta: 41.4m
step 00342/03814 (8.97%) | loss: 3.663434 | lrm: 1.00 | dt: 720.15ms | tok/sec: 91,003 | bf16_mfu: 0.00 | epoch: 1 pq: 0 rg: 34 | total time: 3.96m | eta: 41.4m
step 00343/03814 (8.99%) | loss: 3.661917 | lrm: 1.00 | dt: 721.41ms | tok/sec: 90,844 | bf16_mfu: 0.00 | epoch: 1 pq: 0 rg: 34 | total time: 3.97m | eta: 41.4m
step 00344/03814 (9.02%) | loss: 3.667104 | lrm: 1.00 | dt: 726.89ms | tok/sec: 90,159 | bf16_mfu: 0.00 | epoch: 1 pq: 0 rg: 34 | total time: 3.98m | eta: 41.4m
step 00345/03814 (9.05%) | loss: 3.659916 | lrm: 1.00 | dt: 727.55ms | tok/sec: 90,077 | bf16_mfu: 0.00 | epoch: 1 pq: 0 rg: 34 | total time: 4.00m | eta: 41.4m
step 00346/03814 (9.07%) | loss: 3.649463 | lrm: 1.00 | dt: 724.41ms | tok/sec: 90,467 | bf16_mfu: 0.00 | epoch: 1 pq: 0 rg: 34 | total time: 4.01m | eta: 41.4m
step 00347/03814 (9.10%) | loss: 3.653597 | lrm: 1.00 | dt: 723.94ms | tok/sec: 90,526 | bf16_mfu: 0.00 | epoch: 1 pq: 0 rg: 34 | total time: 4.02m | eta: 41.4m
step 00348/03814 (9.12%) | loss: 3.659677 | lrm: 1.00 | dt: 724.71ms | tok/sec: 90,430 | bf16_mfu: 0.00 | epoch: 1 pq: 0 rg: 34 | total time: 4.03m | eta: 41.3m
step 00349/03814 (9.15%) | loss: 3.648621 | lrm: 1.00 | dt: 726.81ms | tok/sec: 90,169 | bf16_mfu: 0.00 | epoch: 1 pq: 0 rg: 34 | total time: 4.04m | eta: 41.3m
step 00350/03814 (9.18%) | loss: 3.643949 | lrm: 1.00 | dt: 718.92ms | tok/sec: 91,158 | bf16_mfu: 0.00 | epoch: 1 pq: 0 rg: 34 | total time: 4.06m | eta: 41.3m
step 00351/03814 (9.20%) | loss: 3.657847 | lrm: 1.00 | dt: 723.22ms | tok/sec: 90,616 | bf16_mfu: 0.00 | epoch: 1 pq: 0 rg: 35 | total time: 4.07m | eta: 41.3m
step 00352/03814 (9.23%) | loss: 3.672713 | lrm: 1.00 | dt: 725.98ms | tok/sec: 90,272 | bf16_mfu: 0.00 | epoch: 1 pq: 0 rg: 35 | total time: 4.08m | eta: 41.3m
step 00353/03814 (9.26%) | loss: 3.661876 | lrm: 1.00 | dt: 724.02ms | tok/sec: 90,516 | bf16_mfu: 0.00 | epoch: 1 pq: 0 rg: 35 | total time: 4.09m | eta: 41.3m
step 00354/03814 (9.28%) | loss: 3.661565 | lrm: 1.00 | dt: 720.55ms | tok/sec: 90,952 | bf16_mfu: 0.00 | epoch: 1 pq: 0 rg: 35 | total time: 4.10m | eta: 41.3m
step 00355/03814 (9.31%) | loss: 3.651404 | lrm: 1.00 | dt: 726.53ms | tok/sec: 90,204 | bf16_mfu: 0.00 | epoch: 1 pq: 0 rg: 35 | total time: 4.12m | eta: 41.3m
step 00356/03814 (9.33%) | loss: 3.657293 | lrm: 1.00 | dt: 726.33ms | tok/sec: 90,228 | bf16_mfu: 0.00 | epoch: 1 pq: 0 rg: 35 | total time: 4.13m | eta: 41.3m
step 00357/03814 (9.36%) | loss: 3.660727 | lrm: 1.00 | dt: 725.55ms | tok/sec: 90,326 | bf16_mfu: 0.00 | epoch: 1 pq: 0 rg: 35 | total time: 4.14m | eta: 41.2m
step 00358/03814 (9.39%) | loss: 3.673523 | lrm: 1.00 | dt: 725.55ms | tok/sec: 90,326 | bf16_mfu: 0.00 | epoch: 1 pq: 0 rg: 35 | total time: 4.15m | eta: 41.2m
step 00359/03814 (9.41%) | loss: 3.661255 | lrm: 1.00 | dt: 720.65ms | tok/sec: 90,940 | bf16_mfu: 0.00 | epoch: 1 pq: 0 rg: 35 | total time: 4.16m | eta: 41.2m
step 00360/03814 (9.44%) | loss: 3.662840 | lrm: 1.00 | dt: 727.49ms | tok/sec: 90,085 | bf16_mfu: 0.00 | epoch: 1 pq: 0 rg: 35 | total time: 4.18m | eta: 41.2m
step 00361/03814 (9.47%) | loss: 3.691023 | lrm: 1.00 | dt: 730.93ms | tok/sec: 89,661 | bf16_mfu: 0.00 | epoch: 1 pq: 0 rg: 36 | total time: 4.19m | eta: 41.2m
step 00362/03814 (9.49%) | loss: 3.680284 | lrm: 1.00 | dt: 727.21ms | tok/sec: 90,119 | bf16_mfu: 0.00 | epoch: 1 pq: 0 rg: 36 | total time: 4.20m | eta: 41.2m
step 00363/03814 (9.52%) | loss: 3.675962 | lrm: 1.00 | dt: 728.54ms | tok/sec: 89,955 | bf16_mfu: 0.00 | epoch: 1 pq: 0 rg: 36 | total time: 4.21m | eta: 41.2m
step 00364/03814 (9.54%) | loss: 3.692635 | lrm: 1.00 | dt: 720.83ms | tok/sec: 90,917 | bf16_mfu: 0.00 | epoch: 1 pq: 0 rg: 36 | total time: 4.22m | eta: 41.2m
step 00365/03814 (9.57%) | loss: 3.699220 | lrm: 1.00 | dt: 724.12ms | tok/sec: 90,504 | bf16_mfu: 0.00 | epoch: 1 pq: 0 rg: 36 | total time: 4.24m | eta: 41.2m
step 00366/03814 (9.60%) | loss: 3.683624 | lrm: 1.00 | dt: 727.64ms | tok/sec: 90,066 | bf16_mfu: 0.00 | epoch: 1 pq: 0 rg: 36 | total time: 4.25m | eta: 41.2m
step 00367/03814 (9.62%) | loss: 3.668828 | lrm: 1.00 | dt: 721.47ms | tok/sec: 90,837 | bf16_mfu: 0.00 | epoch: 1 pq: 0 rg: 36 | total time: 4.26m | eta: 41.1m
step 00368/03814 (9.65%) | loss: 3.664111 | lrm: 1.00 | dt: 723.74ms | tok/sec: 90,551 | bf16_mfu: 0.00 | epoch: 1 pq: 0 rg: 36 | total time: 4.27m | eta: 41.1m
step 00369/03814 (9.67%) | loss: 3.684084 | lrm: 1.00 | dt: 723.83ms | tok/sec: 90,540 | bf16_mfu: 0.00 | epoch: 1 pq: 0 rg: 36 | total time: 4.29m | eta: 41.1m
step 00370/03814 (9.70%) | loss: 3.671181 | lrm: 1.00 | dt: 727.56ms | tok/sec: 90,077 | bf16_mfu: 0.00 | epoch: 1 pq: 0 rg: 36 | total time: 4.30m | eta: 41.1m
step 00371/03814 (9.73%) | loss: 3.669799 | lrm: 1.00 | dt: 766.61ms | tok/sec: 85,488 | bf16_mfu: 0.00 | epoch: 1 pq: 0 rg: 37 | total time: 4.31m | eta: 41.1m
step 00372/03814 (9.75%) | loss: 3.665921 | lrm: 1.00 | dt: 731.85ms | tok/sec: 89,548 | bf16_mfu: 0.00 | epoch: 1 pq: 0 rg: 37 | total time: 4.32m | eta: 41.1m
step 00373/03814 (9.78%) | loss: 3.686149 | lrm: 1.00 | dt: 728.50ms | tok/sec: 89,959 | bf16_mfu: 0.00 | epoch: 1 pq: 0 rg: 37 | total time: 4.33m | eta: 41.1m
step 00374/03814 (9.81%) | loss: 3.679040 | lrm: 1.00 | dt: 726.18ms | tok/sec: 90,247 | bf16_mfu: 0.00 | epoch: 1 pq: 0 rg: 37 | total time: 4.35m | eta: 41.1m
step 00375/03814 (9.83%) | loss: 3.656423 | lrm: 1.00 | dt: 724.69ms | tok/sec: 90,433 | bf16_mfu: 0.00 | epoch: 1 pq: 0 rg: 37 | total time: 4.36m | eta: 41.1m
step 00376/03814 (9.86%) | loss: 3.661633 | lrm: 1.00 | dt: 722.75ms | tok/sec: 90,676 | bf16_mfu: 0.00 | epoch: 1 pq: 0 rg: 37 | total time: 4.37m | eta: 41.1m
step 00377/03814 (9.88%) | loss: 3.654434 | lrm: 1.00 | dt: 723.51ms | tok/sec: 90,581 | bf16_mfu: 0.00 | epoch: 1 pq: 0 rg: 37 | total time: 4.38m | eta: 41.0m
step 00378/03814 (9.91%) | loss: 3.662022 | lrm: 1.00 | dt: 727.24ms | tok/sec: 90,116 | bf16_mfu: 0.00 | epoch: 1 pq: 0 rg: 37 | total time: 4.39m | eta: 41.0m
step 00379/03814 (9.94%) | loss: 3.663520 | lrm: 1.00 | dt: 727.87ms | tok/sec: 90,037 | bf16_mfu: 0.00 | epoch: 1 pq: 0 rg: 37 | total time: 4.41m | eta: 41.0m
step 00380/03814 (9.96%) | loss: 3.652502 | lrm: 1.00 | dt: 724.65ms | tok/sec: 90,438 | bf16_mfu: 0.00 | epoch: 1 pq: 0 rg: 37 | total time: 4.42m | eta: 41.0m
step 00381/03814 (9.99%) | loss: 3.645080 | lrm: 1.00 | dt: 729.79ms | tok/sec: 89,800 | bf16_mfu: 0.00 | epoch: 1 pq: 0 rg: 37 | total time: 4.43m | eta: 41.0m
step 00382/03814 (10.02%) | loss: 3.676556 | lrm: 1.00 | dt: 728.47ms | tok/sec: 89,964 | bf16_mfu: 0.00 | epoch: 1 pq: 0 rg: 38 | total time: 4.44m | eta: 41.0m
step 00383/03814 (10.04%) | loss: 3.672580 | lrm: 1.00 | dt: 725.13ms | tok/sec: 90,378 | bf16_mfu: 0.00 | epoch: 1 pq: 0 rg: 38 | total time: 4.46m | eta: 41.0m
step 00384/03814 (10.07%) | loss: 3.664951 | lrm: 1.00 | dt: 731.09ms | tok/sec: 89,641 | bf16_mfu: 0.00 | epoch: 1 pq: 0 rg: 38 | total time: 4.47m | eta: 41.0m
step 00385/03814 (10.09%) | loss: 3.667885 | lrm: 1.00 | dt: 728.24ms | tok/sec: 89,992 | bf16_mfu: 0.00 | epoch: 1 pq: 0 rg: 38 | total time: 4.48m | eta: 41.0m
step 00386/03814 (10.12%) | loss: 3.687422 | lrm: 1.00 | dt: 730.16ms | tok/sec: 89,755 | bf16_mfu: 0.00 | epoch: 1 pq: 0 rg: 38 | total time: 4.49m | eta: 41.0m
step 00387/03814 (10.15%) | loss: 3.690108 | lrm: 1.00 | dt: 727.35ms | tok/sec: 90,102 | bf16_mfu: 0.00 | epoch: 1 pq: 0 rg: 38 | total time: 4.50m | eta: 40.9m
step 00388/03814 (10.17%) | loss: 3.676467 | lrm: 1.00 | dt: 724.11ms | tok/sec: 90,505 | bf16_mfu: 0.00 | epoch: 1 pq: 0 rg: 38 | total time: 4.52m | eta: 40.9m
step 00389/03814 (10.20%) | loss: 3.671484 | lrm: 1.00 | dt: 726.97ms | tok/sec: 90,149 | bf16_mfu: 0.00 | epoch: 1 pq: 0 rg: 38 | total time: 4.53m | eta: 40.9m
step 00390/03814 (10.23%) | loss: 3.678679 | lrm: 1.00 | dt: 731.34ms | tok/sec: 89,611 | bf16_mfu: 0.00 | epoch: 1 pq: 0 rg: 38 | total time: 4.54m | eta: 40.9m
step 00391/03814 (10.25%) | loss: 3.678957 | lrm: 1.00 | dt: 728.28ms | tok/sec: 89,987 | bf16_mfu: 0.00 | epoch: 1 pq: 0 rg: 38 | total time: 4.55m | eta: 40.9m
step 00392/03814 (10.28%) | loss: 3.667372 | lrm: 1.00 | dt: 729.52ms | tok/sec: 89,833 | bf16_mfu: 0.00 | epoch: 1 pq: 0 rg: 39 | total time: 4.56m | eta: 40.9m
step 00393/03814 (10.30%) | loss: 3.656251 | lrm: 1.00 | dt: 727.26ms | tok/sec: 90,113 | bf16_mfu: 0.00 | epoch: 1 pq: 0 rg: 39 | total time: 4.58m | eta: 40.9m
step 00394/03814 (10.33%) | loss: 3.663830 | lrm: 1.00 | dt: 727.96ms | tok/sec: 90,027 | bf16_mfu: 0.00 | epoch: 1 pq: 0 rg: 39 | total time: 4.59m | eta: 40.9m
step 00395/03814 (10.36%) | loss: 3.662967 | lrm: 1.00 | dt: 728.39ms | tok/sec: 89,974 | bf16_mfu: 0.00 | epoch: 1 pq: 0 rg: 39 | total time: 4.60m | eta: 40.9m
step 00396/03814 (10.38%) | loss: 3.660903 | lrm: 1.00 | dt: 728.71ms | tok/sec: 89,934 | bf16_mfu: 0.00 | epoch: 1 pq: 0 rg: 39 | total time: 4.61m | eta: 40.9m
step 00397/03814 (10.41%) | loss: 3.651622 | lrm: 1.00 | dt: 732.15ms | tok/sec: 89,511 | bf16_mfu: 0.00 | epoch: 1 pq: 0 rg: 39 | total time: 4.63m | eta: 40.8m
step 00398/03814 (10.44%) | loss: 3.653558 | lrm: 1.00 | dt: 726.69ms | tok/sec: 90,184 | bf16_mfu: 0.00 | epoch: 1 pq: 0 rg: 39 | total time: 4.64m | eta: 40.8m
step 00399/03814 (10.46%) | loss: 3.638399 | lrm: 1.00 | dt: 725.19ms | tok/sec: 90,370 | bf16_mfu: 0.00 | epoch: 1 pq: 0 rg: 39 | total time: 4.65m | eta: 40.8m
step 00400/03814 (10.49%) | loss: 3.636902 | lrm: 1.00 | dt: 722.94ms | tok/sec: 90,652 | bf16_mfu: 0.00 | epoch: 1 pq: 0 rg: 39 | total time: 4.66m | eta: 40.8m
step 00401/03814 (10.51%) | loss: 3.628071 | lrm: 1.00 | dt: 724.78ms | tok/sec: 90,421 | bf16_mfu: 0.00 | epoch: 1 pq: 0 rg: 39 | total time: 4.67m | eta: 40.8m
step 00402/03814 (10.54%) | loss: 3.631558 | lrm: 1.00 | dt: 722.44ms | tok/sec: 90,714 | bf16_mfu: 0.00 | epoch: 1 pq: 0 rg: 39 | total time: 4.69m | eta: 40.8m
step 00403/03814 (10.57%) | loss: 3.627136 | lrm: 1.00 | dt: 729.58ms | tok/sec: 89,827 | bf16_mfu: 0.00 | epoch: 1 pq: 0 rg: 40 | total time: 4.70m | eta: 40.8m
step 00404/03814 (10.59%) | loss: 3.611113 | lrm: 1.00 | dt: 729.95ms | tok/sec: 89,781 | bf16_mfu: 0.00 | epoch: 1 pq: 0 rg: 40 | total time: 4.71m | eta: 40.8m
step 00405/03814 (10.62%) | loss: 3.597087 | lrm: 1.00 | dt: 755.05ms | tok/sec: 86,796 | bf16_mfu: 0.00 | epoch: 1 pq: 0 rg: 40 | total time: 4.72m | eta: 40.8m
step 00406/03814 (10.64%) | loss: 3.589539 | lrm: 1.00 | dt: 724.81ms | tok/sec: 90,418 | bf16_mfu: 0.00 | epoch: 1 pq: 0 rg: 40 | total time: 4.73m | eta: 40.7m
step 00407/03814 (10.67%) | loss: 3.589849 | lrm: 1.00 | dt: 724.54ms | tok/sec: 90,452 | bf16_mfu: 0.00 | epoch: 1 pq: 0 rg: 40 | total time: 4.75m | eta: 40.7m
step 00408/03814 (10.70%) | loss: 3.615010 | lrm: 1.00 | dt: 727.41ms | tok/sec: 90,095 | bf16_mfu: 0.00 | epoch: 1 pq: 0 rg: 40 | total time: 4.76m | eta: 40.7m
step 00409/03814 (10.72%) | loss: 3.601172 | lrm: 1.00 | dt: 729.05ms | tok/sec: 89,892 | bf16_mfu: 0.00 | epoch: 1 pq: 0 rg: 40 | total time: 4.77m | eta: 40.7m
step 00410/03814 (10.75%) | loss: 3.587192 | lrm: 1.00 | dt: 731.88ms | tok/sec: 89,544 | bf16_mfu: 0.00 | epoch: 1 pq: 0 rg: 40 | total time: 4.78m | eta: 40.7m
step 00411/03814 (10.78%) | loss: 3.580377 | lrm: 1.00 | dt: 732.40ms | tok/sec: 89,481 | bf16_mfu: 0.00 | epoch: 1 pq: 0 rg: 40 | total time: 4.80m | eta: 40.7m
step 00412/03814 (10.80%) | loss: 3.596174 | lrm: 1.00 | dt: 725.34ms | tok/sec: 90,352 | bf16_mfu: 0.00 | epoch: 1 pq: 0 rg: 40 | total time: 4.81m | eta: 40.7m
step 00413/03814 (10.83%) | loss: 3.593207 | lrm: 1.00 | dt: 727.79ms | tok/sec: 90,048 | bf16_mfu: 0.00 | epoch: 1 pq: 0 rg: 41 | total time: 4.82m | eta: 40.7m
step 00414/03814 (10.85%) | loss: 3.579283 | lrm: 1.00 | dt: 727.10ms | tok/sec: 90,133 | bf16_mfu: 0.00 | epoch: 1 pq: 0 rg: 41 | total time: 4.83m | eta: 40.7m
step 00415/03814 (10.88%) | loss: 3.581677 | lrm: 1.00 | dt: 731.96ms | tok/sec: 89,534 | bf16_mfu: 0.00 | epoch: 1 pq: 0 rg: 41 | total time: 4.84m | eta: 40.7m
step 00416/03814 (10.91%) | loss: 3.581074 | lrm: 1.00 | dt: 726.21ms | tok/sec: 90,244 | bf16_mfu: 0.00 | epoch: 1 pq: 0 rg: 41 | total time: 4.86m | eta: 40.6m
step 00417/03814 (10.93%) | loss: 3.586951 | lrm: 1.00 | dt: 729.32ms | tok/sec: 89,859 | bf16_mfu: 0.00 | epoch: 1 pq: 0 rg: 41 | total time: 4.87m | eta: 40.6m
step 00418/03814 (10.96%) | loss: 3.570158 | lrm: 1.00 | dt: 725.23ms | tok/sec: 90,365 | bf16_mfu: 0.00 | epoch: 1 pq: 0 rg: 41 | total time: 4.88m | eta: 40.6m
step 00419/03814 (10.99%) | loss: 3.574623 | lrm: 1.00 | dt: 728.57ms | tok/sec: 89,951 | bf16_mfu: 0.00 | epoch: 1 pq: 0 rg: 41 | total time: 4.89m | eta: 40.6m
step 00420/03814 (11.01%) | loss: 3.575985 | lrm: 1.00 | dt: 731.22ms | tok/sec: 89,625 | bf16_mfu: 0.00 | epoch: 1 pq: 0 rg: 41 | total time: 4.90m | eta: 40.6m
step 00421/03814 (11.04%) | loss: 3.575813 | lrm: 1.00 | dt: 726.33ms | tok/sec: 90,229 | bf16_mfu: 0.00 | epoch: 1 pq: 0 rg: 41 | total time: 4.92m | eta: 40.6m
step 00422/03814 (11.06%) | loss: 3.580948 | lrm: 1.00 | dt: 728.18ms | tok/sec: 89,999 | bf16_mfu: 0.00 | epoch: 1 pq: 0 rg: 41 | total time: 4.93m | eta: 40.6m
step 00423/03814 (11.09%) | loss: 3.583725 | lrm: 1.00 | dt: 734.23ms | tok/sec: 89,257 | bf16_mfu: 0.00 | epoch: 1 pq: 0 rg: 41 | total time: 4.94m | eta: 40.6m
step 00424/03814 (11.12%) | loss: 3.593780 | lrm: 1.00 | dt: 727.43ms | tok/sec: 90,092 | bf16_mfu: 0.00 | epoch: 1 pq: 0 rg: 42 | total time: 4.95m | eta: 40.6m
step 00425/03814 (11.14%) | loss: 3.602535 | lrm: 1.00 | dt: 770.85ms | tok/sec: 85,017 | bf16_mfu: 0.00 | epoch: 1 pq: 0 rg: 42 | total time: 4.97m | eta: 40.6m
step 00426/03814 (11.17%) | loss: 3.589187 | lrm: 1.00 | dt: 727.64ms | tok/sec: 90,065 | bf16_mfu: 0.00 | epoch: 1 pq: 0 rg: 42 | total time: 4.98m | eta: 40.5m
step 00427/03814 (11.20%) | loss: 3.584731 | lrm: 1.00 | dt: 736.56ms | tok/sec: 88,975 | bf16_mfu: 0.00 | epoch: 1 pq: 0 rg: 42 | total time: 4.99m | eta: 40.5m
step 00428/03814 (11.22%) | loss: 3.582027 | lrm: 1.00 | dt: 723.52ms | tok/sec: 90,580 | bf16_mfu: 0.00 | epoch: 1 pq: 0 rg: 42 | total time: 5.00m | eta: 40.5m
step 00429/03814 (11.25%) | loss: 3.593126 | lrm: 1.00 | dt: 725.56ms | tok/sec: 90,324 | bf16_mfu: 0.00 | epoch: 1 pq: 0 rg: 42 | total time: 5.01m | eta: 40.5m
step 00430/03814 (11.27%) | loss: 3.617515 | lrm: 1.00 | dt: 723.41ms | tok/sec: 90,592 | bf16_mfu: 0.00 | epoch: 1 pq: 0 rg: 42 | total time: 5.03m | eta: 40.5m
step 00431/03814 (11.30%) | loss: 3.612895 | lrm: 1.00 | dt: 720.89ms | tok/sec: 90,910 | bf16_mfu: 0.00 | epoch: 1 pq: 0 rg: 42 | total time: 5.04m | eta: 40.5m
step 00432/03814 (11.33%) | loss: 3.608530 | lrm: 1.00 | dt: 723.54ms | tok/sec: 90,576 | bf16_mfu: 0.00 | epoch: 1 pq: 0 rg: 42 | total time: 5.05m | eta: 40.5m
step 00433/03814 (11.35%) | loss: 3.615961 | lrm: 1.00 | dt: 728.73ms | tok/sec: 89,932 | bf16_mfu: 0.00 | epoch: 1 pq: 0 rg: 42 | total time: 5.06m | eta: 40.5m
step 00434/03814 (11.38%) | loss: 3.606187 | lrm: 1.00 | dt: 730.89ms | tok/sec: 89,666 | bf16_mfu: 0.00 | epoch: 1 pq: 0 rg: 43 | total time: 5.08m | eta: 40.5m
step 00435/03814 (11.41%) | loss: 3.601997 | lrm: 1.00 | dt: 729.96ms | tok/sec: 89,779 | bf16_mfu: 0.00 | epoch: 1 pq: 0 rg: 43 | total time: 5.09m | eta: 40.4m
step 00436/03814 (11.43%) | loss: 3.605791 | lrm: 1.00 | dt: 726.05ms | tok/sec: 90,263 | bf16_mfu: 0.00 | epoch: 1 pq: 0 rg: 43 | total time: 5.10m | eta: 40.4m
step 00437/03814 (11.46%) | loss: 3.612862 | lrm: 1.00 | dt: 722.11ms | tok/sec: 90,756 | bf16_mfu: 0.00 | epoch: 1 pq: 0 rg: 43 | total time: 5.11m | eta: 40.4m
step 00438/03814 (11.48%) | loss: 3.616246 | lrm: 1.00 | dt: 720.52ms | tok/sec: 90,956 | bf16_mfu: 0.00 | epoch: 1 pq: 0 rg: 43 | total time: 5.12m | eta: 40.4m
step 00439/03814 (11.51%) | loss: 3.620355 | lrm: 1.00 | dt: 726.91ms | tok/sec: 90,156 | bf16_mfu: 0.00 | epoch: 1 pq: 0 rg: 43 | total time: 5.14m | eta: 40.4m
step 00440/03814 (11.54%) | loss: 3.600734 | lrm: 1.00 | dt: 719.12ms | tok/sec: 91,133 | bf16_mfu: 0.00 | epoch: 1 pq: 0 rg: 43 | total time: 5.15m | eta: 40.4m
step 00441/03814 (11.56%) | loss: 3.615853 | lrm: 1.00 | dt: 720.58ms | tok/sec: 90,948 | bf16_mfu: 0.00 | epoch: 1 pq: 0 rg: 43 | total time: 5.16m | eta: 40.4m
step 00442/03814 (11.59%) | loss: 3.616145 | lrm: 1.00 | dt: 726.84ms | tok/sec: 90,165 | bf16_mfu: 0.00 | epoch: 1 pq: 0 rg: 43 | total time: 5.17m | eta: 40.4m
step 00443/03814 (11.62%) | loss: 3.595620 | lrm: 1.00 | dt: 716.91ms | tok/sec: 91,414 | bf16_mfu: 0.00 | epoch: 1 pq: 0 rg: 43 | total time: 5.18m | eta: 40.4m
step 00444/03814 (11.64%) | loss: 3.577196 | lrm: 1.00 | dt: 724.78ms | tok/sec: 90,421 | bf16_mfu: 0.00 | epoch: 1 pq: 0 rg: 43 | total time: 5.20m | eta: 40.3m
step 00445/03814 (11.67%) | loss: 3.567384 | lrm: 1.00 | dt: 724.45ms | tok/sec: 90,463 | bf16_mfu: 0.00 | epoch: 1 pq: 0 rg: 44 | total time: 5.21m | eta: 40.3m
step 00446/03814 (11.69%) | loss: 3.561444 | lrm: 1.00 | dt: 721.39ms | tok/sec: 90,846 | bf16_mfu: 0.00 | epoch: 1 pq: 0 rg: 44 | total time: 5.22m | eta: 40.3m
step 00447/03814 (11.72%) | loss: 3.550833 | lrm: 1.00 | dt: 723.89ms | tok/sec: 90,532 | bf16_mfu: 0.00 | epoch: 1 pq: 0 rg: 44 | total time: 5.23m | eta: 40.3m
step 00448/03814 (11.75%) | loss: 3.534484 | lrm: 1.00 | dt: 725.50ms | tok/sec: 90,332 | bf16_mfu: 0.00 | epoch: 1 pq: 0 rg: 44 | total time: 5.24m | eta: 40.3m
step 00449/03814 (11.77%) | loss: 3.521393 | lrm: 1.00 | dt: 718.01ms | tok/sec: 91,274 | bf16_mfu: 0.00 | epoch: 1 pq: 0 rg: 44 | total time: 5.26m | eta: 40.3m
step 00450/03814 (11.80%) | loss: 3.545096 | lrm: 1.00 | dt: 721.45ms | tok/sec: 90,839 | bf16_mfu: 0.00 | epoch: 1 pq: 0 rg: 44 | total time: 5.27m | eta: 40.3m
step 00451/03814 (11.82%) | loss: 3.543050 | lrm: 1.00 | dt: 760.81ms | tok/sec: 86,139 | bf16_mfu: 0.00 | epoch: 1 pq: 0 rg: 44 | total time: 5.28m | eta: 40.3m
step 00452/03814 (11.85%) | loss: 3.532166 | lrm: 1.00 | dt: 720.99ms | tok/sec: 90,897 | bf16_mfu: 0.00 | epoch: 1 pq: 0 rg: 44 | total time: 5.29m | eta: 40.3m
step 00453/03814 (11.88%) | loss: 3.522348 | lrm: 1.00 | dt: 723.96ms | tok/sec: 90,524 | bf16_mfu: 0.00 | epoch: 1 pq: 0 rg: 44 | total time: 5.30m | eta: 40.2m
step 00454/03814 (11.90%) | loss: 3.520217 | lrm: 1.00 | dt: 727.88ms | tok/sec: 90,036 | bf16_mfu: 0.00 | epoch: 1 pq: 0 rg: 44 | total time: 5.32m | eta: 40.2m
step 00455/03814 (11.93%) | loss: 3.524874 | lrm: 1.00 | dt: 717.75ms | tok/sec: 91,307 | bf16_mfu: 0.00 | epoch: 1 pq: 0 rg: 45 | total time: 5.33m | eta: 40.2m
step 00456/03814 (11.96%) | loss: 3.516097 | lrm: 1.00 | dt: 720.38ms | tok/sec: 90,974 | bf16_mfu: 0.00 | epoch: 1 pq: 0 rg: 45 | total time: 5.34m | eta: 40.2m
step 00457/03814 (11.98%) | loss: 3.506026 | lrm: 1.00 | dt: 720.11ms | tok/sec: 91,008 | bf16_mfu: 0.00 | epoch: 1 pq: 0 rg: 45 | total time: 5.35m | eta: 40.2m
step 00458/03814 (12.01%) | loss: 3.523475 | lrm: 1.00 | dt: 724.92ms | tok/sec: 90,403 | bf16_mfu: 0.00 | epoch: 1 pq: 0 rg: 45 | total time: 5.37m | eta: 40.2m
step 00459/03814 (12.03%) | loss: 3.532356 | lrm: 1.00 | dt: 719.15ms | tok/sec: 91,130 | bf16_mfu: 0.00 | epoch: 1 pq: 0 rg: 45 | total time: 5.38m | eta: 40.2m
step 00460/03814 (12.06%) | loss: 3.520694 | lrm: 1.00 | dt: 721.84ms | tok/sec: 90,789 | bf16_mfu: 0.00 | epoch: 1 pq: 0 rg: 45 | total time: 5.39m | eta: 40.2m
step 00461/03814 (12.09%) | loss: 3.511957 | lrm: 1.00 | dt: 724.66ms | tok/sec: 90,437 | bf16_mfu: 0.00 | epoch: 1 pq: 0 rg: 45 | total time: 5.40m | eta: 40.2m
step 00462/03814 (12.11%) | loss: 3.500341 | lrm: 1.00 | dt: 719.76ms | tok/sec: 91,052 | bf16_mfu: 0.00 | epoch: 1 pq: 0 rg: 45 | total time: 5.41m | eta: 40.1m
step 00463/03814 (12.14%) | loss: 3.510797 | lrm: 1.00 | dt: 720.16ms | tok/sec: 91,002 | bf16_mfu: 0.00 | epoch: 1 pq: 0 rg: 45 | total time: 5.43m | eta: 40.1m
step 00464/03814 (12.17%) | loss: 3.505293 | lrm: 1.00 | dt: 718.12ms | tok/sec: 91,260 | bf16_mfu: 0.00 | epoch: 1 pq: 0 rg: 45 | total time: 5.44m | eta: 40.1m
step 00465/03814 (12.19%) | loss: 3.501214 | lrm: 1.00 | dt: 719.02ms | tok/sec: 91,146 | bf16_mfu: 0.00 | epoch: 1 pq: 0 rg: 45 | total time: 5.45m | eta: 40.1m
step 00466/03814 (12.22%) | loss: 3.507948 | lrm: 1.00 | dt: 726.64ms | tok/sec: 90,190 | bf16_mfu: 0.00 | epoch: 1 pq: 0 rg: 46 | total time: 5.46m | eta: 40.1m
step 00467/03814 (12.24%) | loss: 3.508658 | lrm: 1.00 | dt: 715.62ms | tok/sec: 91,579 | bf16_mfu: 0.00 | epoch: 1 pq: 0 rg: 46 | total time: 5.47m | eta: 40.1m
step 00468/03814 (12.27%) | loss: 3.512808 | lrm: 1.00 | dt: 719.55ms | tok/sec: 91,079 | bf16_mfu: 0.00 | epoch: 1 pq: 0 rg: 46 | total time: 5.49m | eta: 40.1m
step 00469/03814 (12.30%) | loss: 3.506291 | lrm: 1.00 | dt: 717.24ms | tok/sec: 91,372 | bf16_mfu: 0.00 | epoch: 1 pq: 0 rg: 46 | total time: 5.50m | eta: 40.1m
step 00470/03814 (12.32%) | loss: 3.503354 | lrm: 1.00 | dt: 722.41ms | tok/sec: 90,718 | bf16_mfu: 0.00 | epoch: 1 pq: 0 rg: 46 | total time: 5.51m | eta: 40.0m
step 00471/03814 (12.35%) | loss: 3.508178 | lrm: 1.00 | dt: 719.39ms | tok/sec: 91,099 | bf16_mfu: 0.00 | epoch: 1 pq: 0 rg: 46 | total time: 5.52m | eta: 40.0m
step 00472/03814 (12.38%) | loss: 3.491732 | lrm: 1.00 | dt: 719.95ms | tok/sec: 91,029 | bf16_mfu: 0.00 | epoch: 1 pq: 0 rg: 46 | total time: 5.53m | eta: 40.0m
step 00473/03814 (12.40%) | loss: 3.486621 | lrm: 1.00 | dt: 726.49ms | tok/sec: 90,208 | bf16_mfu: 0.00 | epoch: 1 pq: 0 rg: 46 | total time: 5.55m | eta: 40.0m
step 00474/03814 (12.43%) | loss: 3.469066 | lrm: 1.00 | dt: 721.40ms | tok/sec: 90,845 | bf16_mfu: 0.00 | epoch: 1 pq: 0 rg: 46 | total time: 5.56m | eta: 40.0m
step 00475/03814 (12.45%) | loss: 3.502488 | lrm: 1.00 | dt: 720.57ms | tok/sec: 90,950 | bf16_mfu: 0.00 | epoch: 1 pq: 0 rg: 46 | total time: 5.57m | eta: 40.0m
step 00476/03814 (12.48%) | loss: 3.496416 | lrm: 1.00 | dt: 725.74ms | tok/sec: 90,301 | bf16_mfu: 0.00 | epoch: 1 pq: 0 rg: 47 | total time: 5.58m | eta: 40.0m
step 00477/03814 (12.51%) | loss: 3.478274 | lrm: 1.00 | dt: 717.14ms | tok/sec: 91,384 | bf16_mfu: 0.00 | epoch: 1 pq: 0 rg: 47 | total time: 5.59m | eta: 40.0m
step 00478/03814 (12.53%) | loss: 3.497417 | lrm: 1.00 | dt: 722.65ms | tok/sec: 90,687 | bf16_mfu: 0.00 | epoch: 1 pq: 0 rg: 47 | total time: 5.61m | eta: 40.0m
step 00479/03814 (12.56%) | loss: 3.520005 | lrm: 1.00 | dt: 726.36ms | tok/sec: 90,225 | bf16_mfu: 0.00 | epoch: 1 pq: 0 rg: 47 | total time: 5.62m | eta: 39.9m
step 00480/03814 (12.59%) | loss: 3.508579 | lrm: 1.00 | dt: 720.42ms | tok/sec: 90,969 | bf16_mfu: 0.00 | epoch: 1 pq: 0 rg: 47 | total time: 5.63m | eta: 39.9m
step 00481/03814 (12.61%) | loss: 3.502507 | lrm: 1.00 | dt: 720.14ms | tok/sec: 91,004 | bf16_mfu: 0.00 | epoch: 1 pq: 0 rg: 47 | total time: 5.64m | eta: 39.9m
step 00482/03814 (12.64%) | loss: 3.493916 | lrm: 1.00 | dt: 715.76ms | tok/sec: 91,562 | bf16_mfu: 0.00 | epoch: 1 pq: 0 rg: 47 | total time: 5.65m | eta: 39.9m
step 00483/03814 (12.66%) | loss: 3.516960 | lrm: 1.00 | dt: 720.72ms | tok/sec: 90,931 | bf16_mfu: 0.00 | epoch: 1 pq: 0 rg: 47 | total time: 5.67m | eta: 39.9m
step 00484/03814 (12.69%) | loss: 3.498986 | lrm: 1.00 | dt: 725.38ms | tok/sec: 90,347 | bf16_mfu: 0.00 | epoch: 1 pq: 0 rg: 47 | total time: 5.68m | eta: 39.9m
step 00485/03814 (12.72%) | loss: 3.494371 | lrm: 1.00 | dt: 724.34ms | tok/sec: 90,477 | bf16_mfu: 0.00 | epoch: 1 pq: 0 rg: 47 | total time: 5.69m | eta: 39.9m
step 00486/03814 (12.74%) | loss: 3.482356 | lrm: 1.00 | dt: 718.34ms | tok/sec: 91,231 | bf16_mfu: 0.00 | epoch: 1 pq: 0 rg: 47 | total time: 5.70m | eta: 39.9m
step 00487/03814 (12.77%) | loss: 3.488997 | lrm: 1.00 | dt: 747.24ms | tok/sec: 87,703 | bf16_mfu: 0.00 | epoch: 1 pq: 0 rg: 48 | total time: 5.71m | eta: 39.9m
step 00488/03814 (12.79%) | loss: 3.496835 | lrm: 1.00 | dt: 724.04ms | tok/sec: 90,514 | bf16_mfu: 0.00 | epoch: 1 pq: 0 rg: 48 | total time: 5.73m | eta: 39.8m
step 00489/03814 (12.82%) | loss: 3.495731 | lrm: 1.00 | dt: 782.19ms | tok/sec: 83,785 | bf16_mfu: 0.00 | epoch: 1 pq: 0 rg: 48 | total time: 5.74m | eta: 39.8m
step 00490/03814 (12.85%) | loss: 3.486154 | lrm: 1.00 | dt: 721.83ms | tok/sec: 90,791 | bf16_mfu: 0.00 | epoch: 1 pq: 0 rg: 48 | total time: 5.75m | eta: 39.8m
step 00491/03814 (12.87%) | loss: 3.489797 | lrm: 1.00 | dt: 724.26ms | tok/sec: 90,486 | bf16_mfu: 0.00 | epoch: 1 pq: 0 rg: 48 | total time: 5.76m | eta: 39.8m
step 00492/03814 (12.90%) | loss: 3.492336 | lrm: 1.00 | dt: 720.67ms | tok/sec: 90,937 | bf16_mfu: 0.00 | epoch: 1 pq: 0 rg: 48 | total time: 5.78m | eta: 39.8m
step 00493/03814 (12.93%) | loss: 3.480600 | lrm: 1.00 | dt: 718.60ms | tok/sec: 91,199 | bf16_mfu: 0.00 | epoch: 1 pq: 0 rg: 48 | total time: 5.79m | eta: 39.8m
step 00494/03814 (12.95%) | loss: 3.472662 | lrm: 1.00 | dt: 721.33ms | tok/sec: 90,854 | bf16_mfu: 0.00 | epoch: 1 pq: 0 rg: 48 | total time: 5.80m | eta: 39.8m
step 00495/03814 (12.98%) | loss: 3.467543 | lrm: 1.00 | dt: 716.45ms | tok/sec: 91,472 | bf16_mfu: 0.00 | epoch: 1 pq: 0 rg: 48 | total time: 5.81m | eta: 39.8m
step 00496/03814 (13.00%) | loss: 3.472901 | lrm: 1.00 | dt: 714.31ms | tok/sec: 91,747 | bf16_mfu: 0.00 | epoch: 1 pq: 0 rg: 48 | total time: 5.82m | eta: 39.8m
step 00497/03814 (13.03%) | loss: 3.449918 | lrm: 1.00 | dt: 1276.07ms | tok/sec: 51,357 | bf16_mfu: 0.00 | epoch: 1 pq: 0 rg: 49 | total time: 5.84m | eta: 39.8m
step 00498/03814 (13.06%) | loss: 3.454394 | lrm: 1.00 | dt: 718.00ms | tok/sec: 91,275 | bf16_mfu: 0.00 | epoch: 1 pq: 0 rg: 49 | total time: 5.86m | eta: 39.8m
step 00499/03814 (13.08%) | loss: 3.436112 | lrm: 1.00 | dt: 724.96ms | tok/sec: 90,399 | bf16_mfu: 0.00 | epoch: 1 pq: 0 rg: 49 | total time: 5.87m | eta: 39.8m
Step 00500 | Validation bpb: 0.814738
step 00500/03814 (13.11%) | loss: 3.428870 | lrm: 1.00 | dt: 709.08ms | tok/sec: 92,424 | bf16_mfu: 0.00 | epoch: 1 pq: 0 rg: 49 | total time: 5.88m | eta: 39.8m
step 00501/03814 (13.14%) | loss: 3.414398 | lrm: 1.00 | dt: 723.73ms | tok/sec: 90,552 | bf16_mfu: 0.00 | epoch: 1 pq: 0 rg: 49 | total time: 5.89m | eta: 39.8m
step 00502/03814 (13.16%) | loss: 3.411298 | lrm: 1.00 | dt: 708.01ms | tok/sec: 92,564 | bf16_mfu: 0.00 | epoch: 1 pq: 0 rg: 49 | total time: 5.90m | eta: 39.7m
step 00503/03814 (13.19%) | loss: 3.417144 | lrm: 1.00 | dt: 709.85ms | tok/sec: 92,323 | bf16_mfu: 0.00 | epoch: 1 pq: 0 rg: 49 | total time: 5.92m | eta: 39.7m
step 00504/03814 (13.21%) | loss: 3.426865 | lrm: 1.00 | dt: 706.44ms | tok/sec: 92,768 | bf16_mfu: 0.00 | epoch: 1 pq: 0 rg: 49 | total time: 5.93m | eta: 39.7m
step 00505/03814 (13.24%) | loss: 3.453835 | lrm: 1.00 | dt: 707.62ms | tok/sec: 92,615 | bf16_mfu: 0.00 | epoch: 1 pq: 0 rg: 49 | total time: 5.94m | eta: 39.7m
step 00506/03814 (13.27%) | loss: 3.473241 | lrm: 1.00 | dt: 712.94ms | tok/sec: 91,923 | bf16_mfu: 0.00 | epoch: 1 pq: 0 rg: 49 | total time: 5.95m | eta: 39.7m
step 00507/03814 (13.29%) | loss: 3.472753 | lrm: 1.00 | dt: 710.40ms | tok/sec: 92,251 | bf16_mfu: 0.00 | epoch: 1 pq: 0 rg: 49 | total time: 5.96m | eta: 39.7m
step 00508/03814 (13.32%) | loss: 3.463039 | lrm: 1.00 | dt: 817.34ms | tok/sec: 80,181 | bf16_mfu: 0.00 | epoch: 1 pq: 0 rg: 50 | total time: 5.98m | eta: 39.7m
step 00509/03814 (13.35%) | loss: 3.476730 | lrm: 1.00 | dt: 746.79ms | tok/sec: 87,756 | bf16_mfu: 0.00 | epoch: 1 pq: 0 rg: 50 | total time: 5.99m | eta: 39.7m
step 00510/03814 (13.37%) | loss: 3.487230 | lrm: 1.00 | dt: 713.97ms | tok/sec: 91,790 | bf16_mfu: 0.00 | epoch: 1 pq: 0 rg: 50 | total time: 6.00m | eta: 39.7m
step 00511/03814 (13.40%) | loss: 3.466459 | lrm: 1.00 | dt: 711.56ms | tok/sec: 92,101 | bf16_mfu: 0.00 | epoch: 1 pq: 0 rg: 50 | total time: 6.01m | eta: 39.6m
step 00512/03814 (13.42%) | loss: 3.471367 | lrm: 1.00 | dt: 713.73ms | tok/sec: 91,821 | bf16_mfu: 0.00 | epoch: 1 pq: 0 rg: 50 | total time: 6.02m | eta: 39.6m
step 00513/03814 (13.45%) | loss: 3.466494 | lrm: 1.00 | dt: 716.26ms | tok/sec: 91,497 | bf16_mfu: 0.00 | epoch: 1 pq: 0 rg: 50 | total time: 6.04m | eta: 39.6m
step 00514/03814 (13.48%) | loss: 3.454186 | lrm: 1.00 | dt: 716.49ms | tok/sec: 91,468 | bf16_mfu: 0.00 | epoch: 1 pq: 0 rg: 50 | total time: 6.05m | eta: 39.6m
step 00515/03814 (13.50%) | loss: 3.459480 | lrm: 1.00 | dt: 712.04ms | tok/sec: 92,039 | bf16_mfu: 0.00 | epoch: 1 pq: 0 rg: 50 | total time: 6.06m | eta: 39.6m
step 00516/03814 (13.53%) | loss: 3.457540 | lrm: 1.00 | dt: 762.49ms | tok/sec: 85,950 | bf16_mfu: 0.00 | epoch: 1 pq: 0 rg: 50 | total time: 6.07m | eta: 39.6m
step 00517/03814 (13.56%) | loss: 3.451918 | lrm: 1.00 | dt: 722.84ms | tok/sec: 90,664 | bf16_mfu: 0.00 | epoch: 1 pq: 0 rg: 50 | total time: 6.09m | eta: 39.6m
step 00518/03814 (13.58%) | loss: 3.440543 | lrm: 1.00 | dt: 773.76ms | tok/sec: 84,697 | bf16_mfu: 0.00 | epoch: 1 pq: 0 rg: 51 | total time: 6.10m | eta: 39.6m
step 00519/03814 (13.61%) | loss: 3.441705 | lrm: 1.00 | dt: 719.35ms | tok/sec: 91,104 | bf16_mfu: 0.00 | epoch: 1 pq: 0 rg: 51 | total time: 6.11m | eta: 39.6m
step 00520/03814 (13.63%) | loss: 3.437695 | lrm: 1.00 | dt: 720.13ms | tok/sec: 91,006 | bf16_mfu: 0.00 | epoch: 1 pq: 0 rg: 51 | total time: 6.12m | eta: 39.5m
step 00521/03814 (13.66%) | loss: 3.449526 | lrm: 1.00 | dt: 720.00ms | tok/sec: 91,022 | bf16_mfu: 0.00 | epoch: 1 pq: 0 rg: 51 | total time: 6.13m | eta: 39.5m
step 00522/03814 (13.69%) | loss: 3.453925 | lrm: 1.00 | dt: 719.46ms | tok/sec: 91,091 | bf16_mfu: 0.00 | epoch: 1 pq: 0 rg: 51 | total time: 6.15m | eta: 39.5m
step 00523/03814 (13.71%) | loss: 3.445145 | lrm: 1.00 | dt: 726.57ms | tok/sec: 90,199 | bf16_mfu: 0.00 | epoch: 1 pq: 0 rg: 51 | total time: 6.16m | eta: 39.5m
step 00524/03814 (13.74%) | loss: 3.467147 | lrm: 1.00 | dt: 722.32ms | tok/sec: 90,730 | bf16_mfu: 0.00 | epoch: 1 pq: 0 rg: 51 | total time: 6.17m | eta: 39.5m
step 00525/03814 (13.77%) | loss: 3.478001 | lrm: 1.00 | dt: 724.41ms | tok/sec: 90,468 | bf16_mfu: 0.00 | epoch: 1 pq: 0 rg: 51 | total time: 6.18m | eta: 39.5m
step 00526/03814 (13.79%) | loss: 3.455667 | lrm: 1.00 | dt: 723.82ms | tok/sec: 90,541 | bf16_mfu: 0.00 | epoch: 1 pq: 0 rg: 51 | total time: 6.19m | eta: 39.5m
step 00527/03814 (13.82%) | loss: 3.448937 | lrm: 1.00 | dt: 724.91ms | tok/sec: 90,405 | bf16_mfu: 0.00 | epoch: 1 pq: 0 rg: 51 | total time: 6.21m | eta: 39.5m
step 00528/03814 (13.84%) | loss: 3.463946 | lrm: 1.00 | dt: 719.03ms | tok/sec: 91,144 | bf16_mfu: 0.00 | epoch: 1 pq: 0 rg: 51 | total time: 6.22m | eta: 39.4m
step 00529/03814 (13.87%) | loss: 3.452753 | lrm: 1.00 | dt: 722.35ms | tok/sec: 90,725 | bf16_mfu: 0.00 | epoch: 1 pq: 0 rg: 52 | total time: 6.23m | eta: 39.4m
step 00530/03814 (13.90%) | loss: 3.434932 | lrm: 1.00 | dt: 727.67ms | tok/sec: 90,062 | bf16_mfu: 0.00 | epoch: 1 pq: 0 rg: 52 | total time: 6.24m | eta: 39.4m
step 00531/03814 (13.92%) | loss: 3.421961 | lrm: 1.00 | dt: 717.19ms | tok/sec: 91,378 | bf16_mfu: 0.00 | epoch: 1 pq: 0 rg: 52 | total time: 6.25m | eta: 39.4m
step 00532/03814 (13.95%) | loss: 3.424626 | lrm: 1.00 | dt: 723.25ms | tok/sec: 90,613 | bf16_mfu: 0.00 | epoch: 1 pq: 0 rg: 52 | total time: 6.27m | eta: 39.4m
step 00533/03814 (13.97%) | loss: 3.444643 | lrm: 1.00 | dt: 724.57ms | tok/sec: 90,447 | bf16_mfu: 0.00 | epoch: 1 pq: 0 rg: 52 | total time: 6.28m | eta: 39.4m
step 00534/03814 (14.00%) | loss: 3.425163 | lrm: 1.00 | dt: 722.18ms | tok/sec: 90,747 | bf16_mfu: 0.00 | epoch: 1 pq: 0 rg: 52 | total time: 6.29m | eta: 39.4m
step 00535/03814 (14.03%) | loss: 3.417962 | lrm: 1.00 | dt: 724.66ms | tok/sec: 90,437 | bf16_mfu: 0.00 | epoch: 1 pq: 0 rg: 52 | total time: 6.30m | eta: 39.4m
step 00536/03814 (14.05%) | loss: 3.457164 | lrm: 1.00 | dt: 722.41ms | tok/sec: 90,718 | bf16_mfu: 0.00 | epoch: 1 pq: 0 rg: 52 | total time: 6.32m | eta: 39.4m
step 00537/03814 (14.08%) | loss: 3.455852 | lrm: 1.00 | dt: 723.04ms | tok/sec: 90,639 | bf16_mfu: 0.00 | epoch: 1 pq: 0 rg: 52 | total time: 6.33m | eta: 39.3m
step 00538/03814 (14.11%) | loss: 3.446537 | lrm: 1.00 | dt: 719.26ms | tok/sec: 91,116 | bf16_mfu: 0.00 | epoch: 1 pq: 0 rg: 52 | total time: 6.34m | eta: 39.3m
step 00539/03814 (14.13%) | loss: 3.449109 | lrm: 1.00 | dt: 721.44ms | tok/sec: 90,841 | bf16_mfu: 0.00 | epoch: 1 pq: 0 rg: 52 | total time: 6.35m | eta: 39.3m
step 00540/03814 (14.16%) | loss: 3.440306 | lrm: 1.00 | dt: 827.08ms | tok/sec: 79,237 | bf16_mfu: 0.00 | epoch: 1 pq: 0 rg: 53 | total time: 6.36m | eta: 39.3m
step 00541/03814 (14.18%) | loss: 3.431832 | lrm: 1.00 | dt: 723.96ms | tok/sec: 90,523 | bf16_mfu: 0.00 | epoch: 1 pq: 0 rg: 53 | total time: 6.38m | eta: 39.3m
step 00542/03814 (14.21%) | loss: 3.418586 | lrm: 1.00 | dt: 721.82ms | tok/sec: 90,792 | bf16_mfu: 0.00 | epoch: 1 pq: 0 rg: 53 | total time: 6.39m | eta: 39.3m
step 00543/03814 (14.24%) | loss: 3.411772 | lrm: 1.00 | dt: 723.45ms | tok/sec: 90,587 | bf16_mfu: 0.00 | epoch: 1 pq: 0 rg: 53 | total time: 6.40m | eta: 39.3m
step 00544/03814 (14.26%) | loss: 3.420042 | lrm: 1.00 | dt: 720.02ms | tok/sec: 91,020 | bf16_mfu: 0.00 | epoch: 1 pq: 0 rg: 53 | total time: 6.41m | eta: 39.3m
step 00545/03814 (14.29%) | loss: 3.415536 | lrm: 1.00 | dt: 720.76ms | tok/sec: 90,925 | bf16_mfu: 0.00 | epoch: 1 pq: 0 rg: 53 | total time: 6.43m | eta: 39.3m
step 00546/03814 (14.32%) | loss: 3.420836 | lrm: 1.00 | dt: 725.41ms | tok/sec: 90,343 | bf16_mfu: 0.00 | epoch: 1 pq: 0 rg: 53 | total time: 6.44m | eta: 39.2m
step 00547/03814 (14.34%) | loss: 3.405243 | lrm: 1.00 | dt: 720.78ms | tok/sec: 90,923 | bf16_mfu: 0.00 | epoch: 1 pq: 0 rg: 53 | total time: 6.45m | eta: 39.2m
step 00548/03814 (14.37%) | loss: 3.400625 | lrm: 1.00 | dt: 719.25ms | tok/sec: 91,116 | bf16_mfu: 0.00 | epoch: 1 pq: 0 rg: 53 | total time: 6.46m | eta: 39.2m
step 00549/03814 (14.39%) | loss: 3.402884 | lrm: 1.00 | dt: 717.65ms | tok/sec: 91,320 | bf16_mfu: 0.00 | epoch: 1 pq: 0 rg: 53 | total time: 6.47m | eta: 39.2m
step 00550/03814 (14.42%) | loss: 3.394499 | lrm: 1.00 | dt: 878.17ms | tok/sec: 74,628 | bf16_mfu: 0.00 | epoch: 1 pq: 0 rg: 54 | total time: 6.49m | eta: 39.2m
step 00551/03814 (14.45%) | loss: 3.399071 | lrm: 1.00 | dt: 721.49ms | tok/sec: 90,833 | bf16_mfu: 0.00 | epoch: 1 pq: 0 rg: 54 | total time: 6.50m | eta: 39.2m
step 00552/03814 (14.47%) | loss: 3.404940 | lrm: 1.00 | dt: 714.04ms | tok/sec: 91,782 | bf16_mfu: 0.00 | epoch: 1 pq: 0 rg: 54 | total time: 6.51m | eta: 39.2m
step 00553/03814 (14.50%) | loss: 3.397199 | lrm: 1.00 | dt: 716.06ms | tok/sec: 91,522 | bf16_mfu: 0.00 | epoch: 1 pq: 0 rg: 54 | total time: 6.52m | eta: 39.2m
step 00554/03814 (14.53%) | loss: 3.379205 | lrm: 1.00 | dt: 722.31ms | tok/sec: 90,731 | bf16_mfu: 0.00 | epoch: 1 pq: 0 rg: 54 | total time: 6.54m | eta: 39.2m
step 00555/03814 (14.55%) | loss: 3.390293 | lrm: 1.00 | dt: 715.74ms | tok/sec: 91,564 | bf16_mfu: 0.00 | epoch: 1 pq: 0 rg: 54 | total time: 6.55m | eta: 39.2m
step 00556/03814 (14.58%) | loss: 3.387457 | lrm: 1.00 | dt: 717.39ms | tok/sec: 91,353 | bf16_mfu: 0.00 | epoch: 1 pq: 0 rg: 54 | total time: 6.56m | eta: 39.1m
step 00557/03814 (14.60%) | loss: 3.384539 | lrm: 1.00 | dt: 714.40ms | tok/sec: 91,735 | bf16_mfu: 0.00 | epoch: 1 pq: 0 rg: 54 | total time: 6.57m | eta: 39.1m
step 00558/03814 (14.63%) | loss: 3.395840 | lrm: 1.00 | dt: 724.83ms | tok/sec: 90,415 | bf16_mfu: 0.00 | epoch: 1 pq: 0 rg: 54 | total time: 6.58m | eta: 39.1m
step 00559/03814 (14.66%) | loss: 3.397609 | lrm: 1.00 | dt: 717.82ms | tok/sec: 91,298 | bf16_mfu: 0.00 | epoch: 1 pq: 0 rg: 54 | total time: 6.60m | eta: 39.1m
step 00560/03814 (14.68%) | loss: 3.393686 | lrm: 1.00 | dt: 719.50ms | tok/sec: 91,085 | bf16_mfu: 0.00 | epoch: 1 pq: 0 rg: 54 | total time: 6.61m | eta: 39.1m
step 00561/03814 (14.71%) | loss: 3.403188 | lrm: 1.00 | dt: 713.82ms | tok/sec: 91,809 | bf16_mfu: 0.00 | epoch: 1 pq: 0 rg: 55 | total time: 6.62m | eta: 39.1m
step 00562/03814 (14.74%) | loss: 3.404360 | lrm: 1.00 | dt: 724.84ms | tok/sec: 90,414 | bf16_mfu: 0.00 | epoch: 1 pq: 0 rg: 55 | total time: 6.63m | eta: 39.1m
step 00563/03814 (14.76%) | loss: 3.393171 | lrm: 1.00 | dt: 713.56ms | tok/sec: 91,843 | bf16_mfu: 0.00 | epoch: 1 pq: 0 rg: 55 | total time: 6.64m | eta: 39.1m
step 00564/03814 (14.79%) | loss: 3.409124 | lrm: 1.00 | dt: 714.20ms | tok/sec: 91,761 | bf16_mfu: 0.00 | epoch: 1 pq: 0 rg: 55 | total time: 6.66m | eta: 39.0m
step 00565/03814 (14.81%) | loss: 3.408858 | lrm: 1.00 | dt: 718.35ms | tok/sec: 91,231 | bf16_mfu: 0.00 | epoch: 1 pq: 0 rg: 55 | total time: 6.67m | eta: 39.0m
step 00566/03814 (14.84%) | loss: 3.401980 | lrm: 1.00 | dt: 716.10ms | tok/sec: 91,518 | bf16_mfu: 0.00 | epoch: 1 pq: 0 rg: 55 | total time: 6.68m | eta: 39.0m
step 00567/03814 (14.87%) | loss: 3.408535 | lrm: 1.00 | dt: 716.68ms | tok/sec: 91,443 | bf16_mfu: 0.00 | epoch: 1 pq: 0 rg: 55 | total time: 6.69m | eta: 39.0m
step 00568/03814 (14.89%) | loss: 3.412345 | lrm: 1.00 | dt: 713.55ms | tok/sec: 91,845 | bf16_mfu: 0.00 | epoch: 1 pq: 0 rg: 55 | total time: 6.70m | eta: 39.0m
step 00569/03814 (14.92%) | loss: 3.448809 | lrm: 1.00 | dt: 712.25ms | tok/sec: 92,012 | bf16_mfu: 0.00 | epoch: 1 pq: 0 rg: 55 | total time: 6.71m | eta: 39.0m
step 00570/03814 (14.94%) | loss: 3.442236 | lrm: 1.00 | dt: 712.93ms | tok/sec: 91,924 | bf16_mfu: 0.00 | epoch: 1 pq: 0 rg: 55 | total time: 6.73m | eta: 39.0m
step 00571/03814 (14.97%) | loss: 3.444115 | lrm: 1.00 | dt: 719.47ms | tok/sec: 91,088 | bf16_mfu: 0.00 | epoch: 1 pq: 0 rg: 55 | total time: 6.74m | eta: 39.0m
step 00572/03814 (15.00%) | loss: 3.440613 | lrm: 1.00 | dt: 812.61ms | tok/sec: 80,649 | bf16_mfu: 0.00 | epoch: 1 pq: 0 rg: 56 | total time: 6.75m | eta: 39.0m
step 00573/03814 (15.02%) | loss: 3.426946 | lrm: 1.00 | dt: 725.47ms | tok/sec: 90,335 | bf16_mfu: 0.00 | epoch: 1 pq: 0 rg: 56 | total time: 6.76m | eta: 38.9m
step 00574/03814 (15.05%) | loss: 3.410435 | lrm: 1.00 | dt: 711.42ms | tok/sec: 92,119 | bf16_mfu: 0.00 | epoch: 1 pq: 0 rg: 56 | total time: 6.78m | eta: 38.9m
step 00575/03814 (15.08%) | loss: 3.407098 | lrm: 1.00 | dt: 714.79ms | tok/sec: 91,685 | bf16_mfu: 0.00 | epoch: 1 pq: 0 rg: 56 | total time: 6.79m | eta: 38.9m
step 00576/03814 (15.10%) | loss: 3.407681 | lrm: 1.00 | dt: 720.23ms | tok/sec: 90,993 | bf16_mfu: 0.00 | epoch: 1 pq: 0 rg: 56 | total time: 6.80m | eta: 38.9m
step 00577/03814 (15.13%) | loss: 3.400721 | lrm: 1.00 | dt: 710.47ms | tok/sec: 92,243 | bf16_mfu: 0.00 | epoch: 1 pq: 0 rg: 56 | total time: 6.81m | eta: 38.9m
step 00578/03814 (15.15%) | loss: 3.395065 | lrm: 1.00 | dt: 717.41ms | tok/sec: 91,350 | bf16_mfu: 0.00 | epoch: 1 pq: 0 rg: 56 | total time: 6.82m | eta: 38.9m
step 00579/03814 (15.18%) | loss: 3.390457 | lrm: 1.00 | dt: 717.70ms | tok/sec: 91,314 | bf16_mfu: 0.00 | epoch: 1 pq: 0 rg: 56 | total time: 6.84m | eta: 38.9m
step 00580/03814 (15.21%) | loss: 3.376484 | lrm: 1.00 | dt: 711.50ms | tok/sec: 92,109 | bf16_mfu: 0.00 | epoch: 1 pq: 0 rg: 56 | total time: 6.85m | eta: 38.9m
step 00581/03814 (15.23%) | loss: 3.390274 | lrm: 1.00 | dt: 716.11ms | tok/sec: 91,517 | bf16_mfu: 0.00 | epoch: 1 pq: 0 rg: 56 | total time: 6.86m | eta: 38.8m
step 00582/03814 (15.26%) | loss: 3.375993 | lrm: 1.00 | dt: 710.25ms | tok/sec: 92,272 | bf16_mfu: 0.00 | epoch: 1 pq: 0 rg: 57 | total time: 6.87m | eta: 38.8m
step 00583/03814 (15.29%) | loss: 3.383838 | lrm: 1.00 | dt: 716.44ms | tok/sec: 91,475 | bf16_mfu: 0.00 | epoch: 1 pq: 0 rg: 57 | total time: 6.88m | eta: 38.8m
step 00584/03814 (15.31%) | loss: 3.406661 | lrm: 1.00 | dt: 711.57ms | tok/sec: 92,100 | bf16_mfu: 0.00 | epoch: 1 pq: 0 rg: 57 | total time: 6.90m | eta: 38.8m
step 00585/03814 (15.34%) | loss: 3.409528 | lrm: 1.00 | dt: 713.27ms | tok/sec: 91,881 | bf16_mfu: 0.00 | epoch: 1 pq: 0 rg: 57 | total time: 6.91m | eta: 38.8m
step 00586/03814 (15.36%) | loss: 3.395936 | lrm: 1.00 | dt: 719.80ms | tok/sec: 91,047 | bf16_mfu: 0.00 | epoch: 1 pq: 0 rg: 57 | total time: 6.92m | eta: 38.8m
step 00587/03814 (15.39%) | loss: 3.387854 | lrm: 1.00 | dt: 712.96ms | tok/sec: 91,920 | bf16_mfu: 0.00 | epoch: 1 pq: 0 rg: 57 | total time: 6.93m | eta: 38.8m
step 00588/03814 (15.42%) | loss: 3.392485 | lrm: 1.00 | dt: 714.25ms | tok/sec: 91,754 | bf16_mfu: 0.00 | epoch: 1 pq: 0 rg: 57 | total time: 6.94m | eta: 38.8m
step 00589/03814 (15.44%) | loss: 3.404223 | lrm: 1.00 | dt: 710.00ms | tok/sec: 92,304 | bf16_mfu: 0.00 | epoch: 1 pq: 0 rg: 57 | total time: 6.95m | eta: 38.7m
step 00590/03814 (15.47%) | loss: 3.406219 | lrm: 1.00 | dt: 715.54ms | tok/sec: 91,589 | bf16_mfu: 0.00 | epoch: 1 pq: 0 rg: 57 | total time: 6.97m | eta: 38.7m
step 00591/03814 (15.50%) | loss: 3.402227 | lrm: 1.00 | dt: 714.97ms | tok/sec: 91,662 | bf16_mfu: 0.00 | epoch: 1 pq: 0 rg: 57 | total time: 6.98m | eta: 38.7m
step 00592/03814 (15.52%) | loss: 3.399433 | lrm: 1.00 | dt: 716.92ms | tok/sec: 91,413 | bf16_mfu: 0.00 | epoch: 1 pq: 0 rg: 57 | total time: 6.99m | eta: 38.7m
step 00593/03814 (15.55%) | loss: 3.386443 | lrm: 1.00 | dt: 718.71ms | tok/sec: 91,185 | bf16_mfu: 0.00 | epoch: 1 pq: 0 rg: 58 | total time: 7.00m | eta: 38.7m
step 00594/03814 (15.57%) | loss: 3.389727 | lrm: 1.00 | dt: 715.58ms | tok/sec: 91,584 | bf16_mfu: 0.00 | epoch: 1 pq: 0 rg: 58 | total time: 7.01m | eta: 38.7m
step 00595/03814 (15.60%) | loss: 3.389344 | lrm: 1.00 | dt: 715.78ms | tok/sec: 91,558 | bf16_mfu: 0.00 | epoch: 1 pq: 0 rg: 58 | total time: 7.03m | eta: 38.7m
step 00596/03814 (15.63%) | loss: 3.389427 | lrm: 1.00 | dt: 715.80ms | tok/sec: 91,555 | bf16_mfu: 0.00 | epoch: 1 pq: 0 rg: 58 | total time: 7.04m | eta: 38.7m
step 00597/03814 (15.65%) | loss: 3.398389 | lrm: 1.00 | dt: 714.13ms | tok/sec: 91,770 | bf16_mfu: 0.00 | epoch: 1 pq: 0 rg: 58 | total time: 7.05m | eta: 38.6m
step 00598/03814 (15.68%) | loss: 3.390907 | lrm: 1.00 | dt: 721.48ms | tok/sec: 90,835 | bf16_mfu: 0.00 | epoch: 1 pq: 0 rg: 58 | total time: 7.06m | eta: 38.6m
step 00599/03814 (15.71%) | loss: 3.385689 | lrm: 1.00 | dt: 713.23ms | tok/sec: 91,885 | bf16_mfu: 0.00 | epoch: 1 pq: 0 rg: 58 | total time: 7.07m | eta: 38.6m
step 00600/03814 (15.73%) | loss: 3.414116 | lrm: 1.00 | dt: 712.39ms | tok/sec: 91,994 | bf16_mfu: 0.00 | epoch: 1 pq: 0 rg: 58 | total time: 7.09m | eta: 38.6m
step 00601/03814 (15.76%) | loss: 3.412200 | lrm: 1.00 | dt: 710.67ms | tok/sec: 92,217 | bf16_mfu: 0.00 | epoch: 1 pq: 0 rg: 58 | total time: 7.10m | eta: 38.6m
step 00602/03814 (15.78%) | loss: 3.403796 | lrm: 1.00 | dt: 718.79ms | tok/sec: 91,175 | bf16_mfu: 0.00 | epoch: 1 pq: 0 rg: 58 | total time: 7.11m | eta: 38.6m
step 00603/03814 (15.81%) | loss: 3.392547 | lrm: 1.00 | dt: 711.79ms | tok/sec: 92,071 | bf16_mfu: 0.00 | epoch: 1 pq: 0 rg: 58 | total time: 7.12m | eta: 38.6m
step 00604/03814 (15.84%) | loss: 3.406468 | lrm: 1.00 | dt: 714.14ms | tok/sec: 91,769 | bf16_mfu: 0.00 | epoch: 1 pq: 0 rg: 59 | total time: 7.13m | eta: 38.6m
step 00605/03814 (15.86%) | loss: 3.418108 | lrm: 1.00 | dt: 714.73ms | tok/sec: 91,693 | bf16_mfu: 0.00 | epoch: 1 pq: 0 rg: 59 | total time: 7.15m | eta: 38.5m
step 00606/03814 (15.89%) | loss: 3.408918 | lrm: 1.00 | dt: 804.41ms | tok/sec: 81,470 | bf16_mfu: 0.00 | epoch: 1 pq: 0 rg: 59 | total time: 7.16m | eta: 38.5m
step 00607/03814 (15.92%) | loss: 3.409504 | lrm: 1.00 | dt: 715.22ms | tok/sec: 91,629 | bf16_mfu: 0.00 | epoch: 1 pq: 0 rg: 59 | total time: 7.17m | eta: 38.5m
step 00608/03814 (15.94%) | loss: 3.409844 | lrm: 1.00 | dt: 893.27ms | tok/sec: 73,366 | bf16_mfu: 0.00 | epoch: 1 pq: 0 rg: 59 | total time: 7.19m | eta: 38.5m
step 00609/03814 (15.97%) | loss: 3.405561 | lrm: 1.00 | dt: 716.30ms | tok/sec: 91,492 | bf16_mfu: 0.00 | epoch: 1 pq: 0 rg: 59 | total time: 7.20m | eta: 38.5m
step 00610/03814 (15.99%) | loss: 3.409296 | lrm: 1.00 | dt: 712.99ms | tok/sec: 91,917 | bf16_mfu: 0.00 | epoch: 1 pq: 0 rg: 59 | total time: 7.21m | eta: 38.5m
step 00611/03814 (16.02%) | loss: 3.412349 | lrm: 1.00 | dt: 713.40ms | tok/sec: 91,864 | bf16_mfu: 0.00 | epoch: 1 pq: 0 rg: 59 | total time: 7.22m | eta: 38.5m
step 00612/03814 (16.05%) | loss: 3.408013 | lrm: 1.00 | dt: 714.44ms | tok/sec: 91,730 | bf16_mfu: 0.00 | epoch: 1 pq: 0 rg: 59 | total time: 7.23m | eta: 38.5m
step 00613/03814 (16.07%) | loss: 3.406639 | lrm: 1.00 | dt: 716.58ms | tok/sec: 91,456 | bf16_mfu: 0.00 | epoch: 1 pq: 0 rg: 59 | total time: 7.25m | eta: 38.5m
step 00614/03814 (16.10%) | loss: 3.410180 | lrm: 1.00 | dt: 1098.81ms | tok/sec: 59,642 | bf16_mfu: 0.00 | epoch: 1 pq: 0 rg: 60 | total time: 7.26m | eta: 38.5m
step 00615/03814 (16.12%) | loss: 3.419165 | lrm: 1.00 | dt: 716.31ms | tok/sec: 91,491 | bf16_mfu: 0.00 | epoch: 1 pq: 0 rg: 60 | total time: 7.28m | eta: 38.5m
step 00616/03814 (16.15%) | loss: 3.412259 | lrm: 1.00 | dt: 718.63ms | tok/sec: 91,195 | bf16_mfu: 0.00 | epoch: 1 pq: 0 rg: 60 | total time: 7.29m | eta: 38.5m
step 00617/03814 (16.18%) | loss: 3.406911 | lrm: 1.00 | dt: 777.38ms | tok/sec: 84,303 | bf16_mfu: 0.00 | epoch: 1 pq: 0 rg: 60 | total time: 7.30m | eta: 38.5m
step 00618/03814 (16.20%) | loss: 3.422156 | lrm: 1.00 | dt: 713.85ms | tok/sec: 91,806 | bf16_mfu: 0.00 | epoch: 1 pq: 0 rg: 60 | total time: 7.31m | eta: 38.4m
step 00619/03814 (16.23%) | loss: 3.433429 | lrm: 1.00 | dt: 1100.12ms | tok/sec: 59,571 | bf16_mfu: 0.00 | epoch: 1 pq: 0 rg: 60 | total time: 7.33m | eta: 38.5m
step 00620/03814 (16.26%) | loss: 3.426450 | lrm: 1.00 | dt: 715.84ms | tok/sec: 91,551 | bf16_mfu: 0.00 | epoch: 1 pq: 0 rg: 60 | total time: 7.34m | eta: 38.4m
step 00621/03814 (16.28%) | loss: 3.435326 | lrm: 1.00 | dt: 716.45ms | tok/sec: 91,472 | bf16_mfu: 0.00 | epoch: 1 pq: 0 rg: 60 | total time: 7.35m | eta: 38.4m
step 00622/03814 (16.31%) | loss: 3.440134 | lrm: 1.00 | dt: 712.46ms | tok/sec: 91,985 | bf16_mfu: 0.00 | epoch: 1 pq: 0 rg: 60 | total time: 7.37m | eta: 38.4m
step 00623/03814 (16.33%) | loss: 3.450300 | lrm: 1.00 | dt: 715.57ms | tok/sec: 91,585 | bf16_mfu: 0.00 | epoch: 1 pq: 0 rg: 60 | total time: 7.38m | eta: 38.4m
step 00624/03814 (16.36%) | loss: 3.443376 | lrm: 1.00 | dt: 713.67ms | tok/sec: 91,829 | bf16_mfu: 0.00 | epoch: 1 pq: 0 rg: 60 | total time: 7.39m | eta: 38.4m
step 00625/03814 (16.39%) | loss: 3.448268 | lrm: 1.00 | dt: 715.05ms | tok/sec: 91,652 | bf16_mfu: 0.00 | epoch: 1 pq: 0 rg: 61 | total time: 7.40m | eta: 38.4m
step 00626/03814 (16.41%) | loss: 3.443736 | lrm: 1.00 | dt: 717.25ms | tok/sec: 91,370 | bf16_mfu: 0.00 | epoch: 1 pq: 0 rg: 61 | total time: 7.41m | eta: 38.4m
step 00627/03814 (16.44%) | loss: 3.431927 | lrm: 1.00 | dt: 720.94ms | tok/sec: 90,903 | bf16_mfu: 0.00 | epoch: 1 pq: 0 rg: 61 | total time: 7.43m | eta: 38.4m
step 00628/03814 (16.47%) | loss: 3.427438 | lrm: 1.00 | dt: 713.77ms | tok/sec: 91,816 | bf16_mfu: 0.00 | epoch: 1 pq: 0 rg: 61 | total time: 7.44m | eta: 38.3m
step 00629/03814 (16.49%) | loss: 3.411073 | lrm: 1.00 | dt: 714.41ms | tok/sec: 91,734 | bf16_mfu: 0.00 | epoch: 1 pq: 0 rg: 61 | total time: 7.45m | eta: 38.3m
step 00630/03814 (16.52%) | loss: 3.407436 | lrm: 1.00 | dt: 713.49ms | tok/sec: 91,852 | bf16_mfu: 0.00 | epoch: 1 pq: 0 rg: 61 | total time: 7.46m | eta: 38.3m
step 00631/03814 (16.54%) | loss: 3.420586 | lrm: 1.00 | dt: 735.50ms | tok/sec: 89,104 | bf16_mfu: 0.00 | epoch: 1 pq: 0 rg: 61 | total time: 7.47m | eta: 38.3m
step 00632/03814 (16.57%) | loss: 3.427003 | lrm: 1.00 | dt: 717.12ms | tok/sec: 91,388 | bf16_mfu: 0.00 | epoch: 1 pq: 0 rg: 61 | total time: 7.49m | eta: 38.3m
step 00633/03814 (16.60%) | loss: 3.417072 | lrm: 1.00 | dt: 711.64ms | tok/sec: 92,091 | bf16_mfu: 0.00 | epoch: 1 pq: 0 rg: 61 | total time: 7.50m | eta: 38.3m
step 00634/03814 (16.62%) | loss: 3.426412 | lrm: 1.00 | dt: 714.38ms | tok/sec: 91,737 | bf16_mfu: 0.00 | epoch: 1 pq: 0 rg: 61 | total time: 7.51m | eta: 38.3m
step 00635/03814 (16.65%) | loss: 3.413562 | lrm: 1.00 | dt: 768.65ms | tok/sec: 85,261 | bf16_mfu: 0.00 | epoch: 1 pq: 0 rg: 62 | total time: 7.52m | eta: 38.3m
step 00636/03814 (16.68%) | loss: 3.395265 | lrm: 1.00 | dt: 723.63ms | tok/sec: 90,565 | bf16_mfu: 0.00 | epoch: 1 pq: 0 rg: 62 | total time: 7.53m | eta: 38.3m
step 00637/03814 (16.70%) | loss: 3.384758 | lrm: 1.00 | dt: 723.50ms | tok/sec: 90,581 | bf16_mfu: 0.00 | epoch: 1 pq: 0 rg: 62 | total time: 7.55m | eta: 38.2m
step 00638/03814 (16.73%) | loss: 3.391734 | lrm: 1.00 | dt: 713.95ms | tok/sec: 91,793 | bf16_mfu: 0.00 | epoch: 1 pq: 0 rg: 62 | total time: 7.56m | eta: 38.2m
step 00639/03814 (16.75%) | loss: 3.385443 | lrm: 1.00 | dt: 716.13ms | tok/sec: 91,514 | bf16_mfu: 0.00 | epoch: 1 pq: 0 rg: 62 | total time: 7.57m | eta: 38.2m
step 00640/03814 (16.78%) | loss: 3.387373 | lrm: 1.00 | dt: 729.57ms | tok/sec: 89,827 | bf16_mfu: 0.00 | epoch: 1 pq: 0 rg: 62 | total time: 7.58m | eta: 38.2m
step 00641/03814 (16.81%) | loss: 3.364659 | lrm: 1.00 | dt: 717.15ms | tok/sec: 91,383 | bf16_mfu: 0.00 | epoch: 1 pq: 0 rg: 62 | total time: 7.59m | eta: 38.2m
step 00642/03814 (16.83%) | loss: 3.367870 | lrm: 1.00 | dt: 714.01ms | tok/sec: 91,785 | bf16_mfu: 0.00 | epoch: 1 pq: 0 rg: 62 | total time: 7.61m | eta: 38.2m
step 00643/03814 (16.86%) | loss: 3.349668 | lrm: 1.00 | dt: 722.74ms | tok/sec: 90,676 | bf16_mfu: 0.00 | epoch: 1 pq: 0 rg: 62 | total time: 7.62m | eta: 38.2m
step 00644/03814 (16.89%) | loss: 3.347044 | lrm: 1.00 | dt: 715.21ms | tok/sec: 91,631 | bf16_mfu: 0.00 | epoch: 1 pq: 0 rg: 62 | total time: 7.63m | eta: 38.2m
step 00645/03814 (16.91%) | loss: 3.340289 | lrm: 1.00 | dt: 719.14ms | tok/sec: 91,131 | bf16_mfu: 0.00 | epoch: 1 pq: 0 rg: 62 | total time: 7.64m | eta: 38.1m
step 00646/03814 (16.94%) | loss: 3.360199 | lrm: 1.00 | dt: 715.72ms | tok/sec: 91,565 | bf16_mfu: 0.00 | epoch: 1 pq: 0 rg: 63 | total time: 7.65m | eta: 38.1m
step 00647/03814 (16.96%) | loss: 3.371226 | lrm: 1.00 | dt: 724.55ms | tok/sec: 90,451 | bf16_mfu: 0.00 | epoch: 1 pq: 0 rg: 63 | total time: 7.67m | eta: 38.1m
step 00648/03814 (16.99%) | loss: 3.358301 | lrm: 1.00 | dt: 715.85ms | tok/sec: 91,549 | bf16_mfu: 0.00 | epoch: 1 pq: 0 rg: 63 | total time: 7.68m | eta: 38.1m
step 00649/03814 (17.02%) | loss: 3.352990 | lrm: 1.00 | dt: 717.23ms | tok/sec: 91,373 | bf16_mfu: 0.00 | epoch: 1 pq: 0 rg: 63 | total time: 7.69m | eta: 38.1m
step 00650/03814 (17.04%) | loss: 3.351531 | lrm: 1.00 | dt: 716.16ms | tok/sec: 91,509 | bf16_mfu: 0.00 | epoch: 1 pq: 0 rg: 63 | total time: 7.70m | eta: 38.1m
step 00651/03814 (17.07%) | loss: 3.350344 | lrm: 1.00 | dt: 721.06ms | tok/sec: 90,888 | bf16_mfu: 0.00 | epoch: 1 pq: 0 rg: 63 | total time: 7.71m | eta: 38.1m
step 00652/03814 (17.09%) | loss: 3.342744 | lrm: 1.00 | dt: 718.82ms | tok/sec: 91,171 | bf16_mfu: 0.00 | epoch: 1 pq: 0 rg: 63 | total time: 7.73m | eta: 38.1m
step 00653/03814 (17.12%) | loss: 3.343322 | lrm: 1.00 | dt: 720.10ms | tok/sec: 91,009 | bf16_mfu: 0.00 | epoch: 1 pq: 0 rg: 63 | total time: 7.74m | eta: 38.0m
step 00654/03814 (17.15%) | loss: 3.328673 | lrm: 1.00 | dt: 713.86ms | tok/sec: 91,805 | bf16_mfu: 0.00 | epoch: 1 pq: 0 rg: 63 | total time: 7.75m | eta: 38.0m
step 00655/03814 (17.17%) | loss: 3.311713 | lrm: 1.00 | dt: 725.68ms | tok/sec: 90,309 | bf16_mfu: 0.00 | epoch: 1 pq: 0 rg: 63 | total time: 7.76m | eta: 38.0m
step 00656/03814 (17.20%) | loss: 3.291502 | lrm: 1.00 | dt: 849.18ms | tok/sec: 77,175 | bf16_mfu: 0.00 | epoch: 1 pq: 0 rg: 64 | total time: 7.78m | eta: 38.0m
step 00657/03814 (17.23%) | loss: 3.289617 | lrm: 1.00 | dt: 720.57ms | tok/sec: 90,950 | bf16_mfu: 0.00 | epoch: 1 pq: 0 rg: 64 | total time: 7.79m | eta: 38.0m
step 00658/03814 (17.25%) | loss: 3.296766 | lrm: 1.00 | dt: 723.69ms | tok/sec: 90,557 | bf16_mfu: 0.00 | epoch: 1 pq: 0 rg: 64 | total time: 7.80m | eta: 38.0m
step 00659/03814 (17.28%) | loss: 3.306941 | lrm: 1.00 | dt: 719.56ms | tok/sec: 91,077 | bf16_mfu: 0.00 | epoch: 1 pq: 0 rg: 64 | total time: 7.81m | eta: 38.0m
step 00660/03814 (17.30%) | loss: 3.309357 | lrm: 1.00 | dt: 720.90ms | tok/sec: 90,909 | bf16_mfu: 0.00 | epoch: 1 pq: 0 rg: 64 | total time: 7.82m | eta: 38.0m
step 00661/03814 (17.33%) | loss: 3.324170 | lrm: 1.00 | dt: 717.87ms | tok/sec: 91,292 | bf16_mfu: 0.00 | epoch: 1 pq: 0 rg: 64 | total time: 7.84m | eta: 38.0m
step 00662/03814 (17.36%) | loss: 3.342961 | lrm: 1.00 | dt: 723.68ms | tok/sec: 90,559 | bf16_mfu: 0.00 | epoch: 1 pq: 0 rg: 64 | total time: 7.85m | eta: 37.9m
step 00663/03814 (17.38%) | loss: 3.364283 | lrm: 1.00 | dt: 727.45ms | tok/sec: 90,090 | bf16_mfu: 0.00 | epoch: 1 pq: 0 rg: 64 | total time: 7.86m | eta: 37.9m
step 00664/03814 (17.41%) | loss: 3.354503 | lrm: 1.00 | dt: 757.97ms | tok/sec: 86,462 | bf16_mfu: 0.00 | epoch: 1 pq: 0 rg: 64 | total time: 7.87m | eta: 37.9m
step 00665/03814 (17.44%) | loss: 3.348553 | lrm: 1.00 | dt: 723.96ms | tok/sec: 90,524 | bf16_mfu: 0.00 | epoch: 1 pq: 0 rg: 64 | total time: 7.89m | eta: 37.9m
step 00666/03814 (17.46%) | loss: 3.357237 | lrm: 1.00 | dt: 720.78ms | tok/sec: 90,923 | bf16_mfu: 0.00 | epoch: 1 pq: 0 rg: 64 | total time: 7.90m | eta: 37.9m
step 00667/03814 (17.49%) | loss: 3.348850 | lrm: 1.00 | dt: 719.24ms | tok/sec: 91,118 | bf16_mfu: 0.00 | epoch: 1 pq: 0 rg: 65 | total time: 7.91m | eta: 37.9m
step 00668/03814 (17.51%) | loss: 3.336322 | lrm: 1.00 | dt: 725.67ms | tok/sec: 90,311 | bf16_mfu: 0.00 | epoch: 1 pq: 0 rg: 65 | total time: 7.92m | eta: 37.9m
step 00669/03814 (17.54%) | loss: 3.345032 | lrm: 1.00 | dt: 721.07ms | tok/sec: 90,887 | bf16_mfu: 0.00 | epoch: 1 pq: 0 rg: 65 | total time: 7.93m | eta: 37.9m
step 00670/03814 (17.57%) | loss: 3.347221 | lrm: 1.00 | dt: 717.78ms | tok/sec: 91,303 | bf16_mfu: 0.00 | epoch: 1 pq: 0 rg: 65 | total time: 7.95m | eta: 37.9m
step 00671/03814 (17.59%) | loss: 3.346316 | lrm: 1.00 | dt: 722.69ms | tok/sec: 90,683 | bf16_mfu: 0.00 | epoch: 1 pq: 0 rg: 65 | total time: 7.96m | eta: 37.8m
step 00672/03814 (17.62%) | loss: 3.346847 | lrm: 1.00 | dt: 718.08ms | tok/sec: 91,265 | bf16_mfu: 0.00 | epoch: 1 pq: 0 rg: 65 | total time: 7.97m | eta: 37.8m
step 00673/03814 (17.65%) | loss: 3.336588 | lrm: 1.00 | dt: 723.85ms | tok/sec: 90,537 | bf16_mfu: 0.00 | epoch: 1 pq: 0 rg: 65 | total time: 7.98m | eta: 37.8m
step 00674/03814 (17.67%) | loss: 3.347618 | lrm: 1.00 | dt: 718.68ms | tok/sec: 91,189 | bf16_mfu: 0.00 | epoch: 1 pq: 0 rg: 65 | total time: 7.99m | eta: 37.8m
step 00675/03814 (17.70%) | loss: 3.329126 | lrm: 1.00 | dt: 719.75ms | tok/sec: 91,053 | bf16_mfu: 0.00 | epoch: 1 pq: 0 rg: 65 | total time: 8.01m | eta: 37.8m
step 00676/03814 (17.72%) | loss: 3.341968 | lrm: 1.00 | dt: 725.40ms | tok/sec: 90,344 | bf16_mfu: 0.00 | epoch: 1 pq: 0 rg: 65 | total time: 8.02m | eta: 37.8m
step 00677/03814 (17.75%) | loss: 3.354514 | lrm: 1.00 | dt: 721.68ms | tok/sec: 90,809 | bf16_mfu: 0.00 | epoch: 1 pq: 0 rg: 65 | total time: 8.03m | eta: 37.8m
step 00678/03814 (17.78%) | loss: 3.379715 | lrm: 1.00 | dt: 720.11ms | tok/sec: 91,008 | bf16_mfu: 0.00 | epoch: 1 pq: 0 rg: 66 | total time: 8.04m | eta: 37.8m
step 00679/03814 (17.80%) | loss: 3.360570 | lrm: 1.00 | dt: 719.83ms | tok/sec: 91,043 | bf16_mfu: 0.00 | epoch: 1 pq: 0 rg: 66 | total time: 8.05m | eta: 37.7m
step 00680/03814 (17.83%) | loss: 3.340704 | lrm: 1.00 | dt: 722.80ms | tok/sec: 90,669 | bf16_mfu: 0.00 | epoch: 1 pq: 0 rg: 66 | total time: 8.07m | eta: 37.7m
step 00681/03814 (17.86%) | loss: 3.333840 | lrm: 1.00 | dt: 717.73ms | tok/sec: 91,310 | bf16_mfu: 0.00 | epoch: 1 pq: 0 rg: 66 | total time: 8.08m | eta: 37.7m
step 00682/03814 (17.88%) | loss: 3.352204 | lrm: 1.00 | dt: 718.15ms | tok/sec: 91,257 | bf16_mfu: 0.00 | epoch: 1 pq: 0 rg: 66 | total time: 8.09m | eta: 37.7m
step 00683/03814 (17.91%) | loss: 3.343813 | lrm: 1.00 | dt: 718.06ms | tok/sec: 91,268 | bf16_mfu: 0.00 | epoch: 1 pq: 0 rg: 66 | total time: 8.10m | eta: 37.7m
step 00684/03814 (17.93%) | loss: 3.338598 | lrm: 1.00 | dt: 724.03ms | tok/sec: 90,516 | bf16_mfu: 0.00 | epoch: 1 pq: 0 rg: 66 | total time: 8.11m | eta: 37.7m
step 00685/03814 (17.96%) | loss: 3.334376 | lrm: 1.00 | dt: 720.08ms | tok/sec: 91,011 | bf16_mfu: 0.00 | epoch: 1 pq: 0 rg: 66 | total time: 8.13m | eta: 37.7m
step 00686/03814 (17.99%) | loss: 3.337539 | lrm: 1.00 | dt: 722.96ms | tok/sec: 90,650 | bf16_mfu: 0.00 | epoch: 1 pq: 0 rg: 66 | total time: 8.14m | eta: 37.7m
step 00687/03814 (18.01%) | loss: 3.313206 | lrm: 1.00 | dt: 719.52ms | tok/sec: 91,082 | bf16_mfu: 0.00 | epoch: 1 pq: 0 rg: 66 | total time: 8.15m | eta: 37.6m
step 00688/03814 (18.04%) | loss: 3.309239 | lrm: 1.00 | dt: 720.70ms | tok/sec: 90,934 | bf16_mfu: 0.00 | epoch: 1 pq: 0 rg: 67 | total time: 8.16m | eta: 37.6m
step 00689/03814 (18.07%) | loss: 3.305557 | lrm: 1.00 | dt: 723.30ms | tok/sec: 90,607 | bf16_mfu: 0.00 | epoch: 1 pq: 0 rg: 67 | total time: 8.17m | eta: 37.6m
step 00690/03814 (18.09%) | loss: 3.328311 | lrm: 1.00 | dt: 718.16ms | tok/sec: 91,255 | bf16_mfu: 0.00 | epoch: 1 pq: 0 rg: 67 | total time: 8.19m | eta: 37.6m
step 00691/03814 (18.12%) | loss: 3.330747 | lrm: 1.00 | dt: 726.64ms | tok/sec: 90,190 | bf16_mfu: 0.00 | epoch: 1 pq: 0 rg: 67 | total time: 8.20m | eta: 37.6m
step 00692/03814 (18.14%) | loss: 3.316248 | lrm: 1.00 | dt: 717.03ms | tok/sec: 91,399 | bf16_mfu: 0.00 | epoch: 1 pq: 0 rg: 67 | total time: 8.21m | eta: 37.6m
step 00693/03814 (18.17%) | loss: 3.314797 | lrm: 1.00 | dt: 719.82ms | tok/sec: 91,044 | bf16_mfu: 0.00 | epoch: 1 pq: 0 rg: 67 | total time: 8.22m | eta: 37.6m
step 00694/03814 (18.20%) | loss: 3.315147 | lrm: 1.00 | dt: 717.57ms | tok/sec: 91,330 | bf16_mfu: 0.00 | epoch: 1 pq: 0 rg: 67 | total time: 8.23m | eta: 37.6m
step 00695/03814 (18.22%) | loss: 3.304677 | lrm: 1.00 | dt: 722.41ms | tok/sec: 90,719 | bf16_mfu: 0.00 | epoch: 1 pq: 0 rg: 67 | total time: 8.25m | eta: 37.5m
step 00696/03814 (18.25%) | loss: 3.296125 | lrm: 1.00 | dt: 717.50ms | tok/sec: 91,339 | bf16_mfu: 0.00 | epoch: 1 pq: 0 rg: 67 | total time: 8.26m | eta: 37.5m
step 00697/03814 (18.27%) | loss: 3.316023 | lrm: 1.00 | dt: 718.61ms | tok/sec: 91,198 | bf16_mfu: 0.00 | epoch: 1 pq: 0 rg: 67 | total time: 8.27m | eta: 37.5m
step 00698/03814 (18.30%) | loss: 3.329808 | lrm: 1.00 | dt: 716.82ms | tok/sec: 91,426 | bf16_mfu: 0.00 | epoch: 1 pq: 0 rg: 67 | total time: 8.28m | eta: 37.5m
step 00699/03814 (18.33%) | loss: 3.340090 | lrm: 1.00 | dt: 719.98ms | tok/sec: 91,025 | bf16_mfu: 0.00 | epoch: 1 pq: 0 rg: 68 | total time: 8.29m | eta: 37.5m
step 00700/03814 (18.35%) | loss: 3.326817 | lrm: 1.00 | dt: 720.69ms | tok/sec: 90,934 | bf16_mfu: 0.00 | epoch: 1 pq: 0 rg: 68 | total time: 8.31m | eta: 37.5m
step 00701/03814 (18.38%) | loss: 3.314967 | lrm: 1.00 | dt: 719.04ms | tok/sec: 91,144 | bf16_mfu: 0.00 | epoch: 1 pq: 0 rg: 68 | total time: 8.32m | eta: 37.5m
step 00702/03814 (18.41%) | loss: 3.299098 | lrm: 1.00 | dt: 719.47ms | tok/sec: 91,088 | bf16_mfu: 0.00 | epoch: 1 pq: 0 rg: 68 | total time: 8.33m | eta: 37.5m
step 00703/03814 (18.43%) | loss: 3.299141 | lrm: 1.00 | dt: 725.03ms | tok/sec: 90,390 | bf16_mfu: 0.00 | epoch: 1 pq: 0 rg: 68 | total time: 8.34m | eta: 37.4m
step 00704/03814 (18.46%) | loss: 3.290592 | lrm: 1.00 | dt: 717.45ms | tok/sec: 91,345 | bf16_mfu: 0.00 | epoch: 1 pq: 0 rg: 68 | total time: 8.35m | eta: 37.4m
step 00705/03814 (18.48%) | loss: 3.297646 | lrm: 1.00 | dt: 720.09ms | tok/sec: 91,010 | bf16_mfu: 0.00 | epoch: 1 pq: 0 rg: 68 | total time: 8.37m | eta: 37.4m
step 00706/03814 (18.51%) | loss: 3.285910 | lrm: 1.00 | dt: 717.57ms | tok/sec: 91,330 | bf16_mfu: 0.00 | epoch: 1 pq: 0 rg: 68 | total time: 8.38m | eta: 37.4m
step 00707/03814 (18.54%) | loss: 3.271454 | lrm: 1.00 | dt: 719.40ms | tok/sec: 91,097 | bf16_mfu: 0.00 | epoch: 1 pq: 0 rg: 68 | total time: 8.39m | eta: 37.4m
step 00708/03814 (18.56%) | loss: 3.280640 | lrm: 1.00 | dt: 714.98ms | tok/sec: 91,661 | bf16_mfu: 0.00 | epoch: 1 pq: 0 rg: 68 | total time: 8.40m | eta: 37.4m
step 00709/03814 (18.59%) | loss: 3.287493 | lrm: 1.00 | dt: 715.95ms | tok/sec: 91,537 | bf16_mfu: 0.00 | epoch: 1 pq: 0 rg: 68 | total time: 8.41m | eta: 37.4m
step 00710/03814 (18.62%) | loss: 3.290001 | lrm: 1.00 | dt: 720.32ms | tok/sec: 90,981 | bf16_mfu: 0.00 | epoch: 1 pq: 0 rg: 69 | total time: 8.43m | eta: 37.4m
step 00711/03814 (18.64%) | loss: 3.300297 | lrm: 1.00 | dt: 715.89ms | tok/sec: 91,544 | bf16_mfu: 0.00 | epoch: 1 pq: 0 rg: 69 | total time: 8.44m | eta: 37.3m
step 00712/03814 (18.67%) | loss: 3.306718 | lrm: 1.00 | dt: 718.20ms | tok/sec: 91,250 | bf16_mfu: 0.00 | epoch: 1 pq: 0 rg: 69 | total time: 8.45m | eta: 37.3m
step 00713/03814 (18.69%) | loss: 3.311012 | lrm: 1.00 | dt: 717.76ms | tok/sec: 91,306 | bf16_mfu: 0.00 | epoch: 1 pq: 0 rg: 69 | total time: 8.46m | eta: 37.3m
step 00714/03814 (18.72%) | loss: 3.297000 | lrm: 1.00 | dt: 721.95ms | tok/sec: 90,776 | bf16_mfu: 0.00 | epoch: 1 pq: 0 rg: 69 | total time: 8.47m | eta: 37.3m
step 00715/03814 (18.75%) | loss: 3.281373 | lrm: 1.00 | dt: 716.40ms | tok/sec: 91,479 | bf16_mfu: 0.00 | epoch: 1 pq: 0 rg: 69 | total time: 8.49m | eta: 37.3m
step 00716/03814 (18.77%) | loss: 3.283984 | lrm: 1.00 | dt: 714.86ms | tok/sec: 91,676 | bf16_mfu: 0.00 | epoch: 1 pq: 0 rg: 69 | total time: 8.50m | eta: 37.3m
step 00717/03814 (18.80%) | loss: 3.298644 | lrm: 1.00 | dt: 716.13ms | tok/sec: 91,514 | bf16_mfu: 0.00 | epoch: 1 pq: 0 rg: 69 | total time: 8.51m | eta: 37.3m
step 00718/03814 (18.83%) | loss: 3.293437 | lrm: 1.00 | dt: 718.98ms | tok/sec: 91,150 | bf16_mfu: 0.00 | epoch: 1 pq: 0 rg: 69 | total time: 8.52m | eta: 37.3m
step 00719/03814 (18.85%) | loss: 3.290904 | lrm: 1.00 | dt: 722.01ms | tok/sec: 90,769 | bf16_mfu: 0.00 | epoch: 1 pq: 0 rg: 69 | total time: 8.53m | eta: 37.3m
step 00720/03814 (18.88%) | loss: 3.308458 | lrm: 1.00 | dt: 715.69ms | tok/sec: 91,569 | bf16_mfu: 0.00 | epoch: 1 pq: 0 rg: 69 | total time: 8.55m | eta: 37.2m
step 00721/03814 (18.90%) | loss: 3.329321 | lrm: 1.00 | dt: 729.05ms | tok/sec: 89,892 | bf16_mfu: 0.00 | epoch: 1 pq: 0 rg: 70 | total time: 8.56m | eta: 37.2m
step 00722/03814 (18.93%) | loss: 3.318898 | lrm: 1.00 | dt: 720.25ms | tok/sec: 90,990 | bf16_mfu: 0.00 | epoch: 1 pq: 0 rg: 70 | total time: 8.57m | eta: 37.2m
step 00723/03814 (18.96%) | loss: 3.324060 | lrm: 1.00 | dt: 721.00ms | tok/sec: 90,895 | bf16_mfu: 0.00 | epoch: 1 pq: 0 rg: 70 | total time: 8.58m | eta: 37.2m
step 00724/03814 (18.98%) | loss: 3.334116 | lrm: 1.00 | dt: 716.67ms | tok/sec: 91,444 | bf16_mfu: 0.00 | epoch: 1 pq: 0 rg: 70 | total time: 8.59m | eta: 37.2m
step 00725/03814 (19.01%) | loss: 3.331021 | lrm: 1.00 | dt: 715.32ms | tok/sec: 91,617 | bf16_mfu: 0.00 | epoch: 1 pq: 0 rg: 70 | total time: 8.61m | eta: 37.2m
step 00726/03814 (19.04%) | loss: 3.337906 | lrm: 1.00 | dt: 723.22ms | tok/sec: 90,616 | bf16_mfu: 0.00 | epoch: 1 pq: 0 rg: 70 | total time: 8.62m | eta: 37.2m
step 00727/03814 (19.06%) | loss: 3.342248 | lrm: 1.00 | dt: 715.24ms | tok/sec: 91,628 | bf16_mfu: 0.00 | epoch: 1 pq: 0 rg: 70 | total time: 8.63m | eta: 37.2m
step 00728/03814 (19.09%) | loss: 3.347158 | lrm: 1.00 | dt: 723.35ms | tok/sec: 90,601 | bf16_mfu: 0.00 | epoch: 1 pq: 0 rg: 70 | total time: 8.64m | eta: 37.1m
step 00729/03814 (19.11%) | loss: 3.348252 | lrm: 1.00 | dt: 716.97ms | tok/sec: 91,406 | bf16_mfu: 0.00 | epoch: 1 pq: 0 rg: 70 | total time: 8.65m | eta: 37.1m
step 00730/03814 (19.14%) | loss: 3.327160 | lrm: 1.00 | dt: 716.71ms | tok/sec: 91,440 | bf16_mfu: 0.00 | epoch: 1 pq: 0 rg: 70 | total time: 8.67m | eta: 37.1m
step 00731/03814 (19.17%) | loss: 3.328371 | lrm: 1.00 | dt: 715.16ms | tok/sec: 91,638 | bf16_mfu: 0.00 | epoch: 1 pq: 0 rg: 70 | total time: 8.68m | eta: 37.1m
step 00732/03814 (19.19%) | loss: 3.320392 | lrm: 1.00 | dt: 721.00ms | tok/sec: 90,895 | bf16_mfu: 0.00 | epoch: 1 pq: 0 rg: 71 | total time: 8.69m | eta: 37.1m
step 00733/03814 (19.22%) | loss: 3.340459 | lrm: 1.00 | dt: 712.39ms | tok/sec: 91,994 | bf16_mfu: 0.00 | epoch: 1 pq: 0 rg: 71 | total time: 8.70m | eta: 37.1m
step 00734/03814 (19.24%) | loss: 3.330153 | lrm: 1.00 | dt: 715.46ms | tok/sec: 91,599 | bf16_mfu: 0.00 | epoch: 1 pq: 0 rg: 71 | total time: 8.71m | eta: 37.1m
step 00735/03814 (19.27%) | loss: 3.325501 | lrm: 1.00 | dt: 716.96ms | tok/sec: 91,408 | bf16_mfu: 0.00 | epoch: 1 pq: 0 rg: 71 | total time: 8.72m | eta: 37.1m
step 00736/03814 (19.30%) | loss: 3.323070 | lrm: 1.00 | dt: 713.88ms | tok/sec: 91,801 | bf16_mfu: 0.00 | epoch: 1 pq: 0 rg: 71 | total time: 8.74m | eta: 37.0m
step 00737/03814 (19.32%) | loss: 3.316715 | lrm: 1.00 | dt: 718.42ms | tok/sec: 91,222 | bf16_mfu: 0.00 | epoch: 1 pq: 0 rg: 71 | total time: 8.75m | eta: 37.0m
step 00738/03814 (19.35%) | loss: 3.325082 | lrm: 1.00 | dt: 715.94ms | tok/sec: 91,538 | bf16_mfu: 0.00 | epoch: 1 pq: 0 rg: 71 | total time: 8.76m | eta: 37.0m
step 00739/03814 (19.38%) | loss: 3.339996 | lrm: 1.00 | dt: 715.14ms | tok/sec: 91,640 | bf16_mfu: 0.00 | epoch: 1 pq: 0 rg: 71 | total time: 8.77m | eta: 37.0m
step 00740/03814 (19.40%) | loss: 3.337947 | lrm: 1.00 | dt: 721.30ms | tok/sec: 90,858 | bf16_mfu: 0.00 | epoch: 1 pq: 0 rg: 71 | total time: 8.78m | eta: 37.0m
step 00741/03814 (19.43%) | loss: 3.337406 | lrm: 1.00 | dt: 718.10ms | tok/sec: 91,263 | bf16_mfu: 0.00 | epoch: 1 pq: 0 rg: 71 | total time: 8.80m | eta: 37.0m
step 00742/03814 (19.45%) | loss: 3.325340 | lrm: 1.00 | dt: 721.66ms | tok/sec: 90,812 | bf16_mfu: 0.00 | epoch: 1 pq: 0 rg: 71 | total time: 8.81m | eta: 37.0m
step 00743/03814 (19.48%) | loss: 3.315564 | lrm: 1.00 | dt: 735.91ms | tok/sec: 89,054 | bf16_mfu: 0.00 | epoch: 1 pq: 0 rg: 72 | total time: 8.82m | eta: 37.0m
step 00744/03814 (19.51%) | loss: 3.315730 | lrm: 1.00 | dt: 718.39ms | tok/sec: 91,226 | bf16_mfu: 0.00 | epoch: 1 pq: 0 rg: 72 | total time: 8.83m | eta: 36.9m
step 00745/03814 (19.53%) | loss: 3.318671 | lrm: 1.00 | dt: 716.43ms | tok/sec: 91,475 | bf16_mfu: 0.00 | epoch: 1 pq: 0 rg: 72 | total time: 8.84m | eta: 36.9m
step 00746/03814 (19.56%) | loss: 3.302450 | lrm: 1.00 | dt: 713.27ms | tok/sec: 91,880 | bf16_mfu: 0.00 | epoch: 1 pq: 0 rg: 72 | total time: 8.86m | eta: 36.9m
step 00747/03814 (19.59%) | loss: 3.318096 | lrm: 1.00 | dt: 716.76ms | tok/sec: 91,433 | bf16_mfu: 0.00 | epoch: 1 pq: 0 rg: 72 | total time: 8.87m | eta: 36.9m
step 00748/03814 (19.61%) | loss: 3.317642 | lrm: 1.00 | dt: 717.52ms | tok/sec: 91,337 | bf16_mfu: 0.00 | epoch: 1 pq: 0 rg: 72 | total time: 8.88m | eta: 36.9m
step 00749/03814 (19.64%) | loss: 3.314927 | lrm: 1.00 | dt: 717.68ms | tok/sec: 91,316 | bf16_mfu: 0.00 | epoch: 1 pq: 0 rg: 72 | total time: 8.89m | eta: 36.9m
step 00750/03814 (19.66%) | loss: 3.307150 | lrm: 1.00 | dt: 713.54ms | tok/sec: 91,846 | bf16_mfu: 0.00 | epoch: 1 pq: 0 rg: 72 | total time: 8.90m | eta: 36.9m
step 00751/03814 (19.69%) | loss: 3.317562 | lrm: 1.00 | dt: 716.69ms | tok/sec: 91,442 | bf16_mfu: 0.00 | epoch: 1 pq: 0 rg: 72 | total time: 8.92m | eta: 36.9m
step 00752/03814 (19.72%) | loss: 3.337612 | lrm: 1.00 | dt: 717.74ms | tok/sec: 91,308 | bf16_mfu: 0.00 | epoch: 1 pq: 0 rg: 72 | total time: 8.93m | eta: 36.8m
step 00753/03814 (19.74%) | loss: 3.319539 | lrm: 1.00 | dt: 739.77ms | tok/sec: 88,589 | bf16_mfu: 0.00 | epoch: 1 pq: 0 rg: 73 | total time: 8.94m | eta: 36.8m
step 00754/03814 (19.77%) | loss: 3.314506 | lrm: 1.00 | dt: 715.99ms | tok/sec: 91,532 | bf16_mfu: 0.00 | epoch: 1 pq: 0 rg: 73 | total time: 8.95m | eta: 36.8m
step 00755/03814 (19.80%) | loss: 3.311185 | lrm: 1.00 | dt: 714.43ms | tok/sec: 91,732 | bf16_mfu: 0.00 | epoch: 1 pq: 0 rg: 73 | total time: 8.96m | eta: 36.8m
step 00756/03814 (19.82%) | loss: 3.329946 | lrm: 1.00 | dt: 718.14ms | tok/sec: 91,257 | bf16_mfu: 0.00 | epoch: 1 pq: 0 rg: 73 | total time: 8.98m | eta: 36.8m
step 00757/03814 (19.85%) | loss: 3.326799 | lrm: 1.00 | dt: 716.30ms | tok/sec: 91,491 | bf16_mfu: 0.00 | epoch: 1 pq: 0 rg: 73 | total time: 8.99m | eta: 36.8m
step 00758/03814 (19.87%) | loss: 3.335669 | lrm: 1.00 | dt: 714.42ms | tok/sec: 91,733 | bf16_mfu: 0.00 | epoch: 1 pq: 0 rg: 73 | total time: 9.00m | eta: 36.8m
step 00759/03814 (19.90%) | loss: 3.341761 | lrm: 1.00 | dt: 719.28ms | tok/sec: 91,113 | bf16_mfu: 0.00 | epoch: 1 pq: 0 rg: 73 | total time: 9.01m | eta: 36.8m
step 00760/03814 (19.93%) | loss: 3.311801 | lrm: 1.00 | dt: 717.56ms | tok/sec: 91,331 | bf16_mfu: 0.00 | epoch: 1 pq: 0 rg: 73 | total time: 9.02m | eta: 36.7m
step 00761/03814 (19.95%) | loss: 3.303831 | lrm: 1.00 | dt: 720.52ms | tok/sec: 90,956 | bf16_mfu: 0.00 | epoch: 1 pq: 0 rg: 73 | total time: 9.04m | eta: 36.7m
step 00762/03814 (19.98%) | loss: 3.294953 | lrm: 1.00 | dt: 718.80ms | tok/sec: 91,174 | bf16_mfu: 0.00 | epoch: 1 pq: 0 rg: 73 | total time: 9.05m | eta: 36.7m
step 00763/03814 (20.01%) | loss: 3.288327 | lrm: 1.00 | dt: 718.01ms | tok/sec: 91,274 | bf16_mfu: 0.00 | epoch: 1 pq: 0 rg: 73 | total time: 9.06m | eta: 36.7m
step 00764/03814 (20.03%) | loss: 3.284498 | lrm: 1.00 | dt: 712.85ms | tok/sec: 91,934 | bf16_mfu: 0.00 | epoch: 1 pq: 0 rg: 73 | total time: 9.07m | eta: 36.7m
step 00765/03814 (20.06%) | loss: 3.291245 | lrm: 1.00 | dt: 714.01ms | tok/sec: 91,785 | bf16_mfu: 0.00 | epoch: 1 pq: 0 rg: 74 | total time: 9.08m | eta: 36.7m
step 00766/03814 (20.08%) | loss: 3.276381 | lrm: 1.00 | dt: 712.59ms | tok/sec: 91,968 | bf16_mfu: 0.00 | epoch: 1 pq: 0 rg: 74 | total time: 9.10m | eta: 36.7m
step 00767/03814 (20.11%) | loss: 3.276435 | lrm: 1.00 | dt: 717.96ms | tok/sec: 91,280 | bf16_mfu: 0.00 | epoch: 1 pq: 0 rg: 74 | total time: 9.11m | eta: 36.7m
step 00768/03814 (20.14%) | loss: 3.270358 | lrm: 1.00 | dt: 716.52ms | tok/sec: 91,464 | bf16_mfu: 0.00 | epoch: 1 pq: 0 rg: 74 | total time: 9.12m | eta: 36.6m
step 00769/03814 (20.16%) | loss: 3.272203 | lrm: 1.00 | dt: 718.32ms | tok/sec: 91,235 | bf16_mfu: 0.00 | epoch: 1 pq: 0 rg: 74 | total time: 9.13m | eta: 36.6m
step 00770/03814 (20.19%) | loss: 3.288745 | lrm: 1.00 | dt: 711.85ms | tok/sec: 92,064 | bf16_mfu: 0.00 | epoch: 1 pq: 0 rg: 74 | total time: 9.14m | eta: 36.6m
step 00771/03814 (20.21%) | loss: 3.266630 | lrm: 1.00 | dt: 712.10ms | tok/sec: 92,032 | bf16_mfu: 0.00 | epoch: 1 pq: 0 rg: 74 | total time: 9.16m | eta: 36.6m
step 00772/03814 (20.24%) | loss: 3.279299 | lrm: 1.00 | dt: 712.77ms | tok/sec: 91,945 | bf16_mfu: 0.00 | epoch: 1 pq: 0 rg: 74 | total time: 9.17m | eta: 36.6m
step 00773/03814 (20.27%) | loss: 3.284119 | lrm: 1.00 | dt: 716.80ms | tok/sec: 91,427 | bf16_mfu: 0.00 | epoch: 1 pq: 0 rg: 74 | total time: 9.18m | eta: 36.6m
step 00774/03814 (20.29%) | loss: 3.288903 | lrm: 1.00 | dt: 713.31ms | tok/sec: 91,875 | bf16_mfu: 0.00 | epoch: 1 pq: 0 rg: 74 | total time: 9.19m | eta: 36.6m
step 00775/03814 (20.32%) | loss: 3.283246 | lrm: 1.00 | dt: 714.13ms | tok/sec: 91,770 | bf16_mfu: 0.00 | epoch: 1 pq: 0 rg: 74 | total time: 9.20m | eta: 36.6m
step 00776/03814 (20.35%) | loss: 3.280304 | lrm: 1.00 | dt: 782.69ms | tok/sec: 83,731 | bf16_mfu: 0.00 | epoch: 1 pq: 0 rg: 75 | total time: 9.22m | eta: 36.6m
step 00777/03814 (20.37%) | loss: 3.278847 | lrm: 1.00 | dt: 716.25ms | tok/sec: 91,499 | bf16_mfu: 0.00 | epoch: 1 pq: 0 rg: 75 | total time: 9.23m | eta: 36.5m
step 00778/03814 (20.40%) | loss: 3.276046 | lrm: 1.00 | dt: 715.83ms | tok/sec: 91,552 | bf16_mfu: 0.00 | epoch: 1 pq: 0 rg: 75 | total time: 9.24m | eta: 36.5m
step 00779/03814 (20.42%) | loss: 3.273823 | lrm: 1.00 | dt: 717.58ms | tok/sec: 91,328 | bf16_mfu: 0.00 | epoch: 1 pq: 0 rg: 75 | total time: 9.25m | eta: 36.5m
step 00780/03814 (20.45%) | loss: 3.270689 | lrm: 1.00 | dt: 714.99ms | tok/sec: 91,659 | bf16_mfu: 0.00 | epoch: 1 pq: 0 rg: 75 | total time: 9.26m | eta: 36.5m
step 00781/03814 (20.48%) | loss: 3.269073 | lrm: 1.00 | dt: 717.26ms | tok/sec: 91,370 | bf16_mfu: 0.00 | epoch: 1 pq: 0 rg: 75 | total time: 9.28m | eta: 36.5m
step 00782/03814 (20.50%) | loss: 3.266791 | lrm: 1.00 | dt: 714.51ms | tok/sec: 91,721 | bf16_mfu: 0.00 | epoch: 1 pq: 0 rg: 75 | total time: 9.29m | eta: 36.5m
step 00783/03814 (20.53%) | loss: 3.275159 | lrm: 1.00 | dt: 714.16ms | tok/sec: 91,766 | bf16_mfu: 0.00 | epoch: 1 pq: 0 rg: 75 | total time: 9.30m | eta: 36.5m
step 00784/03814 (20.56%) | loss: 3.290849 | lrm: 1.00 | dt: 716.22ms | tok/sec: 91,502 | bf16_mfu: 0.00 | epoch: 1 pq: 0 rg: 75 | total time: 9.31m | eta: 36.5m
step 00785/03814 (20.58%) | loss: 3.291305 | lrm: 1.00 | dt: 716.08ms | tok/sec: 91,520 | bf16_mfu: 0.00 | epoch: 1 pq: 0 rg: 75 | total time: 9.32m | eta: 36.4m
step 00786/03814 (20.61%) | loss: 3.273512 | lrm: 1.00 | dt: 714.26ms | tok/sec: 91,753 | bf16_mfu: 0.00 | epoch: 1 pq: 0 rg: 75 | total time: 9.34m | eta: 36.4m
step 00787/03814 (20.63%) | loss: 3.274743 | lrm: 1.00 | dt: 724.33ms | tok/sec: 90,478 | bf16_mfu: 0.00 | epoch: 1 pq: 0 rg: 76 | total time: 9.35m | eta: 36.4m
step 00788/03814 (20.66%) | loss: 3.266832 | lrm: 1.00 | dt: 717.51ms | tok/sec: 91,337 | bf16_mfu: 0.00 | epoch: 1 pq: 0 rg: 76 | total time: 9.36m | eta: 36.4m
step 00789/03814 (20.69%) | loss: 3.248488 | lrm: 1.00 | dt: 750.73ms | tok/sec: 87,295 | bf16_mfu: 0.00 | epoch: 1 pq: 0 rg: 76 | total time: 9.37m | eta: 36.4m
step 00790/03814 (20.71%) | loss: 3.254521 | lrm: 1.00 | dt: 715.03ms | tok/sec: 91,655 | bf16_mfu: 0.00 | epoch: 1 pq: 0 rg: 76 | total time: 9.38m | eta: 36.4m
step 00791/03814 (20.74%) | loss: 3.262394 | lrm: 1.00 | dt: 716.66ms | tok/sec: 91,446 | bf16_mfu: 0.00 | epoch: 1 pq: 0 rg: 76 | total time: 9.40m | eta: 36.4m
step 00792/03814 (20.77%) | loss: 3.277879 | lrm: 1.00 | dt: 714.67ms | tok/sec: 91,700 | bf16_mfu: 0.00 | epoch: 1 pq: 0 rg: 76 | total time: 9.41m | eta: 36.4m
step 00793/03814 (20.79%) | loss: 3.253417 | lrm: 1.00 | dt: 1027.97ms | tok/sec: 63,752 | bf16_mfu: 0.00 | epoch: 1 pq: 0 rg: 76 | total time: 9.42m | eta: 36.4m
step 00794/03814 (20.82%) | loss: 3.251446 | lrm: 1.00 | dt: 706.51ms | tok/sec: 92,759 | bf16_mfu: 0.00 | epoch: 1 pq: 0 rg: 76 | total time: 9.44m | eta: 36.4m
step 00795/03814 (20.84%) | loss: 3.287286 | lrm: 1.00 | dt: 711.41ms | tok/sec: 92,121 | bf16_mfu: 0.00 | epoch: 1 pq: 0 rg: 76 | total time: 9.45m | eta: 36.3m
step 00796/03814 (20.87%) | loss: 3.278896 | lrm: 1.00 | dt: 726.29ms | tok/sec: 90,233 | bf16_mfu: 0.00 | epoch: 1 pq: 0 rg: 76 | total time: 9.46m | eta: 36.3m
step 00797/03814 (20.90%) | loss: 3.265664 | lrm: 1.00 | dt: 710.71ms | tok/sec: 92,212 | bf16_mfu: 0.00 | epoch: 1 pq: 0 rg: 76 | total time: 9.47m | eta: 36.3m
step 00798/03814 (20.92%) | loss: 3.284787 | lrm: 1.00 | dt: 712.76ms | tok/sec: 91,947 | bf16_mfu: 0.00 | epoch: 1 pq: 0 rg: 77 | total time: 9.48m | eta: 36.3m
step 00799/03814 (20.95%) | loss: 3.297001 | lrm: 1.00 | dt: 713.67ms | tok/sec: 91,830 | bf16_mfu: 0.00 | epoch: 1 pq: 0 rg: 77 | total time: 9.50m | eta: 36.3m
step 00800/03814 (20.98%) | loss: 3.296694 | lrm: 1.00 | dt: 714.85ms | tok/sec: 91,677 | bf16_mfu: 0.00 | epoch: 1 pq: 0 rg: 77 | total time: 9.51m | eta: 36.3m
step 00801/03814 (21.00%) | loss: 3.297972 | lrm: 1.00 | dt: 835.21ms | tok/sec: 78,466 | bf16_mfu: 0.00 | epoch: 1 pq: 0 rg: 77 | total time: 9.52m | eta: 36.3m
step 00802/03814 (21.03%) | loss: 3.308235 | lrm: 1.00 | dt: 712.49ms | tok/sec: 91,981 | bf16_mfu: 0.00 | epoch: 1 pq: 0 rg: 77 | total time: 9.53m | eta: 36.3m
step 00803/03814 (21.05%) | loss: 3.322312 | lrm: 1.00 | dt: 714.80ms | tok/sec: 91,684 | bf16_mfu: 0.00 | epoch: 1 pq: 0 rg: 77 | total time: 9.55m | eta: 36.2m
step 00804/03814 (21.08%) | loss: 3.331941 | lrm: 1.00 | dt: 717.77ms | tok/sec: 91,305 | bf16_mfu: 0.00 | epoch: 1 pq: 0 rg: 77 | total time: 9.56m | eta: 36.2m
step 00805/03814 (21.11%) | loss: 3.333829 | lrm: 1.00 | dt: 713.40ms | tok/sec: 91,864 | bf16_mfu: 0.00 | epoch: 1 pq: 0 rg: 77 | total time: 9.57m | eta: 36.2m
step 00806/03814 (21.13%) | loss: 3.327549 | lrm: 1.00 | dt: 715.57ms | tok/sec: 91,585 | bf16_mfu: 0.00 | epoch: 1 pq: 0 rg: 77 | total time: 9.58m | eta: 36.2m
step 00807/03814 (21.16%) | loss: 3.334711 | lrm: 1.00 | dt: 713.33ms | tok/sec: 91,873 | bf16_mfu: 0.00 | epoch: 1 pq: 0 rg: 77 | total time: 9.59m | eta: 36.2m
step 00808/03814 (21.19%) | loss: 3.327706 | lrm: 1.00 | dt: 718.53ms | tok/sec: 91,208 | bf16_mfu: 0.00 | epoch: 1 pq: 0 rg: 77 | total time: 9.61m | eta: 36.2m
step 00809/03814 (21.21%) | loss: 3.327447 | lrm: 1.00 | dt: 712.64ms | tok/sec: 91,962 | bf16_mfu: 0.00 | epoch: 1 pq: 0 rg: 78 | total time: 9.62m | eta: 36.2m
step 00810/03814 (21.24%) | loss: 3.320171 | lrm: 1.00 | dt: 713.42ms | tok/sec: 91,861 | bf16_mfu: 0.00 | epoch: 1 pq: 0 rg: 78 | total time: 9.63m | eta: 36.2m
step 00811/03814 (21.26%) | loss: 3.294473 | lrm: 1.00 | dt: 712.60ms | tok/sec: 91,967 | bf16_mfu: 0.00 | epoch: 1 pq: 0 rg: 78 | total time: 9.64m | eta: 36.1m
step 00812/03814 (21.29%) | loss: 3.292051 | lrm: 1.00 | dt: 720.58ms | tok/sec: 90,949 | bf16_mfu: 0.00 | epoch: 1 pq: 0 rg: 78 | total time: 9.65m | eta: 36.1m
step 00813/03814 (21.32%) | loss: 3.305085 | lrm: 1.00 | dt: 731.40ms | tok/sec: 89,603 | bf16_mfu: 0.00 | epoch: 1 pq: 0 rg: 78 | total time: 9.67m | eta: 36.1m
step 00814/03814 (21.34%) | loss: 3.292863 | lrm: 1.00 | dt: 713.23ms | tok/sec: 91,885 | bf16_mfu: 0.00 | epoch: 1 pq: 0 rg: 78 | total time: 9.68m | eta: 36.1m
step 00815/03814 (21.37%) | loss: 3.293702 | lrm: 1.00 | dt: 719.04ms | tok/sec: 91,143 | bf16_mfu: 0.00 | epoch: 1 pq: 0 rg: 78 | total time: 9.69m | eta: 36.1m
step 00816/03814 (21.39%) | loss: 3.316806 | lrm: 1.00 | dt: 712.37ms | tok/sec: 91,996 | bf16_mfu: 0.00 | epoch: 1 pq: 0 rg: 78 | total time: 9.70m | eta: 36.1m
step 00817/03814 (21.42%) | loss: 3.331913 | lrm: 1.00 | dt: 715.50ms | tok/sec: 91,594 | bf16_mfu: 0.00 | epoch: 1 pq: 0 rg: 78 | total time: 9.71m | eta: 36.1m
step 00818/03814 (21.45%) | loss: 3.343471 | lrm: 1.00 | dt: 710.09ms | tok/sec: 92,292 | bf16_mfu: 0.00 | epoch: 1 pq: 0 rg: 78 | total time: 9.72m | eta: 36.1m
step 00819/03814 (21.47%) | loss: 3.326730 | lrm: 1.00 | dt: 713.50ms | tok/sec: 91,851 | bf16_mfu: 0.00 | epoch: 1 pq: 0 rg: 78 | total time: 9.74m | eta: 36.0m
step 00820/03814 (21.50%) | loss: 3.320516 | lrm: 1.00 | dt: 717.86ms | tok/sec: 91,294 | bf16_mfu: 0.00 | epoch: 1 pq: 0 rg: 79 | total time: 9.75m | eta: 36.0m
step 00821/03814 (21.53%) | loss: 3.311358 | lrm: 1.00 | dt: 713.54ms | tok/sec: 91,846 | bf16_mfu: 0.00 | epoch: 1 pq: 0 rg: 79 | total time: 9.76m | eta: 36.0m
step 00822/03814 (21.55%) | loss: 3.319485 | lrm: 1.00 | dt: 717.85ms | tok/sec: 91,294 | bf16_mfu: 0.00 | epoch: 1 pq: 0 rg: 79 | total time: 9.77m | eta: 36.0m
step 00823/03814 (21.58%) | loss: 3.322593 | lrm: 1.00 | dt: 715.56ms | tok/sec: 91,586 | bf16_mfu: 0.00 | epoch: 1 pq: 0 rg: 79 | total time: 9.78m | eta: 36.0m
step 00824/03814 (21.60%) | loss: 3.303762 | lrm: 1.00 | dt: 718.14ms | tok/sec: 91,258 | bf16_mfu: 0.00 | epoch: 1 pq: 0 rg: 79 | total time: 9.80m | eta: 36.0m
step 00825/03814 (21.63%) | loss: 3.293513 | lrm: 1.00 | dt: 714.50ms | tok/sec: 91,722 | bf16_mfu: 0.00 | epoch: 1 pq: 0 rg: 79 | total time: 9.81m | eta: 36.0m
step 00826/03814 (21.66%) | loss: 3.320142 | lrm: 1.00 | dt: 712.79ms | tok/sec: 91,942 | bf16_mfu: 0.00 | epoch: 1 pq: 0 rg: 79 | total time: 9.82m | eta: 36.0m
step 00827/03814 (21.68%) | loss: 3.308449 | lrm: 1.00 | dt: 714.97ms | tok/sec: 91,662 | bf16_mfu: 0.00 | epoch: 1 pq: 0 rg: 79 | total time: 9.83m | eta: 35.9m
step 00828/03814 (21.71%) | loss: 3.302548 | lrm: 1.00 | dt: 709.15ms | tok/sec: 92,415 | bf16_mfu: 0.00 | epoch: 1 pq: 0 rg: 79 | total time: 9.84m | eta: 35.9m
step 00829/03814 (21.74%) | loss: 3.299812 | lrm: 1.00 | dt: 712.69ms | tok/sec: 91,956 | bf16_mfu: 0.00 | epoch: 1 pq: 0 rg: 79 | total time: 9.86m | eta: 35.9m
step 00830/03814 (21.76%) | loss: 3.323256 | lrm: 1.00 | dt: 711.92ms | tok/sec: 92,055 | bf16_mfu: 0.00 | epoch: 1 pq: 0 rg: 79 | total time: 9.87m | eta: 35.9m
step 00831/03814 (21.79%) | loss: 3.328297 | lrm: 1.00 | dt: 712.00ms | tok/sec: 92,044 | bf16_mfu: 0.00 | epoch: 1 pq: 0 rg: 80 | total time: 9.88m | eta: 35.9m
step 00832/03814 (21.81%) | loss: 3.322003 | lrm: 1.00 | dt: 713.28ms | tok/sec: 91,879 | bf16_mfu: 0.00 | epoch: 1 pq: 0 rg: 80 | total time: 9.89m | eta: 35.9m
step 00833/03814 (21.84%) | loss: 3.327633 | lrm: 1.00 | dt: 714.85ms | tok/sec: 91,678 | bf16_mfu: 0.00 | epoch: 1 pq: 0 rg: 80 | total time: 9.90m | eta: 35.9m
step 00834/03814 (21.87%) | loss: 3.324684 | lrm: 1.00 | dt: 713.25ms | tok/sec: 91,884 | bf16_mfu: 0.00 | epoch: 1 pq: 0 rg: 80 | total time: 9.92m | eta: 35.9m
step 00835/03814 (21.89%) | loss: 3.322949 | lrm: 1.00 | dt: 715.27ms | tok/sec: 91,624 | bf16_mfu: 0.00 | epoch: 1 pq: 0 rg: 80 | total time: 9.93m | eta: 35.8m
step 00836/03814 (21.92%) | loss: 3.315511 | lrm: 1.00 | dt: 712.47ms | tok/sec: 91,983 | bf16_mfu: 0.00 | epoch: 1 pq: 0 rg: 80 | total time: 9.94m | eta: 35.8m
step 00837/03814 (21.95%) | loss: 3.332598 | lrm: 1.00 | dt: 716.58ms | tok/sec: 91,456 | bf16_mfu: 0.00 | epoch: 1 pq: 0 rg: 80 | total time: 9.95m | eta: 35.8m
step 00838/03814 (21.97%) | loss: 3.346250 | lrm: 1.00 | dt: 716.84ms | tok/sec: 91,423 | bf16_mfu: 0.00 | epoch: 1 pq: 0 rg: 80 | total time: 9.96m | eta: 35.8m
step 00839/03814 (22.00%) | loss: 3.341303 | lrm: 1.00 | dt: 711.83ms | tok/sec: 92,066 | bf16_mfu: 0.00 | epoch: 1 pq: 0 rg: 80 | total time: 9.97m | eta: 35.8m
step 00840/03814 (22.02%) | loss: 3.346872 | lrm: 1.00 | dt: 717.01ms | tok/sec: 91,401 | bf16_mfu: 0.00 | epoch: 1 pq: 0 rg: 80 | total time: 9.99m | eta: 35.8m
step 00841/03814 (22.05%) | loss: 3.351292 | lrm: 1.00 | dt: 714.11ms | tok/sec: 91,773 | bf16_mfu: 0.00 | epoch: 1 pq: 0 rg: 80 | total time: 10.00m | eta: 35.8m
step 00842/03814 (22.08%) | loss: 3.342419 | lrm: 1.00 | dt: 716.23ms | tok/sec: 91,501 | bf16_mfu: 0.00 | epoch: 1 pq: 0 rg: 81 | total time: 10.01m | eta: 35.8m
step 00843/03814 (22.10%) | loss: 3.337320 | lrm: 1.00 | dt: 717.21ms | tok/sec: 91,376 | bf16_mfu: 0.00 | epoch: 1 pq: 0 rg: 81 | total time: 10.02m | eta: 35.7m
step 00844/03814 (22.13%) | loss: 3.340200 | lrm: 1.00 | dt: 714.64ms | tok/sec: 91,705 | bf16_mfu: 0.00 | epoch: 1 pq: 0 rg: 81 | total time: 10.03m | eta: 35.7m
step 00845/03814 (22.16%) | loss: 3.354467 | lrm: 1.00 | dt: 714.04ms | tok/sec: 91,781 | bf16_mfu: 0.00 | epoch: 1 pq: 0 rg: 81 | total time: 10.05m | eta: 35.7m
step 00846/03814 (22.18%) | loss: 3.356043 | lrm: 1.00 | dt: 715.34ms | tok/sec: 91,614 | bf16_mfu: 0.00 | epoch: 1 pq: 0 rg: 81 | total time: 10.06m | eta: 35.7m
step 00847/03814 (22.21%) | loss: 3.336403 | lrm: 1.00 | dt: 716.36ms | tok/sec: 91,485 | bf16_mfu: 0.00 | epoch: 1 pq: 0 rg: 81 | total time: 10.07m | eta: 35.7m
step 00848/03814 (22.23%) | loss: 3.364265 | lrm: 1.00 | dt: 717.12ms | tok/sec: 91,387 | bf16_mfu: 0.00 | epoch: 1 pq: 0 rg: 81 | total time: 10.08m | eta: 35.7m
step 00849/03814 (22.26%) | loss: 3.359661 | lrm: 1.00 | dt: 716.87ms | tok/sec: 91,419 | bf16_mfu: 0.00 | epoch: 1 pq: 0 rg: 81 | total time: 10.09m | eta: 35.7m
step 00850/03814 (22.29%) | loss: 3.337745 | lrm: 1.00 | dt: 709.09ms | tok/sec: 92,422 | bf16_mfu: 0.00 | epoch: 1 pq: 0 rg: 81 | total time: 10.11m | eta: 35.7m
step 00851/03814 (22.31%) | loss: 3.335022 | lrm: 1.00 | dt: 717.59ms | tok/sec: 91,328 | bf16_mfu: 0.00 | epoch: 1 pq: 0 rg: 81 | total time: 10.12m | eta: 35.6m
step 00852/03814 (22.34%) | loss: 3.346762 | lrm: 1.00 | dt: 713.76ms | tok/sec: 91,818 | bf16_mfu: 0.00 | epoch: 1 pq: 0 rg: 81 | total time: 10.13m | eta: 35.6m
step 00853/03814 (22.36%) | loss: 3.363287 | lrm: 1.00 | dt: 716.00ms | tok/sec: 91,531 | bf16_mfu: 0.00 | epoch: 1 pq: 0 rg: 82 | total time: 10.14m | eta: 35.6m
step 00854/03814 (22.39%) | loss: 3.353619 | lrm: 1.00 | dt: 709.16ms | tok/sec: 92,413 | bf16_mfu: 0.00 | epoch: 1 pq: 0 rg: 82 | total time: 10.15m | eta: 35.6m
step 00855/03814 (22.42%) | loss: 3.353714 | lrm: 1.00 | dt: 761.88ms | tok/sec: 86,018 | bf16_mfu: 0.00 | epoch: 1 pq: 0 rg: 82 | total time: 10.17m | eta: 35.6m
step 00856/03814 (22.44%) | loss: 3.355768 | lrm: 1.00 | dt: 714.56ms | tok/sec: 91,715 | bf16_mfu: 0.00 | epoch: 1 pq: 0 rg: 82 | total time: 10.18m | eta: 35.6m
step 00857/03814 (22.47%) | loss: 3.337361 | lrm: 1.00 | dt: 725.53ms | tok/sec: 90,328 | bf16_mfu: 0.00 | epoch: 1 pq: 0 rg: 82 | total time: 10.19m | eta: 35.6m
step 00858/03814 (22.50%) | loss: 3.339019 | lrm: 1.00 | dt: 712.36ms | tok/sec: 91,998 | bf16_mfu: 0.00 | epoch: 1 pq: 0 rg: 82 | total time: 10.20m | eta: 35.6m
step 00859/03814 (22.52%) | loss: 3.355038 | lrm: 1.00 | dt: 717.06ms | tok/sec: 91,395 | bf16_mfu: 0.00 | epoch: 1 pq: 0 rg: 82 | total time: 10.21m | eta: 35.6m
step 00860/03814 (22.55%) | loss: 3.344111 | lrm: 1.00 | dt: 712.48ms | tok/sec: 91,982 | bf16_mfu: 0.00 | epoch: 1 pq: 0 rg: 82 | total time: 10.23m | eta: 35.5m
step 00861/03814 (22.57%) | loss: 3.360233 | lrm: 1.00 | dt: 710.51ms | tok/sec: 92,238 | bf16_mfu: 0.00 | epoch: 1 pq: 0 rg: 82 | total time: 10.24m | eta: 35.5m
step 00862/03814 (22.60%) | loss: 3.360833 | lrm: 1.00 | dt: 716.25ms | tok/sec: 91,499 | bf16_mfu: 0.00 | epoch: 1 pq: 0 rg: 82 | total time: 10.25m | eta: 35.5m
step 00863/03814 (22.63%) | loss: 3.351679 | lrm: 1.00 | dt: 709.10ms | tok/sec: 92,421 | bf16_mfu: 0.00 | epoch: 1 pq: 0 rg: 82 | total time: 10.26m | eta: 35.5m
step 00864/03814 (22.65%) | loss: 3.336525 | lrm: 1.00 | dt: 715.72ms | tok/sec: 91,567 | bf16_mfu: 0.00 | epoch: 1 pq: 0 rg: 83 | total time: 10.27m | eta: 35.5m
step 00865/03814 (22.68%) | loss: 3.324534 | lrm: 1.00 | dt: 710.81ms | tok/sec: 92,198 | bf16_mfu: 0.00 | epoch: 1 pq: 0 rg: 83 | total time: 10.29m | eta: 35.5m
step 00866/03814 (22.71%) | loss: 3.318774 | lrm: 1.00 | dt: 715.85ms | tok/sec: 91,549 | bf16_mfu: 0.00 | epoch: 1 pq: 0 rg: 83 | total time: 10.30m | eta: 35.5m
step 00867/03814 (22.73%) | loss: 3.316344 | lrm: 1.00 | dt: 716.21ms | tok/sec: 91,504 | bf16_mfu: 0.00 | epoch: 1 pq: 0 rg: 83 | total time: 10.31m | eta: 35.5m
step 00868/03814 (22.76%) | loss: 3.312635 | lrm: 1.00 | dt: 714.48ms | tok/sec: 91,725 | bf16_mfu: 0.00 | epoch: 1 pq: 0 rg: 83 | total time: 10.32m | eta: 35.4m
step 00869/03814 (22.78%) | loss: 3.321040 | lrm: 1.00 | dt: 714.59ms | tok/sec: 91,711 | bf16_mfu: 0.00 | epoch: 1 pq: 0 rg: 83 | total time: 10.33m | eta: 35.4m
step 00870/03814 (22.81%) | loss: 3.322264 | lrm: 1.00 | dt: 718.82ms | tok/sec: 91,171 | bf16_mfu: 0.00 | epoch: 1 pq: 0 rg: 83 | total time: 10.35m | eta: 35.4m
step 00871/03814 (22.84%) | loss: 3.288881 | lrm: 1.00 | dt: 711.01ms | tok/sec: 92,173 | bf16_mfu: 0.00 | epoch: 1 pq: 0 rg: 83 | total time: 10.36m | eta: 35.4m
step 00872/03814 (22.86%) | loss: 3.290498 | lrm: 1.00 | dt: 714.17ms | tok/sec: 91,764 | bf16_mfu: 0.00 | epoch: 1 pq: 0 rg: 83 | total time: 10.37m | eta: 35.4m
step 00873/03814 (22.89%) | loss: 3.300886 | lrm: 1.00 | dt: 714.76ms | tok/sec: 91,689 | bf16_mfu: 0.00 | epoch: 1 pq: 0 rg: 83 | total time: 10.38m | eta: 35.4m
step 00874/03814 (22.92%) | loss: 3.288668 | lrm: 1.00 | dt: 715.45ms | tok/sec: 91,600 | bf16_mfu: 0.00 | epoch: 1 pq: 0 rg: 83 | total time: 10.39m | eta: 35.4m
step 00875/03814 (22.94%) | loss: 3.284535 | lrm: 1.00 | dt: 711.51ms | tok/sec: 92,108 | bf16_mfu: 0.00 | epoch: 1 pq: 0 rg: 83 | total time: 10.40m | eta: 35.4m
step 00876/03814 (22.97%) | loss: 3.276263 | lrm: 1.00 | dt: 744.08ms | tok/sec: 88,076 | bf16_mfu: 0.00 | epoch: 1 pq: 0 rg: 84 | total time: 10.42m | eta: 35.3m
step 00877/03814 (22.99%) | loss: 3.262347 | lrm: 1.00 | dt: 714.64ms | tok/sec: 91,705 | bf16_mfu: 0.00 | epoch: 1 pq: 0 rg: 84 | total time: 10.43m | eta: 35.3m
step 00878/03814 (23.02%) | loss: 3.269796 | lrm: 1.00 | dt: 778.76ms | tok/sec: 84,153 | bf16_mfu: 0.00 | epoch: 1 pq: 0 rg: 84 | total time: 10.44m | eta: 35.3m
step 00879/03814 (23.05%) | loss: 3.261906 | lrm: 1.00 | dt: 715.96ms | tok/sec: 91,535 | bf16_mfu: 0.00 | epoch: 1 pq: 0 rg: 84 | total time: 10.45m | eta: 35.3m
step 00880/03814 (23.07%) | loss: 3.262878 | lrm: 1.00 | dt: 716.70ms | tok/sec: 91,440 | bf16_mfu: 0.00 | epoch: 1 pq: 0 rg: 84 | total time: 10.47m | eta: 35.3m
step 00881/03814 (23.10%) | loss: 3.253733 | lrm: 1.00 | dt: 712.67ms | tok/sec: 91,959 | bf16_mfu: 0.00 | epoch: 1 pq: 0 rg: 84 | total time: 10.48m | eta: 35.3m
step 00882/03814 (23.13%) | loss: 3.259123 | lrm: 1.00 | dt: 713.29ms | tok/sec: 91,878 | bf16_mfu: 0.00 | epoch: 1 pq: 0 rg: 84 | total time: 10.49m | eta: 35.3m
step 00883/03814 (23.15%) | loss: 3.248260 | lrm: 1.00 | dt: 715.31ms | tok/sec: 91,619 | bf16_mfu: 0.00 | epoch: 1 pq: 0 rg: 84 | total time: 10.50m | eta: 35.3m
step 00884/03814 (23.18%) | loss: 3.269328 | lrm: 1.00 | dt: 714.09ms | tok/sec: 91,775 | bf16_mfu: 0.00 | epoch: 1 pq: 0 rg: 84 | total time: 10.51m | eta: 35.2m
step 00885/03814 (23.20%) | loss: 3.254247 | lrm: 1.00 | dt: 714.14ms | tok/sec: 91,769 | bf16_mfu: 0.00 | epoch: 1 pq: 0 rg: 84 | total time: 10.53m | eta: 35.2m
step 00886/03814 (23.23%) | loss: 3.264365 | lrm: 1.00 | dt: 717.94ms | tok/sec: 91,283 | bf16_mfu: 0.00 | epoch: 1 pq: 0 rg: 85 | total time: 10.54m | eta: 35.2m
step 00887/03814 (23.26%) | loss: 3.254000 | lrm: 1.00 | dt: 713.45ms | tok/sec: 91,857 | bf16_mfu: 0.00 | epoch: 1 pq: 0 rg: 85 | total time: 10.55m | eta: 35.2m
step 00888/03814 (23.28%) | loss: 3.278907 | lrm: 1.00 | dt: 730.56ms | tok/sec: 89,707 | bf16_mfu: 0.00 | epoch: 1 pq: 0 rg: 85 | total time: 10.56m | eta: 35.2m
step 00889/03814 (23.31%) | loss: 3.302923 | lrm: 1.00 | dt: 728.22ms | tok/sec: 89,995 | bf16_mfu: 0.00 | epoch: 1 pq: 0 rg: 85 | total time: 10.57m | eta: 35.2m
step 00890/03814 (23.34%) | loss: 3.302833 | lrm: 1.00 | dt: 715.77ms | tok/sec: 91,559 | bf16_mfu: 0.00 | epoch: 1 pq: 0 rg: 85 | total time: 10.59m | eta: 35.2m
step 00891/03814 (23.36%) | loss: 3.318368 | lrm: 1.00 | dt: 714.64ms | tok/sec: 91,704 | bf16_mfu: 0.00 | epoch: 1 pq: 0 rg: 85 | total time: 10.60m | eta: 35.2m
step 00892/03814 (23.39%) | loss: 3.339153 | lrm: 1.00 | dt: 1221.18ms | tok/sec: 53,665 | bf16_mfu: 0.00 | epoch: 1 pq: 0 rg: 85 | total time: 10.62m | eta: 35.2m
step 00893/03814 (23.41%) | loss: 3.339274 | lrm: 1.00 | dt: 712.40ms | tok/sec: 91,992 | bf16_mfu: 0.00 | epoch: 1 pq: 0 rg: 85 | total time: 10.63m | eta: 35.2m
step 00894/03814 (23.44%) | loss: 3.333170 | lrm: 1.00 | dt: 718.05ms | tok/sec: 91,268 | bf16_mfu: 0.00 | epoch: 1 pq: 0 rg: 85 | total time: 10.64m | eta: 35.2m
step 00895/03814 (23.47%) | loss: 3.332396 | lrm: 1.00 | dt: 708.39ms | tok/sec: 92,513 | bf16_mfu: 0.00 | epoch: 1 pq: 0 rg: 85 | total time: 10.65m | eta: 35.1m
step 00896/03814 (23.49%) | loss: 3.309452 | lrm: 1.00 | dt: 714.65ms | tok/sec: 91,703 | bf16_mfu: 0.00 | epoch: 1 pq: 0 rg: 85 | total time: 10.67m | eta: 35.1m
step 00897/03814 (23.52%) | loss: 3.302887 | lrm: 1.00 | dt: 714.27ms | tok/sec: 91,752 | bf16_mfu: 0.00 | epoch: 1 pq: 0 rg: 85 | total time: 10.68m | eta: 35.1m
step 00898/03814 (23.54%) | loss: 3.304084 | lrm: 1.00 | dt: 712.93ms | tok/sec: 91,924 | bf16_mfu: 0.00 | epoch: 1 pq: 0 rg: 86 | total time: 10.69m | eta: 35.1m
step 00899/03814 (23.57%) | loss: 3.297237 | lrm: 1.00 | dt: 712.99ms | tok/sec: 91,916 | bf16_mfu: 0.00 | epoch: 1 pq: 0 rg: 86 | total time: 10.70m | eta: 35.1m
step 00900/03814 (23.60%) | loss: 3.287264 | lrm: 1.00 | dt: 711.36ms | tok/sec: 92,127 | bf16_mfu: 0.00 | epoch: 1 pq: 0 rg: 86 | total time: 10.71m | eta: 35.1m
step 00901/03814 (23.62%) | loss: 3.286317 | lrm: 1.00 | dt: 710.46ms | tok/sec: 92,244 | bf16_mfu: 0.00 | epoch: 1 pq: 0 rg: 86 | total time: 10.72m | eta: 35.1m
step 00902/03814 (23.65%) | loss: 3.272949 | lrm: 1.00 | dt: 715.62ms | tok/sec: 91,578 | bf16_mfu: 0.00 | epoch: 1 pq: 0 rg: 86 | total time: 10.74m | eta: 35.0m
step 00903/03814 (23.68%) | loss: 3.259568 | lrm: 1.00 | dt: 711.97ms | tok/sec: 92,049 | bf16_mfu: 0.00 | epoch: 1 pq: 0 rg: 86 | total time: 10.75m | eta: 35.0m
step 00904/03814 (23.70%) | loss: 3.261190 | lrm: 1.00 | dt: 713.01ms | tok/sec: 91,914 | bf16_mfu: 0.00 | epoch: 1 pq: 0 rg: 86 | total time: 10.76m | eta: 35.0m
step 00905/03814 (23.73%) | loss: 3.248633 | lrm: 1.00 | dt: 714.03ms | tok/sec: 91,783 | bf16_mfu: 0.00 | epoch: 1 pq: 0 rg: 86 | total time: 10.77m | eta: 35.0m
step 00906/03814 (23.75%) | loss: 3.240580 | lrm: 1.00 | dt: 720.75ms | tok/sec: 90,926 | bf16_mfu: 0.00 | epoch: 1 pq: 0 rg: 86 | total time: 10.78m | eta: 35.0m
step 00907/03814 (23.78%) | loss: 3.241311 | lrm: 1.00 | dt: 716.38ms | tok/sec: 91,482 | bf16_mfu: 0.00 | epoch: 1 pq: 0 rg: 86 | total time: 10.80m | eta: 35.0m
step 00908/03814 (23.81%) | loss: 3.247559 | lrm: 1.00 | dt: 714.44ms | tok/sec: 91,730 | bf16_mfu: 0.00 | epoch: 1 pq: 0 rg: 87 | total time: 10.81m | eta: 35.0m
step 00909/03814 (23.83%) | loss: 3.245780 | lrm: 1.00 | dt: 716.28ms | tok/sec: 91,494 | bf16_mfu: 0.00 | epoch: 1 pq: 0 rg: 87 | total time: 10.82m | eta: 35.0m
step 00910/03814 (23.86%) | loss: 3.247191 | lrm: 1.00 | dt: 714.08ms | tok/sec: 91,777 | bf16_mfu: 0.00 | epoch: 1 pq: 0 rg: 87 | total time: 10.83m | eta: 35.0m
step 00911/03814 (23.89%) | loss: 3.249491 | lrm: 1.00 | dt: 715.89ms | tok/sec: 91,544 | bf16_mfu: 0.00 | epoch: 1 pq: 0 rg: 87 | total time: 10.84m | eta: 34.9m
step 00912/03814 (23.91%) | loss: 3.231291 | lrm: 1.00 | dt: 719.30ms | tok/sec: 91,110 | bf16_mfu: 0.00 | epoch: 1 pq: 0 rg: 87 | total time: 10.86m | eta: 34.9m
step 00913/03814 (23.94%) | loss: 3.241749 | lrm: 1.00 | dt: 716.65ms | tok/sec: 91,448 | bf16_mfu: 0.00 | epoch: 1 pq: 0 rg: 87 | total time: 10.87m | eta: 34.9m
step 00914/03814 (23.96%) | loss: 3.251949 | lrm: 1.00 | dt: 717.65ms | tok/sec: 91,319 | bf16_mfu: 0.00 | epoch: 1 pq: 0 rg: 87 | total time: 10.88m | eta: 34.9m
step 00915/03814 (23.99%) | loss: 3.263048 | lrm: 1.00 | dt: 715.88ms | tok/sec: 91,545 | bf16_mfu: 0.00 | epoch: 1 pq: 0 rg: 87 | total time: 10.89m | eta: 34.9m
step 00916/03814 (24.02%) | loss: 3.261583 | lrm: 1.00 | dt: 717.90ms | tok/sec: 91,289 | bf16_mfu: 0.00 | epoch: 1 pq: 0 rg: 87 | total time: 10.90m | eta: 34.9m
step 00917/03814 (24.04%) | loss: 3.265820 | lrm: 1.00 | dt: 714.67ms | tok/sec: 91,701 | bf16_mfu: 0.00 | epoch: 1 pq: 0 rg: 87 | total time: 10.92m | eta: 34.9m
step 00918/03814 (24.07%) | loss: 3.273374 | lrm: 1.00 | dt: 716.79ms | tok/sec: 91,429 | bf16_mfu: 0.00 | epoch: 1 pq: 0 rg: 87 | total time: 10.93m | eta: 34.9m
step 00919/03814 (24.10%) | loss: 3.270067 | lrm: 1.00 | dt: 718.10ms | tok/sec: 91,262 | bf16_mfu: 0.00 | epoch: 1 pq: 0 rg: 87 | total time: 10.94m | eta: 34.8m
step 00920/03814 (24.12%) | loss: 3.257408 | lrm: 1.00 | dt: 716.74ms | tok/sec: 91,436 | bf16_mfu: 0.00 | epoch: 1 pq: 0 rg: 88 | total time: 10.95m | eta: 34.8m
step 00921/03814 (24.15%) | loss: 3.254908 | lrm: 1.00 | dt: 720.78ms | tok/sec: 90,923 | bf16_mfu: 0.00 | epoch: 1 pq: 0 rg: 88 | total time: 10.96m | eta: 34.8m
step 00922/03814 (24.17%) | loss: 3.258538 | lrm: 1.00 | dt: 716.36ms | tok/sec: 91,485 | bf16_mfu: 0.00 | epoch: 1 pq: 0 rg: 88 | total time: 10.98m | eta: 34.8m
step 00923/03814 (24.20%) | loss: 3.273724 | lrm: 1.00 | dt: 721.44ms | tok/sec: 90,839 | bf16_mfu: 0.00 | epoch: 1 pq: 0 rg: 88 | total time: 10.99m | eta: 34.8m
step 00924/03814 (24.23%) | loss: 3.258422 | lrm: 1.00 | dt: 714.68ms | tok/sec: 91,700 | bf16_mfu: 0.00 | epoch: 1 pq: 0 rg: 88 | total time: 11.00m | eta: 34.8m
step 00925/03814 (24.25%) | loss: 3.294883 | lrm: 1.00 | dt: 712.29ms | tok/sec: 92,006 | bf16_mfu: 0.00 | epoch: 1 pq: 0 rg: 88 | total time: 11.01m | eta: 34.8m
step 00926/03814 (24.28%) | loss: 3.299409 | lrm: 1.00 | dt: 718.10ms | tok/sec: 91,262 | bf16_mfu: 0.00 | epoch: 1 pq: 0 rg: 88 | total time: 11.02m | eta: 34.8m
step 00927/03814 (24.31%) | loss: 3.287629 | lrm: 1.00 | dt: 717.15ms | tok/sec: 91,383 | bf16_mfu: 0.00 | epoch: 1 pq: 0 rg: 88 | total time: 11.03m | eta: 34.7m
step 00928/03814 (24.33%) | loss: 3.291902 | lrm: 1.00 | dt: 719.37ms | tok/sec: 91,101 | bf16_mfu: 0.00 | epoch: 1 pq: 0 rg: 88 | total time: 11.05m | eta: 34.7m
step 00929/03814 (24.36%) | loss: 3.308082 | lrm: 1.00 | dt: 717.82ms | tok/sec: 91,298 | bf16_mfu: 0.00 | epoch: 1 pq: 0 rg: 88 | total time: 11.06m | eta: 34.7m
step 00930/03814 (24.38%) | loss: 3.293995 | lrm: 1.00 | dt: 718.90ms | tok/sec: 91,162 | bf16_mfu: 0.00 | epoch: 1 pq: 0 rg: 88 | total time: 11.07m | eta: 34.7m
step 00931/03814 (24.41%) | loss: 3.284430 | lrm: 1.00 | dt: 718.03ms | tok/sec: 91,272 | bf16_mfu: 0.00 | epoch: 1 pq: 0 rg: 89 | total time: 11.08m | eta: 34.7m
step 00932/03814 (24.44%) | loss: 3.292134 | lrm: 1.00 | dt: 720.30ms | tok/sec: 90,984 | bf16_mfu: 0.00 | epoch: 1 pq: 0 rg: 89 | total time: 11.09m | eta: 34.7m
step 00933/03814 (24.46%) | loss: 3.276724 | lrm: 1.00 | dt: 726.17ms | tok/sec: 90,248 | bf16_mfu: 0.00 | epoch: 1 pq: 0 rg: 89 | total time: 11.11m | eta: 34.7m
step 00934/03814 (24.49%) | loss: 3.270863 | lrm: 1.00 | dt: 718.69ms | tok/sec: 91,187 | bf16_mfu: 0.00 | epoch: 1 pq: 0 rg: 89 | total time: 11.12m | eta: 34.7m
step 00935/03814 (24.51%) | loss: 3.255554 | lrm: 1.00 | dt: 720.28ms | tok/sec: 90,986 | bf16_mfu: 0.00 | epoch: 1 pq: 0 rg: 89 | total time: 11.13m | eta: 34.6m
step 00936/03814 (24.54%) | loss: 3.279121 | lrm: 1.00 | dt: 720.59ms | tok/sec: 90,948 | bf16_mfu: 0.00 | epoch: 1 pq: 0 rg: 89 | total time: 11.14m | eta: 34.6m
step 00937/03814 (24.57%) | loss: 3.256470 | lrm: 1.00 | dt: 716.90ms | tok/sec: 91,416 | bf16_mfu: 0.00 | epoch: 1 pq: 0 rg: 89 | total time: 11.15m | eta: 34.6m
step 00938/03814 (24.59%) | loss: 3.279687 | lrm: 1.00 | dt: 718.93ms | tok/sec: 91,157 | bf16_mfu: 0.00 | epoch: 1 pq: 0 rg: 89 | total time: 11.17m | eta: 34.6m
step 00939/03814 (24.62%) | loss: 3.271156 | lrm: 1.00 | dt: 719.00ms | tok/sec: 91,149 | bf16_mfu: 0.00 | epoch: 1 pq: 0 rg: 89 | total time: 11.18m | eta: 34.6m
step 00940/03814 (24.65%) | loss: 3.282302 | lrm: 1.00 | dt: 719.29ms | tok/sec: 91,112 | bf16_mfu: 0.00 | epoch: 1 pq: 1 rg: 0 | total time: 11.19m | eta: 34.6m
step 00941/03814 (24.67%) | loss: 3.263866 | lrm: 1.00 | dt: 717.56ms | tok/sec: 91,331 | bf16_mfu: 0.00 | epoch: 1 pq: 1 rg: 0 | total time: 11.20m | eta: 34.6m
step 00942/03814 (24.70%) | loss: 3.259268 | lrm: 1.00 | dt: 713.74ms | tok/sec: 91,819 | bf16_mfu: 0.00 | epoch: 1 pq: 1 rg: 0 | total time: 11.21m | eta: 34.6m
step 00943/03814 (24.72%) | loss: 3.257578 | lrm: 1.00 | dt: 719.14ms | tok/sec: 91,130 | bf16_mfu: 0.00 | epoch: 1 pq: 1 rg: 0 | total time: 11.23m | eta: 34.5m
step 00944/03814 (24.75%) | loss: 3.276690 | lrm: 1.00 | dt: 716.92ms | tok/sec: 91,413 | bf16_mfu: 0.00 | epoch: 1 pq: 1 rg: 0 | total time: 11.24m | eta: 34.5m
step 00945/03814 (24.78%) | loss: 3.263785 | lrm: 1.00 | dt: 715.71ms | tok/sec: 91,568 | bf16_mfu: 0.00 | epoch: 1 pq: 1 rg: 0 | total time: 11.25m | eta: 34.5m
step 00946/03814 (24.80%) | loss: 3.272483 | lrm: 1.00 | dt: 717.56ms | tok/sec: 91,331 | bf16_mfu: 0.00 | epoch: 1 pq: 1 rg: 0 | total time: 11.26m | eta: 34.5m
step 00947/03814 (24.83%) | loss: 3.275282 | lrm: 1.00 | dt: 717.26ms | tok/sec: 91,370 | bf16_mfu: 0.00 | epoch: 1 pq: 1 rg: 0 | total time: 11.27m | eta: 34.5m
step 00948/03814 (24.86%) | loss: 3.265588 | lrm: 1.00 | dt: 721.74ms | tok/sec: 90,802 | bf16_mfu: 0.00 | epoch: 1 pq: 1 rg: 0 | total time: 11.29m | eta: 34.5m
step 00949/03814 (24.88%) | loss: 3.258862 | lrm: 1.00 | dt: 723.90ms | tok/sec: 90,531 | bf16_mfu: 0.00 | epoch: 1 pq: 1 rg: 0 | total time: 11.30m | eta: 34.5m
step 00950/03814 (24.91%) | loss: 3.283104 | lrm: 1.00 | dt: 715.85ms | tok/sec: 91,550 | bf16_mfu: 0.00 | epoch: 1 pq: 1 rg: 0 | total time: 11.31m | eta: 34.5m
step 00951/03814 (24.93%) | loss: 3.281754 | lrm: 1.00 | dt: 847.01ms | tok/sec: 77,373 | bf16_mfu: 0.00 | epoch: 1 pq: 1 rg: 1 | total time: 11.32m | eta: 34.5m
step 00952/03814 (24.96%) | loss: 3.289043 | lrm: 1.00 | dt: 722.85ms | tok/sec: 90,663 | bf16_mfu: 0.00 | epoch: 1 pq: 1 rg: 1 | total time: 11.34m | eta: 34.4m
step 00953/03814 (24.99%) | loss: 3.286820 | lrm: 1.00 | dt: 721.68ms | tok/sec: 90,810 | bf16_mfu: 0.00 | epoch: 1 pq: 1 rg: 1 | total time: 11.35m | eta: 34.4m
step 00954/03814 (25.01%) | loss: 3.288367 | lrm: 1.00 | dt: 718.78ms | tok/sec: 91,176 | bf16_mfu: 0.00 | epoch: 1 pq: 1 rg: 1 | total time: 11.36m | eta: 34.4m
step 00955/03814 (25.04%) | loss: 3.268812 | lrm: 1.00 | dt: 718.40ms | tok/sec: 91,225 | bf16_mfu: 0.00 | epoch: 1 pq: 1 rg: 1 | total time: 11.37m | eta: 34.4m
step 00956/03814 (25.07%) | loss: 3.286590 | lrm: 1.00 | dt: 718.65ms | tok/sec: 91,193 | bf16_mfu: 0.00 | epoch: 1 pq: 1 rg: 1 | total time: 11.38m | eta: 34.4m
step 00957/03814 (25.09%) | loss: 3.300725 | lrm: 1.00 | dt: 718.67ms | tok/sec: 91,190 | bf16_mfu: 0.00 | epoch: 1 pq: 1 rg: 1 | total time: 11.40m | eta: 34.4m
step 00958/03814 (25.12%) | loss: 3.290437 | lrm: 1.00 | dt: 718.07ms | tok/sec: 91,267 | bf16_mfu: 0.00 | epoch: 1 pq: 1 rg: 1 | total time: 11.41m | eta: 34.4m
step 00959/03814 (25.14%) | loss: 3.285289 | lrm: 1.00 | dt: 719.26ms | tok/sec: 91,116 | bf16_mfu: 0.00 | epoch: 1 pq: 1 rg: 1 | total time: 11.42m | eta: 34.4m
step 00960/03814 (25.17%) | loss: 3.296289 | lrm: 1.00 | dt: 718.80ms | tok/sec: 91,174 | bf16_mfu: 0.00 | epoch: 1 pq: 1 rg: 1 | total time: 11.43m | eta: 34.3m
step 00961/03814 (25.20%) | loss: 3.278898 | lrm: 1.00 | dt: 724.33ms | tok/sec: 90,477 | bf16_mfu: 0.00 | epoch: 1 pq: 1 rg: 1 | total time: 11.44m | eta: 34.3m
step 00962/03814 (25.22%) | loss: 3.255335 | lrm: 1.00 | dt: 721.18ms | tok/sec: 90,872 | bf16_mfu: 0.00 | epoch: 1 pq: 1 rg: 1 | total time: 11.46m | eta: 34.3m
step 00963/03814 (25.25%) | loss: 3.241373 | lrm: 1.00 | dt: 722.45ms | tok/sec: 90,713 | bf16_mfu: 0.00 | epoch: 1 pq: 1 rg: 2 | total time: 11.47m | eta: 34.3m
step 00964/03814 (25.28%) | loss: 3.254059 | lrm: 1.00 | dt: 722.15ms | tok/sec: 90,751 | bf16_mfu: 0.00 | epoch: 1 pq: 1 rg: 2 | total time: 11.48m | eta: 34.3m
step 00965/03814 (25.30%) | loss: 3.250319 | lrm: 1.00 | dt: 714.43ms | tok/sec: 91,731 | bf16_mfu: 0.00 | epoch: 1 pq: 1 rg: 2 | total time: 11.49m | eta: 34.3m
step 00966/03814 (25.33%) | loss: 3.251853 | lrm: 1.00 | dt: 726.15ms | tok/sec: 90,251 | bf16_mfu: 0.00 | epoch: 1 pq: 1 rg: 2 | total time: 11.50m | eta: 34.3m
step 00967/03814 (25.35%) | loss: 3.246507 | lrm: 1.00 | dt: 719.65ms | tok/sec: 91,066 | bf16_mfu: 0.00 | epoch: 1 pq: 1 rg: 2 | total time: 11.52m | eta: 34.3m
step 00968/03814 (25.38%) | loss: 3.234876 | lrm: 1.00 | dt: 717.52ms | tok/sec: 91,337 | bf16_mfu: 0.00 | epoch: 1 pq: 1 rg: 2 | total time: 11.53m | eta: 34.2m
step 00969/03814 (25.41%) | loss: 3.245198 | lrm: 1.00 | dt: 722.97ms | tok/sec: 90,648 | bf16_mfu: 0.00 | epoch: 1 pq: 1 rg: 2 | total time: 11.54m | eta: 34.2m
step 00970/03814 (25.43%) | loss: 3.232384 | lrm: 1.00 | dt: 718.27ms | tok/sec: 91,241 | bf16_mfu: 0.00 | epoch: 1 pq: 1 rg: 2 | total time: 11.55m | eta: 34.2m
step 00971/03814 (25.46%) | loss: 3.215461 | lrm: 1.00 | dt: 763.07ms | tok/sec: 85,884 | bf16_mfu: 0.00 | epoch: 1 pq: 1 rg: 2 | total time: 11.57m | eta: 34.2m
step 00972/03814 (25.49%) | loss: 3.213691 | lrm: 1.00 | dt: 723.09ms | tok/sec: 90,633 | bf16_mfu: 0.00 | epoch: 1 pq: 1 rg: 2 | total time: 11.58m | eta: 34.2m
step 00973/03814 (25.51%) | loss: 3.234162 | lrm: 1.00 | dt: 719.44ms | tok/sec: 91,093 | bf16_mfu: 0.00 | epoch: 1 pq: 1 rg: 2 | total time: 11.59m | eta: 34.2m
step 00974/03814 (25.54%) | loss: 3.223718 | lrm: 1.00 | dt: 717.14ms | tok/sec: 91,384 | bf16_mfu: 0.00 | epoch: 1 pq: 1 rg: 3 | total time: 11.60m | eta: 34.2m
step 00975/03814 (25.56%) | loss: 3.211368 | lrm: 1.00 | dt: 725.05ms | tok/sec: 90,388 | bf16_mfu: 0.00 | epoch: 1 pq: 1 rg: 3 | total time: 11.61m | eta: 34.2m
step 00976/03814 (25.59%) | loss: 3.206845 | lrm: 1.00 | dt: 725.36ms | tok/sec: 90,349 | bf16_mfu: 0.00 | epoch: 1 pq: 1 rg: 3 | total time: 11.63m | eta: 34.2m
step 00977/03814 (25.62%) | loss: 3.210886 | lrm: 1.00 | dt: 716.91ms | tok/sec: 91,415 | bf16_mfu: 0.00 | epoch: 1 pq: 1 rg: 3 | total time: 11.64m | eta: 34.1m
step 00978/03814 (25.64%) | loss: 3.217846 | lrm: 1.00 | dt: 715.70ms | tok/sec: 91,568 | bf16_mfu: 0.00 | epoch: 1 pq: 1 rg: 3 | total time: 11.65m | eta: 34.1m
step 00979/03814 (25.67%) | loss: 3.202414 | lrm: 1.00 | dt: 716.20ms | tok/sec: 91,504 | bf16_mfu: 0.00 | epoch: 1 pq: 1 rg: 3 | total time: 11.66m | eta: 34.1m
step 00980/03814 (25.69%) | loss: 3.204444 | lrm: 1.00 | dt: 715.11ms | tok/sec: 91,645 | bf16_mfu: 0.00 | epoch: 1 pq: 1 rg: 3 | total time: 11.67m | eta: 34.1m
step 00981/03814 (25.72%) | loss: 3.208564 | lrm: 1.00 | dt: 718.10ms | tok/sec: 91,262 | bf16_mfu: 0.00 | epoch: 1 pq: 1 rg: 3 | total time: 11.69m | eta: 34.1m
step 00982/03814 (25.75%) | loss: 3.207220 | lrm: 1.00 | dt: 719.54ms | tok/sec: 91,080 | bf16_mfu: 0.00 | epoch: 1 pq: 1 rg: 3 | total time: 11.70m | eta: 34.1m
step 00983/03814 (25.77%) | loss: 3.201847 | lrm: 1.00 | dt: 713.64ms | tok/sec: 91,833 | bf16_mfu: 0.00 | epoch: 1 pq: 1 rg: 3 | total time: 11.71m | eta: 34.1m
step 00984/03814 (25.80%) | loss: 3.199116 | lrm: 1.00 | dt: 720.74ms | tok/sec: 90,928 | bf16_mfu: 0.00 | epoch: 1 pq: 1 rg: 3 | total time: 11.72m | eta: 34.1m
step 00985/03814 (25.83%) | loss: 3.202320 | lrm: 1.00 | dt: 716.64ms | tok/sec: 91,448 | bf16_mfu: 0.00 | epoch: 1 pq: 1 rg: 4 | total time: 11.73m | eta: 34.0m
step 00986/03814 (25.85%) | loss: 3.202422 | lrm: 1.00 | dt: 728.33ms | tok/sec: 89,981 | bf16_mfu: 0.00 | epoch: 1 pq: 1 rg: 4 | total time: 11.75m | eta: 34.0m
step 00987/03814 (25.88%) | loss: 3.214542 | lrm: 1.00 | dt: 716.98ms | tok/sec: 91,405 | bf16_mfu: 0.00 | epoch: 1 pq: 1 rg: 4 | total time: 11.76m | eta: 34.0m
step 00988/03814 (25.90%) | loss: 3.226975 | lrm: 1.00 | dt: 719.08ms | tok/sec: 91,138 | bf16_mfu: 0.00 | epoch: 1 pq: 1 rg: 4 | total time: 11.77m | eta: 34.0m
step 00989/03814 (25.93%) | loss: 3.233800 | lrm: 1.00 | dt: 717.37ms | tok/sec: 91,355 | bf16_mfu: 0.00 | epoch: 1 pq: 1 rg: 4 | total time: 11.78m | eta: 34.0m
step 00990/03814 (25.96%) | loss: 3.234547 | lrm: 1.00 | dt: 716.93ms | tok/sec: 91,412 | bf16_mfu: 0.00 | epoch: 1 pq: 1 rg: 4 | total time: 11.79m | eta: 34.0m
step 00991/03814 (25.98%) | loss: 3.248741 | lrm: 1.00 | dt: 717.14ms | tok/sec: 91,385 | bf16_mfu: 0.00 | epoch: 1 pq: 1 rg: 4 | total time: 11.81m | eta: 34.0m
step 00992/03814 (26.01%) | loss: 3.261365 | lrm: 1.00 | dt: 720.39ms | tok/sec: 90,972 | bf16_mfu: 0.00 | epoch: 1 pq: 1 rg: 4 | total time: 11.82m | eta: 34.0m
step 00993/03814 (26.04%) | loss: 3.248042 | lrm: 1.00 | dt: 716.14ms | tok/sec: 91,512 | bf16_mfu: 0.00 | epoch: 1 pq: 1 rg: 4 | total time: 11.83m | eta: 33.9m
step 00994/03814 (26.06%) | loss: 3.243440 | lrm: 1.00 | dt: 717.65ms | tok/sec: 91,319 | bf16_mfu: 0.00 | epoch: 1 pq: 1 rg: 4 | total time: 11.84m | eta: 33.9m
step 00995/03814 (26.09%) | loss: 3.264853 | lrm: 1.00 | dt: 764.52ms | tok/sec: 85,721 | bf16_mfu: 0.00 | epoch: 1 pq: 1 rg: 4 | total time: 11.85m | eta: 33.9m
step 00996/03814 (26.11%) | loss: 3.271884 | lrm: 1.00 | dt: 732.68ms | tok/sec: 89,447 | bf16_mfu: 0.00 | epoch: 1 pq: 1 rg: 5 | total time: 11.87m | eta: 33.9m
step 00997/03814 (26.14%) | loss: 3.266274 | lrm: 1.00 | dt: 720.38ms | tok/sec: 90,974 | bf16_mfu: 0.00 | epoch: 1 pq: 1 rg: 5 | total time: 11.88m | eta: 33.9m
step 00998/03814 (26.17%) | loss: 3.274270 | lrm: 1.00 | dt: 716.52ms | tok/sec: 91,464 | bf16_mfu: 0.00 | epoch: 1 pq: 1 rg: 5 | total time: 11.89m | eta: 33.9m
step 00999/03814 (26.19%) | loss: 3.276165 | lrm: 1.00 | dt: 715.76ms | tok/sec: 91,561 | bf16_mfu: 0.00 | epoch: 1 pq: 1 rg: 5 | total time: 11.90m | eta: 33.9m
Step 01000 | Validation bpb: 0.768572
step 01000/03814 (26.22%) | loss: 3.255648 | lrm: 1.00 | dt: 707.93ms | tok/sec: 92,573 | bf16_mfu: 0.00 | epoch: 1 pq: 1 rg: 5 | total time: 11.91m | eta: 33.9m
step 01001/03814 (26.25%) | loss: 3.252538 | lrm: 1.00 | dt: 706.71ms | tok/sec: 92,734 | bf16_mfu: 0.00 | epoch: 1 pq: 1 rg: 5 | total time: 11.93m | eta: 33.9m
step 01002/03814 (26.27%) | loss: 3.237959 | lrm: 1.00 | dt: 708.33ms | tok/sec: 92,522 | bf16_mfu: 0.00 | epoch: 1 pq: 1 rg: 5 | total time: 11.94m | eta: 33.8m
step 01003/03814 (26.30%) | loss: 3.240735 | lrm: 1.00 | dt: 709.73ms | tok/sec: 92,339 | bf16_mfu: 0.00 | epoch: 1 pq: 1 rg: 5 | total time: 11.95m | eta: 33.8m
step 01004/03814 (26.32%) | loss: 3.222975 | lrm: 1.00 | dt: 711.56ms | tok/sec: 92,101 | bf16_mfu: 0.00 | epoch: 1 pq: 1 rg: 5 | total time: 11.96m | eta: 33.8m
step 01005/03814 (26.35%) | loss: 3.224283 | lrm: 1.00 | dt: 712.49ms | tok/sec: 91,981 | bf16_mfu: 0.00 | epoch: 1 pq: 1 rg: 5 | total time: 11.97m | eta: 33.8m
step 01006/03814 (26.38%) | loss: 3.231597 | lrm: 1.00 | dt: 715.87ms | tok/sec: 91,547 | bf16_mfu: 0.00 | epoch: 1 pq: 1 rg: 5 | total time: 11.98m | eta: 33.8m
step 01007/03814 (26.40%) | loss: 3.217696 | lrm: 1.00 | dt: 716.47ms | tok/sec: 91,470 | bf16_mfu: 0.00 | epoch: 1 pq: 1 rg: 6 | total time: 12.00m | eta: 33.8m
step 01008/03814 (26.43%) | loss: 3.218712 | lrm: 1.00 | dt: 719.45ms | tok/sec: 91,091 | bf16_mfu: 0.00 | epoch: 1 pq: 1 rg: 6 | total time: 12.01m | eta: 33.8m
step 01009/03814 (26.46%) | loss: 3.213458 | lrm: 1.00 | dt: 718.80ms | tok/sec: 91,174 | bf16_mfu: 0.00 | epoch: 1 pq: 1 rg: 6 | total time: 12.02m | eta: 33.8m
step 01010/03814 (26.48%) | loss: 3.206956 | lrm: 1.00 | dt: 720.32ms | tok/sec: 90,981 | bf16_mfu: 0.00 | epoch: 1 pq: 1 rg: 6 | total time: 12.03m | eta: 33.7m
step 01011/03814 (26.51%) | loss: 3.211724 | lrm: 1.00 | dt: 726.23ms | tok/sec: 90,241 | bf16_mfu: 0.00 | epoch: 1 pq: 1 rg: 6 | total time: 12.04m | eta: 33.7m
step 01012/03814 (26.53%) | loss: 3.213856 | lrm: 1.00 | dt: 733.94ms | tok/sec: 89,293 | bf16_mfu: 0.00 | epoch: 1 pq: 1 rg: 6 | total time: 12.06m | eta: 33.7m
step 01013/03814 (26.56%) | loss: 3.215741 | lrm: 1.00 | dt: 731.12ms | tok/sec: 89,638 | bf16_mfu: 0.00 | epoch: 1 pq: 1 rg: 6 | total time: 12.07m | eta: 33.7m
step 01014/03814 (26.59%) | loss: 3.202272 | lrm: 1.00 | dt: 729.70ms | tok/sec: 89,812 | bf16_mfu: 0.00 | epoch: 1 pq: 1 rg: 6 | total time: 12.08m | eta: 33.7m
step 01015/03814 (26.61%) | loss: 3.190788 | lrm: 1.00 | dt: 735.50ms | tok/sec: 89,104 | bf16_mfu: 0.00 | epoch: 1 pq: 1 rg: 6 | total time: 12.09m | eta: 33.7m
step 01016/03814 (26.64%) | loss: 3.190651 | lrm: 1.00 | dt: 736.66ms | tok/sec: 88,964 | bf16_mfu: 0.00 | epoch: 1 pq: 1 rg: 6 | total time: 12.11m | eta: 33.7m
step 01017/03814 (26.66%) | loss: 3.180073 | lrm: 1.00 | dt: 734.51ms | tok/sec: 89,224 | bf16_mfu: 0.00 | epoch: 1 pq: 1 rg: 6 | total time: 12.12m | eta: 33.7m
step 01018/03814 (26.69%) | loss: 3.185563 | lrm: 1.00 | dt: 732.27ms | tok/sec: 89,497 | bf16_mfu: 0.00 | epoch: 1 pq: 1 rg: 6 | total time: 12.13m | eta: 33.6m
step 01019/03814 (26.72%) | loss: 3.185073 | lrm: 1.00 | dt: 765.62ms | tok/sec: 85,598 | bf16_mfu: 0.00 | epoch: 1 pq: 1 rg: 7 | total time: 12.14m | eta: 33.6m
step 01020/03814 (26.74%) | loss: 3.175488 | lrm: 1.00 | dt: 737.94ms | tok/sec: 88,809 | bf16_mfu: 0.00 | epoch: 1 pq: 1 rg: 7 | total time: 12.16m | eta: 33.6m
step 01021/03814 (26.77%) | loss: 3.178699 | lrm: 1.00 | dt: 742.03ms | tok/sec: 88,320 | bf16_mfu: 0.00 | epoch: 1 pq: 1 rg: 7 | total time: 12.17m | eta: 33.6m
step 01022/03814 (26.80%) | loss: 3.179403 | lrm: 1.00 | dt: 737.34ms | tok/sec: 88,881 | bf16_mfu: 0.00 | epoch: 1 pq: 1 rg: 7 | total time: 12.18m | eta: 33.6m
step 01023/03814 (26.82%) | loss: 3.190266 | lrm: 1.00 | dt: 745.06ms | tok/sec: 87,961 | bf16_mfu: 0.00 | epoch: 1 pq: 1 rg: 7 | total time: 12.19m | eta: 33.6m
step 01024/03814 (26.85%) | loss: 3.200381 | lrm: 1.00 | dt: 748.06ms | tok/sec: 87,608 | bf16_mfu: 0.00 | epoch: 1 pq: 1 rg: 7 | total time: 12.20m | eta: 33.6m
step 01025/03814 (26.87%) | loss: 3.206570 | lrm: 1.00 | dt: 747.85ms | tok/sec: 87,632 | bf16_mfu: 0.00 | epoch: 1 pq: 1 rg: 7 | total time: 12.22m | eta: 33.6m
step 01026/03814 (26.90%) | loss: 3.208685 | lrm: 1.00 | dt: 745.55ms | tok/sec: 87,902 | bf16_mfu: 0.00 | epoch: 1 pq: 1 rg: 7 | total time: 12.23m | eta: 33.6m
step 01027/03814 (26.93%) | loss: 3.213088 | lrm: 1.00 | dt: 746.83ms | tok/sec: 87,752 | bf16_mfu: 0.00 | epoch: 1 pq: 1 rg: 7 | total time: 12.24m | eta: 33.5m
step 01028/03814 (26.95%) | loss: 3.217925 | lrm: 1.00 | dt: 742.10ms | tok/sec: 88,311 | bf16_mfu: 0.00 | epoch: 1 pq: 1 rg: 7 | total time: 12.25m | eta: 33.5m
step 01029/03814 (26.98%) | loss: 3.212756 | lrm: 1.00 | dt: 743.04ms | tok/sec: 88,199 | bf16_mfu: 0.00 | epoch: 1 pq: 1 rg: 7 | total time: 12.27m | eta: 33.5m
step 01030/03814 (27.01%) | loss: 3.215377 | lrm: 1.00 | dt: 847.52ms | tok/sec: 77,327 | bf16_mfu: 0.00 | epoch: 1 pq: 1 rg: 8 | total time: 12.28m | eta: 33.5m
step 01031/03814 (27.03%) | loss: 3.222198 | lrm: 1.00 | dt: 746.38ms | tok/sec: 87,805 | bf16_mfu: 0.00 | epoch: 1 pq: 1 rg: 8 | total time: 12.29m | eta: 33.5m
step 01032/03814 (27.06%) | loss: 3.225163 | lrm: 1.00 | dt: 736.70ms | tok/sec: 88,958 | bf16_mfu: 0.00 | epoch: 1 pq: 1 rg: 8 | total time: 12.31m | eta: 33.5m
step 01033/03814 (27.08%) | loss: 3.218090 | lrm: 1.00 | dt: 740.46ms | tok/sec: 88,506 | bf16_mfu: 0.00 | epoch: 1 pq: 1 rg: 8 | total time: 12.32m | eta: 33.5m
step 01034/03814 (27.11%) | loss: 3.212309 | lrm: 1.00 | dt: 732.73ms | tok/sec: 89,440 | bf16_mfu: 0.00 | epoch: 1 pq: 1 rg: 8 | total time: 12.33m | eta: 33.5m
step 01035/03814 (27.14%) | loss: 3.216398 | lrm: 1.00 | dt: 732.87ms | tok/sec: 89,423 | bf16_mfu: 0.00 | epoch: 1 pq: 1 rg: 8 | total time: 12.34m | eta: 33.5m
step 01036/03814 (27.16%) | loss: 3.218680 | lrm: 1.00 | dt: 737.50ms | tok/sec: 88,861 | bf16_mfu: 0.00 | epoch: 1 pq: 1 rg: 8 | total time: 12.35m | eta: 33.5m
step 01037/03814 (27.19%) | loss: 3.250933 | lrm: 1.00 | dt: 732.54ms | tok/sec: 89,464 | bf16_mfu: 0.00 | epoch: 1 pq: 1 rg: 8 | total time: 12.37m | eta: 33.4m
step 01038/03814 (27.22%) | loss: 3.244461 | lrm: 1.00 | dt: 727.73ms | tok/sec: 90,055 | bf16_mfu: 0.00 | epoch: 1 pq: 1 rg: 8 | total time: 12.38m | eta: 33.4m
step 01039/03814 (27.24%) | loss: 3.237340 | lrm: 1.00 | dt: 761.58ms | tok/sec: 86,052 | bf16_mfu: 0.00 | epoch: 1 pq: 1 rg: 8 | total time: 12.39m | eta: 33.4m
step 01040/03814 (27.27%) | loss: 3.228348 | lrm: 1.00 | dt: 735.40ms | tok/sec: 89,115 | bf16_mfu: 0.00 | epoch: 1 pq: 1 rg: 8 | total time: 12.40m | eta: 33.4m
step 01041/03814 (27.29%) | loss: 3.244571 | lrm: 1.00 | dt: 729.94ms | tok/sec: 89,782 | bf16_mfu: 0.00 | epoch: 1 pq: 1 rg: 9 | total time: 12.42m | eta: 33.4m
step 01042/03814 (27.32%) | loss: 3.233352 | lrm: 1.00 | dt: 729.03ms | tok/sec: 89,895 | bf16_mfu: 0.00 | epoch: 1 pq: 1 rg: 9 | total time: 12.43m | eta: 33.4m
step 01043/03814 (27.35%) | loss: 3.231341 | lrm: 1.00 | dt: 726.23ms | tok/sec: 90,241 | bf16_mfu: 0.00 | epoch: 1 pq: 1 rg: 9 | total time: 12.44m | eta: 33.4m
step 01044/03814 (27.37%) | loss: 3.235458 | lrm: 1.00 | dt: 729.59ms | tok/sec: 89,826 | bf16_mfu: 0.00 | epoch: 1 pq: 1 rg: 9 | total time: 12.45m | eta: 33.4m
step 01045/03814 (27.40%) | loss: 3.221823 | lrm: 1.00 | dt: 728.00ms | tok/sec: 90,022 | bf16_mfu: 0.00 | epoch: 1 pq: 1 rg: 9 | total time: 12.46m | eta: 33.3m
step 01046/03814 (27.43%) | loss: 3.217307 | lrm: 1.00 | dt: 726.71ms | tok/sec: 90,181 | bf16_mfu: 0.00 | epoch: 1 pq: 1 rg: 9 | total time: 12.48m | eta: 33.3m
step 01047/03814 (27.45%) | loss: 3.222311 | lrm: 1.00 | dt: 729.78ms | tok/sec: 89,802 | bf16_mfu: 0.00 | epoch: 1 pq: 1 rg: 9 | total time: 12.49m | eta: 33.3m
step 01048/03814 (27.48%) | loss: 3.247335 | lrm: 1.00 | dt: 722.92ms | tok/sec: 90,654 | bf16_mfu: 0.00 | epoch: 1 pq: 1 rg: 9 | total time: 12.50m | eta: 33.3m
step 01049/03814 (27.50%) | loss: 3.236166 | lrm: 1.00 | dt: 722.27ms | tok/sec: 90,736 | bf16_mfu: 0.00 | epoch: 1 pq: 1 rg: 9 | total time: 12.51m | eta: 33.3m
step 01050/03814 (27.53%) | loss: 3.228984 | lrm: 1.00 | dt: 723.28ms | tok/sec: 90,609 | bf16_mfu: 0.00 | epoch: 1 pq: 1 rg: 9 | total time: 12.53m | eta: 33.3m
step 01051/03814 (27.56%) | loss: 3.231570 | lrm: 1.00 | dt: 722.81ms | tok/sec: 90,667 | bf16_mfu: 0.00 | epoch: 1 pq: 1 rg: 9 | total time: 12.54m | eta: 33.3m
step 01052/03814 (27.58%) | loss: 3.221265 | lrm: 1.00 | dt: 738.49ms | tok/sec: 88,743 | bf16_mfu: 0.00 | epoch: 1 pq: 1 rg: 10 | total time: 12.55m | eta: 33.3m
step 01053/03814 (27.61%) | loss: 3.225682 | lrm: 1.00 | dt: 720.81ms | tok/sec: 90,919 | bf16_mfu: 0.00 | epoch: 1 pq: 1 rg: 10 | total time: 12.56m | eta: 33.3m
step 01054/03814 (27.64%) | loss: 3.238524 | lrm: 1.00 | dt: 766.38ms | tok/sec: 85,514 | bf16_mfu: 0.00 | epoch: 1 pq: 1 rg: 10 | total time: 12.57m | eta: 33.2m
step 01055/03814 (27.66%) | loss: 3.246869 | lrm: 1.00 | dt: 715.57ms | tok/sec: 91,586 | bf16_mfu: 0.00 | epoch: 1 pq: 1 rg: 10 | total time: 12.59m | eta: 33.2m
step 01056/03814 (27.69%) | loss: 3.247256 | lrm: 1.00 | dt: 719.72ms | tok/sec: 91,058 | bf16_mfu: 0.00 | epoch: 1 pq: 1 rg: 10 | total time: 12.60m | eta: 33.2m
step 01057/03814 (27.71%) | loss: 3.247034 | lrm: 1.00 | dt: 715.55ms | tok/sec: 91,587 | bf16_mfu: 0.00 | epoch: 1 pq: 1 rg: 10 | total time: 12.61m | eta: 33.2m
step 01058/03814 (27.74%) | loss: 3.244822 | lrm: 1.00 | dt: 716.51ms | tok/sec: 91,465 | bf16_mfu: 0.00 | epoch: 1 pq: 1 rg: 10 | total time: 12.62m | eta: 33.2m
step 01059/03814 (27.77%) | loss: 3.237369 | lrm: 1.00 | dt: 711.76ms | tok/sec: 92,075 | bf16_mfu: 0.00 | epoch: 1 pq: 1 rg: 10 | total time: 12.63m | eta: 33.2m
step 01060/03814 (27.79%) | loss: 3.231339 | lrm: 1.00 | dt: 717.47ms | tok/sec: 91,343 | bf16_mfu: 0.00 | epoch: 1 pq: 1 rg: 10 | total time: 12.65m | eta: 33.2m
step 01061/03814 (27.82%) | loss: 3.231871 | lrm: 1.00 | dt: 714.25ms | tok/sec: 91,755 | bf16_mfu: 0.00 | epoch: 1 pq: 1 rg: 10 | total time: 12.66m | eta: 33.2m
step 01062/03814 (27.84%) | loss: 3.229713 | lrm: 1.00 | dt: 710.28ms | tok/sec: 92,268 | bf16_mfu: 0.00 | epoch: 1 pq: 1 rg: 10 | total time: 12.67m | eta: 33.1m
step 01063/03814 (27.87%) | loss: 3.234681 | lrm: 1.00 | dt: 709.18ms | tok/sec: 92,411 | bf16_mfu: 0.00 | epoch: 1 pq: 1 rg: 11 | total time: 12.68m | eta: 33.1m
step 01064/03814 (27.90%) | loss: 3.220335 | lrm: 1.00 | dt: 709.87ms | tok/sec: 92,321 | bf16_mfu: 0.00 | epoch: 1 pq: 1 rg: 11 | total time: 12.69m | eta: 33.1m
step 01065/03814 (27.92%) | loss: 3.228086 | lrm: 1.00 | dt: 840.86ms | tok/sec: 77,939 | bf16_mfu: 0.00 | epoch: 1 pq: 1 rg: 11 | total time: 12.71m | eta: 33.1m
step 01066/03814 (27.95%) | loss: 3.225012 | lrm: 1.00 | dt: 721.62ms | tok/sec: 90,817 | bf16_mfu: 0.00 | epoch: 1 pq: 1 rg: 11 | total time: 12.72m | eta: 33.1m
step 01067/03814 (27.98%) | loss: 3.206723 | lrm: 1.00 | dt: 709.41ms | tok/sec: 92,381 | bf16_mfu: 0.00 | epoch: 1 pq: 1 rg: 11 | total time: 12.73m | eta: 33.1m
step 01068/03814 (28.00%) | loss: 3.215309 | lrm: 1.00 | dt: 708.21ms | tok/sec: 92,538 | bf16_mfu: 0.00 | epoch: 1 pq: 1 rg: 11 | total time: 12.74m | eta: 33.1m
step 01069/03814 (28.03%) | loss: 3.212400 | lrm: 1.00 | dt: 708.24ms | tok/sec: 92,533 | bf16_mfu: 0.00 | epoch: 1 pq: 1 rg: 11 | total time: 12.75m | eta: 33.1m
step 01070/03814 (28.05%) | loss: 3.212217 | lrm: 1.00 | dt: 709.66ms | tok/sec: 92,348 | bf16_mfu: 0.00 | epoch: 1 pq: 1 rg: 11 | total time: 12.77m | eta: 33.0m
step 01071/03814 (28.08%) | loss: 3.216883 | lrm: 1.00 | dt: 709.07ms | tok/sec: 92,425 | bf16_mfu: 0.00 | epoch: 1 pq: 1 rg: 11 | total time: 12.78m | eta: 33.0m
step 01072/03814 (28.11%) | loss: 3.220770 | lrm: 1.00 | dt: 708.90ms | tok/sec: 92,447 | bf16_mfu: 0.00 | epoch: 1 pq: 1 rg: 11 | total time: 12.79m | eta: 33.0m
step 01073/03814 (28.13%) | loss: 3.217332 | lrm: 1.00 | dt: 708.59ms | tok/sec: 92,488 | bf16_mfu: 0.00 | epoch: 1 pq: 1 rg: 11 | total time: 12.80m | eta: 33.0m
step 01074/03814 (28.16%) | loss: 3.227504 | lrm: 1.00 | dt: 706.69ms | tok/sec: 92,736 | bf16_mfu: 0.00 | epoch: 1 pq: 1 rg: 12 | total time: 12.81m | eta: 33.0m
step 01075/03814 (28.19%) | loss: 3.221745 | lrm: 1.00 | dt: 709.90ms | tok/sec: 92,317 | bf16_mfu: 0.00 | epoch: 1 pq: 1 rg: 12 | total time: 12.83m | eta: 33.0m
step 01076/03814 (28.21%) | loss: 3.229242 | lrm: 1.00 | dt: 820.37ms | tok/sec: 79,885 | bf16_mfu: 0.00 | epoch: 1 pq: 1 rg: 12 | total time: 12.84m | eta: 33.0m
step 01077/03814 (28.24%) | loss: 3.232811 | lrm: 1.00 | dt: 710.15ms | tok/sec: 92,285 | bf16_mfu: 0.00 | epoch: 1 pq: 1 rg: 12 | total time: 12.85m | eta: 33.0m
step 01078/03814 (28.26%) | loss: 3.224247 | lrm: 1.00 | dt: 708.39ms | tok/sec: 92,514 | bf16_mfu: 0.00 | epoch: 1 pq: 1 rg: 12 | total time: 12.86m | eta: 33.0m
step 01079/03814 (28.29%) | loss: 3.208641 | lrm: 1.00 | dt: 710.27ms | tok/sec: 92,269 | bf16_mfu: 0.00 | epoch: 1 pq: 1 rg: 12 | total time: 12.87m | eta: 32.9m
step 01080/03814 (28.32%) | loss: 3.220297 | lrm: 1.00 | dt: 707.15ms | tok/sec: 92,676 | bf16_mfu: 0.00 | epoch: 1 pq: 1 rg: 12 | total time: 12.89m | eta: 32.9m
step 01081/03814 (28.34%) | loss: 3.243292 | lrm: 1.00 | dt: 707.05ms | tok/sec: 92,689 | bf16_mfu: 0.00 | epoch: 1 pq: 1 rg: 12 | total time: 12.90m | eta: 32.9m
step 01082/03814 (28.37%) | loss: 3.235546 | lrm: 1.00 | dt: 709.93ms | tok/sec: 92,313 | bf16_mfu: 0.00 | epoch: 1 pq: 1 rg: 12 | total time: 12.91m | eta: 32.9m
step 01083/03814 (28.40%) | loss: 3.236884 | lrm: 1.00 | dt: 707.52ms | tok/sec: 92,628 | bf16_mfu: 0.00 | epoch: 1 pq: 1 rg: 12 | total time: 12.92m | eta: 32.9m
step 01084/03814 (28.42%) | loss: 3.217136 | lrm: 1.00 | dt: 741.20ms | tok/sec: 88,419 | bf16_mfu: 0.00 | epoch: 1 pq: 1 rg: 12 | total time: 12.93m | eta: 32.9m
step 01085/03814 (28.45%) | loss: 3.210732 | lrm: 1.00 | dt: 705.55ms | tok/sec: 92,887 | bf16_mfu: 0.00 | epoch: 1 pq: 1 rg: 12 | total time: 12.95m | eta: 32.9m
step 01086/03814 (28.47%) | loss: 3.215271 | lrm: 1.00 | dt: 743.66ms | tok/sec: 88,126 | bf16_mfu: 0.00 | epoch: 1 pq: 1 rg: 13 | total time: 12.96m | eta: 32.9m
step 01087/03814 (28.50%) | loss: 3.207997 | lrm: 1.00 | dt: 709.16ms | tok/sec: 92,413 | bf16_mfu: 0.00 | epoch: 1 pq: 1 rg: 13 | total time: 12.97m | eta: 32.8m
step 01088/03814 (28.53%) | loss: 3.188318 | lrm: 1.00 | dt: 706.59ms | tok/sec: 92,749 | bf16_mfu: 0.00 | epoch: 1 pq: 1 rg: 13 | total time: 12.98m | eta: 32.8m
step 01089/03814 (28.55%) | loss: 3.195752 | lrm: 1.00 | dt: 704.88ms | tok/sec: 92,974 | bf16_mfu: 0.00 | epoch: 1 pq: 1 rg: 13 | total time: 12.99m | eta: 32.8m
step 01090/03814 (28.58%) | loss: 3.192294 | lrm: 1.00 | dt: 705.58ms | tok/sec: 92,882 | bf16_mfu: 0.00 | epoch: 1 pq: 1 rg: 13 | total time: 13.01m | eta: 32.8m
step 01091/03814 (28.61%) | loss: 3.192446 | lrm: 1.00 | dt: 708.57ms | tok/sec: 92,490 | bf16_mfu: 0.00 | epoch: 1 pq: 1 rg: 13 | total time: 13.02m | eta: 32.8m
step 01092/03814 (28.63%) | loss: 3.199416 | lrm: 1.00 | dt: 707.72ms | tok/sec: 92,602 | bf16_mfu: 0.00 | epoch: 1 pq: 1 rg: 13 | total time: 13.03m | eta: 32.8m
step 01093/03814 (28.66%) | loss: 3.207017 | lrm: 1.00 | dt: 707.98ms | tok/sec: 92,567 | bf16_mfu: 0.00 | epoch: 1 pq: 1 rg: 13 | total time: 13.04m | eta: 32.8m
step 01094/03814 (28.68%) | loss: 3.179066 | lrm: 1.00 | dt: 707.48ms | tok/sec: 92,632 | bf16_mfu: 0.00 | epoch: 1 pq: 1 rg: 13 | total time: 13.05m | eta: 32.8m
step 01095/03814 (28.71%) | loss: 3.203107 | lrm: 1.00 | dt: 709.87ms | tok/sec: 92,321 | bf16_mfu: 0.00 | epoch: 1 pq: 1 rg: 13 | total time: 13.06m | eta: 32.7m
step 01096/03814 (28.74%) | loss: 3.202063 | lrm: 1.00 | dt: 706.91ms | tok/sec: 92,707 | bf16_mfu: 0.00 | epoch: 1 pq: 1 rg: 13 | total time: 13.08m | eta: 32.7m
step 01097/03814 (28.76%) | loss: 3.195925 | lrm: 1.00 | dt: 718.55ms | tok/sec: 91,205 | bf16_mfu: 0.00 | epoch: 1 pq: 1 rg: 14 | total time: 13.09m | eta: 32.7m
step 01098/03814 (28.79%) | loss: 3.191046 | lrm: 1.00 | dt: 708.29ms | tok/sec: 92,527 | bf16_mfu: 0.00 | epoch: 1 pq: 1 rg: 14 | total time: 13.10m | eta: 32.7m
step 01099/03814 (28.81%) | loss: 3.191101 | lrm: 1.00 | dt: 707.05ms | tok/sec: 92,688 | bf16_mfu: 0.00 | epoch: 1 pq: 1 rg: 14 | total time: 13.11m | eta: 32.7m
step 01100/03814 (28.84%) | loss: 3.182273 | lrm: 1.00 | dt: 709.52ms | tok/sec: 92,367 | bf16_mfu: 0.00 | epoch: 1 pq: 1 rg: 14 | total time: 13.12m | eta: 32.7m
step 01101/03814 (28.87%) | loss: 3.153789 | lrm: 1.00 | dt: 710.21ms | tok/sec: 92,276 | bf16_mfu: 0.00 | epoch: 1 pq: 1 rg: 14 | total time: 13.14m | eta: 32.7m
step 01102/03814 (28.89%) | loss: 3.141229 | lrm: 1.00 | dt: 708.35ms | tok/sec: 92,518 | bf16_mfu: 0.00 | epoch: 1 pq: 1 rg: 14 | total time: 13.15m | eta: 32.7m
step 01103/03814 (28.92%) | loss: 3.135839 | lrm: 1.00 | dt: 709.15ms | tok/sec: 92,414 | bf16_mfu: 0.00 | epoch: 1 pq: 1 rg: 14 | total time: 13.16m | eta: 32.6m
step 01104/03814 (28.95%) | loss: 3.165135 | lrm: 1.00 | dt: 710.43ms | tok/sec: 92,247 | bf16_mfu: 0.00 | epoch: 1 pq: 1 rg: 14 | total time: 13.17m | eta: 32.6m
step 01105/03814 (28.97%) | loss: 3.169739 | lrm: 1.00 | dt: 707.68ms | tok/sec: 92,607 | bf16_mfu: 0.00 | epoch: 1 pq: 1 rg: 14 | total time: 13.18m | eta: 32.6m
step 01106/03814 (29.00%) | loss: 3.157787 | lrm: 1.00 | dt: 708.43ms | tok/sec: 92,509 | bf16_mfu: 0.00 | epoch: 1 pq: 1 rg: 14 | total time: 13.19m | eta: 32.6m
step 01107/03814 (29.02%) | loss: 3.159739 | lrm: 1.00 | dt: 710.98ms | tok/sec: 92,177 | bf16_mfu: 0.00 | epoch: 1 pq: 1 rg: 14 | total time: 13.21m | eta: 32.6m
step 01108/03814 (29.05%) | loss: 3.164656 | lrm: 1.00 | dt: 786.93ms | tok/sec: 83,280 | bf16_mfu: 0.00 | epoch: 1 pq: 1 rg: 15 | total time: 13.22m | eta: 32.6m
step 01109/03814 (29.08%) | loss: 3.166163 | lrm: 1.00 | dt: 716.83ms | tok/sec: 91,425 | bf16_mfu: 0.00 | epoch: 1 pq: 1 rg: 15 | total time: 13.23m | eta: 32.6m
step 01110/03814 (29.10%) | loss: 3.161462 | lrm: 1.00 | dt: 718.93ms | tok/sec: 91,157 | bf16_mfu: 0.00 | epoch: 1 pq: 1 rg: 15 | total time: 13.24m | eta: 32.6m
step 01111/03814 (29.13%) | loss: 3.166295 | lrm: 1.00 | dt: 708.23ms | tok/sec: 92,534 | bf16_mfu: 0.00 | epoch: 1 pq: 1 rg: 15 | total time: 13.26m | eta: 32.5m
step 01112/03814 (29.16%) | loss: 3.154984 | lrm: 1.00 | dt: 709.94ms | tok/sec: 92,312 | bf16_mfu: 0.00 | epoch: 1 pq: 1 rg: 15 | total time: 13.27m | eta: 32.5m
step 01113/03814 (29.18%) | loss: 3.151077 | lrm: 1.00 | dt: 711.47ms | tok/sec: 92,113 | bf16_mfu: 0.00 | epoch: 1 pq: 1 rg: 15 | total time: 13.28m | eta: 32.5m
step 01114/03814 (29.21%) | loss: 3.142848 | lrm: 1.00 | dt: 715.71ms | tok/sec: 91,567 | bf16_mfu: 0.00 | epoch: 1 pq: 1 rg: 15 | total time: 13.29m | eta: 32.5m
step 01115/03814 (29.23%) | loss: 3.136169 | lrm: 1.00 | dt: 711.37ms | tok/sec: 92,125 | bf16_mfu: 0.00 | epoch: 1 pq: 1 rg: 15 | total time: 13.30m | eta: 32.5m
step 01116/03814 (29.26%) | loss: 3.132850 | lrm: 1.00 | dt: 713.65ms | tok/sec: 91,831 | bf16_mfu: 0.00 | epoch: 1 pq: 1 rg: 15 | total time: 13.31m | eta: 32.5m
step 01117/03814 (29.29%) | loss: 3.138184 | lrm: 1.00 | dt: 712.89ms | tok/sec: 91,929 | bf16_mfu: 0.00 | epoch: 1 pq: 1 rg: 15 | total time: 13.33m | eta: 32.5m
step 01118/03814 (29.31%) | loss: 3.127253 | lrm: 1.00 | dt: 721.98ms | tok/sec: 90,772 | bf16_mfu: 0.00 | epoch: 1 pq: 1 rg: 15 | total time: 13.34m | eta: 32.5m
step 01119/03814 (29.34%) | loss: 3.115359 | lrm: 1.00 | dt: 715.26ms | tok/sec: 91,625 | bf16_mfu: 0.00 | epoch: 1 pq: 1 rg: 16 | total time: 13.35m | eta: 32.4m
step 01120/03814 (29.37%) | loss: 3.120673 | lrm: 1.00 | dt: 718.71ms | tok/sec: 91,185 | bf16_mfu: 0.00 | epoch: 1 pq: 1 rg: 16 | total time: 13.36m | eta: 32.4m
step 01121/03814 (29.39%) | loss: 3.128918 | lrm: 1.00 | dt: 713.01ms | tok/sec: 91,914 | bf16_mfu: 0.00 | epoch: 1 pq: 1 rg: 16 | total time: 13.37m | eta: 32.4m
step 01122/03814 (29.42%) | loss: 3.136378 | lrm: 1.00 | dt: 719.33ms | tok/sec: 91,106 | bf16_mfu: 0.00 | epoch: 1 pq: 1 rg: 16 | total time: 13.39m | eta: 32.4m
step 01123/03814 (29.44%) | loss: 3.129534 | lrm: 1.00 | dt: 715.86ms | tok/sec: 91,548 | bf16_mfu: 0.00 | epoch: 1 pq: 1 rg: 16 | total time: 13.40m | eta: 32.4m
step 01124/03814 (29.47%) | loss: 3.139167 | lrm: 1.00 | dt: 716.61ms | tok/sec: 91,452 | bf16_mfu: 0.00 | epoch: 1 pq: 1 rg: 16 | total time: 13.41m | eta: 32.4m
step 01125/03814 (29.50%) | loss: 3.178448 | lrm: 1.00 | dt: 716.93ms | tok/sec: 91,412 | bf16_mfu: 0.00 | epoch: 1 pq: 1 rg: 16 | total time: 13.42m | eta: 32.4m
step 01126/03814 (29.52%) | loss: 3.173312 | lrm: 1.00 | dt: 718.85ms | tok/sec: 91,167 | bf16_mfu: 0.00 | epoch: 1 pq: 1 rg: 16 | total time: 13.43m | eta: 32.4m
step 01127/03814 (29.55%) | loss: 3.190404 | lrm: 1.00 | dt: 722.11ms | tok/sec: 90,756 | bf16_mfu: 0.00 | epoch: 1 pq: 1 rg: 16 | total time: 13.45m | eta: 32.3m
step 01128/03814 (29.58%) | loss: 3.196122 | lrm: 1.00 | dt: 719.90ms | tok/sec: 91,034 | bf16_mfu: 0.00 | epoch: 1 pq: 1 rg: 16 | total time: 13.46m | eta: 32.3m
step 01129/03814 (29.60%) | loss: 3.185701 | lrm: 1.00 | dt: 735.06ms | tok/sec: 89,157 | bf16_mfu: 0.00 | epoch: 1 pq: 1 rg: 16 | total time: 13.47m | eta: 32.3m
step 01130/03814 (29.63%) | loss: 3.181133 | lrm: 1.00 | dt: 725.02ms | tok/sec: 90,392 | bf16_mfu: 0.00 | epoch: 1 pq: 1 rg: 16 | total time: 13.48m | eta: 32.3m
step 01131/03814 (29.65%) | loss: 3.212465 | lrm: 1.00 | dt: 734.33ms | tok/sec: 89,246 | bf16_mfu: 0.00 | epoch: 1 pq: 1 rg: 17 | total time: 13.50m | eta: 32.3m
step 01132/03814 (29.68%) | loss: 3.200346 | lrm: 1.00 | dt: 738.78ms | tok/sec: 88,708 | bf16_mfu: 0.00 | epoch: 1 pq: 1 rg: 17 | total time: 13.51m | eta: 32.3m
step 01133/03814 (29.71%) | loss: 3.199551 | lrm: 1.00 | dt: 721.38ms | tok/sec: 90,848 | bf16_mfu: 0.00 | epoch: 1 pq: 1 rg: 17 | total time: 13.52m | eta: 32.3m
step 01134/03814 (29.73%) | loss: 3.201510 | lrm: 1.00 | dt: 771.37ms | tok/sec: 84,960 | bf16_mfu: 0.00 | epoch: 1 pq: 1 rg: 17 | total time: 13.53m | eta: 32.3m
step 01135/03814 (29.76%) | loss: 3.183381 | lrm: 1.00 | dt: 731.23ms | tok/sec: 89,624 | bf16_mfu: 0.00 | epoch: 1 pq: 1 rg: 17 | total time: 13.54m | eta: 32.3m
step 01136/03814 (29.79%) | loss: 3.163790 | lrm: 1.00 | dt: 723.95ms | tok/sec: 90,525 | bf16_mfu: 0.00 | epoch: 1 pq: 1 rg: 17 | total time: 13.56m | eta: 32.2m
step 01137/03814 (29.81%) | loss: 3.167458 | lrm: 1.00 | dt: 725.73ms | tok/sec: 90,303 | bf16_mfu: 0.00 | epoch: 1 pq: 1 rg: 17 | total time: 13.57m | eta: 32.2m
step 01138/03814 (29.84%) | loss: 3.171044 | lrm: 1.00 | dt: 720.48ms | tok/sec: 90,961 | bf16_mfu: 0.00 | epoch: 1 pq: 1 rg: 17 | total time: 13.58m | eta: 32.2m
step 01139/03814 (29.86%) | loss: 3.166954 | lrm: 1.00 | dt: 721.98ms | tok/sec: 90,772 | bf16_mfu: 0.00 | epoch: 1 pq: 1 rg: 17 | total time: 13.59m | eta: 32.2m
step 01140/03814 (29.89%) | loss: 3.168324 | lrm: 1.00 | dt: 728.58ms | tok/sec: 89,950 | bf16_mfu: 0.00 | epoch: 1 pq: 1 rg: 17 | total time: 13.60m | eta: 32.2m
step 01141/03814 (29.92%) | loss: 3.164092 | lrm: 1.00 | dt: 721.15ms | tok/sec: 90,876 | bf16_mfu: 0.00 | epoch: 1 pq: 1 rg: 17 | total time: 13.62m | eta: 32.2m
step 01142/03814 (29.94%) | loss: 3.131603 | lrm: 1.00 | dt: 788.40ms | tok/sec: 83,125 | bf16_mfu: 0.00 | epoch: 1 pq: 1 rg: 18 | total time: 13.63m | eta: 32.2m
step 01143/03814 (29.97%) | loss: 3.128032 | lrm: 1.00 | dt: 721.86ms | tok/sec: 90,787 | bf16_mfu: 0.00 | epoch: 1 pq: 1 rg: 18 | total time: 13.64m | eta: 32.2m
step 01144/03814 (29.99%) | loss: 3.113214 | lrm: 1.00 | dt: 724.93ms | tok/sec: 90,402 | bf16_mfu: 0.00 | epoch: 1 pq: 1 rg: 18 | total time: 13.65m | eta: 32.1m
step 01145/03814 (30.02%) | loss: 3.124681 | lrm: 1.00 | dt: 720.87ms | tok/sec: 90,912 | bf16_mfu: 0.00 | epoch: 1 pq: 1 rg: 18 | total time: 13.67m | eta: 32.1m
step 01146/03814 (30.05%) | loss: 3.150175 | lrm: 1.00 | dt: 723.90ms | tok/sec: 90,532 | bf16_mfu: 0.00 | epoch: 1 pq: 1 rg: 18 | total time: 13.68m | eta: 32.1m
step 01147/03814 (30.07%) | loss: 3.148336 | lrm: 1.00 | dt: 719.17ms | tok/sec: 91,127 | bf16_mfu: 0.00 | epoch: 1 pq: 1 rg: 18 | total time: 13.69m | eta: 32.1m
step 01148/03814 (30.10%) | loss: 3.162547 | lrm: 1.00 | dt: 718.10ms | tok/sec: 91,262 | bf16_mfu: 0.00 | epoch: 1 pq: 1 rg: 18 | total time: 13.70m | eta: 32.1m
step 01149/03814 (30.13%) | loss: 3.158548 | lrm: 1.00 | dt: 732.87ms | tok/sec: 89,424 | bf16_mfu: 0.00 | epoch: 1 pq: 1 rg: 18 | total time: 13.71m | eta: 32.1m
step 01150/03814 (30.15%) | loss: 3.172226 | lrm: 1.00 | dt: 715.47ms | tok/sec: 91,598 | bf16_mfu: 0.00 | epoch: 1 pq: 1 rg: 18 | total time: 13.73m | eta: 32.1m
step 01151/03814 (30.18%) | loss: 3.182537 | lrm: 1.00 | dt: 721.73ms | tok/sec: 90,803 | bf16_mfu: 0.00 | epoch: 1 pq: 1 rg: 18 | total time: 13.74m | eta: 32.1m
step 01152/03814 (30.20%) | loss: 3.169295 | lrm: 1.00 | dt: 720.25ms | tok/sec: 90,991 | bf16_mfu: 0.00 | epoch: 1 pq: 1 rg: 18 | total time: 13.75m | eta: 32.1m
step 01153/03814 (30.23%) | loss: 3.160007 | lrm: 1.00 | dt: 792.66ms | tok/sec: 82,678 | bf16_mfu: 0.00 | epoch: 1 pq: 1 rg: 19 | total time: 13.76m | eta: 32.0m
step 01154/03814 (30.26%) | loss: 3.154292 | lrm: 1.00 | dt: 719.79ms | tok/sec: 91,048 | bf16_mfu: 0.00 | epoch: 1 pq: 1 rg: 19 | total time: 13.78m | eta: 32.0m
step 01155/03814 (30.28%) | loss: 3.164202 | lrm: 1.00 | dt: 729.12ms | tok/sec: 89,883 | bf16_mfu: 0.00 | epoch: 1 pq: 1 rg: 19 | total time: 13.79m | eta: 32.0m
step 01156/03814 (30.31%) | loss: 3.157599 | lrm: 1.00 | dt: 723.59ms | tok/sec: 90,570 | bf16_mfu: 0.00 | epoch: 1 pq: 1 rg: 19 | total time: 13.80m | eta: 32.0m
step 01157/03814 (30.34%) | loss: 3.155476 | lrm: 1.00 | dt: 717.84ms | tok/sec: 91,295 | bf16_mfu: 0.00 | epoch: 1 pq: 1 rg: 19 | total time: 13.81m | eta: 32.0m
step 01158/03814 (30.36%) | loss: 3.154109 | lrm: 1.00 | dt: 720.19ms | tok/sec: 90,997 | bf16_mfu: 0.00 | epoch: 1 pq: 1 rg: 19 | total time: 13.82m | eta: 32.0m
step 01159/03814 (30.39%) | loss: 3.142602 | lrm: 1.00 | dt: 715.53ms | tok/sec: 91,590 | bf16_mfu: 0.00 | epoch: 1 pq: 1 rg: 19 | total time: 13.84m | eta: 32.0m
step 01160/03814 (30.41%) | loss: 3.132452 | lrm: 1.00 | dt: 715.08ms | tok/sec: 91,648 | bf16_mfu: 0.00 | epoch: 1 pq: 1 rg: 19 | total time: 13.85m | eta: 32.0m
step 01161/03814 (30.44%) | loss: 3.133128 | lrm: 1.00 | dt: 725.64ms | tok/sec: 90,314 | bf16_mfu: 0.00 | epoch: 1 pq: 1 rg: 19 | total time: 13.86m | eta: 31.9m
step 01162/03814 (30.47%) | loss: 3.138004 | lrm: 1.00 | dt: 717.00ms | tok/sec: 91,403 | bf16_mfu: 0.00 | epoch: 1 pq: 1 rg: 19 | total time: 13.87m | eta: 31.9m
step 01163/03814 (30.49%) | loss: 3.145975 | lrm: 1.00 | dt: 717.78ms | tok/sec: 91,303 | bf16_mfu: 0.00 | epoch: 1 pq: 1 rg: 19 | total time: 13.88m | eta: 31.9m
step 01164/03814 (30.52%) | loss: 3.146882 | lrm: 1.00 | dt: 716.99ms | tok/sec: 91,404 | bf16_mfu: 0.00 | epoch: 1 pq: 1 rg: 19 | total time: 13.90m | eta: 31.9m
step 01165/03814 (30.55%) | loss: 3.162268 | lrm: 1.00 | dt: 717.15ms | tok/sec: 91,383 | bf16_mfu: 0.00 | epoch: 1 pq: 1 rg: 20 | total time: 13.91m | eta: 31.9m
step 01166/03814 (30.57%) | loss: 3.165940 | lrm: 1.00 | dt: 717.68ms | tok/sec: 91,315 | bf16_mfu: 0.00 | epoch: 1 pq: 1 rg: 20 | total time: 13.92m | eta: 31.9m
step 01167/03814 (30.60%) | loss: 3.173175 | lrm: 1.00 | dt: 712.79ms | tok/sec: 91,942 | bf16_mfu: 0.00 | epoch: 1 pq: 1 rg: 20 | total time: 13.93m | eta: 31.9m
step 01168/03814 (30.62%) | loss: 3.170541 | lrm: 1.00 | dt: 717.52ms | tok/sec: 91,337 | bf16_mfu: 0.00 | epoch: 1 pq: 1 rg: 20 | total time: 13.94m | eta: 31.9m
step 01169/03814 (30.65%) | loss: 3.189201 | lrm: 1.00 | dt: 712.60ms | tok/sec: 91,967 | bf16_mfu: 0.00 | epoch: 1 pq: 1 rg: 20 | total time: 13.96m | eta: 31.8m
step 01170/03814 (30.68%) | loss: 3.180736 | lrm: 1.00 | dt: 714.65ms | tok/sec: 91,703 | bf16_mfu: 0.00 | epoch: 1 pq: 1 rg: 20 | total time: 13.97m | eta: 31.8m
step 01171/03814 (30.70%) | loss: 3.183282 | lrm: 1.00 | dt: 715.61ms | tok/sec: 91,580 | bf16_mfu: 0.00 | epoch: 1 pq: 1 rg: 20 | total time: 13.98m | eta: 31.8m
step 01172/03814 (30.73%) | loss: 3.173358 | lrm: 1.00 | dt: 715.20ms | tok/sec: 91,633 | bf16_mfu: 0.00 | epoch: 1 pq: 1 rg: 20 | total time: 13.99m | eta: 31.8m
step 01173/03814 (30.76%) | loss: 3.187562 | lrm: 1.00 | dt: 710.86ms | tok/sec: 92,193 | bf16_mfu: 0.00 | epoch: 1 pq: 1 rg: 20 | total time: 14.00m | eta: 31.8m
step 01174/03814 (30.78%) | loss: 3.169341 | lrm: 1.00 | dt: 741.95ms | tok/sec: 88,329 | bf16_mfu: 0.00 | epoch: 1 pq: 1 rg: 20 | total time: 14.01m | eta: 31.8m
step 01175/03814 (30.81%) | loss: 3.176543 | lrm: 1.00 | dt: 717.38ms | tok/sec: 91,354 | bf16_mfu: 0.00 | epoch: 1 pq: 1 rg: 20 | total time: 14.03m | eta: 31.8m
step 01176/03814 (30.83%) | loss: 3.192404 | lrm: 1.00 | dt: 714.59ms | tok/sec: 91,711 | bf16_mfu: 0.00 | epoch: 1 pq: 1 rg: 21 | total time: 14.04m | eta: 31.8m
step 01177/03814 (30.86%) | loss: 3.183512 | lrm: 1.00 | dt: 710.07ms | tok/sec: 92,294 | bf16_mfu: 0.00 | epoch: 1 pq: 1 rg: 21 | total time: 14.05m | eta: 31.7m
step 01178/03814 (30.89%) | loss: 3.192025 | lrm: 1.00 | dt: 709.02ms | tok/sec: 92,432 | bf16_mfu: 0.00 | epoch: 1 pq: 1 rg: 21 | total time: 14.06m | eta: 31.7m
step 01179/03814 (30.91%) | loss: 3.165796 | lrm: 1.00 | dt: 710.81ms | tok/sec: 92,199 | bf16_mfu: 0.00 | epoch: 1 pq: 1 rg: 21 | total time: 14.07m | eta: 31.7m
step 01180/03814 (30.94%) | loss: 3.171903 | lrm: 1.00 | dt: 711.40ms | tok/sec: 92,122 | bf16_mfu: 0.00 | epoch: 1 pq: 1 rg: 21 | total time: 14.09m | eta: 31.7m
step 01181/03814 (30.96%) | loss: 3.164050 | lrm: 1.00 | dt: 715.10ms | tok/sec: 91,645 | bf16_mfu: 0.00 | epoch: 1 pq: 1 rg: 21 | total time: 14.10m | eta: 31.7m
step 01182/03814 (30.99%) | loss: 3.154610 | lrm: 1.00 | dt: 710.85ms | tok/sec: 92,194 | bf16_mfu: 0.00 | epoch: 1 pq: 1 rg: 21 | total time: 14.11m | eta: 31.7m
step 01183/03814 (31.02%) | loss: 3.149870 | lrm: 1.00 | dt: 710.76ms | tok/sec: 92,206 | bf16_mfu: 0.00 | epoch: 1 pq: 1 rg: 21 | total time: 14.12m | eta: 31.7m
step 01184/03814 (31.04%) | loss: 3.166993 | lrm: 1.00 | dt: 722.58ms | tok/sec: 90,696 | bf16_mfu: 0.00 | epoch: 1 pq: 1 rg: 21 | total time: 14.13m | eta: 31.7m
step 01185/03814 (31.07%) | loss: 3.165266 | lrm: 1.00 | dt: 711.85ms | tok/sec: 92,064 | bf16_mfu: 0.00 | epoch: 1 pq: 1 rg: 21 | total time: 14.15m | eta: 31.7m
step 01186/03814 (31.10%) | loss: 3.167757 | lrm: 1.00 | dt: 710.36ms | tok/sec: 92,256 | bf16_mfu: 0.00 | epoch: 1 pq: 1 rg: 21 | total time: 14.16m | eta: 31.6m
step 01187/03814 (31.12%) | loss: 3.158624 | lrm: 1.00 | dt: 708.41ms | tok/sec: 92,511 | bf16_mfu: 0.00 | epoch: 1 pq: 1 rg: 22 | total time: 14.17m | eta: 31.6m
step 01188/03814 (31.15%) | loss: 3.151514 | lrm: 1.00 | dt: 712.79ms | tok/sec: 91,943 | bf16_mfu: 0.00 | epoch: 1 pq: 1 rg: 22 | total time: 14.18m | eta: 31.6m
step 01189/03814 (31.17%) | loss: 3.148292 | lrm: 1.00 | dt: 709.29ms | tok/sec: 92,396 | bf16_mfu: 0.00 | epoch: 1 pq: 1 rg: 22 | total time: 14.19m | eta: 31.6m
step 01190/03814 (31.20%) | loss: 3.148106 | lrm: 1.00 | dt: 707.62ms | tok/sec: 92,614 | bf16_mfu: 0.00 | epoch: 1 pq: 1 rg: 22 | total time: 14.20m | eta: 31.6m
step 01191/03814 (31.23%) | loss: 3.132536 | lrm: 1.00 | dt: 711.71ms | tok/sec: 92,082 | bf16_mfu: 0.00 | epoch: 1 pq: 1 rg: 22 | total time: 14.22m | eta: 31.6m
step 01192/03814 (31.25%) | loss: 3.150436 | lrm: 1.00 | dt: 710.45ms | tok/sec: 92,246 | bf16_mfu: 0.00 | epoch: 1 pq: 1 rg: 22 | total time: 14.23m | eta: 31.6m
step 01193/03814 (31.28%) | loss: 3.150788 | lrm: 1.00 | dt: 800.58ms | tok/sec: 81,860 | bf16_mfu: 0.00 | epoch: 1 pq: 1 rg: 22 | total time: 14.24m | eta: 31.6m
step 01194/03814 (31.31%) | loss: 3.163934 | lrm: 1.00 | dt: 739.71ms | tok/sec: 88,597 | bf16_mfu: 0.00 | epoch: 1 pq: 1 rg: 22 | total time: 14.25m | eta: 31.5m
step 01195/03814 (31.33%) | loss: 3.139881 | lrm: 1.00 | dt: 710.41ms | tok/sec: 92,251 | bf16_mfu: 0.00 | epoch: 1 pq: 1 rg: 22 | total time: 14.27m | eta: 31.5m
step 01196/03814 (31.36%) | loss: 3.143289 | lrm: 1.00 | dt: 712.09ms | tok/sec: 92,032 | bf16_mfu: 0.00 | epoch: 1 pq: 1 rg: 22 | total time: 14.28m | eta: 31.5m
step 01197/03814 (31.38%) | loss: 3.155194 | lrm: 1.00 | dt: 708.05ms | tok/sec: 92,558 | bf16_mfu: 0.00 | epoch: 1 pq: 1 rg: 22 | total time: 14.29m | eta: 31.5m
step 01198/03814 (31.41%) | loss: 3.175439 | lrm: 1.00 | dt: 711.11ms | tok/sec: 92,159 | bf16_mfu: 0.00 | epoch: 1 pq: 1 rg: 23 | total time: 14.30m | eta: 31.5m
step 01199/03814 (31.44%) | loss: 3.165949 | lrm: 1.00 | dt: 714.51ms | tok/sec: 91,722 | bf16_mfu: 0.00 | epoch: 1 pq: 1 rg: 23 | total time: 14.31m | eta: 31.5m
step 01200/03814 (31.46%) | loss: 3.167343 | lrm: 1.00 | dt: 708.12ms | tok/sec: 92,549 | bf16_mfu: 0.00 | epoch: 1 pq: 1 rg: 23 | total time: 14.33m | eta: 31.5m
step 01201/03814 (31.49%) | loss: 3.152484 | lrm: 1.00 | dt: 709.54ms | tok/sec: 92,364 | bf16_mfu: 0.00 | epoch: 1 pq: 1 rg: 23 | total time: 14.34m | eta: 31.5m
step 01202/03814 (31.52%) | loss: 3.129096 | lrm: 1.00 | dt: 710.94ms | tok/sec: 92,182 | bf16_mfu: 0.00 | epoch: 1 pq: 1 rg: 23 | total time: 14.35m | eta: 31.4m
step 01203/03814 (31.54%) | loss: 3.125955 | lrm: 1.00 | dt: 709.26ms | tok/sec: 92,399 | bf16_mfu: 0.00 | epoch: 1 pq: 1 rg: 23 | total time: 14.36m | eta: 31.4m
step 01204/03814 (31.57%) | loss: 3.153134 | lrm: 1.00 | dt: 715.73ms | tok/sec: 91,565 | bf16_mfu: 0.00 | epoch: 1 pq: 1 rg: 23 | total time: 14.37m | eta: 31.4m
step 01205/03814 (31.59%) | loss: 3.131240 | lrm: 1.00 | dt: 710.21ms | tok/sec: 92,276 | bf16_mfu: 0.00 | epoch: 1 pq: 1 rg: 23 | total time: 14.38m | eta: 31.4m
step 01206/03814 (31.62%) | loss: 3.135725 | lrm: 1.00 | dt: 714.48ms | tok/sec: 91,725 | bf16_mfu: 0.00 | epoch: 1 pq: 1 rg: 23 | total time: 14.40m | eta: 31.4m
step 01207/03814 (31.65%) | loss: 3.149776 | lrm: 1.00 | dt: 722.68ms | tok/sec: 90,684 | bf16_mfu: 0.00 | epoch: 1 pq: 1 rg: 23 | total time: 14.41m | eta: 31.4m
step 01208/03814 (31.67%) | loss: 3.152747 | lrm: 1.00 | dt: 710.40ms | tok/sec: 92,251 | bf16_mfu: 0.00 | epoch: 1 pq: 1 rg: 23 | total time: 14.42m | eta: 31.4m
step 01209/03814 (31.70%) | loss: 3.150343 | lrm: 1.00 | dt: 713.58ms | tok/sec: 91,841 | bf16_mfu: 0.00 | epoch: 1 pq: 1 rg: 23 | total time: 14.43m | eta: 31.4m
step 01210/03814 (31.73%) | loss: 3.150494 | lrm: 1.00 | dt: 717.26ms | tok/sec: 91,369 | bf16_mfu: 0.00 | epoch: 1 pq: 1 rg: 24 | total time: 14.44m | eta: 31.3m
step 01211/03814 (31.75%) | loss: 3.148768 | lrm: 1.00 | dt: 712.83ms | tok/sec: 91,938 | bf16_mfu: 0.00 | epoch: 1 pq: 1 rg: 24 | total time: 14.46m | eta: 31.3m
step 01212/03814 (31.78%) | loss: 3.128970 | lrm: 1.00 | dt: 712.91ms | tok/sec: 91,927 | bf16_mfu: 0.00 | epoch: 1 pq: 1 rg: 24 | total time: 14.47m | eta: 31.3m
step 01213/03814 (31.80%) | loss: 3.132473 | lrm: 1.00 | dt: 712.92ms | tok/sec: 91,926 | bf16_mfu: 0.00 | epoch: 1 pq: 1 rg: 24 | total time: 14.48m | eta: 31.3m
step 01214/03814 (31.83%) | loss: 3.143237 | lrm: 1.00 | dt: 717.18ms | tok/sec: 91,379 | bf16_mfu: 0.00 | epoch: 1 pq: 1 rg: 24 | total time: 14.49m | eta: 31.3m
step 01215/03814 (31.86%) | loss: 3.138913 | lrm: 1.00 | dt: 710.77ms | tok/sec: 92,203 | bf16_mfu: 0.00 | epoch: 1 pq: 1 rg: 24 | total time: 14.50m | eta: 31.3m
step 01216/03814 (31.88%) | loss: 3.138872 | lrm: 1.00 | dt: 713.75ms | tok/sec: 91,819 | bf16_mfu: 0.00 | epoch: 1 pq: 1 rg: 24 | total time: 14.52m | eta: 31.3m
step 01217/03814 (31.91%) | loss: 3.163703 | lrm: 1.00 | dt: 711.61ms | tok/sec: 92,095 | bf16_mfu: 0.00 | epoch: 1 pq: 1 rg: 24 | total time: 14.53m | eta: 31.3m
step 01218/03814 (31.93%) | loss: 3.146437 | lrm: 1.00 | dt: 716.63ms | tok/sec: 91,450 | bf16_mfu: 0.00 | epoch: 1 pq: 1 rg: 24 | total time: 14.54m | eta: 31.2m
step 01219/03814 (31.96%) | loss: 3.142993 | lrm: 1.00 | dt: 713.86ms | tok/sec: 91,805 | bf16_mfu: 0.00 | epoch: 1 pq: 1 rg: 24 | total time: 14.55m | eta: 31.2m
step 01220/03814 (31.99%) | loss: 3.147854 | lrm: 1.00 | dt: 719.75ms | tok/sec: 91,053 | bf16_mfu: 0.00 | epoch: 1 pq: 1 rg: 24 | total time: 14.56m | eta: 31.2m
step 01221/03814 (32.01%) | loss: 3.164387 | lrm: 1.00 | dt: 715.35ms | tok/sec: 91,614 | bf16_mfu: 0.00 | epoch: 1 pq: 1 rg: 25 | total time: 14.58m | eta: 31.2m
step 01222/03814 (32.04%) | loss: 3.156429 | lrm: 1.00 | dt: 714.63ms | tok/sec: 91,706 | bf16_mfu: 0.00 | epoch: 1 pq: 1 rg: 25 | total time: 14.59m | eta: 31.2m
step 01223/03814 (32.07%) | loss: 3.156857 | lrm: 1.00 | dt: 714.35ms | tok/sec: 91,741 | bf16_mfu: 0.00 | epoch: 1 pq: 1 rg: 25 | total time: 14.60m | eta: 31.2m
step 01224/03814 (32.09%) | loss: 3.161692 | lrm: 1.00 | dt: 714.58ms | tok/sec: 91,712 | bf16_mfu: 0.00 | epoch: 1 pq: 1 rg: 25 | total time: 14.61m | eta: 31.2m
step 01225/03814 (32.12%) | loss: 3.148893 | lrm: 1.00 | dt: 711.55ms | tok/sec: 92,102 | bf16_mfu: 0.00 | epoch: 1 pq: 1 rg: 25 | total time: 14.62m | eta: 31.2m
step 01226/03814 (32.14%) | loss: 3.139149 | lrm: 1.00 | dt: 715.09ms | tok/sec: 91,647 | bf16_mfu: 0.00 | epoch: 1 pq: 1 rg: 25 | total time: 14.63m | eta: 31.1m
step 01227/03814 (32.17%) | loss: 3.162800 | lrm: 1.00 | dt: 711.91ms | tok/sec: 92,056 | bf16_mfu: 0.00 | epoch: 1 pq: 1 rg: 25 | total time: 14.65m | eta: 31.1m
step 01228/03814 (32.20%) | loss: 3.158791 | lrm: 1.00 | dt: 719.20ms | tok/sec: 91,123 | bf16_mfu: 0.00 | epoch: 1 pq: 1 rg: 25 | total time: 14.66m | eta: 31.1m
step 01229/03814 (32.22%) | loss: 3.148865 | lrm: 1.00 | dt: 709.93ms | tok/sec: 92,313 | bf16_mfu: 0.00 | epoch: 1 pq: 1 rg: 25 | total time: 14.67m | eta: 31.1m
step 01230/03814 (32.25%) | loss: 3.155634 | lrm: 1.00 | dt: 717.18ms | tok/sec: 91,379 | bf16_mfu: 0.00 | epoch: 1 pq: 1 rg: 25 | total time: 14.68m | eta: 31.1m
step 01231/03814 (32.28%) | loss: 3.167571 | lrm: 1.00 | dt: 755.34ms | tok/sec: 86,763 | bf16_mfu: 0.00 | epoch: 1 pq: 1 rg: 25 | total time: 14.69m | eta: 31.1m
step 01232/03814 (32.30%) | loss: 3.156472 | lrm: 1.00 | dt: 716.56ms | tok/sec: 91,458 | bf16_mfu: 0.00 | epoch: 1 pq: 1 rg: 25 | total time: 14.71m | eta: 31.1m
step 01233/03814 (32.33%) | loss: 3.160524 | lrm: 1.00 | dt: 716.14ms | tok/sec: 91,512 | bf16_mfu: 0.00 | epoch: 1 pq: 1 rg: 26 | total time: 14.72m | eta: 31.1m
step 01234/03814 (32.35%) | loss: 3.160571 | lrm: 1.00 | dt: 723.88ms | tok/sec: 90,534 | bf16_mfu: 0.00 | epoch: 1 pq: 1 rg: 26 | total time: 14.73m | eta: 31.1m
step 01235/03814 (32.38%) | loss: 3.153329 | lrm: 1.00 | dt: 721.57ms | tok/sec: 90,823 | bf16_mfu: 0.00 | epoch: 1 pq: 1 rg: 26 | total time: 14.74m | eta: 31.0m
step 01236/03814 (32.41%) | loss: 3.147559 | lrm: 1.00 | dt: 715.36ms | tok/sec: 91,611 | bf16_mfu: 0.00 | epoch: 1 pq: 1 rg: 26 | total time: 14.75m | eta: 31.0m
step 01237/03814 (32.43%) | loss: 3.145618 | lrm: 1.00 | dt: 715.55ms | tok/sec: 91,587 | bf16_mfu: 0.00 | epoch: 1 pq: 1 rg: 26 | total time: 14.77m | eta: 31.0m
step 01238/03814 (32.46%) | loss: 3.127765 | lrm: 1.00 | dt: 714.07ms | tok/sec: 91,777 | bf16_mfu: 0.00 | epoch: 1 pq: 1 rg: 26 | total time: 14.78m | eta: 31.0m
step 01239/03814 (32.49%) | loss: 3.142640 | lrm: 1.00 | dt: 718.22ms | tok/sec: 91,248 | bf16_mfu: 0.00 | epoch: 1 pq: 1 rg: 26 | total time: 14.79m | eta: 31.0m
step 01240/03814 (32.51%) | loss: 3.137178 | lrm: 1.00 | dt: 716.71ms | tok/sec: 91,440 | bf16_mfu: 0.00 | epoch: 1 pq: 1 rg: 26 | total time: 14.80m | eta: 31.0m
step 01241/03814 (32.54%) | loss: 3.105736 | lrm: 1.00 | dt: 722.71ms | tok/sec: 90,680 | bf16_mfu: 0.00 | epoch: 1 pq: 1 rg: 26 | total time: 14.81m | eta: 31.0m
step 01242/03814 (32.56%) | loss: 3.101465 | lrm: 1.00 | dt: 715.66ms | tok/sec: 91,573 | bf16_mfu: 0.00 | epoch: 1 pq: 1 rg: 26 | total time: 14.83m | eta: 31.0m
step 01243/03814 (32.59%) | loss: 3.112476 | lrm: 1.00 | dt: 714.06ms | tok/sec: 91,779 | bf16_mfu: 0.00 | epoch: 1 pq: 1 rg: 26 | total time: 14.84m | eta: 30.9m
step 01244/03814 (32.62%) | loss: 3.110861 | lrm: 1.00 | dt: 730.44ms | tok/sec: 89,721 | bf16_mfu: 0.00 | epoch: 1 pq: 1 rg: 27 | total time: 14.85m | eta: 30.9m
step 01245/03814 (32.64%) | loss: 3.113893 | lrm: 1.00 | dt: 714.81ms | tok/sec: 91,682 | bf16_mfu: 0.00 | epoch: 1 pq: 1 rg: 27 | total time: 14.86m | eta: 30.9m
step 01246/03814 (32.67%) | loss: 3.124818 | lrm: 1.00 | dt: 722.56ms | tok/sec: 90,699 | bf16_mfu: 0.00 | epoch: 1 pq: 1 rg: 27 | total time: 14.87m | eta: 30.9m
step 01247/03814 (32.70%) | loss: 3.122564 | lrm: 1.00 | dt: 713.66ms | tok/sec: 91,830 | bf16_mfu: 0.00 | epoch: 1 pq: 1 rg: 27 | total time: 14.89m | eta: 30.9m
step 01248/03814 (32.72%) | loss: 3.120444 | lrm: 1.00 | dt: 717.90ms | tok/sec: 91,288 | bf16_mfu: 0.00 | epoch: 1 pq: 1 rg: 27 | total time: 14.90m | eta: 30.9m
step 01249/03814 (32.75%) | loss: 3.133637 | lrm: 1.00 | dt: 715.34ms | tok/sec: 91,615 | bf16_mfu: 0.00 | epoch: 1 pq: 1 rg: 27 | total time: 14.91m | eta: 30.9m
step 01250/03814 (32.77%) | loss: 3.137099 | lrm: 1.00 | dt: 717.29ms | tok/sec: 91,365 | bf16_mfu: 0.00 | epoch: 1 pq: 1 rg: 27 | total time: 14.92m | eta: 30.9m
step 01251/03814 (32.80%) | loss: 3.114694 | lrm: 1.00 | dt: 718.86ms | tok/sec: 91,166 | bf16_mfu: 0.00 | epoch: 1 pq: 1 rg: 27 | total time: 14.93m | eta: 30.8m
step 01252/03814 (32.83%) | loss: 3.117429 | lrm: 1.00 | dt: 716.61ms | tok/sec: 91,453 | bf16_mfu: 0.00 | epoch: 1 pq: 1 rg: 27 | total time: 14.95m | eta: 30.8m
step 01253/03814 (32.85%) | loss: 3.126863 | lrm: 1.00 | dt: 720.09ms | tok/sec: 91,010 | bf16_mfu: 0.00 | epoch: 1 pq: 1 rg: 27 | total time: 14.96m | eta: 30.8m
step 01254/03814 (32.88%) | loss: 3.108240 | lrm: 1.00 | dt: 715.33ms | tok/sec: 91,615 | bf16_mfu: 0.00 | epoch: 1 pq: 1 rg: 27 | total time: 14.97m | eta: 30.8m
step 01255/03814 (32.91%) | loss: 3.112984 | lrm: 1.00 | dt: 714.52ms | tok/sec: 91,720 | bf16_mfu: 0.00 | epoch: 1 pq: 1 rg: 27 | total time: 14.98m | eta: 30.8m
step 01256/03814 (32.93%) | loss: 3.108757 | lrm: 1.00 | dt: 789.87ms | tok/sec: 82,970 | bf16_mfu: 0.00 | epoch: 1 pq: 1 rg: 28 | total time: 15.00m | eta: 30.8m
step 01257/03814 (32.96%) | loss: 3.101131 | lrm: 1.00 | dt: 721.94ms | tok/sec: 90,777 | bf16_mfu: 0.00 | epoch: 1 pq: 1 rg: 28 | total time: 15.01m | eta: 30.8m
step 01258/03814 (32.98%) | loss: 3.101391 | lrm: 1.00 | dt: 717.14ms | tok/sec: 91,385 | bf16_mfu: 0.00 | epoch: 1 pq: 1 rg: 28 | total time: 15.02m | eta: 30.8m
step 01259/03814 (33.01%) | loss: 3.126039 | lrm: 1.00 | dt: 717.11ms | tok/sec: 91,389 | bf16_mfu: 0.00 | epoch: 1 pq: 1 rg: 28 | total time: 15.03m | eta: 30.7m
step 01260/03814 (33.04%) | loss: 3.121275 | lrm: 1.00 | dt: 718.38ms | tok/sec: 91,228 | bf16_mfu: 0.00 | epoch: 1 pq: 1 rg: 28 | total time: 15.04m | eta: 30.7m
step 01261/03814 (33.06%) | loss: 3.103555 | lrm: 1.00 | dt: 721.04ms | tok/sec: 90,891 | bf16_mfu: 0.00 | epoch: 1 pq: 1 rg: 28 | total time: 15.06m | eta: 30.7m
step 01262/03814 (33.09%) | loss: 3.112643 | lrm: 1.00 | dt: 711.96ms | tok/sec: 92,050 | bf16_mfu: 0.00 | epoch: 1 pq: 1 rg: 28 | total time: 15.07m | eta: 30.7m
step 01263/03814 (33.11%) | loss: 3.131103 | lrm: 1.00 | dt: 720.52ms | tok/sec: 90,956 | bf16_mfu: 0.00 | epoch: 1 pq: 1 rg: 28 | total time: 15.08m | eta: 30.7m
step 01264/03814 (33.14%) | loss: 3.107157 | lrm: 1.00 | dt: 717.35ms | tok/sec: 91,358 | bf16_mfu: 0.00 | epoch: 1 pq: 1 rg: 28 | total time: 15.09m | eta: 30.7m
step 01265/03814 (33.17%) | loss: 3.114872 | lrm: 1.00 | dt: 717.85ms | tok/sec: 91,295 | bf16_mfu: 0.00 | epoch: 1 pq: 1 rg: 28 | total time: 15.10m | eta: 30.7m
step 01266/03814 (33.19%) | loss: 3.119144 | lrm: 1.00 | dt: 718.61ms | tok/sec: 91,197 | bf16_mfu: 0.00 | epoch: 1 pq: 1 rg: 28 | total time: 15.11m | eta: 30.7m
step 01267/03814 (33.22%) | loss: 3.109881 | lrm: 1.00 | dt: 722.30ms | tok/sec: 90,732 | bf16_mfu: 0.00 | epoch: 1 pq: 1 rg: 29 | total time: 15.13m | eta: 30.7m
step 01268/03814 (33.25%) | loss: 3.122558 | lrm: 1.00 | dt: 717.63ms | tok/sec: 91,322 | bf16_mfu: 0.00 | epoch: 1 pq: 1 rg: 29 | total time: 15.14m | eta: 30.6m
step 01269/03814 (33.27%) | loss: 3.111823 | lrm: 1.00 | dt: 718.86ms | tok/sec: 91,166 | bf16_mfu: 0.00 | epoch: 1 pq: 1 rg: 29 | total time: 15.15m | eta: 30.6m
step 01270/03814 (33.30%) | loss: 3.106342 | lrm: 1.00 | dt: 734.14ms | tok/sec: 89,268 | bf16_mfu: 0.00 | epoch: 1 pq: 1 rg: 29 | total time: 15.16m | eta: 30.6m
step 01271/03814 (33.32%) | loss: 3.105164 | lrm: 1.00 | dt: 724.89ms | tok/sec: 90,407 | bf16_mfu: 0.00 | epoch: 1 pq: 1 rg: 29 | total time: 15.18m | eta: 30.6m
step 01272/03814 (33.35%) | loss: 3.118043 | lrm: 1.00 | dt: 716.99ms | tok/sec: 91,403 | bf16_mfu: 0.00 | epoch: 1 pq: 1 rg: 29 | total time: 15.19m | eta: 30.6m
step 01273/03814 (33.38%) | loss: 3.127313 | lrm: 1.00 | dt: 723.32ms | tok/sec: 90,604 | bf16_mfu: 0.00 | epoch: 1 pq: 1 rg: 29 | total time: 15.20m | eta: 30.6m
step 01274/03814 (33.40%) | loss: 3.126537 | lrm: 1.00 | dt: 726.76ms | tok/sec: 90,176 | bf16_mfu: 0.00 | epoch: 1 pq: 1 rg: 29 | total time: 15.21m | eta: 30.6m
step 01275/03814 (33.43%) | loss: 3.137406 | lrm: 1.00 | dt: 716.10ms | tok/sec: 91,518 | bf16_mfu: 0.00 | epoch: 1 pq: 1 rg: 29 | total time: 15.22m | eta: 30.6m
step 01276/03814 (33.46%) | loss: 3.149800 | lrm: 1.00 | dt: 721.64ms | tok/sec: 90,815 | bf16_mfu: 0.00 | epoch: 1 pq: 1 rg: 29 | total time: 15.24m | eta: 30.5m
step 01277/03814 (33.48%) | loss: 3.138786 | lrm: 1.00 | dt: 713.93ms | tok/sec: 91,796 | bf16_mfu: 0.00 | epoch: 1 pq: 1 rg: 29 | total time: 15.25m | eta: 30.5m
step 01278/03814 (33.51%) | loss: 3.110129 | lrm: 1.00 | dt: 784.16ms | tok/sec: 83,574 | bf16_mfu: 0.00 | epoch: 1 pq: 1 rg: 30 | total time: 15.26m | eta: 30.5m
step 01279/03814 (33.53%) | loss: 3.108629 | lrm: 1.00 | dt: 724.08ms | tok/sec: 90,509 | bf16_mfu: 0.00 | epoch: 1 pq: 1 rg: 30 | total time: 15.27m | eta: 30.5m
step 01280/03814 (33.56%) | loss: 3.119904 | lrm: 1.00 | dt: 759.17ms | tok/sec: 86,325 | bf16_mfu: 0.00 | epoch: 1 pq: 1 rg: 30 | total time: 15.28m | eta: 30.5m
step 01281/03814 (33.59%) | loss: 3.111105 | lrm: 1.00 | dt: 717.24ms | tok/sec: 91,372 | bf16_mfu: 0.00 | epoch: 1 pq: 1 rg: 30 | total time: 15.30m | eta: 30.5m
step 01282/03814 (33.61%) | loss: 3.108168 | lrm: 1.00 | dt: 720.65ms | tok/sec: 90,940 | bf16_mfu: 0.00 | epoch: 1 pq: 1 rg: 30 | total time: 15.31m | eta: 30.5m
step 01283/03814 (33.64%) | loss: 3.110245 | lrm: 1.00 | dt: 714.45ms | tok/sec: 91,729 | bf16_mfu: 0.00 | epoch: 1 pq: 1 rg: 30 | total time: 15.32m | eta: 30.5m
step 01284/03814 (33.67%) | loss: 3.108999 | lrm: 1.00 | dt: 722.09ms | tok/sec: 90,758 | bf16_mfu: 0.00 | epoch: 1 pq: 1 rg: 30 | total time: 15.33m | eta: 30.4m
step 01285/03814 (33.69%) | loss: 3.100430 | lrm: 1.00 | dt: 712.78ms | tok/sec: 91,943 | bf16_mfu: 0.00 | epoch: 1 pq: 1 rg: 30 | total time: 15.34m | eta: 30.4m
step 01286/03814 (33.72%) | loss: 3.104199 | lrm: 1.00 | dt: 722.95ms | tok/sec: 90,650 | bf16_mfu: 0.00 | epoch: 1 pq: 1 rg: 30 | total time: 15.36m | eta: 30.4m
step 01287/03814 (33.74%) | loss: 3.098728 | lrm: 1.00 | dt: 720.81ms | tok/sec: 90,920 | bf16_mfu: 0.00 | epoch: 1 pq: 1 rg: 30 | total time: 15.37m | eta: 30.4m
step 01288/03814 (33.77%) | loss: 3.099884 | lrm: 1.00 | dt: 722.71ms | tok/sec: 90,680 | bf16_mfu: 0.00 | epoch: 1 pq: 1 rg: 30 | total time: 15.38m | eta: 30.4m
step 01289/03814 (33.80%) | loss: 3.104001 | lrm: 1.00 | dt: 716.32ms | tok/sec: 91,489 | bf16_mfu: 0.00 | epoch: 1 pq: 1 rg: 30 | total time: 15.39m | eta: 30.4m
step 01290/03814 (33.82%) | loss: 3.119878 | lrm: 1.00 | dt: 765.83ms | tok/sec: 85,575 | bf16_mfu: 0.00 | epoch: 1 pq: 1 rg: 31 | total time: 15.41m | eta: 30.4m
step 01291/03814 (33.85%) | loss: 3.114048 | lrm: 1.00 | dt: 718.40ms | tok/sec: 91,224 | bf16_mfu: 0.00 | epoch: 1 pq: 1 rg: 31 | total time: 15.42m | eta: 30.4m
step 01292/03814 (33.88%) | loss: 3.111802 | lrm: 1.00 | dt: 721.61ms | tok/sec: 90,819 | bf16_mfu: 0.00 | epoch: 1 pq: 1 rg: 31 | total time: 15.43m | eta: 30.4m
step 01293/03814 (33.90%) | loss: 3.112653 | lrm: 1.00 | dt: 719.94ms | tok/sec: 91,029 | bf16_mfu: 0.00 | epoch: 1 pq: 1 rg: 31 | total time: 15.44m | eta: 30.3m
step 01294/03814 (33.93%) | loss: 3.115162 | lrm: 1.00 | dt: 721.56ms | tok/sec: 90,825 | bf16_mfu: 0.00 | epoch: 1 pq: 1 rg: 31 | total time: 15.45m | eta: 30.3m
step 01295/03814 (33.95%) | loss: 3.119040 | lrm: 1.00 | dt: 723.68ms | tok/sec: 90,558 | bf16_mfu: 0.00 | epoch: 1 pq: 1 rg: 31 | total time: 15.47m | eta: 30.3m
step 01296/03814 (33.98%) | loss: 3.125399 | lrm: 1.00 | dt: 719.25ms | tok/sec: 91,117 | bf16_mfu: 0.00 | epoch: 1 pq: 1 rg: 31 | total time: 15.48m | eta: 30.3m
step 01297/03814 (34.01%) | loss: 3.130333 | lrm: 1.00 | dt: 837.15ms | tok/sec: 78,284 | bf16_mfu: 0.00 | epoch: 1 pq: 1 rg: 31 | total time: 15.49m | eta: 30.3m
step 01298/03814 (34.03%) | loss: 3.120076 | lrm: 1.00 | dt: 718.29ms | tok/sec: 91,238 | bf16_mfu: 0.00 | epoch: 1 pq: 1 rg: 31 | total time: 15.50m | eta: 30.3m
step 01299/03814 (34.06%) | loss: 3.130986 | lrm: 1.00 | dt: 723.04ms | tok/sec: 90,639 | bf16_mfu: 0.00 | epoch: 1 pq: 1 rg: 31 | total time: 15.52m | eta: 30.3m
step 01300/03814 (34.08%) | loss: 3.127820 | lrm: 1.00 | dt: 715.09ms | tok/sec: 91,646 | bf16_mfu: 0.00 | epoch: 1 pq: 1 rg: 31 | total time: 15.53m | eta: 30.3m
step 01301/03814 (34.11%) | loss: 3.139961 | lrm: 1.00 | dt: 720.23ms | tok/sec: 90,992 | bf16_mfu: 0.00 | epoch: 1 pq: 1 rg: 32 | total time: 15.54m | eta: 30.2m
step 01302/03814 (34.14%) | loss: 3.128144 | lrm: 1.00 | dt: 716.62ms | tok/sec: 91,452 | bf16_mfu: 0.00 | epoch: 1 pq: 1 rg: 32 | total time: 15.55m | eta: 30.2m
step 01303/03814 (34.16%) | loss: 3.144686 | lrm: 1.00 | dt: 721.15ms | tok/sec: 90,876 | bf16_mfu: 0.00 | epoch: 1 pq: 1 rg: 32 | total time: 15.56m | eta: 30.2m
step 01304/03814 (34.19%) | loss: 3.147134 | lrm: 1.00 | dt: 720.50ms | tok/sec: 90,958 | bf16_mfu: 0.00 | epoch: 1 pq: 1 rg: 32 | total time: 15.58m | eta: 30.2m
step 01305/03814 (34.22%) | loss: 3.127884 | lrm: 1.00 | dt: 721.88ms | tok/sec: 90,784 | bf16_mfu: 0.00 | epoch: 1 pq: 1 rg: 32 | total time: 15.59m | eta: 30.2m
step 01306/03814 (34.24%) | loss: 3.153995 | lrm: 1.00 | dt: 722.78ms | tok/sec: 90,671 | bf16_mfu: 0.00 | epoch: 1 pq: 1 rg: 32 | total time: 15.60m | eta: 30.2m
step 01307/03814 (34.27%) | loss: 3.135112 | lrm: 1.00 | dt: 717.23ms | tok/sec: 91,373 | bf16_mfu: 0.00 | epoch: 1 pq: 1 rg: 32 | total time: 15.61m | eta: 30.2m
step 01308/03814 (34.29%) | loss: 3.122887 | lrm: 1.00 | dt: 724.12ms | tok/sec: 90,503 | bf16_mfu: 0.00 | epoch: 1 pq: 1 rg: 32 | total time: 15.62m | eta: 30.2m
step 01309/03814 (34.32%) | loss: 3.133106 | lrm: 1.00 | dt: 725.79ms | tok/sec: 90,295 | bf16_mfu: 0.00 | epoch: 1 pq: 1 rg: 32 | total time: 15.64m | eta: 30.2m
step 01310/03814 (34.35%) | loss: 3.114424 | lrm: 1.00 | dt: 716.82ms | tok/sec: 91,425 | bf16_mfu: 0.00 | epoch: 1 pq: 1 rg: 32 | total time: 15.65m | eta: 30.1m
step 01311/03814 (34.37%) | loss: 3.112016 | lrm: 1.00 | dt: 723.34ms | tok/sec: 90,602 | bf16_mfu: 0.00 | epoch: 1 pq: 1 rg: 32 | total time: 15.66m | eta: 30.1m
step 01312/03814 (34.40%) | loss: 3.113892 | lrm: 1.00 | dt: 718.04ms | tok/sec: 91,270 | bf16_mfu: 0.00 | epoch: 1 pq: 1 rg: 32 | total time: 15.67m | eta: 30.1m
step 01313/03814 (34.43%) | loss: 3.115528 | lrm: 1.00 | dt: 719.06ms | tok/sec: 91,141 | bf16_mfu: 0.00 | epoch: 1 pq: 1 rg: 33 | total time: 15.68m | eta: 30.1m
step 01314/03814 (34.45%) | loss: 3.113233 | lrm: 1.00 | dt: 719.31ms | tok/sec: 91,109 | bf16_mfu: 0.00 | epoch: 1 pq: 1 rg: 33 | total time: 15.70m | eta: 30.1m
step 01315/03814 (34.48%) | loss: 3.118371 | lrm: 1.00 | dt: 721.56ms | tok/sec: 90,825 | bf16_mfu: 0.00 | epoch: 1 pq: 1 rg: 33 | total time: 15.71m | eta: 30.1m
step 01316/03814 (34.50%) | loss: 3.132948 | lrm: 1.00 | dt: 731.58ms | tok/sec: 89,581 | bf16_mfu: 0.00 | epoch: 1 pq: 1 rg: 33 | total time: 15.72m | eta: 30.1m
step 01317/03814 (34.53%) | loss: 3.122299 | lrm: 1.00 | dt: 719.18ms | tok/sec: 91,126 | bf16_mfu: 0.00 | epoch: 1 pq: 1 rg: 33 | total time: 15.73m | eta: 30.1m
step 01318/03814 (34.56%) | loss: 3.128097 | lrm: 1.00 | dt: 720.77ms | tok/sec: 90,924 | bf16_mfu: 0.00 | epoch: 1 pq: 1 rg: 33 | total time: 15.74m | eta: 30.0m
step 01319/03814 (34.58%) | loss: 3.118620 | lrm: 1.00 | dt: 718.35ms | tok/sec: 91,231 | bf16_mfu: 0.00 | epoch: 1 pq: 1 rg: 33 | total time: 15.76m | eta: 30.0m
step 01320/03814 (34.61%) | loss: 3.114439 | lrm: 1.00 | dt: 715.25ms | tok/sec: 91,626 | bf16_mfu: 0.00 | epoch: 1 pq: 1 rg: 33 | total time: 15.77m | eta: 30.0m
step 01321/03814 (34.64%) | loss: 3.113713 | lrm: 1.00 | dt: 722.27ms | tok/sec: 90,735 | bf16_mfu: 0.00 | epoch: 1 pq: 1 rg: 33 | total time: 15.78m | eta: 30.0m
step 01322/03814 (34.66%) | loss: 3.111010 | lrm: 1.00 | dt: 716.49ms | tok/sec: 91,468 | bf16_mfu: 0.00 | epoch: 1 pq: 1 rg: 33 | total time: 15.79m | eta: 30.0m
step 01323/03814 (34.69%) | loss: 3.109802 | lrm: 1.00 | dt: 720.09ms | tok/sec: 91,011 | bf16_mfu: 0.00 | epoch: 1 pq: 1 rg: 33 | total time: 15.80m | eta: 30.0m
step 01324/03814 (34.71%) | loss: 3.109996 | lrm: 1.00 | dt: 717.19ms | tok/sec: 91,378 | bf16_mfu: 0.00 | epoch: 1 pq: 1 rg: 33 | total time: 15.82m | eta: 30.0m
step 01325/03814 (34.74%) | loss: 3.116741 | lrm: 1.00 | dt: 750.14ms | tok/sec: 87,364 | bf16_mfu: 0.00 | epoch: 1 pq: 1 rg: 34 | total time: 15.83m | eta: 30.0m
step 01326/03814 (34.77%) | loss: 3.097900 | lrm: 1.00 | dt: 718.42ms | tok/sec: 91,222 | bf16_mfu: 0.00 | epoch: 1 pq: 1 rg: 34 | total time: 15.84m | eta: 29.9m
step 01327/03814 (34.79%) | loss: 3.098422 | lrm: 1.00 | dt: 717.34ms | tok/sec: 91,360 | bf16_mfu: 0.00 | epoch: 1 pq: 1 rg: 34 | total time: 15.85m | eta: 29.9m
step 01328/03814 (34.82%) | loss: 3.107004 | lrm: 1.00 | dt: 720.28ms | tok/sec: 90,987 | bf16_mfu: 0.00 | epoch: 1 pq: 1 rg: 34 | total time: 15.86m | eta: 29.9m
step 01329/03814 (34.85%) | loss: 3.113297 | lrm: 1.00 | dt: 713.82ms | tok/sec: 91,809 | bf16_mfu: 0.00 | epoch: 1 pq: 1 rg: 34 | total time: 15.88m | eta: 29.9m
step 01330/03814 (34.87%) | loss: 3.102535 | lrm: 1.00 | dt: 716.90ms | tok/sec: 91,415 | bf16_mfu: 0.00 | epoch: 1 pq: 1 rg: 34 | total time: 15.89m | eta: 29.9m
step 01331/03814 (34.90%) | loss: 3.117109 | lrm: 1.00 | dt: 716.94ms | tok/sec: 91,411 | bf16_mfu: 0.00 | epoch: 1 pq: 1 rg: 34 | total time: 15.90m | eta: 29.9m
step 01332/03814 (34.92%) | loss: 3.104006 | lrm: 1.00 | dt: 720.70ms | tok/sec: 90,934 | bf16_mfu: 0.00 | epoch: 1 pq: 1 rg: 34 | total time: 15.91m | eta: 29.9m
step 01333/03814 (34.95%) | loss: 3.096867 | lrm: 1.00 | dt: 712.01ms | tok/sec: 92,043 | bf16_mfu: 0.00 | epoch: 1 pq: 1 rg: 34 | total time: 15.92m | eta: 29.9m
step 01334/03814 (34.98%) | loss: 3.095998 | lrm: 1.00 | dt: 736.87ms | tok/sec: 88,938 | bf16_mfu: 0.00 | epoch: 1 pq: 1 rg: 34 | total time: 15.94m | eta: 29.9m
step 01335/03814 (35.00%) | loss: 3.101189 | lrm: 1.00 | dt: 718.53ms | tok/sec: 91,207 | bf16_mfu: 0.00 | epoch: 1 pq: 1 rg: 34 | total time: 15.95m | eta: 29.8m
step 01336/03814 (35.03%) | loss: 3.079819 | lrm: 1.00 | dt: 713.04ms | tok/sec: 91,911 | bf16_mfu: 0.00 | epoch: 1 pq: 1 rg: 34 | total time: 15.96m | eta: 29.8m
step 01337/03814 (35.06%) | loss: 3.085673 | lrm: 1.00 | dt: 776.16ms | tok/sec: 84,435 | bf16_mfu: 0.00 | epoch: 1 pq: 1 rg: 35 | total time: 15.97m | eta: 29.8m
step 01338/03814 (35.08%) | loss: 3.086360 | lrm: 1.00 | dt: 816.25ms | tok/sec: 80,289 | bf16_mfu: 0.00 | epoch: 1 pq: 1 rg: 35 | total time: 15.99m | eta: 29.8m
step 01339/03814 (35.11%) | loss: 3.074860 | lrm: 1.00 | dt: 718.06ms | tok/sec: 91,268 | bf16_mfu: 0.00 | epoch: 1 pq: 1 rg: 35 | total time: 16.00m | eta: 29.8m
step 01340/03814 (35.13%) | loss: 3.088968 | lrm: 1.00 | dt: 725.32ms | tok/sec: 90,354 | bf16_mfu: 0.00 | epoch: 1 pq: 1 rg: 35 | total time: 16.01m | eta: 29.8m
step 01341/03814 (35.16%) | loss: 3.081382 | lrm: 1.00 | dt: 712.38ms | tok/sec: 91,995 | bf16_mfu: 0.00 | epoch: 1 pq: 1 rg: 35 | total time: 16.02m | eta: 29.8m
step 01342/03814 (35.19%) | loss: 3.065256 | lrm: 1.00 | dt: 712.31ms | tok/sec: 92,004 | bf16_mfu: 0.00 | epoch: 1 pq: 1 rg: 35 | total time: 16.03m | eta: 29.8m
step 01343/03814 (35.21%) | loss: 3.063972 | lrm: 1.00 | dt: 712.96ms | tok/sec: 91,921 | bf16_mfu: 0.00 | epoch: 1 pq: 1 rg: 35 | total time: 16.05m | eta: 29.7m
step 01344/03814 (35.24%) | loss: 3.082013 | lrm: 1.00 | dt: 711.78ms | tok/sec: 92,073 | bf16_mfu: 0.00 | epoch: 1 pq: 1 rg: 35 | total time: 16.06m | eta: 29.7m
step 01345/03814 (35.26%) | loss: 3.066954 | lrm: 1.00 | dt: 716.56ms | tok/sec: 91,459 | bf16_mfu: 0.00 | epoch: 1 pq: 1 rg: 35 | total time: 16.07m | eta: 29.7m
step 01346/03814 (35.29%) | loss: 3.081339 | lrm: 1.00 | dt: 716.13ms | tok/sec: 91,513 | bf16_mfu: 0.00 | epoch: 1 pq: 1 rg: 35 | total time: 16.08m | eta: 29.7m
step 01347/03814 (35.32%) | loss: 3.079660 | lrm: 1.00 | dt: 716.58ms | tok/sec: 91,456 | bf16_mfu: 0.00 | epoch: 1 pq: 1 rg: 35 | total time: 16.09m | eta: 29.7m
step 01348/03814 (35.34%) | loss: 3.070305 | lrm: 1.00 | dt: 713.97ms | tok/sec: 91,790 | bf16_mfu: 0.00 | epoch: 1 pq: 1 rg: 36 | total time: 16.11m | eta: 29.7m
step 01349/03814 (35.37%) | loss: 3.068900 | lrm: 0.99 | dt: 714.97ms | tok/sec: 91,662 | bf16_mfu: 0.00 | epoch: 1 pq: 1 rg: 36 | total time: 16.12m | eta: 29.7m
step 01350/03814 (35.40%) | loss: 3.074865 | lrm: 0.99 | dt: 716.08ms | tok/sec: 91,521 | bf16_mfu: 0.00 | epoch: 1 pq: 1 rg: 36 | total time: 16.13m | eta: 29.7m
step 01351/03814 (35.42%) | loss: 3.063430 | lrm: 0.99 | dt: 711.19ms | tok/sec: 92,149 | bf16_mfu: 0.00 | epoch: 1 pq: 1 rg: 36 | total time: 16.14m | eta: 29.6m
step 01352/03814 (35.45%) | loss: 3.058546 | lrm: 0.99 | dt: 709.36ms | tok/sec: 92,387 | bf16_mfu: 0.00 | epoch: 1 pq: 1 rg: 36 | total time: 16.15m | eta: 29.6m
step 01353/03814 (35.47%) | loss: 3.050308 | lrm: 0.99 | dt: 709.36ms | tok/sec: 92,386 | bf16_mfu: 0.00 | epoch: 1 pq: 1 rg: 36 | total time: 16.17m | eta: 29.6m
step 01354/03814 (35.50%) | loss: 3.049544 | lrm: 0.99 | dt: 707.13ms | tok/sec: 92,679 | bf16_mfu: 0.00 | epoch: 1 pq: 1 rg: 36 | total time: 16.18m | eta: 29.6m
step 01355/03814 (35.53%) | loss: 3.045229 | lrm: 0.99 | dt: 717.47ms | tok/sec: 91,342 | bf16_mfu: 0.00 | epoch: 1 pq: 1 rg: 36 | total time: 16.19m | eta: 29.6m
step 01356/03814 (35.55%) | loss: 3.052532 | lrm: 0.99 | dt: 712.88ms | tok/sec: 91,931 | bf16_mfu: 0.00 | epoch: 1 pq: 1 rg: 36 | total time: 16.20m | eta: 29.6m
step 01357/03814 (35.58%) | loss: 3.086435 | lrm: 0.99 | dt: 750.52ms | tok/sec: 87,320 | bf16_mfu: 0.00 | epoch: 1 pq: 1 rg: 36 | total time: 16.21m | eta: 29.6m
step 01358/03814 (35.61%) | loss: 3.065211 | lrm: 0.99 | dt: 711.25ms | tok/sec: 92,141 | bf16_mfu: 0.00 | epoch: 1 pq: 1 rg: 36 | total time: 16.23m | eta: 29.6m
step 01359/03814 (35.63%) | loss: 3.082580 | lrm: 0.99 | dt: 714.97ms | tok/sec: 91,662 | bf16_mfu: 0.00 | epoch: 1 pq: 1 rg: 36 | total time: 16.24m | eta: 29.5m
step 01360/03814 (35.66%) | loss: 3.075442 | lrm: 0.99 | dt: 846.24ms | tok/sec: 77,443 | bf16_mfu: 0.00 | epoch: 1 pq: 1 rg: 37 | total time: 16.25m | eta: 29.5m
step 01361/03814 (35.68%) | loss: 3.071916 | lrm: 0.99 | dt: 711.60ms | tok/sec: 92,096 | bf16_mfu: 0.00 | epoch: 1 pq: 1 rg: 37 | total time: 16.26m | eta: 29.5m
step 01362/03814 (35.71%) | loss: 3.052296 | lrm: 0.99 | dt: 709.61ms | tok/sec: 92,355 | bf16_mfu: 0.00 | epoch: 1 pq: 1 rg: 37 | total time: 16.27m | eta: 29.5m
step 01363/03814 (35.74%) | loss: 3.053688 | lrm: 0.99 | dt: 707.38ms | tok/sec: 92,646 | bf16_mfu: 0.00 | epoch: 1 pq: 1 rg: 37 | total time: 16.29m | eta: 29.5m
step 01364/03814 (35.76%) | loss: 3.043665 | lrm: 0.99 | dt: 714.26ms | tok/sec: 91,754 | bf16_mfu: 0.00 | epoch: 1 pq: 1 rg: 37 | total time: 16.30m | eta: 29.5m
step 01365/03814 (35.79%) | loss: 3.040936 | lrm: 0.99 | dt: 711.92ms | tok/sec: 92,054 | bf16_mfu: 0.00 | epoch: 1 pq: 1 rg: 37 | total time: 16.31m | eta: 29.5m
step 01366/03814 (35.82%) | loss: 3.033918 | lrm: 0.99 | dt: 708.39ms | tok/sec: 92,513 | bf16_mfu: 0.00 | epoch: 1 pq: 1 rg: 37 | total time: 16.32m | eta: 29.5m
step 01367/03814 (35.84%) | loss: 3.040011 | lrm: 0.99 | dt: 710.33ms | tok/sec: 92,260 | bf16_mfu: 0.00 | epoch: 1 pq: 1 rg: 37 | total time: 16.33m | eta: 29.5m
step 01368/03814 (35.87%) | loss: 3.064726 | lrm: 0.99 | dt: 707.83ms | tok/sec: 92,586 | bf16_mfu: 0.00 | epoch: 1 pq: 1 rg: 37 | total time: 16.35m | eta: 29.4m
step 01369/03814 (35.89%) | loss: 3.066530 | lrm: 0.99 | dt: 715.46ms | tok/sec: 91,600 | bf16_mfu: 0.00 | epoch: 1 pq: 1 rg: 37 | total time: 16.36m | eta: 29.4m
step 01370/03814 (35.92%) | loss: 3.078007 | lrm: 0.99 | dt: 717.42ms | tok/sec: 91,349 | bf16_mfu: 0.00 | epoch: 1 pq: 1 rg: 37 | total time: 16.37m | eta: 29.4m
step 01371/03814 (35.95%) | loss: 3.061804 | lrm: 0.99 | dt: 740.05ms | tok/sec: 88,556 | bf16_mfu: 0.00 | epoch: 1 pq: 1 rg: 38 | total time: 16.38m | eta: 29.4m
step 01372/03814 (35.97%) | loss: 3.049781 | lrm: 0.99 | dt: 711.32ms | tok/sec: 92,132 | bf16_mfu: 0.00 | epoch: 1 pq: 1 rg: 38 | total time: 16.39m | eta: 29.4m
step 01373/03814 (36.00%) | loss: 3.073235 | lrm: 0.99 | dt: 710.89ms | tok/sec: 92,188 | bf16_mfu: 0.00 | epoch: 1 pq: 1 rg: 38 | total time: 16.41m | eta: 29.4m
step 01374/03814 (36.03%) | loss: 3.055876 | lrm: 0.99 | dt: 742.29ms | tok/sec: 88,288 | bf16_mfu: 0.00 | epoch: 1 pq: 1 rg: 38 | total time: 16.42m | eta: 29.4m
step 01375/03814 (36.05%) | loss: 3.058988 | lrm: 0.98 | dt: 712.84ms | tok/sec: 91,936 | bf16_mfu: 0.00 | epoch: 1 pq: 1 rg: 38 | total time: 16.43m | eta: 29.4m
step 01376/03814 (36.08%) | loss: 3.060490 | lrm: 0.98 | dt: 708.31ms | tok/sec: 92,524 | bf16_mfu: 0.00 | epoch: 1 pq: 1 rg: 38 | total time: 16.44m | eta: 29.3m
step 01377/03814 (36.10%) | loss: 3.044840 | lrm: 0.98 | dt: 715.34ms | tok/sec: 91,615 | bf16_mfu: 0.00 | epoch: 1 pq: 1 rg: 38 | total time: 16.45m | eta: 29.3m
step 01378/03814 (36.13%) | loss: 3.039638 | lrm: 0.98 | dt: 710.41ms | tok/sec: 92,250 | bf16_mfu: 0.00 | epoch: 1 pq: 1 rg: 38 | total time: 16.47m | eta: 29.3m
step 01379/03814 (36.16%) | loss: 3.051222 | lrm: 0.98 | dt: 712.35ms | tok/sec: 91,999 | bf16_mfu: 0.00 | epoch: 1 pq: 1 rg: 38 | total time: 16.48m | eta: 29.3m
step 01380/03814 (36.18%) | loss: 3.036846 | lrm: 0.98 | dt: 715.28ms | tok/sec: 91,622 | bf16_mfu: 0.00 | epoch: 1 pq: 1 rg: 38 | total time: 16.49m | eta: 29.3m
step 01381/03814 (36.21%) | loss: 3.030043 | lrm: 0.98 | dt: 709.47ms | tok/sec: 92,372 | bf16_mfu: 0.00 | epoch: 1 pq: 1 rg: 38 | total time: 16.50m | eta: 29.3m
step 01382/03814 (36.23%) | loss: 3.043306 | lrm: 0.98 | dt: 716.24ms | tok/sec: 91,500 | bf16_mfu: 0.00 | epoch: 1 pq: 1 rg: 38 | total time: 16.51m | eta: 29.3m
step 01383/03814 (36.26%) | loss: 3.040039 | lrm: 0.98 | dt: 708.63ms | tok/sec: 92,483 | bf16_mfu: 0.00 | epoch: 1 pq: 1 rg: 39 | total time: 16.52m | eta: 29.3m
step 01384/03814 (36.29%) | loss: 3.023052 | lrm: 0.98 | dt: 713.12ms | tok/sec: 91,900 | bf16_mfu: 0.00 | epoch: 1 pq: 1 rg: 39 | total time: 16.54m | eta: 29.2m
step 01385/03814 (36.31%) | loss: 3.029561 | lrm: 0.98 | dt: 712.24ms | tok/sec: 92,014 | bf16_mfu: 0.00 | epoch: 1 pq: 1 rg: 39 | total time: 16.55m | eta: 29.2m
step 01386/03814 (36.34%) | loss: 3.033776 | lrm: 0.98 | dt: 721.40ms | tok/sec: 90,845 | bf16_mfu: 0.00 | epoch: 1 pq: 1 rg: 39 | total time: 16.56m | eta: 29.2m
step 01387/03814 (36.37%) | loss: 3.020511 | lrm: 0.98 | dt: 712.88ms | tok/sec: 91,930 | bf16_mfu: 0.00 | epoch: 1 pq: 1 rg: 39 | total time: 16.57m | eta: 29.2m
step 01388/03814 (36.39%) | loss: 3.031619 | lrm: 0.98 | dt: 713.63ms | tok/sec: 91,835 | bf16_mfu: 0.00 | epoch: 1 pq: 1 rg: 39 | total time: 16.58m | eta: 29.2m
step 01389/03814 (36.42%) | loss: 3.054667 | lrm: 0.98 | dt: 710.36ms | tok/sec: 92,257 | bf16_mfu: 0.00 | epoch: 1 pq: 1 rg: 39 | total time: 16.60m | eta: 29.2m
step 01390/03814 (36.44%) | loss: 3.037282 | lrm: 0.98 | dt: 714.03ms | tok/sec: 91,782 | bf16_mfu: 0.00 | epoch: 1 pq: 1 rg: 39 | total time: 16.61m | eta: 29.2m
step 01391/03814 (36.47%) | loss: 3.040681 | lrm: 0.98 | dt: 713.23ms | tok/sec: 91,886 | bf16_mfu: 0.00 | epoch: 1 pq: 1 rg: 39 | total time: 16.62m | eta: 29.2m
step 01392/03814 (36.50%) | loss: 3.045778 | lrm: 0.98 | dt: 718.67ms | tok/sec: 91,190 | bf16_mfu: 0.00 | epoch: 1 pq: 1 rg: 39 | total time: 16.63m | eta: 29.1m
step 01393/03814 (36.52%) | loss: 3.067884 | lrm: 0.98 | dt: 729.44ms | tok/sec: 89,844 | bf16_mfu: 0.00 | epoch: 1 pq: 1 rg: 39 | total time: 16.64m | eta: 29.1m
step 01394/03814 (36.55%) | loss: 3.049414 | lrm: 0.98 | dt: 716.20ms | tok/sec: 91,505 | bf16_mfu: 0.00 | epoch: 1 pq: 1 rg: 39 | total time: 16.66m | eta: 29.1m
step 01395/03814 (36.58%) | loss: 3.055058 | lrm: 0.98 | dt: 712.47ms | tok/sec: 91,984 | bf16_mfu: 0.00 | epoch: 1 pq: 1 rg: 40 | total time: 16.67m | eta: 29.1m
step 01396/03814 (36.60%) | loss: 3.050027 | lrm: 0.98 | dt: 709.84ms | tok/sec: 92,324 | bf16_mfu: 0.00 | epoch: 1 pq: 1 rg: 40 | total time: 16.68m | eta: 29.1m
step 01397/03814 (36.63%) | loss: 3.043391 | lrm: 0.98 | dt: 717.05ms | tok/sec: 91,396 | bf16_mfu: 0.00 | epoch: 1 pq: 1 rg: 40 | total time: 16.69m | eta: 29.1m
step 01398/03814 (36.65%) | loss: 3.053402 | lrm: 0.98 | dt: 732.37ms | tok/sec: 89,484 | bf16_mfu: 0.00 | epoch: 1 pq: 1 rg: 40 | total time: 16.70m | eta: 29.1m
step 01399/03814 (36.68%) | loss: 3.045679 | lrm: 0.98 | dt: 716.28ms | tok/sec: 91,494 | bf16_mfu: 0.00 | epoch: 1 pq: 1 rg: 40 | total time: 16.72m | eta: 29.1m
step 01400/03814 (36.71%) | loss: 3.043836 | lrm: 0.98 | dt: 721.06ms | tok/sec: 90,888 | bf16_mfu: 0.00 | epoch: 1 pq: 1 rg: 40 | total time: 16.73m | eta: 29.1m
step 01401/03814 (36.73%) | loss: 3.044570 | lrm: 0.97 | dt: 709.96ms | tok/sec: 92,309 | bf16_mfu: 0.00 | epoch: 1 pq: 1 rg: 40 | total time: 16.74m | eta: 29.0m
step 01402/03814 (36.76%) | loss: 3.034970 | lrm: 0.97 | dt: 713.73ms | tok/sec: 91,821 | bf16_mfu: 0.00 | epoch: 1 pq: 1 rg: 40 | total time: 16.75m | eta: 29.0m
step 01403/03814 (36.79%) | loss: 3.023460 | lrm: 0.97 | dt: 715.68ms | tok/sec: 91,571 | bf16_mfu: 0.00 | epoch: 1 pq: 1 rg: 40 | total time: 16.76m | eta: 29.0m
step 01404/03814 (36.81%) | loss: 3.031670 | lrm: 0.97 | dt: 717.17ms | tok/sec: 91,380 | bf16_mfu: 0.00 | epoch: 1 pq: 1 rg: 40 | total time: 16.78m | eta: 29.0m
step 01405/03814 (36.84%) | loss: 3.015816 | lrm: 0.97 | dt: 808.89ms | tok/sec: 81,019 | bf16_mfu: 0.00 | epoch: 1 pq: 1 rg: 40 | total time: 16.79m | eta: 29.0m
step 01406/03814 (36.86%) | loss: 3.016331 | lrm: 0.97 | dt: 715.46ms | tok/sec: 91,600 | bf16_mfu: 0.00 | epoch: 1 pq: 1 rg: 40 | total time: 16.80m | eta: 29.0m
step 01407/03814 (36.89%) | loss: 3.028680 | lrm: 0.97 | dt: 941.67ms | tok/sec: 69,595 | bf16_mfu: 0.00 | epoch: 1 pq: 1 rg: 41 | total time: 16.82m | eta: 29.0m
step 01408/03814 (36.92%) | loss: 3.032384 | lrm: 0.97 | dt: 724.73ms | tok/sec: 90,428 | bf16_mfu: 0.00 | epoch: 1 pq: 1 rg: 41 | total time: 16.83m | eta: 29.0m
step 01409/03814 (36.94%) | loss: 3.040341 | lrm: 0.97 | dt: 716.46ms | tok/sec: 91,472 | bf16_mfu: 0.00 | epoch: 1 pq: 1 rg: 41 | total time: 16.84m | eta: 29.0m
step 01410/03814 (36.97%) | loss: 3.031500 | lrm: 0.97 | dt: 713.57ms | tok/sec: 91,841 | bf16_mfu: 0.00 | epoch: 1 pq: 1 rg: 41 | total time: 16.85m | eta: 28.9m
step 01411/03814 (37.00%) | loss: 3.034741 | lrm: 0.97 | dt: 729.34ms | tok/sec: 89,856 | bf16_mfu: 0.00 | epoch: 1 pq: 1 rg: 41 | total time: 16.86m | eta: 28.9m
step 01412/03814 (37.02%) | loss: 3.015294 | lrm: 0.97 | dt: 722.21ms | tok/sec: 90,743 | bf16_mfu: 0.00 | epoch: 1 pq: 1 rg: 41 | total time: 16.88m | eta: 28.9m
step 01413/03814 (37.05%) | loss: 3.019642 | lrm: 0.97 | dt: 718.38ms | tok/sec: 91,227 | bf16_mfu: 0.00 | epoch: 1 pq: 1 rg: 41 | total time: 16.89m | eta: 28.9m
step 01414/03814 (37.07%) | loss: 3.033182 | lrm: 0.97 | dt: 815.52ms | tok/sec: 80,361 | bf16_mfu: 0.00 | epoch: 1 pq: 1 rg: 41 | total time: 16.90m | eta: 28.9m
step 01415/03814 (37.10%) | loss: 3.008764 | lrm: 0.97 | dt: 717.59ms | tok/sec: 91,328 | bf16_mfu: 0.00 | epoch: 1 pq: 1 rg: 41 | total time: 16.91m | eta: 28.9m
step 01416/03814 (37.13%) | loss: 3.010318 | lrm: 0.97 | dt: 712.62ms | tok/sec: 91,964 | bf16_mfu: 0.00 | epoch: 1 pq: 1 rg: 41 | total time: 16.93m | eta: 28.9m
step 01417/03814 (37.15%) | loss: 3.010969 | lrm: 0.97 | dt: 718.48ms | tok/sec: 91,214 | bf16_mfu: 0.00 | epoch: 1 pq: 1 rg: 41 | total time: 16.94m | eta: 28.9m
step 01418/03814 (37.18%) | loss: 2.990534 | lrm: 0.97 | dt: 767.25ms | tok/sec: 85,417 | bf16_mfu: 0.00 | epoch: 1 pq: 1 rg: 42 | total time: 16.95m | eta: 28.8m
step 01419/03814 (37.21%) | loss: 3.000767 | lrm: 0.97 | dt: 718.00ms | tok/sec: 91,276 | bf16_mfu: 0.00 | epoch: 1 pq: 1 rg: 42 | total time: 16.96m | eta: 28.8m
step 01420/03814 (37.23%) | loss: 3.015157 | lrm: 0.97 | dt: 844.60ms | tok/sec: 77,594 | bf16_mfu: 0.00 | epoch: 1 pq: 1 rg: 42 | total time: 16.98m | eta: 28.8m
step 01421/03814 (37.26%) | loss: 3.023320 | lrm: 0.97 | dt: 715.30ms | tok/sec: 91,620 | bf16_mfu: 0.00 | epoch: 1 pq: 1 rg: 42 | total time: 16.99m | eta: 28.8m
step 01422/03814 (37.28%) | loss: 3.031717 | lrm: 0.97 | dt: 715.20ms | tok/sec: 91,632 | bf16_mfu: 0.00 | epoch: 1 pq: 1 rg: 42 | total time: 17.00m | eta: 28.8m
step 01423/03814 (37.31%) | loss: 3.037049 | lrm: 0.97 | dt: 717.87ms | tok/sec: 91,292 | bf16_mfu: 0.00 | epoch: 1 pq: 1 rg: 42 | total time: 17.01m | eta: 28.8m
step 01424/03814 (37.34%) | loss: 3.037429 | lrm: 0.97 | dt: 717.59ms | tok/sec: 91,327 | bf16_mfu: 0.00 | epoch: 1 pq: 1 rg: 42 | total time: 17.02m | eta: 28.8m
step 01425/03814 (37.36%) | loss: 3.041687 | lrm: 0.97 | dt: 715.27ms | tok/sec: 91,624 | bf16_mfu: 0.00 | epoch: 1 pq: 1 rg: 42 | total time: 17.04m | eta: 28.8m
step 01426/03814 (37.39%) | loss: 3.043333 | lrm: 0.97 | dt: 760.22ms | tok/sec: 86,207 | bf16_mfu: 0.00 | epoch: 1 pq: 1 rg: 42 | total time: 17.05m | eta: 28.8m
step 01427/03814 (37.41%) | loss: 3.035921 | lrm: 0.96 | dt: 714.95ms | tok/sec: 91,664 | bf16_mfu: 0.00 | epoch: 1 pq: 1 rg: 42 | total time: 17.06m | eta: 28.7m
step 01428/03814 (37.44%) | loss: 3.026268 | lrm: 0.96 | dt: 713.94ms | tok/sec: 91,794 | bf16_mfu: 0.00 | epoch: 1 pq: 1 rg: 42 | total time: 17.07m | eta: 28.7m
step 01429/03814 (37.47%) | loss: 3.031458 | lrm: 0.96 | dt: 723.88ms | tok/sec: 90,534 | bf16_mfu: 0.00 | epoch: 1 pq: 1 rg: 42 | total time: 17.09m | eta: 28.7m
step 01430/03814 (37.49%) | loss: 3.066892 | lrm: 0.96 | dt: 716.73ms | tok/sec: 91,437 | bf16_mfu: 0.00 | epoch: 1 pq: 1 rg: 43 | total time: 17.10m | eta: 28.7m
step 01431/03814 (37.52%) | loss: 3.056368 | lrm: 0.96 | dt: 718.70ms | tok/sec: 91,186 | bf16_mfu: 0.00 | epoch: 1 pq: 1 rg: 43 | total time: 17.11m | eta: 28.7m
step 01432/03814 (37.55%) | loss: 3.052294 | lrm: 0.96 | dt: 717.90ms | tok/sec: 91,288 | bf16_mfu: 0.00 | epoch: 1 pq: 1 rg: 43 | total time: 17.12m | eta: 28.7m
step 01433/03814 (37.57%) | loss: 3.052146 | lrm: 0.96 | dt: 714.30ms | tok/sec: 91,749 | bf16_mfu: 0.00 | epoch: 1 pq: 1 rg: 43 | total time: 17.13m | eta: 28.7m
step 01434/03814 (37.60%) | loss: 3.042014 | lrm: 0.96 | dt: 714.73ms | tok/sec: 91,693 | bf16_mfu: 0.00 | epoch: 1 pq: 1 rg: 43 | total time: 17.14m | eta: 28.7m
step 01435/03814 (37.62%) | loss: 3.039242 | lrm: 0.96 | dt: 715.59ms | tok/sec: 91,583 | bf16_mfu: 0.00 | epoch: 1 pq: 1 rg: 43 | total time: 17.16m | eta: 28.6m
step 01436/03814 (37.65%) | loss: 3.065322 | lrm: 0.96 | dt: 720.08ms | tok/sec: 91,012 | bf16_mfu: 0.00 | epoch: 1 pq: 1 rg: 43 | total time: 17.17m | eta: 28.6m
step 01437/03814 (37.68%) | loss: 3.046017 | lrm: 0.96 | dt: 718.96ms | tok/sec: 91,153 | bf16_mfu: 0.00 | epoch: 1 pq: 1 rg: 43 | total time: 17.18m | eta: 28.6m
step 01438/03814 (37.70%) | loss: 3.042844 | lrm: 0.96 | dt: 717.94ms | tok/sec: 91,283 | bf16_mfu: 0.00 | epoch: 1 pq: 1 rg: 43 | total time: 17.19m | eta: 28.6m
step 01439/03814 (37.73%) | loss: 3.043370 | lrm: 0.96 | dt: 716.57ms | tok/sec: 91,457 | bf16_mfu: 0.00 | epoch: 1 pq: 1 rg: 43 | total time: 17.20m | eta: 28.6m
step 01440/03814 (37.76%) | loss: 3.030215 | lrm: 0.96 | dt: 716.34ms | tok/sec: 91,486 | bf16_mfu: 0.00 | epoch: 1 pq: 1 rg: 43 | total time: 17.22m | eta: 28.6m
step 01441/03814 (37.78%) | loss: 3.020980 | lrm: 0.96 | dt: 718.53ms | tok/sec: 91,208 | bf16_mfu: 0.00 | epoch: 1 pq: 1 rg: 43 | total time: 17.23m | eta: 28.6m
step 01442/03814 (37.81%) | loss: 3.031092 | lrm: 0.96 | dt: 719.78ms | tok/sec: 91,049 | bf16_mfu: 0.00 | epoch: 1 pq: 1 rg: 44 | total time: 17.24m | eta: 28.6m
step 01443/03814 (37.83%) | loss: 3.032299 | lrm: 0.96 | dt: 722.19ms | tok/sec: 90,746 | bf16_mfu: 0.00 | epoch: 1 pq: 1 rg: 44 | total time: 17.25m | eta: 28.5m
step 01444/03814 (37.86%) | loss: 3.026207 | lrm: 0.96 | dt: 725.55ms | tok/sec: 90,325 | bf16_mfu: 0.00 | epoch: 1 pq: 1 rg: 44 | total time: 17.26m | eta: 28.5m
step 01445/03814 (37.89%) | loss: 3.038718 | lrm: 0.96 | dt: 715.20ms | tok/sec: 91,632 | bf16_mfu: 0.00 | epoch: 1 pq: 1 rg: 44 | total time: 17.28m | eta: 28.5m
step 01446/03814 (37.91%) | loss: 3.022297 | lrm: 0.96 | dt: 724.56ms | tok/sec: 90,449 | bf16_mfu: 0.00 | epoch: 1 pq: 1 rg: 44 | total time: 17.29m | eta: 28.5m
step 01447/03814 (37.94%) | loss: 3.005027 | lrm: 0.96 | dt: 717.50ms | tok/sec: 91,338 | bf16_mfu: 0.00 | epoch: 1 pq: 1 rg: 44 | total time: 17.30m | eta: 28.5m
step 01448/03814 (37.97%) | loss: 3.019283 | lrm: 0.96 | dt: 718.65ms | tok/sec: 91,192 | bf16_mfu: 0.00 | epoch: 1 pq: 1 rg: 44 | total time: 17.31m | eta: 28.5m
step 01449/03814 (37.99%) | loss: 3.013909 | lrm: 0.96 | dt: 770.24ms | tok/sec: 85,084 | bf16_mfu: 0.00 | epoch: 1 pq: 1 rg: 44 | total time: 17.33m | eta: 28.5m
step 01450/03814 (38.02%) | loss: 3.000298 | lrm: 0.96 | dt: 720.14ms | tok/sec: 91,004 | bf16_mfu: 0.00 | epoch: 1 pq: 1 rg: 44 | total time: 17.34m | eta: 28.5m
step 01451/03814 (38.04%) | loss: 3.040257 | lrm: 0.96 | dt: 721.84ms | tok/sec: 90,790 | bf16_mfu: 0.00 | epoch: 1 pq: 1 rg: 44 | total time: 17.35m | eta: 28.5m
step 01452/03814 (38.07%) | loss: 3.026017 | lrm: 0.96 | dt: 719.06ms | tok/sec: 91,141 | bf16_mfu: 0.00 | epoch: 1 pq: 1 rg: 44 | total time: 17.36m | eta: 28.4m
step 01453/03814 (38.10%) | loss: 3.019066 | lrm: 0.95 | dt: 715.61ms | tok/sec: 91,580 | bf16_mfu: 0.00 | epoch: 1 pq: 1 rg: 44 | total time: 17.37m | eta: 28.4m
step 01454/03814 (38.12%) | loss: 3.009153 | lrm: 0.95 | dt: 716.66ms | tok/sec: 91,447 | bf16_mfu: 0.00 | epoch: 1 pq: 1 rg: 45 | total time: 17.39m | eta: 28.4m
step 01455/03814 (38.15%) | loss: 3.008511 | lrm: 0.95 | dt: 735.13ms | tok/sec: 89,148 | bf16_mfu: 0.00 | epoch: 1 pq: 1 rg: 45 | total time: 17.40m | eta: 28.4m
step 01456/03814 (38.18%) | loss: 2.997973 | lrm: 0.95 | dt: 720.61ms | tok/sec: 90,945 | bf16_mfu: 0.00 | epoch: 1 pq: 1 rg: 45 | total time: 17.41m | eta: 28.4m
step 01457/03814 (38.20%) | loss: 3.017659 | lrm: 0.95 | dt: 712.32ms | tok/sec: 92,003 | bf16_mfu: 0.00 | epoch: 1 pq: 1 rg: 45 | total time: 17.42m | eta: 28.4m
step 01458/03814 (38.23%) | loss: 3.021696 | lrm: 0.95 | dt: 723.61ms | tok/sec: 90,568 | bf16_mfu: 0.00 | epoch: 1 pq: 1 rg: 45 | total time: 17.43m | eta: 28.4m
step 01459/03814 (38.25%) | loss: 3.012223 | lrm: 0.95 | dt: 722.35ms | tok/sec: 90,726 | bf16_mfu: 0.00 | epoch: 1 pq: 1 rg: 45 | total time: 17.45m | eta: 28.4m
step 01460/03814 (38.28%) | loss: 3.027573 | lrm: 0.95 | dt: 718.38ms | tok/sec: 91,227 | bf16_mfu: 0.00 | epoch: 1 pq: 1 rg: 45 | total time: 17.46m | eta: 28.3m
step 01461/03814 (38.31%) | loss: 3.019736 | lrm: 0.95 | dt: 721.62ms | tok/sec: 90,818 | bf16_mfu: 0.00 | epoch: 1 pq: 1 rg: 45 | total time: 17.47m | eta: 28.3m
step 01462/03814 (38.33%) | loss: 3.007707 | lrm: 0.95 | dt: 717.97ms | tok/sec: 91,279 | bf16_mfu: 0.00 | epoch: 1 pq: 1 rg: 45 | total time: 17.48m | eta: 28.3m
step 01463/03814 (38.36%) | loss: 3.002973 | lrm: 0.95 | dt: 724.87ms | tok/sec: 90,410 | bf16_mfu: 0.00 | epoch: 1 pq: 1 rg: 45 | total time: 17.49m | eta: 28.3m
step 01464/03814 (38.38%) | loss: 3.006185 | lrm: 0.95 | dt: 723.31ms | tok/sec: 90,605 | bf16_mfu: 0.00 | epoch: 1 pq: 1 rg: 45 | total time: 17.51m | eta: 28.3m
step 01465/03814 (38.41%) | loss: 2.990508 | lrm: 0.95 | dt: 730.95ms | tok/sec: 89,658 | bf16_mfu: 0.00 | epoch: 1 pq: 1 rg: 46 | total time: 17.52m | eta: 28.3m
step 01466/03814 (38.44%) | loss: 2.983855 | lrm: 0.95 | dt: 719.18ms | tok/sec: 91,125 | bf16_mfu: 0.00 | epoch: 1 pq: 1 rg: 46 | total time: 17.53m | eta: 28.3m
step 01467/03814 (38.46%) | loss: 3.007730 | lrm: 0.95 | dt: 718.16ms | tok/sec: 91,255 | bf16_mfu: 0.00 | epoch: 1 pq: 1 rg: 46 | total time: 17.54m | eta: 28.3m
step 01468/03814 (38.49%) | loss: 2.993752 | lrm: 0.95 | dt: 722.06ms | tok/sec: 90,762 | bf16_mfu: 0.00 | epoch: 1 pq: 1 rg: 46 | total time: 17.55m | eta: 28.2m
step 01469/03814 (38.52%) | loss: 2.996446 | lrm: 0.95 | dt: 717.56ms | tok/sec: 91,331 | bf16_mfu: 0.00 | epoch: 1 pq: 1 rg: 46 | total time: 17.57m | eta: 28.2m
step 01470/03814 (38.54%) | loss: 3.025186 | lrm: 0.95 | dt: 721.30ms | tok/sec: 90,858 | bf16_mfu: 0.00 | epoch: 1 pq: 1 rg: 46 | total time: 17.58m | eta: 28.2m
step 01471/03814 (38.57%) | loss: 2.997445 | lrm: 0.95 | dt: 723.85ms | tok/sec: 90,538 | bf16_mfu: 0.00 | epoch: 1 pq: 1 rg: 46 | total time: 17.59m | eta: 28.2m
step 01472/03814 (38.59%) | loss: 2.996340 | lrm: 0.95 | dt: 718.45ms | tok/sec: 91,219 | bf16_mfu: 0.00 | epoch: 1 pq: 1 rg: 46 | total time: 17.60m | eta: 28.2m
step 01473/03814 (38.62%) | loss: 3.021706 | lrm: 0.95 | dt: 722.92ms | tok/sec: 90,655 | bf16_mfu: 0.00 | epoch: 1 pq: 1 rg: 46 | total time: 17.61m | eta: 28.2m
step 01474/03814 (38.65%) | loss: 3.020978 | lrm: 0.95 | dt: 719.49ms | tok/sec: 91,086 | bf16_mfu: 0.00 | epoch: 1 pq: 1 rg: 46 | total time: 17.63m | eta: 28.2m
step 01475/03814 (38.67%) | loss: 3.022578 | lrm: 0.95 | dt: 720.49ms | tok/sec: 90,960 | bf16_mfu: 0.00 | epoch: 1 pq: 1 rg: 46 | total time: 17.64m | eta: 28.2m
step 01476/03814 (38.70%) | loss: 3.027781 | lrm: 0.95 | dt: 720.79ms | tok/sec: 90,922 | bf16_mfu: 0.00 | epoch: 1 pq: 1 rg: 46 | total time: 17.65m | eta: 28.1m
step 01477/03814 (38.73%) | loss: 3.035736 | lrm: 0.95 | dt: 807.28ms | tok/sec: 81,180 | bf16_mfu: 0.00 | epoch: 1 pq: 1 rg: 47 | total time: 17.66m | eta: 28.1m
step 01478/03814 (38.75%) | loss: 3.024088 | lrm: 0.95 | dt: 720.76ms | tok/sec: 90,926 | bf16_mfu: 0.00 | epoch: 1 pq: 1 rg: 47 | total time: 17.68m | eta: 28.1m
step 01479/03814 (38.78%) | loss: 3.018764 | lrm: 0.94 | dt: 725.16ms | tok/sec: 90,375 | bf16_mfu: 0.00 | epoch: 1 pq: 1 rg: 47 | total time: 17.69m | eta: 28.1m
step 01480/03814 (38.80%) | loss: 2.989071 | lrm: 0.94 | dt: 718.62ms | tok/sec: 91,196 | bf16_mfu: 0.00 | epoch: 1 pq: 1 rg: 47 | total time: 17.70m | eta: 28.1m
step 01481/03814 (38.83%) | loss: 2.991966 | lrm: 0.94 | dt: 718.67ms | tok/sec: 91,191 | bf16_mfu: 0.00 | epoch: 1 pq: 1 rg: 47 | total time: 17.71m | eta: 28.1m
step 01482/03814 (38.86%) | loss: 2.995958 | lrm: 0.94 | dt: 717.62ms | tok/sec: 91,323 | bf16_mfu: 0.00 | epoch: 1 pq: 1 rg: 47 | total time: 17.72m | eta: 28.1m
step 01483/03814 (38.88%) | loss: 2.977926 | lrm: 0.94 | dt: 720.76ms | tok/sec: 90,925 | bf16_mfu: 0.00 | epoch: 1 pq: 1 rg: 47 | total time: 17.74m | eta: 28.1m
step 01484/03814 (38.91%) | loss: 2.967061 | lrm: 0.94 | dt: 717.62ms | tok/sec: 91,324 | bf16_mfu: 0.00 | epoch: 1 pq: 1 rg: 47 | total time: 17.75m | eta: 28.1m
step 01485/03814 (38.94%) | loss: 2.981561 | lrm: 0.94 | dt: 717.07ms | tok/sec: 91,394 | bf16_mfu: 0.00 | epoch: 1 pq: 1 rg: 47 | total time: 17.76m | eta: 28.0m
step 01486/03814 (38.96%) | loss: 2.975999 | lrm: 0.94 | dt: 754.51ms | tok/sec: 86,858 | bf16_mfu: 0.00 | epoch: 1 pq: 1 rg: 47 | total time: 17.77m | eta: 28.0m
step 01487/03814 (38.99%) | loss: 2.986744 | lrm: 0.94 | dt: 722.26ms | tok/sec: 90,737 | bf16_mfu: 0.00 | epoch: 1 pq: 1 rg: 47 | total time: 17.78m | eta: 28.0m
step 01488/03814 (39.01%) | loss: 2.987099 | lrm: 0.94 | dt: 763.02ms | tok/sec: 85,890 | bf16_mfu: 0.00 | epoch: 1 pq: 1 rg: 47 | total time: 17.80m | eta: 28.0m
step 01489/03814 (39.04%) | loss: 2.970344 | lrm: 0.94 | dt: 752.46ms | tok/sec: 87,095 | bf16_mfu: 0.00 | epoch: 1 pq: 1 rg: 48 | total time: 17.81m | eta: 28.0m
step 01490/03814 (39.07%) | loss: 2.960689 | lrm: 0.94 | dt: 718.84ms | tok/sec: 91,169 | bf16_mfu: 0.00 | epoch: 1 pq: 1 rg: 48 | total time: 17.82m | eta: 28.0m
step 01491/03814 (39.09%) | loss: 2.966524 | lrm: 0.94 | dt: 715.79ms | tok/sec: 91,557 | bf16_mfu: 0.00 | epoch: 1 pq: 1 rg: 48 | total time: 17.83m | eta: 28.0m
step 01492/03814 (39.12%) | loss: 2.989182 | lrm: 0.94 | dt: 720.01ms | tok/sec: 91,021 | bf16_mfu: 0.00 | epoch: 1 pq: 1 rg: 48 | total time: 17.85m | eta: 28.0m
step 01493/03814 (39.15%) | loss: 2.966634 | lrm: 0.94 | dt: 725.47ms | tok/sec: 90,335 | bf16_mfu: 0.00 | epoch: 1 pq: 1 rg: 48 | total time: 17.86m | eta: 27.9m
step 01494/03814 (39.17%) | loss: 2.984209 | lrm: 0.94 | dt: 717.51ms | tok/sec: 91,338 | bf16_mfu: 0.00 | epoch: 1 pq: 1 rg: 48 | total time: 17.87m | eta: 27.9m
step 01495/03814 (39.20%) | loss: 2.976867 | lrm: 0.94 | dt: 735.33ms | tok/sec: 89,125 | bf16_mfu: 0.00 | epoch: 1 pq: 1 rg: 48 | total time: 17.88m | eta: 27.9m
step 01496/03814 (39.22%) | loss: 2.965721 | lrm: 0.94 | dt: 717.08ms | tok/sec: 91,392 | bf16_mfu: 0.00 | epoch: 1 pq: 1 rg: 48 | total time: 17.89m | eta: 27.9m
step 01497/03814 (39.25%) | loss: 2.974669 | lrm: 0.94 | dt: 717.28ms | tok/sec: 91,367 | bf16_mfu: 0.00 | epoch: 1 pq: 1 rg: 48 | total time: 17.91m | eta: 27.9m
step 01498/03814 (39.28%) | loss: 2.972064 | lrm: 0.94 | dt: 720.36ms | tok/sec: 90,976 | bf16_mfu: 0.00 | epoch: 1 pq: 1 rg: 48 | total time: 17.92m | eta: 27.9m
step 01499/03814 (39.30%) | loss: 2.974819 | lrm: 0.94 | dt: 721.51ms | tok/sec: 90,831 | bf16_mfu: 0.00 | epoch: 1 pq: 1 rg: 48 | total time: 17.93m | eta: 27.9m
Step 01500 | Validation bpb: 0.751601
step 01500/03814 (39.33%) | loss: 2.988175 | lrm: 0.94 | dt: 705.48ms | tok/sec: 92,895 | bf16_mfu: 0.00 | epoch: 1 pq: 1 rg: 48 | total time: 17.94m | eta: 27.9m
step 01501/03814 (39.36%) | loss: 2.995132 | lrm: 0.94 | dt: 724.63ms | tok/sec: 90,440 | bf16_mfu: 0.00 | epoch: 1 pq: 1 rg: 49 | total time: 17.95m | eta: 27.9m
step 01502/03814 (39.38%) | loss: 2.978001 | lrm: 0.94 | dt: 708.86ms | tok/sec: 92,453 | bf16_mfu: 0.00 | epoch: 1 pq: 1 rg: 49 | total time: 17.97m | eta: 27.8m
step 01503/03814 (39.41%) | loss: 2.994324 | lrm: 0.94 | dt: 708.19ms | tok/sec: 92,540 | bf16_mfu: 0.00 | epoch: 1 pq: 1 rg: 49 | total time: 17.98m | eta: 27.8m
step 01504/03814 (39.43%) | loss: 2.982785 | lrm: 0.94 | dt: 742.06ms | tok/sec: 88,315 | bf16_mfu: 0.00 | epoch: 1 pq: 1 rg: 49 | total time: 17.99m | eta: 27.8m
step 01505/03814 (39.46%) | loss: 2.990236 | lrm: 0.93 | dt: 707.49ms | tok/sec: 92,631 | bf16_mfu: 0.00 | epoch: 1 pq: 1 rg: 49 | total time: 18.00m | eta: 27.8m
step 01506/03814 (39.49%) | loss: 3.010908 | lrm: 0.93 | dt: 713.65ms | tok/sec: 91,832 | bf16_mfu: 0.00 | epoch: 1 pq: 1 rg: 49 | total time: 18.01m | eta: 27.8m
step 01507/03814 (39.51%) | loss: 3.016553 | lrm: 0.93 | dt: 713.92ms | tok/sec: 91,797 | bf16_mfu: 0.00 | epoch: 1 pq: 1 rg: 49 | total time: 18.02m | eta: 27.8m
step 01508/03814 (39.54%) | loss: 3.013607 | lrm: 0.93 | dt: 712.81ms | tok/sec: 91,939 | bf16_mfu: 0.00 | epoch: 1 pq: 1 rg: 49 | total time: 18.04m | eta: 27.8m
step 01509/03814 (39.56%) | loss: 3.017316 | lrm: 0.93 | dt: 712.86ms | tok/sec: 91,933 | bf16_mfu: 0.00 | epoch: 1 pq: 1 rg: 49 | total time: 18.05m | eta: 27.8m
step 01510/03814 (39.59%) | loss: 3.009772 | lrm: 0.93 | dt: 727.28ms | tok/sec: 90,111 | bf16_mfu: 0.00 | epoch: 1 pq: 1 rg: 49 | total time: 18.06m | eta: 27.7m
step 01511/03814 (39.62%) | loss: 3.002042 | lrm: 0.93 | dt: 714.35ms | tok/sec: 91,742 | bf16_mfu: 0.00 | epoch: 1 pq: 1 rg: 49 | total time: 18.07m | eta: 27.7m
step 01512/03814 (39.64%) | loss: 3.000339 | lrm: 0.93 | dt: 715.26ms | tok/sec: 91,625 | bf16_mfu: 0.00 | epoch: 1 pq: 1 rg: 49 | total time: 18.08m | eta: 27.7m
step 01513/03814 (39.67%) | loss: 2.990054 | lrm: 0.93 | dt: 715.47ms | tok/sec: 91,598 | bf16_mfu: 0.00 | epoch: 1 pq: 1 rg: 50 | total time: 18.10m | eta: 27.7m
step 01514/03814 (39.70%) | loss: 2.973032 | lrm: 0.93 | dt: 718.74ms | tok/sec: 91,181 | bf16_mfu: 0.00 | epoch: 1 pq: 1 rg: 50 | total time: 18.11m | eta: 27.7m
step 01515/03814 (39.72%) | loss: 2.979898 | lrm: 0.93 | dt: 719.51ms | tok/sec: 91,083 | bf16_mfu: 0.00 | epoch: 1 pq: 1 rg: 50 | total time: 18.12m | eta: 27.7m
step 01516/03814 (39.75%) | loss: 2.986123 | lrm: 0.93 | dt: 718.17ms | tok/sec: 91,254 | bf16_mfu: 0.00 | epoch: 1 pq: 1 rg: 50 | total time: 18.13m | eta: 27.7m
step 01517/03814 (39.77%) | loss: 3.009641 | lrm: 0.93 | dt: 720.74ms | tok/sec: 90,929 | bf16_mfu: 0.00 | epoch: 1 pq: 1 rg: 50 | total time: 18.14m | eta: 27.7m
step 01518/03814 (39.80%) | loss: 3.017280 | lrm: 0.93 | dt: 723.55ms | tok/sec: 90,575 | bf16_mfu: 0.00 | epoch: 1 pq: 1 rg: 50 | total time: 18.16m | eta: 27.6m
step 01519/03814 (39.83%) | loss: 3.006412 | lrm: 0.93 | dt: 722.26ms | tok/sec: 90,737 | bf16_mfu: 0.00 | epoch: 1 pq: 1 rg: 50 | total time: 18.17m | eta: 27.6m
step 01520/03814 (39.85%) | loss: 2.993536 | lrm: 0.93 | dt: 720.70ms | tok/sec: 90,934 | bf16_mfu: 0.00 | epoch: 1 pq: 1 rg: 50 | total time: 18.18m | eta: 27.6m
step 01521/03814 (39.88%) | loss: 2.992149 | lrm: 0.93 | dt: 725.98ms | tok/sec: 90,272 | bf16_mfu: 0.00 | epoch: 1 pq: 1 rg: 50 | total time: 18.19m | eta: 27.6m
step 01522/03814 (39.91%) | loss: 2.995616 | lrm: 0.93 | dt: 715.43ms | tok/sec: 91,604 | bf16_mfu: 0.00 | epoch: 1 pq: 1 rg: 50 | total time: 18.20m | eta: 27.6m
step 01523/03814 (39.93%) | loss: 2.987288 | lrm: 0.93 | dt: 724.99ms | tok/sec: 90,396 | bf16_mfu: 0.00 | epoch: 1 pq: 1 rg: 50 | total time: 18.22m | eta: 27.6m
step 01524/03814 (39.96%) | loss: 2.984546 | lrm: 0.93 | dt: 721.96ms | tok/sec: 90,774 | bf16_mfu: 0.00 | epoch: 1 pq: 1 rg: 50 | total time: 18.23m | eta: 27.6m
step 01525/03814 (39.98%) | loss: 3.003569 | lrm: 0.93 | dt: 722.71ms | tok/sec: 90,680 | bf16_mfu: 0.00 | epoch: 1 pq: 1 rg: 51 | total time: 18.24m | eta: 27.6m
step 01526/03814 (40.01%) | loss: 2.987592 | lrm: 0.93 | dt: 759.62ms | tok/sec: 86,274 | bf16_mfu: 0.00 | epoch: 1 pq: 1 rg: 51 | total time: 18.25m | eta: 27.5m
step 01527/03814 (40.04%) | loss: 2.984651 | lrm: 0.93 | dt: 732.17ms | tok/sec: 89,508 | bf16_mfu: 0.00 | epoch: 1 pq: 1 rg: 51 | total time: 18.27m | eta: 27.5m
step 01528/03814 (40.06%) | loss: 2.993441 | lrm: 0.93 | dt: 726.84ms | tok/sec: 90,165 | bf16_mfu: 0.00 | epoch: 1 pq: 1 rg: 51 | total time: 18.28m | eta: 27.5m
step 01529/03814 (40.09%) | loss: 3.012028 | lrm: 0.93 | dt: 733.60ms | tok/sec: 89,334 | bf16_mfu: 0.00 | epoch: 1 pq: 1 rg: 51 | total time: 18.29m | eta: 27.5m
step 01530/03814 (40.12%) | loss: 3.000484 | lrm: 0.93 | dt: 729.40ms | tok/sec: 89,848 | bf16_mfu: 0.00 | epoch: 1 pq: 1 rg: 51 | total time: 18.30m | eta: 27.5m
step 01531/03814 (40.14%) | loss: 3.007370 | lrm: 0.92 | dt: 724.82ms | tok/sec: 90,416 | bf16_mfu: 0.00 | epoch: 1 pq: 1 rg: 51 | total time: 18.31m | eta: 27.5m
step 01532/03814 (40.17%) | loss: 3.026920 | lrm: 0.92 | dt: 789.17ms | tok/sec: 83,044 | bf16_mfu: 0.00 | epoch: 1 pq: 1 rg: 51 | total time: 18.33m | eta: 27.5m
step 01533/03814 (40.19%) | loss: 3.008117 | lrm: 0.92 | dt: 726.12ms | tok/sec: 90,255 | bf16_mfu: 0.00 | epoch: 1 pq: 1 rg: 51 | total time: 18.34m | eta: 27.5m
step 01534/03814 (40.22%) | loss: 3.023981 | lrm: 0.92 | dt: 721.58ms | tok/sec: 90,822 | bf16_mfu: 0.00 | epoch: 1 pq: 1 rg: 51 | total time: 18.35m | eta: 27.5m
step 01535/03814 (40.25%) | loss: 3.033082 | lrm: 0.92 | dt: 726.43ms | tok/sec: 90,216 | bf16_mfu: 0.00 | epoch: 1 pq: 1 rg: 51 | total time: 18.36m | eta: 27.4m
step 01536/03814 (40.27%) | loss: 3.016374 | lrm: 0.92 | dt: 735.70ms | tok/sec: 89,080 | bf16_mfu: 0.00 | epoch: 1 pq: 1 rg: 52 | total time: 18.38m | eta: 27.4m
step 01537/03814 (40.30%) | loss: 3.008348 | lrm: 0.92 | dt: 719.67ms | tok/sec: 91,063 | bf16_mfu: 0.00 | epoch: 1 pq: 1 rg: 52 | total time: 18.39m | eta: 27.4m
step 01538/03814 (40.33%) | loss: 3.012187 | lrm: 0.92 | dt: 727.37ms | tok/sec: 90,100 | bf16_mfu: 0.00 | epoch: 1 pq: 1 rg: 52 | total time: 18.40m | eta: 27.4m
step 01539/03814 (40.35%) | loss: 2.993036 | lrm: 0.92 | dt: 766.11ms | tok/sec: 85,544 | bf16_mfu: 0.00 | epoch: 1 pq: 1 rg: 52 | total time: 18.41m | eta: 27.4m
step 01540/03814 (40.38%) | loss: 2.999495 | lrm: 0.92 | dt: 730.27ms | tok/sec: 89,742 | bf16_mfu: 0.00 | epoch: 1 pq: 1 rg: 52 | total time: 18.42m | eta: 27.4m
step 01541/03814 (40.40%) | loss: 3.008958 | lrm: 0.92 | dt: 729.19ms | tok/sec: 89,874 | bf16_mfu: 0.00 | epoch: 1 pq: 1 rg: 52 | total time: 18.44m | eta: 27.4m
step 01542/03814 (40.43%) | loss: 2.990843 | lrm: 0.92 | dt: 722.21ms | tok/sec: 90,744 | bf16_mfu: 0.00 | epoch: 1 pq: 1 rg: 52 | total time: 18.45m | eta: 27.4m
step 01543/03814 (40.46%) | loss: 2.977971 | lrm: 0.92 | dt: 725.06ms | tok/sec: 90,386 | bf16_mfu: 0.00 | epoch: 1 pq: 1 rg: 52 | total time: 18.46m | eta: 27.3m
step 01544/03814 (40.48%) | loss: 2.985811 | lrm: 0.92 | dt: 726.95ms | tok/sec: 90,151 | bf16_mfu: 0.00 | epoch: 1 pq: 1 rg: 52 | total time: 18.47m | eta: 27.3m
step 01545/03814 (40.51%) | loss: 2.984341 | lrm: 0.92 | dt: 721.30ms | tok/sec: 90,857 | bf16_mfu: 0.00 | epoch: 1 pq: 1 rg: 52 | total time: 18.49m | eta: 27.3m
step 01546/03814 (40.53%) | loss: 2.967791 | lrm: 0.92 | dt: 716.39ms | tok/sec: 91,481 | bf16_mfu: 0.00 | epoch: 1 pq: 1 rg: 52 | total time: 18.50m | eta: 27.3m
step 01547/03814 (40.56%) | loss: 2.959862 | lrm: 0.92 | dt: 719.89ms | tok/sec: 91,035 | bf16_mfu: 0.00 | epoch: 1 pq: 1 rg: 52 | total time: 18.51m | eta: 27.3m
step 01548/03814 (40.59%) | loss: 2.959723 | lrm: 0.92 | dt: 763.67ms | tok/sec: 85,817 | bf16_mfu: 0.00 | epoch: 1 pq: 1 rg: 53 | total time: 18.52m | eta: 27.3m
step 01549/03814 (40.61%) | loss: 2.948749 | lrm: 0.92 | dt: 717.95ms | tok/sec: 91,281 | bf16_mfu: 0.00 | epoch: 1 pq: 1 rg: 53 | total time: 18.53m | eta: 27.3m
step 01550/03814 (40.64%) | loss: 2.962638 | lrm: 0.92 | dt: 723.07ms | tok/sec: 90,635 | bf16_mfu: 0.00 | epoch: 1 pq: 1 rg: 53 | total time: 18.55m | eta: 27.3m
step 01551/03814 (40.67%) | loss: 2.944854 | lrm: 0.92 | dt: 714.41ms | tok/sec: 91,735 | bf16_mfu: 0.00 | epoch: 1 pq: 1 rg: 53 | total time: 18.56m | eta: 27.3m
step 01552/03814 (40.69%) | loss: 2.943160 | lrm: 0.92 | dt: 719.56ms | tok/sec: 91,078 | bf16_mfu: 0.00 | epoch: 1 pq: 1 rg: 53 | total time: 18.57m | eta: 27.2m
step 01553/03814 (40.72%) | loss: 2.962077 | lrm: 0.92 | dt: 717.22ms | tok/sec: 91,374 | bf16_mfu: 0.00 | epoch: 1 pq: 1 rg: 53 | total time: 18.58m | eta: 27.2m
step 01554/03814 (40.74%) | loss: 2.981121 | lrm: 0.92 | dt: 721.76ms | tok/sec: 90,800 | bf16_mfu: 0.00 | epoch: 1 pq: 1 rg: 53 | total time: 18.59m | eta: 27.2m
step 01555/03814 (40.77%) | loss: 2.983252 | lrm: 0.92 | dt: 715.60ms | tok/sec: 91,582 | bf16_mfu: 0.00 | epoch: 1 pq: 1 rg: 53 | total time: 18.61m | eta: 27.2m
step 01556/03814 (40.80%) | loss: 3.002257 | lrm: 0.92 | dt: 719.90ms | tok/sec: 91,034 | bf16_mfu: 0.00 | epoch: 1 pq: 1 rg: 53 | total time: 18.62m | eta: 27.2m
step 01557/03814 (40.82%) | loss: 2.992116 | lrm: 0.91 | dt: 715.29ms | tok/sec: 91,622 | bf16_mfu: 0.00 | epoch: 1 pq: 1 rg: 53 | total time: 18.63m | eta: 27.2m
step 01558/03814 (40.85%) | loss: 2.979314 | lrm: 0.91 | dt: 718.07ms | tok/sec: 91,267 | bf16_mfu: 0.00 | epoch: 1 pq: 1 rg: 53 | total time: 18.64m | eta: 27.2m
step 01559/03814 (40.88%) | loss: 2.985473 | lrm: 0.91 | dt: 716.61ms | tok/sec: 91,452 | bf16_mfu: 0.00 | epoch: 1 pq: 1 rg: 53 | total time: 18.65m | eta: 27.2m
step 01560/03814 (40.90%) | loss: 2.991684 | lrm: 0.91 | dt: 852.58ms | tok/sec: 76,867 | bf16_mfu: 0.00 | epoch: 1 pq: 1 rg: 54 | total time: 18.67m | eta: 27.1m
step 01561/03814 (40.93%) | loss: 2.975448 | lrm: 0.91 | dt: 722.52ms | tok/sec: 90,704 | bf16_mfu: 0.00 | epoch: 1 pq: 1 rg: 54 | total time: 18.68m | eta: 27.1m
step 01562/03814 (40.95%) | loss: 2.983260 | lrm: 0.91 | dt: 715.14ms | tok/sec: 91,641 | bf16_mfu: 0.00 | epoch: 1 pq: 1 rg: 54 | total time: 18.69m | eta: 27.1m
step 01563/03814 (40.98%) | loss: 3.002677 | lrm: 0.91 | dt: 714.18ms | tok/sec: 91,763 | bf16_mfu: 0.00 | epoch: 1 pq: 1 rg: 54 | total time: 18.70m | eta: 27.1m
step 01564/03814 (41.01%) | loss: 2.982504 | lrm: 0.91 | dt: 1087.79ms | tok/sec: 60,247 | bf16_mfu: 0.00 | epoch: 1 pq: 1 rg: 54 | total time: 18.72m | eta: 27.1m
step 01565/03814 (41.03%) | loss: 2.973632 | lrm: 0.91 | dt: 710.92ms | tok/sec: 92,185 | bf16_mfu: 0.00 | epoch: 1 pq: 1 rg: 54 | total time: 18.73m | eta: 27.1m
step 01566/03814 (41.06%) | loss: 3.001722 | lrm: 0.91 | dt: 709.55ms | tok/sec: 92,362 | bf16_mfu: 0.00 | epoch: 1 pq: 1 rg: 54 | total time: 18.75m | eta: 27.1m
step 01567/03814 (41.09%) | loss: 2.978144 | lrm: 0.91 | dt: 717.37ms | tok/sec: 91,356 | bf16_mfu: 0.00 | epoch: 1 pq: 1 rg: 54 | total time: 18.76m | eta: 27.1m
step 01568/03814 (41.11%) | loss: 2.979006 | lrm: 0.91 | dt: 711.95ms | tok/sec: 92,051 | bf16_mfu: 0.00 | epoch: 1 pq: 1 rg: 54 | total time: 18.77m | eta: 27.1m
step 01569/03814 (41.14%) | loss: 2.977329 | lrm: 0.91 | dt: 724.13ms | tok/sec: 90,503 | bf16_mfu: 0.00 | epoch: 1 pq: 1 rg: 54 | total time: 18.78m | eta: 27.0m
step 01570/03814 (41.16%) | loss: 2.973312 | lrm: 0.91 | dt: 712.20ms | tok/sec: 92,019 | bf16_mfu: 0.00 | epoch: 1 pq: 1 rg: 54 | total time: 18.79m | eta: 27.0m
step 01571/03814 (41.19%) | loss: 2.976861 | lrm: 0.91 | dt: 711.31ms | tok/sec: 92,134 | bf16_mfu: 0.00 | epoch: 1 pq: 1 rg: 54 | total time: 18.81m | eta: 27.0m
step 01572/03814 (41.22%) | loss: 2.965756 | lrm: 0.91 | dt: 712.67ms | tok/sec: 91,958 | bf16_mfu: 0.00 | epoch: 1 pq: 1 rg: 55 | total time: 18.82m | eta: 27.0m
step 01573/03814 (41.24%) | loss: 2.953150 | lrm: 0.91 | dt: 709.01ms | tok/sec: 92,432 | bf16_mfu: 0.00 | epoch: 1 pq: 1 rg: 55 | total time: 18.83m | eta: 27.0m
step 01574/03814 (41.27%) | loss: 2.951665 | lrm: 0.91 | dt: 709.52ms | tok/sec: 92,367 | bf16_mfu: 0.00 | epoch: 1 pq: 1 rg: 55 | total time: 18.84m | eta: 27.0m
step 01575/03814 (41.30%) | loss: 2.974506 | lrm: 0.91 | dt: 731.66ms | tok/sec: 89,572 | bf16_mfu: 0.00 | epoch: 1 pq: 1 rg: 55 | total time: 18.85m | eta: 27.0m
step 01576/03814 (41.32%) | loss: 2.982097 | lrm: 0.91 | dt: 713.58ms | tok/sec: 91,840 | bf16_mfu: 0.00 | epoch: 1 pq: 1 rg: 55 | total time: 18.86m | eta: 27.0m
step 01577/03814 (41.35%) | loss: 2.959804 | lrm: 0.91 | dt: 711.07ms | tok/sec: 92,165 | bf16_mfu: 0.00 | epoch: 1 pq: 1 rg: 55 | total time: 18.88m | eta: 26.9m
step 01578/03814 (41.37%) | loss: 2.974235 | lrm: 0.91 | dt: 707.80ms | tok/sec: 92,591 | bf16_mfu: 0.00 | epoch: 1 pq: 1 rg: 55 | total time: 18.89m | eta: 26.9m
step 01579/03814 (41.40%) | loss: 2.955809 | lrm: 0.91 | dt: 784.49ms | tok/sec: 83,539 | bf16_mfu: 0.00 | epoch: 1 pq: 1 rg: 55 | total time: 18.90m | eta: 26.9m
step 01580/03814 (41.43%) | loss: 2.977244 | lrm: 0.91 | dt: 719.05ms | tok/sec: 91,142 | bf16_mfu: 0.00 | epoch: 1 pq: 1 rg: 55 | total time: 18.91m | eta: 26.9m
step 01581/03814 (41.45%) | loss: 2.983754 | lrm: 0.91 | dt: 711.10ms | tok/sec: 92,161 | bf16_mfu: 0.00 | epoch: 1 pq: 1 rg: 55 | total time: 18.93m | eta: 26.9m
step 01582/03814 (41.48%) | loss: 2.961116 | lrm: 0.91 | dt: 706.71ms | tok/sec: 92,733 | bf16_mfu: 0.00 | epoch: 1 pq: 1 rg: 55 | total time: 18.94m | eta: 26.9m
step 01583/03814 (41.50%) | loss: 2.962264 | lrm: 0.90 | dt: 711.67ms | tok/sec: 92,088 | bf16_mfu: 0.00 | epoch: 1 pq: 1 rg: 55 | total time: 18.95m | eta: 26.9m
step 01584/03814 (41.53%) | loss: 2.979217 | lrm: 0.90 | dt: 714.78ms | tok/sec: 91,687 | bf16_mfu: 0.00 | epoch: 1 pq: 1 rg: 56 | total time: 18.96m | eta: 26.9m
step 01585/03814 (41.56%) | loss: 2.965022 | lrm: 0.90 | dt: 707.54ms | tok/sec: 92,625 | bf16_mfu: 0.00 | epoch: 1 pq: 1 rg: 56 | total time: 18.97m | eta: 26.9m
step 01586/03814 (41.58%) | loss: 2.964472 | lrm: 0.90 | dt: 707.68ms | tok/sec: 92,607 | bf16_mfu: 0.00 | epoch: 1 pq: 1 rg: 56 | total time: 18.98m | eta: 26.8m
step 01587/03814 (41.61%) | loss: 2.976308 | lrm: 0.90 | dt: 845.56ms | tok/sec: 77,505 | bf16_mfu: 0.00 | epoch: 1 pq: 1 rg: 56 | total time: 19.00m | eta: 26.8m
step 01588/03814 (41.64%) | loss: 2.970708 | lrm: 0.90 | dt: 713.72ms | tok/sec: 91,822 | bf16_mfu: 0.00 | epoch: 1 pq: 1 rg: 56 | total time: 19.01m | eta: 26.8m
step 01589/03814 (41.66%) | loss: 2.982570 | lrm: 0.90 | dt: 713.20ms | tok/sec: 91,890 | bf16_mfu: 0.00 | epoch: 1 pq: 1 rg: 56 | total time: 19.02m | eta: 26.8m
step 01590/03814 (41.69%) | loss: 2.982074 | lrm: 0.90 | dt: 768.22ms | tok/sec: 85,308 | bf16_mfu: 0.00 | epoch: 1 pq: 1 rg: 56 | total time: 19.04m | eta: 26.8m
step 01591/03814 (41.71%) | loss: 2.979504 | lrm: 0.90 | dt: 717.29ms | tok/sec: 91,366 | bf16_mfu: 0.00 | epoch: 1 pq: 1 rg: 56 | total time: 19.05m | eta: 26.8m
step 01592/03814 (41.74%) | loss: 2.964001 | lrm: 0.90 | dt: 707.20ms | tok/sec: 92,669 | bf16_mfu: 0.00 | epoch: 1 pq: 1 rg: 56 | total time: 19.06m | eta: 26.8m
step 01593/03814 (41.77%) | loss: 2.967546 | lrm: 0.90 | dt: 722.41ms | tok/sec: 90,718 | bf16_mfu: 0.00 | epoch: 1 pq: 1 rg: 56 | total time: 19.07m | eta: 26.8m
step 01594/03814 (41.79%) | loss: 2.963311 | lrm: 0.90 | dt: 711.91ms | tok/sec: 92,057 | bf16_mfu: 0.00 | epoch: 1 pq: 1 rg: 56 | total time: 19.08m | eta: 26.7m
step 01595/03814 (41.82%) | loss: 2.977847 | lrm: 0.90 | dt: 710.35ms | tok/sec: 92,259 | bf16_mfu: 0.00 | epoch: 1 pq: 1 rg: 56 | total time: 19.09m | eta: 26.7m
step 01596/03814 (41.85%) | loss: 2.967117 | lrm: 0.90 | dt: 750.64ms | tok/sec: 87,307 | bf16_mfu: 0.00 | epoch: 1 pq: 1 rg: 57 | total time: 19.11m | eta: 26.7m
step 01597/03814 (41.87%) | loss: 2.950166 | lrm: 0.90 | dt: 713.12ms | tok/sec: 91,900 | bf16_mfu: 0.00 | epoch: 1 pq: 1 rg: 57 | total time: 19.12m | eta: 26.7m
step 01598/03814 (41.90%) | loss: 2.956685 | lrm: 0.90 | dt: 716.97ms | tok/sec: 91,406 | bf16_mfu: 0.00 | epoch: 1 pq: 1 rg: 57 | total time: 19.13m | eta: 26.7m
step 01599/03814 (41.92%) | loss: 2.950141 | lrm: 0.90 | dt: 714.60ms | tok/sec: 91,709 | bf16_mfu: 0.00 | epoch: 1 pq: 1 rg: 57 | total time: 19.14m | eta: 26.7m
step 01600/03814 (41.95%) | loss: 2.929342 | lrm: 0.90 | dt: 714.76ms | tok/sec: 91,690 | bf16_mfu: 0.00 | epoch: 1 pq: 1 rg: 57 | total time: 19.15m | eta: 26.7m
step 01601/03814 (41.98%) | loss: 2.928426 | lrm: 0.90 | dt: 715.20ms | tok/sec: 91,632 | bf16_mfu: 0.00 | epoch: 1 pq: 1 rg: 57 | total time: 19.17m | eta: 26.7m
step 01602/03814 (42.00%) | loss: 2.922967 | lrm: 0.90 | dt: 711.12ms | tok/sec: 92,159 | bf16_mfu: 0.00 | epoch: 1 pq: 1 rg: 57 | total time: 19.18m | eta: 26.6m
step 01603/03814 (42.03%) | loss: 2.912361 | lrm: 0.90 | dt: 711.50ms | tok/sec: 92,109 | bf16_mfu: 0.00 | epoch: 1 pq: 1 rg: 57 | total time: 19.19m | eta: 26.6m
step 01604/03814 (42.06%) | loss: 2.911726 | lrm: 0.90 | dt: 713.37ms | tok/sec: 91,867 | bf16_mfu: 0.00 | epoch: 1 pq: 1 rg: 57 | total time: 19.20m | eta: 26.6m
step 01605/03814 (42.08%) | loss: 2.919692 | lrm: 0.90 | dt: 730.99ms | tok/sec: 89,653 | bf16_mfu: 0.00 | epoch: 1 pq: 1 rg: 57 | total time: 19.21m | eta: 26.6m
step 01606/03814 (42.11%) | loss: 2.922338 | lrm: 0.90 | dt: 711.15ms | tok/sec: 92,154 | bf16_mfu: 0.00 | epoch: 1 pq: 1 rg: 57 | total time: 19.23m | eta: 26.6m
step 01607/03814 (42.13%) | loss: 2.917500 | lrm: 0.90 | dt: 714.44ms | tok/sec: 91,731 | bf16_mfu: 0.00 | epoch: 1 pq: 1 rg: 57 | total time: 19.24m | eta: 26.6m
step 01608/03814 (42.16%) | loss: 2.938529 | lrm: 0.90 | dt: 726.90ms | tok/sec: 90,158 | bf16_mfu: 0.00 | epoch: 1 pq: 1 rg: 58 | total time: 19.25m | eta: 26.6m
step 01609/03814 (42.19%) | loss: 2.941949 | lrm: 0.89 | dt: 764.98ms | tok/sec: 85,670 | bf16_mfu: 0.00 | epoch: 1 pq: 1 rg: 58 | total time: 19.26m | eta: 26.6m
step 01610/03814 (42.21%) | loss: 2.943706 | lrm: 0.89 | dt: 714.05ms | tok/sec: 91,780 | bf16_mfu: 0.00 | epoch: 1 pq: 1 rg: 58 | total time: 19.27m | eta: 26.6m
step 01611/03814 (42.24%) | loss: 2.981988 | lrm: 0.89 | dt: 715.75ms | tok/sec: 91,562 | bf16_mfu: 0.00 | epoch: 1 pq: 1 rg: 58 | total time: 19.29m | eta: 26.5m
step 01612/03814 (42.27%) | loss: 2.977713 | lrm: 0.89 | dt: 758.18ms | tok/sec: 86,438 | bf16_mfu: 0.00 | epoch: 1 pq: 1 rg: 58 | total time: 19.30m | eta: 26.5m
step 01613/03814 (42.29%) | loss: 2.973436 | lrm: 0.89 | dt: 714.18ms | tok/sec: 91,763 | bf16_mfu: 0.00 | epoch: 1 pq: 1 rg: 58 | total time: 19.31m | eta: 26.5m
step 01614/03814 (42.32%) | loss: 2.972394 | lrm: 0.89 | dt: 715.79ms | tok/sec: 91,557 | bf16_mfu: 0.00 | epoch: 1 pq: 1 rg: 58 | total time: 19.32m | eta: 26.5m
step 01615/03814 (42.34%) | loss: 2.971079 | lrm: 0.89 | dt: 786.72ms | tok/sec: 83,303 | bf16_mfu: 0.00 | epoch: 1 pq: 1 rg: 58 | total time: 19.34m | eta: 26.5m
step 01616/03814 (42.37%) | loss: 2.971745 | lrm: 0.89 | dt: 720.38ms | tok/sec: 90,973 | bf16_mfu: 0.00 | epoch: 1 pq: 1 rg: 58 | total time: 19.35m | eta: 26.5m
step 01617/03814 (42.40%) | loss: 2.976345 | lrm: 0.89 | dt: 720.27ms | tok/sec: 90,988 | bf16_mfu: 0.00 | epoch: 1 pq: 1 rg: 58 | total time: 19.36m | eta: 26.5m
step 01618/03814 (42.42%) | loss: 2.960789 | lrm: 0.89 | dt: 715.27ms | tok/sec: 91,624 | bf16_mfu: 0.00 | epoch: 1 pq: 1 rg: 58 | total time: 19.37m | eta: 26.5m
step 01619/03814 (42.45%) | loss: 2.957785 | lrm: 0.89 | dt: 722.56ms | tok/sec: 90,699 | bf16_mfu: 0.00 | epoch: 1 pq: 1 rg: 58 | total time: 19.38m | eta: 26.4m
step 01620/03814 (42.48%) | loss: 2.970069 | lrm: 0.89 | dt: 715.68ms | tok/sec: 91,571 | bf16_mfu: 0.00 | epoch: 1 pq: 1 rg: 59 | total time: 19.40m | eta: 26.4m
step 01621/03814 (42.50%) | loss: 2.947838 | lrm: 0.89 | dt: 715.80ms | tok/sec: 91,555 | bf16_mfu: 0.00 | epoch: 1 pq: 1 rg: 59 | total time: 19.41m | eta: 26.4m
step 01622/03814 (42.53%) | loss: 2.932739 | lrm: 0.89 | dt: 717.07ms | tok/sec: 91,393 | bf16_mfu: 0.00 | epoch: 1 pq: 1 rg: 59 | total time: 19.42m | eta: 26.4m
step 01623/03814 (42.55%) | loss: 2.949154 | lrm: 0.89 | dt: 713.63ms | tok/sec: 91,834 | bf16_mfu: 0.00 | epoch: 1 pq: 1 rg: 59 | total time: 19.43m | eta: 26.4m
step 01624/03814 (42.58%) | loss: 2.941903 | lrm: 0.89 | dt: 722.90ms | tok/sec: 90,657 | bf16_mfu: 0.00 | epoch: 1 pq: 1 rg: 59 | total time: 19.44m | eta: 26.4m
step 01625/03814 (42.61%) | loss: 2.923443 | lrm: 0.89 | dt: 719.60ms | tok/sec: 91,072 | bf16_mfu: 0.00 | epoch: 1 pq: 1 rg: 59 | total time: 19.46m | eta: 26.4m
step 01626/03814 (42.63%) | loss: 2.923690 | lrm: 0.89 | dt: 715.95ms | tok/sec: 91,537 | bf16_mfu: 0.00 | epoch: 1 pq: 1 rg: 59 | total time: 19.47m | eta: 26.4m
step 01627/03814 (42.66%) | loss: 2.924903 | lrm: 0.89 | dt: 717.82ms | tok/sec: 91,298 | bf16_mfu: 0.00 | epoch: 1 pq: 1 rg: 59 | total time: 19.48m | eta: 26.3m
step 01628/03814 (42.68%) | loss: 2.912988 | lrm: 0.89 | dt: 721.87ms | tok/sec: 90,786 | bf16_mfu: 0.00 | epoch: 1 pq: 1 rg: 59 | total time: 19.49m | eta: 26.3m
step 01629/03814 (42.71%) | loss: 2.922184 | lrm: 0.89 | dt: 712.62ms | tok/sec: 91,965 | bf16_mfu: 0.00 | epoch: 1 pq: 1 rg: 59 | total time: 19.50m | eta: 26.3m
step 01630/03814 (42.74%) | loss: 2.922078 | lrm: 0.89 | dt: 717.26ms | tok/sec: 91,370 | bf16_mfu: 0.00 | epoch: 1 pq: 1 rg: 59 | total time: 19.52m | eta: 26.3m
step 01631/03814 (42.76%) | loss: 2.911599 | lrm: 0.89 | dt: 714.76ms | tok/sec: 91,689 | bf16_mfu: 0.00 | epoch: 1 pq: 1 rg: 60 | total time: 19.53m | eta: 26.3m
step 01632/03814 (42.79%) | loss: 2.908902 | lrm: 0.89 | dt: 722.45ms | tok/sec: 90,713 | bf16_mfu: 0.00 | epoch: 1 pq: 1 rg: 60 | total time: 19.54m | eta: 26.3m
step 01633/03814 (42.82%) | loss: 2.921816 | lrm: 0.89 | dt: 724.46ms | tok/sec: 90,461 | bf16_mfu: 0.00 | epoch: 1 pq: 1 rg: 60 | total time: 19.55m | eta: 26.3m
step 01634/03814 (42.84%) | loss: 2.922742 | lrm: 0.89 | dt: 716.47ms | tok/sec: 91,470 | bf16_mfu: 0.00 | epoch: 1 pq: 1 rg: 60 | total time: 19.56m | eta: 26.3m
step 01635/03814 (42.87%) | loss: 2.912515 | lrm: 0.89 | dt: 728.83ms | tok/sec: 89,919 | bf16_mfu: 0.00 | epoch: 1 pq: 1 rg: 60 | total time: 19.58m | eta: 26.3m
step 01636/03814 (42.89%) | loss: 2.918538 | lrm: 0.88 | dt: 715.05ms | tok/sec: 91,651 | bf16_mfu: 0.00 | epoch: 1 pq: 1 rg: 60 | total time: 19.59m | eta: 26.2m
step 01637/03814 (42.92%) | loss: 2.931307 | lrm: 0.88 | dt: 718.02ms | tok/sec: 91,272 | bf16_mfu: 0.00 | epoch: 1 pq: 1 rg: 60 | total time: 19.60m | eta: 26.2m
step 01638/03814 (42.95%) | loss: 2.914707 | lrm: 0.88 | dt: 722.33ms | tok/sec: 90,728 | bf16_mfu: 0.00 | epoch: 1 pq: 1 rg: 60 | total time: 19.61m | eta: 26.2m
step 01639/03814 (42.97%) | loss: 2.890765 | lrm: 0.88 | dt: 716.53ms | tok/sec: 91,463 | bf16_mfu: 0.00 | epoch: 1 pq: 1 rg: 60 | total time: 19.62m | eta: 26.2m
step 01640/03814 (43.00%) | loss: 2.889214 | lrm: 0.88 | dt: 723.45ms | tok/sec: 90,587 | bf16_mfu: 0.00 | epoch: 1 pq: 1 rg: 60 | total time: 19.64m | eta: 26.2m
step 01641/03814 (43.03%) | loss: 2.903062 | lrm: 0.88 | dt: 717.15ms | tok/sec: 91,383 | bf16_mfu: 0.00 | epoch: 1 pq: 1 rg: 60 | total time: 19.65m | eta: 26.2m
step 01642/03814 (43.05%) | loss: 2.904811 | lrm: 0.88 | dt: 776.96ms | tok/sec: 84,349 | bf16_mfu: 0.00 | epoch: 1 pq: 1 rg: 61 | total time: 19.66m | eta: 26.2m
step 01643/03814 (43.08%) | loss: 2.915594 | lrm: 0.88 | dt: 718.75ms | tok/sec: 91,180 | bf16_mfu: 0.00 | epoch: 1 pq: 1 rg: 61 | total time: 19.67m | eta: 26.2m
step 01644/03814 (43.10%) | loss: 2.922518 | lrm: 0.88 | dt: 727.31ms | tok/sec: 90,107 | bf16_mfu: 0.00 | epoch: 1 pq: 1 rg: 61 | total time: 19.69m | eta: 26.1m
step 01645/03814 (43.13%) | loss: 2.916641 | lrm: 0.88 | dt: 717.56ms | tok/sec: 91,332 | bf16_mfu: 0.00 | epoch: 1 pq: 1 rg: 61 | total time: 19.70m | eta: 26.1m
step 01646/03814 (43.16%) | loss: 2.909988 | lrm: 0.88 | dt: 719.86ms | tok/sec: 91,039 | bf16_mfu: 0.00 | epoch: 1 pq: 1 rg: 61 | total time: 19.71m | eta: 26.1m
step 01647/03814 (43.18%) | loss: 2.915439 | lrm: 0.88 | dt: 722.98ms | tok/sec: 90,646 | bf16_mfu: 0.00 | epoch: 1 pq: 1 rg: 61 | total time: 19.72m | eta: 26.1m
step 01648/03814 (43.21%) | loss: 2.892503 | lrm: 0.88 | dt: 717.30ms | tok/sec: 91,364 | bf16_mfu: 0.00 | epoch: 1 pq: 1 rg: 61 | total time: 19.73m | eta: 26.1m
step 01649/03814 (43.24%) | loss: 2.889186 | lrm: 0.88 | dt: 721.72ms | tok/sec: 90,804 | bf16_mfu: 0.00 | epoch: 1 pq: 1 rg: 61 | total time: 19.75m | eta: 26.1m
step 01650/03814 (43.26%) | loss: 2.898425 | lrm: 0.88 | dt: 717.88ms | tok/sec: 91,291 | bf16_mfu: 0.00 | epoch: 1 pq: 1 rg: 61 | total time: 19.76m | eta: 26.1m
step 01651/03814 (43.29%) | loss: 2.889749 | lrm: 0.88 | dt: 720.44ms | tok/sec: 90,967 | bf16_mfu: 0.00 | epoch: 1 pq: 1 rg: 61 | total time: 19.77m | eta: 26.1m
step 01652/03814 (43.31%) | loss: 2.879300 | lrm: 0.88 | dt: 720.65ms | tok/sec: 90,940 | bf16_mfu: 0.00 | epoch: 1 pq: 1 rg: 61 | total time: 19.78m | eta: 26.0m
step 01653/03814 (43.34%) | loss: 2.897284 | lrm: 0.88 | dt: 720.17ms | tok/sec: 91,000 | bf16_mfu: 0.00 | epoch: 1 pq: 1 rg: 61 | total time: 19.79m | eta: 26.0m
step 01654/03814 (43.37%) | loss: 2.913874 | lrm: 0.88 | dt: 716.93ms | tok/sec: 91,412 | bf16_mfu: 0.00 | epoch: 1 pq: 1 rg: 62 | total time: 19.80m | eta: 26.0m
step 01655/03814 (43.39%) | loss: 2.888418 | lrm: 0.88 | dt: 718.91ms | tok/sec: 91,159 | bf16_mfu: 0.00 | epoch: 1 pq: 1 rg: 62 | total time: 19.82m | eta: 26.0m
step 01656/03814 (43.42%) | loss: 2.903671 | lrm: 0.88 | dt: 719.81ms | tok/sec: 91,046 | bf16_mfu: 0.00 | epoch: 1 pq: 1 rg: 62 | total time: 19.83m | eta: 26.0m
step 01657/03814 (43.45%) | loss: 2.908430 | lrm: 0.88 | dt: 719.39ms | tok/sec: 91,099 | bf16_mfu: 0.00 | epoch: 1 pq: 1 rg: 62 | total time: 19.84m | eta: 26.0m
step 01658/03814 (43.47%) | loss: 2.906503 | lrm: 0.88 | dt: 717.40ms | tok/sec: 91,351 | bf16_mfu: 0.00 | epoch: 1 pq: 1 rg: 62 | total time: 19.85m | eta: 26.0m
step 01659/03814 (43.50%) | loss: 2.904815 | lrm: 0.88 | dt: 718.49ms | tok/sec: 91,213 | bf16_mfu: 0.00 | epoch: 1 pq: 1 rg: 62 | total time: 19.86m | eta: 26.0m
step 01660/03814 (43.52%) | loss: 2.906679 | lrm: 0.88 | dt: 717.43ms | tok/sec: 91,348 | bf16_mfu: 0.00 | epoch: 1 pq: 1 rg: 62 | total time: 19.88m | eta: 25.9m
step 01661/03814 (43.55%) | loss: 2.888454 | lrm: 0.88 | dt: 718.85ms | tok/sec: 91,167 | bf16_mfu: 0.00 | epoch: 1 pq: 1 rg: 62 | total time: 19.89m | eta: 25.9m
step 01662/03814 (43.58%) | loss: 2.880708 | lrm: 0.87 | dt: 713.89ms | tok/sec: 91,801 | bf16_mfu: 0.00 | epoch: 1 pq: 1 rg: 62 | total time: 19.90m | eta: 25.9m
step 01663/03814 (43.60%) | loss: 2.902874 | lrm: 0.87 | dt: 714.87ms | tok/sec: 91,675 | bf16_mfu: 0.00 | epoch: 1 pq: 1 rg: 62 | total time: 19.91m | eta: 25.9m
step 01664/03814 (43.63%) | loss: 2.903163 | lrm: 0.87 | dt: 718.03ms | tok/sec: 91,271 | bf16_mfu: 0.00 | epoch: 1 pq: 1 rg: 62 | total time: 19.92m | eta: 25.9m
step 01665/03814 (43.65%) | loss: 2.911092 | lrm: 0.87 | dt: 718.86ms | tok/sec: 91,166 | bf16_mfu: 0.00 | epoch: 1 pq: 1 rg: 63 | total time: 19.94m | eta: 25.9m
step 01666/03814 (43.68%) | loss: 2.899015 | lrm: 0.87 | dt: 719.41ms | tok/sec: 91,097 | bf16_mfu: 0.00 | epoch: 1 pq: 1 rg: 63 | total time: 19.95m | eta: 25.9m
step 01667/03814 (43.71%) | loss: 2.889697 | lrm: 0.87 | dt: 716.82ms | tok/sec: 91,426 | bf16_mfu: 0.00 | epoch: 1 pq: 1 rg: 63 | total time: 19.96m | eta: 25.9m
step 01668/03814 (43.73%) | loss: 2.882760 | lrm: 0.87 | dt: 719.17ms | tok/sec: 91,127 | bf16_mfu: 0.00 | epoch: 1 pq: 1 rg: 63 | total time: 19.97m | eta: 25.9m
step 01669/03814 (43.76%) | loss: 2.890944 | lrm: 0.87 | dt: 715.22ms | tok/sec: 91,630 | bf16_mfu: 0.00 | epoch: 1 pq: 1 rg: 63 | total time: 19.98m | eta: 25.8m
step 01670/03814 (43.79%) | loss: 2.892700 | lrm: 0.87 | dt: 721.03ms | tok/sec: 90,891 | bf16_mfu: 0.00 | epoch: 1 pq: 1 rg: 63 | total time: 20.00m | eta: 25.8m
step 01671/03814 (43.81%) | loss: 2.879935 | lrm: 0.87 | dt: 710.07ms | tok/sec: 92,294 | bf16_mfu: 0.00 | epoch: 1 pq: 1 rg: 63 | total time: 20.01m | eta: 25.8m
step 01672/03814 (43.84%) | loss: 2.877993 | lrm: 0.87 | dt: 714.09ms | tok/sec: 91,775 | bf16_mfu: 0.00 | epoch: 1 pq: 1 rg: 63 | total time: 20.02m | eta: 25.8m
step 01673/03814 (43.86%) | loss: 2.875379 | lrm: 0.87 | dt: 713.35ms | tok/sec: 91,870 | bf16_mfu: 0.00 | epoch: 1 pq: 1 rg: 63 | total time: 20.03m | eta: 25.8m
step 01674/03814 (43.89%) | loss: 2.871528 | lrm: 0.87 | dt: 718.69ms | tok/sec: 91,188 | bf16_mfu: 0.00 | epoch: 1 pq: 1 rg: 63 | total time: 20.04m | eta: 25.8m
step 01675/03814 (43.92%) | loss: 2.864498 | lrm: 0.87 | dt: 713.39ms | tok/sec: 91,866 | bf16_mfu: 0.00 | epoch: 1 pq: 1 rg: 63 | total time: 20.06m | eta: 25.8m
step 01676/03814 (43.94%) | loss: 2.883806 | lrm: 0.87 | dt: 716.50ms | tok/sec: 91,466 | bf16_mfu: 0.00 | epoch: 1 pq: 1 rg: 63 | total time: 20.07m | eta: 25.8m
step 01677/03814 (43.97%) | loss: 2.891762 | lrm: 0.87 | dt: 780.67ms | tok/sec: 83,948 | bf16_mfu: 0.00 | epoch: 1 pq: 1 rg: 64 | total time: 20.08m | eta: 25.7m
step 01678/03814 (44.00%) | loss: 2.878585 | lrm: 0.87 | dt: 717.19ms | tok/sec: 91,378 | bf16_mfu: 0.00 | epoch: 1 pq: 1 rg: 64 | total time: 20.09m | eta: 25.7m
step 01679/03814 (44.02%) | loss: 2.881244 | lrm: 0.87 | dt: 709.72ms | tok/sec: 92,340 | bf16_mfu: 0.00 | epoch: 1 pq: 1 rg: 64 | total time: 20.10m | eta: 25.7m
step 01680/03814 (44.05%) | loss: 2.881474 | lrm: 0.87 | dt: 710.10ms | tok/sec: 92,291 | bf16_mfu: 0.00 | epoch: 1 pq: 1 rg: 64 | total time: 20.12m | eta: 25.7m
step 01681/03814 (44.07%) | loss: 2.873201 | lrm: 0.87 | dt: 717.02ms | tok/sec: 91,400 | bf16_mfu: 0.00 | epoch: 1 pq: 1 rg: 64 | total time: 20.13m | eta: 25.7m
step 01682/03814 (44.10%) | loss: 2.868568 | lrm: 0.87 | dt: 712.72ms | tok/sec: 91,952 | bf16_mfu: 0.00 | epoch: 1 pq: 1 rg: 64 | total time: 20.14m | eta: 25.7m
step 01683/03814 (44.13%) | loss: 2.859458 | lrm: 0.87 | dt: 713.72ms | tok/sec: 91,823 | bf16_mfu: 0.00 | epoch: 1 pq: 1 rg: 64 | total time: 20.15m | eta: 25.7m
step 01684/03814 (44.15%) | loss: 2.857035 | lrm: 0.87 | dt: 711.61ms | tok/sec: 92,094 | bf16_mfu: 0.00 | epoch: 1 pq: 1 rg: 64 | total time: 20.16m | eta: 25.7m
step 01685/03814 (44.18%) | loss: 2.860768 | lrm: 0.87 | dt: 712.08ms | tok/sec: 92,034 | bf16_mfu: 0.00 | epoch: 1 pq: 1 rg: 64 | total time: 20.18m | eta: 25.6m
step 01686/03814 (44.21%) | loss: 2.862895 | lrm: 0.87 | dt: 719.34ms | tok/sec: 91,105 | bf16_mfu: 0.00 | epoch: 1 pq: 1 rg: 64 | total time: 20.19m | eta: 25.6m
step 01687/03814 (44.23%) | loss: 2.868259 | lrm: 0.87 | dt: 711.25ms | tok/sec: 92,141 | bf16_mfu: 0.00 | epoch: 1 pq: 1 rg: 64 | total time: 20.20m | eta: 25.6m
step 01688/03814 (44.26%) | loss: 2.855846 | lrm: 0.86 | dt: 711.29ms | tok/sec: 92,137 | bf16_mfu: 0.00 | epoch: 1 pq: 1 rg: 65 | total time: 20.21m | eta: 25.6m
step 01689/03814 (44.28%) | loss: 2.864997 | lrm: 0.86 | dt: 715.69ms | tok/sec: 91,570 | bf16_mfu: 0.00 | epoch: 1 pq: 1 rg: 65 | total time: 20.22m | eta: 25.6m
step 01690/03814 (44.31%) | loss: 2.885396 | lrm: 0.86 | dt: 709.20ms | tok/sec: 92,408 | bf16_mfu: 0.00 | epoch: 1 pq: 1 rg: 65 | total time: 20.24m | eta: 25.6m
step 01691/03814 (44.34%) | loss: 2.889356 | lrm: 0.86 | dt: 708.52ms | tok/sec: 92,497 | bf16_mfu: 0.00 | epoch: 1 pq: 1 rg: 65 | total time: 20.25m | eta: 25.6m
step 01692/03814 (44.36%) | loss: 2.878644 | lrm: 0.86 | dt: 718.58ms | tok/sec: 91,202 | bf16_mfu: 0.00 | epoch: 1 pq: 1 rg: 65 | total time: 20.26m | eta: 25.6m
step 01693/03814 (44.39%) | loss: 2.879787 | lrm: 0.86 | dt: 716.18ms | tok/sec: 91,507 | bf16_mfu: 0.00 | epoch: 1 pq: 1 rg: 65 | total time: 20.27m | eta: 25.5m
step 01694/03814 (44.42%) | loss: 2.881280 | lrm: 0.86 | dt: 760.79ms | tok/sec: 86,142 | bf16_mfu: 0.00 | epoch: 1 pq: 1 rg: 65 | total time: 20.28m | eta: 25.5m
step 01695/03814 (44.44%) | loss: 2.881988 | lrm: 0.86 | dt: 715.01ms | tok/sec: 91,657 | bf16_mfu: 0.00 | epoch: 1 pq: 1 rg: 65 | total time: 20.30m | eta: 25.5m
step 01696/03814 (44.47%) | loss: 2.873092 | lrm: 0.86 | dt: 713.82ms | tok/sec: 91,810 | bf16_mfu: 0.00 | epoch: 1 pq: 1 rg: 65 | total time: 20.31m | eta: 25.5m
step 01697/03814 (44.49%) | loss: 2.859234 | lrm: 0.86 | dt: 714.21ms | tok/sec: 91,760 | bf16_mfu: 0.00 | epoch: 1 pq: 1 rg: 65 | total time: 20.32m | eta: 25.5m
step 01698/03814 (44.52%) | loss: 2.864989 | lrm: 0.86 | dt: 710.01ms | tok/sec: 92,302 | bf16_mfu: 0.00 | epoch: 1 pq: 1 rg: 65 | total time: 20.33m | eta: 25.5m
step 01699/03814 (44.55%) | loss: 2.875210 | lrm: 0.86 | dt: 709.67ms | tok/sec: 92,347 | bf16_mfu: 0.00 | epoch: 1 pq: 1 rg: 65 | total time: 20.34m | eta: 25.5m
step 01700/03814 (44.57%) | loss: 2.870786 | lrm: 0.86 | dt: 781.98ms | tok/sec: 83,807 | bf16_mfu: 0.00 | epoch: 1 pq: 1 rg: 66 | total time: 20.36m | eta: 25.5m
step 01701/03814 (44.60%) | loss: 2.848210 | lrm: 0.86 | dt: 712.95ms | tok/sec: 91,922 | bf16_mfu: 0.00 | epoch: 1 pq: 1 rg: 66 | total time: 20.37m | eta: 25.5m
step 01702/03814 (44.63%) | loss: 2.849991 | lrm: 0.86 | dt: 711.91ms | tok/sec: 92,056 | bf16_mfu: 0.00 | epoch: 1 pq: 1 rg: 66 | total time: 20.38m | eta: 25.4m
step 01703/03814 (44.65%) | loss: 2.853951 | lrm: 0.86 | dt: 708.82ms | tok/sec: 92,457 | bf16_mfu: 0.00 | epoch: 1 pq: 1 rg: 66 | total time: 20.39m | eta: 25.4m
step 01704/03814 (44.68%) | loss: 2.840316 | lrm: 0.86 | dt: 708.10ms | tok/sec: 92,551 | bf16_mfu: 0.00 | epoch: 1 pq: 1 rg: 66 | total time: 20.40m | eta: 25.4m
step 01705/03814 (44.70%) | loss: 2.836727 | lrm: 0.86 | dt: 709.97ms | tok/sec: 92,307 | bf16_mfu: 0.00 | epoch: 1 pq: 1 rg: 66 | total time: 20.42m | eta: 25.4m
step 01706/03814 (44.73%) | loss: 2.854950 | lrm: 0.86 | dt: 705.12ms | tok/sec: 92,943 | bf16_mfu: 0.00 | epoch: 1 pq: 1 rg: 66 | total time: 20.43m | eta: 25.4m
step 01707/03814 (44.76%) | loss: 2.866848 | lrm: 0.86 | dt: 710.50ms | tok/sec: 92,239 | bf16_mfu: 0.00 | epoch: 1 pq: 1 rg: 66 | total time: 20.44m | eta: 25.4m
step 01708/03814 (44.78%) | loss: 2.845972 | lrm: 0.86 | dt: 705.98ms | tok/sec: 92,829 | bf16_mfu: 0.00 | epoch: 1 pq: 1 rg: 66 | total time: 20.45m | eta: 25.4m
step 01709/03814 (44.81%) | loss: 2.865932 | lrm: 0.86 | dt: 710.23ms | tok/sec: 92,273 | bf16_mfu: 0.00 | epoch: 1 pq: 1 rg: 66 | total time: 20.46m | eta: 25.4m
step 01710/03814 (44.83%) | loss: 2.844749 | lrm: 0.86 | dt: 718.46ms | tok/sec: 91,217 | bf16_mfu: 0.00 | epoch: 1 pq: 1 rg: 66 | total time: 20.47m | eta: 25.3m
step 01711/03814 (44.86%) | loss: 2.825478 | lrm: 0.86 | dt: 732.80ms | tok/sec: 89,432 | bf16_mfu: 0.00 | epoch: 1 pq: 1 rg: 67 | total time: 20.49m | eta: 25.3m
step 01712/03814 (44.89%) | loss: 2.828040 | lrm: 0.86 | dt: 716.50ms | tok/sec: 91,466 | bf16_mfu: 0.00 | epoch: 1 pq: 1 rg: 67 | total time: 20.50m | eta: 25.3m
step 01713/03814 (44.91%) | loss: 2.831873 | lrm: 0.86 | dt: 708.43ms | tok/sec: 92,508 | bf16_mfu: 0.00 | epoch: 1 pq: 1 rg: 67 | total time: 20.51m | eta: 25.3m
step 01714/03814 (44.94%) | loss: 2.817757 | lrm: 0.85 | dt: 710.77ms | tok/sec: 92,204 | bf16_mfu: 0.00 | epoch: 1 pq: 1 rg: 67 | total time: 20.52m | eta: 25.3m
step 01715/03814 (44.97%) | loss: 2.821211 | lrm: 0.85 | dt: 711.91ms | tok/sec: 92,056 | bf16_mfu: 0.00 | epoch: 1 pq: 1 rg: 67 | total time: 20.53m | eta: 25.3m
step 01716/03814 (44.99%) | loss: 2.839581 | lrm: 0.85 | dt: 713.87ms | tok/sec: 91,804 | bf16_mfu: 0.00 | epoch: 1 pq: 1 rg: 67 | total time: 20.55m | eta: 25.3m
step 01717/03814 (45.02%) | loss: 2.838524 | lrm: 0.85 | dt: 711.72ms | tok/sec: 92,080 | bf16_mfu: 0.00 | epoch: 1 pq: 1 rg: 67 | total time: 20.56m | eta: 25.3m
step 01718/03814 (45.04%) | loss: 2.850466 | lrm: 0.85 | dt: 711.19ms | tok/sec: 92,149 | bf16_mfu: 0.00 | epoch: 1 pq: 1 rg: 67 | total time: 20.57m | eta: 25.2m
step 01719/03814 (45.07%) | loss: 2.849447 | lrm: 0.85 | dt: 709.19ms | tok/sec: 92,409 | bf16_mfu: 0.00 | epoch: 1 pq: 1 rg: 67 | total time: 20.58m | eta: 25.2m
step 01720/03814 (45.10%) | loss: 2.855034 | lrm: 0.85 | dt: 712.61ms | tok/sec: 91,966 | bf16_mfu: 0.00 | epoch: 1 pq: 1 rg: 67 | total time: 20.59m | eta: 25.2m
step 01721/03814 (45.12%) | loss: 2.850159 | lrm: 0.85 | dt: 708.09ms | tok/sec: 92,553 | bf16_mfu: 0.00 | epoch: 1 pq: 1 rg: 67 | total time: 20.61m | eta: 25.2m
step 01722/03814 (45.15%) | loss: 2.846832 | lrm: 0.85 | dt: 707.36ms | tok/sec: 92,648 | bf16_mfu: 0.00 | epoch: 1 pq: 1 rg: 67 | total time: 20.62m | eta: 25.2m
step 01723/03814 (45.18%) | loss: 2.839923 | lrm: 0.85 | dt: 715.86ms | tok/sec: 91,548 | bf16_mfu: 0.00 | epoch: 1 pq: 1 rg: 68 | total time: 20.63m | eta: 25.2m
step 01724/03814 (45.20%) | loss: 2.840393 | lrm: 0.85 | dt: 707.19ms | tok/sec: 92,670 | bf16_mfu: 0.00 | epoch: 1 pq: 1 rg: 68 | total time: 20.64m | eta: 25.2m
step 01725/03814 (45.23%) | loss: 2.844645 | lrm: 0.85 | dt: 711.60ms | tok/sec: 92,097 | bf16_mfu: 0.00 | epoch: 1 pq: 1 rg: 68 | total time: 20.65m | eta: 25.2m
step 01726/03814 (45.25%) | loss: 2.864612 | lrm: 0.85 | dt: 742.95ms | tok/sec: 88,210 | bf16_mfu: 0.00 | epoch: 1 pq: 1 rg: 68 | total time: 20.67m | eta: 25.1m
step 01727/03814 (45.28%) | loss: 2.863520 | lrm: 0.85 | dt: 713.90ms | tok/sec: 91,799 | bf16_mfu: 0.00 | epoch: 1 pq: 1 rg: 68 | total time: 20.68m | eta: 25.1m
step 01728/03814 (45.31%) | loss: 2.878733 | lrm: 0.85 | dt: 711.96ms | tok/sec: 92,049 | bf16_mfu: 0.00 | epoch: 1 pq: 1 rg: 68 | total time: 20.69m | eta: 25.1m
step 01729/03814 (45.33%) | loss: 2.880673 | lrm: 0.85 | dt: 709.79ms | tok/sec: 92,331 | bf16_mfu: 0.00 | epoch: 1 pq: 1 rg: 68 | total time: 20.70m | eta: 25.1m
step 01730/03814 (45.36%) | loss: 2.867112 | lrm: 0.85 | dt: 712.78ms | tok/sec: 91,943 | bf16_mfu: 0.00 | epoch: 1 pq: 1 rg: 68 | total time: 20.71m | eta: 25.1m
step 01731/03814 (45.39%) | loss: 2.870950 | lrm: 0.85 | dt: 711.91ms | tok/sec: 92,056 | bf16_mfu: 0.00 | epoch: 1 pq: 1 rg: 68 | total time: 20.72m | eta: 25.1m
step 01732/03814 (45.41%) | loss: 2.870635 | lrm: 0.85 | dt: 710.46ms | tok/sec: 92,244 | bf16_mfu: 0.00 | epoch: 1 pq: 1 rg: 68 | total time: 20.74m | eta: 25.1m
step 01733/03814 (45.44%) | loss: 2.849567 | lrm: 0.85 | dt: 708.07ms | tok/sec: 92,555 | bf16_mfu: 0.00 | epoch: 1 pq: 1 rg: 68 | total time: 20.75m | eta: 25.1m
step 01734/03814 (45.46%) | loss: 2.858306 | lrm: 0.85 | dt: 707.15ms | tok/sec: 92,676 | bf16_mfu: 0.00 | epoch: 1 pq: 1 rg: 68 | total time: 20.76m | eta: 25.0m
step 01735/03814 (45.49%) | loss: 2.865082 | lrm: 0.85 | dt: 708.91ms | tok/sec: 92,446 | bf16_mfu: 0.00 | epoch: 1 pq: 1 rg: 69 | total time: 20.77m | eta: 25.0m
step 01736/03814 (45.52%) | loss: 2.883542 | lrm: 0.85 | dt: 708.68ms | tok/sec: 92,475 | bf16_mfu: 0.00 | epoch: 1 pq: 1 rg: 69 | total time: 20.78m | eta: 25.0m
step 01737/03814 (45.54%) | loss: 2.875403 | lrm: 0.85 | dt: 706.53ms | tok/sec: 92,757 | bf16_mfu: 0.00 | epoch: 1 pq: 1 rg: 69 | total time: 20.80m | eta: 25.0m
step 01738/03814 (45.57%) | loss: 2.877677 | lrm: 0.85 | dt: 708.33ms | tok/sec: 92,521 | bf16_mfu: 0.00 | epoch: 1 pq: 1 rg: 69 | total time: 20.81m | eta: 25.0m
step 01739/03814 (45.60%) | loss: 2.879349 | lrm: 0.85 | dt: 710.37ms | tok/sec: 92,255 | bf16_mfu: 0.00 | epoch: 1 pq: 1 rg: 69 | total time: 20.82m | eta: 25.0m
step 01740/03814 (45.62%) | loss: 2.879451 | lrm: 0.84 | dt: 707.76ms | tok/sec: 92,596 | bf16_mfu: 0.00 | epoch: 1 pq: 1 rg: 69 | total time: 20.83m | eta: 25.0m
step 01741/03814 (45.65%) | loss: 2.874794 | lrm: 0.84 | dt: 708.42ms | tok/sec: 92,510 | bf16_mfu: 0.00 | epoch: 1 pq: 1 rg: 69 | total time: 20.84m | eta: 25.0m
step 01742/03814 (45.67%) | loss: 2.892444 | lrm: 0.84 | dt: 708.41ms | tok/sec: 92,511 | bf16_mfu: 0.00 | epoch: 1 pq: 1 rg: 69 | total time: 20.85m | eta: 24.9m
step 01743/03814 (45.70%) | loss: 2.892194 | lrm: 0.84 | dt: 707.23ms | tok/sec: 92,666 | bf16_mfu: 0.00 | epoch: 1 pq: 1 rg: 69 | total time: 20.87m | eta: 24.9m
step 01744/03814 (45.73%) | loss: 2.890974 | lrm: 0.84 | dt: 708.89ms | tok/sec: 92,448 | bf16_mfu: 0.00 | epoch: 1 pq: 1 rg: 69 | total time: 20.88m | eta: 24.9m
step 01745/03814 (45.75%) | loss: 2.891066 | lrm: 0.84 | dt: 708.46ms | tok/sec: 92,505 | bf16_mfu: 0.00 | epoch: 1 pq: 1 rg: 69 | total time: 20.89m | eta: 24.9m
step 01746/03814 (45.78%) | loss: 2.897209 | lrm: 0.84 | dt: 711.03ms | tok/sec: 92,171 | bf16_mfu: 0.00 | epoch: 1 pq: 1 rg: 70 | total time: 20.90m | eta: 24.9m
step 01747/03814 (45.80%) | loss: 2.898173 | lrm: 0.84 | dt: 707.36ms | tok/sec: 92,648 | bf16_mfu: 0.00 | epoch: 1 pq: 1 rg: 70 | total time: 20.91m | eta: 24.9m
step 01748/03814 (45.83%) | loss: 2.882867 | lrm: 0.84 | dt: 709.21ms | tok/sec: 92,406 | bf16_mfu: 0.00 | epoch: 1 pq: 1 rg: 70 | total time: 20.93m | eta: 24.9m
step 01749/03814 (45.86%) | loss: 2.855137 | lrm: 0.84 | dt: 714.60ms | tok/sec: 91,710 | bf16_mfu: 0.00 | epoch: 1 pq: 1 rg: 70 | total time: 20.94m | eta: 24.9m
step 01750/03814 (45.88%) | loss: 2.846754 | lrm: 0.84 | dt: 712.44ms | tok/sec: 91,988 | bf16_mfu: 0.00 | epoch: 1 pq: 1 rg: 70 | total time: 20.95m | eta: 24.8m
step 01751/03814 (45.91%) | loss: 2.905549 | lrm: 0.84 | dt: 710.20ms | tok/sec: 92,278 | bf16_mfu: 0.00 | epoch: 1 pq: 1 rg: 70 | total time: 20.96m | eta: 24.8m
step 01752/03814 (45.94%) | loss: 2.973058 | lrm: 0.84 | dt: 732.31ms | tok/sec: 89,492 | bf16_mfu: 0.00 | epoch: 1 pq: 1 rg: 70 | total time: 20.97m | eta: 24.8m
step 01753/03814 (45.96%) | loss: 3.055526 | lrm: 0.84 | dt: 713.10ms | tok/sec: 91,903 | bf16_mfu: 0.00 | epoch: 1 pq: 1 rg: 70 | total time: 20.98m | eta: 24.8m
step 01754/03814 (45.99%) | loss: 3.114574 | lrm: 0.84 | dt: 715.67ms | tok/sec: 91,573 | bf16_mfu: 0.00 | epoch: 1 pq: 1 rg: 70 | total time: 21.00m | eta: 24.8m
step 01755/03814 (46.01%) | loss: 3.154157 | lrm: 0.84 | dt: 712.58ms | tok/sec: 91,969 | bf16_mfu: 0.00 | epoch: 1 pq: 1 rg: 70 | total time: 21.01m | eta: 24.8m
step 01756/03814 (46.04%) | loss: 3.178458 | lrm: 0.84 | dt: 714.61ms | tok/sec: 91,708 | bf16_mfu: 0.00 | epoch: 1 pq: 1 rg: 70 | total time: 21.02m | eta: 24.8m
step 01757/03814 (46.07%) | loss: 3.205591 | lrm: 0.84 | dt: 798.30ms | tok/sec: 82,094 | bf16_mfu: 0.00 | epoch: 1 pq: 1 rg: 71 | total time: 21.03m | eta: 24.8m
step 01758/03814 (46.09%) | loss: 3.250186 | lrm: 0.84 | dt: 714.11ms | tok/sec: 91,772 | bf16_mfu: 0.00 | epoch: 1 pq: 1 rg: 71 | total time: 21.05m | eta: 24.8m
step 01759/03814 (46.12%) | loss: 3.291752 | lrm: 0.84 | dt: 712.55ms | tok/sec: 91,973 | bf16_mfu: 0.00 | epoch: 1 pq: 1 rg: 71 | total time: 21.06m | eta: 24.7m
step 01760/03814 (46.15%) | loss: 3.322604 | lrm: 0.84 | dt: 716.05ms | tok/sec: 91,524 | bf16_mfu: 0.00 | epoch: 1 pq: 1 rg: 71 | total time: 21.07m | eta: 24.7m
step 01761/03814 (46.17%) | loss: 3.354912 | lrm: 0.84 | dt: 901.23ms | tok/sec: 72,718 | bf16_mfu: 0.00 | epoch: 1 pq: 1 rg: 71 | total time: 21.08m | eta: 24.7m
step 01762/03814 (46.20%) | loss: 3.366622 | lrm: 0.84 | dt: 1011.15ms | tok/sec: 64,813 | bf16_mfu: 0.00 | epoch: 1 pq: 1 rg: 71 | total time: 21.10m | eta: 24.7m
step 01763/03814 (46.22%) | loss: 3.382026 | lrm: 0.84 | dt: 716.05ms | tok/sec: 91,524 | bf16_mfu: 0.00 | epoch: 1 pq: 1 rg: 71 | total time: 21.11m | eta: 24.7m
step 01764/03814 (46.25%) | loss: 3.381803 | lrm: 0.84 | dt: 712.95ms | tok/sec: 91,922 | bf16_mfu: 0.00 | epoch: 1 pq: 1 rg: 71 | total time: 21.13m | eta: 24.7m
step 01765/03814 (46.28%) | loss: 3.380845 | lrm: 0.84 | dt: 714.29ms | tok/sec: 91,750 | bf16_mfu: 0.00 | epoch: 1 pq: 1 rg: 71 | total time: 21.14m | eta: 24.7m
step 01766/03814 (46.30%) | loss: 3.401956 | lrm: 0.83 | dt: 818.93ms | tok/sec: 80,026 | bf16_mfu: 0.00 | epoch: 1 pq: 1 rg: 71 | total time: 21.15m | eta: 24.7m
step 01767/03814 (46.33%) | loss: 3.422904 | lrm: 0.83 | dt: 732.18ms | tok/sec: 89,508 | bf16_mfu: 0.00 | epoch: 1 pq: 1 rg: 72 | total time: 21.16m | eta: 24.7m
step 01768/03814 (46.36%) | loss: 3.440121 | lrm: 0.83 | dt: 710.18ms | tok/sec: 92,281 | bf16_mfu: 0.00 | epoch: 1 pq: 1 rg: 72 | total time: 21.17m | eta: 24.6m
step 01769/03814 (46.38%) | loss: 3.438622 | lrm: 0.83 | dt: 716.00ms | tok/sec: 91,530 | bf16_mfu: 0.00 | epoch: 1 pq: 1 rg: 72 | total time: 21.19m | eta: 24.6m
step 01770/03814 (46.41%) | loss: 3.431823 | lrm: 0.83 | dt: 712.98ms | tok/sec: 91,918 | bf16_mfu: 0.00 | epoch: 1 pq: 1 rg: 72 | total time: 21.20m | eta: 24.6m
step 01771/03814 (46.43%) | loss: 3.449278 | lrm: 0.83 | dt: 717.10ms | tok/sec: 91,390 | bf16_mfu: 0.00 | epoch: 1 pq: 1 rg: 72 | total time: 21.21m | eta: 24.6m
step 01772/03814 (46.46%) | loss: 3.464367 | lrm: 0.83 | dt: 713.67ms | tok/sec: 91,829 | bf16_mfu: 0.00 | epoch: 1 pq: 1 rg: 72 | total time: 21.22m | eta: 24.6m
step 01773/03814 (46.49%) | loss: 3.466304 | lrm: 0.83 | dt: 714.87ms | tok/sec: 91,674 | bf16_mfu: 0.00 | epoch: 1 pq: 1 rg: 72 | total time: 21.23m | eta: 24.6m
step 01774/03814 (46.51%) | loss: 3.461670 | lrm: 0.83 | dt: 713.73ms | tok/sec: 91,821 | bf16_mfu: 0.00 | epoch: 1 pq: 1 rg: 72 | total time: 21.25m | eta: 24.6m
step 01775/03814 (46.54%) | loss: 3.480512 | lrm: 0.83 | dt: 716.90ms | tok/sec: 91,415 | bf16_mfu: 0.00 | epoch: 1 pq: 1 rg: 72 | total time: 21.26m | eta: 24.6m
step 01776/03814 (46.57%) | loss: 3.496197 | lrm: 0.83 | dt: 717.52ms | tok/sec: 91,337 | bf16_mfu: 0.00 | epoch: 1 pq: 1 rg: 72 | total time: 21.27m | eta: 24.5m
step 01777/03814 (46.59%) | loss: 3.513118 | lrm: 0.83 | dt: 714.19ms | tok/sec: 91,762 | bf16_mfu: 0.00 | epoch: 1 pq: 1 rg: 73 | total time: 21.28m | eta: 24.5m
step 01778/03814 (46.62%) | loss: 3.513439 | lrm: 0.83 | dt: 717.75ms | tok/sec: 91,307 | bf16_mfu: 0.00 | epoch: 1 pq: 1 rg: 73 | total time: 21.29m | eta: 24.5m
step 01779/03814 (46.64%) | loss: 3.500798 | lrm: 0.83 | dt: 712.69ms | tok/sec: 91,955 | bf16_mfu: 0.00 | epoch: 1 pq: 1 rg: 73 | total time: 21.31m | eta: 24.5m
step 01780/03814 (46.67%) | loss: 3.495028 | lrm: 0.83 | dt: 715.70ms | tok/sec: 91,569 | bf16_mfu: 0.00 | epoch: 1 pq: 1 rg: 73 | total time: 21.32m | eta: 24.5m
step 01781/03814 (46.70%) | loss: 3.493510 | lrm: 0.83 | dt: 770.08ms | tok/sec: 85,102 | bf16_mfu: 0.00 | epoch: 1 pq: 1 rg: 73 | total time: 21.33m | eta: 24.5m
step 01782/03814 (46.72%) | loss: 3.504737 | lrm: 0.83 | dt: 718.78ms | tok/sec: 91,176 | bf16_mfu: 0.00 | epoch: 1 pq: 1 rg: 73 | total time: 21.34m | eta: 24.5m
step 01783/03814 (46.75%) | loss: 3.484004 | lrm: 0.83 | dt: 804.28ms | tok/sec: 81,484 | bf16_mfu: 0.00 | epoch: 1 pq: 1 rg: 73 | total time: 21.36m | eta: 24.5m
step 01784/03814 (46.78%) | loss: 3.478469 | lrm: 0.83 | dt: 716.13ms | tok/sec: 91,513 | bf16_mfu: 0.00 | epoch: 1 pq: 1 rg: 73 | total time: 21.37m | eta: 24.5m
step 01785/03814 (46.80%) | loss: 3.480983 | lrm: 0.83 | dt: 717.93ms | tok/sec: 91,284 | bf16_mfu: 0.00 | epoch: 1 pq: 1 rg: 73 | total time: 21.38m | eta: 24.4m
step 01786/03814 (46.83%) | loss: 3.471426 | lrm: 0.83 | dt: 733.61ms | tok/sec: 89,333 | bf16_mfu: 0.00 | epoch: 1 pq: 1 rg: 73 | total time: 21.39m | eta: 24.4m
step 01787/03814 (46.85%) | loss: 3.472912 | lrm: 0.83 | dt: 753.74ms | tok/sec: 86,947 | bf16_mfu: 0.00 | epoch: 1 pq: 1 rg: 74 | total time: 21.40m | eta: 24.4m
step 01788/03814 (46.88%) | loss: 3.464911 | lrm: 0.83 | dt: 717.11ms | tok/sec: 91,388 | bf16_mfu: 0.00 | epoch: 1 pq: 1 rg: 74 | total time: 21.42m | eta: 24.4m
step 01789/03814 (46.91%) | loss: 3.458385 | lrm: 0.83 | dt: 717.99ms | tok/sec: 91,277 | bf16_mfu: 0.00 | epoch: 1 pq: 1 rg: 74 | total time: 21.43m | eta: 24.4m
step 01790/03814 (46.93%) | loss: 3.467593 | lrm: 0.83 | dt: 718.91ms | tok/sec: 91,160 | bf16_mfu: 0.00 | epoch: 1 pq: 1 rg: 74 | total time: 21.44m | eta: 24.4m
step 01791/03814 (46.96%) | loss: 3.479263 | lrm: 0.83 | dt: 739.63ms | tok/sec: 88,607 | bf16_mfu: 0.00 | epoch: 1 pq: 1 rg: 74 | total time: 21.45m | eta: 24.4m
step 01792/03814 (46.98%) | loss: 3.455603 | lrm: 0.82 | dt: 713.04ms | tok/sec: 91,910 | bf16_mfu: 0.00 | epoch: 1 pq: 1 rg: 74 | total time: 21.46m | eta: 24.4m
step 01793/03814 (47.01%) | loss: 3.450345 | lrm: 0.82 | dt: 716.55ms | tok/sec: 91,460 | bf16_mfu: 0.00 | epoch: 1 pq: 1 rg: 74 | total time: 21.48m | eta: 24.3m
step 01794/03814 (47.04%) | loss: 3.460922 | lrm: 0.82 | dt: 811.98ms | tok/sec: 80,711 | bf16_mfu: 0.00 | epoch: 1 pq: 1 rg: 74 | total time: 21.49m | eta: 24.3m
step 01795/03814 (47.06%) | loss: 3.474937 | lrm: 0.82 | dt: 716.45ms | tok/sec: 91,473 | bf16_mfu: 0.00 | epoch: 1 pq: 1 rg: 74 | total time: 21.50m | eta: 24.3m
step 01796/03814 (47.09%) | loss: 3.474238 | lrm: 0.82 | dt: 711.46ms | tok/sec: 92,114 | bf16_mfu: 0.00 | epoch: 1 pq: 1 rg: 74 | total time: 21.51m | eta: 24.3m
step 01797/03814 (47.12%) | loss: 3.463498 | lrm: 0.82 | dt: 777.42ms | tok/sec: 84,299 | bf16_mfu: 0.00 | epoch: 1 pq: 1 rg: 75 | total time: 21.53m | eta: 24.3m
step 01798/03814 (47.14%) | loss: 3.459345 | lrm: 0.82 | dt: 716.53ms | tok/sec: 91,463 | bf16_mfu: 0.00 | epoch: 1 pq: 1 rg: 75 | total time: 21.54m | eta: 24.3m
step 01799/03814 (47.17%) | loss: 3.459606 | lrm: 0.82 | dt: 716.06ms | tok/sec: 91,522 | bf16_mfu: 0.00 | epoch: 1 pq: 1 rg: 75 | total time: 21.55m | eta: 24.3m
step 01800/03814 (47.19%) | loss: 3.469690 | lrm: 0.82 | dt: 718.51ms | tok/sec: 91,211 | bf16_mfu: 0.00 | epoch: 1 pq: 1 rg: 75 | total time: 21.56m | eta: 24.3m
step 01801/03814 (47.22%) | loss: 3.472686 | lrm: 0.82 | dt: 772.85ms | tok/sec: 84,797 | bf16_mfu: 0.00 | epoch: 1 pq: 1 rg: 75 | total time: 21.58m | eta: 24.3m
step 01802/03814 (47.25%) | loss: 3.461071 | lrm: 0.82 | dt: 713.14ms | tok/sec: 91,897 | bf16_mfu: 0.00 | epoch: 1 pq: 1 rg: 75 | total time: 21.59m | eta: 24.2m
step 01803/03814 (47.27%) | loss: 3.456788 | lrm: 0.82 | dt: 722.61ms | tok/sec: 90,694 | bf16_mfu: 0.00 | epoch: 1 pq: 1 rg: 75 | total time: 21.60m | eta: 24.2m
step 01804/03814 (47.30%) | loss: 3.466247 | lrm: 0.82 | dt: 718.48ms | tok/sec: 91,214 | bf16_mfu: 0.00 | epoch: 1 pq: 1 rg: 75 | total time: 21.61m | eta: 24.2m
step 01805/03814 (47.33%) | loss: 3.464481 | lrm: 0.82 | dt: 714.28ms | tok/sec: 91,750 | bf16_mfu: 0.00 | epoch: 1 pq: 1 rg: 75 | total time: 21.62m | eta: 24.2m
step 01806/03814 (47.35%) | loss: 3.459772 | lrm: 0.82 | dt: 719.03ms | tok/sec: 91,144 | bf16_mfu: 0.00 | epoch: 1 pq: 1 rg: 75 | total time: 21.64m | eta: 24.2m
step 01807/03814 (47.38%) | loss: 3.454775 | lrm: 0.82 | dt: 717.99ms | tok/sec: 91,277 | bf16_mfu: 0.00 | epoch: 1 pq: 1 rg: 76 | total time: 21.65m | eta: 24.2m
step 01808/03814 (47.40%) | loss: 3.462458 | lrm: 0.82 | dt: 718.13ms | tok/sec: 91,259 | bf16_mfu: 0.00 | epoch: 1 pq: 1 rg: 76 | total time: 21.66m | eta: 24.2m
step 01809/03814 (47.43%) | loss: 3.449772 | lrm: 0.82 | dt: 718.25ms | tok/sec: 91,243 | bf16_mfu: 0.00 | epoch: 1 pq: 1 rg: 76 | total time: 21.67m | eta: 24.2m
step 01810/03814 (47.46%) | loss: 3.432827 | lrm: 0.82 | dt: 716.55ms | tok/sec: 91,461 | bf16_mfu: 0.00 | epoch: 1 pq: 1 rg: 76 | total time: 21.68m | eta: 24.1m
step 01811/03814 (47.48%) | loss: 3.439511 | lrm: 0.82 | dt: 721.73ms | tok/sec: 90,803 | bf16_mfu: 0.00 | epoch: 1 pq: 1 rg: 76 | total time: 21.70m | eta: 24.1m
step 01812/03814 (47.51%) | loss: 3.432623 | lrm: 0.82 | dt: 722.20ms | tok/sec: 90,745 | bf16_mfu: 0.00 | epoch: 1 pq: 1 rg: 76 | total time: 21.71m | eta: 24.1m
step 01813/03814 (47.54%) | loss: 3.435451 | lrm: 0.82 | dt: 763.16ms | tok/sec: 85,874 | bf16_mfu: 0.00 | epoch: 1 pq: 1 rg: 76 | total time: 21.72m | eta: 24.1m
step 01814/03814 (47.56%) | loss: 3.444912 | lrm: 0.82 | dt: 718.24ms | tok/sec: 91,245 | bf16_mfu: 0.00 | epoch: 1 pq: 1 rg: 76 | total time: 21.73m | eta: 24.1m
step 01815/03814 (47.59%) | loss: 3.433747 | lrm: 0.82 | dt: 717.59ms | tok/sec: 91,328 | bf16_mfu: 0.00 | epoch: 1 pq: 1 rg: 76 | total time: 21.74m | eta: 24.1m
step 01816/03814 (47.61%) | loss: 3.416927 | lrm: 0.82 | dt: 720.37ms | tok/sec: 90,975 | bf16_mfu: 0.00 | epoch: 1 pq: 1 rg: 76 | total time: 21.76m | eta: 24.1m
step 01817/03814 (47.64%) | loss: 3.409088 | lrm: 0.82 | dt: 805.52ms | tok/sec: 81,358 | bf16_mfu: 0.00 | epoch: 1 pq: 1 rg: 77 | total time: 21.77m | eta: 24.1m
step 01818/03814 (47.67%) | loss: 3.408998 | lrm: 0.81 | dt: 717.79ms | tok/sec: 91,302 | bf16_mfu: 0.00 | epoch: 1 pq: 1 rg: 77 | total time: 21.78m | eta: 24.0m
step 01819/03814 (47.69%) | loss: 3.419678 | lrm: 0.81 | dt: 721.49ms | tok/sec: 90,833 | bf16_mfu: 0.00 | epoch: 1 pq: 1 rg: 77 | total time: 21.79m | eta: 24.0m
step 01820/03814 (47.72%) | loss: 3.424243 | lrm: 0.81 | dt: 746.02ms | tok/sec: 87,847 | bf16_mfu: 0.00 | epoch: 1 pq: 1 rg: 77 | total time: 21.81m | eta: 24.0m
step 01821/03814 (47.75%) | loss: 3.414550 | lrm: 0.81 | dt: 714.33ms | tok/sec: 91,745 | bf16_mfu: 0.00 | epoch: 1 pq: 1 rg: 77 | total time: 21.82m | eta: 24.0m
step 01822/03814 (47.77%) | loss: 3.399740 | lrm: 0.81 | dt: 716.35ms | tok/sec: 91,486 | bf16_mfu: 0.00 | epoch: 1 pq: 1 rg: 77 | total time: 21.83m | eta: 24.0m
step 01823/03814 (47.80%) | loss: 3.405980 | lrm: 0.81 | dt: 765.73ms | tok/sec: 85,585 | bf16_mfu: 0.00 | epoch: 1 pq: 1 rg: 77 | total time: 21.84m | eta: 24.0m
step 01824/03814 (47.82%) | loss: 3.409770 | lrm: 0.81 | dt: 890.93ms | tok/sec: 73,558 | bf16_mfu: 0.00 | epoch: 1 pq: 1 rg: 77 | total time: 21.86m | eta: 24.0m
step 01825/03814 (47.85%) | loss: 3.412079 | lrm: 0.81 | dt: 717.58ms | tok/sec: 91,329 | bf16_mfu: 0.00 | epoch: 1 pq: 1 rg: 77 | total time: 21.87m | eta: 24.0m
step 01826/03814 (47.88%) | loss: 3.415022 | lrm: 0.81 | dt: 775.58ms | tok/sec: 84,499 | bf16_mfu: 0.00 | epoch: 1 pq: 2 rg: 0 | total time: 21.88m | eta: 24.0m
step 01827/03814 (47.90%) | loss: 3.426732 | lrm: 0.81 | dt: 737.75ms | tok/sec: 88,832 | bf16_mfu: 0.00 | epoch: 1 pq: 2 rg: 0 | total time: 21.89m | eta: 23.9m
step 01828/03814 (47.93%) | loss: 3.418089 | lrm: 0.81 | dt: 715.53ms | tok/sec: 91,590 | bf16_mfu: 0.00 | epoch: 1 pq: 2 rg: 0 | total time: 21.91m | eta: 23.9m
step 01829/03814 (47.95%) | loss: 3.450748 | lrm: 0.81 | dt: 712.32ms | tok/sec: 92,002 | bf16_mfu: 0.00 | epoch: 1 pq: 2 rg: 0 | total time: 21.92m | eta: 23.9m
step 01830/03814 (47.98%) | loss: 3.444102 | lrm: 0.81 | dt: 728.01ms | tok/sec: 90,021 | bf16_mfu: 0.00 | epoch: 1 pq: 2 rg: 0 | total time: 21.93m | eta: 23.9m
step 01831/03814 (48.01%) | loss: 3.433198 | lrm: 0.81 | dt: 770.69ms | tok/sec: 85,035 | bf16_mfu: 0.00 | epoch: 1 pq: 2 rg: 0 | total time: 21.94m | eta: 23.9m
step 01832/03814 (48.03%) | loss: 3.418482 | lrm: 0.81 | dt: 718.90ms | tok/sec: 91,161 | bf16_mfu: 0.00 | epoch: 1 pq: 2 rg: 0 | total time: 21.96m | eta: 23.9m
step 01833/03814 (48.06%) | loss: 3.422830 | lrm: 0.81 | dt: 717.06ms | tok/sec: 91,395 | bf16_mfu: 0.00 | epoch: 1 pq: 2 rg: 0 | total time: 21.97m | eta: 23.9m
step 01834/03814 (48.09%) | loss: 3.420596 | lrm: 0.81 | dt: 716.19ms | tok/sec: 91,507 | bf16_mfu: 0.00 | epoch: 1 pq: 2 rg: 0 | total time: 21.98m | eta: 23.9m
step 01835/03814 (48.11%) | loss: 3.422722 | lrm: 0.81 | dt: 772.09ms | tok/sec: 84,881 | bf16_mfu: 0.00 | epoch: 1 pq: 2 rg: 0 | total time: 21.99m | eta: 23.8m
step 01836/03814 (48.14%) | loss: 3.404451 | lrm: 0.81 | dt: 717.83ms | tok/sec: 91,297 | bf16_mfu: 0.00 | epoch: 1 pq: 2 rg: 1 | total time: 22.00m | eta: 23.8m
step 01837/03814 (48.16%) | loss: 3.406606 | lrm: 0.81 | dt: 715.13ms | tok/sec: 91,642 | bf16_mfu: 0.00 | epoch: 1 pq: 2 rg: 1 | total time: 22.02m | eta: 23.8m
step 01838/03814 (48.19%) | loss: 3.403770 | lrm: 0.81 | dt: 931.21ms | tok/sec: 70,376 | bf16_mfu: 0.00 | epoch: 1 pq: 2 rg: 1 | total time: 22.03m | eta: 23.8m
step 01839/03814 (48.22%) | loss: 3.416520 | lrm: 0.81 | dt: 713.33ms | tok/sec: 91,872 | bf16_mfu: 0.00 | epoch: 1 pq: 2 rg: 1 | total time: 22.04m | eta: 23.8m
step 01840/03814 (48.24%) | loss: 3.416537 | lrm: 0.81 | dt: 731.07ms | tok/sec: 89,644 | bf16_mfu: 0.00 | epoch: 1 pq: 2 rg: 1 | total time: 22.06m | eta: 23.8m
step 01841/03814 (48.27%) | loss: 3.397407 | lrm: 0.81 | dt: 774.01ms | tok/sec: 84,670 | bf16_mfu: 0.00 | epoch: 1 pq: 2 rg: 1 | total time: 22.07m | eta: 23.8m
step 01842/03814 (48.30%) | loss: 3.404872 | lrm: 0.81 | dt: 716.00ms | tok/sec: 91,531 | bf16_mfu: 0.00 | epoch: 1 pq: 2 rg: 1 | total time: 22.08m | eta: 23.8m
step 01843/03814 (48.32%) | loss: 3.416723 | lrm: 0.81 | dt: 746.02ms | tok/sec: 87,847 | bf16_mfu: 0.00 | epoch: 1 pq: 2 rg: 1 | total time: 22.09m | eta: 23.8m
step 01844/03814 (48.35%) | loss: 3.407286 | lrm: 0.80 | dt: 720.68ms | tok/sec: 90,936 | bf16_mfu: 0.00 | epoch: 1 pq: 2 rg: 1 | total time: 22.11m | eta: 23.7m
step 01845/03814 (48.37%) | loss: 3.403557 | lrm: 0.80 | dt: 718.83ms | tok/sec: 91,170 | bf16_mfu: 0.00 | epoch: 1 pq: 2 rg: 1 | total time: 22.12m | eta: 23.7m
step 01846/03814 (48.40%) | loss: 3.413775 | lrm: 0.80 | dt: 826.21ms | tok/sec: 79,320 | bf16_mfu: 0.00 | epoch: 1 pq: 2 rg: 2 | total time: 22.13m | eta: 23.7m
step 01847/03814 (48.43%) | loss: 3.410072 | lrm: 0.80 | dt: 718.23ms | tok/sec: 91,246 | bf16_mfu: 0.00 | epoch: 1 pq: 2 rg: 2 | total time: 22.14m | eta: 23.7m
step 01848/03814 (48.45%) | loss: 3.403736 | lrm: 0.80 | dt: 719.64ms | tok/sec: 91,068 | bf16_mfu: 0.00 | epoch: 1 pq: 2 rg: 2 | total time: 22.15m | eta: 23.7m
step 01849/03814 (48.48%) | loss: 3.417209 | lrm: 0.80 | dt: 719.80ms | tok/sec: 91,048 | bf16_mfu: 0.00 | epoch: 1 pq: 2 rg: 2 | total time: 22.17m | eta: 23.7m
step 01850/03814 (48.51%) | loss: 3.430917 | lrm: 0.80 | dt: 719.54ms | tok/sec: 91,080 | bf16_mfu: 0.00 | epoch: 1 pq: 2 rg: 2 | total time: 22.18m | eta: 23.7m
step 01851/03814 (48.53%) | loss: 3.431471 | lrm: 0.80 | dt: 719.11ms | tok/sec: 91,134 | bf16_mfu: 0.00 | epoch: 1 pq: 2 rg: 2 | total time: 22.19m | eta: 23.7m
step 01852/03814 (48.56%) | loss: 3.434041 | lrm: 0.80 | dt: 717.82ms | tok/sec: 91,298 | bf16_mfu: 0.00 | epoch: 1 pq: 2 rg: 2 | total time: 22.20m | eta: 23.6m
step 01853/03814 (48.58%) | loss: 3.414440 | lrm: 0.80 | dt: 717.74ms | tok/sec: 91,308 | bf16_mfu: 0.00 | epoch: 1 pq: 2 rg: 2 | total time: 22.21m | eta: 23.6m
step 01854/03814 (48.61%) | loss: 3.417688 | lrm: 0.80 | dt: 722.98ms | tok/sec: 90,647 | bf16_mfu: 0.00 | epoch: 1 pq: 2 rg: 2 | total time: 22.23m | eta: 23.6m
step 01855/03814 (48.64%) | loss: 3.404455 | lrm: 0.80 | dt: 715.47ms | tok/sec: 91,598 | bf16_mfu: 0.00 | epoch: 1 pq: 2 rg: 2 | total time: 22.24m | eta: 23.6m
step 01856/03814 (48.66%) | loss: 3.392780 | lrm: 0.80 | dt: 736.13ms | tok/sec: 89,027 | bf16_mfu: 0.00 | epoch: 1 pq: 2 rg: 3 | total time: 22.25m | eta: 23.6m
step 01857/03814 (48.69%) | loss: 3.408134 | lrm: 0.80 | dt: 718.27ms | tok/sec: 91,241 | bf16_mfu: 0.00 | epoch: 1 pq: 2 rg: 3 | total time: 22.26m | eta: 23.6m
step 01858/03814 (48.72%) | loss: 3.434348 | lrm: 0.80 | dt: 722.16ms | tok/sec: 90,749 | bf16_mfu: 0.00 | epoch: 1 pq: 2 rg: 3 | total time: 22.27m | eta: 23.6m
step 01859/03814 (48.74%) | loss: 3.438198 | lrm: 0.80 | dt: 717.59ms | tok/sec: 91,327 | bf16_mfu: 0.00 | epoch: 1 pq: 2 rg: 3 | total time: 22.29m | eta: 23.6m
step 01860/03814 (48.77%) | loss: 3.438253 | lrm: 0.80 | dt: 720.36ms | tok/sec: 90,977 | bf16_mfu: 0.00 | epoch: 1 pq: 2 rg: 3 | total time: 22.30m | eta: 23.6m
step 01861/03814 (48.79%) | loss: 3.431972 | lrm: 0.80 | dt: 721.77ms | tok/sec: 90,799 | bf16_mfu: 0.00 | epoch: 1 pq: 2 rg: 3 | total time: 22.31m | eta: 23.5m
step 01862/03814 (48.82%) | loss: 3.410997 | lrm: 0.80 | dt: 719.94ms | tok/sec: 91,029 | bf16_mfu: 0.00 | epoch: 1 pq: 2 rg: 3 | total time: 22.32m | eta: 23.5m
step 01863/03814 (48.85%) | loss: 3.414646 | lrm: 0.80 | dt: 717.38ms | tok/sec: 91,354 | bf16_mfu: 0.00 | epoch: 1 pq: 2 rg: 3 | total time: 22.33m | eta: 23.5m
step 01864/03814 (48.87%) | loss: 3.409436 | lrm: 0.80 | dt: 719.11ms | tok/sec: 91,135 | bf16_mfu: 0.00 | epoch: 1 pq: 2 rg: 3 | total time: 22.35m | eta: 23.5m
step 01865/03814 (48.90%) | loss: 3.405038 | lrm: 0.80 | dt: 718.39ms | tok/sec: 91,225 | bf16_mfu: 0.00 | epoch: 1 pq: 2 rg: 4 | total time: 22.36m | eta: 23.5m
step 01866/03814 (48.93%) | loss: 3.436962 | lrm: 0.80 | dt: 712.22ms | tok/sec: 92,017 | bf16_mfu: 0.00 | epoch: 1 pq: 2 rg: 4 | total time: 22.37m | eta: 23.5m
step 01867/03814 (48.95%) | loss: 3.418337 | lrm: 0.80 | dt: 721.57ms | tok/sec: 90,824 | bf16_mfu: 0.00 | epoch: 1 pq: 2 rg: 4 | total time: 22.38m | eta: 23.5m
step 01868/03814 (48.98%) | loss: 3.423090 | lrm: 0.80 | dt: 716.63ms | tok/sec: 91,450 | bf16_mfu: 0.00 | epoch: 1 pq: 2 rg: 4 | total time: 22.39m | eta: 23.5m
step 01869/03814 (49.00%) | loss: 3.399646 | lrm: 0.80 | dt: 721.60ms | tok/sec: 90,819 | bf16_mfu: 0.00 | epoch: 1 pq: 2 rg: 4 | total time: 22.41m | eta: 23.4m
step 01870/03814 (49.03%) | loss: 3.397265 | lrm: 0.79 | dt: 716.22ms | tok/sec: 91,502 | bf16_mfu: 0.00 | epoch: 1 pq: 2 rg: 4 | total time: 22.42m | eta: 23.4m
step 01871/03814 (49.06%) | loss: 3.403553 | lrm: 0.79 | dt: 711.26ms | tok/sec: 92,140 | bf16_mfu: 0.00 | epoch: 1 pq: 2 rg: 4 | total time: 22.43m | eta: 23.4m
step 01872/03814 (49.08%) | loss: 3.416673 | lrm: 0.79 | dt: 720.64ms | tok/sec: 90,941 | bf16_mfu: 0.00 | epoch: 1 pq: 2 rg: 4 | total time: 22.44m | eta: 23.4m
step 01873/03814 (49.11%) | loss: 3.448889 | lrm: 0.79 | dt: 733.75ms | tok/sec: 89,316 | bf16_mfu: 0.00 | epoch: 1 pq: 2 rg: 4 | total time: 22.45m | eta: 23.4m
step 01874/03814 (49.13%) | loss: 3.473874 | lrm: 0.79 | dt: 716.04ms | tok/sec: 91,525 | bf16_mfu: 0.00 | epoch: 1 pq: 2 rg: 5 | total time: 22.47m | eta: 23.4m
step 01875/03814 (49.16%) | loss: 3.451335 | lrm: 0.79 | dt: 720.31ms | tok/sec: 90,982 | bf16_mfu: 0.00 | epoch: 1 pq: 2 rg: 5 | total time: 22.48m | eta: 23.4m
step 01876/03814 (49.19%) | loss: 3.436524 | lrm: 0.79 | dt: 768.77ms | tok/sec: 85,247 | bf16_mfu: 0.00 | epoch: 1 pq: 2 rg: 5 | total time: 22.49m | eta: 23.4m
step 01877/03814 (49.21%) | loss: 3.424740 | lrm: 0.79 | dt: 726.82ms | tok/sec: 90,168 | bf16_mfu: 0.00 | epoch: 1 pq: 2 rg: 5 | total time: 22.50m | eta: 23.3m
step 01878/03814 (49.24%) | loss: 3.409020 | lrm: 0.79 | dt: 722.38ms | tok/sec: 90,722 | bf16_mfu: 0.00 | epoch: 1 pq: 2 rg: 5 | total time: 22.52m | eta: 23.3m
step 01879/03814 (49.27%) | loss: 3.385137 | lrm: 0.79 | dt: 720.71ms | tok/sec: 90,932 | bf16_mfu: 0.00 | epoch: 1 pq: 2 rg: 5 | total time: 22.53m | eta: 23.3m
step 01880/03814 (49.29%) | loss: 3.424557 | lrm: 0.79 | dt: 723.45ms | tok/sec: 90,588 | bf16_mfu: 0.00 | epoch: 1 pq: 2 rg: 5 | total time: 22.54m | eta: 23.3m
step 01881/03814 (49.32%) | loss: 3.449485 | lrm: 0.79 | dt: 717.58ms | tok/sec: 91,328 | bf16_mfu: 0.00 | epoch: 1 pq: 2 rg: 5 | total time: 22.55m | eta: 23.3m
step 01882/03814 (49.34%) | loss: 3.429541 | lrm: 0.79 | dt: 722.94ms | tok/sec: 90,652 | bf16_mfu: 0.00 | epoch: 1 pq: 2 rg: 5 | total time: 22.56m | eta: 23.3m
step 01883/03814 (49.37%) | loss: 3.414412 | lrm: 0.79 | dt: 715.27ms | tok/sec: 91,624 | bf16_mfu: 0.00 | epoch: 1 pq: 2 rg: 6 | total time: 22.58m | eta: 23.3m
step 01884/03814 (49.40%) | loss: 3.407337 | lrm: 0.79 | dt: 716.84ms | tok/sec: 91,423 | bf16_mfu: 0.00 | epoch: 1 pq: 2 rg: 6 | total time: 22.59m | eta: 23.3m
step 01885/03814 (49.42%) | loss: 3.396068 | lrm: 0.79 | dt: 721.32ms | tok/sec: 90,856 | bf16_mfu: 0.00 | epoch: 1 pq: 2 rg: 6 | total time: 22.60m | eta: 23.3m
step 01886/03814 (49.45%) | loss: 3.408051 | lrm: 0.79 | dt: 717.66ms | tok/sec: 91,318 | bf16_mfu: 0.00 | epoch: 1 pq: 2 rg: 6 | total time: 22.61m | eta: 23.2m
step 01887/03814 (49.48%) | loss: 3.430079 | lrm: 0.79 | dt: 717.87ms | tok/sec: 91,291 | bf16_mfu: 0.00 | epoch: 1 pq: 2 rg: 6 | total time: 22.62m | eta: 23.2m
step 01888/03814 (49.50%) | loss: 3.414469 | lrm: 0.79 | dt: 903.90ms | tok/sec: 72,503 | bf16_mfu: 0.00 | epoch: 1 pq: 2 rg: 6 | total time: 22.64m | eta: 23.2m
step 01889/03814 (49.53%) | loss: 3.393956 | lrm: 0.79 | dt: 717.38ms | tok/sec: 91,354 | bf16_mfu: 0.00 | epoch: 1 pq: 2 rg: 6 | total time: 22.65m | eta: 23.2m
step 01890/03814 (49.55%) | loss: 3.378602 | lrm: 0.79 | dt: 717.43ms | tok/sec: 91,348 | bf16_mfu: 0.00 | epoch: 1 pq: 2 rg: 6 | total time: 22.66m | eta: 23.2m
step 01891/03814 (49.58%) | loss: 3.378356 | lrm: 0.79 | dt: 718.31ms | tok/sec: 91,236 | bf16_mfu: 0.00 | epoch: 1 pq: 2 rg: 6 | total time: 22.67m | eta: 23.2m
step 01892/03814 (49.61%) | loss: 3.371041 | lrm: 0.79 | dt: 715.66ms | tok/sec: 91,573 | bf16_mfu: 0.00 | epoch: 1 pq: 2 rg: 6 | total time: 22.69m | eta: 23.2m
step 01893/03814 (49.63%) | loss: 3.381262 | lrm: 0.79 | dt: 716.61ms | tok/sec: 91,453 | bf16_mfu: 0.00 | epoch: 1 pq: 2 rg: 7 | total time: 22.70m | eta: 23.2m
step 01894/03814 (49.66%) | loss: 3.383960 | lrm: 0.79 | dt: 720.11ms | tok/sec: 91,008 | bf16_mfu: 0.00 | epoch: 1 pq: 2 rg: 7 | total time: 22.71m | eta: 23.1m
step 01895/03814 (49.69%) | loss: 3.404010 | lrm: 0.79 | dt: 717.48ms | tok/sec: 91,342 | bf16_mfu: 0.00 | epoch: 1 pq: 2 rg: 7 | total time: 22.72m | eta: 23.1m
step 01896/03814 (49.71%) | loss: 3.393179 | lrm: 0.79 | dt: 722.13ms | tok/sec: 90,753 | bf16_mfu: 0.00 | epoch: 1 pq: 2 rg: 7 | total time: 22.73m | eta: 23.1m
step 01897/03814 (49.74%) | loss: 3.379809 | lrm: 0.78 | dt: 716.70ms | tok/sec: 91,440 | bf16_mfu: 0.00 | epoch: 1 pq: 2 rg: 7 | total time: 22.75m | eta: 23.1m
step 01898/03814 (49.76%) | loss: 3.348847 | lrm: 0.78 | dt: 719.98ms | tok/sec: 91,024 | bf16_mfu: 0.00 | epoch: 1 pq: 2 rg: 7 | total time: 22.76m | eta: 23.1m
step 01899/03814 (49.79%) | loss: 3.345341 | lrm: 0.78 | dt: 715.70ms | tok/sec: 91,569 | bf16_mfu: 0.00 | epoch: 1 pq: 2 rg: 7 | total time: 22.77m | eta: 23.1m
step 01900/03814 (49.82%) | loss: 3.364697 | lrm: 0.78 | dt: 721.71ms | tok/sec: 90,806 | bf16_mfu: 0.00 | epoch: 1 pq: 2 rg: 7 | total time: 22.78m | eta: 23.1m
step 01901/03814 (49.84%) | loss: 3.352331 | lrm: 0.78 | dt: 716.08ms | tok/sec: 91,519 | bf16_mfu: 0.00 | epoch: 1 pq: 2 rg: 7 | total time: 22.79m | eta: 23.1m
step 01902/03814 (49.87%) | loss: 3.363185 | lrm: 0.78 | dt: 721.46ms | tok/sec: 90,837 | bf16_mfu: 0.00 | epoch: 1 pq: 2 rg: 8 | total time: 22.81m | eta: 23.0m
step 01903/03814 (49.90%) | loss: 3.347334 | lrm: 0.78 | dt: 719.88ms | tok/sec: 91,037 | bf16_mfu: 0.00 | epoch: 1 pq: 2 rg: 8 | total time: 22.82m | eta: 23.0m
step 01904/03814 (49.92%) | loss: 3.337841 | lrm: 0.78 | dt: 719.88ms | tok/sec: 91,037 | bf16_mfu: 0.00 | epoch: 1 pq: 2 rg: 8 | total time: 22.83m | eta: 23.0m
step 01905/03814 (49.95%) | loss: 3.322246 | lrm: 0.78 | dt: 724.69ms | tok/sec: 90,432 | bf16_mfu: 0.00 | epoch: 1 pq: 2 rg: 8 | total time: 22.84m | eta: 23.0m
step 01906/03814 (49.97%) | loss: 3.304739 | lrm: 0.78 | dt: 718.98ms | tok/sec: 91,151 | bf16_mfu: 0.00 | epoch: 1 pq: 2 rg: 8 | total time: 22.85m | eta: 23.0m
step 01907/03814 (50.00%) | loss: 3.330278 | lrm: 0.78 | dt: 723.20ms | tok/sec: 90,619 | bf16_mfu: 0.00 | epoch: 1 pq: 2 rg: 8 | total time: 22.87m | eta: 23.0m
step 01908/03814 (50.03%) | loss: 3.333009 | lrm: 0.78 | dt: 720.27ms | tok/sec: 90,988 | bf16_mfu: 0.00 | epoch: 1 pq: 2 rg: 8 | total time: 22.88m | eta: 23.0m
step 01909/03814 (50.05%) | loss: 3.354219 | lrm: 0.78 | dt: 717.20ms | tok/sec: 91,377 | bf16_mfu: 0.00 | epoch: 1 pq: 2 rg: 8 | total time: 22.89m | eta: 23.0m
step 01910/03814 (50.08%) | loss: 3.353681 | lrm: 0.78 | dt: 723.76ms | tok/sec: 90,549 | bf16_mfu: 0.00 | epoch: 1 pq: 2 rg: 8 | total time: 22.90m | eta: 23.0m
step 01911/03814 (50.10%) | loss: 3.340247 | lrm: 0.78 | dt: 718.15ms | tok/sec: 91,256 | bf16_mfu: 0.00 | epoch: 1 pq: 2 rg: 9 | total time: 22.91m | eta: 22.9m
step 01912/03814 (50.13%) | loss: 3.329657 | lrm: 0.78 | dt: 718.29ms | tok/sec: 91,238 | bf16_mfu: 0.00 | epoch: 1 pq: 2 rg: 9 | total time: 22.93m | eta: 22.9m
step 01913/03814 (50.16%) | loss: 3.323612 | lrm: 0.78 | dt: 747.63ms | tok/sec: 87,658 | bf16_mfu: 0.00 | epoch: 1 pq: 2 rg: 9 | total time: 22.94m | eta: 22.9m
step 01914/03814 (50.18%) | loss: 3.302298 | lrm: 0.78 | dt: 726.50ms | tok/sec: 90,208 | bf16_mfu: 0.00 | epoch: 1 pq: 2 rg: 9 | total time: 22.95m | eta: 22.9m
step 01915/03814 (50.21%) | loss: 3.301222 | lrm: 0.78 | dt: 717.45ms | tok/sec: 91,346 | bf16_mfu: 0.00 | epoch: 1 pq: 2 rg: 9 | total time: 22.96m | eta: 22.9m
step 01916/03814 (50.24%) | loss: 3.314442 | lrm: 0.78 | dt: 724.31ms | tok/sec: 90,480 | bf16_mfu: 0.00 | epoch: 1 pq: 2 rg: 9 | total time: 22.97m | eta: 22.9m
step 01917/03814 (50.26%) | loss: 3.322457 | lrm: 0.78 | dt: 715.85ms | tok/sec: 91,550 | bf16_mfu: 0.00 | epoch: 1 pq: 2 rg: 9 | total time: 22.99m | eta: 22.9m
step 01918/03814 (50.29%) | loss: 3.323307 | lrm: 0.78 | dt: 721.07ms | tok/sec: 90,887 | bf16_mfu: 0.00 | epoch: 1 pq: 2 rg: 9 | total time: 23.00m | eta: 22.9m
step 01919/03814 (50.31%) | loss: 3.313359 | lrm: 0.78 | dt: 715.37ms | tok/sec: 91,610 | bf16_mfu: 0.00 | epoch: 1 pq: 2 rg: 9 | total time: 23.01m | eta: 22.8m
step 01920/03814 (50.34%) | loss: 3.304688 | lrm: 0.78 | dt: 718.90ms | tok/sec: 91,161 | bf16_mfu: 0.00 | epoch: 1 pq: 2 rg: 9 | total time: 23.02m | eta: 22.8m
step 01921/03814 (50.37%) | loss: 3.325805 | lrm: 0.78 | dt: 716.04ms | tok/sec: 91,526 | bf16_mfu: 0.00 | epoch: 1 pq: 2 rg: 10 | total time: 23.03m | eta: 22.8m
step 01922/03814 (50.39%) | loss: 3.334945 | lrm: 0.78 | dt: 744.71ms | tok/sec: 88,002 | bf16_mfu: 0.00 | epoch: 1 pq: 2 rg: 10 | total time: 23.05m | eta: 22.8m
step 01923/03814 (50.42%) | loss: 3.359564 | lrm: 0.77 | dt: 719.81ms | tok/sec: 91,046 | bf16_mfu: 0.00 | epoch: 1 pq: 2 rg: 10 | total time: 23.06m | eta: 22.8m
step 01924/03814 (50.45%) | loss: 3.349380 | lrm: 0.77 | dt: 716.93ms | tok/sec: 91,412 | bf16_mfu: 0.00 | epoch: 1 pq: 2 rg: 10 | total time: 23.07m | eta: 22.8m
step 01925/03814 (50.47%) | loss: 3.321408 | lrm: 0.77 | dt: 715.03ms | tok/sec: 91,655 | bf16_mfu: 0.00 | epoch: 1 pq: 2 rg: 10 | total time: 23.08m | eta: 22.8m
step 01926/03814 (50.50%) | loss: 3.297189 | lrm: 0.77 | dt: 715.88ms | tok/sec: 91,546 | bf16_mfu: 0.00 | epoch: 1 pq: 2 rg: 10 | total time: 23.09m | eta: 22.8m
step 01927/03814 (50.52%) | loss: 3.301507 | lrm: 0.77 | dt: 716.51ms | tok/sec: 91,465 | bf16_mfu: 0.00 | epoch: 1 pq: 2 rg: 10 | total time: 23.11m | eta: 22.7m
step 01928/03814 (50.55%) | loss: 3.311470 | lrm: 0.77 | dt: 717.36ms | tok/sec: 91,357 | bf16_mfu: 0.00 | epoch: 1 pq: 2 rg: 10 | total time: 23.12m | eta: 22.7m
step 01929/03814 (50.58%) | loss: 3.333686 | lrm: 0.77 | dt: 718.92ms | tok/sec: 91,159 | bf16_mfu: 0.00 | epoch: 1 pq: 2 rg: 10 | total time: 23.13m | eta: 22.7m
step 01930/03814 (50.60%) | loss: 3.351639 | lrm: 0.77 | dt: 715.38ms | tok/sec: 91,610 | bf16_mfu: 0.00 | epoch: 1 pq: 2 rg: 11 | total time: 23.14m | eta: 22.7m
step 01931/03814 (50.63%) | loss: 3.347428 | lrm: 0.77 | dt: 724.87ms | tok/sec: 90,410 | bf16_mfu: 0.00 | epoch: 1 pq: 2 rg: 11 | total time: 23.15m | eta: 22.7m
step 01932/03814 (50.66%) | loss: 3.345089 | lrm: 0.77 | dt: 716.65ms | tok/sec: 91,447 | bf16_mfu: 0.00 | epoch: 1 pq: 2 rg: 11 | total time: 23.17m | eta: 22.7m
step 01933/03814 (50.68%) | loss: 3.341724 | lrm: 0.77 | dt: 719.03ms | tok/sec: 91,145 | bf16_mfu: 0.00 | epoch: 1 pq: 2 rg: 11 | total time: 23.18m | eta: 22.7m
step 01934/03814 (50.71%) | loss: 3.338258 | lrm: 0.77 | dt: 717.80ms | tok/sec: 91,301 | bf16_mfu: 0.00 | epoch: 1 pq: 2 rg: 11 | total time: 23.19m | eta: 22.7m
step 01935/03814 (50.73%) | loss: 3.345278 | lrm: 0.77 | dt: 720.35ms | tok/sec: 90,977 | bf16_mfu: 0.00 | epoch: 1 pq: 2 rg: 11 | total time: 23.20m | eta: 22.6m
step 01936/03814 (50.76%) | loss: 3.363030 | lrm: 0.77 | dt: 717.69ms | tok/sec: 91,315 | bf16_mfu: 0.00 | epoch: 1 pq: 2 rg: 11 | total time: 23.21m | eta: 22.6m
step 01937/03814 (50.79%) | loss: 3.369168 | lrm: 0.77 | dt: 716.94ms | tok/sec: 91,410 | bf16_mfu: 0.00 | epoch: 1 pq: 2 rg: 11 | total time: 23.23m | eta: 22.6m
step 01938/03814 (50.81%) | loss: 3.361575 | lrm: 0.77 | dt: 719.62ms | tok/sec: 91,070 | bf16_mfu: 0.00 | epoch: 1 pq: 2 rg: 11 | total time: 23.24m | eta: 22.6m
step 01939/03814 (50.84%) | loss: 3.330369 | lrm: 0.77 | dt: 718.06ms | tok/sec: 91,267 | bf16_mfu: 0.00 | epoch: 1 pq: 2 rg: 11 | total time: 23.25m | eta: 22.6m
step 01940/03814 (50.87%) | loss: 3.318086 | lrm: 0.77 | dt: 930.54ms | tok/sec: 70,428 | bf16_mfu: 0.00 | epoch: 1 pq: 2 rg: 12 | total time: 23.27m | eta: 22.6m
step 01941/03814 (50.89%) | loss: 3.324701 | lrm: 0.77 | dt: 718.15ms | tok/sec: 91,257 | bf16_mfu: 0.00 | epoch: 1 pq: 2 rg: 12 | total time: 23.28m | eta: 22.6m
step 01942/03814 (50.92%) | loss: 3.345485 | lrm: 0.77 | dt: 719.24ms | tok/sec: 91,118 | bf16_mfu: 0.00 | epoch: 1 pq: 2 rg: 12 | total time: 23.29m | eta: 22.6m
step 01943/03814 (50.94%) | loss: 3.366315 | lrm: 0.77 | dt: 721.27ms | tok/sec: 90,861 | bf16_mfu: 0.00 | epoch: 1 pq: 2 rg: 12 | total time: 23.30m | eta: 22.6m
step 01944/03814 (50.97%) | loss: 3.354873 | lrm: 0.77 | dt: 715.80ms | tok/sec: 91,555 | bf16_mfu: 0.00 | epoch: 1 pq: 2 rg: 12 | total time: 23.31m | eta: 22.5m
step 01945/03814 (51.00%) | loss: 3.333343 | lrm: 0.77 | dt: 720.00ms | tok/sec: 91,021 | bf16_mfu: 0.00 | epoch: 1 pq: 2 rg: 12 | total time: 23.33m | eta: 22.5m
step 01946/03814 (51.02%) | loss: 3.323477 | lrm: 0.77 | dt: 718.24ms | tok/sec: 91,245 | bf16_mfu: 0.00 | epoch: 1 pq: 2 rg: 12 | total time: 23.34m | eta: 22.5m
step 01947/03814 (51.05%) | loss: 3.322589 | lrm: 0.77 | dt: 715.08ms | tok/sec: 91,648 | bf16_mfu: 0.00 | epoch: 1 pq: 2 rg: 12 | total time: 23.35m | eta: 22.5m
step 01948/03814 (51.07%) | loss: 3.339033 | lrm: 0.77 | dt: 721.18ms | tok/sec: 90,872 | bf16_mfu: 0.00 | epoch: 1 pq: 2 rg: 12 | total time: 23.36m | eta: 22.5m
step 01949/03814 (51.10%) | loss: 3.348894 | lrm: 0.76 | dt: 715.89ms | tok/sec: 91,544 | bf16_mfu: 0.00 | epoch: 1 pq: 2 rg: 13 | total time: 23.37m | eta: 22.5m
step 01950/03814 (51.13%) | loss: 3.335983 | lrm: 0.76 | dt: 721.19ms | tok/sec: 90,872 | bf16_mfu: 0.00 | epoch: 1 pq: 2 rg: 13 | total time: 23.39m | eta: 22.5m
step 01951/03814 (51.15%) | loss: 3.331963 | lrm: 0.76 | dt: 717.74ms | tok/sec: 91,308 | bf16_mfu: 0.00 | epoch: 1 pq: 2 rg: 13 | total time: 23.40m | eta: 22.5m
step 01952/03814 (51.18%) | loss: 3.311479 | lrm: 0.76 | dt: 713.35ms | tok/sec: 91,871 | bf16_mfu: 0.00 | epoch: 1 pq: 2 rg: 13 | total time: 23.41m | eta: 22.4m
step 01953/03814 (51.21%) | loss: 3.300224 | lrm: 0.76 | dt: 717.51ms | tok/sec: 91,337 | bf16_mfu: 0.00 | epoch: 1 pq: 2 rg: 13 | total time: 23.42m | eta: 22.4m
step 01954/03814 (51.23%) | loss: 3.296548 | lrm: 0.76 | dt: 721.62ms | tok/sec: 90,817 | bf16_mfu: 0.00 | epoch: 1 pq: 2 rg: 13 | total time: 23.43m | eta: 22.4m
step 01955/03814 (51.26%) | loss: 3.311484 | lrm: 0.76 | dt: 715.29ms | tok/sec: 91,621 | bf16_mfu: 0.00 | epoch: 1 pq: 2 rg: 13 | total time: 23.45m | eta: 22.4m
step 01956/03814 (51.28%) | loss: 3.306004 | lrm: 0.76 | dt: 718.41ms | tok/sec: 91,223 | bf16_mfu: 0.00 | epoch: 1 pq: 2 rg: 13 | total time: 23.46m | eta: 22.4m
step 01957/03814 (51.31%) | loss: 3.310661 | lrm: 0.76 | dt: 758.05ms | tok/sec: 86,453 | bf16_mfu: 0.00 | epoch: 1 pq: 2 rg: 13 | total time: 23.47m | eta: 22.4m
step 01958/03814 (51.34%) | loss: 3.314120 | lrm: 0.76 | dt: 724.70ms | tok/sec: 90,431 | bf16_mfu: 0.00 | epoch: 1 pq: 2 rg: 14 | total time: 23.48m | eta: 22.4m
step 01959/03814 (51.36%) | loss: 3.297651 | lrm: 0.76 | dt: 714.49ms | tok/sec: 91,724 | bf16_mfu: 0.00 | epoch: 1 pq: 2 rg: 14 | total time: 23.49m | eta: 22.4m
step 01960/03814 (51.39%) | loss: 3.290469 | lrm: 0.76 | dt: 715.65ms | tok/sec: 91,575 | bf16_mfu: 0.00 | epoch: 1 pq: 2 rg: 14 | total time: 23.51m | eta: 22.3m
step 01961/03814 (51.42%) | loss: 3.306621 | lrm: 0.76 | dt: 716.07ms | tok/sec: 91,521 | bf16_mfu: 0.00 | epoch: 1 pq: 2 rg: 14 | total time: 23.52m | eta: 22.3m
step 01962/03814 (51.44%) | loss: 3.320540 | lrm: 0.76 | dt: 719.88ms | tok/sec: 91,037 | bf16_mfu: 0.00 | epoch: 1 pq: 2 rg: 14 | total time: 23.53m | eta: 22.3m
step 01963/03814 (51.47%) | loss: 3.307626 | lrm: 0.76 | dt: 710.53ms | tok/sec: 92,234 | bf16_mfu: 0.00 | epoch: 1 pq: 2 rg: 14 | total time: 23.54m | eta: 22.3m
step 01964/03814 (51.49%) | loss: 3.292576 | lrm: 0.76 | dt: 712.40ms | tok/sec: 91,993 | bf16_mfu: 0.00 | epoch: 1 pq: 2 rg: 14 | total time: 23.55m | eta: 22.3m
step 01965/03814 (51.52%) | loss: 3.287547 | lrm: 0.76 | dt: 714.47ms | tok/sec: 91,726 | bf16_mfu: 0.00 | epoch: 1 pq: 2 rg: 14 | total time: 23.57m | eta: 22.3m
step 01966/03814 (51.55%) | loss: 3.284180 | lrm: 0.76 | dt: 720.25ms | tok/sec: 90,990 | bf16_mfu: 0.00 | epoch: 1 pq: 2 rg: 14 | total time: 23.58m | eta: 22.3m
step 01967/03814 (51.57%) | loss: 3.293120 | lrm: 0.76 | dt: 714.02ms | tok/sec: 91,784 | bf16_mfu: 0.00 | epoch: 1 pq: 2 rg: 14 | total time: 23.59m | eta: 22.3m
step 01968/03814 (51.60%) | loss: 3.305506 | lrm: 0.76 | dt: 711.67ms | tok/sec: 92,087 | bf16_mfu: 0.00 | epoch: 1 pq: 2 rg: 15 | total time: 23.60m | eta: 22.3m
step 01969/03814 (51.63%) | loss: 3.320167 | lrm: 0.76 | dt: 717.36ms | tok/sec: 91,357 | bf16_mfu: 0.00 | epoch: 1 pq: 2 rg: 15 | total time: 23.61m | eta: 22.2m
step 01970/03814 (51.65%) | loss: 3.312500 | lrm: 0.76 | dt: 713.73ms | tok/sec: 91,821 | bf16_mfu: 0.00 | epoch: 1 pq: 2 rg: 15 | total time: 23.63m | eta: 22.2m
step 01971/03814 (51.68%) | loss: 3.310063 | lrm: 0.76 | dt: 790.48ms | tok/sec: 82,907 | bf16_mfu: 0.00 | epoch: 1 pq: 2 rg: 15 | total time: 23.64m | eta: 22.2m
step 01972/03814 (51.70%) | loss: 3.301896 | lrm: 0.76 | dt: 718.80ms | tok/sec: 91,173 | bf16_mfu: 0.00 | epoch: 1 pq: 2 rg: 15 | total time: 23.65m | eta: 22.2m
step 01973/03814 (51.73%) | loss: 3.288984 | lrm: 0.76 | dt: 720.26ms | tok/sec: 90,988 | bf16_mfu: 0.00 | epoch: 1 pq: 2 rg: 15 | total time: 23.66m | eta: 22.2m
step 01974/03814 (51.76%) | loss: 3.301890 | lrm: 0.76 | dt: 939.81ms | tok/sec: 69,733 | bf16_mfu: 0.00 | epoch: 1 pq: 2 rg: 15 | total time: 23.68m | eta: 22.2m
step 01975/03814 (51.78%) | loss: 3.313932 | lrm: 0.75 | dt: 718.59ms | tok/sec: 91,200 | bf16_mfu: 0.00 | epoch: 1 pq: 2 rg: 15 | total time: 23.69m | eta: 22.2m
step 01976/03814 (51.81%) | loss: 3.349129 | lrm: 0.75 | dt: 715.47ms | tok/sec: 91,598 | bf16_mfu: 0.00 | epoch: 1 pq: 2 rg: 15 | total time: 23.70m | eta: 22.2m
step 01977/03814 (51.84%) | loss: 3.346336 | lrm: 0.75 | dt: 715.31ms | tok/sec: 91,618 | bf16_mfu: 0.00 | epoch: 1 pq: 2 rg: 16 | total time: 23.71m | eta: 22.1m
step 01978/03814 (51.86%) | loss: 3.320270 | lrm: 0.75 | dt: 710.57ms | tok/sec: 92,230 | bf16_mfu: 0.00 | epoch: 1 pq: 2 rg: 16 | total time: 23.73m | eta: 22.1m
step 01979/03814 (51.89%) | loss: 3.309275 | lrm: 0.75 | dt: 829.93ms | tok/sec: 78,965 | bf16_mfu: 0.00 | epoch: 1 pq: 2 rg: 16 | total time: 23.74m | eta: 22.1m
step 01980/03814 (51.91%) | loss: 3.303509 | lrm: 0.75 | dt: 711.71ms | tok/sec: 92,082 | bf16_mfu: 0.00 | epoch: 1 pq: 2 rg: 16 | total time: 23.75m | eta: 22.1m
step 01981/03814 (51.94%) | loss: 3.278433 | lrm: 0.75 | dt: 713.77ms | tok/sec: 91,816 | bf16_mfu: 0.00 | epoch: 1 pq: 2 rg: 16 | total time: 23.76m | eta: 22.1m
step 01982/03814 (51.97%) | loss: 3.297850 | lrm: 0.75 | dt: 714.39ms | tok/sec: 91,737 | bf16_mfu: 0.00 | epoch: 1 pq: 2 rg: 16 | total time: 23.78m | eta: 22.1m
step 01983/03814 (51.99%) | loss: 3.300784 | lrm: 0.75 | dt: 713.57ms | tok/sec: 91,841 | bf16_mfu: 0.00 | epoch: 1 pq: 2 rg: 16 | total time: 23.79m | eta: 22.1m
step 01984/03814 (52.02%) | loss: 3.297810 | lrm: 0.75 | dt: 719.15ms | tok/sec: 91,129 | bf16_mfu: 0.00 | epoch: 1 pq: 2 rg: 16 | total time: 23.80m | eta: 22.1m
step 01985/03814 (52.05%) | loss: 3.308949 | lrm: 0.75 | dt: 1039.52ms | tok/sec: 63,044 | bf16_mfu: 0.00 | epoch: 1 pq: 2 rg: 16 | total time: 23.82m | eta: 22.1m
step 01986/03814 (52.07%) | loss: 3.299123 | lrm: 0.75 | dt: 827.06ms | tok/sec: 79,239 | bf16_mfu: 0.00 | epoch: 1 pq: 2 rg: 17 | total time: 23.83m | eta: 22.0m
step 01987/03814 (52.10%) | loss: 3.288520 | lrm: 0.75 | dt: 717.06ms | tok/sec: 91,395 | bf16_mfu: 0.00 | epoch: 1 pq: 2 rg: 17 | total time: 23.84m | eta: 22.0m
step 01988/03814 (52.12%) | loss: 3.288401 | lrm: 0.75 | dt: 715.51ms | tok/sec: 91,593 | bf16_mfu: 0.00 | epoch: 1 pq: 2 rg: 17 | total time: 23.85m | eta: 22.0m
step 01989/03814 (52.15%) | loss: 3.286151 | lrm: 0.75 | dt: 712.15ms | tok/sec: 92,025 | bf16_mfu: 0.00 | epoch: 1 pq: 2 rg: 17 | total time: 23.87m | eta: 22.0m
step 01990/03814 (52.18%) | loss: 3.295940 | lrm: 0.75 | dt: 709.16ms | tok/sec: 92,413 | bf16_mfu: 0.00 | epoch: 1 pq: 2 rg: 17 | total time: 23.88m | eta: 22.0m
step 01991/03814 (52.20%) | loss: 3.304101 | lrm: 0.75 | dt: 838.34ms | tok/sec: 78,173 | bf16_mfu: 0.00 | epoch: 1 pq: 2 rg: 17 | total time: 23.89m | eta: 22.0m
step 01992/03814 (52.23%) | loss: 3.287761 | lrm: 0.75 | dt: 709.28ms | tok/sec: 92,398 | bf16_mfu: 0.00 | epoch: 1 pq: 2 rg: 17 | total time: 23.90m | eta: 22.0m
step 01993/03814 (52.25%) | loss: 3.279312 | lrm: 0.75 | dt: 710.69ms | tok/sec: 92,214 | bf16_mfu: 0.00 | epoch: 1 pq: 2 rg: 17 | total time: 23.92m | eta: 22.0m
step 01994/03814 (52.28%) | loss: 3.267962 | lrm: 0.75 | dt: 711.19ms | tok/sec: 92,149 | bf16_mfu: 0.00 | epoch: 1 pq: 2 rg: 17 | total time: 23.93m | eta: 21.9m
step 01995/03814 (52.31%) | loss: 3.273235 | lrm: 0.75 | dt: 714.23ms | tok/sec: 91,757 | bf16_mfu: 0.00 | epoch: 1 pq: 2 rg: 17 | total time: 23.94m | eta: 21.9m
step 01996/03814 (52.33%) | loss: 3.282508 | lrm: 0.75 | dt: 735.40ms | tok/sec: 89,115 | bf16_mfu: 0.00 | epoch: 1 pq: 2 rg: 18 | total time: 23.95m | eta: 21.9m
step 01997/03814 (52.36%) | loss: 3.293307 | lrm: 0.75 | dt: 712.48ms | tok/sec: 91,982 | bf16_mfu: 0.00 | epoch: 1 pq: 2 rg: 18 | total time: 23.96m | eta: 21.9m
step 01998/03814 (52.39%) | loss: 3.306862 | lrm: 0.75 | dt: 710.31ms | tok/sec: 92,263 | bf16_mfu: 0.00 | epoch: 1 pq: 2 rg: 18 | total time: 23.98m | eta: 21.9m
step 01999/03814 (52.41%) | loss: 3.316762 | lrm: 0.75 | dt: 714.47ms | tok/sec: 91,727 | bf16_mfu: 0.00 | epoch: 1 pq: 2 rg: 18 | total time: 23.99m | eta: 21.9m
Step 02000 | Validation bpb: 0.731235
step 02000/03814 (52.44%) | loss: 3.315546 | lrm: 0.75 | dt: 707.48ms | tok/sec: 92,632 | bf16_mfu: 0.00 | epoch: 1 pq: 2 rg: 18 | total time: 24.00m | eta: 21.9m
step 02001/03814 (52.46%) | loss: 3.287559 | lrm: 0.74 | dt: 797.09ms | tok/sec: 82,218 | bf16_mfu: 0.00 | epoch: 1 pq: 2 rg: 18 | total time: 24.01m | eta: 21.9m
step 02002/03814 (52.49%) | loss: 3.273902 | lrm: 0.74 | dt: 703.99ms | tok/sec: 93,091 | bf16_mfu: 0.00 | epoch: 1 pq: 2 rg: 18 | total time: 24.02m | eta: 21.9m
step 02003/03814 (52.52%) | loss: 3.270990 | lrm: 0.74 | dt: 709.20ms | tok/sec: 92,407 | bf16_mfu: 0.00 | epoch: 1 pq: 2 rg: 18 | total time: 24.04m | eta: 21.8m
step 02004/03814 (52.54%) | loss: 3.294928 | lrm: 0.74 | dt: 709.22ms | tok/sec: 92,406 | bf16_mfu: 0.00 | epoch: 1 pq: 2 rg: 18 | total time: 24.05m | eta: 21.8m
step 02005/03814 (52.57%) | loss: 3.312881 | lrm: 0.74 | dt: 705.89ms | tok/sec: 92,842 | bf16_mfu: 0.00 | epoch: 1 pq: 2 rg: 19 | total time: 24.06m | eta: 21.8m
step 02006/03814 (52.60%) | loss: 3.334462 | lrm: 0.74 | dt: 712.80ms | tok/sec: 91,941 | bf16_mfu: 0.00 | epoch: 1 pq: 2 rg: 19 | total time: 24.07m | eta: 21.8m
step 02007/03814 (52.62%) | loss: 3.324045 | lrm: 0.74 | dt: 706.07ms | tok/sec: 92,817 | bf16_mfu: 0.00 | epoch: 1 pq: 2 rg: 19 | total time: 24.08m | eta: 21.8m
step 02008/03814 (52.65%) | loss: 3.310109 | lrm: 0.74 | dt: 709.66ms | tok/sec: 92,348 | bf16_mfu: 0.00 | epoch: 1 pq: 2 rg: 19 | total time: 24.09m | eta: 21.8m
step 02009/03814 (52.67%) | loss: 3.300860 | lrm: 0.74 | dt: 708.56ms | tok/sec: 92,492 | bf16_mfu: 0.00 | epoch: 1 pq: 2 rg: 19 | total time: 24.11m | eta: 21.8m
step 02010/03814 (52.70%) | loss: 3.291417 | lrm: 0.74 | dt: 710.86ms | tok/sec: 92,192 | bf16_mfu: 0.00 | epoch: 1 pq: 2 rg: 19 | total time: 24.12m | eta: 21.8m
step 02011/03814 (52.73%) | loss: 3.310001 | lrm: 0.74 | dt: 707.53ms | tok/sec: 92,627 | bf16_mfu: 0.00 | epoch: 1 pq: 2 rg: 19 | total time: 24.13m | eta: 21.7m
step 02012/03814 (52.75%) | loss: 3.357786 | lrm: 0.74 | dt: 708.87ms | tok/sec: 92,451 | bf16_mfu: 0.00 | epoch: 1 pq: 2 rg: 19 | total time: 24.14m | eta: 21.7m
step 02013/03814 (52.78%) | loss: 3.348960 | lrm: 0.74 | dt: 708.98ms | tok/sec: 92,437 | bf16_mfu: 0.00 | epoch: 1 pq: 2 rg: 19 | total time: 24.15m | eta: 21.7m
step 02014/03814 (52.81%) | loss: 3.337642 | lrm: 0.74 | dt: 712.13ms | tok/sec: 92,028 | bf16_mfu: 0.00 | epoch: 1 pq: 2 rg: 19 | total time: 24.17m | eta: 21.7m
step 02015/03814 (52.83%) | loss: 3.328595 | lrm: 0.74 | dt: 715.22ms | tok/sec: 91,630 | bf16_mfu: 0.00 | epoch: 1 pq: 2 rg: 20 | total time: 24.18m | eta: 21.7m
step 02016/03814 (52.86%) | loss: 3.342837 | lrm: 0.74 | dt: 718.15ms | tok/sec: 91,257 | bf16_mfu: 0.00 | epoch: 1 pq: 2 rg: 20 | total time: 24.19m | eta: 21.7m
step 02017/03814 (52.88%) | loss: 3.369813 | lrm: 0.74 | dt: 717.37ms | tok/sec: 91,356 | bf16_mfu: 0.00 | epoch: 1 pq: 2 rg: 20 | total time: 24.20m | eta: 21.7m
step 02018/03814 (52.91%) | loss: 3.365161 | lrm: 0.74 | dt: 715.51ms | tok/sec: 91,593 | bf16_mfu: 0.00 | epoch: 1 pq: 2 rg: 20 | total time: 24.21m | eta: 21.7m
step 02019/03814 (52.94%) | loss: 3.354978 | lrm: 0.74 | dt: 723.62ms | tok/sec: 90,566 | bf16_mfu: 0.00 | epoch: 1 pq: 2 rg: 20 | total time: 24.23m | eta: 21.6m
step 02020/03814 (52.96%) | loss: 3.325484 | lrm: 0.74 | dt: 720.88ms | tok/sec: 90,911 | bf16_mfu: 0.00 | epoch: 1 pq: 2 rg: 20 | total time: 24.24m | eta: 21.6m
step 02021/03814 (52.99%) | loss: 3.327718 | lrm: 0.74 | dt: 719.12ms | tok/sec: 91,134 | bf16_mfu: 0.00 | epoch: 1 pq: 2 rg: 20 | total time: 24.25m | eta: 21.6m
step 02022/03814 (53.02%) | loss: 3.314721 | lrm: 0.74 | dt: 733.02ms | tok/sec: 89,405 | bf16_mfu: 0.00 | epoch: 1 pq: 2 rg: 20 | total time: 24.26m | eta: 21.6m
step 02023/03814 (53.04%) | loss: 3.343649 | lrm: 0.74 | dt: 721.80ms | tok/sec: 90,795 | bf16_mfu: 0.00 | epoch: 1 pq: 2 rg: 20 | total time: 24.27m | eta: 21.6m
step 02024/03814 (53.07%) | loss: 3.340597 | lrm: 0.74 | dt: 830.98ms | tok/sec: 78,865 | bf16_mfu: 0.00 | epoch: 1 pq: 2 rg: 21 | total time: 24.29m | eta: 21.6m
step 02025/03814 (53.09%) | loss: 3.324317 | lrm: 0.74 | dt: 726.74ms | tok/sec: 90,177 | bf16_mfu: 0.00 | epoch: 1 pq: 2 rg: 21 | total time: 24.30m | eta: 21.6m
step 02026/03814 (53.12%) | loss: 3.317407 | lrm: 0.74 | dt: 722.45ms | tok/sec: 90,713 | bf16_mfu: 0.00 | epoch: 1 pq: 2 rg: 21 | total time: 24.31m | eta: 21.6m
step 02027/03814 (53.15%) | loss: 3.296577 | lrm: 0.73 | dt: 720.53ms | tok/sec: 90,954 | bf16_mfu: 0.00 | epoch: 1 pq: 2 rg: 21 | total time: 24.32m | eta: 21.6m
step 02028/03814 (53.17%) | loss: 3.286961 | lrm: 0.73 | dt: 724.35ms | tok/sec: 90,475 | bf16_mfu: 0.00 | epoch: 1 pq: 2 rg: 21 | total time: 24.34m | eta: 21.5m
step 02029/03814 (53.20%) | loss: 3.323047 | lrm: 0.73 | dt: 730.17ms | tok/sec: 89,754 | bf16_mfu: 0.00 | epoch: 1 pq: 2 rg: 21 | total time: 24.35m | eta: 21.5m
step 02030/03814 (53.22%) | loss: 3.346669 | lrm: 0.73 | dt: 731.27ms | tok/sec: 89,619 | bf16_mfu: 0.00 | epoch: 1 pq: 2 rg: 21 | total time: 24.36m | eta: 21.5m
step 02031/03814 (53.25%) | loss: 3.346947 | lrm: 0.73 | dt: 725.40ms | tok/sec: 90,344 | bf16_mfu: 0.00 | epoch: 1 pq: 2 rg: 21 | total time: 24.37m | eta: 21.5m
step 02032/03814 (53.28%) | loss: 3.340020 | lrm: 0.73 | dt: 719.66ms | tok/sec: 91,065 | bf16_mfu: 0.00 | epoch: 1 pq: 2 rg: 21 | total time: 24.38m | eta: 21.5m
step 02033/03814 (53.30%) | loss: 3.328237 | lrm: 0.73 | dt: 724.44ms | tok/sec: 90,464 | bf16_mfu: 0.00 | epoch: 1 pq: 2 rg: 21 | total time: 24.40m | eta: 21.5m
step 02034/03814 (53.33%) | loss: 3.311398 | lrm: 0.73 | dt: 813.03ms | tok/sec: 80,607 | bf16_mfu: 0.00 | epoch: 1 pq: 2 rg: 22 | total time: 24.41m | eta: 21.5m
step 02035/03814 (53.36%) | loss: 3.368049 | lrm: 0.73 | dt: 744.28ms | tok/sec: 88,053 | bf16_mfu: 0.00 | epoch: 1 pq: 2 rg: 22 | total time: 24.42m | eta: 21.5m
step 02036/03814 (53.38%) | loss: 3.356517 | lrm: 0.73 | dt: 731.87ms | tok/sec: 89,546 | bf16_mfu: 0.00 | epoch: 1 pq: 2 rg: 22 | total time: 24.43m | eta: 21.4m
step 02037/03814 (53.41%) | loss: 3.335415 | lrm: 0.73 | dt: 725.96ms | tok/sec: 90,275 | bf16_mfu: 0.00 | epoch: 1 pq: 2 rg: 22 | total time: 24.45m | eta: 21.4m
step 02038/03814 (53.43%) | loss: 3.311879 | lrm: 0.73 | dt: 724.78ms | tok/sec: 90,422 | bf16_mfu: 0.00 | epoch: 1 pq: 2 rg: 22 | total time: 24.46m | eta: 21.4m
step 02039/03814 (53.46%) | loss: 3.345740 | lrm: 0.73 | dt: 723.46ms | tok/sec: 90,586 | bf16_mfu: 0.00 | epoch: 1 pq: 2 rg: 22 | total time: 24.47m | eta: 21.4m
step 02040/03814 (53.49%) | loss: 3.364736 | lrm: 0.73 | dt: 776.82ms | tok/sec: 84,364 | bf16_mfu: 0.00 | epoch: 1 pq: 2 rg: 22 | total time: 24.48m | eta: 21.4m
step 02041/03814 (53.51%) | loss: 3.345785 | lrm: 0.73 | dt: 723.20ms | tok/sec: 90,619 | bf16_mfu: 0.00 | epoch: 1 pq: 2 rg: 22 | total time: 24.50m | eta: 21.4m
step 02042/03814 (53.54%) | loss: 3.334409 | lrm: 0.73 | dt: 728.21ms | tok/sec: 89,996 | bf16_mfu: 0.00 | epoch: 1 pq: 2 rg: 22 | total time: 24.51m | eta: 21.4m
step 02043/03814 (53.57%) | loss: 3.327113 | lrm: 0.73 | dt: 729.26ms | tok/sec: 89,866 | bf16_mfu: 0.00 | epoch: 1 pq: 2 rg: 22 | total time: 24.52m | eta: 21.4m
step 02044/03814 (53.59%) | loss: 3.355299 | lrm: 0.73 | dt: 727.34ms | tok/sec: 90,103 | bf16_mfu: 0.00 | epoch: 1 pq: 2 rg: 23 | total time: 24.53m | eta: 21.3m
step 02045/03814 (53.62%) | loss: 3.347145 | lrm: 0.73 | dt: 731.50ms | tok/sec: 89,590 | bf16_mfu: 0.00 | epoch: 1 pq: 2 rg: 23 | total time: 24.54m | eta: 21.3m
step 02046/03814 (53.64%) | loss: 3.369210 | lrm: 0.73 | dt: 878.68ms | tok/sec: 74,584 | bf16_mfu: 0.00 | epoch: 1 pq: 2 rg: 23 | total time: 24.56m | eta: 21.3m
step 02047/03814 (53.67%) | loss: 3.346792 | lrm: 0.73 | dt: 723.23ms | tok/sec: 90,615 | bf16_mfu: 0.00 | epoch: 1 pq: 2 rg: 23 | total time: 24.57m | eta: 21.3m
step 02048/03814 (53.70%) | loss: 3.321774 | lrm: 0.73 | dt: 727.58ms | tok/sec: 90,073 | bf16_mfu: 0.00 | epoch: 1 pq: 2 rg: 23 | total time: 24.58m | eta: 21.3m
step 02049/03814 (53.72%) | loss: 3.298726 | lrm: 0.73 | dt: 724.89ms | tok/sec: 90,408 | bf16_mfu: 0.00 | epoch: 1 pq: 2 rg: 23 | total time: 24.60m | eta: 21.3m
step 02050/03814 (53.75%) | loss: 3.266789 | lrm: 0.73 | dt: 720.82ms | tok/sec: 90,918 | bf16_mfu: 0.00 | epoch: 1 pq: 2 rg: 23 | total time: 24.61m | eta: 21.3m
step 02051/03814 (53.78%) | loss: 3.280817 | lrm: 0.73 | dt: 722.62ms | tok/sec: 90,692 | bf16_mfu: 0.00 | epoch: 1 pq: 2 rg: 23 | total time: 24.62m | eta: 21.3m
step 02052/03814 (53.80%) | loss: 3.303823 | lrm: 0.73 | dt: 721.60ms | tok/sec: 90,820 | bf16_mfu: 0.00 | epoch: 1 pq: 2 rg: 23 | total time: 24.63m | eta: 21.3m
step 02053/03814 (53.83%) | loss: 3.299782 | lrm: 0.72 | dt: 719.29ms | tok/sec: 91,112 | bf16_mfu: 0.00 | epoch: 1 pq: 2 rg: 24 | total time: 24.64m | eta: 21.2m
step 02054/03814 (53.85%) | loss: 3.281236 | lrm: 0.72 | dt: 726.74ms | tok/sec: 90,178 | bf16_mfu: 0.00 | epoch: 1 pq: 2 rg: 24 | total time: 24.66m | eta: 21.2m
step 02055/03814 (53.88%) | loss: 3.264021 | lrm: 0.72 | dt: 719.20ms | tok/sec: 91,123 | bf16_mfu: 0.00 | epoch: 1 pq: 2 rg: 24 | total time: 24.67m | eta: 21.2m
step 02056/03814 (53.91%) | loss: 3.264037 | lrm: 0.72 | dt: 721.85ms | tok/sec: 90,788 | bf16_mfu: 0.00 | epoch: 1 pq: 2 rg: 24 | total time: 24.68m | eta: 21.2m
step 02057/03814 (53.93%) | loss: 3.293196 | lrm: 0.72 | dt: 772.12ms | tok/sec: 84,877 | bf16_mfu: 0.00 | epoch: 1 pq: 2 rg: 24 | total time: 24.69m | eta: 21.2m
step 02058/03814 (53.96%) | loss: 3.312166 | lrm: 0.72 | dt: 718.55ms | tok/sec: 91,206 | bf16_mfu: 0.00 | epoch: 1 pq: 2 rg: 24 | total time: 24.70m | eta: 21.2m
step 02059/03814 (53.99%) | loss: 3.298384 | lrm: 0.72 | dt: 720.69ms | tok/sec: 90,934 | bf16_mfu: 0.00 | epoch: 1 pq: 2 rg: 24 | total time: 24.72m | eta: 21.2m
step 02060/03814 (54.01%) | loss: 3.270342 | lrm: 0.72 | dt: 725.76ms | tok/sec: 90,300 | bf16_mfu: 0.00 | epoch: 1 pq: 2 rg: 24 | total time: 24.73m | eta: 21.2m
step 02061/03814 (54.04%) | loss: 3.269802 | lrm: 0.72 | dt: 812.82ms | tok/sec: 80,627 | bf16_mfu: 0.00 | epoch: 1 pq: 2 rg: 24 | total time: 24.74m | eta: 21.1m
step 02062/03814 (54.06%) | loss: 3.270510 | lrm: 0.72 | dt: 724.45ms | tok/sec: 90,462 | bf16_mfu: 0.00 | epoch: 1 pq: 2 rg: 24 | total time: 24.75m | eta: 21.1m
step 02063/03814 (54.09%) | loss: 3.298878 | lrm: 0.72 | dt: 713.08ms | tok/sec: 91,905 | bf16_mfu: 0.00 | epoch: 1 pq: 2 rg: 25 | total time: 24.77m | eta: 21.1m
step 02064/03814 (54.12%) | loss: 3.309358 | lrm: 0.72 | dt: 722.09ms | tok/sec: 90,758 | bf16_mfu: 0.00 | epoch: 1 pq: 2 rg: 25 | total time: 24.78m | eta: 21.1m
step 02065/03814 (54.14%) | loss: 3.293051 | lrm: 0.72 | dt: 713.58ms | tok/sec: 91,841 | bf16_mfu: 0.00 | epoch: 1 pq: 2 rg: 25 | total time: 24.79m | eta: 21.1m
step 02066/03814 (54.17%) | loss: 3.274243 | lrm: 0.72 | dt: 714.69ms | tok/sec: 91,697 | bf16_mfu: 0.00 | epoch: 1 pq: 2 rg: 25 | total time: 24.80m | eta: 21.1m
step 02067/03814 (54.20%) | loss: 3.241934 | lrm: 0.72 | dt: 720.91ms | tok/sec: 90,907 | bf16_mfu: 0.00 | epoch: 1 pq: 2 rg: 25 | total time: 24.81m | eta: 21.1m
step 02068/03814 (54.22%) | loss: 3.255477 | lrm: 0.72 | dt: 715.74ms | tok/sec: 91,563 | bf16_mfu: 0.00 | epoch: 1 pq: 2 rg: 25 | total time: 24.83m | eta: 21.1m
step 02069/03814 (54.25%) | loss: 3.266000 | lrm: 0.72 | dt: 719.34ms | tok/sec: 91,105 | bf16_mfu: 0.00 | epoch: 1 pq: 2 rg: 25 | total time: 24.84m | eta: 21.0m
step 02070/03814 (54.27%) | loss: 3.271956 | lrm: 0.72 | dt: 713.51ms | tok/sec: 91,850 | bf16_mfu: 0.00 | epoch: 1 pq: 2 rg: 25 | total time: 24.85m | eta: 21.0m
step 02071/03814 (54.30%) | loss: 3.247447 | lrm: 0.72 | dt: 763.66ms | tok/sec: 85,818 | bf16_mfu: 0.00 | epoch: 1 pq: 2 rg: 25 | total time: 24.86m | eta: 21.0m
step 02072/03814 (54.33%) | loss: 3.236627 | lrm: 0.72 | dt: 715.61ms | tok/sec: 91,580 | bf16_mfu: 0.00 | epoch: 1 pq: 2 rg: 25 | total time: 24.87m | eta: 21.0m
step 02073/03814 (54.35%) | loss: 3.211208 | lrm: 0.72 | dt: 723.93ms | tok/sec: 90,528 | bf16_mfu: 0.00 | epoch: 1 pq: 2 rg: 26 | total time: 24.89m | eta: 21.0m
step 02074/03814 (54.38%) | loss: 3.210285 | lrm: 0.72 | dt: 709.86ms | tok/sec: 92,321 | bf16_mfu: 0.00 | epoch: 1 pq: 2 rg: 26 | total time: 24.90m | eta: 21.0m
step 02075/03814 (54.40%) | loss: 3.231324 | lrm: 0.72 | dt: 715.91ms | tok/sec: 91,542 | bf16_mfu: 0.00 | epoch: 1 pq: 2 rg: 26 | total time: 24.91m | eta: 21.0m
step 02076/03814 (54.43%) | loss: 3.228737 | lrm: 0.72 | dt: 716.20ms | tok/sec: 91,505 | bf16_mfu: 0.00 | epoch: 1 pq: 2 rg: 26 | total time: 24.92m | eta: 21.0m
step 02077/03814 (54.46%) | loss: 3.220526 | lrm: 0.72 | dt: 713.07ms | tok/sec: 91,906 | bf16_mfu: 0.00 | epoch: 1 pq: 2 rg: 26 | total time: 24.93m | eta: 21.0m
step 02078/03814 (54.48%) | loss: 3.212417 | lrm: 0.72 | dt: 718.26ms | tok/sec: 91,242 | bf16_mfu: 0.00 | epoch: 1 pq: 2 rg: 26 | total time: 24.95m | eta: 20.9m
step 02079/03814 (54.51%) | loss: 3.231132 | lrm: 0.71 | dt: 716.92ms | tok/sec: 91,412 | bf16_mfu: 0.00 | epoch: 1 pq: 2 rg: 26 | total time: 24.96m | eta: 20.9m
step 02080/03814 (54.54%) | loss: 3.250541 | lrm: 0.71 | dt: 712.44ms | tok/sec: 91,987 | bf16_mfu: 0.00 | epoch: 1 pq: 2 rg: 26 | total time: 24.97m | eta: 20.9m
step 02081/03814 (54.56%) | loss: 3.268223 | lrm: 0.71 | dt: 716.62ms | tok/sec: 91,452 | bf16_mfu: 0.00 | epoch: 1 pq: 2 rg: 26 | total time: 24.98m | eta: 20.9m
step 02082/03814 (54.59%) | loss: 3.239358 | lrm: 0.71 | dt: 718.24ms | tok/sec: 91,245 | bf16_mfu: 0.00 | epoch: 1 pq: 2 rg: 27 | total time: 24.99m | eta: 20.9m
step 02083/03814 (54.61%) | loss: 3.225839 | lrm: 0.71 | dt: 712.35ms | tok/sec: 91,999 | bf16_mfu: 0.00 | epoch: 1 pq: 2 rg: 27 | total time: 25.01m | eta: 20.9m
step 02084/03814 (54.64%) | loss: 3.225954 | lrm: 0.71 | dt: 710.57ms | tok/sec: 92,230 | bf16_mfu: 0.00 | epoch: 1 pq: 2 rg: 27 | total time: 25.02m | eta: 20.9m
step 02085/03814 (54.67%) | loss: 3.236123 | lrm: 0.71 | dt: 714.60ms | tok/sec: 91,710 | bf16_mfu: 0.00 | epoch: 1 pq: 2 rg: 27 | total time: 25.03m | eta: 20.9m
step 02086/03814 (54.69%) | loss: 3.263580 | lrm: 0.71 | dt: 714.41ms | tok/sec: 91,734 | bf16_mfu: 0.00 | epoch: 1 pq: 2 rg: 27 | total time: 25.04m | eta: 20.8m
step 02087/03814 (54.72%) | loss: 3.258792 | lrm: 0.71 | dt: 715.65ms | tok/sec: 91,575 | bf16_mfu: 0.00 | epoch: 1 pq: 2 rg: 27 | total time: 25.05m | eta: 20.8m
step 02088/03814 (54.75%) | loss: 3.252296 | lrm: 0.71 | dt: 709.97ms | tok/sec: 92,308 | bf16_mfu: 0.00 | epoch: 1 pq: 2 rg: 27 | total time: 25.06m | eta: 20.8m
step 02089/03814 (54.77%) | loss: 3.236550 | lrm: 0.71 | dt: 713.01ms | tok/sec: 91,914 | bf16_mfu: 0.00 | epoch: 1 pq: 2 rg: 27 | total time: 25.08m | eta: 20.8m
step 02090/03814 (54.80%) | loss: 3.235715 | lrm: 0.71 | dt: 717.72ms | tok/sec: 91,311 | bf16_mfu: 0.00 | epoch: 1 pq: 2 rg: 27 | total time: 25.09m | eta: 20.8m
step 02091/03814 (54.82%) | loss: 3.258324 | lrm: 0.71 | dt: 710.54ms | tok/sec: 92,234 | bf16_mfu: 0.00 | epoch: 1 pq: 2 rg: 27 | total time: 25.10m | eta: 20.8m
step 02092/03814 (54.85%) | loss: 3.243283 | lrm: 0.71 | dt: 719.31ms | tok/sec: 91,109 | bf16_mfu: 0.00 | epoch: 1 pq: 2 rg: 28 | total time: 25.11m | eta: 20.8m
step 02093/03814 (54.88%) | loss: 3.239639 | lrm: 0.71 | dt: 823.37ms | tok/sec: 79,595 | bf16_mfu: 0.00 | epoch: 1 pq: 2 rg: 28 | total time: 25.13m | eta: 20.8m
step 02094/03814 (54.90%) | loss: 3.237780 | lrm: 0.71 | dt: 717.64ms | tok/sec: 91,321 | bf16_mfu: 0.00 | epoch: 1 pq: 2 rg: 28 | total time: 25.14m | eta: 20.7m
step 02095/03814 (54.93%) | loss: 3.218247 | lrm: 0.71 | dt: 718.61ms | tok/sec: 91,198 | bf16_mfu: 0.00 | epoch: 1 pq: 2 rg: 28 | total time: 25.15m | eta: 20.7m
step 02096/03814 (54.96%) | loss: 3.219966 | lrm: 0.71 | dt: 706.13ms | tok/sec: 92,809 | bf16_mfu: 0.00 | epoch: 1 pq: 2 rg: 28 | total time: 25.16m | eta: 20.7m
step 02097/03814 (54.98%) | loss: 3.236954 | lrm: 0.71 | dt: 710.99ms | tok/sec: 92,175 | bf16_mfu: 0.00 | epoch: 1 pq: 2 rg: 28 | total time: 25.17m | eta: 20.7m
step 02098/03814 (55.01%) | loss: 3.256394 | lrm: 0.71 | dt: 713.31ms | tok/sec: 91,875 | bf16_mfu: 0.00 | epoch: 1 pq: 2 rg: 28 | total time: 25.19m | eta: 20.7m
step 02099/03814 (55.03%) | loss: 3.225184 | lrm: 0.71 | dt: 714.98ms | tok/sec: 91,661 | bf16_mfu: 0.00 | epoch: 1 pq: 2 rg: 28 | total time: 25.20m | eta: 20.7m
step 02100/03814 (55.06%) | loss: 3.219150 | lrm: 0.71 | dt: 713.56ms | tok/sec: 91,843 | bf16_mfu: 0.00 | epoch: 1 pq: 2 rg: 28 | total time: 25.21m | eta: 20.7m
step 02101/03814 (55.09%) | loss: 3.204897 | lrm: 0.71 | dt: 714.03ms | tok/sec: 91,783 | bf16_mfu: 0.00 | epoch: 1 pq: 2 rg: 28 | total time: 25.22m | eta: 20.7m
step 02102/03814 (55.11%) | loss: 3.243891 | lrm: 0.71 | dt: 715.51ms | tok/sec: 91,593 | bf16_mfu: 0.00 | epoch: 1 pq: 2 rg: 29 | total time: 25.23m | eta: 20.6m
step 02103/03814 (55.14%) | loss: 3.252024 | lrm: 0.71 | dt: 710.39ms | tok/sec: 92,253 | bf16_mfu: 0.00 | epoch: 1 pq: 2 rg: 29 | total time: 25.25m | eta: 20.6m
step 02104/03814 (55.17%) | loss: 3.241363 | lrm: 0.71 | dt: 713.73ms | tok/sec: 91,822 | bf16_mfu: 0.00 | epoch: 1 pq: 2 rg: 29 | total time: 25.26m | eta: 20.6m
step 02105/03814 (55.19%) | loss: 3.240455 | lrm: 0.70 | dt: 719.90ms | tok/sec: 91,035 | bf16_mfu: 0.00 | epoch: 1 pq: 2 rg: 29 | total time: 25.27m | eta: 20.6m
step 02106/03814 (55.22%) | loss: 3.217304 | lrm: 0.70 | dt: 715.36ms | tok/sec: 91,612 | bf16_mfu: 0.00 | epoch: 1 pq: 2 rg: 29 | total time: 25.28m | eta: 20.6m
step 02107/03814 (55.24%) | loss: 3.202934 | lrm: 0.70 | dt: 715.37ms | tok/sec: 91,611 | bf16_mfu: 0.00 | epoch: 1 pq: 2 rg: 29 | total time: 25.29m | eta: 20.6m
step 02108/03814 (55.27%) | loss: 3.220426 | lrm: 0.70 | dt: 718.30ms | tok/sec: 91,237 | bf16_mfu: 0.00 | epoch: 1 pq: 2 rg: 29 | total time: 25.30m | eta: 20.6m
step 02109/03814 (55.30%) | loss: 3.228840 | lrm: 0.70 | dt: 712.94ms | tok/sec: 91,923 | bf16_mfu: 0.00 | epoch: 1 pq: 2 rg: 29 | total time: 25.32m | eta: 20.6m
step 02110/03814 (55.32%) | loss: 3.244808 | lrm: 0.70 | dt: 714.35ms | tok/sec: 91,742 | bf16_mfu: 0.00 | epoch: 1 pq: 2 rg: 29 | total time: 25.33m | eta: 20.6m
step 02111/03814 (55.35%) | loss: 3.254482 | lrm: 0.70 | dt: 731.81ms | tok/sec: 89,553 | bf16_mfu: 0.00 | epoch: 1 pq: 2 rg: 30 | total time: 25.34m | eta: 20.5m
step 02112/03814 (55.37%) | loss: 3.239158 | lrm: 0.70 | dt: 721.05ms | tok/sec: 90,889 | bf16_mfu: 0.00 | epoch: 1 pq: 2 rg: 30 | total time: 25.35m | eta: 20.5m
step 02113/03814 (55.40%) | loss: 3.225848 | lrm: 0.70 | dt: 719.44ms | tok/sec: 91,093 | bf16_mfu: 0.00 | epoch: 1 pq: 2 rg: 30 | total time: 25.36m | eta: 20.5m
step 02114/03814 (55.43%) | loss: 3.247058 | lrm: 0.70 | dt: 714.19ms | tok/sec: 91,762 | bf16_mfu: 0.00 | epoch: 1 pq: 2 rg: 30 | total time: 25.38m | eta: 20.5m
step 02115/03814 (55.45%) | loss: 3.273482 | lrm: 0.70 | dt: 772.43ms | tok/sec: 84,844 | bf16_mfu: 0.00 | epoch: 1 pq: 2 rg: 30 | total time: 25.39m | eta: 20.5m
step 02116/03814 (55.48%) | loss: 3.261073 | lrm: 0.70 | dt: 718.45ms | tok/sec: 91,219 | bf16_mfu: 0.00 | epoch: 1 pq: 2 rg: 30 | total time: 25.40m | eta: 20.5m
step 02117/03814 (55.51%) | loss: 3.246072 | lrm: 0.70 | dt: 718.87ms | tok/sec: 91,165 | bf16_mfu: 0.00 | epoch: 1 pq: 2 rg: 30 | total time: 25.41m | eta: 20.5m
step 02118/03814 (55.53%) | loss: 3.228779 | lrm: 0.70 | dt: 721.58ms | tok/sec: 90,822 | bf16_mfu: 0.00 | epoch: 1 pq: 2 rg: 30 | total time: 25.43m | eta: 20.5m
step 02119/03814 (55.56%) | loss: 3.249992 | lrm: 0.70 | dt: 716.78ms | tok/sec: 91,431 | bf16_mfu: 0.00 | epoch: 1 pq: 2 rg: 30 | total time: 25.44m | eta: 20.4m
step 02120/03814 (55.58%) | loss: 3.267907 | lrm: 0.70 | dt: 722.73ms | tok/sec: 90,677 | bf16_mfu: 0.00 | epoch: 1 pq: 2 rg: 30 | total time: 25.45m | eta: 20.4m
step 02121/03814 (55.61%) | loss: 3.269447 | lrm: 0.70 | dt: 716.34ms | tok/sec: 91,487 | bf16_mfu: 0.00 | epoch: 1 pq: 2 rg: 31 | total time: 25.46m | eta: 20.4m
step 02122/03814 (55.64%) | loss: 3.268131 | lrm: 0.70 | dt: 717.72ms | tok/sec: 91,311 | bf16_mfu: 0.00 | epoch: 1 pq: 2 rg: 31 | total time: 25.47m | eta: 20.4m
step 02123/03814 (55.66%) | loss: 3.270749 | lrm: 0.70 | dt: 714.89ms | tok/sec: 91,673 | bf16_mfu: 0.00 | epoch: 1 pq: 2 rg: 31 | total time: 25.49m | eta: 20.4m
step 02124/03814 (55.69%) | loss: 3.271678 | lrm: 0.70 | dt: 717.96ms | tok/sec: 91,280 | bf16_mfu: 0.00 | epoch: 1 pq: 2 rg: 31 | total time: 25.50m | eta: 20.4m
step 02125/03814 (55.72%) | loss: 3.299456 | lrm: 0.70 | dt: 720.90ms | tok/sec: 90,908 | bf16_mfu: 0.00 | epoch: 1 pq: 2 rg: 31 | total time: 25.51m | eta: 20.4m
step 02126/03814 (55.74%) | loss: 3.296777 | lrm: 0.70 | dt: 714.48ms | tok/sec: 91,725 | bf16_mfu: 0.00 | epoch: 1 pq: 2 rg: 31 | total time: 25.52m | eta: 20.4m
step 02127/03814 (55.77%) | loss: 3.277395 | lrm: 0.70 | dt: 716.90ms | tok/sec: 91,415 | bf16_mfu: 0.00 | epoch: 1 pq: 2 rg: 31 | total time: 25.53m | eta: 20.3m
step 02128/03814 (55.79%) | loss: 3.259643 | lrm: 0.70 | dt: 717.12ms | tok/sec: 91,387 | bf16_mfu: 0.00 | epoch: 1 pq: 2 rg: 31 | total time: 25.55m | eta: 20.3m
step 02129/03814 (55.82%) | loss: 3.258522 | lrm: 0.70 | dt: 721.89ms | tok/sec: 90,783 | bf16_mfu: 0.00 | epoch: 1 pq: 2 rg: 31 | total time: 25.56m | eta: 20.3m
step 02130/03814 (55.85%) | loss: 3.247473 | lrm: 0.70 | dt: 716.93ms | tok/sec: 91,412 | bf16_mfu: 0.00 | epoch: 1 pq: 2 rg: 31 | total time: 25.57m | eta: 20.3m
step 02131/03814 (55.87%) | loss: 3.262056 | lrm: 0.69 | dt: 717.45ms | tok/sec: 91,345 | bf16_mfu: 0.00 | epoch: 1 pq: 2 rg: 32 | total time: 25.58m | eta: 20.3m
step 02132/03814 (55.90%) | loss: 3.253359 | lrm: 0.69 | dt: 724.99ms | tok/sec: 90,395 | bf16_mfu: 0.00 | epoch: 1 pq: 2 rg: 32 | total time: 25.59m | eta: 20.3m
step 02133/03814 (55.93%) | loss: 3.240424 | lrm: 0.69 | dt: 716.69ms | tok/sec: 91,442 | bf16_mfu: 0.00 | epoch: 1 pq: 2 rg: 32 | total time: 25.61m | eta: 20.3m
step 02134/03814 (55.95%) | loss: 3.235685 | lrm: 0.69 | dt: 725.67ms | tok/sec: 90,311 | bf16_mfu: 0.00 | epoch: 1 pq: 2 rg: 32 | total time: 25.62m | eta: 20.3m
step 02135/03814 (55.98%) | loss: 3.255198 | lrm: 0.69 | dt: 724.52ms | tok/sec: 90,453 | bf16_mfu: 0.00 | epoch: 1 pq: 2 rg: 32 | total time: 25.63m | eta: 20.3m
step 02136/03814 (56.00%) | loss: 3.256291 | lrm: 0.69 | dt: 725.76ms | tok/sec: 90,299 | bf16_mfu: 0.00 | epoch: 1 pq: 2 rg: 32 | total time: 25.64m | eta: 20.2m
step 02137/03814 (56.03%) | loss: 3.236561 | lrm: 0.69 | dt: 718.65ms | tok/sec: 91,193 | bf16_mfu: 0.00 | epoch: 1 pq: 2 rg: 32 | total time: 25.65m | eta: 20.2m
step 02138/03814 (56.06%) | loss: 3.213826 | lrm: 0.69 | dt: 722.70ms | tok/sec: 90,682 | bf16_mfu: 0.00 | epoch: 1 pq: 2 rg: 32 | total time: 25.67m | eta: 20.2m
step 02139/03814 (56.08%) | loss: 3.189973 | lrm: 0.69 | dt: 718.20ms | tok/sec: 91,250 | bf16_mfu: 0.00 | epoch: 1 pq: 2 rg: 32 | total time: 25.68m | eta: 20.2m
step 02140/03814 (56.11%) | loss: 3.197146 | lrm: 0.69 | dt: 723.44ms | tok/sec: 90,588 | bf16_mfu: 0.00 | epoch: 1 pq: 2 rg: 32 | total time: 25.69m | eta: 20.2m
step 02141/03814 (56.14%) | loss: 3.211196 | lrm: 0.69 | dt: 717.38ms | tok/sec: 91,354 | bf16_mfu: 0.00 | epoch: 1 pq: 2 rg: 33 | total time: 25.70m | eta: 20.2m
step 02142/03814 (56.16%) | loss: 3.214634 | lrm: 0.69 | dt: 724.11ms | tok/sec: 90,505 | bf16_mfu: 0.00 | epoch: 1 pq: 2 rg: 33 | total time: 25.71m | eta: 20.2m
step 02143/03814 (56.19%) | loss: 3.200916 | lrm: 0.69 | dt: 724.61ms | tok/sec: 90,442 | bf16_mfu: 0.00 | epoch: 1 pq: 2 rg: 33 | total time: 25.73m | eta: 20.2m
step 02144/03814 (56.21%) | loss: 3.174599 | lrm: 0.69 | dt: 726.43ms | tok/sec: 90,216 | bf16_mfu: 0.00 | epoch: 1 pq: 2 rg: 33 | total time: 25.74m | eta: 20.1m
step 02145/03814 (56.24%) | loss: 3.175473 | lrm: 0.69 | dt: 718.62ms | tok/sec: 91,196 | bf16_mfu: 0.00 | epoch: 1 pq: 2 rg: 33 | total time: 25.75m | eta: 20.1m
step 02146/03814 (56.27%) | loss: 3.201540 | lrm: 0.69 | dt: 1075.69ms | tok/sec: 60,924 | bf16_mfu: 0.00 | epoch: 1 pq: 2 rg: 33 | total time: 25.77m | eta: 20.1m
step 02147/03814 (56.29%) | loss: 3.203564 | lrm: 0.69 | dt: 718.61ms | tok/sec: 91,198 | bf16_mfu: 0.00 | epoch: 1 pq: 2 rg: 33 | total time: 25.78m | eta: 20.1m
step 02148/03814 (56.32%) | loss: 3.191511 | lrm: 0.69 | dt: 718.59ms | tok/sec: 91,201 | bf16_mfu: 0.00 | epoch: 1 pq: 2 rg: 33 | total time: 25.79m | eta: 20.1m
step 02149/03814 (56.35%) | loss: 3.180149 | lrm: 0.69 | dt: 723.91ms | tok/sec: 90,530 | bf16_mfu: 0.00 | epoch: 1 pq: 2 rg: 33 | total time: 25.80m | eta: 20.1m
step 02150/03814 (56.37%) | loss: 3.181282 | lrm: 0.69 | dt: 715.30ms | tok/sec: 91,619 | bf16_mfu: 0.00 | epoch: 1 pq: 2 rg: 33 | total time: 25.82m | eta: 20.1m
step 02151/03814 (56.40%) | loss: 3.195374 | lrm: 0.69 | dt: 726.57ms | tok/sec: 90,198 | bf16_mfu: 0.00 | epoch: 1 pq: 2 rg: 34 | total time: 25.83m | eta: 20.1m
step 02152/03814 (56.42%) | loss: 3.197370 | lrm: 0.69 | dt: 726.63ms | tok/sec: 90,192 | bf16_mfu: 0.00 | epoch: 1 pq: 2 rg: 34 | total time: 25.84m | eta: 20.0m
step 02153/03814 (56.45%) | loss: 3.183682 | lrm: 0.69 | dt: 725.84ms | tok/sec: 90,290 | bf16_mfu: 0.00 | epoch: 1 pq: 2 rg: 34 | total time: 25.85m | eta: 20.0m
step 02154/03814 (56.48%) | loss: 3.188911 | lrm: 0.69 | dt: 717.59ms | tok/sec: 91,328 | bf16_mfu: 0.00 | epoch: 1 pq: 2 rg: 34 | total time: 25.86m | eta: 20.0m
step 02155/03814 (56.50%) | loss: 3.188075 | lrm: 0.69 | dt: 719.42ms | tok/sec: 91,095 | bf16_mfu: 0.00 | epoch: 1 pq: 2 rg: 34 | total time: 25.88m | eta: 20.0m
step 02156/03814 (56.53%) | loss: 3.188593 | lrm: 0.69 | dt: 718.61ms | tok/sec: 91,198 | bf16_mfu: 0.00 | epoch: 1 pq: 2 rg: 34 | total time: 25.89m | eta: 20.0m
step 02157/03814 (56.55%) | loss: 3.230300 | lrm: 0.68 | dt: 722.78ms | tok/sec: 90,671 | bf16_mfu: 0.00 | epoch: 1 pq: 2 rg: 34 | total time: 25.90m | eta: 20.0m
step 02158/03814 (56.58%) | loss: 3.198655 | lrm: 0.68 | dt: 724.47ms | tok/sec: 90,460 | bf16_mfu: 0.00 | epoch: 1 pq: 2 rg: 34 | total time: 25.91m | eta: 20.0m
step 02159/03814 (56.61%) | loss: 3.177498 | lrm: 0.68 | dt: 723.23ms | tok/sec: 90,616 | bf16_mfu: 0.00 | epoch: 1 pq: 2 rg: 34 | total time: 25.92m | eta: 20.0m
step 02160/03814 (56.63%) | loss: 3.163695 | lrm: 0.68 | dt: 718.25ms | tok/sec: 91,244 | bf16_mfu: 0.00 | epoch: 1 pq: 2 rg: 34 | total time: 25.94m | eta: 20.0m
step 02161/03814 (56.66%) | loss: 3.173308 | lrm: 0.68 | dt: 726.47ms | tok/sec: 90,212 | bf16_mfu: 0.00 | epoch: 1 pq: 2 rg: 35 | total time: 25.95m | eta: 19.9m
step 02162/03814 (56.69%) | loss: 3.187143 | lrm: 0.68 | dt: 725.19ms | tok/sec: 90,370 | bf16_mfu: 0.00 | epoch: 1 pq: 2 rg: 35 | total time: 25.96m | eta: 19.9m
step 02163/03814 (56.71%) | loss: 3.186477 | lrm: 0.68 | dt: 722.47ms | tok/sec: 90,711 | bf16_mfu: 0.00 | epoch: 1 pq: 2 rg: 35 | total time: 25.97m | eta: 19.9m
step 02164/03814 (56.74%) | loss: 3.172686 | lrm: 0.68 | dt: 722.54ms | tok/sec: 90,701 | bf16_mfu: 0.00 | epoch: 1 pq: 2 rg: 35 | total time: 25.98m | eta: 19.9m
step 02165/03814 (56.76%) | loss: 3.165953 | lrm: 0.68 | dt: 726.21ms | tok/sec: 90,243 | bf16_mfu: 0.00 | epoch: 1 pq: 2 rg: 35 | total time: 26.00m | eta: 19.9m
step 02166/03814 (56.79%) | loss: 3.167417 | lrm: 0.68 | dt: 724.10ms | tok/sec: 90,507 | bf16_mfu: 0.00 | epoch: 1 pq: 2 rg: 35 | total time: 26.01m | eta: 19.9m
step 02167/03814 (56.82%) | loss: 3.209793 | lrm: 0.68 | dt: 719.65ms | tok/sec: 91,066 | bf16_mfu: 0.00 | epoch: 1 pq: 2 rg: 35 | total time: 26.02m | eta: 19.9m
step 02168/03814 (56.84%) | loss: 3.207716 | lrm: 0.68 | dt: 722.76ms | tok/sec: 90,674 | bf16_mfu: 0.00 | epoch: 1 pq: 2 rg: 35 | total time: 26.03m | eta: 19.9m
step 02169/03814 (56.87%) | loss: 3.187409 | lrm: 0.68 | dt: 726.66ms | tok/sec: 90,187 | bf16_mfu: 0.00 | epoch: 1 pq: 2 rg: 35 | total time: 26.04m | eta: 19.8m
step 02170/03814 (56.90%) | loss: 3.181460 | lrm: 0.68 | dt: 725.91ms | tok/sec: 90,281 | bf16_mfu: 0.00 | epoch: 1 pq: 2 rg: 36 | total time: 26.06m | eta: 19.8m
step 02171/03814 (56.92%) | loss: 3.164721 | lrm: 0.68 | dt: 726.20ms | tok/sec: 90,245 | bf16_mfu: 0.00 | epoch: 1 pq: 2 rg: 36 | total time: 26.07m | eta: 19.8m
step 02172/03814 (56.95%) | loss: 3.167140 | lrm: 0.68 | dt: 722.87ms | tok/sec: 90,660 | bf16_mfu: 0.00 | epoch: 1 pq: 2 rg: 36 | total time: 26.08m | eta: 19.8m
step 02173/03814 (56.97%) | loss: 3.194905 | lrm: 0.68 | dt: 792.79ms | tok/sec: 82,664 | bf16_mfu: 0.00 | epoch: 1 pq: 2 rg: 36 | total time: 26.09m | eta: 19.8m
step 02174/03814 (57.00%) | loss: 3.208984 | lrm: 0.68 | dt: 725.06ms | tok/sec: 90,386 | bf16_mfu: 0.00 | epoch: 1 pq: 2 rg: 36 | total time: 26.11m | eta: 19.8m
step 02175/03814 (57.03%) | loss: 3.209843 | lrm: 0.68 | dt: 722.04ms | tok/sec: 90,765 | bf16_mfu: 0.00 | epoch: 1 pq: 2 rg: 36 | total time: 26.12m | eta: 19.8m
step 02176/03814 (57.05%) | loss: 3.194368 | lrm: 0.68 | dt: 727.36ms | tok/sec: 90,100 | bf16_mfu: 0.00 | epoch: 1 pq: 2 rg: 36 | total time: 26.13m | eta: 19.8m
step 02177/03814 (57.08%) | loss: 3.199005 | lrm: 0.68 | dt: 726.96ms | tok/sec: 90,151 | bf16_mfu: 0.00 | epoch: 1 pq: 2 rg: 36 | total time: 26.14m | eta: 19.7m
step 02178/03814 (57.11%) | loss: 3.207061 | lrm: 0.68 | dt: 730.22ms | tok/sec: 89,748 | bf16_mfu: 0.00 | epoch: 1 pq: 2 rg: 36 | total time: 26.15m | eta: 19.7m
step 02179/03814 (57.13%) | loss: 3.205336 | lrm: 0.68 | dt: 723.43ms | tok/sec: 90,590 | bf16_mfu: 0.00 | epoch: 1 pq: 2 rg: 36 | total time: 26.17m | eta: 19.7m
step 02180/03814 (57.16%) | loss: 3.175756 | lrm: 0.68 | dt: 717.55ms | tok/sec: 91,333 | bf16_mfu: 0.00 | epoch: 1 pq: 2 rg: 37 | total time: 26.18m | eta: 19.7m
step 02181/03814 (57.18%) | loss: 3.164866 | lrm: 0.68 | dt: 726.68ms | tok/sec: 90,185 | bf16_mfu: 0.00 | epoch: 1 pq: 2 rg: 37 | total time: 26.19m | eta: 19.7m
step 02182/03814 (57.21%) | loss: 3.155155 | lrm: 0.68 | dt: 723.67ms | tok/sec: 90,561 | bf16_mfu: 0.00 | epoch: 1 pq: 2 rg: 37 | total time: 26.20m | eta: 19.7m
step 02183/03814 (57.24%) | loss: 3.167916 | lrm: 0.68 | dt: 719.28ms | tok/sec: 91,113 | bf16_mfu: 0.00 | epoch: 1 pq: 2 rg: 37 | total time: 26.21m | eta: 19.7m
step 02184/03814 (57.26%) | loss: 3.179131 | lrm: 0.67 | dt: 724.47ms | tok/sec: 90,460 | bf16_mfu: 0.00 | epoch: 1 pq: 2 rg: 37 | total time: 26.23m | eta: 19.7m
step 02185/03814 (57.29%) | loss: 3.177529 | lrm: 0.67 | dt: 722.99ms | tok/sec: 90,645 | bf16_mfu: 0.00 | epoch: 1 pq: 2 rg: 37 | total time: 26.24m | eta: 19.7m
step 02186/03814 (57.32%) | loss: 3.179305 | lrm: 0.67 | dt: 716.73ms | tok/sec: 91,436 | bf16_mfu: 0.00 | epoch: 1 pq: 2 rg: 37 | total time: 26.25m | eta: 19.6m
step 02187/03814 (57.34%) | loss: 3.174042 | lrm: 0.67 | dt: 719.41ms | tok/sec: 91,097 | bf16_mfu: 0.00 | epoch: 1 pq: 2 rg: 37 | total time: 26.26m | eta: 19.6m
step 02188/03814 (57.37%) | loss: 3.181937 | lrm: 0.67 | dt: 727.12ms | tok/sec: 90,130 | bf16_mfu: 0.00 | epoch: 1 pq: 2 rg: 37 | total time: 26.27m | eta: 19.6m
step 02189/03814 (57.39%) | loss: 3.202291 | lrm: 0.67 | dt: 721.84ms | tok/sec: 90,790 | bf16_mfu: 0.00 | epoch: 1 pq: 2 rg: 37 | total time: 26.29m | eta: 19.6m
step 02190/03814 (57.42%) | loss: 3.193321 | lrm: 0.67 | dt: 719.19ms | tok/sec: 91,124 | bf16_mfu: 0.00 | epoch: 1 pq: 2 rg: 38 | total time: 26.30m | eta: 19.6m
step 02191/03814 (57.45%) | loss: 3.172413 | lrm: 0.67 | dt: 719.38ms | tok/sec: 91,101 | bf16_mfu: 0.00 | epoch: 1 pq: 2 rg: 38 | total time: 26.31m | eta: 19.6m
step 02192/03814 (57.47%) | loss: 3.154160 | lrm: 0.67 | dt: 724.20ms | tok/sec: 90,494 | bf16_mfu: 0.00 | epoch: 1 pq: 2 rg: 38 | total time: 26.32m | eta: 19.6m
step 02193/03814 (57.50%) | loss: 3.154918 | lrm: 0.67 | dt: 720.80ms | tok/sec: 90,921 | bf16_mfu: 0.00 | epoch: 1 pq: 2 rg: 38 | total time: 26.34m | eta: 19.6m
step 02194/03814 (57.52%) | loss: 3.176258 | lrm: 0.67 | dt: 722.68ms | tok/sec: 90,685 | bf16_mfu: 0.00 | epoch: 1 pq: 2 rg: 38 | total time: 26.35m | eta: 19.5m
step 02195/03814 (57.55%) | loss: 3.177667 | lrm: 0.67 | dt: 722.46ms | tok/sec: 90,712 | bf16_mfu: 0.00 | epoch: 1 pq: 2 rg: 38 | total time: 26.36m | eta: 19.5m
step 02196/03814 (57.58%) | loss: 3.190155 | lrm: 0.67 | dt: 717.69ms | tok/sec: 91,315 | bf16_mfu: 0.00 | epoch: 1 pq: 2 rg: 38 | total time: 26.37m | eta: 19.5m
step 02197/03814 (57.60%) | loss: 3.163316 | lrm: 0.67 | dt: 722.53ms | tok/sec: 90,703 | bf16_mfu: 0.00 | epoch: 1 pq: 2 rg: 38 | total time: 26.38m | eta: 19.5m
step 02198/03814 (57.63%) | loss: 3.193121 | lrm: 0.67 | dt: 720.77ms | tok/sec: 90,924 | bf16_mfu: 0.00 | epoch: 1 pq: 2 rg: 38 | total time: 26.40m | eta: 19.5m
step 02199/03814 (57.66%) | loss: 3.213459 | lrm: 0.67 | dt: 720.90ms | tok/sec: 90,908 | bf16_mfu: 0.00 | epoch: 1 pq: 2 rg: 38 | total time: 26.41m | eta: 19.5m
step 02200/03814 (57.68%) | loss: 3.198810 | lrm: 0.67 | dt: 726.73ms | tok/sec: 90,179 | bf16_mfu: 0.00 | epoch: 1 pq: 2 rg: 39 | total time: 26.42m | eta: 19.5m
step 02201/03814 (57.71%) | loss: 3.172168 | lrm: 0.67 | dt: 719.63ms | tok/sec: 91,069 | bf16_mfu: 0.00 | epoch: 1 pq: 2 rg: 39 | total time: 26.43m | eta: 19.5m
step 02202/03814 (57.73%) | loss: 3.168984 | lrm: 0.67 | dt: 723.37ms | tok/sec: 90,598 | bf16_mfu: 0.00 | epoch: 1 pq: 2 rg: 39 | total time: 26.44m | eta: 19.4m
step 02203/03814 (57.76%) | loss: 3.180123 | lrm: 0.67 | dt: 722.49ms | tok/sec: 90,708 | bf16_mfu: 0.00 | epoch: 1 pq: 2 rg: 39 | total time: 26.46m | eta: 19.4m
step 02204/03814 (57.79%) | loss: 3.172009 | lrm: 0.67 | dt: 718.17ms | tok/sec: 91,254 | bf16_mfu: 0.00 | epoch: 1 pq: 2 rg: 39 | total time: 26.47m | eta: 19.4m
step 02205/03814 (57.81%) | loss: 3.158331 | lrm: 0.67 | dt: 721.66ms | tok/sec: 90,813 | bf16_mfu: 0.00 | epoch: 1 pq: 2 rg: 39 | total time: 26.48m | eta: 19.4m
step 02206/03814 (57.84%) | loss: 3.145585 | lrm: 0.67 | dt: 717.06ms | tok/sec: 91,395 | bf16_mfu: 0.00 | epoch: 1 pq: 2 rg: 39 | total time: 26.49m | eta: 19.4m
step 02207/03814 (57.87%) | loss: 3.127999 | lrm: 0.67 | dt: 721.03ms | tok/sec: 90,892 | bf16_mfu: 0.00 | epoch: 1 pq: 2 rg: 39 | total time: 26.50m | eta: 19.4m
step 02208/03814 (57.89%) | loss: 3.156032 | lrm: 0.67 | dt: 718.94ms | tok/sec: 91,156 | bf16_mfu: 0.00 | epoch: 1 pq: 2 rg: 39 | total time: 26.52m | eta: 19.4m
step 02209/03814 (57.92%) | loss: 3.175742 | lrm: 0.67 | dt: 719.12ms | tok/sec: 91,133 | bf16_mfu: 0.00 | epoch: 1 pq: 2 rg: 39 | total time: 26.53m | eta: 19.4m
step 02210/03814 (57.94%) | loss: 3.175293 | lrm: 0.66 | dt: 717.57ms | tok/sec: 91,330 | bf16_mfu: 0.00 | epoch: 1 pq: 2 rg: 40 | total time: 26.54m | eta: 19.3m
step 02211/03814 (57.97%) | loss: 3.153700 | lrm: 0.66 | dt: 719.77ms | tok/sec: 91,051 | bf16_mfu: 0.00 | epoch: 1 pq: 2 rg: 40 | total time: 26.55m | eta: 19.3m
step 02212/03814 (58.00%) | loss: 3.137835 | lrm: 0.66 | dt: 724.59ms | tok/sec: 90,445 | bf16_mfu: 0.00 | epoch: 1 pq: 2 rg: 40 | total time: 26.56m | eta: 19.3m
step 02213/03814 (58.02%) | loss: 3.131581 | lrm: 0.66 | dt: 716.56ms | tok/sec: 91,459 | bf16_mfu: 0.00 | epoch: 1 pq: 2 rg: 40 | total time: 26.58m | eta: 19.3m
step 02214/03814 (58.05%) | loss: 3.136982 | lrm: 0.66 | dt: 719.02ms | tok/sec: 91,146 | bf16_mfu: 0.00 | epoch: 1 pq: 2 rg: 40 | total time: 26.59m | eta: 19.3m
step 02215/03814 (58.08%) | loss: 3.150539 | lrm: 0.66 | dt: 720.38ms | tok/sec: 90,974 | bf16_mfu: 0.00 | epoch: 1 pq: 2 rg: 40 | total time: 26.60m | eta: 19.3m
step 02216/03814 (58.10%) | loss: 3.142584 | lrm: 0.66 | dt: 727.22ms | tok/sec: 90,118 | bf16_mfu: 0.00 | epoch: 1 pq: 2 rg: 40 | total time: 26.61m | eta: 19.3m
step 02217/03814 (58.13%) | loss: 3.143147 | lrm: 0.66 | dt: 717.83ms | tok/sec: 91,296 | bf16_mfu: 0.00 | epoch: 1 pq: 2 rg: 40 | total time: 26.62m | eta: 19.3m
step 02218/03814 (58.15%) | loss: 3.125494 | lrm: 0.66 | dt: 717.87ms | tok/sec: 91,292 | bf16_mfu: 0.00 | epoch: 1 pq: 2 rg: 40 | total time: 26.64m | eta: 19.3m
step 02219/03814 (58.18%) | loss: 3.129488 | lrm: 0.66 | dt: 716.85ms | tok/sec: 91,421 | bf16_mfu: 0.00 | epoch: 1 pq: 2 rg: 40 | total time: 26.65m | eta: 19.2m
step 02220/03814 (58.21%) | loss: 3.139402 | lrm: 0.66 | dt: 720.69ms | tok/sec: 90,934 | bf16_mfu: 0.00 | epoch: 1 pq: 2 rg: 41 | total time: 26.66m | eta: 19.2m
step 02221/03814 (58.23%) | loss: 3.134453 | lrm: 0.66 | dt: 716.07ms | tok/sec: 91,521 | bf16_mfu: 0.00 | epoch: 1 pq: 2 rg: 41 | total time: 26.67m | eta: 19.2m
step 02222/03814 (58.26%) | loss: 3.127325 | lrm: 0.66 | dt: 720.55ms | tok/sec: 90,952 | bf16_mfu: 0.00 | epoch: 1 pq: 2 rg: 41 | total time: 26.68m | eta: 19.2m
step 02223/03814 (58.29%) | loss: 3.116688 | lrm: 0.66 | dt: 718.42ms | tok/sec: 91,221 | bf16_mfu: 0.00 | epoch: 1 pq: 2 rg: 41 | total time: 26.70m | eta: 19.2m
step 02224/03814 (58.31%) | loss: 3.107828 | lrm: 0.66 | dt: 724.91ms | tok/sec: 90,405 | bf16_mfu: 0.00 | epoch: 1 pq: 2 rg: 41 | total time: 26.71m | eta: 19.2m
step 02225/03814 (58.34%) | loss: 3.123704 | lrm: 0.66 | dt: 717.15ms | tok/sec: 91,384 | bf16_mfu: 0.00 | epoch: 1 pq: 2 rg: 41 | total time: 26.72m | eta: 19.2m
step 02226/03814 (58.36%) | loss: 3.142778 | lrm: 0.66 | dt: 714.86ms | tok/sec: 91,676 | bf16_mfu: 0.00 | epoch: 1 pq: 2 rg: 41 | total time: 26.73m | eta: 19.2m
step 02227/03814 (58.39%) | loss: 3.134063 | lrm: 0.66 | dt: 713.25ms | tok/sec: 91,883 | bf16_mfu: 0.00 | epoch: 1 pq: 2 rg: 41 | total time: 26.74m | eta: 19.1m
step 02228/03814 (58.42%) | loss: 3.134872 | lrm: 0.66 | dt: 718.68ms | tok/sec: 91,189 | bf16_mfu: 0.00 | epoch: 1 pq: 2 rg: 41 | total time: 26.75m | eta: 19.1m
step 02229/03814 (58.44%) | loss: 3.115210 | lrm: 0.66 | dt: 724.40ms | tok/sec: 90,469 | bf16_mfu: 0.00 | epoch: 1 pq: 2 rg: 41 | total time: 26.77m | eta: 19.1m
step 02230/03814 (58.47%) | loss: 3.139947 | lrm: 0.66 | dt: 714.93ms | tok/sec: 91,667 | bf16_mfu: 0.00 | epoch: 1 pq: 2 rg: 42 | total time: 26.78m | eta: 19.1m
step 02231/03814 (58.50%) | loss: 3.155505 | lrm: 0.66 | dt: 713.83ms | tok/sec: 91,809 | bf16_mfu: 0.00 | epoch: 1 pq: 2 rg: 42 | total time: 26.79m | eta: 19.1m
step 02232/03814 (58.52%) | loss: 3.164483 | lrm: 0.66 | dt: 719.92ms | tok/sec: 91,032 | bf16_mfu: 0.00 | epoch: 1 pq: 2 rg: 42 | total time: 26.80m | eta: 19.1m
step 02233/03814 (58.55%) | loss: 3.150929 | lrm: 0.66 | dt: 713.75ms | tok/sec: 91,819 | bf16_mfu: 0.00 | epoch: 1 pq: 2 rg: 42 | total time: 26.81m | eta: 19.1m
step 02234/03814 (58.57%) | loss: 3.130260 | lrm: 0.66 | dt: 744.75ms | tok/sec: 87,996 | bf16_mfu: 0.00 | epoch: 1 pq: 2 rg: 42 | total time: 26.83m | eta: 19.1m
step 02235/03814 (58.60%) | loss: 3.159096 | lrm: 0.66 | dt: 711.98ms | tok/sec: 92,047 | bf16_mfu: 0.00 | epoch: 1 pq: 2 rg: 42 | total time: 26.84m | eta: 19.0m
step 02236/03814 (58.63%) | loss: 3.157580 | lrm: 0.65 | dt: 715.35ms | tok/sec: 91,613 | bf16_mfu: 0.00 | epoch: 1 pq: 2 rg: 42 | total time: 26.85m | eta: 19.0m
step 02237/03814 (58.65%) | loss: 3.133998 | lrm: 0.65 | dt: 722.33ms | tok/sec: 90,728 | bf16_mfu: 0.00 | epoch: 1 pq: 2 rg: 42 | total time: 26.86m | eta: 19.0m
step 02238/03814 (58.68%) | loss: 3.128586 | lrm: 0.65 | dt: 717.01ms | tok/sec: 91,401 | bf16_mfu: 0.00 | epoch: 1 pq: 2 rg: 42 | total time: 26.87m | eta: 19.0m
step 02239/03814 (58.70%) | loss: 3.137100 | lrm: 0.65 | dt: 719.73ms | tok/sec: 91,056 | bf16_mfu: 0.00 | epoch: 1 pq: 2 rg: 42 | total time: 26.89m | eta: 19.0m
step 02240/03814 (58.73%) | loss: 3.159902 | lrm: 0.65 | dt: 737.43ms | tok/sec: 88,870 | bf16_mfu: 0.00 | epoch: 1 pq: 2 rg: 43 | total time: 26.90m | eta: 19.0m
step 02241/03814 (58.76%) | loss: 3.174246 | lrm: 0.65 | dt: 714.33ms | tok/sec: 91,744 | bf16_mfu: 0.00 | epoch: 1 pq: 2 rg: 43 | total time: 26.91m | eta: 19.0m
step 02242/03814 (58.78%) | loss: 3.150816 | lrm: 0.65 | dt: 715.54ms | tok/sec: 91,590 | bf16_mfu: 0.00 | epoch: 1 pq: 2 rg: 43 | total time: 26.92m | eta: 19.0m
step 02243/03814 (58.81%) | loss: 3.132080 | lrm: 0.65 | dt: 719.10ms | tok/sec: 91,136 | bf16_mfu: 0.00 | epoch: 1 pq: 2 rg: 43 | total time: 26.94m | eta: 18.9m
step 02244/03814 (58.84%) | loss: 3.124088 | lrm: 0.65 | dt: 712.13ms | tok/sec: 92,028 | bf16_mfu: 0.00 | epoch: 1 pq: 2 rg: 43 | total time: 26.95m | eta: 18.9m
step 02245/03814 (58.86%) | loss: 3.126755 | lrm: 0.65 | dt: 715.24ms | tok/sec: 91,628 | bf16_mfu: 0.00 | epoch: 1 pq: 2 rg: 43 | total time: 26.96m | eta: 18.9m
step 02246/03814 (58.89%) | loss: 3.129723 | lrm: 0.65 | dt: 712.63ms | tok/sec: 91,963 | bf16_mfu: 0.00 | epoch: 1 pq: 2 rg: 43 | total time: 26.97m | eta: 18.9m
step 02247/03814 (58.91%) | loss: 3.124277 | lrm: 0.65 | dt: 715.10ms | tok/sec: 91,645 | bf16_mfu: 0.00 | epoch: 1 pq: 2 rg: 43 | total time: 26.98m | eta: 18.9m
step 02248/03814 (58.94%) | loss: 3.107071 | lrm: 0.65 | dt: 718.41ms | tok/sec: 91,224 | bf16_mfu: 0.00 | epoch: 1 pq: 2 rg: 43 | total time: 26.99m | eta: 18.9m
step 02249/03814 (58.97%) | loss: 3.117214 | lrm: 0.65 | dt: 714.55ms | tok/sec: 91,716 | bf16_mfu: 0.00 | epoch: 1 pq: 2 rg: 43 | total time: 27.01m | eta: 18.9m
step 02250/03814 (58.99%) | loss: 3.141141 | lrm: 0.65 | dt: 717.24ms | tok/sec: 91,372 | bf16_mfu: 0.00 | epoch: 1 pq: 2 rg: 44 | total time: 27.02m | eta: 18.9m
step 02251/03814 (59.02%) | loss: 3.150460 | lrm: 0.65 | dt: 715.59ms | tok/sec: 91,583 | bf16_mfu: 0.00 | epoch: 1 pq: 2 rg: 44 | total time: 27.03m | eta: 18.9m
step 02252/03814 (59.05%) | loss: 3.143061 | lrm: 0.65 | dt: 719.38ms | tok/sec: 91,101 | bf16_mfu: 0.00 | epoch: 1 pq: 2 rg: 44 | total time: 27.04m | eta: 18.8m
step 02253/03814 (59.07%) | loss: 3.135319 | lrm: 0.65 | dt: 716.50ms | tok/sec: 91,466 | bf16_mfu: 0.00 | epoch: 1 pq: 2 rg: 44 | total time: 27.05m | eta: 18.8m
step 02254/03814 (59.10%) | loss: 3.116168 | lrm: 0.65 | dt: 718.33ms | tok/sec: 91,234 | bf16_mfu: 0.00 | epoch: 1 pq: 2 rg: 44 | total time: 27.07m | eta: 18.8m
step 02255/03814 (59.12%) | loss: 3.154169 | lrm: 0.65 | dt: 717.49ms | tok/sec: 91,341 | bf16_mfu: 0.00 | epoch: 1 pq: 2 rg: 44 | total time: 27.08m | eta: 18.8m
step 02256/03814 (59.15%) | loss: 3.144087 | lrm: 0.65 | dt: 716.89ms | tok/sec: 91,417 | bf16_mfu: 0.00 | epoch: 1 pq: 2 rg: 44 | total time: 27.09m | eta: 18.8m
step 02257/03814 (59.18%) | loss: 3.149060 | lrm: 0.65 | dt: 783.28ms | tok/sec: 83,668 | bf16_mfu: 0.00 | epoch: 1 pq: 2 rg: 44 | total time: 27.10m | eta: 18.8m
step 02258/03814 (59.20%) | loss: 3.140482 | lrm: 0.65 | dt: 723.18ms | tok/sec: 90,622 | bf16_mfu: 0.00 | epoch: 1 pq: 2 rg: 44 | total time: 27.12m | eta: 18.8m
step 02259/03814 (59.23%) | loss: 3.132540 | lrm: 0.65 | dt: 724.26ms | tok/sec: 90,486 | bf16_mfu: 0.00 | epoch: 1 pq: 2 rg: 44 | total time: 27.13m | eta: 18.8m
step 02260/03814 (59.26%) | loss: 3.151163 | lrm: 0.65 | dt: 714.99ms | tok/sec: 91,660 | bf16_mfu: 0.00 | epoch: 1 pq: 2 rg: 45 | total time: 27.14m | eta: 18.7m
step 02261/03814 (59.28%) | loss: 3.166420 | lrm: 0.65 | dt: 718.90ms | tok/sec: 91,160 | bf16_mfu: 0.00 | epoch: 1 pq: 2 rg: 45 | total time: 27.15m | eta: 18.7m
step 02262/03814 (59.31%) | loss: 3.142952 | lrm: 0.64 | dt: 715.69ms | tok/sec: 91,570 | bf16_mfu: 0.00 | epoch: 1 pq: 2 rg: 45 | total time: 27.16m | eta: 18.7m
step 02263/03814 (59.33%) | loss: 3.144189 | lrm: 0.64 | dt: 717.65ms | tok/sec: 91,320 | bf16_mfu: 0.00 | epoch: 1 pq: 2 rg: 45 | total time: 27.18m | eta: 18.7m
step 02264/03814 (59.36%) | loss: 3.139843 | lrm: 0.64 | dt: 715.69ms | tok/sec: 91,570 | bf16_mfu: 0.00 | epoch: 1 pq: 2 rg: 45 | total time: 27.19m | eta: 18.7m
step 02265/03814 (59.39%) | loss: 3.136560 | lrm: 0.64 | dt: 715.44ms | tok/sec: 91,602 | bf16_mfu: 0.00 | epoch: 1 pq: 2 rg: 45 | total time: 27.20m | eta: 18.7m
step 02266/03814 (59.41%) | loss: 3.151158 | lrm: 0.64 | dt: 714.28ms | tok/sec: 91,750 | bf16_mfu: 0.00 | epoch: 1 pq: 2 rg: 45 | total time: 27.21m | eta: 18.7m
step 02267/03814 (59.44%) | loss: 3.133192 | lrm: 0.64 | dt: 718.16ms | tok/sec: 91,255 | bf16_mfu: 0.00 | epoch: 1 pq: 2 rg: 45 | total time: 27.22m | eta: 18.7m
step 02268/03814 (59.47%) | loss: 3.108817 | lrm: 0.64 | dt: 713.37ms | tok/sec: 91,868 | bf16_mfu: 0.00 | epoch: 1 pq: 2 rg: 45 | total time: 27.23m | eta: 18.6m
step 02269/03814 (59.49%) | loss: 3.092386 | lrm: 0.64 | dt: 716.73ms | tok/sec: 91,437 | bf16_mfu: 0.00 | epoch: 1 pq: 2 rg: 45 | total time: 27.25m | eta: 18.6m
step 02270/03814 (59.52%) | loss: 3.089850 | lrm: 0.64 | dt: 715.67ms | tok/sec: 91,573 | bf16_mfu: 0.00 | epoch: 1 pq: 2 rg: 46 | total time: 27.26m | eta: 18.6m
step 02271/03814 (59.54%) | loss: 3.118730 | lrm: 0.64 | dt: 718.95ms | tok/sec: 91,154 | bf16_mfu: 0.00 | epoch: 1 pq: 2 rg: 46 | total time: 27.27m | eta: 18.6m
step 02272/03814 (59.57%) | loss: 3.109249 | lrm: 0.64 | dt: 713.42ms | tok/sec: 91,861 | bf16_mfu: 0.00 | epoch: 1 pq: 2 rg: 46 | total time: 27.28m | eta: 18.6m
step 02273/03814 (59.60%) | loss: 3.099499 | lrm: 0.64 | dt: 716.09ms | tok/sec: 91,519 | bf16_mfu: 0.00 | epoch: 1 pq: 2 rg: 46 | total time: 27.29m | eta: 18.6m
step 02274/03814 (59.62%) | loss: 3.090444 | lrm: 0.64 | dt: 713.56ms | tok/sec: 91,843 | bf16_mfu: 0.00 | epoch: 1 pq: 2 rg: 46 | total time: 27.31m | eta: 18.6m
step 02275/03814 (59.65%) | loss: 3.105213 | lrm: 0.64 | dt: 718.34ms | tok/sec: 91,233 | bf16_mfu: 0.00 | epoch: 1 pq: 2 rg: 46 | total time: 27.32m | eta: 18.6m
step 02276/03814 (59.67%) | loss: 3.122540 | lrm: 0.64 | dt: 714.75ms | tok/sec: 91,690 | bf16_mfu: 0.00 | epoch: 1 pq: 2 rg: 46 | total time: 27.33m | eta: 18.5m
step 02277/03814 (59.70%) | loss: 3.134836 | lrm: 0.64 | dt: 714.29ms | tok/sec: 91,749 | bf16_mfu: 0.00 | epoch: 1 pq: 2 rg: 46 | total time: 27.34m | eta: 18.5m
step 02278/03814 (59.73%) | loss: 3.120139 | lrm: 0.64 | dt: 719.97ms | tok/sec: 91,025 | bf16_mfu: 0.00 | epoch: 1 pq: 2 rg: 46 | total time: 27.35m | eta: 18.5m
step 02279/03814 (59.75%) | loss: 3.115840 | lrm: 0.64 | dt: 715.52ms | tok/sec: 91,591 | bf16_mfu: 0.00 | epoch: 1 pq: 2 rg: 46 | total time: 27.37m | eta: 18.5m
step 02280/03814 (59.78%) | loss: 3.118253 | lrm: 0.64 | dt: 720.91ms | tok/sec: 90,907 | bf16_mfu: 0.00 | epoch: 1 pq: 2 rg: 47 | total time: 27.38m | eta: 18.5m
step 02281/03814 (59.81%) | loss: 3.128987 | lrm: 0.64 | dt: 714.01ms | tok/sec: 91,786 | bf16_mfu: 0.00 | epoch: 1 pq: 2 rg: 47 | total time: 27.39m | eta: 18.5m
step 02282/03814 (59.83%) | loss: 3.119891 | lrm: 0.64 | dt: 710.91ms | tok/sec: 92,185 | bf16_mfu: 0.00 | epoch: 1 pq: 2 rg: 47 | total time: 27.40m | eta: 18.5m
step 02283/03814 (59.86%) | loss: 3.122675 | lrm: 0.64 | dt: 720.30ms | tok/sec: 90,984 | bf16_mfu: 0.00 | epoch: 1 pq: 2 rg: 47 | total time: 27.41m | eta: 18.5m
step 02284/03814 (59.88%) | loss: 3.118449 | lrm: 0.64 | dt: 713.88ms | tok/sec: 91,802 | bf16_mfu: 0.00 | epoch: 1 pq: 2 rg: 47 | total time: 27.43m | eta: 18.5m
step 02285/03814 (59.91%) | loss: 3.099482 | lrm: 0.64 | dt: 719.92ms | tok/sec: 91,032 | bf16_mfu: 0.00 | epoch: 1 pq: 2 rg: 47 | total time: 27.44m | eta: 18.4m
step 02286/03814 (59.94%) | loss: 3.092708 | lrm: 0.64 | dt: 715.27ms | tok/sec: 91,624 | bf16_mfu: 0.00 | epoch: 1 pq: 2 rg: 47 | total time: 27.45m | eta: 18.4m
step 02287/03814 (59.96%) | loss: 3.103816 | lrm: 0.64 | dt: 716.17ms | tok/sec: 91,508 | bf16_mfu: 0.00 | epoch: 1 pq: 2 rg: 47 | total time: 27.46m | eta: 18.4m
step 02288/03814 (59.99%) | loss: 3.097383 | lrm: 0.63 | dt: 718.80ms | tok/sec: 91,174 | bf16_mfu: 0.00 | epoch: 1 pq: 2 rg: 47 | total time: 27.47m | eta: 18.4m
step 02289/03814 (60.02%) | loss: 3.090562 | lrm: 0.63 | dt: 714.78ms | tok/sec: 91,687 | bf16_mfu: 0.00 | epoch: 1 pq: 2 rg: 47 | total time: 27.49m | eta: 18.4m
step 02290/03814 (60.04%) | loss: 3.105144 | lrm: 0.63 | dt: 717.33ms | tok/sec: 91,360 | bf16_mfu: 0.00 | epoch: 1 pq: 2 rg: 48 | total time: 27.50m | eta: 18.4m
step 02291/03814 (60.07%) | loss: 3.122341 | lrm: 0.63 | dt: 718.05ms | tok/sec: 91,269 | bf16_mfu: 0.00 | epoch: 1 pq: 2 rg: 48 | total time: 27.51m | eta: 18.4m
step 02292/03814 (60.09%) | loss: 3.103766 | lrm: 0.63 | dt: 720.71ms | tok/sec: 90,933 | bf16_mfu: 0.00 | epoch: 1 pq: 2 rg: 48 | total time: 27.52m | eta: 18.4m
step 02293/03814 (60.12%) | loss: 3.091687 | lrm: 0.63 | dt: 715.90ms | tok/sec: 91,542 | bf16_mfu: 0.00 | epoch: 1 pq: 2 rg: 48 | total time: 27.53m | eta: 18.3m
step 02294/03814 (60.15%) | loss: 3.082057 | lrm: 0.63 | dt: 719.62ms | tok/sec: 91,070 | bf16_mfu: 0.00 | epoch: 1 pq: 2 rg: 48 | total time: 27.55m | eta: 18.3m
step 02295/03814 (60.17%) | loss: 3.092189 | lrm: 0.63 | dt: 713.38ms | tok/sec: 91,866 | bf16_mfu: 0.00 | epoch: 1 pq: 2 rg: 48 | total time: 27.56m | eta: 18.3m
step 02296/03814 (60.20%) | loss: 3.083497 | lrm: 0.63 | dt: 716.16ms | tok/sec: 91,509 | bf16_mfu: 0.00 | epoch: 1 pq: 2 rg: 48 | total time: 27.57m | eta: 18.3m
step 02297/03814 (60.23%) | loss: 3.078272 | lrm: 0.63 | dt: 719.95ms | tok/sec: 91,027 | bf16_mfu: 0.00 | epoch: 1 pq: 2 rg: 48 | total time: 27.58m | eta: 18.3m
step 02298/03814 (60.25%) | loss: 3.070917 | lrm: 0.63 | dt: 718.49ms | tok/sec: 91,214 | bf16_mfu: 0.00 | epoch: 1 pq: 2 rg: 48 | total time: 27.59m | eta: 18.3m
step 02299/03814 (60.28%) | loss: 3.063606 | lrm: 0.63 | dt: 718.06ms | tok/sec: 91,268 | bf16_mfu: 0.00 | epoch: 1 pq: 2 rg: 48 | total time: 27.61m | eta: 18.3m
step 02300/03814 (60.30%) | loss: 3.052056 | lrm: 0.63 | dt: 716.70ms | tok/sec: 91,441 | bf16_mfu: 0.00 | epoch: 1 pq: 2 rg: 49 | total time: 27.62m | eta: 18.3m
step 02301/03814 (60.33%) | loss: 3.067614 | lrm: 0.63 | dt: 720.63ms | tok/sec: 90,942 | bf16_mfu: 0.00 | epoch: 1 pq: 2 rg: 49 | total time: 27.63m | eta: 18.2m
step 02302/03814 (60.36%) | loss: 3.058256 | lrm: 0.63 | dt: 717.71ms | tok/sec: 91,312 | bf16_mfu: 0.00 | epoch: 1 pq: 2 rg: 49 | total time: 27.64m | eta: 18.2m
step 02303/03814 (60.38%) | loss: 3.058840 | lrm: 0.63 | dt: 717.61ms | tok/sec: 91,325 | bf16_mfu: 0.00 | epoch: 1 pq: 2 rg: 49 | total time: 27.65m | eta: 18.2m
step 02304/03814 (60.41%) | loss: 3.064433 | lrm: 0.63 | dt: 715.04ms | tok/sec: 91,653 | bf16_mfu: 0.00 | epoch: 1 pq: 2 rg: 49 | total time: 27.66m | eta: 18.2m
step 02305/03814 (60.44%) | loss: 3.046816 | lrm: 0.63 | dt: 720.69ms | tok/sec: 90,934 | bf16_mfu: 0.00 | epoch: 1 pq: 2 rg: 49 | total time: 27.68m | eta: 18.2m
step 02306/03814 (60.46%) | loss: 3.041849 | lrm: 0.63 | dt: 721.09ms | tok/sec: 90,884 | bf16_mfu: 0.00 | epoch: 1 pq: 2 rg: 49 | total time: 27.69m | eta: 18.2m
step 02307/03814 (60.49%) | loss: 3.049674 | lrm: 0.63 | dt: 717.83ms | tok/sec: 91,296 | bf16_mfu: 0.00 | epoch: 1 pq: 2 rg: 49 | total time: 27.70m | eta: 18.2m
step 02308/03814 (60.51%) | loss: 3.071861 | lrm: 0.63 | dt: 717.83ms | tok/sec: 91,297 | bf16_mfu: 0.00 | epoch: 1 pq: 2 rg: 49 | total time: 27.71m | eta: 18.2m
step 02309/03814 (60.54%) | loss: 3.067266 | lrm: 0.63 | dt: 719.84ms | tok/sec: 91,042 | bf16_mfu: 0.00 | epoch: 1 pq: 2 rg: 50 | total time: 27.72m | eta: 18.1m
step 02310/03814 (60.57%) | loss: 3.055972 | lrm: 0.63 | dt: 717.54ms | tok/sec: 91,334 | bf16_mfu: 0.00 | epoch: 1 pq: 2 rg: 50 | total time: 27.74m | eta: 18.1m
step 02311/03814 (60.59%) | loss: 3.058642 | lrm: 0.63 | dt: 717.14ms | tok/sec: 91,384 | bf16_mfu: 0.00 | epoch: 1 pq: 2 rg: 50 | total time: 27.75m | eta: 18.1m
step 02312/03814 (60.62%) | loss: 3.068944 | lrm: 0.63 | dt: 719.32ms | tok/sec: 91,107 | bf16_mfu: 0.00 | epoch: 1 pq: 2 rg: 50 | total time: 27.76m | eta: 18.1m
step 02313/03814 (60.64%) | loss: 3.075687 | lrm: 0.63 | dt: 713.72ms | tok/sec: 91,823 | bf16_mfu: 0.00 | epoch: 1 pq: 2 rg: 50 | total time: 27.77m | eta: 18.1m
step 02314/03814 (60.67%) | loss: 3.076523 | lrm: 0.62 | dt: 717.18ms | tok/sec: 91,379 | bf16_mfu: 0.00 | epoch: 1 pq: 2 rg: 50 | total time: 27.78m | eta: 18.1m
step 02315/03814 (60.70%) | loss: 3.059390 | lrm: 0.62 | dt: 724.89ms | tok/sec: 90,408 | bf16_mfu: 0.00 | epoch: 1 pq: 2 rg: 50 | total time: 27.80m | eta: 18.1m
step 02316/03814 (60.72%) | loss: 3.041384 | lrm: 0.62 | dt: 718.30ms | tok/sec: 91,238 | bf16_mfu: 0.00 | epoch: 1 pq: 2 rg: 50 | total time: 27.81m | eta: 18.1m
step 02317/03814 (60.75%) | loss: 3.037313 | lrm: 0.62 | dt: 718.08ms | tok/sec: 91,265 | bf16_mfu: 0.00 | epoch: 1 pq: 2 rg: 50 | total time: 27.82m | eta: 18.1m
step 02318/03814 (60.78%) | loss: 3.053351 | lrm: 0.62 | dt: 716.10ms | tok/sec: 91,518 | bf16_mfu: 0.00 | epoch: 1 pq: 2 rg: 50 | total time: 27.83m | eta: 18.0m
step 02319/03814 (60.80%) | loss: 3.074004 | lrm: 0.62 | dt: 717.51ms | tok/sec: 91,337 | bf16_mfu: 0.00 | epoch: 1 pq: 2 rg: 51 | total time: 27.84m | eta: 18.0m
step 02320/03814 (60.83%) | loss: 3.066180 | lrm: 0.62 | dt: 716.30ms | tok/sec: 91,492 | bf16_mfu: 0.00 | epoch: 1 pq: 2 rg: 51 | total time: 27.86m | eta: 18.0m
step 02321/03814 (60.85%) | loss: 3.044925 | lrm: 0.62 | dt: 721.23ms | tok/sec: 90,866 | bf16_mfu: 0.00 | epoch: 1 pq: 2 rg: 51 | total time: 27.87m | eta: 18.0m
step 02322/03814 (60.88%) | loss: 3.024468 | lrm: 0.62 | dt: 719.82ms | tok/sec: 91,045 | bf16_mfu: 0.00 | epoch: 1 pq: 2 rg: 51 | total time: 27.88m | eta: 18.0m
step 02323/03814 (60.91%) | loss: 3.025926 | lrm: 0.62 | dt: 722.44ms | tok/sec: 90,714 | bf16_mfu: 0.00 | epoch: 1 pq: 2 rg: 51 | total time: 27.89m | eta: 18.0m
step 02324/03814 (60.93%) | loss: 3.043983 | lrm: 0.62 | dt: 721.66ms | tok/sec: 90,813 | bf16_mfu: 0.00 | epoch: 1 pq: 2 rg: 51 | total time: 27.90m | eta: 18.0m
step 02325/03814 (60.96%) | loss: 3.069407 | lrm: 0.62 | dt: 719.88ms | tok/sec: 91,037 | bf16_mfu: 0.00 | epoch: 1 pq: 2 rg: 51 | total time: 27.92m | eta: 18.0m
step 02326/03814 (60.99%) | loss: 3.075827 | lrm: 0.62 | dt: 718.63ms | tok/sec: 91,195 | bf16_mfu: 0.00 | epoch: 1 pq: 2 rg: 51 | total time: 27.93m | eta: 17.9m
step 02327/03814 (61.01%) | loss: 3.073692 | lrm: 0.62 | dt: 722.19ms | tok/sec: 90,746 | bf16_mfu: 0.00 | epoch: 1 pq: 2 rg: 51 | total time: 27.94m | eta: 17.9m
step 02328/03814 (61.04%) | loss: 3.070340 | lrm: 0.62 | dt: 717.59ms | tok/sec: 91,328 | bf16_mfu: 0.00 | epoch: 1 pq: 2 rg: 51 | total time: 27.95m | eta: 17.9m
step 02329/03814 (61.06%) | loss: 3.076376 | lrm: 0.62 | dt: 721.98ms | tok/sec: 90,772 | bf16_mfu: 0.00 | epoch: 1 pq: 2 rg: 52 | total time: 27.96m | eta: 17.9m
step 02330/03814 (61.09%) | loss: 3.067918 | lrm: 0.62 | dt: 715.98ms | tok/sec: 91,533 | bf16_mfu: 0.00 | epoch: 1 pq: 2 rg: 52 | total time: 27.98m | eta: 17.9m
step 02331/03814 (61.12%) | loss: 3.062392 | lrm: 0.62 | dt: 718.94ms | tok/sec: 91,156 | bf16_mfu: 0.00 | epoch: 1 pq: 2 rg: 52 | total time: 27.99m | eta: 17.9m
step 02332/03814 (61.14%) | loss: 3.048137 | lrm: 0.62 | dt: 715.66ms | tok/sec: 91,574 | bf16_mfu: 0.00 | epoch: 1 pq: 2 rg: 52 | total time: 28.00m | eta: 17.9m
step 02333/03814 (61.17%) | loss: 3.062731 | lrm: 0.62 | dt: 723.71ms | tok/sec: 90,555 | bf16_mfu: 0.00 | epoch: 1 pq: 2 rg: 52 | total time: 28.01m | eta: 17.9m
step 02334/03814 (61.20%) | loss: 3.081785 | lrm: 0.62 | dt: 716.34ms | tok/sec: 91,486 | bf16_mfu: 0.00 | epoch: 1 pq: 2 rg: 52 | total time: 28.02m | eta: 17.8m
step 02335/03814 (61.22%) | loss: 3.088612 | lrm: 0.62 | dt: 722.40ms | tok/sec: 90,719 | bf16_mfu: 0.00 | epoch: 1 pq: 2 rg: 52 | total time: 28.04m | eta: 17.8m
step 02336/03814 (61.25%) | loss: 3.081620 | lrm: 0.62 | dt: 716.24ms | tok/sec: 91,499 | bf16_mfu: 0.00 | epoch: 1 pq: 2 rg: 52 | total time: 28.05m | eta: 17.8m
step 02337/03814 (61.27%) | loss: 3.062014 | lrm: 0.62 | dt: 719.77ms | tok/sec: 91,051 | bf16_mfu: 0.00 | epoch: 1 pq: 2 rg: 52 | total time: 28.06m | eta: 17.8m
step 02338/03814 (61.30%) | loss: 3.077780 | lrm: 0.62 | dt: 717.65ms | tok/sec: 91,319 | bf16_mfu: 0.00 | epoch: 1 pq: 2 rg: 52 | total time: 28.07m | eta: 17.8m
step 02339/03814 (61.33%) | loss: 3.094540 | lrm: 0.62 | dt: 719.93ms | tok/sec: 91,030 | bf16_mfu: 0.00 | epoch: 1 pq: 2 rg: 53 | total time: 28.08m | eta: 17.8m
step 02340/03814 (61.35%) | loss: 3.115521 | lrm: 0.61 | dt: 715.90ms | tok/sec: 91,543 | bf16_mfu: 0.00 | epoch: 1 pq: 2 rg: 53 | total time: 28.10m | eta: 17.8m
step 02341/03814 (61.38%) | loss: 3.103300 | lrm: 0.61 | dt: 724.32ms | tok/sec: 90,479 | bf16_mfu: 0.00 | epoch: 1 pq: 2 rg: 53 | total time: 28.11m | eta: 17.8m
step 02342/03814 (61.41%) | loss: 3.092906 | lrm: 0.61 | dt: 718.83ms | tok/sec: 91,169 | bf16_mfu: 0.00 | epoch: 1 pq: 2 rg: 53 | total time: 28.12m | eta: 17.8m
step 02343/03814 (61.43%) | loss: 3.102299 | lrm: 0.61 | dt: 719.42ms | tok/sec: 91,095 | bf16_mfu: 0.00 | epoch: 1 pq: 2 rg: 53 | total time: 28.13m | eta: 17.7m
step 02344/03814 (61.46%) | loss: 3.118973 | lrm: 0.61 | dt: 717.17ms | tok/sec: 91,381 | bf16_mfu: 0.00 | epoch: 1 pq: 2 rg: 53 | total time: 28.14m | eta: 17.7m
step 02345/03814 (61.48%) | loss: 3.109519 | lrm: 0.61 | dt: 721.87ms | tok/sec: 90,786 | bf16_mfu: 0.00 | epoch: 1 pq: 2 rg: 53 | total time: 28.16m | eta: 17.7m
step 02346/03814 (61.51%) | loss: 3.102442 | lrm: 0.61 | dt: 721.71ms | tok/sec: 90,806 | bf16_mfu: 0.00 | epoch: 1 pq: 2 rg: 53 | total time: 28.17m | eta: 17.7m
step 02347/03814 (61.54%) | loss: 3.099208 | lrm: 0.61 | dt: 720.45ms | tok/sec: 90,965 | bf16_mfu: 0.00 | epoch: 1 pq: 2 rg: 53 | total time: 28.18m | eta: 17.7m
step 02348/03814 (61.56%) | loss: 3.108059 | lrm: 0.61 | dt: 722.63ms | tok/sec: 90,690 | bf16_mfu: 0.00 | epoch: 1 pq: 2 rg: 53 | total time: 28.19m | eta: 17.7m
step 02349/03814 (61.59%) | loss: 3.109963 | lrm: 0.61 | dt: 723.07ms | tok/sec: 90,636 | bf16_mfu: 0.00 | epoch: 1 pq: 2 rg: 54 | total time: 28.20m | eta: 17.7m
step 02350/03814 (61.62%) | loss: 3.105489 | lrm: 0.61 | dt: 717.61ms | tok/sec: 91,325 | bf16_mfu: 0.00 | epoch: 1 pq: 2 rg: 54 | total time: 28.22m | eta: 17.7m
step 02351/03814 (61.64%) | loss: 3.093246 | lrm: 0.61 | dt: 726.58ms | tok/sec: 90,197 | bf16_mfu: 0.00 | epoch: 1 pq: 2 rg: 54 | total time: 28.23m | eta: 17.6m
step 02352/03814 (61.67%) | loss: 3.071605 | lrm: 0.61 | dt: 721.82ms | tok/sec: 90,792 | bf16_mfu: 0.00 | epoch: 1 pq: 2 rg: 54 | total time: 28.24m | eta: 17.6m
step 02353/03814 (61.69%) | loss: 3.070853 | lrm: 0.61 | dt: 719.27ms | tok/sec: 91,114 | bf16_mfu: 0.00 | epoch: 1 pq: 2 rg: 54 | total time: 28.25m | eta: 17.6m
step 02354/03814 (61.72%) | loss: 3.073633 | lrm: 0.61 | dt: 743.99ms | tok/sec: 88,087 | bf16_mfu: 0.00 | epoch: 1 pq: 2 rg: 54 | total time: 28.26m | eta: 17.6m
step 02355/03814 (61.75%) | loss: 3.072824 | lrm: 0.61 | dt: 726.49ms | tok/sec: 90,208 | bf16_mfu: 0.00 | epoch: 1 pq: 2 rg: 54 | total time: 28.28m | eta: 17.6m
step 02356/03814 (61.77%) | loss: 3.052034 | lrm: 0.61 | dt: 725.18ms | tok/sec: 90,372 | bf16_mfu: 0.00 | epoch: 1 pq: 2 rg: 54 | total time: 28.29m | eta: 17.6m
step 02357/03814 (61.80%) | loss: 3.046327 | lrm: 0.61 | dt: 718.92ms | tok/sec: 91,159 | bf16_mfu: 0.00 | epoch: 1 pq: 2 rg: 54 | total time: 28.30m | eta: 17.6m
step 02358/03814 (61.82%) | loss: 3.052164 | lrm: 0.61 | dt: 724.15ms | tok/sec: 90,500 | bf16_mfu: 0.00 | epoch: 1 pq: 2 rg: 54 | total time: 28.31m | eta: 17.6m
step 02359/03814 (61.85%) | loss: 3.072630 | lrm: 0.61 | dt: 725.99ms | tok/sec: 90,270 | bf16_mfu: 0.00 | epoch: 1 pq: 2 rg: 55 | total time: 28.33m | eta: 17.5m
step 02360/03814 (61.88%) | loss: 3.069248 | lrm: 0.61 | dt: 719.39ms | tok/sec: 91,099 | bf16_mfu: 0.00 | epoch: 1 pq: 2 rg: 55 | total time: 28.34m | eta: 17.5m
step 02361/03814 (61.90%) | loss: 3.055630 | lrm: 0.61 | dt: 722.42ms | tok/sec: 90,717 | bf16_mfu: 0.00 | epoch: 1 pq: 2 rg: 55 | total time: 28.35m | eta: 17.5m
step 02362/03814 (61.93%) | loss: 3.045246 | lrm: 0.61 | dt: 721.34ms | tok/sec: 90,853 | bf16_mfu: 0.00 | epoch: 1 pq: 2 rg: 55 | total time: 28.36m | eta: 17.5m
step 02363/03814 (61.96%) | loss: 3.036089 | lrm: 0.61 | dt: 723.18ms | tok/sec: 90,622 | bf16_mfu: 0.00 | epoch: 1 pq: 2 rg: 55 | total time: 28.37m | eta: 17.5m
step 02364/03814 (61.98%) | loss: 3.048539 | lrm: 0.61 | dt: 719.27ms | tok/sec: 91,114 | bf16_mfu: 0.00 | epoch: 1 pq: 2 rg: 55 | total time: 28.39m | eta: 17.5m
step 02365/03814 (62.01%) | loss: 3.065699 | lrm: 0.61 | dt: 726.15ms | tok/sec: 90,251 | bf16_mfu: 0.00 | epoch: 1 pq: 2 rg: 55 | total time: 28.40m | eta: 17.5m
step 02366/03814 (62.03%) | loss: 3.064132 | lrm: 0.60 | dt: 720.99ms | tok/sec: 90,897 | bf16_mfu: 0.00 | epoch: 1 pq: 2 rg: 55 | total time: 28.41m | eta: 17.5m
step 02367/03814 (62.06%) | loss: 3.058715 | lrm: 0.60 | dt: 717.95ms | tok/sec: 91,281 | bf16_mfu: 0.00 | epoch: 1 pq: 2 rg: 55 | total time: 28.42m | eta: 17.4m
step 02368/03814 (62.09%) | loss: 3.061560 | lrm: 0.60 | dt: 726.36ms | tok/sec: 90,225 | bf16_mfu: 0.00 | epoch: 1 pq: 2 rg: 55 | total time: 28.43m | eta: 17.4m
step 02369/03814 (62.11%) | loss: 3.063114 | lrm: 0.60 | dt: 717.99ms | tok/sec: 91,276 | bf16_mfu: 0.00 | epoch: 1 pq: 2 rg: 56 | total time: 28.45m | eta: 17.4m
step 02370/03814 (62.14%) | loss: 3.060671 | lrm: 0.60 | dt: 721.39ms | tok/sec: 90,846 | bf16_mfu: 0.00 | epoch: 1 pq: 2 rg: 56 | total time: 28.46m | eta: 17.4m
step 02371/03814 (62.17%) | loss: 3.047088 | lrm: 0.60 | dt: 720.97ms | tok/sec: 90,899 | bf16_mfu: 0.00 | epoch: 1 pq: 2 rg: 56 | total time: 28.47m | eta: 17.4m
step 02372/03814 (62.19%) | loss: 3.040936 | lrm: 0.60 | dt: 720.04ms | tok/sec: 91,017 | bf16_mfu: 0.00 | epoch: 1 pq: 2 rg: 56 | total time: 28.48m | eta: 17.4m
step 02373/03814 (62.22%) | loss: 3.042348 | lrm: 0.60 | dt: 726.18ms | tok/sec: 90,247 | bf16_mfu: 0.00 | epoch: 1 pq: 2 rg: 56 | total time: 28.49m | eta: 17.4m
step 02374/03814 (62.24%) | loss: 3.056617 | lrm: 0.60 | dt: 727.89ms | tok/sec: 90,035 | bf16_mfu: 0.00 | epoch: 1 pq: 2 rg: 56 | total time: 28.51m | eta: 17.4m
step 02375/03814 (62.27%) | loss: 3.066436 | lrm: 0.60 | dt: 718.90ms | tok/sec: 91,161 | bf16_mfu: 0.00 | epoch: 1 pq: 2 rg: 56 | total time: 28.52m | eta: 17.4m
step 02376/03814 (62.30%) | loss: 3.065853 | lrm: 0.60 | dt: 724.10ms | tok/sec: 90,507 | bf16_mfu: 0.00 | epoch: 1 pq: 2 rg: 56 | total time: 28.53m | eta: 17.3m
step 02377/03814 (62.32%) | loss: 3.050310 | lrm: 0.60 | dt: 720.87ms | tok/sec: 90,912 | bf16_mfu: 0.00 | epoch: 1 pq: 2 rg: 56 | total time: 28.54m | eta: 17.3m
step 02378/03814 (62.35%) | loss: 3.051117 | lrm: 0.60 | dt: 725.32ms | tok/sec: 90,354 | bf16_mfu: 0.00 | epoch: 1 pq: 2 rg: 56 | total time: 28.55m | eta: 17.3m
step 02379/03814 (62.38%) | loss: 3.080496 | lrm: 0.60 | dt: 719.57ms | tok/sec: 91,077 | bf16_mfu: 0.00 | epoch: 1 pq: 2 rg: 57 | total time: 28.57m | eta: 17.3m
step 02380/03814 (62.40%) | loss: 3.071376 | lrm: 0.60 | dt: 722.57ms | tok/sec: 90,697 | bf16_mfu: 0.00 | epoch: 1 pq: 2 rg: 57 | total time: 28.58m | eta: 17.3m
step 02381/03814 (62.43%) | loss: 3.063244 | lrm: 0.60 | dt: 719.48ms | tok/sec: 91,087 | bf16_mfu: 0.00 | epoch: 1 pq: 2 rg: 57 | total time: 28.59m | eta: 17.3m
step 02382/03814 (62.45%) | loss: 3.058633 | lrm: 0.60 | dt: 725.34ms | tok/sec: 90,352 | bf16_mfu: 0.00 | epoch: 1 pq: 2 rg: 57 | total time: 28.60m | eta: 17.3m
step 02383/03814 (62.48%) | loss: 3.063046 | lrm: 0.60 | dt: 728.10ms | tok/sec: 90,009 | bf16_mfu: 0.00 | epoch: 1 pq: 2 rg: 57 | total time: 28.61m | eta: 17.3m
step 02384/03814 (62.51%) | loss: 3.075575 | lrm: 0.60 | dt: 720.92ms | tok/sec: 90,906 | bf16_mfu: 0.00 | epoch: 1 pq: 2 rg: 57 | total time: 28.63m | eta: 17.2m
step 02385/03814 (62.53%) | loss: 3.091052 | lrm: 0.60 | dt: 723.75ms | tok/sec: 90,551 | bf16_mfu: 0.00 | epoch: 1 pq: 2 rg: 57 | total time: 28.64m | eta: 17.2m
step 02386/03814 (62.56%) | loss: 3.072620 | lrm: 0.60 | dt: 721.30ms | tok/sec: 90,858 | bf16_mfu: 0.00 | epoch: 1 pq: 2 rg: 57 | total time: 28.65m | eta: 17.2m
step 02387/03814 (62.59%) | loss: 3.069625 | lrm: 0.60 | dt: 729.44ms | tok/sec: 89,844 | bf16_mfu: 0.00 | epoch: 1 pq: 2 rg: 57 | total time: 28.66m | eta: 17.2m
step 02388/03814 (62.61%) | loss: 3.067507 | lrm: 0.60 | dt: 721.69ms | tok/sec: 90,808 | bf16_mfu: 0.00 | epoch: 1 pq: 2 rg: 57 | total time: 28.67m | eta: 17.2m
step 02389/03814 (62.64%) | loss: 3.080046 | lrm: 0.60 | dt: 719.23ms | tok/sec: 91,120 | bf16_mfu: 0.00 | epoch: 1 pq: 2 rg: 58 | total time: 28.69m | eta: 17.2m
step 02390/03814 (62.66%) | loss: 3.077517 | lrm: 0.60 | dt: 722.31ms | tok/sec: 90,730 | bf16_mfu: 0.00 | epoch: 1 pq: 2 rg: 58 | total time: 28.70m | eta: 17.2m
step 02391/03814 (62.69%) | loss: 3.059671 | lrm: 0.60 | dt: 718.30ms | tok/sec: 91,237 | bf16_mfu: 0.00 | epoch: 1 pq: 2 rg: 58 | total time: 28.71m | eta: 17.2m
step 02392/03814 (62.72%) | loss: 3.042233 | lrm: 0.59 | dt: 720.98ms | tok/sec: 90,898 | bf16_mfu: 0.00 | epoch: 1 pq: 2 rg: 58 | total time: 28.72m | eta: 17.1m
step 02393/03814 (62.74%) | loss: 3.047102 | lrm: 0.59 | dt: 716.70ms | tok/sec: 91,441 | bf16_mfu: 0.00 | epoch: 1 pq: 2 rg: 58 | total time: 28.73m | eta: 17.1m
step 02394/03814 (62.77%) | loss: 3.074885 | lrm: 0.59 | dt: 728.18ms | tok/sec: 89,999 | bf16_mfu: 0.00 | epoch: 1 pq: 2 rg: 58 | total time: 28.75m | eta: 17.1m
step 02395/03814 (62.79%) | loss: 3.068868 | lrm: 0.59 | dt: 723.90ms | tok/sec: 90,532 | bf16_mfu: 0.00 | epoch: 1 pq: 2 rg: 58 | total time: 28.76m | eta: 17.1m
step 02396/03814 (62.82%) | loss: 3.051922 | lrm: 0.59 | dt: 719.56ms | tok/sec: 91,077 | bf16_mfu: 0.00 | epoch: 1 pq: 2 rg: 58 | total time: 28.77m | eta: 17.1m
step 02397/03814 (62.85%) | loss: 3.041659 | lrm: 0.59 | dt: 720.39ms | tok/sec: 90,972 | bf16_mfu: 0.00 | epoch: 1 pq: 2 rg: 58 | total time: 28.78m | eta: 17.1m
step 02398/03814 (62.87%) | loss: 3.066005 | lrm: 0.59 | dt: 718.31ms | tok/sec: 91,236 | bf16_mfu: 0.00 | epoch: 1 pq: 2 rg: 58 | total time: 28.79m | eta: 17.1m
step 02399/03814 (62.90%) | loss: 3.086920 | lrm: 0.59 | dt: 724.06ms | tok/sec: 90,511 | bf16_mfu: 0.00 | epoch: 1 pq: 2 rg: 59 | total time: 28.81m | eta: 17.1m
step 02400/03814 (62.93%) | loss: 3.071487 | lrm: 0.59 | dt: 721.90ms | tok/sec: 90,782 | bf16_mfu: 0.00 | epoch: 1 pq: 2 rg: 59 | total time: 28.82m | eta: 17.1m
step 02401/03814 (62.95%) | loss: 3.054639 | lrm: 0.59 | dt: 715.27ms | tok/sec: 91,623 | bf16_mfu: 0.00 | epoch: 1 pq: 2 rg: 59 | total time: 28.83m | eta: 17.0m
step 02402/03814 (62.98%) | loss: 3.038787 | lrm: 0.59 | dt: 720.24ms | tok/sec: 90,992 | bf16_mfu: 0.00 | epoch: 1 pq: 2 rg: 59 | total time: 28.84m | eta: 17.0m
step 02403/03814 (63.00%) | loss: 3.044413 | lrm: 0.59 | dt: 718.09ms | tok/sec: 91,263 | bf16_mfu: 0.00 | epoch: 1 pq: 2 rg: 59 | total time: 28.85m | eta: 17.0m
step 02404/03814 (63.03%) | loss: 3.040055 | lrm: 0.59 | dt: 720.30ms | tok/sec: 90,984 | bf16_mfu: 0.00 | epoch: 1 pq: 2 rg: 59 | total time: 28.87m | eta: 17.0m
step 02405/03814 (63.06%) | loss: 3.021525 | lrm: 0.59 | dt: 718.82ms | tok/sec: 91,171 | bf16_mfu: 0.00 | epoch: 1 pq: 2 rg: 59 | total time: 28.88m | eta: 17.0m
step 02406/03814 (63.08%) | loss: 3.019789 | lrm: 0.59 | dt: 726.17ms | tok/sec: 90,249 | bf16_mfu: 0.00 | epoch: 1 pq: 2 rg: 59 | total time: 28.89m | eta: 17.0m
step 02407/03814 (63.11%) | loss: 3.025296 | lrm: 0.59 | dt: 714.36ms | tok/sec: 91,740 | bf16_mfu: 0.00 | epoch: 1 pq: 2 rg: 59 | total time: 28.90m | eta: 17.0m
step 02408/03814 (63.14%) | loss: 3.033304 | lrm: 0.59 | dt: 718.73ms | tok/sec: 91,183 | bf16_mfu: 0.00 | epoch: 1 pq: 2 rg: 59 | total time: 28.91m | eta: 17.0m
step 02409/03814 (63.16%) | loss: 3.037689 | lrm: 0.59 | dt: 727.47ms | tok/sec: 90,087 | bf16_mfu: 0.00 | epoch: 1 pq: 2 rg: 60 | total time: 28.93m | eta: 16.9m
step 02410/03814 (63.19%) | loss: 3.011664 | lrm: 0.59 | dt: 718.59ms | tok/sec: 91,200 | bf16_mfu: 0.00 | epoch: 1 pq: 2 rg: 60 | total time: 28.94m | eta: 16.9m
step 02411/03814 (63.21%) | loss: 3.001085 | lrm: 0.59 | dt: 724.45ms | tok/sec: 90,463 | bf16_mfu: 0.00 | epoch: 1 pq: 2 rg: 60 | total time: 28.95m | eta: 16.9m
step 02412/03814 (63.24%) | loss: 2.992929 | lrm: 0.59 | dt: 718.93ms | tok/sec: 91,158 | bf16_mfu: 0.00 | epoch: 1 pq: 2 rg: 60 | total time: 28.96m | eta: 16.9m
step 02413/03814 (63.27%) | loss: 2.993453 | lrm: 0.59 | dt: 719.90ms | tok/sec: 91,034 | bf16_mfu: 0.00 | epoch: 1 pq: 2 rg: 60 | total time: 28.97m | eta: 16.9m
step 02414/03814 (63.29%) | loss: 2.998030 | lrm: 0.59 | dt: 718.02ms | tok/sec: 91,273 | bf16_mfu: 0.00 | epoch: 1 pq: 2 rg: 60 | total time: 28.99m | eta: 16.9m
step 02415/03814 (63.32%) | loss: 2.986328 | lrm: 0.59 | dt: 718.31ms | tok/sec: 91,236 | bf16_mfu: 0.00 | epoch: 1 pq: 2 rg: 60 | total time: 29.00m | eta: 16.9m
step 02416/03814 (63.35%) | loss: 2.985347 | lrm: 0.59 | dt: 717.24ms | tok/sec: 91,372 | bf16_mfu: 0.00 | epoch: 1 pq: 2 rg: 60 | total time: 29.01m | eta: 16.9m
step 02417/03814 (63.37%) | loss: 2.988458 | lrm: 0.59 | dt: 748.51ms | tok/sec: 87,555 | bf16_mfu: 0.00 | epoch: 1 pq: 2 rg: 60 | total time: 29.02m | eta: 16.8m
step 02418/03814 (63.40%) | loss: 2.997564 | lrm: 0.58 | dt: 712.98ms | tok/sec: 91,918 | bf16_mfu: 0.00 | epoch: 1 pq: 2 rg: 60 | total time: 29.04m | eta: 16.8m
step 02419/03814 (63.42%) | loss: 3.018024 | lrm: 0.58 | dt: 722.29ms | tok/sec: 90,733 | bf16_mfu: 0.00 | epoch: 1 pq: 2 rg: 61 | total time: 29.05m | eta: 16.8m
step 02420/03814 (63.45%) | loss: 3.011752 | lrm: 0.58 | dt: 715.66ms | tok/sec: 91,574 | bf16_mfu: 0.00 | epoch: 1 pq: 2 rg: 61 | total time: 29.06m | eta: 16.8m
step 02421/03814 (63.48%) | loss: 3.012191 | lrm: 0.58 | dt: 725.58ms | tok/sec: 90,321 | bf16_mfu: 0.00 | epoch: 1 pq: 2 rg: 61 | total time: 29.07m | eta: 16.8m
step 02422/03814 (63.50%) | loss: 3.014706 | lrm: 0.58 | dt: 718.32ms | tok/sec: 91,234 | bf16_mfu: 0.00 | epoch: 1 pq: 2 rg: 61 | total time: 29.08m | eta: 16.8m
step 02423/03814 (63.53%) | loss: 3.017398 | lrm: 0.58 | dt: 715.64ms | tok/sec: 91,576 | bf16_mfu: 0.00 | epoch: 1 pq: 2 rg: 61 | total time: 29.09m | eta: 16.8m
step 02424/03814 (63.56%) | loss: 3.011370 | lrm: 0.58 | dt: 716.23ms | tok/sec: 91,501 | bf16_mfu: 0.00 | epoch: 1 pq: 2 rg: 61 | total time: 29.11m | eta: 16.8m
step 02425/03814 (63.58%) | loss: 3.004981 | lrm: 0.58 | dt: 719.47ms | tok/sec: 91,089 | bf16_mfu: 0.00 | epoch: 1 pq: 2 rg: 61 | total time: 29.12m | eta: 16.7m
step 02426/03814 (63.61%) | loss: 3.010396 | lrm: 0.58 | dt: 719.00ms | tok/sec: 91,148 | bf16_mfu: 0.00 | epoch: 1 pq: 2 rg: 61 | total time: 29.13m | eta: 16.7m
step 02427/03814 (63.63%) | loss: 3.029597 | lrm: 0.58 | dt: 713.02ms | tok/sec: 91,913 | bf16_mfu: 0.00 | epoch: 1 pq: 2 rg: 61 | total time: 29.14m | eta: 16.7m
step 02428/03814 (63.66%) | loss: 3.029454 | lrm: 0.58 | dt: 727.32ms | tok/sec: 90,105 | bf16_mfu: 0.00 | epoch: 1 pq: 2 rg: 61 | total time: 29.15m | eta: 16.7m
step 02429/03814 (63.69%) | loss: 3.031822 | lrm: 0.58 | dt: 723.50ms | tok/sec: 90,581 | bf16_mfu: 0.00 | epoch: 1 pq: 2 rg: 62 | total time: 29.17m | eta: 16.7m
step 02430/03814 (63.71%) | loss: 3.011317 | lrm: 0.58 | dt: 717.80ms | tok/sec: 91,301 | bf16_mfu: 0.00 | epoch: 1 pq: 2 rg: 62 | total time: 29.18m | eta: 16.7m
step 02431/03814 (63.74%) | loss: 3.016000 | lrm: 0.58 | dt: 722.66ms | tok/sec: 90,687 | bf16_mfu: 0.00 | epoch: 1 pq: 2 rg: 62 | total time: 29.19m | eta: 16.7m
step 02432/03814 (63.77%) | loss: 3.025287 | lrm: 0.58 | dt: 719.82ms | tok/sec: 91,044 | bf16_mfu: 0.00 | epoch: 1 pq: 2 rg: 62 | total time: 29.20m | eta: 16.7m
step 02433/03814 (63.79%) | loss: 3.027241 | lrm: 0.58 | dt: 717.86ms | tok/sec: 91,293 | bf16_mfu: 0.00 | epoch: 1 pq: 2 rg: 62 | total time: 29.21m | eta: 16.7m
step 02434/03814 (63.82%) | loss: 3.031440 | lrm: 0.58 | dt: 716.48ms | tok/sec: 91,469 | bf16_mfu: 0.00 | epoch: 1 pq: 2 rg: 62 | total time: 29.23m | eta: 16.6m
step 02435/03814 (63.84%) | loss: 3.044245 | lrm: 0.58 | dt: 718.47ms | tok/sec: 91,216 | bf16_mfu: 0.00 | epoch: 1 pq: 2 rg: 62 | total time: 29.24m | eta: 16.6m
step 02436/03814 (63.87%) | loss: 3.044680 | lrm: 0.58 | dt: 714.10ms | tok/sec: 91,774 | bf16_mfu: 0.00 | epoch: 1 pq: 2 rg: 62 | total time: 29.25m | eta: 16.6m
step 02437/03814 (63.90%) | loss: 3.057333 | lrm: 0.58 | dt: 724.06ms | tok/sec: 90,511 | bf16_mfu: 0.00 | epoch: 1 pq: 2 rg: 62 | total time: 29.26m | eta: 16.6m
step 02438/03814 (63.92%) | loss: 3.058003 | lrm: 0.58 | dt: 722.43ms | tok/sec: 90,715 | bf16_mfu: 0.00 | epoch: 1 pq: 2 rg: 62 | total time: 29.27m | eta: 16.6m
step 02439/03814 (63.95%) | loss: 3.048078 | lrm: 0.58 | dt: 718.66ms | tok/sec: 91,192 | bf16_mfu: 0.00 | epoch: 1 pq: 2 rg: 63 | total time: 29.29m | eta: 16.6m
step 02440/03814 (63.97%) | loss: 3.048978 | lrm: 0.58 | dt: 717.39ms | tok/sec: 91,353 | bf16_mfu: 0.00 | epoch: 1 pq: 2 rg: 63 | total time: 29.30m | eta: 16.6m
step 02441/03814 (64.00%) | loss: 3.047785 | lrm: 0.58 | dt: 721.55ms | tok/sec: 90,827 | bf16_mfu: 0.00 | epoch: 1 pq: 2 rg: 63 | total time: 29.31m | eta: 16.6m
step 02442/03814 (64.03%) | loss: 3.070162 | lrm: 0.58 | dt: 717.01ms | tok/sec: 91,401 | bf16_mfu: 0.00 | epoch: 1 pq: 2 rg: 63 | total time: 29.32m | eta: 16.5m
step 02443/03814 (64.05%) | loss: 3.048553 | lrm: 0.58 | dt: 718.66ms | tok/sec: 91,192 | bf16_mfu: 0.00 | epoch: 1 pq: 2 rg: 63 | total time: 29.33m | eta: 16.5m
step 02444/03814 (64.08%) | loss: 3.038906 | lrm: 0.58 | dt: 718.08ms | tok/sec: 91,265 | bf16_mfu: 0.00 | epoch: 1 pq: 2 rg: 63 | total time: 29.35m | eta: 16.5m
step 02445/03814 (64.11%) | loss: 3.025443 | lrm: 0.57 | dt: 718.75ms | tok/sec: 91,180 | bf16_mfu: 0.00 | epoch: 1 pq: 2 rg: 63 | total time: 29.36m | eta: 16.5m
step 02446/03814 (64.13%) | loss: 3.041058 | lrm: 0.57 | dt: 726.54ms | tok/sec: 90,203 | bf16_mfu: 0.00 | epoch: 1 pq: 2 rg: 63 | total time: 29.37m | eta: 16.5m
step 02447/03814 (64.16%) | loss: 3.036289 | lrm: 0.57 | dt: 715.22ms | tok/sec: 91,630 | bf16_mfu: 0.00 | epoch: 1 pq: 2 rg: 63 | total time: 29.38m | eta: 16.5m
step 02448/03814 (64.18%) | loss: 3.026710 | lrm: 0.57 | dt: 721.22ms | tok/sec: 90,868 | bf16_mfu: 0.00 | epoch: 1 pq: 2 rg: 63 | total time: 29.39m | eta: 16.5m
step 02449/03814 (64.21%) | loss: 3.029363 | lrm: 0.57 | dt: 714.91ms | tok/sec: 91,670 | bf16_mfu: 0.00 | epoch: 1 pq: 2 rg: 63 | total time: 29.41m | eta: 16.5m
step 02450/03814 (64.24%) | loss: 3.040348 | lrm: 0.57 | dt: 718.80ms | tok/sec: 91,173 | bf16_mfu: 0.00 | epoch: 1 pq: 2 rg: 64 | total time: 29.42m | eta: 16.4m
step 02451/03814 (64.26%) | loss: 3.040066 | lrm: 0.57 | dt: 721.33ms | tok/sec: 90,854 | bf16_mfu: 0.00 | epoch: 1 pq: 2 rg: 64 | total time: 29.43m | eta: 16.4m
step 02452/03814 (64.29%) | loss: 3.050321 | lrm: 0.57 | dt: 720.71ms | tok/sec: 90,932 | bf16_mfu: 0.00 | epoch: 1 pq: 2 rg: 64 | total time: 29.44m | eta: 16.4m
step 02453/03814 (64.32%) | loss: 3.033522 | lrm: 0.57 | dt: 714.11ms | tok/sec: 91,773 | bf16_mfu: 0.00 | epoch: 1 pq: 2 rg: 64 | total time: 29.45m | eta: 16.4m
step 02454/03814 (64.34%) | loss: 3.025142 | lrm: 0.57 | dt: 719.14ms | tok/sec: 91,131 | bf16_mfu: 0.00 | epoch: 1 pq: 2 rg: 64 | total time: 29.47m | eta: 16.4m
step 02455/03814 (64.37%) | loss: 3.034287 | lrm: 0.57 | dt: 713.76ms | tok/sec: 91,818 | bf16_mfu: 0.00 | epoch: 1 pq: 2 rg: 64 | total time: 29.48m | eta: 16.4m
step 02456/03814 (64.39%) | loss: 3.023373 | lrm: 0.57 | dt: 715.59ms | tok/sec: 91,583 | bf16_mfu: 0.00 | epoch: 1 pq: 2 rg: 64 | total time: 29.49m | eta: 16.4m
step 02457/03814 (64.42%) | loss: 3.018333 | lrm: 0.57 | dt: 721.62ms | tok/sec: 90,817 | bf16_mfu: 0.00 | epoch: 1 pq: 2 rg: 64 | total time: 29.50m | eta: 16.4m
step 02458/03814 (64.45%) | loss: 3.022476 | lrm: 0.57 | dt: 717.27ms | tok/sec: 91,369 | bf16_mfu: 0.00 | epoch: 1 pq: 2 rg: 64 | total time: 29.51m | eta: 16.3m
step 02459/03814 (64.47%) | loss: 3.017669 | lrm: 0.57 | dt: 717.14ms | tok/sec: 91,384 | bf16_mfu: 0.00 | epoch: 1 pq: 2 rg: 64 | total time: 29.53m | eta: 16.3m
step 02460/03814 (64.50%) | loss: 3.036023 | lrm: 0.57 | dt: 827.40ms | tok/sec: 79,206 | bf16_mfu: 0.00 | epoch: 1 pq: 2 rg: 65 | total time: 29.54m | eta: 16.3m
step 02461/03814 (64.53%) | loss: 3.030427 | lrm: 0.57 | dt: 713.94ms | tok/sec: 91,794 | bf16_mfu: 0.00 | epoch: 1 pq: 2 rg: 65 | total time: 29.55m | eta: 16.3m
step 02462/03814 (64.55%) | loss: 3.032342 | lrm: 0.57 | dt: 716.81ms | tok/sec: 91,426 | bf16_mfu: 0.00 | epoch: 1 pq: 2 rg: 65 | total time: 29.56m | eta: 16.3m
step 02463/03814 (64.58%) | loss: 3.028744 | lrm: 0.57 | dt: 718.12ms | tok/sec: 91,260 | bf16_mfu: 0.00 | epoch: 1 pq: 2 rg: 65 | total time: 29.58m | eta: 16.3m
step 02464/03814 (64.60%) | loss: 3.017625 | lrm: 0.57 | dt: 716.47ms | tok/sec: 91,470 | bf16_mfu: 0.00 | epoch: 1 pq: 2 rg: 65 | total time: 29.59m | eta: 16.3m
step 02465/03814 (64.63%) | loss: 3.052534 | lrm: 0.57 | dt: 719.36ms | tok/sec: 91,102 | bf16_mfu: 0.00 | epoch: 1 pq: 2 rg: 65 | total time: 29.60m | eta: 16.3m
step 02466/03814 (64.66%) | loss: 3.037207 | lrm: 0.57 | dt: 716.83ms | tok/sec: 91,424 | bf16_mfu: 0.00 | epoch: 1 pq: 2 rg: 65 | total time: 29.61m | eta: 16.3m
step 02467/03814 (64.68%) | loss: 3.046933 | lrm: 0.57 | dt: 715.05ms | tok/sec: 91,652 | bf16_mfu: 0.00 | epoch: 1 pq: 2 rg: 65 | total time: 29.62m | eta: 16.2m
step 02468/03814 (64.71%) | loss: 3.037896 | lrm: 0.57 | dt: 717.57ms | tok/sec: 91,330 | bf16_mfu: 0.00 | epoch: 1 pq: 2 rg: 65 | total time: 29.64m | eta: 16.2m
step 02469/03814 (64.74%) | loss: 3.062106 | lrm: 0.57 | dt: 729.23ms | tok/sec: 89,870 | bf16_mfu: 0.00 | epoch: 1 pq: 2 rg: 65 | total time: 29.65m | eta: 16.2m
step 02470/03814 (64.76%) | loss: 3.047437 | lrm: 0.57 | dt: 718.63ms | tok/sec: 91,196 | bf16_mfu: 0.00 | epoch: 1 pq: 2 rg: 66 | total time: 29.66m | eta: 16.2m
step 02471/03814 (64.79%) | loss: 3.051290 | lrm: 0.56 | dt: 718.18ms | tok/sec: 91,252 | bf16_mfu: 0.00 | epoch: 1 pq: 2 rg: 66 | total time: 29.67m | eta: 16.2m
step 02472/03814 (64.81%) | loss: 3.032538 | lrm: 0.56 | dt: 715.85ms | tok/sec: 91,549 | bf16_mfu: 0.00 | epoch: 1 pq: 2 rg: 66 | total time: 29.68m | eta: 16.2m
step 02473/03814 (64.84%) | loss: 3.045837 | lrm: 0.56 | dt: 710.04ms | tok/sec: 92,299 | bf16_mfu: 0.00 | epoch: 1 pq: 2 rg: 66 | total time: 29.70m | eta: 16.2m
step 02474/03814 (64.87%) | loss: 3.059294 | lrm: 0.56 | dt: 717.92ms | tok/sec: 91,286 | bf16_mfu: 0.00 | epoch: 1 pq: 2 rg: 66 | total time: 29.71m | eta: 16.2m
step 02475/03814 (64.89%) | loss: 3.044077 | lrm: 0.56 | dt: 711.63ms | tok/sec: 92,092 | bf16_mfu: 0.00 | epoch: 1 pq: 2 rg: 66 | total time: 29.72m | eta: 16.1m
step 02476/03814 (64.92%) | loss: 3.027591 | lrm: 0.56 | dt: 715.77ms | tok/sec: 91,560 | bf16_mfu: 0.00 | epoch: 1 pq: 2 rg: 66 | total time: 29.73m | eta: 16.1m
step 02477/03814 (64.94%) | loss: 3.033988 | lrm: 0.56 | dt: 718.65ms | tok/sec: 91,192 | bf16_mfu: 0.00 | epoch: 1 pq: 2 rg: 66 | total time: 29.74m | eta: 16.1m
step 02478/03814 (64.97%) | loss: 3.040536 | lrm: 0.56 | dt: 713.40ms | tok/sec: 91,864 | bf16_mfu: 0.00 | epoch: 1 pq: 2 rg: 66 | total time: 29.76m | eta: 16.1m
step 02479/03814 (65.00%) | loss: 3.042668 | lrm: 0.56 | dt: 713.55ms | tok/sec: 91,845 | bf16_mfu: 0.00 | epoch: 1 pq: 2 rg: 66 | total time: 29.77m | eta: 16.1m
step 02480/03814 (65.02%) | loss: 3.033789 | lrm: 0.56 | dt: 717.66ms | tok/sec: 91,318 | bf16_mfu: 0.00 | epoch: 1 pq: 2 rg: 67 | total time: 29.78m | eta: 16.1m
step 02481/03814 (65.05%) | loss: 3.027081 | lrm: 0.56 | dt: 710.70ms | tok/sec: 92,212 | bf16_mfu: 0.00 | epoch: 1 pq: 2 rg: 67 | total time: 29.79m | eta: 16.1m
step 02482/03814 (65.08%) | loss: 3.025837 | lrm: 0.56 | dt: 715.46ms | tok/sec: 91,599 | bf16_mfu: 0.00 | epoch: 1 pq: 2 rg: 67 | total time: 29.80m | eta: 16.1m
step 02483/03814 (65.10%) | loss: 3.012469 | lrm: 0.56 | dt: 718.72ms | tok/sec: 91,184 | bf16_mfu: 0.00 | epoch: 1 pq: 2 rg: 67 | total time: 29.81m | eta: 16.0m
step 02484/03814 (65.13%) | loss: 3.006005 | lrm: 0.56 | dt: 712.20ms | tok/sec: 92,018 | bf16_mfu: 0.00 | epoch: 1 pq: 2 rg: 67 | total time: 29.83m | eta: 16.0m
step 02485/03814 (65.15%) | loss: 2.998681 | lrm: 0.56 | dt: 715.22ms | tok/sec: 91,630 | bf16_mfu: 0.00 | epoch: 1 pq: 2 rg: 67 | total time: 29.84m | eta: 16.0m
step 02486/03814 (65.18%) | loss: 2.984566 | lrm: 0.56 | dt: 716.72ms | tok/sec: 91,438 | bf16_mfu: 0.00 | epoch: 1 pq: 2 rg: 67 | total time: 29.85m | eta: 16.0m
step 02487/03814 (65.21%) | loss: 2.996866 | lrm: 0.56 | dt: 712.56ms | tok/sec: 91,972 | bf16_mfu: 0.00 | epoch: 1 pq: 2 rg: 67 | total time: 29.86m | eta: 16.0m
step 02488/03814 (65.23%) | loss: 3.000790 | lrm: 0.56 | dt: 716.79ms | tok/sec: 91,429 | bf16_mfu: 0.00 | epoch: 1 pq: 2 rg: 67 | total time: 29.87m | eta: 16.0m
step 02489/03814 (65.26%) | loss: 3.005077 | lrm: 0.56 | dt: 716.49ms | tok/sec: 91,468 | bf16_mfu: 0.00 | epoch: 1 pq: 2 rg: 67 | total time: 29.89m | eta: 16.0m
step 02490/03814 (65.29%) | loss: 2.998741 | lrm: 0.56 | dt: 713.64ms | tok/sec: 91,832 | bf16_mfu: 0.00 | epoch: 1 pq: 2 rg: 67 | total time: 29.90m | eta: 16.0m
step 02491/03814 (65.31%) | loss: 3.021276 | lrm: 0.56 | dt: 730.79ms | tok/sec: 89,677 | bf16_mfu: 0.00 | epoch: 1 pq: 2 rg: 68 | total time: 29.91m | eta: 15.9m
step 02492/03814 (65.34%) | loss: 3.025607 | lrm: 0.56 | dt: 714.93ms | tok/sec: 91,667 | bf16_mfu: 0.00 | epoch: 1 pq: 2 rg: 68 | total time: 29.92m | eta: 15.9m
step 02493/03814 (65.36%) | loss: 3.018024 | lrm: 0.56 | dt: 715.96ms | tok/sec: 91,536 | bf16_mfu: 0.00 | epoch: 1 pq: 2 rg: 68 | total time: 29.93m | eta: 15.9m
step 02494/03814 (65.39%) | loss: 3.008844 | lrm: 0.56 | dt: 715.12ms | tok/sec: 91,642 | bf16_mfu: 0.00 | epoch: 1 pq: 2 rg: 68 | total time: 29.95m | eta: 15.9m
step 02495/03814 (65.42%) | loss: 2.996059 | lrm: 0.56 | dt: 715.26ms | tok/sec: 91,625 | bf16_mfu: 0.00 | epoch: 1 pq: 2 rg: 68 | total time: 29.96m | eta: 15.9m
step 02496/03814 (65.44%) | loss: 3.006981 | lrm: 0.56 | dt: 717.20ms | tok/sec: 91,377 | bf16_mfu: 0.00 | epoch: 1 pq: 2 rg: 68 | total time: 29.97m | eta: 15.9m
step 02497/03814 (65.47%) | loss: 3.020675 | lrm: 0.55 | dt: 715.62ms | tok/sec: 91,579 | bf16_mfu: 0.00 | epoch: 1 pq: 2 rg: 68 | total time: 29.98m | eta: 15.9m
step 02498/03814 (65.50%) | loss: 3.018710 | lrm: 0.55 | dt: 890.80ms | tok/sec: 73,569 | bf16_mfu: 0.00 | epoch: 1 pq: 2 rg: 68 | total time: 30.00m | eta: 15.9m
step 02499/03814 (65.52%) | loss: 3.001824 | lrm: 0.55 | dt: 717.53ms | tok/sec: 91,335 | bf16_mfu: 0.00 | epoch: 1 pq: 2 rg: 68 | total time: 30.01m | eta: 15.9m
Step 02500 | Validation bpb: 0.701058
step 02500/03814 (65.55%) | loss: 2.985968 | lrm: 0.55 | dt: 714.43ms | tok/sec: 91,731 | bf16_mfu: 0.00 | epoch: 1 pq: 2 rg: 68 | total time: 30.02m | eta: 15.8m
step 02501/03814 (65.57%) | loss: 2.979678 | lrm: 0.55 | dt: 708.57ms | tok/sec: 92,490 | bf16_mfu: 0.00 | epoch: 1 pq: 2 rg: 69 | total time: 30.03m | eta: 15.8m
step 02502/03814 (65.60%) | loss: 2.994261 | lrm: 0.55 | dt: 707.86ms | tok/sec: 92,583 | bf16_mfu: 0.00 | epoch: 1 pq: 2 rg: 69 | total time: 30.04m | eta: 15.8m
step 02503/03814 (65.63%) | loss: 2.995649 | lrm: 0.55 | dt: 711.55ms | tok/sec: 92,103 | bf16_mfu: 0.00 | epoch: 1 pq: 2 rg: 69 | total time: 30.06m | eta: 15.8m
step 02504/03814 (65.65%) | loss: 2.991926 | lrm: 0.55 | dt: 711.06ms | tok/sec: 92,166 | bf16_mfu: 0.00 | epoch: 1 pq: 2 rg: 69 | total time: 30.07m | eta: 15.8m
step 02505/03814 (65.68%) | loss: 2.981680 | lrm: 0.55 | dt: 714.53ms | tok/sec: 91,718 | bf16_mfu: 0.00 | epoch: 1 pq: 2 rg: 69 | total time: 30.08m | eta: 15.8m
step 02506/03814 (65.71%) | loss: 2.990783 | lrm: 0.55 | dt: 713.83ms | tok/sec: 91,808 | bf16_mfu: 0.00 | epoch: 1 pq: 2 rg: 69 | total time: 30.09m | eta: 15.8m
step 02507/03814 (65.73%) | loss: 2.984521 | lrm: 0.55 | dt: 720.02ms | tok/sec: 91,019 | bf16_mfu: 0.00 | epoch: 1 pq: 2 rg: 69 | total time: 30.10m | eta: 15.8m
step 02508/03814 (65.76%) | loss: 2.983768 | lrm: 0.55 | dt: 718.72ms | tok/sec: 91,184 | bf16_mfu: 0.00 | epoch: 1 pq: 2 rg: 69 | total time: 30.12m | eta: 15.7m
step 02509/03814 (65.78%) | loss: 2.984461 | lrm: 0.55 | dt: 723.73ms | tok/sec: 90,552 | bf16_mfu: 0.00 | epoch: 1 pq: 2 rg: 69 | total time: 30.13m | eta: 15.7m
step 02510/03814 (65.81%) | loss: 3.002580 | lrm: 0.55 | dt: 720.72ms | tok/sec: 90,931 | bf16_mfu: 0.00 | epoch: 1 pq: 2 rg: 69 | total time: 30.14m | eta: 15.7m
step 02511/03814 (65.84%) | loss: 3.027208 | lrm: 0.55 | dt: 724.93ms | tok/sec: 90,402 | bf16_mfu: 0.00 | epoch: 1 pq: 2 rg: 70 | total time: 30.15m | eta: 15.7m
step 02512/03814 (65.86%) | loss: 3.018094 | lrm: 0.55 | dt: 832.42ms | tok/sec: 78,729 | bf16_mfu: 0.00 | epoch: 1 pq: 2 rg: 70 | total time: 30.17m | eta: 15.7m
step 02513/03814 (65.89%) | loss: 3.007411 | lrm: 0.55 | dt: 725.86ms | tok/sec: 90,286 | bf16_mfu: 0.00 | epoch: 1 pq: 2 rg: 70 | total time: 30.18m | eta: 15.7m
step 02514/03814 (65.92%) | loss: 3.030206 | lrm: 0.55 | dt: 726.90ms | tok/sec: 90,158 | bf16_mfu: 0.00 | epoch: 1 pq: 2 rg: 70 | total time: 30.19m | eta: 15.7m
step 02515/03814 (65.94%) | loss: 3.043329 | lrm: 0.55 | dt: 732.01ms | tok/sec: 89,528 | bf16_mfu: 0.00 | epoch: 1 pq: 2 rg: 70 | total time: 30.20m | eta: 15.7m
step 02516/03814 (65.97%) | loss: 3.027157 | lrm: 0.55 | dt: 729.80ms | tok/sec: 89,799 | bf16_mfu: 0.00 | epoch: 1 pq: 2 rg: 70 | total time: 30.21m | eta: 15.6m
step 02517/03814 (65.99%) | loss: 3.014060 | lrm: 0.55 | dt: 732.99ms | tok/sec: 89,408 | bf16_mfu: 0.00 | epoch: 1 pq: 2 rg: 70 | total time: 30.23m | eta: 15.6m
step 02518/03814 (66.02%) | loss: 3.014895 | lrm: 0.55 | dt: 741.63ms | tok/sec: 88,368 | bf16_mfu: 0.00 | epoch: 1 pq: 2 rg: 70 | total time: 30.24m | eta: 15.6m
step 02519/03814 (66.05%) | loss: 3.020180 | lrm: 0.55 | dt: 734.33ms | tok/sec: 89,245 | bf16_mfu: 0.00 | epoch: 1 pq: 2 rg: 70 | total time: 30.25m | eta: 15.6m
step 02520/03814 (66.07%) | loss: 3.034256 | lrm: 0.55 | dt: 744.97ms | tok/sec: 87,971 | bf16_mfu: 0.00 | epoch: 1 pq: 2 rg: 70 | total time: 30.26m | eta: 15.6m
step 02521/03814 (66.10%) | loss: 3.020248 | lrm: 0.55 | dt: 738.99ms | tok/sec: 88,683 | bf16_mfu: 0.00 | epoch: 1 pq: 2 rg: 71 | total time: 30.28m | eta: 15.6m
step 02522/03814 (66.12%) | loss: 3.003060 | lrm: 0.55 | dt: 744.35ms | tok/sec: 88,044 | bf16_mfu: 0.00 | epoch: 1 pq: 2 rg: 71 | total time: 30.29m | eta: 15.6m
step 02523/03814 (66.15%) | loss: 2.991883 | lrm: 0.54 | dt: 750.76ms | tok/sec: 87,292 | bf16_mfu: 0.00 | epoch: 1 pq: 2 rg: 71 | total time: 30.30m | eta: 15.6m
step 02524/03814 (66.18%) | loss: 3.016580 | lrm: 0.54 | dt: 748.75ms | tok/sec: 87,527 | bf16_mfu: 0.00 | epoch: 1 pq: 2 rg: 71 | total time: 30.31m | eta: 15.6m
step 02525/03814 (66.20%) | loss: 3.009084 | lrm: 0.54 | dt: 802.28ms | tok/sec: 81,686 | bf16_mfu: 0.00 | epoch: 1 pq: 2 rg: 71 | total time: 30.33m | eta: 15.5m
step 02526/03814 (66.23%) | loss: 3.012452 | lrm: 0.54 | dt: 812.22ms | tok/sec: 80,687 | bf16_mfu: 0.00 | epoch: 1 pq: 2 rg: 71 | total time: 30.34m | eta: 15.5m
step 02527/03814 (66.26%) | loss: 3.010534 | lrm: 0.54 | dt: 755.16ms | tok/sec: 86,784 | bf16_mfu: 0.00 | epoch: 1 pq: 2 rg: 71 | total time: 30.35m | eta: 15.5m
step 02528/03814 (66.28%) | loss: 3.010486 | lrm: 0.54 | dt: 751.58ms | tok/sec: 87,197 | bf16_mfu: 0.00 | epoch: 1 pq: 2 rg: 71 | total time: 30.37m | eta: 15.5m
step 02529/03814 (66.31%) | loss: 2.998310 | lrm: 0.54 | dt: 747.59ms | tok/sec: 87,663 | bf16_mfu: 0.00 | epoch: 1 pq: 2 rg: 71 | total time: 30.38m | eta: 15.5m
step 02530/03814 (66.33%) | loss: 2.999842 | lrm: 0.54 | dt: 745.19ms | tok/sec: 87,945 | bf16_mfu: 0.00 | epoch: 1 pq: 2 rg: 71 | total time: 30.39m | eta: 15.5m
step 02531/03814 (66.36%) | loss: 3.003236 | lrm: 0.54 | dt: 744.22ms | tok/sec: 88,060 | bf16_mfu: 0.00 | epoch: 1 pq: 2 rg: 71 | total time: 30.40m | eta: 15.5m
step 02532/03814 (66.39%) | loss: 3.017410 | lrm: 0.54 | dt: 747.69ms | tok/sec: 87,651 | bf16_mfu: 0.00 | epoch: 1 pq: 2 rg: 72 | total time: 30.42m | eta: 15.5m
step 02533/03814 (66.41%) | loss: 3.029396 | lrm: 0.54 | dt: 743.53ms | tok/sec: 88,142 | bf16_mfu: 0.00 | epoch: 1 pq: 2 rg: 72 | total time: 30.43m | eta: 15.4m
step 02534/03814 (66.44%) | loss: 3.010749 | lrm: 0.54 | dt: 744.38ms | tok/sec: 88,040 | bf16_mfu: 0.00 | epoch: 1 pq: 2 rg: 72 | total time: 30.44m | eta: 15.4m
step 02535/03814 (66.47%) | loss: 2.993413 | lrm: 0.54 | dt: 739.15ms | tok/sec: 88,664 | bf16_mfu: 0.00 | epoch: 1 pq: 2 rg: 72 | total time: 30.45m | eta: 15.4m
step 02536/03814 (66.49%) | loss: 2.979087 | lrm: 0.54 | dt: 741.48ms | tok/sec: 88,384 | bf16_mfu: 0.00 | epoch: 1 pq: 2 rg: 72 | total time: 30.46m | eta: 15.4m
step 02537/03814 (66.52%) | loss: 3.003811 | lrm: 0.54 | dt: 733.61ms | tok/sec: 89,333 | bf16_mfu: 0.00 | epoch: 1 pq: 2 rg: 72 | total time: 30.48m | eta: 15.4m
step 02538/03814 (66.54%) | loss: 3.010852 | lrm: 0.54 | dt: 732.57ms | tok/sec: 89,460 | bf16_mfu: 0.00 | epoch: 1 pq: 2 rg: 72 | total time: 30.49m | eta: 15.4m
step 02539/03814 (66.57%) | loss: 2.999708 | lrm: 0.54 | dt: 788.17ms | tok/sec: 83,149 | bf16_mfu: 0.00 | epoch: 1 pq: 2 rg: 72 | total time: 30.50m | eta: 15.4m
step 02540/03814 (66.60%) | loss: 2.979920 | lrm: 0.54 | dt: 728.95ms | tok/sec: 89,905 | bf16_mfu: 0.00 | epoch: 1 pq: 2 rg: 72 | total time: 30.51m | eta: 15.4m
step 02541/03814 (66.62%) | loss: 2.987507 | lrm: 0.54 | dt: 730.06ms | tok/sec: 89,768 | bf16_mfu: 0.00 | epoch: 1 pq: 2 rg: 72 | total time: 30.53m | eta: 15.4m
step 02542/03814 (66.65%) | loss: 2.990203 | lrm: 0.54 | dt: 726.18ms | tok/sec: 90,248 | bf16_mfu: 0.00 | epoch: 1 pq: 2 rg: 73 | total time: 30.54m | eta: 15.3m
step 02543/03814 (66.68%) | loss: 2.985903 | lrm: 0.54 | dt: 725.95ms | tok/sec: 90,276 | bf16_mfu: 0.00 | epoch: 1 pq: 2 rg: 73 | total time: 30.55m | eta: 15.3m
step 02544/03814 (66.70%) | loss: 2.983846 | lrm: 0.54 | dt: 729.61ms | tok/sec: 89,823 | bf16_mfu: 0.00 | epoch: 1 pq: 2 rg: 73 | total time: 30.56m | eta: 15.3m
step 02545/03814 (66.73%) | loss: 2.982339 | lrm: 0.54 | dt: 727.69ms | tok/sec: 90,059 | bf16_mfu: 0.00 | epoch: 1 pq: 2 rg: 73 | total time: 30.57m | eta: 15.3m
step 02546/03814 (66.75%) | loss: 3.009932 | lrm: 0.54 | dt: 727.65ms | tok/sec: 90,065 | bf16_mfu: 0.00 | epoch: 1 pq: 2 rg: 73 | total time: 30.59m | eta: 15.3m
step 02547/03814 (66.78%) | loss: 3.050090 | lrm: 0.54 | dt: 729.53ms | tok/sec: 89,833 | bf16_mfu: 0.00 | epoch: 1 pq: 2 rg: 73 | total time: 30.60m | eta: 15.3m
step 02548/03814 (66.81%) | loss: 3.046959 | lrm: 0.54 | dt: 727.18ms | tok/sec: 90,122 | bf16_mfu: 0.00 | epoch: 1 pq: 2 rg: 73 | total time: 30.61m | eta: 15.3m
step 02549/03814 (66.83%) | loss: 3.039907 | lrm: 0.53 | dt: 729.21ms | tok/sec: 89,872 | bf16_mfu: 0.00 | epoch: 1 pq: 2 rg: 73 | total time: 30.62m | eta: 15.3m
step 02550/03814 (66.86%) | loss: 3.032769 | lrm: 0.53 | dt: 726.54ms | tok/sec: 90,202 | bf16_mfu: 0.00 | epoch: 1 pq: 2 rg: 73 | total time: 30.64m | eta: 15.2m
step 02551/03814 (66.89%) | loss: 3.038675 | lrm: 0.53 | dt: 725.92ms | tok/sec: 90,279 | bf16_mfu: 0.00 | epoch: 1 pq: 2 rg: 73 | total time: 30.65m | eta: 15.2m
step 02552/03814 (66.91%) | loss: 3.060228 | lrm: 0.53 | dt: 726.67ms | tok/sec: 90,186 | bf16_mfu: 0.00 | epoch: 1 pq: 2 rg: 74 | total time: 30.66m | eta: 15.2m
step 02553/03814 (66.94%) | loss: 3.041458 | lrm: 0.53 | dt: 721.13ms | tok/sec: 90,879 | bf16_mfu: 0.00 | epoch: 1 pq: 2 rg: 74 | total time: 30.67m | eta: 15.2m
step 02554/03814 (66.96%) | loss: 3.023707 | lrm: 0.53 | dt: 723.29ms | tok/sec: 90,608 | bf16_mfu: 0.00 | epoch: 1 pq: 2 rg: 74 | total time: 30.68m | eta: 15.2m
step 02555/03814 (66.99%) | loss: 3.023307 | lrm: 0.53 | dt: 726.05ms | tok/sec: 90,263 | bf16_mfu: 0.00 | epoch: 1 pq: 2 rg: 74 | total time: 30.70m | eta: 15.2m
step 02556/03814 (67.02%) | loss: 3.039416 | lrm: 0.53 | dt: 727.11ms | tok/sec: 90,132 | bf16_mfu: 0.00 | epoch: 1 pq: 2 rg: 74 | total time: 30.71m | eta: 15.2m
step 02557/03814 (67.04%) | loss: 3.033494 | lrm: 0.53 | dt: 718.50ms | tok/sec: 91,212 | bf16_mfu: 0.00 | epoch: 1 pq: 2 rg: 74 | total time: 30.72m | eta: 15.2m
step 02558/03814 (67.07%) | loss: 3.034268 | lrm: 0.53 | dt: 721.16ms | tok/sec: 90,876 | bf16_mfu: 0.00 | epoch: 1 pq: 2 rg: 74 | total time: 30.73m | eta: 15.1m
step 02559/03814 (67.09%) | loss: 3.038904 | lrm: 0.53 | dt: 716.74ms | tok/sec: 91,436 | bf16_mfu: 0.00 | epoch: 1 pq: 2 rg: 74 | total time: 30.74m | eta: 15.1m
step 02560/03814 (67.12%) | loss: 3.036535 | lrm: 0.53 | dt: 713.92ms | tok/sec: 91,797 | bf16_mfu: 0.00 | epoch: 1 pq: 2 rg: 74 | total time: 30.76m | eta: 15.1m
step 02561/03814 (67.15%) | loss: 3.053910 | lrm: 0.53 | dt: 719.02ms | tok/sec: 91,145 | bf16_mfu: 0.00 | epoch: 1 pq: 2 rg: 74 | total time: 30.77m | eta: 15.1m
step 02562/03814 (67.17%) | loss: 3.044729 | lrm: 0.53 | dt: 718.25ms | tok/sec: 91,243 | bf16_mfu: 0.00 | epoch: 1 pq: 2 rg: 75 | total time: 30.78m | eta: 15.1m
step 02563/03814 (67.20%) | loss: 3.032936 | lrm: 0.53 | dt: 717.44ms | tok/sec: 91,346 | bf16_mfu: 0.00 | epoch: 1 pq: 2 rg: 75 | total time: 30.79m | eta: 15.1m
step 02564/03814 (67.23%) | loss: 3.015259 | lrm: 0.53 | dt: 711.68ms | tok/sec: 92,086 | bf16_mfu: 0.00 | epoch: 1 pq: 2 rg: 75 | total time: 30.80m | eta: 15.1m
step 02565/03814 (67.25%) | loss: 3.038806 | lrm: 0.53 | dt: 716.01ms | tok/sec: 91,529 | bf16_mfu: 0.00 | epoch: 1 pq: 2 rg: 75 | total time: 30.82m | eta: 15.1m
step 02566/03814 (67.28%) | loss: 3.044402 | lrm: 0.53 | dt: 710.59ms | tok/sec: 92,227 | bf16_mfu: 0.00 | epoch: 1 pq: 2 rg: 75 | total time: 30.83m | eta: 15.1m
step 02567/03814 (67.30%) | loss: 3.025718 | lrm: 0.53 | dt: 715.31ms | tok/sec: 91,619 | bf16_mfu: 0.00 | epoch: 1 pq: 2 rg: 75 | total time: 30.84m | eta: 15.0m
step 02568/03814 (67.33%) | loss: 3.008616 | lrm: 0.53 | dt: 711.53ms | tok/sec: 92,105 | bf16_mfu: 0.00 | epoch: 1 pq: 2 rg: 75 | total time: 30.85m | eta: 15.0m
step 02569/03814 (67.36%) | loss: 3.025100 | lrm: 0.53 | dt: 710.86ms | tok/sec: 92,192 | bf16_mfu: 0.00 | epoch: 1 pq: 2 rg: 75 | total time: 30.86m | eta: 15.0m
step 02570/03814 (67.38%) | loss: 3.037801 | lrm: 0.53 | dt: 714.46ms | tok/sec: 91,727 | bf16_mfu: 0.00 | epoch: 1 pq: 2 rg: 75 | total time: 30.87m | eta: 15.0m
step 02571/03814 (67.41%) | loss: 3.035437 | lrm: 0.53 | dt: 710.88ms | tok/sec: 92,189 | bf16_mfu: 0.00 | epoch: 1 pq: 2 rg: 75 | total time: 30.89m | eta: 15.0m
step 02572/03814 (67.44%) | loss: 3.017409 | lrm: 0.53 | dt: 710.20ms | tok/sec: 92,278 | bf16_mfu: 0.00 | epoch: 1 pq: 2 rg: 75 | total time: 30.90m | eta: 15.0m
step 02573/03814 (67.46%) | loss: 3.022981 | lrm: 0.53 | dt: 709.08ms | tok/sec: 92,423 | bf16_mfu: 0.00 | epoch: 1 pq: 2 rg: 76 | total time: 30.91m | eta: 15.0m
step 02574/03814 (67.49%) | loss: 3.032125 | lrm: 0.53 | dt: 710.00ms | tok/sec: 92,303 | bf16_mfu: 0.00 | epoch: 1 pq: 2 rg: 76 | total time: 30.92m | eta: 15.0m
step 02575/03814 (67.51%) | loss: 3.029132 | lrm: 0.52 | dt: 708.59ms | tok/sec: 92,487 | bf16_mfu: 0.00 | epoch: 1 pq: 2 rg: 76 | total time: 30.93m | eta: 14.9m
step 02576/03814 (67.54%) | loss: 3.012526 | lrm: 0.52 | dt: 708.46ms | tok/sec: 92,504 | bf16_mfu: 0.00 | epoch: 1 pq: 2 rg: 76 | total time: 30.95m | eta: 14.9m
step 02577/03814 (67.57%) | loss: 3.004825 | lrm: 0.52 | dt: 710.79ms | tok/sec: 92,201 | bf16_mfu: 0.00 | epoch: 1 pq: 2 rg: 76 | total time: 30.96m | eta: 14.9m
step 02578/03814 (67.59%) | loss: 3.009518 | lrm: 0.52 | dt: 708.27ms | tok/sec: 92,529 | bf16_mfu: 0.00 | epoch: 1 pq: 2 rg: 76 | total time: 30.97m | eta: 14.9m
step 02579/03814 (67.62%) | loss: 2.992465 | lrm: 0.52 | dt: 708.71ms | tok/sec: 92,472 | bf16_mfu: 0.00 | epoch: 1 pq: 2 rg: 76 | total time: 30.98m | eta: 14.9m
step 02580/03814 (67.65%) | loss: 2.984669 | lrm: 0.52 | dt: 709.61ms | tok/sec: 92,355 | bf16_mfu: 0.00 | epoch: 1 pq: 2 rg: 76 | total time: 30.99m | eta: 14.9m
step 02581/03814 (67.67%) | loss: 3.010612 | lrm: 0.52 | dt: 708.52ms | tok/sec: 92,496 | bf16_mfu: 0.00 | epoch: 1 pq: 2 rg: 76 | total time: 31.01m | eta: 14.9m
step 02582/03814 (67.70%) | loss: 3.013895 | lrm: 0.52 | dt: 709.55ms | tok/sec: 92,362 | bf16_mfu: 0.00 | epoch: 1 pq: 2 rg: 76 | total time: 31.02m | eta: 14.9m
step 02583/03814 (67.72%) | loss: 3.016315 | lrm: 0.52 | dt: 710.29ms | tok/sec: 92,266 | bf16_mfu: 0.00 | epoch: 1 pq: 2 rg: 77 | total time: 31.03m | eta: 14.8m
step 02584/03814 (67.75%) | loss: 3.008411 | lrm: 0.52 | dt: 708.27ms | tok/sec: 92,529 | bf16_mfu: 0.00 | epoch: 1 pq: 2 rg: 77 | total time: 31.04m | eta: 14.8m
step 02585/03814 (67.78%) | loss: 2.996766 | lrm: 0.52 | dt: 710.10ms | tok/sec: 92,291 | bf16_mfu: 0.00 | epoch: 1 pq: 2 rg: 77 | total time: 31.05m | eta: 14.8m
step 02586/03814 (67.80%) | loss: 3.016313 | lrm: 0.52 | dt: 708.31ms | tok/sec: 92,525 | bf16_mfu: 0.00 | epoch: 1 pq: 2 rg: 77 | total time: 31.06m | eta: 14.8m
step 02587/03814 (67.83%) | loss: 3.014183 | lrm: 0.52 | dt: 709.77ms | tok/sec: 92,334 | bf16_mfu: 0.00 | epoch: 1 pq: 2 rg: 77 | total time: 31.08m | eta: 14.8m
step 02588/03814 (67.86%) | loss: 2.998048 | lrm: 0.52 | dt: 710.41ms | tok/sec: 92,251 | bf16_mfu: 0.00 | epoch: 1 pq: 2 rg: 77 | total time: 31.09m | eta: 14.8m
step 02589/03814 (67.88%) | loss: 2.985761 | lrm: 0.52 | dt: 707.37ms | tok/sec: 92,647 | bf16_mfu: 0.00 | epoch: 1 pq: 2 rg: 77 | total time: 31.10m | eta: 14.8m
step 02590/03814 (67.91%) | loss: 2.984757 | lrm: 0.52 | dt: 711.92ms | tok/sec: 92,054 | bf16_mfu: 0.00 | epoch: 1 pq: 2 rg: 77 | total time: 31.11m | eta: 14.8m
step 02591/03814 (67.93%) | loss: 2.981268 | lrm: 0.52 | dt: 708.17ms | tok/sec: 92,542 | bf16_mfu: 0.00 | epoch: 1 pq: 2 rg: 77 | total time: 31.12m | eta: 14.7m
step 02592/03814 (67.96%) | loss: 2.981322 | lrm: 0.52 | dt: 709.82ms | tok/sec: 92,327 | bf16_mfu: 0.00 | epoch: 1 pq: 2 rg: 77 | total time: 31.14m | eta: 14.7m
step 02593/03814 (67.99%) | loss: 2.968555 | lrm: 0.52 | dt: 706.52ms | tok/sec: 92,759 | bf16_mfu: 0.00 | epoch: 1 pq: 2 rg: 77 | total time: 31.15m | eta: 14.7m
step 02594/03814 (68.01%) | loss: 2.974119 | lrm: 0.52 | dt: 709.02ms | tok/sec: 92,431 | bf16_mfu: 0.00 | epoch: 1 pq: 2 rg: 78 | total time: 31.16m | eta: 14.7m
step 02595/03814 (68.04%) | loss: 2.996682 | lrm: 0.52 | dt: 709.82ms | tok/sec: 92,328 | bf16_mfu: 0.00 | epoch: 1 pq: 2 rg: 78 | total time: 31.17m | eta: 14.7m
step 02596/03814 (68.07%) | loss: 2.992478 | lrm: 0.52 | dt: 705.92ms | tok/sec: 92,837 | bf16_mfu: 0.00 | epoch: 1 pq: 2 rg: 78 | total time: 31.18m | eta: 14.7m
step 02597/03814 (68.09%) | loss: 2.984449 | lrm: 0.52 | dt: 707.54ms | tok/sec: 92,625 | bf16_mfu: 0.00 | epoch: 1 pq: 2 rg: 78 | total time: 31.19m | eta: 14.7m
step 02598/03814 (68.12%) | loss: 2.970089 | lrm: 0.52 | dt: 710.02ms | tok/sec: 92,301 | bf16_mfu: 0.00 | epoch: 1 pq: 2 rg: 78 | total time: 31.21m | eta: 14.7m
step 02599/03814 (68.14%) | loss: 2.973939 | lrm: 0.52 | dt: 713.19ms | tok/sec: 91,891 | bf16_mfu: 0.00 | epoch: 1 pq: 2 rg: 78 | total time: 31.22m | eta: 14.7m
step 02600/03814 (68.17%) | loss: 2.983754 | lrm: 0.52 | dt: 709.28ms | tok/sec: 92,398 | bf16_mfu: 0.00 | epoch: 1 pq: 2 rg: 78 | total time: 31.23m | eta: 14.6m
step 02601/03814 (68.20%) | loss: 2.985874 | lrm: 0.51 | dt: 709.76ms | tok/sec: 92,335 | bf16_mfu: 0.00 | epoch: 1 pq: 2 rg: 78 | total time: 31.24m | eta: 14.6m
step 02602/03814 (68.22%) | loss: 2.974260 | lrm: 0.51 | dt: 710.46ms | tok/sec: 92,244 | bf16_mfu: 0.00 | epoch: 1 pq: 2 rg: 78 | total time: 31.25m | eta: 14.6m
step 02603/03814 (68.25%) | loss: 2.963119 | lrm: 0.51 | dt: 705.36ms | tok/sec: 92,911 | bf16_mfu: 0.00 | epoch: 1 pq: 2 rg: 78 | total time: 31.27m | eta: 14.6m
step 02604/03814 (68.27%) | loss: 2.987895 | lrm: 0.51 | dt: 708.22ms | tok/sec: 92,536 | bf16_mfu: 0.00 | epoch: 1 pq: 2 rg: 79 | total time: 31.28m | eta: 14.6m
step 02605/03814 (68.30%) | loss: 2.995645 | lrm: 0.51 | dt: 710.54ms | tok/sec: 92,233 | bf16_mfu: 0.00 | epoch: 1 pq: 2 rg: 79 | total time: 31.29m | eta: 14.6m
step 02606/03814 (68.33%) | loss: 2.979704 | lrm: 0.51 | dt: 708.56ms | tok/sec: 92,491 | bf16_mfu: 0.00 | epoch: 1 pq: 2 rg: 79 | total time: 31.30m | eta: 14.6m
step 02607/03814 (68.35%) | loss: 2.972925 | lrm: 0.51 | dt: 711.82ms | tok/sec: 92,068 | bf16_mfu: 0.00 | epoch: 1 pq: 2 rg: 79 | total time: 31.31m | eta: 14.6m
step 02608/03814 (68.38%) | loss: 2.980555 | lrm: 0.51 | dt: 714.10ms | tok/sec: 91,774 | bf16_mfu: 0.00 | epoch: 1 pq: 2 rg: 79 | total time: 31.32m | eta: 14.5m
step 02609/03814 (68.41%) | loss: 2.978826 | lrm: 0.51 | dt: 711.10ms | tok/sec: 92,161 | bf16_mfu: 0.00 | epoch: 1 pq: 2 rg: 79 | total time: 31.34m | eta: 14.5m
step 02610/03814 (68.43%) | loss: 2.987562 | lrm: 0.51 | dt: 714.76ms | tok/sec: 91,689 | bf16_mfu: 0.00 | epoch: 1 pq: 2 rg: 79 | total time: 31.35m | eta: 14.5m
step 02611/03814 (68.46%) | loss: 2.982112 | lrm: 0.51 | dt: 716.38ms | tok/sec: 91,482 | bf16_mfu: 0.00 | epoch: 1 pq: 2 rg: 79 | total time: 31.36m | eta: 14.5m
step 02612/03814 (68.48%) | loss: 2.992421 | lrm: 0.51 | dt: 715.70ms | tok/sec: 91,569 | bf16_mfu: 0.00 | epoch: 1 pq: 2 rg: 79 | total time: 31.37m | eta: 14.5m
step 02613/03814 (68.51%) | loss: 3.021852 | lrm: 0.51 | dt: 717.10ms | tok/sec: 91,390 | bf16_mfu: 0.00 | epoch: 1 pq: 2 rg: 79 | total time: 31.38m | eta: 14.5m
step 02614/03814 (68.54%) | loss: 3.025233 | lrm: 0.51 | dt: 719.27ms | tok/sec: 91,113 | bf16_mfu: 0.00 | epoch: 1 pq: 2 rg: 80 | total time: 31.40m | eta: 14.5m
step 02615/03814 (68.56%) | loss: 3.019414 | lrm: 0.51 | dt: 715.44ms | tok/sec: 91,601 | bf16_mfu: 0.00 | epoch: 1 pq: 2 rg: 80 | total time: 31.41m | eta: 14.5m
step 02616/03814 (68.59%) | loss: 3.021155 | lrm: 0.51 | dt: 719.81ms | tok/sec: 91,046 | bf16_mfu: 0.00 | epoch: 1 pq: 2 rg: 80 | total time: 31.42m | eta: 14.4m
step 02617/03814 (68.62%) | loss: 3.029010 | lrm: 0.51 | dt: 714.17ms | tok/sec: 91,765 | bf16_mfu: 0.00 | epoch: 1 pq: 2 rg: 80 | total time: 31.43m | eta: 14.4m
step 02618/03814 (68.64%) | loss: 3.047023 | lrm: 0.51 | dt: 720.89ms | tok/sec: 90,910 | bf16_mfu: 0.00 | epoch: 1 pq: 2 rg: 80 | total time: 31.44m | eta: 14.4m
step 02619/03814 (68.67%) | loss: 3.040396 | lrm: 0.51 | dt: 714.84ms | tok/sec: 91,678 | bf16_mfu: 0.00 | epoch: 1 pq: 2 rg: 80 | total time: 31.46m | eta: 14.4m
step 02620/03814 (68.69%) | loss: 3.018952 | lrm: 0.51 | dt: 724.08ms | tok/sec: 90,509 | bf16_mfu: 0.00 | epoch: 1 pq: 2 rg: 80 | total time: 31.47m | eta: 14.4m
step 02621/03814 (68.72%) | loss: 3.011193 | lrm: 0.51 | dt: 720.51ms | tok/sec: 90,958 | bf16_mfu: 0.00 | epoch: 1 pq: 2 rg: 80 | total time: 31.48m | eta: 14.4m
step 02622/03814 (68.75%) | loss: 3.012751 | lrm: 0.51 | dt: 719.49ms | tok/sec: 91,086 | bf16_mfu: 0.00 | epoch: 1 pq: 2 rg: 80 | total time: 31.49m | eta: 14.4m
step 02623/03814 (68.77%) | loss: 2.999759 | lrm: 0.51 | dt: 722.79ms | tok/sec: 90,670 | bf16_mfu: 0.00 | epoch: 1 pq: 2 rg: 80 | total time: 31.50m | eta: 14.4m
step 02624/03814 (68.80%) | loss: 3.004825 | lrm: 0.51 | dt: 717.45ms | tok/sec: 91,345 | bf16_mfu: 0.00 | epoch: 1 pq: 2 rg: 80 | total time: 31.52m | eta: 14.3m
step 02625/03814 (68.83%) | loss: 3.016722 | lrm: 0.51 | dt: 725.68ms | tok/sec: 90,309 | bf16_mfu: 0.00 | epoch: 1 pq: 2 rg: 81 | total time: 31.53m | eta: 14.3m
step 02626/03814 (68.85%) | loss: 3.007221 | lrm: 0.51 | dt: 726.71ms | tok/sec: 90,181 | bf16_mfu: 0.00 | epoch: 1 pq: 2 rg: 81 | total time: 31.54m | eta: 14.3m
step 02627/03814 (68.88%) | loss: 2.997311 | lrm: 0.50 | dt: 727.59ms | tok/sec: 90,073 | bf16_mfu: 0.00 | epoch: 1 pq: 2 rg: 81 | total time: 31.55m | eta: 14.3m
step 02628/03814 (68.90%) | loss: 2.988204 | lrm: 0.50 | dt: 728.00ms | tok/sec: 90,021 | bf16_mfu: 0.00 | epoch: 1 pq: 2 rg: 81 | total time: 31.56m | eta: 14.3m
step 02629/03814 (68.93%) | loss: 3.017344 | lrm: 0.50 | dt: 727.38ms | tok/sec: 90,098 | bf16_mfu: 0.00 | epoch: 1 pq: 2 rg: 81 | total time: 31.58m | eta: 14.3m
step 02630/03814 (68.96%) | loss: 3.009185 | lrm: 0.50 | dt: 724.11ms | tok/sec: 90,506 | bf16_mfu: 0.00 | epoch: 1 pq: 2 rg: 81 | total time: 31.59m | eta: 14.3m
step 02631/03814 (68.98%) | loss: 3.011540 | lrm: 0.50 | dt: 722.55ms | tok/sec: 90,700 | bf16_mfu: 0.00 | epoch: 1 pq: 2 rg: 81 | total time: 31.60m | eta: 14.3m
step 02632/03814 (69.01%) | loss: 3.014893 | lrm: 0.50 | dt: 723.08ms | tok/sec: 90,634 | bf16_mfu: 0.00 | epoch: 1 pq: 2 rg: 81 | total time: 31.61m | eta: 14.3m
step 02633/03814 (69.04%) | loss: 3.024435 | lrm: 0.50 | dt: 728.59ms | tok/sec: 89,948 | bf16_mfu: 0.00 | epoch: 1 pq: 2 rg: 81 | total time: 31.62m | eta: 14.2m
step 02634/03814 (69.06%) | loss: 3.012463 | lrm: 0.50 | dt: 728.52ms | tok/sec: 89,957 | bf16_mfu: 0.00 | epoch: 1 pq: 2 rg: 81 | total time: 31.64m | eta: 14.2m
step 02635/03814 (69.09%) | loss: 3.009093 | lrm: 0.50 | dt: 729.86ms | tok/sec: 89,792 | bf16_mfu: 0.00 | epoch: 1 pq: 2 rg: 81 | total time: 31.65m | eta: 14.2m
step 02636/03814 (69.11%) | loss: 3.008832 | lrm: 0.50 | dt: 728.49ms | tok/sec: 89,961 | bf16_mfu: 0.00 | epoch: 1 pq: 2 rg: 82 | total time: 31.66m | eta: 14.2m
step 02637/03814 (69.14%) | loss: 3.029766 | lrm: 0.50 | dt: 728.35ms | tok/sec: 89,979 | bf16_mfu: 0.00 | epoch: 1 pq: 2 rg: 82 | total time: 31.67m | eta: 14.2m
step 02638/03814 (69.17%) | loss: 3.031981 | lrm: 0.50 | dt: 727.30ms | tok/sec: 90,108 | bf16_mfu: 0.00 | epoch: 1 pq: 2 rg: 82 | total time: 31.69m | eta: 14.2m
step 02639/03814 (69.19%) | loss: 3.028420 | lrm: 0.50 | dt: 730.42ms | tok/sec: 89,723 | bf16_mfu: 0.00 | epoch: 1 pq: 2 rg: 82 | total time: 31.70m | eta: 14.2m
step 02640/03814 (69.22%) | loss: 3.016760 | lrm: 0.50 | dt: 729.68ms | tok/sec: 89,815 | bf16_mfu: 0.00 | epoch: 1 pq: 2 rg: 82 | total time: 31.71m | eta: 14.2m
step 02641/03814 (69.24%) | loss: 3.002518 | lrm: 0.50 | dt: 727.57ms | tok/sec: 90,074 | bf16_mfu: 0.00 | epoch: 1 pq: 2 rg: 82 | total time: 31.72m | eta: 14.1m
step 02642/03814 (69.27%) | loss: 3.030975 | lrm: 0.50 | dt: 729.68ms | tok/sec: 89,814 | bf16_mfu: 0.00 | epoch: 1 pq: 2 rg: 82 | total time: 31.73m | eta: 14.1m
step 02643/03814 (69.30%) | loss: 3.022584 | lrm: 0.50 | dt: 728.57ms | tok/sec: 89,952 | bf16_mfu: 0.00 | epoch: 1 pq: 2 rg: 82 | total time: 31.75m | eta: 14.1m
step 02644/03814 (69.32%) | loss: 3.016523 | lrm: 0.50 | dt: 728.31ms | tok/sec: 89,984 | bf16_mfu: 0.00 | epoch: 1 pq: 2 rg: 82 | total time: 31.76m | eta: 14.1m
step 02645/03814 (69.35%) | loss: 3.032226 | lrm: 0.50 | dt: 728.61ms | tok/sec: 89,946 | bf16_mfu: 0.00 | epoch: 1 pq: 2 rg: 82 | total time: 31.77m | eta: 14.1m
step 02646/03814 (69.38%) | loss: 3.058369 | lrm: 0.50 | dt: 727.70ms | tok/sec: 90,059 | bf16_mfu: 0.00 | epoch: 1 pq: 2 rg: 83 | total time: 31.78m | eta: 14.1m
step 02647/03814 (69.40%) | loss: 3.046926 | lrm: 0.50 | dt: 730.05ms | tok/sec: 89,769 | bf16_mfu: 0.00 | epoch: 1 pq: 2 rg: 83 | total time: 31.79m | eta: 14.1m
step 02648/03814 (69.43%) | loss: 3.030066 | lrm: 0.50 | dt: 725.26ms | tok/sec: 90,362 | bf16_mfu: 0.00 | epoch: 1 pq: 2 rg: 83 | total time: 31.81m | eta: 14.1m
step 02649/03814 (69.45%) | loss: 3.014226 | lrm: 0.50 | dt: 723.61ms | tok/sec: 90,568 | bf16_mfu: 0.00 | epoch: 1 pq: 2 rg: 83 | total time: 31.82m | eta: 14.0m
step 02650/03814 (69.48%) | loss: 3.013202 | lrm: 0.50 | dt: 730.45ms | tok/sec: 89,720 | bf16_mfu: 0.00 | epoch: 1 pq: 2 rg: 83 | total time: 31.83m | eta: 14.0m
step 02651/03814 (69.51%) | loss: 3.008605 | lrm: 0.50 | dt: 730.87ms | tok/sec: 89,668 | bf16_mfu: 0.00 | epoch: 1 pq: 2 rg: 83 | total time: 31.84m | eta: 14.0m
step 02652/03814 (69.53%) | loss: 3.006273 | lrm: 0.50 | dt: 728.75ms | tok/sec: 89,929 | bf16_mfu: 0.00 | epoch: 1 pq: 2 rg: 83 | total time: 31.86m | eta: 14.0m
step 02653/03814 (69.56%) | loss: 2.998980 | lrm: 0.49 | dt: 732.40ms | tok/sec: 89,480 | bf16_mfu: 0.00 | epoch: 1 pq: 2 rg: 83 | total time: 31.87m | eta: 14.0m
step 02654/03814 (69.59%) | loss: 3.006528 | lrm: 0.49 | dt: 725.86ms | tok/sec: 90,286 | bf16_mfu: 0.00 | epoch: 1 pq: 2 rg: 83 | total time: 31.88m | eta: 14.0m
step 02655/03814 (69.61%) | loss: 3.015416 | lrm: 0.49 | dt: 728.23ms | tok/sec: 89,993 | bf16_mfu: 0.00 | epoch: 1 pq: 2 rg: 83 | total time: 31.89m | eta: 14.0m
step 02656/03814 (69.64%) | loss: 3.025169 | lrm: 0.49 | dt: 720.12ms | tok/sec: 91,007 | bf16_mfu: 0.00 | epoch: 1 pq: 2 rg: 84 | total time: 31.90m | eta: 14.0m
step 02657/03814 (69.66%) | loss: 3.014014 | lrm: 0.49 | dt: 722.59ms | tok/sec: 90,695 | bf16_mfu: 0.00 | epoch: 1 pq: 2 rg: 84 | total time: 31.92m | eta: 14.0m
step 02658/03814 (69.69%) | loss: 3.018464 | lrm: 0.49 | dt: 724.23ms | tok/sec: 90,490 | bf16_mfu: 0.00 | epoch: 1 pq: 2 rg: 84 | total time: 31.93m | eta: 13.9m
step 02659/03814 (69.72%) | loss: 3.051215 | lrm: 0.49 | dt: 721.31ms | tok/sec: 90,857 | bf16_mfu: 0.00 | epoch: 1 pq: 2 rg: 84 | total time: 31.94m | eta: 13.9m
step 02660/03814 (69.74%) | loss: 3.035729 | lrm: 0.49 | dt: 722.17ms | tok/sec: 90,748 | bf16_mfu: 0.00 | epoch: 1 pq: 2 rg: 84 | total time: 31.95m | eta: 13.9m
step 02661/03814 (69.77%) | loss: 3.022770 | lrm: 0.49 | dt: 719.85ms | tok/sec: 91,040 | bf16_mfu: 0.00 | epoch: 1 pq: 2 rg: 84 | total time: 31.96m | eta: 13.9m
step 02662/03814 (69.80%) | loss: 3.012984 | lrm: 0.49 | dt: 721.23ms | tok/sec: 90,866 | bf16_mfu: 0.00 | epoch: 1 pq: 2 rg: 84 | total time: 31.98m | eta: 13.9m
step 02663/03814 (69.82%) | loss: 3.030578 | lrm: 0.49 | dt: 717.83ms | tok/sec: 91,297 | bf16_mfu: 0.00 | epoch: 1 pq: 2 rg: 84 | total time: 31.99m | eta: 13.9m
step 02664/03814 (69.85%) | loss: 3.023921 | lrm: 0.49 | dt: 723.01ms | tok/sec: 90,643 | bf16_mfu: 0.00 | epoch: 1 pq: 2 rg: 84 | total time: 32.00m | eta: 13.9m
step 02665/03814 (69.87%) | loss: 3.003992 | lrm: 0.49 | dt: 724.19ms | tok/sec: 90,495 | bf16_mfu: 0.00 | epoch: 1 pq: 2 rg: 84 | total time: 32.01m | eta: 13.9m
step 02666/03814 (69.90%) | loss: 3.008880 | lrm: 0.49 | dt: 718.18ms | tok/sec: 91,252 | bf16_mfu: 0.00 | epoch: 1 pq: 2 rg: 84 | total time: 32.02m | eta: 13.8m
step 02667/03814 (69.93%) | loss: 3.022424 | lrm: 0.49 | dt: 721.89ms | tok/sec: 90,783 | bf16_mfu: 0.00 | epoch: 1 pq: 2 rg: 85 | total time: 32.04m | eta: 13.8m
step 02668/03814 (69.95%) | loss: 3.024306 | lrm: 0.49 | dt: 718.43ms | tok/sec: 91,221 | bf16_mfu: 0.00 | epoch: 1 pq: 2 rg: 85 | total time: 32.05m | eta: 13.8m
step 02669/03814 (69.98%) | loss: 2.997461 | lrm: 0.49 | dt: 722.11ms | tok/sec: 90,756 | bf16_mfu: 0.00 | epoch: 1 pq: 2 rg: 85 | total time: 32.06m | eta: 13.8m
step 02670/03814 (70.01%) | loss: 2.991955 | lrm: 0.49 | dt: 715.24ms | tok/sec: 91,627 | bf16_mfu: 0.00 | epoch: 1 pq: 2 rg: 85 | total time: 32.07m | eta: 13.8m
step 02671/03814 (70.03%) | loss: 2.989363 | lrm: 0.49 | dt: 719.47ms | tok/sec: 91,088 | bf16_mfu: 0.00 | epoch: 1 pq: 2 rg: 85 | total time: 32.08m | eta: 13.8m
step 02672/03814 (70.06%) | loss: 3.030738 | lrm: 0.49 | dt: 719.79ms | tok/sec: 91,048 | bf16_mfu: 0.00 | epoch: 1 pq: 2 rg: 85 | total time: 32.10m | eta: 13.8m
step 02673/03814 (70.08%) | loss: 3.017613 | lrm: 0.49 | dt: 713.75ms | tok/sec: 91,818 | bf16_mfu: 0.00 | epoch: 1 pq: 2 rg: 85 | total time: 32.11m | eta: 13.8m
step 02674/03814 (70.11%) | loss: 3.016612 | lrm: 0.49 | dt: 719.17ms | tok/sec: 91,127 | bf16_mfu: 0.00 | epoch: 1 pq: 2 rg: 85 | total time: 32.12m | eta: 13.7m
step 02675/03814 (70.14%) | loss: 3.013843 | lrm: 0.49 | dt: 715.09ms | tok/sec: 91,647 | bf16_mfu: 0.00 | epoch: 1 pq: 2 rg: 85 | total time: 32.13m | eta: 13.7m
step 02676/03814 (70.16%) | loss: 3.040979 | lrm: 0.49 | dt: 714.83ms | tok/sec: 91,680 | bf16_mfu: 0.00 | epoch: 1 pq: 2 rg: 85 | total time: 32.14m | eta: 13.7m
step 02677/03814 (70.19%) | loss: 3.033714 | lrm: 0.49 | dt: 718.70ms | tok/sec: 91,187 | bf16_mfu: 0.00 | epoch: 1 pq: 2 rg: 85 | total time: 32.16m | eta: 13.7m
step 02678/03814 (70.21%) | loss: 3.019557 | lrm: 0.49 | dt: 716.82ms | tok/sec: 91,426 | bf16_mfu: 0.00 | epoch: 1 pq: 2 rg: 86 | total time: 32.17m | eta: 13.7m
step 02679/03814 (70.24%) | loss: 3.024861 | lrm: 0.48 | dt: 718.96ms | tok/sec: 91,153 | bf16_mfu: 0.00 | epoch: 1 pq: 2 rg: 86 | total time: 32.18m | eta: 13.7m
step 02680/03814 (70.27%) | loss: 3.021746 | lrm: 0.48 | dt: 716.37ms | tok/sec: 91,482 | bf16_mfu: 0.00 | epoch: 1 pq: 2 rg: 86 | total time: 32.19m | eta: 13.7m
step 02681/03814 (70.29%) | loss: 3.013807 | lrm: 0.48 | dt: 716.17ms | tok/sec: 91,508 | bf16_mfu: 0.00 | epoch: 1 pq: 2 rg: 86 | total time: 32.20m | eta: 13.7m
step 02682/03814 (70.32%) | loss: 2.998504 | lrm: 0.48 | dt: 712.85ms | tok/sec: 91,935 | bf16_mfu: 0.00 | epoch: 1 pq: 2 rg: 86 | total time: 32.22m | eta: 13.6m
step 02683/03814 (70.35%) | loss: 2.999732 | lrm: 0.48 | dt: 711.52ms | tok/sec: 92,107 | bf16_mfu: 0.00 | epoch: 1 pq: 2 rg: 86 | total time: 32.23m | eta: 13.6m
step 02684/03814 (70.37%) | loss: 2.997867 | lrm: 0.48 | dt: 715.14ms | tok/sec: 91,641 | bf16_mfu: 0.00 | epoch: 1 pq: 2 rg: 86 | total time: 32.24m | eta: 13.6m
step 02685/03814 (70.40%) | loss: 2.992124 | lrm: 0.48 | dt: 714.20ms | tok/sec: 91,761 | bf16_mfu: 0.00 | epoch: 1 pq: 2 rg: 86 | total time: 32.25m | eta: 13.6m
step 02686/03814 (70.42%) | loss: 2.982397 | lrm: 0.48 | dt: 719.31ms | tok/sec: 91,109 | bf16_mfu: 0.00 | epoch: 1 pq: 2 rg: 86 | total time: 32.26m | eta: 13.6m
step 02687/03814 (70.45%) | loss: 2.991458 | lrm: 0.48 | dt: 712.90ms | tok/sec: 91,928 | bf16_mfu: 0.00 | epoch: 1 pq: 2 rg: 86 | total time: 32.27m | eta: 13.6m
step 02688/03814 (70.48%) | loss: 3.010522 | lrm: 0.48 | dt: 710.34ms | tok/sec: 92,259 | bf16_mfu: 0.00 | epoch: 1 pq: 2 rg: 87 | total time: 32.29m | eta: 13.6m
step 02689/03814 (70.50%) | loss: 3.019657 | lrm: 0.48 | dt: 713.43ms | tok/sec: 91,859 | bf16_mfu: 0.00 | epoch: 1 pq: 2 rg: 87 | total time: 32.30m | eta: 13.6m
step 02690/03814 (70.53%) | loss: 3.008337 | lrm: 0.48 | dt: 712.90ms | tok/sec: 91,928 | bf16_mfu: 0.00 | epoch: 1 pq: 2 rg: 87 | total time: 32.31m | eta: 13.6m
step 02691/03814 (70.56%) | loss: 3.004657 | lrm: 0.48 | dt: 716.22ms | tok/sec: 91,502 | bf16_mfu: 0.00 | epoch: 1 pq: 2 rg: 87 | total time: 32.32m | eta: 13.5m
step 02692/03814 (70.58%) | loss: 3.014224 | lrm: 0.48 | dt: 710.21ms | tok/sec: 92,276 | bf16_mfu: 0.00 | epoch: 1 pq: 2 rg: 87 | total time: 32.33m | eta: 13.5m
step 02693/03814 (70.61%) | loss: 3.011760 | lrm: 0.48 | dt: 716.05ms | tok/sec: 91,524 | bf16_mfu: 0.00 | epoch: 1 pq: 2 rg: 87 | total time: 32.35m | eta: 13.5m
step 02694/03814 (70.63%) | loss: 3.003749 | lrm: 0.48 | dt: 718.73ms | tok/sec: 91,183 | bf16_mfu: 0.00 | epoch: 1 pq: 2 rg: 87 | total time: 32.36m | eta: 13.5m
step 02695/03814 (70.66%) | loss: 2.991455 | lrm: 0.48 | dt: 710.89ms | tok/sec: 92,188 | bf16_mfu: 0.00 | epoch: 1 pq: 2 rg: 87 | total time: 32.37m | eta: 13.5m
step 02696/03814 (70.69%) | loss: 3.011162 | lrm: 0.48 | dt: 711.97ms | tok/sec: 92,048 | bf16_mfu: 0.00 | epoch: 1 pq: 2 rg: 87 | total time: 32.38m | eta: 13.5m
step 02697/03814 (70.71%) | loss: 3.006787 | lrm: 0.48 | dt: 713.08ms | tok/sec: 91,905 | bf16_mfu: 0.00 | epoch: 1 pq: 2 rg: 87 | total time: 32.39m | eta: 13.5m
step 02698/03814 (70.74%) | loss: 2.996887 | lrm: 0.48 | dt: 715.31ms | tok/sec: 91,618 | bf16_mfu: 0.00 | epoch: 1 pq: 2 rg: 88 | total time: 32.41m | eta: 13.5m
step 02699/03814 (70.77%) | loss: 2.980189 | lrm: 0.48 | dt: 712.60ms | tok/sec: 91,966 | bf16_mfu: 0.00 | epoch: 1 pq: 2 rg: 88 | total time: 32.42m | eta: 13.4m
step 02700/03814 (70.79%) | loss: 3.021558 | lrm: 0.48 | dt: 712.07ms | tok/sec: 92,035 | bf16_mfu: 0.00 | epoch: 1 pq: 2 rg: 88 | total time: 32.43m | eta: 13.4m
step 02701/03814 (70.82%) | loss: 2.996660 | lrm: 0.48 | dt: 712.54ms | tok/sec: 91,975 | bf16_mfu: 0.00 | epoch: 1 pq: 2 rg: 88 | total time: 32.44m | eta: 13.4m
step 02702/03814 (70.84%) | loss: 2.981498 | lrm: 0.48 | dt: 714.16ms | tok/sec: 91,766 | bf16_mfu: 0.00 | epoch: 1 pq: 2 rg: 88 | total time: 32.45m | eta: 13.4m
step 02703/03814 (70.87%) | loss: 2.982403 | lrm: 0.48 | dt: 714.25ms | tok/sec: 91,754 | bf16_mfu: 0.00 | epoch: 1 pq: 2 rg: 88 | total time: 32.47m | eta: 13.4m
step 02704/03814 (70.90%) | loss: 3.002746 | lrm: 0.48 | dt: 713.23ms | tok/sec: 91,886 | bf16_mfu: 0.00 | epoch: 1 pq: 2 rg: 88 | total time: 32.48m | eta: 13.4m
step 02705/03814 (70.92%) | loss: 3.012601 | lrm: 0.47 | dt: 716.38ms | tok/sec: 91,481 | bf16_mfu: 0.00 | epoch: 1 pq: 2 rg: 88 | total time: 32.49m | eta: 13.4m
step 02706/03814 (70.95%) | loss: 3.005393 | lrm: 0.47 | dt: 716.49ms | tok/sec: 91,468 | bf16_mfu: 0.00 | epoch: 1 pq: 2 rg: 88 | total time: 32.50m | eta: 13.4m
step 02707/03814 (70.98%) | loss: 2.987321 | lrm: 0.47 | dt: 712.31ms | tok/sec: 92,005 | bf16_mfu: 0.00 | epoch: 1 pq: 2 rg: 88 | total time: 32.51m | eta: 13.3m
step 02708/03814 (71.00%) | loss: 2.995539 | lrm: 0.47 | dt: 717.16ms | tok/sec: 91,382 | bf16_mfu: 0.00 | epoch: 1 pq: 2 rg: 88 | total time: 32.52m | eta: 13.3m
step 02709/03814 (71.03%) | loss: 3.031086 | lrm: 0.47 | dt: 715.39ms | tok/sec: 91,608 | bf16_mfu: 0.00 | epoch: 1 pq: 2 rg: 89 | total time: 32.54m | eta: 13.3m
step 02710/03814 (71.05%) | loss: 3.026923 | lrm: 0.47 | dt: 713.52ms | tok/sec: 91,848 | bf16_mfu: 0.00 | epoch: 1 pq: 2 rg: 89 | total time: 32.55m | eta: 13.3m
step 02711/03814 (71.08%) | loss: 3.005553 | lrm: 0.47 | dt: 720.08ms | tok/sec: 91,011 | bf16_mfu: 0.00 | epoch: 1 pq: 2 rg: 89 | total time: 32.56m | eta: 13.3m
step 02712/03814 (71.11%) | loss: 3.008642 | lrm: 0.47 | dt: 713.96ms | tok/sec: 91,791 | bf16_mfu: 0.00 | epoch: 1 pq: 2 rg: 89 | total time: 32.57m | eta: 13.3m
step 02713/03814 (71.13%) | loss: 3.031249 | lrm: 0.47 | dt: 715.68ms | tok/sec: 91,571 | bf16_mfu: 0.00 | epoch: 1 pq: 2 rg: 89 | total time: 32.58m | eta: 13.3m
step 02714/03814 (71.16%) | loss: 3.015671 | lrm: 0.47 | dt: 717.13ms | tok/sec: 91,386 | bf16_mfu: 0.00 | epoch: 1 pq: 2 rg: 89 | total time: 32.60m | eta: 13.3m
step 02715/03814 (71.19%) | loss: 3.014689 | lrm: 0.47 | dt: 710.28ms | tok/sec: 92,267 | bf16_mfu: 0.00 | epoch: 1 pq: 2 rg: 89 | total time: 32.61m | eta: 13.2m
step 02716/03814 (71.21%) | loss: 3.003748 | lrm: 0.47 | dt: 715.52ms | tok/sec: 91,592 | bf16_mfu: 0.00 | epoch: 1 pq: 2 rg: 89 | total time: 32.62m | eta: 13.2m
step 02717/03814 (71.24%) | loss: 3.028277 | lrm: 0.47 | dt: 718.04ms | tok/sec: 91,270 | bf16_mfu: 0.00 | epoch: 1 pq: 2 rg: 89 | total time: 32.63m | eta: 13.2m
step 02718/03814 (71.26%) | loss: 3.026797 | lrm: 0.47 | dt: 713.32ms | tok/sec: 91,874 | bf16_mfu: 0.00 | epoch: 1 pq: 2 rg: 89 | total time: 32.64m | eta: 13.2m
step 02719/03814 (71.29%) | loss: 3.016699 | lrm: 0.47 | dt: 713.95ms | tok/sec: 91,793 | bf16_mfu: 0.00 | epoch: 1 pq: 2 rg: 89 | total time: 32.66m | eta: 13.2m
step 02720/03814 (71.32%) | loss: 3.002267 | lrm: 0.47 | dt: 710.29ms | tok/sec: 92,266 | bf16_mfu: 0.00 | epoch: 1 pq: 2 rg: 90 | total time: 32.67m | eta: 13.2m
step 02721/03814 (71.34%) | loss: 2.991080 | lrm: 0.47 | dt: 711.37ms | tok/sec: 92,126 | bf16_mfu: 0.00 | epoch: 1 pq: 2 rg: 90 | total time: 32.68m | eta: 13.2m
step 02722/03814 (71.37%) | loss: 2.979458 | lrm: 0.47 | dt: 715.97ms | tok/sec: 91,534 | bf16_mfu: 0.00 | epoch: 1 pq: 2 rg: 90 | total time: 32.69m | eta: 13.2m
step 02723/03814 (71.39%) | loss: 2.971425 | lrm: 0.47 | dt: 712.99ms | tok/sec: 91,917 | bf16_mfu: 0.00 | epoch: 1 pq: 2 rg: 90 | total time: 32.70m | eta: 13.2m
step 02724/03814 (71.42%) | loss: 2.965484 | lrm: 0.47 | dt: 719.20ms | tok/sec: 91,122 | bf16_mfu: 0.00 | epoch: 1 pq: 2 rg: 90 | total time: 32.72m | eta: 13.1m
step 02725/03814 (71.45%) | loss: 2.968833 | lrm: 0.47 | dt: 715.72ms | tok/sec: 91,565 | bf16_mfu: 0.00 | epoch: 1 pq: 2 rg: 90 | total time: 32.73m | eta: 13.1m
step 02726/03814 (71.47%) | loss: 2.972509 | lrm: 0.47 | dt: 714.14ms | tok/sec: 91,768 | bf16_mfu: 0.00 | epoch: 1 pq: 2 rg: 90 | total time: 32.74m | eta: 13.1m
step 02727/03814 (71.50%) | loss: 2.955163 | lrm: 0.47 | dt: 719.50ms | tok/sec: 91,086 | bf16_mfu: 0.00 | epoch: 1 pq: 2 rg: 90 | total time: 32.75m | eta: 13.1m
step 02728/03814 (71.53%) | loss: 2.951726 | lrm: 0.47 | dt: 715.06ms | tok/sec: 91,651 | bf16_mfu: 0.00 | epoch: 1 pq: 2 rg: 90 | total time: 32.76m | eta: 13.1m
step 02729/03814 (71.55%) | loss: 2.949016 | lrm: 0.47 | dt: 715.04ms | tok/sec: 91,653 | bf16_mfu: 0.00 | epoch: 1 pq: 2 rg: 90 | total time: 32.77m | eta: 13.1m
step 02730/03814 (71.58%) | loss: 2.960177 | lrm: 0.47 | dt: 718.62ms | tok/sec: 91,197 | bf16_mfu: 0.00 | epoch: 1 pq: 2 rg: 91 | total time: 32.79m | eta: 13.1m
step 02731/03814 (71.60%) | loss: 2.950587 | lrm: 0.47 | dt: 717.17ms | tok/sec: 91,381 | bf16_mfu: 0.00 | epoch: 1 pq: 2 rg: 91 | total time: 32.80m | eta: 13.1m
step 02732/03814 (71.63%) | loss: 2.949842 | lrm: 0.46 | dt: 724.78ms | tok/sec: 90,422 | bf16_mfu: 0.00 | epoch: 1 pq: 2 rg: 91 | total time: 32.81m | eta: 13.0m
step 02733/03814 (71.66%) | loss: 2.960496 | lrm: 0.46 | dt: 716.94ms | tok/sec: 91,410 | bf16_mfu: 0.00 | epoch: 1 pq: 2 rg: 91 | total time: 32.82m | eta: 13.0m
step 02734/03814 (71.68%) | loss: 2.952560 | lrm: 0.46 | dt: 715.42ms | tok/sec: 91,604 | bf16_mfu: 0.00 | epoch: 1 pq: 2 rg: 91 | total time: 32.83m | eta: 13.0m
step 02735/03814 (71.71%) | loss: 2.938062 | lrm: 0.46 | dt: 715.46ms | tok/sec: 91,599 | bf16_mfu: 0.00 | epoch: 1 pq: 2 rg: 91 | total time: 32.85m | eta: 13.0m
step 02736/03814 (71.74%) | loss: 2.925288 | lrm: 0.46 | dt: 720.15ms | tok/sec: 91,003 | bf16_mfu: 0.00 | epoch: 1 pq: 2 rg: 91 | total time: 32.86m | eta: 13.0m
step 02737/03814 (71.76%) | loss: 2.943052 | lrm: 0.46 | dt: 852.49ms | tok/sec: 76,876 | bf16_mfu: 0.00 | epoch: 1 pq: 2 rg: 91 | total time: 32.87m | eta: 13.0m
step 02738/03814 (71.79%) | loss: 2.966455 | lrm: 0.46 | dt: 723.08ms | tok/sec: 90,633 | bf16_mfu: 0.00 | epoch: 1 pq: 2 rg: 91 | total time: 32.88m | eta: 13.0m
step 02739/03814 (71.81%) | loss: 2.971920 | lrm: 0.46 | dt: 718.85ms | tok/sec: 91,167 | bf16_mfu: 0.00 | epoch: 1 pq: 2 rg: 91 | total time: 32.90m | eta: 13.0m
step 02740/03814 (71.84%) | loss: 2.967812 | lrm: 0.46 | dt: 722.93ms | tok/sec: 90,653 | bf16_mfu: 0.00 | epoch: 1 pq: 2 rg: 91 | total time: 32.91m | eta: 12.9m
step 02741/03814 (71.87%) | loss: 2.969073 | lrm: 0.46 | dt: 719.34ms | tok/sec: 91,105 | bf16_mfu: 0.00 | epoch: 1 pq: 2 rg: 92 | total time: 32.92m | eta: 12.9m
step 02742/03814 (71.89%) | loss: 2.973547 | lrm: 0.46 | dt: 719.46ms | tok/sec: 91,090 | bf16_mfu: 0.00 | epoch: 1 pq: 2 rg: 92 | total time: 32.93m | eta: 12.9m
step 02743/03814 (71.92%) | loss: 2.969499 | lrm: 0.46 | dt: 717.22ms | tok/sec: 91,375 | bf16_mfu: 0.00 | epoch: 1 pq: 2 rg: 92 | total time: 32.94m | eta: 12.9m
step 02744/03814 (71.95%) | loss: 2.957745 | lrm: 0.46 | dt: 718.44ms | tok/sec: 91,220 | bf16_mfu: 0.00 | epoch: 1 pq: 2 rg: 92 | total time: 32.96m | eta: 12.9m
step 02745/03814 (71.97%) | loss: 2.940843 | lrm: 0.46 | dt: 715.94ms | tok/sec: 91,538 | bf16_mfu: 0.00 | epoch: 1 pq: 2 rg: 92 | total time: 32.97m | eta: 12.9m
step 02746/03814 (72.00%) | loss: 2.950073 | lrm: 0.46 | dt: 723.00ms | tok/sec: 90,644 | bf16_mfu: 0.00 | epoch: 1 pq: 2 rg: 92 | total time: 32.98m | eta: 12.9m
step 02747/03814 (72.02%) | loss: 2.954598 | lrm: 0.46 | dt: 719.22ms | tok/sec: 91,121 | bf16_mfu: 0.00 | epoch: 1 pq: 2 rg: 92 | total time: 32.99m | eta: 12.9m
step 02748/03814 (72.05%) | loss: 2.946098 | lrm: 0.46 | dt: 720.16ms | tok/sec: 91,002 | bf16_mfu: 0.00 | epoch: 1 pq: 2 rg: 92 | total time: 33.00m | eta: 12.8m
step 02749/03814 (72.08%) | loss: 2.943966 | lrm: 0.46 | dt: 719.71ms | tok/sec: 91,058 | bf16_mfu: 0.00 | epoch: 1 pq: 2 rg: 92 | total time: 33.02m | eta: 12.8m
step 02750/03814 (72.10%) | loss: 2.945429 | lrm: 0.46 | dt: 719.14ms | tok/sec: 91,131 | bf16_mfu: 0.00 | epoch: 1 pq: 2 rg: 92 | total time: 33.03m | eta: 12.8m
step 02751/03814 (72.13%) | loss: 2.970629 | lrm: 0.46 | dt: 719.84ms | tok/sec: 91,042 | bf16_mfu: 0.00 | epoch: 1 pq: 2 rg: 93 | total time: 33.04m | eta: 12.8m
step 02752/03814 (72.16%) | loss: 2.964373 | lrm: 0.46 | dt: 717.87ms | tok/sec: 91,292 | bf16_mfu: 0.00 | epoch: 1 pq: 2 rg: 93 | total time: 33.05m | eta: 12.8m
step 02753/03814 (72.18%) | loss: 2.958516 | lrm: 0.46 | dt: 717.75ms | tok/sec: 91,307 | bf16_mfu: 0.00 | epoch: 1 pq: 2 rg: 93 | total time: 33.06m | eta: 12.8m
step 02754/03814 (72.21%) | loss: 2.949351 | lrm: 0.46 | dt: 720.77ms | tok/sec: 90,925 | bf16_mfu: 0.00 | epoch: 1 pq: 2 rg: 93 | total time: 33.08m | eta: 12.8m
step 02755/03814 (72.23%) | loss: 2.966776 | lrm: 0.46 | dt: 723.10ms | tok/sec: 90,632 | bf16_mfu: 0.00 | epoch: 1 pq: 2 rg: 93 | total time: 33.09m | eta: 12.8m
step 02756/03814 (72.26%) | loss: 2.972849 | lrm: 0.46 | dt: 717.83ms | tok/sec: 91,297 | bf16_mfu: 0.00 | epoch: 1 pq: 2 rg: 93 | total time: 33.10m | eta: 12.8m
step 02757/03814 (72.29%) | loss: 2.967262 | lrm: 0.46 | dt: 722.73ms | tok/sec: 90,678 | bf16_mfu: 0.00 | epoch: 1 pq: 2 rg: 93 | total time: 33.11m | eta: 12.7m
step 02758/03814 (72.31%) | loss: 2.982520 | lrm: 0.45 | dt: 720.36ms | tok/sec: 90,976 | bf16_mfu: 0.00 | epoch: 1 pq: 2 rg: 93 | total time: 33.12m | eta: 12.7m
step 02759/03814 (72.34%) | loss: 3.013510 | lrm: 0.45 | dt: 722.49ms | tok/sec: 90,708 | bf16_mfu: 0.00 | epoch: 1 pq: 2 rg: 93 | total time: 33.14m | eta: 12.7m
step 02760/03814 (72.36%) | loss: 2.999273 | lrm: 0.45 | dt: 721.30ms | tok/sec: 90,857 | bf16_mfu: 0.00 | epoch: 1 pq: 2 rg: 93 | total time: 33.15m | eta: 12.7m
step 02761/03814 (72.39%) | loss: 2.981184 | lrm: 0.45 | dt: 722.13ms | tok/sec: 90,753 | bf16_mfu: 0.00 | epoch: 1 pq: 2 rg: 94 | total time: 33.16m | eta: 12.7m
step 02762/03814 (72.42%) | loss: 2.972034 | lrm: 0.45 | dt: 721.00ms | tok/sec: 90,895 | bf16_mfu: 0.00 | epoch: 1 pq: 2 rg: 94 | total time: 33.17m | eta: 12.7m
step 02763/03814 (72.44%) | loss: 2.982485 | lrm: 0.45 | dt: 720.87ms | tok/sec: 90,912 | bf16_mfu: 0.00 | epoch: 1 pq: 2 rg: 94 | total time: 33.19m | eta: 12.7m
step 02764/03814 (72.47%) | loss: 2.985877 | lrm: 0.45 | dt: 724.97ms | tok/sec: 90,398 | bf16_mfu: 0.00 | epoch: 1 pq: 2 rg: 94 | total time: 33.20m | eta: 12.7m
step 02765/03814 (72.50%) | loss: 2.980991 | lrm: 0.45 | dt: 718.98ms | tok/sec: 91,150 | bf16_mfu: 0.00 | epoch: 1 pq: 2 rg: 94 | total time: 33.21m | eta: 12.6m
step 02766/03814 (72.52%) | loss: 2.982846 | lrm: 0.45 | dt: 723.73ms | tok/sec: 90,553 | bf16_mfu: 0.00 | epoch: 1 pq: 2 rg: 94 | total time: 33.22m | eta: 12.6m
step 02767/03814 (72.55%) | loss: 2.988156 | lrm: 0.45 | dt: 727.63ms | tok/sec: 90,067 | bf16_mfu: 0.00 | epoch: 1 pq: 2 rg: 94 | total time: 33.23m | eta: 12.6m
step 02768/03814 (72.57%) | loss: 2.997464 | lrm: 0.45 | dt: 720.75ms | tok/sec: 90,927 | bf16_mfu: 0.00 | epoch: 1 pq: 2 rg: 94 | total time: 33.25m | eta: 12.6m
step 02769/03814 (72.60%) | loss: 2.995708 | lrm: 0.45 | dt: 722.30ms | tok/sec: 90,732 | bf16_mfu: 0.00 | epoch: 1 pq: 2 rg: 94 | total time: 33.26m | eta: 12.6m
step 02770/03814 (72.63%) | loss: 2.992175 | lrm: 0.45 | dt: 729.61ms | tok/sec: 89,822 | bf16_mfu: 0.00 | epoch: 1 pq: 2 rg: 94 | total time: 33.27m | eta: 12.6m
step 02771/03814 (72.65%) | loss: 2.985231 | lrm: 0.45 | dt: 728.09ms | tok/sec: 90,010 | bf16_mfu: 0.00 | epoch: 1 pq: 2 rg: 94 | total time: 33.28m | eta: 12.6m
step 02772/03814 (72.68%) | loss: 3.003859 | lrm: 0.45 | dt: 719.00ms | tok/sec: 91,149 | bf16_mfu: 0.00 | epoch: 1 pq: 2 rg: 95 | total time: 33.29m | eta: 12.6m
step 02773/03814 (72.71%) | loss: 2.994899 | lrm: 0.45 | dt: 720.60ms | tok/sec: 90,945 | bf16_mfu: 0.00 | epoch: 1 pq: 2 rg: 95 | total time: 33.31m | eta: 12.5m
step 02774/03814 (72.73%) | loss: 2.977495 | lrm: 0.45 | dt: 724.01ms | tok/sec: 90,518 | bf16_mfu: 0.00 | epoch: 1 pq: 2 rg: 95 | total time: 33.32m | eta: 12.5m
step 02775/03814 (72.76%) | loss: 2.968430 | lrm: 0.45 | dt: 718.64ms | tok/sec: 91,194 | bf16_mfu: 0.00 | epoch: 1 pq: 2 rg: 95 | total time: 33.33m | eta: 12.5m
step 02776/03814 (72.78%) | loss: 2.973200 | lrm: 0.45 | dt: 724.04ms | tok/sec: 90,514 | bf16_mfu: 0.00 | epoch: 1 pq: 3 rg: 0 | total time: 33.34m | eta: 12.5m
step 02777/03814 (72.81%) | loss: 2.966313 | lrm: 0.45 | dt: 716.14ms | tok/sec: 91,513 | bf16_mfu: 0.00 | epoch: 1 pq: 3 rg: 0 | total time: 33.35m | eta: 12.5m
step 02778/03814 (72.84%) | loss: 2.955322 | lrm: 0.45 | dt: 724.47ms | tok/sec: 90,460 | bf16_mfu: 0.00 | epoch: 1 pq: 3 rg: 0 | total time: 33.37m | eta: 12.5m
step 02779/03814 (72.86%) | loss: 2.963610 | lrm: 0.45 | dt: 720.51ms | tok/sec: 90,958 | bf16_mfu: 0.00 | epoch: 1 pq: 3 rg: 0 | total time: 33.38m | eta: 12.5m
step 02780/03814 (72.89%) | loss: 2.993029 | lrm: 0.45 | dt: 723.20ms | tok/sec: 90,618 | bf16_mfu: 0.00 | epoch: 1 pq: 3 rg: 0 | total time: 33.39m | eta: 12.5m
step 02781/03814 (72.92%) | loss: 2.994085 | lrm: 0.45 | dt: 725.94ms | tok/sec: 90,276 | bf16_mfu: 0.00 | epoch: 1 pq: 3 rg: 0 | total time: 33.40m | eta: 12.5m
step 02782/03814 (72.94%) | loss: 2.980771 | lrm: 0.45 | dt: 721.35ms | tok/sec: 90,852 | bf16_mfu: 0.00 | epoch: 1 pq: 3 rg: 0 | total time: 33.41m | eta: 12.4m
step 02783/03814 (72.97%) | loss: 2.984108 | lrm: 0.45 | dt: 721.33ms | tok/sec: 90,853 | bf16_mfu: 0.00 | epoch: 1 pq: 3 rg: 0 | total time: 33.43m | eta: 12.4m
step 02784/03814 (72.99%) | loss: 3.006196 | lrm: 0.44 | dt: 727.01ms | tok/sec: 90,144 | bf16_mfu: 0.00 | epoch: 1 pq: 3 rg: 0 | total time: 33.44m | eta: 12.4m
step 02785/03814 (73.02%) | loss: 3.011303 | lrm: 0.44 | dt: 726.55ms | tok/sec: 90,201 | bf16_mfu: 0.00 | epoch: 1 pq: 3 rg: 0 | total time: 33.45m | eta: 12.4m
step 02786/03814 (73.05%) | loss: 3.009238 | lrm: 0.44 | dt: 720.10ms | tok/sec: 91,009 | bf16_mfu: 0.00 | epoch: 1 pq: 3 rg: 0 | total time: 33.46m | eta: 12.4m
step 02787/03814 (73.07%) | loss: 2.982063 | lrm: 0.44 | dt: 722.62ms | tok/sec: 90,691 | bf16_mfu: 0.00 | epoch: 1 pq: 3 rg: 1 | total time: 33.47m | eta: 12.4m
step 02788/03814 (73.10%) | loss: 2.987820 | lrm: 0.44 | dt: 723.77ms | tok/sec: 90,548 | bf16_mfu: 0.00 | epoch: 1 pq: 3 rg: 1 | total time: 33.49m | eta: 12.4m
step 02789/03814 (73.13%) | loss: 2.985114 | lrm: 0.44 | dt: 723.39ms | tok/sec: 90,595 | bf16_mfu: 0.00 | epoch: 1 pq: 3 rg: 1 | total time: 33.50m | eta: 12.4m
step 02790/03814 (73.15%) | loss: 2.971202 | lrm: 0.44 | dt: 718.13ms | tok/sec: 91,259 | bf16_mfu: 0.00 | epoch: 1 pq: 3 rg: 1 | total time: 33.51m | eta: 12.3m
step 02791/03814 (73.18%) | loss: 2.970702 | lrm: 0.44 | dt: 723.78ms | tok/sec: 90,546 | bf16_mfu: 0.00 | epoch: 1 pq: 3 rg: 1 | total time: 33.52m | eta: 12.3m
step 02792/03814 (73.20%) | loss: 2.973690 | lrm: 0.44 | dt: 717.85ms | tok/sec: 91,294 | bf16_mfu: 0.00 | epoch: 1 pq: 3 rg: 1 | total time: 33.53m | eta: 12.3m
step 02793/03814 (73.23%) | loss: 2.962270 | lrm: 0.44 | dt: 722.22ms | tok/sec: 90,742 | bf16_mfu: 0.00 | epoch: 1 pq: 3 rg: 1 | total time: 33.55m | eta: 12.3m
step 02794/03814 (73.26%) | loss: 2.954516 | lrm: 0.44 | dt: 722.50ms | tok/sec: 90,707 | bf16_mfu: 0.00 | epoch: 1 pq: 3 rg: 1 | total time: 33.56m | eta: 12.3m
step 02795/03814 (73.28%) | loss: 2.950871 | lrm: 0.44 | dt: 721.44ms | tok/sec: 90,841 | bf16_mfu: 0.00 | epoch: 1 pq: 3 rg: 1 | total time: 33.57m | eta: 12.3m
step 02796/03814 (73.31%) | loss: 2.968727 | lrm: 0.44 | dt: 723.11ms | tok/sec: 90,630 | bf16_mfu: 0.00 | epoch: 1 pq: 3 rg: 1 | total time: 33.58m | eta: 12.3m
step 02797/03814 (73.34%) | loss: 2.973941 | lrm: 0.44 | dt: 727.52ms | tok/sec: 90,081 | bf16_mfu: 0.00 | epoch: 1 pq: 3 rg: 2 | total time: 33.59m | eta: 12.3m
step 02798/03814 (73.36%) | loss: 2.968068 | lrm: 0.44 | dt: 722.69ms | tok/sec: 90,683 | bf16_mfu: 0.00 | epoch: 1 pq: 3 rg: 2 | total time: 33.61m | eta: 12.2m
step 02799/03814 (73.39%) | loss: 2.962201 | lrm: 0.44 | dt: 718.36ms | tok/sec: 91,229 | bf16_mfu: 0.00 | epoch: 1 pq: 3 rg: 2 | total time: 33.62m | eta: 12.2m
step 02800/03814 (73.41%) | loss: 2.987141 | lrm: 0.44 | dt: 723.00ms | tok/sec: 90,644 | bf16_mfu: 0.00 | epoch: 1 pq: 3 rg: 2 | total time: 33.63m | eta: 12.2m
step 02801/03814 (73.44%) | loss: 2.989323 | lrm: 0.44 | dt: 722.40ms | tok/sec: 90,719 | bf16_mfu: 0.00 | epoch: 1 pq: 3 rg: 2 | total time: 33.64m | eta: 12.2m
step 02802/03814 (73.47%) | loss: 2.973926 | lrm: 0.44 | dt: 719.08ms | tok/sec: 91,139 | bf16_mfu: 0.00 | epoch: 1 pq: 3 rg: 2 | total time: 33.65m | eta: 12.2m
step 02803/03814 (73.49%) | loss: 2.960269 | lrm: 0.44 | dt: 717.61ms | tok/sec: 91,325 | bf16_mfu: 0.00 | epoch: 1 pq: 3 rg: 2 | total time: 33.67m | eta: 12.2m
step 02804/03814 (73.52%) | loss: 2.956119 | lrm: 0.44 | dt: 720.47ms | tok/sec: 90,962 | bf16_mfu: 0.00 | epoch: 1 pq: 3 rg: 2 | total time: 33.68m | eta: 12.2m
step 02805/03814 (73.54%) | loss: 2.969101 | lrm: 0.44 | dt: 726.25ms | tok/sec: 90,238 | bf16_mfu: 0.00 | epoch: 1 pq: 3 rg: 2 | total time: 33.69m | eta: 12.2m
step 02806/03814 (73.57%) | loss: 2.959218 | lrm: 0.44 | dt: 723.54ms | tok/sec: 90,577 | bf16_mfu: 0.00 | epoch: 1 pq: 3 rg: 2 | total time: 33.70m | eta: 12.2m
step 02807/03814 (73.60%) | loss: 2.949249 | lrm: 0.44 | dt: 718.29ms | tok/sec: 91,239 | bf16_mfu: 0.00 | epoch: 1 pq: 3 rg: 2 | total time: 33.71m | eta: 12.1m
step 02808/03814 (73.62%) | loss: 2.964499 | lrm: 0.44 | dt: 721.54ms | tok/sec: 90,827 | bf16_mfu: 0.00 | epoch: 1 pq: 3 rg: 3 | total time: 33.73m | eta: 12.1m
step 02809/03814 (73.65%) | loss: 2.984887 | lrm: 0.44 | dt: 719.79ms | tok/sec: 91,048 | bf16_mfu: 0.00 | epoch: 1 pq: 3 rg: 3 | total time: 33.74m | eta: 12.1m
step 02810/03814 (73.68%) | loss: 2.970116 | lrm: 0.43 | dt: 717.09ms | tok/sec: 91,392 | bf16_mfu: 0.00 | epoch: 1 pq: 3 rg: 3 | total time: 33.75m | eta: 12.1m
step 02811/03814 (73.70%) | loss: 2.960967 | lrm: 0.43 | dt: 717.14ms | tok/sec: 91,384 | bf16_mfu: 0.00 | epoch: 1 pq: 3 rg: 3 | total time: 33.76m | eta: 12.1m
step 02812/03814 (73.73%) | loss: 2.962499 | lrm: 0.43 | dt: 722.32ms | tok/sec: 90,729 | bf16_mfu: 0.00 | epoch: 1 pq: 3 rg: 3 | total time: 33.77m | eta: 12.1m
step 02813/03814 (73.75%) | loss: 2.971484 | lrm: 0.43 | dt: 717.54ms | tok/sec: 91,334 | bf16_mfu: 0.00 | epoch: 1 pq: 3 rg: 3 | total time: 33.79m | eta: 12.1m
step 02814/03814 (73.78%) | loss: 2.968210 | lrm: 0.43 | dt: 721.71ms | tok/sec: 90,806 | bf16_mfu: 0.00 | epoch: 1 pq: 3 rg: 3 | total time: 33.80m | eta: 12.1m
step 02815/03814 (73.81%) | loss: 2.967063 | lrm: 0.43 | dt: 718.98ms | tok/sec: 91,151 | bf16_mfu: 0.00 | epoch: 1 pq: 3 rg: 3 | total time: 33.81m | eta: 12.0m
step 02816/03814 (73.83%) | loss: 2.979997 | lrm: 0.43 | dt: 718.31ms | tok/sec: 91,236 | bf16_mfu: 0.00 | epoch: 1 pq: 3 rg: 3 | total time: 33.82m | eta: 12.0m
step 02817/03814 (73.86%) | loss: 2.990137 | lrm: 0.43 | dt: 726.41ms | tok/sec: 90,218 | bf16_mfu: 0.00 | epoch: 1 pq: 3 rg: 3 | total time: 33.83m | eta: 12.0m
step 02818/03814 (73.89%) | loss: 2.972013 | lrm: 0.43 | dt: 718.60ms | tok/sec: 91,198 | bf16_mfu: 0.00 | epoch: 1 pq: 3 rg: 3 | total time: 33.85m | eta: 12.0m
step 02819/03814 (73.91%) | loss: 2.962909 | lrm: 0.43 | dt: 739.97ms | tok/sec: 88,565 | bf16_mfu: 0.00 | epoch: 1 pq: 3 rg: 4 | total time: 33.86m | eta: 12.0m
step 02820/03814 (73.94%) | loss: 2.981343 | lrm: 0.43 | dt: 719.63ms | tok/sec: 91,069 | bf16_mfu: 0.00 | epoch: 1 pq: 3 rg: 4 | total time: 33.87m | eta: 12.0m
step 02821/03814 (73.96%) | loss: 2.991021 | lrm: 0.43 | dt: 720.10ms | tok/sec: 91,010 | bf16_mfu: 0.00 | epoch: 1 pq: 3 rg: 4 | total time: 33.88m | eta: 12.0m
step 02822/03814 (73.99%) | loss: 2.982991 | lrm: 0.43 | dt: 725.97ms | tok/sec: 90,273 | bf16_mfu: 0.00 | epoch: 1 pq: 3 rg: 4 | total time: 33.90m | eta: 12.0m
step 02823/03814 (74.02%) | loss: 2.981648 | lrm: 0.43 | dt: 715.82ms | tok/sec: 91,553 | bf16_mfu: 0.00 | epoch: 1 pq: 3 rg: 4 | total time: 33.91m | eta: 11.9m
step 02824/03814 (74.04%) | loss: 2.993577 | lrm: 0.43 | dt: 721.41ms | tok/sec: 90,844 | bf16_mfu: 0.00 | epoch: 1 pq: 3 rg: 4 | total time: 33.92m | eta: 11.9m
step 02825/03814 (74.07%) | loss: 2.983882 | lrm: 0.43 | dt: 715.49ms | tok/sec: 91,595 | bf16_mfu: 0.00 | epoch: 1 pq: 3 rg: 4 | total time: 33.93m | eta: 11.9m
step 02826/03814 (74.10%) | loss: 2.966648 | lrm: 0.43 | dt: 723.63ms | tok/sec: 90,565 | bf16_mfu: 0.00 | epoch: 1 pq: 3 rg: 4 | total time: 33.94m | eta: 11.9m
step 02827/03814 (74.12%) | loss: 2.967171 | lrm: 0.43 | dt: 714.60ms | tok/sec: 91,710 | bf16_mfu: 0.00 | epoch: 1 pq: 3 rg: 4 | total time: 33.96m | eta: 11.9m
step 02828/03814 (74.15%) | loss: 2.979176 | lrm: 0.43 | dt: 719.82ms | tok/sec: 91,044 | bf16_mfu: 0.00 | epoch: 1 pq: 3 rg: 4 | total time: 33.97m | eta: 11.9m
step 02829/03814 (74.17%) | loss: 2.971945 | lrm: 0.43 | dt: 717.41ms | tok/sec: 91,350 | bf16_mfu: 0.00 | epoch: 1 pq: 3 rg: 5 | total time: 33.98m | eta: 11.9m
step 02830/03814 (74.20%) | loss: 2.967257 | lrm: 0.43 | dt: 855.73ms | tok/sec: 76,584 | bf16_mfu: 0.00 | epoch: 1 pq: 3 rg: 5 | total time: 33.99m | eta: 11.9m
step 02831/03814 (74.23%) | loss: 2.951617 | lrm: 0.43 | dt: 720.79ms | tok/sec: 90,921 | bf16_mfu: 0.00 | epoch: 1 pq: 3 rg: 5 | total time: 34.01m | eta: 11.8m
step 02832/03814 (74.25%) | loss: 2.962827 | lrm: 0.43 | dt: 725.26ms | tok/sec: 90,362 | bf16_mfu: 0.00 | epoch: 1 pq: 3 rg: 5 | total time: 34.02m | eta: 11.8m
step 02833/03814 (74.28%) | loss: 2.973268 | lrm: 0.43 | dt: 717.48ms | tok/sec: 91,341 | bf16_mfu: 0.00 | epoch: 1 pq: 3 rg: 5 | total time: 34.03m | eta: 11.8m
step 02834/03814 (74.31%) | loss: 2.952291 | lrm: 0.43 | dt: 719.74ms | tok/sec: 91,055 | bf16_mfu: 0.00 | epoch: 1 pq: 3 rg: 5 | total time: 34.04m | eta: 11.8m
step 02835/03814 (74.33%) | loss: 2.941228 | lrm: 0.43 | dt: 717.13ms | tok/sec: 91,386 | bf16_mfu: 0.00 | epoch: 1 pq: 3 rg: 5 | total time: 34.05m | eta: 11.8m
step 02836/03814 (74.36%) | loss: 2.941329 | lrm: 0.42 | dt: 718.53ms | tok/sec: 91,208 | bf16_mfu: 0.00 | epoch: 1 pq: 3 rg: 5 | total time: 34.07m | eta: 11.8m
step 02837/03814 (74.38%) | loss: 2.963921 | lrm: 0.42 | dt: 717.41ms | tok/sec: 91,350 | bf16_mfu: 0.00 | epoch: 1 pq: 3 rg: 5 | total time: 34.08m | eta: 11.8m
step 02838/03814 (74.41%) | loss: 2.954948 | lrm: 0.42 | dt: 717.31ms | tok/sec: 91,362 | bf16_mfu: 0.00 | epoch: 1 pq: 3 rg: 5 | total time: 34.09m | eta: 11.8m
step 02839/03814 (74.44%) | loss: 2.949250 | lrm: 0.42 | dt: 714.39ms | tok/sec: 91,737 | bf16_mfu: 0.00 | epoch: 1 pq: 3 rg: 5 | total time: 34.10m | eta: 11.8m
step 02840/03814 (74.46%) | loss: 2.956730 | lrm: 0.42 | dt: 717.70ms | tok/sec: 91,313 | bf16_mfu: 0.00 | epoch: 1 pq: 3 rg: 6 | total time: 34.11m | eta: 11.7m
step 02841/03814 (74.49%) | loss: 2.969930 | lrm: 0.42 | dt: 719.59ms | tok/sec: 91,073 | bf16_mfu: 0.00 | epoch: 1 pq: 3 rg: 6 | total time: 34.13m | eta: 11.7m
step 02842/03814 (74.51%) | loss: 2.959335 | lrm: 0.42 | dt: 714.29ms | tok/sec: 91,749 | bf16_mfu: 0.00 | epoch: 1 pq: 3 rg: 6 | total time: 34.14m | eta: 11.7m
step 02843/03814 (74.54%) | loss: 2.962868 | lrm: 0.42 | dt: 719.55ms | tok/sec: 91,079 | bf16_mfu: 0.00 | epoch: 1 pq: 3 rg: 6 | total time: 34.15m | eta: 11.7m
step 02844/03814 (74.57%) | loss: 2.954286 | lrm: 0.42 | dt: 713.86ms | tok/sec: 91,804 | bf16_mfu: 0.00 | epoch: 1 pq: 3 rg: 6 | total time: 34.16m | eta: 11.7m
step 02845/03814 (74.59%) | loss: 2.955586 | lrm: 0.42 | dt: 716.93ms | tok/sec: 91,411 | bf16_mfu: 0.00 | epoch: 1 pq: 3 rg: 6 | total time: 34.17m | eta: 11.7m
step 02846/03814 (74.62%) | loss: 2.948639 | lrm: 0.42 | dt: 720.17ms | tok/sec: 91,000 | bf16_mfu: 0.00 | epoch: 1 pq: 3 rg: 6 | total time: 34.18m | eta: 11.7m
step 02847/03814 (74.65%) | loss: 2.938305 | lrm: 0.42 | dt: 714.64ms | tok/sec: 91,704 | bf16_mfu: 0.00 | epoch: 1 pq: 3 rg: 6 | total time: 34.20m | eta: 11.7m
step 02848/03814 (74.67%) | loss: 2.942020 | lrm: 0.42 | dt: 715.40ms | tok/sec: 91,606 | bf16_mfu: 0.00 | epoch: 1 pq: 3 rg: 6 | total time: 34.21m | eta: 11.6m
step 02849/03814 (74.70%) | loss: 2.948001 | lrm: 0.42 | dt: 717.60ms | tok/sec: 91,327 | bf16_mfu: 0.00 | epoch: 1 pq: 3 rg: 6 | total time: 34.22m | eta: 11.6m
step 02850/03814 (74.72%) | loss: 2.941727 | lrm: 0.42 | dt: 716.50ms | tok/sec: 91,467 | bf16_mfu: 0.00 | epoch: 1 pq: 3 rg: 7 | total time: 34.23m | eta: 11.6m
step 02851/03814 (74.75%) | loss: 2.932143 | lrm: 0.42 | dt: 716.50ms | tok/sec: 91,466 | bf16_mfu: 0.00 | epoch: 1 pq: 3 rg: 7 | total time: 34.24m | eta: 11.6m
step 02852/03814 (74.78%) | loss: 2.931033 | lrm: 0.42 | dt: 717.41ms | tok/sec: 91,350 | bf16_mfu: 0.00 | epoch: 1 pq: 3 rg: 7 | total time: 34.26m | eta: 11.6m
step 02853/03814 (74.80%) | loss: 2.929979 | lrm: 0.42 | dt: 713.78ms | tok/sec: 91,815 | bf16_mfu: 0.00 | epoch: 1 pq: 3 rg: 7 | total time: 34.27m | eta: 11.6m
step 02854/03814 (74.83%) | loss: 2.928513 | lrm: 0.42 | dt: 717.60ms | tok/sec: 91,326 | bf16_mfu: 0.00 | epoch: 1 pq: 3 rg: 7 | total time: 34.28m | eta: 11.6m
step 02855/03814 (74.86%) | loss: 2.918657 | lrm: 0.42 | dt: 715.83ms | tok/sec: 91,552 | bf16_mfu: 0.00 | epoch: 1 pq: 3 rg: 7 | total time: 34.29m | eta: 11.6m
step 02856/03814 (74.88%) | loss: 2.919498 | lrm: 0.42 | dt: 712.74ms | tok/sec: 91,949 | bf16_mfu: 0.00 | epoch: 1 pq: 3 rg: 7 | total time: 34.30m | eta: 11.5m
step 02857/03814 (74.91%) | loss: 2.943762 | lrm: 0.42 | dt: 710.66ms | tok/sec: 92,219 | bf16_mfu: 0.00 | epoch: 1 pq: 3 rg: 7 | total time: 34.32m | eta: 11.5m
step 02858/03814 (74.93%) | loss: 2.937488 | lrm: 0.42 | dt: 715.56ms | tok/sec: 91,587 | bf16_mfu: 0.00 | epoch: 1 pq: 3 rg: 7 | total time: 34.33m | eta: 11.5m
step 02859/03814 (74.96%) | loss: 2.931574 | lrm: 0.42 | dt: 710.12ms | tok/sec: 92,288 | bf16_mfu: 0.00 | epoch: 1 pq: 3 rg: 7 | total time: 34.34m | eta: 11.5m
step 02860/03814 (74.99%) | loss: 2.931261 | lrm: 0.42 | dt: 710.18ms | tok/sec: 92,281 | bf16_mfu: 0.00 | epoch: 1 pq: 3 rg: 7 | total time: 34.35m | eta: 11.5m
step 02861/03814 (75.01%) | loss: 2.919827 | lrm: 0.42 | dt: 712.72ms | tok/sec: 91,952 | bf16_mfu: 0.00 | epoch: 1 pq: 3 rg: 8 | total time: 34.36m | eta: 11.5m
step 02862/03814 (75.04%) | loss: 2.925706 | lrm: 0.41 | dt: 753.60ms | tok/sec: 86,963 | bf16_mfu: 0.00 | epoch: 1 pq: 3 rg: 8 | total time: 34.38m | eta: 11.5m
step 02863/03814 (75.07%) | loss: 2.916576 | lrm: 0.41 | dt: 716.17ms | tok/sec: 91,509 | bf16_mfu: 0.00 | epoch: 1 pq: 3 rg: 8 | total time: 34.39m | eta: 11.5m
step 02864/03814 (75.09%) | loss: 2.906455 | lrm: 0.41 | dt: 716.28ms | tok/sec: 91,495 | bf16_mfu: 0.00 | epoch: 1 pq: 3 rg: 8 | total time: 34.40m | eta: 11.5m
step 02865/03814 (75.12%) | loss: 2.904794 | lrm: 0.41 | dt: 709.23ms | tok/sec: 92,404 | bf16_mfu: 0.00 | epoch: 1 pq: 3 rg: 8 | total time: 34.41m | eta: 11.4m
step 02866/03814 (75.14%) | loss: 2.907546 | lrm: 0.41 | dt: 713.00ms | tok/sec: 91,915 | bf16_mfu: 0.00 | epoch: 1 pq: 3 rg: 8 | total time: 34.42m | eta: 11.4m
step 02867/03814 (75.17%) | loss: 2.909933 | lrm: 0.41 | dt: 712.04ms | tok/sec: 92,039 | bf16_mfu: 0.00 | epoch: 1 pq: 3 rg: 8 | total time: 34.44m | eta: 11.4m
step 02868/03814 (75.20%) | loss: 2.907144 | lrm: 0.41 | dt: 715.00ms | tok/sec: 91,659 | bf16_mfu: 0.00 | epoch: 1 pq: 3 rg: 8 | total time: 34.45m | eta: 11.4m
step 02869/03814 (75.22%) | loss: 2.911867 | lrm: 0.41 | dt: 710.60ms | tok/sec: 92,226 | bf16_mfu: 0.00 | epoch: 1 pq: 3 rg: 8 | total time: 34.46m | eta: 11.4m
step 02870/03814 (75.25%) | loss: 2.921303 | lrm: 0.41 | dt: 714.40ms | tok/sec: 91,736 | bf16_mfu: 0.00 | epoch: 1 pq: 3 rg: 8 | total time: 34.47m | eta: 11.4m
step 02871/03814 (75.28%) | loss: 2.927634 | lrm: 0.41 | dt: 715.83ms | tok/sec: 91,552 | bf16_mfu: 0.00 | epoch: 1 pq: 3 rg: 8 | total time: 34.48m | eta: 11.4m
step 02872/03814 (75.30%) | loss: 2.925670 | lrm: 0.41 | dt: 714.66ms | tok/sec: 91,702 | bf16_mfu: 0.00 | epoch: 1 pq: 3 rg: 9 | total time: 34.49m | eta: 11.4m
step 02873/03814 (75.33%) | loss: 2.929598 | lrm: 0.41 | dt: 712.58ms | tok/sec: 91,969 | bf16_mfu: 0.00 | epoch: 1 pq: 3 rg: 9 | total time: 34.51m | eta: 11.3m
step 02874/03814 (75.35%) | loss: 2.917038 | lrm: 0.41 | dt: 712.02ms | tok/sec: 92,042 | bf16_mfu: 0.00 | epoch: 1 pq: 3 rg: 9 | total time: 34.52m | eta: 11.3m
step 02875/03814 (75.38%) | loss: 2.906951 | lrm: 0.41 | dt: 715.30ms | tok/sec: 91,620 | bf16_mfu: 0.00 | epoch: 1 pq: 3 rg: 9 | total time: 34.53m | eta: 11.3m
step 02876/03814 (75.41%) | loss: 2.908040 | lrm: 0.41 | dt: 717.39ms | tok/sec: 91,352 | bf16_mfu: 0.00 | epoch: 1 pq: 3 rg: 9 | total time: 34.54m | eta: 11.3m
step 02877/03814 (75.43%) | loss: 2.911422 | lrm: 0.41 | dt: 713.39ms | tok/sec: 91,865 | bf16_mfu: 0.00 | epoch: 1 pq: 3 rg: 9 | total time: 34.55m | eta: 11.3m
step 02878/03814 (75.46%) | loss: 2.932562 | lrm: 0.41 | dt: 715.47ms | tok/sec: 91,598 | bf16_mfu: 0.00 | epoch: 1 pq: 3 rg: 9 | total time: 34.57m | eta: 11.3m
step 02879/03814 (75.49%) | loss: 2.934366 | lrm: 0.41 | dt: 719.52ms | tok/sec: 91,083 | bf16_mfu: 0.00 | epoch: 1 pq: 3 rg: 9 | total time: 34.58m | eta: 11.3m
step 02880/03814 (75.51%) | loss: 2.919578 | lrm: 0.41 | dt: 718.56ms | tok/sec: 91,204 | bf16_mfu: 0.00 | epoch: 1 pq: 3 rg: 9 | total time: 34.59m | eta: 11.3m
step 02881/03814 (75.54%) | loss: 2.945758 | lrm: 0.41 | dt: 716.40ms | tok/sec: 91,479 | bf16_mfu: 0.00 | epoch: 1 pq: 3 rg: 9 | total time: 34.60m | eta: 11.2m
step 02882/03814 (75.56%) | loss: 2.948018 | lrm: 0.41 | dt: 712.54ms | tok/sec: 91,975 | bf16_mfu: 0.00 | epoch: 1 pq: 3 rg: 10 | total time: 34.61m | eta: 11.2m
step 02883/03814 (75.59%) | loss: 2.943256 | lrm: 0.41 | dt: 713.68ms | tok/sec: 91,827 | bf16_mfu: 0.00 | epoch: 1 pq: 3 rg: 10 | total time: 34.63m | eta: 11.2m
step 02884/03814 (75.62%) | loss: 2.933430 | lrm: 0.41 | dt: 712.59ms | tok/sec: 91,968 | bf16_mfu: 0.00 | epoch: 1 pq: 3 rg: 10 | total time: 34.64m | eta: 11.2m
step 02885/03814 (75.64%) | loss: 2.949683 | lrm: 0.41 | dt: 714.32ms | tok/sec: 91,746 | bf16_mfu: 0.00 | epoch: 1 pq: 3 rg: 10 | total time: 34.65m | eta: 11.2m
step 02886/03814 (75.67%) | loss: 2.978138 | lrm: 0.41 | dt: 713.95ms | tok/sec: 91,793 | bf16_mfu: 0.00 | epoch: 1 pq: 3 rg: 10 | total time: 34.66m | eta: 11.2m
step 02887/03814 (75.69%) | loss: 2.978849 | lrm: 0.41 | dt: 713.21ms | tok/sec: 91,888 | bf16_mfu: 0.00 | epoch: 1 pq: 3 rg: 10 | total time: 34.67m | eta: 11.2m
step 02888/03814 (75.72%) | loss: 2.962400 | lrm: 0.40 | dt: 717.21ms | tok/sec: 91,376 | bf16_mfu: 0.00 | epoch: 1 pq: 3 rg: 10 | total time: 34.69m | eta: 11.2m
step 02889/03814 (75.75%) | loss: 2.947578 | lrm: 0.40 | dt: 711.72ms | tok/sec: 92,081 | bf16_mfu: 0.00 | epoch: 1 pq: 3 rg: 10 | total time: 34.70m | eta: 11.1m
step 02890/03814 (75.77%) | loss: 2.979265 | lrm: 0.40 | dt: 714.26ms | tok/sec: 91,754 | bf16_mfu: 0.00 | epoch: 1 pq: 3 rg: 10 | total time: 34.71m | eta: 11.1m
step 02891/03814 (75.80%) | loss: 2.965145 | lrm: 0.40 | dt: 715.56ms | tok/sec: 91,587 | bf16_mfu: 0.00 | epoch: 1 pq: 3 rg: 10 | total time: 34.72m | eta: 11.1m
step 02892/03814 (75.83%) | loss: 2.959559 | lrm: 0.40 | dt: 716.01ms | tok/sec: 91,529 | bf16_mfu: 0.00 | epoch: 1 pq: 3 rg: 10 | total time: 34.73m | eta: 11.1m
step 02893/03814 (75.85%) | loss: 2.955027 | lrm: 0.40 | dt: 717.58ms | tok/sec: 91,328 | bf16_mfu: 0.00 | epoch: 1 pq: 3 rg: 11 | total time: 34.75m | eta: 11.1m
step 02894/03814 (75.88%) | loss: 2.982045 | lrm: 0.40 | dt: 716.90ms | tok/sec: 91,415 | bf16_mfu: 0.00 | epoch: 1 pq: 3 rg: 11 | total time: 34.76m | eta: 11.1m
step 02895/03814 (75.90%) | loss: 2.979652 | lrm: 0.40 | dt: 715.96ms | tok/sec: 91,535 | bf16_mfu: 0.00 | epoch: 1 pq: 3 rg: 11 | total time: 34.77m | eta: 11.1m
step 02896/03814 (75.93%) | loss: 2.957725 | lrm: 0.40 | dt: 720.30ms | tok/sec: 90,983 | bf16_mfu: 0.00 | epoch: 1 pq: 3 rg: 11 | total time: 34.78m | eta: 11.1m
step 02897/03814 (75.96%) | loss: 2.947768 | lrm: 0.40 | dt: 717.48ms | tok/sec: 91,342 | bf16_mfu: 0.00 | epoch: 1 pq: 3 rg: 11 | total time: 34.79m | eta: 11.1m
step 02898/03814 (75.98%) | loss: 2.956132 | lrm: 0.40 | dt: 719.21ms | tok/sec: 91,122 | bf16_mfu: 0.00 | epoch: 1 pq: 3 rg: 11 | total time: 34.80m | eta: 11.0m
step 02899/03814 (76.01%) | loss: 2.957225 | lrm: 0.40 | dt: 712.83ms | tok/sec: 91,938 | bf16_mfu: 0.00 | epoch: 1 pq: 3 rg: 11 | total time: 34.82m | eta: 11.0m
step 02900/03814 (76.04%) | loss: 2.972086 | lrm: 0.40 | dt: 719.13ms | tok/sec: 91,132 | bf16_mfu: 0.00 | epoch: 1 pq: 3 rg: 11 | total time: 34.83m | eta: 11.0m
step 02901/03814 (76.06%) | loss: 2.963633 | lrm: 0.40 | dt: 716.04ms | tok/sec: 91,525 | bf16_mfu: 0.00 | epoch: 1 pq: 3 rg: 11 | total time: 34.84m | eta: 11.0m
step 02902/03814 (76.09%) | loss: 2.964421 | lrm: 0.40 | dt: 714.60ms | tok/sec: 91,710 | bf16_mfu: 0.00 | epoch: 1 pq: 3 rg: 11 | total time: 34.85m | eta: 11.0m
step 02903/03814 (76.11%) | loss: 2.972603 | lrm: 0.40 | dt: 720.33ms | tok/sec: 90,980 | bf16_mfu: 0.00 | epoch: 1 pq: 3 rg: 12 | total time: 34.86m | eta: 11.0m
step 02904/03814 (76.14%) | loss: 2.968980 | lrm: 0.40 | dt: 717.08ms | tok/sec: 91,393 | bf16_mfu: 0.00 | epoch: 1 pq: 3 rg: 12 | total time: 34.88m | eta: 11.0m
step 02905/03814 (76.17%) | loss: 2.964173 | lrm: 0.40 | dt: 712.56ms | tok/sec: 91,972 | bf16_mfu: 0.00 | epoch: 1 pq: 3 rg: 12 | total time: 34.89m | eta: 11.0m
step 02906/03814 (76.19%) | loss: 2.968123 | lrm: 0.40 | dt: 714.89ms | tok/sec: 91,673 | bf16_mfu: 0.00 | epoch: 1 pq: 3 rg: 12 | total time: 34.90m | eta: 10.9m
step 02907/03814 (76.22%) | loss: 2.975697 | lrm: 0.40 | dt: 714.13ms | tok/sec: 91,769 | bf16_mfu: 0.00 | epoch: 1 pq: 3 rg: 12 | total time: 34.91m | eta: 10.9m
step 02908/03814 (76.25%) | loss: 2.958242 | lrm: 0.40 | dt: 712.04ms | tok/sec: 92,040 | bf16_mfu: 0.00 | epoch: 1 pq: 3 rg: 12 | total time: 34.92m | eta: 10.9m
step 02909/03814 (76.27%) | loss: 2.952269 | lrm: 0.40 | dt: 717.90ms | tok/sec: 91,288 | bf16_mfu: 0.00 | epoch: 1 pq: 3 rg: 12 | total time: 34.94m | eta: 10.9m
step 02910/03814 (76.30%) | loss: 2.952630 | lrm: 0.40 | dt: 715.86ms | tok/sec: 91,548 | bf16_mfu: 0.00 | epoch: 1 pq: 3 rg: 12 | total time: 34.95m | eta: 10.9m
step 02911/03814 (76.32%) | loss: 2.968699 | lrm: 0.40 | dt: 711.34ms | tok/sec: 92,130 | bf16_mfu: 0.00 | epoch: 1 pq: 3 rg: 12 | total time: 34.96m | eta: 10.9m
step 02912/03814 (76.35%) | loss: 2.958442 | lrm: 0.40 | dt: 714.92ms | tok/sec: 91,668 | bf16_mfu: 0.00 | epoch: 1 pq: 3 rg: 12 | total time: 34.97m | eta: 10.9m
step 02913/03814 (76.38%) | loss: 2.935777 | lrm: 0.40 | dt: 714.86ms | tok/sec: 91,677 | bf16_mfu: 0.00 | epoch: 1 pq: 3 rg: 12 | total time: 34.98m | eta: 10.9m
step 02914/03814 (76.40%) | loss: 2.925042 | lrm: 0.39 | dt: 714.98ms | tok/sec: 91,661 | bf16_mfu: 0.00 | epoch: 1 pq: 3 rg: 13 | total time: 35.00m | eta: 10.8m
step 02915/03814 (76.43%) | loss: 2.950454 | lrm: 0.39 | dt: 718.58ms | tok/sec: 91,201 | bf16_mfu: 0.00 | epoch: 1 pq: 3 rg: 13 | total time: 35.01m | eta: 10.8m
step 02916/03814 (76.46%) | loss: 2.936254 | lrm: 0.39 | dt: 715.75ms | tok/sec: 91,562 | bf16_mfu: 0.00 | epoch: 1 pq: 3 rg: 13 | total time: 35.02m | eta: 10.8m
step 02917/03814 (76.48%) | loss: 2.937121 | lrm: 0.39 | dt: 721.64ms | tok/sec: 90,815 | bf16_mfu: 0.00 | epoch: 1 pq: 3 rg: 13 | total time: 35.03m | eta: 10.8m
step 02918/03814 (76.51%) | loss: 2.953117 | lrm: 0.39 | dt: 715.73ms | tok/sec: 91,564 | bf16_mfu: 0.00 | epoch: 1 pq: 3 rg: 13 | total time: 35.04m | eta: 10.8m
step 02919/03814 (76.53%) | loss: 2.939337 | lrm: 0.39 | dt: 714.08ms | tok/sec: 91,776 | bf16_mfu: 0.00 | epoch: 1 pq: 3 rg: 13 | total time: 35.06m | eta: 10.8m
step 02920/03814 (76.56%) | loss: 2.936058 | lrm: 0.39 | dt: 716.72ms | tok/sec: 91,438 | bf16_mfu: 0.00 | epoch: 1 pq: 3 rg: 13 | total time: 35.07m | eta: 10.8m
step 02921/03814 (76.59%) | loss: 2.948600 | lrm: 0.39 | dt: 716.21ms | tok/sec: 91,503 | bf16_mfu: 0.00 | epoch: 1 pq: 3 rg: 13 | total time: 35.08m | eta: 10.8m
step 02922/03814 (76.61%) | loss: 2.958812 | lrm: 0.39 | dt: 713.95ms | tok/sec: 91,793 | bf16_mfu: 0.00 | epoch: 1 pq: 3 rg: 13 | total time: 35.09m | eta: 10.7m
step 02923/03814 (76.64%) | loss: 2.966368 | lrm: 0.39 | dt: 719.69ms | tok/sec: 91,061 | bf16_mfu: 0.00 | epoch: 1 pq: 3 rg: 13 | total time: 35.10m | eta: 10.7m
step 02924/03814 (76.66%) | loss: 2.965517 | lrm: 0.39 | dt: 716.84ms | tok/sec: 91,422 | bf16_mfu: 0.00 | epoch: 1 pq: 3 rg: 14 | total time: 35.12m | eta: 10.7m
step 02925/03814 (76.69%) | loss: 2.963402 | lrm: 0.39 | dt: 719.79ms | tok/sec: 91,048 | bf16_mfu: 0.00 | epoch: 1 pq: 3 rg: 14 | total time: 35.13m | eta: 10.7m
step 02926/03814 (76.72%) | loss: 2.967530 | lrm: 0.39 | dt: 720.69ms | tok/sec: 90,935 | bf16_mfu: 0.00 | epoch: 1 pq: 3 rg: 14 | total time: 35.14m | eta: 10.7m
step 02927/03814 (76.74%) | loss: 2.946344 | lrm: 0.39 | dt: 718.03ms | tok/sec: 91,272 | bf16_mfu: 0.00 | epoch: 1 pq: 3 rg: 14 | total time: 35.15m | eta: 10.7m
step 02928/03814 (76.77%) | loss: 2.923174 | lrm: 0.39 | dt: 715.09ms | tok/sec: 91,647 | bf16_mfu: 0.00 | epoch: 1 pq: 3 rg: 14 | total time: 35.16m | eta: 10.7m
step 02929/03814 (76.80%) | loss: 2.915394 | lrm: 0.39 | dt: 720.51ms | tok/sec: 90,957 | bf16_mfu: 0.00 | epoch: 1 pq: 3 rg: 14 | total time: 35.18m | eta: 10.7m
step 02930/03814 (76.82%) | loss: 2.909138 | lrm: 0.39 | dt: 715.42ms | tok/sec: 91,605 | bf16_mfu: 0.00 | epoch: 1 pq: 3 rg: 14 | total time: 35.19m | eta: 10.7m
step 02931/03814 (76.85%) | loss: 2.917709 | lrm: 0.39 | dt: 722.21ms | tok/sec: 90,743 | bf16_mfu: 0.00 | epoch: 1 pq: 3 rg: 14 | total time: 35.20m | eta: 10.6m
step 02932/03814 (76.87%) | loss: 2.916144 | lrm: 0.39 | dt: 715.21ms | tok/sec: 91,631 | bf16_mfu: 0.00 | epoch: 1 pq: 3 rg: 14 | total time: 35.21m | eta: 10.6m
step 02933/03814 (76.90%) | loss: 2.920916 | lrm: 0.39 | dt: 722.43ms | tok/sec: 90,716 | bf16_mfu: 0.00 | epoch: 1 pq: 3 rg: 14 | total time: 35.22m | eta: 10.6m
step 02934/03814 (76.93%) | loss: 2.922162 | lrm: 0.39 | dt: 714.39ms | tok/sec: 91,736 | bf16_mfu: 0.00 | epoch: 1 pq: 3 rg: 14 | total time: 35.23m | eta: 10.6m
step 02935/03814 (76.95%) | loss: 2.928041 | lrm: 0.39 | dt: 719.79ms | tok/sec: 91,048 | bf16_mfu: 0.00 | epoch: 1 pq: 3 rg: 15 | total time: 35.25m | eta: 10.6m
step 02936/03814 (76.98%) | loss: 2.923195 | lrm: 0.39 | dt: 716.09ms | tok/sec: 91,519 | bf16_mfu: 0.00 | epoch: 1 pq: 3 rg: 15 | total time: 35.26m | eta: 10.6m
step 02937/03814 (77.01%) | loss: 2.912462 | lrm: 0.39 | dt: 723.09ms | tok/sec: 90,632 | bf16_mfu: 0.00 | epoch: 1 pq: 3 rg: 15 | total time: 35.27m | eta: 10.6m
step 02938/03814 (77.03%) | loss: 2.904277 | lrm: 0.39 | dt: 715.48ms | tok/sec: 91,596 | bf16_mfu: 0.00 | epoch: 1 pq: 3 rg: 15 | total time: 35.28m | eta: 10.6m
step 02939/03814 (77.06%) | loss: 2.891794 | lrm: 0.39 | dt: 716.18ms | tok/sec: 91,507 | bf16_mfu: 0.00 | epoch: 1 pq: 3 rg: 15 | total time: 35.29m | eta: 10.5m
step 02940/03814 (77.08%) | loss: 2.885658 | lrm: 0.38 | dt: 717.22ms | tok/sec: 91,374 | bf16_mfu: 0.00 | epoch: 1 pq: 3 rg: 15 | total time: 35.31m | eta: 10.5m
step 02941/03814 (77.11%) | loss: 2.896623 | lrm: 0.38 | dt: 713.78ms | tok/sec: 91,815 | bf16_mfu: 0.00 | epoch: 1 pq: 3 rg: 15 | total time: 35.32m | eta: 10.5m
step 02942/03814 (77.14%) | loss: 2.892024 | lrm: 0.38 | dt: 718.74ms | tok/sec: 91,181 | bf16_mfu: 0.00 | epoch: 1 pq: 3 rg: 15 | total time: 35.33m | eta: 10.5m
step 02943/03814 (77.16%) | loss: 2.904283 | lrm: 0.38 | dt: 717.66ms | tok/sec: 91,318 | bf16_mfu: 0.00 | epoch: 1 pq: 3 rg: 15 | total time: 35.34m | eta: 10.5m
step 02944/03814 (77.19%) | loss: 2.901334 | lrm: 0.38 | dt: 716.31ms | tok/sec: 91,491 | bf16_mfu: 0.00 | epoch: 1 pq: 3 rg: 15 | total time: 35.35m | eta: 10.5m
step 02945/03814 (77.22%) | loss: 2.887558 | lrm: 0.38 | dt: 715.60ms | tok/sec: 91,582 | bf16_mfu: 0.00 | epoch: 1 pq: 3 rg: 15 | total time: 35.37m | eta: 10.5m
step 02946/03814 (77.24%) | loss: 2.891515 | lrm: 0.38 | dt: 715.89ms | tok/sec: 91,544 | bf16_mfu: 0.00 | epoch: 1 pq: 3 rg: 16 | total time: 35.38m | eta: 10.5m
step 02947/03814 (77.27%) | loss: 2.900765 | lrm: 0.38 | dt: 722.68ms | tok/sec: 90,684 | bf16_mfu: 0.00 | epoch: 1 pq: 3 rg: 16 | total time: 35.39m | eta: 10.4m
step 02948/03814 (77.29%) | loss: 2.896579 | lrm: 0.38 | dt: 715.19ms | tok/sec: 91,634 | bf16_mfu: 0.00 | epoch: 1 pq: 3 rg: 16 | total time: 35.40m | eta: 10.4m
step 02949/03814 (77.32%) | loss: 2.904374 | lrm: 0.38 | dt: 714.56ms | tok/sec: 91,715 | bf16_mfu: 0.00 | epoch: 1 pq: 3 rg: 16 | total time: 35.41m | eta: 10.4m
step 02950/03814 (77.35%) | loss: 2.915527 | lrm: 0.38 | dt: 718.39ms | tok/sec: 91,226 | bf16_mfu: 0.00 | epoch: 1 pq: 3 rg: 16 | total time: 35.43m | eta: 10.4m
step 02951/03814 (77.37%) | loss: 2.924367 | lrm: 0.38 | dt: 716.24ms | tok/sec: 91,499 | bf16_mfu: 0.00 | epoch: 1 pq: 3 rg: 16 | total time: 35.44m | eta: 10.4m
step 02952/03814 (77.40%) | loss: 2.920470 | lrm: 0.38 | dt: 715.59ms | tok/sec: 91,583 | bf16_mfu: 0.00 | epoch: 1 pq: 3 rg: 16 | total time: 35.45m | eta: 10.4m
step 02953/03814 (77.43%) | loss: 2.915698 | lrm: 0.38 | dt: 719.03ms | tok/sec: 91,145 | bf16_mfu: 0.00 | epoch: 1 pq: 3 rg: 16 | total time: 35.46m | eta: 10.4m
step 02954/03814 (77.45%) | loss: 2.926726 | lrm: 0.38 | dt: 717.45ms | tok/sec: 91,345 | bf16_mfu: 0.00 | epoch: 1 pq: 3 rg: 16 | total time: 35.47m | eta: 10.4m
step 02955/03814 (77.48%) | loss: 2.953032 | lrm: 0.38 | dt: 717.09ms | tok/sec: 91,391 | bf16_mfu: 0.00 | epoch: 1 pq: 3 rg: 16 | total time: 35.49m | eta: 10.4m
step 02956/03814 (77.50%) | loss: 2.953119 | lrm: 0.38 | dt: 715.73ms | tok/sec: 91,564 | bf16_mfu: 0.00 | epoch: 1 pq: 3 rg: 17 | total time: 35.50m | eta: 10.3m
step 02957/03814 (77.53%) | loss: 2.951395 | lrm: 0.38 | dt: 718.54ms | tok/sec: 91,206 | bf16_mfu: 0.00 | epoch: 1 pq: 3 rg: 17 | total time: 35.51m | eta: 10.3m
step 02958/03814 (77.56%) | loss: 2.963512 | lrm: 0.38 | dt: 717.72ms | tok/sec: 91,311 | bf16_mfu: 0.00 | epoch: 1 pq: 3 rg: 17 | total time: 35.52m | eta: 10.3m
step 02959/03814 (77.58%) | loss: 2.976791 | lrm: 0.38 | dt: 713.16ms | tok/sec: 91,895 | bf16_mfu: 0.00 | epoch: 1 pq: 3 rg: 17 | total time: 35.53m | eta: 10.3m
step 02960/03814 (77.61%) | loss: 2.961790 | lrm: 0.38 | dt: 713.40ms | tok/sec: 91,863 | bf16_mfu: 0.00 | epoch: 1 pq: 3 rg: 17 | total time: 35.55m | eta: 10.3m
step 02961/03814 (77.64%) | loss: 2.956928 | lrm: 0.38 | dt: 714.92ms | tok/sec: 91,668 | bf16_mfu: 0.00 | epoch: 1 pq: 3 rg: 17 | total time: 35.56m | eta: 10.3m
step 02962/03814 (77.66%) | loss: 2.959893 | lrm: 0.38 | dt: 721.74ms | tok/sec: 90,802 | bf16_mfu: 0.00 | epoch: 1 pq: 3 rg: 17 | total time: 35.57m | eta: 10.3m
step 02963/03814 (77.69%) | loss: 2.954028 | lrm: 0.38 | dt: 713.70ms | tok/sec: 91,826 | bf16_mfu: 0.00 | epoch: 1 pq: 3 rg: 17 | total time: 35.58m | eta: 10.3m
step 02964/03814 (77.71%) | loss: 2.961221 | lrm: 0.38 | dt: 713.38ms | tok/sec: 91,866 | bf16_mfu: 0.00 | epoch: 1 pq: 3 rg: 17 | total time: 35.59m | eta: 10.2m
step 02965/03814 (77.74%) | loss: 2.957690 | lrm: 0.38 | dt: 720.66ms | tok/sec: 90,938 | bf16_mfu: 0.00 | epoch: 1 pq: 3 rg: 17 | total time: 35.61m | eta: 10.2m
step 02966/03814 (77.77%) | loss: 2.945804 | lrm: 0.37 | dt: 719.05ms | tok/sec: 91,142 | bf16_mfu: 0.00 | epoch: 1 pq: 3 rg: 17 | total time: 35.62m | eta: 10.2m
step 02967/03814 (77.79%) | loss: 2.958440 | lrm: 0.37 | dt: 721.17ms | tok/sec: 90,875 | bf16_mfu: 0.00 | epoch: 1 pq: 3 rg: 18 | total time: 35.63m | eta: 10.2m
step 02968/03814 (77.82%) | loss: 2.974579 | lrm: 0.37 | dt: 724.35ms | tok/sec: 90,475 | bf16_mfu: 0.00 | epoch: 1 pq: 3 rg: 18 | total time: 35.64m | eta: 10.2m
step 02969/03814 (77.84%) | loss: 2.949888 | lrm: 0.37 | dt: 716.84ms | tok/sec: 91,422 | bf16_mfu: 0.00 | epoch: 1 pq: 3 rg: 18 | total time: 35.65m | eta: 10.2m
step 02970/03814 (77.87%) | loss: 2.962717 | lrm: 0.37 | dt: 717.04ms | tok/sec: 91,398 | bf16_mfu: 0.00 | epoch: 1 pq: 3 rg: 18 | total time: 35.67m | eta: 10.2m
step 02971/03814 (77.90%) | loss: 2.963498 | lrm: 0.37 | dt: 715.92ms | tok/sec: 91,540 | bf16_mfu: 0.00 | epoch: 1 pq: 3 rg: 18 | total time: 35.68m | eta: 10.2m
step 02972/03814 (77.92%) | loss: 2.957526 | lrm: 0.37 | dt: 713.03ms | tok/sec: 91,912 | bf16_mfu: 0.00 | epoch: 1 pq: 3 rg: 18 | total time: 35.69m | eta: 10.1m
step 02973/03814 (77.95%) | loss: 2.950474 | lrm: 0.37 | dt: 714.10ms | tok/sec: 91,774 | bf16_mfu: 0.00 | epoch: 1 pq: 3 rg: 18 | total time: 35.70m | eta: 10.1m
step 02974/03814 (77.98%) | loss: 2.943945 | lrm: 0.37 | dt: 719.33ms | tok/sec: 91,106 | bf16_mfu: 0.00 | epoch: 1 pq: 3 rg: 18 | total time: 35.71m | eta: 10.1m
step 02975/03814 (78.00%) | loss: 2.947349 | lrm: 0.37 | dt: 757.74ms | tok/sec: 86,489 | bf16_mfu: 0.00 | epoch: 1 pq: 3 rg: 18 | total time: 35.73m | eta: 10.1m
step 02976/03814 (78.03%) | loss: 2.948922 | lrm: 0.37 | dt: 717.12ms | tok/sec: 91,387 | bf16_mfu: 0.00 | epoch: 1 pq: 3 rg: 18 | total time: 35.74m | eta: 10.1m
step 02977/03814 (78.05%) | loss: 2.931463 | lrm: 0.37 | dt: 715.60ms | tok/sec: 91,582 | bf16_mfu: 0.00 | epoch: 1 pq: 3 rg: 19 | total time: 35.75m | eta: 10.1m
step 02978/03814 (78.08%) | loss: 2.925704 | lrm: 0.37 | dt: 727.48ms | tok/sec: 90,086 | bf16_mfu: 0.00 | epoch: 1 pq: 3 rg: 19 | total time: 35.76m | eta: 10.1m
step 02979/03814 (78.11%) | loss: 2.919434 | lrm: 0.37 | dt: 719.05ms | tok/sec: 91,142 | bf16_mfu: 0.00 | epoch: 1 pq: 3 rg: 19 | total time: 35.77m | eta: 10.1m
step 02980/03814 (78.13%) | loss: 2.912321 | lrm: 0.37 | dt: 714.62ms | tok/sec: 91,707 | bf16_mfu: 0.00 | epoch: 1 pq: 3 rg: 19 | total time: 35.79m | eta: 10.0m
step 02981/03814 (78.16%) | loss: 2.908182 | lrm: 0.37 | dt: 714.45ms | tok/sec: 91,729 | bf16_mfu: 0.00 | epoch: 1 pq: 3 rg: 19 | total time: 35.80m | eta: 10.0m
step 02982/03814 (78.19%) | loss: 2.896129 | lrm: 0.37 | dt: 720.01ms | tok/sec: 91,021 | bf16_mfu: 0.00 | epoch: 1 pq: 3 rg: 19 | total time: 35.81m | eta: 10.0m
step 02983/03814 (78.21%) | loss: 2.892787 | lrm: 0.37 | dt: 718.06ms | tok/sec: 91,268 | bf16_mfu: 0.00 | epoch: 1 pq: 3 rg: 19 | total time: 35.82m | eta: 10.0m
step 02984/03814 (78.24%) | loss: 2.913738 | lrm: 0.37 | dt: 718.60ms | tok/sec: 91,199 | bf16_mfu: 0.00 | epoch: 1 pq: 3 rg: 19 | total time: 35.83m | eta: 10.0m
step 02985/03814 (78.26%) | loss: 2.917506 | lrm: 0.37 | dt: 715.24ms | tok/sec: 91,627 | bf16_mfu: 0.00 | epoch: 1 pq: 3 rg: 19 | total time: 35.85m | eta: 10.0m
step 02986/03814 (78.29%) | loss: 2.902285 | lrm: 0.37 | dt: 721.45ms | tok/sec: 90,839 | bf16_mfu: 0.00 | epoch: 1 pq: 3 rg: 19 | total time: 35.86m | eta: 10.0m
step 02987/03814 (78.32%) | loss: 2.900904 | lrm: 0.37 | dt: 714.65ms | tok/sec: 91,703 | bf16_mfu: 0.00 | epoch: 1 pq: 3 rg: 19 | total time: 35.87m | eta: 10.0m
step 02988/03814 (78.34%) | loss: 2.916280 | lrm: 0.37 | dt: 719.51ms | tok/sec: 91,084 | bf16_mfu: 0.00 | epoch: 1 pq: 3 rg: 20 | total time: 35.88m | eta: 10.0m
step 02989/03814 (78.37%) | loss: 2.920063 | lrm: 0.37 | dt: 715.21ms | tok/sec: 91,632 | bf16_mfu: 0.00 | epoch: 1 pq: 3 rg: 20 | total time: 35.89m | eta: 9.9m
step 02990/03814 (78.40%) | loss: 2.916067 | lrm: 0.37 | dt: 719.37ms | tok/sec: 91,102 | bf16_mfu: 0.00 | epoch: 1 pq: 3 rg: 20 | total time: 35.91m | eta: 9.9m
step 02991/03814 (78.42%) | loss: 2.921152 | lrm: 0.37 | dt: 719.64ms | tok/sec: 91,067 | bf16_mfu: 0.00 | epoch: 1 pq: 3 rg: 20 | total time: 35.92m | eta: 9.9m
step 02992/03814 (78.45%) | loss: 2.913076 | lrm: 0.37 | dt: 718.34ms | tok/sec: 91,232 | bf16_mfu: 0.00 | epoch: 1 pq: 3 rg: 20 | total time: 35.93m | eta: 9.9m
step 02993/03814 (78.47%) | loss: 2.915363 | lrm: 0.36 | dt: 844.02ms | tok/sec: 77,647 | bf16_mfu: 0.00 | epoch: 1 pq: 3 rg: 20 | total time: 35.94m | eta: 9.9m
step 02994/03814 (78.50%) | loss: 2.918441 | lrm: 0.36 | dt: 716.47ms | tok/sec: 91,470 | bf16_mfu: 0.00 | epoch: 1 pq: 3 rg: 20 | total time: 35.96m | eta: 9.9m
step 02995/03814 (78.53%) | loss: 2.924809 | lrm: 0.36 | dt: 717.01ms | tok/sec: 91,402 | bf16_mfu: 0.00 | epoch: 1 pq: 3 rg: 20 | total time: 35.97m | eta: 9.9m
step 02996/03814 (78.55%) | loss: 2.925782 | lrm: 0.36 | dt: 717.72ms | tok/sec: 91,311 | bf16_mfu: 0.00 | epoch: 1 pq: 3 rg: 20 | total time: 35.98m | eta: 9.9m
step 02997/03814 (78.58%) | loss: 2.908765 | lrm: 0.36 | dt: 717.02ms | tok/sec: 91,400 | bf16_mfu: 0.00 | epoch: 1 pq: 3 rg: 20 | total time: 35.99m | eta: 9.8m
step 02998/03814 (78.61%) | loss: 2.901578 | lrm: 0.36 | dt: 717.65ms | tok/sec: 91,319 | bf16_mfu: 0.00 | epoch: 1 pq: 3 rg: 21 | total time: 36.00m | eta: 9.8m
step 02999/03814 (78.63%) | loss: 2.903098 | lrm: 0.36 | dt: 720.34ms | tok/sec: 90,979 | bf16_mfu: 0.00 | epoch: 1 pq: 3 rg: 21 | total time: 36.01m | eta: 9.8m
Step 03000 | Validation bpb: 0.683225
step 03000/03814 (78.66%) | loss: 2.905075 | lrm: 0.36 | dt: 717.55ms | tok/sec: 91,332 | bf16_mfu: 0.00 | epoch: 1 pq: 3 rg: 21 | total time: 36.03m | eta: 9.8m
step 03001/03814 (78.68%) | loss: 2.928272 | lrm: 0.36 | dt: 713.83ms | tok/sec: 91,808 | bf16_mfu: 0.00 | epoch: 1 pq: 3 rg: 21 | total time: 36.04m | eta: 9.8m
step 03002/03814 (78.71%) | loss: 2.921356 | lrm: 0.36 | dt: 707.33ms | tok/sec: 92,652 | bf16_mfu: 0.00 | epoch: 1 pq: 3 rg: 21 | total time: 36.05m | eta: 9.8m
step 03003/03814 (78.74%) | loss: 2.905545 | lrm: 0.36 | dt: 708.52ms | tok/sec: 92,496 | bf16_mfu: 0.00 | epoch: 1 pq: 3 rg: 21 | total time: 36.06m | eta: 9.8m
step 03004/03814 (78.76%) | loss: 2.918171 | lrm: 0.36 | dt: 717.19ms | tok/sec: 91,379 | bf16_mfu: 0.00 | epoch: 1 pq: 3 rg: 21 | total time: 36.07m | eta: 9.8m
step 03005/03814 (78.79%) | loss: 2.925436 | lrm: 0.36 | dt: 716.39ms | tok/sec: 91,480 | bf16_mfu: 0.00 | epoch: 1 pq: 3 rg: 21 | total time: 36.09m | eta: 9.7m
step 03006/03814 (78.81%) | loss: 2.914602 | lrm: 0.36 | dt: 720.12ms | tok/sec: 91,006 | bf16_mfu: 0.00 | epoch: 1 pq: 3 rg: 21 | total time: 36.10m | eta: 9.7m
step 03007/03814 (78.84%) | loss: 2.920774 | lrm: 0.36 | dt: 717.01ms | tok/sec: 91,401 | bf16_mfu: 0.00 | epoch: 1 pq: 3 rg: 21 | total time: 36.11m | eta: 9.7m
step 03008/03814 (78.87%) | loss: 2.913734 | lrm: 0.36 | dt: 720.42ms | tok/sec: 90,968 | bf16_mfu: 0.00 | epoch: 1 pq: 3 rg: 21 | total time: 36.12m | eta: 9.7m
step 03009/03814 (78.89%) | loss: 2.940395 | lrm: 0.36 | dt: 720.18ms | tok/sec: 90,999 | bf16_mfu: 0.00 | epoch: 1 pq: 3 rg: 22 | total time: 36.13m | eta: 9.7m
step 03010/03814 (78.92%) | loss: 2.945475 | lrm: 0.36 | dt: 722.14ms | tok/sec: 90,752 | bf16_mfu: 0.00 | epoch: 1 pq: 3 rg: 22 | total time: 36.15m | eta: 9.7m
step 03011/03814 (78.95%) | loss: 2.930536 | lrm: 0.36 | dt: 725.55ms | tok/sec: 90,325 | bf16_mfu: 0.00 | epoch: 1 pq: 3 rg: 22 | total time: 36.16m | eta: 9.7m
step 03012/03814 (78.97%) | loss: 2.937816 | lrm: 0.36 | dt: 728.88ms | tok/sec: 89,913 | bf16_mfu: 0.00 | epoch: 1 pq: 3 rg: 22 | total time: 36.17m | eta: 9.7m
step 03013/03814 (79.00%) | loss: 2.940327 | lrm: 0.36 | dt: 721.29ms | tok/sec: 90,859 | bf16_mfu: 0.00 | epoch: 1 pq: 3 rg: 22 | total time: 36.18m | eta: 9.7m
step 03014/03814 (79.02%) | loss: 2.937461 | lrm: 0.36 | dt: 720.68ms | tok/sec: 90,935 | bf16_mfu: 0.00 | epoch: 1 pq: 3 rg: 22 | total time: 36.19m | eta: 9.6m
step 03015/03814 (79.05%) | loss: 2.924390 | lrm: 0.36 | dt: 724.29ms | tok/sec: 90,482 | bf16_mfu: 0.00 | epoch: 1 pq: 3 rg: 22 | total time: 36.21m | eta: 9.6m
step 03016/03814 (79.08%) | loss: 2.928494 | lrm: 0.36 | dt: 727.78ms | tok/sec: 90,049 | bf16_mfu: 0.00 | epoch: 1 pq: 3 rg: 22 | total time: 36.22m | eta: 9.6m
step 03017/03814 (79.10%) | loss: 2.925413 | lrm: 0.36 | dt: 721.61ms | tok/sec: 90,819 | bf16_mfu: 0.00 | epoch: 1 pq: 3 rg: 22 | total time: 36.23m | eta: 9.6m
step 03018/03814 (79.13%) | loss: 2.944436 | lrm: 0.36 | dt: 720.99ms | tok/sec: 90,897 | bf16_mfu: 0.00 | epoch: 1 pq: 3 rg: 22 | total time: 36.24m | eta: 9.6m
step 03019/03814 (79.16%) | loss: 2.944308 | lrm: 0.35 | dt: 726.87ms | tok/sec: 90,162 | bf16_mfu: 0.00 | epoch: 1 pq: 3 rg: 22 | total time: 36.25m | eta: 9.6m
step 03020/03814 (79.18%) | loss: 2.937920 | lrm: 0.35 | dt: 732.60ms | tok/sec: 89,456 | bf16_mfu: 0.00 | epoch: 1 pq: 3 rg: 23 | total time: 36.27m | eta: 9.6m
step 03021/03814 (79.21%) | loss: 2.949637 | lrm: 0.35 | dt: 843.37ms | tok/sec: 77,707 | bf16_mfu: 0.00 | epoch: 1 pq: 3 rg: 23 | total time: 36.28m | eta: 9.6m
step 03022/03814 (79.23%) | loss: 2.938245 | lrm: 0.35 | dt: 721.31ms | tok/sec: 90,856 | bf16_mfu: 0.00 | epoch: 1 pq: 3 rg: 23 | total time: 36.29m | eta: 9.5m
step 03023/03814 (79.26%) | loss: 2.933639 | lrm: 0.35 | dt: 729.51ms | tok/sec: 89,835 | bf16_mfu: 0.00 | epoch: 1 pq: 3 rg: 23 | total time: 36.31m | eta: 9.5m
step 03024/03814 (79.29%) | loss: 2.935659 | lrm: 0.35 | dt: 726.12ms | tok/sec: 90,254 | bf16_mfu: 0.00 | epoch: 1 pq: 3 rg: 23 | total time: 36.32m | eta: 9.5m
step 03025/03814 (79.31%) | loss: 2.945471 | lrm: 0.35 | dt: 732.08ms | tok/sec: 89,520 | bf16_mfu: 0.00 | epoch: 1 pq: 3 rg: 23 | total time: 36.33m | eta: 9.5m
step 03026/03814 (79.34%) | loss: 2.933669 | lrm: 0.35 | dt: 730.69ms | tok/sec: 89,690 | bf16_mfu: 0.00 | epoch: 1 pq: 3 rg: 23 | total time: 36.34m | eta: 9.5m
step 03027/03814 (79.37%) | loss: 2.923967 | lrm: 0.35 | dt: 732.19ms | tok/sec: 89,506 | bf16_mfu: 0.00 | epoch: 1 pq: 3 rg: 23 | total time: 36.35m | eta: 9.5m
step 03028/03814 (79.39%) | loss: 2.921732 | lrm: 0.35 | dt: 729.12ms | tok/sec: 89,884 | bf16_mfu: 0.00 | epoch: 1 pq: 3 rg: 23 | total time: 36.37m | eta: 9.5m
step 03029/03814 (79.42%) | loss: 2.930897 | lrm: 0.35 | dt: 728.57ms | tok/sec: 89,951 | bf16_mfu: 0.00 | epoch: 1 pq: 3 rg: 23 | total time: 36.38m | eta: 9.5m
step 03030/03814 (79.44%) | loss: 2.939099 | lrm: 0.35 | dt: 730.76ms | tok/sec: 89,682 | bf16_mfu: 0.00 | epoch: 1 pq: 3 rg: 24 | total time: 36.39m | eta: 9.4m
step 03031/03814 (79.47%) | loss: 2.929067 | lrm: 0.35 | dt: 730.29ms | tok/sec: 89,740 | bf16_mfu: 0.00 | epoch: 1 pq: 3 rg: 24 | total time: 36.40m | eta: 9.4m
step 03032/03814 (79.50%) | loss: 2.932302 | lrm: 0.35 | dt: 729.60ms | tok/sec: 89,824 | bf16_mfu: 0.00 | epoch: 1 pq: 3 rg: 24 | total time: 36.41m | eta: 9.4m
step 03033/03814 (79.52%) | loss: 2.925942 | lrm: 0.35 | dt: 729.62ms | tok/sec: 89,821 | bf16_mfu: 0.00 | epoch: 1 pq: 3 rg: 24 | total time: 36.43m | eta: 9.4m
step 03034/03814 (79.55%) | loss: 2.918883 | lrm: 0.35 | dt: 730.02ms | tok/sec: 89,773 | bf16_mfu: 0.00 | epoch: 1 pq: 3 rg: 24 | total time: 36.44m | eta: 9.4m
step 03035/03814 (79.58%) | loss: 2.910620 | lrm: 0.35 | dt: 729.93ms | tok/sec: 89,783 | bf16_mfu: 0.00 | epoch: 1 pq: 3 rg: 24 | total time: 36.45m | eta: 9.4m
step 03036/03814 (79.60%) | loss: 2.915761 | lrm: 0.35 | dt: 730.64ms | tok/sec: 89,696 | bf16_mfu: 0.00 | epoch: 1 pq: 3 rg: 24 | total time: 36.46m | eta: 9.4m
step 03037/03814 (79.63%) | loss: 2.934020 | lrm: 0.35 | dt: 728.89ms | tok/sec: 89,911 | bf16_mfu: 0.00 | epoch: 1 pq: 3 rg: 24 | total time: 36.48m | eta: 9.4m
step 03038/03814 (79.65%) | loss: 2.937016 | lrm: 0.35 | dt: 732.03ms | tok/sec: 89,526 | bf16_mfu: 0.00 | epoch: 1 pq: 3 rg: 24 | total time: 36.49m | eta: 9.4m
step 03039/03814 (79.68%) | loss: 2.919938 | lrm: 0.35 | dt: 728.13ms | tok/sec: 90,006 | bf16_mfu: 0.00 | epoch: 1 pq: 3 rg: 24 | total time: 36.50m | eta: 9.3m
step 03040/03814 (79.71%) | loss: 2.931016 | lrm: 0.35 | dt: 729.70ms | tok/sec: 89,812 | bf16_mfu: 0.00 | epoch: 1 pq: 3 rg: 24 | total time: 36.51m | eta: 9.3m
step 03041/03814 (79.73%) | loss: 2.933196 | lrm: 0.35 | dt: 727.76ms | tok/sec: 90,051 | bf16_mfu: 0.00 | epoch: 1 pq: 3 rg: 25 | total time: 36.52m | eta: 9.3m
step 03042/03814 (79.76%) | loss: 2.929307 | lrm: 0.35 | dt: 728.75ms | tok/sec: 89,929 | bf16_mfu: 0.00 | epoch: 1 pq: 3 rg: 25 | total time: 36.54m | eta: 9.3m
step 03043/03814 (79.79%) | loss: 2.922283 | lrm: 0.35 | dt: 729.10ms | tok/sec: 89,886 | bf16_mfu: 0.00 | epoch: 1 pq: 3 rg: 25 | total time: 36.55m | eta: 9.3m
step 03044/03814 (79.81%) | loss: 2.920203 | lrm: 0.35 | dt: 723.81ms | tok/sec: 90,542 | bf16_mfu: 0.00 | epoch: 1 pq: 3 rg: 25 | total time: 36.56m | eta: 9.3m
step 03045/03814 (79.84%) | loss: 2.928125 | lrm: 0.34 | dt: 720.46ms | tok/sec: 90,964 | bf16_mfu: 0.00 | epoch: 1 pq: 3 rg: 25 | total time: 36.57m | eta: 9.3m
step 03046/03814 (79.86%) | loss: 2.928301 | lrm: 0.34 | dt: 728.27ms | tok/sec: 89,989 | bf16_mfu: 0.00 | epoch: 1 pq: 3 rg: 25 | total time: 36.58m | eta: 9.3m
step 03047/03814 (79.89%) | loss: 2.931060 | lrm: 0.34 | dt: 727.50ms | tok/sec: 90,083 | bf16_mfu: 0.00 | epoch: 1 pq: 3 rg: 25 | total time: 36.60m | eta: 9.2m
step 03048/03814 (79.92%) | loss: 2.947253 | lrm: 0.34 | dt: 726.37ms | tok/sec: 90,224 | bf16_mfu: 0.00 | epoch: 1 pq: 3 rg: 25 | total time: 36.61m | eta: 9.2m
step 03049/03814 (79.94%) | loss: 2.942329 | lrm: 0.34 | dt: 718.98ms | tok/sec: 91,151 | bf16_mfu: 0.00 | epoch: 1 pq: 3 rg: 25 | total time: 36.62m | eta: 9.2m
step 03050/03814 (79.97%) | loss: 2.939122 | lrm: 0.34 | dt: 720.63ms | tok/sec: 90,942 | bf16_mfu: 0.00 | epoch: 1 pq: 3 rg: 25 | total time: 36.63m | eta: 9.2m
step 03051/03814 (79.99%) | loss: 2.929212 | lrm: 0.34 | dt: 727.29ms | tok/sec: 90,109 | bf16_mfu: 0.00 | epoch: 1 pq: 3 rg: 26 | total time: 36.65m | eta: 9.2m
step 03052/03814 (80.02%) | loss: 2.929260 | lrm: 0.34 | dt: 726.98ms | tok/sec: 90,148 | bf16_mfu: 0.00 | epoch: 1 pq: 3 rg: 26 | total time: 36.66m | eta: 9.2m
step 03053/03814 (80.05%) | loss: 2.926540 | lrm: 0.34 | dt: 719.93ms | tok/sec: 91,030 | bf16_mfu: 0.00 | epoch: 1 pq: 3 rg: 26 | total time: 36.67m | eta: 9.2m
step 03054/03814 (80.07%) | loss: 2.915310 | lrm: 0.34 | dt: 720.33ms | tok/sec: 90,979 | bf16_mfu: 0.00 | epoch: 1 pq: 3 rg: 26 | total time: 36.68m | eta: 9.2m
step 03055/03814 (80.10%) | loss: 2.928019 | lrm: 0.34 | dt: 729.44ms | tok/sec: 89,844 | bf16_mfu: 0.00 | epoch: 1 pq: 3 rg: 26 | total time: 36.69m | eta: 9.1m
step 03056/03814 (80.13%) | loss: 2.939160 | lrm: 0.34 | dt: 724.92ms | tok/sec: 90,404 | bf16_mfu: 0.00 | epoch: 1 pq: 3 rg: 26 | total time: 36.71m | eta: 9.1m
step 03057/03814 (80.15%) | loss: 2.933425 | lrm: 0.34 | dt: 716.20ms | tok/sec: 91,505 | bf16_mfu: 0.00 | epoch: 1 pq: 3 rg: 26 | total time: 36.72m | eta: 9.1m
step 03058/03814 (80.18%) | loss: 2.927075 | lrm: 0.34 | dt: 724.09ms | tok/sec: 90,507 | bf16_mfu: 0.00 | epoch: 1 pq: 3 rg: 26 | total time: 36.73m | eta: 9.1m
step 03059/03814 (80.20%) | loss: 2.921093 | lrm: 0.34 | dt: 713.13ms | tok/sec: 91,899 | bf16_mfu: 0.00 | epoch: 1 pq: 3 rg: 26 | total time: 36.74m | eta: 9.1m
step 03060/03814 (80.23%) | loss: 2.928243 | lrm: 0.34 | dt: 720.28ms | tok/sec: 90,986 | bf16_mfu: 0.00 | epoch: 1 pq: 3 rg: 26 | total time: 36.75m | eta: 9.1m
step 03061/03814 (80.26%) | loss: 2.929966 | lrm: 0.34 | dt: 715.29ms | tok/sec: 91,621 | bf16_mfu: 0.00 | epoch: 1 pq: 3 rg: 26 | total time: 36.77m | eta: 9.1m
step 03062/03814 (80.28%) | loss: 2.908317 | lrm: 0.34 | dt: 714.84ms | tok/sec: 91,678 | bf16_mfu: 0.00 | epoch: 1 pq: 3 rg: 27 | total time: 36.78m | eta: 9.1m
step 03063/03814 (80.31%) | loss: 2.909387 | lrm: 0.34 | dt: 715.25ms | tok/sec: 91,627 | bf16_mfu: 0.00 | epoch: 1 pq: 3 rg: 27 | total time: 36.79m | eta: 9.0m
step 03064/03814 (80.34%) | loss: 2.915876 | lrm: 0.34 | dt: 713.90ms | tok/sec: 91,800 | bf16_mfu: 0.00 | epoch: 1 pq: 3 rg: 27 | total time: 36.80m | eta: 9.0m
step 03065/03814 (80.36%) | loss: 2.930560 | lrm: 0.34 | dt: 716.71ms | tok/sec: 91,440 | bf16_mfu: 0.00 | epoch: 1 pq: 3 rg: 27 | total time: 36.81m | eta: 9.0m
step 03066/03814 (80.39%) | loss: 2.918739 | lrm: 0.34 | dt: 717.22ms | tok/sec: 91,375 | bf16_mfu: 0.00 | epoch: 1 pq: 3 rg: 27 | total time: 36.82m | eta: 9.0m
step 03067/03814 (80.41%) | loss: 2.904762 | lrm: 0.34 | dt: 713.35ms | tok/sec: 91,870 | bf16_mfu: 0.00 | epoch: 1 pq: 3 rg: 27 | total time: 36.84m | eta: 9.0m
step 03068/03814 (80.44%) | loss: 2.902589 | lrm: 0.34 | dt: 713.22ms | tok/sec: 91,886 | bf16_mfu: 0.00 | epoch: 1 pq: 3 rg: 27 | total time: 36.85m | eta: 9.0m
step 03069/03814 (80.47%) | loss: 2.907190 | lrm: 0.34 | dt: 716.83ms | tok/sec: 91,425 | bf16_mfu: 0.00 | epoch: 1 pq: 3 rg: 27 | total time: 36.86m | eta: 9.0m
step 03070/03814 (80.49%) | loss: 2.906633 | lrm: 0.34 | dt: 713.11ms | tok/sec: 91,901 | bf16_mfu: 0.00 | epoch: 1 pq: 3 rg: 27 | total time: 36.87m | eta: 9.0m
step 03071/03814 (80.52%) | loss: 2.896122 | lrm: 0.33 | dt: 713.90ms | tok/sec: 91,799 | bf16_mfu: 0.00 | epoch: 1 pq: 3 rg: 27 | total time: 36.88m | eta: 9.0m
step 03072/03814 (80.55%) | loss: 2.896048 | lrm: 0.33 | dt: 710.53ms | tok/sec: 92,235 | bf16_mfu: 0.00 | epoch: 1 pq: 3 rg: 27 | total time: 36.90m | eta: 8.9m
step 03073/03814 (80.57%) | loss: 2.908370 | lrm: 0.33 | dt: 710.92ms | tok/sec: 92,185 | bf16_mfu: 0.00 | epoch: 1 pq: 3 rg: 28 | total time: 36.91m | eta: 8.9m
step 03074/03814 (80.60%) | loss: 2.888702 | lrm: 0.33 | dt: 710.10ms | tok/sec: 92,291 | bf16_mfu: 0.00 | epoch: 1 pq: 3 rg: 28 | total time: 36.92m | eta: 8.9m
step 03075/03814 (80.62%) | loss: 2.881085 | lrm: 0.33 | dt: 711.31ms | tok/sec: 92,134 | bf16_mfu: 0.00 | epoch: 1 pq: 3 rg: 28 | total time: 36.93m | eta: 8.9m
step 03076/03814 (80.65%) | loss: 2.898889 | lrm: 0.33 | dt: 712.67ms | tok/sec: 91,959 | bf16_mfu: 0.00 | epoch: 1 pq: 3 rg: 28 | total time: 36.94m | eta: 8.9m
step 03077/03814 (80.68%) | loss: 2.907381 | lrm: 0.33 | dt: 710.40ms | tok/sec: 92,252 | bf16_mfu: 0.00 | epoch: 1 pq: 3 rg: 28 | total time: 36.96m | eta: 8.9m
step 03078/03814 (80.70%) | loss: 2.901668 | lrm: 0.33 | dt: 713.82ms | tok/sec: 91,810 | bf16_mfu: 0.00 | epoch: 1 pq: 3 rg: 28 | total time: 36.97m | eta: 8.9m
step 03079/03814 (80.73%) | loss: 2.893411 | lrm: 0.33 | dt: 710.44ms | tok/sec: 92,246 | bf16_mfu: 0.00 | epoch: 1 pq: 3 rg: 28 | total time: 36.98m | eta: 8.9m
step 03080/03814 (80.76%) | loss: 2.908204 | lrm: 0.33 | dt: 707.61ms | tok/sec: 92,616 | bf16_mfu: 0.00 | epoch: 1 pq: 3 rg: 28 | total time: 36.99m | eta: 8.8m
step 03081/03814 (80.78%) | loss: 2.902067 | lrm: 0.33 | dt: 708.73ms | tok/sec: 92,469 | bf16_mfu: 0.00 | epoch: 1 pq: 3 rg: 28 | total time: 37.00m | eta: 8.8m
step 03082/03814 (80.81%) | loss: 2.889556 | lrm: 0.33 | dt: 708.08ms | tok/sec: 92,554 | bf16_mfu: 0.00 | epoch: 1 pq: 3 rg: 28 | total time: 37.01m | eta: 8.8m
step 03083/03814 (80.83%) | loss: 2.889455 | lrm: 0.33 | dt: 709.88ms | tok/sec: 92,320 | bf16_mfu: 0.00 | epoch: 1 pq: 3 rg: 28 | total time: 37.03m | eta: 8.8m
step 03084/03814 (80.86%) | loss: 2.890288 | lrm: 0.33 | dt: 706.18ms | tok/sec: 92,803 | bf16_mfu: 0.00 | epoch: 1 pq: 3 rg: 29 | total time: 37.04m | eta: 8.8m
step 03085/03814 (80.89%) | loss: 2.893895 | lrm: 0.33 | dt: 709.90ms | tok/sec: 92,317 | bf16_mfu: 0.00 | epoch: 1 pq: 3 rg: 29 | total time: 37.05m | eta: 8.8m
step 03086/03814 (80.91%) | loss: 2.892233 | lrm: 0.33 | dt: 710.44ms | tok/sec: 92,247 | bf16_mfu: 0.00 | epoch: 1 pq: 3 rg: 29 | total time: 37.06m | eta: 8.8m
step 03087/03814 (80.94%) | loss: 2.883916 | lrm: 0.33 | dt: 707.92ms | tok/sec: 92,575 | bf16_mfu: 0.00 | epoch: 1 pq: 3 rg: 29 | total time: 37.07m | eta: 8.8m
step 03088/03814 (80.96%) | loss: 2.886133 | lrm: 0.33 | dt: 706.78ms | tok/sec: 92,724 | bf16_mfu: 0.00 | epoch: 1 pq: 3 rg: 29 | total time: 37.09m | eta: 8.7m
step 03089/03814 (80.99%) | loss: 2.892769 | lrm: 0.33 | dt: 710.60ms | tok/sec: 92,225 | bf16_mfu: 0.00 | epoch: 1 pq: 3 rg: 29 | total time: 37.10m | eta: 8.7m
step 03090/03814 (81.02%) | loss: 2.883650 | lrm: 0.33 | dt: 709.94ms | tok/sec: 92,311 | bf16_mfu: 0.00 | epoch: 1 pq: 3 rg: 29 | total time: 37.11m | eta: 8.7m
step 03091/03814 (81.04%) | loss: 2.886081 | lrm: 0.33 | dt: 714.60ms | tok/sec: 91,710 | bf16_mfu: 0.00 | epoch: 1 pq: 3 rg: 29 | total time: 37.12m | eta: 8.7m
step 03092/03814 (81.07%) | loss: 2.892126 | lrm: 0.33 | dt: 712.19ms | tok/sec: 92,020 | bf16_mfu: 0.00 | epoch: 1 pq: 3 rg: 29 | total time: 37.13m | eta: 8.7m
step 03093/03814 (81.10%) | loss: 2.870428 | lrm: 0.33 | dt: 714.11ms | tok/sec: 91,772 | bf16_mfu: 0.00 | epoch: 1 pq: 3 rg: 29 | total time: 37.14m | eta: 8.7m
step 03094/03814 (81.12%) | loss: 2.876414 | lrm: 0.33 | dt: 711.20ms | tok/sec: 92,148 | bf16_mfu: 0.00 | epoch: 1 pq: 3 rg: 29 | total time: 37.16m | eta: 8.7m
step 03095/03814 (81.15%) | loss: 2.873949 | lrm: 0.33 | dt: 713.13ms | tok/sec: 91,899 | bf16_mfu: 0.00 | epoch: 1 pq: 3 rg: 30 | total time: 37.17m | eta: 8.7m
step 03096/03814 (81.17%) | loss: 2.873105 | lrm: 0.33 | dt: 713.37ms | tok/sec: 91,867 | bf16_mfu: 0.00 | epoch: 1 pq: 3 rg: 30 | total time: 37.18m | eta: 8.7m
step 03097/03814 (81.20%) | loss: 2.880328 | lrm: 0.32 | dt: 712.96ms | tok/sec: 91,920 | bf16_mfu: 0.00 | epoch: 1 pq: 3 rg: 30 | total time: 37.19m | eta: 8.6m
step 03098/03814 (81.23%) | loss: 2.875906 | lrm: 0.32 | dt: 711.48ms | tok/sec: 92,112 | bf16_mfu: 0.00 | epoch: 1 pq: 3 rg: 30 | total time: 37.20m | eta: 8.6m
step 03099/03814 (81.25%) | loss: 2.879691 | lrm: 0.32 | dt: 714.70ms | tok/sec: 91,697 | bf16_mfu: 0.00 | epoch: 1 pq: 3 rg: 30 | total time: 37.22m | eta: 8.6m
step 03100/03814 (81.28%) | loss: 2.895118 | lrm: 0.32 | dt: 714.14ms | tok/sec: 91,768 | bf16_mfu: 0.00 | epoch: 1 pq: 3 rg: 30 | total time: 37.23m | eta: 8.6m
step 03101/03814 (81.31%) | loss: 2.878773 | lrm: 0.32 | dt: 712.75ms | tok/sec: 91,948 | bf16_mfu: 0.00 | epoch: 1 pq: 3 rg: 30 | total time: 37.24m | eta: 8.6m
step 03102/03814 (81.33%) | loss: 2.861550 | lrm: 0.32 | dt: 715.43ms | tok/sec: 91,603 | bf16_mfu: 0.00 | epoch: 1 pq: 3 rg: 30 | total time: 37.25m | eta: 8.6m
step 03103/03814 (81.36%) | loss: 2.866290 | lrm: 0.32 | dt: 717.39ms | tok/sec: 91,352 | bf16_mfu: 0.00 | epoch: 1 pq: 3 rg: 30 | total time: 37.26m | eta: 8.6m
step 03104/03814 (81.38%) | loss: 2.874792 | lrm: 0.32 | dt: 718.55ms | tok/sec: 91,205 | bf16_mfu: 0.00 | epoch: 1 pq: 3 rg: 30 | total time: 37.28m | eta: 8.6m
step 03105/03814 (81.41%) | loss: 2.868584 | lrm: 0.32 | dt: 719.69ms | tok/sec: 91,061 | bf16_mfu: 0.00 | epoch: 1 pq: 3 rg: 31 | total time: 37.29m | eta: 8.5m
step 03106/03814 (81.44%) | loss: 2.865862 | lrm: 0.32 | dt: 717.45ms | tok/sec: 91,345 | bf16_mfu: 0.00 | epoch: 1 pq: 3 rg: 31 | total time: 37.30m | eta: 8.5m
step 03107/03814 (81.46%) | loss: 2.866004 | lrm: 0.32 | dt: 711.65ms | tok/sec: 92,090 | bf16_mfu: 0.00 | epoch: 1 pq: 3 rg: 31 | total time: 37.31m | eta: 8.5m
step 03108/03814 (81.49%) | loss: 2.892855 | lrm: 0.32 | dt: 719.05ms | tok/sec: 91,142 | bf16_mfu: 0.00 | epoch: 1 pq: 3 rg: 31 | total time: 37.32m | eta: 8.5m
step 03109/03814 (81.52%) | loss: 2.865611 | lrm: 0.32 | dt: 718.15ms | tok/sec: 91,256 | bf16_mfu: 0.00 | epoch: 1 pq: 3 rg: 31 | total time: 37.34m | eta: 8.5m
step 03110/03814 (81.54%) | loss: 2.875278 | lrm: 0.32 | dt: 719.51ms | tok/sec: 91,084 | bf16_mfu: 0.00 | epoch: 1 pq: 3 rg: 31 | total time: 37.35m | eta: 8.5m
step 03111/03814 (81.57%) | loss: 2.865384 | lrm: 0.32 | dt: 721.72ms | tok/sec: 90,805 | bf16_mfu: 0.00 | epoch: 1 pq: 3 rg: 31 | total time: 37.36m | eta: 8.5m
step 03112/03814 (81.59%) | loss: 2.852956 | lrm: 0.32 | dt: 715.37ms | tok/sec: 91,611 | bf16_mfu: 0.00 | epoch: 1 pq: 3 rg: 31 | total time: 37.37m | eta: 8.5m
step 03113/03814 (81.62%) | loss: 2.855835 | lrm: 0.32 | dt: 717.89ms | tok/sec: 91,290 | bf16_mfu: 0.00 | epoch: 1 pq: 3 rg: 31 | total time: 37.38m | eta: 8.4m
step 03114/03814 (81.65%) | loss: 2.853955 | lrm: 0.32 | dt: 717.92ms | tok/sec: 91,286 | bf16_mfu: 0.00 | epoch: 1 pq: 3 rg: 31 | total time: 37.40m | eta: 8.4m
step 03115/03814 (81.67%) | loss: 2.854986 | lrm: 0.32 | dt: 715.46ms | tok/sec: 91,600 | bf16_mfu: 0.00 | epoch: 1 pq: 3 rg: 31 | total time: 37.41m | eta: 8.4m
step 03116/03814 (81.70%) | loss: 2.844804 | lrm: 0.32 | dt: 718.33ms | tok/sec: 91,233 | bf16_mfu: 0.00 | epoch: 1 pq: 3 rg: 32 | total time: 37.42m | eta: 8.4m
step 03117/03814 (81.73%) | loss: 2.847164 | lrm: 0.32 | dt: 720.96ms | tok/sec: 90,900 | bf16_mfu: 0.00 | epoch: 1 pq: 3 rg: 32 | total time: 37.43m | eta: 8.4m
step 03118/03814 (81.75%) | loss: 2.856038 | lrm: 0.32 | dt: 722.75ms | tok/sec: 90,675 | bf16_mfu: 0.00 | epoch: 1 pq: 3 rg: 32 | total time: 37.44m | eta: 8.4m
step 03119/03814 (81.78%) | loss: 2.848729 | lrm: 0.32 | dt: 716.01ms | tok/sec: 91,530 | bf16_mfu: 0.00 | epoch: 1 pq: 3 rg: 32 | total time: 37.46m | eta: 8.4m
step 03120/03814 (81.80%) | loss: 2.853285 | lrm: 0.32 | dt: 723.50ms | tok/sec: 90,581 | bf16_mfu: 0.00 | epoch: 1 pq: 3 rg: 32 | total time: 37.47m | eta: 8.4m
step 03121/03814 (81.83%) | loss: 2.844640 | lrm: 0.32 | dt: 720.45ms | tok/sec: 90,965 | bf16_mfu: 0.00 | epoch: 1 pq: 3 rg: 32 | total time: 37.48m | eta: 8.3m
step 03122/03814 (81.86%) | loss: 2.843007 | lrm: 0.32 | dt: 720.82ms | tok/sec: 90,918 | bf16_mfu: 0.00 | epoch: 1 pq: 3 rg: 32 | total time: 37.49m | eta: 8.3m
step 03123/03814 (81.88%) | loss: 2.841611 | lrm: 0.31 | dt: 718.19ms | tok/sec: 91,251 | bf16_mfu: 0.00 | epoch: 1 pq: 3 rg: 32 | total time: 37.50m | eta: 8.3m
step 03124/03814 (81.91%) | loss: 2.832892 | lrm: 0.31 | dt: 718.21ms | tok/sec: 91,249 | bf16_mfu: 0.00 | epoch: 1 pq: 3 rg: 32 | total time: 37.52m | eta: 8.3m
step 03125/03814 (81.93%) | loss: 2.827019 | lrm: 0.31 | dt: 718.20ms | tok/sec: 91,250 | bf16_mfu: 0.00 | epoch: 1 pq: 3 rg: 32 | total time: 37.53m | eta: 8.3m
step 03126/03814 (81.96%) | loss: 2.815486 | lrm: 0.31 | dt: 721.98ms | tok/sec: 90,772 | bf16_mfu: 0.00 | epoch: 1 pq: 3 rg: 32 | total time: 37.54m | eta: 8.3m
step 03127/03814 (81.99%) | loss: 2.814294 | lrm: 0.31 | dt: 719.45ms | tok/sec: 91,091 | bf16_mfu: 0.00 | epoch: 1 pq: 3 rg: 33 | total time: 37.55m | eta: 8.3m
step 03128/03814 (82.01%) | loss: 2.804807 | lrm: 0.31 | dt: 722.97ms | tok/sec: 90,647 | bf16_mfu: 0.00 | epoch: 1 pq: 3 rg: 33 | total time: 37.56m | eta: 8.3m
step 03129/03814 (82.04%) | loss: 2.802793 | lrm: 0.31 | dt: 714.27ms | tok/sec: 91,751 | bf16_mfu: 0.00 | epoch: 1 pq: 3 rg: 33 | total time: 37.58m | eta: 8.3m
step 03130/03814 (82.07%) | loss: 2.804967 | lrm: 0.31 | dt: 723.77ms | tok/sec: 90,548 | bf16_mfu: 0.00 | epoch: 1 pq: 3 rg: 33 | total time: 37.59m | eta: 8.2m
step 03131/03814 (82.09%) | loss: 2.794234 | lrm: 0.31 | dt: 723.02ms | tok/sec: 90,642 | bf16_mfu: 0.00 | epoch: 1 pq: 3 rg: 33 | total time: 37.60m | eta: 8.2m
step 03132/03814 (82.12%) | loss: 2.814851 | lrm: 0.31 | dt: 721.76ms | tok/sec: 90,800 | bf16_mfu: 0.00 | epoch: 1 pq: 3 rg: 33 | total time: 37.61m | eta: 8.2m
step 03133/03814 (82.14%) | loss: 2.816797 | lrm: 0.31 | dt: 720.50ms | tok/sec: 90,959 | bf16_mfu: 0.00 | epoch: 1 pq: 3 rg: 33 | total time: 37.62m | eta: 8.2m
step 03134/03814 (82.17%) | loss: 2.828965 | lrm: 0.31 | dt: 719.68ms | tok/sec: 91,062 | bf16_mfu: 0.00 | epoch: 1 pq: 3 rg: 33 | total time: 37.64m | eta: 8.2m
step 03135/03814 (82.20%) | loss: 2.830419 | lrm: 0.31 | dt: 721.61ms | tok/sec: 90,819 | bf16_mfu: 0.00 | epoch: 1 pq: 3 rg: 33 | total time: 37.65m | eta: 8.2m
step 03136/03814 (82.22%) | loss: 2.833958 | lrm: 0.31 | dt: 723.83ms | tok/sec: 90,541 | bf16_mfu: 0.00 | epoch: 1 pq: 3 rg: 33 | total time: 37.66m | eta: 8.2m
step 03137/03814 (82.25%) | loss: 2.816788 | lrm: 0.31 | dt: 722.68ms | tok/sec: 90,684 | bf16_mfu: 0.00 | epoch: 1 pq: 3 rg: 33 | total time: 37.67m | eta: 8.2m
step 03138/03814 (82.28%) | loss: 2.809210 | lrm: 0.31 | dt: 723.06ms | tok/sec: 90,637 | bf16_mfu: 0.00 | epoch: 1 pq: 3 rg: 34 | total time: 37.68m | eta: 8.1m
step 03139/03814 (82.30%) | loss: 2.797510 | lrm: 0.31 | dt: 720.69ms | tok/sec: 90,935 | bf16_mfu: 0.00 | epoch: 1 pq: 3 rg: 34 | total time: 37.70m | eta: 8.1m
step 03140/03814 (82.33%) | loss: 2.799682 | lrm: 0.31 | dt: 718.87ms | tok/sec: 91,164 | bf16_mfu: 0.00 | epoch: 1 pq: 3 rg: 34 | total time: 37.71m | eta: 8.1m
step 03141/03814 (82.35%) | loss: 2.813552 | lrm: 0.31 | dt: 725.33ms | tok/sec: 90,353 | bf16_mfu: 0.00 | epoch: 1 pq: 3 rg: 34 | total time: 37.72m | eta: 8.1m
step 03142/03814 (82.38%) | loss: 2.809778 | lrm: 0.31 | dt: 722.90ms | tok/sec: 90,657 | bf16_mfu: 0.00 | epoch: 1 pq: 3 rg: 34 | total time: 37.73m | eta: 8.1m
step 03143/03814 (82.41%) | loss: 2.800798 | lrm: 0.31 | dt: 722.29ms | tok/sec: 90,734 | bf16_mfu: 0.00 | epoch: 1 pq: 3 rg: 34 | total time: 37.74m | eta: 8.1m
step 03144/03814 (82.43%) | loss: 2.796402 | lrm: 0.31 | dt: 721.13ms | tok/sec: 90,879 | bf16_mfu: 0.00 | epoch: 1 pq: 3 rg: 34 | total time: 37.76m | eta: 8.1m
step 03145/03814 (82.46%) | loss: 2.791016 | lrm: 0.31 | dt: 718.56ms | tok/sec: 91,204 | bf16_mfu: 0.00 | epoch: 1 pq: 3 rg: 34 | total time: 37.77m | eta: 8.1m
step 03146/03814 (82.49%) | loss: 2.815637 | lrm: 0.31 | dt: 720.51ms | tok/sec: 90,958 | bf16_mfu: 0.00 | epoch: 1 pq: 3 rg: 34 | total time: 37.78m | eta: 8.0m
step 03147/03814 (82.51%) | loss: 2.813333 | lrm: 0.31 | dt: 717.54ms | tok/sec: 91,333 | bf16_mfu: 0.00 | epoch: 1 pq: 3 rg: 34 | total time: 37.79m | eta: 8.0m
step 03148/03814 (82.54%) | loss: 2.817832 | lrm: 0.31 | dt: 720.82ms | tok/sec: 90,919 | bf16_mfu: 0.00 | epoch: 1 pq: 3 rg: 34 | total time: 37.80m | eta: 8.0m
step 03149/03814 (82.56%) | loss: 2.824954 | lrm: 0.30 | dt: 727.30ms | tok/sec: 90,108 | bf16_mfu: 0.00 | epoch: 1 pq: 3 rg: 35 | total time: 37.82m | eta: 8.0m
step 03150/03814 (82.59%) | loss: 2.827296 | lrm: 0.30 | dt: 718.08ms | tok/sec: 91,265 | bf16_mfu: 0.00 | epoch: 1 pq: 3 rg: 35 | total time: 37.83m | eta: 8.0m
step 03151/03814 (82.62%) | loss: 2.831265 | lrm: 0.30 | dt: 723.53ms | tok/sec: 90,577 | bf16_mfu: 0.00 | epoch: 1 pq: 3 rg: 35 | total time: 37.84m | eta: 8.0m
step 03152/03814 (82.64%) | loss: 2.833023 | lrm: 0.30 | dt: 724.87ms | tok/sec: 90,410 | bf16_mfu: 0.00 | epoch: 1 pq: 3 rg: 35 | total time: 37.85m | eta: 8.0m
step 03153/03814 (82.67%) | loss: 2.838696 | lrm: 0.30 | dt: 719.77ms | tok/sec: 91,051 | bf16_mfu: 0.00 | epoch: 1 pq: 3 rg: 35 | total time: 37.86m | eta: 8.0m
step 03154/03814 (82.70%) | loss: 2.835686 | lrm: 0.30 | dt: 720.05ms | tok/sec: 91,016 | bf16_mfu: 0.00 | epoch: 1 pq: 3 rg: 35 | total time: 37.88m | eta: 8.0m
step 03155/03814 (82.72%) | loss: 2.824927 | lrm: 0.30 | dt: 721.12ms | tok/sec: 90,880 | bf16_mfu: 0.00 | epoch: 1 pq: 3 rg: 35 | total time: 37.89m | eta: 7.9m
step 03156/03814 (82.75%) | loss: 2.830351 | lrm: 0.30 | dt: 719.27ms | tok/sec: 91,114 | bf16_mfu: 0.00 | epoch: 1 pq: 3 rg: 35 | total time: 37.90m | eta: 7.9m
step 03157/03814 (82.77%) | loss: 2.823038 | lrm: 0.30 | dt: 715.69ms | tok/sec: 91,570 | bf16_mfu: 0.00 | epoch: 1 pq: 3 rg: 35 | total time: 37.91m | eta: 7.9m
step 03158/03814 (82.80%) | loss: 2.811914 | lrm: 0.30 | dt: 719.58ms | tok/sec: 91,075 | bf16_mfu: 0.00 | epoch: 1 pq: 3 rg: 35 | total time: 37.92m | eta: 7.9m
step 03159/03814 (82.83%) | loss: 2.813625 | lrm: 0.30 | dt: 716.29ms | tok/sec: 91,493 | bf16_mfu: 0.00 | epoch: 1 pq: 3 rg: 35 | total time: 37.94m | eta: 7.9m
step 03160/03814 (82.85%) | loss: 2.822378 | lrm: 0.30 | dt: 720.04ms | tok/sec: 91,017 | bf16_mfu: 0.00 | epoch: 1 pq: 3 rg: 36 | total time: 37.95m | eta: 7.9m
step 03161/03814 (82.88%) | loss: 2.832436 | lrm: 0.30 | dt: 716.90ms | tok/sec: 91,415 | bf16_mfu: 0.00 | epoch: 1 pq: 3 rg: 36 | total time: 37.96m | eta: 7.9m
step 03162/03814 (82.91%) | loss: 2.830521 | lrm: 0.30 | dt: 720.82ms | tok/sec: 90,919 | bf16_mfu: 0.00 | epoch: 1 pq: 3 rg: 36 | total time: 37.97m | eta: 7.9m
step 03163/03814 (82.93%) | loss: 2.834715 | lrm: 0.30 | dt: 724.58ms | tok/sec: 90,447 | bf16_mfu: 0.00 | epoch: 1 pq: 3 rg: 36 | total time: 37.98m | eta: 7.8m
step 03164/03814 (82.96%) | loss: 2.843673 | lrm: 0.30 | dt: 716.43ms | tok/sec: 91,475 | bf16_mfu: 0.00 | epoch: 1 pq: 3 rg: 36 | total time: 38.00m | eta: 7.8m
step 03165/03814 (82.98%) | loss: 2.864523 | lrm: 0.30 | dt: 722.09ms | tok/sec: 90,758 | bf16_mfu: 0.00 | epoch: 1 pq: 3 rg: 36 | total time: 38.01m | eta: 7.8m
step 03166/03814 (83.01%) | loss: 2.848172 | lrm: 0.30 | dt: 718.55ms | tok/sec: 91,206 | bf16_mfu: 0.00 | epoch: 1 pq: 3 rg: 36 | total time: 38.02m | eta: 7.8m
step 03167/03814 (83.04%) | loss: 2.848428 | lrm: 0.30 | dt: 719.78ms | tok/sec: 91,049 | bf16_mfu: 0.00 | epoch: 1 pq: 3 rg: 36 | total time: 38.03m | eta: 7.8m
step 03168/03814 (83.06%) | loss: 2.859589 | lrm: 0.30 | dt: 720.79ms | tok/sec: 90,922 | bf16_mfu: 0.00 | epoch: 1 pq: 3 rg: 36 | total time: 38.04m | eta: 7.8m
step 03169/03814 (83.09%) | loss: 2.895505 | lrm: 0.30 | dt: 715.37ms | tok/sec: 91,610 | bf16_mfu: 0.00 | epoch: 1 pq: 3 rg: 36 | total time: 38.06m | eta: 7.8m
step 03170/03814 (83.11%) | loss: 2.885521 | lrm: 0.30 | dt: 711.46ms | tok/sec: 92,115 | bf16_mfu: 0.00 | epoch: 1 pq: 3 rg: 37 | total time: 38.07m | eta: 7.8m
step 03171/03814 (83.14%) | loss: 2.878029 | lrm: 0.30 | dt: 717.73ms | tok/sec: 91,309 | bf16_mfu: 0.00 | epoch: 1 pq: 3 rg: 37 | total time: 38.08m | eta: 7.7m
step 03172/03814 (83.17%) | loss: 2.878990 | lrm: 0.30 | dt: 715.70ms | tok/sec: 91,568 | bf16_mfu: 0.00 | epoch: 1 pq: 3 rg: 37 | total time: 38.09m | eta: 7.7m
step 03173/03814 (83.19%) | loss: 2.884590 | lrm: 0.30 | dt: 714.99ms | tok/sec: 91,659 | bf16_mfu: 0.00 | epoch: 1 pq: 3 rg: 37 | total time: 38.10m | eta: 7.7m
step 03174/03814 (83.22%) | loss: 2.896105 | lrm: 0.30 | dt: 717.37ms | tok/sec: 91,355 | bf16_mfu: 0.00 | epoch: 1 pq: 3 rg: 37 | total time: 38.12m | eta: 7.7m
step 03175/03814 (83.25%) | loss: 2.879168 | lrm: 0.29 | dt: 714.19ms | tok/sec: 91,762 | bf16_mfu: 0.00 | epoch: 1 pq: 3 rg: 37 | total time: 38.13m | eta: 7.7m
step 03176/03814 (83.27%) | loss: 2.886768 | lrm: 0.29 | dt: 716.01ms | tok/sec: 91,529 | bf16_mfu: 0.00 | epoch: 1 pq: 3 rg: 37 | total time: 38.14m | eta: 7.7m
step 03177/03814 (83.30%) | loss: 2.889670 | lrm: 0.29 | dt: 717.82ms | tok/sec: 91,298 | bf16_mfu: 0.00 | epoch: 1 pq: 3 rg: 37 | total time: 38.15m | eta: 7.7m
step 03178/03814 (83.32%) | loss: 2.894976 | lrm: 0.29 | dt: 715.41ms | tok/sec: 91,605 | bf16_mfu: 0.00 | epoch: 1 pq: 3 rg: 37 | total time: 38.16m | eta: 7.7m
step 03179/03814 (83.35%) | loss: 2.894665 | lrm: 0.29 | dt: 711.30ms | tok/sec: 92,135 | bf16_mfu: 0.00 | epoch: 1 pq: 3 rg: 37 | total time: 38.18m | eta: 7.6m
step 03180/03814 (83.38%) | loss: 2.884985 | lrm: 0.29 | dt: 715.93ms | tok/sec: 91,540 | bf16_mfu: 0.00 | epoch: 1 pq: 3 rg: 37 | total time: 38.19m | eta: 7.6m
step 03181/03814 (83.40%) | loss: 2.869643 | lrm: 0.29 | dt: 714.03ms | tok/sec: 91,783 | bf16_mfu: 0.00 | epoch: 1 pq: 3 rg: 38 | total time: 38.20m | eta: 7.6m
step 03182/03814 (83.43%) | loss: 2.870420 | lrm: 0.29 | dt: 716.44ms | tok/sec: 91,475 | bf16_mfu: 0.00 | epoch: 1 pq: 3 rg: 38 | total time: 38.21m | eta: 7.6m
step 03183/03814 (83.46%) | loss: 2.867015 | lrm: 0.29 | dt: 711.91ms | tok/sec: 92,057 | bf16_mfu: 0.00 | epoch: 1 pq: 3 rg: 38 | total time: 38.22m | eta: 7.6m
step 03184/03814 (83.48%) | loss: 2.866310 | lrm: 0.29 | dt: 716.16ms | tok/sec: 91,510 | bf16_mfu: 0.00 | epoch: 1 pq: 3 rg: 38 | total time: 38.23m | eta: 7.6m
step 03185/03814 (83.51%) | loss: 2.880492 | lrm: 0.29 | dt: 713.30ms | tok/sec: 91,877 | bf16_mfu: 0.00 | epoch: 1 pq: 3 rg: 38 | total time: 38.25m | eta: 7.6m
step 03186/03814 (83.53%) | loss: 2.881956 | lrm: 0.29 | dt: 713.06ms | tok/sec: 91,907 | bf16_mfu: 0.00 | epoch: 1 pq: 3 rg: 38 | total time: 38.26m | eta: 7.6m
step 03187/03814 (83.56%) | loss: 2.885383 | lrm: 0.29 | dt: 711.43ms | tok/sec: 92,118 | bf16_mfu: 0.00 | epoch: 1 pq: 3 rg: 38 | total time: 38.27m | eta: 7.6m
step 03188/03814 (83.59%) | loss: 2.877572 | lrm: 0.29 | dt: 716.79ms | tok/sec: 91,430 | bf16_mfu: 0.00 | epoch: 1 pq: 3 rg: 38 | total time: 38.28m | eta: 7.5m
step 03189/03814 (83.61%) | loss: 2.896911 | lrm: 0.29 | dt: 711.78ms | tok/sec: 92,073 | bf16_mfu: 0.00 | epoch: 1 pq: 3 rg: 38 | total time: 38.29m | eta: 7.5m
step 03190/03814 (83.64%) | loss: 2.900918 | lrm: 0.29 | dt: 717.66ms | tok/sec: 91,319 | bf16_mfu: 0.00 | epoch: 1 pq: 3 rg: 38 | total time: 38.31m | eta: 7.5m
step 03191/03814 (83.67%) | loss: 2.898147 | lrm: 0.29 | dt: 714.06ms | tok/sec: 91,779 | bf16_mfu: 0.00 | epoch: 1 pq: 3 rg: 39 | total time: 38.32m | eta: 7.5m
step 03192/03814 (83.69%) | loss: 2.891417 | lrm: 0.29 | dt: 712.28ms | tok/sec: 92,008 | bf16_mfu: 0.00 | epoch: 1 pq: 3 rg: 39 | total time: 38.33m | eta: 7.5m
step 03193/03814 (83.72%) | loss: 2.878129 | lrm: 0.29 | dt: 712.77ms | tok/sec: 91,945 | bf16_mfu: 0.00 | epoch: 1 pq: 3 rg: 39 | total time: 38.34m | eta: 7.5m
step 03194/03814 (83.74%) | loss: 2.890100 | lrm: 0.29 | dt: 709.69ms | tok/sec: 92,344 | bf16_mfu: 0.00 | epoch: 1 pq: 3 rg: 39 | total time: 38.35m | eta: 7.5m
step 03195/03814 (83.77%) | loss: 2.897288 | lrm: 0.29 | dt: 710.08ms | tok/sec: 92,293 | bf16_mfu: 0.00 | epoch: 1 pq: 3 rg: 39 | total time: 38.37m | eta: 7.5m
step 03196/03814 (83.80%) | loss: 2.897404 | lrm: 0.29 | dt: 713.68ms | tok/sec: 91,828 | bf16_mfu: 0.00 | epoch: 1 pq: 3 rg: 39 | total time: 38.38m | eta: 7.4m
step 03197/03814 (83.82%) | loss: 2.883490 | lrm: 0.29 | dt: 712.15ms | tok/sec: 92,025 | bf16_mfu: 0.00 | epoch: 1 pq: 3 rg: 39 | total time: 38.39m | eta: 7.4m
step 03198/03814 (83.85%) | loss: 2.897201 | lrm: 0.29 | dt: 711.63ms | tok/sec: 92,093 | bf16_mfu: 0.00 | epoch: 1 pq: 3 rg: 39 | total time: 38.40m | eta: 7.4m
step 03199/03814 (83.88%) | loss: 2.891581 | lrm: 0.29 | dt: 714.38ms | tok/sec: 91,738 | bf16_mfu: 0.00 | epoch: 1 pq: 3 rg: 39 | total time: 38.41m | eta: 7.4m
step 03200/03814 (83.90%) | loss: 2.881974 | lrm: 0.29 | dt: 714.86ms | tok/sec: 91,676 | bf16_mfu: 0.00 | epoch: 1 pq: 3 rg: 39 | total time: 38.42m | eta: 7.4m
step 03201/03814 (83.93%) | loss: 2.877435 | lrm: 0.28 | dt: 716.90ms | tok/sec: 91,415 | bf16_mfu: 0.00 | epoch: 1 pq: 3 rg: 39 | total time: 38.44m | eta: 7.4m
step 03202/03814 (83.95%) | loss: 2.881771 | lrm: 0.28 | dt: 710.50ms | tok/sec: 92,238 | bf16_mfu: 0.00 | epoch: 1 pq: 3 rg: 40 | total time: 38.45m | eta: 7.4m
step 03203/03814 (83.98%) | loss: 2.878768 | lrm: 0.28 | dt: 714.83ms | tok/sec: 91,680 | bf16_mfu: 0.00 | epoch: 1 pq: 3 rg: 40 | total time: 38.46m | eta: 7.4m
step 03204/03814 (84.01%) | loss: 2.875258 | lrm: 0.28 | dt: 711.33ms | tok/sec: 92,132 | bf16_mfu: 0.00 | epoch: 1 pq: 3 rg: 40 | total time: 38.47m | eta: 7.3m
step 03205/03814 (84.03%) | loss: 2.877035 | lrm: 0.28 | dt: 707.81ms | tok/sec: 92,590 | bf16_mfu: 0.00 | epoch: 1 pq: 3 rg: 40 | total time: 38.48m | eta: 7.3m
step 03206/03814 (84.06%) | loss: 2.870978 | lrm: 0.28 | dt: 718.00ms | tok/sec: 91,275 | bf16_mfu: 0.00 | epoch: 1 pq: 3 rg: 40 | total time: 38.50m | eta: 7.3m
step 03207/03814 (84.08%) | loss: 2.862406 | lrm: 0.28 | dt: 711.36ms | tok/sec: 92,127 | bf16_mfu: 0.00 | epoch: 1 pq: 3 rg: 40 | total time: 38.51m | eta: 7.3m
step 03208/03814 (84.11%) | loss: 2.854502 | lrm: 0.28 | dt: 710.57ms | tok/sec: 92,229 | bf16_mfu: 0.00 | epoch: 1 pq: 3 rg: 40 | total time: 38.52m | eta: 7.3m
step 03209/03814 (84.14%) | loss: 2.856683 | lrm: 0.28 | dt: 711.58ms | tok/sec: 92,099 | bf16_mfu: 0.00 | epoch: 1 pq: 3 rg: 40 | total time: 38.53m | eta: 7.3m
step 03210/03814 (84.16%) | loss: 2.858591 | lrm: 0.28 | dt: 713.58ms | tok/sec: 91,840 | bf16_mfu: 0.00 | epoch: 1 pq: 3 rg: 40 | total time: 38.54m | eta: 7.3m
step 03211/03814 (84.19%) | loss: 2.872105 | lrm: 0.28 | dt: 713.43ms | tok/sec: 91,859 | bf16_mfu: 0.00 | epoch: 1 pq: 3 rg: 40 | total time: 38.56m | eta: 7.3m
step 03212/03814 (84.22%) | loss: 2.870211 | lrm: 0.28 | dt: 715.59ms | tok/sec: 91,582 | bf16_mfu: 0.00 | epoch: 1 pq: 3 rg: 40 | total time: 38.57m | eta: 7.3m
step 03213/03814 (84.24%) | loss: 2.887666 | lrm: 0.28 | dt: 712.12ms | tok/sec: 92,029 | bf16_mfu: 0.00 | epoch: 1 pq: 3 rg: 41 | total time: 38.58m | eta: 7.2m
step 03214/03814 (84.27%) | loss: 2.888187 | lrm: 0.28 | dt: 711.50ms | tok/sec: 92,109 | bf16_mfu: 0.00 | epoch: 1 pq: 3 rg: 41 | total time: 38.59m | eta: 7.2m
step 03215/03814 (84.29%) | loss: 2.879941 | lrm: 0.28 | dt: 711.33ms | tok/sec: 92,132 | bf16_mfu: 0.00 | epoch: 1 pq: 3 rg: 41 | total time: 38.60m | eta: 7.2m
step 03216/03814 (84.32%) | loss: 2.878104 | lrm: 0.28 | dt: 711.28ms | tok/sec: 92,137 | bf16_mfu: 0.00 | epoch: 1 pq: 3 rg: 41 | total time: 38.61m | eta: 7.2m
step 03217/03814 (84.35%) | loss: 2.879510 | lrm: 0.28 | dt: 717.63ms | tok/sec: 91,323 | bf16_mfu: 0.00 | epoch: 1 pq: 3 rg: 41 | total time: 38.63m | eta: 7.2m
step 03218/03814 (84.37%) | loss: 2.862441 | lrm: 0.28 | dt: 714.69ms | tok/sec: 91,697 | bf16_mfu: 0.00 | epoch: 1 pq: 3 rg: 41 | total time: 38.64m | eta: 7.2m
step 03219/03814 (84.40%) | loss: 2.851414 | lrm: 0.28 | dt: 713.78ms | tok/sec: 91,816 | bf16_mfu: 0.00 | epoch: 1 pq: 3 rg: 41 | total time: 38.65m | eta: 7.2m
step 03220/03814 (84.43%) | loss: 2.842792 | lrm: 0.28 | dt: 714.30ms | tok/sec: 91,748 | bf16_mfu: 0.00 | epoch: 1 pq: 3 rg: 41 | total time: 38.66m | eta: 7.2m
step 03221/03814 (84.45%) | loss: 2.838200 | lrm: 0.28 | dt: 712.34ms | tok/sec: 92,000 | bf16_mfu: 0.00 | epoch: 1 pq: 3 rg: 41 | total time: 38.67m | eta: 7.1m
step 03222/03814 (84.48%) | loss: 2.842290 | lrm: 0.28 | dt: 716.08ms | tok/sec: 91,520 | bf16_mfu: 0.00 | epoch: 1 pq: 3 rg: 41 | total time: 38.69m | eta: 7.1m
step 03223/03814 (84.50%) | loss: 2.828527 | lrm: 0.28 | dt: 713.12ms | tok/sec: 91,899 | bf16_mfu: 0.00 | epoch: 1 pq: 3 rg: 41 | total time: 38.70m | eta: 7.1m
step 03224/03814 (84.53%) | loss: 2.835715 | lrm: 0.28 | dt: 719.42ms | tok/sec: 91,095 | bf16_mfu: 0.00 | epoch: 1 pq: 3 rg: 42 | total time: 38.71m | eta: 7.1m
step 03225/03814 (84.56%) | loss: 2.825797 | lrm: 0.28 | dt: 715.25ms | tok/sec: 91,627 | bf16_mfu: 0.00 | epoch: 1 pq: 3 rg: 42 | total time: 38.72m | eta: 7.1m
step 03226/03814 (84.58%) | loss: 2.842794 | lrm: 0.28 | dt: 715.06ms | tok/sec: 91,650 | bf16_mfu: 0.00 | epoch: 1 pq: 3 rg: 42 | total time: 38.73m | eta: 7.1m
step 03227/03814 (84.61%) | loss: 2.849340 | lrm: 0.27 | dt: 719.62ms | tok/sec: 91,070 | bf16_mfu: 0.00 | epoch: 1 pq: 3 rg: 42 | total time: 38.75m | eta: 7.1m
step 03228/03814 (84.64%) | loss: 2.849992 | lrm: 0.27 | dt: 714.80ms | tok/sec: 91,684 | bf16_mfu: 0.00 | epoch: 1 pq: 3 rg: 42 | total time: 38.76m | eta: 7.1m
step 03229/03814 (84.66%) | loss: 2.848633 | lrm: 0.27 | dt: 712.76ms | tok/sec: 91,946 | bf16_mfu: 0.00 | epoch: 1 pq: 3 rg: 42 | total time: 38.77m | eta: 7.0m
step 03230/03814 (84.69%) | loss: 2.846623 | lrm: 0.27 | dt: 713.35ms | tok/sec: 91,871 | bf16_mfu: 0.00 | epoch: 1 pq: 3 rg: 42 | total time: 38.78m | eta: 7.0m
step 03231/03814 (84.71%) | loss: 2.857745 | lrm: 0.27 | dt: 713.88ms | tok/sec: 91,802 | bf16_mfu: 0.00 | epoch: 1 pq: 3 rg: 42 | total time: 38.79m | eta: 7.0m
step 03232/03814 (84.74%) | loss: 2.850881 | lrm: 0.27 | dt: 716.64ms | tok/sec: 91,448 | bf16_mfu: 0.00 | epoch: 1 pq: 3 rg: 42 | total time: 38.81m | eta: 7.0m
step 03233/03814 (84.77%) | loss: 2.854648 | lrm: 0.27 | dt: 713.85ms | tok/sec: 91,806 | bf16_mfu: 0.00 | epoch: 1 pq: 3 rg: 42 | total time: 38.82m | eta: 7.0m
step 03234/03814 (84.79%) | loss: 2.856467 | lrm: 0.27 | dt: 715.54ms | tok/sec: 91,589 | bf16_mfu: 0.00 | epoch: 1 pq: 3 rg: 42 | total time: 38.83m | eta: 7.0m
step 03235/03814 (84.82%) | loss: 2.861360 | lrm: 0.27 | dt: 719.16ms | tok/sec: 91,128 | bf16_mfu: 0.00 | epoch: 1 pq: 3 rg: 43 | total time: 38.84m | eta: 7.0m
step 03236/03814 (84.85%) | loss: 2.850275 | lrm: 0.27 | dt: 715.72ms | tok/sec: 91,567 | bf16_mfu: 0.00 | epoch: 1 pq: 3 rg: 43 | total time: 38.85m | eta: 7.0m
step 03237/03814 (84.87%) | loss: 2.858557 | lrm: 0.27 | dt: 717.31ms | tok/sec: 91,363 | bf16_mfu: 0.00 | epoch: 1 pq: 3 rg: 43 | total time: 38.87m | eta: 6.9m
step 03238/03814 (84.90%) | loss: 2.856967 | lrm: 0.27 | dt: 715.65ms | tok/sec: 91,575 | bf16_mfu: 0.00 | epoch: 1 pq: 3 rg: 43 | total time: 38.88m | eta: 6.9m
step 03239/03814 (84.92%) | loss: 2.857771 | lrm: 0.27 | dt: 717.46ms | tok/sec: 91,344 | bf16_mfu: 0.00 | epoch: 1 pq: 3 rg: 43 | total time: 38.89m | eta: 6.9m
step 03240/03814 (84.95%) | loss: 2.847147 | lrm: 0.27 | dt: 716.02ms | tok/sec: 91,528 | bf16_mfu: 0.00 | epoch: 1 pq: 3 rg: 43 | total time: 38.90m | eta: 6.9m
step 03241/03814 (84.98%) | loss: 2.847885 | lrm: 0.27 | dt: 714.62ms | tok/sec: 91,707 | bf16_mfu: 0.00 | epoch: 1 pq: 3 rg: 43 | total time: 38.91m | eta: 6.9m
step 03242/03814 (85.00%) | loss: 2.860060 | lrm: 0.27 | dt: 721.45ms | tok/sec: 90,838 | bf16_mfu: 0.00 | epoch: 1 pq: 3 rg: 43 | total time: 38.92m | eta: 6.9m
step 03243/03814 (85.03%) | loss: 2.863512 | lrm: 0.27 | dt: 718.09ms | tok/sec: 91,264 | bf16_mfu: 0.00 | epoch: 1 pq: 3 rg: 43 | total time: 38.94m | eta: 6.9m
step 03244/03814 (85.06%) | loss: 2.859328 | lrm: 0.27 | dt: 718.05ms | tok/sec: 91,269 | bf16_mfu: 0.00 | epoch: 1 pq: 3 rg: 43 | total time: 38.95m | eta: 6.9m
step 03245/03814 (85.08%) | loss: 2.865261 | lrm: 0.27 | dt: 714.15ms | tok/sec: 91,767 | bf16_mfu: 0.00 | epoch: 1 pq: 3 rg: 43 | total time: 38.96m | eta: 6.9m
step 03246/03814 (85.11%) | loss: 2.867713 | lrm: 0.27 | dt: 717.58ms | tok/sec: 91,329 | bf16_mfu: 0.00 | epoch: 1 pq: 3 rg: 44 | total time: 38.97m | eta: 6.8m
step 03247/03814 (85.13%) | loss: 2.862858 | lrm: 0.27 | dt: 715.05ms | tok/sec: 91,652 | bf16_mfu: 0.00 | epoch: 1 pq: 3 rg: 44 | total time: 38.98m | eta: 6.8m
step 03248/03814 (85.16%) | loss: 2.855109 | lrm: 0.27 | dt: 719.13ms | tok/sec: 91,132 | bf16_mfu: 0.00 | epoch: 1 pq: 3 rg: 44 | total time: 39.00m | eta: 6.8m
step 03249/03814 (85.19%) | loss: 2.855236 | lrm: 0.27 | dt: 718.63ms | tok/sec: 91,195 | bf16_mfu: 0.00 | epoch: 1 pq: 3 rg: 44 | total time: 39.01m | eta: 6.8m
step 03250/03814 (85.21%) | loss: 2.874886 | lrm: 0.27 | dt: 723.31ms | tok/sec: 90,605 | bf16_mfu: 0.00 | epoch: 1 pq: 3 rg: 44 | total time: 39.02m | eta: 6.8m
step 03251/03814 (85.24%) | loss: 2.895664 | lrm: 0.27 | dt: 716.02ms | tok/sec: 91,527 | bf16_mfu: 0.00 | epoch: 1 pq: 3 rg: 44 | total time: 39.03m | eta: 6.8m
step 03252/03814 (85.26%) | loss: 2.891001 | lrm: 0.27 | dt: 726.51ms | tok/sec: 90,206 | bf16_mfu: 0.00 | epoch: 1 pq: 3 rg: 44 | total time: 39.04m | eta: 6.8m
step 03253/03814 (85.29%) | loss: 2.892070 | lrm: 0.26 | dt: 720.64ms | tok/sec: 90,941 | bf16_mfu: 0.00 | epoch: 1 pq: 3 rg: 44 | total time: 39.06m | eta: 6.8m
step 03254/03814 (85.32%) | loss: 2.907782 | lrm: 0.26 | dt: 717.94ms | tok/sec: 91,283 | bf16_mfu: 0.00 | epoch: 1 pq: 3 rg: 44 | total time: 39.07m | eta: 6.7m
step 03255/03814 (85.34%) | loss: 2.892764 | lrm: 0.26 | dt: 721.69ms | tok/sec: 90,809 | bf16_mfu: 0.00 | epoch: 1 pq: 3 rg: 44 | total time: 39.08m | eta: 6.7m
step 03256/03814 (85.37%) | loss: 2.882917 | lrm: 0.26 | dt: 717.90ms | tok/sec: 91,288 | bf16_mfu: 0.00 | epoch: 1 pq: 3 rg: 44 | total time: 39.09m | eta: 6.7m
step 03257/03814 (85.40%) | loss: 2.891169 | lrm: 0.26 | dt: 723.73ms | tok/sec: 90,553 | bf16_mfu: 0.00 | epoch: 1 pq: 3 rg: 45 | total time: 39.10m | eta: 6.7m
step 03258/03814 (85.42%) | loss: 2.901827 | lrm: 0.26 | dt: 725.61ms | tok/sec: 90,318 | bf16_mfu: 0.00 | epoch: 1 pq: 3 rg: 45 | total time: 39.12m | eta: 6.7m
step 03259/03814 (85.45%) | loss: 2.900432 | lrm: 0.26 | dt: 716.64ms | tok/sec: 91,448 | bf16_mfu: 0.00 | epoch: 1 pq: 3 rg: 45 | total time: 39.13m | eta: 6.7m
step 03260/03814 (85.47%) | loss: 2.895311 | lrm: 0.26 | dt: 721.70ms | tok/sec: 90,807 | bf16_mfu: 0.00 | epoch: 1 pq: 3 rg: 45 | total time: 39.14m | eta: 6.7m
step 03261/03814 (85.50%) | loss: 2.914806 | lrm: 0.26 | dt: 717.51ms | tok/sec: 91,337 | bf16_mfu: 0.00 | epoch: 1 pq: 3 rg: 45 | total time: 39.15m | eta: 6.7m
step 03262/03814 (85.53%) | loss: 2.914825 | lrm: 0.26 | dt: 719.46ms | tok/sec: 91,090 | bf16_mfu: 0.00 | epoch: 1 pq: 3 rg: 45 | total time: 39.16m | eta: 6.6m
step 03263/03814 (85.55%) | loss: 2.897962 | lrm: 0.26 | dt: 718.31ms | tok/sec: 91,236 | bf16_mfu: 0.00 | epoch: 1 pq: 3 rg: 45 | total time: 39.18m | eta: 6.6m
step 03264/03814 (85.58%) | loss: 2.886267 | lrm: 0.26 | dt: 719.91ms | tok/sec: 91,034 | bf16_mfu: 0.00 | epoch: 1 pq: 3 rg: 45 | total time: 39.19m | eta: 6.6m
step 03265/03814 (85.61%) | loss: 2.879260 | lrm: 0.26 | dt: 718.55ms | tok/sec: 91,205 | bf16_mfu: 0.00 | epoch: 1 pq: 3 rg: 45 | total time: 39.20m | eta: 6.6m
step 03266/03814 (85.63%) | loss: 2.861911 | lrm: 0.26 | dt: 720.57ms | tok/sec: 90,950 | bf16_mfu: 0.00 | epoch: 1 pq: 3 rg: 45 | total time: 39.21m | eta: 6.6m
step 03267/03814 (85.66%) | loss: 2.864214 | lrm: 0.26 | dt: 726.08ms | tok/sec: 90,259 | bf16_mfu: 0.00 | epoch: 1 pq: 3 rg: 45 | total time: 39.22m | eta: 6.6m
step 03268/03814 (85.68%) | loss: 2.861812 | lrm: 0.26 | dt: 721.41ms | tok/sec: 90,844 | bf16_mfu: 0.00 | epoch: 1 pq: 3 rg: 46 | total time: 39.24m | eta: 6.6m
step 03269/03814 (85.71%) | loss: 2.845929 | lrm: 0.26 | dt: 720.23ms | tok/sec: 90,993 | bf16_mfu: 0.00 | epoch: 1 pq: 3 rg: 46 | total time: 39.25m | eta: 6.6m
step 03270/03814 (85.74%) | loss: 2.850468 | lrm: 0.26 | dt: 724.83ms | tok/sec: 90,416 | bf16_mfu: 0.00 | epoch: 1 pq: 3 rg: 46 | total time: 39.26m | eta: 6.6m
step 03271/03814 (85.76%) | loss: 2.851840 | lrm: 0.26 | dt: 722.26ms | tok/sec: 90,737 | bf16_mfu: 0.00 | epoch: 1 pq: 3 rg: 46 | total time: 39.27m | eta: 6.5m
step 03272/03814 (85.79%) | loss: 2.857976 | lrm: 0.26 | dt: 719.98ms | tok/sec: 91,024 | bf16_mfu: 0.00 | epoch: 1 pq: 3 rg: 46 | total time: 39.28m | eta: 6.5m
step 03273/03814 (85.82%) | loss: 2.860455 | lrm: 0.26 | dt: 722.64ms | tok/sec: 90,689 | bf16_mfu: 0.00 | epoch: 1 pq: 3 rg: 46 | total time: 39.30m | eta: 6.5m
step 03274/03814 (85.84%) | loss: 2.856389 | lrm: 0.26 | dt: 716.21ms | tok/sec: 91,503 | bf16_mfu: 0.00 | epoch: 1 pq: 3 rg: 46 | total time: 39.31m | eta: 6.5m
step 03275/03814 (85.87%) | loss: 2.865091 | lrm: 0.26 | dt: 726.53ms | tok/sec: 90,203 | bf16_mfu: 0.00 | epoch: 1 pq: 3 rg: 46 | total time: 39.32m | eta: 6.5m
step 03276/03814 (85.89%) | loss: 2.883000 | lrm: 0.26 | dt: 726.42ms | tok/sec: 90,218 | bf16_mfu: 0.00 | epoch: 1 pq: 3 rg: 46 | total time: 39.33m | eta: 6.5m
step 03277/03814 (85.92%) | loss: 2.876693 | lrm: 0.26 | dt: 718.62ms | tok/sec: 91,197 | bf16_mfu: 0.00 | epoch: 1 pq: 3 rg: 46 | total time: 39.35m | eta: 6.5m
step 03278/03814 (85.95%) | loss: 2.864217 | lrm: 0.26 | dt: 722.36ms | tok/sec: 90,724 | bf16_mfu: 0.00 | epoch: 1 pq: 3 rg: 47 | total time: 39.36m | eta: 6.5m
step 03279/03814 (85.97%) | loss: 2.873506 | lrm: 0.26 | dt: 723.32ms | tok/sec: 90,604 | bf16_mfu: 0.00 | epoch: 1 pq: 3 rg: 47 | total time: 39.37m | eta: 6.4m
step 03280/03814 (86.00%) | loss: 2.859610 | lrm: 0.25 | dt: 718.51ms | tok/sec: 91,211 | bf16_mfu: 0.00 | epoch: 1 pq: 3 rg: 47 | total time: 39.38m | eta: 6.4m
step 03281/03814 (86.03%) | loss: 2.850860 | lrm: 0.25 | dt: 723.49ms | tok/sec: 90,582 | bf16_mfu: 0.00 | epoch: 1 pq: 3 rg: 47 | total time: 39.39m | eta: 6.4m
step 03282/03814 (86.05%) | loss: 2.850385 | lrm: 0.25 | dt: 720.98ms | tok/sec: 90,898 | bf16_mfu: 0.00 | epoch: 1 pq: 3 rg: 47 | total time: 39.41m | eta: 6.4m
step 03283/03814 (86.08%) | loss: 2.857177 | lrm: 0.25 | dt: 718.50ms | tok/sec: 91,211 | bf16_mfu: 0.00 | epoch: 1 pq: 3 rg: 47 | total time: 39.42m | eta: 6.4m
step 03284/03814 (86.10%) | loss: 2.862073 | lrm: 0.25 | dt: 723.17ms | tok/sec: 90,622 | bf16_mfu: 0.00 | epoch: 1 pq: 3 rg: 47 | total time: 39.43m | eta: 6.4m
step 03285/03814 (86.13%) | loss: 2.858537 | lrm: 0.25 | dt: 723.12ms | tok/sec: 90,629 | bf16_mfu: 0.00 | epoch: 1 pq: 3 rg: 47 | total time: 39.44m | eta: 6.4m
step 03286/03814 (86.16%) | loss: 2.864170 | lrm: 0.25 | dt: 719.03ms | tok/sec: 91,145 | bf16_mfu: 0.00 | epoch: 1 pq: 3 rg: 47 | total time: 39.45m | eta: 6.4m
step 03287/03814 (86.18%) | loss: 2.873289 | lrm: 0.25 | dt: 723.87ms | tok/sec: 90,535 | bf16_mfu: 0.00 | epoch: 1 pq: 3 rg: 47 | total time: 39.47m | eta: 6.3m
step 03288/03814 (86.21%) | loss: 2.881448 | lrm: 0.25 | dt: 720.85ms | tok/sec: 90,914 | bf16_mfu: 0.00 | epoch: 1 pq: 3 rg: 47 | total time: 39.48m | eta: 6.3m
step 03289/03814 (86.23%) | loss: 2.876463 | lrm: 0.25 | dt: 721.19ms | tok/sec: 90,871 | bf16_mfu: 0.00 | epoch: 1 pq: 3 rg: 48 | total time: 39.49m | eta: 6.3m
step 03290/03814 (86.26%) | loss: 2.866052 | lrm: 0.25 | dt: 722.63ms | tok/sec: 90,690 | bf16_mfu: 0.00 | epoch: 1 pq: 3 rg: 48 | total time: 39.50m | eta: 6.3m
step 03291/03814 (86.29%) | loss: 2.873170 | lrm: 0.25 | dt: 718.03ms | tok/sec: 91,272 | bf16_mfu: 0.00 | epoch: 1 pq: 3 rg: 48 | total time: 39.51m | eta: 6.3m
step 03292/03814 (86.31%) | loss: 2.904292 | lrm: 0.25 | dt: 724.55ms | tok/sec: 90,450 | bf16_mfu: 0.00 | epoch: 1 pq: 3 rg: 48 | total time: 39.53m | eta: 6.3m
step 03293/03814 (86.34%) | loss: 2.918552 | lrm: 0.25 | dt: 719.65ms | tok/sec: 91,066 | bf16_mfu: 0.00 | epoch: 1 pq: 3 rg: 48 | total time: 39.54m | eta: 6.3m
step 03294/03814 (86.37%) | loss: 2.912649 | lrm: 0.25 | dt: 721.49ms | tok/sec: 90,833 | bf16_mfu: 0.00 | epoch: 1 pq: 3 rg: 48 | total time: 39.55m | eta: 6.3m
step 03295/03814 (86.39%) | loss: 2.911210 | lrm: 0.25 | dt: 721.01ms | tok/sec: 90,894 | bf16_mfu: 0.00 | epoch: 1 pq: 3 rg: 48 | total time: 39.56m | eta: 6.3m
step 03296/03814 (86.42%) | loss: 2.905824 | lrm: 0.25 | dt: 719.89ms | tok/sec: 91,035 | bf16_mfu: 0.00 | epoch: 1 pq: 3 rg: 48 | total time: 39.57m | eta: 6.2m
step 03297/03814 (86.44%) | loss: 2.900266 | lrm: 0.25 | dt: 722.48ms | tok/sec: 90,710 | bf16_mfu: 0.00 | epoch: 1 pq: 3 rg: 48 | total time: 39.59m | eta: 6.2m
step 03298/03814 (86.47%) | loss: 2.885608 | lrm: 0.25 | dt: 724.83ms | tok/sec: 90,415 | bf16_mfu: 0.00 | epoch: 1 pq: 3 rg: 48 | total time: 39.60m | eta: 6.2m
step 03299/03814 (86.50%) | loss: 2.877454 | lrm: 0.25 | dt: 716.08ms | tok/sec: 91,520 | bf16_mfu: 0.00 | epoch: 1 pq: 3 rg: 48 | total time: 39.61m | eta: 6.2m
step 03300/03814 (86.52%) | loss: 2.882322 | lrm: 0.25 | dt: 725.18ms | tok/sec: 90,371 | bf16_mfu: 0.00 | epoch: 1 pq: 3 rg: 49 | total time: 39.62m | eta: 6.2m
step 03301/03814 (86.55%) | loss: 2.868753 | lrm: 0.25 | dt: 717.60ms | tok/sec: 91,327 | bf16_mfu: 0.00 | epoch: 1 pq: 3 rg: 49 | total time: 39.63m | eta: 6.2m
step 03302/03814 (86.58%) | loss: 2.868260 | lrm: 0.25 | dt: 720.16ms | tok/sec: 91,002 | bf16_mfu: 0.00 | epoch: 1 pq: 3 rg: 49 | total time: 39.65m | eta: 6.2m
step 03303/03814 (86.60%) | loss: 2.867210 | lrm: 0.25 | dt: 721.05ms | tok/sec: 90,890 | bf16_mfu: 0.00 | epoch: 1 pq: 3 rg: 49 | total time: 39.66m | eta: 6.2m
step 03304/03814 (86.63%) | loss: 2.884749 | lrm: 0.25 | dt: 721.55ms | tok/sec: 90,826 | bf16_mfu: 0.00 | epoch: 1 pq: 3 rg: 49 | total time: 39.67m | eta: 6.1m
step 03305/03814 (86.65%) | loss: 2.880642 | lrm: 0.25 | dt: 726.15ms | tok/sec: 90,251 | bf16_mfu: 0.00 | epoch: 1 pq: 3 rg: 49 | total time: 39.68m | eta: 6.1m
step 03306/03814 (86.68%) | loss: 2.878113 | lrm: 0.24 | dt: 720.83ms | tok/sec: 90,917 | bf16_mfu: 0.00 | epoch: 1 pq: 3 rg: 49 | total time: 39.69m | eta: 6.1m
step 03307/03814 (86.71%) | loss: 2.885582 | lrm: 0.24 | dt: 721.50ms | tok/sec: 90,833 | bf16_mfu: 0.00 | epoch: 1 pq: 3 rg: 49 | total time: 39.71m | eta: 6.1m
step 03308/03814 (86.73%) | loss: 2.895152 | lrm: 0.24 | dt: 728.48ms | tok/sec: 89,962 | bf16_mfu: 0.00 | epoch: 1 pq: 3 rg: 49 | total time: 39.72m | eta: 6.1m
step 03309/03814 (86.76%) | loss: 2.907485 | lrm: 0.24 | dt: 720.93ms | tok/sec: 90,905 | bf16_mfu: 0.00 | epoch: 1 pq: 3 rg: 49 | total time: 39.73m | eta: 6.1m
step 03310/03814 (86.79%) | loss: 2.905705 | lrm: 0.24 | dt: 720.45ms | tok/sec: 90,965 | bf16_mfu: 0.00 | epoch: 1 pq: 3 rg: 49 | total time: 39.74m | eta: 6.1m
step 03311/03814 (86.81%) | loss: 2.891442 | lrm: 0.24 | dt: 723.86ms | tok/sec: 90,536 | bf16_mfu: 0.00 | epoch: 1 pq: 3 rg: 50 | total time: 39.75m | eta: 6.1m
step 03312/03814 (86.84%) | loss: 2.880501 | lrm: 0.24 | dt: 717.60ms | tok/sec: 91,326 | bf16_mfu: 0.00 | epoch: 1 pq: 3 rg: 50 | total time: 39.77m | eta: 6.0m
step 03313/03814 (86.86%) | loss: 2.887302 | lrm: 0.24 | dt: 723.80ms | tok/sec: 90,543 | bf16_mfu: 0.00 | epoch: 1 pq: 3 rg: 50 | total time: 39.78m | eta: 6.0m
step 03314/03814 (86.89%) | loss: 2.893083 | lrm: 0.24 | dt: 714.72ms | tok/sec: 91,694 | bf16_mfu: 0.00 | epoch: 1 pq: 3 rg: 50 | total time: 39.79m | eta: 6.0m
step 03315/03814 (86.92%) | loss: 2.889227 | lrm: 0.24 | dt: 717.45ms | tok/sec: 91,346 | bf16_mfu: 0.00 | epoch: 1 pq: 3 rg: 50 | total time: 39.80m | eta: 6.0m
step 03316/03814 (86.94%) | loss: 2.887194 | lrm: 0.24 | dt: 719.60ms | tok/sec: 91,072 | bf16_mfu: 0.00 | epoch: 1 pq: 3 rg: 50 | total time: 39.81m | eta: 6.0m
step 03317/03814 (86.97%) | loss: 2.874320 | lrm: 0.24 | dt: 718.02ms | tok/sec: 91,273 | bf16_mfu: 0.00 | epoch: 1 pq: 3 rg: 50 | total time: 39.83m | eta: 6.0m
step 03318/03814 (87.00%) | loss: 2.874714 | lrm: 0.24 | dt: 720.54ms | tok/sec: 90,954 | bf16_mfu: 0.00 | epoch: 1 pq: 3 rg: 50 | total time: 39.84m | eta: 6.0m
step 03319/03814 (87.02%) | loss: 2.883809 | lrm: 0.24 | dt: 718.11ms | tok/sec: 91,261 | bf16_mfu: 0.00 | epoch: 1 pq: 3 rg: 50 | total time: 39.85m | eta: 6.0m
step 03320/03814 (87.05%) | loss: 2.888817 | lrm: 0.24 | dt: 721.25ms | tok/sec: 90,864 | bf16_mfu: 0.00 | epoch: 1 pq: 3 rg: 50 | total time: 39.86m | eta: 5.9m
step 03321/03814 (87.07%) | loss: 2.884898 | lrm: 0.24 | dt: 725.52ms | tok/sec: 90,330 | bf16_mfu: 0.00 | epoch: 1 pq: 3 rg: 50 | total time: 39.87m | eta: 5.9m
step 03322/03814 (87.10%) | loss: 2.884493 | lrm: 0.24 | dt: 717.78ms | tok/sec: 91,304 | bf16_mfu: 0.00 | epoch: 1 pq: 3 rg: 51 | total time: 39.89m | eta: 5.9m
step 03323/03814 (87.13%) | loss: 2.886611 | lrm: 0.24 | dt: 722.29ms | tok/sec: 90,734 | bf16_mfu: 0.00 | epoch: 1 pq: 3 rg: 51 | total time: 39.90m | eta: 5.9m
step 03324/03814 (87.15%) | loss: 2.862749 | lrm: 0.24 | dt: 712.38ms | tok/sec: 91,995 | bf16_mfu: 0.00 | epoch: 1 pq: 3 rg: 51 | total time: 39.91m | eta: 5.9m
step 03325/03814 (87.18%) | loss: 2.855948 | lrm: 0.24 | dt: 719.72ms | tok/sec: 91,057 | bf16_mfu: 0.00 | epoch: 1 pq: 3 rg: 51 | total time: 39.92m | eta: 5.9m
step 03326/03814 (87.21%) | loss: 2.848732 | lrm: 0.24 | dt: 717.65ms | tok/sec: 91,319 | bf16_mfu: 0.00 | epoch: 1 pq: 3 rg: 51 | total time: 39.93m | eta: 5.9m
step 03327/03814 (87.23%) | loss: 2.826554 | lrm: 0.24 | dt: 714.39ms | tok/sec: 91,736 | bf16_mfu: 0.00 | epoch: 1 pq: 3 rg: 51 | total time: 39.95m | eta: 5.9m
step 03328/03814 (87.26%) | loss: 2.843771 | lrm: 0.24 | dt: 719.16ms | tok/sec: 91,128 | bf16_mfu: 0.00 | epoch: 1 pq: 3 rg: 51 | total time: 39.96m | eta: 5.9m
step 03329/03814 (87.28%) | loss: 2.839329 | lrm: 0.24 | dt: 717.15ms | tok/sec: 91,384 | bf16_mfu: 0.00 | epoch: 1 pq: 3 rg: 51 | total time: 39.97m | eta: 5.8m
step 03330/03814 (87.31%) | loss: 2.848154 | lrm: 0.24 | dt: 722.27ms | tok/sec: 90,736 | bf16_mfu: 0.00 | epoch: 1 pq: 3 rg: 51 | total time: 39.98m | eta: 5.8m
step 03331/03814 (87.34%) | loss: 2.838872 | lrm: 0.24 | dt: 723.97ms | tok/sec: 90,523 | bf16_mfu: 0.00 | epoch: 1 pq: 3 rg: 51 | total time: 39.99m | eta: 5.8m
step 03332/03814 (87.36%) | loss: 2.839745 | lrm: 0.23 | dt: 716.57ms | tok/sec: 91,458 | bf16_mfu: 0.00 | epoch: 1 pq: 3 rg: 51 | total time: 40.01m | eta: 5.8m
step 03333/03814 (87.39%) | loss: 2.844996 | lrm: 0.23 | dt: 720.05ms | tok/sec: 91,015 | bf16_mfu: 0.00 | epoch: 1 pq: 3 rg: 52 | total time: 40.02m | eta: 5.8m
step 03334/03814 (87.41%) | loss: 2.856620 | lrm: 0.23 | dt: 720.04ms | tok/sec: 91,017 | bf16_mfu: 0.00 | epoch: 1 pq: 3 rg: 52 | total time: 40.03m | eta: 5.8m
step 03335/03814 (87.44%) | loss: 2.846496 | lrm: 0.23 | dt: 725.00ms | tok/sec: 90,394 | bf16_mfu: 0.00 | epoch: 1 pq: 3 rg: 52 | total time: 40.04m | eta: 5.8m
step 03336/03814 (87.47%) | loss: 2.844097 | lrm: 0.23 | dt: 720.52ms | tok/sec: 90,956 | bf16_mfu: 0.00 | epoch: 1 pq: 3 rg: 52 | total time: 40.05m | eta: 5.8m
step 03337/03814 (87.49%) | loss: 2.845841 | lrm: 0.23 | dt: 717.80ms | tok/sec: 91,300 | bf16_mfu: 0.00 | epoch: 1 pq: 3 rg: 52 | total time: 40.07m | eta: 5.7m
step 03338/03814 (87.52%) | loss: 2.866684 | lrm: 0.23 | dt: 715.25ms | tok/sec: 91,626 | bf16_mfu: 0.00 | epoch: 1 pq: 3 rg: 52 | total time: 40.08m | eta: 5.7m
step 03339/03814 (87.55%) | loss: 2.855135 | lrm: 0.23 | dt: 719.35ms | tok/sec: 91,104 | bf16_mfu: 0.00 | epoch: 1 pq: 3 rg: 52 | total time: 40.09m | eta: 5.7m
step 03340/03814 (87.57%) | loss: 2.854787 | lrm: 0.23 | dt: 716.32ms | tok/sec: 91,489 | bf16_mfu: 0.00 | epoch: 1 pq: 3 rg: 52 | total time: 40.10m | eta: 5.7m
step 03341/03814 (87.60%) | loss: 2.860633 | lrm: 0.23 | dt: 715.30ms | tok/sec: 91,620 | bf16_mfu: 0.00 | epoch: 1 pq: 3 rg: 52 | total time: 40.11m | eta: 5.7m
step 03342/03814 (87.62%) | loss: 2.848063 | lrm: 0.23 | dt: 772.52ms | tok/sec: 84,833 | bf16_mfu: 0.00 | epoch: 1 pq: 3 rg: 52 | total time: 40.13m | eta: 5.7m
step 03343/03814 (87.65%) | loss: 2.847919 | lrm: 0.23 | dt: 719.63ms | tok/sec: 91,069 | bf16_mfu: 0.00 | epoch: 1 pq: 3 rg: 52 | total time: 40.14m | eta: 5.7m
step 03344/03814 (87.68%) | loss: 2.841695 | lrm: 0.23 | dt: 723.67ms | tok/sec: 90,560 | bf16_mfu: 0.00 | epoch: 1 pq: 3 rg: 53 | total time: 40.15m | eta: 5.7m
step 03345/03814 (87.70%) | loss: 2.840739 | lrm: 0.23 | dt: 721.21ms | tok/sec: 90,868 | bf16_mfu: 0.00 | epoch: 1 pq: 3 rg: 53 | total time: 40.16m | eta: 5.6m
step 03346/03814 (87.73%) | loss: 2.840983 | lrm: 0.23 | dt: 718.38ms | tok/sec: 91,227 | bf16_mfu: 0.00 | epoch: 1 pq: 3 rg: 53 | total time: 40.17m | eta: 5.6m
step 03347/03814 (87.76%) | loss: 2.842798 | lrm: 0.23 | dt: 715.97ms | tok/sec: 91,534 | bf16_mfu: 0.00 | epoch: 1 pq: 3 rg: 53 | total time: 40.19m | eta: 5.6m
step 03348/03814 (87.78%) | loss: 2.860574 | lrm: 0.23 | dt: 717.22ms | tok/sec: 91,375 | bf16_mfu: 0.00 | epoch: 1 pq: 3 rg: 53 | total time: 40.20m | eta: 5.6m
step 03349/03814 (87.81%) | loss: 2.860763 | lrm: 0.23 | dt: 718.36ms | tok/sec: 91,230 | bf16_mfu: 0.00 | epoch: 1 pq: 3 rg: 53 | total time: 40.21m | eta: 5.6m
step 03350/03814 (87.83%) | loss: 2.863688 | lrm: 0.23 | dt: 717.98ms | tok/sec: 91,278 | bf16_mfu: 0.00 | epoch: 1 pq: 3 rg: 53 | total time: 40.22m | eta: 5.6m
step 03351/03814 (87.86%) | loss: 2.858901 | lrm: 0.23 | dt: 717.13ms | tok/sec: 91,386 | bf16_mfu: 0.00 | epoch: 1 pq: 3 rg: 53 | total time: 40.23m | eta: 5.6m
step 03352/03814 (87.89%) | loss: 2.846616 | lrm: 0.23 | dt: 720.30ms | tok/sec: 90,984 | bf16_mfu: 0.00 | epoch: 1 pq: 3 rg: 53 | total time: 40.25m | eta: 5.6m
step 03353/03814 (87.91%) | loss: 2.856553 | lrm: 0.23 | dt: 722.80ms | tok/sec: 90,669 | bf16_mfu: 0.00 | epoch: 1 pq: 3 rg: 53 | total time: 40.26m | eta: 5.6m
step 03354/03814 (87.94%) | loss: 2.854205 | lrm: 0.23 | dt: 714.95ms | tok/sec: 91,664 | bf16_mfu: 0.00 | epoch: 1 pq: 3 rg: 53 | total time: 40.27m | eta: 5.5m
step 03355/03814 (87.97%) | loss: 2.868195 | lrm: 0.23 | dt: 720.22ms | tok/sec: 90,993 | bf16_mfu: 0.00 | epoch: 1 pq: 3 rg: 54 | total time: 40.28m | eta: 5.5m
step 03356/03814 (87.99%) | loss: 2.878828 | lrm: 0.23 | dt: 717.03ms | tok/sec: 91,399 | bf16_mfu: 0.00 | epoch: 1 pq: 3 rg: 54 | total time: 40.29m | eta: 5.5m
step 03357/03814 (88.02%) | loss: 2.873717 | lrm: 0.23 | dt: 718.98ms | tok/sec: 91,150 | bf16_mfu: 0.00 | epoch: 1 pq: 3 rg: 54 | total time: 40.31m | eta: 5.5m
step 03358/03814 (88.04%) | loss: 2.877974 | lrm: 0.22 | dt: 718.47ms | tok/sec: 91,215 | bf16_mfu: 0.00 | epoch: 1 pq: 3 rg: 54 | total time: 40.32m | eta: 5.5m
step 03359/03814 (88.07%) | loss: 2.914138 | lrm: 0.22 | dt: 721.98ms | tok/sec: 90,772 | bf16_mfu: 0.00 | epoch: 1 pq: 3 rg: 54 | total time: 40.33m | eta: 5.5m
step 03360/03814 (88.10%) | loss: 2.926146 | lrm: 0.22 | dt: 715.90ms | tok/sec: 91,544 | bf16_mfu: 0.00 | epoch: 1 pq: 3 rg: 54 | total time: 40.34m | eta: 5.5m
step 03361/03814 (88.12%) | loss: 2.903526 | lrm: 0.22 | dt: 717.26ms | tok/sec: 91,370 | bf16_mfu: 0.00 | epoch: 1 pq: 3 rg: 54 | total time: 40.35m | eta: 5.5m
step 03362/03814 (88.15%) | loss: 2.899872 | lrm: 0.22 | dt: 718.96ms | tok/sec: 91,154 | bf16_mfu: 0.00 | epoch: 1 pq: 3 rg: 54 | total time: 40.37m | eta: 5.4m
step 03363/03814 (88.18%) | loss: 2.906384 | lrm: 0.22 | dt: 726.68ms | tok/sec: 90,185 | bf16_mfu: 0.00 | epoch: 1 pq: 3 rg: 54 | total time: 40.38m | eta: 5.4m
step 03364/03814 (88.20%) | loss: 2.891096 | lrm: 0.22 | dt: 715.58ms | tok/sec: 91,583 | bf16_mfu: 0.00 | epoch: 1 pq: 3 rg: 54 | total time: 40.39m | eta: 5.4m
step 03365/03814 (88.23%) | loss: 2.889452 | lrm: 0.22 | dt: 722.65ms | tok/sec: 90,688 | bf16_mfu: 0.00 | epoch: 1 pq: 3 rg: 54 | total time: 40.40m | eta: 5.4m
step 03366/03814 (88.25%) | loss: 2.890327 | lrm: 0.22 | dt: 719.26ms | tok/sec: 91,115 | bf16_mfu: 0.00 | epoch: 1 pq: 3 rg: 55 | total time: 40.41m | eta: 5.4m
step 03367/03814 (88.28%) | loss: 2.887442 | lrm: 0.22 | dt: 718.01ms | tok/sec: 91,274 | bf16_mfu: 0.00 | epoch: 1 pq: 3 rg: 55 | total time: 40.43m | eta: 5.4m
step 03368/03814 (88.31%) | loss: 2.900484 | lrm: 0.22 | dt: 715.43ms | tok/sec: 91,603 | bf16_mfu: 0.00 | epoch: 1 pq: 3 rg: 55 | total time: 40.44m | eta: 5.4m
step 03369/03814 (88.33%) | loss: 2.913881 | lrm: 0.22 | dt: 720.46ms | tok/sec: 90,963 | bf16_mfu: 0.00 | epoch: 1 pq: 3 rg: 55 | total time: 40.45m | eta: 5.4m
step 03370/03814 (88.36%) | loss: 2.929163 | lrm: 0.22 | dt: 721.18ms | tok/sec: 90,873 | bf16_mfu: 0.00 | epoch: 1 pq: 3 rg: 55 | total time: 40.46m | eta: 5.3m
step 03371/03814 (88.38%) | loss: 2.920449 | lrm: 0.22 | dt: 718.36ms | tok/sec: 91,230 | bf16_mfu: 0.00 | epoch: 1 pq: 3 rg: 55 | total time: 40.47m | eta: 5.3m
step 03372/03814 (88.41%) | loss: 2.916044 | lrm: 0.22 | dt: 716.12ms | tok/sec: 91,515 | bf16_mfu: 0.00 | epoch: 1 pq: 3 rg: 55 | total time: 40.49m | eta: 5.3m
step 03373/03814 (88.44%) | loss: 2.923286 | lrm: 0.22 | dt: 721.34ms | tok/sec: 90,853 | bf16_mfu: 0.00 | epoch: 1 pq: 3 rg: 55 | total time: 40.50m | eta: 5.3m
step 03374/03814 (88.46%) | loss: 2.939516 | lrm: 0.22 | dt: 719.73ms | tok/sec: 91,056 | bf16_mfu: 0.00 | epoch: 1 pq: 3 rg: 55 | total time: 40.51m | eta: 5.3m
step 03375/03814 (88.49%) | loss: 2.937680 | lrm: 0.22 | dt: 718.58ms | tok/sec: 91,202 | bf16_mfu: 0.00 | epoch: 1 pq: 3 rg: 55 | total time: 40.52m | eta: 5.3m
step 03376/03814 (88.52%) | loss: 2.928993 | lrm: 0.22 | dt: 717.58ms | tok/sec: 91,329 | bf16_mfu: 0.00 | epoch: 1 pq: 3 rg: 55 | total time: 40.53m | eta: 5.3m
step 03377/03814 (88.54%) | loss: 2.942599 | lrm: 0.22 | dt: 716.87ms | tok/sec: 91,419 | bf16_mfu: 0.00 | epoch: 1 pq: 3 rg: 56 | total time: 40.55m | eta: 5.3m
step 03378/03814 (88.57%) | loss: 2.928393 | lrm: 0.22 | dt: 808.95ms | tok/sec: 81,013 | bf16_mfu: 0.00 | epoch: 1 pq: 3 rg: 56 | total time: 40.56m | eta: 5.3m
step 03379/03814 (88.59%) | loss: 2.923342 | lrm: 0.22 | dt: 726.23ms | tok/sec: 90,241 | bf16_mfu: 0.00 | epoch: 1 pq: 3 rg: 56 | total time: 40.57m | eta: 5.2m
step 03380/03814 (88.62%) | loss: 2.940485 | lrm: 0.22 | dt: 730.62ms | tok/sec: 89,699 | bf16_mfu: 0.00 | epoch: 1 pq: 3 rg: 56 | total time: 40.58m | eta: 5.2m
step 03381/03814 (88.65%) | loss: 2.950086 | lrm: 0.22 | dt: 716.67ms | tok/sec: 91,444 | bf16_mfu: 0.00 | epoch: 1 pq: 3 rg: 56 | total time: 40.60m | eta: 5.2m
step 03382/03814 (88.67%) | loss: 2.933478 | lrm: 0.22 | dt: 722.37ms | tok/sec: 90,723 | bf16_mfu: 0.00 | epoch: 1 pq: 3 rg: 56 | total time: 40.61m | eta: 5.2m
step 03383/03814 (88.70%) | loss: 2.927486 | lrm: 0.22 | dt: 719.32ms | tok/sec: 91,108 | bf16_mfu: 0.00 | epoch: 1 pq: 3 rg: 56 | total time: 40.62m | eta: 5.2m
step 03384/03814 (88.73%) | loss: 2.928797 | lrm: 0.21 | dt: 717.65ms | tok/sec: 91,319 | bf16_mfu: 0.00 | epoch: 1 pq: 3 rg: 56 | total time: 40.63m | eta: 5.2m
step 03385/03814 (88.75%) | loss: 2.925715 | lrm: 0.21 | dt: 714.86ms | tok/sec: 91,676 | bf16_mfu: 0.00 | epoch: 1 pq: 3 rg: 56 | total time: 40.64m | eta: 5.2m
step 03386/03814 (88.78%) | loss: 2.917628 | lrm: 0.21 | dt: 722.38ms | tok/sec: 90,722 | bf16_mfu: 0.00 | epoch: 1 pq: 3 rg: 56 | total time: 40.66m | eta: 5.2m
step 03387/03814 (88.80%) | loss: 2.909739 | lrm: 0.21 | dt: 713.70ms | tok/sec: 91,826 | bf16_mfu: 0.00 | epoch: 1 pq: 3 rg: 56 | total time: 40.67m | eta: 5.1m
step 03388/03814 (88.83%) | loss: 2.925867 | lrm: 0.21 | dt: 717.44ms | tok/sec: 91,347 | bf16_mfu: 0.00 | epoch: 1 pq: 3 rg: 57 | total time: 40.68m | eta: 5.1m
step 03389/03814 (88.86%) | loss: 2.918112 | lrm: 0.21 | dt: 718.50ms | tok/sec: 91,211 | bf16_mfu: 0.00 | epoch: 1 pq: 3 rg: 57 | total time: 40.69m | eta: 5.1m
step 03390/03814 (88.88%) | loss: 2.916232 | lrm: 0.21 | dt: 717.45ms | tok/sec: 91,346 | bf16_mfu: 0.00 | epoch: 1 pq: 3 rg: 57 | total time: 40.70m | eta: 5.1m
step 03391/03814 (88.91%) | loss: 2.925146 | lrm: 0.21 | dt: 719.78ms | tok/sec: 91,050 | bf16_mfu: 0.00 | epoch: 1 pq: 3 rg: 57 | total time: 40.72m | eta: 5.1m
step 03392/03814 (88.94%) | loss: 2.931610 | lrm: 0.21 | dt: 716.25ms | tok/sec: 91,498 | bf16_mfu: 0.00 | epoch: 1 pq: 3 rg: 57 | total time: 40.73m | eta: 5.1m
step 03393/03814 (88.96%) | loss: 2.939270 | lrm: 0.21 | dt: 721.03ms | tok/sec: 90,891 | bf16_mfu: 0.00 | epoch: 1 pq: 3 rg: 57 | total time: 40.74m | eta: 5.1m
step 03394/03814 (88.99%) | loss: 2.927033 | lrm: 0.21 | dt: 717.26ms | tok/sec: 91,369 | bf16_mfu: 0.00 | epoch: 1 pq: 3 rg: 57 | total time: 40.75m | eta: 5.1m
step 03395/03814 (89.01%) | loss: 2.930459 | lrm: 0.21 | dt: 718.86ms | tok/sec: 91,166 | bf16_mfu: 0.00 | epoch: 1 pq: 3 rg: 57 | total time: 40.76m | eta: 5.0m
step 03396/03814 (89.04%) | loss: 2.918906 | lrm: 0.21 | dt: 715.16ms | tok/sec: 91,638 | bf16_mfu: 0.00 | epoch: 1 pq: 3 rg: 57 | total time: 40.78m | eta: 5.0m
step 03397/03814 (89.07%) | loss: 2.922111 | lrm: 0.21 | dt: 720.21ms | tok/sec: 90,996 | bf16_mfu: 0.00 | epoch: 1 pq: 3 rg: 57 | total time: 40.79m | eta: 5.0m
step 03398/03814 (89.09%) | loss: 2.923643 | lrm: 0.21 | dt: 719.32ms | tok/sec: 91,108 | bf16_mfu: 0.00 | epoch: 1 pq: 3 rg: 57 | total time: 40.80m | eta: 5.0m
step 03399/03814 (89.12%) | loss: 2.925985 | lrm: 0.21 | dt: 713.36ms | tok/sec: 91,869 | bf16_mfu: 0.00 | epoch: 1 pq: 3 rg: 58 | total time: 40.81m | eta: 5.0m
step 03400/03814 (89.15%) | loss: 2.915461 | lrm: 0.21 | dt: 722.82ms | tok/sec: 90,667 | bf16_mfu: 0.00 | epoch: 1 pq: 3 rg: 58 | total time: 40.82m | eta: 5.0m
step 03401/03814 (89.17%) | loss: 2.903108 | lrm: 0.21 | dt: 714.81ms | tok/sec: 91,682 | bf16_mfu: 0.00 | epoch: 1 pq: 3 rg: 58 | total time: 40.83m | eta: 5.0m
step 03402/03814 (89.20%) | loss: 2.903881 | lrm: 0.21 | dt: 726.79ms | tok/sec: 90,172 | bf16_mfu: 0.00 | epoch: 1 pq: 3 rg: 58 | total time: 40.85m | eta: 5.0m
step 03403/03814 (89.22%) | loss: 2.903498 | lrm: 0.21 | dt: 715.83ms | tok/sec: 91,552 | bf16_mfu: 0.00 | epoch: 1 pq: 3 rg: 58 | total time: 40.86m | eta: 4.9m
step 03404/03814 (89.25%) | loss: 2.887782 | lrm: 0.21 | dt: 718.86ms | tok/sec: 91,166 | bf16_mfu: 0.00 | epoch: 1 pq: 3 rg: 58 | total time: 40.87m | eta: 4.9m
step 03405/03814 (89.28%) | loss: 2.883416 | lrm: 0.21 | dt: 717.89ms | tok/sec: 91,289 | bf16_mfu: 0.00 | epoch: 1 pq: 3 rg: 58 | total time: 40.88m | eta: 4.9m
step 03406/03814 (89.30%) | loss: 2.899703 | lrm: 0.21 | dt: 717.18ms | tok/sec: 91,379 | bf16_mfu: 0.00 | epoch: 1 pq: 3 rg: 58 | total time: 40.89m | eta: 4.9m
step 03407/03814 (89.33%) | loss: 2.894679 | lrm: 0.21 | dt: 721.98ms | tok/sec: 90,772 | bf16_mfu: 0.00 | epoch: 1 pq: 3 rg: 58 | total time: 40.91m | eta: 4.9m
step 03408/03814 (89.36%) | loss: 2.885404 | lrm: 0.21 | dt: 718.88ms | tok/sec: 91,164 | bf16_mfu: 0.00 | epoch: 1 pq: 3 rg: 58 | total time: 40.92m | eta: 4.9m
step 03409/03814 (89.38%) | loss: 2.883651 | lrm: 0.21 | dt: 718.54ms | tok/sec: 91,207 | bf16_mfu: 0.00 | epoch: 1 pq: 3 rg: 58 | total time: 40.93m | eta: 4.9m
step 03410/03814 (89.41%) | loss: 2.870657 | lrm: 0.20 | dt: 720.19ms | tok/sec: 90,998 | bf16_mfu: 0.00 | epoch: 1 pq: 3 rg: 59 | total time: 40.94m | eta: 4.9m
step 03411/03814 (89.43%) | loss: 2.861507 | lrm: 0.20 | dt: 719.08ms | tok/sec: 91,138 | bf16_mfu: 0.00 | epoch: 1 pq: 3 rg: 59 | total time: 40.95m | eta: 4.9m
step 03412/03814 (89.46%) | loss: 2.852808 | lrm: 0.20 | dt: 716.75ms | tok/sec: 91,435 | bf16_mfu: 0.00 | epoch: 1 pq: 3 rg: 59 | total time: 40.97m | eta: 4.8m
step 03413/03814 (89.49%) | loss: 2.865503 | lrm: 0.20 | dt: 717.96ms | tok/sec: 91,280 | bf16_mfu: 0.00 | epoch: 1 pq: 3 rg: 59 | total time: 40.98m | eta: 4.8m
step 03414/03814 (89.51%) | loss: 2.845448 | lrm: 0.20 | dt: 717.19ms | tok/sec: 91,378 | bf16_mfu: 0.00 | epoch: 1 pq: 3 rg: 59 | total time: 40.99m | eta: 4.8m
step 03415/03814 (89.54%) | loss: 2.846475 | lrm: 0.20 | dt: 715.43ms | tok/sec: 91,603 | bf16_mfu: 0.00 | epoch: 1 pq: 3 rg: 59 | total time: 41.00m | eta: 4.8m
step 03416/03814 (89.56%) | loss: 2.853708 | lrm: 0.20 | dt: 719.84ms | tok/sec: 91,042 | bf16_mfu: 0.00 | epoch: 1 pq: 3 rg: 59 | total time: 41.01m | eta: 4.8m
step 03417/03814 (89.59%) | loss: 2.866288 | lrm: 0.20 | dt: 719.37ms | tok/sec: 91,101 | bf16_mfu: 0.00 | epoch: 1 pq: 3 rg: 59 | total time: 41.03m | eta: 4.8m
step 03418/03814 (89.62%) | loss: 2.853961 | lrm: 0.20 | dt: 721.84ms | tok/sec: 90,790 | bf16_mfu: 0.00 | epoch: 1 pq: 3 rg: 59 | total time: 41.04m | eta: 4.8m
step 03419/03814 (89.64%) | loss: 2.845420 | lrm: 0.20 | dt: 715.55ms | tok/sec: 91,588 | bf16_mfu: 0.00 | epoch: 1 pq: 3 rg: 59 | total time: 41.05m | eta: 4.8m
step 03420/03814 (89.67%) | loss: 2.844805 | lrm: 0.20 | dt: 719.74ms | tok/sec: 91,055 | bf16_mfu: 0.00 | epoch: 1 pq: 3 rg: 59 | total time: 41.06m | eta: 4.7m
step 03421/03814 (89.70%) | loss: 2.841981 | lrm: 0.20 | dt: 715.60ms | tok/sec: 91,582 | bf16_mfu: 0.00 | epoch: 1 pq: 3 rg: 60 | total time: 41.07m | eta: 4.7m
step 03422/03814 (89.72%) | loss: 2.847592 | lrm: 0.20 | dt: 719.47ms | tok/sec: 91,089 | bf16_mfu: 0.00 | epoch: 1 pq: 3 rg: 60 | total time: 41.09m | eta: 4.7m
step 03423/03814 (89.75%) | loss: 2.859524 | lrm: 0.20 | dt: 716.27ms | tok/sec: 91,496 | bf16_mfu: 0.00 | epoch: 1 pq: 3 rg: 60 | total time: 41.10m | eta: 4.7m
step 03424/03814 (89.77%) | loss: 2.865035 | lrm: 0.20 | dt: 722.42ms | tok/sec: 90,717 | bf16_mfu: 0.00 | epoch: 1 pq: 3 rg: 60 | total time: 41.11m | eta: 4.7m
step 03425/03814 (89.80%) | loss: 2.857489 | lrm: 0.20 | dt: 717.29ms | tok/sec: 91,366 | bf16_mfu: 0.00 | epoch: 1 pq: 3 rg: 60 | total time: 41.12m | eta: 4.7m
step 03426/03814 (89.83%) | loss: 2.874816 | lrm: 0.20 | dt: 717.55ms | tok/sec: 91,332 | bf16_mfu: 0.00 | epoch: 1 pq: 3 rg: 60 | total time: 41.13m | eta: 4.7m
step 03427/03814 (89.85%) | loss: 2.886026 | lrm: 0.20 | dt: 715.50ms | tok/sec: 91,594 | bf16_mfu: 0.00 | epoch: 1 pq: 3 rg: 60 | total time: 41.15m | eta: 4.7m
step 03428/03814 (89.88%) | loss: 2.879032 | lrm: 0.20 | dt: 717.83ms | tok/sec: 91,296 | bf16_mfu: 0.00 | epoch: 1 pq: 3 rg: 60 | total time: 41.16m | eta: 4.6m
step 03429/03814 (89.91%) | loss: 2.871327 | lrm: 0.20 | dt: 718.17ms | tok/sec: 91,253 | bf16_mfu: 0.00 | epoch: 1 pq: 3 rg: 60 | total time: 41.17m | eta: 4.6m
step 03430/03814 (89.93%) | loss: 2.870989 | lrm: 0.20 | dt: 718.59ms | tok/sec: 91,200 | bf16_mfu: 0.00 | epoch: 1 pq: 3 rg: 60 | total time: 41.18m | eta: 4.6m
step 03431/03814 (89.96%) | loss: 2.864739 | lrm: 0.20 | dt: 718.44ms | tok/sec: 91,220 | bf16_mfu: 0.00 | epoch: 1 pq: 3 rg: 60 | total time: 41.19m | eta: 4.6m
step 03432/03814 (89.98%) | loss: 2.854933 | lrm: 0.20 | dt: 717.01ms | tok/sec: 91,401 | bf16_mfu: 0.00 | epoch: 1 pq: 3 rg: 61 | total time: 41.21m | eta: 4.6m
step 03433/03814 (90.01%) | loss: 2.859664 | lrm: 0.20 | dt: 719.72ms | tok/sec: 91,057 | bf16_mfu: 0.00 | epoch: 1 pq: 3 rg: 61 | total time: 41.22m | eta: 4.6m
step 03434/03814 (90.04%) | loss: 2.856306 | lrm: 0.20 | dt: 716.11ms | tok/sec: 91,516 | bf16_mfu: 0.00 | epoch: 1 pq: 3 rg: 61 | total time: 41.23m | eta: 4.6m
step 03435/03814 (90.06%) | loss: 2.856259 | lrm: 0.20 | dt: 717.37ms | tok/sec: 91,356 | bf16_mfu: 0.00 | epoch: 1 pq: 3 rg: 61 | total time: 41.24m | eta: 4.6m
step 03436/03814 (90.09%) | loss: 2.857875 | lrm: 0.19 | dt: 717.44ms | tok/sec: 91,347 | bf16_mfu: 0.00 | epoch: 1 pq: 3 rg: 61 | total time: 41.25m | eta: 4.6m
step 03437/03814 (90.12%) | loss: 2.863814 | lrm: 0.19 | dt: 720.11ms | tok/sec: 91,008 | bf16_mfu: 0.00 | epoch: 1 pq: 3 rg: 61 | total time: 41.27m | eta: 4.5m
step 03438/03814 (90.14%) | loss: 2.873283 | lrm: 0.19 | dt: 716.69ms | tok/sec: 91,442 | bf16_mfu: 0.00 | epoch: 1 pq: 3 rg: 61 | total time: 41.28m | eta: 4.5m
step 03439/03814 (90.17%) | loss: 2.881817 | lrm: 0.19 | dt: 718.64ms | tok/sec: 91,194 | bf16_mfu: 0.00 | epoch: 1 pq: 3 rg: 61 | total time: 41.29m | eta: 4.5m
step 03440/03814 (90.19%) | loss: 2.884216 | lrm: 0.19 | dt: 715.65ms | tok/sec: 91,575 | bf16_mfu: 0.00 | epoch: 1 pq: 3 rg: 61 | total time: 41.30m | eta: 4.5m
step 03441/03814 (90.22%) | loss: 2.876512 | lrm: 0.19 | dt: 714.73ms | tok/sec: 91,693 | bf16_mfu: 0.00 | epoch: 1 pq: 3 rg: 61 | total time: 41.31m | eta: 4.5m
step 03442/03814 (90.25%) | loss: 2.886275 | lrm: 0.19 | dt: 716.57ms | tok/sec: 91,457 | bf16_mfu: 0.00 | epoch: 1 pq: 3 rg: 61 | total time: 41.33m | eta: 4.5m
step 03443/03814 (90.27%) | loss: 2.868496 | lrm: 0.19 | dt: 716.52ms | tok/sec: 91,464 | bf16_mfu: 0.00 | epoch: 1 pq: 3 rg: 62 | total time: 41.34m | eta: 4.5m
step 03444/03814 (90.30%) | loss: 2.844924 | lrm: 0.19 | dt: 722.10ms | tok/sec: 90,757 | bf16_mfu: 0.00 | epoch: 1 pq: 3 rg: 62 | total time: 41.35m | eta: 4.5m
step 03445/03814 (90.33%) | loss: 2.826148 | lrm: 0.19 | dt: 719.49ms | tok/sec: 91,086 | bf16_mfu: 0.00 | epoch: 1 pq: 3 rg: 62 | total time: 41.36m | eta: 4.4m
step 03446/03814 (90.35%) | loss: 2.848192 | lrm: 0.19 | dt: 717.24ms | tok/sec: 91,372 | bf16_mfu: 0.00 | epoch: 1 pq: 3 rg: 62 | total time: 41.37m | eta: 4.4m
step 03447/03814 (90.38%) | loss: 2.840510 | lrm: 0.19 | dt: 718.56ms | tok/sec: 91,205 | bf16_mfu: 0.00 | epoch: 1 pq: 3 rg: 62 | total time: 41.39m | eta: 4.4m
step 03448/03814 (90.40%) | loss: 2.830818 | lrm: 0.19 | dt: 719.89ms | tok/sec: 91,035 | bf16_mfu: 0.00 | epoch: 1 pq: 3 rg: 62 | total time: 41.40m | eta: 4.4m
step 03449/03814 (90.43%) | loss: 2.837469 | lrm: 0.19 | dt: 716.22ms | tok/sec: 91,502 | bf16_mfu: 0.00 | epoch: 1 pq: 3 rg: 62 | total time: 41.41m | eta: 4.4m
step 03450/03814 (90.46%) | loss: 2.846732 | lrm: 0.19 | dt: 718.27ms | tok/sec: 91,241 | bf16_mfu: 0.00 | epoch: 1 pq: 3 rg: 62 | total time: 41.42m | eta: 4.4m
step 03451/03814 (90.48%) | loss: 2.850564 | lrm: 0.19 | dt: 729.00ms | tok/sec: 89,898 | bf16_mfu: 0.00 | epoch: 1 pq: 3 rg: 62 | total time: 41.43m | eta: 4.4m
step 03452/03814 (90.51%) | loss: 2.867873 | lrm: 0.19 | dt: 716.56ms | tok/sec: 91,458 | bf16_mfu: 0.00 | epoch: 1 pq: 3 rg: 62 | total time: 41.45m | eta: 4.4m
step 03453/03814 (90.53%) | loss: 2.873916 | lrm: 0.19 | dt: 717.98ms | tok/sec: 91,278 | bf16_mfu: 0.00 | epoch: 1 pq: 3 rg: 62 | total time: 41.46m | eta: 4.3m
step 03454/03814 (90.56%) | loss: 2.865896 | lrm: 0.19 | dt: 719.13ms | tok/sec: 91,132 | bf16_mfu: 0.00 | epoch: 1 pq: 3 rg: 62 | total time: 41.47m | eta: 4.3m
step 03455/03814 (90.59%) | loss: 2.860144 | lrm: 0.19 | dt: 720.57ms | tok/sec: 90,949 | bf16_mfu: 0.00 | epoch: 1 pq: 3 rg: 63 | total time: 41.48m | eta: 4.3m
step 03456/03814 (90.61%) | loss: 2.882633 | lrm: 0.19 | dt: 713.91ms | tok/sec: 91,798 | bf16_mfu: 0.00 | epoch: 1 pq: 3 rg: 63 | total time: 41.49m | eta: 4.3m
step 03457/03814 (90.64%) | loss: 2.876729 | lrm: 0.19 | dt: 717.96ms | tok/sec: 91,281 | bf16_mfu: 0.00 | epoch: 1 pq: 3 rg: 63 | total time: 41.51m | eta: 4.3m
step 03458/03814 (90.67%) | loss: 2.867325 | lrm: 0.19 | dt: 717.21ms | tok/sec: 91,376 | bf16_mfu: 0.00 | epoch: 1 pq: 3 rg: 63 | total time: 41.52m | eta: 4.3m
step 03459/03814 (90.69%) | loss: 2.867993 | lrm: 0.19 | dt: 718.11ms | tok/sec: 91,261 | bf16_mfu: 0.00 | epoch: 1 pq: 3 rg: 63 | total time: 41.53m | eta: 4.3m
step 03460/03814 (90.72%) | loss: 2.860989 | lrm: 0.19 | dt: 718.92ms | tok/sec: 91,159 | bf16_mfu: 0.00 | epoch: 1 pq: 3 rg: 63 | total time: 41.54m | eta: 4.3m
step 03461/03814 (90.74%) | loss: 2.854277 | lrm: 0.19 | dt: 720.36ms | tok/sec: 90,976 | bf16_mfu: 0.00 | epoch: 1 pq: 3 rg: 63 | total time: 41.55m | eta: 4.3m
step 03462/03814 (90.77%) | loss: 2.861453 | lrm: 0.18 | dt: 719.42ms | tok/sec: 91,095 | bf16_mfu: 0.00 | epoch: 1 pq: 3 rg: 63 | total time: 41.57m | eta: 4.2m
step 03463/03814 (90.80%) | loss: 2.881236 | lrm: 0.18 | dt: 720.00ms | tok/sec: 91,021 | bf16_mfu: 0.00 | epoch: 1 pq: 3 rg: 63 | total time: 41.58m | eta: 4.2m
step 03464/03814 (90.82%) | loss: 2.907936 | lrm: 0.18 | dt: 716.88ms | tok/sec: 91,418 | bf16_mfu: 0.00 | epoch: 1 pq: 3 rg: 63 | total time: 41.59m | eta: 4.2m
step 03465/03814 (90.85%) | loss: 2.901121 | lrm: 0.18 | dt: 723.76ms | tok/sec: 90,548 | bf16_mfu: 0.00 | epoch: 1 pq: 3 rg: 63 | total time: 41.60m | eta: 4.2m
step 03466/03814 (90.88%) | loss: 2.909935 | lrm: 0.18 | dt: 717.01ms | tok/sec: 91,402 | bf16_mfu: 0.00 | epoch: 1 pq: 3 rg: 64 | total time: 41.61m | eta: 4.2m
step 03467/03814 (90.90%) | loss: 2.916563 | lrm: 0.18 | dt: 723.09ms | tok/sec: 90,633 | bf16_mfu: 0.00 | epoch: 1 pq: 3 rg: 64 | total time: 41.63m | eta: 4.2m
step 03468/03814 (90.93%) | loss: 2.924716 | lrm: 0.18 | dt: 718.79ms | tok/sec: 91,175 | bf16_mfu: 0.00 | epoch: 1 pq: 3 rg: 64 | total time: 41.64m | eta: 4.2m
step 03469/03814 (90.95%) | loss: 2.917276 | lrm: 0.18 | dt: 718.22ms | tok/sec: 91,247 | bf16_mfu: 0.00 | epoch: 1 pq: 3 rg: 64 | total time: 41.65m | eta: 4.2m
step 03470/03814 (90.98%) | loss: 2.917961 | lrm: 0.18 | dt: 718.14ms | tok/sec: 91,257 | bf16_mfu: 0.00 | epoch: 1 pq: 3 rg: 64 | total time: 41.66m | eta: 4.1m
step 03471/03814 (91.01%) | loss: 2.917064 | lrm: 0.18 | dt: 717.48ms | tok/sec: 91,341 | bf16_mfu: 0.00 | epoch: 1 pq: 3 rg: 64 | total time: 41.67m | eta: 4.1m
step 03472/03814 (91.03%) | loss: 2.895492 | lrm: 0.18 | dt: 716.48ms | tok/sec: 91,469 | bf16_mfu: 0.00 | epoch: 1 pq: 3 rg: 64 | total time: 41.69m | eta: 4.1m
step 03473/03814 (91.06%) | loss: 2.897107 | lrm: 0.18 | dt: 718.69ms | tok/sec: 91,188 | bf16_mfu: 0.00 | epoch: 1 pq: 3 rg: 64 | total time: 41.70m | eta: 4.1m
step 03474/03814 (91.09%) | loss: 2.882133 | lrm: 0.18 | dt: 716.97ms | tok/sec: 91,407 | bf16_mfu: 0.00 | epoch: 1 pq: 3 rg: 64 | total time: 41.71m | eta: 4.1m
step 03475/03814 (91.11%) | loss: 2.878290 | lrm: 0.18 | dt: 721.15ms | tok/sec: 90,877 | bf16_mfu: 0.00 | epoch: 1 pq: 3 rg: 64 | total time: 41.72m | eta: 4.1m
step 03476/03814 (91.14%) | loss: 2.872204 | lrm: 0.18 | dt: 712.35ms | tok/sec: 91,999 | bf16_mfu: 0.00 | epoch: 1 pq: 3 rg: 64 | total time: 41.73m | eta: 4.1m
step 03477/03814 (91.16%) | loss: 2.868083 | lrm: 0.18 | dt: 716.38ms | tok/sec: 91,481 | bf16_mfu: 0.00 | epoch: 1 pq: 3 rg: 65 | total time: 41.74m | eta: 4.1m
step 03478/03814 (91.19%) | loss: 2.862405 | lrm: 0.18 | dt: 722.09ms | tok/sec: 90,758 | bf16_mfu: 0.00 | epoch: 1 pq: 3 rg: 65 | total time: 41.76m | eta: 4.0m
step 03479/03814 (91.22%) | loss: 2.854036 | lrm: 0.18 | dt: 718.43ms | tok/sec: 91,220 | bf16_mfu: 0.00 | epoch: 1 pq: 3 rg: 65 | total time: 41.77m | eta: 4.0m
step 03480/03814 (91.24%) | loss: 2.845263 | lrm: 0.18 | dt: 718.50ms | tok/sec: 91,211 | bf16_mfu: 0.00 | epoch: 1 pq: 3 rg: 65 | total time: 41.78m | eta: 4.0m
step 03481/03814 (91.27%) | loss: 2.829999 | lrm: 0.18 | dt: 718.27ms | tok/sec: 91,240 | bf16_mfu: 0.00 | epoch: 1 pq: 3 rg: 65 | total time: 41.79m | eta: 4.0m
step 03482/03814 (91.30%) | loss: 2.828808 | lrm: 0.18 | dt: 720.52ms | tok/sec: 90,956 | bf16_mfu: 0.00 | epoch: 1 pq: 3 rg: 65 | total time: 41.80m | eta: 4.0m
step 03483/03814 (91.32%) | loss: 2.849382 | lrm: 0.18 | dt: 716.58ms | tok/sec: 91,457 | bf16_mfu: 0.00 | epoch: 1 pq: 3 rg: 65 | total time: 41.82m | eta: 4.0m
step 03484/03814 (91.35%) | loss: 2.850779 | lrm: 0.18 | dt: 720.08ms | tok/sec: 91,011 | bf16_mfu: 0.00 | epoch: 1 pq: 3 rg: 65 | total time: 41.83m | eta: 4.0m
step 03485/03814 (91.37%) | loss: 2.840716 | lrm: 0.18 | dt: 714.64ms | tok/sec: 91,704 | bf16_mfu: 0.00 | epoch: 1 pq: 3 rg: 65 | total time: 41.84m | eta: 4.0m
step 03486/03814 (91.40%) | loss: 2.843076 | lrm: 0.18 | dt: 720.36ms | tok/sec: 90,977 | bf16_mfu: 0.00 | epoch: 1 pq: 3 rg: 65 | total time: 41.85m | eta: 3.9m
step 03487/03814 (91.43%) | loss: 2.855280 | lrm: 0.18 | dt: 714.47ms | tok/sec: 91,726 | bf16_mfu: 0.00 | epoch: 1 pq: 3 rg: 65 | total time: 41.86m | eta: 3.9m
step 03488/03814 (91.45%) | loss: 2.852734 | lrm: 0.17 | dt: 722.74ms | tok/sec: 90,677 | bf16_mfu: 0.00 | epoch: 1 pq: 3 rg: 66 | total time: 41.88m | eta: 3.9m
step 03489/03814 (91.48%) | loss: 2.853623 | lrm: 0.17 | dt: 716.13ms | tok/sec: 91,514 | bf16_mfu: 0.00 | epoch: 1 pq: 3 rg: 66 | total time: 41.89m | eta: 3.9m
step 03490/03814 (91.50%) | loss: 2.861376 | lrm: 0.17 | dt: 717.31ms | tok/sec: 91,363 | bf16_mfu: 0.00 | epoch: 1 pq: 3 rg: 66 | total time: 41.90m | eta: 3.9m
step 03491/03814 (91.53%) | loss: 2.880872 | lrm: 0.17 | dt: 719.42ms | tok/sec: 91,095 | bf16_mfu: 0.00 | epoch: 1 pq: 3 rg: 66 | total time: 41.91m | eta: 3.9m
step 03492/03814 (91.56%) | loss: 2.884354 | lrm: 0.17 | dt: 715.52ms | tok/sec: 91,592 | bf16_mfu: 0.00 | epoch: 1 pq: 3 rg: 66 | total time: 41.92m | eta: 3.9m
step 03493/03814 (91.58%) | loss: 2.876905 | lrm: 0.17 | dt: 714.94ms | tok/sec: 91,666 | bf16_mfu: 0.00 | epoch: 1 pq: 3 rg: 66 | total time: 41.94m | eta: 3.9m
step 03494/03814 (91.61%) | loss: 2.886535 | lrm: 0.17 | dt: 719.30ms | tok/sec: 91,110 | bf16_mfu: 0.00 | epoch: 1 pq: 3 rg: 66 | total time: 41.95m | eta: 3.9m
step 03495/03814 (91.64%) | loss: 2.873754 | lrm: 0.17 | dt: 713.23ms | tok/sec: 91,886 | bf16_mfu: 0.00 | epoch: 1 pq: 3 rg: 66 | total time: 41.96m | eta: 3.8m
step 03496/03814 (91.66%) | loss: 2.863946 | lrm: 0.17 | dt: 719.49ms | tok/sec: 91,086 | bf16_mfu: 0.00 | epoch: 1 pq: 3 rg: 66 | total time: 41.97m | eta: 3.8m
step 03497/03814 (91.69%) | loss: 2.863423 | lrm: 0.17 | dt: 717.31ms | tok/sec: 91,363 | bf16_mfu: 0.00 | epoch: 1 pq: 3 rg: 66 | total time: 41.98m | eta: 3.8m
step 03498/03814 (91.71%) | loss: 2.866090 | lrm: 0.17 | dt: 718.29ms | tok/sec: 91,239 | bf16_mfu: 0.00 | epoch: 1 pq: 3 rg: 66 | total time: 42.00m | eta: 3.8m
step 03499/03814 (91.74%) | loss: 2.864805 | lrm: 0.17 | dt: 719.30ms | tok/sec: 91,110 | bf16_mfu: 0.00 | epoch: 1 pq: 3 rg: 66 | total time: 42.01m | eta: 3.8m
Step 03500 | Validation bpb: 0.672222
step 03500/03814 (91.77%) | loss: 2.870044 | lrm: 0.17 | dt: 714.11ms | tok/sec: 91,772 | bf16_mfu: 0.00 | epoch: 1 pq: 3 rg: 67 | total time: 42.02m | eta: 3.8m
step 03501/03814 (91.79%) | loss: 2.855862 | lrm: 0.17 | dt: 710.00ms | tok/sec: 92,304 | bf16_mfu: 0.00 | epoch: 1 pq: 3 rg: 67 | total time: 42.03m | eta: 3.8m
step 03502/03814 (91.82%) | loss: 2.853871 | lrm: 0.17 | dt: 713.55ms | tok/sec: 91,845 | bf16_mfu: 0.00 | epoch: 1 pq: 3 rg: 67 | total time: 42.04m | eta: 3.8m
step 03503/03814 (91.85%) | loss: 2.853916 | lrm: 0.17 | dt: 713.35ms | tok/sec: 91,870 | bf16_mfu: 0.00 | epoch: 1 pq: 3 rg: 67 | total time: 42.06m | eta: 3.7m
step 03504/03814 (91.87%) | loss: 2.844586 | lrm: 0.17 | dt: 711.64ms | tok/sec: 92,092 | bf16_mfu: 0.00 | epoch: 1 pq: 3 rg: 67 | total time: 42.07m | eta: 3.7m
step 03505/03814 (91.90%) | loss: 2.862573 | lrm: 0.17 | dt: 716.35ms | tok/sec: 91,485 | bf16_mfu: 0.00 | epoch: 1 pq: 3 rg: 67 | total time: 42.08m | eta: 3.7m
step 03506/03814 (91.92%) | loss: 2.868796 | lrm: 0.17 | dt: 714.82ms | tok/sec: 91,681 | bf16_mfu: 0.00 | epoch: 1 pq: 3 rg: 67 | total time: 42.09m | eta: 3.7m
step 03507/03814 (91.95%) | loss: 2.854847 | lrm: 0.17 | dt: 716.23ms | tok/sec: 91,501 | bf16_mfu: 0.00 | epoch: 1 pq: 3 rg: 67 | total time: 42.10m | eta: 3.7m
step 03508/03814 (91.98%) | loss: 2.851250 | lrm: 0.17 | dt: 725.66ms | tok/sec: 90,311 | bf16_mfu: 0.00 | epoch: 1 pq: 3 rg: 67 | total time: 42.12m | eta: 3.7m
step 03509/03814 (92.00%) | loss: 2.841690 | lrm: 0.17 | dt: 719.06ms | tok/sec: 91,141 | bf16_mfu: 0.00 | epoch: 1 pq: 3 rg: 67 | total time: 42.13m | eta: 3.7m
step 03510/03814 (92.03%) | loss: 2.847928 | lrm: 0.17 | dt: 720.46ms | tok/sec: 90,964 | bf16_mfu: 0.00 | epoch: 1 pq: 3 rg: 67 | total time: 42.14m | eta: 3.7m
step 03511/03814 (92.06%) | loss: 2.844014 | lrm: 0.17 | dt: 728.57ms | tok/sec: 89,951 | bf16_mfu: 0.00 | epoch: 1 pq: 3 rg: 68 | total time: 42.15m | eta: 3.6m
step 03512/03814 (92.08%) | loss: 2.844040 | lrm: 0.17 | dt: 726.73ms | tok/sec: 90,179 | bf16_mfu: 0.00 | epoch: 1 pq: 3 rg: 68 | total time: 42.16m | eta: 3.6m
step 03513/03814 (92.11%) | loss: 2.830293 | lrm: 0.17 | dt: 725.84ms | tok/sec: 90,289 | bf16_mfu: 0.00 | epoch: 1 pq: 3 rg: 68 | total time: 42.18m | eta: 3.6m
step 03514/03814 (92.13%) | loss: 2.823606 | lrm: 0.16 | dt: 727.81ms | tok/sec: 90,045 | bf16_mfu: 0.00 | epoch: 1 pq: 3 rg: 68 | total time: 42.19m | eta: 3.6m
step 03515/03814 (92.16%) | loss: 2.821115 | lrm: 0.16 | dt: 771.64ms | tok/sec: 84,931 | bf16_mfu: 0.00 | epoch: 1 pq: 3 rg: 68 | total time: 42.20m | eta: 3.6m
step 03516/03814 (92.19%) | loss: 2.817951 | lrm: 0.16 | dt: 736.93ms | tok/sec: 88,930 | bf16_mfu: 0.00 | epoch: 1 pq: 3 rg: 68 | total time: 42.21m | eta: 3.6m
step 03517/03814 (92.21%) | loss: 2.817834 | lrm: 0.16 | dt: 729.16ms | tok/sec: 89,878 | bf16_mfu: 0.00 | epoch: 1 pq: 3 rg: 68 | total time: 42.23m | eta: 3.6m
step 03518/03814 (92.24%) | loss: 2.825038 | lrm: 0.16 | dt: 730.26ms | tok/sec: 89,743 | bf16_mfu: 0.00 | epoch: 1 pq: 3 rg: 68 | total time: 42.24m | eta: 3.6m
step 03519/03814 (92.27%) | loss: 2.821227 | lrm: 0.16 | dt: 730.23ms | tok/sec: 89,747 | bf16_mfu: 0.00 | epoch: 1 pq: 3 rg: 68 | total time: 42.25m | eta: 3.6m
step 03520/03814 (92.29%) | loss: 2.813220 | lrm: 0.16 | dt: 728.27ms | tok/sec: 89,989 | bf16_mfu: 0.00 | epoch: 1 pq: 3 rg: 68 | total time: 42.26m | eta: 3.5m
step 03521/03814 (92.32%) | loss: 2.830660 | lrm: 0.16 | dt: 729.88ms | tok/sec: 89,790 | bf16_mfu: 0.00 | epoch: 1 pq: 3 rg: 68 | total time: 42.27m | eta: 3.5m
step 03522/03814 (92.34%) | loss: 2.844665 | lrm: 0.16 | dt: 827.32ms | tok/sec: 79,215 | bf16_mfu: 0.00 | epoch: 1 pq: 3 rg: 69 | total time: 42.29m | eta: 3.5m
step 03523/03814 (92.37%) | loss: 2.842314 | lrm: 0.16 | dt: 732.70ms | tok/sec: 89,444 | bf16_mfu: 0.00 | epoch: 1 pq: 3 rg: 69 | total time: 42.30m | eta: 3.5m
step 03524/03814 (92.40%) | loss: 2.850815 | lrm: 0.16 | dt: 730.25ms | tok/sec: 89,744 | bf16_mfu: 0.00 | epoch: 1 pq: 3 rg: 69 | total time: 42.31m | eta: 3.5m
step 03525/03814 (92.42%) | loss: 2.851013 | lrm: 0.16 | dt: 731.05ms | tok/sec: 89,646 | bf16_mfu: 0.00 | epoch: 1 pq: 3 rg: 69 | total time: 42.32m | eta: 3.5m
step 03526/03814 (92.45%) | loss: 2.846369 | lrm: 0.16 | dt: 738.05ms | tok/sec: 88,795 | bf16_mfu: 0.00 | epoch: 1 pq: 3 rg: 69 | total time: 42.34m | eta: 3.5m
step 03527/03814 (92.48%) | loss: 2.847584 | lrm: 0.16 | dt: 734.47ms | tok/sec: 89,229 | bf16_mfu: 0.00 | epoch: 1 pq: 3 rg: 69 | total time: 42.35m | eta: 3.5m
step 03528/03814 (92.50%) | loss: 2.857616 | lrm: 0.16 | dt: 727.62ms | tok/sec: 90,068 | bf16_mfu: 0.00 | epoch: 1 pq: 3 rg: 69 | total time: 42.36m | eta: 3.4m
step 03529/03814 (92.53%) | loss: 2.876924 | lrm: 0.16 | dt: 729.04ms | tok/sec: 89,893 | bf16_mfu: 0.00 | epoch: 1 pq: 3 rg: 69 | total time: 42.37m | eta: 3.4m
step 03530/03814 (92.55%) | loss: 2.868972 | lrm: 0.16 | dt: 730.62ms | tok/sec: 89,698 | bf16_mfu: 0.00 | epoch: 1 pq: 3 rg: 69 | total time: 42.39m | eta: 3.4m
step 03531/03814 (92.58%) | loss: 2.858386 | lrm: 0.16 | dt: 730.00ms | tok/sec: 89,775 | bf16_mfu: 0.00 | epoch: 1 pq: 3 rg: 69 | total time: 42.40m | eta: 3.4m
step 03532/03814 (92.61%) | loss: 2.843091 | lrm: 0.16 | dt: 727.14ms | tok/sec: 90,128 | bf16_mfu: 0.00 | epoch: 1 pq: 3 rg: 69 | total time: 42.41m | eta: 3.4m
step 03533/03814 (92.63%) | loss: 2.830758 | lrm: 0.16 | dt: 727.53ms | tok/sec: 90,080 | bf16_mfu: 0.00 | epoch: 1 pq: 3 rg: 70 | total time: 42.42m | eta: 3.4m
step 03534/03814 (92.66%) | loss: 2.832081 | lrm: 0.16 | dt: 728.90ms | tok/sec: 89,911 | bf16_mfu: 0.00 | epoch: 1 pq: 3 rg: 70 | total time: 42.43m | eta: 3.4m
step 03535/03814 (92.68%) | loss: 2.824738 | lrm: 0.16 | dt: 726.27ms | tok/sec: 90,236 | bf16_mfu: 0.00 | epoch: 1 pq: 3 rg: 70 | total time: 42.45m | eta: 3.4m
step 03536/03814 (92.71%) | loss: 2.828675 | lrm: 0.16 | dt: 729.05ms | tok/sec: 89,892 | bf16_mfu: 0.00 | epoch: 1 pq: 3 rg: 70 | total time: 42.46m | eta: 3.3m
step 03537/03814 (92.74%) | loss: 2.824058 | lrm: 0.16 | dt: 728.33ms | tok/sec: 89,981 | bf16_mfu: 0.00 | epoch: 1 pq: 3 rg: 70 | total time: 42.47m | eta: 3.3m
step 03538/03814 (92.76%) | loss: 2.819730 | lrm: 0.16 | dt: 724.93ms | tok/sec: 90,403 | bf16_mfu: 0.00 | epoch: 1 pq: 3 rg: 70 | total time: 42.48m | eta: 3.3m
step 03539/03814 (92.79%) | loss: 2.816207 | lrm: 0.16 | dt: 727.02ms | tok/sec: 90,143 | bf16_mfu: 0.00 | epoch: 1 pq: 3 rg: 70 | total time: 42.49m | eta: 3.3m
step 03540/03814 (92.82%) | loss: 2.825839 | lrm: 0.16 | dt: 728.06ms | tok/sec: 90,015 | bf16_mfu: 0.00 | epoch: 1 pq: 3 rg: 70 | total time: 42.51m | eta: 3.3m
step 03541/03814 (92.84%) | loss: 2.822112 | lrm: 0.15 | dt: 727.72ms | tok/sec: 90,056 | bf16_mfu: 0.00 | epoch: 1 pq: 3 rg: 70 | total time: 42.52m | eta: 3.3m
step 03542/03814 (92.87%) | loss: 2.819203 | lrm: 0.15 | dt: 930.50ms | tok/sec: 70,430 | bf16_mfu: 0.00 | epoch: 1 pq: 3 rg: 70 | total time: 42.53m | eta: 3.3m
step 03543/03814 (92.89%) | loss: 2.811071 | lrm: 0.15 | dt: 728.36ms | tok/sec: 89,977 | bf16_mfu: 0.00 | epoch: 1 pq: 3 rg: 70 | total time: 42.55m | eta: 3.3m
step 03544/03814 (92.92%) | loss: 2.813672 | lrm: 0.15 | dt: 728.21ms | tok/sec: 89,995 | bf16_mfu: 0.00 | epoch: 1 pq: 3 rg: 70 | total time: 42.56m | eta: 3.3m
step 03545/03814 (92.95%) | loss: 2.823703 | lrm: 0.15 | dt: 730.98ms | tok/sec: 89,655 | bf16_mfu: 0.00 | epoch: 1 pq: 3 rg: 71 | total time: 42.57m | eta: 3.2m
step 03546/03814 (92.97%) | loss: 2.824182 | lrm: 0.15 | dt: 719.24ms | tok/sec: 91,118 | bf16_mfu: 0.00 | epoch: 1 pq: 3 rg: 71 | total time: 42.58m | eta: 3.2m
step 03547/03814 (93.00%) | loss: 2.825275 | lrm: 0.15 | dt: 716.98ms | tok/sec: 91,405 | bf16_mfu: 0.00 | epoch: 1 pq: 3 rg: 71 | total time: 42.59m | eta: 3.2m
step 03548/03814 (93.03%) | loss: 2.825932 | lrm: 0.15 | dt: 719.41ms | tok/sec: 91,096 | bf16_mfu: 0.00 | epoch: 1 pq: 3 rg: 71 | total time: 42.61m | eta: 3.2m
step 03549/03814 (93.05%) | loss: 2.828892 | lrm: 0.15 | dt: 719.40ms | tok/sec: 91,098 | bf16_mfu: 0.00 | epoch: 1 pq: 3 rg: 71 | total time: 42.62m | eta: 3.2m
step 03550/03814 (93.08%) | loss: 2.821354 | lrm: 0.15 | dt: 717.12ms | tok/sec: 91,387 | bf16_mfu: 0.00 | epoch: 1 pq: 3 rg: 71 | total time: 42.63m | eta: 3.2m
step 03551/03814 (93.10%) | loss: 2.820878 | lrm: 0.15 | dt: 719.53ms | tok/sec: 91,082 | bf16_mfu: 0.00 | epoch: 1 pq: 3 rg: 71 | total time: 42.64m | eta: 3.2m
step 03552/03814 (93.13%) | loss: 2.816930 | lrm: 0.15 | dt: 715.44ms | tok/sec: 91,601 | bf16_mfu: 0.00 | epoch: 1 pq: 3 rg: 71 | total time: 42.65m | eta: 3.2m
step 03553/03814 (93.16%) | loss: 2.837236 | lrm: 0.15 | dt: 711.05ms | tok/sec: 92,167 | bf16_mfu: 0.00 | epoch: 1 pq: 3 rg: 71 | total time: 42.67m | eta: 3.1m
step 03554/03814 (93.18%) | loss: 2.829069 | lrm: 0.15 | dt: 718.74ms | tok/sec: 91,182 | bf16_mfu: 0.00 | epoch: 1 pq: 3 rg: 71 | total time: 42.68m | eta: 3.1m
step 03555/03814 (93.21%) | loss: 2.823561 | lrm: 0.15 | dt: 716.84ms | tok/sec: 91,423 | bf16_mfu: 0.00 | epoch: 1 pq: 3 rg: 71 | total time: 42.69m | eta: 3.1m
step 03556/03814 (93.24%) | loss: 2.810062 | lrm: 0.15 | dt: 722.87ms | tok/sec: 90,661 | bf16_mfu: 0.00 | epoch: 1 pq: 3 rg: 72 | total time: 42.70m | eta: 3.1m
step 03557/03814 (93.26%) | loss: 2.795840 | lrm: 0.15 | dt: 714.55ms | tok/sec: 91,716 | bf16_mfu: 0.00 | epoch: 1 pq: 3 rg: 72 | total time: 42.71m | eta: 3.1m
step 03558/03814 (93.29%) | loss: 2.787560 | lrm: 0.15 | dt: 719.96ms | tok/sec: 91,027 | bf16_mfu: 0.00 | epoch: 1 pq: 3 rg: 72 | total time: 42.73m | eta: 3.1m
step 03559/03814 (93.31%) | loss: 2.782762 | lrm: 0.15 | dt: 712.87ms | tok/sec: 91,933 | bf16_mfu: 0.00 | epoch: 1 pq: 3 rg: 72 | total time: 42.74m | eta: 3.1m
step 03560/03814 (93.34%) | loss: 2.799793 | lrm: 0.15 | dt: 711.09ms | tok/sec: 92,162 | bf16_mfu: 0.00 | epoch: 1 pq: 3 rg: 72 | total time: 42.75m | eta: 3.1m
step 03561/03814 (93.37%) | loss: 2.788036 | lrm: 0.15 | dt: 713.11ms | tok/sec: 91,901 | bf16_mfu: 0.00 | epoch: 1 pq: 3 rg: 72 | total time: 42.76m | eta: 3.0m
step 03562/03814 (93.39%) | loss: 2.797591 | lrm: 0.15 | dt: 708.51ms | tok/sec: 92,497 | bf16_mfu: 0.00 | epoch: 1 pq: 3 rg: 72 | total time: 42.77m | eta: 3.0m
step 03563/03814 (93.42%) | loss: 2.797428 | lrm: 0.15 | dt: 709.15ms | tok/sec: 92,414 | bf16_mfu: 0.00 | epoch: 1 pq: 3 rg: 72 | total time: 42.79m | eta: 3.0m
step 03564/03814 (93.45%) | loss: 2.812195 | lrm: 0.15 | dt: 711.66ms | tok/sec: 92,088 | bf16_mfu: 0.00 | epoch: 1 pq: 3 rg: 72 | total time: 42.80m | eta: 3.0m
step 03565/03814 (93.47%) | loss: 2.815738 | lrm: 0.15 | dt: 720.37ms | tok/sec: 90,975 | bf16_mfu: 0.00 | epoch: 1 pq: 3 rg: 72 | total time: 42.81m | eta: 3.0m
step 03566/03814 (93.50%) | loss: 2.821238 | lrm: 0.15 | dt: 710.95ms | tok/sec: 92,181 | bf16_mfu: 0.00 | epoch: 1 pq: 3 rg: 72 | total time: 42.82m | eta: 3.0m
step 03567/03814 (93.52%) | loss: 2.837620 | lrm: 0.14 | dt: 710.61ms | tok/sec: 92,224 | bf16_mfu: 0.00 | epoch: 1 pq: 3 rg: 73 | total time: 42.83m | eta: 3.0m
step 03568/03814 (93.55%) | loss: 2.850140 | lrm: 0.14 | dt: 709.95ms | tok/sec: 92,310 | bf16_mfu: 0.00 | epoch: 1 pq: 3 rg: 73 | total time: 42.84m | eta: 3.0m
step 03569/03814 (93.58%) | loss: 2.840744 | lrm: 0.14 | dt: 710.78ms | tok/sec: 92,202 | bf16_mfu: 0.00 | epoch: 1 pq: 3 rg: 73 | total time: 42.86m | eta: 3.0m
step 03570/03814 (93.60%) | loss: 2.863261 | lrm: 0.14 | dt: 709.06ms | tok/sec: 92,427 | bf16_mfu: 0.00 | epoch: 1 pq: 3 rg: 73 | total time: 42.87m | eta: 2.9m
step 03571/03814 (93.63%) | loss: 2.861819 | lrm: 0.14 | dt: 707.50ms | tok/sec: 92,630 | bf16_mfu: 0.00 | epoch: 1 pq: 3 rg: 73 | total time: 42.88m | eta: 2.9m
step 03572/03814 (93.65%) | loss: 2.858454 | lrm: 0.14 | dt: 708.68ms | tok/sec: 92,476 | bf16_mfu: 0.00 | epoch: 1 pq: 3 rg: 73 | total time: 42.89m | eta: 2.9m
step 03573/03814 (93.68%) | loss: 2.854134 | lrm: 0.14 | dt: 712.02ms | tok/sec: 92,041 | bf16_mfu: 0.00 | epoch: 1 pq: 3 rg: 73 | total time: 42.90m | eta: 2.9m
step 03574/03814 (93.71%) | loss: 2.854982 | lrm: 0.14 | dt: 708.04ms | tok/sec: 92,559 | bf16_mfu: 0.00 | epoch: 1 pq: 3 rg: 73 | total time: 42.92m | eta: 2.9m
step 03575/03814 (93.73%) | loss: 2.843943 | lrm: 0.14 | dt: 710.28ms | tok/sec: 92,267 | bf16_mfu: 0.00 | epoch: 1 pq: 3 rg: 73 | total time: 42.93m | eta: 2.9m
step 03576/03814 (93.76%) | loss: 2.843255 | lrm: 0.14 | dt: 708.99ms | tok/sec: 92,435 | bf16_mfu: 0.00 | epoch: 1 pq: 3 rg: 73 | total time: 42.94m | eta: 2.9m
step 03577/03814 (93.79%) | loss: 2.858109 | lrm: 0.14 | dt: 707.45ms | tok/sec: 92,637 | bf16_mfu: 0.00 | epoch: 1 pq: 3 rg: 73 | total time: 42.95m | eta: 2.9m
step 03578/03814 (93.81%) | loss: 2.851051 | lrm: 0.14 | dt: 709.31ms | tok/sec: 92,394 | bf16_mfu: 0.00 | epoch: 1 pq: 3 rg: 74 | total time: 42.96m | eta: 2.8m
step 03579/03814 (93.84%) | loss: 2.855210 | lrm: 0.14 | dt: 709.48ms | tok/sec: 92,371 | bf16_mfu: 0.00 | epoch: 1 pq: 3 rg: 74 | total time: 42.97m | eta: 2.8m
step 03580/03814 (93.86%) | loss: 2.839716 | lrm: 0.14 | dt: 708.70ms | tok/sec: 92,473 | bf16_mfu: 0.00 | epoch: 1 pq: 3 rg: 74 | total time: 42.99m | eta: 2.8m
step 03581/03814 (93.89%) | loss: 2.839559 | lrm: 0.14 | dt: 707.53ms | tok/sec: 92,626 | bf16_mfu: 0.00 | epoch: 1 pq: 3 rg: 74 | total time: 43.00m | eta: 2.8m
step 03582/03814 (93.92%) | loss: 2.866376 | lrm: 0.14 | dt: 786.83ms | tok/sec: 83,291 | bf16_mfu: 0.00 | epoch: 1 pq: 3 rg: 74 | total time: 43.01m | eta: 2.8m
step 03583/03814 (93.94%) | loss: 2.856361 | lrm: 0.14 | dt: 714.35ms | tok/sec: 91,742 | bf16_mfu: 0.00 | epoch: 1 pq: 3 rg: 74 | total time: 43.02m | eta: 2.8m
step 03584/03814 (93.97%) | loss: 2.859911 | lrm: 0.14 | dt: 714.48ms | tok/sec: 91,724 | bf16_mfu: 0.00 | epoch: 1 pq: 3 rg: 74 | total time: 43.04m | eta: 2.8m
step 03585/03814 (94.00%) | loss: 2.869553 | lrm: 0.14 | dt: 711.31ms | tok/sec: 92,133 | bf16_mfu: 0.00 | epoch: 1 pq: 3 rg: 74 | total time: 43.05m | eta: 2.8m
step 03586/03814 (94.02%) | loss: 2.856252 | lrm: 0.14 | dt: 710.17ms | tok/sec: 92,282 | bf16_mfu: 0.00 | epoch: 1 pq: 3 rg: 74 | total time: 43.06m | eta: 2.7m
step 03587/03814 (94.05%) | loss: 2.863851 | lrm: 0.14 | dt: 715.86ms | tok/sec: 91,548 | bf16_mfu: 0.00 | epoch: 1 pq: 3 rg: 74 | total time: 43.07m | eta: 2.7m
step 03588/03814 (94.07%) | loss: 2.872222 | lrm: 0.14 | dt: 716.54ms | tok/sec: 91,461 | bf16_mfu: 0.00 | epoch: 1 pq: 3 rg: 74 | total time: 43.08m | eta: 2.7m
step 03589/03814 (94.10%) | loss: 2.862842 | lrm: 0.14 | dt: 710.95ms | tok/sec: 92,180 | bf16_mfu: 0.00 | epoch: 1 pq: 3 rg: 75 | total time: 43.09m | eta: 2.7m
step 03590/03814 (94.13%) | loss: 2.867090 | lrm: 0.14 | dt: 712.86ms | tok/sec: 91,933 | bf16_mfu: 0.00 | epoch: 1 pq: 3 rg: 75 | total time: 43.11m | eta: 2.7m
step 03591/03814 (94.15%) | loss: 2.895951 | lrm: 0.14 | dt: 713.31ms | tok/sec: 91,876 | bf16_mfu: 0.00 | epoch: 1 pq: 3 rg: 75 | total time: 43.12m | eta: 2.7m
step 03592/03814 (94.18%) | loss: 2.879868 | lrm: 0.14 | dt: 708.50ms | tok/sec: 92,499 | bf16_mfu: 0.00 | epoch: 1 pq: 3 rg: 75 | total time: 43.13m | eta: 2.7m
step 03593/03814 (94.21%) | loss: 2.873824 | lrm: 0.13 | dt: 713.59ms | tok/sec: 91,839 | bf16_mfu: 0.00 | epoch: 1 pq: 3 rg: 75 | total time: 43.14m | eta: 2.7m
step 03594/03814 (94.23%) | loss: 2.876633 | lrm: 0.13 | dt: 714.33ms | tok/sec: 91,744 | bf16_mfu: 0.00 | epoch: 1 pq: 3 rg: 75 | total time: 43.15m | eta: 2.6m
step 03595/03814 (94.26%) | loss: 2.883632 | lrm: 0.13 | dt: 714.82ms | tok/sec: 91,681 | bf16_mfu: 0.00 | epoch: 1 pq: 3 rg: 75 | total time: 43.17m | eta: 2.6m
step 03596/03814 (94.28%) | loss: 2.894645 | lrm: 0.13 | dt: 718.11ms | tok/sec: 91,261 | bf16_mfu: 0.00 | epoch: 1 pq: 3 rg: 75 | total time: 43.18m | eta: 2.6m
step 03597/03814 (94.31%) | loss: 2.880490 | lrm: 0.13 | dt: 715.69ms | tok/sec: 91,569 | bf16_mfu: 0.00 | epoch: 1 pq: 3 rg: 75 | total time: 43.19m | eta: 2.6m
step 03598/03814 (94.34%) | loss: 2.874801 | lrm: 0.13 | dt: 713.73ms | tok/sec: 91,822 | bf16_mfu: 0.00 | epoch: 1 pq: 3 rg: 75 | total time: 43.20m | eta: 2.6m
step 03599/03814 (94.36%) | loss: 2.887757 | lrm: 0.13 | dt: 719.05ms | tok/sec: 91,142 | bf16_mfu: 0.00 | epoch: 1 pq: 3 rg: 75 | total time: 43.21m | eta: 2.6m
step 03600/03814 (94.39%) | loss: 2.875692 | lrm: 0.13 | dt: 714.82ms | tok/sec: 91,681 | bf16_mfu: 0.00 | epoch: 1 pq: 3 rg: 76 | total time: 43.23m | eta: 2.6m
step 03601/03814 (94.42%) | loss: 2.876363 | lrm: 0.13 | dt: 721.20ms | tok/sec: 90,870 | bf16_mfu: 0.00 | epoch: 1 pq: 3 rg: 76 | total time: 43.24m | eta: 2.6m
step 03602/03814 (94.44%) | loss: 2.878190 | lrm: 0.13 | dt: 713.19ms | tok/sec: 91,891 | bf16_mfu: 0.00 | epoch: 1 pq: 3 rg: 76 | total time: 43.25m | eta: 2.6m
step 03603/03814 (94.47%) | loss: 2.875274 | lrm: 0.13 | dt: 724.07ms | tok/sec: 90,509 | bf16_mfu: 0.00 | epoch: 1 pq: 3 rg: 76 | total time: 43.26m | eta: 2.5m
step 03604/03814 (94.49%) | loss: 2.865755 | lrm: 0.13 | dt: 714.53ms | tok/sec: 91,718 | bf16_mfu: 0.00 | epoch: 1 pq: 3 rg: 76 | total time: 43.27m | eta: 2.5m
step 03605/03814 (94.52%) | loss: 2.851610 | lrm: 0.13 | dt: 717.95ms | tok/sec: 91,282 | bf16_mfu: 0.00 | epoch: 1 pq: 3 rg: 76 | total time: 43.29m | eta: 2.5m
step 03606/03814 (94.55%) | loss: 2.857707 | lrm: 0.13 | dt: 717.14ms | tok/sec: 91,385 | bf16_mfu: 0.00 | epoch: 1 pq: 3 rg: 76 | total time: 43.30m | eta: 2.5m
step 03607/03814 (94.57%) | loss: 2.858168 | lrm: 0.13 | dt: 718.37ms | tok/sec: 91,229 | bf16_mfu: 0.00 | epoch: 1 pq: 3 rg: 76 | total time: 43.31m | eta: 2.5m
step 03608/03814 (94.60%) | loss: 2.854509 | lrm: 0.13 | dt: 718.23ms | tok/sec: 91,246 | bf16_mfu: 0.00 | epoch: 1 pq: 3 rg: 76 | total time: 43.32m | eta: 2.5m
step 03609/03814 (94.63%) | loss: 2.863366 | lrm: 0.13 | dt: 719.33ms | tok/sec: 91,106 | bf16_mfu: 0.00 | epoch: 1 pq: 3 rg: 76 | total time: 43.33m | eta: 2.5m
step 03610/03814 (94.65%) | loss: 2.871327 | lrm: 0.13 | dt: 716.87ms | tok/sec: 91,419 | bf16_mfu: 0.00 | epoch: 1 pq: 3 rg: 76 | total time: 43.35m | eta: 2.5m
step 03611/03814 (94.68%) | loss: 2.874124 | lrm: 0.13 | dt: 717.78ms | tok/sec: 91,303 | bf16_mfu: 0.00 | epoch: 1 pq: 3 rg: 76 | total time: 43.36m | eta: 2.4m
step 03612/03814 (94.70%) | loss: 2.868074 | lrm: 0.13 | dt: 717.85ms | tok/sec: 91,294 | bf16_mfu: 0.00 | epoch: 1 pq: 3 rg: 77 | total time: 43.37m | eta: 2.4m
step 03613/03814 (94.73%) | loss: 2.866058 | lrm: 0.13 | dt: 718.75ms | tok/sec: 91,179 | bf16_mfu: 0.00 | epoch: 1 pq: 3 rg: 77 | total time: 43.38m | eta: 2.4m
step 03614/03814 (94.76%) | loss: 2.857913 | lrm: 0.13 | dt: 720.74ms | tok/sec: 90,928 | bf16_mfu: 0.00 | epoch: 1 pq: 3 rg: 77 | total time: 43.39m | eta: 2.4m
step 03615/03814 (94.78%) | loss: 2.845108 | lrm: 0.13 | dt: 725.52ms | tok/sec: 90,329 | bf16_mfu: 0.00 | epoch: 1 pq: 3 rg: 77 | total time: 43.41m | eta: 2.4m
step 03616/03814 (94.81%) | loss: 2.814032 | lrm: 0.13 | dt: 716.34ms | tok/sec: 91,487 | bf16_mfu: 0.00 | epoch: 1 pq: 3 rg: 77 | total time: 43.42m | eta: 2.4m
step 03617/03814 (94.83%) | loss: 2.813505 | lrm: 0.13 | dt: 723.46ms | tok/sec: 90,587 | bf16_mfu: 0.00 | epoch: 1 pq: 3 rg: 77 | total time: 43.43m | eta: 2.4m
step 03618/03814 (94.86%) | loss: 2.815436 | lrm: 0.13 | dt: 720.86ms | tok/sec: 90,913 | bf16_mfu: 0.00 | epoch: 1 pq: 3 rg: 77 | total time: 43.44m | eta: 2.4m
step 03619/03814 (94.89%) | loss: 2.834354 | lrm: 0.12 | dt: 718.48ms | tok/sec: 91,215 | bf16_mfu: 0.00 | epoch: 1 pq: 3 rg: 77 | total time: 43.45m | eta: 2.3m
step 03620/03814 (94.91%) | loss: 2.825764 | lrm: 0.12 | dt: 725.43ms | tok/sec: 90,340 | bf16_mfu: 0.00 | epoch: 1 pq: 3 rg: 77 | total time: 43.47m | eta: 2.3m
step 03621/03814 (94.94%) | loss: 2.815463 | lrm: 0.12 | dt: 721.36ms | tok/sec: 90,850 | bf16_mfu: 0.00 | epoch: 1 pq: 3 rg: 77 | total time: 43.48m | eta: 2.3m
step 03622/03814 (94.97%) | loss: 2.820820 | lrm: 0.12 | dt: 718.51ms | tok/sec: 91,210 | bf16_mfu: 0.00 | epoch: 1 pq: 3 rg: 77 | total time: 43.49m | eta: 2.3m
step 03623/03814 (94.99%) | loss: 2.807826 | lrm: 0.12 | dt: 724.73ms | tok/sec: 90,427 | bf16_mfu: 0.00 | epoch: 1 pq: 3 rg: 78 | total time: 43.50m | eta: 2.3m
step 03624/03814 (95.02%) | loss: 2.794023 | lrm: 0.12 | dt: 722.46ms | tok/sec: 90,711 | bf16_mfu: 0.00 | epoch: 1 pq: 3 rg: 78 | total time: 43.51m | eta: 2.3m
step 03625/03814 (95.04%) | loss: 2.793022 | lrm: 0.12 | dt: 719.71ms | tok/sec: 91,059 | bf16_mfu: 0.00 | epoch: 1 pq: 3 rg: 78 | total time: 43.53m | eta: 2.3m
step 03626/03814 (95.07%) | loss: 2.811438 | lrm: 0.12 | dt: 723.75ms | tok/sec: 90,549 | bf16_mfu: 0.00 | epoch: 1 pq: 3 rg: 78 | total time: 43.54m | eta: 2.3m
step 03627/03814 (95.10%) | loss: 2.811033 | lrm: 0.12 | dt: 722.02ms | tok/sec: 90,767 | bf16_mfu: 0.00 | epoch: 1 pq: 3 rg: 78 | total time: 43.55m | eta: 2.3m
step 03628/03814 (95.12%) | loss: 2.817005 | lrm: 0.12 | dt: 719.74ms | tok/sec: 91,055 | bf16_mfu: 0.00 | epoch: 1 pq: 3 rg: 78 | total time: 43.56m | eta: 2.2m
step 03629/03814 (95.15%) | loss: 2.829577 | lrm: 0.12 | dt: 726.24ms | tok/sec: 90,240 | bf16_mfu: 0.00 | epoch: 1 pq: 3 rg: 78 | total time: 43.57m | eta: 2.2m
step 03630/03814 (95.18%) | loss: 2.826513 | lrm: 0.12 | dt: 720.85ms | tok/sec: 90,914 | bf16_mfu: 0.00 | epoch: 1 pq: 3 rg: 78 | total time: 43.59m | eta: 2.2m
step 03631/03814 (95.20%) | loss: 2.827227 | lrm: 0.12 | dt: 719.60ms | tok/sec: 91,072 | bf16_mfu: 0.00 | epoch: 1 pq: 3 rg: 78 | total time: 43.60m | eta: 2.2m
step 03632/03814 (95.23%) | loss: 2.819193 | lrm: 0.12 | dt: 726.87ms | tok/sec: 90,161 | bf16_mfu: 0.00 | epoch: 1 pq: 3 rg: 78 | total time: 43.61m | eta: 2.2m
step 03633/03814 (95.25%) | loss: 2.808116 | lrm: 0.12 | dt: 716.74ms | tok/sec: 91,435 | bf16_mfu: 0.00 | epoch: 1 pq: 3 rg: 78 | total time: 43.62m | eta: 2.2m
step 03634/03814 (95.28%) | loss: 2.806191 | lrm: 0.12 | dt: 723.51ms | tok/sec: 90,580 | bf16_mfu: 0.00 | epoch: 1 pq: 3 rg: 78 | total time: 43.63m | eta: 2.2m
step 03635/03814 (95.31%) | loss: 2.825704 | lrm: 0.12 | dt: 727.18ms | tok/sec: 90,123 | bf16_mfu: 0.00 | epoch: 1 pq: 3 rg: 79 | total time: 43.65m | eta: 2.2m
step 03636/03814 (95.33%) | loss: 2.846602 | lrm: 0.12 | dt: 728.56ms | tok/sec: 89,952 | bf16_mfu: 0.00 | epoch: 1 pq: 3 rg: 79 | total time: 43.66m | eta: 2.1m
step 03637/03814 (95.36%) | loss: 2.845749 | lrm: 0.12 | dt: 722.99ms | tok/sec: 90,645 | bf16_mfu: 0.00 | epoch: 1 pq: 3 rg: 79 | total time: 43.67m | eta: 2.1m
step 03638/03814 (95.39%) | loss: 2.851513 | lrm: 0.12 | dt: 720.60ms | tok/sec: 90,947 | bf16_mfu: 0.00 | epoch: 1 pq: 3 rg: 79 | total time: 43.68m | eta: 2.1m
step 03639/03814 (95.41%) | loss: 2.836815 | lrm: 0.12 | dt: 722.56ms | tok/sec: 90,699 | bf16_mfu: 0.00 | epoch: 1 pq: 3 rg: 79 | total time: 43.69m | eta: 2.1m
step 03640/03814 (95.44%) | loss: 2.815703 | lrm: 0.12 | dt: 722.13ms | tok/sec: 90,753 | bf16_mfu: 0.00 | epoch: 1 pq: 3 rg: 79 | total time: 43.71m | eta: 2.1m
step 03641/03814 (95.46%) | loss: 2.813099 | lrm: 0.12 | dt: 718.49ms | tok/sec: 91,213 | bf16_mfu: 0.00 | epoch: 1 pq: 3 rg: 79 | total time: 43.72m | eta: 2.1m
step 03642/03814 (95.49%) | loss: 2.830924 | lrm: 0.12 | dt: 725.34ms | tok/sec: 90,351 | bf16_mfu: 0.00 | epoch: 1 pq: 3 rg: 79 | total time: 43.73m | eta: 2.1m
step 03643/03814 (95.52%) | loss: 2.828434 | lrm: 0.12 | dt: 719.18ms | tok/sec: 91,126 | bf16_mfu: 0.00 | epoch: 1 pq: 3 rg: 79 | total time: 43.74m | eta: 2.1m
step 03644/03814 (95.54%) | loss: 2.826013 | lrm: 0.12 | dt: 719.21ms | tok/sec: 91,121 | bf16_mfu: 0.00 | epoch: 1 pq: 3 rg: 79 | total time: 43.75m | eta: 2.0m
step 03645/03814 (95.57%) | loss: 2.825742 | lrm: 0.11 | dt: 720.64ms | tok/sec: 90,941 | bf16_mfu: 0.00 | epoch: 1 pq: 3 rg: 79 | total time: 43.77m | eta: 2.0m
step 03646/03814 (95.60%) | loss: 2.833914 | lrm: 0.11 | dt: 717.68ms | tok/sec: 91,316 | bf16_mfu: 0.00 | epoch: 1 pq: 3 rg: 80 | total time: 43.78m | eta: 2.0m
step 03647/03814 (95.62%) | loss: 2.819240 | lrm: 0.11 | dt: 726.89ms | tok/sec: 90,159 | bf16_mfu: 0.00 | epoch: 1 pq: 3 rg: 80 | total time: 43.79m | eta: 2.0m
step 03648/03814 (95.65%) | loss: 2.813553 | lrm: 0.11 | dt: 719.82ms | tok/sec: 91,045 | bf16_mfu: 0.00 | epoch: 1 pq: 3 rg: 80 | total time: 43.80m | eta: 2.0m
step 03649/03814 (95.67%) | loss: 2.802977 | lrm: 0.11 | dt: 719.84ms | tok/sec: 91,042 | bf16_mfu: 0.00 | epoch: 1 pq: 3 rg: 80 | total time: 43.81m | eta: 2.0m
step 03650/03814 (95.70%) | loss: 2.817156 | lrm: 0.11 | dt: 724.24ms | tok/sec: 90,488 | bf16_mfu: 0.00 | epoch: 1 pq: 3 rg: 80 | total time: 43.83m | eta: 2.0m
step 03651/03814 (95.73%) | loss: 2.830318 | lrm: 0.11 | dt: 718.65ms | tok/sec: 91,192 | bf16_mfu: 0.00 | epoch: 1 pq: 3 rg: 80 | total time: 43.84m | eta: 2.0m
step 03652/03814 (95.75%) | loss: 2.839757 | lrm: 0.11 | dt: 722.65ms | tok/sec: 90,688 | bf16_mfu: 0.00 | epoch: 1 pq: 3 rg: 80 | total time: 43.85m | eta: 2.0m
step 03653/03814 (95.78%) | loss: 2.843772 | lrm: 0.11 | dt: 720.57ms | tok/sec: 90,949 | bf16_mfu: 0.00 | epoch: 1 pq: 3 rg: 80 | total time: 43.86m | eta: 1.9m
step 03654/03814 (95.80%) | loss: 2.834532 | lrm: 0.11 | dt: 719.67ms | tok/sec: 91,063 | bf16_mfu: 0.00 | epoch: 1 pq: 3 rg: 80 | total time: 43.87m | eta: 1.9m
step 03655/03814 (95.83%) | loss: 2.829240 | lrm: 0.11 | dt: 724.70ms | tok/sec: 90,431 | bf16_mfu: 0.00 | epoch: 1 pq: 3 rg: 80 | total time: 43.89m | eta: 1.9m
step 03656/03814 (95.86%) | loss: 2.829647 | lrm: 0.11 | dt: 713.46ms | tok/sec: 91,856 | bf16_mfu: 0.00 | epoch: 1 pq: 3 rg: 80 | total time: 43.90m | eta: 1.9m
step 03657/03814 (95.88%) | loss: 2.849178 | lrm: 0.11 | dt: 718.38ms | tok/sec: 91,227 | bf16_mfu: 0.00 | epoch: 1 pq: 3 rg: 81 | total time: 43.91m | eta: 1.9m
step 03658/03814 (95.91%) | loss: 2.834770 | lrm: 0.11 | dt: 719.19ms | tok/sec: 91,124 | bf16_mfu: 0.00 | epoch: 1 pq: 3 rg: 81 | total time: 43.92m | eta: 1.9m
step 03659/03814 (95.94%) | loss: 2.830375 | lrm: 0.11 | dt: 720.77ms | tok/sec: 90,925 | bf16_mfu: 0.00 | epoch: 1 pq: 3 rg: 81 | total time: 43.93m | eta: 1.9m
step 03660/03814 (95.96%) | loss: 2.825177 | lrm: 0.11 | dt: 718.59ms | tok/sec: 91,200 | bf16_mfu: 0.00 | epoch: 1 pq: 3 rg: 81 | total time: 43.95m | eta: 1.9m
step 03661/03814 (95.99%) | loss: 2.830756 | lrm: 0.11 | dt: 730.24ms | tok/sec: 89,745 | bf16_mfu: 0.00 | epoch: 1 pq: 3 rg: 81 | total time: 43.96m | eta: 1.8m
step 03662/03814 (96.01%) | loss: 2.828719 | lrm: 0.11 | dt: 716.73ms | tok/sec: 91,437 | bf16_mfu: 0.00 | epoch: 1 pq: 3 rg: 81 | total time: 43.97m | eta: 1.8m
step 03663/03814 (96.04%) | loss: 2.837470 | lrm: 0.11 | dt: 719.32ms | tok/sec: 91,108 | bf16_mfu: 0.00 | epoch: 1 pq: 3 rg: 81 | total time: 43.98m | eta: 1.8m
step 03664/03814 (96.07%) | loss: 2.833428 | lrm: 0.11 | dt: 715.57ms | tok/sec: 91,585 | bf16_mfu: 0.00 | epoch: 1 pq: 3 rg: 81 | total time: 43.99m | eta: 1.8m
step 03665/03814 (96.09%) | loss: 2.821728 | lrm: 0.11 | dt: 720.27ms | tok/sec: 90,987 | bf16_mfu: 0.00 | epoch: 1 pq: 3 rg: 81 | total time: 44.01m | eta: 1.8m
step 03666/03814 (96.12%) | loss: 2.820324 | lrm: 0.11 | dt: 717.80ms | tok/sec: 91,301 | bf16_mfu: 0.00 | epoch: 1 pq: 3 rg: 81 | total time: 44.02m | eta: 1.8m
step 03667/03814 (96.15%) | loss: 2.815845 | lrm: 0.11 | dt: 715.73ms | tok/sec: 91,565 | bf16_mfu: 0.00 | epoch: 1 pq: 3 rg: 81 | total time: 44.03m | eta: 1.8m
step 03668/03814 (96.17%) | loss: 2.821732 | lrm: 0.11 | dt: 719.99ms | tok/sec: 91,023 | bf16_mfu: 0.00 | epoch: 1 pq: 3 rg: 82 | total time: 44.04m | eta: 1.8m
step 03669/03814 (96.20%) | loss: 2.820981 | lrm: 0.11 | dt: 724.05ms | tok/sec: 90,512 | bf16_mfu: 0.00 | epoch: 1 pq: 3 rg: 82 | total time: 44.05m | eta: 1.7m
step 03670/03814 (96.22%) | loss: 2.823568 | lrm: 0.11 | dt: 717.87ms | tok/sec: 91,292 | bf16_mfu: 0.00 | epoch: 1 pq: 3 rg: 82 | total time: 44.07m | eta: 1.7m
step 03671/03814 (96.25%) | loss: 2.814992 | lrm: 0.10 | dt: 724.43ms | tok/sec: 90,465 | bf16_mfu: 0.00 | epoch: 1 pq: 3 rg: 82 | total time: 44.08m | eta: 1.7m
step 03672/03814 (96.28%) | loss: 2.811379 | lrm: 0.10 | dt: 718.51ms | tok/sec: 91,211 | bf16_mfu: 0.00 | epoch: 1 pq: 3 rg: 82 | total time: 44.09m | eta: 1.7m
step 03673/03814 (96.30%) | loss: 2.812735 | lrm: 0.10 | dt: 721.24ms | tok/sec: 90,865 | bf16_mfu: 0.00 | epoch: 1 pq: 3 rg: 82 | total time: 44.10m | eta: 1.7m
step 03674/03814 (96.33%) | loss: 2.811760 | lrm: 0.10 | dt: 723.12ms | tok/sec: 90,629 | bf16_mfu: 0.00 | epoch: 1 pq: 3 rg: 82 | total time: 44.11m | eta: 1.7m
step 03675/03814 (96.36%) | loss: 2.799296 | lrm: 0.10 | dt: 717.55ms | tok/sec: 91,333 | bf16_mfu: 0.00 | epoch: 1 pq: 3 rg: 82 | total time: 44.13m | eta: 1.7m
step 03676/03814 (96.38%) | loss: 2.811655 | lrm: 0.10 | dt: 720.42ms | tok/sec: 90,969 | bf16_mfu: 0.00 | epoch: 1 pq: 3 rg: 82 | total time: 44.14m | eta: 1.7m
step 03677/03814 (96.41%) | loss: 2.801956 | lrm: 0.10 | dt: 717.07ms | tok/sec: 91,394 | bf16_mfu: 0.00 | epoch: 1 pq: 3 rg: 82 | total time: 44.15m | eta: 1.6m
step 03678/03814 (96.43%) | loss: 2.786550 | lrm: 0.10 | dt: 717.34ms | tok/sec: 91,359 | bf16_mfu: 0.00 | epoch: 1 pq: 3 rg: 82 | total time: 44.16m | eta: 1.6m
step 03679/03814 (96.46%) | loss: 2.797075 | lrm: 0.10 | dt: 718.65ms | tok/sec: 91,192 | bf16_mfu: 0.00 | epoch: 1 pq: 3 rg: 83 | total time: 44.17m | eta: 1.6m
step 03680/03814 (96.49%) | loss: 2.802049 | lrm: 0.10 | dt: 717.12ms | tok/sec: 91,387 | bf16_mfu: 0.00 | epoch: 1 pq: 3 rg: 83 | total time: 44.19m | eta: 1.6m
step 03681/03814 (96.51%) | loss: 2.810120 | lrm: 0.10 | dt: 720.52ms | tok/sec: 90,956 | bf16_mfu: 0.00 | epoch: 1 pq: 3 rg: 83 | total time: 44.20m | eta: 1.6m
step 03682/03814 (96.54%) | loss: 2.802121 | lrm: 0.10 | dt: 715.21ms | tok/sec: 91,631 | bf16_mfu: 0.00 | epoch: 1 pq: 3 rg: 83 | total time: 44.21m | eta: 1.6m
step 03683/03814 (96.57%) | loss: 2.787571 | lrm: 0.10 | dt: 717.81ms | tok/sec: 91,300 | bf16_mfu: 0.00 | epoch: 1 pq: 3 rg: 83 | total time: 44.22m | eta: 1.6m
step 03684/03814 (96.59%) | loss: 2.802747 | lrm: 0.10 | dt: 717.33ms | tok/sec: 91,361 | bf16_mfu: 0.00 | epoch: 1 pq: 3 rg: 83 | total time: 44.23m | eta: 1.6m
step 03685/03814 (96.62%) | loss: 2.805734 | lrm: 0.10 | dt: 714.33ms | tok/sec: 91,744 | bf16_mfu: 0.00 | epoch: 1 pq: 3 rg: 83 | total time: 44.25m | eta: 1.6m
step 03686/03814 (96.64%) | loss: 2.801985 | lrm: 0.10 | dt: 720.69ms | tok/sec: 90,934 | bf16_mfu: 0.00 | epoch: 1 pq: 3 rg: 83 | total time: 44.26m | eta: 1.5m
step 03687/03814 (96.67%) | loss: 2.808272 | lrm: 0.10 | dt: 715.39ms | tok/sec: 91,608 | bf16_mfu: 0.00 | epoch: 1 pq: 3 rg: 83 | total time: 44.27m | eta: 1.5m
step 03688/03814 (96.70%) | loss: 2.812411 | lrm: 0.10 | dt: 723.62ms | tok/sec: 90,566 | bf16_mfu: 0.00 | epoch: 1 pq: 3 rg: 83 | total time: 44.28m | eta: 1.5m
step 03689/03814 (96.72%) | loss: 2.806905 | lrm: 0.10 | dt: 716.90ms | tok/sec: 91,415 | bf16_mfu: 0.00 | epoch: 1 pq: 3 rg: 83 | total time: 44.29m | eta: 1.5m
step 03690/03814 (96.75%) | loss: 2.805753 | lrm: 0.10 | dt: 721.20ms | tok/sec: 90,870 | bf16_mfu: 0.00 | epoch: 1 pq: 3 rg: 84 | total time: 44.31m | eta: 1.5m
step 03691/03814 (96.78%) | loss: 2.807052 | lrm: 0.10 | dt: 716.30ms | tok/sec: 91,492 | bf16_mfu: 0.00 | epoch: 1 pq: 3 rg: 84 | total time: 44.32m | eta: 1.5m
step 03692/03814 (96.80%) | loss: 2.799296 | lrm: 0.10 | dt: 723.84ms | tok/sec: 90,539 | bf16_mfu: 0.00 | epoch: 1 pq: 3 rg: 84 | total time: 44.33m | eta: 1.5m
step 03693/03814 (96.83%) | loss: 2.794205 | lrm: 0.10 | dt: 718.29ms | tok/sec: 91,239 | bf16_mfu: 0.00 | epoch: 1 pq: 3 rg: 84 | total time: 44.34m | eta: 1.5m
step 03694/03814 (96.85%) | loss: 2.801170 | lrm: 0.10 | dt: 718.23ms | tok/sec: 91,246 | bf16_mfu: 0.00 | epoch: 1 pq: 3 rg: 84 | total time: 44.35m | eta: 1.4m
step 03695/03814 (96.88%) | loss: 2.795439 | lrm: 0.10 | dt: 716.98ms | tok/sec: 91,405 | bf16_mfu: 0.00 | epoch: 1 pq: 3 rg: 84 | total time: 44.37m | eta: 1.4m
step 03696/03814 (96.91%) | loss: 2.794136 | lrm: 0.10 | dt: 720.41ms | tok/sec: 90,970 | bf16_mfu: 0.00 | epoch: 1 pq: 3 rg: 84 | total time: 44.38m | eta: 1.4m
step 03697/03814 (96.93%) | loss: 2.795547 | lrm: 0.09 | dt: 715.47ms | tok/sec: 91,598 | bf16_mfu: 0.00 | epoch: 1 pq: 3 rg: 84 | total time: 44.39m | eta: 1.4m
step 03698/03814 (96.96%) | loss: 2.810276 | lrm: 0.09 | dt: 718.47ms | tok/sec: 91,215 | bf16_mfu: 0.00 | epoch: 1 pq: 3 rg: 84 | total time: 44.40m | eta: 1.4m
step 03699/03814 (96.98%) | loss: 2.803607 | lrm: 0.09 | dt: 715.62ms | tok/sec: 91,578 | bf16_mfu: 0.00 | epoch: 1 pq: 3 rg: 84 | total time: 44.41m | eta: 1.4m
step 03700/03814 (97.01%) | loss: 2.803459 | lrm: 0.09 | dt: 721.06ms | tok/sec: 90,889 | bf16_mfu: 0.00 | epoch: 1 pq: 3 rg: 84 | total time: 44.43m | eta: 1.4m
step 03701/03814 (97.04%) | loss: 2.806126 | lrm: 0.09 | dt: 715.86ms | tok/sec: 91,548 | bf16_mfu: 0.00 | epoch: 1 pq: 3 rg: 84 | total time: 44.44m | eta: 1.4m
step 03702/03814 (97.06%) | loss: 2.809154 | lrm: 0.09 | dt: 723.29ms | tok/sec: 90,608 | bf16_mfu: 0.00 | epoch: 1 pq: 3 rg: 85 | total time: 44.45m | eta: 1.3m
step 03703/03814 (97.09%) | loss: 2.802486 | lrm: 0.09 | dt: 716.57ms | tok/sec: 91,457 | bf16_mfu: 0.00 | epoch: 1 pq: 3 rg: 85 | total time: 44.46m | eta: 1.3m
step 03704/03814 (97.12%) | loss: 2.786767 | lrm: 0.09 | dt: 720.84ms | tok/sec: 90,915 | bf16_mfu: 0.00 | epoch: 1 pq: 3 rg: 85 | total time: 44.47m | eta: 1.3m
step 03705/03814 (97.14%) | loss: 2.815433 | lrm: 0.09 | dt: 713.72ms | tok/sec: 91,822 | bf16_mfu: 0.00 | epoch: 1 pq: 3 rg: 85 | total time: 44.49m | eta: 1.3m
step 03706/03814 (97.17%) | loss: 2.810021 | lrm: 0.09 | dt: 722.31ms | tok/sec: 90,731 | bf16_mfu: 0.00 | epoch: 1 pq: 3 rg: 85 | total time: 44.50m | eta: 1.3m
step 03707/03814 (97.19%) | loss: 2.813079 | lrm: 0.09 | dt: 713.78ms | tok/sec: 91,814 | bf16_mfu: 0.00 | epoch: 1 pq: 3 rg: 85 | total time: 44.51m | eta: 1.3m
step 03708/03814 (97.22%) | loss: 2.816095 | lrm: 0.09 | dt: 720.71ms | tok/sec: 90,932 | bf16_mfu: 0.00 | epoch: 1 pq: 3 rg: 85 | total time: 44.52m | eta: 1.3m
step 03709/03814 (97.25%) | loss: 2.803590 | lrm: 0.09 | dt: 716.04ms | tok/sec: 91,525 | bf16_mfu: 0.00 | epoch: 1 pq: 3 rg: 85 | total time: 44.53m | eta: 1.3m
step 03710/03814 (97.27%) | loss: 2.792148 | lrm: 0.09 | dt: 721.10ms | tok/sec: 90,883 | bf16_mfu: 0.00 | epoch: 1 pq: 3 rg: 85 | total time: 44.55m | eta: 1.3m
step 03711/03814 (97.30%) | loss: 2.792468 | lrm: 0.09 | dt: 717.07ms | tok/sec: 91,393 | bf16_mfu: 0.00 | epoch: 1 pq: 3 rg: 85 | total time: 44.56m | eta: 1.2m
step 03712/03814 (97.33%) | loss: 2.784682 | lrm: 0.09 | dt: 723.43ms | tok/sec: 90,590 | bf16_mfu: 0.00 | epoch: 1 pq: 3 rg: 85 | total time: 44.57m | eta: 1.2m
step 03713/03814 (97.35%) | loss: 2.771493 | lrm: 0.09 | dt: 718.77ms | tok/sec: 91,178 | bf16_mfu: 0.00 | epoch: 1 pq: 3 rg: 86 | total time: 44.58m | eta: 1.2m
step 03714/03814 (97.38%) | loss: 2.769587 | lrm: 0.09 | dt: 720.16ms | tok/sec: 91,002 | bf16_mfu: 0.00 | epoch: 1 pq: 3 rg: 86 | total time: 44.59m | eta: 1.2m
step 03715/03814 (97.40%) | loss: 2.777284 | lrm: 0.09 | dt: 716.66ms | tok/sec: 91,446 | bf16_mfu: 0.00 | epoch: 1 pq: 3 rg: 86 | total time: 44.61m | eta: 1.2m
step 03716/03814 (97.43%) | loss: 2.788041 | lrm: 0.09 | dt: 719.42ms | tok/sec: 91,095 | bf16_mfu: 0.00 | epoch: 1 pq: 3 rg: 86 | total time: 44.62m | eta: 1.2m
step 03717/03814 (97.46%) | loss: 2.787586 | lrm: 0.09 | dt: 716.72ms | tok/sec: 91,439 | bf16_mfu: 0.00 | epoch: 1 pq: 3 rg: 86 | total time: 44.63m | eta: 1.2m
step 03718/03814 (97.48%) | loss: 2.789158 | lrm: 0.09 | dt: 721.77ms | tok/sec: 90,799 | bf16_mfu: 0.00 | epoch: 1 pq: 3 rg: 86 | total time: 44.64m | eta: 1.2m
step 03719/03814 (97.51%) | loss: 2.802551 | lrm: 0.09 | dt: 717.40ms | tok/sec: 91,352 | bf16_mfu: 0.00 | epoch: 1 pq: 3 rg: 86 | total time: 44.65m | eta: 1.1m
step 03720/03814 (97.54%) | loss: 2.805570 | lrm: 0.09 | dt: 722.38ms | tok/sec: 90,722 | bf16_mfu: 0.00 | epoch: 1 pq: 3 rg: 86 | total time: 44.67m | eta: 1.1m
step 03721/03814 (97.56%) | loss: 2.798021 | lrm: 0.09 | dt: 717.21ms | tok/sec: 91,375 | bf16_mfu: 0.00 | epoch: 1 pq: 3 rg: 86 | total time: 44.68m | eta: 1.1m
step 03722/03814 (97.59%) | loss: 2.811442 | lrm: 0.09 | dt: 720.09ms | tok/sec: 91,011 | bf16_mfu: 0.00 | epoch: 1 pq: 3 rg: 86 | total time: 44.69m | eta: 1.1m
step 03723/03814 (97.61%) | loss: 2.803099 | lrm: 0.08 | dt: 716.36ms | tok/sec: 91,484 | bf16_mfu: 0.00 | epoch: 1 pq: 3 rg: 86 | total time: 44.70m | eta: 1.1m
step 03724/03814 (97.64%) | loss: 2.797506 | lrm: 0.08 | dt: 720.67ms | tok/sec: 90,938 | bf16_mfu: 0.00 | epoch: 1 pq: 3 rg: 86 | total time: 44.71m | eta: 1.1m
step 03725/03814 (97.67%) | loss: 2.793833 | lrm: 0.08 | dt: 716.84ms | tok/sec: 91,423 | bf16_mfu: 0.00 | epoch: 1 pq: 3 rg: 87 | total time: 44.73m | eta: 1.1m
step 03726/03814 (97.69%) | loss: 2.832330 | lrm: 0.08 | dt: 718.63ms | tok/sec: 91,196 | bf16_mfu: 0.00 | epoch: 1 pq: 3 rg: 87 | total time: 44.74m | eta: 1.1m
step 03727/03814 (97.72%) | loss: 2.821338 | lrm: 0.08 | dt: 719.92ms | tok/sec: 91,032 | bf16_mfu: 0.00 | epoch: 1 pq: 3 rg: 87 | total time: 44.75m | eta: 1.0m
step 03728/03814 (97.75%) | loss: 2.828292 | lrm: 0.08 | dt: 717.26ms | tok/sec: 91,369 | bf16_mfu: 0.00 | epoch: 1 pq: 3 rg: 87 | total time: 44.76m | eta: 1.0m
step 03729/03814 (97.77%) | loss: 2.846154 | lrm: 0.08 | dt: 715.83ms | tok/sec: 91,552 | bf16_mfu: 0.00 | epoch: 1 pq: 4 rg: 0 | total time: 44.77m | eta: 1.0m
step 03730/03814 (97.80%) | loss: 2.834180 | lrm: 0.08 | dt: 719.33ms | tok/sec: 91,106 | bf16_mfu: 0.00 | epoch: 1 pq: 4 rg: 0 | total time: 44.79m | eta: 1.0m
step 03731/03814 (97.82%) | loss: 2.838478 | lrm: 0.08 | dt: 716.13ms | tok/sec: 91,514 | bf16_mfu: 0.00 | epoch: 1 pq: 4 rg: 0 | total time: 44.80m | eta: 1.0m
step 03732/03814 (97.85%) | loss: 2.844315 | lrm: 0.08 | dt: 716.61ms | tok/sec: 91,452 | bf16_mfu: 0.00 | epoch: 1 pq: 4 rg: 0 | total time: 44.81m | eta: 1.0m
step 03733/03814 (97.88%) | loss: 2.864132 | lrm: 0.08 | dt: 719.57ms | tok/sec: 91,076 | bf16_mfu: 0.00 | epoch: 1 pq: 4 rg: 0 | total time: 44.82m | eta: 1.0m
step 03734/03814 (97.90%) | loss: 2.841128 | lrm: 0.08 | dt: 715.11ms | tok/sec: 91,644 | bf16_mfu: 0.00 | epoch: 1 pq: 4 rg: 0 | total time: 44.83m | eta: 1.0m
step 03735/03814 (97.93%) | loss: 2.833870 | lrm: 0.08 | dt: 720.10ms | tok/sec: 91,009 | bf16_mfu: 0.00 | epoch: 1 pq: 4 rg: 0 | total time: 44.84m | eta: 1.0m
step 03736/03814 (97.95%) | loss: 2.836998 | lrm: 0.08 | dt: 715.39ms | tok/sec: 91,608 | bf16_mfu: 0.00 | epoch: 1 pq: 4 rg: 0 | total time: 44.86m | eta: 0.9m
step 03737/03814 (97.98%) | loss: 2.837936 | lrm: 0.08 | dt: 720.29ms | tok/sec: 90,985 | bf16_mfu: 0.00 | epoch: 1 pq: 4 rg: 0 | total time: 44.87m | eta: 0.9m
step 03738/03814 (98.01%) | loss: 2.828280 | lrm: 0.08 | dt: 713.78ms | tok/sec: 91,815 | bf16_mfu: 0.00 | epoch: 1 pq: 4 rg: 0 | total time: 44.88m | eta: 0.9m
step 03739/03814 (98.03%) | loss: 2.829597 | lrm: 0.08 | dt: 719.13ms | tok/sec: 91,131 | bf16_mfu: 0.00 | epoch: 1 pq: 4 rg: 0 | total time: 44.89m | eta: 0.9m
step 03740/03814 (98.06%) | loss: 2.824638 | lrm: 0.08 | dt: 713.54ms | tok/sec: 91,846 | bf16_mfu: 0.00 | epoch: 1 pq: 4 rg: 1 | total time: 44.90m | eta: 0.9m
step 03741/03814 (98.09%) | loss: 2.817229 | lrm: 0.08 | dt: 716.12ms | tok/sec: 91,515 | bf16_mfu: 0.00 | epoch: 1 pq: 4 rg: 1 | total time: 44.92m | eta: 0.9m
step 03742/03814 (98.11%) | loss: 2.809687 | lrm: 0.08 | dt: 719.08ms | tok/sec: 91,138 | bf16_mfu: 0.00 | epoch: 1 pq: 4 rg: 1 | total time: 44.93m | eta: 0.9m
step 03743/03814 (98.14%) | loss: 2.828207 | lrm: 0.08 | dt: 714.56ms | tok/sec: 91,715 | bf16_mfu: 0.00 | epoch: 1 pq: 4 rg: 1 | total time: 44.94m | eta: 0.9m
step 03744/03814 (98.16%) | loss: 2.807749 | lrm: 0.08 | dt: 720.61ms | tok/sec: 90,944 | bf16_mfu: 0.00 | epoch: 1 pq: 4 rg: 1 | total time: 44.95m | eta: 0.8m
step 03745/03814 (98.19%) | loss: 2.801213 | lrm: 0.08 | dt: 715.19ms | tok/sec: 91,634 | bf16_mfu: 0.00 | epoch: 1 pq: 4 rg: 1 | total time: 44.96m | eta: 0.8m
step 03746/03814 (98.22%) | loss: 2.797281 | lrm: 0.08 | dt: 715.28ms | tok/sec: 91,622 | bf16_mfu: 0.00 | epoch: 1 pq: 4 rg: 1 | total time: 44.98m | eta: 0.8m
step 03747/03814 (98.24%) | loss: 2.799672 | lrm: 0.08 | dt: 715.20ms | tok/sec: 91,632 | bf16_mfu: 0.00 | epoch: 1 pq: 4 rg: 1 | total time: 44.99m | eta: 0.8m
step 03748/03814 (98.27%) | loss: 2.786410 | lrm: 0.08 | dt: 714.80ms | tok/sec: 91,684 | bf16_mfu: 0.00 | epoch: 1 pq: 4 rg: 1 | total time: 45.00m | eta: 0.8m
step 03749/03814 (98.30%) | loss: 2.788520 | lrm: 0.07 | dt: 718.54ms | tok/sec: 91,207 | bf16_mfu: 0.00 | epoch: 1 pq: 4 rg: 1 | total time: 45.01m | eta: 0.8m
step 03750/03814 (98.32%) | loss: 2.791921 | lrm: 0.07 | dt: 717.13ms | tok/sec: 91,386 | bf16_mfu: 0.00 | epoch: 1 pq: 4 rg: 1 | total time: 45.02m | eta: 0.8m
step 03751/03814 (98.35%) | loss: 2.775398 | lrm: 0.07 | dt: 716.00ms | tok/sec: 91,531 | bf16_mfu: 0.00 | epoch: 1 pq: 4 rg: 2 | total time: 45.04m | eta: 0.8m
step 03752/03814 (98.37%) | loss: 2.757308 | lrm: 0.07 | dt: 713.33ms | tok/sec: 91,873 | bf16_mfu: 0.00 | epoch: 1 pq: 4 rg: 2 | total time: 45.05m | eta: 0.7m
step 03753/03814 (98.40%) | loss: 2.770243 | lrm: 0.07 | dt: 717.81ms | tok/sec: 91,300 | bf16_mfu: 0.00 | epoch: 1 pq: 4 rg: 2 | total time: 45.06m | eta: 0.7m
step 03754/03814 (98.43%) | loss: 2.746781 | lrm: 0.07 | dt: 711.85ms | tok/sec: 92,064 | bf16_mfu: 0.00 | epoch: 1 pq: 4 rg: 2 | total time: 45.07m | eta: 0.7m
step 03755/03814 (98.45%) | loss: 2.734411 | lrm: 0.07 | dt: 715.53ms | tok/sec: 91,591 | bf16_mfu: 0.00 | epoch: 1 pq: 4 rg: 2 | total time: 45.08m | eta: 0.7m
step 03756/03814 (98.48%) | loss: 2.721245 | lrm: 0.07 | dt: 720.40ms | tok/sec: 90,971 | bf16_mfu: 0.00 | epoch: 1 pq: 4 rg: 2 | total time: 45.10m | eta: 0.7m
step 03757/03814 (98.51%) | loss: 2.721180 | lrm: 0.07 | dt: 714.12ms | tok/sec: 91,772 | bf16_mfu: 0.00 | epoch: 1 pq: 4 rg: 2 | total time: 45.11m | eta: 0.7m
step 03758/03814 (98.53%) | loss: 2.722363 | lrm: 0.07 | dt: 715.21ms | tok/sec: 91,631 | bf16_mfu: 0.00 | epoch: 1 pq: 4 rg: 2 | total time: 45.12m | eta: 0.7m
step 03759/03814 (98.56%) | loss: 2.730043 | lrm: 0.07 | dt: 712.95ms | tok/sec: 91,921 | bf16_mfu: 0.00 | epoch: 1 pq: 4 rg: 2 | total time: 45.13m | eta: 0.7m
step 03760/03814 (98.58%) | loss: 2.728566 | lrm: 0.07 | dt: 716.66ms | tok/sec: 91,446 | bf16_mfu: 0.00 | epoch: 1 pq: 4 rg: 2 | total time: 45.14m | eta: 0.7m
step 03761/03814 (98.61%) | loss: 2.741780 | lrm: 0.07 | dt: 716.15ms | tok/sec: 91,511 | bf16_mfu: 0.00 | epoch: 1 pq: 4 rg: 2 | total time: 45.16m | eta: 0.6m
step 03762/03814 (98.64%) | loss: 2.718426 | lrm: 0.07 | dt: 715.71ms | tok/sec: 91,567 | bf16_mfu: 0.00 | epoch: 1 pq: 4 rg: 2 | total time: 45.17m | eta: 0.6m
step 03763/03814 (98.66%) | loss: 2.744577 | lrm: 0.07 | dt: 719.32ms | tok/sec: 91,107 | bf16_mfu: 0.00 | epoch: 1 pq: 4 rg: 3 | total time: 45.18m | eta: 0.6m
step 03764/03814 (98.69%) | loss: 2.755445 | lrm: 0.07 | dt: 715.88ms | tok/sec: 91,545 | bf16_mfu: 0.00 | epoch: 1 pq: 4 rg: 3 | total time: 45.19m | eta: 0.6m
step 03765/03814 (98.72%) | loss: 2.747585 | lrm: 0.07 | dt: 721.17ms | tok/sec: 90,874 | bf16_mfu: 0.00 | epoch: 1 pq: 4 rg: 3 | total time: 45.20m | eta: 0.6m
step 03766/03814 (98.74%) | loss: 2.769060 | lrm: 0.07 | dt: 715.12ms | tok/sec: 91,643 | bf16_mfu: 0.00 | epoch: 1 pq: 4 rg: 3 | total time: 45.22m | eta: 0.6m
step 03767/03814 (98.77%) | loss: 2.791259 | lrm: 0.07 | dt: 713.46ms | tok/sec: 91,856 | bf16_mfu: 0.00 | epoch: 1 pq: 4 rg: 3 | total time: 45.23m | eta: 0.6m
step 03768/03814 (98.79%) | loss: 2.781327 | lrm: 0.07 | dt: 714.42ms | tok/sec: 91,732 | bf16_mfu: 0.00 | epoch: 1 pq: 4 rg: 3 | total time: 45.24m | eta: 0.6m
step 03769/03814 (98.82%) | loss: 2.771658 | lrm: 0.07 | dt: 717.97ms | tok/sec: 91,279 | bf16_mfu: 0.00 | epoch: 1 pq: 4 rg: 3 | total time: 45.25m | eta: 0.5m
step 03770/03814 (98.85%) | loss: 2.778481 | lrm: 0.07 | dt: 713.79ms | tok/sec: 91,814 | bf16_mfu: 0.00 | epoch: 1 pq: 4 rg: 3 | total time: 45.26m | eta: 0.5m
step 03771/03814 (98.87%) | loss: 2.776925 | lrm: 0.07 | dt: 714.04ms | tok/sec: 91,782 | bf16_mfu: 0.00 | epoch: 1 pq: 4 rg: 3 | total time: 45.27m | eta: 0.5m
step 03772/03814 (98.90%) | loss: 2.786990 | lrm: 0.07 | dt: 716.28ms | tok/sec: 91,494 | bf16_mfu: 0.00 | epoch: 1 pq: 4 rg: 3 | total time: 45.29m | eta: 0.5m
step 03773/03814 (98.93%) | loss: 2.783804 | lrm: 0.07 | dt: 716.30ms | tok/sec: 91,492 | bf16_mfu: 0.00 | epoch: 1 pq: 4 rg: 3 | total time: 45.30m | eta: 0.5m
step 03774/03814 (98.95%) | loss: 2.791063 | lrm: 0.07 | dt: 717.59ms | tok/sec: 91,328 | bf16_mfu: 0.00 | epoch: 1 pq: 4 rg: 4 | total time: 45.31m | eta: 0.5m
step 03775/03814 (98.98%) | loss: 2.792491 | lrm: 0.06 | dt: 718.92ms | tok/sec: 91,159 | bf16_mfu: 0.00 | epoch: 1 pq: 4 rg: 4 | total time: 45.32m | eta: 0.5m
step 03776/03814 (99.00%) | loss: 2.782743 | lrm: 0.06 | dt: 713.05ms | tok/sec: 91,909 | bf16_mfu: 0.00 | epoch: 1 pq: 4 rg: 4 | total time: 45.33m | eta: 0.5m
step 03777/03814 (99.03%) | loss: 2.808220 | lrm: 0.06 | dt: 716.70ms | tok/sec: 91,441 | bf16_mfu: 0.00 | epoch: 1 pq: 4 rg: 4 | total time: 45.35m | eta: 0.4m
step 03778/03814 (99.06%) | loss: 2.788028 | lrm: 0.06 | dt: 711.70ms | tok/sec: 92,083 | bf16_mfu: 0.00 | epoch: 1 pq: 4 rg: 4 | total time: 45.36m | eta: 0.4m
step 03779/03814 (99.08%) | loss: 2.779273 | lrm: 0.06 | dt: 716.31ms | tok/sec: 91,491 | bf16_mfu: 0.00 | epoch: 1 pq: 4 rg: 4 | total time: 45.37m | eta: 0.4m
step 03780/03814 (99.11%) | loss: 2.794696 | lrm: 0.06 | dt: 715.40ms | tok/sec: 91,607 | bf16_mfu: 0.00 | epoch: 1 pq: 4 rg: 4 | total time: 45.38m | eta: 0.4m
step 03781/03814 (99.13%) | loss: 2.802405 | lrm: 0.06 | dt: 719.10ms | tok/sec: 91,135 | bf16_mfu: 0.00 | epoch: 1 pq: 4 rg: 4 | total time: 45.39m | eta: 0.4m
step 03782/03814 (99.16%) | loss: 2.789391 | lrm: 0.06 | dt: 712.71ms | tok/sec: 91,953 | bf16_mfu: 0.00 | epoch: 1 pq: 4 rg: 4 | total time: 45.41m | eta: 0.4m
step 03783/03814 (99.19%) | loss: 2.801079 | lrm: 0.06 | dt: 715.68ms | tok/sec: 91,571 | bf16_mfu: 0.00 | epoch: 1 pq: 4 rg: 4 | total time: 45.42m | eta: 0.4m
step 03784/03814 (99.21%) | loss: 2.804984 | lrm: 0.06 | dt: 716.86ms | tok/sec: 91,421 | bf16_mfu: 0.00 | epoch: 1 pq: 4 rg: 4 | total time: 45.43m | eta: 0.4m
step 03785/03814 (99.24%) | loss: 2.796246 | lrm: 0.06 | dt: 712.51ms | tok/sec: 91,978 | bf16_mfu: 0.00 | epoch: 1 pq: 4 rg: 5 | total time: 45.44m | eta: 0.3m
step 03786/03814 (99.27%) | loss: 2.794639 | lrm: 0.06 | dt: 715.32ms | tok/sec: 91,617 | bf16_mfu: 0.00 | epoch: 1 pq: 4 rg: 5 | total time: 45.45m | eta: 0.3m
step 03787/03814 (99.29%) | loss: 2.794122 | lrm: 0.06 | dt: 714.39ms | tok/sec: 91,736 | bf16_mfu: 0.00 | epoch: 1 pq: 4 rg: 5 | total time: 45.47m | eta: 0.3m
step 03788/03814 (99.32%) | loss: 2.796499 | lrm: 0.06 | dt: 715.49ms | tok/sec: 91,595 | bf16_mfu: 0.00 | epoch: 1 pq: 4 rg: 5 | total time: 45.48m | eta: 0.3m
step 03789/03814 (99.34%) | loss: 2.785781 | lrm: 0.06 | dt: 714.11ms | tok/sec: 91,773 | bf16_mfu: 0.00 | epoch: 1 pq: 4 rg: 5 | total time: 45.49m | eta: 0.3m
step 03790/03814 (99.37%) | loss: 2.790914 | lrm: 0.06 | dt: 712.02ms | tok/sec: 92,041 | bf16_mfu: 0.00 | epoch: 1 pq: 4 rg: 5 | total time: 45.50m | eta: 0.3m
step 03791/03814 (99.40%) | loss: 2.776711 | lrm: 0.06 | dt: 952.08ms | tok/sec: 68,834 | bf16_mfu: 0.00 | epoch: 1 pq: 4 rg: 5 | total time: 45.52m | eta: 0.3m
step 03792/03814 (99.42%) | loss: 2.771174 | lrm: 0.06 | dt: 713.09ms | tok/sec: 91,904 | bf16_mfu: 0.00 | epoch: 1 pq: 4 rg: 5 | total time: 45.53m | eta: 0.3m
step 03793/03814 (99.45%) | loss: 2.770667 | lrm: 0.06 | dt: 714.63ms | tok/sec: 91,706 | bf16_mfu: 0.00 | epoch: 1 pq: 4 rg: 5 | total time: 45.54m | eta: 0.3m
step 03794/03814 (99.48%) | loss: 2.759826 | lrm: 0.06 | dt: 713.98ms | tok/sec: 91,789 | bf16_mfu: 0.00 | epoch: 1 pq: 4 rg: 5 | total time: 45.55m | eta: 0.2m
step 03795/03814 (99.50%) | loss: 2.759490 | lrm: 0.06 | dt: 715.44ms | tok/sec: 91,602 | bf16_mfu: 0.00 | epoch: 1 pq: 4 rg: 5 | total time: 45.56m | eta: 0.2m
step 03796/03814 (99.53%) | loss: 2.768748 | lrm: 0.06 | dt: 714.51ms | tok/sec: 91,721 | bf16_mfu: 0.00 | epoch: 1 pq: 4 rg: 5 | total time: 45.58m | eta: 0.2m
step 03797/03814 (99.55%) | loss: 2.753686 | lrm: 0.06 | dt: 715.08ms | tok/sec: 91,649 | bf16_mfu: 0.00 | epoch: 1 pq: 4 rg: 6 | total time: 45.59m | eta: 0.2m
step 03798/03814 (99.58%) | loss: 2.739335 | lrm: 0.06 | dt: 717.88ms | tok/sec: 91,290 | bf16_mfu: 0.00 | epoch: 1 pq: 4 rg: 6 | total time: 45.60m | eta: 0.2m
step 03799/03814 (99.61%) | loss: 2.736926 | lrm: 0.06 | dt: 712.17ms | tok/sec: 92,023 | bf16_mfu: 0.00 | epoch: 1 pq: 4 rg: 6 | total time: 45.61m | eta: 0.2m
step 03800/03814 (99.63%) | loss: 2.750120 | lrm: 0.06 | dt: 712.09ms | tok/sec: 92,033 | bf16_mfu: 0.00 | epoch: 1 pq: 4 rg: 6 | total time: 45.62m | eta: 0.2m
step 03801/03814 (99.66%) | loss: 2.738050 | lrm: 0.05 | dt: 716.25ms | tok/sec: 91,498 | bf16_mfu: 0.00 | epoch: 1 pq: 4 rg: 6 | total time: 45.64m | eta: 0.2m
step 03802/03814 (99.69%) | loss: 2.740637 | lrm: 0.05 | dt: 718.34ms | tok/sec: 91,232 | bf16_mfu: 0.00 | epoch: 1 pq: 4 rg: 6 | total time: 45.65m | eta: 0.1m
step 03803/03814 (99.71%) | loss: 2.745345 | lrm: 0.05 | dt: 718.22ms | tok/sec: 91,247 | bf16_mfu: 0.00 | epoch: 1 pq: 4 rg: 6 | total time: 45.66m | eta: 0.1m
step 03804/03814 (99.74%) | loss: 2.752367 | lrm: 0.05 | dt: 716.90ms | tok/sec: 91,415 | bf16_mfu: 0.00 | epoch: 1 pq: 4 rg: 6 | total time: 45.67m | eta: 0.1m
step 03805/03814 (99.76%) | loss: 2.764470 | lrm: 0.05 | dt: 713.23ms | tok/sec: 91,886 | bf16_mfu: 0.00 | epoch: 1 pq: 4 rg: 6 | total time: 45.68m | eta: 0.1m
step 03806/03814 (99.79%) | loss: 2.773229 | lrm: 0.05 | dt: 714.91ms | tok/sec: 91,669 | bf16_mfu: 0.00 | epoch: 1 pq: 4 rg: 6 | total time: 45.70m | eta: 0.1m
step 03807/03814 (99.82%) | loss: 2.773675 | lrm: 0.05 | dt: 716.30ms | tok/sec: 91,492 | bf16_mfu: 0.00 | epoch: 1 pq: 4 rg: 6 | total time: 45.71m | eta: 0.1m
step 03808/03814 (99.84%) | loss: 2.775459 | lrm: 0.05 | dt: 714.20ms | tok/sec: 91,762 | bf16_mfu: 0.00 | epoch: 1 pq: 4 rg: 7 | total time: 45.72m | eta: 0.1m2026-09-16 03:54:30,915 - nanochat.checkpoint_manager - [32m[1mINFO[0m - Saved model parameters to: /kaggle/working/runs/bpe-nfd_d6_s0/base_checkpoints/d6/model_003814.pt
2026-09-16 03:54:30,915 - nanochat.checkpoint_manager - [32m[1mINFO[0m - Saved metadata to: /kaggle/working/runs/bpe-nfd_d6_s0/base_checkpoints/d6/meta_003814.json
2026-09-16 03:54:31,246 - nanochat.checkpoint_manager - [32m[1mINFO[0m - Saved optimizer state to: /kaggle/working/runs/bpe-nfd_d6_s0/base_checkpoints/d6/optim_003814_rank0.pt

step 03809/03814 (99.87%) | loss: 2.763865 | lrm: 0.05 | dt: 714.57ms | tok/sec: 91,714 | bf16_mfu: 0.00 | epoch: 1 pq: 4 rg: 7 | total time: 45.73m | eta: 0.1m
step 03810/03814 (99.90%) | loss: 2.784569 | lrm: 0.05 | dt: 717.55ms | tok/sec: 91,332 | bf16_mfu: 0.00 | epoch: 1 pq: 4 rg: 7 | total time: 45.74m | eta: 0.0m
step 03811/03814 (99.92%) | loss: 2.764766 | lrm: 0.05 | dt: 712.14ms | tok/sec: 92,027 | bf16_mfu: 0.00 | epoch: 1 pq: 4 rg: 7 | total time: 45.76m | eta: 0.0m
step 03812/03814 (99.95%) | loss: 2.753504 | lrm: 0.05 | dt: 714.51ms | tok/sec: 91,720 | bf16_mfu: 0.00 | epoch: 1 pq: 4 rg: 7 | total time: 45.77m | eta: 0.0m
step 03813/03814 (99.97%) | loss: 2.748736 | lrm: 0.05 | dt: 716.96ms | tok/sec: 91,407 | bf16_mfu: 0.00 | epoch: 1 pq: 4 rg: 7 | total time: 45.78m | eta: 0.0m
Step 03814 | Validation bpb: 0.666656
Peak memory usage: 6398.95MiB
Total training time: 45.78m
Minimum validation bpb: 0.666656
