2026-09-16 02:15:49,311 - nanochat.common - [32m[1mINFO[0m - Distributed world size: 1
2026-09-16 02:15:49,311 - nanochat.common - [33m[1mWARNING[0m - Peak flops undefined for: Tesla T4, MFU will show as 0%
W0916 02:16:06.575000 88 torch/_inductor/utils.py:1679] [0/0] Not enough SMs to use max_autotune_gemm mode

                                                       █████                █████
                                                      ░░███                ░░███
     ████████    ██████   ████████    ██████   ██████  ░███████    ██████  ███████
    ░░███░░███  ░░░░░███ ░░███░░███  ███░░███ ███░░███ ░███░░███  ░░░░░███░░░███░
     ░███ ░███   ███████  ░███ ░███ ░███ ░███░███ ░░░  ░███ ░███   ███████  ░███
     ░███ ░███  ███░░███  ░███ ░███ ░███ ░███░███  ███ ░███ ░███  ███░░███  ░███ ███
     ████ █████░░████████ ████ █████░░██████ ░░██████  ████ █████░░███████  ░░█████
    ░░░░ ░░░░░  ░░░░░░░░ ░░░░ ░░░░░  ░░░░░░   ░░░░░░  ░░░░ ░░░░░  ░░░░░░░░   ░░░░░
    
Autodetected device type: cuda
GPU: Tesla T4 | Peak FLOPS (BF16): inf
COMPUTE_DTYPE: torch.float16 (set via NANOCHAT_DTYPE=float16)
!!!!!!!!!!!!!!!!!!!!!!!!!!!!!!!!!!!!!!!!!!!!!!!!!!!!!!!!!!!!!!!!!!!!!!!!!!!!!!!!
WARNING: Flash Attention 3 not available, using PyTorch SDPA fallback
WARNING: Training will be less efficient without FA3
!!!!!!!!!!!!!!!!!!!!!!!!!!!!!!!!!!!!!!!!!!!!!!!!!!!!!!!!!!!!!!!!!!!!!!!!!!!!!!!!
Vocab size: 16,009
Padding vocab_size from 16009 to 16064 for efficiency
Model config:
{
  "sequence_len": 840,
  "vocab_size": 16009,
  "n_layer": 6,
  "n_head": 3,
  "n_kv_head": 3,
  "n_embd": 384,
  "window_pattern": "L"
}
Parameter counts:
wte                     : 6,168,576
value_embeds            : 18,505,728
lm_head                 : 6,168,576
transformer_matrices    : 10,616,940
scalars                 : 38
total                   : 41,459,858
Estimated FLOPs per token: 1.239376e+08
Padding vocab_size from 16009 to 16064 for efficiency
Scaling LRs by 0.3536 for batch size 53,760 (reference: 524,288)
Scaling weight decay from 0.280000 to 0.573677 for depth 6
Scaling the LR for the AdamW parameters ∝1/√(384/768) = 1.414214
GradScaler enabled for fp16 training
Using user-provided number of iterations: 3,814
Total number of training tokens: 205,040,640
Tokens : Scaling params ratio: 12.22
Total training FLOPs estimate: 2.541224e+16
Tokens / micro-batch / rank: 32 x 840 = 26,880
Tokens / micro-batch: 26,880
Total batch size 53,760 => gradient accumulation steps: 2
Step 00000 | Validation bpb: 2.199665
step 00000/03814 (0.00%) | loss: 9.681343 | lrm: 0.03 | dt: 61941.81ms | tok/sec: 867 | bf16_mfu: 0.00 | epoch: 1 pq: 0 rg: 1 | total time: 0.00m
step 00001/03814 (0.03%) | loss: 9.679718 | lrm: 0.05 | dt: 575.46ms | tok/sec: 93,420 | bf16_mfu: 0.00 | epoch: 1 pq: 0 rg: 1 | total time: 0.00m
step 00002/03814 (0.05%) | loss: 9.676834 | lrm: 0.07 | dt: 526.93ms | tok/sec: 102,025 | bf16_mfu: 0.00 | epoch: 1 pq: 0 rg: 1 | total time: 0.00m
step 00003/03814 (0.08%) | loss: 9.672765 | lrm: 0.10 | dt: 527.56ms | tok/sec: 101,903 | bf16_mfu: 0.00 | epoch: 1 pq: 0 rg: 1 | total time: 0.00m
step 00004/03814 (0.10%) | loss: 9.667216 | lrm: 0.12 | dt: 529.90ms | tok/sec: 101,452 | bf16_mfu: 0.00 | epoch: 1 pq: 0 rg: 1 | total time: 0.00m
step 00005/03814 (0.13%) | loss: 9.659241 | lrm: 0.15 | dt: 536.96ms | tok/sec: 100,119 | bf16_mfu: 0.00 | epoch: 1 pq: 0 rg: 1 | total time: 0.00m
step 00006/03814 (0.16%) | loss: 9.647877 | lrm: 0.17 | dt: 540.81ms | tok/sec: 99,406 | bf16_mfu: 0.00 | epoch: 1 pq: 0 rg: 1 | total time: 0.00m
step 00007/03814 (0.18%) | loss: 9.632425 | lrm: 0.20 | dt: 602.01ms | tok/sec: 89,300 | bf16_mfu: 0.00 | epoch: 1 pq: 0 rg: 2 | total time: 0.00m
step 00008/03814 (0.21%) | loss: 9.610416 | lrm: 0.23 | dt: 544.38ms | tok/sec: 98,754 | bf16_mfu: 0.00 | epoch: 1 pq: 0 rg: 2 | total time: 0.00m
step 00009/03814 (0.24%) | loss: 9.580474 | lrm: 0.25 | dt: 553.72ms | tok/sec: 97,088 | bf16_mfu: 0.00 | epoch: 1 pq: 0 rg: 2 | total time: 0.00m
step 00010/03814 (0.26%) | loss: 9.539069 | lrm: 0.28 | dt: 545.93ms | tok/sec: 98,474 | bf16_mfu: 0.00 | epoch: 1 pq: 0 rg: 2 | total time: 0.00m
step 00011/03814 (0.29%) | loss: 9.478214 | lrm: 0.30 | dt: 607.48ms | tok/sec: 88,497 | bf16_mfu: 0.00 | epoch: 1 pq: 0 rg: 2 | total time: 0.01m | eta: 38.5m
step 00012/03814 (0.31%) | loss: 9.394726 | lrm: 0.33 | dt: 563.63ms | tok/sec: 95,381 | bf16_mfu: 0.00 | epoch: 1 pq: 0 rg: 2 | total time: 0.02m | eta: 37.1m
step 00013/03814 (0.34%) | loss: 9.280774 | lrm: 0.35 | dt: 548.40ms | tok/sec: 98,031 | bf16_mfu: 0.00 | epoch: 1 pq: 0 rg: 2 | total time: 0.03m | eta: 36.3m
step 00014/03814 (0.37%) | loss: 9.141095 | lrm: 0.38 | dt: 548.72ms | tok/sec: 97,972 | bf16_mfu: 0.00 | epoch: 1 pq: 0 rg: 2 | total time: 0.04m | eta: 35.9m
step 00015/03814 (0.39%) | loss: 9.008830 | lrm: 0.40 | dt: 545.76ms | tok/sec: 98,504 | bf16_mfu: 0.00 | epoch: 1 pq: 0 rg: 3 | total time: 0.05m | eta: 35.6m
step 00016/03814 (0.42%) | loss: 8.897035 | lrm: 0.42 | dt: 546.67ms | tok/sec: 98,340 | bf16_mfu: 0.00 | epoch: 1 pq: 0 rg: 3 | total time: 0.06m | eta: 35.5m
step 00017/03814 (0.45%) | loss: 8.776992 | lrm: 0.45 | dt: 552.30ms | tok/sec: 97,338 | bf16_mfu: 0.00 | epoch: 1 pq: 0 rg: 3 | total time: 0.07m | eta: 35.4m
step 00018/03814 (0.47%) | loss: 8.667173 | lrm: 0.47 | dt: 547.37ms | tok/sec: 98,214 | bf16_mfu: 0.00 | epoch: 1 pq: 0 rg: 3 | total time: 0.07m | eta: 35.3m
step 00019/03814 (0.50%) | loss: 8.577136 | lrm: 0.50 | dt: 553.25ms | tok/sec: 97,171 | bf16_mfu: 0.00 | epoch: 1 pq: 0 rg: 3 | total time: 0.08m | eta: 35.2m
step 00020/03814 (0.52%) | loss: 8.483354 | lrm: 0.53 | dt: 550.36ms | tok/sec: 97,681 | bf16_mfu: 0.00 | epoch: 1 pq: 0 rg: 3 | total time: 0.09m | eta: 35.2m
step 00021/03814 (0.55%) | loss: 8.397411 | lrm: 0.55 | dt: 550.00ms | tok/sec: 97,746 | bf16_mfu: 0.00 | epoch: 1 pq: 0 rg: 3 | total time: 0.10m | eta: 35.1m
step 00022/03814 (0.58%) | loss: 8.317818 | lrm: 0.57 | dt: 554.87ms | tok/sec: 96,887 | bf16_mfu: 0.00 | epoch: 1 pq: 0 rg: 3 | total time: 0.11m | eta: 35.1m
step 00023/03814 (0.60%) | loss: 8.227952 | lrm: 0.60 | dt: 556.29ms | tok/sec: 96,640 | bf16_mfu: 0.00 | epoch: 1 pq: 0 rg: 3 | total time: 0.12m | eta: 35.1m
step 00024/03814 (0.63%) | loss: 8.144411 | lrm: 0.62 | dt: 564.82ms | tok/sec: 95,181 | bf16_mfu: 0.00 | epoch: 1 pq: 0 rg: 3 | total time: 0.13m | eta: 35.1m
step 00025/03814 (0.66%) | loss: 8.067878 | lrm: 0.65 | dt: 551.65ms | tok/sec: 97,453 | bf16_mfu: 0.00 | epoch: 1 pq: 0 rg: 4 | total time: 0.14m | eta: 35.1m
step 00026/03814 (0.68%) | loss: 8.002430 | lrm: 0.68 | dt: 554.77ms | tok/sec: 96,905 | bf16_mfu: 0.00 | epoch: 1 pq: 0 rg: 4 | total time: 0.15m | eta: 35.1m
step 00027/03814 (0.71%) | loss: 7.932697 | lrm: 0.70 | dt: 555.16ms | tok/sec: 96,837 | bf16_mfu: 0.00 | epoch: 1 pq: 0 rg: 4 | total time: 0.16m | eta: 35.1m
step 00028/03814 (0.73%) | loss: 7.862721 | lrm: 0.72 | dt: 551.56ms | tok/sec: 97,468 | bf16_mfu: 0.00 | epoch: 1 pq: 0 rg: 4 | total time: 0.17m | eta: 35.1m
step 00029/03814 (0.76%) | loss: 7.791348 | lrm: 0.75 | dt: 553.85ms | tok/sec: 97,065 | bf16_mfu: 0.00 | epoch: 1 pq: 0 rg: 4 | total time: 0.18m | eta: 35.1m
step 00030/03814 (0.79%) | loss: 7.719637 | lrm: 0.78 | dt: 556.13ms | tok/sec: 96,667 | bf16_mfu: 0.00 | epoch: 1 pq: 0 rg: 4 | total time: 0.19m | eta: 35.0m
step 00031/03814 (0.81%) | loss: 7.640869 | lrm: 0.80 | dt: 551.27ms | tok/sec: 97,521 | bf16_mfu: 0.00 | epoch: 1 pq: 0 rg: 4 | total time: 0.19m | eta: 35.0m
step 00032/03814 (0.84%) | loss: 7.568615 | lrm: 0.82 | dt: 565.83ms | tok/sec: 95,010 | bf16_mfu: 0.00 | epoch: 1 pq: 0 rg: 4 | total time: 0.20m | eta: 35.0m
step 00033/03814 (0.87%) | loss: 7.498398 | lrm: 0.85 | dt: 571.39ms | tok/sec: 94,086 | bf16_mfu: 0.00 | epoch: 1 pq: 0 rg: 4 | total time: 0.21m | eta: 35.1m
step 00034/03814 (0.89%) | loss: 7.424558 | lrm: 0.88 | dt: 565.19ms | tok/sec: 95,119 | bf16_mfu: 0.00 | epoch: 1 pq: 0 rg: 4 | total time: 0.22m | eta: 35.1m
step 00035/03814 (0.92%) | loss: 7.351591 | lrm: 0.90 | dt: 588.66ms | tok/sec: 91,325 | bf16_mfu: 0.00 | epoch: 1 pq: 0 rg: 5 | total time: 0.23m | eta: 35.2m
step 00036/03814 (0.94%) | loss: 7.282713 | lrm: 0.93 | dt: 566.12ms | tok/sec: 94,962 | bf16_mfu: 0.00 | epoch: 1 pq: 0 rg: 5 | total time: 0.24m | eta: 35.2m
step 00037/03814 (0.97%) | loss: 7.225771 | lrm: 0.95 | dt: 629.36ms | tok/sec: 85,420 | bf16_mfu: 0.00 | epoch: 1 pq: 0 rg: 5 | total time: 0.25m | eta: 35.3m
step 00038/03814 (1.00%) | loss: 7.174105 | lrm: 0.97 | dt: 564.07ms | tok/sec: 95,307 | bf16_mfu: 0.00 | epoch: 1 pq: 0 rg: 5 | total time: 0.26m | eta: 35.3m
step 00039/03814 (1.02%) | loss: 7.121513 | lrm: 1.00 | dt: 569.04ms | tok/sec: 94,474 | bf16_mfu: 0.00 | epoch: 1 pq: 0 rg: 5 | total time: 0.27m | eta: 35.3m
step 00040/03814 (1.05%) | loss: 7.059755 | lrm: 1.00 | dt: 569.77ms | tok/sec: 94,353 | bf16_mfu: 0.00 | epoch: 1 pq: 0 rg: 5 | total time: 0.28m | eta: 35.3m
step 00041/03814 (1.07%) | loss: 7.008451 | lrm: 1.00 | dt: 567.38ms | tok/sec: 94,750 | bf16_mfu: 0.00 | epoch: 1 pq: 0 rg: 5 | total time: 0.29m | eta: 35.3m
step 00042/03814 (1.10%) | loss: 6.961390 | lrm: 1.00 | dt: 567.17ms | tok/sec: 94,785 | bf16_mfu: 0.00 | epoch: 1 pq: 0 rg: 5 | total time: 0.30m | eta: 35.3m
step 00043/03814 (1.13%) | loss: 6.914096 | lrm: 1.00 | dt: 565.02ms | tok/sec: 95,147 | bf16_mfu: 0.00 | epoch: 1 pq: 0 rg: 5 | total time: 0.31m | eta: 35.3m
step 00044/03814 (1.15%) | loss: 6.867877 | lrm: 1.00 | dt: 570.84ms | tok/sec: 94,177 | bf16_mfu: 0.00 | epoch: 1 pq: 0 rg: 5 | total time: 0.32m | eta: 35.3m
step 00045/03814 (1.18%) | loss: 6.811985 | lrm: 1.00 | dt: 565.84ms | tok/sec: 95,008 | bf16_mfu: 0.00 | epoch: 1 pq: 0 rg: 5 | total time: 0.33m | eta: 35.3m
step 00046/03814 (1.21%) | loss: 6.770983 | lrm: 1.00 | dt: 589.02ms | tok/sec: 91,270 | bf16_mfu: 0.00 | epoch: 1 pq: 0 rg: 6 | total time: 0.34m | eta: 35.4m
step 00047/03814 (1.23%) | loss: 6.740505 | lrm: 1.00 | dt: 566.30ms | tok/sec: 94,931 | bf16_mfu: 0.00 | epoch: 1 pq: 0 rg: 6 | total time: 0.35m | eta: 35.4m
step 00048/03814 (1.26%) | loss: 6.698013 | lrm: 1.00 | dt: 567.99ms | tok/sec: 94,650 | bf16_mfu: 0.00 | epoch: 1 pq: 0 rg: 6 | total time: 0.36m | eta: 35.4m
step 00049/03814 (1.28%) | loss: 6.658712 | lrm: 1.00 | dt: 568.16ms | tok/sec: 94,621 | bf16_mfu: 0.00 | epoch: 1 pq: 0 rg: 6 | total time: 0.37m | eta: 35.4m
step 00050/03814 (1.31%) | loss: 6.623693 | lrm: 1.00 | dt: 566.98ms | tok/sec: 94,818 | bf16_mfu: 0.00 | epoch: 1 pq: 0 rg: 6 | total time: 0.38m | eta: 35.4m
step 00051/03814 (1.34%) | loss: 6.595230 | lrm: 1.00 | dt: 569.82ms | tok/sec: 94,345 | bf16_mfu: 0.00 | epoch: 1 pq: 0 rg: 6 | total time: 0.39m | eta: 35.4m
step 00052/03814 (1.36%) | loss: 6.565710 | lrm: 1.00 | dt: 582.14ms | tok/sec: 92,348 | bf16_mfu: 0.00 | epoch: 1 pq: 0 rg: 6 | total time: 0.40m | eta: 35.4m
step 00053/03814 (1.39%) | loss: 6.545153 | lrm: 1.00 | dt: 571.64ms | tok/sec: 94,044 | bf16_mfu: 0.00 | epoch: 1 pq: 0 rg: 6 | total time: 0.40m | eta: 35.4m
step 00054/03814 (1.42%) | loss: 6.514883 | lrm: 1.00 | dt: 575.65ms | tok/sec: 93,390 | bf16_mfu: 0.00 | epoch: 1 pq: 0 rg: 6 | total time: 0.41m | eta: 35.4m
step 00055/03814 (1.44%) | loss: 6.477938 | lrm: 1.00 | dt: 577.87ms | tok/sec: 93,031 | bf16_mfu: 0.00 | epoch: 1 pq: 0 rg: 6 | total time: 0.42m | eta: 35.4m
step 00056/03814 (1.47%) | loss: 6.447854 | lrm: 1.00 | dt: 587.15ms | tok/sec: 91,561 | bf16_mfu: 0.00 | epoch: 1 pq: 0 rg: 7 | total time: 0.43m | eta: 35.4m
step 00057/03814 (1.49%) | loss: 6.420390 | lrm: 1.00 | dt: 572.65ms | tok/sec: 93,879 | bf16_mfu: 0.00 | epoch: 1 pq: 0 rg: 7 | total time: 0.44m | eta: 35.4m
step 00058/03814 (1.52%) | loss: 6.399299 | lrm: 1.00 | dt: 585.61ms | tok/sec: 91,801 | bf16_mfu: 0.00 | epoch: 1 pq: 0 rg: 7 | total time: 0.45m | eta: 35.4m
step 00059/03814 (1.55%) | loss: 6.369299 | lrm: 1.00 | dt: 586.81ms | tok/sec: 91,614 | bf16_mfu: 0.00 | epoch: 1 pq: 0 rg: 7 | total time: 0.46m | eta: 35.5m
step 00060/03814 (1.57%) | loss: 6.342024 | lrm: 1.00 | dt: 587.64ms | tok/sec: 91,485 | bf16_mfu: 0.00 | epoch: 1 pq: 0 rg: 7 | total time: 0.47m | eta: 35.5m
step 00061/03814 (1.60%) | loss: 6.326839 | lrm: 1.00 | dt: 589.23ms | tok/sec: 91,237 | bf16_mfu: 0.00 | epoch: 1 pq: 0 rg: 7 | total time: 0.48m | eta: 35.5m
step 00062/03814 (1.63%) | loss: 6.309746 | lrm: 1.00 | dt: 588.62ms | tok/sec: 91,332 | bf16_mfu: 0.00 | epoch: 1 pq: 0 rg: 7 | total time: 0.49m | eta: 35.5m
step 00063/03814 (1.65%) | loss: 6.283754 | lrm: 1.00 | dt: 592.26ms | tok/sec: 90,770 | bf16_mfu: 0.00 | epoch: 1 pq: 0 rg: 7 | total time: 0.50m | eta: 35.5m
step 00064/03814 (1.68%) | loss: 6.256279 | lrm: 1.00 | dt: 595.28ms | tok/sec: 90,310 | bf16_mfu: 0.00 | epoch: 1 pq: 0 rg: 7 | total time: 0.51m | eta: 35.5m
step 00065/03814 (1.70%) | loss: 6.246099 | lrm: 1.00 | dt: 592.46ms | tok/sec: 90,740 | bf16_mfu: 0.00 | epoch: 1 pq: 0 rg: 7 | total time: 0.52m | eta: 35.6m
step 00066/03814 (1.73%) | loss: 6.229107 | lrm: 1.00 | dt: 648.15ms | tok/sec: 82,943 | bf16_mfu: 0.00 | epoch: 1 pq: 0 rg: 8 | total time: 0.53m | eta: 35.6m
step 00067/03814 (1.76%) | loss: 6.213802 | lrm: 1.00 | dt: 594.56ms | tok/sec: 90,420 | bf16_mfu: 0.00 | epoch: 1 pq: 0 rg: 8 | total time: 0.54m | eta: 35.7m
step 00068/03814 (1.78%) | loss: 6.197378 | lrm: 1.00 | dt: 603.75ms | tok/sec: 89,044 | bf16_mfu: 0.00 | epoch: 1 pq: 0 rg: 8 | total time: 0.55m | eta: 35.7m
step 00069/03814 (1.81%) | loss: 6.185281 | lrm: 1.00 | dt: 611.33ms | tok/sec: 87,939 | bf16_mfu: 0.00 | epoch: 1 pq: 0 rg: 8 | total time: 0.56m | eta: 35.7m
step 00070/03814 (1.84%) | loss: 6.180239 | lrm: 1.00 | dt: 608.12ms | tok/sec: 88,404 | bf16_mfu: 0.00 | epoch: 1 pq: 0 rg: 8 | total time: 0.57m | eta: 35.7m
step 00071/03814 (1.86%) | loss: 6.157454 | lrm: 1.00 | dt: 608.05ms | tok/sec: 88,413 | bf16_mfu: 0.00 | epoch: 1 pq: 0 rg: 8 | total time: 0.58m | eta: 35.8m
step 00072/03814 (1.89%) | loss: 6.134791 | lrm: 1.00 | dt: 609.22ms | tok/sec: 88,244 | bf16_mfu: 0.00 | epoch: 1 pq: 0 rg: 8 | total time: 0.59m | eta: 35.8m
step 00073/03814 (1.91%) | loss: 6.134512 | lrm: 1.00 | dt: 607.40ms | tok/sec: 88,507 | bf16_mfu: 0.00 | epoch: 1 pq: 0 rg: 8 | total time: 0.60m | eta: 35.8m
step 00074/03814 (1.94%) | loss: 6.118888 | lrm: 1.00 | dt: 606.94ms | tok/sec: 88,574 | bf16_mfu: 0.00 | epoch: 1 pq: 0 rg: 8 | total time: 0.61m | eta: 35.8m
step 00075/03814 (1.97%) | loss: 6.100673 | lrm: 1.00 | dt: 608.06ms | tok/sec: 88,413 | bf16_mfu: 0.00 | epoch: 1 pq: 0 rg: 8 | total time: 0.62m | eta: 35.9m
step 00076/03814 (1.99%) | loss: 6.076140 | lrm: 1.00 | dt: 608.99ms | tok/sec: 88,277 | bf16_mfu: 0.00 | epoch: 1 pq: 0 rg: 8 | total time: 0.63m | eta: 35.9m
step 00077/03814 (2.02%) | loss: 6.069378 | lrm: 1.00 | dt: 610.27ms | tok/sec: 88,092 | bf16_mfu: 0.00 | epoch: 1 pq: 0 rg: 9 | total time: 0.64m | eta: 35.9m
step 00078/03814 (2.05%) | loss: 6.073817 | lrm: 1.00 | dt: 605.18ms | tok/sec: 88,833 | bf16_mfu: 0.00 | epoch: 1 pq: 0 rg: 9 | total time: 0.65m | eta: 35.9m
step 00079/03814 (2.07%) | loss: 6.079279 | lrm: 1.00 | dt: 606.09ms | tok/sec: 88,699 | bf16_mfu: 0.00 | epoch: 1 pq: 0 rg: 9 | total time: 0.66m | eta: 35.9m
step 00080/03814 (2.10%) | loss: 6.064001 | lrm: 1.00 | dt: 611.09ms | tok/sec: 87,973 | bf16_mfu: 0.00 | epoch: 1 pq: 0 rg: 9 | total time: 0.67m | eta: 36.0m
step 00081/03814 (2.12%) | loss: 6.046916 | lrm: 1.00 | dt: 604.44ms | tok/sec: 88,941 | bf16_mfu: 0.00 | epoch: 1 pq: 0 rg: 9 | total time: 0.68m | eta: 36.0m
step 00082/03814 (2.15%) | loss: 6.039422 | lrm: 1.00 | dt: 610.98ms | tok/sec: 87,989 | bf16_mfu: 0.00 | epoch: 1 pq: 0 rg: 9 | total time: 0.69m | eta: 36.0m
step 00083/03814 (2.18%) | loss: 6.040133 | lrm: 1.00 | dt: 606.87ms | tok/sec: 88,585 | bf16_mfu: 0.00 | epoch: 1 pq: 0 rg: 9 | total time: 0.70m | eta: 36.0m
step 00084/03814 (2.20%) | loss: 6.022936 | lrm: 1.00 | dt: 618.19ms | tok/sec: 86,963 | bf16_mfu: 0.00 | epoch: 1 pq: 0 rg: 9 | total time: 0.71m | eta: 36.0m
step 00085/03814 (2.23%) | loss: 5.998320 | lrm: 1.00 | dt: 614.12ms | tok/sec: 87,539 | bf16_mfu: 0.00 | epoch: 1 pq: 0 rg: 9 | total time: 0.73m | eta: 36.1m
step 00086/03814 (2.25%) | loss: 5.992651 | lrm: 1.00 | dt: 627.06ms | tok/sec: 85,734 | bf16_mfu: 0.00 | epoch: 1 pq: 0 rg: 9 | total time: 0.74m | eta: 36.1m
step 00087/03814 (2.28%) | loss: 5.993491 | lrm: 1.00 | dt: 611.88ms | tok/sec: 87,860 | bf16_mfu: 0.00 | epoch: 1 pq: 0 rg: 10 | total time: 0.75m | eta: 36.1m
step 00088/03814 (2.31%) | loss: 5.983238 | lrm: 1.00 | dt: 625.11ms | tok/sec: 86,000 | bf16_mfu: 0.00 | epoch: 1 pq: 0 rg: 10 | total time: 0.76m | eta: 36.1m
step 00089/03814 (2.33%) | loss: 5.971046 | lrm: 1.00 | dt: 611.83ms | tok/sec: 87,868 | bf16_mfu: 0.00 | epoch: 1 pq: 0 rg: 10 | total time: 0.77m | eta: 36.1m
step 00090/03814 (2.36%) | loss: 5.959782 | lrm: 1.00 | dt: 624.86ms | tok/sec: 86,035 | bf16_mfu: 0.00 | epoch: 1 pq: 0 rg: 10 | total time: 0.78m | eta: 36.2m
step 00091/03814 (2.39%) | loss: 5.953572 | lrm: 1.00 | dt: 626.37ms | tok/sec: 85,827 | bf16_mfu: 0.00 | epoch: 1 pq: 0 rg: 10 | total time: 0.79m | eta: 36.2m
step 00092/03814 (2.41%) | loss: 5.941712 | lrm: 1.00 | dt: 624.98ms | tok/sec: 86,018 | bf16_mfu: 0.00 | epoch: 1 pq: 0 rg: 10 | total time: 0.80m | eta: 36.2m
step 00093/03814 (2.44%) | loss: 5.926821 | lrm: 1.00 | dt: 611.74ms | tok/sec: 87,881 | bf16_mfu: 0.00 | epoch: 1 pq: 0 rg: 10 | total time: 0.81m | eta: 36.2m
step 00094/03814 (2.46%) | loss: 5.909967 | lrm: 1.00 | dt: 632.98ms | tok/sec: 84,932 | bf16_mfu: 0.00 | epoch: 1 pq: 0 rg: 10 | total time: 0.82m | eta: 36.2m
step 00095/03814 (2.49%) | loss: 5.905770 | lrm: 1.00 | dt: 621.65ms | tok/sec: 86,478 | bf16_mfu: 0.00 | epoch: 1 pq: 0 rg: 10 | total time: 0.83m | eta: 36.3m
step 00096/03814 (2.52%) | loss: 5.897245 | lrm: 1.00 | dt: 607.10ms | tok/sec: 88,552 | bf16_mfu: 0.00 | epoch: 1 pq: 0 rg: 10 | total time: 0.84m | eta: 36.3m
step 00097/03814 (2.54%) | loss: 5.889233 | lrm: 1.00 | dt: 606.23ms | tok/sec: 88,679 | bf16_mfu: 0.00 | epoch: 1 pq: 0 rg: 10 | total time: 0.85m | eta: 36.3m
step 00098/03814 (2.57%) | loss: 5.884259 | lrm: 1.00 | dt: 605.49ms | tok/sec: 88,786 | bf16_mfu: 0.00 | epoch: 1 pq: 0 rg: 11 | total time: 0.86m | eta: 36.3m
step 00099/03814 (2.60%) | loss: 5.883404 | lrm: 1.00 | dt: 606.29ms | tok/sec: 88,670 | bf16_mfu: 0.00 | epoch: 1 pq: 0 rg: 11 | total time: 0.87m | eta: 36.3m
step 00100/03814 (2.62%) | loss: 5.869167 | lrm: 1.00 | dt: 604.84ms | tok/sec: 88,882 | bf16_mfu: 0.00 | epoch: 1 pq: 0 rg: 11 | total time: 0.88m | eta: 36.3m
step 00101/03814 (2.65%) | loss: 5.854995 | lrm: 1.00 | dt: 606.75ms | tok/sec: 88,603 | bf16_mfu: 0.00 | epoch: 1 pq: 0 rg: 11 | total time: 0.89m | eta: 36.3m
step 00102/03814 (2.67%) | loss: 5.839517 | lrm: 1.00 | dt: 607.93ms | tok/sec: 88,430 | bf16_mfu: 0.00 | epoch: 1 pq: 0 rg: 11 | total time: 0.90m | eta: 36.3m
step 00103/03814 (2.70%) | loss: 5.843572 | lrm: 1.00 | dt: 608.27ms | tok/sec: 88,381 | bf16_mfu: 0.00 | epoch: 1 pq: 0 rg: 11 | total time: 0.91m | eta: 36.3m
step 00104/03814 (2.73%) | loss: 5.834071 | lrm: 1.00 | dt: 606.71ms | tok/sec: 88,609 | bf16_mfu: 0.00 | epoch: 1 pq: 0 rg: 11 | total time: 0.92m | eta: 36.3m
step 00105/03814 (2.75%) | loss: 5.819958 | lrm: 1.00 | dt: 607.28ms | tok/sec: 88,525 | bf16_mfu: 0.00 | epoch: 1 pq: 0 rg: 11 | total time: 0.93m | eta: 36.3m
step 00106/03814 (2.78%) | loss: 5.805921 | lrm: 1.00 | dt: 606.64ms | tok/sec: 88,618 | bf16_mfu: 0.00 | epoch: 1 pq: 0 rg: 11 | total time: 0.94m | eta: 36.3m
step 00107/03814 (2.81%) | loss: 5.808532 | lrm: 1.00 | dt: 607.06ms | tok/sec: 88,557 | bf16_mfu: 0.00 | epoch: 1 pq: 0 rg: 11 | total time: 0.95m | eta: 36.3m
step 00108/03814 (2.83%) | loss: 5.807293 | lrm: 1.00 | dt: 679.16ms | tok/sec: 79,157 | bf16_mfu: 0.00 | epoch: 1 pq: 0 rg: 12 | total time: 0.96m | eta: 36.4m
step 00109/03814 (2.86%) | loss: 5.797432 | lrm: 1.00 | dt: 595.55ms | tok/sec: 90,268 | bf16_mfu: 0.00 | epoch: 1 pq: 0 rg: 12 | total time: 0.97m | eta: 36.4m
step 00110/03814 (2.88%) | loss: 5.785467 | lrm: 1.00 | dt: 607.10ms | tok/sec: 88,551 | bf16_mfu: 0.00 | epoch: 1 pq: 0 rg: 12 | total time: 0.98m | eta: 36.4m
step 00111/03814 (2.91%) | loss: 5.781194 | lrm: 1.00 | dt: 604.07ms | tok/sec: 88,996 | bf16_mfu: 0.00 | epoch: 1 pq: 0 rg: 12 | total time: 0.99m | eta: 36.4m
step 00112/03814 (2.94%) | loss: 5.771924 | lrm: 1.00 | dt: 592.33ms | tok/sec: 90,760 | bf16_mfu: 0.00 | epoch: 1 pq: 0 rg: 12 | total time: 1.00m | eta: 36.3m
step 00113/03814 (2.96%) | loss: 5.750252 | lrm: 1.00 | dt: 597.59ms | tok/sec: 89,961 | bf16_mfu: 0.00 | epoch: 1 pq: 0 rg: 12 | total time: 1.01m | eta: 36.3m
step 00114/03814 (2.99%) | loss: 5.739290 | lrm: 1.00 | dt: 592.32ms | tok/sec: 90,762 | bf16_mfu: 0.00 | epoch: 1 pq: 0 rg: 12 | total time: 1.02m | eta: 36.3m
step 00115/03814 (3.02%) | loss: 5.743341 | lrm: 1.00 | dt: 591.15ms | tok/sec: 90,941 | bf16_mfu: 0.00 | epoch: 1 pq: 0 rg: 12 | total time: 1.03m | eta: 36.3m
step 00116/03814 (3.04%) | loss: 5.743383 | lrm: 1.00 | dt: 601.47ms | tok/sec: 89,381 | bf16_mfu: 0.00 | epoch: 1 pq: 0 rg: 12 | total time: 1.04m | eta: 36.3m
step 00117/03814 (3.07%) | loss: 5.727962 | lrm: 1.00 | dt: 590.62ms | tok/sec: 91,023 | bf16_mfu: 0.00 | epoch: 1 pq: 0 rg: 12 | total time: 1.05m | eta: 36.3m
step 00118/03814 (3.09%) | loss: 5.705942 | lrm: 1.00 | dt: 589.40ms | tok/sec: 91,211 | bf16_mfu: 0.00 | epoch: 1 pq: 0 rg: 12 | total time: 1.06m | eta: 36.3m
step 00119/03814 (3.12%) | loss: 5.696992 | lrm: 1.00 | dt: 603.68ms | tok/sec: 89,054 | bf16_mfu: 0.00 | epoch: 1 pq: 0 rg: 13 | total time: 1.07m | eta: 36.3m
step 00120/03814 (3.15%) | loss: 5.690167 | lrm: 1.00 | dt: 587.95ms | tok/sec: 91,435 | bf16_mfu: 0.00 | epoch: 1 pq: 0 rg: 13 | total time: 1.08m | eta: 36.3m
step 00121/03814 (3.17%) | loss: 5.673720 | lrm: 1.00 | dt: 668.05ms | tok/sec: 80,473 | bf16_mfu: 0.00 | epoch: 1 pq: 0 rg: 13 | total time: 1.09m | eta: 36.3m
step 00122/03814 (3.20%) | loss: 5.662304 | lrm: 1.00 | dt: 588.91ms | tok/sec: 91,286 | bf16_mfu: 0.00 | epoch: 1 pq: 0 rg: 13 | total time: 1.10m | eta: 36.3m
step 00123/03814 (3.22%) | loss: 5.641670 | lrm: 1.00 | dt: 583.33ms | tok/sec: 92,160 | bf16_mfu: 0.00 | epoch: 1 pq: 0 rg: 13 | total time: 1.11m | eta: 36.3m
step 00124/03814 (3.25%) | loss: 5.648309 | lrm: 1.00 | dt: 579.23ms | tok/sec: 92,812 | bf16_mfu: 0.00 | epoch: 1 pq: 0 rg: 13 | total time: 1.12m | eta: 36.3m
step 00125/03814 (3.28%) | loss: 5.652535 | lrm: 1.00 | dt: 578.21ms | tok/sec: 92,975 | bf16_mfu: 0.00 | epoch: 1 pq: 0 rg: 13 | total time: 1.13m | eta: 36.3m
step 00126/03814 (3.30%) | loss: 5.635984 | lrm: 1.00 | dt: 582.97ms | tok/sec: 92,217 | bf16_mfu: 0.00 | epoch: 1 pq: 0 rg: 13 | total time: 1.14m | eta: 36.3m
step 00127/03814 (3.33%) | loss: 5.617979 | lrm: 1.00 | dt: 569.85ms | tok/sec: 94,341 | bf16_mfu: 0.00 | epoch: 1 pq: 0 rg: 13 | total time: 1.15m | eta: 36.2m
step 00128/03814 (3.36%) | loss: 5.626840 | lrm: 1.00 | dt: 583.93ms | tok/sec: 92,066 | bf16_mfu: 0.00 | epoch: 1 pq: 0 rg: 13 | total time: 1.16m | eta: 36.2m
step 00129/03814 (3.38%) | loss: 5.623899 | lrm: 1.00 | dt: 571.13ms | tok/sec: 94,129 | bf16_mfu: 0.00 | epoch: 1 pq: 0 rg: 14 | total time: 1.17m | eta: 36.2m
step 00130/03814 (3.41%) | loss: 5.622056 | lrm: 1.00 | dt: 583.81ms | tok/sec: 92,084 | bf16_mfu: 0.00 | epoch: 1 pq: 0 rg: 14 | total time: 1.18m | eta: 36.2m
step 00131/03814 (3.43%) | loss: 5.603765 | lrm: 1.00 | dt: 567.17ms | tok/sec: 94,786 | bf16_mfu: 0.00 | epoch: 1 pq: 0 rg: 14 | total time: 1.19m | eta: 36.2m
step 00132/03814 (3.46%) | loss: 5.591043 | lrm: 1.00 | dt: 568.81ms | tok/sec: 94,513 | bf16_mfu: 0.00 | epoch: 1 pq: 0 rg: 14 | total time: 1.20m | eta: 36.1m
step 00133/03814 (3.49%) | loss: 5.581563 | lrm: 1.00 | dt: 581.30ms | tok/sec: 92,481 | bf16_mfu: 0.00 | epoch: 1 pq: 0 rg: 14 | total time: 1.21m | eta: 36.1m
step 00134/03814 (3.51%) | loss: 5.580262 | lrm: 1.00 | dt: 575.46ms | tok/sec: 93,420 | bf16_mfu: 0.00 | epoch: 1 pq: 0 rg: 14 | total time: 1.22m | eta: 36.1m
step 00135/03814 (3.54%) | loss: 5.569040 | lrm: 1.00 | dt: 575.98ms | tok/sec: 93,335 | bf16_mfu: 0.00 | epoch: 1 pq: 0 rg: 14 | total time: 1.23m | eta: 36.1m
step 00136/03814 (3.57%) | loss: 5.553893 | lrm: 1.00 | dt: 573.88ms | tok/sec: 93,677 | bf16_mfu: 0.00 | epoch: 1 pq: 0 rg: 14 | total time: 1.24m | eta: 36.1m
step 00137/03814 (3.59%) | loss: 5.542889 | lrm: 1.00 | dt: 567.16ms | tok/sec: 94,788 | bf16_mfu: 0.00 | epoch: 1 pq: 0 rg: 14 | total time: 1.25m | eta: 36.1m
step 00138/03814 (3.62%) | loss: 5.541528 | lrm: 1.00 | dt: 566.19ms | tok/sec: 94,951 | bf16_mfu: 0.00 | epoch: 1 pq: 0 rg: 14 | total time: 1.26m | eta: 36.0m
step 00139/03814 (3.64%) | loss: 5.516905 | lrm: 1.00 | dt: 591.98ms | tok/sec: 90,814 | bf16_mfu: 0.00 | epoch: 1 pq: 0 rg: 15 | total time: 1.26m | eta: 36.0m
step 00140/03814 (3.67%) | loss: 5.504668 | lrm: 1.00 | dt: 582.80ms | tok/sec: 92,245 | bf16_mfu: 0.00 | epoch: 1 pq: 0 rg: 15 | total time: 1.27m | eta: 36.0m
step 00141/03814 (3.70%) | loss: 5.496343 | lrm: 1.00 | dt: 585.34ms | tok/sec: 91,843 | bf16_mfu: 0.00 | epoch: 1 pq: 0 rg: 15 | total time: 1.28m | eta: 36.0m
step 00142/03814 (3.72%) | loss: 5.482718 | lrm: 1.00 | dt: 567.20ms | tok/sec: 94,780 | bf16_mfu: 0.00 | epoch: 1 pq: 0 rg: 15 | total time: 1.29m | eta: 36.0m
step 00143/03814 (3.75%) | loss: 5.486492 | lrm: 1.00 | dt: 567.79ms | tok/sec: 94,682 | bf16_mfu: 0.00 | epoch: 1 pq: 0 rg: 15 | total time: 1.30m | eta: 36.0m
step 00144/03814 (3.78%) | loss: 5.472308 | lrm: 1.00 | dt: 566.55ms | tok/sec: 94,890 | bf16_mfu: 0.00 | epoch: 1 pq: 0 rg: 15 | total time: 1.31m | eta: 36.0m
step 00145/03814 (3.80%) | loss: 5.455495 | lrm: 1.00 | dt: 565.64ms | tok/sec: 95,042 | bf16_mfu: 0.00 | epoch: 1 pq: 0 rg: 15 | total time: 1.32m | eta: 35.9m
step 00146/03814 (3.83%) | loss: 5.470389 | lrm: 1.00 | dt: 579.00ms | tok/sec: 92,849 | bf16_mfu: 0.00 | epoch: 1 pq: 0 rg: 15 | total time: 1.33m | eta: 35.9m
step 00147/03814 (3.85%) | loss: 5.463656 | lrm: 1.00 | dt: 605.25ms | tok/sec: 88,822 | bf16_mfu: 0.00 | epoch: 1 pq: 0 rg: 15 | total time: 1.34m | eta: 35.9m
step 00148/03814 (3.88%) | loss: 5.449616 | lrm: 1.00 | dt: 576.81ms | tok/sec: 93,201 | bf16_mfu: 0.00 | epoch: 1 pq: 0 rg: 15 | total time: 1.35m | eta: 35.9m
step 00149/03814 (3.91%) | loss: 5.447376 | lrm: 1.00 | dt: 567.88ms | tok/sec: 94,667 | bf16_mfu: 0.00 | epoch: 1 pq: 0 rg: 15 | total time: 1.36m | eta: 35.9m
step 00150/03814 (3.93%) | loss: 5.449034 | lrm: 1.00 | dt: 574.92ms | tok/sec: 93,508 | bf16_mfu: 0.00 | epoch: 1 pq: 0 rg: 16 | total time: 1.37m | eta: 35.9m
step 00151/03814 (3.96%) | loss: 5.440109 | lrm: 1.00 | dt: 569.48ms | tok/sec: 94,401 | bf16_mfu: 0.00 | epoch: 1 pq: 0 rg: 16 | total time: 1.38m | eta: 35.9m
step 00152/03814 (3.99%) | loss: 5.432021 | lrm: 1.00 | dt: 576.78ms | tok/sec: 93,206 | bf16_mfu: 0.00 | epoch: 1 pq: 0 rg: 16 | total time: 1.39m | eta: 35.8m
step 00153/03814 (4.01%) | loss: 5.413994 | lrm: 1.00 | dt: 565.72ms | tok/sec: 95,029 | bf16_mfu: 0.00 | epoch: 1 pq: 0 rg: 16 | total time: 1.40m | eta: 35.8m
step 00154/03814 (4.04%) | loss: 5.404115 | lrm: 1.00 | dt: 568.27ms | tok/sec: 94,602 | bf16_mfu: 0.00 | epoch: 1 pq: 0 rg: 16 | total time: 1.41m | eta: 35.8m
step 00155/03814 (4.06%) | loss: 5.405491 | lrm: 1.00 | dt: 566.49ms | tok/sec: 94,900 | bf16_mfu: 0.00 | epoch: 1 pq: 0 rg: 16 | total time: 1.42m | eta: 35.8m
step 00156/03814 (4.09%) | loss: 5.383351 | lrm: 1.00 | dt: 566.10ms | tok/sec: 94,966 | bf16_mfu: 0.00 | epoch: 1 pq: 0 rg: 16 | total time: 1.43m | eta: 35.8m
step 00157/03814 (4.12%) | loss: 5.371772 | lrm: 1.00 | dt: 566.11ms | tok/sec: 94,964 | bf16_mfu: 0.00 | epoch: 1 pq: 0 rg: 16 | total time: 1.44m | eta: 35.7m
step 00158/03814 (4.14%) | loss: 5.362765 | lrm: 1.00 | dt: 571.24ms | tok/sec: 94,111 | bf16_mfu: 0.00 | epoch: 1 pq: 0 rg: 16 | total time: 1.45m | eta: 35.7m
step 00159/03814 (4.17%) | loss: 5.385537 | lrm: 1.00 | dt: 565.54ms | tok/sec: 95,059 | bf16_mfu: 0.00 | epoch: 1 pq: 0 rg: 16 | total time: 1.46m | eta: 35.7m
step 00160/03814 (4.20%) | loss: 5.385294 | lrm: 1.00 | dt: 568.55ms | tok/sec: 94,556 | bf16_mfu: 0.00 | epoch: 1 pq: 0 rg: 17 | total time: 1.47m | eta: 35.7m
step 00161/03814 (4.22%) | loss: 5.377468 | lrm: 1.00 | dt: 568.13ms | tok/sec: 94,626 | bf16_mfu: 0.00 | epoch: 1 pq: 0 rg: 17 | total time: 1.47m | eta: 35.7m
step 00162/03814 (4.25%) | loss: 5.359859 | lrm: 1.00 | dt: 566.04ms | tok/sec: 94,976 | bf16_mfu: 0.00 | epoch: 1 pq: 0 rg: 17 | total time: 1.48m | eta: 35.7m
step 00163/03814 (4.27%) | loss: 5.339843 | lrm: 1.00 | dt: 567.71ms | tok/sec: 94,696 | bf16_mfu: 0.00 | epoch: 1 pq: 0 rg: 17 | total time: 1.49m | eta: 35.6m
step 00164/03814 (4.30%) | loss: 5.346161 | lrm: 1.00 | dt: 569.49ms | tok/sec: 94,399 | bf16_mfu: 0.00 | epoch: 1 pq: 0 rg: 17 | total time: 1.50m | eta: 35.6m
step 00165/03814 (4.33%) | loss: 5.351942 | lrm: 1.00 | dt: 566.67ms | tok/sec: 94,869 | bf16_mfu: 0.00 | epoch: 1 pq: 0 rg: 17 | total time: 1.51m | eta: 35.6m
step 00166/03814 (4.35%) | loss: 5.336303 | lrm: 1.00 | dt: 566.69ms | tok/sec: 94,865 | bf16_mfu: 0.00 | epoch: 1 pq: 0 rg: 17 | total time: 1.52m | eta: 35.6m
step 00167/03814 (4.38%) | loss: 5.316685 | lrm: 1.00 | dt: 567.71ms | tok/sec: 94,696 | bf16_mfu: 0.00 | epoch: 1 pq: 0 rg: 17 | total time: 1.53m | eta: 35.6m
step 00168/03814 (4.40%) | loss: 5.303168 | lrm: 1.00 | dt: 566.53ms | tok/sec: 94,893 | bf16_mfu: 0.00 | epoch: 1 pq: 0 rg: 17 | total time: 1.54m | eta: 35.6m
step 00169/03814 (4.43%) | loss: 5.317853 | lrm: 1.00 | dt: 567.91ms | tok/sec: 94,662 | bf16_mfu: 0.00 | epoch: 1 pq: 0 rg: 17 | total time: 1.55m | eta: 35.5m
step 00170/03814 (4.46%) | loss: 5.315213 | lrm: 1.00 | dt: 607.75ms | tok/sec: 88,457 | bf16_mfu: 0.00 | epoch: 1 pq: 0 rg: 18 | total time: 1.56m | eta: 35.5m
step 00171/03814 (4.48%) | loss: 5.302792 | lrm: 1.00 | dt: 571.49ms | tok/sec: 94,069 | bf16_mfu: 0.00 | epoch: 1 pq: 0 rg: 18 | total time: 1.57m | eta: 35.5m
step 00172/03814 (4.51%) | loss: 5.314497 | lrm: 1.00 | dt: 572.10ms | tok/sec: 93,968 | bf16_mfu: 0.00 | epoch: 1 pq: 0 rg: 18 | total time: 1.58m | eta: 35.5m
step 00173/03814 (4.54%) | loss: 5.303006 | lrm: 1.00 | dt: 579.53ms | tok/sec: 92,764 | bf16_mfu: 0.00 | epoch: 1 pq: 0 rg: 18 | total time: 1.59m | eta: 35.5m
step 00174/03814 (4.56%) | loss: 5.283104 | lrm: 1.00 | dt: 567.19ms | tok/sec: 94,783 | bf16_mfu: 0.00 | epoch: 1 pq: 0 rg: 18 | total time: 1.60m | eta: 35.5m
step 00175/03814 (4.59%) | loss: 5.264079 | lrm: 1.00 | dt: 566.72ms | tok/sec: 94,861 | bf16_mfu: 0.00 | epoch: 1 pq: 0 rg: 18 | total time: 1.61m | eta: 35.5m
step 00176/03814 (4.61%) | loss: 5.269814 | lrm: 1.00 | dt: 569.36ms | tok/sec: 94,421 | bf16_mfu: 0.00 | epoch: 1 pq: 0 rg: 18 | total time: 1.62m | eta: 35.5m
step 00177/03814 (4.64%) | loss: 5.272576 | lrm: 1.00 | dt: 565.81ms | tok/sec: 95,014 | bf16_mfu: 0.00 | epoch: 1 pq: 0 rg: 18 | total time: 1.63m | eta: 35.4m
step 00178/03814 (4.67%) | loss: 5.258163 | lrm: 1.00 | dt: 566.72ms | tok/sec: 94,861 | bf16_mfu: 0.00 | epoch: 1 pq: 0 rg: 18 | total time: 1.64m | eta: 35.4m
step 00179/03814 (4.69%) | loss: 5.237372 | lrm: 1.00 | dt: 566.74ms | tok/sec: 94,858 | bf16_mfu: 0.00 | epoch: 1 pq: 0 rg: 18 | total time: 1.65m | eta: 35.4m
step 00180/03814 (4.72%) | loss: 5.231087 | lrm: 1.00 | dt: 567.24ms | tok/sec: 94,775 | bf16_mfu: 0.00 | epoch: 1 pq: 0 rg: 18 | total time: 1.66m | eta: 35.4m
step 00181/03814 (4.75%) | loss: 5.245619 | lrm: 1.00 | dt: 623.12ms | tok/sec: 86,276 | bf16_mfu: 0.00 | epoch: 1 pq: 0 rg: 19 | total time: 1.67m | eta: 35.4m
step 00182/03814 (4.77%) | loss: 5.226569 | lrm: 1.00 | dt: 573.34ms | tok/sec: 93,766 | bf16_mfu: 0.00 | epoch: 1 pq: 0 rg: 19 | total time: 1.68m | eta: 35.4m
step 00183/03814 (4.80%) | loss: 5.210983 | lrm: 1.00 | dt: 566.21ms | tok/sec: 94,947 | bf16_mfu: 0.00 | epoch: 1 pq: 0 rg: 19 | total time: 1.68m | eta: 35.4m
step 00184/03814 (4.82%) | loss: 5.222718 | lrm: 1.00 | dt: 567.43ms | tok/sec: 94,742 | bf16_mfu: 0.00 | epoch: 1 pq: 0 rg: 19 | total time: 1.69m | eta: 35.3m
step 00185/03814 (4.85%) | loss: 5.220950 | lrm: 1.00 | dt: 568.01ms | tok/sec: 94,645 | bf16_mfu: 0.00 | epoch: 1 pq: 0 rg: 19 | total time: 1.70m | eta: 35.3m
step 00186/03814 (4.88%) | loss: 5.201476 | lrm: 1.00 | dt: 568.08ms | tok/sec: 94,634 | bf16_mfu: 0.00 | epoch: 1 pq: 0 rg: 19 | total time: 1.71m | eta: 35.3m
step 00187/03814 (4.90%) | loss: 5.183670 | lrm: 1.00 | dt: 567.56ms | tok/sec: 94,721 | bf16_mfu: 0.00 | epoch: 1 pq: 0 rg: 19 | total time: 1.72m | eta: 35.3m
step 00188/03814 (4.93%) | loss: 5.163229 | lrm: 1.00 | dt: 567.96ms | tok/sec: 94,653 | bf16_mfu: 0.00 | epoch: 1 pq: 0 rg: 19 | total time: 1.73m | eta: 35.3m
step 00189/03814 (4.96%) | loss: 5.166933 | lrm: 1.00 | dt: 572.00ms | tok/sec: 93,986 | bf16_mfu: 0.00 | epoch: 1 pq: 0 rg: 19 | total time: 1.74m | eta: 35.3m
step 00190/03814 (4.98%) | loss: 5.163184 | lrm: 1.00 | dt: 581.84ms | tok/sec: 92,395 | bf16_mfu: 0.00 | epoch: 1 pq: 0 rg: 19 | total time: 1.75m | eta: 35.3m
step 00191/03814 (5.01%) | loss: 5.151183 | lrm: 1.00 | dt: 567.66ms | tok/sec: 94,704 | bf16_mfu: 0.00 | epoch: 1 pq: 0 rg: 19 | total time: 1.76m | eta: 35.2m
step 00192/03814 (5.03%) | loss: 5.134364 | lrm: 1.00 | dt: 579.59ms | tok/sec: 92,754 | bf16_mfu: 0.00 | epoch: 1 pq: 0 rg: 20 | total time: 1.77m | eta: 35.2m
step 00193/03814 (5.06%) | loss: 5.155705 | lrm: 1.00 | dt: 575.56ms | tok/sec: 93,404 | bf16_mfu: 0.00 | epoch: 1 pq: 0 rg: 20 | total time: 1.78m | eta: 35.2m
step 00194/03814 (5.09%) | loss: 5.144097 | lrm: 1.00 | dt: 584.99ms | tok/sec: 91,898 | bf16_mfu: 0.00 | epoch: 1 pq: 0 rg: 20 | total time: 1.79m | eta: 35.2m
step 00195/03814 (5.11%) | loss: 5.131232 | lrm: 1.00 | dt: 569.80ms | tok/sec: 94,349 | bf16_mfu: 0.00 | epoch: 1 pq: 0 rg: 20 | total time: 1.80m | eta: 35.2m
step 00196/03814 (5.14%) | loss: 5.131379 | lrm: 1.00 | dt: 583.06ms | tok/sec: 92,202 | bf16_mfu: 0.00 | epoch: 1 pq: 0 rg: 20 | total time: 1.81m | eta: 35.2m
step 00197/03814 (5.17%) | loss: 5.131396 | lrm: 1.00 | dt: 586.72ms | tok/sec: 91,628 | bf16_mfu: 0.00 | epoch: 1 pq: 0 rg: 20 | total time: 1.82m | eta: 35.2m
step 00198/03814 (5.19%) | loss: 5.128726 | lrm: 1.00 | dt: 584.42ms | tok/sec: 91,988 | bf16_mfu: 0.00 | epoch: 1 pq: 0 rg: 20 | total time: 1.83m | eta: 35.2m
step 00199/03814 (5.22%) | loss: 5.111524 | lrm: 1.00 | dt: 577.02ms | tok/sec: 93,168 | bf16_mfu: 0.00 | epoch: 1 pq: 0 rg: 20 | total time: 1.84m | eta: 35.2m
step 00200/03814 (5.24%) | loss: 5.097860 | lrm: 1.00 | dt: 581.10ms | tok/sec: 92,513 | bf16_mfu: 0.00 | epoch: 1 pq: 0 rg: 20 | total time: 1.85m | eta: 35.1m
step 00201/03814 (5.27%) | loss: 5.120422 | lrm: 1.00 | dt: 585.89ms | tok/sec: 91,757 | bf16_mfu: 0.00 | epoch: 1 pq: 0 rg: 20 | total time: 1.86m | eta: 35.1m
step 00202/03814 (5.30%) | loss: 5.136512 | lrm: 1.00 | dt: 628.46ms | tok/sec: 85,542 | bf16_mfu: 0.00 | epoch: 1 pq: 0 rg: 21 | total time: 1.87m | eta: 35.1m
step 00203/03814 (5.32%) | loss: 5.111909 | lrm: 1.00 | dt: 592.10ms | tok/sec: 90,795 | bf16_mfu: 0.00 | epoch: 1 pq: 0 rg: 21 | total time: 1.88m | eta: 35.1m
step 00204/03814 (5.35%) | loss: 5.099230 | lrm: 1.00 | dt: 580.59ms | tok/sec: 92,594 | bf16_mfu: 0.00 | epoch: 1 pq: 0 rg: 21 | total time: 1.89m | eta: 35.1m
step 00205/03814 (5.37%) | loss: 5.090519 | lrm: 1.00 | dt: 586.77ms | tok/sec: 91,619 | bf16_mfu: 0.00 | epoch: 1 pq: 0 rg: 21 | total time: 1.90m | eta: 35.1m
step 00206/03814 (5.40%) | loss: 5.102043 | lrm: 1.00 | dt: 587.32ms | tok/sec: 91,533 | bf16_mfu: 0.00 | epoch: 1 pq: 0 rg: 21 | total time: 1.91m | eta: 35.1m
step 00207/03814 (5.43%) | loss: 5.100425 | lrm: 1.00 | dt: 588.08ms | tok/sec: 91,416 | bf16_mfu: 0.00 | epoch: 1 pq: 0 rg: 21 | total time: 1.92m | eta: 35.1m
step 00208/03814 (5.45%) | loss: 5.073149 | lrm: 1.00 | dt: 586.35ms | tok/sec: 91,685 | bf16_mfu: 0.00 | epoch: 1 pq: 0 rg: 21 | total time: 1.93m | eta: 35.1m
step 00209/03814 (5.48%) | loss: 5.070804 | lrm: 1.00 | dt: 586.88ms | tok/sec: 91,603 | bf16_mfu: 0.00 | epoch: 1 pq: 0 rg: 21 | total time: 1.94m | eta: 35.1m
step 00210/03814 (5.51%) | loss: 5.052252 | lrm: 1.00 | dt: 600.06ms | tok/sec: 89,591 | bf16_mfu: 0.00 | epoch: 1 pq: 0 rg: 21 | total time: 1.95m | eta: 35.1m
step 00211/03814 (5.53%) | loss: 5.047673 | lrm: 1.00 | dt: 587.79ms | tok/sec: 91,460 | bf16_mfu: 0.00 | epoch: 1 pq: 0 rg: 21 | total time: 1.96m | eta: 35.1m
step 00212/03814 (5.56%) | loss: 5.023222 | lrm: 1.00 | dt: 601.12ms | tok/sec: 89,432 | bf16_mfu: 0.00 | epoch: 1 pq: 0 rg: 22 | total time: 1.97m | eta: 35.1m
step 00213/03814 (5.58%) | loss: 5.003871 | lrm: 1.00 | dt: 590.59ms | tok/sec: 91,027 | bf16_mfu: 0.00 | epoch: 1 pq: 0 rg: 22 | total time: 1.98m | eta: 35.1m
step 00214/03814 (5.61%) | loss: 5.022197 | lrm: 1.00 | dt: 586.81ms | tok/sec: 91,613 | bf16_mfu: 0.00 | epoch: 1 pq: 0 rg: 22 | total time: 1.99m | eta: 35.0m
step 00215/03814 (5.64%) | loss: 5.012889 | lrm: 1.00 | dt: 593.66ms | tok/sec: 90,556 | bf16_mfu: 0.00 | epoch: 1 pq: 0 rg: 22 | total time: 2.00m | eta: 35.0m
step 00216/03814 (5.66%) | loss: 5.003823 | lrm: 1.00 | dt: 603.35ms | tok/sec: 89,103 | bf16_mfu: 0.00 | epoch: 1 pq: 0 rg: 22 | total time: 2.01m | eta: 35.0m
step 00217/03814 (5.69%) | loss: 4.991012 | lrm: 1.00 | dt: 593.16ms | tok/sec: 90,632 | bf16_mfu: 0.00 | epoch: 1 pq: 0 rg: 22 | total time: 2.02m | eta: 35.0m
step 00218/03814 (5.72%) | loss: 5.004329 | lrm: 1.00 | dt: 604.12ms | tok/sec: 88,989 | bf16_mfu: 0.00 | epoch: 1 pq: 0 rg: 22 | total time: 2.03m | eta: 35.0m
step 00219/03814 (5.74%) | loss: 5.019291 | lrm: 1.00 | dt: 589.15ms | tok/sec: 91,249 | bf16_mfu: 0.00 | epoch: 1 pq: 0 rg: 22 | total time: 2.04m | eta: 35.0m
step 00220/03814 (5.77%) | loss: 5.003576 | lrm: 1.00 | dt: 590.81ms | tok/sec: 90,993 | bf16_mfu: 0.00 | epoch: 1 pq: 0 rg: 22 | total time: 2.05m | eta: 35.0m
step 00221/03814 (5.79%) | loss: 4.985456 | lrm: 1.00 | dt: 602.92ms | tok/sec: 89,165 | bf16_mfu: 0.00 | epoch: 1 pq: 0 rg: 22 | total time: 2.06m | eta: 35.0m
step 00222/03814 (5.82%) | loss: 4.975515 | lrm: 1.00 | dt: 602.41ms | tok/sec: 89,241 | bf16_mfu: 0.00 | epoch: 1 pq: 0 rg: 22 | total time: 2.07m | eta: 35.0m
step 00223/03814 (5.85%) | loss: 4.981516 | lrm: 1.00 | dt: 593.43ms | tok/sec: 90,591 | bf16_mfu: 0.00 | epoch: 1 pq: 0 rg: 23 | total time: 2.08m | eta: 35.0m
step 00224/03814 (5.87%) | loss: 4.964205 | lrm: 1.00 | dt: 600.82ms | tok/sec: 89,477 | bf16_mfu: 0.00 | epoch: 1 pq: 0 rg: 23 | total time: 2.09m | eta: 35.0m
step 00225/03814 (5.90%) | loss: 4.948724 | lrm: 1.00 | dt: 591.51ms | tok/sec: 90,885 | bf16_mfu: 0.00 | epoch: 1 pq: 0 rg: 23 | total time: 2.10m | eta: 35.0m
step 00226/03814 (5.93%) | loss: 4.951217 | lrm: 1.00 | dt: 607.81ms | tok/sec: 88,448 | bf16_mfu: 0.00 | epoch: 1 pq: 0 rg: 23 | total time: 2.11m | eta: 35.0m
step 00227/03814 (5.95%) | loss: 4.968921 | lrm: 1.00 | dt: 603.81ms | tok/sec: 89,034 | bf16_mfu: 0.00 | epoch: 1 pq: 0 rg: 23 | total time: 2.12m | eta: 35.0m
step 00228/03814 (5.98%) | loss: 4.972230 | lrm: 1.00 | dt: 609.76ms | tok/sec: 88,166 | bf16_mfu: 0.00 | epoch: 1 pq: 0 rg: 23 | total time: 2.13m | eta: 35.0m
step 00229/03814 (6.00%) | loss: 4.951239 | lrm: 1.00 | dt: 606.63ms | tok/sec: 88,620 | bf16_mfu: 0.00 | epoch: 1 pq: 0 rg: 23 | total time: 2.14m | eta: 35.0m
step 00230/03814 (6.03%) | loss: 4.948288 | lrm: 1.00 | dt: 607.03ms | tok/sec: 88,562 | bf16_mfu: 0.00 | epoch: 1 pq: 0 rg: 23 | total time: 2.15m | eta: 35.0m
step 00231/03814 (6.06%) | loss: 4.965826 | lrm: 1.00 | dt: 606.97ms | tok/sec: 88,571 | bf16_mfu: 0.00 | epoch: 1 pq: 0 rg: 23 | total time: 2.16m | eta: 35.0m
step 00232/03814 (6.08%) | loss: 4.972570 | lrm: 1.00 | dt: 605.73ms | tok/sec: 88,751 | bf16_mfu: 0.00 | epoch: 1 pq: 0 rg: 23 | total time: 2.17m | eta: 35.0m
step 00233/03814 (6.11%) | loss: 4.950527 | lrm: 1.00 | dt: 608.22ms | tok/sec: 88,389 | bf16_mfu: 0.00 | epoch: 1 pq: 0 rg: 24 | total time: 2.18m | eta: 34.9m
step 00234/03814 (6.14%) | loss: 4.939511 | lrm: 1.00 | dt: 607.84ms | tok/sec: 88,444 | bf16_mfu: 0.00 | epoch: 1 pq: 0 rg: 24 | total time: 2.19m | eta: 34.9m
step 00235/03814 (6.16%) | loss: 4.954525 | lrm: 1.00 | dt: 607.16ms | tok/sec: 88,542 | bf16_mfu: 0.00 | epoch: 1 pq: 0 rg: 24 | total time: 2.20m | eta: 34.9m
step 00236/03814 (6.19%) | loss: 4.941023 | lrm: 1.00 | dt: 605.37ms | tok/sec: 88,805 | bf16_mfu: 0.00 | epoch: 1 pq: 0 rg: 24 | total time: 2.21m | eta: 34.9m
step 00237/03814 (6.21%) | loss: 4.911254 | lrm: 1.00 | dt: 608.81ms | tok/sec: 88,303 | bf16_mfu: 0.00 | epoch: 1 pq: 0 rg: 24 | total time: 2.22m | eta: 34.9m
step 00238/03814 (6.24%) | loss: 4.880045 | lrm: 1.00 | dt: 607.52ms | tok/sec: 88,490 | bf16_mfu: 0.00 | epoch: 1 pq: 0 rg: 24 | total time: 2.23m | eta: 34.9m
step 00239/03814 (6.27%) | loss: 4.877840 | lrm: 1.00 | dt: 610.88ms | tok/sec: 88,003 | bf16_mfu: 0.00 | epoch: 1 pq: 0 rg: 24 | total time: 2.24m | eta: 34.9m
step 00240/03814 (6.29%) | loss: 4.878044 | lrm: 1.00 | dt: 602.44ms | tok/sec: 89,237 | bf16_mfu: 0.00 | epoch: 1 pq: 0 rg: 24 | total time: 2.25m | eta: 34.9m
step 00241/03814 (6.32%) | loss: 4.848998 | lrm: 1.00 | dt: 609.30ms | tok/sec: 88,231 | bf16_mfu: 0.00 | epoch: 1 pq: 0 rg: 24 | total time: 2.26m | eta: 34.9m
step 00242/03814 (6.35%) | loss: 4.826542 | lrm: 1.00 | dt: 607.54ms | tok/sec: 88,488 | bf16_mfu: 0.00 | epoch: 1 pq: 0 rg: 24 | total time: 2.27m | eta: 34.9m
step 00243/03814 (6.37%) | loss: 4.826346 | lrm: 1.00 | dt: 604.42ms | tok/sec: 88,944 | bf16_mfu: 0.00 | epoch: 1 pq: 0 rg: 24 | total time: 2.28m | eta: 34.9m
step 00244/03814 (6.40%) | loss: 4.834120 | lrm: 1.00 | dt: 651.13ms | tok/sec: 82,564 | bf16_mfu: 0.00 | epoch: 1 pq: 0 rg: 25 | total time: 2.29m | eta: 34.9m
step 00245/03814 (6.42%) | loss: 4.831579 | lrm: 1.00 | dt: 601.86ms | tok/sec: 89,323 | bf16_mfu: 0.00 | epoch: 1 pq: 0 rg: 25 | total time: 2.30m | eta: 34.9m
step 00246/03814 (6.45%) | loss: 4.820830 | lrm: 1.00 | dt: 603.59ms | tok/sec: 89,067 | bf16_mfu: 0.00 | epoch: 1 pq: 0 rg: 25 | total time: 2.31m | eta: 34.9m
step 00247/03814 (6.48%) | loss: 4.821490 | lrm: 1.00 | dt: 595.60ms | tok/sec: 90,262 | bf16_mfu: 0.00 | epoch: 1 pq: 0 rg: 25 | total time: 2.32m | eta: 34.9m
step 00248/03814 (6.50%) | loss: 4.833427 | lrm: 1.00 | dt: 607.78ms | tok/sec: 88,453 | bf16_mfu: 0.00 | epoch: 1 pq: 0 rg: 25 | total time: 2.33m | eta: 34.9m
step 00249/03814 (6.53%) | loss: 4.809565 | lrm: 1.00 | dt: 604.80ms | tok/sec: 88,888 | bf16_mfu: 0.00 | epoch: 1 pq: 0 rg: 25 | total time: 2.34m | eta: 34.9m
step 00250/03814 (6.55%) | loss: 4.791754 | lrm: 1.00 | dt: 608.31ms | tok/sec: 88,375 | bf16_mfu: 0.00 | epoch: 1 pq: 0 rg: 25 | total time: 2.35m | eta: 34.9m
step 00251/03814 (6.58%) | loss: 4.805728 | lrm: 1.00 | dt: 606.32ms | tok/sec: 88,665 | bf16_mfu: 0.00 | epoch: 1 pq: 0 rg: 25 | total time: 2.36m | eta: 34.9m
step 00252/03814 (6.61%) | loss: 4.824376 | lrm: 1.00 | dt: 608.63ms | tok/sec: 88,329 | bf16_mfu: 0.00 | epoch: 1 pq: 0 rg: 25 | total time: 2.37m | eta: 34.9m
step 00253/03814 (6.63%) | loss: 4.801862 | lrm: 1.00 | dt: 606.30ms | tok/sec: 88,668 | bf16_mfu: 0.00 | epoch: 1 pq: 0 rg: 25 | total time: 2.38m | eta: 34.9m
step 00254/03814 (6.66%) | loss: 4.786241 | lrm: 1.00 | dt: 606.58ms | tok/sec: 88,628 | bf16_mfu: 0.00 | epoch: 1 pq: 0 rg: 25 | total time: 2.39m | eta: 34.9m
step 00255/03814 (6.69%) | loss: 4.800263 | lrm: 1.00 | dt: 608.42ms | tok/sec: 88,360 | bf16_mfu: 0.00 | epoch: 1 pq: 0 rg: 26 | total time: 2.40m | eta: 34.9m
step 00256/03814 (6.71%) | loss: 4.783035 | lrm: 1.00 | dt: 609.55ms | tok/sec: 88,195 | bf16_mfu: 0.00 | epoch: 1 pq: 0 rg: 26 | total time: 2.41m | eta: 34.8m
step 00257/03814 (6.74%) | loss: 4.758609 | lrm: 1.00 | dt: 603.00ms | tok/sec: 89,154 | bf16_mfu: 0.00 | epoch: 1 pq: 0 rg: 26 | total time: 2.42m | eta: 34.8m
step 00258/03814 (6.76%) | loss: 4.751012 | lrm: 1.00 | dt: 601.55ms | tok/sec: 89,368 | bf16_mfu: 0.00 | epoch: 1 pq: 0 rg: 26 | total time: 2.43m | eta: 34.8m
step 00259/03814 (6.79%) | loss: 4.724645 | lrm: 1.00 | dt: 600.60ms | tok/sec: 89,510 | bf16_mfu: 0.00 | epoch: 1 pq: 0 rg: 26 | total time: 2.44m | eta: 34.8m
step 00260/03814 (6.82%) | loss: 4.723840 | lrm: 1.00 | dt: 600.22ms | tok/sec: 89,566 | bf16_mfu: 0.00 | epoch: 1 pq: 0 rg: 26 | total time: 2.45m | eta: 34.8m
step 00261/03814 (6.84%) | loss: 4.698640 | lrm: 1.00 | dt: 607.23ms | tok/sec: 88,533 | bf16_mfu: 0.00 | epoch: 1 pq: 0 rg: 26 | total time: 2.46m | eta: 34.8m
step 00262/03814 (6.87%) | loss: 4.685757 | lrm: 1.00 | dt: 606.78ms | tok/sec: 88,599 | bf16_mfu: 0.00 | epoch: 1 pq: 0 rg: 26 | total time: 2.47m | eta: 34.8m
step 00263/03814 (6.90%) | loss: 4.690088 | lrm: 1.00 | dt: 605.53ms | tok/sec: 88,782 | bf16_mfu: 0.00 | epoch: 1 pq: 0 rg: 26 | total time: 2.48m | eta: 34.8m
step 00264/03814 (6.92%) | loss: 4.716619 | lrm: 1.00 | dt: 605.98ms | tok/sec: 88,715 | bf16_mfu: 0.00 | epoch: 1 pq: 0 rg: 26 | total time: 2.49m | eta: 34.8m
step 00265/03814 (6.95%) | loss: 4.703056 | lrm: 1.00 | dt: 595.23ms | tok/sec: 90,317 | bf16_mfu: 0.00 | epoch: 1 pq: 0 rg: 27 | total time: 2.50m | eta: 34.8m
step 00266/03814 (6.97%) | loss: 4.684372 | lrm: 1.00 | dt: 603.14ms | tok/sec: 89,133 | bf16_mfu: 0.00 | epoch: 1 pq: 0 rg: 27 | total time: 2.51m | eta: 34.8m
step 00267/03814 (7.00%) | loss: 4.683910 | lrm: 1.00 | dt: 590.97ms | tok/sec: 90,968 | bf16_mfu: 0.00 | epoch: 1 pq: 0 rg: 27 | total time: 2.52m | eta: 34.8m
step 00268/03814 (7.03%) | loss: 4.687437 | lrm: 1.00 | dt: 598.23ms | tok/sec: 89,865 | bf16_mfu: 0.00 | epoch: 1 pq: 0 rg: 27 | total time: 2.53m | eta: 34.8m
step 00269/03814 (7.05%) | loss: 4.666929 | lrm: 1.00 | dt: 593.55ms | tok/sec: 90,573 | bf16_mfu: 0.00 | epoch: 1 pq: 0 rg: 27 | total time: 2.54m | eta: 34.8m
step 00270/03814 (7.08%) | loss: 4.658990 | lrm: 1.00 | dt: 589.61ms | tok/sec: 91,179 | bf16_mfu: 0.00 | epoch: 1 pq: 0 rg: 27 | total time: 2.55m | eta: 34.8m
step 00271/03814 (7.11%) | loss: 4.643836 | lrm: 1.00 | dt: 600.65ms | tok/sec: 89,503 | bf16_mfu: 0.00 | epoch: 1 pq: 0 rg: 27 | total time: 2.56m | eta: 34.7m
step 00272/03814 (7.13%) | loss: 4.668972 | lrm: 1.00 | dt: 593.86ms | tok/sec: 90,526 | bf16_mfu: 0.00 | epoch: 1 pq: 0 rg: 27 | total time: 2.57m | eta: 34.7m
step 00273/03814 (7.16%) | loss: 4.667968 | lrm: 1.00 | dt: 591.27ms | tok/sec: 90,923 | bf16_mfu: 0.00 | epoch: 1 pq: 0 rg: 27 | total time: 2.58m | eta: 34.7m
step 00274/03814 (7.18%) | loss: 4.647072 | lrm: 1.00 | dt: 590.01ms | tok/sec: 91,117 | bf16_mfu: 0.00 | epoch: 1 pq: 0 rg: 27 | total time: 2.59m | eta: 34.7m
step 00275/03814 (7.21%) | loss: 4.630438 | lrm: 1.00 | dt: 598.75ms | tok/sec: 89,786 | bf16_mfu: 0.00 | epoch: 1 pq: 0 rg: 27 | total time: 2.60m | eta: 34.7m
step 00276/03814 (7.24%) | loss: 4.632445 | lrm: 1.00 | dt: 591.03ms | tok/sec: 90,960 | bf16_mfu: 0.00 | epoch: 1 pq: 0 rg: 28 | total time: 2.61m | eta: 34.7m
step 00277/03814 (7.26%) | loss: 4.621372 | lrm: 1.00 | dt: 633.11ms | tok/sec: 84,914 | bf16_mfu: 0.00 | epoch: 1 pq: 0 rg: 28 | total time: 2.62m | eta: 34.7m
step 00278/03814 (7.29%) | loss: 4.625072 | lrm: 1.00 | dt: 594.86ms | tok/sec: 90,374 | bf16_mfu: 0.00 | epoch: 1 pq: 0 rg: 28 | total time: 2.63m | eta: 34.7m
step 00279/03814 (7.32%) | loss: 4.601634 | lrm: 1.00 | dt: 581.95ms | tok/sec: 92,379 | bf16_mfu: 0.00 | epoch: 1 pq: 0 rg: 28 | total time: 2.64m | eta: 34.7m
step 00280/03814 (7.34%) | loss: 4.617381 | lrm: 1.00 | dt: 595.98ms | tok/sec: 90,204 | bf16_mfu: 0.00 | epoch: 1 pq: 0 rg: 28 | total time: 2.65m | eta: 34.7m
step 00281/03814 (7.37%) | loss: 4.635802 | lrm: 1.00 | dt: 586.83ms | tok/sec: 91,610 | bf16_mfu: 0.00 | epoch: 1 pq: 0 rg: 28 | total time: 2.66m | eta: 34.7m
step 00282/03814 (7.39%) | loss: 4.605104 | lrm: 1.00 | dt: 587.42ms | tok/sec: 91,518 | bf16_mfu: 0.00 | epoch: 1 pq: 0 rg: 28 | total time: 2.67m | eta: 34.7m
step 00283/03814 (7.42%) | loss: 4.608535 | lrm: 1.00 | dt: 583.11ms | tok/sec: 92,195 | bf16_mfu: 0.00 | epoch: 1 pq: 0 rg: 28 | total time: 2.68m | eta: 34.6m
step 00284/03814 (7.45%) | loss: 4.601802 | lrm: 1.00 | dt: 585.92ms | tok/sec: 91,753 | bf16_mfu: 0.00 | epoch: 1 pq: 0 rg: 28 | total time: 2.69m | eta: 34.6m
step 00285/03814 (7.47%) | loss: 4.599854 | lrm: 1.00 | dt: 587.42ms | tok/sec: 91,518 | bf16_mfu: 0.00 | epoch: 1 pq: 0 rg: 28 | total time: 2.70m | eta: 34.6m
step 00286/03814 (7.50%) | loss: 4.604329 | lrm: 1.00 | dt: 641.96ms | tok/sec: 83,743 | bf16_mfu: 0.00 | epoch: 1 pq: 0 rg: 29 | total time: 2.71m | eta: 34.6m
step 00287/03814 (7.52%) | loss: 4.600644 | lrm: 1.00 | dt: 588.06ms | tok/sec: 91,419 | bf16_mfu: 0.00 | epoch: 1 pq: 0 rg: 29 | total time: 2.72m | eta: 34.6m
step 00288/03814 (7.55%) | loss: 4.599717 | lrm: 1.00 | dt: 590.59ms | tok/sec: 91,028 | bf16_mfu: 0.00 | epoch: 1 pq: 0 rg: 29 | total time: 2.73m | eta: 34.6m
step 00289/03814 (7.58%) | loss: 4.613265 | lrm: 1.00 | dt: 585.90ms | tok/sec: 91,756 | bf16_mfu: 0.00 | epoch: 1 pq: 0 rg: 29 | total time: 2.74m | eta: 34.6m
step 00290/03814 (7.60%) | loss: 4.589586 | lrm: 1.00 | dt: 587.80ms | tok/sec: 91,460 | bf16_mfu: 0.00 | epoch: 1 pq: 0 rg: 29 | total time: 2.75m | eta: 34.6m
step 00291/03814 (7.63%) | loss: 4.566309 | lrm: 1.00 | dt: 587.77ms | tok/sec: 91,464 | bf16_mfu: 0.00 | epoch: 1 pq: 0 rg: 29 | total time: 2.76m | eta: 34.6m
step 00292/03814 (7.66%) | loss: 4.561204 | lrm: 1.00 | dt: 584.69ms | tok/sec: 91,946 | bf16_mfu: 0.00 | epoch: 1 pq: 0 rg: 29 | total time: 2.77m | eta: 34.6m
step 00293/03814 (7.68%) | loss: 4.587260 | lrm: 1.00 | dt: 590.48ms | tok/sec: 91,045 | bf16_mfu: 0.00 | epoch: 1 pq: 0 rg: 29 | total time: 2.78m | eta: 34.6m
step 00294/03814 (7.71%) | loss: 4.591882 | lrm: 1.00 | dt: 587.87ms | tok/sec: 91,449 | bf16_mfu: 0.00 | epoch: 1 pq: 0 rg: 29 | total time: 2.79m | eta: 34.5m
step 00295/03814 (7.73%) | loss: 4.581076 | lrm: 1.00 | dt: 586.30ms | tok/sec: 91,693 | bf16_mfu: 0.00 | epoch: 1 pq: 0 rg: 29 | total time: 2.80m | eta: 34.5m
step 00296/03814 (7.76%) | loss: 4.564693 | lrm: 1.00 | dt: 587.27ms | tok/sec: 91,542 | bf16_mfu: 0.00 | epoch: 1 pq: 0 rg: 29 | total time: 2.81m | eta: 34.5m
step 00297/03814 (7.79%) | loss: 4.562912 | lrm: 1.00 | dt: 588.47ms | tok/sec: 91,356 | bf16_mfu: 0.00 | epoch: 1 pq: 0 rg: 30 | total time: 2.82m | eta: 34.5m
step 00298/03814 (7.81%) | loss: 4.557112 | lrm: 1.00 | dt: 587.12ms | tok/sec: 91,566 | bf16_mfu: 0.00 | epoch: 1 pq: 0 rg: 30 | total time: 2.83m | eta: 34.5m
step 00299/03814 (7.84%) | loss: 4.555316 | lrm: 1.00 | dt: 588.51ms | tok/sec: 91,348 | bf16_mfu: 0.00 | epoch: 1 pq: 0 rg: 30 | total time: 2.84m | eta: 34.5m
step 00300/03814 (7.87%) | loss: 4.563534 | lrm: 1.00 | dt: 587.18ms | tok/sec: 91,555 | bf16_mfu: 0.00 | epoch: 1 pq: 0 rg: 30 | total time: 2.85m | eta: 34.5m
step 00301/03814 (7.89%) | loss: 4.569085 | lrm: 1.00 | dt: 586.99ms | tok/sec: 91,586 | bf16_mfu: 0.00 | epoch: 1 pq: 0 rg: 30 | total time: 2.86m | eta: 34.5m
step 00302/03814 (7.92%) | loss: 4.573853 | lrm: 1.00 | dt: 587.71ms | tok/sec: 91,473 | bf16_mfu: 0.00 | epoch: 1 pq: 0 rg: 30 | total time: 2.87m | eta: 34.5m
step 00303/03814 (7.94%) | loss: 4.557078 | lrm: 1.00 | dt: 587.29ms | tok/sec: 91,539 | bf16_mfu: 0.00 | epoch: 1 pq: 0 rg: 30 | total time: 2.88m | eta: 34.5m
step 00304/03814 (7.97%) | loss: 4.562783 | lrm: 1.00 | dt: 587.31ms | tok/sec: 91,536 | bf16_mfu: 0.00 | epoch: 1 pq: 0 rg: 30 | total time: 2.88m | eta: 34.4m
step 00305/03814 (8.00%) | loss: 4.575209 | lrm: 1.00 | dt: 586.81ms | tok/sec: 91,614 | bf16_mfu: 0.00 | epoch: 1 pq: 0 rg: 30 | total time: 2.89m | eta: 34.4m
step 00306/03814 (8.02%) | loss: 4.566923 | lrm: 1.00 | dt: 584.98ms | tok/sec: 91,901 | bf16_mfu: 0.00 | epoch: 1 pq: 0 rg: 30 | total time: 2.90m | eta: 34.4m
step 00307/03814 (8.05%) | loss: 4.552328 | lrm: 1.00 | dt: 586.02ms | tok/sec: 91,737 | bf16_mfu: 0.00 | epoch: 1 pq: 0 rg: 31 | total time: 2.91m | eta: 34.4m
step 00308/03814 (8.08%) | loss: 4.538419 | lrm: 1.00 | dt: 578.51ms | tok/sec: 92,927 | bf16_mfu: 0.00 | epoch: 1 pq: 0 rg: 31 | total time: 2.92m | eta: 34.4m
step 00309/03814 (8.10%) | loss: 4.544826 | lrm: 1.00 | dt: 596.16ms | tok/sec: 90,177 | bf16_mfu: 0.00 | epoch: 1 pq: 0 rg: 31 | total time: 2.93m | eta: 34.4m
step 00310/03814 (8.13%) | loss: 4.542719 | lrm: 1.00 | dt: 589.77ms | tok/sec: 91,154 | bf16_mfu: 0.00 | epoch: 1 pq: 0 rg: 31 | total time: 2.94m | eta: 34.4m
step 00311/03814 (8.15%) | loss: 4.522152 | lrm: 1.00 | dt: 586.97ms | tok/sec: 91,588 | bf16_mfu: 0.00 | epoch: 1 pq: 0 rg: 31 | total time: 2.95m | eta: 34.4m
step 00312/03814 (8.18%) | loss: 4.509440 | lrm: 1.00 | dt: 586.09ms | tok/sec: 91,726 | bf16_mfu: 0.00 | epoch: 1 pq: 0 rg: 31 | total time: 2.96m | eta: 34.4m
step 00313/03814 (8.21%) | loss: 4.498683 | lrm: 1.00 | dt: 590.95ms | tok/sec: 90,972 | bf16_mfu: 0.00 | epoch: 1 pq: 0 rg: 31 | total time: 2.97m | eta: 34.4m
step 00314/03814 (8.23%) | loss: 4.524611 | lrm: 1.00 | dt: 609.12ms | tok/sec: 88,258 | bf16_mfu: 0.00 | epoch: 1 pq: 0 rg: 31 | total time: 2.98m | eta: 34.3m
step 00315/03814 (8.26%) | loss: 4.499219 | lrm: 1.00 | dt: 589.88ms | tok/sec: 91,137 | bf16_mfu: 0.00 | epoch: 1 pq: 0 rg: 31 | total time: 2.99m | eta: 34.3m
step 00316/03814 (8.29%) | loss: 4.497001 | lrm: 1.00 | dt: 583.15ms | tok/sec: 92,189 | bf16_mfu: 0.00 | epoch: 1 pq: 0 rg: 31 | total time: 3.00m | eta: 34.3m
step 00317/03814 (8.31%) | loss: 4.491987 | lrm: 1.00 | dt: 586.01ms | tok/sec: 91,738 | bf16_mfu: 0.00 | epoch: 1 pq: 0 rg: 31 | total time: 3.01m | eta: 34.3m
step 00318/03814 (8.34%) | loss: 4.490159 | lrm: 1.00 | dt: 578.17ms | tok/sec: 92,982 | bf16_mfu: 0.00 | epoch: 1 pq: 0 rg: 32 | total time: 3.02m | eta: 34.3m
step 00319/03814 (8.36%) | loss: 4.503190 | lrm: 1.00 | dt: 579.46ms | tok/sec: 92,775 | bf16_mfu: 0.00 | epoch: 1 pq: 0 rg: 32 | total time: 3.03m | eta: 34.3m
step 00320/03814 (8.39%) | loss: 4.491272 | lrm: 1.00 | dt: 582.73ms | tok/sec: 92,255 | bf16_mfu: 0.00 | epoch: 1 pq: 0 rg: 32 | total time: 3.04m | eta: 34.3m
step 00321/03814 (8.42%) | loss: 4.472765 | lrm: 1.00 | dt: 589.42ms | tok/sec: 91,208 | bf16_mfu: 0.00 | epoch: 1 pq: 0 rg: 32 | total time: 3.05m | eta: 34.3m
step 00322/03814 (8.44%) | loss: 4.465826 | lrm: 1.00 | dt: 587.90ms | tok/sec: 91,444 | bf16_mfu: 0.00 | epoch: 1 pq: 0 rg: 32 | total time: 3.06m | eta: 34.3m
step 00323/03814 (8.47%) | loss: 4.453954 | lrm: 1.00 | dt: 590.56ms | tok/sec: 91,032 | bf16_mfu: 0.00 | epoch: 1 pq: 0 rg: 32 | total time: 3.07m | eta: 34.3m
step 00324/03814 (8.50%) | loss: 4.447671 | lrm: 1.00 | dt: 581.66ms | tok/sec: 92,424 | bf16_mfu: 0.00 | epoch: 1 pq: 0 rg: 32 | total time: 3.08m | eta: 34.2m
step 00325/03814 (8.52%) | loss: 4.427551 | lrm: 1.00 | dt: 588.13ms | tok/sec: 91,408 | bf16_mfu: 0.00 | epoch: 1 pq: 0 rg: 32 | total time: 3.09m | eta: 34.2m
step 00326/03814 (8.55%) | loss: 4.436851 | lrm: 1.00 | dt: 586.02ms | tok/sec: 91,738 | bf16_mfu: 0.00 | epoch: 1 pq: 0 rg: 32 | total time: 3.10m | eta: 34.2m
step 00327/03814 (8.57%) | loss: 4.439281 | lrm: 1.00 | dt: 584.52ms | tok/sec: 91,972 | bf16_mfu: 0.00 | epoch: 1 pq: 0 rg: 32 | total time: 3.11m | eta: 34.2m
step 00328/03814 (8.60%) | loss: 4.427246 | lrm: 1.00 | dt: 587.88ms | tok/sec: 91,447 | bf16_mfu: 0.00 | epoch: 1 pq: 0 rg: 33 | total time: 3.12m | eta: 34.2m
step 00329/03814 (8.63%) | loss: 4.422490 | lrm: 1.00 | dt: 586.17ms | tok/sec: 91,714 | bf16_mfu: 0.00 | epoch: 1 pq: 0 rg: 33 | total time: 3.13m | eta: 34.2m
step 00330/03814 (8.65%) | loss: 4.423090 | lrm: 1.00 | dt: 572.62ms | tok/sec: 93,883 | bf16_mfu: 0.00 | epoch: 1 pq: 0 rg: 33 | total time: 3.14m | eta: 34.2m
step 00331/03814 (8.68%) | loss: 4.429523 | lrm: 1.00 | dt: 586.22ms | tok/sec: 91,705 | bf16_mfu: 0.00 | epoch: 1 pq: 0 rg: 33 | total time: 3.15m | eta: 34.2m
step 00332/03814 (8.70%) | loss: 4.445825 | lrm: 1.00 | dt: 587.12ms | tok/sec: 91,565 | bf16_mfu: 0.00 | epoch: 1 pq: 0 rg: 33 | total time: 3.16m | eta: 34.2m
step 00333/03814 (8.73%) | loss: 4.434607 | lrm: 1.00 | dt: 589.69ms | tok/sec: 91,167 | bf16_mfu: 0.00 | epoch: 1 pq: 0 rg: 33 | total time: 3.17m | eta: 34.1m
step 00334/03814 (8.76%) | loss: 4.428162 | lrm: 1.00 | dt: 589.40ms | tok/sec: 91,211 | bf16_mfu: 0.00 | epoch: 1 pq: 0 rg: 33 | total time: 3.18m | eta: 34.1m
step 00335/03814 (8.78%) | loss: 4.429347 | lrm: 1.00 | dt: 581.02ms | tok/sec: 92,527 | bf16_mfu: 0.00 | epoch: 1 pq: 0 rg: 33 | total time: 3.19m | eta: 34.1m
step 00336/03814 (8.81%) | loss: 4.453089 | lrm: 1.00 | dt: 588.31ms | tok/sec: 91,380 | bf16_mfu: 0.00 | epoch: 1 pq: 0 rg: 33 | total time: 3.20m | eta: 34.1m
step 00337/03814 (8.84%) | loss: 4.443596 | lrm: 1.00 | dt: 584.43ms | tok/sec: 91,987 | bf16_mfu: 0.00 | epoch: 1 pq: 0 rg: 33 | total time: 3.21m | eta: 34.1m
step 00338/03814 (8.86%) | loss: 4.429426 | lrm: 1.00 | dt: 588.47ms | tok/sec: 91,355 | bf16_mfu: 0.00 | epoch: 1 pq: 0 rg: 33 | total time: 3.22m | eta: 34.1m
step 00339/03814 (8.89%) | loss: 4.430196 | lrm: 1.00 | dt: 587.79ms | tok/sec: 91,460 | bf16_mfu: 0.00 | epoch: 1 pq: 0 rg: 34 | total time: 3.23m | eta: 34.1m
step 00340/03814 (8.91%) | loss: 4.399984 | lrm: 1.00 | dt: 587.01ms | tok/sec: 91,582 | bf16_mfu: 0.00 | epoch: 1 pq: 0 rg: 34 | total time: 3.24m | eta: 34.1m
step 00341/03814 (8.94%) | loss: 4.388889 | lrm: 1.00 | dt: 586.41ms | tok/sec: 91,677 | bf16_mfu: 0.00 | epoch: 1 pq: 0 rg: 34 | total time: 3.25m | eta: 34.1m
step 00342/03814 (8.97%) | loss: 4.387770 | lrm: 1.00 | dt: 585.49ms | tok/sec: 91,820 | bf16_mfu: 0.00 | epoch: 1 pq: 0 rg: 34 | total time: 3.26m | eta: 34.1m
step 00343/03814 (8.99%) | loss: 4.377846 | lrm: 1.00 | dt: 588.08ms | tok/sec: 91,416 | bf16_mfu: 0.00 | epoch: 1 pq: 0 rg: 34 | total time: 3.27m | eta: 34.0m
step 00344/03814 (9.02%) | loss: 4.382649 | lrm: 1.00 | dt: 585.85ms | tok/sec: 91,764 | bf16_mfu: 0.00 | epoch: 1 pq: 0 rg: 34 | total time: 3.28m | eta: 34.0m
step 00345/03814 (9.05%) | loss: 4.382216 | lrm: 1.00 | dt: 588.88ms | tok/sec: 91,292 | bf16_mfu: 0.00 | epoch: 1 pq: 0 rg: 34 | total time: 3.29m | eta: 34.0m
step 00346/03814 (9.07%) | loss: 4.375575 | lrm: 1.00 | dt: 585.92ms | tok/sec: 91,753 | bf16_mfu: 0.00 | epoch: 1 pq: 0 rg: 34 | total time: 3.30m | eta: 34.0m
step 00347/03814 (9.10%) | loss: 4.374666 | lrm: 1.00 | dt: 586.58ms | tok/sec: 91,649 | bf16_mfu: 0.00 | epoch: 1 pq: 0 rg: 34 | total time: 3.31m | eta: 34.0m
step 00348/03814 (9.12%) | loss: 4.390611 | lrm: 1.00 | dt: 587.90ms | tok/sec: 91,443 | bf16_mfu: 0.00 | epoch: 1 pq: 0 rg: 34 | total time: 3.32m | eta: 34.0m
step 00349/03814 (9.15%) | loss: 4.388357 | lrm: 1.00 | dt: 640.53ms | tok/sec: 83,931 | bf16_mfu: 0.00 | epoch: 1 pq: 0 rg: 35 | total time: 3.33m | eta: 34.0m
step 00350/03814 (9.18%) | loss: 4.375090 | lrm: 1.00 | dt: 588.13ms | tok/sec: 91,407 | bf16_mfu: 0.00 | epoch: 1 pq: 0 rg: 35 | total time: 3.34m | eta: 34.0m
step 00351/03814 (9.20%) | loss: 4.372474 | lrm: 1.00 | dt: 573.81ms | tok/sec: 93,689 | bf16_mfu: 0.00 | epoch: 1 pq: 0 rg: 35 | total time: 3.35m | eta: 34.0m
step 00352/03814 (9.23%) | loss: 4.376474 | lrm: 1.00 | dt: 584.93ms | tok/sec: 91,908 | bf16_mfu: 0.00 | epoch: 1 pq: 0 rg: 35 | total time: 3.35m | eta: 34.0m
step 00353/03814 (9.26%) | loss: 4.401637 | lrm: 1.00 | dt: 588.70ms | tok/sec: 91,320 | bf16_mfu: 0.00 | epoch: 1 pq: 0 rg: 35 | total time: 3.36m | eta: 34.0m
step 00354/03814 (9.28%) | loss: 4.399339 | lrm: 1.00 | dt: 591.69ms | tok/sec: 90,858 | bf16_mfu: 0.00 | epoch: 1 pq: 0 rg: 35 | total time: 3.37m | eta: 33.9m
step 00355/03814 (9.31%) | loss: 4.377121 | lrm: 1.00 | dt: 599.65ms | tok/sec: 89,652 | bf16_mfu: 0.00 | epoch: 1 pq: 0 rg: 35 | total time: 3.38m | eta: 33.9m
step 00356/03814 (9.33%) | loss: 4.366665 | lrm: 1.00 | dt: 586.73ms | tok/sec: 91,626 | bf16_mfu: 0.00 | epoch: 1 pq: 0 rg: 35 | total time: 3.39m | eta: 33.9m
step 00357/03814 (9.36%) | loss: 4.371015 | lrm: 1.00 | dt: 591.15ms | tok/sec: 90,942 | bf16_mfu: 0.00 | epoch: 1 pq: 0 rg: 35 | total time: 3.40m | eta: 33.9m
step 00358/03814 (9.39%) | loss: 4.368588 | lrm: 1.00 | dt: 585.38ms | tok/sec: 91,837 | bf16_mfu: 0.00 | epoch: 1 pq: 0 rg: 35 | total time: 3.41m | eta: 33.9m
step 00359/03814 (9.41%) | loss: 4.349714 | lrm: 1.00 | dt: 583.62ms | tok/sec: 92,114 | bf16_mfu: 0.00 | epoch: 1 pq: 0 rg: 35 | total time: 3.42m | eta: 33.9m
step 00360/03814 (9.44%) | loss: 4.334056 | lrm: 1.00 | dt: 588.71ms | tok/sec: 91,318 | bf16_mfu: 0.00 | epoch: 1 pq: 0 rg: 36 | total time: 3.43m | eta: 33.9m
step 00361/03814 (9.47%) | loss: 4.327674 | lrm: 1.00 | dt: 590.18ms | tok/sec: 91,091 | bf16_mfu: 0.00 | epoch: 1 pq: 0 rg: 36 | total time: 3.44m | eta: 33.9m
step 00362/03814 (9.49%) | loss: 4.337357 | lrm: 1.00 | dt: 590.86ms | tok/sec: 90,985 | bf16_mfu: 0.00 | epoch: 1 pq: 0 rg: 36 | total time: 3.45m | eta: 33.9m
step 00363/03814 (9.52%) | loss: 4.326153 | lrm: 1.00 | dt: 588.25ms | tok/sec: 91,389 | bf16_mfu: 0.00 | epoch: 1 pq: 0 rg: 36 | total time: 3.46m | eta: 33.9m
step 00364/03814 (9.54%) | loss: 4.321110 | lrm: 1.00 | dt: 588.91ms | tok/sec: 91,287 | bf16_mfu: 0.00 | epoch: 1 pq: 0 rg: 36 | total time: 3.47m | eta: 33.8m
step 00365/03814 (9.57%) | loss: 4.317999 | lrm: 1.00 | dt: 579.85ms | tok/sec: 92,713 | bf16_mfu: 0.00 | epoch: 1 pq: 0 rg: 36 | total time: 3.48m | eta: 33.8m
step 00366/03814 (9.60%) | loss: 4.324718 | lrm: 1.00 | dt: 590.49ms | tok/sec: 91,043 | bf16_mfu: 0.00 | epoch: 1 pq: 0 rg: 36 | total time: 3.49m | eta: 33.8m
step 00367/03814 (9.62%) | loss: 4.323887 | lrm: 1.00 | dt: 590.91ms | tok/sec: 90,977 | bf16_mfu: 0.00 | epoch: 1 pq: 0 rg: 36 | total time: 3.50m | eta: 33.8m
step 00368/03814 (9.65%) | loss: 4.328097 | lrm: 1.00 | dt: 586.65ms | tok/sec: 91,638 | bf16_mfu: 0.00 | epoch: 1 pq: 0 rg: 36 | total time: 3.51m | eta: 33.8m
step 00369/03814 (9.67%) | loss: 4.336694 | lrm: 1.00 | dt: 578.19ms | tok/sec: 92,979 | bf16_mfu: 0.00 | epoch: 1 pq: 0 rg: 36 | total time: 3.52m | eta: 33.8m
step 00370/03814 (9.70%) | loss: 4.340054 | lrm: 1.00 | dt: 588.75ms | tok/sec: 91,312 | bf16_mfu: 0.00 | epoch: 1 pq: 0 rg: 37 | total time: 3.53m | eta: 33.8m
step 00371/03814 (9.73%) | loss: 4.334115 | lrm: 1.00 | dt: 587.58ms | tok/sec: 91,494 | bf16_mfu: 0.00 | epoch: 1 pq: 0 rg: 37 | total time: 3.54m | eta: 33.8m
step 00372/03814 (9.75%) | loss: 4.325623 | lrm: 1.00 | dt: 613.78ms | tok/sec: 87,588 | bf16_mfu: 0.00 | epoch: 1 pq: 0 rg: 37 | total time: 3.55m | eta: 33.8m
step 00373/03814 (9.78%) | loss: 4.319723 | lrm: 1.00 | dt: 588.54ms | tok/sec: 91,343 | bf16_mfu: 0.00 | epoch: 1 pq: 0 rg: 37 | total time: 3.56m | eta: 33.8m
step 00374/03814 (9.81%) | loss: 4.358426 | lrm: 1.00 | dt: 584.63ms | tok/sec: 91,955 | bf16_mfu: 0.00 | epoch: 1 pq: 0 rg: 37 | total time: 3.57m | eta: 33.7m
step 00375/03814 (9.83%) | loss: 4.361392 | lrm: 1.00 | dt: 582.89ms | tok/sec: 92,229 | bf16_mfu: 0.00 | epoch: 1 pq: 0 rg: 37 | total time: 3.58m | eta: 33.7m
step 00376/03814 (9.86%) | loss: 4.356670 | lrm: 1.00 | dt: 585.36ms | tok/sec: 91,841 | bf16_mfu: 0.00 | epoch: 1 pq: 0 rg: 37 | total time: 3.59m | eta: 33.7m
step 00377/03814 (9.88%) | loss: 4.361235 | lrm: 1.00 | dt: 586.35ms | tok/sec: 91,685 | bf16_mfu: 0.00 | epoch: 1 pq: 0 rg: 37 | total time: 3.60m | eta: 33.7m
step 00378/03814 (9.91%) | loss: 4.366647 | lrm: 1.00 | dt: 597.83ms | tok/sec: 89,925 | bf16_mfu: 0.00 | epoch: 1 pq: 0 rg: 37 | total time: 3.61m | eta: 33.7m
step 00379/03814 (9.94%) | loss: 4.394195 | lrm: 1.00 | dt: 583.05ms | tok/sec: 92,204 | bf16_mfu: 0.00 | epoch: 1 pq: 0 rg: 37 | total time: 3.62m | eta: 33.7m
step 00380/03814 (9.96%) | loss: 4.377404 | lrm: 1.00 | dt: 670.02ms | tok/sec: 80,236 | bf16_mfu: 0.00 | epoch: 1 pq: 0 rg: 38 | total time: 3.63m | eta: 33.7m
step 00381/03814 (9.99%) | loss: 4.363006 | lrm: 1.00 | dt: 588.84ms | tok/sec: 91,298 | bf16_mfu: 0.00 | epoch: 1 pq: 0 rg: 38 | total time: 3.64m | eta: 33.7m
step 00382/03814 (10.02%) | loss: 4.360562 | lrm: 1.00 | dt: 582.25ms | tok/sec: 92,331 | bf16_mfu: 0.00 | epoch: 1 pq: 0 rg: 38 | total time: 3.65m | eta: 33.7m
step 00383/03814 (10.04%) | loss: 4.377611 | lrm: 1.00 | dt: 590.82ms | tok/sec: 90,991 | bf16_mfu: 0.00 | epoch: 1 pq: 0 rg: 38 | total time: 3.66m | eta: 33.7m
step 00384/03814 (10.07%) | loss: 4.385883 | lrm: 1.00 | dt: 581.31ms | tok/sec: 92,481 | bf16_mfu: 0.00 | epoch: 1 pq: 0 rg: 38 | total time: 3.67m | eta: 33.7m
step 00385/03814 (10.09%) | loss: 4.375800 | lrm: 1.00 | dt: 586.77ms | tok/sec: 91,619 | bf16_mfu: 0.00 | epoch: 1 pq: 0 rg: 38 | total time: 3.68m | eta: 33.6m
step 00386/03814 (10.12%) | loss: 4.366765 | lrm: 1.00 | dt: 593.80ms | tok/sec: 90,536 | bf16_mfu: 0.00 | epoch: 1 pq: 0 rg: 38 | total time: 3.69m | eta: 33.6m
step 00387/03814 (10.15%) | loss: 4.373762 | lrm: 1.00 | dt: 585.02ms | tok/sec: 91,894 | bf16_mfu: 0.00 | epoch: 1 pq: 0 rg: 38 | total time: 3.70m | eta: 33.6m
step 00388/03814 (10.17%) | loss: 4.367647 | lrm: 1.00 | dt: 588.71ms | tok/sec: 91,318 | bf16_mfu: 0.00 | epoch: 1 pq: 0 rg: 38 | total time: 3.71m | eta: 33.6m
step 00389/03814 (10.20%) | loss: 4.370088 | lrm: 1.00 | dt: 588.45ms | tok/sec: 91,358 | bf16_mfu: 0.00 | epoch: 1 pq: 0 rg: 38 | total time: 3.72m | eta: 33.6m
step 00390/03814 (10.23%) | loss: 4.357566 | lrm: 1.00 | dt: 586.95ms | tok/sec: 91,592 | bf16_mfu: 0.00 | epoch: 1 pq: 0 rg: 38 | total time: 3.73m | eta: 33.6m
step 00391/03814 (10.25%) | loss: 4.370534 | lrm: 1.00 | dt: 597.54ms | tok/sec: 89,968 | bf16_mfu: 0.00 | epoch: 1 pq: 0 rg: 39 | total time: 3.74m | eta: 33.6m
step 00392/03814 (10.28%) | loss: 4.386891 | lrm: 1.00 | dt: 592.40ms | tok/sec: 90,749 | bf16_mfu: 0.00 | epoch: 1 pq: 0 rg: 39 | total time: 3.75m | eta: 33.6m
step 00393/03814 (10.30%) | loss: 4.375596 | lrm: 1.00 | dt: 597.52ms | tok/sec: 89,971 | bf16_mfu: 0.00 | epoch: 1 pq: 0 rg: 39 | total time: 3.76m | eta: 33.6m
step 00394/03814 (10.33%) | loss: 4.376191 | lrm: 1.00 | dt: 595.55ms | tok/sec: 90,269 | bf16_mfu: 0.00 | epoch: 1 pq: 0 rg: 39 | total time: 3.77m | eta: 33.6m
step 00395/03814 (10.36%) | loss: 4.391591 | lrm: 1.00 | dt: 589.58ms | tok/sec: 91,184 | bf16_mfu: 0.00 | epoch: 1 pq: 0 rg: 39 | total time: 3.78m | eta: 33.6m
step 00396/03814 (10.38%) | loss: 4.422178 | lrm: 1.00 | dt: 589.86ms | tok/sec: 91,140 | bf16_mfu: 0.00 | epoch: 1 pq: 0 rg: 39 | total time: 3.79m | eta: 33.5m
step 00397/03814 (10.41%) | loss: 4.409105 | lrm: 1.00 | dt: 589.77ms | tok/sec: 91,153 | bf16_mfu: 0.00 | epoch: 1 pq: 0 rg: 39 | total time: 3.80m | eta: 33.5m
step 00398/03814 (10.44%) | loss: 4.397669 | lrm: 1.00 | dt: 593.10ms | tok/sec: 90,642 | bf16_mfu: 0.00 | epoch: 1 pq: 0 rg: 39 | total time: 3.81m | eta: 33.5m
step 00399/03814 (10.46%) | loss: 4.387096 | lrm: 1.00 | dt: 592.14ms | tok/sec: 90,789 | bf16_mfu: 0.00 | epoch: 1 pq: 0 rg: 39 | total time: 3.82m | eta: 33.5m
step 00400/03814 (10.49%) | loss: 4.384220 | lrm: 1.00 | dt: 583.68ms | tok/sec: 92,105 | bf16_mfu: 0.00 | epoch: 1 pq: 0 rg: 39 | total time: 3.83m | eta: 33.5m
step 00401/03814 (10.51%) | loss: 4.378418 | lrm: 1.00 | dt: 629.69ms | tok/sec: 85,375 | bf16_mfu: 0.00 | epoch: 1 pq: 0 rg: 40 | total time: 3.84m | eta: 33.5m
step 00402/03814 (10.54%) | loss: 4.364809 | lrm: 1.00 | dt: 590.78ms | tok/sec: 90,998 | bf16_mfu: 0.00 | epoch: 1 pq: 0 rg: 40 | total time: 3.85m | eta: 33.5m
step 00403/03814 (10.57%) | loss: 4.348689 | lrm: 1.00 | dt: 582.80ms | tok/sec: 92,243 | bf16_mfu: 0.00 | epoch: 1 pq: 0 rg: 40 | total time: 3.86m | eta: 33.5m
step 00404/03814 (10.59%) | loss: 4.348049 | lrm: 1.00 | dt: 621.01ms | tok/sec: 86,568 | bf16_mfu: 0.00 | epoch: 1 pq: 0 rg: 40 | total time: 3.87m | eta: 33.5m
step 00405/03814 (10.62%) | loss: 4.363865 | lrm: 1.00 | dt: 589.25ms | tok/sec: 91,234 | bf16_mfu: 0.00 | epoch: 1 pq: 0 rg: 40 | total time: 3.88m | eta: 33.5m
step 00406/03814 (10.64%) | loss: 4.357484 | lrm: 1.00 | dt: 588.82ms | tok/sec: 91,301 | bf16_mfu: 0.00 | epoch: 1 pq: 0 rg: 40 | total time: 3.89m | eta: 33.5m
step 00407/03814 (10.67%) | loss: 4.338060 | lrm: 1.00 | dt: 592.81ms | tok/sec: 90,687 | bf16_mfu: 0.00 | epoch: 1 pq: 0 rg: 40 | total time: 3.90m | eta: 33.4m
step 00408/03814 (10.70%) | loss: 4.320220 | lrm: 1.00 | dt: 583.97ms | tok/sec: 92,059 | bf16_mfu: 0.00 | epoch: 1 pq: 0 rg: 40 | total time: 3.91m | eta: 33.4m
step 00409/03814 (10.72%) | loss: 4.330367 | lrm: 1.00 | dt: 593.67ms | tok/sec: 90,555 | bf16_mfu: 0.00 | epoch: 1 pq: 0 rg: 40 | total time: 3.92m | eta: 33.4m
step 00410/03814 (10.75%) | loss: 4.346187 | lrm: 1.00 | dt: 579.32ms | tok/sec: 92,798 | bf16_mfu: 0.00 | epoch: 1 pq: 0 rg: 40 | total time: 3.93m | eta: 33.4m
step 00411/03814 (10.78%) | loss: 4.334264 | lrm: 1.00 | dt: 591.75ms | tok/sec: 90,849 | bf16_mfu: 0.00 | epoch: 1 pq: 0 rg: 41 | total time: 3.94m | eta: 33.4m
step 00412/03814 (10.80%) | loss: 4.315296 | lrm: 1.00 | dt: 590.92ms | tok/sec: 90,977 | bf16_mfu: 0.00 | epoch: 1 pq: 0 rg: 41 | total time: 3.95m | eta: 33.4m
step 00413/03814 (10.83%) | loss: 4.319135 | lrm: 1.00 | dt: 587.54ms | tok/sec: 91,499 | bf16_mfu: 0.00 | epoch: 1 pq: 0 rg: 41 | total time: 3.96m | eta: 33.4m
step 00414/03814 (10.85%) | loss: 4.317704 | lrm: 1.00 | dt: 593.17ms | tok/sec: 90,630 | bf16_mfu: 0.00 | epoch: 1 pq: 0 rg: 41 | total time: 3.97m | eta: 33.4m
step 00415/03814 (10.88%) | loss: 4.304154 | lrm: 1.00 | dt: 596.06ms | tok/sec: 90,192 | bf16_mfu: 0.00 | epoch: 1 pq: 0 rg: 41 | total time: 3.98m | eta: 33.4m
step 00416/03814 (10.91%) | loss: 4.292200 | lrm: 1.00 | dt: 596.13ms | tok/sec: 90,181 | bf16_mfu: 0.00 | epoch: 1 pq: 0 rg: 41 | total time: 3.99m | eta: 33.4m
step 00417/03814 (10.93%) | loss: 4.294593 | lrm: 1.00 | dt: 592.13ms | tok/sec: 90,790 | bf16_mfu: 0.00 | epoch: 1 pq: 0 rg: 41 | total time: 4.00m | eta: 33.4m
step 00418/03814 (10.96%) | loss: 4.314448 | lrm: 1.00 | dt: 599.06ms | tok/sec: 89,741 | bf16_mfu: 0.00 | epoch: 1 pq: 0 rg: 41 | total time: 4.01m | eta: 33.3m
step 00419/03814 (10.99%) | loss: 4.315449 | lrm: 1.00 | dt: 586.41ms | tok/sec: 91,676 | bf16_mfu: 0.00 | epoch: 1 pq: 0 rg: 41 | total time: 4.02m | eta: 33.3m
step 00420/03814 (11.01%) | loss: 4.312622 | lrm: 1.00 | dt: 590.72ms | tok/sec: 91,008 | bf16_mfu: 0.00 | epoch: 1 pq: 0 rg: 41 | total time: 4.03m | eta: 33.3m
step 00421/03814 (11.04%) | loss: 4.314892 | lrm: 1.00 | dt: 588.38ms | tok/sec: 91,368 | bf16_mfu: 0.00 | epoch: 1 pq: 0 rg: 41 | total time: 4.04m | eta: 33.3m
step 00422/03814 (11.06%) | loss: 4.330711 | lrm: 1.00 | dt: 632.51ms | tok/sec: 84,994 | bf16_mfu: 0.00 | epoch: 1 pq: 0 rg: 42 | total time: 4.05m | eta: 33.3m
step 00423/03814 (11.09%) | loss: 4.337483 | lrm: 1.00 | dt: 587.95ms | tok/sec: 91,436 | bf16_mfu: 0.00 | epoch: 1 pq: 0 rg: 42 | total time: 4.06m | eta: 33.3m
step 00424/03814 (11.12%) | loss: 4.320569 | lrm: 1.00 | dt: 590.33ms | tok/sec: 91,067 | bf16_mfu: 0.00 | epoch: 1 pq: 0 rg: 42 | total time: 4.07m | eta: 33.3m
step 00425/03814 (11.14%) | loss: 4.309483 | lrm: 1.00 | dt: 584.16ms | tok/sec: 92,028 | bf16_mfu: 0.00 | epoch: 1 pq: 0 rg: 42 | total time: 4.08m | eta: 33.3m
step 00426/03814 (11.17%) | loss: 4.305994 | lrm: 1.00 | dt: 597.33ms | tok/sec: 90,000 | bf16_mfu: 0.00 | epoch: 1 pq: 0 rg: 42 | total time: 4.09m | eta: 33.3m
step 00427/03814 (11.20%) | loss: 4.337006 | lrm: 1.00 | dt: 585.65ms | tok/sec: 91,795 | bf16_mfu: 0.00 | epoch: 1 pq: 0 rg: 42 | total time: 4.10m | eta: 33.3m
step 00428/03814 (11.22%) | loss: 4.332222 | lrm: 1.00 | dt: 592.53ms | tok/sec: 90,730 | bf16_mfu: 0.00 | epoch: 1 pq: 0 rg: 42 | total time: 4.10m | eta: 33.3m
step 00429/03814 (11.25%) | loss: 4.328562 | lrm: 1.00 | dt: 587.28ms | tok/sec: 91,541 | bf16_mfu: 0.00 | epoch: 1 pq: 0 rg: 42 | total time: 4.11m | eta: 33.2m
step 00430/03814 (11.27%) | loss: 4.318441 | lrm: 1.00 | dt: 589.20ms | tok/sec: 91,241 | bf16_mfu: 0.00 | epoch: 1 pq: 0 rg: 42 | total time: 4.12m | eta: 33.2m
step 00431/03814 (11.30%) | loss: 4.322836 | lrm: 1.00 | dt: 587.07ms | tok/sec: 91,572 | bf16_mfu: 0.00 | epoch: 1 pq: 0 rg: 42 | total time: 4.13m | eta: 33.2m
step 00432/03814 (11.33%) | loss: 4.321359 | lrm: 1.00 | dt: 604.87ms | tok/sec: 88,878 | bf16_mfu: 0.00 | epoch: 1 pq: 0 rg: 43 | total time: 4.14m | eta: 33.2m
step 00433/03814 (11.35%) | loss: 4.319288 | lrm: 1.00 | dt: 587.26ms | tok/sec: 91,543 | bf16_mfu: 0.00 | epoch: 1 pq: 0 rg: 43 | total time: 4.15m | eta: 33.2m
step 00434/03814 (11.38%) | loss: 4.317159 | lrm: 1.00 | dt: 587.39ms | tok/sec: 91,524 | bf16_mfu: 0.00 | epoch: 1 pq: 0 rg: 43 | total time: 4.16m | eta: 33.2m
step 00435/03814 (11.41%) | loss: 4.331565 | lrm: 1.00 | dt: 587.93ms | tok/sec: 91,438 | bf16_mfu: 0.00 | epoch: 1 pq: 0 rg: 43 | total time: 4.17m | eta: 33.2m
step 00436/03814 (11.43%) | loss: 4.338175 | lrm: 1.00 | dt: 599.93ms | tok/sec: 89,610 | bf16_mfu: 0.00 | epoch: 1 pq: 0 rg: 43 | total time: 4.18m | eta: 33.2m
step 00437/03814 (11.46%) | loss: 4.332846 | lrm: 1.00 | dt: 588.20ms | tok/sec: 91,397 | bf16_mfu: 0.00 | epoch: 1 pq: 0 rg: 43 | total time: 4.19m | eta: 33.2m
step 00438/03814 (11.48%) | loss: 4.312335 | lrm: 1.00 | dt: 589.78ms | tok/sec: 91,153 | bf16_mfu: 0.00 | epoch: 1 pq: 0 rg: 43 | total time: 4.20m | eta: 33.2m
step 00439/03814 (11.51%) | loss: 4.331071 | lrm: 1.00 | dt: 589.59ms | tok/sec: 91,181 | bf16_mfu: 0.00 | epoch: 1 pq: 0 rg: 43 | total time: 4.21m | eta: 33.1m
step 00440/03814 (11.54%) | loss: 4.329525 | lrm: 1.00 | dt: 588.33ms | tok/sec: 91,377 | bf16_mfu: 0.00 | epoch: 1 pq: 0 rg: 43 | total time: 4.22m | eta: 33.1m
step 00441/03814 (11.56%) | loss: 4.310445 | lrm: 1.00 | dt: 589.44ms | tok/sec: 91,204 | bf16_mfu: 0.00 | epoch: 1 pq: 0 rg: 43 | total time: 4.23m | eta: 33.1m
step 00442/03814 (11.59%) | loss: 4.298471 | lrm: 1.00 | dt: 596.51ms | tok/sec: 90,124 | bf16_mfu: 0.00 | epoch: 1 pq: 0 rg: 43 | total time: 4.24m | eta: 33.1m
step 00443/03814 (11.62%) | loss: 4.279211 | lrm: 1.00 | dt: 591.87ms | tok/sec: 90,830 | bf16_mfu: 0.00 | epoch: 1 pq: 0 rg: 44 | total time: 4.25m | eta: 33.1m
step 00444/03814 (11.64%) | loss: 4.266566 | lrm: 1.00 | dt: 586.30ms | tok/sec: 91,694 | bf16_mfu: 0.00 | epoch: 1 pq: 0 rg: 44 | total time: 4.26m | eta: 33.1m
step 00445/03814 (11.67%) | loss: 4.250472 | lrm: 1.00 | dt: 587.08ms | tok/sec: 91,571 | bf16_mfu: 0.00 | epoch: 1 pq: 0 rg: 44 | total time: 4.27m | eta: 33.1m
step 00446/03814 (11.69%) | loss: 4.242474 | lrm: 1.00 | dt: 587.22ms | tok/sec: 91,549 | bf16_mfu: 0.00 | epoch: 1 pq: 0 rg: 44 | total time: 4.28m | eta: 33.1m
step 00447/03814 (11.72%) | loss: 4.224112 | lrm: 1.00 | dt: 586.19ms | tok/sec: 91,710 | bf16_mfu: 0.00 | epoch: 1 pq: 0 rg: 44 | total time: 4.29m | eta: 33.1m
step 00448/03814 (11.75%) | loss: 4.253931 | lrm: 1.00 | dt: 589.56ms | tok/sec: 91,186 | bf16_mfu: 0.00 | epoch: 1 pq: 0 rg: 44 | total time: 4.30m | eta: 33.1m
step 00449/03814 (11.77%) | loss: 4.251596 | lrm: 1.00 | dt: 623.75ms | tok/sec: 86,189 | bf16_mfu: 0.00 | epoch: 1 pq: 0 rg: 44 | total time: 4.31m | eta: 33.1m
step 00450/03814 (11.80%) | loss: 4.247405 | lrm: 1.00 | dt: 592.32ms | tok/sec: 90,761 | bf16_mfu: 0.00 | epoch: 1 pq: 0 rg: 44 | total time: 4.32m | eta: 33.0m
step 00451/03814 (11.82%) | loss: 4.246239 | lrm: 1.00 | dt: 591.43ms | tok/sec: 90,898 | bf16_mfu: 0.00 | epoch: 1 pq: 0 rg: 44 | total time: 4.33m | eta: 33.0m
step 00452/03814 (11.85%) | loss: 4.246554 | lrm: 1.00 | dt: 590.26ms | tok/sec: 91,078 | bf16_mfu: 0.00 | epoch: 1 pq: 0 rg: 44 | total time: 4.34m | eta: 33.0m
step 00453/03814 (11.88%) | loss: 4.239119 | lrm: 1.00 | dt: 590.17ms | tok/sec: 91,092 | bf16_mfu: 0.00 | epoch: 1 pq: 0 rg: 45 | total time: 4.35m | eta: 33.0m
step 00454/03814 (11.90%) | loss: 4.239170 | lrm: 1.00 | dt: 593.53ms | tok/sec: 90,576 | bf16_mfu: 0.00 | epoch: 1 pq: 0 rg: 45 | total time: 4.36m | eta: 33.0m
step 00455/03814 (11.93%) | loss: 4.228278 | lrm: 1.00 | dt: 596.65ms | tok/sec: 90,103 | bf16_mfu: 0.00 | epoch: 1 pq: 0 rg: 45 | total time: 4.37m | eta: 33.0m
step 00456/03814 (11.96%) | loss: 4.242450 | lrm: 1.00 | dt: 594.83ms | tok/sec: 90,379 | bf16_mfu: 0.00 | epoch: 1 pq: 0 rg: 45 | total time: 4.38m | eta: 33.0m
step 00457/03814 (11.98%) | loss: 4.249106 | lrm: 1.00 | dt: 594.00ms | tok/sec: 90,504 | bf16_mfu: 0.00 | epoch: 1 pq: 0 rg: 45 | total time: 4.39m | eta: 33.0m
step 00458/03814 (12.01%) | loss: 4.225698 | lrm: 1.00 | dt: 584.57ms | tok/sec: 91,964 | bf16_mfu: 0.00 | epoch: 1 pq: 0 rg: 45 | total time: 4.40m | eta: 33.0m
step 00459/03814 (12.03%) | loss: 4.214778 | lrm: 1.00 | dt: 588.78ms | tok/sec: 91,307 | bf16_mfu: 0.00 | epoch: 1 pq: 0 rg: 45 | total time: 4.41m | eta: 33.0m
step 00460/03814 (12.06%) | loss: 4.208537 | lrm: 1.00 | dt: 593.34ms | tok/sec: 90,605 | bf16_mfu: 0.00 | epoch: 1 pq: 0 rg: 45 | total time: 4.42m | eta: 32.9m
step 00461/03814 (12.09%) | loss: 4.219114 | lrm: 1.00 | dt: 580.27ms | tok/sec: 92,646 | bf16_mfu: 0.00 | epoch: 1 pq: 0 rg: 45 | total time: 4.43m | eta: 32.9m
step 00462/03814 (12.11%) | loss: 4.210026 | lrm: 1.00 | dt: 594.83ms | tok/sec: 90,379 | bf16_mfu: 0.00 | epoch: 1 pq: 0 rg: 45 | total time: 4.44m | eta: 32.9m
step 00463/03814 (12.14%) | loss: 4.197201 | lrm: 1.00 | dt: 585.74ms | tok/sec: 91,781 | bf16_mfu: 0.00 | epoch: 1 pq: 0 rg: 45 | total time: 4.45m | eta: 32.9m
step 00464/03814 (12.17%) | loss: 4.202205 | lrm: 1.00 | dt: 591.62ms | tok/sec: 90,869 | bf16_mfu: 0.00 | epoch: 1 pq: 0 rg: 46 | total time: 4.46m | eta: 32.9m
step 00465/03814 (12.19%) | loss: 4.216663 | lrm: 1.00 | dt: 594.06ms | tok/sec: 90,495 | bf16_mfu: 0.00 | epoch: 1 pq: 0 rg: 46 | total time: 4.47m | eta: 32.9m
step 00466/03814 (12.22%) | loss: 4.228800 | lrm: 1.00 | dt: 588.46ms | tok/sec: 91,357 | bf16_mfu: 0.00 | epoch: 1 pq: 0 rg: 46 | total time: 4.48m | eta: 32.9m
step 00467/03814 (12.24%) | loss: 4.218076 | lrm: 1.00 | dt: 588.37ms | tok/sec: 91,371 | bf16_mfu: 0.00 | epoch: 1 pq: 0 rg: 46 | total time: 4.49m | eta: 32.9m
step 00468/03814 (12.27%) | loss: 4.214592 | lrm: 1.00 | dt: 591.23ms | tok/sec: 90,929 | bf16_mfu: 0.00 | epoch: 1 pq: 0 rg: 46 | total time: 4.50m | eta: 32.9m
step 00469/03814 (12.30%) | loss: 4.232009 | lrm: 1.00 | dt: 641.17ms | tok/sec: 83,846 | bf16_mfu: 0.00 | epoch: 1 pq: 0 rg: 46 | total time: 4.51m | eta: 32.9m
step 00470/03814 (12.32%) | loss: 4.221811 | lrm: 1.00 | dt: 589.62ms | tok/sec: 91,176 | bf16_mfu: 0.00 | epoch: 1 pq: 0 rg: 46 | total time: 4.52m | eta: 32.9m
step 00471/03814 (12.35%) | loss: 4.209896 | lrm: 1.00 | dt: 587.12ms | tok/sec: 91,566 | bf16_mfu: 0.00 | epoch: 1 pq: 0 rg: 46 | total time: 4.53m | eta: 32.8m
step 00472/03814 (12.38%) | loss: 4.204403 | lrm: 1.00 | dt: 589.89ms | tok/sec: 91,136 | bf16_mfu: 0.00 | epoch: 1 pq: 0 rg: 46 | total time: 4.54m | eta: 32.8m
step 00473/03814 (12.40%) | loss: 4.231193 | lrm: 1.00 | dt: 590.76ms | tok/sec: 91,000 | bf16_mfu: 0.00 | epoch: 1 pq: 0 rg: 46 | total time: 4.55m | eta: 32.8m
step 00474/03814 (12.43%) | loss: 4.224574 | lrm: 1.00 | dt: 587.82ms | tok/sec: 91,457 | bf16_mfu: 0.00 | epoch: 1 pq: 0 rg: 47 | total time: 4.56m | eta: 32.8m
step 00475/03814 (12.45%) | loss: 4.205377 | lrm: 1.00 | dt: 583.58ms | tok/sec: 92,120 | bf16_mfu: 0.00 | epoch: 1 pq: 0 rg: 47 | total time: 4.57m | eta: 32.8m
step 00476/03814 (12.48%) | loss: 4.215492 | lrm: 1.00 | dt: 583.24ms | tok/sec: 92,175 | bf16_mfu: 0.00 | epoch: 1 pq: 0 rg: 47 | total time: 4.58m | eta: 32.8m
step 00477/03814 (12.51%) | loss: 4.225594 | lrm: 1.00 | dt: 602.34ms | tok/sec: 89,251 | bf16_mfu: 0.00 | epoch: 1 pq: 0 rg: 47 | total time: 4.59m | eta: 32.8m
step 00478/03814 (12.53%) | loss: 4.218457 | lrm: 1.00 | dt: 593.78ms | tok/sec: 90,538 | bf16_mfu: 0.00 | epoch: 1 pq: 0 rg: 47 | total time: 4.60m | eta: 32.8m
step 00479/03814 (12.56%) | loss: 4.202057 | lrm: 1.00 | dt: 585.66ms | tok/sec: 91,793 | bf16_mfu: 0.00 | epoch: 1 pq: 0 rg: 47 | total time: 4.61m | eta: 32.8m
step 00480/03814 (12.59%) | loss: 4.188248 | lrm: 1.00 | dt: 586.67ms | tok/sec: 91,635 | bf16_mfu: 0.00 | epoch: 1 pq: 0 rg: 47 | total time: 4.62m | eta: 32.8m
step 00481/03814 (12.61%) | loss: 4.201451 | lrm: 1.00 | dt: 585.96ms | tok/sec: 91,747 | bf16_mfu: 0.00 | epoch: 1 pq: 0 rg: 47 | total time: 4.63m | eta: 32.7m
step 00482/03814 (12.64%) | loss: 4.198575 | lrm: 1.00 | dt: 586.93ms | tok/sec: 91,594 | bf16_mfu: 0.00 | epoch: 1 pq: 0 rg: 47 | total time: 4.64m | eta: 32.7m
step 00483/03814 (12.66%) | loss: 4.197371 | lrm: 1.00 | dt: 589.69ms | tok/sec: 91,167 | bf16_mfu: 0.00 | epoch: 1 pq: 0 rg: 47 | total time: 4.65m | eta: 32.7m
step 00484/03814 (12.69%) | loss: 4.186330 | lrm: 1.00 | dt: 586.22ms | tok/sec: 91,705 | bf16_mfu: 0.00 | epoch: 1 pq: 0 rg: 47 | total time: 4.66m | eta: 32.7m
step 00485/03814 (12.72%) | loss: 4.190049 | lrm: 1.00 | dt: 682.31ms | tok/sec: 78,791 | bf16_mfu: 0.00 | epoch: 1 pq: 0 rg: 48 | total time: 4.67m | eta: 32.7m
step 00486/03814 (12.74%) | loss: 4.208095 | lrm: 1.00 | dt: 588.39ms | tok/sec: 91,368 | bf16_mfu: 0.00 | epoch: 1 pq: 0 rg: 48 | total time: 4.68m | eta: 32.7m
step 00487/03814 (12.77%) | loss: 4.202911 | lrm: 1.00 | dt: 587.99ms | tok/sec: 91,429 | bf16_mfu: 0.00 | epoch: 1 pq: 0 rg: 48 | total time: 4.69m | eta: 32.7m
step 00488/03814 (12.79%) | loss: 4.198529 | lrm: 1.00 | dt: 587.55ms | tok/sec: 91,498 | bf16_mfu: 0.00 | epoch: 1 pq: 0 rg: 48 | total time: 4.70m | eta: 32.7m
step 00489/03814 (12.82%) | loss: 4.199010 | lrm: 1.00 | dt: 586.29ms | tok/sec: 91,695 | bf16_mfu: 0.00 | epoch: 1 pq: 0 rg: 48 | total time: 4.71m | eta: 32.7m
step 00490/03814 (12.85%) | loss: 4.206885 | lrm: 1.00 | dt: 587.74ms | tok/sec: 91,468 | bf16_mfu: 0.00 | epoch: 1 pq: 0 rg: 48 | total time: 4.72m | eta: 32.7m
step 00491/03814 (12.87%) | loss: 4.199622 | lrm: 1.00 | dt: 586.60ms | tok/sec: 91,646 | bf16_mfu: 0.00 | epoch: 1 pq: 0 rg: 48 | total time: 4.73m | eta: 32.7m
step 00492/03814 (12.90%) | loss: 4.191335 | lrm: 1.00 | dt: 585.64ms | tok/sec: 91,796 | bf16_mfu: 0.00 | epoch: 1 pq: 0 rg: 48 | total time: 4.74m | eta: 32.6m
step 00493/03814 (12.93%) | loss: 4.188625 | lrm: 1.00 | dt: 587.52ms | tok/sec: 91,503 | bf16_mfu: 0.00 | epoch: 1 pq: 0 rg: 48 | total time: 4.75m | eta: 32.6m
step 00494/03814 (12.95%) | loss: 4.177919 | lrm: 1.00 | dt: 587.85ms | tok/sec: 91,451 | bf16_mfu: 0.00 | epoch: 1 pq: 0 rg: 48 | total time: 4.76m | eta: 32.6m
step 00495/03814 (12.98%) | loss: 4.170997 | lrm: 1.00 | dt: 1019.09ms | tok/sec: 52,752 | bf16_mfu: 0.00 | epoch: 1 pq: 0 rg: 49 | total time: 4.77m | eta: 32.7m
step 00496/03814 (13.00%) | loss: 4.165557 | lrm: 1.00 | dt: 576.52ms | tok/sec: 93,249 | bf16_mfu: 0.00 | epoch: 1 pq: 0 rg: 49 | total time: 4.78m | eta: 32.7m
step 00497/03814 (13.03%) | loss: 4.143612 | lrm: 1.00 | dt: 587.76ms | tok/sec: 91,466 | bf16_mfu: 0.00 | epoch: 1 pq: 0 rg: 49 | total time: 4.79m | eta: 32.6m
step 00498/03814 (13.06%) | loss: 4.133063 | lrm: 1.00 | dt: 586.66ms | tok/sec: 91,637 | bf16_mfu: 0.00 | epoch: 1 pq: 0 rg: 49 | total time: 4.80m | eta: 32.6m
step 00499/03814 (13.08%) | loss: 4.132634 | lrm: 1.00 | dt: 589.68ms | tok/sec: 91,168 | bf16_mfu: 0.00 | epoch: 1 pq: 0 rg: 49 | total time: 4.81m | eta: 32.6m
Step 00500 | Validation bpb: 0.941189
step 00500/03814 (13.11%) | loss: 4.129573 | lrm: 1.00 | dt: 587.59ms | tok/sec: 91,491 | bf16_mfu: 0.00 | epoch: 1 pq: 0 rg: 49 | total time: 4.82m | eta: 32.6m
step 00501/03814 (13.14%) | loss: 4.128446 | lrm: 1.00 | dt: 567.70ms | tok/sec: 94,697 | bf16_mfu: 0.00 | epoch: 1 pq: 0 rg: 49 | total time: 4.83m | eta: 32.6m
step 00502/03814 (13.16%) | loss: 4.125653 | lrm: 1.00 | dt: 565.95ms | tok/sec: 94,990 | bf16_mfu: 0.00 | epoch: 1 pq: 0 rg: 49 | total time: 4.84m | eta: 32.6m
step 00503/03814 (13.19%) | loss: 4.139538 | lrm: 1.00 | dt: 566.84ms | tok/sec: 94,841 | bf16_mfu: 0.00 | epoch: 1 pq: 0 rg: 49 | total time: 4.85m | eta: 32.6m
step 00504/03814 (13.21%) | loss: 4.169171 | lrm: 1.00 | dt: 568.14ms | tok/sec: 94,624 | bf16_mfu: 0.00 | epoch: 1 pq: 0 rg: 49 | total time: 4.86m | eta: 32.6m
step 00505/03814 (13.24%) | loss: 4.165535 | lrm: 1.00 | dt: 628.98ms | tok/sec: 85,471 | bf16_mfu: 0.00 | epoch: 1 pq: 0 rg: 50 | total time: 4.87m | eta: 32.6m
step 00506/03814 (13.27%) | loss: 4.161252 | lrm: 1.00 | dt: 574.07ms | tok/sec: 93,646 | bf16_mfu: 0.00 | epoch: 1 pq: 0 rg: 50 | total time: 4.88m | eta: 32.5m
step 00507/03814 (13.29%) | loss: 4.178033 | lrm: 1.00 | dt: 578.86ms | tok/sec: 92,871 | bf16_mfu: 0.00 | epoch: 1 pq: 0 rg: 50 | total time: 4.89m | eta: 32.5m
step 00508/03814 (13.32%) | loss: 4.192778 | lrm: 1.00 | dt: 569.32ms | tok/sec: 94,429 | bf16_mfu: 0.00 | epoch: 1 pq: 0 rg: 50 | total time: 4.90m | eta: 32.5m
step 00509/03814 (13.35%) | loss: 4.176959 | lrm: 1.00 | dt: 584.18ms | tok/sec: 92,025 | bf16_mfu: 0.00 | epoch: 1 pq: 0 rg: 50 | total time: 4.91m | eta: 32.5m
step 00510/03814 (13.37%) | loss: 4.162175 | lrm: 1.00 | dt: 566.23ms | tok/sec: 94,943 | bf16_mfu: 0.00 | epoch: 1 pq: 0 rg: 50 | total time: 4.92m | eta: 32.5m
step 00511/03814 (13.40%) | loss: 4.164400 | lrm: 1.00 | dt: 566.99ms | tok/sec: 94,816 | bf16_mfu: 0.00 | epoch: 1 pq: 0 rg: 50 | total time: 4.93m | eta: 32.5m
step 00512/03814 (13.42%) | loss: 4.162811 | lrm: 1.00 | dt: 567.79ms | tok/sec: 94,683 | bf16_mfu: 0.00 | epoch: 1 pq: 0 rg: 50 | total time: 4.94m | eta: 32.5m
step 00513/03814 (13.45%) | loss: 4.166453 | lrm: 1.00 | dt: 582.37ms | tok/sec: 92,312 | bf16_mfu: 0.00 | epoch: 1 pq: 0 rg: 50 | total time: 4.95m | eta: 32.5m
step 00514/03814 (13.48%) | loss: 4.167424 | lrm: 1.00 | dt: 570.41ms | tok/sec: 94,248 | bf16_mfu: 0.00 | epoch: 1 pq: 0 rg: 50 | total time: 4.96m | eta: 32.5m
step 00515/03814 (13.50%) | loss: 4.167387 | lrm: 1.00 | dt: 568.15ms | tok/sec: 94,623 | bf16_mfu: 0.00 | epoch: 1 pq: 0 rg: 50 | total time: 4.97m | eta: 32.4m
step 00516/03814 (13.53%) | loss: 4.165790 | lrm: 1.00 | dt: 675.38ms | tok/sec: 79,599 | bf16_mfu: 0.00 | epoch: 1 pq: 0 rg: 51 | total time: 4.98m | eta: 32.4m
step 00517/03814 (13.56%) | loss: 4.144801 | lrm: 1.00 | dt: 579.18ms | tok/sec: 92,820 | bf16_mfu: 0.00 | epoch: 1 pq: 0 rg: 51 | total time: 4.99m | eta: 32.4m
step 00518/03814 (13.58%) | loss: 4.134937 | lrm: 1.00 | dt: 569.17ms | tok/sec: 94,453 | bf16_mfu: 0.00 | epoch: 1 pq: 0 rg: 51 | total time: 5.00m | eta: 32.4m
step 00519/03814 (13.61%) | loss: 4.147178 | lrm: 1.00 | dt: 578.24ms | tok/sec: 92,972 | bf16_mfu: 0.00 | epoch: 1 pq: 0 rg: 51 | total time: 5.01m | eta: 32.4m
step 00520/03814 (13.63%) | loss: 4.157550 | lrm: 1.00 | dt: 573.13ms | tok/sec: 93,800 | bf16_mfu: 0.00 | epoch: 1 pq: 0 rg: 51 | total time: 5.02m | eta: 32.4m
step 00521/03814 (13.66%) | loss: 4.143000 | lrm: 1.00 | dt: 573.23ms | tok/sec: 93,783 | bf16_mfu: 0.00 | epoch: 1 pq: 0 rg: 51 | total time: 5.03m | eta: 32.4m
step 00522/03814 (13.69%) | loss: 4.148462 | lrm: 1.00 | dt: 583.01ms | tok/sec: 92,211 | bf16_mfu: 0.00 | epoch: 1 pq: 0 rg: 51 | total time: 5.03m | eta: 32.4m
step 00523/03814 (13.71%) | loss: 4.156374 | lrm: 1.00 | dt: 585.08ms | tok/sec: 91,884 | bf16_mfu: 0.00 | epoch: 1 pq: 0 rg: 51 | total time: 5.04m | eta: 32.4m
step 00524/03814 (13.74%) | loss: 4.137769 | lrm: 1.00 | dt: 585.13ms | tok/sec: 91,876 | bf16_mfu: 0.00 | epoch: 1 pq: 0 rg: 51 | total time: 5.05m | eta: 32.4m
step 00525/03814 (13.77%) | loss: 4.114618 | lrm: 1.00 | dt: 571.67ms | tok/sec: 94,040 | bf16_mfu: 0.00 | epoch: 1 pq: 0 rg: 51 | total time: 5.06m | eta: 32.3m
step 00526/03814 (13.79%) | loss: 4.115248 | lrm: 1.00 | dt: 582.12ms | tok/sec: 92,352 | bf16_mfu: 0.00 | epoch: 1 pq: 0 rg: 51 | total time: 5.07m | eta: 32.3m
step 00527/03814 (13.82%) | loss: 4.116009 | lrm: 1.00 | dt: 568.74ms | tok/sec: 94,524 | bf16_mfu: 0.00 | epoch: 1 pq: 0 rg: 52 | total time: 5.08m | eta: 32.3m
step 00528/03814 (13.84%) | loss: 4.101456 | lrm: 1.00 | dt: 572.54ms | tok/sec: 93,897 | bf16_mfu: 0.00 | epoch: 1 pq: 0 rg: 52 | total time: 5.09m | eta: 32.3m
step 00529/03814 (13.87%) | loss: 4.104718 | lrm: 1.00 | dt: 584.89ms | tok/sec: 91,915 | bf16_mfu: 0.00 | epoch: 1 pq: 0 rg: 52 | total time: 5.10m | eta: 32.3m
step 00530/03814 (13.90%) | loss: 4.096971 | lrm: 1.00 | dt: 583.73ms | tok/sec: 92,097 | bf16_mfu: 0.00 | epoch: 1 pq: 0 rg: 52 | total time: 5.11m | eta: 32.3m
step 00531/03814 (13.92%) | loss: 4.120754 | lrm: 1.00 | dt: 571.96ms | tok/sec: 93,993 | bf16_mfu: 0.00 | epoch: 1 pq: 0 rg: 52 | total time: 5.12m | eta: 32.3m
step 00532/03814 (13.95%) | loss: 4.103473 | lrm: 1.00 | dt: 581.77ms | tok/sec: 92,406 | bf16_mfu: 0.00 | epoch: 1 pq: 0 rg: 52 | total time: 5.13m | eta: 32.3m
step 00533/03814 (13.97%) | loss: 4.095857 | lrm: 1.00 | dt: 581.38ms | tok/sec: 92,470 | bf16_mfu: 0.00 | epoch: 1 pq: 0 rg: 52 | total time: 5.14m | eta: 32.3m
step 00534/03814 (14.00%) | loss: 4.094216 | lrm: 1.00 | dt: 572.92ms | tok/sec: 93,835 | bf16_mfu: 0.00 | epoch: 1 pq: 0 rg: 52 | total time: 5.15m | eta: 32.2m
step 00535/03814 (14.03%) | loss: 4.093402 | lrm: 1.00 | dt: 583.71ms | tok/sec: 92,101 | bf16_mfu: 0.00 | epoch: 1 pq: 0 rg: 52 | total time: 5.16m | eta: 32.2m
step 00536/03814 (14.05%) | loss: 4.096593 | lrm: 1.00 | dt: 569.78ms | tok/sec: 94,351 | bf16_mfu: 0.00 | epoch: 1 pq: 0 rg: 52 | total time: 5.17m | eta: 32.2m
step 00537/03814 (14.08%) | loss: 4.101293 | lrm: 1.00 | dt: 691.14ms | tok/sec: 77,784 | bf16_mfu: 0.00 | epoch: 1 pq: 0 rg: 53 | total time: 5.18m | eta: 32.2m
step 00538/03814 (14.11%) | loss: 4.099810 | lrm: 1.00 | dt: 582.18ms | tok/sec: 92,342 | bf16_mfu: 0.00 | epoch: 1 pq: 0 rg: 53 | total time: 5.19m | eta: 32.2m
step 00539/03814 (14.13%) | loss: 4.089554 | lrm: 1.00 | dt: 569.13ms | tok/sec: 94,460 | bf16_mfu: 0.00 | epoch: 1 pq: 0 rg: 53 | total time: 5.20m | eta: 32.2m
step 00540/03814 (14.16%) | loss: 4.075061 | lrm: 1.00 | dt: 578.95ms | tok/sec: 92,858 | bf16_mfu: 0.00 | epoch: 1 pq: 0 rg: 53 | total time: 5.21m | eta: 32.2m
step 00541/03814 (14.18%) | loss: 4.063848 | lrm: 1.00 | dt: 574.63ms | tok/sec: 93,555 | bf16_mfu: 0.00 | epoch: 1 pq: 0 rg: 53 | total time: 5.22m | eta: 32.2m
step 00542/03814 (14.21%) | loss: 4.079405 | lrm: 1.00 | dt: 585.92ms | tok/sec: 91,753 | bf16_mfu: 0.00 | epoch: 1 pq: 0 rg: 53 | total time: 5.23m | eta: 32.2m
step 00543/03814 (14.24%) | loss: 4.075957 | lrm: 1.00 | dt: 578.48ms | tok/sec: 92,933 | bf16_mfu: 0.00 | epoch: 1 pq: 0 rg: 53 | total time: 5.24m | eta: 32.2m
step 00544/03814 (14.26%) | loss: 4.106608 | lrm: 1.00 | dt: 576.73ms | tok/sec: 93,214 | bf16_mfu: 0.00 | epoch: 1 pq: 0 rg: 53 | total time: 5.25m | eta: 32.1m
step 00545/03814 (14.29%) | loss: 4.098812 | lrm: 1.00 | dt: 586.49ms | tok/sec: 91,663 | bf16_mfu: 0.00 | epoch: 1 pq: 0 rg: 53 | total time: 5.26m | eta: 32.1m
step 00546/03814 (14.32%) | loss: 4.098647 | lrm: 1.00 | dt: 567.17ms | tok/sec: 94,785 | bf16_mfu: 0.00 | epoch: 1 pq: 0 rg: 53 | total time: 5.27m | eta: 32.1m
step 00547/03814 (14.34%) | loss: 4.108150 | lrm: 1.00 | dt: 579.11ms | tok/sec: 92,832 | bf16_mfu: 0.00 | epoch: 1 pq: 0 rg: 53 | total time: 5.28m | eta: 32.1m
step 00548/03814 (14.37%) | loss: 4.116384 | lrm: 1.00 | dt: 627.90ms | tok/sec: 85,619 | bf16_mfu: 0.00 | epoch: 1 pq: 0 rg: 54 | total time: 5.29m | eta: 32.1m
step 00549/03814 (14.39%) | loss: 4.109624 | lrm: 1.00 | dt: 574.58ms | tok/sec: 93,564 | bf16_mfu: 0.00 | epoch: 1 pq: 0 rg: 54 | total time: 5.30m | eta: 32.1m
step 00550/03814 (14.42%) | loss: 4.096038 | lrm: 1.00 | dt: 578.66ms | tok/sec: 92,904 | bf16_mfu: 0.00 | epoch: 1 pq: 0 rg: 54 | total time: 5.31m | eta: 32.1m
step 00551/03814 (14.45%) | loss: 4.092822 | lrm: 1.00 | dt: 575.21ms | tok/sec: 93,461 | bf16_mfu: 0.00 | epoch: 1 pq: 0 rg: 54 | total time: 5.32m | eta: 32.1m
step 00552/03814 (14.47%) | loss: 4.073959 | lrm: 1.00 | dt: 586.54ms | tok/sec: 91,655 | bf16_mfu: 0.00 | epoch: 1 pq: 0 rg: 54 | total time: 5.33m | eta: 32.1m
step 00553/03814 (14.50%) | loss: 4.083633 | lrm: 1.00 | dt: 580.91ms | tok/sec: 92,544 | bf16_mfu: 0.00 | epoch: 1 pq: 0 rg: 54 | total time: 5.34m | eta: 32.0m
step 00554/03814 (14.53%) | loss: 4.090597 | lrm: 1.00 | dt: 575.64ms | tok/sec: 93,392 | bf16_mfu: 0.00 | epoch: 1 pq: 0 rg: 54 | total time: 5.35m | eta: 32.0m
step 00555/03814 (14.55%) | loss: 4.082204 | lrm: 1.00 | dt: 588.19ms | tok/sec: 91,398 | bf16_mfu: 0.00 | epoch: 1 pq: 0 rg: 54 | total time: 5.36m | eta: 32.0m
step 00556/03814 (14.58%) | loss: 4.087392 | lrm: 1.00 | dt: 583.85ms | tok/sec: 92,078 | bf16_mfu: 0.00 | epoch: 1 pq: 0 rg: 54 | total time: 5.37m | eta: 32.0m
step 00557/03814 (14.60%) | loss: 4.077041 | lrm: 1.00 | dt: 572.57ms | tok/sec: 93,892 | bf16_mfu: 0.00 | epoch: 1 pq: 0 rg: 54 | total time: 5.37m | eta: 32.0m
step 00558/03814 (14.63%) | loss: 4.084368 | lrm: 1.00 | dt: 584.54ms | tok/sec: 91,969 | bf16_mfu: 0.00 | epoch: 1 pq: 0 rg: 54 | total time: 5.38m | eta: 32.0m
step 00559/03814 (14.66%) | loss: 4.098735 | lrm: 1.00 | dt: 584.75ms | tok/sec: 91,937 | bf16_mfu: 0.00 | epoch: 1 pq: 0 rg: 55 | total time: 5.39m | eta: 32.0m
step 00560/03814 (14.68%) | loss: 4.102580 | lrm: 1.00 | dt: 585.08ms | tok/sec: 91,885 | bf16_mfu: 0.00 | epoch: 1 pq: 0 rg: 55 | total time: 5.40m | eta: 32.0m
step 00561/03814 (14.71%) | loss: 4.094688 | lrm: 1.00 | dt: 579.41ms | tok/sec: 92,784 | bf16_mfu: 0.00 | epoch: 1 pq: 0 rg: 55 | total time: 5.41m | eta: 32.0m
step 00562/03814 (14.74%) | loss: 4.098711 | lrm: 1.00 | dt: 576.06ms | tok/sec: 93,324 | bf16_mfu: 0.00 | epoch: 1 pq: 0 rg: 55 | total time: 5.42m | eta: 32.0m
step 00563/03814 (14.76%) | loss: 4.103393 | lrm: 1.00 | dt: 582.08ms | tok/sec: 92,357 | bf16_mfu: 0.00 | epoch: 1 pq: 0 rg: 55 | total time: 5.43m | eta: 31.9m
step 00564/03814 (14.79%) | loss: 4.096529 | lrm: 1.00 | dt: 573.14ms | tok/sec: 93,799 | bf16_mfu: 0.00 | epoch: 1 pq: 0 rg: 55 | total time: 5.44m | eta: 31.9m
step 00565/03814 (14.81%) | loss: 4.102403 | lrm: 1.00 | dt: 604.13ms | tok/sec: 88,987 | bf16_mfu: 0.00 | epoch: 1 pq: 0 rg: 55 | total time: 5.45m | eta: 31.9m
step 00566/03814 (14.84%) | loss: 4.105561 | lrm: 1.00 | dt: 589.51ms | tok/sec: 91,194 | bf16_mfu: 0.00 | epoch: 1 pq: 0 rg: 55 | total time: 5.46m | eta: 31.9m
step 00567/03814 (14.87%) | loss: 4.124465 | lrm: 1.00 | dt: 583.16ms | tok/sec: 92,188 | bf16_mfu: 0.00 | epoch: 1 pq: 0 rg: 55 | total time: 5.47m | eta: 31.9m
step 00568/03814 (14.89%) | loss: 4.144189 | lrm: 1.00 | dt: 571.18ms | tok/sec: 94,120 | bf16_mfu: 0.00 | epoch: 1 pq: 0 rg: 55 | total time: 5.48m | eta: 31.9m
step 00569/03814 (14.92%) | loss: 4.139321 | lrm: 1.00 | dt: 592.91ms | tok/sec: 90,671 | bf16_mfu: 0.00 | epoch: 1 pq: 0 rg: 56 | total time: 5.49m | eta: 31.9m
step 00570/03814 (14.94%) | loss: 4.131333 | lrm: 1.00 | dt: 579.46ms | tok/sec: 92,775 | bf16_mfu: 0.00 | epoch: 1 pq: 0 rg: 56 | total time: 5.50m | eta: 31.9m
step 00571/03814 (14.97%) | loss: 4.128293 | lrm: 1.00 | dt: 578.35ms | tok/sec: 92,953 | bf16_mfu: 0.00 | epoch: 1 pq: 0 rg: 56 | total time: 5.51m | eta: 31.9m
step 00572/03814 (15.00%) | loss: 4.098475 | lrm: 1.00 | dt: 576.46ms | tok/sec: 93,259 | bf16_mfu: 0.00 | epoch: 1 pq: 0 rg: 56 | total time: 5.52m | eta: 31.8m
step 00573/03814 (15.02%) | loss: 4.094706 | lrm: 1.00 | dt: 576.79ms | tok/sec: 93,205 | bf16_mfu: 0.00 | epoch: 1 pq: 0 rg: 56 | total time: 5.53m | eta: 31.8m
step 00574/03814 (15.05%) | loss: 4.092220 | lrm: 1.00 | dt: 579.25ms | tok/sec: 92,809 | bf16_mfu: 0.00 | epoch: 1 pq: 0 rg: 56 | total time: 5.54m | eta: 31.8m
step 00575/03814 (15.08%) | loss: 4.117456 | lrm: 1.00 | dt: 590.79ms | tok/sec: 90,996 | bf16_mfu: 0.00 | epoch: 1 pq: 0 rg: 56 | total time: 5.55m | eta: 31.8m
step 00576/03814 (15.10%) | loss: 4.113528 | lrm: 1.00 | dt: 580.36ms | tok/sec: 92,631 | bf16_mfu: 0.00 | epoch: 1 pq: 0 rg: 56 | total time: 5.56m | eta: 31.8m
step 00577/03814 (15.13%) | loss: 4.112788 | lrm: 1.00 | dt: 568.44ms | tok/sec: 94,574 | bf16_mfu: 0.00 | epoch: 1 pq: 0 rg: 56 | total time: 5.57m | eta: 31.8m
step 00578/03814 (15.15%) | loss: 4.104098 | lrm: 1.00 | dt: 583.02ms | tok/sec: 92,209 | bf16_mfu: 0.00 | epoch: 1 pq: 0 rg: 56 | total time: 5.58m | eta: 31.8m
step 00579/03814 (15.18%) | loss: 4.119805 | lrm: 1.00 | dt: 570.72ms | tok/sec: 94,197 | bf16_mfu: 0.00 | epoch: 1 pq: 0 rg: 56 | total time: 5.59m | eta: 31.8m
step 00580/03814 (15.21%) | loss: 4.099747 | lrm: 1.00 | dt: 595.34ms | tok/sec: 90,301 | bf16_mfu: 0.00 | epoch: 1 pq: 0 rg: 57 | total time: 5.60m | eta: 31.8m
step 00581/03814 (15.23%) | loss: 4.081339 | lrm: 1.00 | dt: 578.38ms | tok/sec: 92,948 | bf16_mfu: 0.00 | epoch: 1 pq: 0 rg: 57 | total time: 5.61m | eta: 31.8m
step 00582/03814 (15.26%) | loss: 4.068813 | lrm: 1.00 | dt: 570.48ms | tok/sec: 94,235 | bf16_mfu: 0.00 | epoch: 1 pq: 0 rg: 57 | total time: 5.62m | eta: 31.7m
step 00583/03814 (15.29%) | loss: 4.092528 | lrm: 1.00 | dt: 585.28ms | tok/sec: 91,853 | bf16_mfu: 0.00 | epoch: 1 pq: 0 rg: 57 | total time: 5.63m | eta: 31.7m
step 00584/03814 (15.31%) | loss: 4.091630 | lrm: 1.00 | dt: 586.63ms | tok/sec: 91,642 | bf16_mfu: 0.00 | epoch: 1 pq: 0 rg: 57 | total time: 5.64m | eta: 31.7m
step 00585/03814 (15.34%) | loss: 4.103018 | lrm: 1.00 | dt: 575.18ms | tok/sec: 93,466 | bf16_mfu: 0.00 | epoch: 1 pq: 0 rg: 57 | total time: 5.65m | eta: 31.7m
step 00586/03814 (15.36%) | loss: 4.098707 | lrm: 1.00 | dt: 580.95ms | tok/sec: 92,538 | bf16_mfu: 0.00 | epoch: 1 pq: 0 rg: 57 | total time: 5.66m | eta: 31.7m
step 00587/03814 (15.39%) | loss: 4.108382 | lrm: 1.00 | dt: 578.74ms | tok/sec: 92,890 | bf16_mfu: 0.00 | epoch: 1 pq: 0 rg: 57 | total time: 5.67m | eta: 31.7m
step 00588/03814 (15.42%) | loss: 4.107519 | lrm: 1.00 | dt: 577.07ms | tok/sec: 93,160 | bf16_mfu: 0.00 | epoch: 1 pq: 0 rg: 57 | total time: 5.68m | eta: 31.7m
step 00589/03814 (15.44%) | loss: 4.107357 | lrm: 1.00 | dt: 585.59ms | tok/sec: 91,805 | bf16_mfu: 0.00 | epoch: 1 pq: 0 rg: 57 | total time: 5.68m | eta: 31.7m
step 00590/03814 (15.47%) | loss: 4.104765 | lrm: 1.00 | dt: 586.61ms | tok/sec: 91,645 | bf16_mfu: 0.00 | epoch: 1 pq: 0 rg: 57 | total time: 5.69m | eta: 31.7m
step 00591/03814 (15.50%) | loss: 4.102452 | lrm: 1.00 | dt: 576.32ms | tok/sec: 93,282 | bf16_mfu: 0.00 | epoch: 1 pq: 0 rg: 58 | total time: 5.70m | eta: 31.6m
step 00592/03814 (15.52%) | loss: 4.093513 | lrm: 1.00 | dt: 608.30ms | tok/sec: 88,378 | bf16_mfu: 0.00 | epoch: 1 pq: 0 rg: 58 | total time: 5.71m | eta: 31.6m
step 00593/03814 (15.55%) | loss: 4.085830 | lrm: 1.00 | dt: 588.72ms | tok/sec: 91,316 | bf16_mfu: 0.00 | epoch: 1 pq: 0 rg: 58 | total time: 5.72m | eta: 31.6m
step 00594/03814 (15.57%) | loss: 4.078767 | lrm: 1.00 | dt: 584.12ms | tok/sec: 92,036 | bf16_mfu: 0.00 | epoch: 1 pq: 0 rg: 58 | total time: 5.73m | eta: 31.6m
step 00595/03814 (15.60%) | loss: 4.097902 | lrm: 1.00 | dt: 665.60ms | tok/sec: 80,769 | bf16_mfu: 0.00 | epoch: 1 pq: 0 rg: 58 | total time: 5.75m | eta: 31.6m
step 00596/03814 (15.63%) | loss: 4.102470 | lrm: 1.00 | dt: 588.32ms | tok/sec: 91,378 | bf16_mfu: 0.00 | epoch: 1 pq: 0 rg: 58 | total time: 5.75m | eta: 31.6m
step 00597/03814 (15.65%) | loss: 4.089245 | lrm: 1.00 | dt: 579.40ms | tok/sec: 92,785 | bf16_mfu: 0.00 | epoch: 1 pq: 0 rg: 58 | total time: 5.76m | eta: 31.6m
step 00598/03814 (15.68%) | loss: 4.107533 | lrm: 1.00 | dt: 576.81ms | tok/sec: 93,202 | bf16_mfu: 0.00 | epoch: 1 pq: 0 rg: 58 | total time: 5.77m | eta: 31.6m
step 00599/03814 (15.71%) | loss: 4.107309 | lrm: 1.00 | dt: 577.55ms | tok/sec: 93,083 | bf16_mfu: 0.00 | epoch: 1 pq: 0 rg: 58 | total time: 5.78m | eta: 31.6m
step 00600/03814 (15.73%) | loss: 4.098803 | lrm: 1.00 | dt: 579.11ms | tok/sec: 92,832 | bf16_mfu: 0.00 | epoch: 1 pq: 0 rg: 58 | total time: 5.79m | eta: 31.6m
step 00601/03814 (15.76%) | loss: 4.080511 | lrm: 1.00 | dt: 639.95ms | tok/sec: 84,006 | bf16_mfu: 0.00 | epoch: 1 pq: 0 rg: 59 | total time: 5.80m | eta: 31.6m
step 00602/03814 (15.78%) | loss: 4.080308 | lrm: 1.00 | dt: 573.83ms | tok/sec: 93,686 | bf16_mfu: 0.00 | epoch: 1 pq: 0 rg: 59 | total time: 5.81m | eta: 31.5m
step 00603/03814 (15.81%) | loss: 4.087195 | lrm: 1.00 | dt: 588.96ms | tok/sec: 91,279 | bf16_mfu: 0.00 | epoch: 1 pq: 0 rg: 59 | total time: 5.82m | eta: 31.5m
step 00604/03814 (15.84%) | loss: 4.087279 | lrm: 1.00 | dt: 626.24ms | tok/sec: 85,845 | bf16_mfu: 0.00 | epoch: 1 pq: 0 rg: 59 | total time: 5.83m | eta: 31.5m
step 00605/03814 (15.86%) | loss: 4.084478 | lrm: 1.00 | dt: 785.20ms | tok/sec: 68,466 | bf16_mfu: 0.00 | epoch: 1 pq: 0 rg: 59 | total time: 5.85m | eta: 31.5m
step 00606/03814 (15.89%) | loss: 4.070626 | lrm: 1.00 | dt: 585.77ms | tok/sec: 91,776 | bf16_mfu: 0.00 | epoch: 1 pq: 0 rg: 59 | total time: 5.86m | eta: 31.5m
step 00607/03814 (15.92%) | loss: 4.078313 | lrm: 1.00 | dt: 577.83ms | tok/sec: 93,038 | bf16_mfu: 0.00 | epoch: 1 pq: 0 rg: 59 | total time: 5.87m | eta: 31.5m
step 00608/03814 (15.94%) | loss: 4.101311 | lrm: 1.00 | dt: 586.46ms | tok/sec: 91,668 | bf16_mfu: 0.00 | epoch: 1 pq: 0 rg: 59 | total time: 5.88m | eta: 31.5m
step 00609/03814 (15.97%) | loss: 4.108455 | lrm: 1.00 | dt: 587.74ms | tok/sec: 91,468 | bf16_mfu: 0.00 | epoch: 1 pq: 0 rg: 59 | total time: 5.89m | eta: 31.5m
step 00610/03814 (15.99%) | loss: 4.102469 | lrm: 1.00 | dt: 582.72ms | tok/sec: 92,257 | bf16_mfu: 0.00 | epoch: 1 pq: 0 rg: 59 | total time: 5.90m | eta: 31.5m
step 00611/03814 (16.02%) | loss: 4.092776 | lrm: 1.00 | dt: 575.51ms | tok/sec: 93,413 | bf16_mfu: 0.00 | epoch: 1 pq: 0 rg: 59 | total time: 5.91m | eta: 31.5m
step 00612/03814 (16.05%) | loss: 4.087957 | lrm: 1.00 | dt: 1028.28ms | tok/sec: 52,281 | bf16_mfu: 0.00 | epoch: 1 pq: 0 rg: 60 | total time: 5.92m | eta: 31.5m
step 00613/03814 (16.07%) | loss: 4.117572 | lrm: 1.00 | dt: 587.00ms | tok/sec: 91,584 | bf16_mfu: 0.00 | epoch: 1 pq: 0 rg: 60 | total time: 5.93m | eta: 31.5m
step 00614/03814 (16.10%) | loss: 4.116630 | lrm: 1.00 | dt: 613.24ms | tok/sec: 87,665 | bf16_mfu: 0.00 | epoch: 1 pq: 0 rg: 60 | total time: 5.94m | eta: 31.5m
step 00615/03814 (16.12%) | loss: 4.104825 | lrm: 1.00 | dt: 585.87ms | tok/sec: 91,761 | bf16_mfu: 0.00 | epoch: 1 pq: 0 rg: 60 | total time: 5.95m | eta: 31.5m
step 00616/03814 (16.15%) | loss: 4.115094 | lrm: 1.00 | dt: 584.18ms | tok/sec: 92,026 | bf16_mfu: 0.00 | epoch: 1 pq: 0 rg: 60 | total time: 5.96m | eta: 31.5m
step 00617/03814 (16.18%) | loss: 4.131064 | lrm: 1.00 | dt: 745.01ms | tok/sec: 72,159 | bf16_mfu: 0.00 | epoch: 1 pq: 0 rg: 60 | total time: 5.97m | eta: 31.5m
step 00618/03814 (16.20%) | loss: 4.124785 | lrm: 1.00 | dt: 580.02ms | tok/sec: 92,686 | bf16_mfu: 0.00 | epoch: 1 pq: 0 rg: 60 | total time: 5.98m | eta: 31.5m
step 00619/03814 (16.23%) | loss: 4.121225 | lrm: 1.00 | dt: 582.88ms | tok/sec: 92,231 | bf16_mfu: 0.00 | epoch: 1 pq: 0 rg: 60 | total time: 5.99m | eta: 31.4m
step 00620/03814 (16.26%) | loss: 4.103222 | lrm: 1.00 | dt: 586.67ms | tok/sec: 91,636 | bf16_mfu: 0.00 | epoch: 1 pq: 0 rg: 60 | total time: 6.00m | eta: 31.4m
step 00621/03814 (16.28%) | loss: 4.121063 | lrm: 1.00 | dt: 602.11ms | tok/sec: 89,286 | bf16_mfu: 0.00 | epoch: 1 pq: 0 rg: 60 | total time: 6.01m | eta: 31.4m
step 00622/03814 (16.31%) | loss: 4.122271 | lrm: 1.00 | dt: 595.56ms | tok/sec: 90,267 | bf16_mfu: 0.00 | epoch: 1 pq: 0 rg: 61 | total time: 6.02m | eta: 31.4m
step 00623/03814 (16.33%) | loss: 4.119802 | lrm: 1.00 | dt: 594.93ms | tok/sec: 90,363 | bf16_mfu: 0.00 | epoch: 1 pq: 0 rg: 61 | total time: 6.03m | eta: 31.4m
step 00624/03814 (16.36%) | loss: 4.117067 | lrm: 1.00 | dt: 587.04ms | tok/sec: 91,577 | bf16_mfu: 0.00 | epoch: 1 pq: 0 rg: 61 | total time: 6.04m | eta: 31.4m
step 00625/03814 (16.39%) | loss: 4.121243 | lrm: 1.00 | dt: 591.64ms | tok/sec: 90,866 | bf16_mfu: 0.00 | epoch: 1 pq: 0 rg: 61 | total time: 6.05m | eta: 31.4m
step 00626/03814 (16.41%) | loss: 4.116744 | lrm: 1.00 | dt: 589.44ms | tok/sec: 91,205 | bf16_mfu: 0.00 | epoch: 1 pq: 0 rg: 61 | total time: 6.06m | eta: 31.4m
step 00627/03814 (16.44%) | loss: 4.120221 | lrm: 1.00 | dt: 588.72ms | tok/sec: 91,317 | bf16_mfu: 0.00 | epoch: 1 pq: 0 rg: 61 | total time: 6.07m | eta: 31.4m
step 00628/03814 (16.47%) | loss: 4.112815 | lrm: 1.00 | dt: 600.44ms | tok/sec: 89,534 | bf16_mfu: 0.00 | epoch: 1 pq: 0 rg: 61 | total time: 6.08m | eta: 31.4m
step 00629/03814 (16.49%) | loss: 4.113658 | lrm: 1.00 | dt: 594.76ms | tok/sec: 90,389 | bf16_mfu: 0.00 | epoch: 1 pq: 0 rg: 61 | total time: 6.09m | eta: 31.3m
step 00630/03814 (16.52%) | loss: 4.132236 | lrm: 1.00 | dt: 602.99ms | tok/sec: 89,155 | bf16_mfu: 0.00 | epoch: 1 pq: 0 rg: 61 | total time: 6.10m | eta: 31.3m
step 00631/03814 (16.54%) | loss: 4.141373 | lrm: 1.00 | dt: 591.89ms | tok/sec: 90,827 | bf16_mfu: 0.00 | epoch: 1 pq: 0 rg: 61 | total time: 6.11m | eta: 31.3m
step 00632/03814 (16.57%) | loss: 4.129490 | lrm: 1.00 | dt: 601.75ms | tok/sec: 89,339 | bf16_mfu: 0.00 | epoch: 1 pq: 0 rg: 61 | total time: 6.12m | eta: 31.3m
step 00633/03814 (16.60%) | loss: 4.114362 | lrm: 1.00 | dt: 609.42ms | tok/sec: 88,214 | bf16_mfu: 0.00 | epoch: 1 pq: 0 rg: 62 | total time: 6.13m | eta: 31.3m
step 00634/03814 (16.62%) | loss: 4.115031 | lrm: 1.00 | dt: 601.71ms | tok/sec: 89,345 | bf16_mfu: 0.00 | epoch: 1 pq: 0 rg: 62 | total time: 6.14m | eta: 31.3m
step 00635/03814 (16.65%) | loss: 4.114718 | lrm: 1.00 | dt: 595.01ms | tok/sec: 90,352 | bf16_mfu: 0.00 | epoch: 1 pq: 0 rg: 62 | total time: 6.15m | eta: 31.3m
step 00636/03814 (16.68%) | loss: 4.111725 | lrm: 1.00 | dt: 602.63ms | tok/sec: 89,209 | bf16_mfu: 0.00 | epoch: 1 pq: 0 rg: 62 | total time: 6.16m | eta: 31.3m
step 00637/03814 (16.70%) | loss: 4.106527 | lrm: 1.00 | dt: 605.54ms | tok/sec: 88,780 | bf16_mfu: 0.00 | epoch: 1 pq: 0 rg: 62 | total time: 6.17m | eta: 31.3m
step 00638/03814 (16.73%) | loss: 4.127414 | lrm: 1.00 | dt: 596.50ms | tok/sec: 90,125 | bf16_mfu: 0.00 | epoch: 1 pq: 0 rg: 62 | total time: 6.18m | eta: 31.3m
step 00639/03814 (16.75%) | loss: 4.107892 | lrm: 1.00 | dt: 600.08ms | tok/sec: 89,588 | bf16_mfu: 0.00 | epoch: 1 pq: 0 rg: 62 | total time: 6.19m | eta: 31.3m
step 00640/03814 (16.78%) | loss: 4.091027 | lrm: 1.00 | dt: 609.95ms | tok/sec: 88,137 | bf16_mfu: 0.00 | epoch: 1 pq: 0 rg: 62 | total time: 6.20m | eta: 31.3m
step 00641/03814 (16.81%) | loss: 4.089856 | lrm: 1.00 | dt: 606.22ms | tok/sec: 88,680 | bf16_mfu: 0.00 | epoch: 1 pq: 0 rg: 62 | total time: 6.21m | eta: 31.2m
step 00642/03814 (16.83%) | loss: 4.080932 | lrm: 1.00 | dt: 608.37ms | tok/sec: 88,367 | bf16_mfu: 0.00 | epoch: 1 pq: 0 rg: 62 | total time: 6.22m | eta: 31.2m
step 00643/03814 (16.86%) | loss: 4.069988 | lrm: 1.00 | dt: 607.45ms | tok/sec: 88,500 | bf16_mfu: 0.00 | epoch: 1 pq: 0 rg: 63 | total time: 6.23m | eta: 31.2m
step 00644/03814 (16.89%) | loss: 4.078168 | lrm: 1.00 | dt: 605.27ms | tok/sec: 88,819 | bf16_mfu: 0.00 | epoch: 1 pq: 0 rg: 63 | total time: 6.24m | eta: 31.2m
step 00645/03814 (16.91%) | loss: 4.078046 | lrm: 1.00 | dt: 608.15ms | tok/sec: 88,399 | bf16_mfu: 0.00 | epoch: 1 pq: 0 rg: 63 | total time: 6.25m | eta: 31.2m
step 00646/03814 (16.94%) | loss: 4.071631 | lrm: 1.00 | dt: 606.16ms | tok/sec: 88,689 | bf16_mfu: 0.00 | epoch: 1 pq: 0 rg: 63 | total time: 6.26m | eta: 31.2m
step 00647/03814 (16.96%) | loss: 4.065230 | lrm: 1.00 | dt: 606.35ms | tok/sec: 88,661 | bf16_mfu: 0.00 | epoch: 1 pq: 0 rg: 63 | total time: 6.27m | eta: 31.2m
step 00648/03814 (16.99%) | loss: 4.053363 | lrm: 1.00 | dt: 608.44ms | tok/sec: 88,356 | bf16_mfu: 0.00 | epoch: 1 pq: 0 rg: 63 | total time: 6.28m | eta: 31.2m
step 00649/03814 (17.02%) | loss: 4.056012 | lrm: 1.00 | dt: 605.24ms | tok/sec: 88,823 | bf16_mfu: 0.00 | epoch: 1 pq: 0 rg: 63 | total time: 6.29m | eta: 31.2m
step 00650/03814 (17.04%) | loss: 4.069222 | lrm: 1.00 | dt: 607.56ms | tok/sec: 88,485 | bf16_mfu: 0.00 | epoch: 1 pq: 0 rg: 63 | total time: 6.30m | eta: 31.2m
step 00651/03814 (17.07%) | loss: 4.067935 | lrm: 1.00 | dt: 607.65ms | tok/sec: 88,472 | bf16_mfu: 0.00 | epoch: 1 pq: 0 rg: 63 | total time: 6.31m | eta: 31.2m
step 00652/03814 (17.09%) | loss: 4.038053 | lrm: 1.00 | dt: 605.77ms | tok/sec: 88,747 | bf16_mfu: 0.00 | epoch: 1 pq: 0 rg: 63 | total time: 6.32m | eta: 31.1m
step 00653/03814 (17.12%) | loss: 4.036368 | lrm: 1.00 | dt: 607.49ms | tok/sec: 88,495 | bf16_mfu: 0.00 | epoch: 1 pq: 0 rg: 63 | total time: 6.33m | eta: 31.1m
step 00654/03814 (17.15%) | loss: 4.036878 | lrm: 1.00 | dt: 628.11ms | tok/sec: 85,590 | bf16_mfu: 0.00 | epoch: 1 pq: 0 rg: 64 | total time: 6.34m | eta: 31.1m
step 00655/03814 (17.17%) | loss: 4.044943 | lrm: 1.00 | dt: 605.32ms | tok/sec: 88,812 | bf16_mfu: 0.00 | epoch: 1 pq: 0 rg: 64 | total time: 6.35m | eta: 31.1m
step 00656/03814 (17.20%) | loss: 4.042041 | lrm: 1.00 | dt: 610.87ms | tok/sec: 88,005 | bf16_mfu: 0.00 | epoch: 1 pq: 0 rg: 64 | total time: 6.37m | eta: 31.1m
step 00657/03814 (17.23%) | loss: 4.033413 | lrm: 1.00 | dt: 604.06ms | tok/sec: 88,998 | bf16_mfu: 0.00 | epoch: 1 pq: 0 rg: 64 | total time: 6.38m | eta: 31.1m
step 00658/03814 (17.25%) | loss: 4.042021 | lrm: 1.00 | dt: 606.71ms | tok/sec: 88,609 | bf16_mfu: 0.00 | epoch: 1 pq: 0 rg: 64 | total time: 6.39m | eta: 31.1m
step 00659/03814 (17.28%) | loss: 4.041758 | lrm: 1.00 | dt: 609.93ms | tok/sec: 88,141 | bf16_mfu: 0.00 | epoch: 1 pq: 0 rg: 64 | total time: 6.40m | eta: 31.1m
step 00660/03814 (17.30%) | loss: 4.040313 | lrm: 1.00 | dt: 604.68ms | tok/sec: 88,906 | bf16_mfu: 0.00 | epoch: 1 pq: 0 rg: 64 | total time: 6.41m | eta: 31.1m
step 00661/03814 (17.33%) | loss: 4.039465 | lrm: 1.00 | dt: 608.58ms | tok/sec: 88,337 | bf16_mfu: 0.00 | epoch: 1 pq: 0 rg: 64 | total time: 6.42m | eta: 31.1m
step 00662/03814 (17.36%) | loss: 4.041436 | lrm: 1.00 | dt: 606.68ms | tok/sec: 88,613 | bf16_mfu: 0.00 | epoch: 1 pq: 0 rg: 64 | total time: 6.43m | eta: 31.1m
step 00663/03814 (17.38%) | loss: 4.045955 | lrm: 1.00 | dt: 607.74ms | tok/sec: 88,459 | bf16_mfu: 0.00 | epoch: 1 pq: 0 rg: 64 | total time: 6.44m | eta: 31.1m
step 00664/03814 (17.41%) | loss: 4.022229 | lrm: 1.00 | dt: 606.96ms | tok/sec: 88,572 | bf16_mfu: 0.00 | epoch: 1 pq: 0 rg: 65 | total time: 6.45m | eta: 31.0m
step 00665/03814 (17.44%) | loss: 4.009940 | lrm: 1.00 | dt: 607.17ms | tok/sec: 88,541 | bf16_mfu: 0.00 | epoch: 1 pq: 0 rg: 65 | total time: 6.46m | eta: 31.0m
step 00666/03814 (17.46%) | loss: 4.038920 | lrm: 1.00 | dt: 607.76ms | tok/sec: 88,455 | bf16_mfu: 0.00 | epoch: 1 pq: 0 rg: 65 | total time: 6.47m | eta: 31.0m
step 00667/03814 (17.49%) | loss: 4.036687 | lrm: 1.00 | dt: 608.52ms | tok/sec: 88,345 | bf16_mfu: 0.00 | epoch: 1 pq: 0 rg: 65 | total time: 6.48m | eta: 31.0m
step 00668/03814 (17.51%) | loss: 4.033466 | lrm: 1.00 | dt: 603.83ms | tok/sec: 89,031 | bf16_mfu: 0.00 | epoch: 1 pq: 0 rg: 65 | total time: 6.49m | eta: 31.0m
step 00669/03814 (17.54%) | loss: 4.025280 | lrm: 1.00 | dt: 611.26ms | tok/sec: 87,950 | bf16_mfu: 0.00 | epoch: 1 pq: 0 rg: 65 | total time: 6.50m | eta: 31.0m
step 00670/03814 (17.57%) | loss: 4.009927 | lrm: 1.00 | dt: 603.64ms | tok/sec: 89,059 | bf16_mfu: 0.00 | epoch: 1 pq: 0 rg: 65 | total time: 6.51m | eta: 31.0m
step 00671/03814 (17.59%) | loss: 4.024058 | lrm: 1.00 | dt: 608.21ms | tok/sec: 88,390 | bf16_mfu: 0.00 | epoch: 1 pq: 0 rg: 65 | total time: 6.52m | eta: 31.0m
step 00672/03814 (17.62%) | loss: 4.012861 | lrm: 1.00 | dt: 611.38ms | tok/sec: 87,932 | bf16_mfu: 0.00 | epoch: 1 pq: 0 rg: 65 | total time: 6.53m | eta: 31.0m
step 00673/03814 (17.65%) | loss: 4.019463 | lrm: 1.00 | dt: 607.72ms | tok/sec: 88,462 | bf16_mfu: 0.00 | epoch: 1 pq: 0 rg: 65 | total time: 6.54m | eta: 31.0m
step 00674/03814 (17.67%) | loss: 4.037168 | lrm: 1.00 | dt: 605.80ms | tok/sec: 88,741 | bf16_mfu: 0.00 | epoch: 1 pq: 0 rg: 65 | total time: 6.55m | eta: 31.0m
step 00675/03814 (17.70%) | loss: 4.050825 | lrm: 1.00 | dt: 609.07ms | tok/sec: 88,266 | bf16_mfu: 0.00 | epoch: 1 pq: 0 rg: 66 | total time: 6.56m | eta: 31.0m
step 00676/03814 (17.72%) | loss: 4.039375 | lrm: 1.00 | dt: 606.17ms | tok/sec: 88,687 | bf16_mfu: 0.00 | epoch: 1 pq: 0 rg: 66 | total time: 6.57m | eta: 30.9m
step 00677/03814 (17.75%) | loss: 4.036248 | lrm: 1.00 | dt: 605.92ms | tok/sec: 88,724 | bf16_mfu: 0.00 | epoch: 1 pq: 0 rg: 66 | total time: 6.58m | eta: 30.9m
step 00678/03814 (17.78%) | loss: 4.040088 | lrm: 1.00 | dt: 609.49ms | tok/sec: 88,204 | bf16_mfu: 0.00 | epoch: 1 pq: 0 rg: 66 | total time: 6.59m | eta: 30.9m
step 00679/03814 (17.80%) | loss: 4.061950 | lrm: 1.00 | dt: 602.65ms | tok/sec: 89,205 | bf16_mfu: 0.00 | epoch: 1 pq: 0 rg: 66 | total time: 6.60m | eta: 30.9m
step 00680/03814 (17.83%) | loss: 4.055602 | lrm: 1.00 | dt: 600.67ms | tok/sec: 89,500 | bf16_mfu: 0.00 | epoch: 1 pq: 0 rg: 66 | total time: 6.61m | eta: 30.9m
step 00681/03814 (17.86%) | loss: 4.047678 | lrm: 1.00 | dt: 596.27ms | tok/sec: 90,160 | bf16_mfu: 0.00 | epoch: 1 pq: 0 rg: 66 | total time: 6.62m | eta: 30.9m
step 00682/03814 (17.88%) | loss: 4.031690 | lrm: 1.00 | dt: 595.93ms | tok/sec: 90,212 | bf16_mfu: 0.00 | epoch: 1 pq: 0 rg: 66 | total time: 6.63m | eta: 30.9m
step 00683/03814 (17.91%) | loss: 4.047794 | lrm: 1.00 | dt: 599.49ms | tok/sec: 89,676 | bf16_mfu: 0.00 | epoch: 1 pq: 0 rg: 66 | total time: 6.64m | eta: 30.9m
step 00684/03814 (17.93%) | loss: 4.021137 | lrm: 1.00 | dt: 606.38ms | tok/sec: 88,657 | bf16_mfu: 0.00 | epoch: 1 pq: 0 rg: 66 | total time: 6.65m | eta: 30.9m
step 00685/03814 (17.96%) | loss: 4.012835 | lrm: 1.00 | dt: 601.48ms | tok/sec: 89,379 | bf16_mfu: 0.00 | epoch: 1 pq: 0 rg: 66 | total time: 6.66m | eta: 30.9m
step 00686/03814 (17.99%) | loss: 4.026170 | lrm: 1.00 | dt: 611.26ms | tok/sec: 87,948 | bf16_mfu: 0.00 | epoch: 1 pq: 0 rg: 67 | total time: 6.67m | eta: 30.9m
step 00687/03814 (18.01%) | loss: 4.031133 | lrm: 1.00 | dt: 592.52ms | tok/sec: 90,731 | bf16_mfu: 0.00 | epoch: 1 pq: 0 rg: 67 | total time: 6.68m | eta: 30.8m
step 00688/03814 (18.04%) | loss: 4.050464 | lrm: 1.00 | dt: 602.58ms | tok/sec: 89,216 | bf16_mfu: 0.00 | epoch: 1 pq: 0 rg: 67 | total time: 6.69m | eta: 30.8m
step 00689/03814 (18.07%) | loss: 4.032504 | lrm: 1.00 | dt: 592.86ms | tok/sec: 90,679 | bf16_mfu: 0.00 | epoch: 1 pq: 0 rg: 67 | total time: 6.70m | eta: 30.8m
step 00690/03814 (18.09%) | loss: 4.028265 | lrm: 1.00 | dt: 602.00ms | tok/sec: 89,302 | bf16_mfu: 0.00 | epoch: 1 pq: 0 rg: 67 | total time: 6.71m | eta: 30.8m
step 00691/03814 (18.12%) | loss: 4.039205 | lrm: 1.00 | dt: 592.28ms | tok/sec: 90,767 | bf16_mfu: 0.00 | epoch: 1 pq: 0 rg: 67 | total time: 6.72m | eta: 30.8m
step 00692/03814 (18.14%) | loss: 4.025153 | lrm: 1.00 | dt: 599.93ms | tok/sec: 89,610 | bf16_mfu: 0.00 | epoch: 1 pq: 0 rg: 67 | total time: 6.73m | eta: 30.8m
step 00693/03814 (18.17%) | loss: 4.033572 | lrm: 1.00 | dt: 594.51ms | tok/sec: 90,427 | bf16_mfu: 0.00 | epoch: 1 pq: 0 rg: 67 | total time: 6.74m | eta: 30.8m
step 00694/03814 (18.20%) | loss: 4.052238 | lrm: 1.00 | dt: 600.68ms | tok/sec: 89,498 | bf16_mfu: 0.00 | epoch: 1 pq: 0 rg: 67 | total time: 6.75m | eta: 30.8m
step 00695/03814 (18.22%) | loss: 4.056976 | lrm: 1.00 | dt: 595.18ms | tok/sec: 90,325 | bf16_mfu: 0.00 | epoch: 1 pq: 0 rg: 67 | total time: 6.76m | eta: 30.8m
step 00696/03814 (18.25%) | loss: 4.055071 | lrm: 1.00 | dt: 597.69ms | tok/sec: 89,945 | bf16_mfu: 0.00 | epoch: 1 pq: 0 rg: 68 | total time: 6.77m | eta: 30.8m
step 00697/03814 (18.27%) | loss: 4.047852 | lrm: 1.00 | dt: 594.26ms | tok/sec: 90,465 | bf16_mfu: 0.00 | epoch: 1 pq: 0 rg: 68 | total time: 6.78m | eta: 30.8m
step 00698/03814 (18.30%) | loss: 4.042114 | lrm: 1.00 | dt: 594.65ms | tok/sec: 90,406 | bf16_mfu: 0.00 | epoch: 1 pq: 0 rg: 68 | total time: 6.79m | eta: 30.7m
step 00699/03814 (18.33%) | loss: 4.022813 | lrm: 1.00 | dt: 591.51ms | tok/sec: 90,885 | bf16_mfu: 0.00 | epoch: 1 pq: 0 rg: 68 | total time: 6.80m | eta: 30.7m
step 00700/03814 (18.35%) | loss: 4.010501 | lrm: 1.00 | dt: 584.21ms | tok/sec: 92,022 | bf16_mfu: 0.00 | epoch: 1 pq: 0 rg: 68 | total time: 6.81m | eta: 30.7m
step 00701/03814 (18.38%) | loss: 4.010557 | lrm: 1.00 | dt: 586.59ms | tok/sec: 91,647 | bf16_mfu: 0.00 | epoch: 1 pq: 0 rg: 68 | total time: 6.82m | eta: 30.7m
step 00702/03814 (18.41%) | loss: 4.019211 | lrm: 1.00 | dt: 589.57ms | tok/sec: 91,185 | bf16_mfu: 0.00 | epoch: 1 pq: 0 rg: 68 | total time: 6.83m | eta: 30.7m
step 00703/03814 (18.43%) | loss: 4.006360 | lrm: 1.00 | dt: 579.93ms | tok/sec: 92,700 | bf16_mfu: 0.00 | epoch: 1 pq: 0 rg: 68 | total time: 6.84m | eta: 30.7m
step 00704/03814 (18.46%) | loss: 3.990384 | lrm: 1.00 | dt: 588.77ms | tok/sec: 91,309 | bf16_mfu: 0.00 | epoch: 1 pq: 0 rg: 68 | total time: 6.85m | eta: 30.7m
step 00705/03814 (18.48%) | loss: 4.003227 | lrm: 1.00 | dt: 586.69ms | tok/sec: 91,632 | bf16_mfu: 0.00 | epoch: 1 pq: 0 rg: 68 | total time: 6.86m | eta: 30.7m
step 00706/03814 (18.51%) | loss: 4.004917 | lrm: 1.00 | dt: 592.67ms | tok/sec: 90,707 | bf16_mfu: 0.00 | epoch: 1 pq: 0 rg: 68 | total time: 6.87m | eta: 30.7m
step 00707/03814 (18.54%) | loss: 4.010335 | lrm: 1.00 | dt: 583.75ms | tok/sec: 92,093 | bf16_mfu: 0.00 | epoch: 1 pq: 0 rg: 69 | total time: 6.88m | eta: 30.6m
step 00708/03814 (18.56%) | loss: 4.015140 | lrm: 1.00 | dt: 586.70ms | tok/sec: 91,630 | bf16_mfu: 0.00 | epoch: 1 pq: 0 rg: 69 | total time: 6.89m | eta: 30.6m
step 00709/03814 (18.59%) | loss: 4.014400 | lrm: 1.00 | dt: 592.64ms | tok/sec: 90,711 | bf16_mfu: 0.00 | epoch: 1 pq: 0 rg: 69 | total time: 6.90m | eta: 30.6m
step 00710/03814 (18.62%) | loss: 4.027576 | lrm: 1.00 | dt: 588.91ms | tok/sec: 91,287 | bf16_mfu: 0.00 | epoch: 1 pq: 0 rg: 69 | total time: 6.90m | eta: 30.6m
step 00711/03814 (18.64%) | loss: 4.010143 | lrm: 1.00 | dt: 581.99ms | tok/sec: 92,372 | bf16_mfu: 0.00 | epoch: 1 pq: 0 rg: 69 | total time: 6.91m | eta: 30.6m
step 00712/03814 (18.67%) | loss: 3.994203 | lrm: 1.00 | dt: 586.79ms | tok/sec: 91,617 | bf16_mfu: 0.00 | epoch: 1 pq: 0 rg: 69 | total time: 6.92m | eta: 30.6m
step 00713/03814 (18.69%) | loss: 3.993118 | lrm: 1.00 | dt: 585.31ms | tok/sec: 91,848 | bf16_mfu: 0.00 | epoch: 1 pq: 0 rg: 69 | total time: 6.93m | eta: 30.6m
step 00714/03814 (18.72%) | loss: 4.002349 | lrm: 1.00 | dt: 586.64ms | tok/sec: 91,640 | bf16_mfu: 0.00 | epoch: 1 pq: 0 rg: 69 | total time: 6.94m | eta: 30.6m
step 00715/03814 (18.75%) | loss: 3.992994 | lrm: 1.00 | dt: 588.52ms | tok/sec: 91,347 | bf16_mfu: 0.00 | epoch: 1 pq: 0 rg: 69 | total time: 6.95m | eta: 30.6m
step 00716/03814 (18.77%) | loss: 3.991474 | lrm: 1.00 | dt: 588.96ms | tok/sec: 91,279 | bf16_mfu: 0.00 | epoch: 1 pq: 0 rg: 69 | total time: 6.96m | eta: 30.6m
step 00717/03814 (18.80%) | loss: 4.003520 | lrm: 1.00 | dt: 587.28ms | tok/sec: 91,539 | bf16_mfu: 0.00 | epoch: 1 pq: 0 rg: 69 | total time: 6.97m | eta: 30.5m
step 00718/03814 (18.83%) | loss: 4.029790 | lrm: 1.00 | dt: 592.82ms | tok/sec: 90,685 | bf16_mfu: 0.00 | epoch: 1 pq: 0 rg: 70 | total time: 6.98m | eta: 30.5m
step 00719/03814 (18.85%) | loss: 4.021732 | lrm: 1.00 | dt: 584.07ms | tok/sec: 92,043 | bf16_mfu: 0.00 | epoch: 1 pq: 0 rg: 70 | total time: 6.99m | eta: 30.5m
step 00720/03814 (18.88%) | loss: 4.036354 | lrm: 1.00 | dt: 587.29ms | tok/sec: 91,539 | bf16_mfu: 0.00 | epoch: 1 pq: 0 rg: 70 | total time: 7.00m | eta: 30.5m
step 00721/03814 (18.90%) | loss: 4.048905 | lrm: 1.00 | dt: 583.86ms | tok/sec: 92,077 | bf16_mfu: 0.00 | epoch: 1 pq: 0 rg: 70 | total time: 7.01m | eta: 30.5m
step 00722/03814 (18.93%) | loss: 4.058892 | lrm: 1.00 | dt: 602.15ms | tok/sec: 89,280 | bf16_mfu: 0.00 | epoch: 1 pq: 0 rg: 70 | total time: 7.02m | eta: 30.5m
step 00723/03814 (18.96%) | loss: 4.066191 | lrm: 1.00 | dt: 580.09ms | tok/sec: 92,674 | bf16_mfu: 0.00 | epoch: 1 pq: 0 rg: 70 | total time: 7.03m | eta: 30.5m
step 00724/03814 (18.98%) | loss: 4.066463 | lrm: 1.00 | dt: 582.96ms | tok/sec: 92,219 | bf16_mfu: 0.00 | epoch: 1 pq: 0 rg: 70 | total time: 7.04m | eta: 30.5m
step 00725/03814 (19.01%) | loss: 4.064982 | lrm: 1.00 | dt: 586.49ms | tok/sec: 91,664 | bf16_mfu: 0.00 | epoch: 1 pq: 0 rg: 70 | total time: 7.05m | eta: 30.5m
step 00726/03814 (19.04%) | loss: 4.049180 | lrm: 1.00 | dt: 589.49ms | tok/sec: 91,197 | bf16_mfu: 0.00 | epoch: 1 pq: 0 rg: 70 | total time: 7.06m | eta: 30.5m
step 00727/03814 (19.06%) | loss: 4.022854 | lrm: 1.00 | dt: 583.78ms | tok/sec: 92,090 | bf16_mfu: 0.00 | epoch: 1 pq: 0 rg: 70 | total time: 7.07m | eta: 30.4m
step 00728/03814 (19.09%) | loss: 4.020170 | lrm: 1.00 | dt: 589.07ms | tok/sec: 91,262 | bf16_mfu: 0.00 | epoch: 1 pq: 0 rg: 70 | total time: 7.08m | eta: 30.4m
step 00729/03814 (19.11%) | loss: 4.008761 | lrm: 1.00 | dt: 585.91ms | tok/sec: 91,753 | bf16_mfu: 0.00 | epoch: 1 pq: 0 rg: 71 | total time: 7.09m | eta: 30.4m
step 00730/03814 (19.14%) | loss: 4.043468 | lrm: 1.00 | dt: 585.42ms | tok/sec: 91,831 | bf16_mfu: 0.00 | epoch: 1 pq: 0 rg: 71 | total time: 7.10m | eta: 30.4m
step 00731/03814 (19.17%) | loss: 4.031207 | lrm: 1.00 | dt: 582.69ms | tok/sec: 92,261 | bf16_mfu: 0.00 | epoch: 1 pq: 0 rg: 71 | total time: 7.11m | eta: 30.4m
step 00732/03814 (19.19%) | loss: 4.028575 | lrm: 1.00 | dt: 577.00ms | tok/sec: 93,172 | bf16_mfu: 0.00 | epoch: 1 pq: 0 rg: 71 | total time: 7.12m | eta: 30.4m
step 00733/03814 (19.22%) | loss: 4.027079 | lrm: 1.00 | dt: 587.65ms | tok/sec: 91,482 | bf16_mfu: 0.00 | epoch: 1 pq: 0 rg: 71 | total time: 7.13m | eta: 30.4m
step 00734/03814 (19.24%) | loss: 4.025683 | lrm: 1.00 | dt: 589.66ms | tok/sec: 91,170 | bf16_mfu: 0.00 | epoch: 1 pq: 0 rg: 71 | total time: 7.14m | eta: 30.4m
step 00735/03814 (19.27%) | loss: 4.026165 | lrm: 1.00 | dt: 582.78ms | tok/sec: 92,248 | bf16_mfu: 0.00 | epoch: 1 pq: 0 rg: 71 | total time: 7.15m | eta: 30.4m
step 00736/03814 (19.30%) | loss: 4.039601 | lrm: 1.00 | dt: 587.80ms | tok/sec: 91,459 | bf16_mfu: 0.00 | epoch: 1 pq: 0 rg: 71 | total time: 7.16m | eta: 30.4m
step 00737/03814 (19.32%) | loss: 4.050431 | lrm: 1.00 | dt: 587.19ms | tok/sec: 91,554 | bf16_mfu: 0.00 | epoch: 1 pq: 0 rg: 71 | total time: 7.17m | eta: 30.3m
step 00738/03814 (19.35%) | loss: 4.051354 | lrm: 1.00 | dt: 586.93ms | tok/sec: 91,594 | bf16_mfu: 0.00 | epoch: 1 pq: 0 rg: 71 | total time: 7.18m | eta: 30.3m
step 00739/03814 (19.38%) | loss: 4.038159 | lrm: 1.00 | dt: 586.40ms | tok/sec: 91,677 | bf16_mfu: 0.00 | epoch: 1 pq: 0 rg: 71 | total time: 7.19m | eta: 30.3m
step 00740/03814 (19.40%) | loss: 4.022818 | lrm: 1.00 | dt: 586.87ms | tok/sec: 91,605 | bf16_mfu: 0.00 | epoch: 1 pq: 0 rg: 72 | total time: 7.20m | eta: 30.3m
step 00741/03814 (19.43%) | loss: 4.014898 | lrm: 1.00 | dt: 619.33ms | tok/sec: 86,803 | bf16_mfu: 0.00 | epoch: 1 pq: 0 rg: 72 | total time: 7.21m | eta: 30.3m
step 00742/03814 (19.45%) | loss: 4.022672 | lrm: 1.00 | dt: 581.34ms | tok/sec: 92,475 | bf16_mfu: 0.00 | epoch: 1 pq: 0 rg: 72 | total time: 7.22m | eta: 30.3m
step 00743/03814 (19.48%) | loss: 4.002264 | lrm: 1.00 | dt: 580.96ms | tok/sec: 92,536 | bf16_mfu: 0.00 | epoch: 1 pq: 0 rg: 72 | total time: 7.23m | eta: 30.3m
step 00744/03814 (19.51%) | loss: 4.019038 | lrm: 1.00 | dt: 586.08ms | tok/sec: 91,728 | bf16_mfu: 0.00 | epoch: 1 pq: 0 rg: 72 | total time: 7.24m | eta: 30.3m
step 00745/03814 (19.53%) | loss: 4.017512 | lrm: 1.00 | dt: 585.12ms | tok/sec: 91,878 | bf16_mfu: 0.00 | epoch: 1 pq: 0 rg: 72 | total time: 7.25m | eta: 30.3m
step 00746/03814 (19.56%) | loss: 4.020810 | lrm: 1.00 | dt: 592.84ms | tok/sec: 90,682 | bf16_mfu: 0.00 | epoch: 1 pq: 0 rg: 72 | total time: 7.26m | eta: 30.3m
step 00747/03814 (19.59%) | loss: 4.012122 | lrm: 1.00 | dt: 584.37ms | tok/sec: 91,997 | bf16_mfu: 0.00 | epoch: 1 pq: 0 rg: 72 | total time: 7.27m | eta: 30.2m
step 00748/03814 (19.61%) | loss: 4.032463 | lrm: 1.00 | dt: 588.69ms | tok/sec: 91,321 | bf16_mfu: 0.00 | epoch: 1 pq: 0 rg: 72 | total time: 7.28m | eta: 30.2m
step 00749/03814 (19.64%) | loss: 4.046614 | lrm: 1.00 | dt: 583.20ms | tok/sec: 92,181 | bf16_mfu: 0.00 | epoch: 1 pq: 0 rg: 72 | total time: 7.29m | eta: 30.2m
step 00750/03814 (19.66%) | loss: 4.032751 | lrm: 1.00 | dt: 577.63ms | tok/sec: 93,070 | bf16_mfu: 0.00 | epoch: 1 pq: 0 rg: 73 | total time: 7.30m | eta: 30.2m
step 00751/03814 (19.69%) | loss: 4.024593 | lrm: 1.00 | dt: 581.32ms | tok/sec: 92,479 | bf16_mfu: 0.00 | epoch: 1 pq: 0 rg: 73 | total time: 7.31m | eta: 30.2m
step 00752/03814 (19.72%) | loss: 4.038764 | lrm: 1.00 | dt: 585.64ms | tok/sec: 91,796 | bf16_mfu: 0.00 | epoch: 1 pq: 0 rg: 73 | total time: 7.32m | eta: 30.2m
step 00753/03814 (19.74%) | loss: 4.046723 | lrm: 1.00 | dt: 586.88ms | tok/sec: 91,602 | bf16_mfu: 0.00 | epoch: 1 pq: 0 rg: 73 | total time: 7.33m | eta: 30.2m
step 00754/03814 (19.77%) | loss: 4.037896 | lrm: 1.00 | dt: 587.75ms | tok/sec: 91,468 | bf16_mfu: 0.00 | epoch: 1 pq: 0 rg: 73 | total time: 7.34m | eta: 30.2m
step 00755/03814 (19.80%) | loss: 4.042908 | lrm: 1.00 | dt: 587.07ms | tok/sec: 91,573 | bf16_mfu: 0.00 | epoch: 1 pq: 0 rg: 73 | total time: 7.34m | eta: 30.2m
step 00756/03814 (19.82%) | loss: 4.051559 | lrm: 1.00 | dt: 584.41ms | tok/sec: 91,989 | bf16_mfu: 0.00 | epoch: 1 pq: 0 rg: 73 | total time: 7.35m | eta: 30.1m
step 00757/03814 (19.85%) | loss: 4.020455 | lrm: 1.00 | dt: 574.98ms | tok/sec: 93,498 | bf16_mfu: 0.00 | epoch: 1 pq: 0 rg: 73 | total time: 7.36m | eta: 30.1m
step 00758/03814 (19.87%) | loss: 4.013457 | lrm: 1.00 | dt: 581.05ms | tok/sec: 92,521 | bf16_mfu: 0.00 | epoch: 1 pq: 0 rg: 73 | total time: 7.37m | eta: 30.1m
step 00759/03814 (19.90%) | loss: 4.015765 | lrm: 1.00 | dt: 587.31ms | tok/sec: 91,536 | bf16_mfu: 0.00 | epoch: 1 pq: 0 rg: 73 | total time: 7.38m | eta: 30.1m
step 00760/03814 (19.93%) | loss: 4.016297 | lrm: 1.00 | dt: 585.53ms | tok/sec: 91,814 | bf16_mfu: 0.00 | epoch: 1 pq: 0 rg: 73 | total time: 7.39m | eta: 30.1m
step 00761/03814 (19.95%) | loss: 4.000561 | lrm: 1.00 | dt: 587.05ms | tok/sec: 91,576 | bf16_mfu: 0.00 | epoch: 1 pq: 0 rg: 73 | total time: 7.40m | eta: 30.1m
step 00762/03814 (19.98%) | loss: 4.008922 | lrm: 1.00 | dt: 587.30ms | tok/sec: 91,537 | bf16_mfu: 0.00 | epoch: 1 pq: 0 rg: 74 | total time: 7.41m | eta: 30.1m
step 00763/03814 (20.01%) | loss: 3.993545 | lrm: 1.00 | dt: 584.67ms | tok/sec: 91,949 | bf16_mfu: 0.00 | epoch: 1 pq: 0 rg: 74 | total time: 7.42m | eta: 30.1m
step 00764/03814 (20.03%) | loss: 3.992434 | lrm: 1.00 | dt: 589.78ms | tok/sec: 91,153 | bf16_mfu: 0.00 | epoch: 1 pq: 0 rg: 74 | total time: 7.43m | eta: 30.1m
step 00765/03814 (20.06%) | loss: 3.977555 | lrm: 1.00 | dt: 586.44ms | tok/sec: 91,671 | bf16_mfu: 0.00 | epoch: 1 pq: 0 rg: 74 | total time: 7.44m | eta: 30.1m
step 00766/03814 (20.08%) | loss: 3.980509 | lrm: 1.00 | dt: 585.76ms | tok/sec: 91,778 | bf16_mfu: 0.00 | epoch: 1 pq: 0 rg: 74 | total time: 7.45m | eta: 30.0m
step 00767/03814 (20.11%) | loss: 3.995176 | lrm: 1.00 | dt: 588.70ms | tok/sec: 91,320 | bf16_mfu: 0.00 | epoch: 1 pq: 0 rg: 74 | total time: 7.46m | eta: 30.0m
step 00768/03814 (20.14%) | loss: 3.980874 | lrm: 1.00 | dt: 586.77ms | tok/sec: 91,620 | bf16_mfu: 0.00 | epoch: 1 pq: 0 rg: 74 | total time: 7.47m | eta: 30.0m
step 00769/03814 (20.16%) | loss: 3.983522 | lrm: 1.00 | dt: 588.21ms | tok/sec: 91,396 | bf16_mfu: 0.00 | epoch: 1 pq: 0 rg: 74 | total time: 7.48m | eta: 30.0m
step 00770/03814 (20.19%) | loss: 4.003857 | lrm: 1.00 | dt: 585.53ms | tok/sec: 91,814 | bf16_mfu: 0.00 | epoch: 1 pq: 0 rg: 74 | total time: 7.49m | eta: 30.0m
step 00771/03814 (20.21%) | loss: 4.023318 | lrm: 1.00 | dt: 587.81ms | tok/sec: 91,457 | bf16_mfu: 0.00 | epoch: 1 pq: 0 rg: 74 | total time: 7.50m | eta: 30.0m
step 00772/03814 (20.24%) | loss: 4.026964 | lrm: 1.00 | dt: 589.84ms | tok/sec: 91,142 | bf16_mfu: 0.00 | epoch: 1 pq: 0 rg: 75 | total time: 7.51m | eta: 30.0m
step 00773/03814 (20.27%) | loss: 4.013624 | lrm: 1.00 | dt: 583.30ms | tok/sec: 92,165 | bf16_mfu: 0.00 | epoch: 1 pq: 0 rg: 75 | total time: 7.52m | eta: 30.0m
step 00774/03814 (20.29%) | loss: 4.025134 | lrm: 1.00 | dt: 585.68ms | tok/sec: 91,791 | bf16_mfu: 0.00 | epoch: 1 pq: 0 rg: 75 | total time: 7.53m | eta: 30.0m
step 00775/03814 (20.32%) | loss: 4.021682 | lrm: 1.00 | dt: 587.47ms | tok/sec: 91,511 | bf16_mfu: 0.00 | epoch: 1 pq: 0 rg: 75 | total time: 7.54m | eta: 30.0m
step 00776/03814 (20.35%) | loss: 4.017256 | lrm: 1.00 | dt: 586.29ms | tok/sec: 91,695 | bf16_mfu: 0.00 | epoch: 1 pq: 0 rg: 75 | total time: 7.55m | eta: 29.9m
step 00777/03814 (20.37%) | loss: 4.010171 | lrm: 1.00 | dt: 586.38ms | tok/sec: 91,680 | bf16_mfu: 0.00 | epoch: 1 pq: 0 rg: 75 | total time: 7.56m | eta: 29.9m
step 00778/03814 (20.40%) | loss: 4.011507 | lrm: 1.00 | dt: 587.75ms | tok/sec: 91,467 | bf16_mfu: 0.00 | epoch: 1 pq: 0 rg: 75 | total time: 7.57m | eta: 29.9m
step 00779/03814 (20.42%) | loss: 3.986371 | lrm: 1.00 | dt: 587.38ms | tok/sec: 91,525 | bf16_mfu: 0.00 | epoch: 1 pq: 0 rg: 75 | total time: 7.58m | eta: 29.9m
step 00780/03814 (20.45%) | loss: 3.986357 | lrm: 1.00 | dt: 586.54ms | tok/sec: 91,656 | bf16_mfu: 0.00 | epoch: 1 pq: 0 rg: 75 | total time: 7.59m | eta: 29.9m
step 00781/03814 (20.48%) | loss: 4.008709 | lrm: 1.00 | dt: 585.53ms | tok/sec: 91,814 | bf16_mfu: 0.00 | epoch: 1 pq: 0 rg: 75 | total time: 7.60m | eta: 29.9m
step 00782/03814 (20.50%) | loss: 4.011476 | lrm: 1.00 | dt: 589.25ms | tok/sec: 91,233 | bf16_mfu: 0.00 | epoch: 1 pq: 0 rg: 75 | total time: 7.61m | eta: 29.9m
step 00783/03814 (20.53%) | loss: 4.007907 | lrm: 1.00 | dt: 584.16ms | tok/sec: 92,029 | bf16_mfu: 0.00 | epoch: 1 pq: 0 rg: 76 | total time: 7.62m | eta: 29.9m
step 00784/03814 (20.56%) | loss: 4.004646 | lrm: 1.00 | dt: 589.15ms | tok/sec: 91,249 | bf16_mfu: 0.00 | epoch: 1 pq: 0 rg: 76 | total time: 7.63m | eta: 29.9m
step 00785/03814 (20.58%) | loss: 4.005364 | lrm: 1.00 | dt: 586.63ms | tok/sec: 91,641 | bf16_mfu: 0.00 | epoch: 1 pq: 0 rg: 76 | total time: 7.64m | eta: 29.9m
step 00786/03814 (20.61%) | loss: 3.986781 | lrm: 1.00 | dt: 606.12ms | tok/sec: 88,695 | bf16_mfu: 0.00 | epoch: 1 pq: 0 rg: 76 | total time: 7.65m | eta: 29.8m
step 00787/03814 (20.63%) | loss: 3.985623 | lrm: 1.00 | dt: 588.66ms | tok/sec: 91,325 | bf16_mfu: 0.00 | epoch: 1 pq: 0 rg: 76 | total time: 7.66m | eta: 29.8m
step 00788/03814 (20.66%) | loss: 3.981847 | lrm: 1.00 | dt: 586.97ms | tok/sec: 91,588 | bf16_mfu: 0.00 | epoch: 1 pq: 0 rg: 76 | total time: 7.67m | eta: 29.8m
step 00789/03814 (20.69%) | loss: 3.991916 | lrm: 1.00 | dt: 593.84ms | tok/sec: 90,529 | bf16_mfu: 0.00 | epoch: 1 pq: 0 rg: 76 | total time: 7.68m | eta: 29.8m
step 00790/03814 (20.71%) | loss: 3.976771 | lrm: 1.00 | dt: 879.40ms | tok/sec: 61,132 | bf16_mfu: 0.00 | epoch: 1 pq: 0 rg: 76 | total time: 7.69m | eta: 29.8m
step 00791/03814 (20.74%) | loss: 3.976557 | lrm: 1.00 | dt: 587.82ms | tok/sec: 91,457 | bf16_mfu: 0.00 | epoch: 1 pq: 0 rg: 76 | total time: 7.70m | eta: 29.8m
step 00792/03814 (20.77%) | loss: 3.986944 | lrm: 1.00 | dt: 584.13ms | tok/sec: 92,033 | bf16_mfu: 0.00 | epoch: 1 pq: 0 rg: 76 | total time: 7.71m | eta: 29.8m
step 00793/03814 (20.79%) | loss: 4.004986 | lrm: 1.00 | dt: 588.88ms | tok/sec: 91,292 | bf16_mfu: 0.00 | epoch: 1 pq: 0 rg: 76 | total time: 7.72m | eta: 29.8m
step 00794/03814 (20.82%) | loss: 3.982712 | lrm: 1.00 | dt: 676.69ms | tok/sec: 79,445 | bf16_mfu: 0.00 | epoch: 1 pq: 0 rg: 77 | total time: 7.73m | eta: 29.8m
step 00795/03814 (20.84%) | loss: 3.983356 | lrm: 1.00 | dt: 579.79ms | tok/sec: 92,722 | bf16_mfu: 0.00 | epoch: 1 pq: 0 rg: 77 | total time: 7.74m | eta: 29.8m
step 00796/03814 (20.87%) | loss: 3.988933 | lrm: 1.00 | dt: 606.76ms | tok/sec: 88,601 | bf16_mfu: 0.00 | epoch: 1 pq: 0 rg: 77 | total time: 7.75m | eta: 29.8m
step 00797/03814 (20.90%) | loss: 4.000118 | lrm: 1.00 | dt: 724.48ms | tok/sec: 74,204 | bf16_mfu: 0.00 | epoch: 1 pq: 0 rg: 77 | total time: 7.76m | eta: 29.8m
step 00798/03814 (20.92%) | loss: 3.997880 | lrm: 1.00 | dt: 592.31ms | tok/sec: 90,762 | bf16_mfu: 0.00 | epoch: 1 pq: 0 rg: 77 | total time: 7.77m | eta: 29.8m
step 00799/03814 (20.95%) | loss: 3.997081 | lrm: 1.00 | dt: 585.47ms | tok/sec: 91,822 | bf16_mfu: 0.00 | epoch: 1 pq: 0 rg: 77 | total time: 7.78m | eta: 29.7m
step 00800/03814 (20.98%) | loss: 4.008726 | lrm: 1.00 | dt: 590.00ms | tok/sec: 91,118 | bf16_mfu: 0.00 | epoch: 1 pq: 0 rg: 77 | total time: 7.79m | eta: 29.7m
step 00801/03814 (21.00%) | loss: 4.004640 | lrm: 1.00 | dt: 591.64ms | tok/sec: 90,865 | bf16_mfu: 0.00 | epoch: 1 pq: 0 rg: 77 | total time: 7.80m | eta: 29.7m
step 00802/03814 (21.03%) | loss: 3.994360 | lrm: 1.00 | dt: 591.35ms | tok/sec: 90,910 | bf16_mfu: 0.00 | epoch: 1 pq: 0 rg: 77 | total time: 7.81m | eta: 29.7m
step 00803/03814 (21.05%) | loss: 4.011952 | lrm: 1.00 | dt: 577.20ms | tok/sec: 93,140 | bf16_mfu: 0.00 | epoch: 1 pq: 0 rg: 77 | total time: 7.82m | eta: 29.7m
step 00804/03814 (21.08%) | loss: 4.027673 | lrm: 1.00 | dt: 588.05ms | tok/sec: 91,420 | bf16_mfu: 0.00 | epoch: 1 pq: 0 rg: 77 | total time: 7.83m | eta: 29.7m
step 00805/03814 (21.11%) | loss: 4.027532 | lrm: 1.00 | dt: 682.92ms | tok/sec: 78,721 | bf16_mfu: 0.00 | epoch: 1 pq: 0 rg: 78 | total time: 7.84m | eta: 29.7m
step 00806/03814 (21.13%) | loss: 4.022609 | lrm: 1.00 | dt: 588.48ms | tok/sec: 91,354 | bf16_mfu: 0.00 | epoch: 1 pq: 0 rg: 78 | total time: 7.85m | eta: 29.7m
step 00807/03814 (21.16%) | loss: 4.018452 | lrm: 1.00 | dt: 587.71ms | tok/sec: 91,473 | bf16_mfu: 0.00 | epoch: 1 pq: 0 rg: 78 | total time: 7.86m | eta: 29.7m
step 00808/03814 (21.19%) | loss: 3.999540 | lrm: 1.00 | dt: 597.58ms | tok/sec: 89,963 | bf16_mfu: 0.00 | epoch: 1 pq: 0 rg: 78 | total time: 7.87m | eta: 29.7m
step 00809/03814 (21.21%) | loss: 3.995728 | lrm: 1.00 | dt: 589.32ms | tok/sec: 91,223 | bf16_mfu: 0.00 | epoch: 1 pq: 0 rg: 78 | total time: 7.88m | eta: 29.7m
step 00810/03814 (21.24%) | loss: 3.999377 | lrm: 1.00 | dt: 593.07ms | tok/sec: 90,646 | bf16_mfu: 0.00 | epoch: 1 pq: 0 rg: 78 | total time: 7.89m | eta: 29.6m
step 00811/03814 (21.26%) | loss: 3.997665 | lrm: 1.00 | dt: 590.40ms | tok/sec: 91,057 | bf16_mfu: 0.00 | epoch: 1 pq: 0 rg: 78 | total time: 7.90m | eta: 29.6m
step 00812/03814 (21.29%) | loss: 3.990334 | lrm: 1.00 | dt: 594.00ms | tok/sec: 90,504 | bf16_mfu: 0.00 | epoch: 1 pq: 0 rg: 78 | total time: 7.91m | eta: 29.6m
step 00813/03814 (21.32%) | loss: 3.994659 | lrm: 1.00 | dt: 589.20ms | tok/sec: 91,242 | bf16_mfu: 0.00 | epoch: 1 pq: 0 rg: 78 | total time: 7.92m | eta: 29.6m
step 00814/03814 (21.34%) | loss: 4.006621 | lrm: 1.00 | dt: 591.31ms | tok/sec: 90,917 | bf16_mfu: 0.00 | epoch: 1 pq: 0 rg: 78 | total time: 7.93m | eta: 29.6m
step 00815/03814 (21.37%) | loss: 4.030317 | lrm: 1.00 | dt: 591.17ms | tok/sec: 90,937 | bf16_mfu: 0.00 | epoch: 1 pq: 0 rg: 78 | total time: 7.94m | eta: 29.6m
step 00816/03814 (21.39%) | loss: 4.032874 | lrm: 1.00 | dt: 591.28ms | tok/sec: 90,921 | bf16_mfu: 0.00 | epoch: 1 pq: 0 rg: 78 | total time: 7.95m | eta: 29.6m
step 00817/03814 (21.42%) | loss: 4.023652 | lrm: 1.00 | dt: 684.64ms | tok/sec: 78,522 | bf16_mfu: 0.00 | epoch: 1 pq: 0 rg: 79 | total time: 7.96m | eta: 29.6m
step 00818/03814 (21.45%) | loss: 4.044271 | lrm: 1.00 | dt: 590.88ms | tok/sec: 90,983 | bf16_mfu: 0.00 | epoch: 1 pq: 0 rg: 79 | total time: 7.97m | eta: 29.6m
step 00819/03814 (21.47%) | loss: 4.054865 | lrm: 1.00 | dt: 587.22ms | tok/sec: 91,549 | bf16_mfu: 0.00 | epoch: 1 pq: 0 rg: 79 | total time: 7.98m | eta: 29.6m
step 00820/03814 (21.50%) | loss: 4.054747 | lrm: 1.00 | dt: 591.44ms | tok/sec: 90,896 | bf16_mfu: 0.00 | epoch: 1 pq: 0 rg: 79 | total time: 7.99m | eta: 29.5m
step 00821/03814 (21.53%) | loss: 4.049800 | lrm: 1.00 | dt: 595.12ms | tok/sec: 90,334 | bf16_mfu: 0.00 | epoch: 1 pq: 0 rg: 79 | total time: 8.00m | eta: 29.5m
step 00822/03814 (21.55%) | loss: 4.039453 | lrm: 1.00 | dt: 584.49ms | tok/sec: 91,977 | bf16_mfu: 0.00 | epoch: 1 pq: 0 rg: 79 | total time: 8.01m | eta: 29.5m
step 00823/03814 (21.58%) | loss: 4.056764 | lrm: 1.00 | dt: 590.07ms | tok/sec: 91,107 | bf16_mfu: 0.00 | epoch: 1 pq: 0 rg: 79 | total time: 8.02m | eta: 29.5m
step 00824/03814 (21.60%) | loss: 4.066219 | lrm: 1.00 | dt: 586.17ms | tok/sec: 91,713 | bf16_mfu: 0.00 | epoch: 1 pq: 0 rg: 79 | total time: 8.03m | eta: 29.5m
step 00825/03814 (21.63%) | loss: 4.059937 | lrm: 1.00 | dt: 595.25ms | tok/sec: 90,314 | bf16_mfu: 0.00 | epoch: 1 pq: 0 rg: 79 | total time: 8.04m | eta: 29.5m
step 00826/03814 (21.66%) | loss: 4.041289 | lrm: 1.00 | dt: 591.45ms | tok/sec: 90,894 | bf16_mfu: 0.00 | epoch: 1 pq: 0 rg: 79 | total time: 8.05m | eta: 29.5m
step 00827/03814 (21.68%) | loss: 4.040484 | lrm: 1.00 | dt: 590.32ms | tok/sec: 91,068 | bf16_mfu: 0.00 | epoch: 1 pq: 0 rg: 79 | total time: 8.06m | eta: 29.5m
step 00828/03814 (21.71%) | loss: 4.038411 | lrm: 1.00 | dt: 590.75ms | tok/sec: 91,003 | bf16_mfu: 0.00 | epoch: 1 pq: 0 rg: 80 | total time: 8.07m | eta: 29.5m
step 00829/03814 (21.74%) | loss: 4.030130 | lrm: 1.00 | dt: 601.55ms | tok/sec: 89,369 | bf16_mfu: 0.00 | epoch: 1 pq: 0 rg: 80 | total time: 8.08m | eta: 29.5m
step 00830/03814 (21.76%) | loss: 4.012155 | lrm: 1.00 | dt: 591.86ms | tok/sec: 90,832 | bf16_mfu: 0.00 | epoch: 1 pq: 0 rg: 80 | total time: 8.09m | eta: 29.4m
step 00831/03814 (21.79%) | loss: 3.996784 | lrm: 1.00 | dt: 586.57ms | tok/sec: 91,652 | bf16_mfu: 0.00 | epoch: 1 pq: 0 rg: 80 | total time: 8.10m | eta: 29.4m
step 00832/03814 (21.81%) | loss: 4.006011 | lrm: 1.00 | dt: 588.62ms | tok/sec: 91,332 | bf16_mfu: 0.00 | epoch: 1 pq: 0 rg: 80 | total time: 8.11m | eta: 29.4m
step 00833/03814 (21.84%) | loss: 4.008591 | lrm: 1.00 | dt: 600.86ms | tok/sec: 89,471 | bf16_mfu: 0.00 | epoch: 1 pq: 0 rg: 80 | total time: 8.12m | eta: 29.4m
step 00834/03814 (21.87%) | loss: 3.993153 | lrm: 1.00 | dt: 575.30ms | tok/sec: 93,447 | bf16_mfu: 0.00 | epoch: 1 pq: 0 rg: 80 | total time: 8.13m | eta: 29.4m
step 00835/03814 (21.89%) | loss: 4.010128 | lrm: 1.00 | dt: 588.18ms | tok/sec: 91,401 | bf16_mfu: 0.00 | epoch: 1 pq: 0 rg: 80 | total time: 8.14m | eta: 29.4m
step 00836/03814 (21.92%) | loss: 4.005702 | lrm: 1.00 | dt: 588.76ms | tok/sec: 91,310 | bf16_mfu: 0.00 | epoch: 1 pq: 0 rg: 80 | total time: 8.15m | eta: 29.4m
step 00837/03814 (21.95%) | loss: 3.994828 | lrm: 1.00 | dt: 590.72ms | tok/sec: 91,008 | bf16_mfu: 0.00 | epoch: 1 pq: 0 rg: 80 | total time: 8.16m | eta: 29.4m
step 00838/03814 (21.97%) | loss: 4.002076 | lrm: 1.00 | dt: 585.58ms | tok/sec: 91,807 | bf16_mfu: 0.00 | epoch: 1 pq: 0 rg: 80 | total time: 8.17m | eta: 29.4m
step 00839/03814 (22.00%) | loss: 4.017118 | lrm: 1.00 | dt: 592.46ms | tok/sec: 90,740 | bf16_mfu: 0.00 | epoch: 1 pq: 0 rg: 81 | total time: 8.18m | eta: 29.4m
step 00840/03814 (22.02%) | loss: 4.025542 | lrm: 1.00 | dt: 590.30ms | tok/sec: 91,072 | bf16_mfu: 0.00 | epoch: 1 pq: 0 rg: 81 | total time: 8.19m | eta: 29.3m
step 00841/03814 (22.05%) | loss: 4.034897 | lrm: 1.00 | dt: 585.01ms | tok/sec: 91,896 | bf16_mfu: 0.00 | epoch: 1 pq: 0 rg: 81 | total time: 8.20m | eta: 29.3m
step 00842/03814 (22.08%) | loss: 4.026350 | lrm: 1.00 | dt: 582.32ms | tok/sec: 92,320 | bf16_mfu: 0.00 | epoch: 1 pq: 0 rg: 81 | total time: 8.21m | eta: 29.3m
step 00843/03814 (22.10%) | loss: 4.047369 | lrm: 1.00 | dt: 586.31ms | tok/sec: 91,691 | bf16_mfu: 0.00 | epoch: 1 pq: 0 rg: 81 | total time: 8.22m | eta: 29.3m
step 00844/03814 (22.13%) | loss: 4.045019 | lrm: 1.00 | dt: 611.32ms | tok/sec: 87,940 | bf16_mfu: 0.00 | epoch: 1 pq: 0 rg: 81 | total time: 8.23m | eta: 29.3m
step 00845/03814 (22.16%) | loss: 4.050066 | lrm: 1.00 | dt: 592.73ms | tok/sec: 90,699 | bf16_mfu: 0.00 | epoch: 1 pq: 0 rg: 81 | total time: 8.24m | eta: 29.3m
step 00846/03814 (22.18%) | loss: 4.020542 | lrm: 1.00 | dt: 584.13ms | tok/sec: 92,034 | bf16_mfu: 0.00 | epoch: 1 pq: 0 rg: 81 | total time: 8.25m | eta: 29.3m
step 00847/03814 (22.21%) | loss: 4.038887 | lrm: 1.00 | dt: 596.52ms | tok/sec: 90,122 | bf16_mfu: 0.00 | epoch: 1 pq: 0 rg: 81 | total time: 8.26m | eta: 29.3m
step 00848/03814 (22.23%) | loss: 4.042908 | lrm: 1.00 | dt: 589.34ms | tok/sec: 91,220 | bf16_mfu: 0.00 | epoch: 1 pq: 0 rg: 81 | total time: 8.27m | eta: 29.3m
step 00849/03814 (22.26%) | loss: 4.027161 | lrm: 1.00 | dt: 590.85ms | tok/sec: 90,988 | bf16_mfu: 0.00 | epoch: 1 pq: 0 rg: 81 | total time: 8.28m | eta: 29.3m
step 00850/03814 (22.29%) | loss: 4.024562 | lrm: 1.00 | dt: 623.28ms | tok/sec: 86,253 | bf16_mfu: 0.00 | epoch: 1 pq: 0 rg: 82 | total time: 8.29m | eta: 29.3m
step 00851/03814 (22.31%) | loss: 4.032485 | lrm: 1.00 | dt: 580.75ms | tok/sec: 92,570 | bf16_mfu: 0.00 | epoch: 1 pq: 0 rg: 82 | total time: 8.30m | eta: 29.2m
step 00852/03814 (22.34%) | loss: 4.024351 | lrm: 1.00 | dt: 580.50ms | tok/sec: 92,609 | bf16_mfu: 0.00 | epoch: 1 pq: 0 rg: 82 | total time: 8.31m | eta: 29.2m
step 00853/03814 (22.36%) | loss: 4.008392 | lrm: 1.00 | dt: 584.21ms | tok/sec: 92,022 | bf16_mfu: 0.00 | epoch: 1 pq: 0 rg: 82 | total time: 8.32m | eta: 29.2m
step 00854/03814 (22.39%) | loss: 4.007098 | lrm: 1.00 | dt: 584.88ms | tok/sec: 91,916 | bf16_mfu: 0.00 | epoch: 1 pq: 0 rg: 82 | total time: 8.33m | eta: 29.2m
step 00855/03814 (22.42%) | loss: 4.005518 | lrm: 1.00 | dt: 587.00ms | tok/sec: 91,584 | bf16_mfu: 0.00 | epoch: 1 pq: 0 rg: 82 | total time: 8.34m | eta: 29.2m
step 00856/03814 (22.44%) | loss: 4.000404 | lrm: 1.00 | dt: 586.21ms | tok/sec: 91,707 | bf16_mfu: 0.00 | epoch: 1 pq: 0 rg: 82 | total time: 8.35m | eta: 29.2m
step 00857/03814 (22.47%) | loss: 3.990012 | lrm: 1.00 | dt: 588.15ms | tok/sec: 91,405 | bf16_mfu: 0.00 | epoch: 1 pq: 0 rg: 82 | total time: 8.36m | eta: 29.2m
step 00858/03814 (22.50%) | loss: 3.990631 | lrm: 1.00 | dt: 586.35ms | tok/sec: 91,685 | bf16_mfu: 0.00 | epoch: 1 pq: 0 rg: 82 | total time: 8.37m | eta: 29.2m
step 00859/03814 (22.52%) | loss: 3.976634 | lrm: 1.00 | dt: 592.46ms | tok/sec: 90,740 | bf16_mfu: 0.00 | epoch: 1 pq: 0 rg: 82 | total time: 8.38m | eta: 29.2m
step 00860/03814 (22.55%) | loss: 3.962302 | lrm: 1.00 | dt: 588.99ms | tok/sec: 91,275 | bf16_mfu: 0.00 | epoch: 1 pq: 0 rg: 82 | total time: 8.39m | eta: 29.1m
step 00861/03814 (22.57%) | loss: 3.953430 | lrm: 1.00 | dt: 598.13ms | tok/sec: 89,879 | bf16_mfu: 0.00 | epoch: 1 pq: 0 rg: 83 | total time: 8.40m | eta: 29.1m
step 00862/03814 (22.60%) | loss: 3.940864 | lrm: 1.00 | dt: 592.27ms | tok/sec: 90,769 | bf16_mfu: 0.00 | epoch: 1 pq: 0 rg: 83 | total time: 8.41m | eta: 29.1m
step 00863/03814 (22.63%) | loss: 3.939986 | lrm: 1.00 | dt: 586.68ms | tok/sec: 91,633 | bf16_mfu: 0.00 | epoch: 1 pq: 0 rg: 83 | total time: 8.42m | eta: 29.1m
step 00864/03814 (22.65%) | loss: 3.941665 | lrm: 1.00 | dt: 584.36ms | tok/sec: 91,997 | bf16_mfu: 0.00 | epoch: 1 pq: 0 rg: 83 | total time: 8.43m | eta: 29.1m
step 00865/03814 (22.68%) | loss: 3.948585 | lrm: 1.00 | dt: 589.75ms | tok/sec: 91,157 | bf16_mfu: 0.00 | epoch: 1 pq: 0 rg: 83 | total time: 8.44m | eta: 29.1m
step 00866/03814 (22.71%) | loss: 3.939046 | lrm: 1.00 | dt: 586.02ms | tok/sec: 91,737 | bf16_mfu: 0.00 | epoch: 1 pq: 0 rg: 83 | total time: 8.45m | eta: 29.1m
step 00867/03814 (22.73%) | loss: 3.936508 | lrm: 1.00 | dt: 585.11ms | tok/sec: 91,879 | bf16_mfu: 0.00 | epoch: 1 pq: 0 rg: 83 | total time: 8.46m | eta: 29.1m
step 00868/03814 (22.76%) | loss: 3.934821 | lrm: 1.00 | dt: 585.24ms | tok/sec: 91,860 | bf16_mfu: 0.00 | epoch: 1 pq: 0 rg: 83 | total time: 8.47m | eta: 29.1m
step 00869/03814 (22.78%) | loss: 3.943260 | lrm: 1.00 | dt: 617.90ms | tok/sec: 87,004 | bf16_mfu: 0.00 | epoch: 1 pq: 0 rg: 83 | total time: 8.48m | eta: 29.1m
step 00870/03814 (22.81%) | loss: 3.936962 | lrm: 1.00 | dt: 578.98ms | tok/sec: 92,853 | bf16_mfu: 0.00 | epoch: 1 pq: 0 rg: 83 | total time: 8.49m | eta: 29.0m
step 00871/03814 (22.84%) | loss: 3.957850 | lrm: 1.00 | dt: 588.31ms | tok/sec: 91,379 | bf16_mfu: 0.00 | epoch: 1 pq: 0 rg: 83 | total time: 8.50m | eta: 29.0m
step 00872/03814 (22.86%) | loss: 3.964584 | lrm: 1.00 | dt: 710.76ms | tok/sec: 75,637 | bf16_mfu: 0.00 | epoch: 1 pq: 0 rg: 84 | total time: 8.51m | eta: 29.0m
step 00873/03814 (22.89%) | loss: 3.944160 | lrm: 1.00 | dt: 578.73ms | tok/sec: 92,893 | bf16_mfu: 0.00 | epoch: 1 pq: 0 rg: 84 | total time: 8.52m | eta: 29.0m
step 00874/03814 (22.92%) | loss: 3.936176 | lrm: 1.00 | dt: 583.53ms | tok/sec: 92,128 | bf16_mfu: 0.00 | epoch: 1 pq: 0 rg: 84 | total time: 8.53m | eta: 29.0m
step 00875/03814 (22.94%) | loss: 3.968124 | lrm: 1.00 | dt: 587.48ms | tok/sec: 91,508 | bf16_mfu: 0.00 | epoch: 1 pq: 0 rg: 84 | total time: 8.54m | eta: 29.0m
step 00876/03814 (22.97%) | loss: 3.976452 | lrm: 1.00 | dt: 587.24ms | tok/sec: 91,546 | bf16_mfu: 0.00 | epoch: 1 pq: 0 rg: 84 | total time: 8.55m | eta: 29.0m
step 00877/03814 (22.99%) | loss: 3.955789 | lrm: 1.00 | dt: 585.89ms | tok/sec: 91,758 | bf16_mfu: 0.00 | epoch: 1 pq: 0 rg: 84 | total time: 8.56m | eta: 29.0m
step 00878/03814 (23.02%) | loss: 3.950486 | lrm: 1.00 | dt: 584.87ms | tok/sec: 91,918 | bf16_mfu: 0.00 | epoch: 1 pq: 0 rg: 84 | total time: 8.57m | eta: 29.0m
step 00879/03814 (23.05%) | loss: 3.957880 | lrm: 1.00 | dt: 589.12ms | tok/sec: 91,254 | bf16_mfu: 0.00 | epoch: 1 pq: 0 rg: 84 | total time: 8.58m | eta: 29.0m
step 00880/03814 (23.07%) | loss: 3.977769 | lrm: 1.00 | dt: 586.75ms | tok/sec: 91,623 | bf16_mfu: 0.00 | epoch: 1 pq: 0 rg: 84 | total time: 8.59m | eta: 29.0m
step 00881/03814 (23.10%) | loss: 3.974532 | lrm: 1.00 | dt: 584.92ms | tok/sec: 91,909 | bf16_mfu: 0.00 | epoch: 1 pq: 0 rg: 84 | total time: 8.60m | eta: 28.9m
step 00882/03814 (23.13%) | loss: 3.967449 | lrm: 1.00 | dt: 587.54ms | tok/sec: 91,500 | bf16_mfu: 0.00 | epoch: 1 pq: 0 rg: 84 | total time: 8.61m | eta: 28.9m
step 00883/03814 (23.15%) | loss: 3.970304 | lrm: 1.00 | dt: 604.56ms | tok/sec: 88,923 | bf16_mfu: 0.00 | epoch: 1 pq: 0 rg: 85 | total time: 8.62m | eta: 28.9m
step 00884/03814 (23.18%) | loss: 3.958204 | lrm: 1.00 | dt: 589.35ms | tok/sec: 91,219 | bf16_mfu: 0.00 | epoch: 1 pq: 0 rg: 85 | total time: 8.63m | eta: 28.9m
step 00885/03814 (23.20%) | loss: 3.971292 | lrm: 1.00 | dt: 587.73ms | tok/sec: 91,470 | bf16_mfu: 0.00 | epoch: 1 pq: 0 rg: 85 | total time: 8.63m | eta: 28.9m
step 00886/03814 (23.23%) | loss: 3.992119 | lrm: 1.00 | dt: 586.15ms | tok/sec: 91,717 | bf16_mfu: 0.00 | epoch: 1 pq: 0 rg: 85 | total time: 8.64m | eta: 28.9m
step 00887/03814 (23.26%) | loss: 3.989587 | lrm: 1.00 | dt: 640.82ms | tok/sec: 83,892 | bf16_mfu: 0.00 | epoch: 1 pq: 0 rg: 85 | total time: 8.66m | eta: 28.9m
step 00888/03814 (23.28%) | loss: 3.983646 | lrm: 1.00 | dt: 903.75ms | tok/sec: 59,485 | bf16_mfu: 0.00 | epoch: 1 pq: 0 rg: 85 | total time: 8.67m | eta: 28.9m
step 00889/03814 (23.31%) | loss: 3.975355 | lrm: 1.00 | dt: 579.52ms | tok/sec: 92,766 | bf16_mfu: 0.00 | epoch: 1 pq: 0 rg: 85 | total time: 8.68m | eta: 28.9m
step 00890/03814 (23.34%) | loss: 3.981476 | lrm: 1.00 | dt: 583.81ms | tok/sec: 92,084 | bf16_mfu: 0.00 | epoch: 1 pq: 0 rg: 85 | total time: 8.69m | eta: 28.9m
step 00891/03814 (23.36%) | loss: 3.980628 | lrm: 1.00 | dt: 593.04ms | tok/sec: 90,650 | bf16_mfu: 0.00 | epoch: 1 pq: 0 rg: 85 | total time: 8.70m | eta: 28.9m
step 00892/03814 (23.39%) | loss: 3.976068 | lrm: 1.00 | dt: 581.90ms | tok/sec: 92,386 | bf16_mfu: 0.00 | epoch: 1 pq: 0 rg: 85 | total time: 8.71m | eta: 28.9m
step 00893/03814 (23.41%) | loss: 3.965911 | lrm: 1.00 | dt: 586.90ms | tok/sec: 91,599 | bf16_mfu: 0.00 | epoch: 1 pq: 0 rg: 85 | total time: 8.72m | eta: 28.8m
step 00894/03814 (23.44%) | loss: 3.954364 | lrm: 1.00 | dt: 588.60ms | tok/sec: 91,335 | bf16_mfu: 0.00 | epoch: 1 pq: 0 rg: 86 | total time: 8.73m | eta: 28.8m
step 00895/03814 (23.47%) | loss: 3.958181 | lrm: 1.00 | dt: 584.10ms | tok/sec: 92,039 | bf16_mfu: 0.00 | epoch: 1 pq: 0 rg: 86 | total time: 8.74m | eta: 28.8m
step 00896/03814 (23.49%) | loss: 3.963626 | lrm: 1.00 | dt: 589.25ms | tok/sec: 91,233 | bf16_mfu: 0.00 | epoch: 1 pq: 0 rg: 86 | total time: 8.75m | eta: 28.8m
step 00897/03814 (23.52%) | loss: 3.966588 | lrm: 1.00 | dt: 587.72ms | tok/sec: 91,472 | bf16_mfu: 0.00 | epoch: 1 pq: 0 rg: 86 | total time: 8.76m | eta: 28.8m
step 00898/03814 (23.54%) | loss: 3.945735 | lrm: 1.00 | dt: 585.39ms | tok/sec: 91,835 | bf16_mfu: 0.00 | epoch: 1 pq: 0 rg: 86 | total time: 8.77m | eta: 28.8m
step 00899/03814 (23.57%) | loss: 3.944752 | lrm: 1.00 | dt: 591.96ms | tok/sec: 90,817 | bf16_mfu: 0.00 | epoch: 1 pq: 0 rg: 86 | total time: 8.78m | eta: 28.8m
step 00900/03814 (23.60%) | loss: 3.937448 | lrm: 1.00 | dt: 584.35ms | tok/sec: 91,999 | bf16_mfu: 0.00 | epoch: 1 pq: 0 rg: 86 | total time: 8.79m | eta: 28.8m
step 00901/03814 (23.62%) | loss: 3.929921 | lrm: 1.00 | dt: 584.51ms | tok/sec: 91,974 | bf16_mfu: 0.00 | epoch: 1 pq: 0 rg: 86 | total time: 8.80m | eta: 28.8m
step 00902/03814 (23.65%) | loss: 3.952278 | lrm: 1.00 | dt: 586.93ms | tok/sec: 91,595 | bf16_mfu: 0.00 | epoch: 1 pq: 0 rg: 86 | total time: 8.81m | eta: 28.8m
step 00903/03814 (23.68%) | loss: 3.937120 | lrm: 1.00 | dt: 594.11ms | tok/sec: 90,487 | bf16_mfu: 0.00 | epoch: 1 pq: 0 rg: 86 | total time: 8.82m | eta: 28.7m
step 00904/03814 (23.70%) | loss: 3.941150 | lrm: 1.00 | dt: 580.49ms | tok/sec: 92,610 | bf16_mfu: 0.00 | epoch: 1 pq: 0 rg: 86 | total time: 8.83m | eta: 28.7m
step 00905/03814 (23.73%) | loss: 3.942088 | lrm: 1.00 | dt: 585.37ms | tok/sec: 91,839 | bf16_mfu: 0.00 | epoch: 1 pq: 0 rg: 87 | total time: 8.84m | eta: 28.7m
step 00906/03814 (23.75%) | loss: 3.927336 | lrm: 1.00 | dt: 586.80ms | tok/sec: 91,615 | bf16_mfu: 0.00 | epoch: 1 pq: 0 rg: 87 | total time: 8.85m | eta: 28.7m
step 00907/03814 (23.78%) | loss: 3.921213 | lrm: 1.00 | dt: 586.91ms | tok/sec: 91,598 | bf16_mfu: 0.00 | epoch: 1 pq: 0 rg: 87 | total time: 8.86m | eta: 28.7m
step 00908/03814 (23.81%) | loss: 3.924816 | lrm: 1.00 | dt: 587.06ms | tok/sec: 91,575 | bf16_mfu: 0.00 | epoch: 1 pq: 0 rg: 87 | total time: 8.87m | eta: 28.7m
step 00909/03814 (23.83%) | loss: 3.929729 | lrm: 1.00 | dt: 584.37ms | tok/sec: 91,997 | bf16_mfu: 0.00 | epoch: 1 pq: 0 rg: 87 | total time: 8.88m | eta: 28.7m
step 00910/03814 (23.86%) | loss: 3.933101 | lrm: 1.00 | dt: 586.65ms | tok/sec: 91,638 | bf16_mfu: 0.00 | epoch: 1 pq: 0 rg: 87 | total time: 8.89m | eta: 28.7m
step 00911/03814 (23.89%) | loss: 3.939484 | lrm: 1.00 | dt: 588.15ms | tok/sec: 91,405 | bf16_mfu: 0.00 | epoch: 1 pq: 0 rg: 87 | total time: 8.90m | eta: 28.7m
step 00912/03814 (23.91%) | loss: 3.955434 | lrm: 1.00 | dt: 588.04ms | tok/sec: 91,422 | bf16_mfu: 0.00 | epoch: 1 pq: 0 rg: 87 | total time: 8.90m | eta: 28.6m
step 00913/03814 (23.94%) | loss: 3.954414 | lrm: 1.00 | dt: 588.03ms | tok/sec: 91,423 | bf16_mfu: 0.00 | epoch: 1 pq: 0 rg: 87 | total time: 8.91m | eta: 28.6m
step 00914/03814 (23.96%) | loss: 3.956070 | lrm: 1.00 | dt: 586.53ms | tok/sec: 91,657 | bf16_mfu: 0.00 | epoch: 1 pq: 0 rg: 87 | total time: 8.92m | eta: 28.6m
step 00915/03814 (23.99%) | loss: 3.947176 | lrm: 1.00 | dt: 598.34ms | tok/sec: 89,848 | bf16_mfu: 0.00 | epoch: 1 pq: 0 rg: 87 | total time: 8.93m | eta: 28.6m
step 00916/03814 (24.02%) | loss: 3.950904 | lrm: 1.00 | dt: 577.28ms | tok/sec: 93,126 | bf16_mfu: 0.00 | epoch: 1 pq: 0 rg: 88 | total time: 8.94m | eta: 28.6m
step 00917/03814 (24.04%) | loss: 3.940077 | lrm: 1.00 | dt: 587.59ms | tok/sec: 91,492 | bf16_mfu: 0.00 | epoch: 1 pq: 0 rg: 88 | total time: 8.95m | eta: 28.6m
step 00918/03814 (24.07%) | loss: 3.936231 | lrm: 1.00 | dt: 585.58ms | tok/sec: 91,806 | bf16_mfu: 0.00 | epoch: 1 pq: 0 rg: 88 | total time: 8.96m | eta: 28.6m
step 00919/03814 (24.10%) | loss: 3.954690 | lrm: 1.00 | dt: 588.18ms | tok/sec: 91,400 | bf16_mfu: 0.00 | epoch: 1 pq: 0 rg: 88 | total time: 8.97m | eta: 28.6m
step 00920/03814 (24.12%) | loss: 3.978289 | lrm: 1.00 | dt: 586.49ms | tok/sec: 91,664 | bf16_mfu: 0.00 | epoch: 1 pq: 0 rg: 88 | total time: 8.98m | eta: 28.6m
step 00921/03814 (24.15%) | loss: 3.990039 | lrm: 1.00 | dt: 581.93ms | tok/sec: 92,381 | bf16_mfu: 0.00 | epoch: 1 pq: 0 rg: 88 | total time: 8.99m | eta: 28.6m
step 00922/03814 (24.17%) | loss: 3.977591 | lrm: 1.00 | dt: 573.63ms | tok/sec: 93,718 | bf16_mfu: 0.00 | epoch: 1 pq: 0 rg: 88 | total time: 9.00m | eta: 28.5m
step 00923/03814 (24.20%) | loss: 3.961357 | lrm: 1.00 | dt: 608.19ms | tok/sec: 88,392 | bf16_mfu: 0.00 | epoch: 1 pq: 0 rg: 88 | total time: 9.01m | eta: 28.5m
step 00924/03814 (24.23%) | loss: 3.974627 | lrm: 1.00 | dt: 586.44ms | tok/sec: 91,671 | bf16_mfu: 0.00 | epoch: 1 pq: 0 rg: 88 | total time: 9.02m | eta: 28.5m
step 00925/03814 (24.25%) | loss: 3.965098 | lrm: 1.00 | dt: 587.86ms | tok/sec: 91,450 | bf16_mfu: 0.00 | epoch: 1 pq: 0 rg: 88 | total time: 9.03m | eta: 28.5m
step 00926/03814 (24.28%) | loss: 3.953739 | lrm: 1.00 | dt: 587.59ms | tok/sec: 91,492 | bf16_mfu: 0.00 | epoch: 1 pq: 0 rg: 88 | total time: 9.04m | eta: 28.5m
step 00927/03814 (24.31%) | loss: 3.964892 | lrm: 1.00 | dt: 587.06ms | tok/sec: 91,574 | bf16_mfu: 0.00 | epoch: 1 pq: 0 rg: 89 | total time: 9.05m | eta: 28.5m
step 00928/03814 (24.33%) | loss: 3.954515 | lrm: 1.00 | dt: 604.33ms | tok/sec: 88,958 | bf16_mfu: 0.00 | epoch: 1 pq: 0 rg: 89 | total time: 9.06m | eta: 28.5m
step 00929/03814 (24.36%) | loss: 3.947955 | lrm: 1.00 | dt: 578.42ms | tok/sec: 92,943 | bf16_mfu: 0.00 | epoch: 1 pq: 0 rg: 89 | total time: 9.07m | eta: 28.5m
step 00930/03814 (24.38%) | loss: 3.948958 | lrm: 1.00 | dt: 603.71ms | tok/sec: 89,049 | bf16_mfu: 0.00 | epoch: 1 pq: 0 rg: 89 | total time: 9.08m | eta: 28.5m
step 00931/03814 (24.41%) | loss: 3.961085 | lrm: 1.00 | dt: 632.03ms | tok/sec: 85,058 | bf16_mfu: 0.00 | epoch: 1 pq: 0 rg: 89 | total time: 9.09m | eta: 28.5m
step 00932/03814 (24.44%) | loss: 3.979999 | lrm: 1.00 | dt: 583.19ms | tok/sec: 92,182 | bf16_mfu: 0.00 | epoch: 1 pq: 0 rg: 89 | total time: 9.10m | eta: 28.5m
step 00933/03814 (24.46%) | loss: 3.972228 | lrm: 1.00 | dt: 585.64ms | tok/sec: 91,796 | bf16_mfu: 0.00 | epoch: 1 pq: 0 rg: 89 | total time: 9.11m | eta: 28.4m
step 00934/03814 (24.49%) | loss: 3.980942 | lrm: 1.00 | dt: 587.51ms | tok/sec: 91,505 | bf16_mfu: 0.00 | epoch: 1 pq: 0 rg: 89 | total time: 9.12m | eta: 28.4m
step 00935/03814 (24.51%) | loss: 3.960230 | lrm: 1.00 | dt: 582.75ms | tok/sec: 92,252 | bf16_mfu: 0.00 | epoch: 1 pq: 0 rg: 89 | total time: 9.13m | eta: 28.4m
step 00936/03814 (24.54%) | loss: 3.959107 | lrm: 1.00 | dt: 580.48ms | tok/sec: 92,612 | bf16_mfu: 0.00 | epoch: 1 pq: 1 rg: 0 | total time: 9.14m | eta: 28.4m
step 00937/03814 (24.57%) | loss: 3.936717 | lrm: 1.00 | dt: 580.24ms | tok/sec: 92,651 | bf16_mfu: 0.00 | epoch: 1 pq: 1 rg: 0 | total time: 9.15m | eta: 28.4m
step 00938/03814 (24.59%) | loss: 3.953465 | lrm: 1.00 | dt: 581.83ms | tok/sec: 92,398 | bf16_mfu: 0.00 | epoch: 1 pq: 1 rg: 0 | total time: 9.16m | eta: 28.4m
step 00939/03814 (24.62%) | loss: 3.943025 | lrm: 1.00 | dt: 575.76ms | tok/sec: 93,371 | bf16_mfu: 0.00 | epoch: 1 pq: 1 rg: 0 | total time: 9.17m | eta: 28.4m
step 00940/03814 (24.65%) | loss: 3.953940 | lrm: 1.00 | dt: 586.70ms | tok/sec: 91,630 | bf16_mfu: 0.00 | epoch: 1 pq: 1 rg: 0 | total time: 9.18m | eta: 28.4m
step 00941/03814 (24.67%) | loss: 3.956705 | lrm: 1.00 | dt: 589.67ms | tok/sec: 91,169 | bf16_mfu: 0.00 | epoch: 1 pq: 1 rg: 0 | total time: 9.19m | eta: 28.4m
step 00942/03814 (24.70%) | loss: 3.978420 | lrm: 1.00 | dt: 583.79ms | tok/sec: 92,088 | bf16_mfu: 0.00 | epoch: 1 pq: 1 rg: 0 | total time: 9.20m | eta: 28.3m
step 00943/03814 (24.72%) | loss: 3.965904 | lrm: 1.00 | dt: 588.33ms | tok/sec: 91,377 | bf16_mfu: 0.00 | epoch: 1 pq: 1 rg: 0 | total time: 9.21m | eta: 28.3m
step 00944/03814 (24.75%) | loss: 3.964451 | lrm: 1.00 | dt: 582.95ms | tok/sec: 92,220 | bf16_mfu: 0.00 | epoch: 1 pq: 1 rg: 0 | total time: 9.22m | eta: 28.3m
step 00945/03814 (24.78%) | loss: 3.968823 | lrm: 1.00 | dt: 576.60ms | tok/sec: 93,235 | bf16_mfu: 0.00 | epoch: 1 pq: 1 rg: 0 | total time: 9.23m | eta: 28.3m
step 00946/03814 (24.80%) | loss: 3.979135 | lrm: 1.00 | dt: 584.17ms | tok/sec: 92,027 | bf16_mfu: 0.00 | epoch: 1 pq: 1 rg: 0 | total time: 9.24m | eta: 28.3m
step 00947/03814 (24.83%) | loss: 3.982679 | lrm: 1.00 | dt: 587.43ms | tok/sec: 91,517 | bf16_mfu: 0.00 | epoch: 1 pq: 1 rg: 0 | total time: 9.25m | eta: 28.3m
step 00948/03814 (24.86%) | loss: 3.987723 | lrm: 1.00 | dt: 628.42ms | tok/sec: 85,547 | bf16_mfu: 0.00 | epoch: 1 pq: 1 rg: 1 | total time: 9.26m | eta: 28.3m
step 00949/03814 (24.88%) | loss: 3.973540 | lrm: 1.00 | dt: 580.63ms | tok/sec: 92,589 | bf16_mfu: 0.00 | epoch: 1 pq: 1 rg: 1 | total time: 9.27m | eta: 28.3m
step 00950/03814 (24.91%) | loss: 3.962334 | lrm: 1.00 | dt: 576.42ms | tok/sec: 93,265 | bf16_mfu: 0.00 | epoch: 1 pq: 1 rg: 1 | total time: 9.28m | eta: 28.3m
step 00951/03814 (24.93%) | loss: 3.954227 | lrm: 1.00 | dt: 583.99ms | tok/sec: 92,056 | bf16_mfu: 0.00 | epoch: 1 pq: 1 rg: 1 | total time: 9.29m | eta: 28.3m
step 00952/03814 (24.96%) | loss: 3.957539 | lrm: 1.00 | dt: 580.00ms | tok/sec: 92,689 | bf16_mfu: 0.00 | epoch: 1 pq: 1 rg: 1 | total time: 9.30m | eta: 28.2m
step 00953/03814 (24.99%) | loss: 3.968242 | lrm: 1.00 | dt: 580.31ms | tok/sec: 92,640 | bf16_mfu: 0.00 | epoch: 1 pq: 1 rg: 1 | total time: 9.31m | eta: 28.2m
step 00954/03814 (25.01%) | loss: 3.963827 | lrm: 1.00 | dt: 585.63ms | tok/sec: 91,798 | bf16_mfu: 0.00 | epoch: 1 pq: 1 rg: 1 | total time: 9.32m | eta: 28.2m
step 00955/03814 (25.04%) | loss: 3.973677 | lrm: 1.00 | dt: 583.59ms | tok/sec: 92,120 | bf16_mfu: 0.00 | epoch: 1 pq: 1 rg: 1 | total time: 9.33m | eta: 28.2m
step 00956/03814 (25.07%) | loss: 3.986440 | lrm: 1.00 | dt: 587.77ms | tok/sec: 91,464 | bf16_mfu: 0.00 | epoch: 1 pq: 1 rg: 1 | total time: 9.34m | eta: 28.2m
step 00957/03814 (25.09%) | loss: 3.969987 | lrm: 1.00 | dt: 588.32ms | tok/sec: 91,378 | bf16_mfu: 0.00 | epoch: 1 pq: 1 rg: 1 | total time: 9.35m | eta: 28.2m
step 00958/03814 (25.12%) | loss: 3.942270 | lrm: 1.00 | dt: 587.43ms | tok/sec: 91,516 | bf16_mfu: 0.00 | epoch: 1 pq: 1 rg: 1 | total time: 9.36m | eta: 28.2m
step 00959/03814 (25.14%) | loss: 3.943341 | lrm: 1.00 | dt: 607.44ms | tok/sec: 88,502 | bf16_mfu: 0.00 | epoch: 1 pq: 1 rg: 2 | total time: 9.37m | eta: 28.2m
step 00960/03814 (25.17%) | loss: 3.952963 | lrm: 1.00 | dt: 588.20ms | tok/sec: 91,397 | bf16_mfu: 0.00 | epoch: 1 pq: 1 rg: 2 | total time: 9.38m | eta: 28.2m
step 00961/03814 (25.20%) | loss: 3.935880 | lrm: 1.00 | dt: 586.42ms | tok/sec: 91,675 | bf16_mfu: 0.00 | epoch: 1 pq: 1 rg: 2 | total time: 9.39m | eta: 28.2m
step 00962/03814 (25.22%) | loss: 3.939126 | lrm: 1.00 | dt: 585.58ms | tok/sec: 91,806 | bf16_mfu: 0.00 | epoch: 1 pq: 1 rg: 2 | total time: 9.39m | eta: 28.1m
step 00963/03814 (25.25%) | loss: 3.947537 | lrm: 1.00 | dt: 586.29ms | tok/sec: 91,694 | bf16_mfu: 0.00 | epoch: 1 pq: 1 rg: 2 | total time: 9.40m | eta: 28.1m
step 00964/03814 (25.28%) | loss: 3.935339 | lrm: 1.00 | dt: 585.60ms | tok/sec: 91,802 | bf16_mfu: 0.00 | epoch: 1 pq: 1 rg: 2 | total time: 9.41m | eta: 28.1m
step 00965/03814 (25.30%) | loss: 3.932214 | lrm: 1.00 | dt: 581.68ms | tok/sec: 92,421 | bf16_mfu: 0.00 | epoch: 1 pq: 1 rg: 2 | total time: 9.42m | eta: 28.1m
step 00966/03814 (25.33%) | loss: 3.914430 | lrm: 1.00 | dt: 575.95ms | tok/sec: 93,341 | bf16_mfu: 0.00 | epoch: 1 pq: 1 rg: 2 | total time: 9.43m | eta: 28.1m
step 00967/03814 (25.35%) | loss: 3.902741 | lrm: 1.00 | dt: 584.58ms | tok/sec: 91,963 | bf16_mfu: 0.00 | epoch: 1 pq: 1 rg: 2 | total time: 9.44m | eta: 28.1m
step 00968/03814 (25.38%) | loss: 3.903932 | lrm: 1.00 | dt: 586.21ms | tok/sec: 91,708 | bf16_mfu: 0.00 | epoch: 1 pq: 1 rg: 2 | total time: 9.45m | eta: 28.1m
step 00969/03814 (25.41%) | loss: 3.925780 | lrm: 1.00 | dt: 571.64ms | tok/sec: 94,044 | bf16_mfu: 0.00 | epoch: 1 pq: 1 rg: 2 | total time: 9.46m | eta: 28.1m
step 00970/03814 (25.43%) | loss: 3.920163 | lrm: 1.00 | dt: 678.53ms | tok/sec: 79,229 | bf16_mfu: 0.00 | epoch: 1 pq: 1 rg: 3 | total time: 9.47m | eta: 28.1m
step 00971/03814 (25.46%) | loss: 3.899820 | lrm: 1.00 | dt: 577.26ms | tok/sec: 93,129 | bf16_mfu: 0.00 | epoch: 1 pq: 1 rg: 3 | total time: 9.48m | eta: 28.1m
step 00972/03814 (25.49%) | loss: 3.903390 | lrm: 1.00 | dt: 585.05ms | tok/sec: 91,888 | bf16_mfu: 0.00 | epoch: 1 pq: 1 rg: 3 | total time: 9.49m | eta: 28.0m
step 00973/03814 (25.51%) | loss: 3.899642 | lrm: 1.00 | dt: 585.73ms | tok/sec: 91,783 | bf16_mfu: 0.00 | epoch: 1 pq: 1 rg: 3 | total time: 9.50m | eta: 28.0m
step 00974/03814 (25.54%) | loss: 3.908129 | lrm: 1.00 | dt: 582.08ms | tok/sec: 92,358 | bf16_mfu: 0.00 | epoch: 1 pq: 1 rg: 3 | total time: 9.51m | eta: 28.0m
step 00975/03814 (25.56%) | loss: 3.901551 | lrm: 1.00 | dt: 575.14ms | tok/sec: 93,472 | bf16_mfu: 0.00 | epoch: 1 pq: 1 rg: 3 | total time: 9.52m | eta: 28.0m
step 00976/03814 (25.59%) | loss: 3.903034 | lrm: 1.00 | dt: 585.63ms | tok/sec: 91,798 | bf16_mfu: 0.00 | epoch: 1 pq: 1 rg: 3 | total time: 9.53m | eta: 28.0m
step 00977/03814 (25.62%) | loss: 3.909731 | lrm: 1.00 | dt: 590.19ms | tok/sec: 91,089 | bf16_mfu: 0.00 | epoch: 1 pq: 1 rg: 3 | total time: 9.54m | eta: 28.0m
step 00978/03814 (25.64%) | loss: 3.905700 | lrm: 1.00 | dt: 584.18ms | tok/sec: 92,026 | bf16_mfu: 0.00 | epoch: 1 pq: 1 rg: 3 | total time: 9.55m | eta: 28.0m
step 00979/03814 (25.67%) | loss: 3.899685 | lrm: 1.00 | dt: 586.23ms | tok/sec: 91,704 | bf16_mfu: 0.00 | epoch: 1 pq: 1 rg: 3 | total time: 9.56m | eta: 28.0m
step 00980/03814 (25.69%) | loss: 3.891987 | lrm: 1.00 | dt: 588.22ms | tok/sec: 91,393 | bf16_mfu: 0.00 | epoch: 1 pq: 1 rg: 3 | total time: 9.57m | eta: 28.0m
step 00981/03814 (25.72%) | loss: 3.896172 | lrm: 1.00 | dt: 618.63ms | tok/sec: 86,901 | bf16_mfu: 0.00 | epoch: 1 pq: 1 rg: 4 | total time: 9.58m | eta: 28.0m
step 00982/03814 (25.75%) | loss: 3.893259 | lrm: 1.00 | dt: 578.36ms | tok/sec: 92,951 | bf16_mfu: 0.00 | epoch: 1 pq: 1 rg: 4 | total time: 9.59m | eta: 27.9m
step 00983/03814 (25.77%) | loss: 3.907324 | lrm: 1.00 | dt: 584.90ms | tok/sec: 91,913 | bf16_mfu: 0.00 | epoch: 1 pq: 1 rg: 4 | total time: 9.60m | eta: 27.9m
step 00984/03814 (25.80%) | loss: 3.912863 | lrm: 1.00 | dt: 588.82ms | tok/sec: 91,300 | bf16_mfu: 0.00 | epoch: 1 pq: 1 rg: 4 | total time: 9.61m | eta: 27.9m
step 00985/03814 (25.83%) | loss: 3.927448 | lrm: 1.00 | dt: 585.78ms | tok/sec: 91,774 | bf16_mfu: 0.00 | epoch: 1 pq: 1 rg: 4 | total time: 9.62m | eta: 27.9m
step 00986/03814 (25.85%) | loss: 3.917756 | lrm: 1.00 | dt: 587.26ms | tok/sec: 91,543 | bf16_mfu: 0.00 | epoch: 1 pq: 1 rg: 4 | total time: 9.63m | eta: 27.9m
step 00987/03814 (25.88%) | loss: 3.935632 | lrm: 1.00 | dt: 586.59ms | tok/sec: 91,648 | bf16_mfu: 0.00 | epoch: 1 pq: 1 rg: 4 | total time: 9.64m | eta: 27.9m
step 00988/03814 (25.90%) | loss: 3.951453 | lrm: 1.00 | dt: 587.13ms | tok/sec: 91,564 | bf16_mfu: 0.00 | epoch: 1 pq: 1 rg: 4 | total time: 9.65m | eta: 27.9m
step 00989/03814 (25.93%) | loss: 3.935398 | lrm: 1.00 | dt: 585.84ms | tok/sec: 91,765 | bf16_mfu: 0.00 | epoch: 1 pq: 1 rg: 4 | total time: 9.66m | eta: 27.9m
step 00990/03814 (25.96%) | loss: 3.927171 | lrm: 1.00 | dt: 586.63ms | tok/sec: 91,642 | bf16_mfu: 0.00 | epoch: 1 pq: 1 rg: 4 | total time: 9.67m | eta: 27.9m
step 00991/03814 (25.98%) | loss: 3.957618 | lrm: 1.00 | dt: 587.18ms | tok/sec: 91,555 | bf16_mfu: 0.00 | epoch: 1 pq: 1 rg: 4 | total time: 9.68m | eta: 27.9m
step 00992/03814 (26.01%) | loss: 3.967749 | lrm: 1.00 | dt: 586.41ms | tok/sec: 91,676 | bf16_mfu: 0.00 | epoch: 1 pq: 1 rg: 5 | total time: 9.69m | eta: 27.8m
step 00993/03814 (26.04%) | loss: 3.962606 | lrm: 1.00 | dt: 586.78ms | tok/sec: 91,618 | bf16_mfu: 0.00 | epoch: 1 pq: 1 rg: 5 | total time: 9.70m | eta: 27.8m
step 00994/03814 (26.06%) | loss: 3.970491 | lrm: 1.00 | dt: 587.10ms | tok/sec: 91,568 | bf16_mfu: 0.00 | epoch: 1 pq: 1 rg: 5 | total time: 9.71m | eta: 27.8m
step 00995/03814 (26.09%) | loss: 3.969598 | lrm: 1.00 | dt: 586.56ms | tok/sec: 91,652 | bf16_mfu: 0.00 | epoch: 1 pq: 1 rg: 5 | total time: 9.72m | eta: 27.8m
step 00996/03814 (26.11%) | loss: 3.948309 | lrm: 1.00 | dt: 591.33ms | tok/sec: 90,914 | bf16_mfu: 0.00 | epoch: 1 pq: 1 rg: 5 | total time: 9.73m | eta: 27.8m
step 00997/03814 (26.14%) | loss: 3.947451 | lrm: 1.00 | dt: 585.21ms | tok/sec: 91,865 | bf16_mfu: 0.00 | epoch: 1 pq: 1 rg: 5 | total time: 9.74m | eta: 27.8m
step 00998/03814 (26.17%) | loss: 3.924816 | lrm: 1.00 | dt: 585.64ms | tok/sec: 91,796 | bf16_mfu: 0.00 | epoch: 1 pq: 1 rg: 5 | total time: 9.75m | eta: 27.8m
step 00999/03814 (26.19%) | loss: 3.927861 | lrm: 1.00 | dt: 589.95ms | tok/sec: 91,126 | bf16_mfu: 0.00 | epoch: 1 pq: 1 rg: 5 | total time: 9.76m | eta: 27.8m
Step 01000 | Validation bpb: 0.893715
step 01000/03814 (26.22%) | loss: 3.923218 | lrm: 1.00 | dt: 581.93ms | tok/sec: 92,382 | bf16_mfu: 0.00 | epoch: 1 pq: 1 rg: 5 | total time: 9.77m | eta: 27.8m
step 01001/03814 (26.25%) | loss: 3.925253 | lrm: 1.00 | dt: 573.11ms | tok/sec: 93,803 | bf16_mfu: 0.00 | epoch: 1 pq: 1 rg: 5 | total time: 9.78m | eta: 27.8m
step 01002/03814 (26.27%) | loss: 3.925747 | lrm: 1.00 | dt: 565.07ms | tok/sec: 95,138 | bf16_mfu: 0.00 | epoch: 1 pq: 1 rg: 5 | total time: 9.79m | eta: 27.7m
step 01003/03814 (26.30%) | loss: 3.917518 | lrm: 1.00 | dt: 575.71ms | tok/sec: 93,379 | bf16_mfu: 0.00 | epoch: 1 pq: 1 rg: 6 | total time: 9.80m | eta: 27.7m
step 01004/03814 (26.32%) | loss: 3.914128 | lrm: 1.00 | dt: 577.02ms | tok/sec: 93,167 | bf16_mfu: 0.00 | epoch: 1 pq: 1 rg: 6 | total time: 9.81m | eta: 27.7m
step 01005/03814 (26.35%) | loss: 3.904502 | lrm: 1.00 | dt: 567.17ms | tok/sec: 94,785 | bf16_mfu: 0.00 | epoch: 1 pq: 1 rg: 6 | total time: 9.82m | eta: 27.7m
step 01006/03814 (26.38%) | loss: 3.895704 | lrm: 1.00 | dt: 568.41ms | tok/sec: 94,579 | bf16_mfu: 0.00 | epoch: 1 pq: 1 rg: 6 | total time: 9.82m | eta: 27.7m
step 01007/03814 (26.40%) | loss: 3.898081 | lrm: 1.00 | dt: 568.40ms | tok/sec: 94,581 | bf16_mfu: 0.00 | epoch: 1 pq: 1 rg: 6 | total time: 9.83m | eta: 27.7m
step 01008/03814 (26.43%) | loss: 3.895768 | lrm: 1.00 | dt: 567.66ms | tok/sec: 94,705 | bf16_mfu: 0.00 | epoch: 1 pq: 1 rg: 6 | total time: 9.84m | eta: 27.7m
step 01009/03814 (26.46%) | loss: 3.896917 | lrm: 1.00 | dt: 581.24ms | tok/sec: 92,491 | bf16_mfu: 0.00 | epoch: 1 pq: 1 rg: 6 | total time: 9.85m | eta: 27.7m
step 01010/03814 (26.48%) | loss: 3.892126 | lrm: 1.00 | dt: 569.97ms | tok/sec: 94,320 | bf16_mfu: 0.00 | epoch: 1 pq: 1 rg: 6 | total time: 9.86m | eta: 27.7m
step 01011/03814 (26.51%) | loss: 3.887735 | lrm: 1.00 | dt: 576.52ms | tok/sec: 93,249 | bf16_mfu: 0.00 | epoch: 1 pq: 1 rg: 6 | total time: 9.87m | eta: 27.6m
step 01012/03814 (26.53%) | loss: 3.888751 | lrm: 1.00 | dt: 575.79ms | tok/sec: 93,367 | bf16_mfu: 0.00 | epoch: 1 pq: 1 rg: 6 | total time: 9.88m | eta: 27.6m
step 01013/03814 (26.56%) | loss: 3.882876 | lrm: 1.00 | dt: 566.60ms | tok/sec: 94,881 | bf16_mfu: 0.00 | epoch: 1 pq: 1 rg: 6 | total time: 9.89m | eta: 27.6m
step 01014/03814 (26.59%) | loss: 3.886210 | lrm: 1.00 | dt: 566.97ms | tok/sec: 94,820 | bf16_mfu: 0.00 | epoch: 1 pq: 1 rg: 6 | total time: 9.90m | eta: 27.6m
step 01015/03814 (26.61%) | loss: 3.891720 | lrm: 1.00 | dt: 674.55ms | tok/sec: 79,697 | bf16_mfu: 0.00 | epoch: 1 pq: 1 rg: 7 | total time: 9.91m | eta: 27.6m
step 01016/03814 (26.64%) | loss: 3.870821 | lrm: 1.00 | dt: 582.76ms | tok/sec: 92,251 | bf16_mfu: 0.00 | epoch: 1 pq: 1 rg: 7 | total time: 9.92m | eta: 27.6m
step 01017/03814 (26.66%) | loss: 3.871559 | lrm: 1.00 | dt: 567.62ms | tok/sec: 94,710 | bf16_mfu: 0.00 | epoch: 1 pq: 1 rg: 7 | total time: 9.93m | eta: 27.6m
step 01018/03814 (26.69%) | loss: 3.876371 | lrm: 1.00 | dt: 570.58ms | tok/sec: 94,219 | bf16_mfu: 0.00 | epoch: 1 pq: 1 rg: 7 | total time: 9.94m | eta: 27.6m
step 01019/03814 (26.72%) | loss: 3.887665 | lrm: 1.00 | dt: 569.13ms | tok/sec: 94,460 | bf16_mfu: 0.00 | epoch: 1 pq: 1 rg: 7 | total time: 9.95m | eta: 27.6m
step 01020/03814 (26.74%) | loss: 3.903290 | lrm: 1.00 | dt: 578.88ms | tok/sec: 92,869 | bf16_mfu: 0.00 | epoch: 1 pq: 1 rg: 7 | total time: 9.96m | eta: 27.6m
step 01021/03814 (26.77%) | loss: 3.903114 | lrm: 1.00 | dt: 573.27ms | tok/sec: 93,777 | bf16_mfu: 0.00 | epoch: 1 pq: 1 rg: 7 | total time: 9.97m | eta: 27.5m
step 01022/03814 (26.80%) | loss: 3.903495 | lrm: 1.00 | dt: 570.93ms | tok/sec: 94,161 | bf16_mfu: 0.00 | epoch: 1 pq: 1 rg: 7 | total time: 9.98m | eta: 27.5m
step 01023/03814 (26.82%) | loss: 3.919455 | lrm: 1.00 | dt: 580.02ms | tok/sec: 92,687 | bf16_mfu: 0.00 | epoch: 1 pq: 1 rg: 7 | total time: 9.99m | eta: 27.5m
step 01024/03814 (26.85%) | loss: 3.927875 | lrm: 1.00 | dt: 572.79ms | tok/sec: 93,857 | bf16_mfu: 0.00 | epoch: 1 pq: 1 rg: 7 | total time: 10.00m | eta: 27.5m
step 01025/03814 (26.87%) | loss: 3.923033 | lrm: 1.00 | dt: 569.48ms | tok/sec: 94,402 | bf16_mfu: 0.00 | epoch: 1 pq: 1 rg: 7 | total time: 10.01m | eta: 27.5m
step 01026/03814 (26.90%) | loss: 3.910868 | lrm: 1.00 | dt: 632.03ms | tok/sec: 85,059 | bf16_mfu: 0.00 | epoch: 1 pq: 1 rg: 8 | total time: 10.02m | eta: 27.5m
step 01027/03814 (26.93%) | loss: 3.928177 | lrm: 1.00 | dt: 582.99ms | tok/sec: 92,214 | bf16_mfu: 0.00 | epoch: 1 pq: 1 rg: 8 | total time: 10.03m | eta: 27.5m
step 01028/03814 (26.95%) | loss: 3.926864 | lrm: 1.00 | dt: 569.97ms | tok/sec: 94,319 | bf16_mfu: 0.00 | epoch: 1 pq: 1 rg: 8 | total time: 10.04m | eta: 27.5m
step 01029/03814 (26.98%) | loss: 3.914193 | lrm: 1.00 | dt: 572.86ms | tok/sec: 93,844 | bf16_mfu: 0.00 | epoch: 1 pq: 1 rg: 8 | total time: 10.05m | eta: 27.5m
step 01030/03814 (27.01%) | loss: 3.915155 | lrm: 1.00 | dt: 579.00ms | tok/sec: 92,849 | bf16_mfu: 0.00 | epoch: 1 pq: 1 rg: 8 | total time: 10.06m | eta: 27.4m
step 01031/03814 (27.03%) | loss: 3.917699 | lrm: 1.00 | dt: 599.17ms | tok/sec: 89,723 | bf16_mfu: 0.00 | epoch: 1 pq: 1 rg: 8 | total time: 10.07m | eta: 27.4m
step 01032/03814 (27.06%) | loss: 3.914518 | lrm: 1.00 | dt: 576.25ms | tok/sec: 93,293 | bf16_mfu: 0.00 | epoch: 1 pq: 1 rg: 8 | total time: 10.08m | eta: 27.4m
step 01033/03814 (27.08%) | loss: 3.931884 | lrm: 1.00 | dt: 572.81ms | tok/sec: 93,852 | bf16_mfu: 0.00 | epoch: 1 pq: 1 rg: 8 | total time: 10.09m | eta: 27.4m
step 01034/03814 (27.11%) | loss: 3.923064 | lrm: 1.00 | dt: 582.16ms | tok/sec: 92,345 | bf16_mfu: 0.00 | epoch: 1 pq: 1 rg: 8 | total time: 10.10m | eta: 27.4m
step 01035/03814 (27.14%) | loss: 3.907944 | lrm: 1.00 | dt: 649.28ms | tok/sec: 82,799 | bf16_mfu: 0.00 | epoch: 1 pq: 1 rg: 8 | total time: 10.11m | eta: 27.4m
step 01036/03814 (27.16%) | loss: 3.902811 | lrm: 1.00 | dt: 585.39ms | tok/sec: 91,836 | bf16_mfu: 0.00 | epoch: 1 pq: 1 rg: 8 | total time: 10.12m | eta: 27.4m
step 01037/03814 (27.19%) | loss: 3.911570 | lrm: 1.00 | dt: 662.36ms | tok/sec: 81,163 | bf16_mfu: 0.00 | epoch: 1 pq: 1 rg: 9 | total time: 10.13m | eta: 27.4m
step 01038/03814 (27.22%) | loss: 3.912687 | lrm: 1.00 | dt: 573.31ms | tok/sec: 93,771 | bf16_mfu: 0.00 | epoch: 1 pq: 1 rg: 9 | total time: 10.14m | eta: 27.4m
step 01039/03814 (27.24%) | loss: 3.909450 | lrm: 1.00 | dt: 570.51ms | tok/sec: 94,231 | bf16_mfu: 0.00 | epoch: 1 pq: 1 rg: 9 | total time: 10.15m | eta: 27.4m
step 01040/03814 (27.27%) | loss: 3.902562 | lrm: 1.00 | dt: 581.54ms | tok/sec: 92,444 | bf16_mfu: 0.00 | epoch: 1 pq: 1 rg: 9 | total time: 10.16m | eta: 27.4m
step 01041/03814 (27.29%) | loss: 3.891821 | lrm: 1.00 | dt: 570.52ms | tok/sec: 94,229 | bf16_mfu: 0.00 | epoch: 1 pq: 1 rg: 9 | total time: 10.17m | eta: 27.3m
step 01042/03814 (27.32%) | loss: 3.879908 | lrm: 1.00 | dt: 570.23ms | tok/sec: 94,278 | bf16_mfu: 0.00 | epoch: 1 pq: 1 rg: 9 | total time: 10.17m | eta: 27.3m
step 01043/03814 (27.35%) | loss: 3.896835 | lrm: 1.00 | dt: 571.41ms | tok/sec: 94,083 | bf16_mfu: 0.00 | epoch: 1 pq: 1 rg: 9 | total time: 10.18m | eta: 27.3m
step 01044/03814 (27.37%) | loss: 3.908793 | lrm: 1.00 | dt: 581.40ms | tok/sec: 92,467 | bf16_mfu: 0.00 | epoch: 1 pq: 1 rg: 9 | total time: 10.19m | eta: 27.3m
step 01045/03814 (27.40%) | loss: 3.911931 | lrm: 1.00 | dt: 573.33ms | tok/sec: 93,767 | bf16_mfu: 0.00 | epoch: 1 pq: 1 rg: 9 | total time: 10.20m | eta: 27.3m
step 01046/03814 (27.43%) | loss: 3.907851 | lrm: 1.00 | dt: 571.25ms | tok/sec: 94,109 | bf16_mfu: 0.00 | epoch: 1 pq: 1 rg: 9 | total time: 10.21m | eta: 27.3m
step 01047/03814 (27.45%) | loss: 3.896607 | lrm: 1.00 | dt: 581.94ms | tok/sec: 92,380 | bf16_mfu: 0.00 | epoch: 1 pq: 1 rg: 9 | total time: 10.22m | eta: 27.3m
step 01048/03814 (27.48%) | loss: 3.904165 | lrm: 1.00 | dt: 611.16ms | tok/sec: 87,963 | bf16_mfu: 0.00 | epoch: 1 pq: 1 rg: 10 | total time: 10.23m | eta: 27.3m
step 01049/03814 (27.50%) | loss: 3.917622 | lrm: 1.00 | dt: 619.31ms | tok/sec: 86,805 | bf16_mfu: 0.00 | epoch: 1 pq: 1 rg: 10 | total time: 10.24m | eta: 27.3m
step 01050/03814 (27.53%) | loss: 3.910887 | lrm: 1.00 | dt: 578.60ms | tok/sec: 92,914 | bf16_mfu: 0.00 | epoch: 1 pq: 1 rg: 10 | total time: 10.25m | eta: 27.2m
step 01051/03814 (27.56%) | loss: 3.939840 | lrm: 1.00 | dt: 582.17ms | tok/sec: 92,343 | bf16_mfu: 0.00 | epoch: 1 pq: 1 rg: 10 | total time: 10.26m | eta: 27.2m
step 01052/03814 (27.58%) | loss: 3.945463 | lrm: 1.00 | dt: 609.68ms | tok/sec: 88,177 | bf16_mfu: 0.00 | epoch: 1 pq: 1 rg: 10 | total time: 10.27m | eta: 27.2m
step 01053/03814 (27.61%) | loss: 3.932534 | lrm: 1.00 | dt: 583.41ms | tok/sec: 92,148 | bf16_mfu: 0.00 | epoch: 1 pq: 1 rg: 10 | total time: 10.28m | eta: 27.2m
step 01054/03814 (27.64%) | loss: 3.922882 | lrm: 1.00 | dt: 572.42ms | tok/sec: 93,916 | bf16_mfu: 0.00 | epoch: 1 pq: 1 rg: 10 | total time: 10.29m | eta: 27.2m
step 01055/03814 (27.66%) | loss: 3.930057 | lrm: 1.00 | dt: 581.61ms | tok/sec: 92,432 | bf16_mfu: 0.00 | epoch: 1 pq: 1 rg: 10 | total time: 10.30m | eta: 27.2m
step 01056/03814 (27.69%) | loss: 3.934423 | lrm: 1.00 | dt: 575.07ms | tok/sec: 93,484 | bf16_mfu: 0.00 | epoch: 1 pq: 1 rg: 10 | total time: 10.31m | eta: 27.2m
step 01057/03814 (27.71%) | loss: 3.937777 | lrm: 1.00 | dt: 579.05ms | tok/sec: 92,841 | bf16_mfu: 0.00 | epoch: 1 pq: 1 rg: 10 | total time: 10.32m | eta: 27.2m
step 01058/03814 (27.74%) | loss: 3.922333 | lrm: 1.00 | dt: 580.56ms | tok/sec: 92,599 | bf16_mfu: 0.00 | epoch: 1 pq: 1 rg: 10 | total time: 10.33m | eta: 27.2m
step 01059/03814 (27.77%) | loss: 3.951762 | lrm: 1.00 | dt: 626.78ms | tok/sec: 85,771 | bf16_mfu: 0.00 | epoch: 1 pq: 1 rg: 11 | total time: 10.34m | eta: 27.2m
step 01060/03814 (27.79%) | loss: 3.925322 | lrm: 1.00 | dt: 605.32ms | tok/sec: 88,813 | bf16_mfu: 0.00 | epoch: 1 pq: 1 rg: 11 | total time: 10.35m | eta: 27.1m
step 01061/03814 (27.82%) | loss: 3.916569 | lrm: 1.00 | dt: 574.70ms | tok/sec: 93,544 | bf16_mfu: 0.00 | epoch: 1 pq: 1 rg: 11 | total time: 10.36m | eta: 27.1m
step 01062/03814 (27.84%) | loss: 3.913942 | lrm: 1.00 | dt: 583.34ms | tok/sec: 92,159 | bf16_mfu: 0.00 | epoch: 1 pq: 1 rg: 11 | total time: 10.37m | eta: 27.1m
step 01063/03814 (27.87%) | loss: 3.901845 | lrm: 1.00 | dt: 570.60ms | tok/sec: 94,215 | bf16_mfu: 0.00 | epoch: 1 pq: 1 rg: 11 | total time: 10.38m | eta: 27.1m
step 01064/03814 (27.90%) | loss: 3.893704 | lrm: 1.00 | dt: 581.63ms | tok/sec: 92,430 | bf16_mfu: 0.00 | epoch: 1 pq: 1 rg: 11 | total time: 10.39m | eta: 27.1m
step 01065/03814 (27.92%) | loss: 3.899763 | lrm: 1.00 | dt: 572.33ms | tok/sec: 93,931 | bf16_mfu: 0.00 | epoch: 1 pq: 1 rg: 11 | total time: 10.40m | eta: 27.1m
step 01066/03814 (27.95%) | loss: 3.886774 | lrm: 1.00 | dt: 628.67ms | tok/sec: 85,513 | bf16_mfu: 0.00 | epoch: 1 pq: 1 rg: 11 | total time: 10.41m | eta: 27.1m
step 01067/03814 (27.98%) | loss: 3.885090 | lrm: 1.00 | dt: 587.81ms | tok/sec: 91,457 | bf16_mfu: 0.00 | epoch: 1 pq: 1 rg: 11 | total time: 10.42m | eta: 27.1m
step 01068/03814 (28.00%) | loss: 3.866271 | lrm: 1.00 | dt: 584.90ms | tok/sec: 91,913 | bf16_mfu: 0.00 | epoch: 1 pq: 1 rg: 11 | total time: 10.43m | eta: 27.1m
step 01069/03814 (28.03%) | loss: 3.855162 | lrm: 1.00 | dt: 574.45ms | tok/sec: 93,585 | bf16_mfu: 0.00 | epoch: 1 pq: 1 rg: 11 | total time: 10.44m | eta: 27.1m
step 01070/03814 (28.05%) | loss: 3.855072 | lrm: 1.00 | dt: 601.71ms | tok/sec: 89,346 | bf16_mfu: 0.00 | epoch: 1 pq: 1 rg: 12 | total time: 10.45m | eta: 27.0m
step 01071/03814 (28.08%) | loss: 3.867063 | lrm: 1.00 | dt: 584.36ms | tok/sec: 91,997 | bf16_mfu: 0.00 | epoch: 1 pq: 1 rg: 12 | total time: 10.46m | eta: 27.0m
step 01072/03814 (28.11%) | loss: 3.851662 | lrm: 1.00 | dt: 607.53ms | tok/sec: 88,490 | bf16_mfu: 0.00 | epoch: 1 pq: 1 rg: 12 | total time: 10.47m | eta: 27.0m
step 01073/03814 (28.13%) | loss: 3.881529 | lrm: 1.00 | dt: 585.12ms | tok/sec: 91,878 | bf16_mfu: 0.00 | epoch: 1 pq: 1 rg: 12 | total time: 10.48m | eta: 27.0m
step 01074/03814 (28.16%) | loss: 3.874053 | lrm: 1.00 | dt: 569.96ms | tok/sec: 94,322 | bf16_mfu: 0.00 | epoch: 1 pq: 1 rg: 12 | total time: 10.49m | eta: 27.0m
step 01075/03814 (28.19%) | loss: 3.884120 | lrm: 1.00 | dt: 585.02ms | tok/sec: 91,894 | bf16_mfu: 0.00 | epoch: 1 pq: 1 rg: 12 | total time: 10.50m | eta: 27.0m
step 01076/03814 (28.21%) | loss: 3.884607 | lrm: 1.00 | dt: 585.85ms | tok/sec: 91,764 | bf16_mfu: 0.00 | epoch: 1 pq: 1 rg: 12 | total time: 10.51m | eta: 27.0m
step 01077/03814 (28.24%) | loss: 3.899704 | lrm: 1.00 | dt: 580.27ms | tok/sec: 92,646 | bf16_mfu: 0.00 | epoch: 1 pq: 1 rg: 12 | total time: 10.52m | eta: 27.0m
step 01078/03814 (28.26%) | loss: 3.879679 | lrm: 1.00 | dt: 573.94ms | tok/sec: 93,668 | bf16_mfu: 0.00 | epoch: 1 pq: 1 rg: 12 | total time: 10.53m | eta: 27.0m
step 01079/03814 (28.29%) | loss: 3.879661 | lrm: 1.00 | dt: 578.72ms | tok/sec: 92,894 | bf16_mfu: 0.00 | epoch: 1 pq: 1 rg: 12 | total time: 10.54m | eta: 27.0m
step 01080/03814 (28.32%) | loss: 3.884939 | lrm: 1.00 | dt: 631.00ms | tok/sec: 85,197 | bf16_mfu: 0.00 | epoch: 1 pq: 1 rg: 12 | total time: 10.55m | eta: 26.9m
step 01081/03814 (28.34%) | loss: 3.871630 | lrm: 1.00 | dt: 629.26ms | tok/sec: 85,433 | bf16_mfu: 0.00 | epoch: 1 pq: 1 rg: 13 | total time: 10.56m | eta: 26.9m
step 01082/03814 (28.37%) | loss: 3.871265 | lrm: 1.00 | dt: 584.14ms | tok/sec: 92,033 | bf16_mfu: 0.00 | epoch: 1 pq: 1 rg: 13 | total time: 10.57m | eta: 26.9m
step 01083/03814 (28.40%) | loss: 3.875008 | lrm: 1.00 | dt: 586.95ms | tok/sec: 91,591 | bf16_mfu: 0.00 | epoch: 1 pq: 1 rg: 13 | total time: 10.58m | eta: 26.9m
step 01084/03814 (28.42%) | loss: 3.863788 | lrm: 1.00 | dt: 571.98ms | tok/sec: 93,989 | bf16_mfu: 0.00 | epoch: 1 pq: 1 rg: 13 | total time: 10.59m | eta: 26.9m
step 01085/03814 (28.45%) | loss: 3.874697 | lrm: 1.00 | dt: 585.50ms | tok/sec: 91,818 | bf16_mfu: 0.00 | epoch: 1 pq: 1 rg: 13 | total time: 10.60m | eta: 26.9m
step 01086/03814 (28.47%) | loss: 3.881385 | lrm: 1.00 | dt: 574.67ms | tok/sec: 93,549 | bf16_mfu: 0.00 | epoch: 1 pq: 1 rg: 13 | total time: 10.61m | eta: 26.9m
step 01087/03814 (28.50%) | loss: 3.881471 | lrm: 1.00 | dt: 579.29ms | tok/sec: 92,803 | bf16_mfu: 0.00 | epoch: 1 pq: 1 rg: 13 | total time: 10.62m | eta: 26.9m
step 01088/03814 (28.53%) | loss: 3.872931 | lrm: 1.00 | dt: 577.98ms | tok/sec: 93,014 | bf16_mfu: 0.00 | epoch: 1 pq: 1 rg: 13 | total time: 10.62m | eta: 26.9m
step 01089/03814 (28.55%) | loss: 3.871457 | lrm: 1.00 | dt: 577.31ms | tok/sec: 93,122 | bf16_mfu: 0.00 | epoch: 1 pq: 1 rg: 13 | total time: 10.63m | eta: 26.9m
step 01090/03814 (28.58%) | loss: 3.882328 | lrm: 1.00 | dt: 585.80ms | tok/sec: 91,771 | bf16_mfu: 0.00 | epoch: 1 pq: 1 rg: 13 | total time: 10.64m | eta: 26.8m
step 01091/03814 (28.61%) | loss: 3.896310 | lrm: 1.00 | dt: 581.90ms | tok/sec: 92,387 | bf16_mfu: 0.00 | epoch: 1 pq: 1 rg: 13 | total time: 10.65m | eta: 26.8m
step 01092/03814 (28.63%) | loss: 3.904267 | lrm: 1.00 | dt: 570.11ms | tok/sec: 94,297 | bf16_mfu: 0.00 | epoch: 1 pq: 1 rg: 14 | total time: 10.66m | eta: 26.8m
step 01093/03814 (28.66%) | loss: 3.899543 | lrm: 1.00 | dt: 575.63ms | tok/sec: 93,393 | bf16_mfu: 0.00 | epoch: 1 pq: 1 rg: 14 | total time: 10.67m | eta: 26.8m
step 01094/03814 (28.68%) | loss: 3.891629 | lrm: 1.00 | dt: 577.90ms | tok/sec: 93,026 | bf16_mfu: 0.00 | epoch: 1 pq: 1 rg: 14 | total time: 10.68m | eta: 26.8m
step 01095/03814 (28.71%) | loss: 3.898592 | lrm: 1.00 | dt: 587.14ms | tok/sec: 91,561 | bf16_mfu: 0.00 | epoch: 1 pq: 1 rg: 14 | total time: 10.69m | eta: 26.8m
step 01096/03814 (28.74%) | loss: 3.898713 | lrm: 1.00 | dt: 571.84ms | tok/sec: 94,011 | bf16_mfu: 0.00 | epoch: 1 pq: 1 rg: 14 | total time: 10.70m | eta: 26.8m
step 01097/03814 (28.76%) | loss: 3.873506 | lrm: 1.00 | dt: 583.50ms | tok/sec: 92,133 | bf16_mfu: 0.00 | epoch: 1 pq: 1 rg: 14 | total time: 10.71m | eta: 26.8m
step 01098/03814 (28.79%) | loss: 3.877706 | lrm: 1.00 | dt: 581.54ms | tok/sec: 92,444 | bf16_mfu: 0.00 | epoch: 1 pq: 1 rg: 14 | total time: 10.72m | eta: 26.8m
step 01099/03814 (28.81%) | loss: 3.868153 | lrm: 1.00 | dt: 574.65ms | tok/sec: 93,551 | bf16_mfu: 0.00 | epoch: 1 pq: 1 rg: 14 | total time: 10.73m | eta: 26.8m
step 01100/03814 (28.84%) | loss: 3.870868 | lrm: 1.00 | dt: 584.18ms | tok/sec: 92,026 | bf16_mfu: 0.00 | epoch: 1 pq: 1 rg: 14 | total time: 10.74m | eta: 26.7m
step 01101/03814 (28.87%) | loss: 3.867338 | lrm: 1.00 | dt: 575.00ms | tok/sec: 93,496 | bf16_mfu: 0.00 | epoch: 1 pq: 1 rg: 14 | total time: 10.75m | eta: 26.7m
step 01102/03814 (28.89%) | loss: 3.872055 | lrm: 1.00 | dt: 581.83ms | tok/sec: 92,398 | bf16_mfu: 0.00 | epoch: 1 pq: 1 rg: 14 | total time: 10.76m | eta: 26.7m
step 01103/03814 (28.92%) | loss: 3.866892 | lrm: 1.00 | dt: 574.47ms | tok/sec: 93,582 | bf16_mfu: 0.00 | epoch: 1 pq: 1 rg: 14 | total time: 10.77m | eta: 26.7m
step 01104/03814 (28.95%) | loss: 3.884592 | lrm: 1.00 | dt: 640.08ms | tok/sec: 83,989 | bf16_mfu: 0.00 | epoch: 1 pq: 1 rg: 15 | total time: 10.78m | eta: 26.7m
step 01105/03814 (28.97%) | loss: 3.879740 | lrm: 1.00 | dt: 593.97ms | tok/sec: 90,509 | bf16_mfu: 0.00 | epoch: 1 pq: 1 rg: 15 | total time: 10.79m | eta: 26.7m
step 01106/03814 (29.00%) | loss: 3.899415 | lrm: 1.00 | dt: 581.81ms | tok/sec: 92,401 | bf16_mfu: 0.00 | epoch: 1 pq: 1 rg: 15 | total time: 10.80m | eta: 26.7m
step 01107/03814 (29.02%) | loss: 3.897555 | lrm: 1.00 | dt: 588.69ms | tok/sec: 91,320 | bf16_mfu: 0.00 | epoch: 1 pq: 1 rg: 15 | total time: 10.81m | eta: 26.7m
step 01108/03814 (29.05%) | loss: 3.894400 | lrm: 1.00 | dt: 585.41ms | tok/sec: 91,833 | bf16_mfu: 0.00 | epoch: 1 pq: 1 rg: 15 | total time: 10.82m | eta: 26.7m
step 01109/03814 (29.08%) | loss: 3.880535 | lrm: 1.00 | dt: 580.59ms | tok/sec: 92,595 | bf16_mfu: 0.00 | epoch: 1 pq: 1 rg: 15 | total time: 10.83m | eta: 26.7m
step 01110/03814 (29.10%) | loss: 3.873498 | lrm: 1.00 | dt: 575.11ms | tok/sec: 93,478 | bf16_mfu: 0.00 | epoch: 1 pq: 1 rg: 15 | total time: 10.84m | eta: 26.6m
step 01111/03814 (29.13%) | loss: 3.867391 | lrm: 1.00 | dt: 584.30ms | tok/sec: 92,008 | bf16_mfu: 0.00 | epoch: 1 pq: 1 rg: 15 | total time: 10.85m | eta: 26.6m
step 01112/03814 (29.16%) | loss: 3.864707 | lrm: 1.00 | dt: 574.82ms | tok/sec: 93,524 | bf16_mfu: 0.00 | epoch: 1 pq: 1 rg: 15 | total time: 10.86m | eta: 26.6m
step 01113/03814 (29.18%) | loss: 3.872487 | lrm: 1.00 | dt: 581.52ms | tok/sec: 92,447 | bf16_mfu: 0.00 | epoch: 1 pq: 1 rg: 15 | total time: 10.87m | eta: 26.6m
step 01114/03814 (29.21%) | loss: 3.867891 | lrm: 1.00 | dt: 583.91ms | tok/sec: 92,069 | bf16_mfu: 0.00 | epoch: 1 pq: 1 rg: 15 | total time: 10.88m | eta: 26.6m
step 01115/03814 (29.23%) | loss: 3.895736 | lrm: 1.00 | dt: 583.20ms | tok/sec: 92,181 | bf16_mfu: 0.00 | epoch: 1 pq: 1 rg: 16 | total time: 10.89m | eta: 26.6m
step 01116/03814 (29.26%) | loss: 3.902412 | lrm: 1.00 | dt: 572.47ms | tok/sec: 93,909 | bf16_mfu: 0.00 | epoch: 1 pq: 1 rg: 16 | total time: 10.90m | eta: 26.6m
step 01117/03814 (29.29%) | loss: 3.897561 | lrm: 1.00 | dt: 586.82ms | tok/sec: 91,612 | bf16_mfu: 0.00 | epoch: 1 pq: 1 rg: 16 | total time: 10.91m | eta: 26.6m
step 01118/03814 (29.31%) | loss: 3.901472 | lrm: 1.00 | dt: 585.52ms | tok/sec: 91,815 | bf16_mfu: 0.00 | epoch: 1 pq: 1 rg: 16 | total time: 10.92m | eta: 26.6m
step 01119/03814 (29.34%) | loss: 3.903214 | lrm: 1.00 | dt: 620.39ms | tok/sec: 86,654 | bf16_mfu: 0.00 | epoch: 1 pq: 1 rg: 16 | total time: 10.93m | eta: 26.6m
step 01120/03814 (29.37%) | loss: 3.914008 | lrm: 1.00 | dt: 579.43ms | tok/sec: 92,780 | bf16_mfu: 0.00 | epoch: 1 pq: 1 rg: 16 | total time: 10.94m | eta: 26.5m
step 01121/03814 (29.39%) | loss: 3.893753 | lrm: 1.00 | dt: 582.02ms | tok/sec: 92,368 | bf16_mfu: 0.00 | epoch: 1 pq: 1 rg: 16 | total time: 10.95m | eta: 26.5m
step 01122/03814 (29.42%) | loss: 3.902326 | lrm: 1.00 | dt: 573.85ms | tok/sec: 93,682 | bf16_mfu: 0.00 | epoch: 1 pq: 1 rg: 16 | total time: 10.96m | eta: 26.5m
step 01123/03814 (29.44%) | loss: 3.894971 | lrm: 1.00 | dt: 579.98ms | tok/sec: 92,692 | bf16_mfu: 0.00 | epoch: 1 pq: 1 rg: 16 | total time: 10.97m | eta: 26.5m
step 01124/03814 (29.47%) | loss: 3.894324 | lrm: 1.00 | dt: 583.32ms | tok/sec: 92,162 | bf16_mfu: 0.00 | epoch: 1 pq: 1 rg: 16 | total time: 10.97m | eta: 26.5m
step 01125/03814 (29.50%) | loss: 3.873360 | lrm: 1.00 | dt: 578.04ms | tok/sec: 93,004 | bf16_mfu: 0.00 | epoch: 1 pq: 1 rg: 16 | total time: 10.98m | eta: 26.5m
step 01126/03814 (29.52%) | loss: 3.878245 | lrm: 1.00 | dt: 601.34ms | tok/sec: 89,399 | bf16_mfu: 0.00 | epoch: 1 pq: 1 rg: 17 | total time: 10.99m | eta: 26.5m
step 01127/03814 (29.55%) | loss: 3.868914 | lrm: 1.00 | dt: 583.22ms | tok/sec: 92,177 | bf16_mfu: 0.00 | epoch: 1 pq: 1 rg: 17 | total time: 11.00m | eta: 26.5m
step 01128/03814 (29.58%) | loss: 3.873467 | lrm: 1.00 | dt: 584.95ms | tok/sec: 91,905 | bf16_mfu: 0.00 | epoch: 1 pq: 1 rg: 17 | total time: 11.01m | eta: 26.5m
step 01129/03814 (29.60%) | loss: 3.884519 | lrm: 1.00 | dt: 714.30ms | tok/sec: 75,262 | bf16_mfu: 0.00 | epoch: 1 pq: 1 rg: 17 | total time: 11.03m | eta: 26.5m
step 01130/03814 (29.63%) | loss: 3.905786 | lrm: 1.00 | dt: 612.09ms | tok/sec: 87,830 | bf16_mfu: 0.00 | epoch: 1 pq: 1 rg: 17 | total time: 11.04m | eta: 26.4m
step 01131/03814 (29.65%) | loss: 3.901339 | lrm: 1.00 | dt: 580.87ms | tok/sec: 92,550 | bf16_mfu: 0.00 | epoch: 1 pq: 1 rg: 17 | total time: 11.05m | eta: 26.4m
step 01132/03814 (29.68%) | loss: 3.917397 | lrm: 1.00 | dt: 580.61ms | tok/sec: 92,592 | bf16_mfu: 0.00 | epoch: 1 pq: 1 rg: 17 | total time: 11.06m | eta: 26.4m
step 01133/03814 (29.71%) | loss: 3.921252 | lrm: 1.00 | dt: 573.42ms | tok/sec: 93,753 | bf16_mfu: 0.00 | epoch: 1 pq: 1 rg: 17 | total time: 11.07m | eta: 26.4m
step 01134/03814 (29.73%) | loss: 3.925330 | lrm: 1.00 | dt: 585.46ms | tok/sec: 91,825 | bf16_mfu: 0.00 | epoch: 1 pq: 1 rg: 17 | total time: 11.07m | eta: 26.4m
step 01135/03814 (29.76%) | loss: 3.905103 | lrm: 1.00 | dt: 582.28ms | tok/sec: 92,326 | bf16_mfu: 0.00 | epoch: 1 pq: 1 rg: 17 | total time: 11.08m | eta: 26.4m
step 01136/03814 (29.79%) | loss: 3.901356 | lrm: 1.00 | dt: 571.93ms | tok/sec: 93,997 | bf16_mfu: 0.00 | epoch: 1 pq: 1 rg: 17 | total time: 11.09m | eta: 26.4m
step 01137/03814 (29.81%) | loss: 3.871622 | lrm: 1.00 | dt: 647.09ms | tok/sec: 83,080 | bf16_mfu: 0.00 | epoch: 1 pq: 1 rg: 18 | total time: 11.10m | eta: 26.4m
step 01138/03814 (29.84%) | loss: 3.867636 | lrm: 1.00 | dt: 589.92ms | tok/sec: 91,131 | bf16_mfu: 0.00 | epoch: 1 pq: 1 rg: 18 | total time: 11.11m | eta: 26.4m
step 01139/03814 (29.86%) | loss: 3.856364 | lrm: 1.00 | dt: 580.99ms | tok/sec: 92,532 | bf16_mfu: 0.00 | epoch: 1 pq: 1 rg: 18 | total time: 11.12m | eta: 26.4m
step 01140/03814 (29.89%) | loss: 3.865390 | lrm: 1.00 | dt: 574.57ms | tok/sec: 93,565 | bf16_mfu: 0.00 | epoch: 1 pq: 1 rg: 18 | total time: 11.13m | eta: 26.3m
step 01141/03814 (29.92%) | loss: 3.870115 | lrm: 1.00 | dt: 586.64ms | tok/sec: 91,640 | bf16_mfu: 0.00 | epoch: 1 pq: 1 rg: 18 | total time: 11.14m | eta: 26.3m
step 01142/03814 (29.94%) | loss: 3.881381 | lrm: 1.00 | dt: 570.27ms | tok/sec: 94,271 | bf16_mfu: 0.00 | epoch: 1 pq: 1 rg: 18 | total time: 11.15m | eta: 26.3m
step 01143/03814 (29.97%) | loss: 3.882402 | lrm: 1.00 | dt: 584.49ms | tok/sec: 91,977 | bf16_mfu: 0.00 | epoch: 1 pq: 1 rg: 18 | total time: 11.16m | eta: 26.3m
step 01144/03814 (29.99%) | loss: 3.874068 | lrm: 1.00 | dt: 614.78ms | tok/sec: 87,445 | bf16_mfu: 0.00 | epoch: 1 pq: 1 rg: 18 | total time: 11.17m | eta: 26.3m
step 01145/03814 (30.02%) | loss: 3.880188 | lrm: 1.00 | dt: 582.22ms | tok/sec: 92,335 | bf16_mfu: 0.00 | epoch: 1 pq: 1 rg: 18 | total time: 11.18m | eta: 26.3m
step 01146/03814 (30.05%) | loss: 3.868673 | lrm: 1.00 | dt: 586.70ms | tok/sec: 91,631 | bf16_mfu: 0.00 | epoch: 1 pq: 1 rg: 18 | total time: 11.19m | eta: 26.3m
step 01147/03814 (30.07%) | loss: 3.861099 | lrm: 1.00 | dt: 576.50ms | tok/sec: 93,252 | bf16_mfu: 0.00 | epoch: 1 pq: 1 rg: 18 | total time: 11.20m | eta: 26.3m
step 01148/03814 (30.10%) | loss: 3.860797 | lrm: 1.00 | dt: 578.87ms | tok/sec: 92,870 | bf16_mfu: 0.00 | epoch: 1 pq: 1 rg: 18 | total time: 11.21m | eta: 26.3m
step 01149/03814 (30.13%) | loss: 3.857747 | lrm: 1.00 | dt: 589.59ms | tok/sec: 91,181 | bf16_mfu: 0.00 | epoch: 1 pq: 1 rg: 19 | total time: 11.22m | eta: 26.3m
step 01150/03814 (30.15%) | loss: 3.868689 | lrm: 1.00 | dt: 584.60ms | tok/sec: 91,960 | bf16_mfu: 0.00 | epoch: 1 pq: 1 rg: 19 | total time: 11.23m | eta: 26.2m
step 01151/03814 (30.18%) | loss: 3.872589 | lrm: 1.00 | dt: 570.14ms | tok/sec: 94,292 | bf16_mfu: 0.00 | epoch: 1 pq: 1 rg: 19 | total time: 11.24m | eta: 26.2m
step 01152/03814 (30.20%) | loss: 3.865228 | lrm: 1.00 | dt: 585.92ms | tok/sec: 91,752 | bf16_mfu: 0.00 | epoch: 1 pq: 1 rg: 19 | total time: 11.25m | eta: 26.2m
step 01153/03814 (30.23%) | loss: 3.876122 | lrm: 1.00 | dt: 576.01ms | tok/sec: 93,330 | bf16_mfu: 0.00 | epoch: 1 pq: 1 rg: 19 | total time: 11.26m | eta: 26.2m
step 01154/03814 (30.26%) | loss: 3.857499 | lrm: 1.00 | dt: 580.25ms | tok/sec: 92,649 | bf16_mfu: 0.00 | epoch: 1 pq: 1 rg: 19 | total time: 11.27m | eta: 26.2m
step 01155/03814 (30.28%) | loss: 3.848590 | lrm: 1.00 | dt: 578.24ms | tok/sec: 92,971 | bf16_mfu: 0.00 | epoch: 1 pq: 1 rg: 19 | total time: 11.28m | eta: 26.2m
step 01156/03814 (30.31%) | loss: 3.849778 | lrm: 1.00 | dt: 575.97ms | tok/sec: 93,337 | bf16_mfu: 0.00 | epoch: 1 pq: 1 rg: 19 | total time: 11.29m | eta: 26.2m
step 01157/03814 (30.34%) | loss: 3.837545 | lrm: 1.00 | dt: 582.56ms | tok/sec: 92,281 | bf16_mfu: 0.00 | epoch: 1 pq: 1 rg: 19 | total time: 11.30m | eta: 26.2m
step 01158/03814 (30.36%) | loss: 3.849827 | lrm: 1.00 | dt: 573.61ms | tok/sec: 93,721 | bf16_mfu: 0.00 | epoch: 1 pq: 1 rg: 19 | total time: 11.31m | eta: 26.2m
step 01159/03814 (30.39%) | loss: 3.857212 | lrm: 1.00 | dt: 583.20ms | tok/sec: 92,181 | bf16_mfu: 0.00 | epoch: 1 pq: 1 rg: 19 | total time: 11.32m | eta: 26.2m
step 01160/03814 (30.41%) | loss: 3.890604 | lrm: 1.00 | dt: 590.50ms | tok/sec: 91,041 | bf16_mfu: 0.00 | epoch: 1 pq: 1 rg: 20 | total time: 11.33m | eta: 26.1m
step 01161/03814 (30.44%) | loss: 3.871544 | lrm: 1.00 | dt: 585.51ms | tok/sec: 91,816 | bf16_mfu: 0.00 | epoch: 1 pq: 1 rg: 20 | total time: 11.34m | eta: 26.1m
step 01162/03814 (30.47%) | loss: 3.876165 | lrm: 1.00 | dt: 583.36ms | tok/sec: 92,156 | bf16_mfu: 0.00 | epoch: 1 pq: 1 rg: 20 | total time: 11.35m | eta: 26.1m
step 01163/03814 (30.49%) | loss: 3.876648 | lrm: 1.00 | dt: 577.89ms | tok/sec: 93,027 | bf16_mfu: 0.00 | epoch: 1 pq: 1 rg: 20 | total time: 11.36m | eta: 26.1m
step 01164/03814 (30.52%) | loss: 3.879319 | lrm: 1.00 | dt: 585.59ms | tok/sec: 91,804 | bf16_mfu: 0.00 | epoch: 1 pq: 1 rg: 20 | total time: 11.37m | eta: 26.1m
step 01165/03814 (30.55%) | loss: 3.891311 | lrm: 1.00 | dt: 584.58ms | tok/sec: 91,962 | bf16_mfu: 0.00 | epoch: 1 pq: 1 rg: 20 | total time: 11.38m | eta: 26.1m
step 01166/03814 (30.57%) | loss: 3.893131 | lrm: 1.00 | dt: 578.08ms | tok/sec: 92,996 | bf16_mfu: 0.00 | epoch: 1 pq: 1 rg: 20 | total time: 11.39m | eta: 26.1m
step 01167/03814 (30.60%) | loss: 3.887369 | lrm: 1.00 | dt: 580.18ms | tok/sec: 92,661 | bf16_mfu: 0.00 | epoch: 1 pq: 1 rg: 20 | total time: 11.40m | eta: 26.1m
step 01168/03814 (30.62%) | loss: 3.872499 | lrm: 1.00 | dt: 585.85ms | tok/sec: 91,764 | bf16_mfu: 0.00 | epoch: 1 pq: 1 rg: 20 | total time: 11.41m | eta: 26.1m
step 01169/03814 (30.65%) | loss: 3.877589 | lrm: 1.00 | dt: 584.15ms | tok/sec: 92,031 | bf16_mfu: 0.00 | epoch: 1 pq: 1 rg: 20 | total time: 11.42m | eta: 26.1m
step 01170/03814 (30.68%) | loss: 3.890457 | lrm: 1.00 | dt: 583.79ms | tok/sec: 92,087 | bf16_mfu: 0.00 | epoch: 1 pq: 1 rg: 20 | total time: 11.43m | eta: 26.0m
step 01171/03814 (30.70%) | loss: 3.887616 | lrm: 1.00 | dt: 606.58ms | tok/sec: 88,628 | bf16_mfu: 0.00 | epoch: 1 pq: 1 rg: 21 | total time: 11.44m | eta: 26.0m
step 01172/03814 (30.73%) | loss: 3.864441 | lrm: 1.00 | dt: 574.32ms | tok/sec: 93,606 | bf16_mfu: 0.00 | epoch: 1 pq: 1 rg: 21 | total time: 11.45m | eta: 26.0m
step 01173/03814 (30.76%) | loss: 3.865808 | lrm: 1.00 | dt: 585.29ms | tok/sec: 91,852 | bf16_mfu: 0.00 | epoch: 1 pq: 1 rg: 21 | total time: 11.45m | eta: 26.0m
step 01174/03814 (30.78%) | loss: 3.858819 | lrm: 1.00 | dt: 606.24ms | tok/sec: 88,678 | bf16_mfu: 0.00 | epoch: 1 pq: 1 rg: 21 | total time: 11.46m | eta: 26.0m
step 01175/03814 (30.81%) | loss: 3.851785 | lrm: 1.00 | dt: 585.88ms | tok/sec: 91,759 | bf16_mfu: 0.00 | epoch: 1 pq: 1 rg: 21 | total time: 11.47m | eta: 26.0m
step 01176/03814 (30.83%) | loss: 3.849861 | lrm: 1.00 | dt: 575.46ms | tok/sec: 93,421 | bf16_mfu: 0.00 | epoch: 1 pq: 1 rg: 21 | total time: 11.48m | eta: 26.0m
step 01177/03814 (30.86%) | loss: 3.864047 | lrm: 1.00 | dt: 580.97ms | tok/sec: 92,534 | bf16_mfu: 0.00 | epoch: 1 pq: 1 rg: 21 | total time: 11.49m | eta: 26.0m
step 01178/03814 (30.89%) | loss: 3.855063 | lrm: 1.00 | dt: 586.43ms | tok/sec: 91,672 | bf16_mfu: 0.00 | epoch: 1 pq: 1 rg: 21 | total time: 11.50m | eta: 26.0m
step 01179/03814 (30.91%) | loss: 3.830865 | lrm: 1.00 | dt: 580.75ms | tok/sec: 92,569 | bf16_mfu: 0.00 | epoch: 1 pq: 1 rg: 21 | total time: 11.51m | eta: 26.0m
step 01180/03814 (30.94%) | loss: 3.824776 | lrm: 1.00 | dt: 573.19ms | tok/sec: 93,791 | bf16_mfu: 0.00 | epoch: 1 pq: 1 rg: 21 | total time: 11.52m | eta: 25.9m
step 01181/03814 (30.96%) | loss: 3.841514 | lrm: 1.00 | dt: 586.48ms | tok/sec: 91,665 | bf16_mfu: 0.00 | epoch: 1 pq: 1 rg: 21 | total time: 11.53m | eta: 25.9m
step 01182/03814 (30.99%) | loss: 3.819510 | lrm: 1.00 | dt: 683.98ms | tok/sec: 78,598 | bf16_mfu: 0.00 | epoch: 1 pq: 1 rg: 22 | total time: 11.54m | eta: 25.9m
step 01183/03814 (31.02%) | loss: 3.826443 | lrm: 1.00 | dt: 578.76ms | tok/sec: 92,888 | bf16_mfu: 0.00 | epoch: 1 pq: 1 rg: 22 | total time: 11.55m | eta: 25.9m
step 01184/03814 (31.04%) | loss: 3.827878 | lrm: 1.00 | dt: 581.07ms | tok/sec: 92,519 | bf16_mfu: 0.00 | epoch: 1 pq: 1 rg: 22 | total time: 11.56m | eta: 25.9m
step 01185/03814 (31.07%) | loss: 3.837522 | lrm: 1.00 | dt: 587.89ms | tok/sec: 91,446 | bf16_mfu: 0.00 | epoch: 1 pq: 1 rg: 22 | total time: 11.57m | eta: 25.9m
step 01186/03814 (31.10%) | loss: 3.821597 | lrm: 1.00 | dt: 586.52ms | tok/sec: 91,659 | bf16_mfu: 0.00 | epoch: 1 pq: 1 rg: 22 | total time: 11.58m | eta: 25.9m
step 01187/03814 (31.12%) | loss: 3.824111 | lrm: 1.00 | dt: 585.97ms | tok/sec: 91,745 | bf16_mfu: 0.00 | epoch: 1 pq: 1 rg: 22 | total time: 11.59m | eta: 25.9m
step 01188/03814 (31.15%) | loss: 3.819342 | lrm: 1.00 | dt: 586.64ms | tok/sec: 91,641 | bf16_mfu: 0.00 | epoch: 1 pq: 1 rg: 22 | total time: 11.60m | eta: 25.9m
step 01189/03814 (31.17%) | loss: 3.814236 | lrm: 1.00 | dt: 582.86ms | tok/sec: 92,234 | bf16_mfu: 0.00 | epoch: 1 pq: 1 rg: 22 | total time: 11.61m | eta: 25.9m
step 01190/03814 (31.20%) | loss: 3.817049 | lrm: 1.00 | dt: 574.22ms | tok/sec: 93,623 | bf16_mfu: 0.00 | epoch: 1 pq: 1 rg: 22 | total time: 11.62m | eta: 25.8m
step 01191/03814 (31.23%) | loss: 3.824353 | lrm: 1.00 | dt: 663.95ms | tok/sec: 80,970 | bf16_mfu: 0.00 | epoch: 1 pq: 1 rg: 22 | total time: 11.63m | eta: 25.8m
step 01192/03814 (31.25%) | loss: 3.806793 | lrm: 1.00 | dt: 581.11ms | tok/sec: 92,512 | bf16_mfu: 0.00 | epoch: 1 pq: 1 rg: 22 | total time: 11.64m | eta: 25.8m
step 01193/03814 (31.28%) | loss: 3.817639 | lrm: 1.00 | dt: 604.49ms | tok/sec: 88,934 | bf16_mfu: 0.00 | epoch: 1 pq: 1 rg: 23 | total time: 11.65m | eta: 25.8m
step 01194/03814 (31.31%) | loss: 3.807816 | lrm: 1.00 | dt: 575.32ms | tok/sec: 93,443 | bf16_mfu: 0.00 | epoch: 1 pq: 1 rg: 23 | total time: 11.66m | eta: 25.8m
step 01195/03814 (31.33%) | loss: 3.816785 | lrm: 1.00 | dt: 585.05ms | tok/sec: 91,890 | bf16_mfu: 0.00 | epoch: 1 pq: 1 rg: 23 | total time: 11.67m | eta: 25.8m
step 01196/03814 (31.36%) | loss: 3.807759 | lrm: 1.00 | dt: 586.98ms | tok/sec: 91,587 | bf16_mfu: 0.00 | epoch: 1 pq: 1 rg: 23 | total time: 11.68m | eta: 25.8m
step 01197/03814 (31.38%) | loss: 3.804833 | lrm: 1.00 | dt: 583.36ms | tok/sec: 92,155 | bf16_mfu: 0.00 | epoch: 1 pq: 1 rg: 23 | total time: 11.69m | eta: 25.8m
step 01198/03814 (31.41%) | loss: 3.811536 | lrm: 1.00 | dt: 572.74ms | tok/sec: 93,863 | bf16_mfu: 0.00 | epoch: 1 pq: 1 rg: 23 | total time: 11.70m | eta: 25.8m
step 01199/03814 (31.44%) | loss: 3.827596 | lrm: 1.00 | dt: 616.96ms | tok/sec: 87,136 | bf16_mfu: 0.00 | epoch: 1 pq: 1 rg: 23 | total time: 11.71m | eta: 25.8m
step 01200/03814 (31.46%) | loss: 3.814429 | lrm: 1.00 | dt: 578.49ms | tok/sec: 92,931 | bf16_mfu: 0.00 | epoch: 1 pq: 1 rg: 23 | total time: 11.72m | eta: 25.7m
step 01201/03814 (31.49%) | loss: 3.808994 | lrm: 1.00 | dt: 584.80ms | tok/sec: 91,928 | bf16_mfu: 0.00 | epoch: 1 pq: 1 rg: 23 | total time: 11.73m | eta: 25.7m
step 01202/03814 (31.52%) | loss: 3.800320 | lrm: 1.00 | dt: 588.11ms | tok/sec: 91,412 | bf16_mfu: 0.00 | epoch: 1 pq: 1 rg: 23 | total time: 11.74m | eta: 25.7m
step 01203/03814 (31.54%) | loss: 3.801406 | lrm: 1.00 | dt: 606.08ms | tok/sec: 88,700 | bf16_mfu: 0.00 | epoch: 1 pq: 1 rg: 23 | total time: 11.75m | eta: 25.7m
step 01204/03814 (31.57%) | loss: 3.809094 | lrm: 1.00 | dt: 590.76ms | tok/sec: 91,000 | bf16_mfu: 0.00 | epoch: 1 pq: 1 rg: 23 | total time: 11.76m | eta: 25.7m
step 01205/03814 (31.59%) | loss: 3.810211 | lrm: 1.00 | dt: 647.38ms | tok/sec: 83,043 | bf16_mfu: 0.00 | epoch: 1 pq: 1 rg: 24 | total time: 11.77m | eta: 25.7m
step 01206/03814 (31.62%) | loss: 3.802192 | lrm: 1.00 | dt: 585.09ms | tok/sec: 91,883 | bf16_mfu: 0.00 | epoch: 1 pq: 1 rg: 24 | total time: 11.78m | eta: 25.7m
step 01207/03814 (31.65%) | loss: 3.794953 | lrm: 1.00 | dt: 585.75ms | tok/sec: 91,779 | bf16_mfu: 0.00 | epoch: 1 pq: 1 rg: 24 | total time: 11.79m | eta: 25.7m
step 01208/03814 (31.67%) | loss: 3.789950 | lrm: 1.00 | dt: 628.35ms | tok/sec: 85,557 | bf16_mfu: 0.00 | epoch: 1 pq: 1 rg: 24 | total time: 11.80m | eta: 25.7m
step 01209/03814 (31.70%) | loss: 3.802725 | lrm: 1.00 | dt: 577.04ms | tok/sec: 93,164 | bf16_mfu: 0.00 | epoch: 1 pq: 1 rg: 24 | total time: 11.81m | eta: 25.7m
step 01210/03814 (31.73%) | loss: 3.813610 | lrm: 1.00 | dt: 597.79ms | tok/sec: 89,931 | bf16_mfu: 0.00 | epoch: 1 pq: 1 rg: 24 | total time: 11.82m | eta: 25.7m
step 01211/03814 (31.75%) | loss: 3.803878 | lrm: 1.00 | dt: 586.72ms | tok/sec: 91,628 | bf16_mfu: 0.00 | epoch: 1 pq: 1 rg: 24 | total time: 11.83m | eta: 25.6m
step 01212/03814 (31.78%) | loss: 3.808131 | lrm: 1.00 | dt: 586.56ms | tok/sec: 91,653 | bf16_mfu: 0.00 | epoch: 1 pq: 1 rg: 24 | total time: 11.84m | eta: 25.6m
step 01213/03814 (31.80%) | loss: 3.798162 | lrm: 1.00 | dt: 586.29ms | tok/sec: 91,695 | bf16_mfu: 0.00 | epoch: 1 pq: 1 rg: 24 | total time: 11.85m | eta: 25.6m
step 01214/03814 (31.83%) | loss: 3.798664 | lrm: 1.00 | dt: 584.60ms | tok/sec: 91,959 | bf16_mfu: 0.00 | epoch: 1 pq: 1 rg: 24 | total time: 11.86m | eta: 25.6m
step 01215/03814 (31.86%) | loss: 3.795415 | lrm: 1.00 | dt: 584.75ms | tok/sec: 91,937 | bf16_mfu: 0.00 | epoch: 1 pq: 1 rg: 24 | total time: 11.87m | eta: 25.6m
step 01216/03814 (31.88%) | loss: 3.802723 | lrm: 1.00 | dt: 678.58ms | tok/sec: 79,224 | bf16_mfu: 0.00 | epoch: 1 pq: 1 rg: 25 | total time: 11.88m | eta: 25.6m
step 01217/03814 (31.91%) | loss: 3.803716 | lrm: 1.00 | dt: 586.77ms | tok/sec: 91,620 | bf16_mfu: 0.00 | epoch: 1 pq: 1 rg: 25 | total time: 11.89m | eta: 25.6m
step 01218/03814 (31.93%) | loss: 3.804615 | lrm: 1.00 | dt: 583.84ms | tok/sec: 92,080 | bf16_mfu: 0.00 | epoch: 1 pq: 1 rg: 25 | total time: 11.90m | eta: 25.6m
step 01219/03814 (31.96%) | loss: 3.810415 | lrm: 1.00 | dt: 612.01ms | tok/sec: 87,841 | bf16_mfu: 0.00 | epoch: 1 pq: 1 rg: 25 | total time: 11.91m | eta: 25.6m
step 01220/03814 (31.99%) | loss: 3.805937 | lrm: 1.00 | dt: 584.65ms | tok/sec: 91,953 | bf16_mfu: 0.00 | epoch: 1 pq: 1 rg: 25 | total time: 11.92m | eta: 25.6m
step 01221/03814 (32.01%) | loss: 3.802606 | lrm: 1.00 | dt: 585.51ms | tok/sec: 91,818 | bf16_mfu: 0.00 | epoch: 1 pq: 1 rg: 25 | total time: 11.93m | eta: 25.5m
step 01222/03814 (32.04%) | loss: 3.819017 | lrm: 1.00 | dt: 641.54ms | tok/sec: 83,798 | bf16_mfu: 0.00 | epoch: 1 pq: 1 rg: 25 | total time: 11.94m | eta: 25.5m
step 01223/03814 (32.07%) | loss: 3.811267 | lrm: 1.00 | dt: 587.70ms | tok/sec: 91,475 | bf16_mfu: 0.00 | epoch: 1 pq: 1 rg: 25 | total time: 11.95m | eta: 25.5m
step 01224/03814 (32.09%) | loss: 3.813500 | lrm: 1.00 | dt: 586.27ms | tok/sec: 91,698 | bf16_mfu: 0.00 | epoch: 1 pq: 1 rg: 25 | total time: 11.96m | eta: 25.5m
step 01225/03814 (32.12%) | loss: 3.829837 | lrm: 1.00 | dt: 588.32ms | tok/sec: 91,378 | bf16_mfu: 0.00 | epoch: 1 pq: 1 rg: 25 | total time: 11.97m | eta: 25.5m
step 01226/03814 (32.14%) | loss: 3.841510 | lrm: 1.00 | dt: 651.66ms | tok/sec: 82,497 | bf16_mfu: 0.00 | epoch: 1 pq: 1 rg: 25 | total time: 11.98m | eta: 25.5m
step 01227/03814 (32.17%) | loss: 3.840787 | lrm: 1.00 | dt: 592.33ms | tok/sec: 90,760 | bf16_mfu: 0.00 | epoch: 1 pq: 1 rg: 25 | total time: 11.99m | eta: 25.5m
step 01228/03814 (32.20%) | loss: 3.823159 | lrm: 1.00 | dt: 638.17ms | tok/sec: 84,240 | bf16_mfu: 0.00 | epoch: 1 pq: 1 rg: 26 | total time: 12.00m | eta: 25.5m
step 01229/03814 (32.22%) | loss: 3.814904 | lrm: 1.00 | dt: 588.43ms | tok/sec: 91,361 | bf16_mfu: 0.00 | epoch: 1 pq: 1 rg: 26 | total time: 12.01m | eta: 25.5m
step 01230/03814 (32.25%) | loss: 3.809802 | lrm: 1.00 | dt: 586.56ms | tok/sec: 91,653 | bf16_mfu: 0.00 | epoch: 1 pq: 1 rg: 26 | total time: 12.02m | eta: 25.5m
step 01231/03814 (32.28%) | loss: 3.811130 | lrm: 1.00 | dt: 588.58ms | tok/sec: 91,338 | bf16_mfu: 0.00 | epoch: 1 pq: 1 rg: 26 | total time: 12.03m | eta: 25.5m
step 01232/03814 (32.30%) | loss: 3.806554 | lrm: 1.00 | dt: 583.46ms | tok/sec: 92,139 | bf16_mfu: 0.00 | epoch: 1 pq: 1 rg: 26 | total time: 12.04m | eta: 25.4m
step 01233/03814 (32.33%) | loss: 3.805965 | lrm: 1.00 | dt: 587.09ms | tok/sec: 91,570 | bf16_mfu: 0.00 | epoch: 1 pq: 1 rg: 26 | total time: 12.05m | eta: 25.4m
step 01234/03814 (32.35%) | loss: 3.835793 | lrm: 1.00 | dt: 588.70ms | tok/sec: 91,319 | bf16_mfu: 0.00 | epoch: 1 pq: 1 rg: 26 | total time: 12.06m | eta: 25.4m
step 01235/03814 (32.38%) | loss: 3.833760 | lrm: 1.00 | dt: 594.58ms | tok/sec: 90,416 | bf16_mfu: 0.00 | epoch: 1 pq: 1 rg: 26 | total time: 12.07m | eta: 25.4m
step 01236/03814 (32.41%) | loss: 3.810118 | lrm: 1.00 | dt: 595.19ms | tok/sec: 90,324 | bf16_mfu: 0.00 | epoch: 1 pq: 1 rg: 26 | total time: 12.08m | eta: 25.4m
step 01237/03814 (32.43%) | loss: 3.803339 | lrm: 1.00 | dt: 587.94ms | tok/sec: 91,437 | bf16_mfu: 0.00 | epoch: 1 pq: 1 rg: 26 | total time: 12.09m | eta: 25.4m
step 01238/03814 (32.46%) | loss: 3.815223 | lrm: 1.00 | dt: 593.84ms | tok/sec: 90,529 | bf16_mfu: 0.00 | epoch: 1 pq: 1 rg: 26 | total time: 12.10m | eta: 25.4m
step 01239/03814 (32.49%) | loss: 3.815382 | lrm: 1.00 | dt: 593.44ms | tok/sec: 90,591 | bf16_mfu: 0.00 | epoch: 1 pq: 1 rg: 27 | total time: 12.11m | eta: 25.4m
step 01240/03814 (32.51%) | loss: 3.811504 | lrm: 1.00 | dt: 586.55ms | tok/sec: 91,654 | bf16_mfu: 0.00 | epoch: 1 pq: 1 rg: 27 | total time: 12.12m | eta: 25.4m
step 01241/03814 (32.54%) | loss: 3.818991 | lrm: 1.00 | dt: 622.66ms | tok/sec: 86,339 | bf16_mfu: 0.00 | epoch: 1 pq: 1 rg: 27 | total time: 12.13m | eta: 25.4m
step 01242/03814 (32.56%) | loss: 3.829941 | lrm: 1.00 | dt: 595.42ms | tok/sec: 90,288 | bf16_mfu: 0.00 | epoch: 1 pq: 1 rg: 27 | total time: 12.14m | eta: 25.3m
step 01243/03814 (32.59%) | loss: 3.823317 | lrm: 1.00 | dt: 595.29ms | tok/sec: 90,309 | bf16_mfu: 0.00 | epoch: 1 pq: 1 rg: 27 | total time: 12.15m | eta: 25.3m
step 01244/03814 (32.62%) | loss: 3.847362 | lrm: 1.00 | dt: 601.01ms | tok/sec: 89,449 | bf16_mfu: 0.00 | epoch: 1 pq: 1 rg: 27 | total time: 12.16m | eta: 25.3m
step 01245/03814 (32.64%) | loss: 3.847271 | lrm: 1.00 | dt: 595.09ms | tok/sec: 90,339 | bf16_mfu: 0.00 | epoch: 1 pq: 1 rg: 27 | total time: 12.17m | eta: 25.3m
step 01246/03814 (32.67%) | loss: 3.831498 | lrm: 1.00 | dt: 606.11ms | tok/sec: 88,696 | bf16_mfu: 0.00 | epoch: 1 pq: 1 rg: 27 | total time: 12.18m | eta: 25.3m
step 01247/03814 (32.70%) | loss: 3.829755 | lrm: 1.00 | dt: 590.92ms | tok/sec: 90,977 | bf16_mfu: 0.00 | epoch: 1 pq: 1 rg: 27 | total time: 12.19m | eta: 25.3m
step 01248/03814 (32.72%) | loss: 3.832666 | lrm: 1.00 | dt: 604.66ms | tok/sec: 88,908 | bf16_mfu: 0.00 | epoch: 1 pq: 1 rg: 27 | total time: 12.20m | eta: 25.3m
step 01249/03814 (32.75%) | loss: 3.815465 | lrm: 1.00 | dt: 592.36ms | tok/sec: 90,755 | bf16_mfu: 0.00 | epoch: 1 pq: 1 rg: 27 | total time: 12.21m | eta: 25.3m
step 01250/03814 (32.77%) | loss: 3.817344 | lrm: 1.00 | dt: 598.47ms | tok/sec: 89,829 | bf16_mfu: 0.00 | epoch: 1 pq: 1 rg: 27 | total time: 12.22m | eta: 25.3m
step 01251/03814 (32.80%) | loss: 3.812156 | lrm: 1.00 | dt: 597.76ms | tok/sec: 89,935 | bf16_mfu: 0.00 | epoch: 1 pq: 1 rg: 28 | total time: 12.23m | eta: 25.3m
step 01252/03814 (32.83%) | loss: 3.807447 | lrm: 1.00 | dt: 598.63ms | tok/sec: 89,804 | bf16_mfu: 0.00 | epoch: 1 pq: 1 rg: 28 | total time: 12.24m | eta: 25.2m
step 01253/03814 (32.85%) | loss: 3.817850 | lrm: 1.00 | dt: 595.58ms | tok/sec: 90,265 | bf16_mfu: 0.00 | epoch: 1 pq: 1 rg: 28 | total time: 12.25m | eta: 25.2m
step 01254/03814 (32.88%) | loss: 3.824424 | lrm: 1.00 | dt: 604.14ms | tok/sec: 88,985 | bf16_mfu: 0.00 | epoch: 1 pq: 1 rg: 28 | total time: 12.26m | eta: 25.2m
step 01255/03814 (32.91%) | loss: 3.823152 | lrm: 1.00 | dt: 594.26ms | tok/sec: 90,466 | bf16_mfu: 0.00 | epoch: 1 pq: 1 rg: 28 | total time: 12.27m | eta: 25.2m
step 01256/03814 (32.93%) | loss: 3.803581 | lrm: 1.00 | dt: 604.59ms | tok/sec: 88,919 | bf16_mfu: 0.00 | epoch: 1 pq: 1 rg: 28 | total time: 12.28m | eta: 25.2m
step 01257/03814 (32.96%) | loss: 3.797554 | lrm: 1.00 | dt: 606.78ms | tok/sec: 88,598 | bf16_mfu: 0.00 | epoch: 1 pq: 1 rg: 28 | total time: 12.29m | eta: 25.2m
step 01258/03814 (32.98%) | loss: 3.814875 | lrm: 1.00 | dt: 599.42ms | tok/sec: 89,687 | bf16_mfu: 0.00 | epoch: 1 pq: 1 rg: 28 | total time: 12.30m | eta: 25.2m
step 01259/03814 (33.01%) | loss: 3.783117 | lrm: 1.00 | dt: 600.93ms | tok/sec: 89,461 | bf16_mfu: 0.00 | epoch: 1 pq: 1 rg: 28 | total time: 12.31m | eta: 25.2m
step 01260/03814 (33.04%) | loss: 3.785748 | lrm: 1.00 | dt: 606.87ms | tok/sec: 88,586 | bf16_mfu: 0.00 | epoch: 1 pq: 1 rg: 28 | total time: 12.32m | eta: 25.2m
step 01261/03814 (33.06%) | loss: 3.802303 | lrm: 1.00 | dt: 606.18ms | tok/sec: 88,686 | bf16_mfu: 0.00 | epoch: 1 pq: 1 rg: 28 | total time: 12.33m | eta: 25.2m
step 01262/03814 (33.09%) | loss: 3.783996 | lrm: 1.00 | dt: 610.55ms | tok/sec: 88,051 | bf16_mfu: 0.00 | epoch: 1 pq: 1 rg: 29 | total time: 12.34m | eta: 25.2m
step 01263/03814 (33.11%) | loss: 3.796064 | lrm: 1.00 | dt: 606.38ms | tok/sec: 88,657 | bf16_mfu: 0.00 | epoch: 1 pq: 1 rg: 29 | total time: 12.35m | eta: 25.1m
step 01264/03814 (33.14%) | loss: 3.790885 | lrm: 1.00 | dt: 604.09ms | tok/sec: 88,992 | bf16_mfu: 0.00 | epoch: 1 pq: 1 rg: 29 | total time: 12.36m | eta: 25.1m
step 01265/03814 (33.17%) | loss: 3.799036 | lrm: 1.00 | dt: 656.51ms | tok/sec: 81,887 | bf16_mfu: 0.00 | epoch: 1 pq: 1 rg: 29 | total time: 12.37m | eta: 25.1m
step 01266/03814 (33.19%) | loss: 3.780224 | lrm: 1.00 | dt: 610.46ms | tok/sec: 88,065 | bf16_mfu: 0.00 | epoch: 1 pq: 1 rg: 29 | total time: 12.38m | eta: 25.1m
step 01267/03814 (33.22%) | loss: 3.799030 | lrm: 1.00 | dt: 602.87ms | tok/sec: 89,173 | bf16_mfu: 0.00 | epoch: 1 pq: 1 rg: 29 | total time: 12.39m | eta: 25.1m
step 01268/03814 (33.25%) | loss: 3.815782 | lrm: 1.00 | dt: 610.10ms | tok/sec: 88,116 | bf16_mfu: 0.00 | epoch: 1 pq: 1 rg: 29 | total time: 12.40m | eta: 25.1m
step 01269/03814 (33.27%) | loss: 3.824214 | lrm: 1.00 | dt: 606.15ms | tok/sec: 88,690 | bf16_mfu: 0.00 | epoch: 1 pq: 1 rg: 29 | total time: 12.41m | eta: 25.1m
step 01270/03814 (33.30%) | loss: 3.816464 | lrm: 1.00 | dt: 608.48ms | tok/sec: 88,350 | bf16_mfu: 0.00 | epoch: 1 pq: 1 rg: 29 | total time: 12.42m | eta: 25.1m
step 01271/03814 (33.32%) | loss: 3.824653 | lrm: 1.00 | dt: 608.66ms | tok/sec: 88,325 | bf16_mfu: 0.00 | epoch: 1 pq: 1 rg: 29 | total time: 12.43m | eta: 25.1m
step 01272/03814 (33.35%) | loss: 3.812999 | lrm: 1.00 | dt: 607.55ms | tok/sec: 88,486 | bf16_mfu: 0.00 | epoch: 1 pq: 1 rg: 29 | total time: 12.44m | eta: 25.1m
step 01273/03814 (33.38%) | loss: 3.784713 | lrm: 1.00 | dt: 613.53ms | tok/sec: 87,624 | bf16_mfu: 0.00 | epoch: 1 pq: 1 rg: 30 | total time: 12.45m | eta: 25.1m
step 01274/03814 (33.40%) | loss: 3.780158 | lrm: 1.00 | dt: 603.61ms | tok/sec: 89,064 | bf16_mfu: 0.00 | epoch: 1 pq: 1 rg: 30 | total time: 12.46m | eta: 25.0m
step 01275/03814 (33.43%) | loss: 3.782803 | lrm: 1.00 | dt: 647.39ms | tok/sec: 83,040 | bf16_mfu: 0.00 | epoch: 1 pq: 1 rg: 30 | total time: 12.47m | eta: 25.0m
step 01276/03814 (33.46%) | loss: 3.778849 | lrm: 1.00 | dt: 593.03ms | tok/sec: 90,652 | bf16_mfu: 0.00 | epoch: 1 pq: 1 rg: 30 | total time: 12.48m | eta: 25.0m
step 01277/03814 (33.48%) | loss: 3.787860 | lrm: 1.00 | dt: 596.81ms | tok/sec: 90,079 | bf16_mfu: 0.00 | epoch: 1 pq: 1 rg: 30 | total time: 12.49m | eta: 25.0m
step 01278/03814 (33.51%) | loss: 3.795636 | lrm: 1.00 | dt: 598.49ms | tok/sec: 89,826 | bf16_mfu: 0.00 | epoch: 1 pq: 1 rg: 30 | total time: 12.50m | eta: 25.0m
step 01279/03814 (33.53%) | loss: 3.790409 | lrm: 1.00 | dt: 604.95ms | tok/sec: 88,866 | bf16_mfu: 0.00 | epoch: 1 pq: 1 rg: 30 | total time: 12.51m | eta: 25.0m
step 01280/03814 (33.56%) | loss: 3.777528 | lrm: 1.00 | dt: 610.12ms | tok/sec: 88,114 | bf16_mfu: 0.00 | epoch: 1 pq: 1 rg: 30 | total time: 12.52m | eta: 25.0m
step 01281/03814 (33.59%) | loss: 3.782487 | lrm: 1.00 | dt: 606.93ms | tok/sec: 88,576 | bf16_mfu: 0.00 | epoch: 1 pq: 1 rg: 30 | total time: 12.53m | eta: 25.0m
step 01282/03814 (33.61%) | loss: 3.780802 | lrm: 1.00 | dt: 603.05ms | tok/sec: 89,147 | bf16_mfu: 0.00 | epoch: 1 pq: 1 rg: 30 | total time: 12.54m | eta: 25.0m
step 01283/03814 (33.64%) | loss: 3.789828 | lrm: 1.00 | dt: 623.68ms | tok/sec: 86,198 | bf16_mfu: 0.00 | epoch: 1 pq: 1 rg: 30 | total time: 12.55m | eta: 25.0m
step 01284/03814 (33.67%) | loss: 3.788675 | lrm: 1.00 | dt: 593.88ms | tok/sec: 90,522 | bf16_mfu: 0.00 | epoch: 1 pq: 1 rg: 30 | total time: 12.56m | eta: 24.9m
step 01285/03814 (33.69%) | loss: 3.789540 | lrm: 1.00 | dt: 747.78ms | tok/sec: 71,892 | bf16_mfu: 0.00 | epoch: 1 pq: 1 rg: 31 | total time: 12.58m | eta: 24.9m
step 01286/03814 (33.72%) | loss: 3.785933 | lrm: 1.00 | dt: 604.97ms | tok/sec: 88,863 | bf16_mfu: 0.00 | epoch: 1 pq: 1 rg: 31 | total time: 12.59m | eta: 24.9m
step 01287/03814 (33.74%) | loss: 3.775913 | lrm: 1.00 | dt: 592.05ms | tok/sec: 90,802 | bf16_mfu: 0.00 | epoch: 1 pq: 1 rg: 31 | total time: 12.60m | eta: 24.9m
step 01288/03814 (33.77%) | loss: 3.781399 | lrm: 1.00 | dt: 601.80ms | tok/sec: 89,332 | bf16_mfu: 0.00 | epoch: 1 pq: 1 rg: 31 | total time: 12.61m | eta: 24.9m
step 01289/03814 (33.80%) | loss: 3.780287 | lrm: 1.00 | dt: 602.84ms | tok/sec: 89,177 | bf16_mfu: 0.00 | epoch: 1 pq: 1 rg: 31 | total time: 12.62m | eta: 24.9m
step 01290/03814 (33.82%) | loss: 3.778424 | lrm: 1.00 | dt: 594.61ms | tok/sec: 90,411 | bf16_mfu: 0.00 | epoch: 1 pq: 1 rg: 31 | total time: 12.63m | eta: 24.9m
step 01291/03814 (33.85%) | loss: 3.781429 | lrm: 1.00 | dt: 601.57ms | tok/sec: 89,365 | bf16_mfu: 0.00 | epoch: 1 pq: 1 rg: 31 | total time: 12.64m | eta: 24.9m
step 01292/03814 (33.88%) | loss: 3.780908 | lrm: 1.00 | dt: 690.49ms | tok/sec: 77,857 | bf16_mfu: 0.00 | epoch: 1 pq: 1 rg: 31 | total time: 12.65m | eta: 24.9m
step 01293/03814 (33.90%) | loss: 3.772658 | lrm: 1.00 | dt: 615.52ms | tok/sec: 87,340 | bf16_mfu: 0.00 | epoch: 1 pq: 1 rg: 31 | total time: 12.66m | eta: 24.9m
step 01294/03814 (33.93%) | loss: 3.768578 | lrm: 1.00 | dt: 593.01ms | tok/sec: 90,655 | bf16_mfu: 0.00 | epoch: 1 pq: 1 rg: 31 | total time: 12.67m | eta: 24.9m
step 01295/03814 (33.95%) | loss: 3.766105 | lrm: 1.00 | dt: 594.70ms | tok/sec: 90,398 | bf16_mfu: 0.00 | epoch: 1 pq: 1 rg: 31 | total time: 12.68m | eta: 24.9m
step 01296/03814 (33.98%) | loss: 3.763308 | lrm: 1.00 | dt: 643.02ms | tok/sec: 83,605 | bf16_mfu: 0.00 | epoch: 1 pq: 1 rg: 32 | total time: 12.69m | eta: 24.8m
step 01297/03814 (34.01%) | loss: 3.759882 | lrm: 1.00 | dt: 590.77ms | tok/sec: 91,000 | bf16_mfu: 0.00 | epoch: 1 pq: 1 rg: 32 | total time: 12.70m | eta: 24.8m
step 01298/03814 (34.03%) | loss: 3.789945 | lrm: 1.00 | dt: 595.75ms | tok/sec: 90,238 | bf16_mfu: 0.00 | epoch: 1 pq: 1 rg: 32 | total time: 12.71m | eta: 24.8m
step 01299/03814 (34.06%) | loss: 3.776923 | lrm: 1.00 | dt: 593.27ms | tok/sec: 90,616 | bf16_mfu: 0.00 | epoch: 1 pq: 1 rg: 32 | total time: 12.72m | eta: 24.8m
step 01300/03814 (34.08%) | loss: 3.758711 | lrm: 1.00 | dt: 587.38ms | tok/sec: 91,524 | bf16_mfu: 0.00 | epoch: 1 pq: 1 rg: 32 | total time: 12.73m | eta: 24.8m
step 01301/03814 (34.11%) | loss: 3.769469 | lrm: 1.00 | dt: 590.79ms | tok/sec: 90,996 | bf16_mfu: 0.00 | epoch: 1 pq: 1 rg: 32 | total time: 12.74m | eta: 24.8m
step 01302/03814 (34.14%) | loss: 3.755123 | lrm: 1.00 | dt: 608.74ms | tok/sec: 88,314 | bf16_mfu: 0.00 | epoch: 1 pq: 1 rg: 32 | total time: 12.75m | eta: 24.8m
step 01303/03814 (34.16%) | loss: 3.748538 | lrm: 1.00 | dt: 590.22ms | tok/sec: 91,084 | bf16_mfu: 0.00 | epoch: 1 pq: 1 rg: 32 | total time: 12.76m | eta: 24.8m
step 01304/03814 (34.19%) | loss: 3.758782 | lrm: 1.00 | dt: 593.32ms | tok/sec: 90,608 | bf16_mfu: 0.00 | epoch: 1 pq: 1 rg: 32 | total time: 12.77m | eta: 24.8m
step 01305/03814 (34.22%) | loss: 3.766994 | lrm: 1.00 | dt: 587.58ms | tok/sec: 91,493 | bf16_mfu: 0.00 | epoch: 1 pq: 1 rg: 32 | total time: 12.78m | eta: 24.8m
step 01306/03814 (34.24%) | loss: 3.760705 | lrm: 1.00 | dt: 589.60ms | tok/sec: 91,180 | bf16_mfu: 0.00 | epoch: 1 pq: 1 rg: 32 | total time: 12.79m | eta: 24.7m
step 01307/03814 (34.27%) | loss: 3.764320 | lrm: 1.00 | dt: 584.04ms | tok/sec: 92,048 | bf16_mfu: 0.00 | epoch: 1 pq: 1 rg: 32 | total time: 12.80m | eta: 24.7m
step 01308/03814 (34.29%) | loss: 3.756570 | lrm: 1.00 | dt: 590.80ms | tok/sec: 90,995 | bf16_mfu: 0.00 | epoch: 1 pq: 1 rg: 33 | total time: 12.81m | eta: 24.7m
step 01309/03814 (34.32%) | loss: 3.772004 | lrm: 1.00 | dt: 592.32ms | tok/sec: 90,761 | bf16_mfu: 0.00 | epoch: 1 pq: 1 rg: 33 | total time: 12.82m | eta: 24.7m
step 01310/03814 (34.35%) | loss: 3.763435 | lrm: 1.00 | dt: 591.47ms | tok/sec: 90,891 | bf16_mfu: 0.00 | epoch: 1 pq: 1 rg: 33 | total time: 12.83m | eta: 24.7m
step 01311/03814 (34.37%) | loss: 3.783296 | lrm: 1.00 | dt: 594.38ms | tok/sec: 90,447 | bf16_mfu: 0.00 | epoch: 1 pq: 1 rg: 33 | total time: 12.84m | eta: 24.7m
step 01312/03814 (34.40%) | loss: 3.776818 | lrm: 1.00 | dt: 638.21ms | tok/sec: 84,235 | bf16_mfu: 0.00 | epoch: 1 pq: 1 rg: 33 | total time: 12.85m | eta: 24.7m
step 01313/03814 (34.43%) | loss: 3.777282 | lrm: 1.00 | dt: 585.90ms | tok/sec: 91,755 | bf16_mfu: 0.00 | epoch: 1 pq: 1 rg: 33 | total time: 12.86m | eta: 24.7m
step 01314/03814 (34.45%) | loss: 3.784032 | lrm: 1.00 | dt: 597.11ms | tok/sec: 90,033 | bf16_mfu: 0.00 | epoch: 1 pq: 1 rg: 33 | total time: 12.87m | eta: 24.7m
step 01315/03814 (34.48%) | loss: 3.767464 | lrm: 1.00 | dt: 583.79ms | tok/sec: 92,087 | bf16_mfu: 0.00 | epoch: 1 pq: 1 rg: 33 | total time: 12.88m | eta: 24.7m
step 01316/03814 (34.50%) | loss: 3.783756 | lrm: 1.00 | dt: 580.98ms | tok/sec: 92,533 | bf16_mfu: 0.00 | epoch: 1 pq: 1 rg: 33 | total time: 12.89m | eta: 24.6m
step 01317/03814 (34.53%) | loss: 3.792646 | lrm: 1.00 | dt: 588.10ms | tok/sec: 91,412 | bf16_mfu: 0.00 | epoch: 1 pq: 1 rg: 33 | total time: 12.90m | eta: 24.6m
step 01318/03814 (34.56%) | loss: 3.813615 | lrm: 1.00 | dt: 589.17ms | tok/sec: 91,247 | bf16_mfu: 0.00 | epoch: 1 pq: 1 rg: 33 | total time: 12.91m | eta: 24.6m
step 01319/03814 (34.58%) | loss: 3.791870 | lrm: 1.00 | dt: 655.34ms | tok/sec: 82,033 | bf16_mfu: 0.00 | epoch: 1 pq: 1 rg: 34 | total time: 12.92m | eta: 24.6m
step 01320/03814 (34.61%) | loss: 3.789483 | lrm: 1.00 | dt: 586.17ms | tok/sec: 91,713 | bf16_mfu: 0.00 | epoch: 1 pq: 1 rg: 34 | total time: 12.93m | eta: 24.6m
step 01321/03814 (34.64%) | loss: 3.804425 | lrm: 1.00 | dt: 576.68ms | tok/sec: 93,223 | bf16_mfu: 0.00 | epoch: 1 pq: 1 rg: 34 | total time: 12.94m | eta: 24.6m
step 01322/03814 (34.66%) | loss: 3.804013 | lrm: 1.00 | dt: 584.86ms | tok/sec: 91,918 | bf16_mfu: 0.00 | epoch: 1 pq: 1 rg: 34 | total time: 12.95m | eta: 24.6m
step 01323/03814 (34.69%) | loss: 3.789953 | lrm: 1.00 | dt: 587.66ms | tok/sec: 91,481 | bf16_mfu: 0.00 | epoch: 1 pq: 1 rg: 34 | total time: 12.96m | eta: 24.6m
step 01324/03814 (34.71%) | loss: 3.811832 | lrm: 1.00 | dt: 628.23ms | tok/sec: 85,573 | bf16_mfu: 0.00 | epoch: 1 pq: 1 rg: 34 | total time: 12.97m | eta: 24.6m
step 01325/03814 (34.74%) | loss: 3.801459 | lrm: 1.00 | dt: 587.80ms | tok/sec: 91,459 | bf16_mfu: 0.00 | epoch: 1 pq: 1 rg: 34 | total time: 12.98m | eta: 24.6m
step 01326/03814 (34.77%) | loss: 3.794097 | lrm: 1.00 | dt: 586.36ms | tok/sec: 91,684 | bf16_mfu: 0.00 | epoch: 1 pq: 1 rg: 34 | total time: 12.99m | eta: 24.6m
step 01327/03814 (34.79%) | loss: 3.795025 | lrm: 1.00 | dt: 587.44ms | tok/sec: 91,515 | bf16_mfu: 0.00 | epoch: 1 pq: 1 rg: 34 | total time: 13.00m | eta: 24.5m
step 01328/03814 (34.82%) | loss: 3.771831 | lrm: 1.00 | dt: 585.25ms | tok/sec: 91,858 | bf16_mfu: 0.00 | epoch: 1 pq: 1 rg: 34 | total time: 13.01m | eta: 24.5m
step 01329/03814 (34.85%) | loss: 3.764770 | lrm: 1.00 | dt: 588.11ms | tok/sec: 91,410 | bf16_mfu: 0.00 | epoch: 1 pq: 1 rg: 34 | total time: 13.01m | eta: 24.5m
step 01330/03814 (34.87%) | loss: 3.764871 | lrm: 1.00 | dt: 587.84ms | tok/sec: 91,453 | bf16_mfu: 0.00 | epoch: 1 pq: 1 rg: 34 | total time: 13.02m | eta: 24.5m
step 01331/03814 (34.90%) | loss: 3.772882 | lrm: 1.00 | dt: 688.41ms | tok/sec: 78,092 | bf16_mfu: 0.00 | epoch: 1 pq: 1 rg: 35 | total time: 13.04m | eta: 24.5m
step 01332/03814 (34.92%) | loss: 3.766304 | lrm: 1.00 | dt: 586.33ms | tok/sec: 91,689 | bf16_mfu: 0.00 | epoch: 1 pq: 1 rg: 35 | total time: 13.05m | eta: 24.5m
step 01333/03814 (34.95%) | loss: 3.765698 | lrm: 1.00 | dt: 589.35ms | tok/sec: 91,219 | bf16_mfu: 0.00 | epoch: 1 pq: 1 rg: 35 | total time: 13.06m | eta: 24.5m
step 01334/03814 (34.98%) | loss: 3.799679 | lrm: 1.00 | dt: 586.18ms | tok/sec: 91,713 | bf16_mfu: 0.00 | epoch: 1 pq: 1 rg: 35 | total time: 13.07m | eta: 24.5m
step 01335/03814 (35.00%) | loss: 3.792612 | lrm: 1.00 | dt: 586.01ms | tok/sec: 91,738 | bf16_mfu: 0.00 | epoch: 1 pq: 1 rg: 35 | total time: 13.08m | eta: 24.5m
step 01336/03814 (35.03%) | loss: 3.796067 | lrm: 1.00 | dt: 575.51ms | tok/sec: 93,413 | bf16_mfu: 0.00 | epoch: 1 pq: 1 rg: 35 | total time: 13.08m | eta: 24.5m
step 01337/03814 (35.06%) | loss: 3.795022 | lrm: 1.00 | dt: 580.19ms | tok/sec: 92,659 | bf16_mfu: 0.00 | epoch: 1 pq: 1 rg: 35 | total time: 13.09m | eta: 24.4m
step 01338/03814 (35.08%) | loss: 3.803058 | lrm: 1.00 | dt: 590.47ms | tok/sec: 91,046 | bf16_mfu: 0.00 | epoch: 1 pq: 1 rg: 35 | total time: 13.10m | eta: 24.4m
step 01339/03814 (35.11%) | loss: 3.802053 | lrm: 1.00 | dt: 582.54ms | tok/sec: 92,285 | bf16_mfu: 0.00 | epoch: 1 pq: 1 rg: 35 | total time: 13.11m | eta: 24.4m
step 01340/03814 (35.13%) | loss: 3.809412 | lrm: 1.00 | dt: 582.20ms | tok/sec: 92,339 | bf16_mfu: 0.00 | epoch: 1 pq: 1 rg: 35 | total time: 13.12m | eta: 24.4m
step 01341/03814 (35.16%) | loss: 3.811735 | lrm: 1.00 | dt: 573.85ms | tok/sec: 93,682 | bf16_mfu: 0.00 | epoch: 1 pq: 1 rg: 35 | total time: 13.13m | eta: 24.4m
step 01342/03814 (35.19%) | loss: 3.808991 | lrm: 1.00 | dt: 588.37ms | tok/sec: 91,371 | bf16_mfu: 0.00 | epoch: 1 pq: 1 rg: 35 | total time: 13.14m | eta: 24.4m
step 01343/03814 (35.21%) | loss: 3.826618 | lrm: 1.00 | dt: 596.43ms | tok/sec: 90,136 | bf16_mfu: 0.00 | epoch: 1 pq: 1 rg: 36 | total time: 13.15m | eta: 24.4m
step 01344/03814 (35.24%) | loss: 3.807708 | lrm: 1.00 | dt: 575.16ms | tok/sec: 93,469 | bf16_mfu: 0.00 | epoch: 1 pq: 1 rg: 36 | total time: 13.16m | eta: 24.4m
step 01345/03814 (35.26%) | loss: 3.784544 | lrm: 1.00 | dt: 584.54ms | tok/sec: 91,969 | bf16_mfu: 0.00 | epoch: 1 pq: 1 rg: 36 | total time: 13.17m | eta: 24.4m
step 01346/03814 (35.29%) | loss: 3.787997 | lrm: 1.00 | dt: 580.82ms | tok/sec: 92,558 | bf16_mfu: 0.00 | epoch: 1 pq: 1 rg: 36 | total time: 13.18m | eta: 24.4m
step 01347/03814 (35.32%) | loss: 3.793138 | lrm: 1.00 | dt: 575.00ms | tok/sec: 93,495 | bf16_mfu: 0.00 | epoch: 1 pq: 1 rg: 36 | total time: 13.19m | eta: 24.3m
step 01348/03814 (35.34%) | loss: 3.801037 | lrm: 1.00 | dt: 585.73ms | tok/sec: 91,783 | bf16_mfu: 0.00 | epoch: 1 pq: 1 rg: 36 | total time: 13.20m | eta: 24.3m
step 01349/03814 (35.37%) | loss: 3.794106 | lrm: 0.99 | dt: 579.17ms | tok/sec: 92,822 | bf16_mfu: 0.00 | epoch: 1 pq: 1 rg: 36 | total time: 13.21m | eta: 24.3m
step 01350/03814 (35.40%) | loss: 3.795041 | lrm: 0.99 | dt: 578.23ms | tok/sec: 92,972 | bf16_mfu: 0.00 | epoch: 1 pq: 1 rg: 36 | total time: 13.22m | eta: 24.3m
step 01351/03814 (35.42%) | loss: 3.776549 | lrm: 0.99 | dt: 586.65ms | tok/sec: 91,638 | bf16_mfu: 0.00 | epoch: 1 pq: 1 rg: 36 | total time: 13.23m | eta: 24.3m
step 01352/03814 (35.45%) | loss: 3.772807 | lrm: 0.99 | dt: 589.69ms | tok/sec: 91,166 | bf16_mfu: 0.00 | epoch: 1 pq: 1 rg: 36 | total time: 13.24m | eta: 24.3m
step 01353/03814 (35.47%) | loss: 3.793750 | lrm: 0.99 | dt: 583.44ms | tok/sec: 92,143 | bf16_mfu: 0.00 | epoch: 1 pq: 1 rg: 36 | total time: 13.25m | eta: 24.3m
step 01354/03814 (35.50%) | loss: 3.792224 | lrm: 0.99 | dt: 749.53ms | tok/sec: 71,724 | bf16_mfu: 0.00 | epoch: 1 pq: 1 rg: 37 | total time: 13.26m | eta: 24.3m
step 01355/03814 (35.53%) | loss: 3.784552 | lrm: 0.99 | dt: 585.49ms | tok/sec: 91,820 | bf16_mfu: 0.00 | epoch: 1 pq: 1 rg: 37 | total time: 13.27m | eta: 24.3m
step 01356/03814 (35.55%) | loss: 3.770388 | lrm: 0.99 | dt: 577.63ms | tok/sec: 93,069 | bf16_mfu: 0.00 | epoch: 1 pq: 1 rg: 37 | total time: 13.28m | eta: 24.3m
step 01357/03814 (35.58%) | loss: 3.775157 | lrm: 0.99 | dt: 578.72ms | tok/sec: 92,895 | bf16_mfu: 0.00 | epoch: 1 pq: 1 rg: 37 | total time: 13.29m | eta: 24.2m
step 01358/03814 (35.61%) | loss: 3.751989 | lrm: 0.99 | dt: 586.09ms | tok/sec: 91,726 | bf16_mfu: 0.00 | epoch: 1 pq: 1 rg: 37 | total time: 13.30m | eta: 24.2m
step 01359/03814 (35.63%) | loss: 3.755998 | lrm: 0.99 | dt: 584.38ms | tok/sec: 91,994 | bf16_mfu: 0.00 | epoch: 1 pq: 1 rg: 37 | total time: 13.31m | eta: 24.2m
step 01360/03814 (35.66%) | loss: 3.760344 | lrm: 0.99 | dt: 581.30ms | tok/sec: 92,482 | bf16_mfu: 0.00 | epoch: 1 pq: 1 rg: 37 | total time: 13.32m | eta: 24.2m
step 01361/03814 (35.68%) | loss: 3.749374 | lrm: 0.99 | dt: 575.84ms | tok/sec: 93,359 | bf16_mfu: 0.00 | epoch: 1 pq: 1 rg: 37 | total time: 13.33m | eta: 24.2m
step 01362/03814 (35.71%) | loss: 3.762031 | lrm: 0.99 | dt: 584.52ms | tok/sec: 91,972 | bf16_mfu: 0.00 | epoch: 1 pq: 1 rg: 37 | total time: 13.34m | eta: 24.2m
step 01363/03814 (35.74%) | loss: 3.770648 | lrm: 0.99 | dt: 577.29ms | tok/sec: 93,124 | bf16_mfu: 0.00 | epoch: 1 pq: 1 rg: 37 | total time: 13.35m | eta: 24.2m
step 01364/03814 (35.76%) | loss: 3.760525 | lrm: 0.99 | dt: 581.92ms | tok/sec: 92,383 | bf16_mfu: 0.00 | epoch: 1 pq: 1 rg: 37 | total time: 13.36m | eta: 24.2m
step 01365/03814 (35.79%) | loss: 3.748352 | lrm: 0.99 | dt: 586.36ms | tok/sec: 91,684 | bf16_mfu: 0.00 | epoch: 1 pq: 1 rg: 37 | total time: 13.37m | eta: 24.2m
step 01366/03814 (35.82%) | loss: 3.744339 | lrm: 0.99 | dt: 592.25ms | tok/sec: 90,771 | bf16_mfu: 0.00 | epoch: 1 pq: 1 rg: 38 | total time: 13.38m | eta: 24.2m
step 01367/03814 (35.84%) | loss: 3.738871 | lrm: 0.99 | dt: 583.70ms | tok/sec: 92,102 | bf16_mfu: 0.00 | epoch: 1 pq: 1 rg: 38 | total time: 13.39m | eta: 24.1m
step 01368/03814 (35.87%) | loss: 3.728738 | lrm: 0.99 | dt: 582.01ms | tok/sec: 92,369 | bf16_mfu: 0.00 | epoch: 1 pq: 1 rg: 38 | total time: 13.40m | eta: 24.1m
step 01369/03814 (35.89%) | loss: 3.740748 | lrm: 0.99 | dt: 575.57ms | tok/sec: 93,402 | bf16_mfu: 0.00 | epoch: 1 pq: 1 rg: 38 | total time: 13.41m | eta: 24.1m
step 01370/03814 (35.92%) | loss: 3.751602 | lrm: 0.99 | dt: 607.06ms | tok/sec: 88,558 | bf16_mfu: 0.00 | epoch: 1 pq: 1 rg: 38 | total time: 13.42m | eta: 24.1m
step 01371/03814 (35.95%) | loss: 3.743040 | lrm: 0.99 | dt: 584.36ms | tok/sec: 91,997 | bf16_mfu: 0.00 | epoch: 1 pq: 1 rg: 38 | total time: 13.43m | eta: 24.1m
step 01372/03814 (35.97%) | loss: 3.742708 | lrm: 0.99 | dt: 571.38ms | tok/sec: 94,087 | bf16_mfu: 0.00 | epoch: 1 pq: 1 rg: 38 | total time: 13.44m | eta: 24.1m
step 01373/03814 (36.00%) | loss: 3.745161 | lrm: 0.99 | dt: 586.38ms | tok/sec: 91,680 | bf16_mfu: 0.00 | epoch: 1 pq: 1 rg: 38 | total time: 13.45m | eta: 24.1m
step 01374/03814 (36.03%) | loss: 3.725900 | lrm: 0.99 | dt: 601.94ms | tok/sec: 89,310 | bf16_mfu: 0.00 | epoch: 1 pq: 1 rg: 38 | total time: 13.46m | eta: 24.1m
step 01375/03814 (36.05%) | loss: 3.727449 | lrm: 0.98 | dt: 573.81ms | tok/sec: 93,689 | bf16_mfu: 0.00 | epoch: 1 pq: 1 rg: 38 | total time: 13.47m | eta: 24.1m
step 01376/03814 (36.08%) | loss: 3.742925 | lrm: 0.98 | dt: 587.12ms | tok/sec: 91,564 | bf16_mfu: 0.00 | epoch: 1 pq: 1 rg: 38 | total time: 13.48m | eta: 24.1m
step 01377/03814 (36.10%) | loss: 3.729619 | lrm: 0.98 | dt: 621.81ms | tok/sec: 86,457 | bf16_mfu: 0.00 | epoch: 1 pq: 1 rg: 39 | total time: 13.49m | eta: 24.0m
step 01378/03814 (36.13%) | loss: 3.727275 | lrm: 0.98 | dt: 576.21ms | tok/sec: 93,300 | bf16_mfu: 0.00 | epoch: 1 pq: 1 rg: 39 | total time: 13.50m | eta: 24.0m
step 01379/03814 (36.16%) | loss: 3.736296 | lrm: 0.98 | dt: 583.49ms | tok/sec: 92,135 | bf16_mfu: 0.00 | epoch: 1 pq: 1 rg: 39 | total time: 13.51m | eta: 24.0m
step 01380/03814 (36.18%) | loss: 3.719998 | lrm: 0.98 | dt: 585.72ms | tok/sec: 91,784 | bf16_mfu: 0.00 | epoch: 1 pq: 1 rg: 39 | total time: 13.52m | eta: 24.0m
step 01381/03814 (36.21%) | loss: 3.706790 | lrm: 0.98 | dt: 588.63ms | tok/sec: 91,331 | bf16_mfu: 0.00 | epoch: 1 pq: 1 rg: 39 | total time: 13.53m | eta: 24.0m
step 01382/03814 (36.23%) | loss: 3.731862 | lrm: 0.98 | dt: 653.28ms | tok/sec: 82,293 | bf16_mfu: 0.00 | epoch: 1 pq: 1 rg: 39 | total time: 13.54m | eta: 24.0m
step 01383/03814 (36.26%) | loss: 3.743492 | lrm: 0.98 | dt: 591.84ms | tok/sec: 90,835 | bf16_mfu: 0.00 | epoch: 1 pq: 1 rg: 39 | total time: 13.55m | eta: 24.0m
step 01384/03814 (36.29%) | loss: 3.723640 | lrm: 0.98 | dt: 586.70ms | tok/sec: 91,631 | bf16_mfu: 0.00 | epoch: 1 pq: 1 rg: 39 | total time: 13.56m | eta: 24.0m
step 01385/03814 (36.31%) | loss: 3.718308 | lrm: 0.98 | dt: 586.51ms | tok/sec: 91,661 | bf16_mfu: 0.00 | epoch: 1 pq: 1 rg: 39 | total time: 13.57m | eta: 24.0m
step 01386/03814 (36.34%) | loss: 3.723771 | lrm: 0.98 | dt: 584.65ms | tok/sec: 91,951 | bf16_mfu: 0.00 | epoch: 1 pq: 1 rg: 39 | total time: 13.58m | eta: 24.0m
step 01387/03814 (36.37%) | loss: 3.727268 | lrm: 0.98 | dt: 668.61ms | tok/sec: 80,406 | bf16_mfu: 0.00 | epoch: 1 pq: 1 rg: 39 | total time: 13.59m | eta: 23.9m
step 01388/03814 (36.39%) | loss: 3.719690 | lrm: 0.98 | dt: 594.20ms | tok/sec: 90,474 | bf16_mfu: 0.00 | epoch: 1 pq: 1 rg: 39 | total time: 13.60m | eta: 23.9m
step 01389/03814 (36.42%) | loss: 3.722402 | lrm: 0.98 | dt: 642.07ms | tok/sec: 83,729 | bf16_mfu: 0.00 | epoch: 1 pq: 1 rg: 40 | total time: 13.61m | eta: 23.9m
step 01390/03814 (36.44%) | loss: 3.706807 | lrm: 0.98 | dt: 612.16ms | tok/sec: 87,820 | bf16_mfu: 0.00 | epoch: 1 pq: 1 rg: 40 | total time: 13.62m | eta: 23.9m
step 01391/03814 (36.47%) | loss: 3.701697 | lrm: 0.98 | dt: 589.26ms | tok/sec: 91,233 | bf16_mfu: 0.00 | epoch: 1 pq: 1 rg: 40 | total time: 13.63m | eta: 23.9m
step 01392/03814 (36.50%) | loss: 3.709278 | lrm: 0.98 | dt: 623.69ms | tok/sec: 86,197 | bf16_mfu: 0.00 | epoch: 1 pq: 1 rg: 40 | total time: 13.64m | eta: 23.9m
step 01393/03814 (36.52%) | loss: 3.684024 | lrm: 0.98 | dt: 591.19ms | tok/sec: 90,934 | bf16_mfu: 0.00 | epoch: 1 pq: 1 rg: 40 | total time: 13.65m | eta: 23.9m
step 01394/03814 (36.55%) | loss: 3.678478 | lrm: 0.98 | dt: 595.01ms | tok/sec: 90,351 | bf16_mfu: 0.00 | epoch: 1 pq: 1 rg: 40 | total time: 13.66m | eta: 23.9m
step 01395/03814 (36.58%) | loss: 3.667851 | lrm: 0.98 | dt: 577.06ms | tok/sec: 93,161 | bf16_mfu: 0.00 | epoch: 1 pq: 1 rg: 40 | total time: 13.67m | eta: 23.9m
step 01396/03814 (36.60%) | loss: 3.657761 | lrm: 0.98 | dt: 597.33ms | tok/sec: 90,000 | bf16_mfu: 0.00 | epoch: 1 pq: 1 rg: 40 | total time: 13.68m | eta: 23.9m
step 01397/03814 (36.63%) | loss: 3.648146 | lrm: 0.98 | dt: 587.89ms | tok/sec: 91,445 | bf16_mfu: 0.00 | epoch: 1 pq: 1 rg: 40 | total time: 13.69m | eta: 23.9m
step 01398/03814 (36.65%) | loss: 3.662780 | lrm: 0.98 | dt: 592.39ms | tok/sec: 90,751 | bf16_mfu: 0.00 | epoch: 1 pq: 1 rg: 40 | total time: 13.70m | eta: 23.8m
step 01399/03814 (36.68%) | loss: 3.657459 | lrm: 0.98 | dt: 590.32ms | tok/sec: 91,068 | bf16_mfu: 0.00 | epoch: 1 pq: 1 rg: 40 | total time: 13.71m | eta: 23.8m
step 01400/03814 (36.71%) | loss: 3.656367 | lrm: 0.98 | dt: 596.45ms | tok/sec: 90,133 | bf16_mfu: 0.00 | epoch: 1 pq: 1 rg: 40 | total time: 13.72m | eta: 23.8m
step 01401/03814 (36.73%) | loss: 3.668409 | lrm: 0.97 | dt: 675.96ms | tok/sec: 79,530 | bf16_mfu: 0.00 | epoch: 1 pq: 1 rg: 41 | total time: 13.73m | eta: 23.8m
step 01402/03814 (36.76%) | loss: 3.666484 | lrm: 0.97 | dt: 598.20ms | tok/sec: 89,869 | bf16_mfu: 0.00 | epoch: 1 pq: 1 rg: 41 | total time: 13.74m | eta: 23.8m
step 01403/03814 (36.79%) | loss: 3.677575 | lrm: 0.97 | dt: 590.92ms | tok/sec: 90,976 | bf16_mfu: 0.00 | epoch: 1 pq: 1 rg: 41 | total time: 13.75m | eta: 23.8m
step 01404/03814 (36.81%) | loss: 3.673714 | lrm: 0.97 | dt: 590.57ms | tok/sec: 91,030 | bf16_mfu: 0.00 | epoch: 1 pq: 1 rg: 41 | total time: 13.76m | eta: 23.8m
step 01405/03814 (36.84%) | loss: 3.690206 | lrm: 0.97 | dt: 601.83ms | tok/sec: 89,327 | bf16_mfu: 0.00 | epoch: 1 pq: 1 rg: 41 | total time: 13.77m | eta: 23.8m
step 01406/03814 (36.86%) | loss: 3.677529 | lrm: 0.97 | dt: 581.23ms | tok/sec: 92,493 | bf16_mfu: 0.00 | epoch: 1 pq: 1 rg: 41 | total time: 13.78m | eta: 23.8m
step 01407/03814 (36.89%) | loss: 3.689739 | lrm: 0.97 | dt: 595.56ms | tok/sec: 90,267 | bf16_mfu: 0.00 | epoch: 1 pq: 1 rg: 41 | total time: 13.79m | eta: 23.8m
step 01408/03814 (36.92%) | loss: 3.695843 | lrm: 0.97 | dt: 592.62ms | tok/sec: 90,716 | bf16_mfu: 0.00 | epoch: 1 pq: 1 rg: 41 | total time: 13.80m | eta: 23.7m
step 01409/03814 (36.94%) | loss: 3.685052 | lrm: 0.97 | dt: 597.92ms | tok/sec: 89,912 | bf16_mfu: 0.00 | epoch: 1 pq: 1 rg: 41 | total time: 13.81m | eta: 23.7m
step 01410/03814 (36.97%) | loss: 3.690320 | lrm: 0.97 | dt: 590.58ms | tok/sec: 91,029 | bf16_mfu: 0.00 | epoch: 1 pq: 1 rg: 41 | total time: 13.82m | eta: 23.7m
step 01411/03814 (37.00%) | loss: 3.689122 | lrm: 0.97 | dt: 590.04ms | tok/sec: 91,113 | bf16_mfu: 0.00 | epoch: 1 pq: 1 rg: 41 | total time: 13.83m | eta: 23.7m
step 01412/03814 (37.02%) | loss: 3.673954 | lrm: 0.97 | dt: 628.32ms | tok/sec: 85,561 | bf16_mfu: 0.00 | epoch: 1 pq: 1 rg: 42 | total time: 13.84m | eta: 23.7m
step 01413/03814 (37.05%) | loss: 3.681976 | lrm: 0.97 | dt: 602.68ms | tok/sec: 89,201 | bf16_mfu: 0.00 | epoch: 1 pq: 1 rg: 42 | total time: 13.85m | eta: 23.7m
step 01414/03814 (37.07%) | loss: 3.702843 | lrm: 0.97 | dt: 728.58ms | tok/sec: 73,787 | bf16_mfu: 0.00 | epoch: 1 pq: 1 rg: 42 | total time: 13.86m | eta: 23.7m
step 01415/03814 (37.10%) | loss: 3.712330 | lrm: 0.97 | dt: 591.57ms | tok/sec: 90,877 | bf16_mfu: 0.00 | epoch: 1 pq: 1 rg: 42 | total time: 13.87m | eta: 23.7m
step 01416/03814 (37.13%) | loss: 3.723809 | lrm: 0.97 | dt: 593.65ms | tok/sec: 90,558 | bf16_mfu: 0.00 | epoch: 1 pq: 1 rg: 42 | total time: 13.88m | eta: 23.7m
step 01417/03814 (37.15%) | loss: 3.720583 | lrm: 0.97 | dt: 601.94ms | tok/sec: 89,311 | bf16_mfu: 0.00 | epoch: 1 pq: 1 rg: 42 | total time: 13.89m | eta: 23.7m
step 01418/03814 (37.18%) | loss: 3.714759 | lrm: 0.97 | dt: 591.94ms | tok/sec: 90,820 | bf16_mfu: 0.00 | epoch: 1 pq: 1 rg: 42 | total time: 13.90m | eta: 23.7m
step 01419/03814 (37.21%) | loss: 3.708680 | lrm: 0.97 | dt: 595.23ms | tok/sec: 90,317 | bf16_mfu: 0.00 | epoch: 1 pq: 1 rg: 42 | total time: 13.91m | eta: 23.6m
step 01420/03814 (37.23%) | loss: 3.711588 | lrm: 0.97 | dt: 590.78ms | tok/sec: 90,998 | bf16_mfu: 0.00 | epoch: 1 pq: 1 rg: 42 | total time: 13.92m | eta: 23.6m
step 01421/03814 (37.26%) | loss: 3.704863 | lrm: 0.97 | dt: 589.47ms | tok/sec: 91,200 | bf16_mfu: 0.00 | epoch: 1 pq: 1 rg: 42 | total time: 13.93m | eta: 23.6m
step 01422/03814 (37.28%) | loss: 3.700755 | lrm: 0.97 | dt: 589.35ms | tok/sec: 91,218 | bf16_mfu: 0.00 | epoch: 1 pq: 1 rg: 42 | total time: 13.94m | eta: 23.6m
step 01423/03814 (37.31%) | loss: 3.702867 | lrm: 0.97 | dt: 611.82ms | tok/sec: 87,868 | bf16_mfu: 0.00 | epoch: 1 pq: 1 rg: 42 | total time: 13.95m | eta: 23.6m
step 01424/03814 (37.34%) | loss: 3.748950 | lrm: 0.97 | dt: 627.69ms | tok/sec: 85,647 | bf16_mfu: 0.00 | epoch: 1 pq: 1 rg: 43 | total time: 13.96m | eta: 23.6m
step 01425/03814 (37.36%) | loss: 3.742184 | lrm: 0.97 | dt: 601.44ms | tok/sec: 89,384 | bf16_mfu: 0.00 | epoch: 1 pq: 1 rg: 43 | total time: 13.97m | eta: 23.6m
step 01426/03814 (37.39%) | loss: 3.736206 | lrm: 0.97 | dt: 592.28ms | tok/sec: 90,768 | bf16_mfu: 0.00 | epoch: 1 pq: 1 rg: 43 | total time: 13.98m | eta: 23.6m
step 01427/03814 (37.41%) | loss: 3.737730 | lrm: 0.96 | dt: 593.80ms | tok/sec: 90,535 | bf16_mfu: 0.00 | epoch: 1 pq: 1 rg: 43 | total time: 13.99m | eta: 23.6m
step 01428/03814 (37.44%) | loss: 3.733453 | lrm: 0.96 | dt: 592.13ms | tok/sec: 90,790 | bf16_mfu: 0.00 | epoch: 1 pq: 1 rg: 43 | total time: 14.00m | eta: 23.6m
step 01429/03814 (37.47%) | loss: 3.732952 | lrm: 0.96 | dt: 585.98ms | tok/sec: 91,743 | bf16_mfu: 0.00 | epoch: 1 pq: 1 rg: 43 | total time: 14.01m | eta: 23.5m
step 01430/03814 (37.49%) | loss: 3.743745 | lrm: 0.96 | dt: 590.93ms | tok/sec: 90,975 | bf16_mfu: 0.00 | epoch: 1 pq: 1 rg: 43 | total time: 14.02m | eta: 23.5m
step 01431/03814 (37.52%) | loss: 3.727450 | lrm: 0.96 | dt: 601.25ms | tok/sec: 89,413 | bf16_mfu: 0.00 | epoch: 1 pq: 1 rg: 43 | total time: 14.03m | eta: 23.5m
step 01432/03814 (37.55%) | loss: 3.720180 | lrm: 0.96 | dt: 589.62ms | tok/sec: 91,176 | bf16_mfu: 0.00 | epoch: 1 pq: 1 rg: 43 | total time: 14.04m | eta: 23.5m
step 01433/03814 (37.57%) | loss: 3.721961 | lrm: 0.96 | dt: 587.69ms | tok/sec: 91,476 | bf16_mfu: 0.00 | epoch: 1 pq: 1 rg: 43 | total time: 14.05m | eta: 23.5m
step 01434/03814 (37.60%) | loss: 3.711514 | lrm: 0.96 | dt: 624.32ms | tok/sec: 86,109 | bf16_mfu: 0.00 | epoch: 1 pq: 1 rg: 43 | total time: 14.06m | eta: 23.5m
step 01435/03814 (37.62%) | loss: 3.697602 | lrm: 0.96 | dt: 577.65ms | tok/sec: 93,067 | bf16_mfu: 0.00 | epoch: 1 pq: 1 rg: 43 | total time: 14.07m | eta: 23.5m
step 01436/03814 (37.65%) | loss: 3.707286 | lrm: 0.96 | dt: 665.71ms | tok/sec: 80,755 | bf16_mfu: 0.00 | epoch: 1 pq: 1 rg: 44 | total time: 14.08m | eta: 23.5m
step 01437/03814 (37.68%) | loss: 3.706894 | lrm: 0.96 | dt: 589.44ms | tok/sec: 91,205 | bf16_mfu: 0.00 | epoch: 1 pq: 1 rg: 44 | total time: 14.09m | eta: 23.5m
step 01438/03814 (37.70%) | loss: 3.711098 | lrm: 0.96 | dt: 585.01ms | tok/sec: 91,895 | bf16_mfu: 0.00 | epoch: 1 pq: 1 rg: 44 | total time: 14.10m | eta: 23.5m
step 01439/03814 (37.73%) | loss: 3.723032 | lrm: 0.96 | dt: 588.80ms | tok/sec: 91,304 | bf16_mfu: 0.00 | epoch: 1 pq: 1 rg: 44 | total time: 14.11m | eta: 23.4m
step 01440/03814 (37.76%) | loss: 3.719326 | lrm: 0.96 | dt: 589.83ms | tok/sec: 91,145 | bf16_mfu: 0.00 | epoch: 1 pq: 1 rg: 44 | total time: 14.12m | eta: 23.4m
step 01441/03814 (37.78%) | loss: 3.712259 | lrm: 0.96 | dt: 586.15ms | tok/sec: 91,717 | bf16_mfu: 0.00 | epoch: 1 pq: 1 rg: 44 | total time: 14.13m | eta: 23.4m
step 01442/03814 (37.81%) | loss: 3.704208 | lrm: 0.96 | dt: 586.24ms | tok/sec: 91,703 | bf16_mfu: 0.00 | epoch: 1 pq: 1 rg: 44 | total time: 14.14m | eta: 23.4m
step 01443/03814 (37.83%) | loss: 3.701088 | lrm: 0.96 | dt: 591.15ms | tok/sec: 90,941 | bf16_mfu: 0.00 | epoch: 1 pq: 1 rg: 44 | total time: 14.15m | eta: 23.4m
step 01444/03814 (37.86%) | loss: 3.689818 | lrm: 0.96 | dt: 590.42ms | tok/sec: 91,054 | bf16_mfu: 0.00 | epoch: 1 pq: 1 rg: 44 | total time: 14.16m | eta: 23.4m
step 01445/03814 (37.89%) | loss: 3.716254 | lrm: 0.96 | dt: 589.89ms | tok/sec: 91,135 | bf16_mfu: 0.00 | epoch: 1 pq: 1 rg: 44 | total time: 14.17m | eta: 23.4m
step 01446/03814 (37.91%) | loss: 3.732693 | lrm: 0.96 | dt: 614.69ms | tok/sec: 87,458 | bf16_mfu: 0.00 | epoch: 1 pq: 1 rg: 44 | total time: 14.18m | eta: 23.4m
step 01447/03814 (37.94%) | loss: 3.722052 | lrm: 0.96 | dt: 615.99ms | tok/sec: 87,273 | bf16_mfu: 0.00 | epoch: 1 pq: 1 rg: 45 | total time: 14.19m | eta: 23.4m
step 01448/03814 (37.97%) | loss: 3.719537 | lrm: 0.96 | dt: 583.02ms | tok/sec: 92,209 | bf16_mfu: 0.00 | epoch: 1 pq: 1 rg: 45 | total time: 14.20m | eta: 23.4m
step 01449/03814 (37.99%) | loss: 3.731408 | lrm: 0.96 | dt: 583.07ms | tok/sec: 92,201 | bf16_mfu: 0.00 | epoch: 1 pq: 1 rg: 45 | total time: 14.21m | eta: 23.4m
step 01450/03814 (38.02%) | loss: 3.710568 | lrm: 0.96 | dt: 586.34ms | tok/sec: 91,687 | bf16_mfu: 0.00 | epoch: 1 pq: 1 rg: 45 | total time: 14.22m | eta: 23.3m
step 01451/03814 (38.04%) | loss: 3.713884 | lrm: 0.96 | dt: 589.14ms | tok/sec: 91,250 | bf16_mfu: 0.00 | epoch: 1 pq: 1 rg: 45 | total time: 14.23m | eta: 23.3m
step 01452/03814 (38.07%) | loss: 3.733921 | lrm: 0.96 | dt: 590.64ms | tok/sec: 91,020 | bf16_mfu: 0.00 | epoch: 1 pq: 1 rg: 45 | total time: 14.24m | eta: 23.3m
step 01453/03814 (38.10%) | loss: 3.707759 | lrm: 0.95 | dt: 581.34ms | tok/sec: 92,476 | bf16_mfu: 0.00 | epoch: 1 pq: 1 rg: 45 | total time: 14.25m | eta: 23.3m
step 01454/03814 (38.12%) | loss: 3.714679 | lrm: 0.95 | dt: 591.63ms | tok/sec: 90,867 | bf16_mfu: 0.00 | epoch: 1 pq: 1 rg: 45 | total time: 14.26m | eta: 23.3m
step 01455/03814 (38.15%) | loss: 3.719713 | lrm: 0.95 | dt: 621.00ms | tok/sec: 86,570 | bf16_mfu: 0.00 | epoch: 1 pq: 1 rg: 45 | total time: 14.27m | eta: 23.3m
step 01456/03814 (38.18%) | loss: 3.693334 | lrm: 0.95 | dt: 585.66ms | tok/sec: 91,794 | bf16_mfu: 0.00 | epoch: 1 pq: 1 rg: 45 | total time: 14.28m | eta: 23.3m
step 01457/03814 (38.20%) | loss: 3.698947 | lrm: 0.95 | dt: 587.81ms | tok/sec: 91,457 | bf16_mfu: 0.00 | epoch: 1 pq: 1 rg: 45 | total time: 14.29m | eta: 23.3m
step 01458/03814 (38.23%) | loss: 3.707904 | lrm: 0.95 | dt: 667.41ms | tok/sec: 80,549 | bf16_mfu: 0.00 | epoch: 1 pq: 1 rg: 45 | total time: 14.30m | eta: 23.3m
step 01459/03814 (38.25%) | loss: 3.686785 | lrm: 0.95 | dt: 655.78ms | tok/sec: 81,978 | bf16_mfu: 0.00 | epoch: 1 pq: 1 rg: 46 | total time: 14.31m | eta: 23.3m
step 01460/03814 (38.28%) | loss: 3.677453 | lrm: 0.95 | dt: 577.79ms | tok/sec: 93,044 | bf16_mfu: 0.00 | epoch: 1 pq: 1 rg: 46 | total time: 14.32m | eta: 23.2m
step 01461/03814 (38.31%) | loss: 3.698382 | lrm: 0.95 | dt: 585.47ms | tok/sec: 91,823 | bf16_mfu: 0.00 | epoch: 1 pq: 1 rg: 46 | total time: 14.33m | eta: 23.2m
step 01462/03814 (38.33%) | loss: 3.682090 | lrm: 0.95 | dt: 587.78ms | tok/sec: 91,463 | bf16_mfu: 0.00 | epoch: 1 pq: 1 rg: 46 | total time: 14.34m | eta: 23.2m
step 01463/03814 (38.36%) | loss: 3.696178 | lrm: 0.95 | dt: 586.18ms | tok/sec: 91,712 | bf16_mfu: 0.00 | epoch: 1 pq: 1 rg: 46 | total time: 14.35m | eta: 23.2m
step 01464/03814 (38.38%) | loss: 3.705717 | lrm: 0.95 | dt: 584.28ms | tok/sec: 92,011 | bf16_mfu: 0.00 | epoch: 1 pq: 1 rg: 46 | total time: 14.36m | eta: 23.2m
step 01465/03814 (38.41%) | loss: 3.712513 | lrm: 0.95 | dt: 586.85ms | tok/sec: 91,608 | bf16_mfu: 0.00 | epoch: 1 pq: 1 rg: 46 | total time: 14.37m | eta: 23.2m
step 01466/03814 (38.44%) | loss: 3.694953 | lrm: 0.95 | dt: 589.15ms | tok/sec: 91,250 | bf16_mfu: 0.00 | epoch: 1 pq: 1 rg: 46 | total time: 14.38m | eta: 23.2m
step 01467/03814 (38.46%) | loss: 3.709509 | lrm: 0.95 | dt: 586.32ms | tok/sec: 91,689 | bf16_mfu: 0.00 | epoch: 1 pq: 1 rg: 46 | total time: 14.39m | eta: 23.2m
step 01468/03814 (38.49%) | loss: 3.725860 | lrm: 0.95 | dt: 586.09ms | tok/sec: 91,726 | bf16_mfu: 0.00 | epoch: 1 pq: 1 rg: 46 | total time: 14.40m | eta: 23.2m
step 01469/03814 (38.52%) | loss: 3.703172 | lrm: 0.95 | dt: 589.33ms | tok/sec: 91,222 | bf16_mfu: 0.00 | epoch: 1 pq: 1 rg: 46 | total time: 14.41m | eta: 23.2m
step 01470/03814 (38.54%) | loss: 3.709572 | lrm: 0.95 | dt: 587.28ms | tok/sec: 91,540 | bf16_mfu: 0.00 | epoch: 1 pq: 1 rg: 46 | total time: 14.42m | eta: 23.1m
step 01471/03814 (38.57%) | loss: 3.698528 | lrm: 0.95 | dt: 644.90ms | tok/sec: 83,361 | bf16_mfu: 0.00 | epoch: 1 pq: 1 rg: 47 | total time: 14.43m | eta: 23.1m
step 01472/03814 (38.59%) | loss: 3.689768 | lrm: 0.95 | dt: 591.46ms | tok/sec: 90,893 | bf16_mfu: 0.00 | epoch: 1 pq: 1 rg: 47 | total time: 14.44m | eta: 23.1m
step 01473/03814 (38.62%) | loss: 3.687151 | lrm: 0.95 | dt: 588.44ms | tok/sec: 91,360 | bf16_mfu: 0.00 | epoch: 1 pq: 1 rg: 47 | total time: 14.45m | eta: 23.1m
step 01474/03814 (38.65%) | loss: 3.697419 | lrm: 0.95 | dt: 587.90ms | tok/sec: 91,444 | bf16_mfu: 0.00 | epoch: 1 pq: 1 rg: 47 | total time: 14.46m | eta: 23.1m
step 01475/03814 (38.67%) | loss: 3.690634 | lrm: 0.95 | dt: 585.49ms | tok/sec: 91,821 | bf16_mfu: 0.00 | epoch: 1 pq: 1 rg: 47 | total time: 14.47m | eta: 23.1m
step 01476/03814 (38.70%) | loss: 3.678870 | lrm: 0.95 | dt: 588.68ms | tok/sec: 91,322 | bf16_mfu: 0.00 | epoch: 1 pq: 1 rg: 47 | total time: 14.48m | eta: 23.1m
step 01477/03814 (38.73%) | loss: 3.688961 | lrm: 0.95 | dt: 593.23ms | tok/sec: 90,622 | bf16_mfu: 0.00 | epoch: 1 pq: 1 rg: 47 | total time: 14.49m | eta: 23.1m
step 01478/03814 (38.75%) | loss: 3.681558 | lrm: 0.95 | dt: 586.43ms | tok/sec: 91,673 | bf16_mfu: 0.00 | epoch: 1 pq: 1 rg: 47 | total time: 14.50m | eta: 23.1m
step 01479/03814 (38.78%) | loss: 3.662201 | lrm: 0.94 | dt: 585.05ms | tok/sec: 91,889 | bf16_mfu: 0.00 | epoch: 1 pq: 1 rg: 47 | total time: 14.51m | eta: 23.1m
step 01480/03814 (38.80%) | loss: 3.677230 | lrm: 0.94 | dt: 588.77ms | tok/sec: 91,308 | bf16_mfu: 0.00 | epoch: 1 pq: 1 rg: 47 | total time: 14.52m | eta: 23.0m
step 01481/03814 (38.83%) | loss: 3.691610 | lrm: 0.94 | dt: 588.08ms | tok/sec: 91,415 | bf16_mfu: 0.00 | epoch: 1 pq: 1 rg: 47 | total time: 14.52m | eta: 23.0m
step 01482/03814 (38.86%) | loss: 3.684380 | lrm: 0.94 | dt: 587.31ms | tok/sec: 91,535 | bf16_mfu: 0.00 | epoch: 1 pq: 1 rg: 47 | total time: 14.53m | eta: 23.0m
step 01483/03814 (38.88%) | loss: 3.691090 | lrm: 0.94 | dt: 610.34ms | tok/sec: 88,081 | bf16_mfu: 0.00 | epoch: 1 pq: 1 rg: 48 | total time: 14.54m | eta: 23.0m
step 01484/03814 (38.91%) | loss: 3.684227 | lrm: 0.94 | dt: 586.42ms | tok/sec: 91,674 | bf16_mfu: 0.00 | epoch: 1 pq: 1 rg: 48 | total time: 14.55m | eta: 23.0m
step 01485/03814 (38.94%) | loss: 3.683699 | lrm: 0.94 | dt: 587.23ms | tok/sec: 91,548 | bf16_mfu: 0.00 | epoch: 1 pq: 1 rg: 48 | total time: 14.56m | eta: 23.0m
step 01486/03814 (38.96%) | loss: 3.685192 | lrm: 0.94 | dt: 650.70ms | tok/sec: 82,619 | bf16_mfu: 0.00 | epoch: 1 pq: 1 rg: 48 | total time: 14.58m | eta: 23.0m
step 01487/03814 (38.99%) | loss: 3.688905 | lrm: 0.94 | dt: 592.39ms | tok/sec: 90,751 | bf16_mfu: 0.00 | epoch: 1 pq: 1 rg: 48 | total time: 14.59m | eta: 23.0m
step 01488/03814 (39.01%) | loss: 3.690721 | lrm: 0.94 | dt: 585.30ms | tok/sec: 91,850 | bf16_mfu: 0.00 | epoch: 1 pq: 1 rg: 48 | total time: 14.59m | eta: 23.0m
step 01489/03814 (39.04%) | loss: 3.696193 | lrm: 0.94 | dt: 599.56ms | tok/sec: 89,666 | bf16_mfu: 0.00 | epoch: 1 pq: 1 rg: 48 | total time: 14.60m | eta: 23.0m
step 01490/03814 (39.07%) | loss: 3.703347 | lrm: 0.94 | dt: 579.32ms | tok/sec: 92,798 | bf16_mfu: 0.00 | epoch: 1 pq: 1 rg: 48 | total time: 14.61m | eta: 22.9m
step 01491/03814 (39.09%) | loss: 3.694349 | lrm: 0.94 | dt: 583.29ms | tok/sec: 92,167 | bf16_mfu: 0.00 | epoch: 1 pq: 1 rg: 48 | total time: 14.62m | eta: 22.9m
step 01492/03814 (39.12%) | loss: 3.691998 | lrm: 0.94 | dt: 589.56ms | tok/sec: 91,187 | bf16_mfu: 0.00 | epoch: 1 pq: 1 rg: 48 | total time: 14.63m | eta: 22.9m
step 01493/03814 (39.15%) | loss: 3.709193 | lrm: 0.94 | dt: 585.33ms | tok/sec: 91,846 | bf16_mfu: 0.00 | epoch: 1 pq: 1 rg: 48 | total time: 14.64m | eta: 22.9m
step 01494/03814 (39.17%) | loss: 3.697829 | lrm: 0.94 | dt: 653.09ms | tok/sec: 82,316 | bf16_mfu: 0.00 | epoch: 1 pq: 1 rg: 49 | total time: 14.65m | eta: 22.9m
step 01495/03814 (39.20%) | loss: 3.695942 | lrm: 0.94 | dt: 583.68ms | tok/sec: 92,105 | bf16_mfu: 0.00 | epoch: 1 pq: 1 rg: 49 | total time: 14.66m | eta: 22.9m
step 01496/03814 (39.22%) | loss: 3.700399 | lrm: 0.94 | dt: 586.83ms | tok/sec: 91,611 | bf16_mfu: 0.00 | epoch: 1 pq: 1 rg: 49 | total time: 14.67m | eta: 22.9m
step 01497/03814 (39.25%) | loss: 3.689789 | lrm: 0.94 | dt: 587.44ms | tok/sec: 91,515 | bf16_mfu: 0.00 | epoch: 1 pq: 1 rg: 49 | total time: 14.68m | eta: 22.9m
step 01498/03814 (39.28%) | loss: 3.690127 | lrm: 0.94 | dt: 569.49ms | tok/sec: 94,400 | bf16_mfu: 0.00 | epoch: 1 pq: 1 rg: 49 | total time: 14.69m | eta: 22.9m
step 01499/03814 (39.30%) | loss: 3.703413 | lrm: 0.94 | dt: 590.05ms | tok/sec: 91,110 | bf16_mfu: 0.00 | epoch: 1 pq: 1 rg: 49 | total time: 14.70m | eta: 22.9m
Step 01500 | Validation bpb: 0.875115
step 01500/03814 (39.33%) | loss: 3.693433 | lrm: 0.94 | dt: 584.29ms | tok/sec: 92,009 | bf16_mfu: 0.00 | epoch: 1 pq: 1 rg: 49 | total time: 14.71m | eta: 22.8m
step 01501/03814 (39.36%) | loss: 3.696410 | lrm: 0.94 | dt: 565.86ms | tok/sec: 95,005 | bf16_mfu: 0.00 | epoch: 1 pq: 1 rg: 49 | total time: 14.72m | eta: 22.8m
step 01502/03814 (39.38%) | loss: 3.704401 | lrm: 0.94 | dt: 580.85ms | tok/sec: 92,554 | bf16_mfu: 0.00 | epoch: 1 pq: 1 rg: 49 | total time: 14.73m | eta: 22.8m
step 01503/03814 (39.41%) | loss: 3.679079 | lrm: 0.94 | dt: 582.84ms | tok/sec: 92,237 | bf16_mfu: 0.00 | epoch: 1 pq: 1 rg: 49 | total time: 14.74m | eta: 22.8m
step 01504/03814 (39.43%) | loss: 3.664782 | lrm: 0.94 | dt: 569.38ms | tok/sec: 94,417 | bf16_mfu: 0.00 | epoch: 1 pq: 1 rg: 49 | total time: 14.75m | eta: 22.8m
step 01505/03814 (39.46%) | loss: 3.661640 | lrm: 0.93 | dt: 568.37ms | tok/sec: 94,586 | bf16_mfu: 0.00 | epoch: 1 pq: 1 rg: 49 | total time: 14.76m | eta: 22.8m
step 01506/03814 (39.49%) | loss: 3.647293 | lrm: 0.93 | dt: 604.23ms | tok/sec: 88,972 | bf16_mfu: 0.00 | epoch: 1 pq: 1 rg: 50 | total time: 14.77m | eta: 22.8m
step 01507/03814 (39.51%) | loss: 3.640181 | lrm: 0.93 | dt: 572.15ms | tok/sec: 93,961 | bf16_mfu: 0.00 | epoch: 1 pq: 1 rg: 50 | total time: 14.78m | eta: 22.8m
step 01508/03814 (39.54%) | loss: 3.661202 | lrm: 0.93 | dt: 583.24ms | tok/sec: 92,174 | bf16_mfu: 0.00 | epoch: 1 pq: 1 rg: 50 | total time: 14.79m | eta: 22.8m
step 01509/03814 (39.56%) | loss: 3.661599 | lrm: 0.93 | dt: 572.35ms | tok/sec: 93,928 | bf16_mfu: 0.00 | epoch: 1 pq: 1 rg: 50 | total time: 14.80m | eta: 22.8m
step 01510/03814 (39.59%) | loss: 3.681895 | lrm: 0.93 | dt: 581.41ms | tok/sec: 92,464 | bf16_mfu: 0.00 | epoch: 1 pq: 1 rg: 50 | total time: 14.81m | eta: 22.7m
step 01511/03814 (39.62%) | loss: 3.689314 | lrm: 0.93 | dt: 566.56ms | tok/sec: 94,888 | bf16_mfu: 0.00 | epoch: 1 pq: 1 rg: 50 | total time: 14.82m | eta: 22.7m
step 01512/03814 (39.64%) | loss: 3.685832 | lrm: 0.93 | dt: 569.10ms | tok/sec: 94,465 | bf16_mfu: 0.00 | epoch: 1 pq: 1 rg: 50 | total time: 14.83m | eta: 22.7m
step 01513/03814 (39.67%) | loss: 3.667928 | lrm: 0.93 | dt: 569.41ms | tok/sec: 94,414 | bf16_mfu: 0.00 | epoch: 1 pq: 1 rg: 50 | total time: 14.84m | eta: 22.7m
step 01514/03814 (39.70%) | loss: 3.671978 | lrm: 0.93 | dt: 577.82ms | tok/sec: 93,039 | bf16_mfu: 0.00 | epoch: 1 pq: 1 rg: 50 | total time: 14.85m | eta: 22.7m
step 01515/03814 (39.72%) | loss: 3.658125 | lrm: 0.93 | dt: 570.55ms | tok/sec: 94,224 | bf16_mfu: 0.00 | epoch: 1 pq: 1 rg: 50 | total time: 14.86m | eta: 22.7m
step 01516/03814 (39.75%) | loss: 3.647977 | lrm: 0.93 | dt: 577.54ms | tok/sec: 93,085 | bf16_mfu: 0.00 | epoch: 1 pq: 1 rg: 50 | total time: 14.87m | eta: 22.7m
step 01517/03814 (39.77%) | loss: 3.649399 | lrm: 0.93 | dt: 574.21ms | tok/sec: 93,624 | bf16_mfu: 0.00 | epoch: 1 pq: 1 rg: 50 | total time: 14.88m | eta: 22.7m
step 01518/03814 (39.80%) | loss: 3.656092 | lrm: 0.93 | dt: 689.13ms | tok/sec: 78,011 | bf16_mfu: 0.00 | epoch: 1 pq: 1 rg: 51 | total time: 14.89m | eta: 22.7m
step 01519/03814 (39.83%) | loss: 3.638151 | lrm: 0.93 | dt: 573.22ms | tok/sec: 93,785 | bf16_mfu: 0.00 | epoch: 1 pq: 1 rg: 51 | total time: 14.90m | eta: 22.7m
step 01520/03814 (39.85%) | loss: 3.648353 | lrm: 0.93 | dt: 580.27ms | tok/sec: 92,645 | bf16_mfu: 0.00 | epoch: 1 pq: 1 rg: 51 | total time: 14.91m | eta: 22.6m
step 01521/03814 (39.88%) | loss: 3.656045 | lrm: 0.93 | dt: 575.42ms | tok/sec: 93,426 | bf16_mfu: 0.00 | epoch: 1 pq: 1 rg: 51 | total time: 14.92m | eta: 22.6m
step 01522/03814 (39.91%) | loss: 3.658270 | lrm: 0.93 | dt: 577.12ms | tok/sec: 93,152 | bf16_mfu: 0.00 | epoch: 1 pq: 1 rg: 51 | total time: 14.93m | eta: 22.6m
step 01523/03814 (39.93%) | loss: 3.651131 | lrm: 0.93 | dt: 568.18ms | tok/sec: 94,617 | bf16_mfu: 0.00 | epoch: 1 pq: 1 rg: 51 | total time: 14.94m | eta: 22.6m
step 01524/03814 (39.96%) | loss: 3.656583 | lrm: 0.93 | dt: 569.48ms | tok/sec: 94,402 | bf16_mfu: 0.00 | epoch: 1 pq: 1 rg: 51 | total time: 14.95m | eta: 22.6m
step 01525/03814 (39.98%) | loss: 3.669985 | lrm: 0.93 | dt: 603.30ms | tok/sec: 89,109 | bf16_mfu: 0.00 | epoch: 1 pq: 1 rg: 51 | total time: 14.96m | eta: 22.6m
step 01526/03814 (40.01%) | loss: 3.670594 | lrm: 0.93 | dt: 572.28ms | tok/sec: 93,940 | bf16_mfu: 0.00 | epoch: 1 pq: 1 rg: 51 | total time: 14.96m | eta: 22.6m
step 01527/03814 (40.04%) | loss: 3.687284 | lrm: 0.93 | dt: 581.17ms | tok/sec: 92,503 | bf16_mfu: 0.00 | epoch: 1 pq: 1 rg: 51 | total time: 14.97m | eta: 22.6m
step 01528/03814 (40.06%) | loss: 3.699568 | lrm: 0.93 | dt: 573.43ms | tok/sec: 93,751 | bf16_mfu: 0.00 | epoch: 1 pq: 1 rg: 51 | total time: 14.98m | eta: 22.6m
step 01529/03814 (40.09%) | loss: 3.683700 | lrm: 0.93 | dt: 620.29ms | tok/sec: 86,669 | bf16_mfu: 0.00 | epoch: 1 pq: 1 rg: 52 | total time: 14.99m | eta: 22.6m
step 01530/03814 (40.12%) | loss: 3.692563 | lrm: 0.93 | dt: 584.54ms | tok/sec: 91,969 | bf16_mfu: 0.00 | epoch: 1 pq: 1 rg: 52 | total time: 15.00m | eta: 22.5m
step 01531/03814 (40.14%) | loss: 3.692138 | lrm: 0.92 | dt: 573.13ms | tok/sec: 93,800 | bf16_mfu: 0.00 | epoch: 1 pq: 1 rg: 52 | total time: 15.01m | eta: 22.5m
step 01532/03814 (40.17%) | loss: 3.666489 | lrm: 0.92 | dt: 579.91ms | tok/sec: 92,703 | bf16_mfu: 0.00 | epoch: 1 pq: 1 rg: 52 | total time: 15.02m | eta: 22.5m
step 01533/03814 (40.19%) | loss: 3.676807 | lrm: 0.92 | dt: 573.74ms | tok/sec: 93,700 | bf16_mfu: 0.00 | epoch: 1 pq: 1 rg: 52 | total time: 15.03m | eta: 22.5m
step 01534/03814 (40.22%) | loss: 3.687138 | lrm: 0.92 | dt: 621.37ms | tok/sec: 86,517 | bf16_mfu: 0.00 | epoch: 1 pq: 1 rg: 52 | total time: 15.04m | eta: 22.5m
step 01535/03814 (40.25%) | loss: 3.668623 | lrm: 0.92 | dt: 582.49ms | tok/sec: 92,293 | bf16_mfu: 0.00 | epoch: 1 pq: 1 rg: 52 | total time: 15.05m | eta: 22.5m
step 01536/03814 (40.27%) | loss: 3.659836 | lrm: 0.92 | dt: 577.28ms | tok/sec: 93,126 | bf16_mfu: 0.00 | epoch: 1 pq: 1 rg: 52 | total time: 15.06m | eta: 22.5m
step 01537/03814 (40.30%) | loss: 3.667870 | lrm: 0.92 | dt: 625.57ms | tok/sec: 85,937 | bf16_mfu: 0.00 | epoch: 1 pq: 1 rg: 52 | total time: 15.07m | eta: 22.5m
step 01538/03814 (40.33%) | loss: 3.654969 | lrm: 0.92 | dt: 568.48ms | tok/sec: 94,568 | bf16_mfu: 0.00 | epoch: 1 pq: 1 rg: 52 | total time: 15.08m | eta: 22.5m
step 01539/03814 (40.35%) | loss: 3.642909 | lrm: 0.92 | dt: 575.49ms | tok/sec: 93,415 | bf16_mfu: 0.00 | epoch: 1 pq: 1 rg: 52 | total time: 15.09m | eta: 22.5m
step 01540/03814 (40.38%) | loss: 3.649748 | lrm: 0.92 | dt: 580.26ms | tok/sec: 92,647 | bf16_mfu: 0.00 | epoch: 1 pq: 1 rg: 52 | total time: 15.10m | eta: 22.4m
step 01541/03814 (40.40%) | loss: 3.648036 | lrm: 0.92 | dt: 648.55ms | tok/sec: 82,892 | bf16_mfu: 0.00 | epoch: 1 pq: 1 rg: 53 | total time: 15.11m | eta: 22.4m
step 01542/03814 (40.43%) | loss: 3.632598 | lrm: 0.92 | dt: 584.62ms | tok/sec: 91,957 | bf16_mfu: 0.00 | epoch: 1 pq: 1 rg: 53 | total time: 15.12m | eta: 22.4m
step 01543/03814 (40.46%) | loss: 3.642428 | lrm: 0.92 | dt: 570.59ms | tok/sec: 94,218 | bf16_mfu: 0.00 | epoch: 1 pq: 1 rg: 53 | total time: 15.13m | eta: 22.4m
step 01544/03814 (40.48%) | loss: 3.622611 | lrm: 0.92 | dt: 597.66ms | tok/sec: 89,950 | bf16_mfu: 0.00 | epoch: 1 pq: 1 rg: 53 | total time: 15.14m | eta: 22.4m
step 01545/03814 (40.51%) | loss: 3.611151 | lrm: 0.92 | dt: 575.02ms | tok/sec: 93,492 | bf16_mfu: 0.00 | epoch: 1 pq: 1 rg: 53 | total time: 15.15m | eta: 22.4m
step 01546/03814 (40.53%) | loss: 3.640756 | lrm: 0.92 | dt: 579.19ms | tok/sec: 92,820 | bf16_mfu: 0.00 | epoch: 1 pq: 1 rg: 53 | total time: 15.16m | eta: 22.4m
step 01547/03814 (40.56%) | loss: 3.656439 | lrm: 0.92 | dt: 591.50ms | tok/sec: 90,887 | bf16_mfu: 0.00 | epoch: 1 pq: 1 rg: 53 | total time: 15.17m | eta: 22.4m
step 01548/03814 (40.59%) | loss: 3.660488 | lrm: 0.92 | dt: 587.43ms | tok/sec: 91,516 | bf16_mfu: 0.00 | epoch: 1 pq: 1 rg: 53 | total time: 15.18m | eta: 22.4m
step 01549/03814 (40.61%) | loss: 3.678814 | lrm: 0.92 | dt: 572.89ms | tok/sec: 93,840 | bf16_mfu: 0.00 | epoch: 1 pq: 1 rg: 53 | total time: 15.19m | eta: 22.4m
step 01550/03814 (40.64%) | loss: 3.681067 | lrm: 0.92 | dt: 583.49ms | tok/sec: 92,135 | bf16_mfu: 0.00 | epoch: 1 pq: 1 rg: 53 | total time: 15.20m | eta: 22.3m
step 01551/03814 (40.67%) | loss: 3.657211 | lrm: 0.92 | dt: 587.28ms | tok/sec: 91,541 | bf16_mfu: 0.00 | epoch: 1 pq: 1 rg: 53 | total time: 15.21m | eta: 22.3m
step 01552/03814 (40.69%) | loss: 3.650326 | lrm: 0.92 | dt: 585.40ms | tok/sec: 91,834 | bf16_mfu: 0.00 | epoch: 1 pq: 1 rg: 53 | total time: 15.22m | eta: 22.3m
step 01553/03814 (40.72%) | loss: 3.656008 | lrm: 0.92 | dt: 888.71ms | tok/sec: 60,492 | bf16_mfu: 0.00 | epoch: 1 pq: 1 rg: 54 | total time: 15.23m | eta: 22.3m
step 01554/03814 (40.74%) | loss: 3.647567 | lrm: 0.92 | dt: 575.25ms | tok/sec: 93,455 | bf16_mfu: 0.00 | epoch: 1 pq: 1 rg: 54 | total time: 15.24m | eta: 22.3m
step 01555/03814 (40.77%) | loss: 3.654315 | lrm: 0.92 | dt: 580.50ms | tok/sec: 92,609 | bf16_mfu: 0.00 | epoch: 1 pq: 1 rg: 54 | total time: 15.25m | eta: 22.3m
step 01556/03814 (40.80%) | loss: 3.672195 | lrm: 0.92 | dt: 585.70ms | tok/sec: 91,787 | bf16_mfu: 0.00 | epoch: 1 pq: 1 rg: 54 | total time: 15.26m | eta: 22.3m
step 01557/03814 (40.82%) | loss: 3.653118 | lrm: 0.91 | dt: 921.70ms | tok/sec: 58,327 | bf16_mfu: 0.00 | epoch: 1 pq: 1 rg: 54 | total time: 15.28m | eta: 22.3m
step 01558/03814 (40.85%) | loss: 3.634469 | lrm: 0.91 | dt: 579.85ms | tok/sec: 92,713 | bf16_mfu: 0.00 | epoch: 1 pq: 1 rg: 54 | total time: 15.29m | eta: 22.3m
step 01559/03814 (40.88%) | loss: 3.648407 | lrm: 0.91 | dt: 577.44ms | tok/sec: 93,100 | bf16_mfu: 0.00 | epoch: 1 pq: 1 rg: 54 | total time: 15.30m | eta: 22.3m
step 01560/03814 (40.90%) | loss: 3.619173 | lrm: 0.91 | dt: 590.52ms | tok/sec: 91,038 | bf16_mfu: 0.00 | epoch: 1 pq: 1 rg: 54 | total time: 15.31m | eta: 22.3m
step 01561/03814 (40.93%) | loss: 3.611975 | lrm: 0.91 | dt: 573.12ms | tok/sec: 93,801 | bf16_mfu: 0.00 | epoch: 1 pq: 1 rg: 54 | total time: 15.32m | eta: 22.2m
step 01562/03814 (40.95%) | loss: 3.625778 | lrm: 0.91 | dt: 581.56ms | tok/sec: 92,440 | bf16_mfu: 0.00 | epoch: 1 pq: 1 rg: 54 | total time: 15.33m | eta: 22.2m
step 01563/03814 (40.98%) | loss: 3.640670 | lrm: 0.91 | dt: 582.91ms | tok/sec: 92,226 | bf16_mfu: 0.00 | epoch: 1 pq: 1 rg: 54 | total time: 15.34m | eta: 22.2m
step 01564/03814 (41.01%) | loss: 3.643745 | lrm: 0.91 | dt: 574.34ms | tok/sec: 93,602 | bf16_mfu: 0.00 | epoch: 1 pq: 1 rg: 54 | total time: 15.35m | eta: 22.2m
step 01565/03814 (41.03%) | loss: 3.634095 | lrm: 0.91 | dt: 584.22ms | tok/sec: 92,020 | bf16_mfu: 0.00 | epoch: 1 pq: 1 rg: 55 | total time: 15.36m | eta: 22.2m
step 01566/03814 (41.06%) | loss: 3.631580 | lrm: 0.91 | dt: 594.75ms | tok/sec: 90,390 | bf16_mfu: 0.00 | epoch: 1 pq: 1 rg: 55 | total time: 15.37m | eta: 22.2m
step 01567/03814 (41.09%) | loss: 3.634924 | lrm: 0.91 | dt: 580.95ms | tok/sec: 92,537 | bf16_mfu: 0.00 | epoch: 1 pq: 1 rg: 55 | total time: 15.38m | eta: 22.2m
step 01568/03814 (41.11%) | loss: 3.639263 | lrm: 0.91 | dt: 582.39ms | tok/sec: 92,308 | bf16_mfu: 0.00 | epoch: 1 pq: 1 rg: 55 | total time: 15.39m | eta: 22.2m
step 01569/03814 (41.14%) | loss: 3.640809 | lrm: 0.91 | dt: 577.11ms | tok/sec: 93,153 | bf16_mfu: 0.00 | epoch: 1 pq: 1 rg: 55 | total time: 15.39m | eta: 22.2m
step 01570/03814 (41.16%) | loss: 3.613272 | lrm: 0.91 | dt: 584.66ms | tok/sec: 91,950 | bf16_mfu: 0.00 | epoch: 1 pq: 1 rg: 55 | total time: 15.40m | eta: 22.2m
step 01571/03814 (41.19%) | loss: 3.630438 | lrm: 0.91 | dt: 583.22ms | tok/sec: 92,178 | bf16_mfu: 0.00 | epoch: 1 pq: 1 rg: 55 | total time: 15.41m | eta: 22.1m
step 01572/03814 (41.22%) | loss: 3.637765 | lrm: 0.91 | dt: 576.79ms | tok/sec: 93,205 | bf16_mfu: 0.00 | epoch: 1 pq: 1 rg: 55 | total time: 15.42m | eta: 22.1m
step 01573/03814 (41.24%) | loss: 3.640724 | lrm: 0.91 | dt: 585.09ms | tok/sec: 91,882 | bf16_mfu: 0.00 | epoch: 1 pq: 1 rg: 55 | total time: 15.43m | eta: 22.1m
step 01574/03814 (41.27%) | loss: 3.657846 | lrm: 0.91 | dt: 586.28ms | tok/sec: 91,696 | bf16_mfu: 0.00 | epoch: 1 pq: 1 rg: 55 | total time: 15.44m | eta: 22.1m
step 01575/03814 (41.30%) | loss: 3.654118 | lrm: 0.91 | dt: 582.31ms | tok/sec: 92,322 | bf16_mfu: 0.00 | epoch: 1 pq: 1 rg: 55 | total time: 15.45m | eta: 22.1m
step 01576/03814 (41.32%) | loss: 3.667812 | lrm: 0.91 | dt: 574.54ms | tok/sec: 93,570 | bf16_mfu: 0.00 | epoch: 1 pq: 1 rg: 55 | total time: 15.46m | eta: 22.1m
step 01577/03814 (41.35%) | loss: 3.666403 | lrm: 0.91 | dt: 670.07ms | tok/sec: 80,230 | bf16_mfu: 0.00 | epoch: 1 pq: 1 rg: 56 | total time: 15.47m | eta: 22.1m
step 01578/03814 (41.37%) | loss: 3.655447 | lrm: 0.91 | dt: 608.65ms | tok/sec: 88,326 | bf16_mfu: 0.00 | epoch: 1 pq: 1 rg: 56 | total time: 15.48m | eta: 22.1m
step 01579/03814 (41.40%) | loss: 3.649273 | lrm: 0.91 | dt: 584.62ms | tok/sec: 91,956 | bf16_mfu: 0.00 | epoch: 1 pq: 1 rg: 56 | total time: 15.49m | eta: 22.1m
step 01580/03814 (41.43%) | loss: 3.662299 | lrm: 0.91 | dt: 587.57ms | tok/sec: 91,495 | bf16_mfu: 0.00 | epoch: 1 pq: 1 rg: 56 | total time: 15.50m | eta: 22.1m
step 01581/03814 (41.45%) | loss: 3.661265 | lrm: 0.91 | dt: 589.11ms | tok/sec: 91,256 | bf16_mfu: 0.00 | epoch: 1 pq: 1 rg: 56 | total time: 15.51m | eta: 22.1m
step 01582/03814 (41.48%) | loss: 3.649259 | lrm: 0.91 | dt: 588.03ms | tok/sec: 91,423 | bf16_mfu: 0.00 | epoch: 1 pq: 1 rg: 56 | total time: 15.52m | eta: 22.0m
step 01583/03814 (41.50%) | loss: 3.657781 | lrm: 0.90 | dt: 587.19ms | tok/sec: 91,554 | bf16_mfu: 0.00 | epoch: 1 pq: 1 rg: 56 | total time: 15.53m | eta: 22.0m
step 01584/03814 (41.53%) | loss: 3.659061 | lrm: 0.90 | dt: 577.72ms | tok/sec: 93,054 | bf16_mfu: 0.00 | epoch: 1 pq: 1 rg: 56 | total time: 15.54m | eta: 22.0m
step 01585/03814 (41.56%) | loss: 3.645312 | lrm: 0.90 | dt: 578.85ms | tok/sec: 92,874 | bf16_mfu: 0.00 | epoch: 1 pq: 1 rg: 56 | total time: 15.55m | eta: 22.0m
step 01586/03814 (41.58%) | loss: 3.648126 | lrm: 0.90 | dt: 649.56ms | tok/sec: 82,763 | bf16_mfu: 0.00 | epoch: 1 pq: 1 rg: 56 | total time: 15.56m | eta: 22.0m
step 01587/03814 (41.61%) | loss: 3.666295 | lrm: 0.90 | dt: 587.65ms | tok/sec: 91,482 | bf16_mfu: 0.00 | epoch: 1 pq: 1 rg: 56 | total time: 15.57m | eta: 22.0m
step 01588/03814 (41.64%) | loss: 3.665771 | lrm: 0.90 | dt: 588.97ms | tok/sec: 91,278 | bf16_mfu: 0.00 | epoch: 1 pq: 1 rg: 56 | total time: 15.58m | eta: 22.0m
step 01589/03814 (41.66%) | loss: 3.683117 | lrm: 0.90 | dt: 584.97ms | tok/sec: 91,902 | bf16_mfu: 0.00 | epoch: 1 pq: 1 rg: 57 | total time: 15.59m | eta: 22.0m
step 01590/03814 (41.69%) | loss: 3.682871 | lrm: 0.90 | dt: 583.04ms | tok/sec: 92,205 | bf16_mfu: 0.00 | epoch: 1 pq: 1 rg: 57 | total time: 15.60m | eta: 22.0m
step 01591/03814 (41.71%) | loss: 3.678148 | lrm: 0.90 | dt: 576.34ms | tok/sec: 93,278 | bf16_mfu: 0.00 | epoch: 1 pq: 1 rg: 57 | total time: 15.61m | eta: 22.0m
step 01592/03814 (41.74%) | loss: 3.659199 | lrm: 0.90 | dt: 585.59ms | tok/sec: 91,804 | bf16_mfu: 0.00 | epoch: 1 pq: 1 rg: 57 | total time: 15.62m | eta: 21.9m
step 01593/03814 (41.77%) | loss: 3.649931 | lrm: 0.90 | dt: 570.62ms | tok/sec: 94,213 | bf16_mfu: 0.00 | epoch: 1 pq: 1 rg: 57 | total time: 15.63m | eta: 21.9m
step 01594/03814 (41.79%) | loss: 3.651362 | lrm: 0.90 | dt: 586.02ms | tok/sec: 91,738 | bf16_mfu: 0.00 | epoch: 1 pq: 1 rg: 57 | total time: 15.64m | eta: 21.9m
step 01595/03814 (41.82%) | loss: 3.655284 | lrm: 0.90 | dt: 588.75ms | tok/sec: 91,312 | bf16_mfu: 0.00 | epoch: 1 pq: 1 rg: 57 | total time: 15.65m | eta: 21.9m
step 01596/03814 (41.85%) | loss: 3.660412 | lrm: 0.90 | dt: 587.61ms | tok/sec: 91,488 | bf16_mfu: 0.00 | epoch: 1 pq: 1 rg: 57 | total time: 15.66m | eta: 21.9m
step 01597/03814 (41.87%) | loss: 3.650368 | lrm: 0.90 | dt: 586.97ms | tok/sec: 91,589 | bf16_mfu: 0.00 | epoch: 1 pq: 1 rg: 57 | total time: 15.67m | eta: 21.9m
step 01598/03814 (41.90%) | loss: 3.651902 | lrm: 0.90 | dt: 587.21ms | tok/sec: 91,551 | bf16_mfu: 0.00 | epoch: 1 pq: 1 rg: 57 | total time: 15.68m | eta: 21.9m
step 01599/03814 (41.92%) | loss: 3.657590 | lrm: 0.90 | dt: 587.98ms | tok/sec: 91,431 | bf16_mfu: 0.00 | epoch: 1 pq: 1 rg: 57 | total time: 15.69m | eta: 21.9m
step 01600/03814 (41.95%) | loss: 3.651763 | lrm: 0.90 | dt: 749.64ms | tok/sec: 71,714 | bf16_mfu: 0.00 | epoch: 1 pq: 1 rg: 58 | total time: 15.70m | eta: 21.9m
step 01601/03814 (41.98%) | loss: 3.654463 | lrm: 0.90 | dt: 584.68ms | tok/sec: 91,947 | bf16_mfu: 0.00 | epoch: 1 pq: 1 rg: 58 | total time: 15.71m | eta: 21.9m
step 01602/03814 (42.00%) | loss: 3.664539 | lrm: 0.90 | dt: 688.00ms | tok/sec: 78,139 | bf16_mfu: 0.00 | epoch: 1 pq: 1 rg: 58 | total time: 15.72m | eta: 21.8m
step 01603/03814 (42.03%) | loss: 3.658282 | lrm: 0.90 | dt: 585.10ms | tok/sec: 91,881 | bf16_mfu: 0.00 | epoch: 1 pq: 1 rg: 58 | total time: 15.73m | eta: 21.8m
step 01604/03814 (42.06%) | loss: 3.655084 | lrm: 0.90 | dt: 571.98ms | tok/sec: 93,989 | bf16_mfu: 0.00 | epoch: 1 pq: 1 rg: 58 | total time: 15.74m | eta: 21.8m
step 01605/03814 (42.08%) | loss: 3.668734 | lrm: 0.90 | dt: 584.72ms | tok/sec: 91,942 | bf16_mfu: 0.00 | epoch: 1 pq: 1 rg: 58 | total time: 15.75m | eta: 21.8m
step 01606/03814 (42.11%) | loss: 3.661535 | lrm: 0.90 | dt: 584.81ms | tok/sec: 91,928 | bf16_mfu: 0.00 | epoch: 1 pq: 1 rg: 58 | total time: 15.76m | eta: 21.8m
step 01607/03814 (42.13%) | loss: 3.630620 | lrm: 0.90 | dt: 572.23ms | tok/sec: 93,948 | bf16_mfu: 0.00 | epoch: 1 pq: 1 rg: 58 | total time: 15.77m | eta: 21.8m
step 01608/03814 (42.16%) | loss: 3.648760 | lrm: 0.90 | dt: 584.48ms | tok/sec: 91,979 | bf16_mfu: 0.00 | epoch: 1 pq: 1 rg: 58 | total time: 15.78m | eta: 21.8m
step 01609/03814 (42.19%) | loss: 3.645391 | lrm: 0.89 | dt: 608.78ms | tok/sec: 88,308 | bf16_mfu: 0.00 | epoch: 1 pq: 1 rg: 58 | total time: 15.79m | eta: 21.8m
step 01610/03814 (42.21%) | loss: 3.631739 | lrm: 0.89 | dt: 586.50ms | tok/sec: 91,663 | bf16_mfu: 0.00 | epoch: 1 pq: 1 rg: 58 | total time: 15.80m | eta: 21.8m
step 01611/03814 (42.24%) | loss: 3.646506 | lrm: 0.89 | dt: 572.78ms | tok/sec: 93,857 | bf16_mfu: 0.00 | epoch: 1 pq: 1 rg: 58 | total time: 15.81m | eta: 21.8m
step 01612/03814 (42.27%) | loss: 3.658972 | lrm: 0.89 | dt: 584.69ms | tok/sec: 91,946 | bf16_mfu: 0.00 | epoch: 1 pq: 1 rg: 59 | total time: 15.82m | eta: 21.7m
step 01613/03814 (42.29%) | loss: 3.632606 | lrm: 0.89 | dt: 583.18ms | tok/sec: 92,184 | bf16_mfu: 0.00 | epoch: 1 pq: 1 rg: 59 | total time: 15.83m | eta: 21.7m
step 01614/03814 (42.32%) | loss: 3.625324 | lrm: 0.89 | dt: 582.41ms | tok/sec: 92,306 | bf16_mfu: 0.00 | epoch: 1 pq: 1 rg: 59 | total time: 15.84m | eta: 21.7m
step 01615/03814 (42.34%) | loss: 3.636694 | lrm: 0.89 | dt: 575.71ms | tok/sec: 93,380 | bf16_mfu: 0.00 | epoch: 1 pq: 1 rg: 59 | total time: 15.85m | eta: 21.7m
step 01616/03814 (42.37%) | loss: 3.627408 | lrm: 0.89 | dt: 662.13ms | tok/sec: 81,192 | bf16_mfu: 0.00 | epoch: 1 pq: 1 rg: 59 | total time: 15.86m | eta: 21.7m
step 01617/03814 (42.40%) | loss: 3.622501 | lrm: 0.89 | dt: 590.65ms | tok/sec: 91,018 | bf16_mfu: 0.00 | epoch: 1 pq: 1 rg: 59 | total time: 15.87m | eta: 21.7m
step 01618/03814 (42.42%) | loss: 3.621797 | lrm: 0.89 | dt: 585.36ms | tok/sec: 91,841 | bf16_mfu: 0.00 | epoch: 1 pq: 1 rg: 59 | total time: 15.88m | eta: 21.7m
step 01619/03814 (42.45%) | loss: 3.626482 | lrm: 0.89 | dt: 582.54ms | tok/sec: 92,286 | bf16_mfu: 0.00 | epoch: 1 pq: 1 rg: 59 | total time: 15.89m | eta: 21.7m
step 01620/03814 (42.48%) | loss: 3.626755 | lrm: 0.89 | dt: 573.92ms | tok/sec: 93,671 | bf16_mfu: 0.00 | epoch: 1 pq: 1 rg: 59 | total time: 15.90m | eta: 21.7m
step 01621/03814 (42.50%) | loss: 3.653478 | lrm: 0.89 | dt: 585.97ms | tok/sec: 91,744 | bf16_mfu: 0.00 | epoch: 1 pq: 1 rg: 59 | total time: 15.91m | eta: 21.7m
step 01622/03814 (42.53%) | loss: 3.649125 | lrm: 0.89 | dt: 596.49ms | tok/sec: 90,126 | bf16_mfu: 0.00 | epoch: 1 pq: 1 rg: 59 | total time: 15.92m | eta: 21.6m
step 01623/03814 (42.55%) | loss: 3.633592 | lrm: 0.89 | dt: 659.73ms | tok/sec: 81,487 | bf16_mfu: 0.00 | epoch: 1 pq: 1 rg: 60 | total time: 15.93m | eta: 21.6m
step 01624/03814 (42.58%) | loss: 3.632716 | lrm: 0.89 | dt: 588.03ms | tok/sec: 91,423 | bf16_mfu: 0.00 | epoch: 1 pq: 1 rg: 60 | total time: 15.94m | eta: 21.6m
step 01625/03814 (42.61%) | loss: 3.630361 | lrm: 0.89 | dt: 584.95ms | tok/sec: 91,906 | bf16_mfu: 0.00 | epoch: 1 pq: 1 rg: 60 | total time: 15.95m | eta: 21.6m
step 01626/03814 (42.63%) | loss: 3.619896 | lrm: 0.89 | dt: 584.65ms | tok/sec: 91,952 | bf16_mfu: 0.00 | epoch: 1 pq: 1 rg: 60 | total time: 15.96m | eta: 21.6m
step 01627/03814 (42.66%) | loss: 3.601563 | lrm: 0.89 | dt: 585.12ms | tok/sec: 91,878 | bf16_mfu: 0.00 | epoch: 1 pq: 1 rg: 60 | total time: 15.97m | eta: 21.6m
step 01628/03814 (42.68%) | loss: 3.596573 | lrm: 0.89 | dt: 576.18ms | tok/sec: 93,304 | bf16_mfu: 0.00 | epoch: 1 pq: 1 rg: 60 | total time: 15.98m | eta: 21.6m
step 01629/03814 (42.71%) | loss: 3.596815 | lrm: 0.89 | dt: 586.62ms | tok/sec: 91,643 | bf16_mfu: 0.00 | epoch: 1 pq: 1 rg: 60 | total time: 15.99m | eta: 21.6m
step 01630/03814 (42.74%) | loss: 3.580113 | lrm: 0.89 | dt: 635.45ms | tok/sec: 84,600 | bf16_mfu: 0.00 | epoch: 1 pq: 1 rg: 60 | total time: 16.00m | eta: 21.6m
step 01631/03814 (42.76%) | loss: 3.567150 | lrm: 0.89 | dt: 577.21ms | tok/sec: 93,137 | bf16_mfu: 0.00 | epoch: 1 pq: 1 rg: 60 | total time: 16.01m | eta: 21.6m
step 01632/03814 (42.79%) | loss: 3.564879 | lrm: 0.89 | dt: 585.24ms | tok/sec: 91,859 | bf16_mfu: 0.00 | epoch: 1 pq: 1 rg: 60 | total time: 16.02m | eta: 21.5m
step 01633/03814 (42.82%) | loss: 3.581670 | lrm: 0.89 | dt: 585.53ms | tok/sec: 91,814 | bf16_mfu: 0.00 | epoch: 1 pq: 1 rg: 60 | total time: 16.03m | eta: 21.5m
step 01634/03814 (42.84%) | loss: 3.586854 | lrm: 0.89 | dt: 585.92ms | tok/sec: 91,752 | bf16_mfu: 0.00 | epoch: 1 pq: 1 rg: 60 | total time: 16.04m | eta: 21.5m
step 01635/03814 (42.87%) | loss: 3.587213 | lrm: 0.89 | dt: 603.61ms | tok/sec: 89,063 | bf16_mfu: 0.00 | epoch: 1 pq: 1 rg: 61 | total time: 16.05m | eta: 21.5m
step 01636/03814 (42.89%) | loss: 3.584354 | lrm: 0.88 | dt: 578.75ms | tok/sec: 92,890 | bf16_mfu: 0.00 | epoch: 1 pq: 1 rg: 61 | total time: 16.06m | eta: 21.5m
step 01637/03814 (42.92%) | loss: 3.579185 | lrm: 0.88 | dt: 583.99ms | tok/sec: 92,056 | bf16_mfu: 0.00 | epoch: 1 pq: 1 rg: 61 | total time: 16.07m | eta: 21.5m
step 01638/03814 (42.95%) | loss: 3.571262 | lrm: 0.88 | dt: 585.62ms | tok/sec: 91,799 | bf16_mfu: 0.00 | epoch: 1 pq: 1 rg: 61 | total time: 16.08m | eta: 21.5m
step 01639/03814 (42.97%) | loss: 3.568063 | lrm: 0.88 | dt: 585.50ms | tok/sec: 91,818 | bf16_mfu: 0.00 | epoch: 1 pq: 1 rg: 61 | total time: 16.09m | eta: 21.5m
step 01640/03814 (43.00%) | loss: 3.554224 | lrm: 0.88 | dt: 585.32ms | tok/sec: 91,847 | bf16_mfu: 0.00 | epoch: 1 pq: 1 rg: 61 | total time: 16.10m | eta: 21.5m
step 01641/03814 (43.03%) | loss: 3.565083 | lrm: 0.88 | dt: 588.18ms | tok/sec: 91,401 | bf16_mfu: 0.00 | epoch: 1 pq: 1 rg: 61 | total time: 16.11m | eta: 21.5m
step 01642/03814 (43.05%) | loss: 3.580007 | lrm: 0.88 | dt: 585.18ms | tok/sec: 91,869 | bf16_mfu: 0.00 | epoch: 1 pq: 1 rg: 61 | total time: 16.12m | eta: 21.4m
step 01643/03814 (43.08%) | loss: 3.572421 | lrm: 0.88 | dt: 583.12ms | tok/sec: 92,194 | bf16_mfu: 0.00 | epoch: 1 pq: 1 rg: 61 | total time: 16.13m | eta: 21.4m
step 01644/03814 (43.10%) | loss: 3.558887 | lrm: 0.88 | dt: 590.22ms | tok/sec: 91,084 | bf16_mfu: 0.00 | epoch: 1 pq: 1 rg: 61 | total time: 16.14m | eta: 21.4m
step 01645/03814 (43.13%) | loss: 3.570332 | lrm: 0.88 | dt: 590.24ms | tok/sec: 91,081 | bf16_mfu: 0.00 | epoch: 1 pq: 1 rg: 61 | total time: 16.15m | eta: 21.4m
step 01646/03814 (43.16%) | loss: 3.592828 | lrm: 0.88 | dt: 587.86ms | tok/sec: 91,450 | bf16_mfu: 0.00 | epoch: 1 pq: 1 rg: 62 | total time: 16.16m | eta: 21.4m
step 01647/03814 (43.18%) | loss: 3.574445 | lrm: 0.88 | dt: 586.43ms | tok/sec: 91,672 | bf16_mfu: 0.00 | epoch: 1 pq: 1 rg: 62 | total time: 16.17m | eta: 21.4m
step 01648/03814 (43.21%) | loss: 3.588032 | lrm: 0.88 | dt: 586.33ms | tok/sec: 91,688 | bf16_mfu: 0.00 | epoch: 1 pq: 1 rg: 62 | total time: 16.18m | eta: 21.4m
step 01649/03814 (43.24%) | loss: 3.589617 | lrm: 0.88 | dt: 589.90ms | tok/sec: 91,134 | bf16_mfu: 0.00 | epoch: 1 pq: 1 rg: 62 | total time: 16.19m | eta: 21.4m
step 01650/03814 (43.26%) | loss: 3.583104 | lrm: 0.88 | dt: 585.38ms | tok/sec: 91,837 | bf16_mfu: 0.00 | epoch: 1 pq: 1 rg: 62 | total time: 16.19m | eta: 21.4m
step 01651/03814 (43.29%) | loss: 3.577654 | lrm: 0.88 | dt: 587.27ms | tok/sec: 91,541 | bf16_mfu: 0.00 | epoch: 1 pq: 1 rg: 62 | total time: 16.20m | eta: 21.4m
step 01652/03814 (43.31%) | loss: 3.577570 | lrm: 0.88 | dt: 587.08ms | tok/sec: 91,571 | bf16_mfu: 0.00 | epoch: 1 pq: 1 rg: 62 | total time: 16.21m | eta: 21.3m
step 01653/03814 (43.34%) | loss: 3.564076 | lrm: 0.88 | dt: 586.71ms | tok/sec: 91,630 | bf16_mfu: 0.00 | epoch: 1 pq: 1 rg: 62 | total time: 16.22m | eta: 21.3m
step 01654/03814 (43.37%) | loss: 3.564469 | lrm: 0.88 | dt: 588.36ms | tok/sec: 91,372 | bf16_mfu: 0.00 | epoch: 1 pq: 1 rg: 62 | total time: 16.23m | eta: 21.3m
step 01655/03814 (43.39%) | loss: 3.573261 | lrm: 0.88 | dt: 586.34ms | tok/sec: 91,687 | bf16_mfu: 0.00 | epoch: 1 pq: 1 rg: 62 | total time: 16.24m | eta: 21.3m
step 01656/03814 (43.42%) | loss: 3.582522 | lrm: 0.88 | dt: 585.22ms | tok/sec: 91,863 | bf16_mfu: 0.00 | epoch: 1 pq: 1 rg: 62 | total time: 16.25m | eta: 21.3m
step 01657/03814 (43.45%) | loss: 3.576953 | lrm: 0.88 | dt: 770.80ms | tok/sec: 69,745 | bf16_mfu: 0.00 | epoch: 1 pq: 1 rg: 63 | total time: 16.27m | eta: 21.3m
step 01658/03814 (43.47%) | loss: 3.583160 | lrm: 0.88 | dt: 584.88ms | tok/sec: 91,915 | bf16_mfu: 0.00 | epoch: 1 pq: 1 rg: 63 | total time: 16.28m | eta: 21.3m
step 01659/03814 (43.50%) | loss: 3.580085 | lrm: 0.88 | dt: 586.22ms | tok/sec: 91,706 | bf16_mfu: 0.00 | epoch: 1 pq: 1 rg: 63 | total time: 16.29m | eta: 21.3m
step 01660/03814 (43.52%) | loss: 3.581851 | lrm: 0.88 | dt: 602.28ms | tok/sec: 89,261 | bf16_mfu: 0.00 | epoch: 1 pq: 1 rg: 63 | total time: 16.30m | eta: 21.3m
step 01661/03814 (43.55%) | loss: 3.592107 | lrm: 0.88 | dt: 578.60ms | tok/sec: 92,913 | bf16_mfu: 0.00 | epoch: 1 pq: 1 rg: 63 | total time: 16.31m | eta: 21.3m
step 01662/03814 (43.58%) | loss: 3.597104 | lrm: 0.87 | dt: 584.31ms | tok/sec: 92,006 | bf16_mfu: 0.00 | epoch: 1 pq: 1 rg: 63 | total time: 16.32m | eta: 21.3m
step 01663/03814 (43.60%) | loss: 3.574858 | lrm: 0.87 | dt: 586.53ms | tok/sec: 91,658 | bf16_mfu: 0.00 | epoch: 1 pq: 1 rg: 63 | total time: 16.33m | eta: 21.2m
step 01664/03814 (43.63%) | loss: 3.568438 | lrm: 0.87 | dt: 586.21ms | tok/sec: 91,708 | bf16_mfu: 0.00 | epoch: 1 pq: 1 rg: 63 | total time: 16.33m | eta: 21.2m
step 01665/03814 (43.65%) | loss: 3.558055 | lrm: 0.87 | dt: 588.63ms | tok/sec: 91,330 | bf16_mfu: 0.00 | epoch: 1 pq: 1 rg: 63 | total time: 16.34m | eta: 21.2m
step 01666/03814 (43.68%) | loss: 3.561069 | lrm: 0.87 | dt: 610.17ms | tok/sec: 88,106 | bf16_mfu: 0.00 | epoch: 1 pq: 1 rg: 63 | total time: 16.35m | eta: 21.2m
step 01667/03814 (43.71%) | loss: 3.548252 | lrm: 0.87 | dt: 585.17ms | tok/sec: 91,871 | bf16_mfu: 0.00 | epoch: 1 pq: 1 rg: 63 | total time: 16.36m | eta: 21.2m
step 01668/03814 (43.73%) | loss: 3.550936 | lrm: 0.87 | dt: 585.15ms | tok/sec: 91,874 | bf16_mfu: 0.00 | epoch: 1 pq: 1 rg: 63 | total time: 16.37m | eta: 21.2m
step 01669/03814 (43.76%) | loss: 3.567148 | lrm: 0.87 | dt: 623.75ms | tok/sec: 86,188 | bf16_mfu: 0.00 | epoch: 1 pq: 1 rg: 64 | total time: 16.38m | eta: 21.2m
step 01670/03814 (43.79%) | loss: 3.554050 | lrm: 0.87 | dt: 586.74ms | tok/sec: 91,624 | bf16_mfu: 0.00 | epoch: 1 pq: 1 rg: 64 | total time: 16.39m | eta: 21.2m
step 01671/03814 (43.81%) | loss: 3.556045 | lrm: 0.87 | dt: 574.01ms | tok/sec: 93,657 | bf16_mfu: 0.00 | epoch: 1 pq: 1 rg: 64 | total time: 16.40m | eta: 21.2m
step 01672/03814 (43.84%) | loss: 3.551075 | lrm: 0.87 | dt: 586.06ms | tok/sec: 91,730 | bf16_mfu: 0.00 | epoch: 1 pq: 1 rg: 64 | total time: 16.41m | eta: 21.2m
step 01673/03814 (43.86%) | loss: 3.545832 | lrm: 0.87 | dt: 586.04ms | tok/sec: 91,733 | bf16_mfu: 0.00 | epoch: 1 pq: 1 rg: 64 | total time: 16.42m | eta: 21.1m
step 01674/03814 (43.89%) | loss: 3.538766 | lrm: 0.87 | dt: 586.78ms | tok/sec: 91,617 | bf16_mfu: 0.00 | epoch: 1 pq: 1 rg: 64 | total time: 16.43m | eta: 21.1m
step 01675/03814 (43.92%) | loss: 3.539670 | lrm: 0.87 | dt: 587.44ms | tok/sec: 91,515 | bf16_mfu: 0.00 | epoch: 1 pq: 1 rg: 64 | total time: 16.44m | eta: 21.1m
step 01676/03814 (43.94%) | loss: 3.554693 | lrm: 0.87 | dt: 588.04ms | tok/sec: 91,422 | bf16_mfu: 0.00 | epoch: 1 pq: 1 rg: 64 | total time: 16.45m | eta: 21.1m
step 01677/03814 (43.97%) | loss: 3.549233 | lrm: 0.87 | dt: 585.73ms | tok/sec: 91,783 | bf16_mfu: 0.00 | epoch: 1 pq: 1 rg: 64 | total time: 16.46m | eta: 21.1m
step 01678/03814 (44.00%) | loss: 3.552208 | lrm: 0.87 | dt: 586.79ms | tok/sec: 91,616 | bf16_mfu: 0.00 | epoch: 1 pq: 1 rg: 64 | total time: 16.47m | eta: 21.1m
step 01679/03814 (44.02%) | loss: 3.565671 | lrm: 0.87 | dt: 588.77ms | tok/sec: 91,308 | bf16_mfu: 0.00 | epoch: 1 pq: 1 rg: 64 | total time: 16.48m | eta: 21.1m
step 01680/03814 (44.05%) | loss: 3.542571 | lrm: 0.87 | dt: 589.75ms | tok/sec: 91,156 | bf16_mfu: 0.00 | epoch: 1 pq: 1 rg: 65 | total time: 16.49m | eta: 21.1m
step 01681/03814 (44.07%) | loss: 3.552547 | lrm: 0.87 | dt: 587.09ms | tok/sec: 91,569 | bf16_mfu: 0.00 | epoch: 1 pq: 1 rg: 65 | total time: 16.50m | eta: 21.1m
step 01682/03814 (44.10%) | loss: 3.550568 | lrm: 0.87 | dt: 587.39ms | tok/sec: 91,523 | bf16_mfu: 0.00 | epoch: 1 pq: 1 rg: 65 | total time: 16.51m | eta: 21.1m
step 01683/03814 (44.13%) | loss: 3.557697 | lrm: 0.87 | dt: 586.47ms | tok/sec: 91,666 | bf16_mfu: 0.00 | epoch: 1 pq: 1 rg: 65 | total time: 16.52m | eta: 21.0m
step 01684/03814 (44.15%) | loss: 3.538715 | lrm: 0.87 | dt: 608.23ms | tok/sec: 88,386 | bf16_mfu: 0.00 | epoch: 1 pq: 1 rg: 65 | total time: 16.53m | eta: 21.0m
step 01685/03814 (44.18%) | loss: 3.529608 | lrm: 0.87 | dt: 588.94ms | tok/sec: 91,282 | bf16_mfu: 0.00 | epoch: 1 pq: 1 rg: 65 | total time: 16.54m | eta: 21.0m
step 01686/03814 (44.21%) | loss: 3.522781 | lrm: 0.87 | dt: 629.70ms | tok/sec: 85,373 | bf16_mfu: 0.00 | epoch: 1 pq: 1 rg: 65 | total time: 16.55m | eta: 21.0m
step 01687/03814 (44.23%) | loss: 3.515219 | lrm: 0.87 | dt: 588.55ms | tok/sec: 91,343 | bf16_mfu: 0.00 | epoch: 1 pq: 1 rg: 65 | total time: 16.56m | eta: 21.0m
step 01688/03814 (44.26%) | loss: 3.508833 | lrm: 0.86 | dt: 587.48ms | tok/sec: 91,509 | bf16_mfu: 0.00 | epoch: 1 pq: 1 rg: 65 | total time: 16.57m | eta: 21.0m
step 01689/03814 (44.28%) | loss: 3.521206 | lrm: 0.86 | dt: 589.37ms | tok/sec: 91,216 | bf16_mfu: 0.00 | epoch: 1 pq: 1 rg: 65 | total time: 16.58m | eta: 21.0m
step 01690/03814 (44.31%) | loss: 3.507269 | lrm: 0.86 | dt: 586.84ms | tok/sec: 91,609 | bf16_mfu: 0.00 | epoch: 1 pq: 1 rg: 65 | total time: 16.59m | eta: 21.0m
step 01691/03814 (44.34%) | loss: 3.486861 | lrm: 0.86 | dt: 632.49ms | tok/sec: 84,997 | bf16_mfu: 0.00 | epoch: 1 pq: 1 rg: 66 | total time: 16.60m | eta: 21.0m
step 01692/03814 (44.36%) | loss: 3.493154 | lrm: 0.86 | dt: 585.52ms | tok/sec: 91,816 | bf16_mfu: 0.00 | epoch: 1 pq: 1 rg: 66 | total time: 16.61m | eta: 21.0m
step 01693/03814 (44.39%) | loss: 3.494063 | lrm: 0.86 | dt: 586.09ms | tok/sec: 91,726 | bf16_mfu: 0.00 | epoch: 1 pq: 1 rg: 66 | total time: 16.62m | eta: 20.9m
step 01694/03814 (44.42%) | loss: 3.478774 | lrm: 0.86 | dt: 587.08ms | tok/sec: 91,571 | bf16_mfu: 0.00 | epoch: 1 pq: 1 rg: 66 | total time: 16.63m | eta: 20.9m
step 01695/03814 (44.44%) | loss: 3.488246 | lrm: 0.86 | dt: 586.31ms | tok/sec: 91,692 | bf16_mfu: 0.00 | epoch: 1 pq: 1 rg: 66 | total time: 16.64m | eta: 20.9m
step 01696/03814 (44.47%) | loss: 3.491296 | lrm: 0.86 | dt: 586.27ms | tok/sec: 91,697 | bf16_mfu: 0.00 | epoch: 1 pq: 1 rg: 66 | total time: 16.65m | eta: 20.9m
step 01697/03814 (44.49%) | loss: 3.497620 | lrm: 0.86 | dt: 590.21ms | tok/sec: 91,085 | bf16_mfu: 0.00 | epoch: 1 pq: 1 rg: 66 | total time: 16.66m | eta: 20.9m
step 01698/03814 (44.52%) | loss: 3.498673 | lrm: 0.86 | dt: 605.87ms | tok/sec: 88,731 | bf16_mfu: 0.00 | epoch: 1 pq: 1 rg: 66 | total time: 16.67m | eta: 20.9m
step 01699/03814 (44.55%) | loss: 3.501047 | lrm: 0.86 | dt: 589.09ms | tok/sec: 91,259 | bf16_mfu: 0.00 | epoch: 1 pq: 1 rg: 66 | total time: 16.68m | eta: 20.9m
step 01700/03814 (44.57%) | loss: 3.519280 | lrm: 0.86 | dt: 580.38ms | tok/sec: 92,629 | bf16_mfu: 0.00 | epoch: 1 pq: 1 rg: 66 | total time: 16.69m | eta: 20.9m
step 01701/03814 (44.60%) | loss: 3.520491 | lrm: 0.86 | dt: 578.16ms | tok/sec: 92,985 | bf16_mfu: 0.00 | epoch: 1 pq: 1 rg: 66 | total time: 16.70m | eta: 20.9m
step 01702/03814 (44.63%) | loss: 3.517261 | lrm: 0.86 | dt: 588.28ms | tok/sec: 91,385 | bf16_mfu: 0.00 | epoch: 1 pq: 1 rg: 66 | total time: 16.71m | eta: 20.9m
step 01703/03814 (44.65%) | loss: 3.500136 | lrm: 0.86 | dt: 584.72ms | tok/sec: 91,940 | bf16_mfu: 0.00 | epoch: 1 pq: 1 rg: 67 | total time: 16.72m | eta: 20.8m
step 01704/03814 (44.68%) | loss: 3.486646 | lrm: 0.86 | dt: 588.39ms | tok/sec: 91,368 | bf16_mfu: 0.00 | epoch: 1 pq: 1 rg: 67 | total time: 16.73m | eta: 20.8m
step 01705/03814 (44.70%) | loss: 3.493523 | lrm: 0.86 | dt: 588.23ms | tok/sec: 91,393 | bf16_mfu: 0.00 | epoch: 1 pq: 1 rg: 67 | total time: 16.74m | eta: 20.8m
step 01706/03814 (44.73%) | loss: 3.497708 | lrm: 0.86 | dt: 586.40ms | tok/sec: 91,678 | bf16_mfu: 0.00 | epoch: 1 pq: 1 rg: 67 | total time: 16.75m | eta: 20.8m
step 01707/03814 (44.76%) | loss: 3.508359 | lrm: 0.86 | dt: 587.75ms | tok/sec: 91,467 | bf16_mfu: 0.00 | epoch: 1 pq: 1 rg: 67 | total time: 16.76m | eta: 20.8m
step 01708/03814 (44.78%) | loss: 3.510203 | lrm: 0.86 | dt: 589.65ms | tok/sec: 91,172 | bf16_mfu: 0.00 | epoch: 1 pq: 1 rg: 67 | total time: 16.77m | eta: 20.8m
step 01709/03814 (44.81%) | loss: 3.514145 | lrm: 0.86 | dt: 585.36ms | tok/sec: 91,840 | bf16_mfu: 0.00 | epoch: 1 pq: 1 rg: 67 | total time: 16.78m | eta: 20.8m
step 01710/03814 (44.83%) | loss: 3.505348 | lrm: 0.86 | dt: 585.17ms | tok/sec: 91,869 | bf16_mfu: 0.00 | epoch: 1 pq: 1 rg: 67 | total time: 16.79m | eta: 20.8m
step 01711/03814 (44.86%) | loss: 3.501949 | lrm: 0.86 | dt: 593.23ms | tok/sec: 90,622 | bf16_mfu: 0.00 | epoch: 1 pq: 1 rg: 67 | total time: 16.80m | eta: 20.8m
step 01712/03814 (44.89%) | loss: 3.503268 | lrm: 0.86 | dt: 586.58ms | tok/sec: 91,649 | bf16_mfu: 0.00 | epoch: 1 pq: 1 rg: 67 | total time: 16.81m | eta: 20.8m
step 01713/03814 (44.91%) | loss: 3.512084 | lrm: 0.86 | dt: 585.51ms | tok/sec: 91,816 | bf16_mfu: 0.00 | epoch: 1 pq: 1 rg: 67 | total time: 16.82m | eta: 20.7m
step 01714/03814 (44.94%) | loss: 3.481321 | lrm: 0.85 | dt: 588.01ms | tok/sec: 91,427 | bf16_mfu: 0.00 | epoch: 1 pq: 1 rg: 68 | total time: 16.83m | eta: 20.7m
step 01715/03814 (44.97%) | loss: 3.484676 | lrm: 0.85 | dt: 586.69ms | tok/sec: 91,633 | bf16_mfu: 0.00 | epoch: 1 pq: 1 rg: 68 | total time: 16.84m | eta: 20.7m
step 01716/03814 (44.99%) | loss: 3.497936 | lrm: 0.85 | dt: 585.83ms | tok/sec: 91,767 | bf16_mfu: 0.00 | epoch: 1 pq: 1 rg: 68 | total time: 16.85m | eta: 20.7m
step 01717/03814 (45.02%) | loss: 3.489336 | lrm: 0.85 | dt: 585.59ms | tok/sec: 91,805 | bf16_mfu: 0.00 | epoch: 1 pq: 1 rg: 68 | total time: 16.86m | eta: 20.7m
step 01718/03814 (45.04%) | loss: 3.494593 | lrm: 0.85 | dt: 590.00ms | tok/sec: 91,118 | bf16_mfu: 0.00 | epoch: 1 pq: 1 rg: 68 | total time: 16.87m | eta: 20.7m
step 01719/03814 (45.07%) | loss: 3.504398 | lrm: 0.85 | dt: 586.47ms | tok/sec: 91,667 | bf16_mfu: 0.00 | epoch: 1 pq: 1 rg: 68 | total time: 16.88m | eta: 20.7m
step 01720/03814 (45.10%) | loss: 3.518987 | lrm: 0.85 | dt: 589.45ms | tok/sec: 91,204 | bf16_mfu: 0.00 | epoch: 1 pq: 1 rg: 68 | total time: 16.89m | eta: 20.7m
step 01721/03814 (45.12%) | loss: 3.516801 | lrm: 0.85 | dt: 583.19ms | tok/sec: 92,182 | bf16_mfu: 0.00 | epoch: 1 pq: 1 rg: 68 | total time: 16.90m | eta: 20.7m
step 01722/03814 (45.15%) | loss: 3.534424 | lrm: 0.85 | dt: 582.85ms | tok/sec: 92,236 | bf16_mfu: 0.00 | epoch: 1 pq: 1 rg: 68 | total time: 16.91m | eta: 20.7m
step 01723/03814 (45.18%) | loss: 3.508111 | lrm: 0.85 | dt: 575.58ms | tok/sec: 93,401 | bf16_mfu: 0.00 | epoch: 1 pq: 1 rg: 68 | total time: 16.91m | eta: 20.6m
step 01724/03814 (45.20%) | loss: 3.476560 | lrm: 0.85 | dt: 582.70ms | tok/sec: 92,260 | bf16_mfu: 0.00 | epoch: 1 pq: 1 rg: 68 | total time: 16.92m | eta: 20.6m
step 01725/03814 (45.23%) | loss: 3.493775 | lrm: 0.85 | dt: 586.45ms | tok/sec: 91,670 | bf16_mfu: 0.00 | epoch: 1 pq: 1 rg: 68 | total time: 16.93m | eta: 20.6m
step 01726/03814 (45.25%) | loss: 3.501740 | lrm: 0.85 | dt: 585.68ms | tok/sec: 91,791 | bf16_mfu: 0.00 | epoch: 1 pq: 1 rg: 69 | total time: 16.94m | eta: 20.6m
step 01727/03814 (45.28%) | loss: 3.503697 | lrm: 0.85 | dt: 605.10ms | tok/sec: 88,845 | bf16_mfu: 0.00 | epoch: 1 pq: 1 rg: 69 | total time: 16.95m | eta: 20.6m
step 01728/03814 (45.31%) | loss: 3.496515 | lrm: 0.85 | dt: 572.49ms | tok/sec: 93,906 | bf16_mfu: 0.00 | epoch: 1 pq: 1 rg: 69 | total time: 16.96m | eta: 20.6m
step 01729/03814 (45.33%) | loss: 3.503116 | lrm: 0.85 | dt: 583.78ms | tok/sec: 92,090 | bf16_mfu: 0.00 | epoch: 1 pq: 1 rg: 69 | total time: 16.97m | eta: 20.6m
step 01730/03814 (45.36%) | loss: 3.515437 | lrm: 0.85 | dt: 582.41ms | tok/sec: 92,306 | bf16_mfu: 0.00 | epoch: 1 pq: 1 rg: 69 | total time: 16.98m | eta: 20.6m
step 01731/03814 (45.39%) | loss: 3.518444 | lrm: 0.85 | dt: 575.74ms | tok/sec: 93,374 | bf16_mfu: 0.00 | epoch: 1 pq: 1 rg: 69 | total time: 16.99m | eta: 20.6m
step 01732/03814 (45.41%) | loss: 3.513233 | lrm: 0.85 | dt: 584.69ms | tok/sec: 91,946 | bf16_mfu: 0.00 | epoch: 1 pq: 1 rg: 69 | total time: 17.00m | eta: 20.6m
step 01733/03814 (45.44%) | loss: 3.523732 | lrm: 0.85 | dt: 586.86ms | tok/sec: 91,606 | bf16_mfu: 0.00 | epoch: 1 pq: 1 rg: 69 | total time: 17.01m | eta: 20.5m
step 01734/03814 (45.46%) | loss: 3.526572 | lrm: 0.85 | dt: 590.30ms | tok/sec: 91,072 | bf16_mfu: 0.00 | epoch: 1 pq: 1 rg: 69 | total time: 17.02m | eta: 20.5m
step 01735/03814 (45.49%) | loss: 3.528377 | lrm: 0.85 | dt: 586.74ms | tok/sec: 91,625 | bf16_mfu: 0.00 | epoch: 1 pq: 1 rg: 69 | total time: 17.03m | eta: 20.5m
step 01736/03814 (45.52%) | loss: 3.522742 | lrm: 0.85 | dt: 584.12ms | tok/sec: 92,036 | bf16_mfu: 0.00 | epoch: 1 pq: 1 rg: 69 | total time: 17.04m | eta: 20.5m
step 01737/03814 (45.54%) | loss: 3.530066 | lrm: 0.85 | dt: 584.90ms | tok/sec: 91,912 | bf16_mfu: 0.00 | epoch: 1 pq: 1 rg: 70 | total time: 17.05m | eta: 20.5m
step 01738/03814 (45.57%) | loss: 3.530781 | lrm: 0.85 | dt: 588.25ms | tok/sec: 91,390 | bf16_mfu: 0.00 | epoch: 1 pq: 1 rg: 70 | total time: 17.06m | eta: 20.5m
step 01739/03814 (45.60%) | loss: 3.520412 | lrm: 0.85 | dt: 587.33ms | tok/sec: 91,533 | bf16_mfu: 0.00 | epoch: 1 pq: 1 rg: 70 | total time: 17.07m | eta: 20.5m
step 01740/03814 (45.62%) | loss: 3.494646 | lrm: 0.84 | dt: 586.42ms | tok/sec: 91,675 | bf16_mfu: 0.00 | epoch: 1 pq: 1 rg: 70 | total time: 17.08m | eta: 20.5m
step 01741/03814 (45.65%) | loss: 3.487800 | lrm: 0.84 | dt: 584.22ms | tok/sec: 92,019 | bf16_mfu: 0.00 | epoch: 1 pq: 1 rg: 70 | total time: 17.09m | eta: 20.5m
step 01742/03814 (45.67%) | loss: 3.547677 | lrm: 0.84 | dt: 583.42ms | tok/sec: 92,146 | bf16_mfu: 0.00 | epoch: 1 pq: 1 rg: 70 | total time: 17.10m | eta: 20.5m
step 01743/03814 (45.70%) | loss: 3.619854 | lrm: 0.84 | dt: 575.63ms | tok/sec: 93,392 | bf16_mfu: 0.00 | epoch: 1 pq: 1 rg: 70 | total time: 17.11m | eta: 20.4m
step 01744/03814 (45.73%) | loss: 3.716463 | lrm: 0.84 | dt: 630.57ms | tok/sec: 85,256 | bf16_mfu: 0.00 | epoch: 1 pq: 1 rg: 70 | total time: 17.12m | eta: 20.4m
step 01745/03814 (45.75%) | loss: 3.778739 | lrm: 0.84 | dt: 592.83ms | tok/sec: 90,682 | bf16_mfu: 0.00 | epoch: 1 pq: 1 rg: 70 | total time: 17.13m | eta: 20.4m
step 01746/03814 (45.78%) | loss: 3.828495 | lrm: 0.84 | dt: 575.82ms | tok/sec: 93,363 | bf16_mfu: 0.00 | epoch: 1 pq: 1 rg: 70 | total time: 17.14m | eta: 20.4m
step 01747/03814 (45.80%) | loss: 3.852682 | lrm: 0.84 | dt: 589.03ms | tok/sec: 91,269 | bf16_mfu: 0.00 | epoch: 1 pq: 1 rg: 70 | total time: 17.15m | eta: 20.4m
step 01748/03814 (45.83%) | loss: 3.881619 | lrm: 0.84 | dt: 595.97ms | tok/sec: 90,205 | bf16_mfu: 0.00 | epoch: 1 pq: 1 rg: 71 | total time: 17.16m | eta: 20.4m
step 01749/03814 (45.86%) | loss: 3.923824 | lrm: 0.84 | dt: 599.96ms | tok/sec: 89,606 | bf16_mfu: 0.00 | epoch: 1 pq: 1 rg: 71 | total time: 17.17m | eta: 20.4m
step 01750/03814 (45.88%) | loss: 3.963544 | lrm: 0.84 | dt: 582.53ms | tok/sec: 92,286 | bf16_mfu: 0.00 | epoch: 1 pq: 1 rg: 71 | total time: 17.18m | eta: 20.4m
step 01751/03814 (45.91%) | loss: 3.990793 | lrm: 0.84 | dt: 584.40ms | tok/sec: 91,991 | bf16_mfu: 0.00 | epoch: 1 pq: 1 rg: 71 | total time: 17.19m | eta: 20.4m
step 01752/03814 (45.94%) | loss: 4.015184 | lrm: 0.84 | dt: 647.90ms | tok/sec: 82,975 | bf16_mfu: 0.00 | epoch: 1 pq: 1 rg: 71 | total time: 17.20m | eta: 20.4m
step 01753/03814 (45.96%) | loss: 4.043054 | lrm: 0.84 | dt: 743.11ms | tok/sec: 72,344 | bf16_mfu: 0.00 | epoch: 1 pq: 1 rg: 71 | total time: 17.21m | eta: 20.4m
step 01754/03814 (45.99%) | loss: 4.056753 | lrm: 0.84 | dt: 631.38ms | tok/sec: 85,147 | bf16_mfu: 0.00 | epoch: 1 pq: 1 rg: 71 | total time: 17.22m | eta: 20.3m
step 01755/03814 (46.01%) | loss: 4.056216 | lrm: 0.84 | dt: 583.39ms | tok/sec: 92,151 | bf16_mfu: 0.00 | epoch: 1 pq: 1 rg: 71 | total time: 17.23m | eta: 20.3m
step 01756/03814 (46.04%) | loss: 4.065455 | lrm: 0.84 | dt: 578.18ms | tok/sec: 92,982 | bf16_mfu: 0.00 | epoch: 1 pq: 1 rg: 71 | total time: 17.24m | eta: 20.3m
step 01757/03814 (46.07%) | loss: 4.088568 | lrm: 0.84 | dt: 591.18ms | tok/sec: 90,937 | bf16_mfu: 0.00 | epoch: 1 pq: 1 rg: 71 | total time: 17.25m | eta: 20.3m
step 01758/03814 (46.09%) | loss: 4.114181 | lrm: 0.84 | dt: 640.81ms | tok/sec: 83,893 | bf16_mfu: 0.00 | epoch: 1 pq: 1 rg: 72 | total time: 17.26m | eta: 20.3m
step 01759/03814 (46.12%) | loss: 4.118635 | lrm: 0.84 | dt: 586.37ms | tok/sec: 91,683 | bf16_mfu: 0.00 | epoch: 1 pq: 1 rg: 72 | total time: 17.27m | eta: 20.3m
step 01760/03814 (46.15%) | loss: 4.116412 | lrm: 0.84 | dt: 587.60ms | tok/sec: 91,490 | bf16_mfu: 0.00 | epoch: 1 pq: 1 rg: 72 | total time: 17.28m | eta: 20.3m
step 01761/03814 (46.17%) | loss: 4.110224 | lrm: 0.84 | dt: 643.75ms | tok/sec: 83,510 | bf16_mfu: 0.00 | epoch: 1 pq: 1 rg: 72 | total time: 17.29m | eta: 20.3m
step 01762/03814 (46.20%) | loss: 4.139863 | lrm: 0.84 | dt: 574.60ms | tok/sec: 93,560 | bf16_mfu: 0.00 | epoch: 1 pq: 1 rg: 72 | total time: 17.30m | eta: 20.3m
step 01763/03814 (46.22%) | loss: 4.149743 | lrm: 0.84 | dt: 583.94ms | tok/sec: 92,063 | bf16_mfu: 0.00 | epoch: 1 pq: 1 rg: 72 | total time: 17.31m | eta: 20.3m
step 01764/03814 (46.25%) | loss: 4.142200 | lrm: 0.84 | dt: 585.35ms | tok/sec: 91,842 | bf16_mfu: 0.00 | epoch: 1 pq: 1 rg: 72 | total time: 17.32m | eta: 20.2m
step 01765/03814 (46.28%) | loss: 4.124976 | lrm: 0.84 | dt: 582.05ms | tok/sec: 92,362 | bf16_mfu: 0.00 | epoch: 1 pq: 1 rg: 72 | total time: 17.33m | eta: 20.2m
step 01766/03814 (46.30%) | loss: 4.135649 | lrm: 0.83 | dt: 577.38ms | tok/sec: 93,109 | bf16_mfu: 0.00 | epoch: 1 pq: 1 rg: 72 | total time: 17.34m | eta: 20.2m
step 01767/03814 (46.33%) | loss: 4.150196 | lrm: 0.83 | dt: 582.26ms | tok/sec: 92,330 | bf16_mfu: 0.00 | epoch: 1 pq: 1 rg: 72 | total time: 17.35m | eta: 20.2m
step 01768/03814 (46.36%) | loss: 4.161196 | lrm: 0.83 | dt: 629.24ms | tok/sec: 85,436 | bf16_mfu: 0.00 | epoch: 1 pq: 1 rg: 73 | total time: 17.36m | eta: 20.2m
step 01769/03814 (46.38%) | loss: 4.163849 | lrm: 0.83 | dt: 587.87ms | tok/sec: 91,449 | bf16_mfu: 0.00 | epoch: 1 pq: 1 rg: 73 | total time: 17.37m | eta: 20.2m
step 01770/03814 (46.41%) | loss: 4.160139 | lrm: 0.83 | dt: 586.75ms | tok/sec: 91,624 | bf16_mfu: 0.00 | epoch: 1 pq: 1 rg: 73 | total time: 17.38m | eta: 20.2m
step 01771/03814 (46.43%) | loss: 4.167456 | lrm: 0.83 | dt: 587.86ms | tok/sec: 91,450 | bf16_mfu: 0.00 | epoch: 1 pq: 1 rg: 73 | total time: 17.39m | eta: 20.2m
step 01772/03814 (46.46%) | loss: 4.160230 | lrm: 0.83 | dt: 668.47ms | tok/sec: 80,423 | bf16_mfu: 0.00 | epoch: 1 pq: 1 rg: 73 | total time: 17.40m | eta: 20.2m
step 01773/03814 (46.49%) | loss: 4.168838 | lrm: 0.83 | dt: 600.61ms | tok/sec: 89,509 | bf16_mfu: 0.00 | epoch: 1 pq: 1 rg: 73 | total time: 17.41m | eta: 20.2m
step 01774/03814 (46.51%) | loss: 4.152508 | lrm: 0.83 | dt: 576.04ms | tok/sec: 93,327 | bf16_mfu: 0.00 | epoch: 1 pq: 1 rg: 73 | total time: 17.42m | eta: 20.1m
step 01775/03814 (46.54%) | loss: 4.143537 | lrm: 0.83 | dt: 583.30ms | tok/sec: 92,165 | bf16_mfu: 0.00 | epoch: 1 pq: 1 rg: 73 | total time: 17.43m | eta: 20.1m
step 01776/03814 (46.57%) | loss: 4.169277 | lrm: 0.83 | dt: 577.04ms | tok/sec: 93,165 | bf16_mfu: 0.00 | epoch: 1 pq: 1 rg: 73 | total time: 17.44m | eta: 20.1m
step 01777/03814 (46.59%) | loss: 4.169709 | lrm: 0.83 | dt: 580.92ms | tok/sec: 92,542 | bf16_mfu: 0.00 | epoch: 1 pq: 1 rg: 73 | total time: 17.45m | eta: 20.1m
step 01778/03814 (46.62%) | loss: 4.175167 | lrm: 0.83 | dt: 588.76ms | tok/sec: 91,310 | bf16_mfu: 0.00 | epoch: 1 pq: 1 rg: 74 | total time: 17.46m | eta: 20.1m
step 01779/03814 (46.64%) | loss: 4.163847 | lrm: 0.83 | dt: 583.93ms | tok/sec: 92,066 | bf16_mfu: 0.00 | epoch: 1 pq: 1 rg: 74 | total time: 17.47m | eta: 20.1m
step 01780/03814 (46.67%) | loss: 4.163742 | lrm: 0.83 | dt: 586.07ms | tok/sec: 91,730 | bf16_mfu: 0.00 | epoch: 1 pq: 1 rg: 74 | total time: 17.48m | eta: 20.1m
step 01781/03814 (46.70%) | loss: 4.167819 | lrm: 0.83 | dt: 649.16ms | tok/sec: 82,814 | bf16_mfu: 0.00 | epoch: 1 pq: 1 rg: 74 | total time: 17.49m | eta: 20.1m
step 01782/03814 (46.72%) | loss: 4.163927 | lrm: 0.83 | dt: 587.01ms | tok/sec: 91,583 | bf16_mfu: 0.00 | epoch: 1 pq: 1 rg: 74 | total time: 17.50m | eta: 20.1m
step 01783/03814 (46.75%) | loss: 4.147199 | lrm: 0.83 | dt: 586.52ms | tok/sec: 91,659 | bf16_mfu: 0.00 | epoch: 1 pq: 1 rg: 74 | total time: 17.51m | eta: 20.1m
step 01784/03814 (46.78%) | loss: 4.167482 | lrm: 0.83 | dt: 586.47ms | tok/sec: 91,667 | bf16_mfu: 0.00 | epoch: 1 pq: 1 rg: 74 | total time: 17.52m | eta: 20.0m
step 01785/03814 (46.80%) | loss: 4.177618 | lrm: 0.83 | dt: 585.96ms | tok/sec: 91,746 | bf16_mfu: 0.00 | epoch: 1 pq: 1 rg: 74 | total time: 17.53m | eta: 20.0m
step 01786/03814 (46.83%) | loss: 4.177941 | lrm: 0.83 | dt: 615.79ms | tok/sec: 87,301 | bf16_mfu: 0.00 | epoch: 1 pq: 1 rg: 74 | total time: 17.54m | eta: 20.0m
step 01787/03814 (46.85%) | loss: 4.159659 | lrm: 0.83 | dt: 582.44ms | tok/sec: 92,301 | bf16_mfu: 0.00 | epoch: 1 pq: 1 rg: 74 | total time: 17.55m | eta: 20.0m
step 01788/03814 (46.88%) | loss: 4.143667 | lrm: 0.83 | dt: 585.91ms | tok/sec: 91,754 | bf16_mfu: 0.00 | epoch: 1 pq: 1 rg: 74 | total time: 17.56m | eta: 20.0m
step 01789/03814 (46.91%) | loss: 4.129904 | lrm: 0.83 | dt: 606.80ms | tok/sec: 88,596 | bf16_mfu: 0.00 | epoch: 1 pq: 1 rg: 75 | total time: 17.57m | eta: 20.0m
step 01790/03814 (46.93%) | loss: 4.138917 | lrm: 0.83 | dt: 610.09ms | tok/sec: 88,118 | bf16_mfu: 0.00 | epoch: 1 pq: 1 rg: 75 | total time: 17.58m | eta: 20.0m
step 01791/03814 (46.96%) | loss: 4.152335 | lrm: 0.83 | dt: 584.83ms | tok/sec: 91,924 | bf16_mfu: 0.00 | epoch: 1 pq: 1 rg: 75 | total time: 17.59m | eta: 20.0m
step 01792/03814 (46.98%) | loss: 4.144727 | lrm: 0.82 | dt: 585.01ms | tok/sec: 91,896 | bf16_mfu: 0.00 | epoch: 1 pq: 1 rg: 75 | total time: 17.60m | eta: 20.0m
step 01793/03814 (47.01%) | loss: 4.148908 | lrm: 0.82 | dt: 574.88ms | tok/sec: 93,514 | bf16_mfu: 0.00 | epoch: 1 pq: 1 rg: 75 | total time: 17.61m | eta: 20.0m
step 01794/03814 (47.04%) | loss: 4.133093 | lrm: 0.82 | dt: 585.98ms | tok/sec: 91,744 | bf16_mfu: 0.00 | epoch: 1 pq: 1 rg: 75 | total time: 17.62m | eta: 19.9m
step 01795/03814 (47.06%) | loss: 4.125642 | lrm: 0.82 | dt: 587.73ms | tok/sec: 91,470 | bf16_mfu: 0.00 | epoch: 1 pq: 1 rg: 75 | total time: 17.63m | eta: 19.9m
step 01796/03814 (47.09%) | loss: 4.139495 | lrm: 0.82 | dt: 585.79ms | tok/sec: 91,773 | bf16_mfu: 0.00 | epoch: 1 pq: 1 rg: 75 | total time: 17.64m | eta: 19.9m
step 01797/03814 (47.12%) | loss: 4.150360 | lrm: 0.82 | dt: 661.54ms | tok/sec: 81,264 | bf16_mfu: 0.00 | epoch: 1 pq: 1 rg: 75 | total time: 17.65m | eta: 19.9m
step 01798/03814 (47.14%) | loss: 4.128176 | lrm: 0.82 | dt: 574.82ms | tok/sec: 93,525 | bf16_mfu: 0.00 | epoch: 1 pq: 1 rg: 75 | total time: 17.66m | eta: 19.9m
step 01799/03814 (47.17%) | loss: 4.107009 | lrm: 0.82 | dt: 726.36ms | tok/sec: 74,012 | bf16_mfu: 0.00 | epoch: 1 pq: 1 rg: 76 | total time: 17.67m | eta: 19.9m
step 01800/03814 (47.19%) | loss: 4.111508 | lrm: 0.82 | dt: 590.97ms | tok/sec: 90,969 | bf16_mfu: 0.00 | epoch: 1 pq: 1 rg: 76 | total time: 17.68m | eta: 19.9m
step 01801/03814 (47.22%) | loss: 4.117525 | lrm: 0.82 | dt: 572.84ms | tok/sec: 93,847 | bf16_mfu: 0.00 | epoch: 1 pq: 1 rg: 76 | total time: 17.69m | eta: 19.9m
step 01802/03814 (47.25%) | loss: 4.118631 | lrm: 0.82 | dt: 630.89ms | tok/sec: 85,212 | bf16_mfu: 0.00 | epoch: 1 pq: 1 rg: 76 | total time: 17.70m | eta: 19.9m
step 01803/03814 (47.27%) | loss: 4.105188 | lrm: 0.82 | dt: 580.25ms | tok/sec: 92,649 | bf16_mfu: 0.00 | epoch: 1 pq: 1 rg: 76 | total time: 17.71m | eta: 19.9m
step 01804/03814 (47.30%) | loss: 4.083263 | lrm: 0.82 | dt: 585.47ms | tok/sec: 91,824 | bf16_mfu: 0.00 | epoch: 1 pq: 1 rg: 76 | total time: 17.72m | eta: 19.9m
step 01805/03814 (47.33%) | loss: 4.076751 | lrm: 0.82 | dt: 581.02ms | tok/sec: 92,526 | bf16_mfu: 0.00 | epoch: 1 pq: 1 rg: 76 | total time: 17.73m | eta: 19.8m
step 01806/03814 (47.35%) | loss: 4.078763 | lrm: 0.82 | dt: 574.44ms | tok/sec: 93,586 | bf16_mfu: 0.00 | epoch: 1 pq: 1 rg: 76 | total time: 17.74m | eta: 19.8m
step 01807/03814 (47.38%) | loss: 4.088647 | lrm: 0.82 | dt: 584.92ms | tok/sec: 91,910 | bf16_mfu: 0.00 | epoch: 1 pq: 1 rg: 76 | total time: 17.75m | eta: 19.8m
step 01808/03814 (47.40%) | loss: 4.089064 | lrm: 0.82 | dt: 746.64ms | tok/sec: 72,002 | bf16_mfu: 0.00 | epoch: 1 pq: 1 rg: 77 | total time: 17.76m | eta: 19.8m
step 01809/03814 (47.43%) | loss: 4.066144 | lrm: 0.82 | dt: 573.98ms | tok/sec: 93,662 | bf16_mfu: 0.00 | epoch: 1 pq: 1 rg: 77 | total time: 17.77m | eta: 19.8m
step 01810/03814 (47.46%) | loss: 4.067826 | lrm: 0.82 | dt: 641.83ms | tok/sec: 83,760 | bf16_mfu: 0.00 | epoch: 1 pq: 1 rg: 77 | total time: 17.78m | eta: 19.8m
step 01811/03814 (47.48%) | loss: 4.062089 | lrm: 0.82 | dt: 576.61ms | tok/sec: 93,234 | bf16_mfu: 0.00 | epoch: 1 pq: 1 rg: 77 | total time: 17.79m | eta: 19.8m
step 01812/03814 (47.51%) | loss: 4.084624 | lrm: 0.82 | dt: 583.31ms | tok/sec: 92,163 | bf16_mfu: 0.00 | epoch: 1 pq: 1 rg: 77 | total time: 17.80m | eta: 19.8m
step 01813/03814 (47.54%) | loss: 4.077685 | lrm: 0.82 | dt: 597.08ms | tok/sec: 90,038 | bf16_mfu: 0.00 | epoch: 1 pq: 1 rg: 77 | total time: 17.81m | eta: 19.8m
step 01814/03814 (47.56%) | loss: 4.058582 | lrm: 0.82 | dt: 719.47ms | tok/sec: 74,721 | bf16_mfu: 0.00 | epoch: 1 pq: 1 rg: 77 | total time: 17.82m | eta: 19.8m
step 01815/03814 (47.59%) | loss: 4.053523 | lrm: 0.82 | dt: 588.97ms | tok/sec: 91,278 | bf16_mfu: 0.00 | epoch: 1 pq: 1 rg: 77 | total time: 17.83m | eta: 19.7m
step 01816/03814 (47.61%) | loss: 4.082219 | lrm: 0.82 | dt: 675.08ms | tok/sec: 79,635 | bf16_mfu: 0.00 | epoch: 1 pq: 1 rg: 77 | total time: 17.84m | eta: 19.7m
step 01817/03814 (47.64%) | loss: 4.103304 | lrm: 0.82 | dt: 583.76ms | tok/sec: 92,092 | bf16_mfu: 0.00 | epoch: 1 pq: 1 rg: 77 | total time: 17.85m | eta: 19.7m
step 01818/03814 (47.67%) | loss: 4.107455 | lrm: 0.81 | dt: 689.61ms | tok/sec: 77,957 | bf16_mfu: 0.00 | epoch: 1 pq: 2 rg: 0 | total time: 17.87m | eta: 19.7m
step 01819/03814 (47.69%) | loss: 4.122142 | lrm: 0.81 | dt: 648.77ms | tok/sec: 82,864 | bf16_mfu: 0.00 | epoch: 1 pq: 2 rg: 0 | total time: 17.88m | eta: 19.7m
step 01820/03814 (47.72%) | loss: 4.106448 | lrm: 0.81 | dt: 585.89ms | tok/sec: 91,757 | bf16_mfu: 0.00 | epoch: 1 pq: 2 rg: 0 | total time: 17.89m | eta: 19.7m
step 01821/03814 (47.75%) | loss: 4.116625 | lrm: 0.81 | dt: 632.73ms | tok/sec: 84,964 | bf16_mfu: 0.00 | epoch: 1 pq: 2 rg: 0 | total time: 17.90m | eta: 19.7m
step 01822/03814 (47.77%) | loss: 4.111338 | lrm: 0.81 | dt: 588.69ms | tok/sec: 91,321 | bf16_mfu: 0.00 | epoch: 1 pq: 2 rg: 0 | total time: 17.91m | eta: 19.7m
step 01823/03814 (47.80%) | loss: 4.119772 | lrm: 0.81 | dt: 582.16ms | tok/sec: 92,345 | bf16_mfu: 0.00 | epoch: 1 pq: 2 rg: 0 | total time: 17.92m | eta: 19.7m
step 01824/03814 (47.82%) | loss: 4.114557 | lrm: 0.81 | dt: 617.77ms | tok/sec: 87,022 | bf16_mfu: 0.00 | epoch: 1 pq: 2 rg: 0 | total time: 17.93m | eta: 19.7m
step 01825/03814 (47.85%) | loss: 4.108116 | lrm: 0.81 | dt: 575.81ms | tok/sec: 93,363 | bf16_mfu: 0.00 | epoch: 1 pq: 2 rg: 0 | total time: 17.94m | eta: 19.7m
step 01826/03814 (47.88%) | loss: 4.117375 | lrm: 0.81 | dt: 586.50ms | tok/sec: 91,662 | bf16_mfu: 0.00 | epoch: 1 pq: 2 rg: 0 | total time: 17.95m | eta: 19.6m
step 01827/03814 (47.90%) | loss: 4.120128 | lrm: 0.81 | dt: 622.66ms | tok/sec: 86,339 | bf16_mfu: 0.00 | epoch: 1 pq: 2 rg: 0 | total time: 17.96m | eta: 19.6m
step 01828/03814 (47.93%) | loss: 4.113871 | lrm: 0.81 | dt: 575.78ms | tok/sec: 93,368 | bf16_mfu: 0.00 | epoch: 1 pq: 2 rg: 1 | total time: 17.97m | eta: 19.6m
step 01829/03814 (47.95%) | loss: 4.093900 | lrm: 0.81 | dt: 589.72ms | tok/sec: 91,161 | bf16_mfu: 0.00 | epoch: 1 pq: 2 rg: 1 | total time: 17.98m | eta: 19.6m
step 01830/03814 (47.98%) | loss: 4.085763 | lrm: 0.81 | dt: 740.57ms | tok/sec: 72,592 | bf16_mfu: 0.00 | epoch: 1 pq: 2 rg: 1 | total time: 17.99m | eta: 19.6m
step 01831/03814 (48.01%) | loss: 4.099561 | lrm: 0.81 | dt: 608.73ms | tok/sec: 88,315 | bf16_mfu: 0.00 | epoch: 1 pq: 2 rg: 1 | total time: 18.00m | eta: 19.6m
step 01832/03814 (48.03%) | loss: 4.099674 | lrm: 0.81 | dt: 586.92ms | tok/sec: 91,596 | bf16_mfu: 0.00 | epoch: 1 pq: 2 rg: 1 | total time: 18.01m | eta: 19.6m
step 01833/03814 (48.06%) | loss: 4.082684 | lrm: 0.81 | dt: 604.74ms | tok/sec: 88,898 | bf16_mfu: 0.00 | epoch: 1 pq: 2 rg: 1 | total time: 18.02m | eta: 19.6m
step 01834/03814 (48.09%) | loss: 4.073678 | lrm: 0.81 | dt: 590.66ms | tok/sec: 91,016 | bf16_mfu: 0.00 | epoch: 1 pq: 2 rg: 1 | total time: 18.03m | eta: 19.6m
step 01835/03814 (48.11%) | loss: 4.085871 | lrm: 0.81 | dt: 591.16ms | tok/sec: 90,940 | bf16_mfu: 0.00 | epoch: 1 pq: 2 rg: 1 | total time: 18.04m | eta: 19.6m
step 01836/03814 (48.14%) | loss: 4.078047 | lrm: 0.81 | dt: 599.28ms | tok/sec: 89,707 | bf16_mfu: 0.00 | epoch: 1 pq: 2 rg: 1 | total time: 18.05m | eta: 19.5m
step 01837/03814 (48.16%) | loss: 4.074178 | lrm: 0.81 | dt: 590.08ms | tok/sec: 91,105 | bf16_mfu: 0.00 | epoch: 1 pq: 2 rg: 1 | total time: 18.06m | eta: 19.5m
step 01838/03814 (48.19%) | loss: 4.086252 | lrm: 0.81 | dt: 749.16ms | tok/sec: 71,760 | bf16_mfu: 0.00 | epoch: 1 pq: 2 rg: 2 | total time: 18.07m | eta: 19.5m
step 01839/03814 (48.22%) | loss: 4.081178 | lrm: 0.81 | dt: 597.53ms | tok/sec: 89,970 | bf16_mfu: 0.00 | epoch: 1 pq: 2 rg: 2 | total time: 18.08m | eta: 19.5m
step 01840/03814 (48.24%) | loss: 4.079501 | lrm: 0.81 | dt: 616.23ms | tok/sec: 87,240 | bf16_mfu: 0.00 | epoch: 1 pq: 2 rg: 2 | total time: 18.09m | eta: 19.5m
step 01841/03814 (48.27%) | loss: 4.092005 | lrm: 0.81 | dt: 592.84ms | tok/sec: 90,682 | bf16_mfu: 0.00 | epoch: 1 pq: 2 rg: 2 | total time: 18.10m | eta: 19.5m
step 01842/03814 (48.30%) | loss: 4.101743 | lrm: 0.81 | dt: 594.35ms | tok/sec: 90,452 | bf16_mfu: 0.00 | epoch: 1 pq: 2 rg: 2 | total time: 18.11m | eta: 19.5m
step 01843/03814 (48.32%) | loss: 4.104977 | lrm: 0.81 | dt: 598.84ms | tok/sec: 89,773 | bf16_mfu: 0.00 | epoch: 1 pq: 2 rg: 2 | total time: 18.12m | eta: 19.5m
step 01844/03814 (48.35%) | loss: 4.097880 | lrm: 0.80 | dt: 597.24ms | tok/sec: 90,014 | bf16_mfu: 0.00 | epoch: 1 pq: 2 rg: 2 | total time: 18.13m | eta: 19.5m
step 01845/03814 (48.37%) | loss: 4.073228 | lrm: 0.80 | dt: 591.63ms | tok/sec: 90,867 | bf16_mfu: 0.00 | epoch: 1 pq: 2 rg: 2 | total time: 18.14m | eta: 19.5m
step 01846/03814 (48.40%) | loss: 4.070475 | lrm: 0.80 | dt: 607.49ms | tok/sec: 88,494 | bf16_mfu: 0.00 | epoch: 1 pq: 2 rg: 2 | total time: 18.15m | eta: 19.5m
step 01847/03814 (48.43%) | loss: 4.058550 | lrm: 0.80 | dt: 603.68ms | tok/sec: 89,053 | bf16_mfu: 0.00 | epoch: 1 pq: 2 rg: 2 | total time: 18.16m | eta: 19.4m
step 01848/03814 (48.45%) | loss: 4.068599 | lrm: 0.80 | dt: 602.38ms | tok/sec: 89,245 | bf16_mfu: 0.00 | epoch: 1 pq: 2 rg: 3 | total time: 18.17m | eta: 19.4m
step 01849/03814 (48.48%) | loss: 4.110783 | lrm: 0.80 | dt: 596.75ms | tok/sec: 90,088 | bf16_mfu: 0.00 | epoch: 1 pq: 2 rg: 3 | total time: 18.18m | eta: 19.4m
step 01850/03814 (48.51%) | loss: 4.137338 | lrm: 0.80 | dt: 606.22ms | tok/sec: 88,681 | bf16_mfu: 0.00 | epoch: 1 pq: 2 rg: 3 | total time: 18.19m | eta: 19.4m
step 01851/03814 (48.53%) | loss: 4.120425 | lrm: 0.80 | dt: 603.53ms | tok/sec: 89,075 | bf16_mfu: 0.00 | epoch: 1 pq: 2 rg: 3 | total time: 18.20m | eta: 19.4m
step 01852/03814 (48.56%) | loss: 4.114636 | lrm: 0.80 | dt: 609.75ms | tok/sec: 88,168 | bf16_mfu: 0.00 | epoch: 1 pq: 2 rg: 3 | total time: 18.21m | eta: 19.4m
step 01853/03814 (48.58%) | loss: 4.103084 | lrm: 0.80 | dt: 607.36ms | tok/sec: 88,513 | bf16_mfu: 0.00 | epoch: 1 pq: 2 rg: 3 | total time: 18.22m | eta: 19.4m
step 01854/03814 (48.61%) | loss: 4.101647 | lrm: 0.80 | dt: 610.80ms | tok/sec: 88,016 | bf16_mfu: 0.00 | epoch: 1 pq: 2 rg: 3 | total time: 18.23m | eta: 19.4m
step 01855/03814 (48.64%) | loss: 4.112359 | lrm: 0.80 | dt: 607.55ms | tok/sec: 88,485 | bf16_mfu: 0.00 | epoch: 1 pq: 2 rg: 3 | total time: 18.24m | eta: 19.4m
step 01856/03814 (48.66%) | loss: 4.114960 | lrm: 0.80 | dt: 606.57ms | tok/sec: 88,629 | bf16_mfu: 0.00 | epoch: 1 pq: 2 rg: 3 | total time: 18.25m | eta: 19.4m
step 01857/03814 (48.69%) | loss: 4.124789 | lrm: 0.80 | dt: 610.35ms | tok/sec: 88,080 | bf16_mfu: 0.00 | epoch: 1 pq: 2 rg: 4 | total time: 18.26m | eta: 19.3m
step 01858/03814 (48.72%) | loss: 4.130161 | lrm: 0.80 | dt: 604.14ms | tok/sec: 88,986 | bf16_mfu: 0.00 | epoch: 1 pq: 2 rg: 4 | total time: 18.27m | eta: 19.3m
step 01859/03814 (48.74%) | loss: 4.104244 | lrm: 0.80 | dt: 611.57ms | tok/sec: 87,904 | bf16_mfu: 0.00 | epoch: 1 pq: 2 rg: 4 | total time: 18.28m | eta: 19.3m
step 01860/03814 (48.77%) | loss: 4.100256 | lrm: 0.80 | dt: 604.99ms | tok/sec: 88,861 | bf16_mfu: 0.00 | epoch: 1 pq: 2 rg: 4 | total time: 18.29m | eta: 19.3m
step 01861/03814 (48.79%) | loss: 4.082254 | lrm: 0.80 | dt: 606.05ms | tok/sec: 88,705 | bf16_mfu: 0.00 | epoch: 1 pq: 2 rg: 4 | total time: 18.30m | eta: 19.3m
step 01862/03814 (48.82%) | loss: 4.082889 | lrm: 0.80 | dt: 606.93ms | tok/sec: 88,576 | bf16_mfu: 0.00 | epoch: 1 pq: 2 rg: 4 | total time: 18.31m | eta: 19.3m
step 01863/03814 (48.85%) | loss: 4.112381 | lrm: 0.80 | dt: 607.88ms | tok/sec: 88,438 | bf16_mfu: 0.00 | epoch: 1 pq: 2 rg: 4 | total time: 18.32m | eta: 19.3m
step 01864/03814 (48.87%) | loss: 4.125351 | lrm: 0.80 | dt: 608.73ms | tok/sec: 88,314 | bf16_mfu: 0.00 | epoch: 1 pq: 2 rg: 4 | total time: 18.33m | eta: 19.3m
step 01865/03814 (48.90%) | loss: 4.166692 | lrm: 0.80 | dt: 611.18ms | tok/sec: 87,961 | bf16_mfu: 0.00 | epoch: 1 pq: 2 rg: 4 | total time: 18.34m | eta: 19.3m
step 01866/03814 (48.93%) | loss: 4.165127 | lrm: 0.80 | dt: 602.73ms | tok/sec: 89,194 | bf16_mfu: 0.00 | epoch: 1 pq: 2 rg: 5 | total time: 18.35m | eta: 19.3m
step 01867/03814 (48.95%) | loss: 4.129955 | lrm: 0.80 | dt: 608.26ms | tok/sec: 88,383 | bf16_mfu: 0.00 | epoch: 1 pq: 2 rg: 5 | total time: 18.36m | eta: 19.3m
step 01868/03814 (48.98%) | loss: 4.116713 | lrm: 0.80 | dt: 605.75ms | tok/sec: 88,749 | bf16_mfu: 0.00 | epoch: 1 pq: 2 rg: 5 | total time: 18.37m | eta: 19.2m
step 01869/03814 (49.00%) | loss: 4.105407 | lrm: 0.80 | dt: 606.14ms | tok/sec: 88,693 | bf16_mfu: 0.00 | epoch: 1 pq: 2 rg: 5 | total time: 18.38m | eta: 19.2m
step 01870/03814 (49.03%) | loss: 4.108532 | lrm: 0.79 | dt: 605.60ms | tok/sec: 88,772 | bf16_mfu: 0.00 | epoch: 1 pq: 2 rg: 5 | total time: 18.39m | eta: 19.2m
step 01871/03814 (49.06%) | loss: 4.103218 | lrm: 0.79 | dt: 607.04ms | tok/sec: 88,560 | bf16_mfu: 0.00 | epoch: 1 pq: 2 rg: 5 | total time: 18.40m | eta: 19.2m
step 01872/03814 (49.08%) | loss: 4.142976 | lrm: 0.79 | dt: 606.70ms | tok/sec: 88,610 | bf16_mfu: 0.00 | epoch: 1 pq: 2 rg: 5 | total time: 18.41m | eta: 19.2m
step 01873/03814 (49.11%) | loss: 4.137881 | lrm: 0.79 | dt: 609.39ms | tok/sec: 88,219 | bf16_mfu: 0.00 | epoch: 1 pq: 2 rg: 5 | total time: 18.42m | eta: 19.2m
step 01874/03814 (49.13%) | loss: 4.114696 | lrm: 0.79 | dt: 605.36ms | tok/sec: 88,805 | bf16_mfu: 0.00 | epoch: 1 pq: 2 rg: 5 | total time: 18.43m | eta: 19.2m
step 01875/03814 (49.16%) | loss: 4.100557 | lrm: 0.79 | dt: 608.66ms | tok/sec: 88,325 | bf16_mfu: 0.00 | epoch: 1 pq: 2 rg: 5 | total time: 18.44m | eta: 19.2m
step 01876/03814 (49.19%) | loss: 4.088080 | lrm: 0.79 | dt: 605.55ms | tok/sec: 88,779 | bf16_mfu: 0.00 | epoch: 1 pq: 2 rg: 6 | total time: 18.45m | eta: 19.2m
step 01877/03814 (49.21%) | loss: 4.097631 | lrm: 0.79 | dt: 607.84ms | tok/sec: 88,445 | bf16_mfu: 0.00 | epoch: 1 pq: 2 rg: 6 | total time: 18.46m | eta: 19.2m
step 01878/03814 (49.24%) | loss: 4.122574 | lrm: 0.79 | dt: 609.54ms | tok/sec: 88,198 | bf16_mfu: 0.00 | epoch: 1 pq: 2 rg: 6 | total time: 18.47m | eta: 19.1m
step 01879/03814 (49.27%) | loss: 4.110541 | lrm: 0.79 | dt: 604.56ms | tok/sec: 88,924 | bf16_mfu: 0.00 | epoch: 1 pq: 2 rg: 6 | total time: 18.48m | eta: 19.1m
step 01880/03814 (49.29%) | loss: 4.091544 | lrm: 0.79 | dt: 776.94ms | tok/sec: 69,194 | bf16_mfu: 0.00 | epoch: 1 pq: 2 rg: 6 | total time: 18.50m | eta: 19.1m
step 01881/03814 (49.32%) | loss: 4.071011 | lrm: 0.79 | dt: 599.54ms | tok/sec: 89,669 | bf16_mfu: 0.00 | epoch: 1 pq: 2 rg: 6 | total time: 18.51m | eta: 19.1m
step 01882/03814 (49.34%) | loss: 4.062661 | lrm: 0.79 | dt: 609.60ms | tok/sec: 88,188 | bf16_mfu: 0.00 | epoch: 1 pq: 2 rg: 6 | total time: 18.52m | eta: 19.1m
step 01883/03814 (49.37%) | loss: 4.087082 | lrm: 0.79 | dt: 604.84ms | tok/sec: 88,882 | bf16_mfu: 0.00 | epoch: 1 pq: 2 rg: 6 | total time: 18.53m | eta: 19.1m
step 01884/03814 (49.40%) | loss: 4.078892 | lrm: 0.79 | dt: 607.43ms | tok/sec: 88,504 | bf16_mfu: 0.00 | epoch: 1 pq: 2 rg: 6 | total time: 18.54m | eta: 19.1m
step 01885/03814 (49.42%) | loss: 4.098187 | lrm: 0.79 | dt: 605.43ms | tok/sec: 88,796 | bf16_mfu: 0.00 | epoch: 1 pq: 2 rg: 7 | total time: 18.55m | eta: 19.1m
step 01886/03814 (49.45%) | loss: 4.102972 | lrm: 0.79 | dt: 605.44ms | tok/sec: 88,795 | bf16_mfu: 0.00 | epoch: 1 pq: 2 rg: 7 | total time: 18.56m | eta: 19.1m
step 01887/03814 (49.48%) | loss: 4.091868 | lrm: 0.79 | dt: 612.40ms | tok/sec: 87,785 | bf16_mfu: 0.00 | epoch: 1 pq: 2 rg: 7 | total time: 18.57m | eta: 19.1m
step 01888/03814 (49.50%) | loss: 4.069143 | lrm: 0.79 | dt: 603.95ms | tok/sec: 89,013 | bf16_mfu: 0.00 | epoch: 1 pq: 2 rg: 7 | total time: 18.58m | eta: 19.1m
step 01889/03814 (49.53%) | loss: 4.050407 | lrm: 0.79 | dt: 605.39ms | tok/sec: 88,801 | bf16_mfu: 0.00 | epoch: 1 pq: 2 rg: 7 | total time: 18.59m | eta: 19.0m
step 01890/03814 (49.55%) | loss: 4.043234 | lrm: 0.79 | dt: 609.67ms | tok/sec: 88,178 | bf16_mfu: 0.00 | epoch: 1 pq: 2 rg: 7 | total time: 18.60m | eta: 19.0m
step 01891/03814 (49.58%) | loss: 4.072867 | lrm: 0.79 | dt: 605.12ms | tok/sec: 88,842 | bf16_mfu: 0.00 | epoch: 1 pq: 2 rg: 7 | total time: 18.61m | eta: 19.0m
step 01892/03814 (49.61%) | loss: 4.097803 | lrm: 0.79 | dt: 608.59ms | tok/sec: 88,335 | bf16_mfu: 0.00 | epoch: 1 pq: 2 rg: 7 | total time: 18.62m | eta: 19.0m
step 01893/03814 (49.63%) | loss: 4.085662 | lrm: 0.79 | dt: 608.35ms | tok/sec: 88,369 | bf16_mfu: 0.00 | epoch: 1 pq: 2 rg: 7 | total time: 18.63m | eta: 19.0m
step 01894/03814 (49.66%) | loss: 4.062257 | lrm: 0.79 | dt: 609.47ms | tok/sec: 88,208 | bf16_mfu: 0.00 | epoch: 1 pq: 2 rg: 8 | total time: 18.64m | eta: 19.0m
step 01895/03814 (49.69%) | loss: 4.042286 | lrm: 0.79 | dt: 601.57ms | tok/sec: 89,366 | bf16_mfu: 0.00 | epoch: 1 pq: 2 rg: 8 | total time: 18.65m | eta: 19.0m
step 01896/03814 (49.71%) | loss: 4.025177 | lrm: 0.79 | dt: 608.17ms | tok/sec: 88,397 | bf16_mfu: 0.00 | epoch: 1 pq: 2 rg: 8 | total time: 18.66m | eta: 19.0m
step 01897/03814 (49.74%) | loss: 4.012363 | lrm: 0.78 | dt: 604.48ms | tok/sec: 88,936 | bf16_mfu: 0.00 | epoch: 1 pq: 2 rg: 8 | total time: 18.67m | eta: 19.0m
step 01898/03814 (49.76%) | loss: 4.022048 | lrm: 0.78 | dt: 605.01ms | tok/sec: 88,857 | bf16_mfu: 0.00 | epoch: 1 pq: 2 rg: 8 | total time: 18.68m | eta: 19.0m
step 01899/03814 (49.79%) | loss: 4.057220 | lrm: 0.78 | dt: 593.57ms | tok/sec: 90,571 | bf16_mfu: 0.00 | epoch: 1 pq: 2 rg: 8 | total time: 18.69m | eta: 18.9m
step 01900/03814 (49.82%) | loss: 4.049612 | lrm: 0.78 | dt: 596.49ms | tok/sec: 90,126 | bf16_mfu: 0.00 | epoch: 1 pq: 2 rg: 8 | total time: 18.70m | eta: 18.9m
step 01901/03814 (49.84%) | loss: 4.053323 | lrm: 0.78 | dt: 599.06ms | tok/sec: 89,740 | bf16_mfu: 0.00 | epoch: 1 pq: 2 rg: 8 | total time: 18.71m | eta: 18.9m
step 01902/03814 (49.87%) | loss: 4.021823 | lrm: 0.78 | dt: 605.95ms | tok/sec: 88,720 | bf16_mfu: 0.00 | epoch: 1 pq: 2 rg: 8 | total time: 18.72m | eta: 18.9m
step 01903/03814 (49.90%) | loss: 4.008244 | lrm: 0.78 | dt: 594.59ms | tok/sec: 90,415 | bf16_mfu: 0.00 | epoch: 1 pq: 2 rg: 8 | total time: 18.73m | eta: 18.9m
step 01904/03814 (49.92%) | loss: 3.999163 | lrm: 0.78 | dt: 596.11ms | tok/sec: 90,185 | bf16_mfu: 0.00 | epoch: 1 pq: 2 rg: 9 | total time: 18.74m | eta: 18.9m
step 01905/03814 (49.95%) | loss: 3.999030 | lrm: 0.78 | dt: 595.21ms | tok/sec: 90,321 | bf16_mfu: 0.00 | epoch: 1 pq: 2 rg: 9 | total time: 18.75m | eta: 18.9m
step 01906/03814 (49.97%) | loss: 4.016546 | lrm: 0.78 | dt: 611.27ms | tok/sec: 87,947 | bf16_mfu: 0.00 | epoch: 1 pq: 2 rg: 9 | total time: 18.76m | eta: 18.9m
step 01907/03814 (50.00%) | loss: 4.037251 | lrm: 0.78 | dt: 587.79ms | tok/sec: 91,460 | bf16_mfu: 0.00 | epoch: 1 pq: 2 rg: 9 | total time: 18.77m | eta: 18.9m
step 01908/03814 (50.03%) | loss: 4.044146 | lrm: 0.78 | dt: 597.13ms | tok/sec: 90,030 | bf16_mfu: 0.00 | epoch: 1 pq: 2 rg: 9 | total time: 18.78m | eta: 18.9m
step 01909/03814 (50.05%) | loss: 4.040277 | lrm: 0.78 | dt: 590.66ms | tok/sec: 91,016 | bf16_mfu: 0.00 | epoch: 1 pq: 2 rg: 9 | total time: 18.79m | eta: 18.8m
step 01910/03814 (50.08%) | loss: 4.019425 | lrm: 0.78 | dt: 594.16ms | tok/sec: 90,481 | bf16_mfu: 0.00 | epoch: 1 pq: 2 rg: 9 | total time: 18.80m | eta: 18.8m
step 01911/03814 (50.10%) | loss: 4.014889 | lrm: 0.78 | dt: 589.20ms | tok/sec: 91,241 | bf16_mfu: 0.00 | epoch: 1 pq: 2 rg: 9 | total time: 18.81m | eta: 18.8m
step 01912/03814 (50.13%) | loss: 4.005935 | lrm: 0.78 | dt: 590.32ms | tok/sec: 91,068 | bf16_mfu: 0.00 | epoch: 1 pq: 2 rg: 9 | total time: 18.82m | eta: 18.8m
step 01913/03814 (50.16%) | loss: 4.045916 | lrm: 0.78 | dt: 592.95ms | tok/sec: 90,665 | bf16_mfu: 0.00 | epoch: 1 pq: 2 rg: 10 | total time: 18.83m | eta: 18.8m
step 01914/03814 (50.18%) | loss: 4.046479 | lrm: 0.78 | dt: 613.99ms | tok/sec: 87,558 | bf16_mfu: 0.00 | epoch: 1 pq: 2 rg: 10 | total time: 18.84m | eta: 18.8m
step 01915/03814 (50.21%) | loss: 4.040432 | lrm: 0.78 | dt: 578.82ms | tok/sec: 92,878 | bf16_mfu: 0.00 | epoch: 1 pq: 2 rg: 10 | total time: 18.85m | eta: 18.8m
step 01916/03814 (50.24%) | loss: 4.032545 | lrm: 0.78 | dt: 595.30ms | tok/sec: 90,307 | bf16_mfu: 0.00 | epoch: 1 pq: 2 rg: 10 | total time: 18.86m | eta: 18.8m
step 01917/03814 (50.26%) | loss: 4.024961 | lrm: 0.78 | dt: 582.85ms | tok/sec: 92,235 | bf16_mfu: 0.00 | epoch: 1 pq: 2 rg: 10 | total time: 18.87m | eta: 18.8m
step 01918/03814 (50.29%) | loss: 4.035320 | lrm: 0.78 | dt: 593.19ms | tok/sec: 90,629 | bf16_mfu: 0.00 | epoch: 1 pq: 2 rg: 10 | total time: 18.88m | eta: 18.8m
step 01919/03814 (50.31%) | loss: 4.055913 | lrm: 0.78 | dt: 588.09ms | tok/sec: 91,414 | bf16_mfu: 0.00 | epoch: 1 pq: 2 rg: 10 | total time: 18.89m | eta: 18.7m
step 01920/03814 (50.34%) | loss: 4.068024 | lrm: 0.78 | dt: 586.93ms | tok/sec: 91,595 | bf16_mfu: 0.00 | epoch: 1 pq: 2 rg: 10 | total time: 18.90m | eta: 18.7m
step 01921/03814 (50.37%) | loss: 4.071868 | lrm: 0.78 | dt: 582.54ms | tok/sec: 92,284 | bf16_mfu: 0.00 | epoch: 1 pq: 2 rg: 10 | total time: 18.91m | eta: 18.7m
step 01922/03814 (50.39%) | loss: 4.058540 | lrm: 0.78 | dt: 592.18ms | tok/sec: 90,782 | bf16_mfu: 0.00 | epoch: 1 pq: 2 rg: 11 | total time: 18.92m | eta: 18.7m
step 01923/03814 (50.42%) | loss: 4.039585 | lrm: 0.77 | dt: 583.21ms | tok/sec: 92,178 | bf16_mfu: 0.00 | epoch: 1 pq: 2 rg: 11 | total time: 18.93m | eta: 18.7m
step 01924/03814 (50.45%) | loss: 4.030454 | lrm: 0.77 | dt: 588.19ms | tok/sec: 91,399 | bf16_mfu: 0.00 | epoch: 1 pq: 2 rg: 11 | total time: 18.94m | eta: 18.7m
step 01925/03814 (50.47%) | loss: 4.051222 | lrm: 0.77 | dt: 593.16ms | tok/sec: 90,633 | bf16_mfu: 0.00 | epoch: 1 pq: 2 rg: 11 | total time: 18.95m | eta: 18.7m
step 01926/03814 (50.50%) | loss: 4.059476 | lrm: 0.77 | dt: 587.08ms | tok/sec: 91,572 | bf16_mfu: 0.00 | epoch: 1 pq: 2 rg: 11 | total time: 18.96m | eta: 18.7m
step 01927/03814 (50.52%) | loss: 4.064553 | lrm: 0.77 | dt: 619.69ms | tok/sec: 86,753 | bf16_mfu: 0.00 | epoch: 1 pq: 2 rg: 11 | total time: 18.97m | eta: 18.7m
step 01928/03814 (50.55%) | loss: 4.051699 | lrm: 0.77 | dt: 592.81ms | tok/sec: 90,686 | bf16_mfu: 0.00 | epoch: 1 pq: 2 rg: 11 | total time: 18.98m | eta: 18.7m
step 01929/03814 (50.58%) | loss: 4.021137 | lrm: 0.77 | dt: 586.89ms | tok/sec: 91,601 | bf16_mfu: 0.00 | epoch: 1 pq: 2 rg: 11 | total time: 18.99m | eta: 18.6m
step 01930/03814 (50.60%) | loss: 4.015970 | lrm: 0.77 | dt: 585.26ms | tok/sec: 91,857 | bf16_mfu: 0.00 | epoch: 1 pq: 2 rg: 11 | total time: 18.99m | eta: 18.6m
step 01931/03814 (50.63%) | loss: 4.007133 | lrm: 0.77 | dt: 585.00ms | tok/sec: 91,898 | bf16_mfu: 0.00 | epoch: 1 pq: 2 rg: 11 | total time: 19.00m | eta: 18.6m
step 01932/03814 (50.66%) | loss: 4.036996 | lrm: 0.77 | dt: 749.23ms | tok/sec: 71,754 | bf16_mfu: 0.00 | epoch: 1 pq: 2 rg: 12 | total time: 19.02m | eta: 18.6m
step 01933/03814 (50.68%) | loss: 4.059925 | lrm: 0.77 | dt: 586.55ms | tok/sec: 91,655 | bf16_mfu: 0.00 | epoch: 1 pq: 2 rg: 12 | total time: 19.03m | eta: 18.6m
step 01934/03814 (50.71%) | loss: 4.052082 | lrm: 0.77 | dt: 627.41ms | tok/sec: 85,685 | bf16_mfu: 0.00 | epoch: 1 pq: 2 rg: 12 | total time: 19.04m | eta: 18.6m
step 01935/03814 (50.73%) | loss: 4.025907 | lrm: 0.77 | dt: 589.57ms | tok/sec: 91,185 | bf16_mfu: 0.00 | epoch: 1 pq: 2 rg: 12 | total time: 19.05m | eta: 18.6m
step 01936/03814 (50.76%) | loss: 4.008708 | lrm: 0.77 | dt: 586.57ms | tok/sec: 91,651 | bf16_mfu: 0.00 | epoch: 1 pq: 2 rg: 12 | total time: 19.06m | eta: 18.6m
step 01937/03814 (50.79%) | loss: 4.019183 | lrm: 0.77 | dt: 585.86ms | tok/sec: 91,762 | bf16_mfu: 0.00 | epoch: 1 pq: 2 rg: 12 | total time: 19.07m | eta: 18.6m
step 01938/03814 (50.81%) | loss: 4.007749 | lrm: 0.77 | dt: 588.49ms | tok/sec: 91,351 | bf16_mfu: 0.00 | epoch: 1 pq: 2 rg: 12 | total time: 19.08m | eta: 18.6m
step 01939/03814 (50.84%) | loss: 4.004012 | lrm: 0.77 | dt: 592.53ms | tok/sec: 90,729 | bf16_mfu: 0.00 | epoch: 1 pq: 2 rg: 12 | total time: 19.09m | eta: 18.6m
step 01940/03814 (50.87%) | loss: 4.003310 | lrm: 0.77 | dt: 590.33ms | tok/sec: 91,068 | bf16_mfu: 0.00 | epoch: 1 pq: 2 rg: 12 | total time: 19.10m | eta: 18.5m
step 01941/03814 (50.89%) | loss: 3.979655 | lrm: 0.77 | dt: 589.66ms | tok/sec: 91,170 | bf16_mfu: 0.00 | epoch: 1 pq: 2 rg: 13 | total time: 19.11m | eta: 18.5m
step 01942/03814 (50.92%) | loss: 3.967854 | lrm: 0.77 | dt: 585.96ms | tok/sec: 91,746 | bf16_mfu: 0.00 | epoch: 1 pq: 2 rg: 13 | total time: 19.12m | eta: 18.5m
step 01943/03814 (50.94%) | loss: 3.977251 | lrm: 0.77 | dt: 580.18ms | tok/sec: 92,660 | bf16_mfu: 0.00 | epoch: 1 pq: 2 rg: 13 | total time: 19.13m | eta: 18.5m
step 01944/03814 (50.97%) | loss: 3.975050 | lrm: 0.77 | dt: 586.69ms | tok/sec: 91,633 | bf16_mfu: 0.00 | epoch: 1 pq: 2 rg: 13 | total time: 19.14m | eta: 18.5m
step 01945/03814 (51.00%) | loss: 3.984069 | lrm: 0.77 | dt: 590.83ms | tok/sec: 90,990 | bf16_mfu: 0.00 | epoch: 1 pq: 2 rg: 13 | total time: 19.15m | eta: 18.5m
step 01946/03814 (51.02%) | loss: 3.986221 | lrm: 0.77 | dt: 579.11ms | tok/sec: 92,831 | bf16_mfu: 0.00 | epoch: 1 pq: 2 rg: 13 | total time: 19.15m | eta: 18.5m
step 01947/03814 (51.05%) | loss: 3.973250 | lrm: 0.77 | dt: 585.04ms | tok/sec: 91,891 | bf16_mfu: 0.00 | epoch: 1 pq: 2 rg: 13 | total time: 19.16m | eta: 18.5m
step 01948/03814 (51.07%) | loss: 3.952948 | lrm: 0.77 | dt: 587.39ms | tok/sec: 91,523 | bf16_mfu: 0.00 | epoch: 1 pq: 2 rg: 13 | total time: 19.17m | eta: 18.5m
step 01949/03814 (51.10%) | loss: 3.928673 | lrm: 0.76 | dt: 588.17ms | tok/sec: 91,402 | bf16_mfu: 0.00 | epoch: 1 pq: 2 rg: 13 | total time: 19.18m | eta: 18.5m
step 01950/03814 (51.13%) | loss: 3.935238 | lrm: 0.76 | dt: 616.09ms | tok/sec: 87,260 | bf16_mfu: 0.00 | epoch: 1 pq: 2 rg: 13 | total time: 19.19m | eta: 18.4m
step 01951/03814 (51.15%) | loss: 3.953892 | lrm: 0.76 | dt: 596.08ms | tok/sec: 90,189 | bf16_mfu: 0.00 | epoch: 1 pq: 2 rg: 14 | total time: 19.20m | eta: 18.4m
step 01952/03814 (51.18%) | loss: 3.979678 | lrm: 0.76 | dt: 593.72ms | tok/sec: 90,546 | bf16_mfu: 0.00 | epoch: 1 pq: 2 rg: 14 | total time: 19.21m | eta: 18.4m
step 01953/03814 (51.21%) | loss: 3.968958 | lrm: 0.76 | dt: 588.62ms | tok/sec: 91,332 | bf16_mfu: 0.00 | epoch: 1 pq: 2 rg: 14 | total time: 19.22m | eta: 18.4m
step 01954/03814 (51.23%) | loss: 3.958203 | lrm: 0.76 | dt: 585.19ms | tok/sec: 91,868 | bf16_mfu: 0.00 | epoch: 1 pq: 2 rg: 14 | total time: 19.23m | eta: 18.4m
step 01955/03814 (51.26%) | loss: 3.954092 | lrm: 0.76 | dt: 592.07ms | tok/sec: 90,799 | bf16_mfu: 0.00 | epoch: 1 pq: 2 rg: 14 | total time: 19.24m | eta: 18.4m
step 01956/03814 (51.28%) | loss: 3.987891 | lrm: 0.76 | dt: 586.21ms | tok/sec: 91,707 | bf16_mfu: 0.00 | epoch: 1 pq: 2 rg: 14 | total time: 19.25m | eta: 18.4m
step 01957/03814 (51.31%) | loss: 4.016451 | lrm: 0.76 | dt: 588.36ms | tok/sec: 91,372 | bf16_mfu: 0.00 | epoch: 1 pq: 2 rg: 14 | total time: 19.26m | eta: 18.4m
step 01958/03814 (51.34%) | loss: 4.035891 | lrm: 0.76 | dt: 586.12ms | tok/sec: 91,721 | bf16_mfu: 0.00 | epoch: 1 pq: 2 rg: 14 | total time: 19.27m | eta: 18.4m
step 01959/03814 (51.36%) | loss: 4.021570 | lrm: 0.76 | dt: 583.94ms | tok/sec: 92,063 | bf16_mfu: 0.00 | epoch: 1 pq: 2 rg: 14 | total time: 19.28m | eta: 18.4m
step 01960/03814 (51.39%) | loss: 4.002847 | lrm: 0.76 | dt: 599.65ms | tok/sec: 89,652 | bf16_mfu: 0.00 | epoch: 1 pq: 2 rg: 15 | total time: 19.29m | eta: 18.3m
step 01961/03814 (51.42%) | loss: 3.996015 | lrm: 0.76 | dt: 591.00ms | tok/sec: 90,964 | bf16_mfu: 0.00 | epoch: 1 pq: 2 rg: 15 | total time: 19.30m | eta: 18.3m
step 01962/03814 (51.44%) | loss: 3.998134 | lrm: 0.76 | dt: 587.49ms | tok/sec: 91,507 | bf16_mfu: 0.00 | epoch: 1 pq: 2 rg: 15 | total time: 19.31m | eta: 18.3m
step 01963/03814 (51.47%) | loss: 3.992762 | lrm: 0.76 | dt: 598.55ms | tok/sec: 89,816 | bf16_mfu: 0.00 | epoch: 1 pq: 2 rg: 15 | total time: 19.32m | eta: 18.3m
step 01964/03814 (51.49%) | loss: 4.011799 | lrm: 0.76 | dt: 596.02ms | tok/sec: 90,198 | bf16_mfu: 0.00 | epoch: 1 pq: 2 rg: 15 | total time: 19.33m | eta: 18.3m
step 01965/03814 (51.52%) | loss: 4.028404 | lrm: 0.76 | dt: 588.79ms | tok/sec: 91,306 | bf16_mfu: 0.00 | epoch: 1 pq: 2 rg: 15 | total time: 19.34m | eta: 18.3m
step 01966/03814 (51.55%) | loss: 4.011776 | lrm: 0.76 | dt: 815.66ms | tok/sec: 65,909 | bf16_mfu: 0.00 | epoch: 1 pq: 2 rg: 15 | total time: 19.36m | eta: 18.3m
step 01967/03814 (51.57%) | loss: 3.992053 | lrm: 0.76 | dt: 579.31ms | tok/sec: 92,800 | bf16_mfu: 0.00 | epoch: 1 pq: 2 rg: 15 | total time: 19.37m | eta: 18.3m
step 01968/03814 (51.60%) | loss: 3.983491 | lrm: 0.76 | dt: 591.56ms | tok/sec: 90,878 | bf16_mfu: 0.00 | epoch: 1 pq: 2 rg: 15 | total time: 19.38m | eta: 18.3m
step 01969/03814 (51.63%) | loss: 3.971740 | lrm: 0.76 | dt: 586.01ms | tok/sec: 91,739 | bf16_mfu: 0.00 | epoch: 1 pq: 2 rg: 15 | total time: 19.38m | eta: 18.3m
step 01970/03814 (51.65%) | loss: 3.966315 | lrm: 0.76 | dt: 699.70ms | tok/sec: 76,832 | bf16_mfu: 0.00 | epoch: 1 pq: 2 rg: 16 | total time: 19.40m | eta: 18.2m
step 01971/03814 (51.68%) | loss: 3.954209 | lrm: 0.76 | dt: 590.10ms | tok/sec: 91,103 | bf16_mfu: 0.00 | epoch: 1 pq: 2 rg: 16 | total time: 19.41m | eta: 18.2m
step 01972/03814 (51.70%) | loss: 3.984662 | lrm: 0.76 | dt: 667.56ms | tok/sec: 80,532 | bf16_mfu: 0.00 | epoch: 1 pq: 2 rg: 16 | total time: 19.42m | eta: 18.2m
step 01973/03814 (51.73%) | loss: 4.016417 | lrm: 0.76 | dt: 588.96ms | tok/sec: 91,280 | bf16_mfu: 0.00 | epoch: 1 pq: 2 rg: 16 | total time: 19.43m | eta: 18.2m
step 01974/03814 (51.76%) | loss: 4.008893 | lrm: 0.76 | dt: 588.71ms | tok/sec: 91,317 | bf16_mfu: 0.00 | epoch: 1 pq: 2 rg: 16 | total time: 19.44m | eta: 18.2m
step 01975/03814 (51.78%) | loss: 3.989734 | lrm: 0.75 | dt: 589.92ms | tok/sec: 91,131 | bf16_mfu: 0.00 | epoch: 1 pq: 2 rg: 16 | total time: 19.45m | eta: 18.2m
step 01976/03814 (51.81%) | loss: 3.979719 | lrm: 0.75 | dt: 586.83ms | tok/sec: 91,611 | bf16_mfu: 0.00 | epoch: 1 pq: 2 rg: 16 | total time: 19.46m | eta: 18.2m
step 01977/03814 (51.84%) | loss: 3.984301 | lrm: 0.75 | dt: 602.89ms | tok/sec: 89,170 | bf16_mfu: 0.00 | epoch: 1 pq: 2 rg: 16 | total time: 19.47m | eta: 18.2m
step 01978/03814 (51.86%) | loss: 3.991799 | lrm: 0.75 | dt: 927.52ms | tok/sec: 57,961 | bf16_mfu: 0.00 | epoch: 1 pq: 2 rg: 16 | total time: 19.48m | eta: 18.2m
step 01979/03814 (51.89%) | loss: 4.012285 | lrm: 0.75 | dt: 781.15ms | tok/sec: 68,821 | bf16_mfu: 0.00 | epoch: 1 pq: 2 rg: 17 | total time: 19.50m | eta: 18.2m
step 01980/03814 (51.91%) | loss: 4.001718 | lrm: 0.75 | dt: 579.42ms | tok/sec: 92,782 | bf16_mfu: 0.00 | epoch: 1 pq: 2 rg: 17 | total time: 19.50m | eta: 18.2m
step 01981/03814 (51.94%) | loss: 3.976346 | lrm: 0.75 | dt: 582.35ms | tok/sec: 92,315 | bf16_mfu: 0.00 | epoch: 1 pq: 2 rg: 17 | total time: 19.51m | eta: 18.1m
step 01982/03814 (51.97%) | loss: 3.965736 | lrm: 0.75 | dt: 588.59ms | tok/sec: 91,337 | bf16_mfu: 0.00 | epoch: 1 pq: 2 rg: 17 | total time: 19.52m | eta: 18.1m
step 01983/03814 (51.99%) | loss: 3.957545 | lrm: 0.75 | dt: 592.00ms | tok/sec: 90,810 | bf16_mfu: 0.00 | epoch: 1 pq: 2 rg: 17 | total time: 19.53m | eta: 18.1m
step 01984/03814 (52.02%) | loss: 3.959428 | lrm: 0.75 | dt: 639.90ms | tok/sec: 84,012 | bf16_mfu: 0.00 | epoch: 1 pq: 2 rg: 17 | total time: 19.54m | eta: 18.1m
step 01985/03814 (52.05%) | loss: 3.968193 | lrm: 0.75 | dt: 589.27ms | tok/sec: 91,231 | bf16_mfu: 0.00 | epoch: 1 pq: 2 rg: 17 | total time: 19.55m | eta: 18.1m
step 01986/03814 (52.07%) | loss: 3.986443 | lrm: 0.75 | dt: 587.63ms | tok/sec: 91,485 | bf16_mfu: 0.00 | epoch: 1 pq: 2 rg: 17 | total time: 19.56m | eta: 18.1m
step 01987/03814 (52.10%) | loss: 3.986875 | lrm: 0.75 | dt: 588.77ms | tok/sec: 91,309 | bf16_mfu: 0.00 | epoch: 1 pq: 2 rg: 17 | total time: 19.57m | eta: 18.1m
step 01988/03814 (52.12%) | loss: 3.973686 | lrm: 0.75 | dt: 682.01ms | tok/sec: 78,826 | bf16_mfu: 0.00 | epoch: 1 pq: 2 rg: 18 | total time: 19.59m | eta: 18.1m
step 01989/03814 (52.15%) | loss: 3.964338 | lrm: 0.75 | dt: 598.60ms | tok/sec: 89,808 | bf16_mfu: 0.00 | epoch: 1 pq: 2 rg: 18 | total time: 19.60m | eta: 18.1m
step 01990/03814 (52.18%) | loss: 3.945390 | lrm: 0.75 | dt: 589.33ms | tok/sec: 91,222 | bf16_mfu: 0.00 | epoch: 1 pq: 2 rg: 18 | total time: 19.61m | eta: 18.1m
step 01991/03814 (52.20%) | loss: 3.935615 | lrm: 0.75 | dt: 587.43ms | tok/sec: 91,517 | bf16_mfu: 0.00 | epoch: 1 pq: 2 rg: 18 | total time: 19.62m | eta: 18.1m
step 01992/03814 (52.23%) | loss: 3.925118 | lrm: 0.75 | dt: 580.04ms | tok/sec: 92,683 | bf16_mfu: 0.00 | epoch: 1 pq: 2 rg: 18 | total time: 19.63m | eta: 18.0m
step 01993/03814 (52.25%) | loss: 3.942027 | lrm: 0.75 | dt: 590.95ms | tok/sec: 90,971 | bf16_mfu: 0.00 | epoch: 1 pq: 2 rg: 18 | total time: 19.63m | eta: 18.0m
step 01994/03814 (52.28%) | loss: 3.968130 | lrm: 0.75 | dt: 621.36ms | tok/sec: 86,520 | bf16_mfu: 0.00 | epoch: 1 pq: 2 rg: 18 | total time: 19.65m | eta: 18.0m
step 01995/03814 (52.31%) | loss: 3.979818 | lrm: 0.75 | dt: 598.59ms | tok/sec: 89,811 | bf16_mfu: 0.00 | epoch: 1 pq: 2 rg: 18 | total time: 19.66m | eta: 18.0m
step 01996/03814 (52.33%) | loss: 3.972543 | lrm: 0.75 | dt: 589.22ms | tok/sec: 91,238 | bf16_mfu: 0.00 | epoch: 1 pq: 2 rg: 18 | total time: 19.67m | eta: 18.0m
step 01997/03814 (52.36%) | loss: 3.950372 | lrm: 0.75 | dt: 593.19ms | tok/sec: 90,628 | bf16_mfu: 0.00 | epoch: 1 pq: 2 rg: 19 | total time: 19.67m | eta: 18.0m
step 01998/03814 (52.39%) | loss: 3.930908 | lrm: 0.75 | dt: 586.70ms | tok/sec: 91,631 | bf16_mfu: 0.00 | epoch: 1 pq: 2 rg: 19 | total time: 19.68m | eta: 18.0m
step 01999/03814 (52.41%) | loss: 3.919225 | lrm: 0.75 | dt: 590.60ms | tok/sec: 91,026 | bf16_mfu: 0.00 | epoch: 1 pq: 2 rg: 19 | total time: 19.69m | eta: 18.0m
Step 02000 | Validation bpb: 0.852061
step 02000/03814 (52.44%) | loss: 3.944751 | lrm: 0.75 | dt: 573.84ms | tok/sec: 93,683 | bf16_mfu: 0.00 | epoch: 1 pq: 2 rg: 19 | total time: 19.70m | eta: 18.0m
step 02001/03814 (52.46%) | loss: 3.971488 | lrm: 0.74 | dt: 580.02ms | tok/sec: 92,686 | bf16_mfu: 0.00 | epoch: 1 pq: 2 rg: 19 | total time: 19.71m | eta: 18.0m
step 02002/03814 (52.49%) | loss: 3.990716 | lrm: 0.74 | dt: 575.96ms | tok/sec: 93,340 | bf16_mfu: 0.00 | epoch: 1 pq: 2 rg: 19 | total time: 19.72m | eta: 17.9m
step 02003/03814 (52.52%) | loss: 3.976549 | lrm: 0.74 | dt: 586.34ms | tok/sec: 91,687 | bf16_mfu: 0.00 | epoch: 1 pq: 2 rg: 19 | total time: 19.73m | eta: 17.9m
step 02004/03814 (52.54%) | loss: 3.948482 | lrm: 0.74 | dt: 568.62ms | tok/sec: 94,544 | bf16_mfu: 0.00 | epoch: 1 pq: 2 rg: 19 | total time: 19.74m | eta: 17.9m
step 02005/03814 (52.57%) | loss: 3.955960 | lrm: 0.74 | dt: 587.51ms | tok/sec: 91,504 | bf16_mfu: 0.00 | epoch: 1 pq: 2 rg: 19 | total time: 19.75m | eta: 17.9m
step 02006/03814 (52.60%) | loss: 3.977972 | lrm: 0.74 | dt: 578.20ms | tok/sec: 92,977 | bf16_mfu: 0.00 | epoch: 1 pq: 2 rg: 19 | total time: 19.76m | eta: 17.9m
step 02007/03814 (52.62%) | loss: 4.003520 | lrm: 0.74 | dt: 577.32ms | tok/sec: 93,119 | bf16_mfu: 0.00 | epoch: 1 pq: 2 rg: 20 | total time: 19.77m | eta: 17.9m
step 02008/03814 (52.65%) | loss: 3.985820 | lrm: 0.74 | dt: 586.13ms | tok/sec: 91,719 | bf16_mfu: 0.00 | epoch: 1 pq: 2 rg: 20 | total time: 19.78m | eta: 17.9m
step 02009/03814 (52.67%) | loss: 3.960986 | lrm: 0.74 | dt: 579.72ms | tok/sec: 92,734 | bf16_mfu: 0.00 | epoch: 1 pq: 2 rg: 20 | total time: 19.79m | eta: 17.9m
step 02010/03814 (52.70%) | loss: 3.970159 | lrm: 0.74 | dt: 576.30ms | tok/sec: 93,284 | bf16_mfu: 0.00 | epoch: 1 pq: 2 rg: 20 | total time: 19.80m | eta: 17.9m
step 02011/03814 (52.73%) | loss: 3.981839 | lrm: 0.74 | dt: 584.70ms | tok/sec: 91,943 | bf16_mfu: 0.00 | epoch: 1 pq: 2 rg: 20 | total time: 19.81m | eta: 17.9m
step 02012/03814 (52.75%) | loss: 4.010946 | lrm: 0.74 | dt: 576.87ms | tok/sec: 93,193 | bf16_mfu: 0.00 | epoch: 1 pq: 2 rg: 20 | total time: 19.82m | eta: 17.8m
step 02013/03814 (52.78%) | loss: 4.033670 | lrm: 0.74 | dt: 582.77ms | tok/sec: 92,249 | bf16_mfu: 0.00 | epoch: 1 pq: 2 rg: 20 | total time: 19.83m | eta: 17.8m
step 02014/03814 (52.81%) | loss: 4.028420 | lrm: 0.74 | dt: 587.07ms | tok/sec: 91,573 | bf16_mfu: 0.00 | epoch: 1 pq: 2 rg: 20 | total time: 19.84m | eta: 17.8m
step 02015/03814 (52.83%) | loss: 4.003317 | lrm: 0.74 | dt: 585.66ms | tok/sec: 91,793 | bf16_mfu: 0.00 | epoch: 1 pq: 2 rg: 20 | total time: 19.85m | eta: 17.8m
step 02016/03814 (52.86%) | loss: 3.990487 | lrm: 0.74 | dt: 631.40ms | tok/sec: 85,143 | bf16_mfu: 0.00 | epoch: 1 pq: 2 rg: 21 | total time: 19.86m | eta: 17.8m
step 02017/03814 (52.88%) | loss: 3.962324 | lrm: 0.74 | dt: 584.04ms | tok/sec: 92,047 | bf16_mfu: 0.00 | epoch: 1 pq: 2 rg: 21 | total time: 19.87m | eta: 17.8m
step 02018/03814 (52.91%) | loss: 3.977087 | lrm: 0.74 | dt: 569.54ms | tok/sec: 94,391 | bf16_mfu: 0.00 | epoch: 1 pq: 2 rg: 21 | total time: 19.88m | eta: 17.8m
step 02019/03814 (52.94%) | loss: 4.012822 | lrm: 0.74 | dt: 580.90ms | tok/sec: 92,546 | bf16_mfu: 0.00 | epoch: 1 pq: 2 rg: 21 | total time: 19.89m | eta: 17.8m
step 02020/03814 (52.96%) | loss: 4.031654 | lrm: 0.74 | dt: 621.80ms | tok/sec: 86,458 | bf16_mfu: 0.00 | epoch: 1 pq: 2 rg: 21 | total time: 19.90m | eta: 17.8m
step 02021/03814 (52.99%) | loss: 4.018552 | lrm: 0.74 | dt: 579.46ms | tok/sec: 92,775 | bf16_mfu: 0.00 | epoch: 1 pq: 2 rg: 21 | total time: 19.91m | eta: 17.8m
step 02022/03814 (53.02%) | loss: 4.011260 | lrm: 0.74 | dt: 587.12ms | tok/sec: 91,565 | bf16_mfu: 0.00 | epoch: 1 pq: 2 rg: 21 | total time: 19.92m | eta: 17.7m
step 02023/03814 (53.04%) | loss: 3.990186 | lrm: 0.74 | dt: 587.46ms | tok/sec: 91,511 | bf16_mfu: 0.00 | epoch: 1 pq: 2 rg: 21 | total time: 19.93m | eta: 17.7m
step 02024/03814 (53.07%) | loss: 3.998987 | lrm: 0.74 | dt: 625.71ms | tok/sec: 85,918 | bf16_mfu: 0.00 | epoch: 1 pq: 2 rg: 21 | total time: 19.94m | eta: 17.7m
step 02025/03814 (53.09%) | loss: 4.032973 | lrm: 0.74 | dt: 585.59ms | tok/sec: 91,805 | bf16_mfu: 0.00 | epoch: 1 pq: 2 rg: 21 | total time: 19.95m | eta: 17.7m
step 02026/03814 (53.12%) | loss: 4.023773 | lrm: 0.74 | dt: 570.98ms | tok/sec: 94,154 | bf16_mfu: 0.00 | epoch: 1 pq: 2 rg: 22 | total time: 19.96m | eta: 17.7m
step 02027/03814 (53.15%) | loss: 3.995020 | lrm: 0.73 | dt: 585.02ms | tok/sec: 91,893 | bf16_mfu: 0.00 | epoch: 1 pq: 2 rg: 22 | total time: 19.97m | eta: 17.7m
step 02028/03814 (53.17%) | loss: 4.004601 | lrm: 0.73 | dt: 585.05ms | tok/sec: 91,889 | bf16_mfu: 0.00 | epoch: 1 pq: 2 rg: 22 | total time: 19.98m | eta: 17.7m
step 02029/03814 (53.20%) | loss: 4.012869 | lrm: 0.73 | dt: 670.43ms | tok/sec: 80,186 | bf16_mfu: 0.00 | epoch: 1 pq: 2 rg: 22 | total time: 19.99m | eta: 17.7m
step 02030/03814 (53.22%) | loss: 4.032725 | lrm: 0.73 | dt: 590.55ms | tok/sec: 91,033 | bf16_mfu: 0.00 | epoch: 1 pq: 2 rg: 22 | total time: 20.00m | eta: 17.7m
step 02031/03814 (53.25%) | loss: 4.010092 | lrm: 0.73 | dt: 582.77ms | tok/sec: 92,249 | bf16_mfu: 0.00 | epoch: 1 pq: 2 rg: 22 | total time: 20.01m | eta: 17.7m
step 02032/03814 (53.28%) | loss: 4.005743 | lrm: 0.73 | dt: 587.94ms | tok/sec: 91,437 | bf16_mfu: 0.00 | epoch: 1 pq: 2 rg: 22 | total time: 20.02m | eta: 17.6m
step 02033/03814 (53.30%) | loss: 4.008276 | lrm: 0.73 | dt: 585.81ms | tok/sec: 91,771 | bf16_mfu: 0.00 | epoch: 1 pq: 2 rg: 22 | total time: 20.03m | eta: 17.6m
step 02034/03814 (53.33%) | loss: 4.039845 | lrm: 0.73 | dt: 580.82ms | tok/sec: 92,559 | bf16_mfu: 0.00 | epoch: 1 pq: 2 rg: 22 | total time: 20.04m | eta: 17.6m
step 02035/03814 (53.36%) | loss: 4.027548 | lrm: 0.73 | dt: 575.56ms | tok/sec: 93,405 | bf16_mfu: 0.00 | epoch: 1 pq: 2 rg: 22 | total time: 20.05m | eta: 17.6m
step 02036/03814 (53.38%) | loss: 4.005450 | lrm: 0.73 | dt: 586.25ms | tok/sec: 91,701 | bf16_mfu: 0.00 | epoch: 1 pq: 2 rg: 23 | total time: 20.06m | eta: 17.6m
step 02037/03814 (53.41%) | loss: 3.984224 | lrm: 0.73 | dt: 582.71ms | tok/sec: 92,258 | bf16_mfu: 0.00 | epoch: 1 pq: 2 rg: 23 | total time: 20.07m | eta: 17.6m
step 02038/03814 (53.43%) | loss: 3.967401 | lrm: 0.73 | dt: 570.49ms | tok/sec: 94,235 | bf16_mfu: 0.00 | epoch: 1 pq: 2 rg: 23 | total time: 20.08m | eta: 17.6m
step 02039/03814 (53.46%) | loss: 3.979571 | lrm: 0.73 | dt: 691.71ms | tok/sec: 77,720 | bf16_mfu: 0.00 | epoch: 1 pq: 2 rg: 23 | total time: 20.09m | eta: 17.6m
step 02040/03814 (53.49%) | loss: 3.989838 | lrm: 0.73 | dt: 581.71ms | tok/sec: 92,416 | bf16_mfu: 0.00 | epoch: 1 pq: 2 rg: 23 | total time: 20.10m | eta: 17.6m
step 02041/03814 (53.51%) | loss: 3.999297 | lrm: 0.73 | dt: 573.76ms | tok/sec: 93,697 | bf16_mfu: 0.00 | epoch: 1 pq: 2 rg: 23 | total time: 20.11m | eta: 17.6m
step 02042/03814 (53.54%) | loss: 3.974718 | lrm: 0.73 | dt: 585.21ms | tok/sec: 91,864 | bf16_mfu: 0.00 | epoch: 1 pq: 2 rg: 23 | total time: 20.12m | eta: 17.5m
step 02043/03814 (53.57%) | loss: 3.961587 | lrm: 0.73 | dt: 582.65ms | tok/sec: 92,267 | bf16_mfu: 0.00 | epoch: 1 pq: 2 rg: 23 | total time: 20.13m | eta: 17.5m
step 02044/03814 (53.59%) | loss: 3.940550 | lrm: 0.73 | dt: 588.50ms | tok/sec: 91,350 | bf16_mfu: 0.00 | epoch: 1 pq: 2 rg: 23 | total time: 20.14m | eta: 17.5m
step 02045/03814 (53.62%) | loss: 3.946203 | lrm: 0.73 | dt: 579.35ms | tok/sec: 92,794 | bf16_mfu: 0.00 | epoch: 1 pq: 2 rg: 23 | total time: 20.15m | eta: 17.5m
step 02046/03814 (53.64%) | loss: 3.945451 | lrm: 0.73 | dt: 576.67ms | tok/sec: 93,225 | bf16_mfu: 0.00 | epoch: 1 pq: 2 rg: 24 | total time: 20.16m | eta: 17.5m
step 02047/03814 (53.67%) | loss: 3.942228 | lrm: 0.73 | dt: 586.58ms | tok/sec: 91,649 | bf16_mfu: 0.00 | epoch: 1 pq: 2 rg: 24 | total time: 20.17m | eta: 17.5m
step 02048/03814 (53.70%) | loss: 3.931441 | lrm: 0.73 | dt: 585.89ms | tok/sec: 91,758 | bf16_mfu: 0.00 | epoch: 1 pq: 2 rg: 24 | total time: 20.17m | eta: 17.5m
step 02049/03814 (53.72%) | loss: 3.907941 | lrm: 0.73 | dt: 581.10ms | tok/sec: 92,514 | bf16_mfu: 0.00 | epoch: 1 pq: 2 rg: 24 | total time: 20.18m | eta: 17.5m
step 02050/03814 (53.75%) | loss: 3.886827 | lrm: 0.73 | dt: 573.54ms | tok/sec: 93,733 | bf16_mfu: 0.00 | epoch: 1 pq: 2 rg: 24 | total time: 20.19m | eta: 17.5m
step 02051/03814 (53.78%) | loss: 3.901817 | lrm: 0.73 | dt: 586.02ms | tok/sec: 91,736 | bf16_mfu: 0.00 | epoch: 1 pq: 2 rg: 24 | total time: 20.20m | eta: 17.5m
step 02052/03814 (53.80%) | loss: 3.932776 | lrm: 0.73 | dt: 584.16ms | tok/sec: 92,029 | bf16_mfu: 0.00 | epoch: 1 pq: 2 rg: 24 | total time: 20.21m | eta: 17.4m
step 02053/03814 (53.83%) | loss: 3.911895 | lrm: 0.72 | dt: 745.32ms | tok/sec: 72,129 | bf16_mfu: 0.00 | epoch: 1 pq: 2 rg: 24 | total time: 20.23m | eta: 17.4m
step 02054/03814 (53.85%) | loss: 3.907873 | lrm: 0.72 | dt: 575.54ms | tok/sec: 93,407 | bf16_mfu: 0.00 | epoch: 1 pq: 2 rg: 24 | total time: 20.24m | eta: 17.4m
step 02055/03814 (53.88%) | loss: 3.893569 | lrm: 0.72 | dt: 585.32ms | tok/sec: 91,846 | bf16_mfu: 0.00 | epoch: 1 pq: 2 rg: 25 | total time: 20.25m | eta: 17.4m
step 02056/03814 (53.91%) | loss: 3.880392 | lrm: 0.72 | dt: 576.21ms | tok/sec: 93,299 | bf16_mfu: 0.00 | epoch: 1 pq: 2 rg: 25 | total time: 20.26m | eta: 17.4m
step 02057/03814 (53.93%) | loss: 3.885745 | lrm: 0.72 | dt: 578.54ms | tok/sec: 92,923 | bf16_mfu: 0.00 | epoch: 1 pq: 2 rg: 25 | total time: 20.26m | eta: 17.4m
step 02058/03814 (53.96%) | loss: 3.910896 | lrm: 0.72 | dt: 585.58ms | tok/sec: 91,806 | bf16_mfu: 0.00 | epoch: 1 pq: 2 rg: 25 | total time: 20.27m | eta: 17.4m
step 02059/03814 (53.99%) | loss: 3.931513 | lrm: 0.72 | dt: 580.99ms | tok/sec: 92,531 | bf16_mfu: 0.00 | epoch: 1 pq: 2 rg: 25 | total time: 20.28m | eta: 17.4m
step 02060/03814 (54.01%) | loss: 3.944375 | lrm: 0.72 | dt: 606.54ms | tok/sec: 88,633 | bf16_mfu: 0.00 | epoch: 1 pq: 2 rg: 25 | total time: 20.29m | eta: 17.4m
step 02061/03814 (54.04%) | loss: 3.922151 | lrm: 0.72 | dt: 575.60ms | tok/sec: 93,398 | bf16_mfu: 0.00 | epoch: 1 pq: 2 rg: 25 | total time: 20.30m | eta: 17.4m
step 02062/03814 (54.06%) | loss: 3.900145 | lrm: 0.72 | dt: 584.16ms | tok/sec: 92,029 | bf16_mfu: 0.00 | epoch: 1 pq: 2 rg: 25 | total time: 20.31m | eta: 17.3m
step 02063/03814 (54.09%) | loss: 3.923969 | lrm: 0.72 | dt: 586.32ms | tok/sec: 91,690 | bf16_mfu: 0.00 | epoch: 1 pq: 2 rg: 25 | total time: 20.32m | eta: 17.3m
step 02064/03814 (54.12%) | loss: 3.949236 | lrm: 0.72 | dt: 670.09ms | tok/sec: 80,228 | bf16_mfu: 0.00 | epoch: 1 pq: 2 rg: 25 | total time: 20.33m | eta: 17.3m
step 02065/03814 (54.14%) | loss: 3.953534 | lrm: 0.72 | dt: 596.44ms | tok/sec: 90,135 | bf16_mfu: 0.00 | epoch: 1 pq: 2 rg: 26 | total time: 20.34m | eta: 17.3m
step 02066/03814 (54.17%) | loss: 3.936430 | lrm: 0.72 | dt: 575.00ms | tok/sec: 93,496 | bf16_mfu: 0.00 | epoch: 1 pq: 2 rg: 26 | total time: 20.35m | eta: 17.3m
step 02067/03814 (54.20%) | loss: 3.925046 | lrm: 0.72 | dt: 586.87ms | tok/sec: 91,604 | bf16_mfu: 0.00 | epoch: 1 pq: 2 rg: 26 | total time: 20.36m | eta: 17.3m
step 02068/03814 (54.22%) | loss: 3.932029 | lrm: 0.72 | dt: 585.29ms | tok/sec: 91,851 | bf16_mfu: 0.00 | epoch: 1 pq: 2 rg: 26 | total time: 20.37m | eta: 17.3m
step 02069/03814 (54.25%) | loss: 3.949218 | lrm: 0.72 | dt: 576.51ms | tok/sec: 93,251 | bf16_mfu: 0.00 | epoch: 1 pq: 2 rg: 26 | total time: 20.38m | eta: 17.3m
step 02070/03814 (54.27%) | loss: 3.957916 | lrm: 0.72 | dt: 579.73ms | tok/sec: 92,732 | bf16_mfu: 0.00 | epoch: 1 pq: 2 rg: 26 | total time: 20.39m | eta: 17.3m
step 02071/03814 (54.30%) | loss: 3.949326 | lrm: 0.72 | dt: 583.56ms | tok/sec: 92,124 | bf16_mfu: 0.00 | epoch: 1 pq: 2 rg: 26 | total time: 20.40m | eta: 17.3m
step 02072/03814 (54.33%) | loss: 3.942011 | lrm: 0.72 | dt: 606.26ms | tok/sec: 88,674 | bf16_mfu: 0.00 | epoch: 1 pq: 2 rg: 26 | total time: 20.41m | eta: 17.2m
step 02073/03814 (54.35%) | loss: 3.929318 | lrm: 0.72 | dt: 579.47ms | tok/sec: 92,775 | bf16_mfu: 0.00 | epoch: 1 pq: 2 rg: 26 | total time: 20.42m | eta: 17.2m
step 02074/03814 (54.38%) | loss: 3.923124 | lrm: 0.72 | dt: 578.20ms | tok/sec: 92,977 | bf16_mfu: 0.00 | epoch: 1 pq: 2 rg: 26 | total time: 20.43m | eta: 17.2m
step 02075/03814 (54.40%) | loss: 3.929204 | lrm: 0.72 | dt: 583.80ms | tok/sec: 92,086 | bf16_mfu: 0.00 | epoch: 1 pq: 2 rg: 27 | total time: 20.44m | eta: 17.2m
step 02076/03814 (54.43%) | loss: 3.944256 | lrm: 0.72 | dt: 585.49ms | tok/sec: 91,821 | bf16_mfu: 0.00 | epoch: 1 pq: 2 rg: 27 | total time: 20.45m | eta: 17.2m
step 02077/03814 (54.46%) | loss: 3.942054 | lrm: 0.72 | dt: 581.73ms | tok/sec: 92,414 | bf16_mfu: 0.00 | epoch: 1 pq: 2 rg: 27 | total time: 20.46m | eta: 17.2m
step 02078/03814 (54.48%) | loss: 3.927483 | lrm: 0.72 | dt: 575.60ms | tok/sec: 93,398 | bf16_mfu: 0.00 | epoch: 1 pq: 2 rg: 27 | total time: 20.47m | eta: 17.2m
step 02079/03814 (54.51%) | loss: 3.919310 | lrm: 0.71 | dt: 586.44ms | tok/sec: 91,671 | bf16_mfu: 0.00 | epoch: 1 pq: 2 rg: 27 | total time: 20.48m | eta: 17.2m
step 02080/03814 (54.54%) | loss: 3.922968 | lrm: 0.71 | dt: 583.69ms | tok/sec: 92,102 | bf16_mfu: 0.00 | epoch: 1 pq: 2 rg: 27 | total time: 20.49m | eta: 17.2m
step 02081/03814 (54.56%) | loss: 3.941127 | lrm: 0.71 | dt: 572.77ms | tok/sec: 93,859 | bf16_mfu: 0.00 | epoch: 1 pq: 2 rg: 27 | total time: 20.50m | eta: 17.2m
step 02082/03814 (54.59%) | loss: 3.955866 | lrm: 0.71 | dt: 580.60ms | tok/sec: 92,594 | bf16_mfu: 0.00 | epoch: 1 pq: 2 rg: 27 | total time: 20.51m | eta: 17.1m
step 02083/03814 (54.61%) | loss: 3.945946 | lrm: 0.71 | dt: 592.71ms | tok/sec: 90,701 | bf16_mfu: 0.00 | epoch: 1 pq: 2 rg: 27 | total time: 20.52m | eta: 17.1m
step 02084/03814 (54.64%) | loss: 3.933337 | lrm: 0.71 | dt: 583.32ms | tok/sec: 92,161 | bf16_mfu: 0.00 | epoch: 1 pq: 2 rg: 28 | total time: 20.53m | eta: 17.1m
step 02085/03814 (54.67%) | loss: 3.911806 | lrm: 0.71 | dt: 586.50ms | tok/sec: 91,662 | bf16_mfu: 0.00 | epoch: 1 pq: 2 rg: 28 | total time: 20.54m | eta: 17.1m
step 02086/03814 (54.69%) | loss: 3.908838 | lrm: 0.71 | dt: 594.89ms | tok/sec: 90,370 | bf16_mfu: 0.00 | epoch: 1 pq: 2 rg: 28 | total time: 20.55m | eta: 17.1m
step 02087/03814 (54.72%) | loss: 3.938228 | lrm: 0.71 | dt: 584.30ms | tok/sec: 92,008 | bf16_mfu: 0.00 | epoch: 1 pq: 2 rg: 28 | total time: 20.56m | eta: 17.1m
step 02088/03814 (54.75%) | loss: 3.926276 | lrm: 0.71 | dt: 580.45ms | tok/sec: 92,617 | bf16_mfu: 0.00 | epoch: 1 pq: 2 rg: 28 | total time: 20.57m | eta: 17.1m
step 02089/03814 (54.77%) | loss: 3.919646 | lrm: 0.71 | dt: 590.20ms | tok/sec: 91,088 | bf16_mfu: 0.00 | epoch: 1 pq: 2 rg: 28 | total time: 20.58m | eta: 17.1m
step 02090/03814 (54.80%) | loss: 3.905259 | lrm: 0.71 | dt: 587.21ms | tok/sec: 91,551 | bf16_mfu: 0.00 | epoch: 1 pq: 2 rg: 28 | total time: 20.59m | eta: 17.1m
step 02091/03814 (54.82%) | loss: 3.914460 | lrm: 0.71 | dt: 585.95ms | tok/sec: 91,747 | bf16_mfu: 0.00 | epoch: 1 pq: 2 rg: 28 | total time: 20.60m | eta: 17.1m
step 02092/03814 (54.85%) | loss: 3.945223 | lrm: 0.71 | dt: 587.71ms | tok/sec: 91,473 | bf16_mfu: 0.00 | epoch: 1 pq: 2 rg: 28 | total time: 20.61m | eta: 17.0m
step 02093/03814 (54.88%) | loss: 3.938680 | lrm: 0.71 | dt: 588.69ms | tok/sec: 91,320 | bf16_mfu: 0.00 | epoch: 1 pq: 2 rg: 28 | total time: 20.62m | eta: 17.0m
step 02094/03814 (54.90%) | loss: 3.924440 | lrm: 0.71 | dt: 584.66ms | tok/sec: 91,950 | bf16_mfu: 0.00 | epoch: 1 pq: 2 rg: 29 | total time: 20.63m | eta: 17.0m
step 02095/03814 (54.93%) | loss: 3.902414 | lrm: 0.71 | dt: 574.41ms | tok/sec: 93,592 | bf16_mfu: 0.00 | epoch: 1 pq: 2 rg: 29 | total time: 20.64m | eta: 17.0m
step 02096/03814 (54.96%) | loss: 3.896516 | lrm: 0.71 | dt: 580.87ms | tok/sec: 92,551 | bf16_mfu: 0.00 | epoch: 1 pq: 2 rg: 29 | total time: 20.65m | eta: 17.0m
step 02097/03814 (54.98%) | loss: 3.907983 | lrm: 0.71 | dt: 584.79ms | tok/sec: 91,929 | bf16_mfu: 0.00 | epoch: 1 pq: 2 rg: 29 | total time: 20.66m | eta: 17.0m
step 02098/03814 (55.01%) | loss: 3.940507 | lrm: 0.71 | dt: 574.99ms | tok/sec: 93,497 | bf16_mfu: 0.00 | epoch: 1 pq: 2 rg: 29 | total time: 20.67m | eta: 17.0m
step 02099/03814 (55.03%) | loss: 3.914569 | lrm: 0.71 | dt: 581.28ms | tok/sec: 92,484 | bf16_mfu: 0.00 | epoch: 1 pq: 2 rg: 29 | total time: 20.68m | eta: 17.0m
step 02100/03814 (55.06%) | loss: 3.902971 | lrm: 0.71 | dt: 584.26ms | tok/sec: 92,013 | bf16_mfu: 0.00 | epoch: 1 pq: 2 rg: 29 | total time: 20.68m | eta: 17.0m
step 02101/03814 (55.09%) | loss: 3.887576 | lrm: 0.71 | dt: 578.21ms | tok/sec: 92,977 | bf16_mfu: 0.00 | epoch: 1 pq: 2 rg: 29 | total time: 20.69m | eta: 17.0m
step 02102/03814 (55.11%) | loss: 3.884295 | lrm: 0.71 | dt: 580.93ms | tok/sec: 92,540 | bf16_mfu: 0.00 | epoch: 1 pq: 2 rg: 29 | total time: 20.70m | eta: 16.9m
step 02103/03814 (55.14%) | loss: 3.898418 | lrm: 0.71 | dt: 586.12ms | tok/sec: 91,722 | bf16_mfu: 0.00 | epoch: 1 pq: 2 rg: 29 | total time: 20.71m | eta: 16.9m
step 02104/03814 (55.17%) | loss: 3.898245 | lrm: 0.71 | dt: 586.89ms | tok/sec: 91,601 | bf16_mfu: 0.00 | epoch: 1 pq: 2 rg: 30 | total time: 20.72m | eta: 16.9m
step 02105/03814 (55.19%) | loss: 3.905964 | lrm: 0.70 | dt: 585.34ms | tok/sec: 91,844 | bf16_mfu: 0.00 | epoch: 1 pq: 2 rg: 30 | total time: 20.73m | eta: 16.9m
step 02106/03814 (55.22%) | loss: 3.889443 | lrm: 0.70 | dt: 575.00ms | tok/sec: 93,495 | bf16_mfu: 0.00 | epoch: 1 pq: 2 rg: 30 | total time: 20.74m | eta: 16.9m
step 02107/03814 (55.24%) | loss: 3.884213 | lrm: 0.70 | dt: 584.27ms | tok/sec: 92,012 | bf16_mfu: 0.00 | epoch: 1 pq: 2 rg: 30 | total time: 20.75m | eta: 16.9m
step 02108/03814 (55.27%) | loss: 3.885109 | lrm: 0.70 | dt: 628.65ms | tok/sec: 85,517 | bf16_mfu: 0.00 | epoch: 1 pq: 2 rg: 30 | total time: 20.76m | eta: 16.9m
step 02109/03814 (55.30%) | loss: 3.892320 | lrm: 0.70 | dt: 585.10ms | tok/sec: 91,882 | bf16_mfu: 0.00 | epoch: 1 pq: 2 rg: 30 | total time: 20.77m | eta: 16.9m
step 02110/03814 (55.32%) | loss: 3.912730 | lrm: 0.70 | dt: 577.79ms | tok/sec: 93,043 | bf16_mfu: 0.00 | epoch: 1 pq: 2 rg: 30 | total time: 20.78m | eta: 16.9m
step 02111/03814 (55.35%) | loss: 3.904684 | lrm: 0.70 | dt: 586.02ms | tok/sec: 91,738 | bf16_mfu: 0.00 | epoch: 1 pq: 2 rg: 30 | total time: 20.79m | eta: 16.9m
step 02112/03814 (55.37%) | loss: 3.891729 | lrm: 0.70 | dt: 584.95ms | tok/sec: 91,904 | bf16_mfu: 0.00 | epoch: 1 pq: 2 rg: 30 | total time: 20.80m | eta: 16.8m
step 02113/03814 (55.40%) | loss: 3.870678 | lrm: 0.70 | dt: 587.21ms | tok/sec: 91,550 | bf16_mfu: 0.00 | epoch: 1 pq: 2 rg: 30 | total time: 20.81m | eta: 16.8m
step 02114/03814 (55.43%) | loss: 3.876052 | lrm: 0.70 | dt: 590.99ms | tok/sec: 90,966 | bf16_mfu: 0.00 | epoch: 1 pq: 2 rg: 31 | total time: 20.82m | eta: 16.8m
step 02115/03814 (55.45%) | loss: 3.900003 | lrm: 0.70 | dt: 584.56ms | tok/sec: 91,966 | bf16_mfu: 0.00 | epoch: 1 pq: 2 rg: 31 | total time: 20.83m | eta: 16.8m
step 02116/03814 (55.48%) | loss: 3.904914 | lrm: 0.70 | dt: 586.78ms | tok/sec: 91,619 | bf16_mfu: 0.00 | epoch: 1 pq: 2 rg: 31 | total time: 20.84m | eta: 16.8m
step 02117/03814 (55.51%) | loss: 3.902464 | lrm: 0.70 | dt: 592.00ms | tok/sec: 90,810 | bf16_mfu: 0.00 | epoch: 1 pq: 2 rg: 31 | total time: 20.85m | eta: 16.8m
step 02118/03814 (55.53%) | loss: 3.899681 | lrm: 0.70 | dt: 583.86ms | tok/sec: 92,076 | bf16_mfu: 0.00 | epoch: 1 pq: 2 rg: 31 | total time: 20.86m | eta: 16.8m
step 02119/03814 (55.56%) | loss: 3.904282 | lrm: 0.70 | dt: 588.93ms | tok/sec: 91,284 | bf16_mfu: 0.00 | epoch: 1 pq: 2 rg: 31 | total time: 20.87m | eta: 16.8m
step 02120/03814 (55.58%) | loss: 3.918345 | lrm: 0.70 | dt: 590.42ms | tok/sec: 91,053 | bf16_mfu: 0.00 | epoch: 1 pq: 2 rg: 31 | total time: 20.88m | eta: 16.8m
step 02121/03814 (55.61%) | loss: 3.929835 | lrm: 0.70 | dt: 583.11ms | tok/sec: 92,195 | bf16_mfu: 0.00 | epoch: 1 pq: 2 rg: 31 | total time: 20.89m | eta: 16.8m
step 02122/03814 (55.64%) | loss: 3.928534 | lrm: 0.70 | dt: 590.92ms | tok/sec: 90,976 | bf16_mfu: 0.00 | epoch: 1 pq: 2 rg: 31 | total time: 20.90m | eta: 16.7m
step 02123/03814 (55.66%) | loss: 3.904723 | lrm: 0.70 | dt: 585.21ms | tok/sec: 91,865 | bf16_mfu: 0.00 | epoch: 1 pq: 2 rg: 31 | total time: 20.91m | eta: 16.7m
step 02124/03814 (55.69%) | loss: 3.915718 | lrm: 0.70 | dt: 728.46ms | tok/sec: 73,799 | bf16_mfu: 0.00 | epoch: 1 pq: 2 rg: 32 | total time: 20.92m | eta: 16.7m
step 02125/03814 (55.72%) | loss: 3.943412 | lrm: 0.70 | dt: 587.62ms | tok/sec: 91,487 | bf16_mfu: 0.00 | epoch: 1 pq: 2 rg: 32 | total time: 20.93m | eta: 16.7m
step 02126/03814 (55.74%) | loss: 3.948510 | lrm: 0.70 | dt: 586.84ms | tok/sec: 91,608 | bf16_mfu: 0.00 | epoch: 1 pq: 2 rg: 32 | total time: 20.94m | eta: 16.7m
step 02127/03814 (55.77%) | loss: 3.914429 | lrm: 0.70 | dt: 583.59ms | tok/sec: 92,118 | bf16_mfu: 0.00 | epoch: 1 pq: 2 rg: 32 | total time: 20.95m | eta: 16.7m
step 02128/03814 (55.79%) | loss: 3.889491 | lrm: 0.70 | dt: 576.25ms | tok/sec: 93,292 | bf16_mfu: 0.00 | epoch: 1 pq: 2 rg: 32 | total time: 20.96m | eta: 16.7m
step 02129/03814 (55.82%) | loss: 3.891277 | lrm: 0.70 | dt: 585.46ms | tok/sec: 91,825 | bf16_mfu: 0.00 | epoch: 1 pq: 2 rg: 32 | total time: 20.97m | eta: 16.7m
step 02130/03814 (55.85%) | loss: 3.882591 | lrm: 0.70 | dt: 586.84ms | tok/sec: 91,609 | bf16_mfu: 0.00 | epoch: 1 pq: 2 rg: 32 | total time: 20.98m | eta: 16.7m
step 02131/03814 (55.87%) | loss: 3.912425 | lrm: 0.69 | dt: 581.21ms | tok/sec: 92,495 | bf16_mfu: 0.00 | epoch: 1 pq: 2 rg: 32 | total time: 20.99m | eta: 16.7m
step 02132/03814 (55.90%) | loss: 3.914600 | lrm: 0.69 | dt: 578.78ms | tok/sec: 92,884 | bf16_mfu: 0.00 | epoch: 1 pq: 2 rg: 32 | total time: 21.00m | eta: 16.6m
step 02133/03814 (55.93%) | loss: 3.907770 | lrm: 0.69 | dt: 688.64ms | tok/sec: 78,066 | bf16_mfu: 0.00 | epoch: 1 pq: 2 rg: 33 | total time: 21.01m | eta: 16.6m
step 02134/03814 (55.95%) | loss: 3.890702 | lrm: 0.69 | dt: 584.32ms | tok/sec: 92,005 | bf16_mfu: 0.00 | epoch: 1 pq: 2 rg: 33 | total time: 21.02m | eta: 16.6m
step 02135/03814 (55.98%) | loss: 3.882350 | lrm: 0.69 | dt: 586.53ms | tok/sec: 91,657 | bf16_mfu: 0.00 | epoch: 1 pq: 2 rg: 33 | total time: 21.03m | eta: 16.6m
step 02136/03814 (56.00%) | loss: 3.901655 | lrm: 0.69 | dt: 587.16ms | tok/sec: 91,558 | bf16_mfu: 0.00 | epoch: 1 pq: 2 rg: 33 | total time: 21.04m | eta: 16.6m
step 02137/03814 (56.03%) | loss: 3.898578 | lrm: 0.69 | dt: 587.54ms | tok/sec: 91,500 | bf16_mfu: 0.00 | epoch: 1 pq: 2 rg: 33 | total time: 21.05m | eta: 16.6m
step 02138/03814 (56.06%) | loss: 3.880458 | lrm: 0.69 | dt: 788.25ms | tok/sec: 68,202 | bf16_mfu: 0.00 | epoch: 1 pq: 2 rg: 33 | total time: 21.06m | eta: 16.6m
step 02139/03814 (56.08%) | loss: 3.861862 | lrm: 0.69 | dt: 582.87ms | tok/sec: 92,232 | bf16_mfu: 0.00 | epoch: 1 pq: 2 rg: 33 | total time: 21.07m | eta: 16.6m
step 02140/03814 (56.11%) | loss: 3.859869 | lrm: 0.69 | dt: 575.87ms | tok/sec: 93,354 | bf16_mfu: 0.00 | epoch: 1 pq: 2 rg: 33 | total time: 21.08m | eta: 16.6m
step 02141/03814 (56.14%) | loss: 3.898504 | lrm: 0.69 | dt: 582.14ms | tok/sec: 92,348 | bf16_mfu: 0.00 | epoch: 1 pq: 2 rg: 33 | total time: 21.09m | eta: 16.6m
step 02142/03814 (56.16%) | loss: 3.897644 | lrm: 0.69 | dt: 585.52ms | tok/sec: 91,815 | bf16_mfu: 0.00 | epoch: 1 pq: 2 rg: 33 | total time: 21.10m | eta: 16.5m
step 02143/03814 (56.19%) | loss: 3.869083 | lrm: 0.69 | dt: 586.10ms | tok/sec: 91,724 | bf16_mfu: 0.00 | epoch: 1 pq: 2 rg: 34 | total time: 21.11m | eta: 16.5m
step 02144/03814 (56.21%) | loss: 3.844663 | lrm: 0.69 | dt: 587.38ms | tok/sec: 91,525 | bf16_mfu: 0.00 | epoch: 1 pq: 2 rg: 34 | total time: 21.12m | eta: 16.5m
step 02145/03814 (56.24%) | loss: 3.858365 | lrm: 0.69 | dt: 586.47ms | tok/sec: 91,666 | bf16_mfu: 0.00 | epoch: 1 pq: 2 rg: 34 | total time: 21.13m | eta: 16.5m
step 02146/03814 (56.27%) | loss: 3.878820 | lrm: 0.69 | dt: 589.98ms | tok/sec: 91,121 | bf16_mfu: 0.00 | epoch: 1 pq: 2 rg: 34 | total time: 21.14m | eta: 16.5m
step 02147/03814 (56.29%) | loss: 3.879417 | lrm: 0.69 | dt: 584.69ms | tok/sec: 91,946 | bf16_mfu: 0.00 | epoch: 1 pq: 2 rg: 34 | total time: 21.15m | eta: 16.5m
step 02148/03814 (56.32%) | loss: 3.867809 | lrm: 0.69 | dt: 587.85ms | tok/sec: 91,452 | bf16_mfu: 0.00 | epoch: 1 pq: 2 rg: 34 | total time: 21.16m | eta: 16.5m
step 02149/03814 (56.35%) | loss: 3.855646 | lrm: 0.69 | dt: 587.12ms | tok/sec: 91,565 | bf16_mfu: 0.00 | epoch: 1 pq: 2 rg: 34 | total time: 21.17m | eta: 16.5m
step 02150/03814 (56.37%) | loss: 3.834481 | lrm: 0.69 | dt: 585.82ms | tok/sec: 91,768 | bf16_mfu: 0.00 | epoch: 1 pq: 2 rg: 34 | total time: 21.18m | eta: 16.5m
step 02151/03814 (56.40%) | loss: 3.839183 | lrm: 0.69 | dt: 579.38ms | tok/sec: 92,789 | bf16_mfu: 0.00 | epoch: 1 pq: 2 rg: 34 | total time: 21.19m | eta: 16.5m
step 02152/03814 (56.42%) | loss: 3.858779 | lrm: 0.69 | dt: 573.83ms | tok/sec: 93,686 | bf16_mfu: 0.00 | epoch: 1 pq: 2 rg: 34 | total time: 21.20m | eta: 16.4m
step 02153/03814 (56.45%) | loss: 3.851867 | lrm: 0.69 | dt: 594.41ms | tok/sec: 90,443 | bf16_mfu: 0.00 | epoch: 1 pq: 2 rg: 35 | total time: 21.21m | eta: 16.4m
step 02154/03814 (56.48%) | loss: 3.831993 | lrm: 0.69 | dt: 604.20ms | tok/sec: 88,977 | bf16_mfu: 0.00 | epoch: 1 pq: 2 rg: 35 | total time: 21.22m | eta: 16.4m
step 02155/03814 (56.50%) | loss: 3.833498 | lrm: 0.69 | dt: 582.05ms | tok/sec: 92,363 | bf16_mfu: 0.00 | epoch: 1 pq: 2 rg: 35 | total time: 21.23m | eta: 16.4m
step 02156/03814 (56.53%) | loss: 3.842263 | lrm: 0.69 | dt: 587.69ms | tok/sec: 91,477 | bf16_mfu: 0.00 | epoch: 1 pq: 2 rg: 35 | total time: 21.24m | eta: 16.4m
step 02157/03814 (56.55%) | loss: 3.853059 | lrm: 0.68 | dt: 587.51ms | tok/sec: 91,505 | bf16_mfu: 0.00 | epoch: 1 pq: 2 rg: 35 | total time: 21.25m | eta: 16.4m
step 02158/03814 (56.58%) | loss: 3.865270 | lrm: 0.68 | dt: 584.81ms | tok/sec: 91,927 | bf16_mfu: 0.00 | epoch: 1 pq: 2 rg: 35 | total time: 21.26m | eta: 16.4m
step 02159/03814 (56.61%) | loss: 3.859741 | lrm: 0.68 | dt: 596.06ms | tok/sec: 90,192 | bf16_mfu: 0.00 | epoch: 1 pq: 2 rg: 35 | total time: 21.27m | eta: 16.4m
step 02160/03814 (56.63%) | loss: 3.839132 | lrm: 0.68 | dt: 578.77ms | tok/sec: 92,886 | bf16_mfu: 0.00 | epoch: 1 pq: 2 rg: 35 | total time: 21.28m | eta: 16.4m
step 02161/03814 (56.66%) | loss: 3.821487 | lrm: 0.68 | dt: 585.43ms | tok/sec: 91,830 | bf16_mfu: 0.00 | epoch: 1 pq: 2 rg: 35 | total time: 21.29m | eta: 16.4m
step 02162/03814 (56.69%) | loss: 3.836700 | lrm: 0.68 | dt: 588.53ms | tok/sec: 91,346 | bf16_mfu: 0.00 | epoch: 1 pq: 2 rg: 35 | total time: 21.30m | eta: 16.3m
step 02163/03814 (56.71%) | loss: 3.864603 | lrm: 0.68 | dt: 586.31ms | tok/sec: 91,692 | bf16_mfu: 0.00 | epoch: 1 pq: 2 rg: 36 | total time: 21.31m | eta: 16.3m
step 02164/03814 (56.74%) | loss: 3.865809 | lrm: 0.68 | dt: 588.44ms | tok/sec: 91,360 | bf16_mfu: 0.00 | epoch: 1 pq: 2 rg: 36 | total time: 21.32m | eta: 16.3m
step 02165/03814 (56.76%) | loss: 3.866128 | lrm: 0.68 | dt: 702.32ms | tok/sec: 76,546 | bf16_mfu: 0.00 | epoch: 1 pq: 2 rg: 36 | total time: 21.33m | eta: 16.3m
step 02166/03814 (56.79%) | loss: 3.850178 | lrm: 0.68 | dt: 593.70ms | tok/sec: 90,550 | bf16_mfu: 0.00 | epoch: 1 pq: 2 rg: 36 | total time: 21.34m | eta: 16.3m
step 02167/03814 (56.82%) | loss: 3.841471 | lrm: 0.68 | dt: 583.35ms | tok/sec: 92,157 | bf16_mfu: 0.00 | epoch: 1 pq: 2 rg: 36 | total time: 21.35m | eta: 16.3m
step 02168/03814 (56.84%) | loss: 3.862407 | lrm: 0.68 | dt: 588.64ms | tok/sec: 91,328 | bf16_mfu: 0.00 | epoch: 1 pq: 2 rg: 36 | total time: 21.36m | eta: 16.3m
step 02169/03814 (56.87%) | loss: 3.875526 | lrm: 0.68 | dt: 585.49ms | tok/sec: 91,819 | bf16_mfu: 0.00 | epoch: 1 pq: 2 rg: 36 | total time: 21.37m | eta: 16.3m
step 02170/03814 (56.90%) | loss: 3.860668 | lrm: 0.68 | dt: 595.43ms | tok/sec: 90,288 | bf16_mfu: 0.00 | epoch: 1 pq: 2 rg: 36 | total time: 21.38m | eta: 16.3m
step 02171/03814 (56.92%) | loss: 3.841595 | lrm: 0.68 | dt: 584.19ms | tok/sec: 92,024 | bf16_mfu: 0.00 | epoch: 1 pq: 2 rg: 36 | total time: 21.39m | eta: 16.3m
step 02172/03814 (56.95%) | loss: 3.842252 | lrm: 0.68 | dt: 582.68ms | tok/sec: 92,263 | bf16_mfu: 0.00 | epoch: 1 pq: 2 rg: 36 | total time: 21.40m | eta: 16.3m
step 02173/03814 (56.97%) | loss: 3.852018 | lrm: 0.68 | dt: 586.22ms | tok/sec: 91,705 | bf16_mfu: 0.00 | epoch: 1 pq: 2 rg: 37 | total time: 21.41m | eta: 16.2m
step 02174/03814 (57.00%) | loss: 3.886513 | lrm: 0.68 | dt: 586.24ms | tok/sec: 91,702 | bf16_mfu: 0.00 | epoch: 1 pq: 2 rg: 37 | total time: 21.42m | eta: 16.2m
step 02175/03814 (57.03%) | loss: 3.871247 | lrm: 0.68 | dt: 585.39ms | tok/sec: 91,836 | bf16_mfu: 0.00 | epoch: 1 pq: 2 rg: 37 | total time: 21.43m | eta: 16.2m
step 02176/03814 (57.05%) | loss: 3.849787 | lrm: 0.68 | dt: 587.27ms | tok/sec: 91,542 | bf16_mfu: 0.00 | epoch: 1 pq: 2 rg: 37 | total time: 21.44m | eta: 16.2m
step 02177/03814 (57.08%) | loss: 3.842151 | lrm: 0.68 | dt: 580.61ms | tok/sec: 92,593 | bf16_mfu: 0.00 | epoch: 1 pq: 2 rg: 37 | total time: 21.45m | eta: 16.2m
step 02178/03814 (57.11%) | loss: 3.861114 | lrm: 0.68 | dt: 575.31ms | tok/sec: 93,444 | bf16_mfu: 0.00 | epoch: 1 pq: 2 rg: 37 | total time: 21.46m | eta: 16.2m
step 02179/03814 (57.13%) | loss: 3.889612 | lrm: 0.68 | dt: 607.27ms | tok/sec: 88,527 | bf16_mfu: 0.00 | epoch: 1 pq: 2 rg: 37 | total time: 21.47m | eta: 16.2m
step 02180/03814 (57.16%) | loss: 3.897951 | lrm: 0.68 | dt: 586.63ms | tok/sec: 91,641 | bf16_mfu: 0.00 | epoch: 1 pq: 2 rg: 37 | total time: 21.48m | eta: 16.2m
step 02181/03814 (57.18%) | loss: 3.869472 | lrm: 0.68 | dt: 585.48ms | tok/sec: 91,821 | bf16_mfu: 0.00 | epoch: 1 pq: 2 rg: 37 | total time: 21.49m | eta: 16.2m
step 02182/03814 (57.21%) | loss: 3.852952 | lrm: 0.68 | dt: 587.86ms | tok/sec: 91,449 | bf16_mfu: 0.00 | epoch: 1 pq: 2 rg: 37 | total time: 21.50m | eta: 16.2m
step 02183/03814 (57.24%) | loss: 3.850194 | lrm: 0.68 | dt: 588.61ms | tok/sec: 91,333 | bf16_mfu: 0.00 | epoch: 1 pq: 2 rg: 38 | total time: 21.51m | eta: 16.1m
step 02184/03814 (57.26%) | loss: 3.874962 | lrm: 0.67 | dt: 606.77ms | tok/sec: 88,600 | bf16_mfu: 0.00 | epoch: 1 pq: 2 rg: 38 | total time: 21.52m | eta: 16.1m
step 02185/03814 (57.29%) | loss: 3.881312 | lrm: 0.67 | dt: 585.35ms | tok/sec: 91,842 | bf16_mfu: 0.00 | epoch: 1 pq: 2 rg: 38 | total time: 21.53m | eta: 16.1m
step 02186/03814 (57.32%) | loss: 3.880783 | lrm: 0.67 | dt: 607.26ms | tok/sec: 88,528 | bf16_mfu: 0.00 | epoch: 1 pq: 2 rg: 38 | total time: 21.54m | eta: 16.1m
step 02187/03814 (57.34%) | loss: 3.868568 | lrm: 0.67 | dt: 590.94ms | tok/sec: 90,973 | bf16_mfu: 0.00 | epoch: 1 pq: 2 rg: 38 | total time: 21.55m | eta: 16.1m
step 02188/03814 (57.37%) | loss: 3.852217 | lrm: 0.67 | dt: 586.73ms | tok/sec: 91,626 | bf16_mfu: 0.00 | epoch: 1 pq: 2 rg: 38 | total time: 21.56m | eta: 16.1m
step 02189/03814 (57.39%) | loss: 3.873378 | lrm: 0.67 | dt: 587.01ms | tok/sec: 91,583 | bf16_mfu: 0.00 | epoch: 1 pq: 2 rg: 38 | total time: 21.56m | eta: 16.1m
step 02190/03814 (57.42%) | loss: 3.881792 | lrm: 0.67 | dt: 586.05ms | tok/sec: 91,733 | bf16_mfu: 0.00 | epoch: 1 pq: 2 rg: 38 | total time: 21.57m | eta: 16.1m
step 02191/03814 (57.45%) | loss: 3.868708 | lrm: 0.67 | dt: 590.99ms | tok/sec: 90,965 | bf16_mfu: 0.00 | epoch: 1 pq: 2 rg: 38 | total time: 21.58m | eta: 16.1m
step 02192/03814 (57.47%) | loss: 3.851082 | lrm: 0.67 | dt: 584.03ms | tok/sec: 92,050 | bf16_mfu: 0.00 | epoch: 1 pq: 2 rg: 38 | total time: 21.59m | eta: 16.1m
step 02193/03814 (57.50%) | loss: 3.858108 | lrm: 0.67 | dt: 590.87ms | tok/sec: 90,984 | bf16_mfu: 0.00 | epoch: 1 pq: 2 rg: 39 | total time: 21.60m | eta: 16.0m
step 02194/03814 (57.52%) | loss: 3.871319 | lrm: 0.67 | dt: 583.05ms | tok/sec: 92,204 | bf16_mfu: 0.00 | epoch: 1 pq: 2 rg: 39 | total time: 21.61m | eta: 16.0m
step 02195/03814 (57.55%) | loss: 3.867837 | lrm: 0.67 | dt: 587.80ms | tok/sec: 91,459 | bf16_mfu: 0.00 | epoch: 1 pq: 2 rg: 39 | total time: 21.62m | eta: 16.0m
step 02196/03814 (57.58%) | loss: 3.846596 | lrm: 0.67 | dt: 586.62ms | tok/sec: 91,644 | bf16_mfu: 0.00 | epoch: 1 pq: 2 rg: 39 | total time: 21.63m | eta: 16.0m
step 02197/03814 (57.60%) | loss: 3.843003 | lrm: 0.67 | dt: 586.75ms | tok/sec: 91,622 | bf16_mfu: 0.00 | epoch: 1 pq: 2 rg: 39 | total time: 21.64m | eta: 16.0m
step 02198/03814 (57.63%) | loss: 3.843242 | lrm: 0.67 | dt: 587.06ms | tok/sec: 91,575 | bf16_mfu: 0.00 | epoch: 1 pq: 2 rg: 39 | total time: 21.65m | eta: 16.0m
step 02199/03814 (57.66%) | loss: 3.849204 | lrm: 0.67 | dt: 586.99ms | tok/sec: 91,585 | bf16_mfu: 0.00 | epoch: 1 pq: 2 rg: 39 | total time: 21.66m | eta: 16.0m
step 02200/03814 (57.68%) | loss: 3.860376 | lrm: 0.67 | dt: 586.56ms | tok/sec: 91,653 | bf16_mfu: 0.00 | epoch: 1 pq: 2 rg: 39 | total time: 21.67m | eta: 16.0m
step 02201/03814 (57.71%) | loss: 3.883380 | lrm: 0.67 | dt: 587.22ms | tok/sec: 91,550 | bf16_mfu: 0.00 | epoch: 1 pq: 2 rg: 39 | total time: 21.68m | eta: 16.0m
step 02202/03814 (57.73%) | loss: 3.849940 | lrm: 0.67 | dt: 583.75ms | tok/sec: 92,094 | bf16_mfu: 0.00 | epoch: 1 pq: 2 rg: 40 | total time: 21.69m | eta: 16.0m
step 02203/03814 (57.76%) | loss: 3.832294 | lrm: 0.67 | dt: 584.07ms | tok/sec: 92,043 | bf16_mfu: 0.00 | epoch: 1 pq: 2 rg: 40 | total time: 21.70m | eta: 15.9m
step 02204/03814 (57.79%) | loss: 3.814879 | lrm: 0.67 | dt: 579.39ms | tok/sec: 92,786 | bf16_mfu: 0.00 | epoch: 1 pq: 2 rg: 40 | total time: 21.71m | eta: 15.9m
step 02205/03814 (57.81%) | loss: 3.842013 | lrm: 0.67 | dt: 584.54ms | tok/sec: 91,969 | bf16_mfu: 0.00 | epoch: 1 pq: 2 rg: 40 | total time: 21.72m | eta: 15.9m
step 02206/03814 (57.84%) | loss: 3.843782 | lrm: 0.67 | dt: 588.59ms | tok/sec: 91,336 | bf16_mfu: 0.00 | epoch: 1 pq: 2 rg: 40 | total time: 21.73m | eta: 15.9m
step 02207/03814 (57.87%) | loss: 3.836564 | lrm: 0.67 | dt: 587.18ms | tok/sec: 91,556 | bf16_mfu: 0.00 | epoch: 1 pq: 2 rg: 40 | total time: 21.74m | eta: 15.9m
step 02208/03814 (57.89%) | loss: 3.823179 | lrm: 0.67 | dt: 586.23ms | tok/sec: 91,704 | bf16_mfu: 0.00 | epoch: 1 pq: 2 rg: 40 | total time: 21.75m | eta: 15.9m
step 02209/03814 (57.92%) | loss: 3.826779 | lrm: 0.67 | dt: 597.86ms | tok/sec: 89,920 | bf16_mfu: 0.00 | epoch: 1 pq: 2 rg: 40 | total time: 21.76m | eta: 15.9m
step 02210/03814 (57.94%) | loss: 3.810160 | lrm: 0.66 | dt: 587.07ms | tok/sec: 91,573 | bf16_mfu: 0.00 | epoch: 1 pq: 2 rg: 40 | total time: 21.77m | eta: 15.9m
step 02211/03814 (57.97%) | loss: 3.828785 | lrm: 0.66 | dt: 589.17ms | tok/sec: 91,246 | bf16_mfu: 0.00 | epoch: 1 pq: 2 rg: 40 | total time: 21.78m | eta: 15.9m
step 02212/03814 (58.00%) | loss: 3.856240 | lrm: 0.66 | dt: 637.42ms | tok/sec: 84,339 | bf16_mfu: 0.00 | epoch: 1 pq: 2 rg: 41 | total time: 21.79m | eta: 15.9m
step 02213/03814 (58.02%) | loss: 3.836431 | lrm: 0.66 | dt: 588.64ms | tok/sec: 91,328 | bf16_mfu: 0.00 | epoch: 1 pq: 2 rg: 41 | total time: 21.80m | eta: 15.8m
step 02214/03814 (58.05%) | loss: 3.819860 | lrm: 0.66 | dt: 581.56ms | tok/sec: 92,440 | bf16_mfu: 0.00 | epoch: 1 pq: 2 rg: 41 | total time: 21.81m | eta: 15.8m
step 02215/03814 (58.08%) | loss: 3.816104 | lrm: 0.66 | dt: 589.74ms | tok/sec: 91,159 | bf16_mfu: 0.00 | epoch: 1 pq: 2 rg: 41 | total time: 21.82m | eta: 15.8m
step 02216/03814 (58.10%) | loss: 3.823184 | lrm: 0.66 | dt: 583.84ms | tok/sec: 92,080 | bf16_mfu: 0.00 | epoch: 1 pq: 2 rg: 41 | total time: 21.83m | eta: 15.8m
step 02217/03814 (58.13%) | loss: 3.850173 | lrm: 0.66 | dt: 585.72ms | tok/sec: 91,784 | bf16_mfu: 0.00 | epoch: 1 pq: 2 rg: 41 | total time: 21.84m | eta: 15.8m
step 02218/03814 (58.15%) | loss: 3.854664 | lrm: 0.66 | dt: 584.46ms | tok/sec: 91,982 | bf16_mfu: 0.00 | epoch: 1 pq: 2 rg: 41 | total time: 21.85m | eta: 15.8m
step 02219/03814 (58.18%) | loss: 3.837937 | lrm: 0.66 | dt: 585.99ms | tok/sec: 91,742 | bf16_mfu: 0.00 | epoch: 1 pq: 2 rg: 41 | total time: 21.86m | eta: 15.8m
step 02220/03814 (58.21%) | loss: 3.835705 | lrm: 0.66 | dt: 587.46ms | tok/sec: 91,512 | bf16_mfu: 0.00 | epoch: 1 pq: 2 rg: 41 | total time: 21.87m | eta: 15.8m
step 02221/03814 (58.23%) | loss: 3.837425 | lrm: 0.66 | dt: 587.40ms | tok/sec: 91,521 | bf16_mfu: 0.00 | epoch: 1 pq: 2 rg: 41 | total time: 21.88m | eta: 15.8m
step 02222/03814 (58.26%) | loss: 3.859075 | lrm: 0.66 | dt: 653.50ms | tok/sec: 82,264 | bf16_mfu: 0.00 | epoch: 1 pq: 2 rg: 42 | total time: 21.89m | eta: 15.8m
step 02223/03814 (58.29%) | loss: 3.863267 | lrm: 0.66 | dt: 585.46ms | tok/sec: 91,825 | bf16_mfu: 0.00 | epoch: 1 pq: 2 rg: 42 | total time: 21.90m | eta: 15.7m
step 02224/03814 (58.31%) | loss: 3.857551 | lrm: 0.66 | dt: 585.97ms | tok/sec: 91,745 | bf16_mfu: 0.00 | epoch: 1 pq: 2 rg: 42 | total time: 21.91m | eta: 15.7m
step 02225/03814 (58.34%) | loss: 3.842641 | lrm: 0.66 | dt: 587.70ms | tok/sec: 91,475 | bf16_mfu: 0.00 | epoch: 1 pq: 2 rg: 42 | total time: 21.92m | eta: 15.7m
step 02226/03814 (58.36%) | loss: 3.841783 | lrm: 0.66 | dt: 588.05ms | tok/sec: 91,421 | bf16_mfu: 0.00 | epoch: 1 pq: 2 rg: 42 | total time: 21.93m | eta: 15.7m
step 02227/03814 (58.39%) | loss: 3.857005 | lrm: 0.66 | dt: 586.65ms | tok/sec: 91,638 | bf16_mfu: 0.00 | epoch: 1 pq: 2 rg: 42 | total time: 21.94m | eta: 15.7m
step 02228/03814 (58.42%) | loss: 3.849831 | lrm: 0.66 | dt: 587.31ms | tok/sec: 91,535 | bf16_mfu: 0.00 | epoch: 1 pq: 2 rg: 42 | total time: 21.95m | eta: 15.7m
step 02229/03814 (58.44%) | loss: 3.827907 | lrm: 0.66 | dt: 649.52ms | tok/sec: 82,768 | bf16_mfu: 0.00 | epoch: 1 pq: 2 rg: 42 | total time: 21.96m | eta: 15.7m
step 02230/03814 (58.47%) | loss: 3.829664 | lrm: 0.66 | dt: 589.11ms | tok/sec: 91,256 | bf16_mfu: 0.00 | epoch: 1 pq: 2 rg: 42 | total time: 21.97m | eta: 15.7m
step 02231/03814 (58.50%) | loss: 3.845965 | lrm: 0.66 | dt: 588.51ms | tok/sec: 91,349 | bf16_mfu: 0.00 | epoch: 1 pq: 2 rg: 42 | total time: 21.98m | eta: 15.7m
step 02232/03814 (58.52%) | loss: 3.866896 | lrm: 0.66 | dt: 586.95ms | tok/sec: 91,591 | bf16_mfu: 0.00 | epoch: 1 pq: 2 rg: 43 | total time: 21.99m | eta: 15.7m
step 02233/03814 (58.55%) | loss: 3.880046 | lrm: 0.66 | dt: 587.57ms | tok/sec: 91,495 | bf16_mfu: 0.00 | epoch: 1 pq: 2 rg: 43 | total time: 22.00m | eta: 15.6m
step 02234/03814 (58.57%) | loss: 3.856354 | lrm: 0.66 | dt: 582.40ms | tok/sec: 92,307 | bf16_mfu: 0.00 | epoch: 1 pq: 2 rg: 43 | total time: 22.01m | eta: 15.6m
step 02235/03814 (58.60%) | loss: 3.833413 | lrm: 0.66 | dt: 592.90ms | tok/sec: 90,672 | bf16_mfu: 0.00 | epoch: 1 pq: 2 rg: 43 | total time: 22.02m | eta: 15.6m
step 02236/03814 (58.63%) | loss: 3.829904 | lrm: 0.65 | dt: 589.43ms | tok/sec: 91,206 | bf16_mfu: 0.00 | epoch: 1 pq: 2 rg: 43 | total time: 22.03m | eta: 15.6m
step 02237/03814 (58.65%) | loss: 3.831387 | lrm: 0.65 | dt: 585.92ms | tok/sec: 91,753 | bf16_mfu: 0.00 | epoch: 1 pq: 2 rg: 43 | total time: 22.04m | eta: 15.6m
step 02238/03814 (58.68%) | loss: 3.824749 | lrm: 0.65 | dt: 587.29ms | tok/sec: 91,539 | bf16_mfu: 0.00 | epoch: 1 pq: 2 rg: 43 | total time: 22.05m | eta: 15.6m
step 02239/03814 (58.70%) | loss: 3.821140 | lrm: 0.65 | dt: 588.18ms | tok/sec: 91,400 | bf16_mfu: 0.00 | epoch: 1 pq: 2 rg: 43 | total time: 22.06m | eta: 15.6m
step 02240/03814 (58.73%) | loss: 3.795629 | lrm: 0.65 | dt: 585.68ms | tok/sec: 91,790 | bf16_mfu: 0.00 | epoch: 1 pq: 2 rg: 43 | total time: 22.07m | eta: 15.6m
step 02241/03814 (58.76%) | loss: 3.800015 | lrm: 0.65 | dt: 588.26ms | tok/sec: 91,388 | bf16_mfu: 0.00 | epoch: 1 pq: 2 rg: 43 | total time: 22.08m | eta: 15.6m
step 02242/03814 (58.78%) | loss: 3.826478 | lrm: 0.65 | dt: 649.04ms | tok/sec: 82,830 | bf16_mfu: 0.00 | epoch: 1 pq: 2 rg: 44 | total time: 22.09m | eta: 15.6m
step 02243/03814 (58.81%) | loss: 3.839701 | lrm: 0.65 | dt: 587.91ms | tok/sec: 91,441 | bf16_mfu: 0.00 | epoch: 1 pq: 2 rg: 44 | total time: 22.10m | eta: 15.5m
step 02244/03814 (58.84%) | loss: 3.838891 | lrm: 0.65 | dt: 587.16ms | tok/sec: 91,558 | bf16_mfu: 0.00 | epoch: 1 pq: 2 rg: 44 | total time: 22.11m | eta: 15.5m
step 02245/03814 (58.86%) | loss: 3.823254 | lrm: 0.65 | dt: 587.57ms | tok/sec: 91,495 | bf16_mfu: 0.00 | epoch: 1 pq: 2 rg: 44 | total time: 22.12m | eta: 15.5m
step 02246/03814 (58.89%) | loss: 3.808366 | lrm: 0.65 | dt: 586.88ms | tok/sec: 91,602 | bf16_mfu: 0.00 | epoch: 1 pq: 2 rg: 44 | total time: 22.13m | eta: 15.5m
step 02247/03814 (58.91%) | loss: 3.839181 | lrm: 0.65 | dt: 588.29ms | tok/sec: 91,383 | bf16_mfu: 0.00 | epoch: 1 pq: 2 rg: 44 | total time: 22.14m | eta: 15.5m
step 02248/03814 (58.94%) | loss: 3.843370 | lrm: 0.65 | dt: 586.40ms | tok/sec: 91,678 | bf16_mfu: 0.00 | epoch: 1 pq: 2 rg: 44 | total time: 22.15m | eta: 15.5m
step 02249/03814 (58.97%) | loss: 3.857071 | lrm: 0.65 | dt: 595.32ms | tok/sec: 90,303 | bf16_mfu: 0.00 | epoch: 1 pq: 2 rg: 44 | total time: 22.16m | eta: 15.5m
step 02250/03814 (58.99%) | loss: 3.837805 | lrm: 0.65 | dt: 582.38ms | tok/sec: 92,310 | bf16_mfu: 0.00 | epoch: 1 pq: 2 rg: 44 | total time: 22.17m | eta: 15.5m
step 02251/03814 (59.02%) | loss: 3.824801 | lrm: 0.65 | dt: 586.34ms | tok/sec: 91,687 | bf16_mfu: 0.00 | epoch: 1 pq: 2 rg: 44 | total time: 22.18m | eta: 15.5m
step 02252/03814 (59.05%) | loss: 3.832923 | lrm: 0.65 | dt: 588.65ms | tok/sec: 91,327 | bf16_mfu: 0.00 | epoch: 1 pq: 2 rg: 45 | total time: 22.19m | eta: 15.5m
step 02253/03814 (59.07%) | loss: 3.847071 | lrm: 0.65 | dt: 586.73ms | tok/sec: 91,626 | bf16_mfu: 0.00 | epoch: 1 pq: 2 rg: 45 | total time: 22.20m | eta: 15.4m
step 02254/03814 (59.10%) | loss: 3.824681 | lrm: 0.65 | dt: 585.36ms | tok/sec: 91,840 | bf16_mfu: 0.00 | epoch: 1 pq: 2 rg: 45 | total time: 22.20m | eta: 15.4m
step 02255/03814 (59.12%) | loss: 3.829118 | lrm: 0.65 | dt: 586.44ms | tok/sec: 91,671 | bf16_mfu: 0.00 | epoch: 1 pq: 2 rg: 45 | total time: 22.21m | eta: 15.4m
step 02256/03814 (59.15%) | loss: 3.813395 | lrm: 0.65 | dt: 587.81ms | tok/sec: 91,458 | bf16_mfu: 0.00 | epoch: 1 pq: 2 rg: 45 | total time: 22.22m | eta: 15.4m
step 02257/03814 (59.18%) | loss: 3.810585 | lrm: 0.65 | dt: 585.38ms | tok/sec: 91,837 | bf16_mfu: 0.00 | epoch: 1 pq: 2 rg: 45 | total time: 22.23m | eta: 15.4m
step 02258/03814 (59.20%) | loss: 3.808141 | lrm: 0.65 | dt: 588.11ms | tok/sec: 91,412 | bf16_mfu: 0.00 | epoch: 1 pq: 2 rg: 45 | total time: 22.24m | eta: 15.4m
step 02259/03814 (59.23%) | loss: 3.798432 | lrm: 0.65 | dt: 588.19ms | tok/sec: 91,399 | bf16_mfu: 0.00 | epoch: 1 pq: 2 rg: 45 | total time: 22.25m | eta: 15.4m
step 02260/03814 (59.26%) | loss: 3.784529 | lrm: 0.65 | dt: 591.89ms | tok/sec: 90,828 | bf16_mfu: 0.00 | epoch: 1 pq: 2 rg: 45 | total time: 22.26m | eta: 15.4m
step 02261/03814 (59.28%) | loss: 3.769894 | lrm: 0.65 | dt: 580.93ms | tok/sec: 92,541 | bf16_mfu: 0.00 | epoch: 1 pq: 2 rg: 45 | total time: 22.27m | eta: 15.4m
step 02262/03814 (59.31%) | loss: 3.761016 | lrm: 0.64 | dt: 585.79ms | tok/sec: 91,773 | bf16_mfu: 0.00 | epoch: 1 pq: 2 rg: 46 | total time: 22.28m | eta: 15.4m
step 02263/03814 (59.33%) | loss: 3.781006 | lrm: 0.64 | dt: 587.46ms | tok/sec: 91,512 | bf16_mfu: 0.00 | epoch: 1 pq: 2 rg: 46 | total time: 22.29m | eta: 15.3m
step 02264/03814 (59.36%) | loss: 3.773654 | lrm: 0.64 | dt: 590.77ms | tok/sec: 90,999 | bf16_mfu: 0.00 | epoch: 1 pq: 2 rg: 46 | total time: 22.30m | eta: 15.3m
step 02265/03814 (59.39%) | loss: 3.778592 | lrm: 0.64 | dt: 586.22ms | tok/sec: 91,705 | bf16_mfu: 0.00 | epoch: 1 pq: 2 rg: 46 | total time: 22.31m | eta: 15.3m
step 02266/03814 (59.41%) | loss: 3.761554 | lrm: 0.64 | dt: 589.07ms | tok/sec: 91,262 | bf16_mfu: 0.00 | epoch: 1 pq: 2 rg: 46 | total time: 22.32m | eta: 15.3m
step 02267/03814 (59.44%) | loss: 3.769143 | lrm: 0.64 | dt: 590.61ms | tok/sec: 91,025 | bf16_mfu: 0.00 | epoch: 1 pq: 2 rg: 46 | total time: 22.33m | eta: 15.3m
step 02268/03814 (59.47%) | loss: 3.777731 | lrm: 0.64 | dt: 579.12ms | tok/sec: 92,829 | bf16_mfu: 0.00 | epoch: 1 pq: 2 rg: 46 | total time: 22.34m | eta: 15.3m
step 02269/03814 (59.49%) | loss: 3.805812 | lrm: 0.64 | dt: 585.37ms | tok/sec: 91,839 | bf16_mfu: 0.00 | epoch: 1 pq: 2 rg: 46 | total time: 22.35m | eta: 15.3m
step 02270/03814 (59.52%) | loss: 3.802872 | lrm: 0.64 | dt: 587.22ms | tok/sec: 91,549 | bf16_mfu: 0.00 | epoch: 1 pq: 2 rg: 46 | total time: 22.36m | eta: 15.3m
step 02271/03814 (59.54%) | loss: 3.790581 | lrm: 0.64 | dt: 585.52ms | tok/sec: 91,816 | bf16_mfu: 0.00 | epoch: 1 pq: 2 rg: 46 | total time: 22.37m | eta: 15.3m
step 02272/03814 (59.57%) | loss: 3.787353 | lrm: 0.64 | dt: 588.66ms | tok/sec: 91,325 | bf16_mfu: 0.00 | epoch: 1 pq: 2 rg: 47 | total time: 22.38m | eta: 15.3m
step 02273/03814 (59.60%) | loss: 3.808920 | lrm: 0.64 | dt: 586.94ms | tok/sec: 91,593 | bf16_mfu: 0.00 | epoch: 1 pq: 2 rg: 47 | total time: 22.39m | eta: 15.2m
step 02274/03814 (59.62%) | loss: 3.799076 | lrm: 0.64 | dt: 590.69ms | tok/sec: 91,012 | bf16_mfu: 0.00 | epoch: 1 pq: 2 rg: 47 | total time: 22.40m | eta: 15.2m
step 02275/03814 (59.65%) | loss: 3.788443 | lrm: 0.64 | dt: 589.46ms | tok/sec: 91,202 | bf16_mfu: 0.00 | epoch: 1 pq: 2 rg: 47 | total time: 22.41m | eta: 15.2m
step 02276/03814 (59.67%) | loss: 3.784670 | lrm: 0.64 | dt: 588.49ms | tok/sec: 91,352 | bf16_mfu: 0.00 | epoch: 1 pq: 2 rg: 47 | total time: 22.42m | eta: 15.2m
step 02277/03814 (59.70%) | loss: 3.764480 | lrm: 0.64 | dt: 587.92ms | tok/sec: 91,440 | bf16_mfu: 0.00 | epoch: 1 pq: 2 rg: 47 | total time: 22.43m | eta: 15.2m
step 02278/03814 (59.73%) | loss: 3.750908 | lrm: 0.64 | dt: 587.72ms | tok/sec: 91,472 | bf16_mfu: 0.00 | epoch: 1 pq: 2 rg: 47 | total time: 22.44m | eta: 15.2m
step 02279/03814 (59.75%) | loss: 3.768646 | lrm: 0.64 | dt: 589.61ms | tok/sec: 91,178 | bf16_mfu: 0.00 | epoch: 1 pq: 2 rg: 47 | total time: 22.45m | eta: 15.2m
step 02280/03814 (59.78%) | loss: 3.759940 | lrm: 0.64 | dt: 578.44ms | tok/sec: 92,939 | bf16_mfu: 0.00 | epoch: 1 pq: 2 rg: 47 | total time: 22.46m | eta: 15.2m
step 02281/03814 (59.81%) | loss: 3.749773 | lrm: 0.64 | dt: 582.89ms | tok/sec: 92,230 | bf16_mfu: 0.00 | epoch: 1 pq: 2 rg: 48 | total time: 22.47m | eta: 15.2m
step 02282/03814 (59.83%) | loss: 3.742848 | lrm: 0.64 | dt: 585.43ms | tok/sec: 91,830 | bf16_mfu: 0.00 | epoch: 1 pq: 2 rg: 48 | total time: 22.48m | eta: 15.2m
step 02283/03814 (59.86%) | loss: 3.753102 | lrm: 0.64 | dt: 588.25ms | tok/sec: 91,389 | bf16_mfu: 0.00 | epoch: 1 pq: 2 rg: 48 | total time: 22.49m | eta: 15.1m
step 02284/03814 (59.88%) | loss: 3.735720 | lrm: 0.64 | dt: 586.91ms | tok/sec: 91,598 | bf16_mfu: 0.00 | epoch: 1 pq: 2 rg: 48 | total time: 22.50m | eta: 15.1m
step 02285/03814 (59.91%) | loss: 3.738283 | lrm: 0.64 | dt: 587.95ms | tok/sec: 91,436 | bf16_mfu: 0.00 | epoch: 1 pq: 2 rg: 48 | total time: 22.51m | eta: 15.1m
step 02286/03814 (59.94%) | loss: 3.733545 | lrm: 0.64 | dt: 595.71ms | tok/sec: 90,245 | bf16_mfu: 0.00 | epoch: 1 pq: 2 rg: 48 | total time: 22.52m | eta: 15.1m
step 02287/03814 (59.96%) | loss: 3.716698 | lrm: 0.64 | dt: 578.64ms | tok/sec: 92,908 | bf16_mfu: 0.00 | epoch: 1 pq: 2 rg: 48 | total time: 22.53m | eta: 15.1m
step 02288/03814 (59.99%) | loss: 3.718640 | lrm: 0.63 | dt: 588.70ms | tok/sec: 91,319 | bf16_mfu: 0.00 | epoch: 1 pq: 2 rg: 48 | total time: 22.54m | eta: 15.1m
step 02289/03814 (60.02%) | loss: 3.727671 | lrm: 0.63 | dt: 594.33ms | tok/sec: 90,454 | bf16_mfu: 0.00 | epoch: 1 pq: 2 rg: 48 | total time: 22.55m | eta: 15.1m
step 02290/03814 (60.04%) | loss: 3.723971 | lrm: 0.63 | dt: 586.59ms | tok/sec: 91,648 | bf16_mfu: 0.00 | epoch: 1 pq: 2 rg: 48 | total time: 22.56m | eta: 15.1m
step 02291/03814 (60.07%) | loss: 3.711182 | lrm: 0.63 | dt: 585.02ms | tok/sec: 91,894 | bf16_mfu: 0.00 | epoch: 1 pq: 2 rg: 49 | total time: 22.57m | eta: 15.1m
step 02292/03814 (60.09%) | loss: 3.703173 | lrm: 0.63 | dt: 586.19ms | tok/sec: 91,710 | bf16_mfu: 0.00 | epoch: 1 pq: 2 rg: 49 | total time: 22.58m | eta: 15.1m
step 02293/03814 (60.12%) | loss: 3.713426 | lrm: 0.63 | dt: 580.35ms | tok/sec: 92,634 | bf16_mfu: 0.00 | epoch: 1 pq: 2 rg: 49 | total time: 22.59m | eta: 15.0m
step 02294/03814 (60.15%) | loss: 3.703566 | lrm: 0.63 | dt: 596.61ms | tok/sec: 90,108 | bf16_mfu: 0.00 | epoch: 1 pq: 2 rg: 49 | total time: 22.60m | eta: 15.0m
step 02295/03814 (60.17%) | loss: 3.740654 | lrm: 0.63 | dt: 588.93ms | tok/sec: 91,284 | bf16_mfu: 0.00 | epoch: 1 pq: 2 rg: 49 | total time: 22.61m | eta: 15.0m
step 02296/03814 (60.20%) | loss: 3.746058 | lrm: 0.63 | dt: 581.77ms | tok/sec: 92,407 | bf16_mfu: 0.00 | epoch: 1 pq: 2 rg: 49 | total time: 22.62m | eta: 15.0m
step 02297/03814 (60.23%) | loss: 3.724006 | lrm: 0.63 | dt: 596.73ms | tok/sec: 90,091 | bf16_mfu: 0.00 | epoch: 1 pq: 2 rg: 49 | total time: 22.63m | eta: 15.0m
step 02298/03814 (60.25%) | loss: 3.720223 | lrm: 0.63 | dt: 588.55ms | tok/sec: 91,342 | bf16_mfu: 0.00 | epoch: 1 pq: 2 rg: 49 | total time: 22.64m | eta: 15.0m
step 02299/03814 (60.28%) | loss: 3.714995 | lrm: 0.63 | dt: 589.29ms | tok/sec: 91,228 | bf16_mfu: 0.00 | epoch: 1 pq: 2 rg: 49 | total time: 22.65m | eta: 15.0m
step 02300/03814 (60.30%) | loss: 3.742555 | lrm: 0.63 | dt: 589.77ms | tok/sec: 91,154 | bf16_mfu: 0.00 | epoch: 1 pq: 2 rg: 49 | total time: 22.66m | eta: 15.0m
step 02301/03814 (60.33%) | loss: 3.742147 | lrm: 0.63 | dt: 586.96ms | tok/sec: 91,591 | bf16_mfu: 0.00 | epoch: 1 pq: 2 rg: 50 | total time: 22.67m | eta: 15.0m
step 02302/03814 (60.36%) | loss: 3.724139 | lrm: 0.63 | dt: 594.33ms | tok/sec: 90,454 | bf16_mfu: 0.00 | epoch: 1 pq: 2 rg: 50 | total time: 22.67m | eta: 15.0m
step 02303/03814 (60.38%) | loss: 3.714670 | lrm: 0.63 | dt: 588.09ms | tok/sec: 91,413 | bf16_mfu: 0.00 | epoch: 1 pq: 2 rg: 50 | total time: 22.68m | eta: 14.9m
step 02304/03814 (60.41%) | loss: 3.726702 | lrm: 0.63 | dt: 585.55ms | tok/sec: 91,810 | bf16_mfu: 0.00 | epoch: 1 pq: 2 rg: 50 | total time: 22.69m | eta: 14.9m
step 02305/03814 (60.44%) | loss: 3.735904 | lrm: 0.63 | dt: 579.68ms | tok/sec: 92,741 | bf16_mfu: 0.00 | epoch: 1 pq: 2 rg: 50 | total time: 22.70m | eta: 14.9m
step 02306/03814 (60.46%) | loss: 3.742525 | lrm: 0.63 | dt: 586.94ms | tok/sec: 91,593 | bf16_mfu: 0.00 | epoch: 1 pq: 2 rg: 50 | total time: 22.71m | eta: 14.9m
step 02307/03814 (60.49%) | loss: 3.719593 | lrm: 0.63 | dt: 589.77ms | tok/sec: 91,154 | bf16_mfu: 0.00 | epoch: 1 pq: 2 rg: 50 | total time: 22.72m | eta: 14.9m
step 02308/03814 (60.51%) | loss: 3.702704 | lrm: 0.63 | dt: 585.27ms | tok/sec: 91,855 | bf16_mfu: 0.00 | epoch: 1 pq: 2 rg: 50 | total time: 22.73m | eta: 14.9m
step 02309/03814 (60.54%) | loss: 3.700643 | lrm: 0.63 | dt: 591.08ms | tok/sec: 90,952 | bf16_mfu: 0.00 | epoch: 1 pq: 2 rg: 50 | total time: 22.74m | eta: 14.9m
step 02310/03814 (60.57%) | loss: 3.717306 | lrm: 0.63 | dt: 593.63ms | tok/sec: 90,561 | bf16_mfu: 0.00 | epoch: 1 pq: 2 rg: 50 | total time: 22.75m | eta: 14.9m
step 02311/03814 (60.59%) | loss: 3.729530 | lrm: 0.63 | dt: 590.04ms | tok/sec: 91,112 | bf16_mfu: 0.00 | epoch: 1 pq: 2 rg: 51 | total time: 22.76m | eta: 14.9m
step 02312/03814 (60.62%) | loss: 3.737694 | lrm: 0.63 | dt: 587.43ms | tok/sec: 91,516 | bf16_mfu: 0.00 | epoch: 1 pq: 2 rg: 51 | total time: 22.77m | eta: 14.9m
step 02313/03814 (60.64%) | loss: 3.711769 | lrm: 0.63 | dt: 590.88ms | tok/sec: 90,982 | bf16_mfu: 0.00 | epoch: 1 pq: 2 rg: 51 | total time: 22.78m | eta: 14.8m
step 02314/03814 (60.67%) | loss: 3.704432 | lrm: 0.62 | dt: 584.63ms | tok/sec: 91,954 | bf16_mfu: 0.00 | epoch: 1 pq: 2 rg: 51 | total time: 22.79m | eta: 14.8m
step 02315/03814 (60.70%) | loss: 3.702676 | lrm: 0.62 | dt: 587.39ms | tok/sec: 91,523 | bf16_mfu: 0.00 | epoch: 1 pq: 2 rg: 51 | total time: 22.80m | eta: 14.8m
step 02316/03814 (60.72%) | loss: 3.710801 | lrm: 0.62 | dt: 600.50ms | tok/sec: 89,525 | bf16_mfu: 0.00 | epoch: 1 pq: 2 rg: 51 | total time: 22.81m | eta: 14.8m
step 02317/03814 (60.75%) | loss: 3.730892 | lrm: 0.62 | dt: 587.95ms | tok/sec: 91,436 | bf16_mfu: 0.00 | epoch: 1 pq: 2 rg: 51 | total time: 22.82m | eta: 14.8m
step 02318/03814 (60.78%) | loss: 3.767144 | lrm: 0.62 | dt: 589.83ms | tok/sec: 91,145 | bf16_mfu: 0.00 | epoch: 1 pq: 2 rg: 51 | total time: 22.83m | eta: 14.8m
step 02319/03814 (60.80%) | loss: 3.770494 | lrm: 0.62 | dt: 590.32ms | tok/sec: 91,068 | bf16_mfu: 0.00 | epoch: 1 pq: 2 rg: 51 | total time: 22.84m | eta: 14.8m
step 02320/03814 (60.83%) | loss: 3.765283 | lrm: 0.62 | dt: 594.01ms | tok/sec: 90,503 | bf16_mfu: 0.00 | epoch: 1 pq: 2 rg: 51 | total time: 22.85m | eta: 14.8m
step 02321/03814 (60.85%) | loss: 3.767872 | lrm: 0.62 | dt: 585.29ms | tok/sec: 91,851 | bf16_mfu: 0.00 | epoch: 1 pq: 2 rg: 52 | total time: 22.86m | eta: 14.8m
step 02322/03814 (60.88%) | loss: 3.768457 | lrm: 0.62 | dt: 583.75ms | tok/sec: 92,094 | bf16_mfu: 0.00 | epoch: 1 pq: 2 rg: 52 | total time: 22.87m | eta: 14.8m
step 02323/03814 (60.91%) | loss: 3.775778 | lrm: 0.62 | dt: 585.34ms | tok/sec: 91,843 | bf16_mfu: 0.00 | epoch: 1 pq: 2 rg: 52 | total time: 22.88m | eta: 14.7m
step 02324/03814 (60.93%) | loss: 3.757291 | lrm: 0.62 | dt: 595.69ms | tok/sec: 90,248 | bf16_mfu: 0.00 | epoch: 1 pq: 2 rg: 52 | total time: 22.89m | eta: 14.7m
step 02325/03814 (60.96%) | loss: 3.749723 | lrm: 0.62 | dt: 586.02ms | tok/sec: 91,737 | bf16_mfu: 0.00 | epoch: 1 pq: 2 rg: 52 | total time: 22.90m | eta: 14.7m
step 02326/03814 (60.99%) | loss: 3.759089 | lrm: 0.62 | dt: 590.49ms | tok/sec: 91,042 | bf16_mfu: 0.00 | epoch: 1 pq: 2 rg: 52 | total time: 22.91m | eta: 14.7m
step 02327/03814 (61.01%) | loss: 3.766681 | lrm: 0.62 | dt: 592.00ms | tok/sec: 90,810 | bf16_mfu: 0.00 | epoch: 1 pq: 2 rg: 52 | total time: 22.92m | eta: 14.7m
step 02328/03814 (61.04%) | loss: 3.772183 | lrm: 0.62 | dt: 587.94ms | tok/sec: 91,438 | bf16_mfu: 0.00 | epoch: 1 pq: 2 rg: 52 | total time: 22.93m | eta: 14.7m
step 02329/03814 (61.06%) | loss: 3.750129 | lrm: 0.62 | dt: 587.70ms | tok/sec: 91,475 | bf16_mfu: 0.00 | epoch: 1 pq: 2 rg: 52 | total time: 22.94m | eta: 14.7m
step 02330/03814 (61.09%) | loss: 3.743336 | lrm: 0.62 | dt: 588.22ms | tok/sec: 91,394 | bf16_mfu: 0.00 | epoch: 1 pq: 2 rg: 52 | total time: 22.95m | eta: 14.7m
step 02331/03814 (61.12%) | loss: 3.741533 | lrm: 0.62 | dt: 603.85ms | tok/sec: 89,029 | bf16_mfu: 0.00 | epoch: 1 pq: 2 rg: 53 | total time: 22.96m | eta: 14.7m
step 02332/03814 (61.14%) | loss: 3.776834 | lrm: 0.62 | dt: 590.12ms | tok/sec: 91,099 | bf16_mfu: 0.00 | epoch: 1 pq: 2 rg: 53 | total time: 22.97m | eta: 14.7m
step 02333/03814 (61.17%) | loss: 3.786756 | lrm: 0.62 | dt: 590.97ms | tok/sec: 90,968 | bf16_mfu: 0.00 | epoch: 1 pq: 2 rg: 53 | total time: 22.98m | eta: 14.7m
step 02334/03814 (61.20%) | loss: 3.765512 | lrm: 0.62 | dt: 589.99ms | tok/sec: 91,119 | bf16_mfu: 0.00 | epoch: 1 pq: 2 rg: 53 | total time: 22.99m | eta: 14.6m
step 02335/03814 (61.22%) | loss: 3.747443 | lrm: 0.62 | dt: 593.35ms | tok/sec: 90,603 | bf16_mfu: 0.00 | epoch: 1 pq: 2 rg: 53 | total time: 23.00m | eta: 14.6m
step 02336/03814 (61.25%) | loss: 3.752386 | lrm: 0.62 | dt: 585.38ms | tok/sec: 91,837 | bf16_mfu: 0.00 | epoch: 1 pq: 2 rg: 53 | total time: 23.01m | eta: 14.6m
step 02337/03814 (61.27%) | loss: 3.772699 | lrm: 0.62 | dt: 586.30ms | tok/sec: 91,693 | bf16_mfu: 0.00 | epoch: 1 pq: 2 rg: 53 | total time: 23.02m | eta: 14.6m
step 02338/03814 (61.30%) | loss: 3.784580 | lrm: 0.62 | dt: 593.24ms | tok/sec: 90,620 | bf16_mfu: 0.00 | epoch: 1 pq: 2 rg: 53 | total time: 23.03m | eta: 14.6m
step 02339/03814 (61.33%) | loss: 3.774888 | lrm: 0.62 | dt: 580.16ms | tok/sec: 92,663 | bf16_mfu: 0.00 | epoch: 1 pq: 2 rg: 53 | total time: 23.04m | eta: 14.6m
step 02340/03814 (61.35%) | loss: 3.759542 | lrm: 0.61 | dt: 591.90ms | tok/sec: 90,826 | bf16_mfu: 0.00 | epoch: 1 pq: 2 rg: 53 | total time: 23.05m | eta: 14.6m
step 02341/03814 (61.38%) | loss: 3.763594 | lrm: 0.61 | dt: 637.21ms | tok/sec: 84,368 | bf16_mfu: 0.00 | epoch: 1 pq: 2 rg: 54 | total time: 23.06m | eta: 14.6m
step 02342/03814 (61.41%) | loss: 3.777813 | lrm: 0.61 | dt: 591.18ms | tok/sec: 90,936 | bf16_mfu: 0.00 | epoch: 1 pq: 2 rg: 54 | total time: 23.07m | eta: 14.6m
step 02343/03814 (61.43%) | loss: 3.769455 | lrm: 0.61 | dt: 591.59ms | tok/sec: 90,874 | bf16_mfu: 0.00 | epoch: 1 pq: 2 rg: 54 | total time: 23.08m | eta: 14.6m
step 02344/03814 (61.46%) | loss: 3.752973 | lrm: 0.61 | dt: 589.96ms | tok/sec: 91,125 | bf16_mfu: 0.00 | epoch: 1 pq: 2 rg: 54 | total time: 23.09m | eta: 14.5m
step 02345/03814 (61.48%) | loss: 3.740802 | lrm: 0.61 | dt: 585.93ms | tok/sec: 91,750 | bf16_mfu: 0.00 | epoch: 1 pq: 2 rg: 54 | total time: 23.10m | eta: 14.5m
step 02346/03814 (61.51%) | loss: 3.740922 | lrm: 0.61 | dt: 606.26ms | tok/sec: 88,675 | bf16_mfu: 0.00 | epoch: 1 pq: 2 rg: 54 | total time: 23.11m | eta: 14.5m
step 02347/03814 (61.54%) | loss: 3.747876 | lrm: 0.61 | dt: 585.59ms | tok/sec: 91,805 | bf16_mfu: 0.00 | epoch: 1 pq: 2 rg: 54 | total time: 23.12m | eta: 14.5m
step 02348/03814 (61.56%) | loss: 3.743744 | lrm: 0.61 | dt: 588.48ms | tok/sec: 91,354 | bf16_mfu: 0.00 | epoch: 1 pq: 2 rg: 54 | total time: 23.13m | eta: 14.5m
step 02349/03814 (61.59%) | loss: 3.738486 | lrm: 0.61 | dt: 586.92ms | tok/sec: 91,596 | bf16_mfu: 0.00 | epoch: 1 pq: 2 rg: 54 | total time: 23.14m | eta: 14.5m
step 02350/03814 (61.62%) | loss: 3.725404 | lrm: 0.61 | dt: 588.31ms | tok/sec: 91,380 | bf16_mfu: 0.00 | epoch: 1 pq: 2 rg: 54 | total time: 23.15m | eta: 14.5m
step 02351/03814 (61.64%) | loss: 3.718588 | lrm: 0.61 | dt: 591.25ms | tok/sec: 90,926 | bf16_mfu: 0.00 | epoch: 1 pq: 2 rg: 55 | total time: 23.16m | eta: 14.5m
step 02352/03814 (61.67%) | loss: 3.744342 | lrm: 0.61 | dt: 587.78ms | tok/sec: 91,462 | bf16_mfu: 0.00 | epoch: 1 pq: 2 rg: 55 | total time: 23.17m | eta: 14.5m
step 02353/03814 (61.69%) | loss: 3.729607 | lrm: 0.61 | dt: 588.74ms | tok/sec: 91,313 | bf16_mfu: 0.00 | epoch: 1 pq: 2 rg: 55 | total time: 23.18m | eta: 14.5m
step 02354/03814 (61.72%) | loss: 3.723224 | lrm: 0.61 | dt: 587.09ms | tok/sec: 91,570 | bf16_mfu: 0.00 | epoch: 1 pq: 2 rg: 55 | total time: 23.19m | eta: 14.4m
step 02355/03814 (61.75%) | loss: 3.704728 | lrm: 0.61 | dt: 582.57ms | tok/sec: 92,280 | bf16_mfu: 0.00 | epoch: 1 pq: 2 rg: 55 | total time: 23.20m | eta: 14.4m
step 02356/03814 (61.77%) | loss: 3.689946 | lrm: 0.61 | dt: 588.52ms | tok/sec: 91,347 | bf16_mfu: 0.00 | epoch: 1 pq: 2 rg: 55 | total time: 23.21m | eta: 14.4m
step 02357/03814 (61.80%) | loss: 3.719268 | lrm: 0.61 | dt: 587.34ms | tok/sec: 91,530 | bf16_mfu: 0.00 | epoch: 1 pq: 2 rg: 55 | total time: 23.22m | eta: 14.4m
step 02358/03814 (61.82%) | loss: 3.733938 | lrm: 0.61 | dt: 587.95ms | tok/sec: 91,437 | bf16_mfu: 0.00 | epoch: 1 pq: 2 rg: 55 | total time: 23.23m | eta: 14.4m
step 02359/03814 (61.85%) | loss: 3.726149 | lrm: 0.61 | dt: 586.49ms | tok/sec: 91,663 | bf16_mfu: 0.00 | epoch: 1 pq: 2 rg: 55 | total time: 23.24m | eta: 14.4m
step 02360/03814 (61.88%) | loss: 3.715876 | lrm: 0.61 | dt: 591.45ms | tok/sec: 90,894 | bf16_mfu: 0.00 | epoch: 1 pq: 2 rg: 56 | total time: 23.25m | eta: 14.4m
step 02361/03814 (61.90%) | loss: 3.707914 | lrm: 0.61 | dt: 593.14ms | tok/sec: 90,636 | bf16_mfu: 0.00 | epoch: 1 pq: 2 rg: 56 | total time: 23.26m | eta: 14.4m
step 02362/03814 (61.93%) | loss: 3.715245 | lrm: 0.61 | dt: 589.38ms | tok/sec: 91,214 | bf16_mfu: 0.00 | epoch: 1 pq: 2 rg: 56 | total time: 23.27m | eta: 14.4m
step 02363/03814 (61.96%) | loss: 3.719652 | lrm: 0.61 | dt: 582.95ms | tok/sec: 92,220 | bf16_mfu: 0.00 | epoch: 1 pq: 2 rg: 56 | total time: 23.27m | eta: 14.4m
step 02364/03814 (61.98%) | loss: 3.721619 | lrm: 0.61 | dt: 595.49ms | tok/sec: 90,277 | bf16_mfu: 0.00 | epoch: 1 pq: 2 rg: 56 | total time: 23.28m | eta: 14.3m
step 02365/03814 (62.01%) | loss: 3.710965 | lrm: 0.61 | dt: 590.01ms | tok/sec: 91,117 | bf16_mfu: 0.00 | epoch: 1 pq: 2 rg: 56 | total time: 23.29m | eta: 14.3m
step 02366/03814 (62.03%) | loss: 3.704959 | lrm: 0.60 | dt: 590.58ms | tok/sec: 91,029 | bf16_mfu: 0.00 | epoch: 1 pq: 2 rg: 56 | total time: 23.30m | eta: 14.3m
step 02367/03814 (62.06%) | loss: 3.716537 | lrm: 0.60 | dt: 589.38ms | tok/sec: 91,214 | bf16_mfu: 0.00 | epoch: 1 pq: 2 rg: 56 | total time: 23.31m | eta: 14.3m
step 02368/03814 (62.09%) | loss: 3.735636 | lrm: 0.60 | dt: 592.27ms | tok/sec: 90,770 | bf16_mfu: 0.00 | epoch: 1 pq: 2 rg: 56 | total time: 23.32m | eta: 14.3m
step 02369/03814 (62.11%) | loss: 3.738211 | lrm: 0.60 | dt: 583.71ms | tok/sec: 92,100 | bf16_mfu: 0.00 | epoch: 1 pq: 2 rg: 56 | total time: 23.33m | eta: 14.3m
step 02370/03814 (62.14%) | loss: 3.726093 | lrm: 0.60 | dt: 593.53ms | tok/sec: 90,576 | bf16_mfu: 0.00 | epoch: 1 pq: 2 rg: 57 | total time: 23.34m | eta: 14.3m
step 02371/03814 (62.17%) | loss: 3.718665 | lrm: 0.60 | dt: 590.94ms | tok/sec: 90,972 | bf16_mfu: 0.00 | epoch: 1 pq: 2 rg: 57 | total time: 23.35m | eta: 14.3m
step 02372/03814 (62.19%) | loss: 3.730130 | lrm: 0.60 | dt: 632.70ms | tok/sec: 84,969 | bf16_mfu: 0.00 | epoch: 1 pq: 2 rg: 57 | total time: 23.36m | eta: 14.3m
step 02373/03814 (62.22%) | loss: 3.741588 | lrm: 0.60 | dt: 586.69ms | tok/sec: 91,632 | bf16_mfu: 0.00 | epoch: 1 pq: 2 rg: 57 | total time: 23.37m | eta: 14.3m
step 02374/03814 (62.24%) | loss: 3.734421 | lrm: 0.60 | dt: 587.68ms | tok/sec: 91,478 | bf16_mfu: 0.00 | epoch: 1 pq: 2 rg: 57 | total time: 23.38m | eta: 14.2m
step 02375/03814 (62.27%) | loss: 3.734046 | lrm: 0.60 | dt: 587.66ms | tok/sec: 91,481 | bf16_mfu: 0.00 | epoch: 1 pq: 2 rg: 57 | total time: 23.39m | eta: 14.2m
step 02376/03814 (62.30%) | loss: 3.741886 | lrm: 0.60 | dt: 586.34ms | tok/sec: 91,687 | bf16_mfu: 0.00 | epoch: 1 pq: 2 rg: 57 | total time: 23.40m | eta: 14.2m
step 02377/03814 (62.32%) | loss: 3.752763 | lrm: 0.60 | dt: 588.94ms | tok/sec: 91,282 | bf16_mfu: 0.00 | epoch: 1 pq: 2 rg: 57 | total time: 23.41m | eta: 14.2m
step 02378/03814 (62.35%) | loss: 3.742402 | lrm: 0.60 | dt: 592.43ms | tok/sec: 90,745 | bf16_mfu: 0.00 | epoch: 1 pq: 2 rg: 57 | total time: 23.42m | eta: 14.2m
step 02379/03814 (62.38%) | loss: 3.748267 | lrm: 0.60 | dt: 589.07ms | tok/sec: 91,262 | bf16_mfu: 0.00 | epoch: 1 pq: 2 rg: 57 | total time: 23.43m | eta: 14.2m
step 02380/03814 (62.40%) | loss: 3.738095 | lrm: 0.60 | dt: 599.29ms | tok/sec: 89,705 | bf16_mfu: 0.00 | epoch: 1 pq: 2 rg: 58 | total time: 23.44m | eta: 14.2m
step 02381/03814 (62.43%) | loss: 3.725174 | lrm: 0.60 | dt: 586.78ms | tok/sec: 91,619 | bf16_mfu: 0.00 | epoch: 1 pq: 2 rg: 58 | total time: 23.45m | eta: 14.2m
step 02382/03814 (62.45%) | loss: 3.717649 | lrm: 0.60 | dt: 593.99ms | tok/sec: 90,506 | bf16_mfu: 0.00 | epoch: 1 pq: 2 rg: 58 | total time: 23.46m | eta: 14.2m
step 02383/03814 (62.48%) | loss: 3.728908 | lrm: 0.60 | dt: 582.81ms | tok/sec: 92,243 | bf16_mfu: 0.00 | epoch: 1 pq: 2 rg: 58 | total time: 23.47m | eta: 14.2m
step 02384/03814 (62.51%) | loss: 3.741606 | lrm: 0.60 | dt: 590.18ms | tok/sec: 91,090 | bf16_mfu: 0.00 | epoch: 1 pq: 2 rg: 58 | total time: 23.48m | eta: 14.1m
step 02385/03814 (62.53%) | loss: 3.727725 | lrm: 0.60 | dt: 585.60ms | tok/sec: 91,803 | bf16_mfu: 0.00 | epoch: 1 pq: 2 rg: 58 | total time: 23.49m | eta: 14.1m
step 02386/03814 (62.56%) | loss: 3.740067 | lrm: 0.60 | dt: 592.37ms | tok/sec: 90,754 | bf16_mfu: 0.00 | epoch: 1 pq: 2 rg: 58 | total time: 23.50m | eta: 14.1m
step 02387/03814 (62.59%) | loss: 3.738561 | lrm: 0.60 | dt: 578.25ms | tok/sec: 92,970 | bf16_mfu: 0.00 | epoch: 1 pq: 2 rg: 58 | total time: 23.51m | eta: 14.1m
step 02388/03814 (62.61%) | loss: 3.756953 | lrm: 0.60 | dt: 590.06ms | tok/sec: 91,109 | bf16_mfu: 0.00 | epoch: 1 pq: 2 rg: 58 | total time: 23.52m | eta: 14.1m
step 02389/03814 (62.64%) | loss: 3.755536 | lrm: 0.60 | dt: 592.92ms | tok/sec: 90,670 | bf16_mfu: 0.00 | epoch: 1 pq: 2 rg: 58 | total time: 23.53m | eta: 14.1m
step 02390/03814 (62.66%) | loss: 3.754886 | lrm: 0.60 | dt: 585.11ms | tok/sec: 91,879 | bf16_mfu: 0.00 | epoch: 1 pq: 2 rg: 59 | total time: 23.54m | eta: 14.1m
step 02391/03814 (62.69%) | loss: 3.742058 | lrm: 0.60 | dt: 589.70ms | tok/sec: 91,165 | bf16_mfu: 0.00 | epoch: 1 pq: 2 rg: 59 | total time: 23.55m | eta: 14.1m
step 02392/03814 (62.72%) | loss: 3.747944 | lrm: 0.59 | dt: 575.57ms | tok/sec: 93,402 | bf16_mfu: 0.00 | epoch: 1 pq: 2 rg: 59 | total time: 23.56m | eta: 14.1m
step 02393/03814 (62.74%) | loss: 3.740511 | lrm: 0.59 | dt: 590.36ms | tok/sec: 91,062 | bf16_mfu: 0.00 | epoch: 1 pq: 2 rg: 59 | total time: 23.57m | eta: 14.1m
step 02394/03814 (62.77%) | loss: 3.730079 | lrm: 0.59 | dt: 594.73ms | tok/sec: 90,393 | bf16_mfu: 0.00 | epoch: 1 pq: 2 rg: 59 | total time: 23.58m | eta: 14.0m
step 02395/03814 (62.79%) | loss: 3.699939 | lrm: 0.59 | dt: 581.12ms | tok/sec: 92,511 | bf16_mfu: 0.00 | epoch: 1 pq: 2 rg: 59 | total time: 23.59m | eta: 14.0m
step 02396/03814 (62.82%) | loss: 3.683419 | lrm: 0.59 | dt: 585.81ms | tok/sec: 91,770 | bf16_mfu: 0.00 | epoch: 1 pq: 2 rg: 59 | total time: 23.60m | eta: 14.0m
step 02397/03814 (62.85%) | loss: 3.704293 | lrm: 0.59 | dt: 587.00ms | tok/sec: 91,583 | bf16_mfu: 0.00 | epoch: 1 pq: 2 rg: 59 | total time: 23.61m | eta: 14.0m
step 02398/03814 (62.87%) | loss: 3.714921 | lrm: 0.59 | dt: 597.56ms | tok/sec: 89,965 | bf16_mfu: 0.00 | epoch: 1 pq: 2 rg: 59 | total time: 23.62m | eta: 14.0m
step 02399/03814 (62.90%) | loss: 3.720475 | lrm: 0.59 | dt: 600.65ms | tok/sec: 89,502 | bf16_mfu: 0.00 | epoch: 1 pq: 2 rg: 59 | total time: 23.63m | eta: 14.0m
step 02400/03814 (62.93%) | loss: 3.700295 | lrm: 0.59 | dt: 661.39ms | tok/sec: 81,283 | bf16_mfu: 0.00 | epoch: 1 pq: 2 rg: 60 | total time: 23.64m | eta: 14.0m
step 02401/03814 (62.95%) | loss: 3.697226 | lrm: 0.59 | dt: 595.50ms | tok/sec: 90,277 | bf16_mfu: 0.00 | epoch: 1 pq: 2 rg: 60 | total time: 23.65m | eta: 14.0m
step 02402/03814 (62.98%) | loss: 3.706406 | lrm: 0.59 | dt: 578.77ms | tok/sec: 92,886 | bf16_mfu: 0.00 | epoch: 1 pq: 2 rg: 60 | total time: 23.66m | eta: 14.0m
step 02403/03814 (63.00%) | loss: 3.730152 | lrm: 0.59 | dt: 588.64ms | tok/sec: 91,329 | bf16_mfu: 0.00 | epoch: 1 pq: 2 rg: 60 | total time: 23.67m | eta: 14.0m
step 02404/03814 (63.03%) | loss: 3.713016 | lrm: 0.59 | dt: 614.07ms | tok/sec: 87,547 | bf16_mfu: 0.00 | epoch: 1 pq: 2 rg: 60 | total time: 23.68m | eta: 13.9m
step 02405/03814 (63.06%) | loss: 3.693185 | lrm: 0.59 | dt: 614.08ms | tok/sec: 87,545 | bf16_mfu: 0.00 | epoch: 1 pq: 2 rg: 60 | total time: 23.69m | eta: 13.9m
step 02406/03814 (63.08%) | loss: 3.682928 | lrm: 0.59 | dt: 589.48ms | tok/sec: 91,199 | bf16_mfu: 0.00 | epoch: 1 pq: 2 rg: 60 | total time: 23.70m | eta: 13.9m
step 02407/03814 (63.11%) | loss: 3.696155 | lrm: 0.59 | dt: 589.03ms | tok/sec: 91,268 | bf16_mfu: 0.00 | epoch: 1 pq: 2 rg: 60 | total time: 23.71m | eta: 13.9m
step 02408/03814 (63.14%) | loss: 3.693146 | lrm: 0.59 | dt: 589.42ms | tok/sec: 91,208 | bf16_mfu: 0.00 | epoch: 1 pq: 2 rg: 60 | total time: 23.72m | eta: 13.9m
step 02409/03814 (63.16%) | loss: 3.696185 | lrm: 0.59 | dt: 590.62ms | tok/sec: 91,022 | bf16_mfu: 0.00 | epoch: 1 pq: 2 rg: 60 | total time: 23.73m | eta: 13.9m
step 02410/03814 (63.19%) | loss: 3.685340 | lrm: 0.59 | dt: 582.36ms | tok/sec: 92,313 | bf16_mfu: 0.00 | epoch: 1 pq: 2 rg: 61 | total time: 23.74m | eta: 13.9m
step 02411/03814 (63.21%) | loss: 3.688086 | lrm: 0.59 | dt: 592.85ms | tok/sec: 90,681 | bf16_mfu: 0.00 | epoch: 1 pq: 2 rg: 61 | total time: 23.75m | eta: 13.9m
step 02412/03814 (63.24%) | loss: 3.699555 | lrm: 0.59 | dt: 585.03ms | tok/sec: 91,892 | bf16_mfu: 0.00 | epoch: 1 pq: 2 rg: 61 | total time: 23.76m | eta: 13.9m
step 02413/03814 (63.27%) | loss: 3.706128 | lrm: 0.59 | dt: 594.16ms | tok/sec: 90,480 | bf16_mfu: 0.00 | epoch: 1 pq: 2 rg: 61 | total time: 23.77m | eta: 13.9m
step 02414/03814 (63.29%) | loss: 3.696156 | lrm: 0.59 | dt: 583.54ms | tok/sec: 92,126 | bf16_mfu: 0.00 | epoch: 1 pq: 2 rg: 61 | total time: 23.78m | eta: 13.8m
step 02415/03814 (63.32%) | loss: 3.687584 | lrm: 0.59 | dt: 585.65ms | tok/sec: 91,795 | bf16_mfu: 0.00 | epoch: 1 pq: 2 rg: 61 | total time: 23.79m | eta: 13.8m
step 02416/03814 (63.35%) | loss: 3.709284 | lrm: 0.59 | dt: 597.10ms | tok/sec: 90,034 | bf16_mfu: 0.00 | epoch: 1 pq: 2 rg: 61 | total time: 23.80m | eta: 13.8m
step 02417/03814 (63.37%) | loss: 3.742031 | lrm: 0.59 | dt: 589.49ms | tok/sec: 91,197 | bf16_mfu: 0.00 | epoch: 1 pq: 2 rg: 61 | total time: 23.81m | eta: 13.8m
step 02418/03814 (63.40%) | loss: 3.729829 | lrm: 0.58 | dt: 590.02ms | tok/sec: 91,115 | bf16_mfu: 0.00 | epoch: 1 pq: 2 rg: 61 | total time: 23.82m | eta: 13.8m
step 02419/03814 (63.42%) | loss: 3.728839 | lrm: 0.58 | dt: 592.66ms | tok/sec: 90,709 | bf16_mfu: 0.00 | epoch: 1 pq: 2 rg: 61 | total time: 23.83m | eta: 13.8m
step 02420/03814 (63.45%) | loss: 3.715410 | lrm: 0.58 | dt: 602.75ms | tok/sec: 89,191 | bf16_mfu: 0.00 | epoch: 1 pq: 2 rg: 61 | total time: 23.84m | eta: 13.8m
step 02421/03814 (63.48%) | loss: 3.709274 | lrm: 0.58 | dt: 587.03ms | tok/sec: 91,578 | bf16_mfu: 0.00 | epoch: 1 pq: 2 rg: 62 | total time: 23.85m | eta: 13.8m
step 02422/03814 (63.50%) | loss: 3.724407 | lrm: 0.58 | dt: 595.94ms | tok/sec: 90,210 | bf16_mfu: 0.00 | epoch: 1 pq: 2 rg: 62 | total time: 23.86m | eta: 13.8m
step 02423/03814 (63.53%) | loss: 3.718017 | lrm: 0.58 | dt: 580.92ms | tok/sec: 92,543 | bf16_mfu: 0.00 | epoch: 1 pq: 2 rg: 62 | total time: 23.87m | eta: 13.8m
step 02424/03814 (63.56%) | loss: 3.719400 | lrm: 0.58 | dt: 600.82ms | tok/sec: 89,478 | bf16_mfu: 0.00 | epoch: 1 pq: 2 rg: 62 | total time: 23.88m | eta: 13.7m
step 02425/03814 (63.58%) | loss: 3.722736 | lrm: 0.58 | dt: 588.87ms | tok/sec: 91,293 | bf16_mfu: 0.00 | epoch: 1 pq: 2 rg: 62 | total time: 23.89m | eta: 13.7m
step 02426/03814 (63.61%) | loss: 3.727851 | lrm: 0.58 | dt: 593.55ms | tok/sec: 90,573 | bf16_mfu: 0.00 | epoch: 1 pq: 2 rg: 62 | total time: 23.90m | eta: 13.7m
step 02427/03814 (63.63%) | loss: 3.729529 | lrm: 0.58 | dt: 593.22ms | tok/sec: 90,623 | bf16_mfu: 0.00 | epoch: 1 pq: 2 rg: 62 | total time: 23.91m | eta: 13.7m
step 02428/03814 (63.66%) | loss: 3.731474 | lrm: 0.58 | dt: 590.58ms | tok/sec: 91,029 | bf16_mfu: 0.00 | epoch: 1 pq: 2 rg: 62 | total time: 23.92m | eta: 13.7m
step 02429/03814 (63.69%) | loss: 3.725594 | lrm: 0.58 | dt: 589.58ms | tok/sec: 91,183 | bf16_mfu: 0.00 | epoch: 1 pq: 2 rg: 62 | total time: 23.93m | eta: 13.7m
step 02430/03814 (63.71%) | loss: 3.726454 | lrm: 0.58 | dt: 587.94ms | tok/sec: 91,437 | bf16_mfu: 0.00 | epoch: 1 pq: 2 rg: 62 | total time: 23.94m | eta: 13.7m
step 02431/03814 (63.74%) | loss: 3.740993 | lrm: 0.58 | dt: 594.31ms | tok/sec: 90,458 | bf16_mfu: 0.00 | epoch: 1 pq: 2 rg: 63 | total time: 23.95m | eta: 13.7m
step 02432/03814 (63.77%) | loss: 3.750147 | lrm: 0.58 | dt: 589.86ms | tok/sec: 91,141 | bf16_mfu: 0.00 | epoch: 1 pq: 2 rg: 63 | total time: 23.96m | eta: 13.7m
step 02433/03814 (63.79%) | loss: 3.744466 | lrm: 0.58 | dt: 593.41ms | tok/sec: 90,594 | bf16_mfu: 0.00 | epoch: 1 pq: 2 rg: 63 | total time: 23.97m | eta: 13.7m
step 02434/03814 (63.82%) | loss: 3.742503 | lrm: 0.58 | dt: 589.98ms | tok/sec: 91,121 | bf16_mfu: 0.00 | epoch: 1 pq: 2 rg: 63 | total time: 23.98m | eta: 13.6m
step 02435/03814 (63.84%) | loss: 3.757077 | lrm: 0.58 | dt: 609.16ms | tok/sec: 88,252 | bf16_mfu: 0.00 | epoch: 1 pq: 2 rg: 63 | total time: 23.99m | eta: 13.6m
step 02436/03814 (63.87%) | loss: 3.782974 | lrm: 0.58 | dt: 591.93ms | tok/sec: 90,821 | bf16_mfu: 0.00 | epoch: 1 pq: 2 rg: 63 | total time: 24.00m | eta: 13.6m
step 02437/03814 (63.90%) | loss: 3.778853 | lrm: 0.58 | dt: 597.50ms | tok/sec: 89,974 | bf16_mfu: 0.00 | epoch: 1 pq: 2 rg: 63 | total time: 24.01m | eta: 13.6m
step 02438/03814 (63.92%) | loss: 3.762568 | lrm: 0.58 | dt: 624.46ms | tok/sec: 86,089 | bf16_mfu: 0.00 | epoch: 1 pq: 2 rg: 63 | total time: 24.02m | eta: 13.6m
step 02439/03814 (63.95%) | loss: 3.743666 | lrm: 0.58 | dt: 595.00ms | tok/sec: 90,352 | bf16_mfu: 0.00 | epoch: 1 pq: 2 rg: 63 | total time: 24.03m | eta: 13.6m
step 02440/03814 (63.97%) | loss: 3.749702 | lrm: 0.58 | dt: 590.64ms | tok/sec: 91,020 | bf16_mfu: 0.00 | epoch: 1 pq: 2 rg: 63 | total time: 24.04m | eta: 13.6m
step 02441/03814 (64.00%) | loss: 3.756689 | lrm: 0.58 | dt: 614.98ms | tok/sec: 87,416 | bf16_mfu: 0.00 | epoch: 1 pq: 2 rg: 64 | total time: 24.05m | eta: 13.6m
step 02442/03814 (64.03%) | loss: 3.745469 | lrm: 0.58 | dt: 599.63ms | tok/sec: 89,655 | bf16_mfu: 0.00 | epoch: 1 pq: 2 rg: 64 | total time: 24.06m | eta: 13.6m
step 02443/03814 (64.05%) | loss: 3.732126 | lrm: 0.58 | dt: 598.18ms | tok/sec: 89,872 | bf16_mfu: 0.00 | epoch: 1 pq: 2 rg: 64 | total time: 24.07m | eta: 13.6m
step 02444/03814 (64.08%) | loss: 3.721152 | lrm: 0.58 | dt: 591.59ms | tok/sec: 90,873 | bf16_mfu: 0.00 | epoch: 1 pq: 2 rg: 64 | total time: 24.08m | eta: 13.6m
step 02445/03814 (64.11%) | loss: 3.736358 | lrm: 0.57 | dt: 591.81ms | tok/sec: 90,840 | bf16_mfu: 0.00 | epoch: 1 pq: 2 rg: 64 | total time: 24.09m | eta: 13.5m
step 02446/03814 (64.13%) | loss: 3.719015 | lrm: 0.57 | dt: 602.25ms | tok/sec: 89,265 | bf16_mfu: 0.00 | epoch: 1 pq: 2 rg: 64 | total time: 24.10m | eta: 13.5m
step 02447/03814 (64.16%) | loss: 3.700526 | lrm: 0.57 | dt: 595.48ms | tok/sec: 90,280 | bf16_mfu: 0.00 | epoch: 1 pq: 2 rg: 64 | total time: 24.11m | eta: 13.5m
step 02448/03814 (64.18%) | loss: 3.687679 | lrm: 0.57 | dt: 599.75ms | tok/sec: 89,637 | bf16_mfu: 0.00 | epoch: 1 pq: 2 rg: 64 | total time: 24.12m | eta: 13.5m
step 02449/03814 (64.21%) | loss: 3.703478 | lrm: 0.57 | dt: 594.82ms | tok/sec: 90,381 | bf16_mfu: 0.00 | epoch: 1 pq: 2 rg: 64 | total time: 24.13m | eta: 13.5m
step 02450/03814 (64.24%) | loss: 3.694449 | lrm: 0.57 | dt: 603.32ms | tok/sec: 89,106 | bf16_mfu: 0.00 | epoch: 1 pq: 2 rg: 64 | total time: 24.14m | eta: 13.5m
step 02451/03814 (64.26%) | loss: 3.680356 | lrm: 0.57 | dt: 644.38ms | tok/sec: 83,429 | bf16_mfu: 0.00 | epoch: 1 pq: 2 rg: 65 | total time: 24.15m | eta: 13.5m
step 02452/03814 (64.29%) | loss: 3.666589 | lrm: 0.57 | dt: 595.45ms | tok/sec: 90,284 | bf16_mfu: 0.00 | epoch: 1 pq: 2 rg: 65 | total time: 24.16m | eta: 13.5m
step 02453/03814 (64.32%) | loss: 3.675540 | lrm: 0.57 | dt: 600.67ms | tok/sec: 89,500 | bf16_mfu: 0.00 | epoch: 1 pq: 2 rg: 65 | total time: 24.17m | eta: 13.5m
step 02454/03814 (64.34%) | loss: 3.672503 | lrm: 0.57 | dt: 595.46ms | tok/sec: 90,282 | bf16_mfu: 0.00 | epoch: 1 pq: 2 rg: 65 | total time: 24.18m | eta: 13.5m
step 02455/03814 (64.37%) | loss: 3.669691 | lrm: 0.57 | dt: 603.61ms | tok/sec: 89,063 | bf16_mfu: 0.00 | epoch: 1 pq: 2 rg: 65 | total time: 24.19m | eta: 13.4m
step 02456/03814 (64.39%) | loss: 3.664461 | lrm: 0.57 | dt: 604.87ms | tok/sec: 88,878 | bf16_mfu: 0.00 | epoch: 1 pq: 2 rg: 65 | total time: 24.20m | eta: 13.4m
step 02457/03814 (64.42%) | loss: 3.660690 | lrm: 0.57 | dt: 594.80ms | tok/sec: 90,382 | bf16_mfu: 0.00 | epoch: 1 pq: 2 rg: 65 | total time: 24.21m | eta: 13.4m
step 02458/03814 (64.45%) | loss: 3.664016 | lrm: 0.57 | dt: 602.20ms | tok/sec: 89,272 | bf16_mfu: 0.00 | epoch: 1 pq: 2 rg: 65 | total time: 24.22m | eta: 13.4m
step 02459/03814 (64.47%) | loss: 3.673913 | lrm: 0.57 | dt: 607.05ms | tok/sec: 88,559 | bf16_mfu: 0.00 | epoch: 1 pq: 2 rg: 65 | total time: 24.23m | eta: 13.4m
step 02460/03814 (64.50%) | loss: 3.691780 | lrm: 0.57 | dt: 612.09ms | tok/sec: 87,830 | bf16_mfu: 0.00 | epoch: 1 pq: 2 rg: 65 | total time: 24.24m | eta: 13.4m
step 02461/03814 (64.53%) | loss: 3.686802 | lrm: 0.57 | dt: 606.08ms | tok/sec: 88,701 | bf16_mfu: 0.00 | epoch: 1 pq: 2 rg: 66 | total time: 24.25m | eta: 13.4m
step 02462/03814 (64.55%) | loss: 3.688240 | lrm: 0.57 | dt: 603.80ms | tok/sec: 89,035 | bf16_mfu: 0.00 | epoch: 1 pq: 2 rg: 66 | total time: 24.26m | eta: 13.4m
step 02463/03814 (64.58%) | loss: 3.680812 | lrm: 0.57 | dt: 596.71ms | tok/sec: 90,093 | bf16_mfu: 0.00 | epoch: 1 pq: 2 rg: 66 | total time: 24.27m | eta: 13.4m
step 02464/03814 (64.60%) | loss: 3.693925 | lrm: 0.57 | dt: 604.46ms | tok/sec: 88,939 | bf16_mfu: 0.00 | epoch: 1 pq: 2 rg: 66 | total time: 24.28m | eta: 13.4m
step 02465/03814 (64.63%) | loss: 3.702019 | lrm: 0.57 | dt: 601.27ms | tok/sec: 89,410 | bf16_mfu: 0.00 | epoch: 1 pq: 2 rg: 66 | total time: 24.29m | eta: 13.3m
step 02466/03814 (64.66%) | loss: 3.683184 | lrm: 0.57 | dt: 599.05ms | tok/sec: 89,742 | bf16_mfu: 0.00 | epoch: 1 pq: 2 rg: 66 | total time: 24.30m | eta: 13.3m
step 02467/03814 (64.68%) | loss: 3.666447 | lrm: 0.57 | dt: 606.84ms | tok/sec: 88,589 | bf16_mfu: 0.00 | epoch: 1 pq: 2 rg: 66 | total time: 24.31m | eta: 13.3m
step 02468/03814 (64.71%) | loss: 3.685569 | lrm: 0.57 | dt: 608.21ms | tok/sec: 88,390 | bf16_mfu: 0.00 | epoch: 1 pq: 2 rg: 66 | total time: 24.32m | eta: 13.3m
step 02469/03814 (64.74%) | loss: 3.689154 | lrm: 0.57 | dt: 607.16ms | tok/sec: 88,543 | bf16_mfu: 0.00 | epoch: 1 pq: 2 rg: 66 | total time: 24.33m | eta: 13.3m
step 02470/03814 (64.76%) | loss: 3.685754 | lrm: 0.57 | dt: 607.23ms | tok/sec: 88,532 | bf16_mfu: 0.00 | epoch: 1 pq: 2 rg: 66 | total time: 24.34m | eta: 13.3m
step 02471/03814 (64.79%) | loss: 3.678412 | lrm: 0.56 | dt: 608.35ms | tok/sec: 88,369 | bf16_mfu: 0.00 | epoch: 1 pq: 2 rg: 67 | total time: 24.35m | eta: 13.3m
step 02472/03814 (64.81%) | loss: 3.683158 | lrm: 0.56 | dt: 608.10ms | tok/sec: 88,406 | bf16_mfu: 0.00 | epoch: 1 pq: 2 rg: 67 | total time: 24.36m | eta: 13.3m
step 02473/03814 (64.84%) | loss: 3.680805 | lrm: 0.56 | dt: 608.46ms | tok/sec: 88,354 | bf16_mfu: 0.00 | epoch: 1 pq: 2 rg: 67 | total time: 24.37m | eta: 13.3m
step 02474/03814 (64.87%) | loss: 3.679486 | lrm: 0.56 | dt: 609.50ms | tok/sec: 88,203 | bf16_mfu: 0.00 | epoch: 1 pq: 2 rg: 67 | total time: 24.38m | eta: 13.3m
step 02475/03814 (64.89%) | loss: 3.672193 | lrm: 0.56 | dt: 604.97ms | tok/sec: 88,863 | bf16_mfu: 0.00 | epoch: 1 pq: 2 rg: 67 | total time: 24.39m | eta: 13.2m
step 02476/03814 (64.92%) | loss: 3.669266 | lrm: 0.56 | dt: 608.23ms | tok/sec: 88,388 | bf16_mfu: 0.00 | epoch: 1 pq: 2 rg: 67 | total time: 24.40m | eta: 13.2m
step 02477/03814 (64.94%) | loss: 3.666999 | lrm: 0.56 | dt: 608.97ms | tok/sec: 88,280 | bf16_mfu: 0.00 | epoch: 1 pq: 2 rg: 67 | total time: 24.41m | eta: 13.2m
step 02478/03814 (64.97%) | loss: 3.674388 | lrm: 0.56 | dt: 607.65ms | tok/sec: 88,471 | bf16_mfu: 0.00 | epoch: 1 pq: 2 rg: 67 | total time: 24.42m | eta: 13.2m
step 02479/03814 (65.00%) | loss: 3.682713 | lrm: 0.56 | dt: 603.67ms | tok/sec: 89,054 | bf16_mfu: 0.00 | epoch: 1 pq: 2 rg: 67 | total time: 24.43m | eta: 13.2m
step 02480/03814 (65.02%) | loss: 3.683101 | lrm: 0.56 | dt: 613.05ms | tok/sec: 87,692 | bf16_mfu: 0.00 | epoch: 1 pq: 2 rg: 67 | total time: 24.44m | eta: 13.2m
step 02481/03814 (65.05%) | loss: 3.669506 | lrm: 0.56 | dt: 602.04ms | tok/sec: 89,296 | bf16_mfu: 0.00 | epoch: 1 pq: 2 rg: 67 | total time: 24.45m | eta: 13.2m
step 02482/03814 (65.08%) | loss: 3.687040 | lrm: 0.56 | dt: 668.83ms | tok/sec: 80,378 | bf16_mfu: 0.00 | epoch: 1 pq: 2 rg: 68 | total time: 24.46m | eta: 13.2m
step 02483/03814 (65.10%) | loss: 3.692780 | lrm: 0.56 | dt: 606.90ms | tok/sec: 88,581 | bf16_mfu: 0.00 | epoch: 1 pq: 2 rg: 68 | total time: 24.47m | eta: 13.2m
step 02484/03814 (65.13%) | loss: 3.672795 | lrm: 0.56 | dt: 606.10ms | tok/sec: 88,698 | bf16_mfu: 0.00 | epoch: 1 pq: 2 rg: 68 | total time: 24.48m | eta: 13.2m
step 02485/03814 (65.15%) | loss: 3.664886 | lrm: 0.56 | dt: 611.61ms | tok/sec: 87,899 | bf16_mfu: 0.00 | epoch: 1 pq: 2 rg: 68 | total time: 24.49m | eta: 13.2m
step 02486/03814 (65.18%) | loss: 3.649594 | lrm: 0.56 | dt: 604.90ms | tok/sec: 88,874 | bf16_mfu: 0.00 | epoch: 1 pq: 2 rg: 68 | total time: 24.50m | eta: 13.1m
step 02487/03814 (65.21%) | loss: 3.669387 | lrm: 0.56 | dt: 605.78ms | tok/sec: 88,744 | bf16_mfu: 0.00 | epoch: 1 pq: 2 rg: 68 | total time: 24.51m | eta: 13.1m
step 02488/03814 (65.23%) | loss: 3.674880 | lrm: 0.56 | dt: 607.49ms | tok/sec: 88,494 | bf16_mfu: 0.00 | epoch: 1 pq: 2 rg: 68 | total time: 24.52m | eta: 13.1m
step 02489/03814 (65.26%) | loss: 3.670452 | lrm: 0.56 | dt: 804.63ms | tok/sec: 66,813 | bf16_mfu: 0.00 | epoch: 1 pq: 2 rg: 68 | total time: 24.53m | eta: 13.1m
step 02490/03814 (65.29%) | loss: 3.651028 | lrm: 0.56 | dt: 593.47ms | tok/sec: 90,585 | bf16_mfu: 0.00 | epoch: 1 pq: 2 rg: 68 | total time: 24.54m | eta: 13.1m
step 02491/03814 (65.31%) | loss: 3.632775 | lrm: 0.56 | dt: 606.58ms | tok/sec: 88,627 | bf16_mfu: 0.00 | epoch: 1 pq: 2 rg: 68 | total time: 24.55m | eta: 13.1m
step 02492/03814 (65.34%) | loss: 3.631284 | lrm: 0.56 | dt: 609.98ms | tok/sec: 88,133 | bf16_mfu: 0.00 | epoch: 1 pq: 2 rg: 69 | total time: 24.56m | eta: 13.1m
step 02493/03814 (65.36%) | loss: 3.648172 | lrm: 0.56 | dt: 605.04ms | tok/sec: 88,853 | bf16_mfu: 0.00 | epoch: 1 pq: 2 rg: 69 | total time: 24.57m | eta: 13.1m
step 02494/03814 (65.39%) | loss: 3.659742 | lrm: 0.56 | dt: 607.31ms | tok/sec: 88,521 | bf16_mfu: 0.00 | epoch: 1 pq: 2 rg: 69 | total time: 24.58m | eta: 13.1m
step 02495/03814 (65.42%) | loss: 3.648986 | lrm: 0.56 | dt: 610.05ms | tok/sec: 88,123 | bf16_mfu: 0.00 | epoch: 1 pq: 2 rg: 69 | total time: 24.59m | eta: 13.1m
step 02496/03814 (65.44%) | loss: 3.639396 | lrm: 0.56 | dt: 603.99ms | tok/sec: 89,007 | bf16_mfu: 0.00 | epoch: 1 pq: 2 rg: 69 | total time: 24.60m | eta: 13.0m
step 02497/03814 (65.47%) | loss: 3.663468 | lrm: 0.55 | dt: 607.10ms | tok/sec: 88,551 | bf16_mfu: 0.00 | epoch: 1 pq: 2 rg: 69 | total time: 24.61m | eta: 13.0m
step 02498/03814 (65.50%) | loss: 3.652436 | lrm: 0.55 | dt: 613.42ms | tok/sec: 87,639 | bf16_mfu: 0.00 | epoch: 1 pq: 2 rg: 69 | total time: 24.62m | eta: 13.0m
step 02499/03814 (65.52%) | loss: 3.646483 | lrm: 0.55 | dt: 601.88ms | tok/sec: 89,320 | bf16_mfu: 0.00 | epoch: 1 pq: 2 rg: 69 | total time: 24.63m | eta: 13.0m
Step 02500 | Validation bpb: 0.817956
step 02500/03814 (65.55%) | loss: 3.645106 | lrm: 0.55 | dt: 577.28ms | tok/sec: 93,125 | bf16_mfu: 0.00 | epoch: 1 pq: 2 rg: 69 | total time: 24.64m | eta: 13.0m
step 02501/03814 (65.57%) | loss: 3.666022 | lrm: 0.55 | dt: 588.91ms | tok/sec: 91,287 | bf16_mfu: 0.00 | epoch: 1 pq: 2 rg: 69 | total time: 24.65m | eta: 13.0m
step 02502/03814 (65.60%) | loss: 3.694266 | lrm: 0.55 | dt: 583.95ms | tok/sec: 92,062 | bf16_mfu: 0.00 | epoch: 1 pq: 2 rg: 70 | total time: 24.66m | eta: 13.0m
step 02503/03814 (65.63%) | loss: 3.684642 | lrm: 0.55 | dt: 605.18ms | tok/sec: 88,833 | bf16_mfu: 0.00 | epoch: 1 pq: 2 rg: 70 | total time: 24.67m | eta: 13.0m
step 02504/03814 (65.65%) | loss: 3.669842 | lrm: 0.55 | dt: 588.33ms | tok/sec: 91,378 | bf16_mfu: 0.00 | epoch: 1 pq: 2 rg: 70 | total time: 24.68m | eta: 13.0m
step 02505/03814 (65.68%) | loss: 3.689959 | lrm: 0.55 | dt: 584.67ms | tok/sec: 91,948 | bf16_mfu: 0.00 | epoch: 1 pq: 2 rg: 70 | total time: 24.69m | eta: 13.0m
step 02506/03814 (65.71%) | loss: 3.707535 | lrm: 0.55 | dt: 586.12ms | tok/sec: 91,722 | bf16_mfu: 0.00 | epoch: 1 pq: 2 rg: 70 | total time: 24.70m | eta: 12.9m
step 02507/03814 (65.73%) | loss: 3.698058 | lrm: 0.55 | dt: 584.08ms | tok/sec: 92,042 | bf16_mfu: 0.00 | epoch: 1 pq: 2 rg: 70 | total time: 24.71m | eta: 12.9m
step 02508/03814 (65.76%) | loss: 3.676355 | lrm: 0.55 | dt: 576.61ms | tok/sec: 93,234 | bf16_mfu: 0.00 | epoch: 1 pq: 2 rg: 70 | total time: 24.72m | eta: 12.9m
step 02509/03814 (65.78%) | loss: 3.668489 | lrm: 0.55 | dt: 583.40ms | tok/sec: 92,149 | bf16_mfu: 0.00 | epoch: 1 pq: 2 rg: 70 | total time: 24.73m | eta: 12.9m
step 02510/03814 (65.81%) | loss: 3.666563 | lrm: 0.55 | dt: 589.27ms | tok/sec: 91,230 | bf16_mfu: 0.00 | epoch: 1 pq: 2 rg: 70 | total time: 24.74m | eta: 12.9m
step 02511/03814 (65.84%) | loss: 3.681997 | lrm: 0.55 | dt: 583.02ms | tok/sec: 92,210 | bf16_mfu: 0.00 | epoch: 1 pq: 2 rg: 70 | total time: 24.75m | eta: 12.9m
step 02512/03814 (65.86%) | loss: 3.661834 | lrm: 0.55 | dt: 587.77ms | tok/sec: 91,464 | bf16_mfu: 0.00 | epoch: 1 pq: 2 rg: 71 | total time: 24.76m | eta: 12.9m
step 02513/03814 (65.89%) | loss: 3.647190 | lrm: 0.55 | dt: 587.16ms | tok/sec: 91,559 | bf16_mfu: 0.00 | epoch: 1 pq: 2 rg: 71 | total time: 24.77m | eta: 12.9m
step 02514/03814 (65.92%) | loss: 3.636237 | lrm: 0.55 | dt: 585.35ms | tok/sec: 91,842 | bf16_mfu: 0.00 | epoch: 1 pq: 2 rg: 71 | total time: 24.78m | eta: 12.9m
step 02515/03814 (65.94%) | loss: 3.645259 | lrm: 0.55 | dt: 587.32ms | tok/sec: 91,534 | bf16_mfu: 0.00 | epoch: 1 pq: 2 rg: 71 | total time: 24.79m | eta: 12.9m
step 02516/03814 (65.97%) | loss: 3.659995 | lrm: 0.55 | dt: 587.33ms | tok/sec: 91,532 | bf16_mfu: 0.00 | epoch: 1 pq: 2 rg: 71 | total time: 24.80m | eta: 12.8m
step 02517/03814 (65.99%) | loss: 3.662446 | lrm: 0.55 | dt: 587.29ms | tok/sec: 91,538 | bf16_mfu: 0.00 | epoch: 1 pq: 2 rg: 71 | total time: 24.81m | eta: 12.8m
step 02518/03814 (66.02%) | loss: 3.660609 | lrm: 0.55 | dt: 586.09ms | tok/sec: 91,727 | bf16_mfu: 0.00 | epoch: 1 pq: 2 rg: 71 | total time: 24.82m | eta: 12.8m
step 02519/03814 (66.05%) | loss: 3.637907 | lrm: 0.55 | dt: 586.80ms | tok/sec: 91,614 | bf16_mfu: 0.00 | epoch: 1 pq: 2 rg: 71 | total time: 24.83m | eta: 12.8m
step 02520/03814 (66.07%) | loss: 3.634291 | lrm: 0.55 | dt: 586.18ms | tok/sec: 91,712 | bf16_mfu: 0.00 | epoch: 1 pq: 2 rg: 71 | total time: 24.84m | eta: 12.8m
step 02521/03814 (66.10%) | loss: 3.643869 | lrm: 0.55 | dt: 586.11ms | tok/sec: 91,722 | bf16_mfu: 0.00 | epoch: 1 pq: 2 rg: 71 | total time: 24.85m | eta: 12.8m
step 02522/03814 (66.12%) | loss: 3.649397 | lrm: 0.55 | dt: 588.15ms | tok/sec: 91,405 | bf16_mfu: 0.00 | epoch: 1 pq: 2 rg: 71 | total time: 24.86m | eta: 12.8m
step 02523/03814 (66.15%) | loss: 3.648185 | lrm: 0.54 | dt: 588.60ms | tok/sec: 91,335 | bf16_mfu: 0.00 | epoch: 1 pq: 2 rg: 72 | total time: 24.87m | eta: 12.8m
step 02524/03814 (66.18%) | loss: 3.663490 | lrm: 0.54 | dt: 587.59ms | tok/sec: 91,492 | bf16_mfu: 0.00 | epoch: 1 pq: 2 rg: 72 | total time: 24.88m | eta: 12.8m
step 02525/03814 (66.20%) | loss: 3.654388 | lrm: 0.54 | dt: 583.85ms | tok/sec: 92,078 | bf16_mfu: 0.00 | epoch: 1 pq: 2 rg: 72 | total time: 24.89m | eta: 12.8m
step 02526/03814 (66.23%) | loss: 3.648412 | lrm: 0.54 | dt: 590.91ms | tok/sec: 90,978 | bf16_mfu: 0.00 | epoch: 1 pq: 2 rg: 72 | total time: 24.90m | eta: 12.7m
step 02527/03814 (66.26%) | loss: 3.636388 | lrm: 0.54 | dt: 582.74ms | tok/sec: 92,254 | bf16_mfu: 0.00 | epoch: 1 pq: 2 rg: 72 | total time: 24.91m | eta: 12.7m
step 02528/03814 (66.28%) | loss: 3.627061 | lrm: 0.54 | dt: 585.92ms | tok/sec: 91,753 | bf16_mfu: 0.00 | epoch: 1 pq: 2 rg: 72 | total time: 24.92m | eta: 12.7m
step 02529/03814 (66.31%) | loss: 3.646779 | lrm: 0.54 | dt: 586.49ms | tok/sec: 91,664 | bf16_mfu: 0.00 | epoch: 1 pq: 2 rg: 72 | total time: 24.93m | eta: 12.7m
step 02530/03814 (66.33%) | loss: 3.649702 | lrm: 0.54 | dt: 588.67ms | tok/sec: 91,324 | bf16_mfu: 0.00 | epoch: 1 pq: 2 rg: 72 | total time: 24.94m | eta: 12.7m
step 02531/03814 (66.36%) | loss: 3.644650 | lrm: 0.54 | dt: 587.47ms | tok/sec: 91,510 | bf16_mfu: 0.00 | epoch: 1 pq: 2 rg: 72 | total time: 24.95m | eta: 12.7m
step 02532/03814 (66.39%) | loss: 3.642779 | lrm: 0.54 | dt: 585.21ms | tok/sec: 91,864 | bf16_mfu: 0.00 | epoch: 1 pq: 2 rg: 72 | total time: 24.96m | eta: 12.7m
step 02533/03814 (66.41%) | loss: 3.648468 | lrm: 0.54 | dt: 628.30ms | tok/sec: 85,564 | bf16_mfu: 0.00 | epoch: 1 pq: 2 rg: 73 | total time: 24.97m | eta: 12.7m
step 02534/03814 (66.44%) | loss: 3.659162 | lrm: 0.54 | dt: 588.33ms | tok/sec: 91,376 | bf16_mfu: 0.00 | epoch: 1 pq: 2 rg: 73 | total time: 24.98m | eta: 12.7m
step 02535/03814 (66.47%) | loss: 3.674072 | lrm: 0.54 | dt: 585.63ms | tok/sec: 91,798 | bf16_mfu: 0.00 | epoch: 1 pq: 2 rg: 73 | total time: 24.99m | eta: 12.7m
step 02536/03814 (66.49%) | loss: 3.665352 | lrm: 0.54 | dt: 587.97ms | tok/sec: 91,433 | bf16_mfu: 0.00 | epoch: 1 pq: 2 rg: 73 | total time: 25.00m | eta: 12.6m
step 02537/03814 (66.52%) | loss: 3.668024 | lrm: 0.54 | dt: 588.23ms | tok/sec: 91,393 | bf16_mfu: 0.00 | epoch: 1 pq: 2 rg: 73 | total time: 25.01m | eta: 12.6m
step 02538/03814 (66.54%) | loss: 3.688727 | lrm: 0.54 | dt: 588.86ms | tok/sec: 91,294 | bf16_mfu: 0.00 | epoch: 1 pq: 2 rg: 73 | total time: 25.02m | eta: 12.6m
step 02539/03814 (66.57%) | loss: 3.713487 | lrm: 0.54 | dt: 587.85ms | tok/sec: 91,452 | bf16_mfu: 0.00 | epoch: 1 pq: 2 rg: 73 | total time: 25.03m | eta: 12.6m
step 02540/03814 (66.60%) | loss: 3.703561 | lrm: 0.54 | dt: 586.29ms | tok/sec: 91,696 | bf16_mfu: 0.00 | epoch: 1 pq: 2 rg: 73 | total time: 25.04m | eta: 12.6m
step 02541/03814 (66.62%) | loss: 3.689031 | lrm: 0.54 | dt: 584.48ms | tok/sec: 91,979 | bf16_mfu: 0.00 | epoch: 1 pq: 2 rg: 73 | total time: 25.05m | eta: 12.6m
step 02542/03814 (66.65%) | loss: 3.665950 | lrm: 0.54 | dt: 582.75ms | tok/sec: 92,252 | bf16_mfu: 0.00 | epoch: 1 pq: 2 rg: 73 | total time: 25.06m | eta: 12.6m
step 02543/03814 (66.68%) | loss: 3.675856 | lrm: 0.54 | dt: 579.64ms | tok/sec: 92,746 | bf16_mfu: 0.00 | epoch: 1 pq: 2 rg: 74 | total time: 25.07m | eta: 12.6m
step 02544/03814 (66.70%) | loss: 3.676030 | lrm: 0.54 | dt: 587.85ms | tok/sec: 91,451 | bf16_mfu: 0.00 | epoch: 1 pq: 2 rg: 74 | total time: 25.08m | eta: 12.6m
step 02545/03814 (66.73%) | loss: 3.682775 | lrm: 0.54 | dt: 585.78ms | tok/sec: 91,775 | bf16_mfu: 0.00 | epoch: 1 pq: 2 rg: 74 | total time: 25.09m | eta: 12.6m
step 02546/03814 (66.75%) | loss: 3.679132 | lrm: 0.54 | dt: 632.12ms | tok/sec: 85,047 | bf16_mfu: 0.00 | epoch: 1 pq: 2 rg: 74 | total time: 25.10m | eta: 12.5m
step 02547/03814 (66.78%) | loss: 3.664320 | lrm: 0.54 | dt: 592.37ms | tok/sec: 90,754 | bf16_mfu: 0.00 | epoch: 1 pq: 2 rg: 74 | total time: 25.11m | eta: 12.5m
step 02548/03814 (66.81%) | loss: 3.661278 | lrm: 0.54 | dt: 582.62ms | tok/sec: 92,272 | bf16_mfu: 0.00 | epoch: 1 pq: 2 rg: 74 | total time: 25.12m | eta: 12.5m
step 02549/03814 (66.83%) | loss: 3.702980 | lrm: 0.53 | dt: 585.69ms | tok/sec: 91,789 | bf16_mfu: 0.00 | epoch: 1 pq: 2 rg: 74 | total time: 25.12m | eta: 12.5m
step 02550/03814 (66.86%) | loss: 3.712099 | lrm: 0.53 | dt: 592.18ms | tok/sec: 90,783 | bf16_mfu: 0.00 | epoch: 1 pq: 2 rg: 74 | total time: 25.13m | eta: 12.5m
step 02551/03814 (66.89%) | loss: 3.699850 | lrm: 0.53 | dt: 584.77ms | tok/sec: 91,933 | bf16_mfu: 0.00 | epoch: 1 pq: 2 rg: 74 | total time: 25.14m | eta: 12.5m
step 02552/03814 (66.91%) | loss: 3.709623 | lrm: 0.53 | dt: 586.15ms | tok/sec: 91,717 | bf16_mfu: 0.00 | epoch: 1 pq: 2 rg: 74 | total time: 25.15m | eta: 12.5m
step 02553/03814 (66.94%) | loss: 3.728045 | lrm: 0.53 | dt: 586.42ms | tok/sec: 91,674 | bf16_mfu: 0.00 | epoch: 1 pq: 2 rg: 75 | total time: 25.16m | eta: 12.5m
step 02554/03814 (66.96%) | loss: 3.703444 | lrm: 0.53 | dt: 589.29ms | tok/sec: 91,228 | bf16_mfu: 0.00 | epoch: 1 pq: 2 rg: 75 | total time: 25.17m | eta: 12.5m
step 02555/03814 (66.99%) | loss: 3.678665 | lrm: 0.53 | dt: 584.83ms | tok/sec: 91,923 | bf16_mfu: 0.00 | epoch: 1 pq: 2 rg: 75 | total time: 25.18m | eta: 12.5m
step 02556/03814 (67.02%) | loss: 3.676577 | lrm: 0.53 | dt: 588.94ms | tok/sec: 91,282 | bf16_mfu: 0.00 | epoch: 1 pq: 2 rg: 75 | total time: 25.19m | eta: 12.4m
step 02557/03814 (67.04%) | loss: 3.689228 | lrm: 0.53 | dt: 585.12ms | tok/sec: 91,877 | bf16_mfu: 0.00 | epoch: 1 pq: 2 rg: 75 | total time: 25.20m | eta: 12.4m
step 02558/03814 (67.07%) | loss: 3.689927 | lrm: 0.53 | dt: 589.59ms | tok/sec: 91,181 | bf16_mfu: 0.00 | epoch: 1 pq: 2 rg: 75 | total time: 25.21m | eta: 12.4m
step 02559/03814 (67.09%) | loss: 3.682730 | lrm: 0.53 | dt: 586.81ms | tok/sec: 91,614 | bf16_mfu: 0.00 | epoch: 1 pq: 2 rg: 75 | total time: 25.22m | eta: 12.4m
step 02560/03814 (67.12%) | loss: 3.692938 | lrm: 0.53 | dt: 588.86ms | tok/sec: 91,295 | bf16_mfu: 0.00 | epoch: 1 pq: 2 rg: 75 | total time: 25.23m | eta: 12.4m
step 02561/03814 (67.15%) | loss: 3.692394 | lrm: 0.53 | dt: 586.47ms | tok/sec: 91,666 | bf16_mfu: 0.00 | epoch: 1 pq: 2 rg: 75 | total time: 25.24m | eta: 12.4m
step 02562/03814 (67.17%) | loss: 3.709838 | lrm: 0.53 | dt: 585.00ms | tok/sec: 91,896 | bf16_mfu: 0.00 | epoch: 1 pq: 2 rg: 75 | total time: 25.25m | eta: 12.4m
step 02563/03814 (67.20%) | loss: 3.698428 | lrm: 0.53 | dt: 585.71ms | tok/sec: 91,785 | bf16_mfu: 0.00 | epoch: 1 pq: 2 rg: 76 | total time: 25.26m | eta: 12.4m
step 02564/03814 (67.23%) | loss: 3.680332 | lrm: 0.53 | dt: 575.48ms | tok/sec: 93,417 | bf16_mfu: 0.00 | epoch: 1 pq: 2 rg: 76 | total time: 25.27m | eta: 12.4m
step 02565/03814 (67.25%) | loss: 3.683582 | lrm: 0.53 | dt: 585.85ms | tok/sec: 91,763 | bf16_mfu: 0.00 | epoch: 1 pq: 2 rg: 76 | total time: 25.28m | eta: 12.4m
step 02566/03814 (67.28%) | loss: 3.705681 | lrm: 0.53 | dt: 587.60ms | tok/sec: 91,490 | bf16_mfu: 0.00 | epoch: 1 pq: 2 rg: 76 | total time: 25.29m | eta: 12.3m
step 02567/03814 (67.30%) | loss: 3.699130 | lrm: 0.53 | dt: 587.68ms | tok/sec: 91,478 | bf16_mfu: 0.00 | epoch: 1 pq: 2 rg: 76 | total time: 25.30m | eta: 12.3m
step 02568/03814 (67.33%) | loss: 3.691364 | lrm: 0.53 | dt: 585.95ms | tok/sec: 91,748 | bf16_mfu: 0.00 | epoch: 1 pq: 2 rg: 76 | total time: 25.31m | eta: 12.3m
step 02569/03814 (67.36%) | loss: 3.679914 | lrm: 0.53 | dt: 608.11ms | tok/sec: 88,404 | bf16_mfu: 0.00 | epoch: 1 pq: 2 rg: 76 | total time: 25.32m | eta: 12.3m
step 02570/03814 (67.38%) | loss: 3.693356 | lrm: 0.53 | dt: 589.16ms | tok/sec: 91,248 | bf16_mfu: 0.00 | epoch: 1 pq: 2 rg: 76 | total time: 25.33m | eta: 12.3m
step 02571/03814 (67.41%) | loss: 3.687344 | lrm: 0.53 | dt: 586.66ms | tok/sec: 91,636 | bf16_mfu: 0.00 | epoch: 1 pq: 2 rg: 76 | total time: 25.34m | eta: 12.3m
step 02572/03814 (67.44%) | loss: 3.680063 | lrm: 0.53 | dt: 585.72ms | tok/sec: 91,784 | bf16_mfu: 0.00 | epoch: 1 pq: 2 rg: 76 | total time: 25.35m | eta: 12.3m
step 02573/03814 (67.46%) | loss: 3.671519 | lrm: 0.53 | dt: 587.98ms | tok/sec: 91,432 | bf16_mfu: 0.00 | epoch: 1 pq: 2 rg: 76 | total time: 25.36m | eta: 12.3m
step 02574/03814 (67.49%) | loss: 3.677723 | lrm: 0.53 | dt: 586.51ms | tok/sec: 91,660 | bf16_mfu: 0.00 | epoch: 1 pq: 2 rg: 77 | total time: 25.37m | eta: 12.3m
step 02575/03814 (67.51%) | loss: 3.701868 | lrm: 0.52 | dt: 585.92ms | tok/sec: 91,753 | bf16_mfu: 0.00 | epoch: 1 pq: 2 rg: 77 | total time: 25.38m | eta: 12.3m
step 02576/03814 (67.54%) | loss: 3.708025 | lrm: 0.52 | dt: 587.13ms | tok/sec: 91,564 | bf16_mfu: 0.00 | epoch: 1 pq: 2 rg: 77 | total time: 25.39m | eta: 12.2m
step 02577/03814 (67.57%) | loss: 3.694452 | lrm: 0.52 | dt: 587.26ms | tok/sec: 91,543 | bf16_mfu: 0.00 | epoch: 1 pq: 2 rg: 77 | total time: 25.40m | eta: 12.2m
step 02578/03814 (67.59%) | loss: 3.684727 | lrm: 0.52 | dt: 585.86ms | tok/sec: 91,762 | bf16_mfu: 0.00 | epoch: 1 pq: 2 rg: 77 | total time: 25.41m | eta: 12.2m
step 02579/03814 (67.62%) | loss: 3.712323 | lrm: 0.52 | dt: 587.54ms | tok/sec: 91,500 | bf16_mfu: 0.00 | epoch: 1 pq: 2 rg: 77 | total time: 25.42m | eta: 12.2m
step 02580/03814 (67.65%) | loss: 3.711682 | lrm: 0.52 | dt: 587.01ms | tok/sec: 91,582 | bf16_mfu: 0.00 | epoch: 1 pq: 2 rg: 77 | total time: 25.43m | eta: 12.2m
step 02581/03814 (67.67%) | loss: 3.690403 | lrm: 0.52 | dt: 584.98ms | tok/sec: 91,900 | bf16_mfu: 0.00 | epoch: 1 pq: 2 rg: 77 | total time: 25.44m | eta: 12.2m
step 02582/03814 (67.70%) | loss: 3.669433 | lrm: 0.52 | dt: 586.10ms | tok/sec: 91,725 | bf16_mfu: 0.00 | epoch: 1 pq: 2 rg: 77 | total time: 25.45m | eta: 12.2m
step 02583/03814 (67.72%) | loss: 3.685169 | lrm: 0.52 | dt: 588.05ms | tok/sec: 91,420 | bf16_mfu: 0.00 | epoch: 1 pq: 2 rg: 77 | total time: 25.46m | eta: 12.2m
step 02584/03814 (67.75%) | loss: 3.678874 | lrm: 0.52 | dt: 586.80ms | tok/sec: 91,615 | bf16_mfu: 0.00 | epoch: 1 pq: 2 rg: 78 | total time: 25.47m | eta: 12.2m
step 02585/03814 (67.78%) | loss: 3.689816 | lrm: 0.52 | dt: 587.22ms | tok/sec: 91,549 | bf16_mfu: 0.00 | epoch: 1 pq: 2 rg: 78 | total time: 25.48m | eta: 12.2m
step 02586/03814 (67.80%) | loss: 3.677166 | lrm: 0.52 | dt: 585.80ms | tok/sec: 91,771 | bf16_mfu: 0.00 | epoch: 1 pq: 2 rg: 78 | total time: 25.49m | eta: 12.1m
step 02587/03814 (67.83%) | loss: 3.671983 | lrm: 0.52 | dt: 586.66ms | tok/sec: 91,637 | bf16_mfu: 0.00 | epoch: 1 pq: 2 rg: 78 | total time: 25.50m | eta: 12.1m
step 02588/03814 (67.86%) | loss: 3.690796 | lrm: 0.52 | dt: 586.30ms | tok/sec: 91,693 | bf16_mfu: 0.00 | epoch: 1 pq: 2 rg: 78 | total time: 25.51m | eta: 12.1m
step 02589/03814 (67.88%) | loss: 3.669513 | lrm: 0.52 | dt: 582.31ms | tok/sec: 92,322 | bf16_mfu: 0.00 | epoch: 1 pq: 2 rg: 78 | total time: 25.52m | eta: 12.1m
step 02590/03814 (67.91%) | loss: 3.660978 | lrm: 0.52 | dt: 574.91ms | tok/sec: 93,510 | bf16_mfu: 0.00 | epoch: 1 pq: 2 rg: 78 | total time: 25.53m | eta: 12.1m
step 02591/03814 (67.93%) | loss: 3.654059 | lrm: 0.52 | dt: 585.28ms | tok/sec: 91,853 | bf16_mfu: 0.00 | epoch: 1 pq: 2 rg: 78 | total time: 25.54m | eta: 12.1m
step 02592/03814 (67.96%) | loss: 3.663420 | lrm: 0.52 | dt: 587.53ms | tok/sec: 91,501 | bf16_mfu: 0.00 | epoch: 1 pq: 2 rg: 78 | total time: 25.55m | eta: 12.1m
step 02593/03814 (67.99%) | loss: 3.677168 | lrm: 0.52 | dt: 585.98ms | tok/sec: 91,743 | bf16_mfu: 0.00 | epoch: 1 pq: 2 rg: 78 | total time: 25.56m | eta: 12.1m
step 02594/03814 (68.01%) | loss: 3.672644 | lrm: 0.52 | dt: 587.25ms | tok/sec: 91,545 | bf16_mfu: 0.00 | epoch: 1 pq: 2 rg: 79 | total time: 25.56m | eta: 12.1m
step 02595/03814 (68.04%) | loss: 3.664490 | lrm: 0.52 | dt: 584.73ms | tok/sec: 91,939 | bf16_mfu: 0.00 | epoch: 1 pq: 2 rg: 79 | total time: 25.57m | eta: 12.1m
step 02596/03814 (68.07%) | loss: 3.666539 | lrm: 0.52 | dt: 636.34ms | tok/sec: 84,482 | bf16_mfu: 0.00 | epoch: 1 pq: 2 rg: 79 | total time: 25.59m | eta: 12.1m
step 02597/03814 (68.09%) | loss: 3.689019 | lrm: 0.52 | dt: 581.99ms | tok/sec: 92,373 | bf16_mfu: 0.00 | epoch: 1 pq: 2 rg: 79 | total time: 25.59m | eta: 12.0m
step 02598/03814 (68.12%) | loss: 3.698839 | lrm: 0.52 | dt: 585.22ms | tok/sec: 91,862 | bf16_mfu: 0.00 | epoch: 1 pq: 2 rg: 79 | total time: 25.60m | eta: 12.0m
step 02599/03814 (68.14%) | loss: 3.684468 | lrm: 0.52 | dt: 583.99ms | tok/sec: 92,057 | bf16_mfu: 0.00 | epoch: 1 pq: 2 rg: 79 | total time: 25.61m | eta: 12.0m
step 02600/03814 (68.17%) | loss: 3.683701 | lrm: 0.52 | dt: 588.49ms | tok/sec: 91,351 | bf16_mfu: 0.00 | epoch: 1 pq: 2 rg: 79 | total time: 25.62m | eta: 12.0m
step 02601/03814 (68.20%) | loss: 3.680886 | lrm: 0.51 | dt: 585.93ms | tok/sec: 91,751 | bf16_mfu: 0.00 | epoch: 1 pq: 2 rg: 79 | total time: 25.63m | eta: 12.0m
step 02602/03814 (68.22%) | loss: 3.665257 | lrm: 0.51 | dt: 587.10ms | tok/sec: 91,568 | bf16_mfu: 0.00 | epoch: 1 pq: 2 rg: 79 | total time: 25.64m | eta: 12.0m
step 02603/03814 (68.25%) | loss: 3.669776 | lrm: 0.51 | dt: 585.96ms | tok/sec: 91,746 | bf16_mfu: 0.00 | epoch: 1 pq: 2 rg: 79 | total time: 25.65m | eta: 12.0m
step 02604/03814 (68.27%) | loss: 3.670705 | lrm: 0.51 | dt: 586.08ms | tok/sec: 91,728 | bf16_mfu: 0.00 | epoch: 1 pq: 2 rg: 79 | total time: 25.66m | eta: 12.0m
step 02605/03814 (68.30%) | loss: 3.672742 | lrm: 0.51 | dt: 586.05ms | tok/sec: 91,732 | bf16_mfu: 0.00 | epoch: 1 pq: 2 rg: 80 | total time: 25.67m | eta: 12.0m
step 02606/03814 (68.33%) | loss: 3.684479 | lrm: 0.51 | dt: 590.66ms | tok/sec: 91,016 | bf16_mfu: 0.00 | epoch: 1 pq: 2 rg: 80 | total time: 25.68m | eta: 12.0m
step 02607/03814 (68.35%) | loss: 3.685639 | lrm: 0.51 | dt: 583.90ms | tok/sec: 92,070 | bf16_mfu: 0.00 | epoch: 1 pq: 2 rg: 80 | total time: 25.69m | eta: 11.9m
step 02608/03814 (68.38%) | loss: 3.673197 | lrm: 0.51 | dt: 588.86ms | tok/sec: 91,295 | bf16_mfu: 0.00 | epoch: 1 pq: 2 rg: 80 | total time: 25.70m | eta: 11.9m
step 02609/03814 (68.41%) | loss: 3.659382 | lrm: 0.51 | dt: 587.95ms | tok/sec: 91,436 | bf16_mfu: 0.00 | epoch: 1 pq: 2 rg: 80 | total time: 25.71m | eta: 11.9m
step 02610/03814 (68.43%) | loss: 3.680553 | lrm: 0.51 | dt: 586.82ms | tok/sec: 91,612 | bf16_mfu: 0.00 | epoch: 1 pq: 2 rg: 80 | total time: 25.72m | eta: 11.9m
step 02611/03814 (68.46%) | loss: 3.668699 | lrm: 0.51 | dt: 589.09ms | tok/sec: 91,259 | bf16_mfu: 0.00 | epoch: 1 pq: 2 rg: 80 | total time: 25.73m | eta: 11.9m
step 02612/03814 (68.48%) | loss: 3.655717 | lrm: 0.51 | dt: 586.32ms | tok/sec: 91,689 | bf16_mfu: 0.00 | epoch: 1 pq: 2 rg: 80 | total time: 25.74m | eta: 11.9m
step 02613/03814 (68.51%) | loss: 3.655469 | lrm: 0.51 | dt: 586.52ms | tok/sec: 91,659 | bf16_mfu: 0.00 | epoch: 1 pq: 2 rg: 80 | total time: 25.75m | eta: 11.9m
step 02614/03814 (68.54%) | loss: 3.672966 | lrm: 0.51 | dt: 588.10ms | tok/sec: 91,413 | bf16_mfu: 0.00 | epoch: 1 pq: 2 rg: 80 | total time: 25.76m | eta: 11.9m
step 02615/03814 (68.56%) | loss: 3.672641 | lrm: 0.51 | dt: 586.21ms | tok/sec: 91,708 | bf16_mfu: 0.00 | epoch: 1 pq: 2 rg: 81 | total time: 25.77m | eta: 11.9m
step 02616/03814 (68.59%) | loss: 3.663814 | lrm: 0.51 | dt: 585.47ms | tok/sec: 91,824 | bf16_mfu: 0.00 | epoch: 1 pq: 2 rg: 81 | total time: 25.78m | eta: 11.9m
step 02617/03814 (68.62%) | loss: 3.659146 | lrm: 0.51 | dt: 589.15ms | tok/sec: 91,249 | bf16_mfu: 0.00 | epoch: 1 pq: 2 rg: 81 | total time: 25.79m | eta: 11.8m
step 02618/03814 (68.64%) | loss: 3.689315 | lrm: 0.51 | dt: 586.93ms | tok/sec: 91,595 | bf16_mfu: 0.00 | epoch: 1 pq: 2 rg: 81 | total time: 25.80m | eta: 11.8m
step 02619/03814 (68.67%) | loss: 3.688486 | lrm: 0.51 | dt: 587.44ms | tok/sec: 91,515 | bf16_mfu: 0.00 | epoch: 1 pq: 2 rg: 81 | total time: 25.81m | eta: 11.8m
step 02620/03814 (68.69%) | loss: 3.675205 | lrm: 0.51 | dt: 587.49ms | tok/sec: 91,507 | bf16_mfu: 0.00 | epoch: 1 pq: 2 rg: 81 | total time: 25.82m | eta: 11.8m
step 02621/03814 (68.72%) | loss: 3.677599 | lrm: 0.51 | dt: 584.42ms | tok/sec: 91,988 | bf16_mfu: 0.00 | epoch: 1 pq: 2 rg: 81 | total time: 25.83m | eta: 11.8m
step 02622/03814 (68.75%) | loss: 3.697618 | lrm: 0.51 | dt: 588.17ms | tok/sec: 91,401 | bf16_mfu: 0.00 | epoch: 1 pq: 2 rg: 81 | total time: 25.84m | eta: 11.8m
step 02623/03814 (68.77%) | loss: 3.690183 | lrm: 0.51 | dt: 587.80ms | tok/sec: 91,460 | bf16_mfu: 0.00 | epoch: 1 pq: 2 rg: 81 | total time: 25.85m | eta: 11.8m
step 02624/03814 (68.80%) | loss: 3.675317 | lrm: 0.51 | dt: 585.63ms | tok/sec: 91,798 | bf16_mfu: 0.00 | epoch: 1 pq: 2 rg: 81 | total time: 25.86m | eta: 11.8m
step 02625/03814 (68.83%) | loss: 3.666777 | lrm: 0.51 | dt: 592.84ms | tok/sec: 90,682 | bf16_mfu: 0.00 | epoch: 1 pq: 2 rg: 81 | total time: 25.87m | eta: 11.8m
step 02626/03814 (68.85%) | loss: 3.677854 | lrm: 0.51 | dt: 621.16ms | tok/sec: 86,547 | bf16_mfu: 0.00 | epoch: 1 pq: 2 rg: 82 | total time: 25.88m | eta: 11.8m
step 02627/03814 (68.88%) | loss: 3.680280 | lrm: 0.50 | dt: 586.91ms | tok/sec: 91,597 | bf16_mfu: 0.00 | epoch: 1 pq: 2 rg: 82 | total time: 25.89m | eta: 11.7m
step 02628/03814 (68.90%) | loss: 3.673039 | lrm: 0.50 | dt: 586.87ms | tok/sec: 91,604 | bf16_mfu: 0.00 | epoch: 1 pq: 2 rg: 82 | total time: 25.90m | eta: 11.7m
step 02629/03814 (68.93%) | loss: 3.663934 | lrm: 0.50 | dt: 586.97ms | tok/sec: 91,589 | bf16_mfu: 0.00 | epoch: 1 pq: 2 rg: 82 | total time: 25.91m | eta: 11.7m
step 02630/03814 (68.96%) | loss: 3.663562 | lrm: 0.50 | dt: 587.65ms | tok/sec: 91,482 | bf16_mfu: 0.00 | epoch: 1 pq: 2 rg: 82 | total time: 25.92m | eta: 11.7m
step 02631/03814 (68.98%) | loss: 3.683529 | lrm: 0.50 | dt: 587.35ms | tok/sec: 91,530 | bf16_mfu: 0.00 | epoch: 1 pq: 2 rg: 82 | total time: 25.93m | eta: 11.7m
step 02632/03814 (69.01%) | loss: 3.676702 | lrm: 0.50 | dt: 586.82ms | tok/sec: 91,612 | bf16_mfu: 0.00 | epoch: 1 pq: 2 rg: 82 | total time: 25.94m | eta: 11.7m
step 02633/03814 (69.04%) | loss: 3.657860 | lrm: 0.50 | dt: 586.75ms | tok/sec: 91,623 | bf16_mfu: 0.00 | epoch: 1 pq: 2 rg: 82 | total time: 25.95m | eta: 11.7m
step 02634/03814 (69.06%) | loss: 3.661485 | lrm: 0.50 | dt: 620.24ms | tok/sec: 86,676 | bf16_mfu: 0.00 | epoch: 1 pq: 2 rg: 82 | total time: 25.96m | eta: 11.7m
step 02635/03814 (69.09%) | loss: 3.692955 | lrm: 0.50 | dt: 580.76ms | tok/sec: 92,568 | bf16_mfu: 0.00 | epoch: 1 pq: 2 rg: 82 | total time: 25.97m | eta: 11.7m
step 02636/03814 (69.11%) | loss: 3.690499 | lrm: 0.50 | dt: 585.84ms | tok/sec: 91,765 | bf16_mfu: 0.00 | epoch: 1 pq: 2 rg: 83 | total time: 25.98m | eta: 11.7m
step 02637/03814 (69.14%) | loss: 3.686445 | lrm: 0.50 | dt: 587.04ms | tok/sec: 91,578 | bf16_mfu: 0.00 | epoch: 1 pq: 2 rg: 83 | total time: 25.99m | eta: 11.6m
step 02638/03814 (69.17%) | loss: 3.673549 | lrm: 0.50 | dt: 587.03ms | tok/sec: 91,579 | bf16_mfu: 0.00 | epoch: 1 pq: 2 rg: 83 | total time: 26.00m | eta: 11.6m
step 02639/03814 (69.19%) | loss: 3.694698 | lrm: 0.50 | dt: 587.20ms | tok/sec: 91,553 | bf16_mfu: 0.00 | epoch: 1 pq: 2 rg: 83 | total time: 26.01m | eta: 11.6m
step 02640/03814 (69.22%) | loss: 3.691257 | lrm: 0.50 | dt: 590.29ms | tok/sec: 91,073 | bf16_mfu: 0.00 | epoch: 1 pq: 2 rg: 83 | total time: 26.02m | eta: 11.6m
step 02641/03814 (69.24%) | loss: 3.696432 | lrm: 0.50 | dt: 589.62ms | tok/sec: 91,176 | bf16_mfu: 0.00 | epoch: 1 pq: 2 rg: 83 | total time: 26.03m | eta: 11.6m
step 02642/03814 (69.27%) | loss: 3.686070 | lrm: 0.50 | dt: 583.10ms | tok/sec: 92,196 | bf16_mfu: 0.00 | epoch: 1 pq: 2 rg: 83 | total time: 26.04m | eta: 11.6m
step 02643/03814 (69.30%) | loss: 3.691068 | lrm: 0.50 | dt: 584.64ms | tok/sec: 91,953 | bf16_mfu: 0.00 | epoch: 1 pq: 2 rg: 83 | total time: 26.05m | eta: 11.6m
step 02644/03814 (69.32%) | loss: 3.702662 | lrm: 0.50 | dt: 587.72ms | tok/sec: 91,472 | bf16_mfu: 0.00 | epoch: 1 pq: 2 rg: 83 | total time: 26.06m | eta: 11.6m
step 02645/03814 (69.35%) | loss: 3.693783 | lrm: 0.50 | dt: 591.52ms | tok/sec: 90,885 | bf16_mfu: 0.00 | epoch: 1 pq: 2 rg: 83 | total time: 26.07m | eta: 11.6m
step 02646/03814 (69.38%) | loss: 3.688349 | lrm: 0.50 | dt: 583.15ms | tok/sec: 92,188 | bf16_mfu: 0.00 | epoch: 1 pq: 2 rg: 83 | total time: 26.08m | eta: 11.6m
step 02647/03814 (69.40%) | loss: 3.681094 | lrm: 0.50 | dt: 602.90ms | tok/sec: 89,168 | bf16_mfu: 0.00 | epoch: 1 pq: 2 rg: 84 | total time: 26.09m | eta: 11.5m
step 02648/03814 (69.43%) | loss: 3.684819 | lrm: 0.50 | dt: 587.02ms | tok/sec: 91,580 | bf16_mfu: 0.00 | epoch: 1 pq: 2 rg: 84 | total time: 26.10m | eta: 11.5m
step 02649/03814 (69.45%) | loss: 3.695259 | lrm: 0.50 | dt: 587.02ms | tok/sec: 91,581 | bf16_mfu: 0.00 | epoch: 1 pq: 2 rg: 84 | total time: 26.11m | eta: 11.5m
step 02650/03814 (69.48%) | loss: 3.677603 | lrm: 0.50 | dt: 589.28ms | tok/sec: 91,230 | bf16_mfu: 0.00 | epoch: 1 pq: 2 rg: 84 | total time: 26.11m | eta: 11.5m
step 02651/03814 (69.51%) | loss: 3.668962 | lrm: 0.50 | dt: 587.62ms | tok/sec: 91,487 | bf16_mfu: 0.00 | epoch: 1 pq: 2 rg: 84 | total time: 26.12m | eta: 11.5m
step 02652/03814 (69.53%) | loss: 3.665943 | lrm: 0.50 | dt: 586.74ms | tok/sec: 91,624 | bf16_mfu: 0.00 | epoch: 1 pq: 2 rg: 84 | total time: 26.13m | eta: 11.5m
step 02653/03814 (69.56%) | loss: 3.679357 | lrm: 0.49 | dt: 589.68ms | tok/sec: 91,167 | bf16_mfu: 0.00 | epoch: 1 pq: 2 rg: 84 | total time: 26.14m | eta: 11.5m
step 02654/03814 (69.59%) | loss: 3.670956 | lrm: 0.49 | dt: 587.08ms | tok/sec: 91,571 | bf16_mfu: 0.00 | epoch: 1 pq: 2 rg: 84 | total time: 26.15m | eta: 11.5m
step 02655/03814 (69.61%) | loss: 3.653124 | lrm: 0.49 | dt: 592.04ms | tok/sec: 90,804 | bf16_mfu: 0.00 | epoch: 1 pq: 2 rg: 84 | total time: 26.16m | eta: 11.5m
step 02656/03814 (69.64%) | loss: 3.654624 | lrm: 0.49 | dt: 582.21ms | tok/sec: 92,338 | bf16_mfu: 0.00 | epoch: 1 pq: 2 rg: 84 | total time: 26.17m | eta: 11.5m
step 02657/03814 (69.66%) | loss: 3.662604 | lrm: 0.49 | dt: 588.94ms | tok/sec: 91,282 | bf16_mfu: 0.00 | epoch: 1 pq: 2 rg: 85 | total time: 26.18m | eta: 11.4m
step 02658/03814 (69.69%) | loss: 3.639255 | lrm: 0.49 | dt: 591.32ms | tok/sec: 90,915 | bf16_mfu: 0.00 | epoch: 1 pq: 2 rg: 85 | total time: 26.19m | eta: 11.4m
step 02659/03814 (69.72%) | loss: 3.647816 | lrm: 0.49 | dt: 590.37ms | tok/sec: 91,060 | bf16_mfu: 0.00 | epoch: 1 pq: 2 rg: 85 | total time: 26.20m | eta: 11.4m
step 02660/03814 (69.74%) | loss: 3.665109 | lrm: 0.49 | dt: 579.93ms | tok/sec: 92,700 | bf16_mfu: 0.00 | epoch: 1 pq: 2 rg: 85 | total time: 26.21m | eta: 11.4m
step 02661/03814 (69.77%) | loss: 3.673080 | lrm: 0.49 | dt: 591.13ms | tok/sec: 90,944 | bf16_mfu: 0.00 | epoch: 1 pq: 2 rg: 85 | total time: 26.22m | eta: 11.4m
step 02662/03814 (69.80%) | loss: 3.679511 | lrm: 0.49 | dt: 590.27ms | tok/sec: 91,077 | bf16_mfu: 0.00 | epoch: 1 pq: 2 rg: 85 | total time: 26.23m | eta: 11.4m
step 02663/03814 (69.82%) | loss: 3.674997 | lrm: 0.49 | dt: 587.03ms | tok/sec: 91,580 | bf16_mfu: 0.00 | epoch: 1 pq: 2 rg: 85 | total time: 26.24m | eta: 11.4m
step 02664/03814 (69.85%) | loss: 3.681073 | lrm: 0.49 | dt: 587.52ms | tok/sec: 91,503 | bf16_mfu: 0.00 | epoch: 1 pq: 2 rg: 85 | total time: 26.25m | eta: 11.4m
step 02665/03814 (69.87%) | loss: 3.679419 | lrm: 0.49 | dt: 592.12ms | tok/sec: 90,792 | bf16_mfu: 0.00 | epoch: 1 pq: 2 rg: 85 | total time: 26.26m | eta: 11.4m
step 02666/03814 (69.90%) | loss: 3.678074 | lrm: 0.49 | dt: 581.83ms | tok/sec: 92,398 | bf16_mfu: 0.00 | epoch: 1 pq: 2 rg: 85 | total time: 26.27m | eta: 11.4m
step 02667/03814 (69.93%) | loss: 3.664014 | lrm: 0.49 | dt: 585.28ms | tok/sec: 91,853 | bf16_mfu: 0.00 | epoch: 1 pq: 2 rg: 85 | total time: 26.28m | eta: 11.3m
step 02668/03814 (69.95%) | loss: 3.672613 | lrm: 0.49 | dt: 590.25ms | tok/sec: 91,079 | bf16_mfu: 0.00 | epoch: 1 pq: 2 rg: 86 | total time: 26.29m | eta: 11.3m
step 02669/03814 (69.98%) | loss: 3.673784 | lrm: 0.49 | dt: 588.56ms | tok/sec: 91,341 | bf16_mfu: 0.00 | epoch: 1 pq: 2 rg: 86 | total time: 26.30m | eta: 11.3m
step 02670/03814 (70.01%) | loss: 3.654802 | lrm: 0.49 | dt: 585.32ms | tok/sec: 91,846 | bf16_mfu: 0.00 | epoch: 1 pq: 2 rg: 86 | total time: 26.31m | eta: 11.3m
step 02671/03814 (70.03%) | loss: 3.637679 | lrm: 0.49 | dt: 586.39ms | tok/sec: 91,679 | bf16_mfu: 0.00 | epoch: 1 pq: 2 rg: 86 | total time: 26.32m | eta: 11.3m
step 02672/03814 (70.06%) | loss: 3.643800 | lrm: 0.49 | dt: 586.79ms | tok/sec: 91,617 | bf16_mfu: 0.00 | epoch: 1 pq: 2 rg: 86 | total time: 26.33m | eta: 11.3m
step 02673/03814 (70.08%) | loss: 3.661300 | lrm: 0.49 | dt: 589.55ms | tok/sec: 91,188 | bf16_mfu: 0.00 | epoch: 1 pq: 2 rg: 86 | total time: 26.34m | eta: 11.3m
step 02674/03814 (70.11%) | loss: 3.655522 | lrm: 0.49 | dt: 591.88ms | tok/sec: 90,828 | bf16_mfu: 0.00 | epoch: 1 pq: 2 rg: 86 | total time: 26.35m | eta: 11.3m
step 02675/03814 (70.14%) | loss: 3.652185 | lrm: 0.49 | dt: 586.74ms | tok/sec: 91,624 | bf16_mfu: 0.00 | epoch: 1 pq: 2 rg: 86 | total time: 26.36m | eta: 11.3m
step 02676/03814 (70.16%) | loss: 3.651780 | lrm: 0.49 | dt: 591.34ms | tok/sec: 90,912 | bf16_mfu: 0.00 | epoch: 1 pq: 2 rg: 86 | total time: 26.37m | eta: 11.3m
step 02677/03814 (70.19%) | loss: 3.651825 | lrm: 0.49 | dt: 587.56ms | tok/sec: 91,496 | bf16_mfu: 0.00 | epoch: 1 pq: 2 rg: 86 | total time: 26.38m | eta: 11.2m
step 02678/03814 (70.21%) | loss: 3.642340 | lrm: 0.49 | dt: 591.02ms | tok/sec: 90,960 | bf16_mfu: 0.00 | epoch: 1 pq: 2 rg: 87 | total time: 26.39m | eta: 11.2m
step 02679/03814 (70.24%) | loss: 3.637341 | lrm: 0.48 | dt: 585.79ms | tok/sec: 91,772 | bf16_mfu: 0.00 | epoch: 1 pq: 2 rg: 87 | total time: 26.40m | eta: 11.2m
step 02680/03814 (70.27%) | loss: 3.651779 | lrm: 0.48 | dt: 584.17ms | tok/sec: 92,027 | bf16_mfu: 0.00 | epoch: 1 pq: 2 rg: 87 | total time: 26.41m | eta: 11.2m
step 02681/03814 (70.29%) | loss: 3.676424 | lrm: 0.48 | dt: 586.57ms | tok/sec: 91,651 | bf16_mfu: 0.00 | epoch: 1 pq: 2 rg: 87 | total time: 26.42m | eta: 11.2m
step 02682/03814 (70.32%) | loss: 3.661273 | lrm: 0.48 | dt: 588.48ms | tok/sec: 91,354 | bf16_mfu: 0.00 | epoch: 1 pq: 2 rg: 87 | total time: 26.43m | eta: 11.2m
step 02683/03814 (70.35%) | loss: 3.645343 | lrm: 0.48 | dt: 595.71ms | tok/sec: 90,245 | bf16_mfu: 0.00 | epoch: 1 pq: 2 rg: 87 | total time: 26.44m | eta: 11.2m
step 02684/03814 (70.37%) | loss: 3.642990 | lrm: 0.48 | dt: 589.10ms | tok/sec: 91,257 | bf16_mfu: 0.00 | epoch: 1 pq: 2 rg: 87 | total time: 26.45m | eta: 11.2m
step 02685/03814 (70.40%) | loss: 3.649531 | lrm: 0.48 | dt: 590.43ms | tok/sec: 91,052 | bf16_mfu: 0.00 | epoch: 1 pq: 2 rg: 87 | total time: 26.46m | eta: 11.2m
step 02686/03814 (70.42%) | loss: 3.655007 | lrm: 0.48 | dt: 591.47ms | tok/sec: 90,891 | bf16_mfu: 0.00 | epoch: 1 pq: 2 rg: 87 | total time: 26.47m | eta: 11.2m
step 02687/03814 (70.45%) | loss: 3.646435 | lrm: 0.48 | dt: 589.87ms | tok/sec: 91,139 | bf16_mfu: 0.00 | epoch: 1 pq: 2 rg: 87 | total time: 26.48m | eta: 11.1m
step 02688/03814 (70.48%) | loss: 3.635155 | lrm: 0.48 | dt: 590.82ms | tok/sec: 90,992 | bf16_mfu: 0.00 | epoch: 1 pq: 2 rg: 87 | total time: 26.49m | eta: 11.1m
step 02689/03814 (70.50%) | loss: 3.639801 | lrm: 0.48 | dt: 591.04ms | tok/sec: 90,958 | bf16_mfu: 0.00 | epoch: 1 pq: 2 rg: 88 | total time: 26.50m | eta: 11.1m
step 02690/03814 (70.53%) | loss: 3.664451 | lrm: 0.48 | dt: 587.58ms | tok/sec: 91,493 | bf16_mfu: 0.00 | epoch: 1 pq: 2 rg: 88 | total time: 26.51m | eta: 11.1m
step 02691/03814 (70.56%) | loss: 3.651065 | lrm: 0.48 | dt: 588.57ms | tok/sec: 91,339 | bf16_mfu: 0.00 | epoch: 1 pq: 2 rg: 88 | total time: 26.52m | eta: 11.1m
step 02692/03814 (70.58%) | loss: 3.634933 | lrm: 0.48 | dt: 576.86ms | tok/sec: 93,194 | bf16_mfu: 0.00 | epoch: 1 pq: 2 rg: 88 | total time: 26.53m | eta: 11.1m
step 02693/03814 (70.61%) | loss: 3.639003 | lrm: 0.48 | dt: 592.95ms | tok/sec: 90,665 | bf16_mfu: 0.00 | epoch: 1 pq: 2 rg: 88 | total time: 26.54m | eta: 11.1m
step 02694/03814 (70.63%) | loss: 3.663384 | lrm: 0.48 | dt: 584.85ms | tok/sec: 91,921 | bf16_mfu: 0.00 | epoch: 1 pq: 2 rg: 88 | total time: 26.55m | eta: 11.1m
step 02695/03814 (70.66%) | loss: 3.664715 | lrm: 0.48 | dt: 593.38ms | tok/sec: 90,599 | bf16_mfu: 0.00 | epoch: 1 pq: 2 rg: 88 | total time: 26.56m | eta: 11.1m
step 02696/03814 (70.69%) | loss: 3.657687 | lrm: 0.48 | dt: 581.40ms | tok/sec: 92,466 | bf16_mfu: 0.00 | epoch: 1 pq: 2 rg: 88 | total time: 26.57m | eta: 11.1m
step 02697/03814 (70.71%) | loss: 3.657522 | lrm: 0.48 | dt: 601.52ms | tok/sec: 89,373 | bf16_mfu: 0.00 | epoch: 1 pq: 2 rg: 88 | total time: 26.58m | eta: 11.0m
step 02698/03814 (70.74%) | loss: 3.666175 | lrm: 0.48 | dt: 589.79ms | tok/sec: 91,151 | bf16_mfu: 0.00 | epoch: 1 pq: 2 rg: 88 | total time: 26.59m | eta: 11.0m
step 02699/03814 (70.77%) | loss: 3.663573 | lrm: 0.48 | dt: 584.53ms | tok/sec: 91,972 | bf16_mfu: 0.00 | epoch: 1 pq: 2 rg: 89 | total time: 26.60m | eta: 11.0m
step 02700/03814 (70.79%) | loss: 3.640254 | lrm: 0.48 | dt: 588.90ms | tok/sec: 91,288 | bf16_mfu: 0.00 | epoch: 1 pq: 2 rg: 89 | total time: 26.61m | eta: 11.0m
step 02701/03814 (70.82%) | loss: 3.641517 | lrm: 0.48 | dt: 598.47ms | tok/sec: 89,829 | bf16_mfu: 0.00 | epoch: 1 pq: 2 rg: 89 | total time: 26.62m | eta: 11.0m
step 02702/03814 (70.84%) | loss: 3.653136 | lrm: 0.48 | dt: 587.83ms | tok/sec: 91,454 | bf16_mfu: 0.00 | epoch: 1 pq: 2 rg: 89 | total time: 26.62m | eta: 11.0m
step 02703/03814 (70.87%) | loss: 3.647072 | lrm: 0.48 | dt: 582.45ms | tok/sec: 92,300 | bf16_mfu: 0.00 | epoch: 1 pq: 2 rg: 89 | total time: 26.63m | eta: 11.0m
step 02704/03814 (70.90%) | loss: 3.633966 | lrm: 0.48 | dt: 589.11ms | tok/sec: 91,257 | bf16_mfu: 0.00 | epoch: 1 pq: 2 rg: 89 | total time: 26.64m | eta: 11.0m
step 02705/03814 (70.92%) | loss: 3.646056 | lrm: 0.47 | dt: 590.54ms | tok/sec: 91,035 | bf16_mfu: 0.00 | epoch: 1 pq: 2 rg: 89 | total time: 26.65m | eta: 11.0m
step 02706/03814 (70.95%) | loss: 3.652827 | lrm: 0.47 | dt: 590.32ms | tok/sec: 91,069 | bf16_mfu: 0.00 | epoch: 1 pq: 2 rg: 89 | total time: 26.66m | eta: 11.0m
step 02707/03814 (70.98%) | loss: 3.674299 | lrm: 0.47 | dt: 588.84ms | tok/sec: 91,298 | bf16_mfu: 0.00 | epoch: 1 pq: 2 rg: 89 | total time: 26.67m | eta: 10.9m
step 02708/03814 (71.00%) | loss: 3.663293 | lrm: 0.47 | dt: 588.74ms | tok/sec: 91,313 | bf16_mfu: 0.00 | epoch: 1 pq: 2 rg: 89 | total time: 26.68m | eta: 10.9m
step 02709/03814 (71.03%) | loss: 3.658779 | lrm: 0.47 | dt: 599.71ms | tok/sec: 89,642 | bf16_mfu: 0.00 | epoch: 1 pq: 2 rg: 89 | total time: 26.69m | eta: 10.9m
step 02710/03814 (71.05%) | loss: 3.667757 | lrm: 0.47 | dt: 586.48ms | tok/sec: 91,665 | bf16_mfu: 0.00 | epoch: 1 pq: 2 rg: 90 | total time: 26.70m | eta: 10.9m
step 02711/03814 (71.08%) | loss: 3.655744 | lrm: 0.47 | dt: 591.43ms | tok/sec: 90,897 | bf16_mfu: 0.00 | epoch: 1 pq: 2 rg: 90 | total time: 26.71m | eta: 10.9m
step 02712/03814 (71.11%) | loss: 3.653678 | lrm: 0.47 | dt: 589.08ms | tok/sec: 91,260 | bf16_mfu: 0.00 | epoch: 1 pq: 2 rg: 90 | total time: 26.72m | eta: 10.9m
step 02713/03814 (71.13%) | loss: 3.642822 | lrm: 0.47 | dt: 599.60ms | tok/sec: 89,659 | bf16_mfu: 0.00 | epoch: 1 pq: 2 rg: 90 | total time: 26.73m | eta: 10.9m
step 02714/03814 (71.16%) | loss: 3.649874 | lrm: 0.47 | dt: 593.04ms | tok/sec: 90,650 | bf16_mfu: 0.00 | epoch: 1 pq: 2 rg: 90 | total time: 26.74m | eta: 10.9m
step 02715/03814 (71.19%) | loss: 3.656796 | lrm: 0.47 | dt: 589.37ms | tok/sec: 91,216 | bf16_mfu: 0.00 | epoch: 1 pq: 2 rg: 90 | total time: 26.75m | eta: 10.9m
step 02716/03814 (71.21%) | loss: 3.652147 | lrm: 0.47 | dt: 591.49ms | tok/sec: 90,889 | bf16_mfu: 0.00 | epoch: 1 pq: 2 rg: 90 | total time: 26.76m | eta: 10.9m
step 02717/03814 (71.24%) | loss: 3.632475 | lrm: 0.47 | dt: 587.55ms | tok/sec: 91,498 | bf16_mfu: 0.00 | epoch: 1 pq: 2 rg: 90 | total time: 26.77m | eta: 10.8m
step 02718/03814 (71.26%) | loss: 3.630544 | lrm: 0.47 | dt: 593.44ms | tok/sec: 90,590 | bf16_mfu: 0.00 | epoch: 1 pq: 2 rg: 90 | total time: 26.78m | eta: 10.8m
step 02719/03814 (71.29%) | loss: 3.632980 | lrm: 0.47 | dt: 595.25ms | tok/sec: 90,314 | bf16_mfu: 0.00 | epoch: 1 pq: 2 rg: 90 | total time: 26.79m | eta: 10.8m
step 02720/03814 (71.32%) | loss: 3.641001 | lrm: 0.47 | dt: 591.42ms | tok/sec: 90,899 | bf16_mfu: 0.00 | epoch: 1 pq: 2 rg: 91 | total time: 26.80m | eta: 10.8m
step 02721/03814 (71.34%) | loss: 3.634445 | lrm: 0.47 | dt: 591.33ms | tok/sec: 90,913 | bf16_mfu: 0.00 | epoch: 1 pq: 2 rg: 91 | total time: 26.81m | eta: 10.8m
step 02722/03814 (71.37%) | loss: 3.641773 | lrm: 0.47 | dt: 660.57ms | tok/sec: 81,383 | bf16_mfu: 0.00 | epoch: 1 pq: 2 rg: 91 | total time: 26.82m | eta: 10.8m
step 02723/03814 (71.39%) | loss: 3.656518 | lrm: 0.47 | dt: 588.20ms | tok/sec: 91,397 | bf16_mfu: 0.00 | epoch: 1 pq: 2 rg: 91 | total time: 26.83m | eta: 10.8m
step 02724/03814 (71.42%) | loss: 3.633480 | lrm: 0.47 | dt: 589.75ms | tok/sec: 91,157 | bf16_mfu: 0.00 | epoch: 1 pq: 2 rg: 91 | total time: 26.84m | eta: 10.8m
step 02725/03814 (71.45%) | loss: 3.613228 | lrm: 0.47 | dt: 595.09ms | tok/sec: 90,339 | bf16_mfu: 0.00 | epoch: 1 pq: 2 rg: 91 | total time: 26.85m | eta: 10.8m
step 02726/03814 (71.47%) | loss: 3.614798 | lrm: 0.47 | dt: 581.21ms | tok/sec: 92,496 | bf16_mfu: 0.00 | epoch: 1 pq: 2 rg: 91 | total time: 26.86m | eta: 10.8m
step 02727/03814 (71.50%) | loss: 3.626080 | lrm: 0.47 | dt: 762.91ms | tok/sec: 70,467 | bf16_mfu: 0.00 | epoch: 1 pq: 2 rg: 91 | total time: 26.88m | eta: 10.8m
step 02728/03814 (71.53%) | loss: 3.636915 | lrm: 0.47 | dt: 588.63ms | tok/sec: 91,329 | bf16_mfu: 0.00 | epoch: 1 pq: 2 rg: 91 | total time: 26.88m | eta: 10.7m
step 02729/03814 (71.55%) | loss: 3.641209 | lrm: 0.47 | dt: 589.14ms | tok/sec: 91,252 | bf16_mfu: 0.00 | epoch: 1 pq: 2 rg: 91 | total time: 26.89m | eta: 10.7m
step 02730/03814 (71.58%) | loss: 3.632645 | lrm: 0.47 | dt: 597.80ms | tok/sec: 89,930 | bf16_mfu: 0.00 | epoch: 1 pq: 2 rg: 91 | total time: 26.90m | eta: 10.7m
step 02731/03814 (71.60%) | loss: 3.628047 | lrm: 0.47 | dt: 577.09ms | tok/sec: 93,156 | bf16_mfu: 0.00 | epoch: 1 pq: 2 rg: 92 | total time: 26.91m | eta: 10.7m
step 02732/03814 (71.63%) | loss: 3.625147 | lrm: 0.46 | dt: 608.14ms | tok/sec: 88,400 | bf16_mfu: 0.00 | epoch: 1 pq: 2 rg: 92 | total time: 26.92m | eta: 10.7m
step 02733/03814 (71.66%) | loss: 3.625214 | lrm: 0.46 | dt: 595.34ms | tok/sec: 90,301 | bf16_mfu: 0.00 | epoch: 1 pq: 2 rg: 92 | total time: 26.93m | eta: 10.7m
step 02734/03814 (71.68%) | loss: 3.606460 | lrm: 0.46 | dt: 577.79ms | tok/sec: 93,044 | bf16_mfu: 0.00 | epoch: 1 pq: 2 rg: 92 | total time: 26.94m | eta: 10.7m
step 02735/03814 (71.71%) | loss: 3.594187 | lrm: 0.46 | dt: 597.79ms | tok/sec: 89,931 | bf16_mfu: 0.00 | epoch: 1 pq: 2 rg: 92 | total time: 26.95m | eta: 10.7m
step 02736/03814 (71.74%) | loss: 3.609464 | lrm: 0.46 | dt: 591.36ms | tok/sec: 90,908 | bf16_mfu: 0.00 | epoch: 1 pq: 2 rg: 92 | total time: 26.96m | eta: 10.7m
step 02737/03814 (71.76%) | loss: 3.604594 | lrm: 0.46 | dt: 590.04ms | tok/sec: 91,112 | bf16_mfu: 0.00 | epoch: 1 pq: 2 rg: 92 | total time: 26.97m | eta: 10.7m
step 02738/03814 (71.79%) | loss: 3.601761 | lrm: 0.46 | dt: 585.24ms | tok/sec: 91,859 | bf16_mfu: 0.00 | epoch: 1 pq: 2 rg: 92 | total time: 26.98m | eta: 10.6m
step 02739/03814 (71.81%) | loss: 3.592942 | lrm: 0.46 | dt: 588.36ms | tok/sec: 91,373 | bf16_mfu: 0.00 | epoch: 1 pq: 2 rg: 92 | total time: 26.99m | eta: 10.6m
step 02740/03814 (71.84%) | loss: 3.598513 | lrm: 0.46 | dt: 597.17ms | tok/sec: 90,024 | bf16_mfu: 0.00 | epoch: 1 pq: 2 rg: 92 | total time: 27.00m | eta: 10.6m
step 02741/03814 (71.87%) | loss: 3.626616 | lrm: 0.46 | dt: 588.41ms | tok/sec: 91,364 | bf16_mfu: 0.00 | epoch: 1 pq: 2 rg: 93 | total time: 27.01m | eta: 10.6m
step 02742/03814 (71.89%) | loss: 3.622729 | lrm: 0.46 | dt: 591.07ms | tok/sec: 90,953 | bf16_mfu: 0.00 | epoch: 1 pq: 2 rg: 93 | total time: 27.02m | eta: 10.6m
step 02743/03814 (71.92%) | loss: 3.608683 | lrm: 0.46 | dt: 589.42ms | tok/sec: 91,208 | bf16_mfu: 0.00 | epoch: 1 pq: 2 rg: 93 | total time: 27.03m | eta: 10.6m
step 02744/03814 (71.95%) | loss: 3.604554 | lrm: 0.46 | dt: 599.67ms | tok/sec: 89,649 | bf16_mfu: 0.00 | epoch: 1 pq: 2 rg: 93 | total time: 27.04m | eta: 10.6m
step 02745/03814 (71.97%) | loss: 3.621049 | lrm: 0.46 | dt: 592.93ms | tok/sec: 90,668 | bf16_mfu: 0.00 | epoch: 1 pq: 2 rg: 93 | total time: 27.05m | eta: 10.6m
step 02746/03814 (72.00%) | loss: 3.630551 | lrm: 0.46 | dt: 586.79ms | tok/sec: 91,616 | bf16_mfu: 0.00 | epoch: 1 pq: 2 rg: 93 | total time: 27.06m | eta: 10.6m
step 02747/03814 (72.02%) | loss: 3.621774 | lrm: 0.46 | dt: 588.84ms | tok/sec: 91,297 | bf16_mfu: 0.00 | epoch: 1 pq: 2 rg: 93 | total time: 27.07m | eta: 10.6m
step 02748/03814 (72.05%) | loss: 3.643046 | lrm: 0.46 | dt: 588.97ms | tok/sec: 91,277 | bf16_mfu: 0.00 | epoch: 1 pq: 2 rg: 93 | total time: 27.08m | eta: 10.5m
step 02749/03814 (72.08%) | loss: 3.669220 | lrm: 0.46 | dt: 588.77ms | tok/sec: 91,308 | bf16_mfu: 0.00 | epoch: 1 pq: 2 rg: 93 | total time: 27.09m | eta: 10.5m
step 02750/03814 (72.10%) | loss: 3.643895 | lrm: 0.46 | dt: 595.76ms | tok/sec: 90,237 | bf16_mfu: 0.00 | epoch: 1 pq: 2 rg: 93 | total time: 27.10m | eta: 10.5m
step 02751/03814 (72.13%) | loss: 3.622532 | lrm: 0.46 | dt: 698.28ms | tok/sec: 76,988 | bf16_mfu: 0.00 | epoch: 1 pq: 2 rg: 94 | total time: 27.11m | eta: 10.5m
step 02752/03814 (72.16%) | loss: 3.607303 | lrm: 0.46 | dt: 594.19ms | tok/sec: 90,476 | bf16_mfu: 0.00 | epoch: 1 pq: 2 rg: 94 | total time: 27.12m | eta: 10.5m
step 02753/03814 (72.18%) | loss: 3.623089 | lrm: 0.46 | dt: 589.68ms | tok/sec: 91,167 | bf16_mfu: 0.00 | epoch: 1 pq: 2 rg: 94 | total time: 27.13m | eta: 10.5m
step 02754/03814 (72.21%) | loss: 3.630142 | lrm: 0.46 | dt: 579.79ms | tok/sec: 92,723 | bf16_mfu: 0.00 | epoch: 1 pq: 2 rg: 94 | total time: 27.14m | eta: 10.5m
step 02755/03814 (72.23%) | loss: 3.631075 | lrm: 0.46 | dt: 585.85ms | tok/sec: 91,764 | bf16_mfu: 0.00 | epoch: 1 pq: 2 rg: 94 | total time: 27.15m | eta: 10.5m
step 02756/03814 (72.26%) | loss: 3.625265 | lrm: 0.46 | dt: 596.69ms | tok/sec: 90,096 | bf16_mfu: 0.00 | epoch: 1 pq: 2 rg: 94 | total time: 27.16m | eta: 10.5m
step 02757/03814 (72.29%) | loss: 3.618752 | lrm: 0.46 | dt: 591.58ms | tok/sec: 90,874 | bf16_mfu: 0.00 | epoch: 1 pq: 2 rg: 94 | total time: 27.17m | eta: 10.5m
step 02758/03814 (72.31%) | loss: 3.638297 | lrm: 0.45 | dt: 588.70ms | tok/sec: 91,319 | bf16_mfu: 0.00 | epoch: 1 pq: 2 rg: 94 | total time: 27.18m | eta: 10.4m
step 02759/03814 (72.34%) | loss: 3.642498 | lrm: 0.45 | dt: 599.08ms | tok/sec: 89,737 | bf16_mfu: 0.00 | epoch: 1 pq: 2 rg: 94 | total time: 27.19m | eta: 10.4m
step 02760/03814 (72.36%) | loss: 3.640689 | lrm: 0.45 | dt: 593.35ms | tok/sec: 90,603 | bf16_mfu: 0.00 | epoch: 1 pq: 2 rg: 94 | total time: 27.20m | eta: 10.4m
step 02761/03814 (72.39%) | loss: 3.633986 | lrm: 0.45 | dt: 589.87ms | tok/sec: 91,138 | bf16_mfu: 0.00 | epoch: 1 pq: 2 rg: 94 | total time: 27.21m | eta: 10.4m
step 02762/03814 (72.42%) | loss: 3.659384 | lrm: 0.45 | dt: 588.35ms | tok/sec: 91,374 | bf16_mfu: 0.00 | epoch: 1 pq: 2 rg: 95 | total time: 27.22m | eta: 10.4m
step 02763/03814 (72.44%) | loss: 3.652061 | lrm: 0.45 | dt: 591.43ms | tok/sec: 90,898 | bf16_mfu: 0.00 | epoch: 1 pq: 2 rg: 95 | total time: 27.23m | eta: 10.4m
step 02764/03814 (72.47%) | loss: 3.639619 | lrm: 0.45 | dt: 590.43ms | tok/sec: 91,052 | bf16_mfu: 0.00 | epoch: 1 pq: 2 rg: 95 | total time: 27.24m | eta: 10.4m
step 02765/03814 (72.50%) | loss: 3.625986 | lrm: 0.45 | dt: 581.93ms | tok/sec: 92,381 | bf16_mfu: 0.00 | epoch: 1 pq: 2 rg: 95 | total time: 27.25m | eta: 10.4m
step 02766/03814 (72.52%) | loss: 3.645288 | lrm: 0.45 | dt: 605.22ms | tok/sec: 88,826 | bf16_mfu: 0.00 | epoch: 1 pq: 3 rg: 0 | total time: 27.26m | eta: 10.4m
step 02767/03814 (72.55%) | loss: 3.637233 | lrm: 0.45 | dt: 588.41ms | tok/sec: 91,364 | bf16_mfu: 0.00 | epoch: 1 pq: 3 rg: 0 | total time: 27.27m | eta: 10.4m
step 02768/03814 (72.57%) | loss: 3.626286 | lrm: 0.45 | dt: 590.36ms | tok/sec: 91,063 | bf16_mfu: 0.00 | epoch: 1 pq: 3 rg: 0 | total time: 27.28m | eta: 10.3m
step 02769/03814 (72.60%) | loss: 3.631029 | lrm: 0.45 | dt: 598.43ms | tok/sec: 89,835 | bf16_mfu: 0.00 | epoch: 1 pq: 3 rg: 0 | total time: 27.29m | eta: 10.3m
step 02770/03814 (72.63%) | loss: 3.656249 | lrm: 0.45 | dt: 594.36ms | tok/sec: 90,450 | bf16_mfu: 0.00 | epoch: 1 pq: 3 rg: 0 | total time: 27.30m | eta: 10.3m
step 02771/03814 (72.65%) | loss: 3.671388 | lrm: 0.45 | dt: 591.20ms | tok/sec: 90,933 | bf16_mfu: 0.00 | epoch: 1 pq: 3 rg: 0 | total time: 27.31m | eta: 10.3m
step 02772/03814 (72.68%) | loss: 3.660110 | lrm: 0.45 | dt: 587.48ms | tok/sec: 91,509 | bf16_mfu: 0.00 | epoch: 1 pq: 3 rg: 0 | total time: 27.32m | eta: 10.3m
step 02773/03814 (72.71%) | loss: 3.654909 | lrm: 0.45 | dt: 588.62ms | tok/sec: 91,332 | bf16_mfu: 0.00 | epoch: 1 pq: 3 rg: 0 | total time: 27.33m | eta: 10.3m
step 02774/03814 (72.73%) | loss: 3.672862 | lrm: 0.45 | dt: 589.93ms | tok/sec: 91,129 | bf16_mfu: 0.00 | epoch: 1 pq: 3 rg: 0 | total time: 27.34m | eta: 10.3m
step 02775/03814 (72.76%) | loss: 3.680802 | lrm: 0.45 | dt: 586.27ms | tok/sec: 91,697 | bf16_mfu: 0.00 | epoch: 1 pq: 3 rg: 0 | total time: 27.35m | eta: 10.3m
step 02776/03814 (72.78%) | loss: 3.680563 | lrm: 0.45 | dt: 587.41ms | tok/sec: 91,520 | bf16_mfu: 0.00 | epoch: 1 pq: 3 rg: 1 | total time: 27.36m | eta: 10.3m
step 02777/03814 (72.81%) | loss: 3.651019 | lrm: 0.45 | dt: 588.11ms | tok/sec: 91,410 | bf16_mfu: 0.00 | epoch: 1 pq: 3 rg: 1 | total time: 27.37m | eta: 10.3m
step 02778/03814 (72.84%) | loss: 3.664626 | lrm: 0.45 | dt: 587.70ms | tok/sec: 91,475 | bf16_mfu: 0.00 | epoch: 1 pq: 3 rg: 1 | total time: 27.38m | eta: 10.2m
step 02779/03814 (72.86%) | loss: 3.646213 | lrm: 0.45 | dt: 587.14ms | tok/sec: 91,562 | bf16_mfu: 0.00 | epoch: 1 pq: 3 rg: 1 | total time: 27.39m | eta: 10.2m
step 02780/03814 (72.89%) | loss: 3.629267 | lrm: 0.45 | dt: 587.75ms | tok/sec: 91,466 | bf16_mfu: 0.00 | epoch: 1 pq: 3 rg: 1 | total time: 27.40m | eta: 10.2m
step 02781/03814 (72.92%) | loss: 3.613501 | lrm: 0.45 | dt: 587.37ms | tok/sec: 91,526 | bf16_mfu: 0.00 | epoch: 1 pq: 3 rg: 1 | total time: 27.41m | eta: 10.2m
step 02782/03814 (72.94%) | loss: 3.621556 | lrm: 0.45 | dt: 602.02ms | tok/sec: 89,298 | bf16_mfu: 0.00 | epoch: 1 pq: 3 rg: 1 | total time: 27.42m | eta: 10.2m
step 02783/03814 (72.97%) | loss: 3.628120 | lrm: 0.45 | dt: 585.88ms | tok/sec: 91,759 | bf16_mfu: 0.00 | epoch: 1 pq: 3 rg: 1 | total time: 27.43m | eta: 10.2m
step 02784/03814 (72.99%) | loss: 3.623721 | lrm: 0.44 | dt: 588.61ms | tok/sec: 91,333 | bf16_mfu: 0.00 | epoch: 1 pq: 3 rg: 1 | total time: 27.44m | eta: 10.2m
step 02785/03814 (73.02%) | loss: 3.625468 | lrm: 0.44 | dt: 590.54ms | tok/sec: 91,034 | bf16_mfu: 0.00 | epoch: 1 pq: 3 rg: 1 | total time: 27.45m | eta: 10.2m
step 02786/03814 (73.05%) | loss: 3.636713 | lrm: 0.44 | dt: 590.10ms | tok/sec: 91,103 | bf16_mfu: 0.00 | epoch: 1 pq: 3 rg: 1 | total time: 27.46m | eta: 10.2m
step 02787/03814 (73.07%) | loss: 3.654113 | lrm: 0.44 | dt: 630.58ms | tok/sec: 85,255 | bf16_mfu: 0.00 | epoch: 1 pq: 3 rg: 2 | total time: 27.47m | eta: 10.2m
step 02788/03814 (73.10%) | loss: 3.639818 | lrm: 0.44 | dt: 588.42ms | tok/sec: 91,362 | bf16_mfu: 0.00 | epoch: 1 pq: 3 rg: 2 | total time: 27.48m | eta: 10.1m
step 02789/03814 (73.13%) | loss: 3.630071 | lrm: 0.44 | dt: 587.30ms | tok/sec: 91,538 | bf16_mfu: 0.00 | epoch: 1 pq: 3 rg: 2 | total time: 27.49m | eta: 10.1m
step 02790/03814 (73.15%) | loss: 3.631808 | lrm: 0.44 | dt: 586.74ms | tok/sec: 91,624 | bf16_mfu: 0.00 | epoch: 1 pq: 3 rg: 2 | total time: 27.50m | eta: 10.1m
step 02791/03814 (73.18%) | loss: 3.652748 | lrm: 0.44 | dt: 588.67ms | tok/sec: 91,324 | bf16_mfu: 0.00 | epoch: 1 pq: 3 rg: 2 | total time: 27.51m | eta: 10.1m
step 02792/03814 (73.20%) | loss: 3.645538 | lrm: 0.44 | dt: 608.34ms | tok/sec: 88,371 | bf16_mfu: 0.00 | epoch: 1 pq: 3 rg: 2 | total time: 27.52m | eta: 10.1m
step 02793/03814 (73.23%) | loss: 3.627349 | lrm: 0.44 | dt: 586.84ms | tok/sec: 91,609 | bf16_mfu: 0.00 | epoch: 1 pq: 3 rg: 2 | total time: 27.53m | eta: 10.1m
step 02794/03814 (73.26%) | loss: 3.616829 | lrm: 0.44 | dt: 586.17ms | tok/sec: 91,714 | bf16_mfu: 0.00 | epoch: 1 pq: 3 rg: 2 | total time: 27.54m | eta: 10.1m
step 02795/03814 (73.28%) | loss: 3.628702 | lrm: 0.44 | dt: 588.56ms | tok/sec: 91,342 | bf16_mfu: 0.00 | epoch: 1 pq: 3 rg: 2 | total time: 27.55m | eta: 10.1m
step 02796/03814 (73.31%) | loss: 3.630007 | lrm: 0.44 | dt: 588.73ms | tok/sec: 91,315 | bf16_mfu: 0.00 | epoch: 1 pq: 3 rg: 2 | total time: 27.56m | eta: 10.1m
step 02797/03814 (73.34%) | loss: 3.614957 | lrm: 0.44 | dt: 589.26ms | tok/sec: 91,232 | bf16_mfu: 0.00 | epoch: 1 pq: 3 rg: 2 | total time: 27.57m | eta: 10.1m
step 02798/03814 (73.36%) | loss: 3.620628 | lrm: 0.44 | dt: 589.97ms | tok/sec: 91,123 | bf16_mfu: 0.00 | epoch: 1 pq: 3 rg: 3 | total time: 27.58m | eta: 10.0m
step 02799/03814 (73.39%) | loss: 3.631660 | lrm: 0.44 | dt: 594.79ms | tok/sec: 90,384 | bf16_mfu: 0.00 | epoch: 1 pq: 3 rg: 3 | total time: 27.59m | eta: 10.0m
step 02800/03814 (73.41%) | loss: 3.618517 | lrm: 0.44 | dt: 586.92ms | tok/sec: 91,596 | bf16_mfu: 0.00 | epoch: 1 pq: 3 rg: 3 | total time: 27.60m | eta: 10.0m
step 02801/03814 (73.44%) | loss: 3.600199 | lrm: 0.44 | dt: 575.36ms | tok/sec: 93,436 | bf16_mfu: 0.00 | epoch: 1 pq: 3 rg: 3 | total time: 27.61m | eta: 10.0m
step 02802/03814 (73.47%) | loss: 3.587291 | lrm: 0.44 | dt: 586.65ms | tok/sec: 91,638 | bf16_mfu: 0.00 | epoch: 1 pq: 3 rg: 3 | total time: 27.62m | eta: 10.0m
step 02803/03814 (73.49%) | loss: 3.601036 | lrm: 0.44 | dt: 594.90ms | tok/sec: 90,367 | bf16_mfu: 0.00 | epoch: 1 pq: 3 rg: 3 | total time: 27.63m | eta: 10.0m
step 02804/03814 (73.52%) | loss: 3.600179 | lrm: 0.44 | dt: 582.74ms | tok/sec: 92,253 | bf16_mfu: 0.00 | epoch: 1 pq: 3 rg: 3 | total time: 27.64m | eta: 10.0m
step 02805/03814 (73.54%) | loss: 3.600260 | lrm: 0.44 | dt: 584.49ms | tok/sec: 91,977 | bf16_mfu: 0.00 | epoch: 1 pq: 3 rg: 3 | total time: 27.64m | eta: 10.0m
step 02806/03814 (73.57%) | loss: 3.594936 | lrm: 0.44 | dt: 590.33ms | tok/sec: 91,068 | bf16_mfu: 0.00 | epoch: 1 pq: 3 rg: 3 | total time: 27.65m | eta: 10.0m
step 02807/03814 (73.60%) | loss: 3.631403 | lrm: 0.44 | dt: 586.91ms | tok/sec: 91,598 | bf16_mfu: 0.00 | epoch: 1 pq: 3 rg: 3 | total time: 27.66m | eta: 10.0m
step 02808/03814 (73.62%) | loss: 3.614314 | lrm: 0.44 | dt: 742.29ms | tok/sec: 72,424 | bf16_mfu: 0.00 | epoch: 1 pq: 3 rg: 4 | total time: 27.68m | eta: 10.0m
step 02809/03814 (73.65%) | loss: 3.615672 | lrm: 0.44 | dt: 590.05ms | tok/sec: 91,111 | bf16_mfu: 0.00 | epoch: 1 pq: 3 rg: 4 | total time: 27.69m | eta: 9.9m
step 02810/03814 (73.68%) | loss: 3.614436 | lrm: 0.43 | dt: 585.89ms | tok/sec: 91,757 | bf16_mfu: 0.00 | epoch: 1 pq: 3 rg: 4 | total time: 27.70m | eta: 9.9m
step 02811/03814 (73.70%) | loss: 3.624156 | lrm: 0.43 | dt: 588.78ms | tok/sec: 91,308 | bf16_mfu: 0.00 | epoch: 1 pq: 3 rg: 4 | total time: 27.71m | eta: 9.9m
step 02812/03814 (73.73%) | loss: 3.634088 | lrm: 0.43 | dt: 585.83ms | tok/sec: 91,766 | bf16_mfu: 0.00 | epoch: 1 pq: 3 rg: 4 | total time: 27.72m | eta: 9.9m
step 02813/03814 (73.75%) | loss: 3.633692 | lrm: 0.43 | dt: 586.70ms | tok/sec: 91,631 | bf16_mfu: 0.00 | epoch: 1 pq: 3 rg: 4 | total time: 27.73m | eta: 9.9m
step 02814/03814 (73.78%) | loss: 3.619985 | lrm: 0.43 | dt: 588.02ms | tok/sec: 91,426 | bf16_mfu: 0.00 | epoch: 1 pq: 3 rg: 4 | total time: 27.74m | eta: 9.9m
step 02815/03814 (73.81%) | loss: 3.633214 | lrm: 0.43 | dt: 587.06ms | tok/sec: 91,575 | bf16_mfu: 0.00 | epoch: 1 pq: 3 rg: 4 | total time: 27.75m | eta: 9.9m
step 02816/03814 (73.83%) | loss: 3.619249 | lrm: 0.43 | dt: 587.53ms | tok/sec: 91,501 | bf16_mfu: 0.00 | epoch: 1 pq: 3 rg: 4 | total time: 27.76m | eta: 9.9m
step 02817/03814 (73.86%) | loss: 3.630938 | lrm: 0.43 | dt: 588.81ms | tok/sec: 91,302 | bf16_mfu: 0.00 | epoch: 1 pq: 3 rg: 4 | total time: 27.76m | eta: 9.9m
step 02818/03814 (73.89%) | loss: 3.630460 | lrm: 0.43 | dt: 582.18ms | tok/sec: 92,343 | bf16_mfu: 0.00 | epoch: 1 pq: 3 rg: 4 | total time: 27.77m | eta: 9.9m
step 02819/03814 (73.91%) | loss: 3.650912 | lrm: 0.43 | dt: 670.87ms | tok/sec: 80,134 | bf16_mfu: 0.00 | epoch: 1 pq: 3 rg: 5 | total time: 27.79m | eta: 9.8m
step 02820/03814 (73.94%) | loss: 3.656424 | lrm: 0.43 | dt: 736.05ms | tok/sec: 73,038 | bf16_mfu: 0.00 | epoch: 1 pq: 3 rg: 5 | total time: 27.80m | eta: 9.8m
step 02821/03814 (73.96%) | loss: 3.651823 | lrm: 0.43 | dt: 577.28ms | tok/sec: 93,125 | bf16_mfu: 0.00 | epoch: 1 pq: 3 rg: 5 | total time: 27.81m | eta: 9.8m
step 02822/03814 (73.99%) | loss: 3.652785 | lrm: 0.43 | dt: 586.15ms | tok/sec: 91,717 | bf16_mfu: 0.00 | epoch: 1 pq: 3 rg: 5 | total time: 27.82m | eta: 9.8m
step 02823/03814 (74.02%) | loss: 3.652372 | lrm: 0.43 | dt: 584.41ms | tok/sec: 91,990 | bf16_mfu: 0.00 | epoch: 1 pq: 3 rg: 5 | total time: 27.83m | eta: 9.8m
step 02824/03814 (74.04%) | loss: 3.653914 | lrm: 0.43 | dt: 585.99ms | tok/sec: 91,742 | bf16_mfu: 0.00 | epoch: 1 pq: 3 rg: 5 | total time: 27.84m | eta: 9.8m
step 02825/03814 (74.07%) | loss: 3.645717 | lrm: 0.43 | dt: 585.66ms | tok/sec: 91,794 | bf16_mfu: 0.00 | epoch: 1 pq: 3 rg: 5 | total time: 27.85m | eta: 9.8m
step 02826/03814 (74.10%) | loss: 3.629170 | lrm: 0.43 | dt: 589.68ms | tok/sec: 91,167 | bf16_mfu: 0.00 | epoch: 1 pq: 3 rg: 5 | total time: 27.86m | eta: 9.8m
step 02827/03814 (74.12%) | loss: 3.618622 | lrm: 0.43 | dt: 585.52ms | tok/sec: 91,815 | bf16_mfu: 0.00 | epoch: 1 pq: 3 rg: 5 | total time: 27.87m | eta: 9.8m
step 02828/03814 (74.15%) | loss: 3.631154 | lrm: 0.43 | dt: 586.16ms | tok/sec: 91,715 | bf16_mfu: 0.00 | epoch: 1 pq: 3 rg: 5 | total time: 27.88m | eta: 9.8m
step 02829/03814 (74.17%) | loss: 3.627605 | lrm: 0.43 | dt: 586.11ms | tok/sec: 91,723 | bf16_mfu: 0.00 | epoch: 1 pq: 3 rg: 6 | total time: 27.89m | eta: 9.7m
step 02830/03814 (74.20%) | loss: 3.627859 | lrm: 0.43 | dt: 587.98ms | tok/sec: 91,431 | bf16_mfu: 0.00 | epoch: 1 pq: 3 rg: 6 | total time: 27.90m | eta: 9.7m
step 02831/03814 (74.23%) | loss: 3.651568 | lrm: 0.43 | dt: 587.03ms | tok/sec: 91,578 | bf16_mfu: 0.00 | epoch: 1 pq: 3 rg: 6 | total time: 27.91m | eta: 9.7m
step 02832/03814 (74.25%) | loss: 3.669393 | lrm: 0.43 | dt: 587.52ms | tok/sec: 91,503 | bf16_mfu: 0.00 | epoch: 1 pq: 3 rg: 6 | total time: 27.92m | eta: 9.7m
step 02833/03814 (74.28%) | loss: 3.660223 | lrm: 0.43 | dt: 585.41ms | tok/sec: 91,833 | bf16_mfu: 0.00 | epoch: 1 pq: 3 rg: 6 | total time: 27.93m | eta: 9.7m
step 02834/03814 (74.31%) | loss: 3.642957 | lrm: 0.43 | dt: 586.22ms | tok/sec: 91,706 | bf16_mfu: 0.00 | epoch: 1 pq: 3 rg: 6 | total time: 27.93m | eta: 9.7m
step 02835/03814 (74.33%) | loss: 3.640141 | lrm: 0.43 | dt: 586.93ms | tok/sec: 91,594 | bf16_mfu: 0.00 | epoch: 1 pq: 3 rg: 6 | total time: 27.94m | eta: 9.7m
step 02836/03814 (74.36%) | loss: 3.662739 | lrm: 0.42 | dt: 587.64ms | tok/sec: 91,484 | bf16_mfu: 0.00 | epoch: 1 pq: 3 rg: 6 | total time: 27.95m | eta: 9.7m
step 02837/03814 (74.38%) | loss: 3.657232 | lrm: 0.42 | dt: 611.50ms | tok/sec: 87,915 | bf16_mfu: 0.00 | epoch: 1 pq: 3 rg: 6 | total time: 27.96m | eta: 9.7m
step 02838/03814 (74.41%) | loss: 3.651250 | lrm: 0.42 | dt: 586.21ms | tok/sec: 91,708 | bf16_mfu: 0.00 | epoch: 1 pq: 3 rg: 6 | total time: 27.97m | eta: 9.7m
step 02839/03814 (74.44%) | loss: 3.631502 | lrm: 0.42 | dt: 586.59ms | tok/sec: 91,648 | bf16_mfu: 0.00 | epoch: 1 pq: 3 rg: 6 | total time: 27.98m | eta: 9.6m
step 02840/03814 (74.46%) | loss: 3.631015 | lrm: 0.42 | dt: 606.58ms | tok/sec: 88,627 | bf16_mfu: 0.00 | epoch: 1 pq: 3 rg: 7 | total time: 27.99m | eta: 9.6m
step 02841/03814 (74.49%) | loss: 3.607529 | lrm: 0.42 | dt: 584.46ms | tok/sec: 91,981 | bf16_mfu: 0.00 | epoch: 1 pq: 3 rg: 7 | total time: 28.00m | eta: 9.6m
step 02842/03814 (74.51%) | loss: 3.588335 | lrm: 0.42 | dt: 590.35ms | tok/sec: 91,064 | bf16_mfu: 0.00 | epoch: 1 pq: 3 rg: 7 | total time: 28.01m | eta: 9.6m
step 02843/03814 (74.54%) | loss: 3.569266 | lrm: 0.42 | dt: 586.29ms | tok/sec: 91,695 | bf16_mfu: 0.00 | epoch: 1 pq: 3 rg: 7 | total time: 28.02m | eta: 9.6m
step 02844/03814 (74.57%) | loss: 3.593112 | lrm: 0.42 | dt: 586.59ms | tok/sec: 91,648 | bf16_mfu: 0.00 | epoch: 1 pq: 3 rg: 7 | total time: 28.03m | eta: 9.6m
step 02845/03814 (74.59%) | loss: 3.602440 | lrm: 0.42 | dt: 587.99ms | tok/sec: 91,430 | bf16_mfu: 0.00 | epoch: 1 pq: 3 rg: 7 | total time: 28.04m | eta: 9.6m
step 02846/03814 (74.62%) | loss: 3.585895 | lrm: 0.42 | dt: 586.12ms | tok/sec: 91,722 | bf16_mfu: 0.00 | epoch: 1 pq: 3 rg: 7 | total time: 28.05m | eta: 9.6m
step 02847/03814 (74.65%) | loss: 3.583493 | lrm: 0.42 | dt: 588.05ms | tok/sec: 91,420 | bf16_mfu: 0.00 | epoch: 1 pq: 3 rg: 7 | total time: 28.06m | eta: 9.6m
step 02848/03814 (74.67%) | loss: 3.577717 | lrm: 0.42 | dt: 587.08ms | tok/sec: 91,572 | bf16_mfu: 0.00 | epoch: 1 pq: 3 rg: 7 | total time: 28.07m | eta: 9.6m
step 02849/03814 (74.70%) | loss: 3.598072 | lrm: 0.42 | dt: 585.96ms | tok/sec: 91,747 | bf16_mfu: 0.00 | epoch: 1 pq: 3 rg: 7 | total time: 28.08m | eta: 9.5m
step 02850/03814 (74.72%) | loss: 3.584310 | lrm: 0.42 | dt: 586.64ms | tok/sec: 91,640 | bf16_mfu: 0.00 | epoch: 1 pq: 3 rg: 8 | total time: 28.09m | eta: 9.5m
step 02851/03814 (74.75%) | loss: 3.581584 | lrm: 0.42 | dt: 586.43ms | tok/sec: 91,673 | bf16_mfu: 0.00 | epoch: 1 pq: 3 rg: 8 | total time: 28.10m | eta: 9.5m
step 02852/03814 (74.78%) | loss: 3.587936 | lrm: 0.42 | dt: 747.79ms | tok/sec: 71,892 | bf16_mfu: 0.00 | epoch: 1 pq: 3 rg: 8 | total time: 28.11m | eta: 9.5m
step 02853/03814 (74.80%) | loss: 3.600374 | lrm: 0.42 | dt: 589.85ms | tok/sec: 91,141 | bf16_mfu: 0.00 | epoch: 1 pq: 3 rg: 8 | total time: 28.12m | eta: 9.5m
step 02854/03814 (74.83%) | loss: 3.585735 | lrm: 0.42 | dt: 585.11ms | tok/sec: 91,879 | bf16_mfu: 0.00 | epoch: 1 pq: 3 rg: 8 | total time: 28.13m | eta: 9.5m
step 02855/03814 (74.86%) | loss: 3.577894 | lrm: 0.42 | dt: 586.31ms | tok/sec: 91,692 | bf16_mfu: 0.00 | epoch: 1 pq: 3 rg: 8 | total time: 28.14m | eta: 9.5m
step 02856/03814 (74.88%) | loss: 3.599547 | lrm: 0.42 | dt: 587.94ms | tok/sec: 91,437 | bf16_mfu: 0.00 | epoch: 1 pq: 3 rg: 8 | total time: 28.15m | eta: 9.5m
step 02857/03814 (74.91%) | loss: 3.610235 | lrm: 0.42 | dt: 587.35ms | tok/sec: 91,530 | bf16_mfu: 0.00 | epoch: 1 pq: 3 rg: 8 | total time: 28.16m | eta: 9.5m
step 02858/03814 (74.93%) | loss: 3.600038 | lrm: 0.42 | dt: 585.63ms | tok/sec: 91,799 | bf16_mfu: 0.00 | epoch: 1 pq: 3 rg: 8 | total time: 28.17m | eta: 9.5m
step 02859/03814 (74.96%) | loss: 3.599087 | lrm: 0.42 | dt: 587.07ms | tok/sec: 91,574 | bf16_mfu: 0.00 | epoch: 1 pq: 3 rg: 8 | total time: 28.18m | eta: 9.4m
step 02860/03814 (74.99%) | loss: 3.607999 | lrm: 0.42 | dt: 585.60ms | tok/sec: 91,804 | bf16_mfu: 0.00 | epoch: 1 pq: 3 rg: 8 | total time: 28.19m | eta: 9.4m
step 02861/03814 (75.01%) | loss: 3.637336 | lrm: 0.42 | dt: 589.15ms | tok/sec: 91,249 | bf16_mfu: 0.00 | epoch: 1 pq: 3 rg: 9 | total time: 28.20m | eta: 9.4m
step 02862/03814 (75.04%) | loss: 3.633946 | lrm: 0.41 | dt: 586.17ms | tok/sec: 91,714 | bf16_mfu: 0.00 | epoch: 1 pq: 3 rg: 9 | total time: 28.21m | eta: 9.4m
step 02863/03814 (75.07%) | loss: 3.624467 | lrm: 0.41 | dt: 585.24ms | tok/sec: 91,860 | bf16_mfu: 0.00 | epoch: 1 pq: 3 rg: 9 | total time: 28.22m | eta: 9.4m
step 02864/03814 (75.09%) | loss: 3.627332 | lrm: 0.41 | dt: 589.39ms | tok/sec: 91,213 | bf16_mfu: 0.00 | epoch: 1 pq: 3 rg: 9 | total time: 28.23m | eta: 9.4m
step 02865/03814 (75.12%) | loss: 3.632499 | lrm: 0.41 | dt: 586.12ms | tok/sec: 91,721 | bf16_mfu: 0.00 | epoch: 1 pq: 3 rg: 9 | total time: 28.24m | eta: 9.4m
step 02866/03814 (75.14%) | loss: 3.618286 | lrm: 0.41 | dt: 586.75ms | tok/sec: 91,623 | bf16_mfu: 0.00 | epoch: 1 pq: 3 rg: 9 | total time: 28.25m | eta: 9.4m
step 02867/03814 (75.17%) | loss: 3.608258 | lrm: 0.41 | dt: 588.24ms | tok/sec: 91,391 | bf16_mfu: 0.00 | epoch: 1 pq: 3 rg: 9 | total time: 28.26m | eta: 9.4m
step 02868/03814 (75.20%) | loss: 3.597869 | lrm: 0.41 | dt: 589.75ms | tok/sec: 91,156 | bf16_mfu: 0.00 | epoch: 1 pq: 3 rg: 9 | total time: 28.27m | eta: 9.4m
step 02869/03814 (75.22%) | loss: 3.602480 | lrm: 0.41 | dt: 585.23ms | tok/sec: 91,860 | bf16_mfu: 0.00 | epoch: 1 pq: 3 rg: 9 | total time: 28.28m | eta: 9.3m
step 02870/03814 (75.25%) | loss: 3.592278 | lrm: 0.41 | dt: 583.29ms | tok/sec: 92,167 | bf16_mfu: 0.00 | epoch: 1 pq: 3 rg: 9 | total time: 28.29m | eta: 9.3m
step 02871/03814 (75.28%) | loss: 3.582469 | lrm: 0.41 | dt: 640.77ms | tok/sec: 83,899 | bf16_mfu: 0.00 | epoch: 1 pq: 3 rg: 10 | total time: 28.30m | eta: 9.3m
step 02872/03814 (75.30%) | loss: 3.577971 | lrm: 0.41 | dt: 575.42ms | tok/sec: 93,428 | bf16_mfu: 0.00 | epoch: 1 pq: 3 rg: 10 | total time: 28.31m | eta: 9.3m
step 02873/03814 (75.33%) | loss: 3.569208 | lrm: 0.41 | dt: 584.57ms | tok/sec: 91,965 | bf16_mfu: 0.00 | epoch: 1 pq: 3 rg: 10 | total time: 28.32m | eta: 9.3m
step 02874/03814 (75.35%) | loss: 3.589023 | lrm: 0.41 | dt: 604.90ms | tok/sec: 88,873 | bf16_mfu: 0.00 | epoch: 1 pq: 3 rg: 10 | total time: 28.33m | eta: 9.3m
step 02875/03814 (75.38%) | loss: 3.595073 | lrm: 0.41 | dt: 590.12ms | tok/sec: 91,100 | bf16_mfu: 0.00 | epoch: 1 pq: 3 rg: 10 | total time: 28.34m | eta: 9.3m
step 02876/03814 (75.41%) | loss: 3.604079 | lrm: 0.41 | dt: 587.18ms | tok/sec: 91,556 | bf16_mfu: 0.00 | epoch: 1 pq: 3 rg: 10 | total time: 28.35m | eta: 9.3m
step 02877/03814 (75.43%) | loss: 3.611022 | lrm: 0.41 | dt: 587.63ms | tok/sec: 91,486 | bf16_mfu: 0.00 | epoch: 1 pq: 3 rg: 10 | total time: 28.36m | eta: 9.3m
step 02878/03814 (75.46%) | loss: 3.654009 | lrm: 0.41 | dt: 589.49ms | tok/sec: 91,197 | bf16_mfu: 0.00 | epoch: 1 pq: 3 rg: 10 | total time: 28.37m | eta: 9.3m
step 02879/03814 (75.49%) | loss: 3.643165 | lrm: 0.41 | dt: 586.90ms | tok/sec: 91,599 | bf16_mfu: 0.00 | epoch: 1 pq: 3 rg: 10 | total time: 28.38m | eta: 9.2m
step 02880/03814 (75.51%) | loss: 3.643388 | lrm: 0.41 | dt: 588.14ms | tok/sec: 91,406 | bf16_mfu: 0.00 | epoch: 1 pq: 3 rg: 10 | total time: 28.39m | eta: 9.2m
step 02881/03814 (75.54%) | loss: 3.644214 | lrm: 0.41 | dt: 585.67ms | tok/sec: 91,792 | bf16_mfu: 0.00 | epoch: 1 pq: 3 rg: 10 | total time: 28.40m | eta: 9.2m
step 02882/03814 (75.56%) | loss: 3.670263 | lrm: 0.41 | dt: 640.68ms | tok/sec: 83,910 | bf16_mfu: 0.00 | epoch: 1 pq: 3 rg: 11 | total time: 28.41m | eta: 9.2m
step 02883/03814 (75.59%) | loss: 3.652614 | lrm: 0.41 | dt: 577.98ms | tok/sec: 93,013 | bf16_mfu: 0.00 | epoch: 1 pq: 3 rg: 11 | total time: 28.42m | eta: 9.2m
step 02884/03814 (75.62%) | loss: 3.646887 | lrm: 0.41 | dt: 584.87ms | tok/sec: 91,917 | bf16_mfu: 0.00 | epoch: 1 pq: 3 rg: 11 | total time: 28.43m | eta: 9.2m
step 02885/03814 (75.64%) | loss: 3.637353 | lrm: 0.41 | dt: 589.00ms | tok/sec: 91,272 | bf16_mfu: 0.00 | epoch: 1 pq: 3 rg: 11 | total time: 28.44m | eta: 9.2m
step 02886/03814 (75.67%) | loss: 3.630429 | lrm: 0.41 | dt: 586.19ms | tok/sec: 91,710 | bf16_mfu: 0.00 | epoch: 1 pq: 3 rg: 11 | total time: 28.45m | eta: 9.2m
step 02887/03814 (75.69%) | loss: 3.626979 | lrm: 0.41 | dt: 588.33ms | tok/sec: 91,377 | bf16_mfu: 0.00 | epoch: 1 pq: 3 rg: 11 | total time: 28.46m | eta: 9.2m
step 02888/03814 (75.72%) | loss: 3.598301 | lrm: 0.40 | dt: 590.20ms | tok/sec: 91,088 | bf16_mfu: 0.00 | epoch: 1 pq: 3 rg: 11 | total time: 28.47m | eta: 9.2m
step 02889/03814 (75.75%) | loss: 3.582808 | lrm: 0.40 | dt: 589.83ms | tok/sec: 91,144 | bf16_mfu: 0.00 | epoch: 1 pq: 3 rg: 11 | total time: 28.48m | eta: 9.1m
step 02890/03814 (75.77%) | loss: 3.584685 | lrm: 0.40 | dt: 584.47ms | tok/sec: 91,981 | bf16_mfu: 0.00 | epoch: 1 pq: 3 rg: 11 | total time: 28.49m | eta: 9.1m
step 02891/03814 (75.80%) | loss: 3.595231 | lrm: 0.40 | dt: 587.51ms | tok/sec: 91,505 | bf16_mfu: 0.00 | epoch: 1 pq: 3 rg: 11 | total time: 28.50m | eta: 9.1m
step 02892/03814 (75.83%) | loss: 3.591321 | lrm: 0.40 | dt: 601.38ms | tok/sec: 89,394 | bf16_mfu: 0.00 | epoch: 1 pq: 3 rg: 12 | total time: 28.51m | eta: 9.1m
step 02893/03814 (75.85%) | loss: 3.600666 | lrm: 0.40 | dt: 582.62ms | tok/sec: 92,272 | bf16_mfu: 0.00 | epoch: 1 pq: 3 rg: 12 | total time: 28.52m | eta: 9.1m
step 02894/03814 (75.88%) | loss: 3.609615 | lrm: 0.40 | dt: 579.29ms | tok/sec: 92,803 | bf16_mfu: 0.00 | epoch: 1 pq: 3 rg: 12 | total time: 28.53m | eta: 9.1m
step 02895/03814 (75.90%) | loss: 3.623283 | lrm: 0.40 | dt: 589.55ms | tok/sec: 91,187 | bf16_mfu: 0.00 | epoch: 1 pq: 3 rg: 12 | total time: 28.54m | eta: 9.1m
step 02896/03814 (75.93%) | loss: 3.602542 | lrm: 0.40 | dt: 585.52ms | tok/sec: 91,816 | bf16_mfu: 0.00 | epoch: 1 pq: 3 rg: 12 | total time: 28.55m | eta: 9.1m
step 02897/03814 (75.96%) | loss: 3.597208 | lrm: 0.40 | dt: 589.68ms | tok/sec: 91,167 | bf16_mfu: 0.00 | epoch: 1 pq: 3 rg: 12 | total time: 28.56m | eta: 9.1m
step 02898/03814 (75.98%) | loss: 3.588209 | lrm: 0.40 | dt: 589.74ms | tok/sec: 91,158 | bf16_mfu: 0.00 | epoch: 1 pq: 3 rg: 12 | total time: 28.57m | eta: 9.1m
step 02899/03814 (76.01%) | loss: 3.566652 | lrm: 0.40 | dt: 585.88ms | tok/sec: 91,760 | bf16_mfu: 0.00 | epoch: 1 pq: 3 rg: 12 | total time: 28.58m | eta: 9.1m
step 02900/03814 (76.04%) | loss: 3.566506 | lrm: 0.40 | dt: 588.42ms | tok/sec: 91,363 | bf16_mfu: 0.00 | epoch: 1 pq: 3 rg: 12 | total time: 28.59m | eta: 9.0m
step 02901/03814 (76.06%) | loss: 3.569496 | lrm: 0.40 | dt: 582.45ms | tok/sec: 92,299 | bf16_mfu: 0.00 | epoch: 1 pq: 3 rg: 12 | total time: 28.60m | eta: 9.0m
step 02902/03814 (76.09%) | loss: 3.573528 | lrm: 0.40 | dt: 588.76ms | tok/sec: 91,310 | bf16_mfu: 0.00 | epoch: 1 pq: 3 rg: 12 | total time: 28.61m | eta: 9.0m
step 02903/03814 (76.11%) | loss: 3.589339 | lrm: 0.40 | dt: 587.50ms | tok/sec: 91,506 | bf16_mfu: 0.00 | epoch: 1 pq: 3 rg: 13 | total time: 28.62m | eta: 9.0m
step 02904/03814 (76.14%) | loss: 3.600959 | lrm: 0.40 | dt: 587.83ms | tok/sec: 91,454 | bf16_mfu: 0.00 | epoch: 1 pq: 3 rg: 13 | total time: 28.62m | eta: 9.0m
step 02905/03814 (76.17%) | loss: 3.593810 | lrm: 0.40 | dt: 588.24ms | tok/sec: 91,391 | bf16_mfu: 0.00 | epoch: 1 pq: 3 rg: 13 | total time: 28.63m | eta: 9.0m
step 02906/03814 (76.19%) | loss: 3.594184 | lrm: 0.40 | dt: 585.54ms | tok/sec: 91,813 | bf16_mfu: 0.00 | epoch: 1 pq: 3 rg: 13 | total time: 28.64m | eta: 9.0m
step 02907/03814 (76.22%) | loss: 3.641176 | lrm: 0.40 | dt: 589.50ms | tok/sec: 91,195 | bf16_mfu: 0.00 | epoch: 1 pq: 3 rg: 13 | total time: 28.65m | eta: 9.0m
step 02908/03814 (76.25%) | loss: 3.635077 | lrm: 0.40 | dt: 586.76ms | tok/sec: 91,621 | bf16_mfu: 0.00 | epoch: 1 pq: 3 rg: 13 | total time: 28.66m | eta: 9.0m
step 02909/03814 (76.27%) | loss: 3.633586 | lrm: 0.40 | dt: 587.01ms | tok/sec: 91,582 | bf16_mfu: 0.00 | epoch: 1 pq: 3 rg: 13 | total time: 28.67m | eta: 9.0m
step 02910/03814 (76.30%) | loss: 3.623553 | lrm: 0.40 | dt: 587.59ms | tok/sec: 91,492 | bf16_mfu: 0.00 | epoch: 1 pq: 3 rg: 13 | total time: 28.68m | eta: 8.9m
step 02911/03814 (76.32%) | loss: 3.645869 | lrm: 0.40 | dt: 588.25ms | tok/sec: 91,390 | bf16_mfu: 0.00 | epoch: 1 pq: 3 rg: 13 | total time: 28.69m | eta: 8.9m
step 02912/03814 (76.35%) | loss: 3.633337 | lrm: 0.40 | dt: 587.34ms | tok/sec: 91,531 | bf16_mfu: 0.00 | epoch: 1 pq: 3 rg: 13 | total time: 28.70m | eta: 8.9m
step 02913/03814 (76.38%) | loss: 3.629012 | lrm: 0.40 | dt: 586.93ms | tok/sec: 91,595 | bf16_mfu: 0.00 | epoch: 1 pq: 3 rg: 13 | total time: 28.71m | eta: 8.9m
step 02914/03814 (76.40%) | loss: 3.626302 | lrm: 0.39 | dt: 587.78ms | tok/sec: 91,463 | bf16_mfu: 0.00 | epoch: 1 pq: 3 rg: 14 | total time: 28.72m | eta: 8.9m
step 02915/03814 (76.43%) | loss: 3.626751 | lrm: 0.39 | dt: 585.92ms | tok/sec: 91,753 | bf16_mfu: 0.00 | epoch: 1 pq: 3 rg: 14 | total time: 28.73m | eta: 8.9m
step 02916/03814 (76.46%) | loss: 3.605548 | lrm: 0.39 | dt: 586.25ms | tok/sec: 91,702 | bf16_mfu: 0.00 | epoch: 1 pq: 3 rg: 14 | total time: 28.74m | eta: 8.9m
step 02917/03814 (76.48%) | loss: 3.578281 | lrm: 0.39 | dt: 587.04ms | tok/sec: 91,577 | bf16_mfu: 0.00 | epoch: 1 pq: 3 rg: 14 | total time: 28.75m | eta: 8.9m
step 02918/03814 (76.51%) | loss: 3.568609 | lrm: 0.39 | dt: 587.50ms | tok/sec: 91,506 | bf16_mfu: 0.00 | epoch: 1 pq: 3 rg: 14 | total time: 28.76m | eta: 8.9m
step 02919/03814 (76.53%) | loss: 3.586172 | lrm: 0.39 | dt: 608.25ms | tok/sec: 88,384 | bf16_mfu: 0.00 | epoch: 1 pq: 3 rg: 14 | total time: 28.77m | eta: 8.9m
step 02920/03814 (76.56%) | loss: 3.586492 | lrm: 0.39 | dt: 588.34ms | tok/sec: 91,375 | bf16_mfu: 0.00 | epoch: 1 pq: 3 rg: 14 | total time: 28.78m | eta: 8.8m
step 02921/03814 (76.59%) | loss: 3.590752 | lrm: 0.39 | dt: 586.22ms | tok/sec: 91,705 | bf16_mfu: 0.00 | epoch: 1 pq: 3 rg: 14 | total time: 28.79m | eta: 8.8m
step 02922/03814 (76.61%) | loss: 3.581935 | lrm: 0.39 | dt: 586.66ms | tok/sec: 91,637 | bf16_mfu: 0.00 | epoch: 1 pq: 3 rg: 14 | total time: 28.80m | eta: 8.8m
step 02923/03814 (76.64%) | loss: 3.589776 | lrm: 0.39 | dt: 587.50ms | tok/sec: 91,506 | bf16_mfu: 0.00 | epoch: 1 pq: 3 rg: 14 | total time: 28.81m | eta: 8.8m
step 02924/03814 (76.66%) | loss: 3.564665 | lrm: 0.39 | dt: 585.82ms | tok/sec: 91,768 | bf16_mfu: 0.00 | epoch: 1 pq: 3 rg: 15 | total time: 28.82m | eta: 8.8m
step 02925/03814 (76.69%) | loss: 3.555038 | lrm: 0.39 | dt: 587.22ms | tok/sec: 91,550 | bf16_mfu: 0.00 | epoch: 1 pq: 3 rg: 15 | total time: 28.83m | eta: 8.8m
step 02926/03814 (76.72%) | loss: 3.540318 | lrm: 0.39 | dt: 587.12ms | tok/sec: 91,565 | bf16_mfu: 0.00 | epoch: 1 pq: 3 rg: 15 | total time: 28.84m | eta: 8.8m
step 02927/03814 (76.74%) | loss: 3.551350 | lrm: 0.39 | dt: 588.12ms | tok/sec: 91,410 | bf16_mfu: 0.00 | epoch: 1 pq: 3 rg: 15 | total time: 28.85m | eta: 8.8m
step 02928/03814 (76.77%) | loss: 3.555978 | lrm: 0.39 | dt: 591.12ms | tok/sec: 90,946 | bf16_mfu: 0.00 | epoch: 1 pq: 3 rg: 15 | total time: 28.86m | eta: 8.8m
step 02929/03814 (76.80%) | loss: 3.545565 | lrm: 0.39 | dt: 585.00ms | tok/sec: 91,898 | bf16_mfu: 0.00 | epoch: 1 pq: 3 rg: 15 | total time: 28.87m | eta: 8.8m
step 02930/03814 (76.82%) | loss: 3.551232 | lrm: 0.39 | dt: 587.34ms | tok/sec: 91,531 | bf16_mfu: 0.00 | epoch: 1 pq: 3 rg: 15 | total time: 28.88m | eta: 8.7m
step 02931/03814 (76.85%) | loss: 3.562006 | lrm: 0.39 | dt: 587.11ms | tok/sec: 91,566 | bf16_mfu: 0.00 | epoch: 1 pq: 3 rg: 15 | total time: 28.89m | eta: 8.7m
step 02932/03814 (76.87%) | loss: 3.575309 | lrm: 0.39 | dt: 586.90ms | tok/sec: 91,599 | bf16_mfu: 0.00 | epoch: 1 pq: 3 rg: 15 | total time: 28.90m | eta: 8.7m
step 02933/03814 (76.90%) | loss: 3.565916 | lrm: 0.39 | dt: 589.82ms | tok/sec: 91,147 | bf16_mfu: 0.00 | epoch: 1 pq: 3 rg: 15 | total time: 28.91m | eta: 8.7m
step 02934/03814 (76.93%) | loss: 3.553715 | lrm: 0.39 | dt: 594.37ms | tok/sec: 90,449 | bf16_mfu: 0.00 | epoch: 1 pq: 3 rg: 15 | total time: 28.92m | eta: 8.7m
step 02935/03814 (76.95%) | loss: 3.565040 | lrm: 0.39 | dt: 655.92ms | tok/sec: 81,960 | bf16_mfu: 0.00 | epoch: 1 pq: 3 rg: 16 | total time: 28.93m | eta: 8.7m
step 02936/03814 (76.98%) | loss: 3.564809 | lrm: 0.39 | dt: 586.99ms | tok/sec: 91,585 | bf16_mfu: 0.00 | epoch: 1 pq: 3 rg: 16 | total time: 28.94m | eta: 8.7m
step 02937/03814 (77.01%) | loss: 3.565507 | lrm: 0.39 | dt: 587.52ms | tok/sec: 91,503 | bf16_mfu: 0.00 | epoch: 1 pq: 3 rg: 16 | total time: 28.95m | eta: 8.7m
step 02938/03814 (77.03%) | loss: 3.570869 | lrm: 0.39 | dt: 588.54ms | tok/sec: 91,345 | bf16_mfu: 0.00 | epoch: 1 pq: 3 rg: 16 | total time: 28.96m | eta: 8.7m
step 02939/03814 (77.06%) | loss: 3.574693 | lrm: 0.39 | dt: 593.40ms | tok/sec: 90,596 | bf16_mfu: 0.00 | epoch: 1 pq: 3 rg: 16 | total time: 28.97m | eta: 8.7m
step 02940/03814 (77.08%) | loss: 3.590844 | lrm: 0.38 | dt: 583.68ms | tok/sec: 92,105 | bf16_mfu: 0.00 | epoch: 1 pq: 3 rg: 16 | total time: 28.98m | eta: 8.6m
step 02941/03814 (77.11%) | loss: 3.579675 | lrm: 0.38 | dt: 586.02ms | tok/sec: 91,737 | bf16_mfu: 0.00 | epoch: 1 pq: 3 rg: 16 | total time: 28.99m | eta: 8.6m
step 02942/03814 (77.14%) | loss: 3.579613 | lrm: 0.38 | dt: 588.44ms | tok/sec: 91,360 | bf16_mfu: 0.00 | epoch: 1 pq: 3 rg: 16 | total time: 29.00m | eta: 8.6m
step 02943/03814 (77.16%) | loss: 3.592199 | lrm: 0.38 | dt: 583.35ms | tok/sec: 92,157 | bf16_mfu: 0.00 | epoch: 1 pq: 3 rg: 16 | total time: 29.01m | eta: 8.6m
step 02944/03814 (77.19%) | loss: 3.617442 | lrm: 0.38 | dt: 593.47ms | tok/sec: 90,585 | bf16_mfu: 0.00 | epoch: 1 pq: 3 rg: 16 | total time: 29.02m | eta: 8.6m
step 02945/03814 (77.22%) | loss: 3.625487 | lrm: 0.38 | dt: 587.20ms | tok/sec: 91,553 | bf16_mfu: 0.00 | epoch: 1 pq: 3 rg: 17 | total time: 29.03m | eta: 8.6m
step 02946/03814 (77.24%) | loss: 3.616239 | lrm: 0.38 | dt: 581.99ms | tok/sec: 92,373 | bf16_mfu: 0.00 | epoch: 1 pq: 3 rg: 17 | total time: 29.04m | eta: 8.6m
step 02947/03814 (77.27%) | loss: 3.628488 | lrm: 0.38 | dt: 586.41ms | tok/sec: 91,675 | bf16_mfu: 0.00 | epoch: 1 pq: 3 rg: 17 | total time: 29.05m | eta: 8.6m
step 02948/03814 (77.29%) | loss: 3.621213 | lrm: 0.38 | dt: 594.76ms | tok/sec: 90,388 | bf16_mfu: 0.00 | epoch: 1 pq: 3 rg: 17 | total time: 29.06m | eta: 8.6m
step 02949/03814 (77.32%) | loss: 3.608555 | lrm: 0.38 | dt: 577.98ms | tok/sec: 93,014 | bf16_mfu: 0.00 | epoch: 1 pq: 3 rg: 17 | total time: 29.07m | eta: 8.6m
step 02950/03814 (77.35%) | loss: 3.601531 | lrm: 0.38 | dt: 586.91ms | tok/sec: 91,597 | bf16_mfu: 0.00 | epoch: 1 pq: 3 rg: 17 | total time: 29.08m | eta: 8.5m
step 02951/03814 (77.37%) | loss: 3.607430 | lrm: 0.38 | dt: 594.11ms | tok/sec: 90,488 | bf16_mfu: 0.00 | epoch: 1 pq: 3 rg: 17 | total time: 29.09m | eta: 8.5m
step 02952/03814 (77.40%) | loss: 3.597236 | lrm: 0.38 | dt: 578.89ms | tok/sec: 92,866 | bf16_mfu: 0.00 | epoch: 1 pq: 3 rg: 17 | total time: 29.10m | eta: 8.5m
step 02953/03814 (77.43%) | loss: 3.594333 | lrm: 0.38 | dt: 588.03ms | tok/sec: 91,424 | bf16_mfu: 0.00 | epoch: 1 pq: 3 rg: 17 | total time: 29.11m | eta: 8.5m
step 02954/03814 (77.45%) | loss: 3.595252 | lrm: 0.38 | dt: 596.42ms | tok/sec: 90,137 | bf16_mfu: 0.00 | epoch: 1 pq: 3 rg: 17 | total time: 29.12m | eta: 8.5m
step 02955/03814 (77.48%) | loss: 3.582097 | lrm: 0.38 | dt: 591.05ms | tok/sec: 90,957 | bf16_mfu: 0.00 | epoch: 1 pq: 3 rg: 17 | total time: 29.13m | eta: 8.5m
step 02956/03814 (77.50%) | loss: 3.592099 | lrm: 0.38 | dt: 609.94ms | tok/sec: 88,139 | bf16_mfu: 0.00 | epoch: 1 pq: 3 rg: 18 | total time: 29.14m | eta: 8.5m
step 02957/03814 (77.53%) | loss: 3.594673 | lrm: 0.38 | dt: 588.92ms | tok/sec: 91,285 | bf16_mfu: 0.00 | epoch: 1 pq: 3 rg: 18 | total time: 29.15m | eta: 8.5m
step 02958/03814 (77.56%) | loss: 3.580065 | lrm: 0.38 | dt: 585.80ms | tok/sec: 91,771 | bf16_mfu: 0.00 | epoch: 1 pq: 3 rg: 18 | total time: 29.16m | eta: 8.5m
step 02959/03814 (77.58%) | loss: 3.593716 | lrm: 0.38 | dt: 587.64ms | tok/sec: 91,484 | bf16_mfu: 0.00 | epoch: 1 pq: 3 rg: 18 | total time: 29.17m | eta: 8.5m
step 02960/03814 (77.61%) | loss: 3.597417 | lrm: 0.38 | dt: 586.06ms | tok/sec: 91,731 | bf16_mfu: 0.00 | epoch: 1 pq: 3 rg: 18 | total time: 29.18m | eta: 8.4m
step 02961/03814 (77.64%) | loss: 3.595297 | lrm: 0.38 | dt: 586.40ms | tok/sec: 91,678 | bf16_mfu: 0.00 | epoch: 1 pq: 3 rg: 18 | total time: 29.19m | eta: 8.4m
step 02962/03814 (77.66%) | loss: 3.596961 | lrm: 0.38 | dt: 611.21ms | tok/sec: 87,956 | bf16_mfu: 0.00 | epoch: 1 pq: 3 rg: 18 | total time: 29.20m | eta: 8.4m
step 02963/03814 (77.69%) | loss: 3.593697 | lrm: 0.38 | dt: 590.75ms | tok/sec: 91,002 | bf16_mfu: 0.00 | epoch: 1 pq: 3 rg: 18 | total time: 29.21m | eta: 8.4m
step 02964/03814 (77.71%) | loss: 3.592887 | lrm: 0.38 | dt: 694.75ms | tok/sec: 77,380 | bf16_mfu: 0.00 | epoch: 1 pq: 3 rg: 18 | total time: 29.22m | eta: 8.4m
step 02965/03814 (77.74%) | loss: 3.592425 | lrm: 0.38 | dt: 586.91ms | tok/sec: 91,597 | bf16_mfu: 0.00 | epoch: 1 pq: 3 rg: 18 | total time: 29.23m | eta: 8.4m
step 02966/03814 (77.77%) | loss: 3.574616 | lrm: 0.37 | dt: 584.45ms | tok/sec: 91,983 | bf16_mfu: 0.00 | epoch: 1 pq: 3 rg: 19 | total time: 29.24m | eta: 8.4m
step 02967/03814 (77.79%) | loss: 3.560879 | lrm: 0.37 | dt: 576.85ms | tok/sec: 93,195 | bf16_mfu: 0.00 | epoch: 1 pq: 3 rg: 19 | total time: 29.25m | eta: 8.4m
step 02968/03814 (77.82%) | loss: 3.554359 | lrm: 0.37 | dt: 593.22ms | tok/sec: 90,623 | bf16_mfu: 0.00 | epoch: 1 pq: 3 rg: 19 | total time: 29.26m | eta: 8.4m
step 02969/03814 (77.84%) | loss: 3.551163 | lrm: 0.37 | dt: 582.70ms | tok/sec: 92,259 | bf16_mfu: 0.00 | epoch: 1 pq: 3 rg: 19 | total time: 29.27m | eta: 8.4m
step 02970/03814 (77.87%) | loss: 3.548031 | lrm: 0.37 | dt: 592.70ms | tok/sec: 90,703 | bf16_mfu: 0.00 | epoch: 1 pq: 3 rg: 19 | total time: 29.28m | eta: 8.3m
step 02971/03814 (77.90%) | loss: 3.531964 | lrm: 0.37 | dt: 580.80ms | tok/sec: 92,562 | bf16_mfu: 0.00 | epoch: 1 pq: 3 rg: 19 | total time: 29.28m | eta: 8.3m
step 02972/03814 (77.92%) | loss: 3.531375 | lrm: 0.37 | dt: 594.57ms | tok/sec: 90,418 | bf16_mfu: 0.00 | epoch: 1 pq: 3 rg: 19 | total time: 29.29m | eta: 8.3m
step 02973/03814 (77.95%) | loss: 3.548111 | lrm: 0.37 | dt: 580.94ms | tok/sec: 92,539 | bf16_mfu: 0.00 | epoch: 1 pq: 3 rg: 19 | total time: 29.30m | eta: 8.3m
step 02974/03814 (77.98%) | loss: 3.554192 | lrm: 0.37 | dt: 594.14ms | tok/sec: 90,483 | bf16_mfu: 0.00 | epoch: 1 pq: 3 rg: 19 | total time: 29.31m | eta: 8.3m
step 02975/03814 (78.00%) | loss: 3.529468 | lrm: 0.37 | dt: 588.27ms | tok/sec: 91,386 | bf16_mfu: 0.00 | epoch: 1 pq: 3 rg: 19 | total time: 29.32m | eta: 8.3m
step 02976/03814 (78.03%) | loss: 3.525971 | lrm: 0.37 | dt: 580.33ms | tok/sec: 92,636 | bf16_mfu: 0.00 | epoch: 1 pq: 3 rg: 19 | total time: 29.33m | eta: 8.3m
step 02977/03814 (78.05%) | loss: 3.541579 | lrm: 0.37 | dt: 602.40ms | tok/sec: 89,242 | bf16_mfu: 0.00 | epoch: 1 pq: 3 rg: 20 | total time: 29.34m | eta: 8.3m
step 02978/03814 (78.08%) | loss: 3.552112 | lrm: 0.37 | dt: 589.83ms | tok/sec: 91,145 | bf16_mfu: 0.00 | epoch: 1 pq: 3 rg: 20 | total time: 29.35m | eta: 8.3m
step 02979/03814 (78.11%) | loss: 3.547338 | lrm: 0.37 | dt: 582.40ms | tok/sec: 92,307 | bf16_mfu: 0.00 | epoch: 1 pq: 3 rg: 20 | total time: 29.36m | eta: 8.3m
step 02980/03814 (78.13%) | loss: 3.556551 | lrm: 0.37 | dt: 590.10ms | tok/sec: 91,102 | bf16_mfu: 0.00 | epoch: 1 pq: 3 rg: 20 | total time: 29.37m | eta: 8.2m
step 02981/03814 (78.16%) | loss: 3.553600 | lrm: 0.37 | dt: 587.08ms | tok/sec: 91,571 | bf16_mfu: 0.00 | epoch: 1 pq: 3 rg: 20 | total time: 29.38m | eta: 8.2m
step 02982/03814 (78.19%) | loss: 3.558982 | lrm: 0.37 | dt: 747.29ms | tok/sec: 71,939 | bf16_mfu: 0.00 | epoch: 1 pq: 3 rg: 20 | total time: 29.40m | eta: 8.2m
step 02983/03814 (78.21%) | loss: 3.560286 | lrm: 0.37 | dt: 591.86ms | tok/sec: 90,831 | bf16_mfu: 0.00 | epoch: 1 pq: 3 rg: 20 | total time: 29.41m | eta: 8.2m
step 02984/03814 (78.24%) | loss: 3.553271 | lrm: 0.37 | dt: 582.27ms | tok/sec: 92,328 | bf16_mfu: 0.00 | epoch: 1 pq: 3 rg: 20 | total time: 29.42m | eta: 8.2m
step 02985/03814 (78.26%) | loss: 3.557053 | lrm: 0.37 | dt: 599.50ms | tok/sec: 89,674 | bf16_mfu: 0.00 | epoch: 1 pq: 3 rg: 20 | total time: 29.43m | eta: 8.2m
step 02986/03814 (78.29%) | loss: 3.538929 | lrm: 0.37 | dt: 588.44ms | tok/sec: 91,360 | bf16_mfu: 0.00 | epoch: 1 pq: 3 rg: 20 | total time: 29.43m | eta: 8.2m
step 02987/03814 (78.32%) | loss: 3.526154 | lrm: 0.37 | dt: 589.86ms | tok/sec: 91,140 | bf16_mfu: 0.00 | epoch: 1 pq: 3 rg: 21 | total time: 29.44m | eta: 8.2m
step 02988/03814 (78.34%) | loss: 3.533794 | lrm: 0.37 | dt: 588.27ms | tok/sec: 91,387 | bf16_mfu: 0.00 | epoch: 1 pq: 3 rg: 21 | total time: 29.45m | eta: 8.2m
step 02989/03814 (78.37%) | loss: 3.535089 | lrm: 0.37 | dt: 627.45ms | tok/sec: 85,680 | bf16_mfu: 0.00 | epoch: 1 pq: 3 rg: 21 | total time: 29.47m | eta: 8.2m
step 02990/03814 (78.40%) | loss: 3.553970 | lrm: 0.37 | dt: 588.22ms | tok/sec: 91,394 | bf16_mfu: 0.00 | epoch: 1 pq: 3 rg: 21 | total time: 29.47m | eta: 8.2m
step 02991/03814 (78.42%) | loss: 3.555359 | lrm: 0.37 | dt: 587.51ms | tok/sec: 91,505 | bf16_mfu: 0.00 | epoch: 1 pq: 3 rg: 21 | total time: 29.48m | eta: 8.1m
step 02992/03814 (78.45%) | loss: 3.538567 | lrm: 0.37 | dt: 590.49ms | tok/sec: 91,042 | bf16_mfu: 0.00 | epoch: 1 pq: 3 rg: 21 | total time: 29.49m | eta: 8.1m
step 02993/03814 (78.47%) | loss: 3.537667 | lrm: 0.36 | dt: 585.72ms | tok/sec: 91,784 | bf16_mfu: 0.00 | epoch: 1 pq: 3 rg: 21 | total time: 29.50m | eta: 8.1m
step 02994/03814 (78.50%) | loss: 3.546380 | lrm: 0.36 | dt: 589.27ms | tok/sec: 91,231 | bf16_mfu: 0.00 | epoch: 1 pq: 3 rg: 21 | total time: 29.51m | eta: 8.1m
step 02995/03814 (78.53%) | loss: 3.546916 | lrm: 0.36 | dt: 589.00ms | tok/sec: 91,273 | bf16_mfu: 0.00 | epoch: 1 pq: 3 rg: 21 | total time: 29.52m | eta: 8.1m
step 02996/03814 (78.55%) | loss: 3.546306 | lrm: 0.36 | dt: 587.27ms | tok/sec: 91,542 | bf16_mfu: 0.00 | epoch: 1 pq: 3 rg: 21 | total time: 29.53m | eta: 8.1m
step 02997/03814 (78.58%) | loss: 3.541585 | lrm: 0.36 | dt: 591.14ms | tok/sec: 90,943 | bf16_mfu: 0.00 | epoch: 1 pq: 3 rg: 21 | total time: 29.54m | eta: 8.1m
step 02998/03814 (78.61%) | loss: 3.559492 | lrm: 0.36 | dt: 611.95ms | tok/sec: 87,850 | bf16_mfu: 0.00 | epoch: 1 pq: 3 rg: 22 | total time: 29.55m | eta: 8.1m
step 02999/03814 (78.63%) | loss: 3.582342 | lrm: 0.36 | dt: 589.33ms | tok/sec: 91,221 | bf16_mfu: 0.00 | epoch: 1 pq: 3 rg: 22 | total time: 29.56m | eta: 8.1m
Step 03000 | Validation bpb: 0.798322
step 03000/03814 (78.66%) | loss: 3.570035 | lrm: 0.36 | dt: 586.30ms | tok/sec: 91,693 | bf16_mfu: 0.00 | epoch: 1 pq: 3 rg: 22 | total time: 29.57m | eta: 8.1m
step 03001/03814 (78.68%) | loss: 3.566385 | lrm: 0.36 | dt: 569.17ms | tok/sec: 94,452 | bf16_mfu: 0.00 | epoch: 1 pq: 3 rg: 22 | total time: 29.58m | eta: 8.0m
step 03002/03814 (78.71%) | loss: 3.562068 | lrm: 0.36 | dt: 570.24ms | tok/sec: 94,276 | bf16_mfu: 0.00 | epoch: 1 pq: 3 rg: 22 | total time: 29.59m | eta: 8.0m
step 03003/03814 (78.74%) | loss: 3.551520 | lrm: 0.36 | dt: 580.33ms | tok/sec: 92,637 | bf16_mfu: 0.00 | epoch: 1 pq: 3 rg: 22 | total time: 29.60m | eta: 8.0m
step 03004/03814 (78.76%) | loss: 3.532071 | lrm: 0.36 | dt: 571.98ms | tok/sec: 93,988 | bf16_mfu: 0.00 | epoch: 1 pq: 3 rg: 22 | total time: 29.61m | eta: 8.0m
step 03005/03814 (78.79%) | loss: 3.522184 | lrm: 0.36 | dt: 582.22ms | tok/sec: 92,335 | bf16_mfu: 0.00 | epoch: 1 pq: 3 rg: 22 | total time: 29.62m | eta: 8.0m
step 03006/03814 (78.81%) | loss: 3.536860 | lrm: 0.36 | dt: 587.01ms | tok/sec: 91,582 | bf16_mfu: 0.00 | epoch: 1 pq: 3 rg: 22 | total time: 29.63m | eta: 8.0m
step 03007/03814 (78.84%) | loss: 3.563233 | lrm: 0.36 | dt: 582.11ms | tok/sec: 92,353 | bf16_mfu: 0.00 | epoch: 1 pq: 3 rg: 22 | total time: 29.64m | eta: 8.0m
step 03008/03814 (78.87%) | loss: 3.554521 | lrm: 0.36 | dt: 612.92ms | tok/sec: 87,711 | bf16_mfu: 0.00 | epoch: 1 pq: 3 rg: 23 | total time: 29.65m | eta: 8.0m
step 03009/03814 (78.89%) | loss: 3.537316 | lrm: 0.36 | dt: 583.97ms | tok/sec: 92,059 | bf16_mfu: 0.00 | epoch: 1 pq: 3 rg: 23 | total time: 29.66m | eta: 8.0m
step 03010/03814 (78.92%) | loss: 3.551084 | lrm: 0.36 | dt: 810.20ms | tok/sec: 66,354 | bf16_mfu: 0.00 | epoch: 1 pq: 3 rg: 23 | total time: 29.67m | eta: 8.0m
step 03011/03814 (78.95%) | loss: 3.543392 | lrm: 0.36 | dt: 571.50ms | tok/sec: 94,068 | bf16_mfu: 0.00 | epoch: 1 pq: 3 rg: 23 | total time: 29.68m | eta: 7.9m
step 03012/03814 (78.97%) | loss: 3.548421 | lrm: 0.36 | dt: 583.44ms | tok/sec: 92,142 | bf16_mfu: 0.00 | epoch: 1 pq: 3 rg: 23 | total time: 29.69m | eta: 7.9m
step 03013/03814 (79.00%) | loss: 3.533107 | lrm: 0.36 | dt: 584.25ms | tok/sec: 92,015 | bf16_mfu: 0.00 | epoch: 1 pq: 3 rg: 23 | total time: 29.70m | eta: 7.9m
step 03014/03814 (79.02%) | loss: 3.540037 | lrm: 0.36 | dt: 575.80ms | tok/sec: 93,366 | bf16_mfu: 0.00 | epoch: 1 pq: 3 rg: 23 | total time: 29.71m | eta: 7.9m
step 03015/03814 (79.05%) | loss: 3.546975 | lrm: 0.36 | dt: 583.51ms | tok/sec: 92,132 | bf16_mfu: 0.00 | epoch: 1 pq: 3 rg: 23 | total time: 29.72m | eta: 7.9m
step 03016/03814 (79.08%) | loss: 3.535633 | lrm: 0.36 | dt: 582.78ms | tok/sec: 92,247 | bf16_mfu: 0.00 | epoch: 1 pq: 3 rg: 23 | total time: 29.73m | eta: 7.9m
step 03017/03814 (79.10%) | loss: 3.531609 | lrm: 0.36 | dt: 581.86ms | tok/sec: 92,393 | bf16_mfu: 0.00 | epoch: 1 pq: 3 rg: 23 | total time: 29.74m | eta: 7.9m
step 03018/03814 (79.13%) | loss: 3.553702 | lrm: 0.36 | dt: 578.15ms | tok/sec: 92,985 | bf16_mfu: 0.00 | epoch: 1 pq: 3 rg: 23 | total time: 29.75m | eta: 7.9m
step 03019/03814 (79.16%) | loss: 3.569011 | lrm: 0.35 | dt: 600.78ms | tok/sec: 89,483 | bf16_mfu: 0.00 | epoch: 1 pq: 3 rg: 24 | total time: 29.76m | eta: 7.9m
step 03020/03814 (79.18%) | loss: 3.563944 | lrm: 0.35 | dt: 582.89ms | tok/sec: 92,229 | bf16_mfu: 0.00 | epoch: 1 pq: 3 rg: 24 | total time: 29.77m | eta: 7.9m
step 03021/03814 (79.21%) | loss: 3.553390 | lrm: 0.35 | dt: 572.13ms | tok/sec: 93,964 | bf16_mfu: 0.00 | epoch: 1 pq: 3 rg: 24 | total time: 29.78m | eta: 7.8m
step 03022/03814 (79.23%) | loss: 3.545881 | lrm: 0.35 | dt: 590.26ms | tok/sec: 91,078 | bf16_mfu: 0.00 | epoch: 1 pq: 3 rg: 24 | total time: 29.79m | eta: 7.8m
step 03023/03814 (79.26%) | loss: 3.552484 | lrm: 0.35 | dt: 587.41ms | tok/sec: 91,520 | bf16_mfu: 0.00 | epoch: 1 pq: 3 rg: 24 | total time: 29.80m | eta: 7.8m
step 03024/03814 (79.29%) | loss: 3.538179 | lrm: 0.35 | dt: 583.89ms | tok/sec: 92,071 | bf16_mfu: 0.00 | epoch: 1 pq: 3 rg: 24 | total time: 29.81m | eta: 7.8m
step 03025/03814 (79.31%) | loss: 3.533050 | lrm: 0.35 | dt: 585.00ms | tok/sec: 91,897 | bf16_mfu: 0.00 | epoch: 1 pq: 3 rg: 24 | total time: 29.82m | eta: 7.8m
step 03026/03814 (79.34%) | loss: 3.544649 | lrm: 0.35 | dt: 585.87ms | tok/sec: 91,760 | bf16_mfu: 0.00 | epoch: 1 pq: 3 rg: 24 | total time: 29.83m | eta: 7.8m
step 03027/03814 (79.37%) | loss: 3.553148 | lrm: 0.35 | dt: 588.26ms | tok/sec: 91,387 | bf16_mfu: 0.00 | epoch: 1 pq: 3 rg: 24 | total time: 29.84m | eta: 7.8m
step 03028/03814 (79.39%) | loss: 3.540913 | lrm: 0.35 | dt: 644.18ms | tok/sec: 83,454 | bf16_mfu: 0.00 | epoch: 1 pq: 3 rg: 24 | total time: 29.85m | eta: 7.8m
step 03029/03814 (79.42%) | loss: 3.539817 | lrm: 0.35 | dt: 593.28ms | tok/sec: 90,614 | bf16_mfu: 0.00 | epoch: 1 pq: 3 rg: 24 | total time: 29.86m | eta: 7.8m
step 03030/03814 (79.44%) | loss: 3.538340 | lrm: 0.35 | dt: 624.02ms | tok/sec: 86,150 | bf16_mfu: 0.00 | epoch: 1 pq: 3 rg: 25 | total time: 29.87m | eta: 7.8m
step 03031/03814 (79.47%) | loss: 3.547222 | lrm: 0.35 | dt: 590.52ms | tok/sec: 91,037 | bf16_mfu: 0.00 | epoch: 1 pq: 3 rg: 25 | total time: 29.88m | eta: 7.7m
step 03032/03814 (79.50%) | loss: 3.544656 | lrm: 0.35 | dt: 594.51ms | tok/sec: 90,426 | bf16_mfu: 0.00 | epoch: 1 pq: 3 rg: 25 | total time: 29.89m | eta: 7.7m
step 03033/03814 (79.52%) | loss: 3.541566 | lrm: 0.35 | dt: 588.25ms | tok/sec: 91,389 | bf16_mfu: 0.00 | epoch: 1 pq: 3 rg: 25 | total time: 29.90m | eta: 7.7m
step 03034/03814 (79.55%) | loss: 3.537904 | lrm: 0.35 | dt: 592.07ms | tok/sec: 90,800 | bf16_mfu: 0.00 | epoch: 1 pq: 3 rg: 25 | total time: 29.91m | eta: 7.7m
step 03035/03814 (79.58%) | loss: 3.573727 | lrm: 0.35 | dt: 641.19ms | tok/sec: 83,843 | bf16_mfu: 0.00 | epoch: 1 pq: 3 rg: 25 | total time: 29.92m | eta: 7.7m
step 03036/03814 (79.60%) | loss: 3.593047 | lrm: 0.35 | dt: 598.87ms | tok/sec: 89,769 | bf16_mfu: 0.00 | epoch: 1 pq: 3 rg: 25 | total time: 29.93m | eta: 7.7m
step 03037/03814 (79.63%) | loss: 3.599173 | lrm: 0.35 | dt: 596.52ms | tok/sec: 90,122 | bf16_mfu: 0.00 | epoch: 1 pq: 3 rg: 25 | total time: 29.94m | eta: 7.7m
step 03038/03814 (79.65%) | loss: 3.595736 | lrm: 0.35 | dt: 593.52ms | tok/sec: 90,578 | bf16_mfu: 0.00 | epoch: 1 pq: 3 rg: 25 | total time: 29.95m | eta: 7.7m
step 03039/03814 (79.68%) | loss: 3.595639 | lrm: 0.35 | dt: 599.34ms | tok/sec: 89,698 | bf16_mfu: 0.00 | epoch: 1 pq: 3 rg: 25 | total time: 29.96m | eta: 7.7m
step 03040/03814 (79.71%) | loss: 3.584244 | lrm: 0.35 | dt: 595.00ms | tok/sec: 90,352 | bf16_mfu: 0.00 | epoch: 1 pq: 3 rg: 26 | total time: 29.97m | eta: 7.7m
step 03041/03814 (79.73%) | loss: 3.587967 | lrm: 0.35 | dt: 602.81ms | tok/sec: 89,182 | bf16_mfu: 0.00 | epoch: 1 pq: 3 rg: 26 | total time: 29.98m | eta: 7.6m
step 03042/03814 (79.76%) | loss: 3.583973 | lrm: 0.35 | dt: 606.94ms | tok/sec: 88,576 | bf16_mfu: 0.00 | epoch: 1 pq: 3 rg: 26 | total time: 29.99m | eta: 7.6m
step 03043/03814 (79.79%) | loss: 3.586172 | lrm: 0.35 | dt: 610.36ms | tok/sec: 88,078 | bf16_mfu: 0.00 | epoch: 1 pq: 3 rg: 26 | total time: 30.00m | eta: 7.6m
step 03044/03814 (79.81%) | loss: 3.638615 | lrm: 0.35 | dt: 606.83ms | tok/sec: 88,591 | bf16_mfu: 0.00 | epoch: 1 pq: 3 rg: 26 | total time: 30.01m | eta: 7.6m
step 03045/03814 (79.84%) | loss: 3.618507 | lrm: 0.34 | dt: 608.02ms | tok/sec: 88,417 | bf16_mfu: 0.00 | epoch: 1 pq: 3 rg: 26 | total time: 30.02m | eta: 7.6m
step 03046/03814 (79.86%) | loss: 3.621465 | lrm: 0.34 | dt: 603.36ms | tok/sec: 89,100 | bf16_mfu: 0.00 | epoch: 1 pq: 3 rg: 26 | total time: 30.03m | eta: 7.6m
step 03047/03814 (79.89%) | loss: 3.612684 | lrm: 0.34 | dt: 608.19ms | tok/sec: 88,394 | bf16_mfu: 0.00 | epoch: 1 pq: 3 rg: 26 | total time: 30.04m | eta: 7.6m
step 03048/03814 (79.92%) | loss: 3.610613 | lrm: 0.34 | dt: 614.06ms | tok/sec: 87,548 | bf16_mfu: 0.00 | epoch: 1 pq: 3 rg: 26 | total time: 30.05m | eta: 7.6m
step 03049/03814 (79.94%) | loss: 3.597317 | lrm: 0.34 | dt: 602.95ms | tok/sec: 89,162 | bf16_mfu: 0.00 | epoch: 1 pq: 3 rg: 26 | total time: 30.06m | eta: 7.6m
step 03050/03814 (79.97%) | loss: 3.594670 | lrm: 0.34 | dt: 607.07ms | tok/sec: 88,556 | bf16_mfu: 0.00 | epoch: 1 pq: 3 rg: 26 | total time: 30.07m | eta: 7.6m
step 03051/03814 (79.99%) | loss: 3.589656 | lrm: 0.34 | dt: 605.53ms | tok/sec: 88,781 | bf16_mfu: 0.00 | epoch: 1 pq: 3 rg: 27 | total time: 30.08m | eta: 7.5m
step 03052/03814 (80.02%) | loss: 3.582460 | lrm: 0.34 | dt: 608.19ms | tok/sec: 88,393 | bf16_mfu: 0.00 | epoch: 1 pq: 3 rg: 27 | total time: 30.09m | eta: 7.5m
step 03053/03814 (80.05%) | loss: 3.573165 | lrm: 0.34 | dt: 606.40ms | tok/sec: 88,654 | bf16_mfu: 0.00 | epoch: 1 pq: 3 rg: 27 | total time: 30.10m | eta: 7.5m
step 03054/03814 (80.07%) | loss: 3.578432 | lrm: 0.34 | dt: 608.84ms | tok/sec: 88,299 | bf16_mfu: 0.00 | epoch: 1 pq: 3 rg: 27 | total time: 30.11m | eta: 7.5m
step 03055/03814 (80.10%) | loss: 3.583976 | lrm: 0.34 | dt: 604.88ms | tok/sec: 88,876 | bf16_mfu: 0.00 | epoch: 1 pq: 3 rg: 27 | total time: 30.12m | eta: 7.5m
step 03056/03814 (80.13%) | loss: 3.552858 | lrm: 0.34 | dt: 608.07ms | tok/sec: 88,411 | bf16_mfu: 0.00 | epoch: 1 pq: 3 rg: 27 | total time: 30.13m | eta: 7.5m
step 03057/03814 (80.15%) | loss: 3.559915 | lrm: 0.34 | dt: 612.98ms | tok/sec: 87,703 | bf16_mfu: 0.00 | epoch: 1 pq: 3 rg: 27 | total time: 30.14m | eta: 7.5m
step 03058/03814 (80.18%) | loss: 3.559407 | lrm: 0.34 | dt: 603.20ms | tok/sec: 89,125 | bf16_mfu: 0.00 | epoch: 1 pq: 3 rg: 27 | total time: 30.15m | eta: 7.5m
step 03059/03814 (80.20%) | loss: 3.568330 | lrm: 0.34 | dt: 607.44ms | tok/sec: 88,502 | bf16_mfu: 0.00 | epoch: 1 pq: 3 rg: 27 | total time: 30.16m | eta: 7.5m
step 03060/03814 (80.23%) | loss: 3.569609 | lrm: 0.34 | dt: 609.52ms | tok/sec: 88,200 | bf16_mfu: 0.00 | epoch: 1 pq: 3 rg: 27 | total time: 30.17m | eta: 7.5m
step 03061/03814 (80.26%) | loss: 3.564148 | lrm: 0.34 | dt: 607.27ms | tok/sec: 88,527 | bf16_mfu: 0.00 | epoch: 1 pq: 3 rg: 27 | total time: 30.18m | eta: 7.4m
step 03062/03814 (80.28%) | loss: 3.569237 | lrm: 0.34 | dt: 606.89ms | tok/sec: 88,582 | bf16_mfu: 0.00 | epoch: 1 pq: 3 rg: 28 | total time: 30.19m | eta: 7.4m
step 03063/03814 (80.31%) | loss: 3.566064 | lrm: 0.34 | dt: 606.68ms | tok/sec: 88,613 | bf16_mfu: 0.00 | epoch: 1 pq: 3 rg: 28 | total time: 30.20m | eta: 7.4m
step 03064/03814 (80.34%) | loss: 3.548335 | lrm: 0.34 | dt: 606.86ms | tok/sec: 88,587 | bf16_mfu: 0.00 | epoch: 1 pq: 3 rg: 28 | total time: 30.21m | eta: 7.4m
step 03065/03814 (80.36%) | loss: 3.550579 | lrm: 0.34 | dt: 607.70ms | tok/sec: 88,465 | bf16_mfu: 0.00 | epoch: 1 pq: 3 rg: 28 | total time: 30.22m | eta: 7.4m
step 03066/03814 (80.39%) | loss: 3.543292 | lrm: 0.34 | dt: 606.74ms | tok/sec: 88,603 | bf16_mfu: 0.00 | epoch: 1 pq: 3 rg: 28 | total time: 30.23m | eta: 7.4m
step 03067/03814 (80.41%) | loss: 3.522902 | lrm: 0.34 | dt: 608.87ms | tok/sec: 88,294 | bf16_mfu: 0.00 | epoch: 1 pq: 3 rg: 28 | total time: 30.24m | eta: 7.4m
step 03068/03814 (80.44%) | loss: 3.530508 | lrm: 0.34 | dt: 605.68ms | tok/sec: 88,759 | bf16_mfu: 0.00 | epoch: 1 pq: 3 rg: 28 | total time: 30.25m | eta: 7.4m
step 03069/03814 (80.47%) | loss: 3.534226 | lrm: 0.34 | dt: 606.14ms | tok/sec: 88,692 | bf16_mfu: 0.00 | epoch: 1 pq: 3 rg: 28 | total time: 30.26m | eta: 7.4m
step 03070/03814 (80.49%) | loss: 3.545259 | lrm: 0.34 | dt: 609.86ms | tok/sec: 88,151 | bf16_mfu: 0.00 | epoch: 1 pq: 3 rg: 28 | total time: 30.27m | eta: 7.4m
step 03071/03814 (80.52%) | loss: 3.538027 | lrm: 0.33 | dt: 603.99ms | tok/sec: 89,007 | bf16_mfu: 0.00 | epoch: 1 pq: 3 rg: 28 | total time: 30.28m | eta: 7.4m
step 03072/03814 (80.55%) | loss: 3.531589 | lrm: 0.33 | dt: 609.25ms | tok/sec: 88,240 | bf16_mfu: 0.00 | epoch: 1 pq: 3 rg: 28 | total time: 30.29m | eta: 7.3m
step 03073/03814 (80.57%) | loss: 3.540070 | lrm: 0.33 | dt: 606.95ms | tok/sec: 88,574 | bf16_mfu: 0.00 | epoch: 1 pq: 3 rg: 29 | total time: 30.30m | eta: 7.3m
step 03074/03814 (80.60%) | loss: 3.557520 | lrm: 0.33 | dt: 607.63ms | tok/sec: 88,474 | bf16_mfu: 0.00 | epoch: 1 pq: 3 rg: 29 | total time: 30.31m | eta: 7.3m
step 03075/03814 (80.62%) | loss: 3.553924 | lrm: 0.33 | dt: 607.34ms | tok/sec: 88,516 | bf16_mfu: 0.00 | epoch: 1 pq: 3 rg: 29 | total time: 30.32m | eta: 7.3m
step 03076/03814 (80.65%) | loss: 3.547613 | lrm: 0.33 | dt: 607.91ms | tok/sec: 88,434 | bf16_mfu: 0.00 | epoch: 1 pq: 3 rg: 29 | total time: 30.33m | eta: 7.3m
step 03077/03814 (80.68%) | loss: 3.539460 | lrm: 0.33 | dt: 607.52ms | tok/sec: 88,490 | bf16_mfu: 0.00 | epoch: 1 pq: 3 rg: 29 | total time: 30.34m | eta: 7.3m
step 03078/03814 (80.70%) | loss: 3.545706 | lrm: 0.33 | dt: 606.80ms | tok/sec: 88,595 | bf16_mfu: 0.00 | epoch: 1 pq: 3 rg: 29 | total time: 30.35m | eta: 7.3m
step 03079/03814 (80.73%) | loss: 3.547667 | lrm: 0.33 | dt: 606.74ms | tok/sec: 88,604 | bf16_mfu: 0.00 | epoch: 1 pq: 3 rg: 29 | total time: 30.36m | eta: 7.3m
step 03080/03814 (80.76%) | loss: 3.545545 | lrm: 0.33 | dt: 607.18ms | tok/sec: 88,539 | bf16_mfu: 0.00 | epoch: 1 pq: 3 rg: 29 | total time: 30.38m | eta: 7.3m
step 03081/03814 (80.78%) | loss: 3.543718 | lrm: 0.33 | dt: 608.96ms | tok/sec: 88,282 | bf16_mfu: 0.00 | epoch: 1 pq: 3 rg: 29 | total time: 30.39m | eta: 7.3m
step 03082/03814 (80.81%) | loss: 3.578395 | lrm: 0.33 | dt: 608.92ms | tok/sec: 88,287 | bf16_mfu: 0.00 | epoch: 1 pq: 3 rg: 29 | total time: 30.40m | eta: 7.2m
step 03083/03814 (80.83%) | loss: 3.556929 | lrm: 0.33 | dt: 607.69ms | tok/sec: 88,466 | bf16_mfu: 0.00 | epoch: 1 pq: 3 rg: 30 | total time: 30.41m | eta: 7.2m
step 03084/03814 (80.86%) | loss: 3.537961 | lrm: 0.33 | dt: 608.38ms | tok/sec: 88,366 | bf16_mfu: 0.00 | epoch: 1 pq: 3 rg: 30 | total time: 30.42m | eta: 7.2m
step 03085/03814 (80.89%) | loss: 3.518924 | lrm: 0.33 | dt: 605.61ms | tok/sec: 88,769 | bf16_mfu: 0.00 | epoch: 1 pq: 3 rg: 30 | total time: 30.43m | eta: 7.2m
step 03086/03814 (80.91%) | loss: 3.525501 | lrm: 0.33 | dt: 604.49ms | tok/sec: 88,933 | bf16_mfu: 0.00 | epoch: 1 pq: 3 rg: 30 | total time: 30.44m | eta: 7.2m
step 03087/03814 (80.94%) | loss: 3.525519 | lrm: 0.33 | dt: 596.85ms | tok/sec: 90,072 | bf16_mfu: 0.00 | epoch: 1 pq: 3 rg: 30 | total time: 30.45m | eta: 7.2m
step 03088/03814 (80.96%) | loss: 3.524192 | lrm: 0.33 | dt: 604.66ms | tok/sec: 88,909 | bf16_mfu: 0.00 | epoch: 1 pq: 3 rg: 30 | total time: 30.46m | eta: 7.2m
step 03089/03814 (80.99%) | loss: 3.513933 | lrm: 0.33 | dt: 605.31ms | tok/sec: 88,813 | bf16_mfu: 0.00 | epoch: 1 pq: 3 rg: 30 | total time: 30.47m | eta: 7.2m
step 03090/03814 (81.02%) | loss: 3.506603 | lrm: 0.33 | dt: 606.42ms | tok/sec: 88,651 | bf16_mfu: 0.00 | epoch: 1 pq: 3 rg: 30 | total time: 30.48m | eta: 7.2m
step 03091/03814 (81.04%) | loss: 3.506393 | lrm: 0.33 | dt: 598.05ms | tok/sec: 89,891 | bf16_mfu: 0.00 | epoch: 1 pq: 3 rg: 30 | total time: 30.49m | eta: 7.2m
step 03092/03814 (81.07%) | loss: 3.491734 | lrm: 0.33 | dt: 600.76ms | tok/sec: 89,486 | bf16_mfu: 0.00 | epoch: 1 pq: 3 rg: 30 | total time: 30.50m | eta: 7.1m
step 03093/03814 (81.10%) | loss: 3.479973 | lrm: 0.33 | dt: 593.98ms | tok/sec: 90,508 | bf16_mfu: 0.00 | epoch: 1 pq: 3 rg: 30 | total time: 30.51m | eta: 7.1m
step 03094/03814 (81.12%) | loss: 3.496562 | lrm: 0.33 | dt: 598.10ms | tok/sec: 89,884 | bf16_mfu: 0.00 | epoch: 1 pq: 3 rg: 31 | total time: 30.52m | eta: 7.1m
step 03095/03814 (81.15%) | loss: 3.486323 | lrm: 0.33 | dt: 590.29ms | tok/sec: 91,074 | bf16_mfu: 0.00 | epoch: 1 pq: 3 rg: 31 | total time: 30.53m | eta: 7.1m
step 03096/03814 (81.17%) | loss: 3.480863 | lrm: 0.33 | dt: 592.28ms | tok/sec: 90,767 | bf16_mfu: 0.00 | epoch: 1 pq: 3 rg: 31 | total time: 30.54m | eta: 7.1m
step 03097/03814 (81.20%) | loss: 3.490789 | lrm: 0.32 | dt: 588.42ms | tok/sec: 91,362 | bf16_mfu: 0.00 | epoch: 1 pq: 3 rg: 31 | total time: 30.55m | eta: 7.1m
step 03098/03814 (81.23%) | loss: 3.473974 | lrm: 0.32 | dt: 597.69ms | tok/sec: 89,945 | bf16_mfu: 0.00 | epoch: 1 pq: 3 rg: 31 | total time: 30.56m | eta: 7.1m
step 03099/03814 (81.25%) | loss: 3.466926 | lrm: 0.32 | dt: 588.01ms | tok/sec: 91,426 | bf16_mfu: 0.00 | epoch: 1 pq: 3 rg: 31 | total time: 30.57m | eta: 7.1m
step 03100/03814 (81.28%) | loss: 3.466209 | lrm: 0.32 | dt: 577.34ms | tok/sec: 93,117 | bf16_mfu: 0.00 | epoch: 1 pq: 3 rg: 31 | total time: 30.57m | eta: 7.1m
step 03101/03814 (81.31%) | loss: 3.484496 | lrm: 0.32 | dt: 589.12ms | tok/sec: 91,254 | bf16_mfu: 0.00 | epoch: 1 pq: 3 rg: 31 | total time: 30.58m | eta: 7.1m
step 03102/03814 (81.33%) | loss: 3.503577 | lrm: 0.32 | dt: 589.83ms | tok/sec: 91,145 | bf16_mfu: 0.00 | epoch: 1 pq: 3 rg: 31 | total time: 30.59m | eta: 7.0m
step 03103/03814 (81.36%) | loss: 3.492871 | lrm: 0.32 | dt: 589.57ms | tok/sec: 91,185 | bf16_mfu: 0.00 | epoch: 1 pq: 3 rg: 31 | total time: 30.60m | eta: 7.0m
step 03104/03814 (81.38%) | loss: 3.488507 | lrm: 0.32 | dt: 594.79ms | tok/sec: 90,384 | bf16_mfu: 0.00 | epoch: 1 pq: 3 rg: 31 | total time: 30.61m | eta: 7.0m
step 03105/03814 (81.41%) | loss: 3.481463 | lrm: 0.32 | dt: 584.24ms | tok/sec: 92,016 | bf16_mfu: 0.00 | epoch: 1 pq: 3 rg: 32 | total time: 30.62m | eta: 7.0m
step 03106/03814 (81.44%) | loss: 3.481826 | lrm: 0.32 | dt: 579.19ms | tok/sec: 92,819 | bf16_mfu: 0.00 | epoch: 1 pq: 3 rg: 32 | total time: 30.63m | eta: 7.0m
step 03107/03814 (81.46%) | loss: 3.478993 | lrm: 0.32 | dt: 585.20ms | tok/sec: 91,865 | bf16_mfu: 0.00 | epoch: 1 pq: 3 rg: 32 | total time: 30.64m | eta: 7.0m
step 03108/03814 (81.49%) | loss: 3.485422 | lrm: 0.32 | dt: 587.66ms | tok/sec: 91,481 | bf16_mfu: 0.00 | epoch: 1 pq: 3 rg: 32 | total time: 30.65m | eta: 7.0m
step 03109/03814 (81.52%) | loss: 3.505393 | lrm: 0.32 | dt: 586.97ms | tok/sec: 91,589 | bf16_mfu: 0.00 | epoch: 1 pq: 3 rg: 32 | total time: 30.66m | eta: 7.0m
step 03110/03814 (81.54%) | loss: 3.499291 | lrm: 0.32 | dt: 588.66ms | tok/sec: 91,326 | bf16_mfu: 0.00 | epoch: 1 pq: 3 rg: 32 | total time: 30.67m | eta: 7.0m
step 03111/03814 (81.57%) | loss: 3.484139 | lrm: 0.32 | dt: 587.42ms | tok/sec: 91,519 | bf16_mfu: 0.00 | epoch: 1 pq: 3 rg: 32 | total time: 30.68m | eta: 7.0m
step 03112/03814 (81.59%) | loss: 3.501553 | lrm: 0.32 | dt: 586.35ms | tok/sec: 91,685 | bf16_mfu: 0.00 | epoch: 1 pq: 3 rg: 32 | total time: 30.69m | eta: 6.9m
step 03113/03814 (81.62%) | loss: 3.517907 | lrm: 0.32 | dt: 586.77ms | tok/sec: 91,620 | bf16_mfu: 0.00 | epoch: 1 pq: 3 rg: 32 | total time: 30.70m | eta: 6.9m
step 03114/03814 (81.65%) | loss: 3.517328 | lrm: 0.32 | dt: 587.62ms | tok/sec: 91,488 | bf16_mfu: 0.00 | epoch: 1 pq: 3 rg: 32 | total time: 30.71m | eta: 6.9m
step 03115/03814 (81.67%) | loss: 3.506988 | lrm: 0.32 | dt: 587.39ms | tok/sec: 91,522 | bf16_mfu: 0.00 | epoch: 1 pq: 3 rg: 32 | total time: 30.72m | eta: 6.9m
step 03116/03814 (81.70%) | loss: 3.510526 | lrm: 0.32 | dt: 584.27ms | tok/sec: 92,012 | bf16_mfu: 0.00 | epoch: 1 pq: 3 rg: 33 | total time: 30.73m | eta: 6.9m
step 03117/03814 (81.73%) | loss: 3.508705 | lrm: 0.32 | dt: 588.31ms | tok/sec: 91,381 | bf16_mfu: 0.00 | epoch: 1 pq: 3 rg: 33 | total time: 30.74m | eta: 6.9m
step 03118/03814 (81.75%) | loss: 3.506453 | lrm: 0.32 | dt: 585.64ms | tok/sec: 91,797 | bf16_mfu: 0.00 | epoch: 1 pq: 3 rg: 33 | total time: 30.75m | eta: 6.9m
step 03119/03814 (81.78%) | loss: 3.493628 | lrm: 0.32 | dt: 586.41ms | tok/sec: 91,676 | bf16_mfu: 0.00 | epoch: 1 pq: 3 rg: 33 | total time: 30.76m | eta: 6.9m
step 03120/03814 (81.80%) | loss: 3.490556 | lrm: 0.32 | dt: 587.74ms | tok/sec: 91,468 | bf16_mfu: 0.00 | epoch: 1 pq: 3 rg: 33 | total time: 30.77m | eta: 6.9m
step 03121/03814 (81.83%) | loss: 3.509235 | lrm: 0.32 | dt: 585.02ms | tok/sec: 91,894 | bf16_mfu: 0.00 | epoch: 1 pq: 3 rg: 33 | total time: 30.78m | eta: 6.9m
step 03122/03814 (81.86%) | loss: 3.505959 | lrm: 0.32 | dt: 583.94ms | tok/sec: 92,064 | bf16_mfu: 0.00 | epoch: 1 pq: 3 rg: 33 | total time: 30.79m | eta: 6.8m
step 03123/03814 (81.88%) | loss: 3.498521 | lrm: 0.31 | dt: 573.32ms | tok/sec: 93,770 | bf16_mfu: 0.00 | epoch: 1 pq: 3 rg: 33 | total time: 30.80m | eta: 6.8m
step 03124/03814 (81.91%) | loss: 3.501730 | lrm: 0.31 | dt: 586.18ms | tok/sec: 91,711 | bf16_mfu: 0.00 | epoch: 1 pq: 3 rg: 33 | total time: 30.81m | eta: 6.8m
step 03125/03814 (81.93%) | loss: 3.486097 | lrm: 0.31 | dt: 588.29ms | tok/sec: 91,383 | bf16_mfu: 0.00 | epoch: 1 pq: 3 rg: 33 | total time: 30.82m | eta: 6.8m
step 03126/03814 (81.96%) | loss: 3.488525 | lrm: 0.31 | dt: 587.42ms | tok/sec: 91,519 | bf16_mfu: 0.00 | epoch: 1 pq: 3 rg: 34 | total time: 30.83m | eta: 6.8m
step 03127/03814 (81.99%) | loss: 3.488475 | lrm: 0.31 | dt: 587.51ms | tok/sec: 91,504 | bf16_mfu: 0.00 | epoch: 1 pq: 3 rg: 34 | total time: 30.84m | eta: 6.8m
step 03128/03814 (82.01%) | loss: 3.492754 | lrm: 0.31 | dt: 585.11ms | tok/sec: 91,880 | bf16_mfu: 0.00 | epoch: 1 pq: 3 rg: 34 | total time: 30.85m | eta: 6.8m
step 03129/03814 (82.04%) | loss: 3.506767 | lrm: 0.31 | dt: 588.59ms | tok/sec: 91,336 | bf16_mfu: 0.00 | epoch: 1 pq: 3 rg: 34 | total time: 30.86m | eta: 6.8m
step 03130/03814 (82.07%) | loss: 3.504756 | lrm: 0.31 | dt: 586.54ms | tok/sec: 91,655 | bf16_mfu: 0.00 | epoch: 1 pq: 3 rg: 34 | total time: 30.87m | eta: 6.8m
step 03131/03814 (82.09%) | loss: 3.491954 | lrm: 0.31 | dt: 585.72ms | tok/sec: 91,785 | bf16_mfu: 0.00 | epoch: 1 pq: 3 rg: 34 | total time: 30.88m | eta: 6.8m
step 03132/03814 (82.12%) | loss: 3.492482 | lrm: 0.31 | dt: 578.95ms | tok/sec: 92,858 | bf16_mfu: 0.00 | epoch: 1 pq: 3 rg: 34 | total time: 30.89m | eta: 6.7m
step 03133/03814 (82.14%) | loss: 3.498871 | lrm: 0.31 | dt: 577.31ms | tok/sec: 93,121 | bf16_mfu: 0.00 | epoch: 1 pq: 3 rg: 34 | total time: 30.90m | eta: 6.7m
step 03134/03814 (82.17%) | loss: 3.506448 | lrm: 0.31 | dt: 586.42ms | tok/sec: 91,674 | bf16_mfu: 0.00 | epoch: 1 pq: 3 rg: 34 | total time: 30.91m | eta: 6.7m
step 03135/03814 (82.20%) | loss: 3.499437 | lrm: 0.31 | dt: 587.90ms | tok/sec: 91,444 | bf16_mfu: 0.00 | epoch: 1 pq: 3 rg: 34 | total time: 30.92m | eta: 6.7m
step 03136/03814 (82.22%) | loss: 3.513074 | lrm: 0.31 | dt: 585.33ms | tok/sec: 91,845 | bf16_mfu: 0.00 | epoch: 1 pq: 3 rg: 34 | total time: 30.93m | eta: 6.7m
step 03137/03814 (82.25%) | loss: 3.510428 | lrm: 0.31 | dt: 621.06ms | tok/sec: 86,561 | bf16_mfu: 0.00 | epoch: 1 pq: 3 rg: 35 | total time: 30.94m | eta: 6.7m
step 03138/03814 (82.28%) | loss: 3.507302 | lrm: 0.31 | dt: 577.28ms | tok/sec: 93,126 | bf16_mfu: 0.00 | epoch: 1 pq: 3 rg: 35 | total time: 30.95m | eta: 6.7m
step 03139/03814 (82.30%) | loss: 3.523409 | lrm: 0.31 | dt: 598.85ms | tok/sec: 89,771 | bf16_mfu: 0.00 | epoch: 1 pq: 3 rg: 35 | total time: 30.96m | eta: 6.7m
step 03140/03814 (82.33%) | loss: 3.526278 | lrm: 0.31 | dt: 578.88ms | tok/sec: 92,869 | bf16_mfu: 0.00 | epoch: 1 pq: 3 rg: 35 | total time: 30.97m | eta: 6.7m
step 03141/03814 (82.35%) | loss: 3.537230 | lrm: 0.31 | dt: 579.27ms | tok/sec: 92,806 | bf16_mfu: 0.00 | epoch: 1 pq: 3 rg: 35 | total time: 30.98m | eta: 6.7m
step 03142/03814 (82.38%) | loss: 3.528969 | lrm: 0.31 | dt: 587.02ms | tok/sec: 91,581 | bf16_mfu: 0.00 | epoch: 1 pq: 3 rg: 35 | total time: 30.99m | eta: 6.6m
step 03143/03814 (82.41%) | loss: 3.531229 | lrm: 0.31 | dt: 584.86ms | tok/sec: 91,919 | bf16_mfu: 0.00 | epoch: 1 pq: 3 rg: 35 | total time: 31.00m | eta: 6.6m
step 03144/03814 (82.43%) | loss: 3.525735 | lrm: 0.31 | dt: 584.43ms | tok/sec: 91,986 | bf16_mfu: 0.00 | epoch: 1 pq: 3 rg: 35 | total time: 31.00m | eta: 6.6m
step 03145/03814 (82.46%) | loss: 3.525297 | lrm: 0.31 | dt: 590.99ms | tok/sec: 90,966 | bf16_mfu: 0.00 | epoch: 1 pq: 3 rg: 35 | total time: 31.01m | eta: 6.6m
step 03146/03814 (82.49%) | loss: 3.513550 | lrm: 0.31 | dt: 586.60ms | tok/sec: 91,647 | bf16_mfu: 0.00 | epoch: 1 pq: 3 rg: 35 | total time: 31.02m | eta: 6.6m
step 03147/03814 (82.51%) | loss: 3.520773 | lrm: 0.31 | dt: 586.31ms | tok/sec: 91,691 | bf16_mfu: 0.00 | epoch: 1 pq: 3 rg: 35 | total time: 31.03m | eta: 6.6m
step 03148/03814 (82.54%) | loss: 3.513255 | lrm: 0.31 | dt: 587.20ms | tok/sec: 91,553 | bf16_mfu: 0.00 | epoch: 1 pq: 3 rg: 36 | total time: 31.04m | eta: 6.6m
step 03149/03814 (82.56%) | loss: 3.525714 | lrm: 0.30 | dt: 587.81ms | tok/sec: 91,457 | bf16_mfu: 0.00 | epoch: 1 pq: 3 rg: 36 | total time: 31.05m | eta: 6.6m
step 03150/03814 (82.59%) | loss: 3.518186 | lrm: 0.30 | dt: 591.34ms | tok/sec: 90,911 | bf16_mfu: 0.00 | epoch: 1 pq: 3 rg: 36 | total time: 31.06m | eta: 6.6m
step 03151/03814 (82.62%) | loss: 3.517541 | lrm: 0.30 | dt: 587.11ms | tok/sec: 91,566 | bf16_mfu: 0.00 | epoch: 1 pq: 3 rg: 36 | total time: 31.07m | eta: 6.6m
step 03152/03814 (82.64%) | loss: 3.541469 | lrm: 0.30 | dt: 585.50ms | tok/sec: 91,818 | bf16_mfu: 0.00 | epoch: 1 pq: 3 rg: 36 | total time: 31.08m | eta: 6.5m
step 03153/03814 (82.67%) | loss: 3.549562 | lrm: 0.30 | dt: 587.13ms | tok/sec: 91,564 | bf16_mfu: 0.00 | epoch: 1 pq: 3 rg: 36 | total time: 31.09m | eta: 6.5m
step 03154/03814 (82.70%) | loss: 3.534551 | lrm: 0.30 | dt: 585.96ms | tok/sec: 91,746 | bf16_mfu: 0.00 | epoch: 1 pq: 3 rg: 36 | total time: 31.10m | eta: 6.5m
step 03155/03814 (82.72%) | loss: 3.527307 | lrm: 0.30 | dt: 587.19ms | tok/sec: 91,555 | bf16_mfu: 0.00 | epoch: 1 pq: 3 rg: 36 | total time: 31.11m | eta: 6.5m
step 03156/03814 (82.75%) | loss: 3.539359 | lrm: 0.30 | dt: 586.31ms | tok/sec: 91,692 | bf16_mfu: 0.00 | epoch: 1 pq: 3 rg: 36 | total time: 31.12m | eta: 6.5m
step 03157/03814 (82.77%) | loss: 3.554104 | lrm: 0.30 | dt: 587.06ms | tok/sec: 91,575 | bf16_mfu: 0.00 | epoch: 1 pq: 3 rg: 36 | total time: 31.13m | eta: 6.5m
step 03158/03814 (82.80%) | loss: 3.548696 | lrm: 0.30 | dt: 586.92ms | tok/sec: 91,596 | bf16_mfu: 0.00 | epoch: 1 pq: 3 rg: 36 | total time: 31.14m | eta: 6.5m
step 03159/03814 (82.83%) | loss: 3.547028 | lrm: 0.30 | dt: 585.32ms | tok/sec: 91,846 | bf16_mfu: 0.00 | epoch: 1 pq: 3 rg: 37 | total time: 31.15m | eta: 6.5m
step 03160/03814 (82.85%) | loss: 3.552532 | lrm: 0.30 | dt: 587.06ms | tok/sec: 91,574 | bf16_mfu: 0.00 | epoch: 1 pq: 3 rg: 37 | total time: 31.16m | eta: 6.5m
step 03161/03814 (82.88%) | loss: 3.550288 | lrm: 0.30 | dt: 586.91ms | tok/sec: 91,598 | bf16_mfu: 0.00 | epoch: 1 pq: 3 rg: 37 | total time: 31.17m | eta: 6.5m
step 03162/03814 (82.91%) | loss: 3.549952 | lrm: 0.30 | dt: 587.97ms | tok/sec: 91,433 | bf16_mfu: 0.00 | epoch: 1 pq: 3 rg: 37 | total time: 31.18m | eta: 6.4m
step 03163/03814 (82.93%) | loss: 3.539928 | lrm: 0.30 | dt: 590.78ms | tok/sec: 90,998 | bf16_mfu: 0.00 | epoch: 1 pq: 3 rg: 37 | total time: 31.19m | eta: 6.4m
step 03164/03814 (82.96%) | loss: 3.557090 | lrm: 0.30 | dt: 587.89ms | tok/sec: 91,445 | bf16_mfu: 0.00 | epoch: 1 pq: 3 rg: 37 | total time: 31.20m | eta: 6.4m
step 03165/03814 (82.98%) | loss: 3.542082 | lrm: 0.30 | dt: 582.29ms | tok/sec: 92,325 | bf16_mfu: 0.00 | epoch: 1 pq: 3 rg: 37 | total time: 31.21m | eta: 6.4m
step 03166/03814 (83.01%) | loss: 3.531713 | lrm: 0.30 | dt: 590.75ms | tok/sec: 91,003 | bf16_mfu: 0.00 | epoch: 1 pq: 3 rg: 37 | total time: 31.22m | eta: 6.4m
step 03167/03814 (83.04%) | loss: 3.524628 | lrm: 0.30 | dt: 591.41ms | tok/sec: 90,901 | bf16_mfu: 0.00 | epoch: 1 pq: 3 rg: 37 | total time: 31.23m | eta: 6.4m
step 03168/03814 (83.06%) | loss: 3.524610 | lrm: 0.30 | dt: 585.31ms | tok/sec: 91,848 | bf16_mfu: 0.00 | epoch: 1 pq: 3 rg: 37 | total time: 31.24m | eta: 6.4m
step 03169/03814 (83.09%) | loss: 3.522221 | lrm: 0.30 | dt: 649.10ms | tok/sec: 82,821 | bf16_mfu: 0.00 | epoch: 1 pq: 3 rg: 38 | total time: 31.25m | eta: 6.4m
step 03170/03814 (83.11%) | loss: 3.524349 | lrm: 0.30 | dt: 586.83ms | tok/sec: 91,611 | bf16_mfu: 0.00 | epoch: 1 pq: 3 rg: 38 | total time: 31.26m | eta: 6.4m
step 03171/03814 (83.14%) | loss: 3.522066 | lrm: 0.30 | dt: 592.91ms | tok/sec: 90,671 | bf16_mfu: 0.00 | epoch: 1 pq: 3 rg: 38 | total time: 31.27m | eta: 6.4m
step 03172/03814 (83.17%) | loss: 3.546483 | lrm: 0.30 | dt: 590.16ms | tok/sec: 91,093 | bf16_mfu: 0.00 | epoch: 1 pq: 3 rg: 38 | total time: 31.28m | eta: 6.4m
step 03173/03814 (83.19%) | loss: 3.556326 | lrm: 0.30 | dt: 589.45ms | tok/sec: 91,204 | bf16_mfu: 0.00 | epoch: 1 pq: 3 rg: 38 | total time: 31.29m | eta: 6.3m
step 03174/03814 (83.22%) | loss: 3.549903 | lrm: 0.30 | dt: 586.87ms | tok/sec: 91,604 | bf16_mfu: 0.00 | epoch: 1 pq: 3 rg: 38 | total time: 31.30m | eta: 6.3m
step 03175/03814 (83.25%) | loss: 3.553692 | lrm: 0.29 | dt: 589.97ms | tok/sec: 91,123 | bf16_mfu: 0.00 | epoch: 1 pq: 3 rg: 38 | total time: 31.31m | eta: 6.3m
step 03176/03814 (83.27%) | loss: 3.565595 | lrm: 0.29 | dt: 598.58ms | tok/sec: 89,812 | bf16_mfu: 0.00 | epoch: 1 pq: 3 rg: 38 | total time: 31.32m | eta: 6.3m
step 03177/03814 (83.30%) | loss: 3.587591 | lrm: 0.29 | dt: 591.70ms | tok/sec: 90,856 | bf16_mfu: 0.00 | epoch: 1 pq: 3 rg: 38 | total time: 31.33m | eta: 6.3m
step 03178/03814 (83.32%) | loss: 3.583851 | lrm: 0.29 | dt: 587.04ms | tok/sec: 91,577 | bf16_mfu: 0.00 | epoch: 1 pq: 3 rg: 38 | total time: 31.34m | eta: 6.3m
step 03179/03814 (83.35%) | loss: 3.575251 | lrm: 0.29 | dt: 586.59ms | tok/sec: 91,648 | bf16_mfu: 0.00 | epoch: 1 pq: 3 rg: 38 | total time: 31.35m | eta: 6.3m
step 03180/03814 (83.38%) | loss: 3.558975 | lrm: 0.29 | dt: 588.27ms | tok/sec: 91,386 | bf16_mfu: 0.00 | epoch: 1 pq: 3 rg: 39 | total time: 31.36m | eta: 6.3m
step 03181/03814 (83.40%) | loss: 3.551219 | lrm: 0.29 | dt: 589.95ms | tok/sec: 91,126 | bf16_mfu: 0.00 | epoch: 1 pq: 3 rg: 39 | total time: 31.37m | eta: 6.3m
step 03182/03814 (83.43%) | loss: 3.539462 | lrm: 0.29 | dt: 596.17ms | tok/sec: 90,175 | bf16_mfu: 0.00 | epoch: 1 pq: 3 rg: 39 | total time: 31.38m | eta: 6.3m
step 03183/03814 (83.46%) | loss: 3.551517 | lrm: 0.29 | dt: 579.21ms | tok/sec: 92,815 | bf16_mfu: 0.00 | epoch: 1 pq: 3 rg: 39 | total time: 31.39m | eta: 6.2m
step 03184/03814 (83.48%) | loss: 3.547779 | lrm: 0.29 | dt: 596.66ms | tok/sec: 90,100 | bf16_mfu: 0.00 | epoch: 1 pq: 3 rg: 39 | total time: 31.40m | eta: 6.2m
step 03185/03814 (83.51%) | loss: 3.530729 | lrm: 0.29 | dt: 592.48ms | tok/sec: 90,737 | bf16_mfu: 0.00 | epoch: 1 pq: 3 rg: 39 | total time: 31.41m | eta: 6.2m
step 03186/03814 (83.53%) | loss: 3.533291 | lrm: 0.29 | dt: 590.46ms | tok/sec: 91,048 | bf16_mfu: 0.00 | epoch: 1 pq: 3 rg: 39 | total time: 31.42m | eta: 6.2m
step 03187/03814 (83.56%) | loss: 3.546002 | lrm: 0.29 | dt: 600.35ms | tok/sec: 89,547 | bf16_mfu: 0.00 | epoch: 1 pq: 3 rg: 39 | total time: 31.43m | eta: 6.2m
step 03188/03814 (83.59%) | loss: 3.536645 | lrm: 0.29 | dt: 591.69ms | tok/sec: 90,857 | bf16_mfu: 0.00 | epoch: 1 pq: 3 rg: 39 | total time: 31.44m | eta: 6.2m
step 03189/03814 (83.61%) | loss: 3.540352 | lrm: 0.29 | dt: 599.72ms | tok/sec: 89,641 | bf16_mfu: 0.00 | epoch: 1 pq: 3 rg: 39 | total time: 31.45m | eta: 6.2m
step 03190/03814 (83.64%) | loss: 3.539823 | lrm: 0.29 | dt: 592.39ms | tok/sec: 90,751 | bf16_mfu: 0.00 | epoch: 1 pq: 3 rg: 40 | total time: 31.46m | eta: 6.2m
step 03191/03814 (83.67%) | loss: 3.536140 | lrm: 0.29 | dt: 589.59ms | tok/sec: 91,181 | bf16_mfu: 0.00 | epoch: 1 pq: 3 rg: 40 | total time: 31.47m | eta: 6.2m
step 03192/03814 (83.69%) | loss: 3.519926 | lrm: 0.29 | dt: 587.69ms | tok/sec: 91,476 | bf16_mfu: 0.00 | epoch: 1 pq: 3 rg: 40 | total time: 31.48m | eta: 6.2m
step 03193/03814 (83.72%) | loss: 3.517681 | lrm: 0.29 | dt: 590.39ms | tok/sec: 91,058 | bf16_mfu: 0.00 | epoch: 1 pq: 3 rg: 40 | total time: 31.49m | eta: 6.1m
step 03194/03814 (83.74%) | loss: 3.496156 | lrm: 0.29 | dt: 599.85ms | tok/sec: 89,622 | bf16_mfu: 0.00 | epoch: 1 pq: 3 rg: 40 | total time: 31.50m | eta: 6.1m
step 03195/03814 (83.77%) | loss: 3.481331 | lrm: 0.29 | dt: 594.48ms | tok/sec: 90,432 | bf16_mfu: 0.00 | epoch: 1 pq: 3 rg: 40 | total time: 31.51m | eta: 6.1m
step 03196/03814 (83.80%) | loss: 3.486504 | lrm: 0.29 | dt: 590.28ms | tok/sec: 91,076 | bf16_mfu: 0.00 | epoch: 1 pq: 3 rg: 40 | total time: 31.52m | eta: 6.1m
step 03197/03814 (83.82%) | loss: 3.492943 | lrm: 0.29 | dt: 589.19ms | tok/sec: 91,244 | bf16_mfu: 0.00 | epoch: 1 pq: 3 rg: 40 | total time: 31.53m | eta: 6.1m
step 03198/03814 (83.85%) | loss: 3.492679 | lrm: 0.29 | dt: 595.50ms | tok/sec: 90,276 | bf16_mfu: 0.00 | epoch: 1 pq: 3 rg: 40 | total time: 31.54m | eta: 6.1m
step 03199/03814 (83.88%) | loss: 3.504484 | lrm: 0.29 | dt: 592.02ms | tok/sec: 90,808 | bf16_mfu: 0.00 | epoch: 1 pq: 3 rg: 40 | total time: 31.55m | eta: 6.1m
step 03200/03814 (83.90%) | loss: 3.514332 | lrm: 0.29 | dt: 594.44ms | tok/sec: 90,438 | bf16_mfu: 0.00 | epoch: 1 pq: 3 rg: 40 | total time: 31.56m | eta: 6.1m
step 03201/03814 (83.93%) | loss: 3.528713 | lrm: 0.28 | dt: 639.90ms | tok/sec: 84,013 | bf16_mfu: 0.00 | epoch: 1 pq: 3 rg: 41 | total time: 31.57m | eta: 6.1m
step 03202/03814 (83.95%) | loss: 3.521187 | lrm: 0.28 | dt: 587.50ms | tok/sec: 91,505 | bf16_mfu: 0.00 | epoch: 1 pq: 3 rg: 41 | total time: 31.58m | eta: 6.1m
step 03203/03814 (83.98%) | loss: 3.514634 | lrm: 0.28 | dt: 589.59ms | tok/sec: 91,181 | bf16_mfu: 0.00 | epoch: 1 pq: 3 rg: 41 | total time: 31.59m | eta: 6.0m
step 03204/03814 (84.01%) | loss: 3.523238 | lrm: 0.28 | dt: 590.42ms | tok/sec: 91,053 | bf16_mfu: 0.00 | epoch: 1 pq: 3 rg: 41 | total time: 31.60m | eta: 6.0m
step 03205/03814 (84.03%) | loss: 3.521775 | lrm: 0.28 | dt: 592.17ms | tok/sec: 90,784 | bf16_mfu: 0.00 | epoch: 1 pq: 3 rg: 41 | total time: 31.61m | eta: 6.0m
step 03206/03814 (84.06%) | loss: 3.507025 | lrm: 0.28 | dt: 589.20ms | tok/sec: 91,242 | bf16_mfu: 0.00 | epoch: 1 pq: 3 rg: 41 | total time: 31.62m | eta: 6.0m
step 03207/03814 (84.08%) | loss: 3.497729 | lrm: 0.28 | dt: 592.55ms | tok/sec: 90,725 | bf16_mfu: 0.00 | epoch: 1 pq: 3 rg: 41 | total time: 31.63m | eta: 6.0m
step 03208/03814 (84.11%) | loss: 3.495014 | lrm: 0.28 | dt: 589.02ms | tok/sec: 91,270 | bf16_mfu: 0.00 | epoch: 1 pq: 3 rg: 41 | total time: 31.64m | eta: 6.0m
step 03209/03814 (84.14%) | loss: 3.488996 | lrm: 0.28 | dt: 591.78ms | tok/sec: 90,844 | bf16_mfu: 0.00 | epoch: 1 pq: 3 rg: 41 | total time: 31.65m | eta: 6.0m
step 03210/03814 (84.16%) | loss: 3.497453 | lrm: 0.28 | dt: 587.39ms | tok/sec: 91,523 | bf16_mfu: 0.00 | epoch: 1 pq: 3 rg: 41 | total time: 31.66m | eta: 6.0m
step 03211/03814 (84.19%) | loss: 3.484981 | lrm: 0.28 | dt: 588.80ms | tok/sec: 91,304 | bf16_mfu: 0.00 | epoch: 1 pq: 3 rg: 41 | total time: 31.67m | eta: 6.0m
step 03212/03814 (84.22%) | loss: 3.493363 | lrm: 0.28 | dt: 587.91ms | tok/sec: 91,442 | bf16_mfu: 0.00 | epoch: 1 pq: 3 rg: 42 | total time: 31.68m | eta: 6.0m
step 03213/03814 (84.24%) | loss: 3.483482 | lrm: 0.28 | dt: 587.93ms | tok/sec: 91,439 | bf16_mfu: 0.00 | epoch: 1 pq: 3 rg: 42 | total time: 31.69m | eta: 5.9m
step 03214/03814 (84.27%) | loss: 3.504618 | lrm: 0.28 | dt: 591.75ms | tok/sec: 90,849 | bf16_mfu: 0.00 | epoch: 1 pq: 3 rg: 42 | total time: 31.69m | eta: 5.9m
step 03215/03814 (84.29%) | loss: 3.508126 | lrm: 0.28 | dt: 592.35ms | tok/sec: 90,757 | bf16_mfu: 0.00 | epoch: 1 pq: 3 rg: 42 | total time: 31.70m | eta: 5.9m
step 03216/03814 (84.32%) | loss: 3.491713 | lrm: 0.28 | dt: 589.74ms | tok/sec: 91,159 | bf16_mfu: 0.00 | epoch: 1 pq: 3 rg: 42 | total time: 31.71m | eta: 5.9m
step 03217/03814 (84.35%) | loss: 3.485663 | lrm: 0.28 | dt: 589.63ms | tok/sec: 91,176 | bf16_mfu: 0.00 | epoch: 1 pq: 3 rg: 42 | total time: 31.72m | eta: 5.9m
step 03218/03814 (84.37%) | loss: 3.483454 | lrm: 0.28 | dt: 596.56ms | tok/sec: 90,117 | bf16_mfu: 0.00 | epoch: 1 pq: 3 rg: 42 | total time: 31.73m | eta: 5.9m
step 03219/03814 (84.40%) | loss: 3.490411 | lrm: 0.28 | dt: 585.24ms | tok/sec: 91,859 | bf16_mfu: 0.00 | epoch: 1 pq: 3 rg: 42 | total time: 31.74m | eta: 5.9m
step 03220/03814 (84.43%) | loss: 3.488246 | lrm: 0.28 | dt: 587.14ms | tok/sec: 91,562 | bf16_mfu: 0.00 | epoch: 1 pq: 3 rg: 42 | total time: 31.75m | eta: 5.9m
step 03221/03814 (84.45%) | loss: 3.491345 | lrm: 0.28 | dt: 596.43ms | tok/sec: 90,136 | bf16_mfu: 0.00 | epoch: 1 pq: 3 rg: 42 | total time: 31.76m | eta: 5.9m
step 03222/03814 (84.48%) | loss: 3.502375 | lrm: 0.28 | dt: 592.65ms | tok/sec: 90,711 | bf16_mfu: 0.00 | epoch: 1 pq: 3 rg: 42 | total time: 31.77m | eta: 5.9m
step 03223/03814 (84.50%) | loss: 3.513189 | lrm: 0.28 | dt: 611.70ms | tok/sec: 87,886 | bf16_mfu: 0.00 | epoch: 1 pq: 3 rg: 43 | total time: 31.78m | eta: 5.8m
step 03224/03814 (84.53%) | loss: 3.496117 | lrm: 0.28 | dt: 590.61ms | tok/sec: 91,025 | bf16_mfu: 0.00 | epoch: 1 pq: 3 rg: 43 | total time: 31.79m | eta: 5.8m
step 03225/03814 (84.56%) | loss: 3.493874 | lrm: 0.28 | dt: 592.75ms | tok/sec: 90,696 | bf16_mfu: 0.00 | epoch: 1 pq: 3 rg: 43 | total time: 31.80m | eta: 5.8m
step 03226/03814 (84.58%) | loss: 3.495920 | lrm: 0.28 | dt: 592.41ms | tok/sec: 90,747 | bf16_mfu: 0.00 | epoch: 1 pq: 3 rg: 43 | total time: 31.81m | eta: 5.8m
step 03227/03814 (84.61%) | loss: 3.508135 | lrm: 0.27 | dt: 592.20ms | tok/sec: 90,780 | bf16_mfu: 0.00 | epoch: 1 pq: 3 rg: 43 | total time: 31.82m | eta: 5.8m
step 03228/03814 (84.64%) | loss: 3.490266 | lrm: 0.27 | dt: 590.24ms | tok/sec: 91,081 | bf16_mfu: 0.00 | epoch: 1 pq: 3 rg: 43 | total time: 31.83m | eta: 5.8m
step 03229/03814 (84.66%) | loss: 3.488692 | lrm: 0.27 | dt: 599.63ms | tok/sec: 89,655 | bf16_mfu: 0.00 | epoch: 1 pq: 3 rg: 43 | total time: 31.84m | eta: 5.8m
step 03230/03814 (84.69%) | loss: 3.488594 | lrm: 0.27 | dt: 591.48ms | tok/sec: 90,890 | bf16_mfu: 0.00 | epoch: 1 pq: 3 rg: 43 | total time: 31.85m | eta: 5.8m
step 03231/03814 (84.71%) | loss: 3.494064 | lrm: 0.27 | dt: 602.21ms | tok/sec: 89,270 | bf16_mfu: 0.00 | epoch: 1 pq: 3 rg: 43 | total time: 31.86m | eta: 5.8m
step 03232/03814 (84.74%) | loss: 3.501857 | lrm: 0.27 | dt: 590.92ms | tok/sec: 90,976 | bf16_mfu: 0.00 | epoch: 1 pq: 3 rg: 43 | total time: 31.87m | eta: 5.8m
step 03233/03814 (84.77%) | loss: 3.505729 | lrm: 0.27 | dt: 589.00ms | tok/sec: 91,273 | bf16_mfu: 0.00 | epoch: 1 pq: 3 rg: 43 | total time: 31.88m | eta: 5.7m
step 03234/03814 (84.79%) | loss: 3.503013 | lrm: 0.27 | dt: 599.06ms | tok/sec: 89,740 | bf16_mfu: 0.00 | epoch: 1 pq: 3 rg: 44 | total time: 31.89m | eta: 5.7m
step 03235/03814 (84.82%) | loss: 3.509365 | lrm: 0.27 | dt: 591.57ms | tok/sec: 90,876 | bf16_mfu: 0.00 | epoch: 1 pq: 3 rg: 44 | total time: 31.90m | eta: 5.7m
step 03236/03814 (84.85%) | loss: 3.505163 | lrm: 0.27 | dt: 602.26ms | tok/sec: 89,264 | bf16_mfu: 0.00 | epoch: 1 pq: 3 rg: 44 | total time: 31.91m | eta: 5.7m
step 03237/03814 (84.87%) | loss: 3.504635 | lrm: 0.27 | dt: 592.20ms | tok/sec: 90,780 | bf16_mfu: 0.00 | epoch: 1 pq: 3 rg: 44 | total time: 31.92m | eta: 5.7m
step 03238/03814 (84.90%) | loss: 3.503418 | lrm: 0.27 | dt: 599.65ms | tok/sec: 89,652 | bf16_mfu: 0.00 | epoch: 1 pq: 3 rg: 44 | total time: 31.93m | eta: 5.7m
step 03239/03814 (84.92%) | loss: 3.517569 | lrm: 0.27 | dt: 594.56ms | tok/sec: 90,419 | bf16_mfu: 0.00 | epoch: 1 pq: 3 rg: 44 | total time: 31.94m | eta: 5.7m
step 03240/03814 (84.95%) | loss: 3.528043 | lrm: 0.27 | dt: 598.79ms | tok/sec: 89,781 | bf16_mfu: 0.00 | epoch: 1 pq: 3 rg: 44 | total time: 31.95m | eta: 5.7m
step 03241/03814 (84.98%) | loss: 3.515312 | lrm: 0.27 | dt: 588.81ms | tok/sec: 91,303 | bf16_mfu: 0.00 | epoch: 1 pq: 3 rg: 44 | total time: 31.96m | eta: 5.7m
step 03242/03814 (85.00%) | loss: 3.522783 | lrm: 0.27 | dt: 589.94ms | tok/sec: 91,127 | bf16_mfu: 0.00 | epoch: 1 pq: 3 rg: 44 | total time: 31.97m | eta: 5.7m
step 03243/03814 (85.03%) | loss: 3.512889 | lrm: 0.27 | dt: 590.78ms | tok/sec: 90,998 | bf16_mfu: 0.00 | epoch: 1 pq: 3 rg: 44 | total time: 31.98m | eta: 5.6m
step 03244/03814 (85.06%) | loss: 3.493942 | lrm: 0.27 | dt: 587.47ms | tok/sec: 91,510 | bf16_mfu: 0.00 | epoch: 1 pq: 3 rg: 44 | total time: 31.99m | eta: 5.6m
step 03245/03814 (85.08%) | loss: 3.489219 | lrm: 0.27 | dt: 647.08ms | tok/sec: 83,080 | bf16_mfu: 0.00 | epoch: 1 pq: 3 rg: 45 | total time: 32.00m | eta: 5.6m
step 03246/03814 (85.11%) | loss: 3.509863 | lrm: 0.27 | dt: 590.66ms | tok/sec: 91,016 | bf16_mfu: 0.00 | epoch: 1 pq: 3 rg: 45 | total time: 32.01m | eta: 5.6m
step 03247/03814 (85.13%) | loss: 3.498602 | lrm: 0.27 | dt: 597.37ms | tok/sec: 89,993 | bf16_mfu: 0.00 | epoch: 1 pq: 3 rg: 45 | total time: 32.02m | eta: 5.6m
step 03248/03814 (85.16%) | loss: 3.488771 | lrm: 0.27 | dt: 588.51ms | tok/sec: 91,348 | bf16_mfu: 0.00 | epoch: 1 pq: 3 rg: 45 | total time: 32.03m | eta: 5.6m
step 03249/03814 (85.19%) | loss: 3.483328 | lrm: 0.27 | dt: 593.28ms | tok/sec: 90,615 | bf16_mfu: 0.00 | epoch: 1 pq: 3 rg: 45 | total time: 32.04m | eta: 5.6m
step 03250/03814 (85.21%) | loss: 3.492385 | lrm: 0.27 | dt: 594.20ms | tok/sec: 90,474 | bf16_mfu: 0.00 | epoch: 1 pq: 3 rg: 45 | total time: 32.05m | eta: 5.6m
step 03251/03814 (85.24%) | loss: 3.496539 | lrm: 0.27 | dt: 589.58ms | tok/sec: 91,182 | bf16_mfu: 0.00 | epoch: 1 pq: 3 rg: 45 | total time: 32.06m | eta: 5.6m
step 03252/03814 (85.26%) | loss: 3.479678 | lrm: 0.27 | dt: 584.84ms | tok/sec: 91,922 | bf16_mfu: 0.00 | epoch: 1 pq: 3 rg: 45 | total time: 32.07m | eta: 5.6m
step 03253/03814 (85.29%) | loss: 3.468280 | lrm: 0.26 | dt: 589.89ms | tok/sec: 91,135 | bf16_mfu: 0.00 | epoch: 1 pq: 3 rg: 45 | total time: 32.08m | eta: 5.5m
step 03254/03814 (85.32%) | loss: 3.482113 | lrm: 0.26 | dt: 590.17ms | tok/sec: 91,092 | bf16_mfu: 0.00 | epoch: 1 pq: 3 rg: 45 | total time: 32.09m | eta: 5.5m
step 03255/03814 (85.34%) | loss: 3.478483 | lrm: 0.26 | dt: 589.60ms | tok/sec: 91,180 | bf16_mfu: 0.00 | epoch: 1 pq: 3 rg: 46 | total time: 32.10m | eta: 5.5m
step 03256/03814 (85.37%) | loss: 3.479273 | lrm: 0.26 | dt: 590.21ms | tok/sec: 91,085 | bf16_mfu: 0.00 | epoch: 1 pq: 3 rg: 46 | total time: 32.11m | eta: 5.5m
step 03257/03814 (85.40%) | loss: 3.480167 | lrm: 0.26 | dt: 591.30ms | tok/sec: 90,918 | bf16_mfu: 0.00 | epoch: 1 pq: 3 rg: 46 | total time: 32.12m | eta: 5.5m
step 03258/03814 (85.42%) | loss: 3.492532 | lrm: 0.26 | dt: 595.24ms | tok/sec: 90,316 | bf16_mfu: 0.00 | epoch: 1 pq: 3 rg: 46 | total time: 32.13m | eta: 5.5m
step 03259/03814 (85.45%) | loss: 3.513858 | lrm: 0.26 | dt: 591.63ms | tok/sec: 90,867 | bf16_mfu: 0.00 | epoch: 1 pq: 3 rg: 46 | total time: 32.14m | eta: 5.5m
step 03260/03814 (85.47%) | loss: 3.497837 | lrm: 0.26 | dt: 588.23ms | tok/sec: 91,392 | bf16_mfu: 0.00 | epoch: 1 pq: 3 rg: 46 | total time: 32.15m | eta: 5.5m
step 03261/03814 (85.50%) | loss: 3.491328 | lrm: 0.26 | dt: 599.54ms | tok/sec: 89,668 | bf16_mfu: 0.00 | epoch: 1 pq: 3 rg: 46 | total time: 32.16m | eta: 5.5m
step 03262/03814 (85.53%) | loss: 3.502066 | lrm: 0.26 | dt: 587.66ms | tok/sec: 91,481 | bf16_mfu: 0.00 | epoch: 1 pq: 3 rg: 46 | total time: 32.17m | eta: 5.5m
step 03263/03814 (85.55%) | loss: 3.490354 | lrm: 0.26 | dt: 593.35ms | tok/sec: 90,603 | bf16_mfu: 0.00 | epoch: 1 pq: 3 rg: 46 | total time: 32.18m | eta: 5.5m
step 03264/03814 (85.58%) | loss: 3.486917 | lrm: 0.26 | dt: 586.19ms | tok/sec: 91,711 | bf16_mfu: 0.00 | epoch: 1 pq: 3 rg: 46 | total time: 32.19m | eta: 5.4m
step 03265/03814 (85.61%) | loss: 3.506262 | lrm: 0.26 | dt: 589.35ms | tok/sec: 91,218 | bf16_mfu: 0.00 | epoch: 1 pq: 3 rg: 46 | total time: 32.20m | eta: 5.4m
step 03266/03814 (85.63%) | loss: 3.509051 | lrm: 0.26 | dt: 585.83ms | tok/sec: 91,767 | bf16_mfu: 0.00 | epoch: 1 pq: 3 rg: 47 | total time: 32.21m | eta: 5.4m
step 03267/03814 (85.66%) | loss: 3.489612 | lrm: 0.26 | dt: 589.83ms | tok/sec: 91,145 | bf16_mfu: 0.00 | epoch: 1 pq: 3 rg: 47 | total time: 32.22m | eta: 5.4m
step 03268/03814 (85.68%) | loss: 3.478870 | lrm: 0.26 | dt: 593.66ms | tok/sec: 90,557 | bf16_mfu: 0.00 | epoch: 1 pq: 3 rg: 47 | total time: 32.23m | eta: 5.4m
step 03269/03814 (85.71%) | loss: 3.473937 | lrm: 0.26 | dt: 579.37ms | tok/sec: 92,790 | bf16_mfu: 0.00 | epoch: 1 pq: 3 rg: 47 | total time: 32.24m | eta: 5.4m
step 03270/03814 (85.74%) | loss: 3.478209 | lrm: 0.26 | dt: 598.08ms | tok/sec: 89,887 | bf16_mfu: 0.00 | epoch: 1 pq: 3 rg: 47 | total time: 32.25m | eta: 5.4m
step 03271/03814 (85.76%) | loss: 3.484156 | lrm: 0.26 | dt: 589.09ms | tok/sec: 91,258 | bf16_mfu: 0.00 | epoch: 1 pq: 3 rg: 47 | total time: 32.26m | eta: 5.4m
step 03272/03814 (85.79%) | loss: 3.477295 | lrm: 0.26 | dt: 590.87ms | tok/sec: 90,984 | bf16_mfu: 0.00 | epoch: 1 pq: 3 rg: 47 | total time: 32.27m | eta: 5.4m
step 03273/03814 (85.82%) | loss: 3.484585 | lrm: 0.26 | dt: 598.07ms | tok/sec: 89,889 | bf16_mfu: 0.00 | epoch: 1 pq: 3 rg: 47 | total time: 32.28m | eta: 5.4m
step 03274/03814 (85.84%) | loss: 3.506002 | lrm: 0.26 | dt: 592.42ms | tok/sec: 90,747 | bf16_mfu: 0.00 | epoch: 1 pq: 3 rg: 47 | total time: 32.29m | eta: 5.3m
step 03275/03814 (85.87%) | loss: 3.493648 | lrm: 0.26 | dt: 590.52ms | tok/sec: 91,037 | bf16_mfu: 0.00 | epoch: 1 pq: 3 rg: 47 | total time: 32.30m | eta: 5.3m
step 03276/03814 (85.89%) | loss: 3.490177 | lrm: 0.26 | dt: 586.73ms | tok/sec: 91,626 | bf16_mfu: 0.00 | epoch: 1 pq: 3 rg: 47 | total time: 32.31m | eta: 5.3m
step 03277/03814 (85.92%) | loss: 3.485074 | lrm: 0.26 | dt: 588.77ms | tok/sec: 91,308 | bf16_mfu: 0.00 | epoch: 1 pq: 3 rg: 48 | total time: 32.32m | eta: 5.3m
step 03278/03814 (85.95%) | loss: 3.522627 | lrm: 0.26 | dt: 587.91ms | tok/sec: 91,443 | bf16_mfu: 0.00 | epoch: 1 pq: 3 rg: 48 | total time: 32.33m | eta: 5.3m
step 03279/03814 (85.97%) | loss: 3.505306 | lrm: 0.26 | dt: 589.75ms | tok/sec: 91,157 | bf16_mfu: 0.00 | epoch: 1 pq: 3 rg: 48 | total time: 32.34m | eta: 5.3m
step 03280/03814 (86.00%) | loss: 3.492329 | lrm: 0.25 | dt: 588.97ms | tok/sec: 91,277 | bf16_mfu: 0.00 | epoch: 1 pq: 3 rg: 48 | total time: 32.35m | eta: 5.3m
step 03281/03814 (86.03%) | loss: 3.494739 | lrm: 0.25 | dt: 587.70ms | tok/sec: 91,475 | bf16_mfu: 0.00 | epoch: 1 pq: 3 rg: 48 | total time: 32.36m | eta: 5.3m
step 03282/03814 (86.05%) | loss: 3.510308 | lrm: 0.25 | dt: 585.84ms | tok/sec: 91,765 | bf16_mfu: 0.00 | epoch: 1 pq: 3 rg: 48 | total time: 32.37m | eta: 5.3m
step 03283/03814 (86.08%) | loss: 3.514427 | lrm: 0.25 | dt: 613.00ms | tok/sec: 87,699 | bf16_mfu: 0.00 | epoch: 1 pq: 3 rg: 48 | total time: 32.38m | eta: 5.3m
step 03284/03814 (86.10%) | loss: 3.513988 | lrm: 0.25 | dt: 582.41ms | tok/sec: 92,305 | bf16_mfu: 0.00 | epoch: 1 pq: 3 rg: 48 | total time: 32.39m | eta: 5.2m
step 03285/03814 (86.13%) | loss: 3.488880 | lrm: 0.25 | dt: 586.44ms | tok/sec: 91,671 | bf16_mfu: 0.00 | epoch: 1 pq: 3 rg: 48 | total time: 32.40m | eta: 5.2m
step 03286/03814 (86.16%) | loss: 3.497491 | lrm: 0.25 | dt: 592.14ms | tok/sec: 90,789 | bf16_mfu: 0.00 | epoch: 1 pq: 3 rg: 48 | total time: 32.41m | eta: 5.2m
step 03287/03814 (86.18%) | loss: 3.482822 | lrm: 0.25 | dt: 582.60ms | tok/sec: 92,275 | bf16_mfu: 0.00 | epoch: 1 pq: 3 rg: 49 | total time: 32.42m | eta: 5.2m
step 03288/03814 (86.21%) | loss: 3.475643 | lrm: 0.25 | dt: 589.18ms | tok/sec: 91,246 | bf16_mfu: 0.00 | epoch: 1 pq: 3 rg: 49 | total time: 32.43m | eta: 5.2m
step 03289/03814 (86.23%) | loss: 3.494125 | lrm: 0.25 | dt: 587.89ms | tok/sec: 91,445 | bf16_mfu: 0.00 | epoch: 1 pq: 3 rg: 49 | total time: 32.44m | eta: 5.2m
step 03290/03814 (86.26%) | loss: 3.493846 | lrm: 0.25 | dt: 580.57ms | tok/sec: 92,598 | bf16_mfu: 0.00 | epoch: 1 pq: 3 rg: 49 | total time: 32.45m | eta: 5.2m
step 03291/03814 (86.29%) | loss: 3.498008 | lrm: 0.25 | dt: 604.21ms | tok/sec: 88,975 | bf16_mfu: 0.00 | epoch: 1 pq: 3 rg: 49 | total time: 32.46m | eta: 5.2m
step 03292/03814 (86.31%) | loss: 3.487158 | lrm: 0.25 | dt: 588.62ms | tok/sec: 91,332 | bf16_mfu: 0.00 | epoch: 1 pq: 3 rg: 49 | total time: 32.46m | eta: 5.2m
step 03293/03814 (86.34%) | loss: 3.517034 | lrm: 0.25 | dt: 587.43ms | tok/sec: 91,517 | bf16_mfu: 0.00 | epoch: 1 pq: 3 rg: 49 | total time: 32.47m | eta: 5.2m
step 03294/03814 (86.37%) | loss: 3.503745 | lrm: 0.25 | dt: 597.92ms | tok/sec: 89,911 | bf16_mfu: 0.00 | epoch: 1 pq: 3 rg: 49 | total time: 32.48m | eta: 5.1m
step 03295/03814 (86.39%) | loss: 3.521052 | lrm: 0.25 | dt: 582.11ms | tok/sec: 92,353 | bf16_mfu: 0.00 | epoch: 1 pq: 3 rg: 49 | total time: 32.49m | eta: 5.1m
step 03296/03814 (86.42%) | loss: 3.507743 | lrm: 0.25 | dt: 592.60ms | tok/sec: 90,719 | bf16_mfu: 0.00 | epoch: 1 pq: 3 rg: 49 | total time: 32.50m | eta: 5.1m
step 03297/03814 (86.44%) | loss: 3.511334 | lrm: 0.25 | dt: 589.00ms | tok/sec: 91,273 | bf16_mfu: 0.00 | epoch: 1 pq: 3 rg: 49 | total time: 32.51m | eta: 5.1m
step 03298/03814 (86.47%) | loss: 3.500267 | lrm: 0.25 | dt: 583.30ms | tok/sec: 92,165 | bf16_mfu: 0.00 | epoch: 1 pq: 3 rg: 50 | total time: 32.52m | eta: 5.1m
step 03299/03814 (86.50%) | loss: 3.491496 | lrm: 0.25 | dt: 580.24ms | tok/sec: 92,650 | bf16_mfu: 0.00 | epoch: 1 pq: 3 rg: 50 | total time: 32.53m | eta: 5.1m
step 03300/03814 (86.52%) | loss: 3.490046 | lrm: 0.25 | dt: 589.49ms | tok/sec: 91,197 | bf16_mfu: 0.00 | epoch: 1 pq: 3 rg: 50 | total time: 32.54m | eta: 5.1m
step 03301/03814 (86.55%) | loss: 3.508869 | lrm: 0.25 | dt: 600.64ms | tok/sec: 89,504 | bf16_mfu: 0.00 | epoch: 1 pq: 3 rg: 50 | total time: 32.55m | eta: 5.1m
step 03302/03814 (86.58%) | loss: 3.523050 | lrm: 0.25 | dt: 588.63ms | tok/sec: 91,330 | bf16_mfu: 0.00 | epoch: 1 pq: 3 rg: 50 | total time: 32.56m | eta: 5.1m
step 03303/03814 (86.60%) | loss: 3.513805 | lrm: 0.25 | dt: 587.29ms | tok/sec: 91,539 | bf16_mfu: 0.00 | epoch: 1 pq: 3 rg: 50 | total time: 32.57m | eta: 5.1m
step 03304/03814 (86.63%) | loss: 3.508383 | lrm: 0.25 | dt: 586.50ms | tok/sec: 91,661 | bf16_mfu: 0.00 | epoch: 1 pq: 3 rg: 50 | total time: 32.58m | eta: 5.0m
step 03305/03814 (86.65%) | loss: 3.511163 | lrm: 0.25 | dt: 587.02ms | tok/sec: 91,581 | bf16_mfu: 0.00 | epoch: 1 pq: 3 rg: 50 | total time: 32.59m | eta: 5.0m
step 03306/03814 (86.68%) | loss: 3.491518 | lrm: 0.24 | dt: 586.90ms | tok/sec: 91,599 | bf16_mfu: 0.00 | epoch: 1 pq: 3 rg: 50 | total time: 32.60m | eta: 5.0m
step 03307/03814 (86.71%) | loss: 3.477264 | lrm: 0.24 | dt: 588.01ms | tok/sec: 91,427 | bf16_mfu: 0.00 | epoch: 1 pq: 3 rg: 50 | total time: 32.61m | eta: 5.0m
step 03308/03814 (86.73%) | loss: 3.473535 | lrm: 0.24 | dt: 585.88ms | tok/sec: 91,759 | bf16_mfu: 0.00 | epoch: 1 pq: 3 rg: 50 | total time: 32.62m | eta: 5.0m
step 03309/03814 (86.76%) | loss: 3.480349 | lrm: 0.24 | dt: 664.92ms | tok/sec: 80,851 | bf16_mfu: 0.00 | epoch: 1 pq: 3 rg: 51 | total time: 32.63m | eta: 5.0m
step 03310/03814 (86.79%) | loss: 3.465418 | lrm: 0.24 | dt: 586.29ms | tok/sec: 91,694 | bf16_mfu: 0.00 | epoch: 1 pq: 3 rg: 51 | total time: 32.64m | eta: 5.0m
step 03311/03814 (86.81%) | loss: 3.445963 | lrm: 0.24 | dt: 590.25ms | tok/sec: 91,079 | bf16_mfu: 0.00 | epoch: 1 pq: 3 rg: 51 | total time: 32.65m | eta: 5.0m
step 03312/03814 (86.84%) | loss: 3.447395 | lrm: 0.24 | dt: 592.48ms | tok/sec: 90,737 | bf16_mfu: 0.00 | epoch: 1 pq: 3 rg: 51 | total time: 32.66m | eta: 5.0m
step 03313/03814 (86.86%) | loss: 3.450344 | lrm: 0.24 | dt: 585.89ms | tok/sec: 91,758 | bf16_mfu: 0.00 | epoch: 1 pq: 3 rg: 51 | total time: 32.67m | eta: 5.0m
step 03314/03814 (86.89%) | loss: 3.426188 | lrm: 0.24 | dt: 584.39ms | tok/sec: 91,993 | bf16_mfu: 0.00 | epoch: 1 pq: 3 rg: 51 | total time: 32.68m | eta: 4.9m
step 03315/03814 (86.92%) | loss: 3.421106 | lrm: 0.24 | dt: 578.88ms | tok/sec: 92,868 | bf16_mfu: 0.00 | epoch: 1 pq: 3 rg: 51 | total time: 32.69m | eta: 4.9m
step 03316/03814 (86.94%) | loss: 3.420951 | lrm: 0.24 | dt: 586.84ms | tok/sec: 91,608 | bf16_mfu: 0.00 | epoch: 1 pq: 3 rg: 51 | total time: 32.70m | eta: 4.9m
step 03317/03814 (86.97%) | loss: 3.424558 | lrm: 0.24 | dt: 585.17ms | tok/sec: 91,870 | bf16_mfu: 0.00 | epoch: 1 pq: 3 rg: 51 | total time: 32.71m | eta: 4.9m
step 03318/03814 (87.00%) | loss: 3.431966 | lrm: 0.24 | dt: 584.60ms | tok/sec: 91,960 | bf16_mfu: 0.00 | epoch: 1 pq: 3 rg: 51 | total time: 32.72m | eta: 4.9m
step 03319/03814 (87.02%) | loss: 3.431827 | lrm: 0.24 | dt: 586.57ms | tok/sec: 91,651 | bf16_mfu: 0.00 | epoch: 1 pq: 3 rg: 51 | total time: 32.73m | eta: 4.9m
step 03320/03814 (87.05%) | loss: 3.428772 | lrm: 0.24 | dt: 631.35ms | tok/sec: 85,151 | bf16_mfu: 0.00 | epoch: 1 pq: 3 rg: 52 | total time: 32.74m | eta: 4.9m
step 03321/03814 (87.07%) | loss: 3.441622 | lrm: 0.24 | dt: 587.16ms | tok/sec: 91,559 | bf16_mfu: 0.00 | epoch: 1 pq: 3 rg: 52 | total time: 32.75m | eta: 4.9m
step 03322/03814 (87.10%) | loss: 3.439465 | lrm: 0.24 | dt: 584.39ms | tok/sec: 91,993 | bf16_mfu: 0.00 | epoch: 1 pq: 3 rg: 52 | total time: 32.76m | eta: 4.9m
step 03323/03814 (87.13%) | loss: 3.439141 | lrm: 0.24 | dt: 627.90ms | tok/sec: 85,618 | bf16_mfu: 0.00 | epoch: 1 pq: 3 rg: 52 | total time: 32.77m | eta: 4.9m
step 03324/03814 (87.15%) | loss: 3.456313 | lrm: 0.24 | dt: 588.69ms | tok/sec: 91,322 | bf16_mfu: 0.00 | epoch: 1 pq: 3 rg: 52 | total time: 32.78m | eta: 4.8m
step 03325/03814 (87.18%) | loss: 3.460136 | lrm: 0.24 | dt: 587.35ms | tok/sec: 91,530 | bf16_mfu: 0.00 | epoch: 1 pq: 3 rg: 52 | total time: 32.79m | eta: 4.8m
step 03326/03814 (87.21%) | loss: 3.465953 | lrm: 0.24 | dt: 587.94ms | tok/sec: 91,438 | bf16_mfu: 0.00 | epoch: 1 pq: 3 rg: 52 | total time: 32.80m | eta: 4.8m
step 03327/03814 (87.23%) | loss: 3.467716 | lrm: 0.24 | dt: 585.54ms | tok/sec: 91,812 | bf16_mfu: 0.00 | epoch: 1 pq: 3 rg: 52 | total time: 32.81m | eta: 4.8m
step 03328/03814 (87.26%) | loss: 3.482410 | lrm: 0.24 | dt: 590.17ms | tok/sec: 91,091 | bf16_mfu: 0.00 | epoch: 1 pq: 3 rg: 52 | total time: 32.82m | eta: 4.8m
step 03329/03814 (87.28%) | loss: 3.483287 | lrm: 0.24 | dt: 588.71ms | tok/sec: 91,317 | bf16_mfu: 0.00 | epoch: 1 pq: 3 rg: 52 | total time: 32.83m | eta: 4.8m
step 03330/03814 (87.31%) | loss: 3.487768 | lrm: 0.24 | dt: 728.97ms | tok/sec: 73,748 | bf16_mfu: 0.00 | epoch: 1 pq: 3 rg: 52 | total time: 32.84m | eta: 4.8m
step 03331/03814 (87.34%) | loss: 3.491734 | lrm: 0.24 | dt: 649.05ms | tok/sec: 82,828 | bf16_mfu: 0.00 | epoch: 1 pq: 3 rg: 53 | total time: 32.85m | eta: 4.8m
step 03332/03814 (87.36%) | loss: 3.479028 | lrm: 0.23 | dt: 587.42ms | tok/sec: 91,518 | bf16_mfu: 0.00 | epoch: 1 pq: 3 rg: 53 | total time: 32.86m | eta: 4.8m
step 03333/03814 (87.39%) | loss: 3.476747 | lrm: 0.23 | dt: 585.39ms | tok/sec: 91,836 | bf16_mfu: 0.00 | epoch: 1 pq: 3 rg: 53 | total time: 32.87m | eta: 4.8m
step 03334/03814 (87.41%) | loss: 3.487144 | lrm: 0.23 | dt: 587.50ms | tok/sec: 91,506 | bf16_mfu: 0.00 | epoch: 1 pq: 3 rg: 53 | total time: 32.88m | eta: 4.7m
step 03335/03814 (87.44%) | loss: 3.493972 | lrm: 0.23 | dt: 587.58ms | tok/sec: 91,494 | bf16_mfu: 0.00 | epoch: 1 pq: 3 rg: 53 | total time: 32.89m | eta: 4.7m
step 03336/03814 (87.47%) | loss: 3.489191 | lrm: 0.23 | dt: 588.44ms | tok/sec: 91,359 | bf16_mfu: 0.00 | epoch: 1 pq: 3 rg: 53 | total time: 32.90m | eta: 4.7m
step 03337/03814 (87.49%) | loss: 3.485933 | lrm: 0.23 | dt: 587.50ms | tok/sec: 91,505 | bf16_mfu: 0.00 | epoch: 1 pq: 3 rg: 53 | total time: 32.91m | eta: 4.7m
step 03338/03814 (87.52%) | loss: 3.484105 | lrm: 0.23 | dt: 586.36ms | tok/sec: 91,684 | bf16_mfu: 0.00 | epoch: 1 pq: 3 rg: 53 | total time: 32.92m | eta: 4.7m
step 03339/03814 (87.55%) | loss: 3.478078 | lrm: 0.23 | dt: 587.06ms | tok/sec: 91,575 | bf16_mfu: 0.00 | epoch: 1 pq: 3 rg: 53 | total time: 32.93m | eta: 4.7m
step 03340/03814 (87.57%) | loss: 3.478601 | lrm: 0.23 | dt: 590.07ms | tok/sec: 91,107 | bf16_mfu: 0.00 | epoch: 1 pq: 3 rg: 53 | total time: 32.94m | eta: 4.7m
step 03341/03814 (87.60%) | loss: 3.467929 | lrm: 0.23 | dt: 584.94ms | tok/sec: 91,906 | bf16_mfu: 0.00 | epoch: 1 pq: 3 rg: 53 | total time: 32.95m | eta: 4.7m
step 03342/03814 (87.62%) | loss: 3.496095 | lrm: 0.23 | dt: 585.67ms | tok/sec: 91,791 | bf16_mfu: 0.00 | epoch: 1 pq: 3 rg: 54 | total time: 32.96m | eta: 4.7m
step 03343/03814 (87.65%) | loss: 3.482137 | lrm: 0.23 | dt: 590.20ms | tok/sec: 91,088 | bf16_mfu: 0.00 | epoch: 1 pq: 3 rg: 54 | total time: 32.97m | eta: 4.7m
step 03344/03814 (87.68%) | loss: 3.476304 | lrm: 0.23 | dt: 586.41ms | tok/sec: 91,676 | bf16_mfu: 0.00 | epoch: 1 pq: 3 rg: 54 | total time: 32.98m | eta: 4.6m
step 03345/03814 (87.70%) | loss: 3.480218 | lrm: 0.23 | dt: 585.77ms | tok/sec: 91,776 | bf16_mfu: 0.00 | epoch: 1 pq: 3 rg: 54 | total time: 32.99m | eta: 4.6m
step 03346/03814 (87.73%) | loss: 3.524412 | lrm: 0.23 | dt: 585.41ms | tok/sec: 91,832 | bf16_mfu: 0.00 | epoch: 1 pq: 3 rg: 54 | total time: 33.00m | eta: 4.6m
step 03347/03814 (87.76%) | loss: 3.545716 | lrm: 0.23 | dt: 587.73ms | tok/sec: 91,470 | bf16_mfu: 0.00 | epoch: 1 pq: 3 rg: 54 | total time: 33.01m | eta: 4.6m
step 03348/03814 (87.78%) | loss: 3.520532 | lrm: 0.23 | dt: 587.46ms | tok/sec: 91,512 | bf16_mfu: 0.00 | epoch: 1 pq: 3 rg: 54 | total time: 33.02m | eta: 4.6m
step 03349/03814 (87.81%) | loss: 3.533509 | lrm: 0.23 | dt: 588.82ms | tok/sec: 91,300 | bf16_mfu: 0.00 | epoch: 1 pq: 3 rg: 54 | total time: 33.03m | eta: 4.6m
step 03350/03814 (87.83%) | loss: 3.527808 | lrm: 0.23 | dt: 585.88ms | tok/sec: 91,759 | bf16_mfu: 0.00 | epoch: 1 pq: 3 rg: 54 | total time: 33.04m | eta: 4.6m
step 03351/03814 (87.86%) | loss: 3.508805 | lrm: 0.23 | dt: 592.45ms | tok/sec: 90,741 | bf16_mfu: 0.00 | epoch: 1 pq: 3 rg: 54 | total time: 33.05m | eta: 4.6m
step 03352/03814 (87.89%) | loss: 3.515437 | lrm: 0.23 | dt: 584.25ms | tok/sec: 92,014 | bf16_mfu: 0.00 | epoch: 1 pq: 3 rg: 54 | total time: 33.06m | eta: 4.6m
step 03353/03814 (87.91%) | loss: 3.519744 | lrm: 0.23 | dt: 605.35ms | tok/sec: 88,807 | bf16_mfu: 0.00 | epoch: 1 pq: 3 rg: 55 | total time: 33.07m | eta: 4.6m
step 03354/03814 (87.94%) | loss: 3.523270 | lrm: 0.23 | dt: 601.05ms | tok/sec: 89,443 | bf16_mfu: 0.00 | epoch: 1 pq: 3 rg: 55 | total time: 33.08m | eta: 4.6m
step 03355/03814 (87.97%) | loss: 3.522932 | lrm: 0.23 | dt: 574.79ms | tok/sec: 93,530 | bf16_mfu: 0.00 | epoch: 1 pq: 3 rg: 55 | total time: 33.09m | eta: 4.5m
step 03356/03814 (87.99%) | loss: 3.530807 | lrm: 0.23 | dt: 585.39ms | tok/sec: 91,836 | bf16_mfu: 0.00 | epoch: 1 pq: 3 rg: 55 | total time: 33.10m | eta: 4.5m
step 03357/03814 (88.02%) | loss: 3.544403 | lrm: 0.23 | dt: 587.47ms | tok/sec: 91,510 | bf16_mfu: 0.00 | epoch: 1 pq: 3 rg: 55 | total time: 33.11m | eta: 4.5m
step 03358/03814 (88.04%) | loss: 3.541739 | lrm: 0.22 | dt: 586.54ms | tok/sec: 91,656 | bf16_mfu: 0.00 | epoch: 1 pq: 3 rg: 55 | total time: 33.12m | eta: 4.5m
step 03359/03814 (88.07%) | loss: 3.536369 | lrm: 0.22 | dt: 585.43ms | tok/sec: 91,829 | bf16_mfu: 0.00 | epoch: 1 pq: 3 rg: 55 | total time: 33.13m | eta: 4.5m
step 03360/03814 (88.10%) | loss: 3.534807 | lrm: 0.22 | dt: 589.52ms | tok/sec: 91,193 | bf16_mfu: 0.00 | epoch: 1 pq: 3 rg: 55 | total time: 33.14m | eta: 4.5m
step 03361/03814 (88.12%) | loss: 3.543896 | lrm: 0.22 | dt: 585.66ms | tok/sec: 91,794 | bf16_mfu: 0.00 | epoch: 1 pq: 3 rg: 55 | total time: 33.15m | eta: 4.5m
step 03362/03814 (88.15%) | loss: 3.538048 | lrm: 0.22 | dt: 586.67ms | tok/sec: 91,635 | bf16_mfu: 0.00 | epoch: 1 pq: 3 rg: 55 | total time: 33.16m | eta: 4.5m
step 03363/03814 (88.18%) | loss: 3.527086 | lrm: 0.22 | dt: 586.69ms | tok/sec: 91,633 | bf16_mfu: 0.00 | epoch: 1 pq: 3 rg: 55 | total time: 33.17m | eta: 4.5m
step 03364/03814 (88.20%) | loss: 3.536759 | lrm: 0.22 | dt: 587.20ms | tok/sec: 91,553 | bf16_mfu: 0.00 | epoch: 1 pq: 3 rg: 56 | total time: 33.18m | eta: 4.5m
step 03365/03814 (88.23%) | loss: 3.538962 | lrm: 0.22 | dt: 695.85ms | tok/sec: 77,258 | bf16_mfu: 0.00 | epoch: 1 pq: 3 rg: 56 | total time: 33.19m | eta: 4.4m
step 03366/03814 (88.25%) | loss: 3.547115 | lrm: 0.22 | dt: 580.12ms | tok/sec: 92,671 | bf16_mfu: 0.00 | epoch: 1 pq: 3 rg: 56 | total time: 33.20m | eta: 4.4m
step 03367/03814 (88.28%) | loss: 3.580061 | lrm: 0.22 | dt: 586.14ms | tok/sec: 91,718 | bf16_mfu: 0.00 | epoch: 1 pq: 3 rg: 56 | total time: 33.21m | eta: 4.4m
step 03368/03814 (88.31%) | loss: 3.583628 | lrm: 0.22 | dt: 584.66ms | tok/sec: 91,950 | bf16_mfu: 0.00 | epoch: 1 pq: 3 rg: 56 | total time: 33.22m | eta: 4.4m
step 03369/03814 (88.33%) | loss: 3.573777 | lrm: 0.22 | dt: 589.80ms | tok/sec: 91,150 | bf16_mfu: 0.00 | epoch: 1 pq: 3 rg: 56 | total time: 33.23m | eta: 4.4m
step 03370/03814 (88.36%) | loss: 3.586617 | lrm: 0.22 | dt: 585.04ms | tok/sec: 91,891 | bf16_mfu: 0.00 | epoch: 1 pq: 3 rg: 56 | total time: 33.24m | eta: 4.4m
step 03371/03814 (88.38%) | loss: 3.587793 | lrm: 0.22 | dt: 585.54ms | tok/sec: 91,812 | bf16_mfu: 0.00 | epoch: 1 pq: 3 rg: 56 | total time: 33.25m | eta: 4.4m
step 03372/03814 (88.41%) | loss: 3.582957 | lrm: 0.22 | dt: 588.50ms | tok/sec: 91,350 | bf16_mfu: 0.00 | epoch: 1 pq: 3 rg: 56 | total time: 33.26m | eta: 4.4m
step 03373/03814 (88.44%) | loss: 3.565879 | lrm: 0.22 | dt: 586.94ms | tok/sec: 91,594 | bf16_mfu: 0.00 | epoch: 1 pq: 3 rg: 56 | total time: 33.27m | eta: 4.4m
step 03374/03814 (88.46%) | loss: 3.550872 | lrm: 0.22 | dt: 588.14ms | tok/sec: 91,407 | bf16_mfu: 0.00 | epoch: 1 pq: 3 rg: 56 | total time: 33.28m | eta: 4.4m
step 03375/03814 (88.49%) | loss: 3.583098 | lrm: 0.22 | dt: 638.12ms | tok/sec: 84,247 | bf16_mfu: 0.00 | epoch: 1 pq: 3 rg: 57 | total time: 33.29m | eta: 4.3m
step 03376/03814 (88.52%) | loss: 3.557722 | lrm: 0.22 | dt: 583.82ms | tok/sec: 92,082 | bf16_mfu: 0.00 | epoch: 1 pq: 3 rg: 57 | total time: 33.30m | eta: 4.3m
step 03377/03814 (88.54%) | loss: 3.553810 | lrm: 0.22 | dt: 581.16ms | tok/sec: 92,505 | bf16_mfu: 0.00 | epoch: 1 pq: 3 rg: 57 | total time: 33.31m | eta: 4.3m
step 03378/03814 (88.57%) | loss: 3.555548 | lrm: 0.22 | dt: 584.58ms | tok/sec: 91,963 | bf16_mfu: 0.00 | epoch: 1 pq: 3 rg: 57 | total time: 33.32m | eta: 4.3m
step 03379/03814 (88.59%) | loss: 3.558647 | lrm: 0.22 | dt: 585.79ms | tok/sec: 91,773 | bf16_mfu: 0.00 | epoch: 1 pq: 3 rg: 57 | total time: 33.33m | eta: 4.3m
step 03380/03814 (88.62%) | loss: 3.556509 | lrm: 0.22 | dt: 587.18ms | tok/sec: 91,555 | bf16_mfu: 0.00 | epoch: 1 pq: 3 rg: 57 | total time: 33.34m | eta: 4.3m
step 03381/03814 (88.65%) | loss: 3.546523 | lrm: 0.22 | dt: 587.53ms | tok/sec: 91,501 | bf16_mfu: 0.00 | epoch: 1 pq: 3 rg: 57 | total time: 33.34m | eta: 4.3m
step 03382/03814 (88.67%) | loss: 3.555540 | lrm: 0.22 | dt: 587.42ms | tok/sec: 91,518 | bf16_mfu: 0.00 | epoch: 1 pq: 3 rg: 57 | total time: 33.35m | eta: 4.3m
step 03383/03814 (88.70%) | loss: 3.554945 | lrm: 0.22 | dt: 602.51ms | tok/sec: 89,227 | bf16_mfu: 0.00 | epoch: 1 pq: 3 rg: 57 | total time: 33.36m | eta: 4.3m
step 03384/03814 (88.73%) | loss: 3.549152 | lrm: 0.21 | dt: 590.90ms | tok/sec: 90,980 | bf16_mfu: 0.00 | epoch: 1 pq: 3 rg: 57 | total time: 33.37m | eta: 4.3m
step 03385/03814 (88.75%) | loss: 3.563042 | lrm: 0.21 | dt: 586.16ms | tok/sec: 91,716 | bf16_mfu: 0.00 | epoch: 1 pq: 3 rg: 57 | total time: 33.38m | eta: 4.2m
step 03386/03814 (88.78%) | loss: 3.554947 | lrm: 0.21 | dt: 587.11ms | tok/sec: 91,566 | bf16_mfu: 0.00 | epoch: 1 pq: 3 rg: 58 | total time: 33.39m | eta: 4.2m
step 03387/03814 (88.80%) | loss: 3.544855 | lrm: 0.21 | dt: 585.75ms | tok/sec: 91,780 | bf16_mfu: 0.00 | epoch: 1 pq: 3 rg: 58 | total time: 33.40m | eta: 4.2m
step 03388/03814 (88.83%) | loss: 3.544046 | lrm: 0.21 | dt: 587.63ms | tok/sec: 91,485 | bf16_mfu: 0.00 | epoch: 1 pq: 3 rg: 58 | total time: 33.41m | eta: 4.2m
step 03389/03814 (88.86%) | loss: 3.547740 | lrm: 0.21 | dt: 586.63ms | tok/sec: 91,641 | bf16_mfu: 0.00 | epoch: 1 pq: 3 rg: 58 | total time: 33.42m | eta: 4.2m
step 03390/03814 (88.88%) | loss: 3.550562 | lrm: 0.21 | dt: 585.58ms | tok/sec: 91,807 | bf16_mfu: 0.00 | epoch: 1 pq: 3 rg: 58 | total time: 33.43m | eta: 4.2m
step 03391/03814 (88.91%) | loss: 3.527224 | lrm: 0.21 | dt: 586.67ms | tok/sec: 91,635 | bf16_mfu: 0.00 | epoch: 1 pq: 3 rg: 58 | total time: 33.44m | eta: 4.2m
step 03392/03814 (88.94%) | loss: 3.519609 | lrm: 0.21 | dt: 588.21ms | tok/sec: 91,395 | bf16_mfu: 0.00 | epoch: 1 pq: 3 rg: 58 | total time: 33.45m | eta: 4.2m
step 03393/03814 (88.96%) | loss: 3.528905 | lrm: 0.21 | dt: 587.17ms | tok/sec: 91,558 | bf16_mfu: 0.00 | epoch: 1 pq: 3 rg: 58 | total time: 33.46m | eta: 4.2m
step 03394/03814 (88.99%) | loss: 3.521474 | lrm: 0.21 | dt: 586.37ms | tok/sec: 91,682 | bf16_mfu: 0.00 | epoch: 1 pq: 3 rg: 58 | total time: 33.47m | eta: 4.2m
step 03395/03814 (89.01%) | loss: 3.510948 | lrm: 0.21 | dt: 586.09ms | tok/sec: 91,725 | bf16_mfu: 0.00 | epoch: 1 pq: 3 rg: 58 | total time: 33.48m | eta: 4.1m
step 03396/03814 (89.04%) | loss: 3.516241 | lrm: 0.21 | dt: 587.88ms | tok/sec: 91,446 | bf16_mfu: 0.00 | epoch: 1 pq: 3 rg: 58 | total time: 33.49m | eta: 4.1m
step 03397/03814 (89.07%) | loss: 3.504084 | lrm: 0.21 | dt: 584.74ms | tok/sec: 91,938 | bf16_mfu: 0.00 | epoch: 1 pq: 3 rg: 59 | total time: 33.50m | eta: 4.1m
step 03398/03814 (89.09%) | loss: 3.496254 | lrm: 0.21 | dt: 590.21ms | tok/sec: 91,085 | bf16_mfu: 0.00 | epoch: 1 pq: 3 rg: 59 | total time: 33.51m | eta: 4.1m
step 03399/03814 (89.12%) | loss: 3.493235 | lrm: 0.21 | dt: 587.19ms | tok/sec: 91,555 | bf16_mfu: 0.00 | epoch: 1 pq: 3 rg: 59 | total time: 33.52m | eta: 4.1m
step 03400/03814 (89.15%) | loss: 3.500792 | lrm: 0.21 | dt: 605.51ms | tok/sec: 88,784 | bf16_mfu: 0.00 | epoch: 1 pq: 3 rg: 59 | total time: 33.53m | eta: 4.1m
step 03401/03814 (89.17%) | loss: 3.483584 | lrm: 0.21 | dt: 586.87ms | tok/sec: 91,604 | bf16_mfu: 0.00 | epoch: 1 pq: 3 rg: 59 | total time: 33.54m | eta: 4.1m
step 03402/03814 (89.20%) | loss: 3.472502 | lrm: 0.21 | dt: 592.78ms | tok/sec: 90,690 | bf16_mfu: 0.00 | epoch: 1 pq: 3 rg: 59 | total time: 33.55m | eta: 4.1m
step 03403/03814 (89.22%) | loss: 3.473606 | lrm: 0.21 | dt: 586.36ms | tok/sec: 91,684 | bf16_mfu: 0.00 | epoch: 1 pq: 3 rg: 59 | total time: 33.56m | eta: 4.1m
step 03404/03814 (89.25%) | loss: 3.480672 | lrm: 0.21 | dt: 592.28ms | tok/sec: 90,768 | bf16_mfu: 0.00 | epoch: 1 pq: 3 rg: 59 | total time: 33.57m | eta: 4.1m
step 03405/03814 (89.28%) | loss: 3.472421 | lrm: 0.21 | dt: 579.64ms | tok/sec: 92,747 | bf16_mfu: 0.00 | epoch: 1 pq: 3 rg: 59 | total time: 33.58m | eta: 4.0m
step 03406/03814 (89.30%) | loss: 3.461322 | lrm: 0.21 | dt: 598.78ms | tok/sec: 89,782 | bf16_mfu: 0.00 | epoch: 1 pq: 3 rg: 59 | total time: 33.59m | eta: 4.0m
step 03407/03814 (89.33%) | loss: 3.472700 | lrm: 0.21 | dt: 592.81ms | tok/sec: 90,687 | bf16_mfu: 0.00 | epoch: 1 pq: 3 rg: 59 | total time: 33.60m | eta: 4.0m
step 03408/03814 (89.36%) | loss: 3.457752 | lrm: 0.21 | dt: 589.88ms | tok/sec: 91,136 | bf16_mfu: 0.00 | epoch: 1 pq: 3 rg: 60 | total time: 33.61m | eta: 4.0m
step 03409/03814 (89.38%) | loss: 3.460049 | lrm: 0.21 | dt: 591.13ms | tok/sec: 90,945 | bf16_mfu: 0.00 | epoch: 1 pq: 3 rg: 60 | total time: 33.62m | eta: 4.0m
step 03410/03814 (89.41%) | loss: 3.481981 | lrm: 0.20 | dt: 594.50ms | tok/sec: 90,428 | bf16_mfu: 0.00 | epoch: 1 pq: 3 rg: 60 | total time: 33.63m | eta: 4.0m
step 03411/03814 (89.43%) | loss: 3.493367 | lrm: 0.20 | dt: 590.98ms | tok/sec: 90,967 | bf16_mfu: 0.00 | epoch: 1 pq: 3 rg: 60 | total time: 33.64m | eta: 4.0m
step 03412/03814 (89.46%) | loss: 3.482475 | lrm: 0.20 | dt: 599.85ms | tok/sec: 89,622 | bf16_mfu: 0.00 | epoch: 1 pq: 3 rg: 60 | total time: 33.65m | eta: 4.0m
step 03413/03814 (89.49%) | loss: 3.490685 | lrm: 0.20 | dt: 580.82ms | tok/sec: 92,559 | bf16_mfu: 0.00 | epoch: 1 pq: 3 rg: 60 | total time: 33.66m | eta: 4.0m
step 03414/03814 (89.51%) | loss: 3.499572 | lrm: 0.20 | dt: 587.40ms | tok/sec: 91,522 | bf16_mfu: 0.00 | epoch: 1 pq: 3 rg: 60 | total time: 33.67m | eta: 4.0m
step 03415/03814 (89.54%) | loss: 3.492437 | lrm: 0.20 | dt: 585.14ms | tok/sec: 91,875 | bf16_mfu: 0.00 | epoch: 1 pq: 3 rg: 60 | total time: 33.68m | eta: 3.9m
step 03416/03814 (89.56%) | loss: 3.488800 | lrm: 0.20 | dt: 597.03ms | tok/sec: 90,045 | bf16_mfu: 0.00 | epoch: 1 pq: 3 rg: 60 | total time: 33.69m | eta: 3.9m
step 03417/03814 (89.59%) | loss: 3.483977 | lrm: 0.20 | dt: 591.32ms | tok/sec: 90,915 | bf16_mfu: 0.00 | epoch: 1 pq: 3 rg: 60 | total time: 33.70m | eta: 3.9m
step 03418/03814 (89.62%) | loss: 3.474080 | lrm: 0.20 | dt: 591.09ms | tok/sec: 90,951 | bf16_mfu: 0.00 | epoch: 1 pq: 3 rg: 60 | total time: 33.71m | eta: 3.9m
step 03419/03814 (89.64%) | loss: 3.482586 | lrm: 0.20 | dt: 604.63ms | tok/sec: 88,913 | bf16_mfu: 0.00 | epoch: 1 pq: 3 rg: 61 | total time: 33.72m | eta: 3.9m
step 03420/03814 (89.67%) | loss: 3.489425 | lrm: 0.20 | dt: 587.92ms | tok/sec: 91,440 | bf16_mfu: 0.00 | epoch: 1 pq: 3 rg: 61 | total time: 33.73m | eta: 3.9m
step 03421/03814 (89.70%) | loss: 3.491496 | lrm: 0.20 | dt: 590.15ms | tok/sec: 91,096 | bf16_mfu: 0.00 | epoch: 1 pq: 3 rg: 61 | total time: 33.74m | eta: 3.9m
step 03422/03814 (89.72%) | loss: 3.498554 | lrm: 0.20 | dt: 594.62ms | tok/sec: 90,411 | bf16_mfu: 0.00 | epoch: 1 pq: 3 rg: 61 | total time: 33.75m | eta: 3.9m
step 03423/03814 (89.75%) | loss: 3.500458 | lrm: 0.20 | dt: 586.51ms | tok/sec: 91,661 | bf16_mfu: 0.00 | epoch: 1 pq: 3 rg: 61 | total time: 33.76m | eta: 3.9m
step 03424/03814 (89.77%) | loss: 3.505343 | lrm: 0.20 | dt: 585.60ms | tok/sec: 91,803 | bf16_mfu: 0.00 | epoch: 1 pq: 3 rg: 61 | total time: 33.77m | eta: 3.9m
step 03425/03814 (89.80%) | loss: 3.523886 | lrm: 0.20 | dt: 596.31ms | tok/sec: 90,153 | bf16_mfu: 0.00 | epoch: 1 pq: 3 rg: 61 | total time: 33.78m | eta: 3.8m
step 03426/03814 (89.83%) | loss: 3.535780 | lrm: 0.20 | dt: 590.25ms | tok/sec: 91,080 | bf16_mfu: 0.00 | epoch: 1 pq: 3 rg: 61 | total time: 33.79m | eta: 3.8m
step 03427/03814 (89.85%) | loss: 3.537358 | lrm: 0.20 | dt: 591.24ms | tok/sec: 90,927 | bf16_mfu: 0.00 | epoch: 1 pq: 3 rg: 61 | total time: 33.80m | eta: 3.8m
step 03428/03814 (89.88%) | loss: 3.519123 | lrm: 0.20 | dt: 589.71ms | tok/sec: 91,163 | bf16_mfu: 0.00 | epoch: 1 pq: 3 rg: 61 | total time: 33.81m | eta: 3.8m
step 03429/03814 (89.91%) | loss: 3.530446 | lrm: 0.20 | dt: 590.79ms | tok/sec: 90,996 | bf16_mfu: 0.00 | epoch: 1 pq: 3 rg: 61 | total time: 33.82m | eta: 3.8m
step 03430/03814 (89.93%) | loss: 3.504463 | lrm: 0.20 | dt: 590.33ms | tok/sec: 91,067 | bf16_mfu: 0.00 | epoch: 1 pq: 3 rg: 62 | total time: 33.83m | eta: 3.8m
step 03431/03814 (89.96%) | loss: 3.484544 | lrm: 0.20 | dt: 599.27ms | tok/sec: 89,708 | bf16_mfu: 0.00 | epoch: 1 pq: 3 rg: 62 | total time: 33.84m | eta: 3.8m
step 03432/03814 (89.98%) | loss: 3.473316 | lrm: 0.20 | dt: 593.89ms | tok/sec: 90,522 | bf16_mfu: 0.00 | epoch: 1 pq: 3 rg: 62 | total time: 33.85m | eta: 3.8m
step 03433/03814 (90.01%) | loss: 3.492508 | lrm: 0.20 | dt: 607.49ms | tok/sec: 88,495 | bf16_mfu: 0.00 | epoch: 1 pq: 3 rg: 62 | total time: 33.86m | eta: 3.8m
step 03434/03814 (90.04%) | loss: 3.474482 | lrm: 0.20 | dt: 591.63ms | tok/sec: 90,867 | bf16_mfu: 0.00 | epoch: 1 pq: 3 rg: 62 | total time: 33.87m | eta: 3.8m
step 03435/03814 (90.06%) | loss: 3.464128 | lrm: 0.20 | dt: 588.88ms | tok/sec: 91,292 | bf16_mfu: 0.00 | epoch: 1 pq: 3 rg: 62 | total time: 33.88m | eta: 3.7m
step 03436/03814 (90.09%) | loss: 3.459828 | lrm: 0.19 | dt: 585.10ms | tok/sec: 91,882 | bf16_mfu: 0.00 | epoch: 1 pq: 3 rg: 62 | total time: 33.89m | eta: 3.7m
step 03437/03814 (90.12%) | loss: 3.477325 | lrm: 0.19 | dt: 596.34ms | tok/sec: 90,150 | bf16_mfu: 0.00 | epoch: 1 pq: 3 rg: 62 | total time: 33.90m | eta: 3.7m
step 03438/03814 (90.14%) | loss: 3.479885 | lrm: 0.19 | dt: 582.86ms | tok/sec: 92,235 | bf16_mfu: 0.00 | epoch: 1 pq: 3 rg: 62 | total time: 33.91m | eta: 3.7m
step 03439/03814 (90.17%) | loss: 3.503270 | lrm: 0.19 | dt: 588.44ms | tok/sec: 91,360 | bf16_mfu: 0.00 | epoch: 1 pq: 3 rg: 62 | total time: 33.92m | eta: 3.7m
step 03440/03814 (90.19%) | loss: 3.510684 | lrm: 0.19 | dt: 595.35ms | tok/sec: 90,299 | bf16_mfu: 0.00 | epoch: 1 pq: 3 rg: 62 | total time: 33.93m | eta: 3.7m
step 03441/03814 (90.22%) | loss: 3.516689 | lrm: 0.19 | dt: 596.48ms | tok/sec: 90,128 | bf16_mfu: 0.00 | epoch: 1 pq: 3 rg: 63 | total time: 33.94m | eta: 3.7m
step 03442/03814 (90.25%) | loss: 3.513879 | lrm: 0.19 | dt: 600.75ms | tok/sec: 89,487 | bf16_mfu: 0.00 | epoch: 1 pq: 3 rg: 63 | total time: 33.95m | eta: 3.7m
step 03443/03814 (90.27%) | loss: 3.535123 | lrm: 0.19 | dt: 594.23ms | tok/sec: 90,470 | bf16_mfu: 0.00 | epoch: 1 pq: 3 rg: 63 | total time: 33.96m | eta: 3.7m
step 03444/03814 (90.30%) | loss: 3.527643 | lrm: 0.19 | dt: 602.99ms | tok/sec: 89,155 | bf16_mfu: 0.00 | epoch: 1 pq: 3 rg: 63 | total time: 33.97m | eta: 3.7m
step 03445/03814 (90.33%) | loss: 3.510916 | lrm: 0.19 | dt: 590.10ms | tok/sec: 91,103 | bf16_mfu: 0.00 | epoch: 1 pq: 3 rg: 63 | total time: 33.98m | eta: 3.6m
step 03446/03814 (90.35%) | loss: 3.506680 | lrm: 0.19 | dt: 591.05ms | tok/sec: 90,957 | bf16_mfu: 0.00 | epoch: 1 pq: 3 rg: 63 | total time: 33.99m | eta: 3.6m
step 03447/03814 (90.38%) | loss: 3.498282 | lrm: 0.19 | dt: 598.80ms | tok/sec: 89,779 | bf16_mfu: 0.00 | epoch: 1 pq: 3 rg: 63 | total time: 34.00m | eta: 3.6m
step 03448/03814 (90.40%) | loss: 3.480953 | lrm: 0.19 | dt: 595.86ms | tok/sec: 90,221 | bf16_mfu: 0.00 | epoch: 1 pq: 3 rg: 63 | total time: 34.01m | eta: 3.6m
step 03449/03814 (90.43%) | loss: 3.490574 | lrm: 0.19 | dt: 588.86ms | tok/sec: 91,294 | bf16_mfu: 0.00 | epoch: 1 pq: 3 rg: 63 | total time: 34.01m | eta: 3.6m
step 03450/03814 (90.46%) | loss: 3.510181 | lrm: 0.19 | dt: 592.09ms | tok/sec: 90,796 | bf16_mfu: 0.00 | epoch: 1 pq: 3 rg: 63 | total time: 34.02m | eta: 3.6m
step 03451/03814 (90.48%) | loss: 3.532767 | lrm: 0.19 | dt: 583.73ms | tok/sec: 92,097 | bf16_mfu: 0.00 | epoch: 1 pq: 3 rg: 63 | total time: 34.03m | eta: 3.6m
step 03452/03814 (90.51%) | loss: 3.523020 | lrm: 0.19 | dt: 589.87ms | tok/sec: 91,138 | bf16_mfu: 0.00 | epoch: 1 pq: 3 rg: 63 | total time: 34.04m | eta: 3.6m
step 03453/03814 (90.53%) | loss: 3.518304 | lrm: 0.19 | dt: 585.01ms | tok/sec: 91,896 | bf16_mfu: 0.00 | epoch: 1 pq: 3 rg: 64 | total time: 34.05m | eta: 3.6m
step 03454/03814 (90.56%) | loss: 3.523304 | lrm: 0.19 | dt: 585.17ms | tok/sec: 91,870 | bf16_mfu: 0.00 | epoch: 1 pq: 3 rg: 64 | total time: 34.06m | eta: 3.6m
step 03455/03814 (90.59%) | loss: 3.534442 | lrm: 0.19 | dt: 590.66ms | tok/sec: 91,016 | bf16_mfu: 0.00 | epoch: 1 pq: 3 rg: 64 | total time: 34.07m | eta: 3.6m
step 03456/03814 (90.61%) | loss: 3.532397 | lrm: 0.19 | dt: 593.79ms | tok/sec: 90,537 | bf16_mfu: 0.00 | epoch: 1 pq: 3 rg: 64 | total time: 34.08m | eta: 3.5m
step 03457/03814 (90.64%) | loss: 3.540715 | lrm: 0.19 | dt: 592.21ms | tok/sec: 90,779 | bf16_mfu: 0.00 | epoch: 1 pq: 3 rg: 64 | total time: 34.09m | eta: 3.5m
step 03458/03814 (90.67%) | loss: 3.545116 | lrm: 0.19 | dt: 615.29ms | tok/sec: 87,373 | bf16_mfu: 0.00 | epoch: 1 pq: 3 rg: 64 | total time: 34.10m | eta: 3.5m
step 03459/03814 (90.69%) | loss: 3.514009 | lrm: 0.19 | dt: 597.47ms | tok/sec: 89,978 | bf16_mfu: 0.00 | epoch: 1 pq: 3 rg: 64 | total time: 34.11m | eta: 3.5m
step 03460/03814 (90.72%) | loss: 3.509742 | lrm: 0.19 | dt: 591.43ms | tok/sec: 90,898 | bf16_mfu: 0.00 | epoch: 1 pq: 3 rg: 64 | total time: 34.12m | eta: 3.5m
step 03461/03814 (90.74%) | loss: 3.504794 | lrm: 0.19 | dt: 589.21ms | tok/sec: 91,240 | bf16_mfu: 0.00 | epoch: 1 pq: 3 rg: 64 | total time: 34.13m | eta: 3.5m
step 03462/03814 (90.77%) | loss: 3.488435 | lrm: 0.18 | dt: 591.38ms | tok/sec: 90,905 | bf16_mfu: 0.00 | epoch: 1 pq: 3 rg: 64 | total time: 34.14m | eta: 3.5m
step 03463/03814 (90.80%) | loss: 3.474408 | lrm: 0.18 | dt: 586.56ms | tok/sec: 91,653 | bf16_mfu: 0.00 | epoch: 1 pq: 3 rg: 64 | total time: 34.15m | eta: 3.5m
step 03464/03814 (90.82%) | loss: 3.474285 | lrm: 0.18 | dt: 597.32ms | tok/sec: 90,001 | bf16_mfu: 0.00 | epoch: 1 pq: 3 rg: 65 | total time: 34.16m | eta: 3.5m
step 03465/03814 (90.85%) | loss: 3.483107 | lrm: 0.18 | dt: 592.86ms | tok/sec: 90,678 | bf16_mfu: 0.00 | epoch: 1 pq: 3 rg: 65 | total time: 34.17m | eta: 3.5m
step 03466/03814 (90.88%) | loss: 3.481982 | lrm: 0.18 | dt: 599.40ms | tok/sec: 89,690 | bf16_mfu: 0.00 | epoch: 1 pq: 3 rg: 65 | total time: 34.18m | eta: 3.4m
step 03467/03814 (90.90%) | loss: 3.470946 | lrm: 0.18 | dt: 590.25ms | tok/sec: 91,080 | bf16_mfu: 0.00 | epoch: 1 pq: 3 rg: 65 | total time: 34.19m | eta: 3.4m
step 03468/03814 (90.93%) | loss: 3.473949 | lrm: 0.18 | dt: 590.14ms | tok/sec: 91,096 | bf16_mfu: 0.00 | epoch: 1 pq: 3 rg: 65 | total time: 34.20m | eta: 3.4m
step 03469/03814 (90.95%) | loss: 3.478591 | lrm: 0.18 | dt: 588.32ms | tok/sec: 91,379 | bf16_mfu: 0.00 | epoch: 1 pq: 3 rg: 65 | total time: 34.21m | eta: 3.4m
step 03470/03814 (90.98%) | loss: 3.480123 | lrm: 0.18 | dt: 595.95ms | tok/sec: 90,209 | bf16_mfu: 0.00 | epoch: 1 pq: 3 rg: 65 | total time: 34.22m | eta: 3.4m
step 03471/03814 (91.01%) | loss: 3.486931 | lrm: 0.18 | dt: 587.79ms | tok/sec: 91,460 | bf16_mfu: 0.00 | epoch: 1 pq: 3 rg: 65 | total time: 34.23m | eta: 3.4m
step 03472/03814 (91.03%) | loss: 3.459164 | lrm: 0.18 | dt: 585.92ms | tok/sec: 91,753 | bf16_mfu: 0.00 | epoch: 1 pq: 3 rg: 65 | total time: 34.24m | eta: 3.4m
step 03473/03814 (91.06%) | loss: 3.455568 | lrm: 0.18 | dt: 584.75ms | tok/sec: 91,936 | bf16_mfu: 0.00 | epoch: 1 pq: 3 rg: 65 | total time: 34.25m | eta: 3.4m
step 03474/03814 (91.09%) | loss: 3.461175 | lrm: 0.18 | dt: 581.58ms | tok/sec: 92,438 | bf16_mfu: 0.00 | epoch: 1 pq: 3 rg: 65 | total time: 34.26m | eta: 3.4m
step 03475/03814 (91.11%) | loss: 3.470468 | lrm: 0.18 | dt: 593.66ms | tok/sec: 90,557 | bf16_mfu: 0.00 | epoch: 1 pq: 3 rg: 66 | total time: 34.27m | eta: 3.4m
step 03476/03814 (91.14%) | loss: 3.465678 | lrm: 0.18 | dt: 589.73ms | tok/sec: 91,160 | bf16_mfu: 0.00 | epoch: 1 pq: 3 rg: 66 | total time: 34.28m | eta: 3.3m
step 03477/03814 (91.16%) | loss: 3.469163 | lrm: 0.18 | dt: 589.65ms | tok/sec: 91,173 | bf16_mfu: 0.00 | epoch: 1 pq: 3 rg: 66 | total time: 34.29m | eta: 3.3m
step 03478/03814 (91.19%) | loss: 3.500753 | lrm: 0.18 | dt: 589.63ms | tok/sec: 91,175 | bf16_mfu: 0.00 | epoch: 1 pq: 3 rg: 66 | total time: 34.30m | eta: 3.3m
step 03479/03814 (91.22%) | loss: 3.502738 | lrm: 0.18 | dt: 590.29ms | tok/sec: 91,073 | bf16_mfu: 0.00 | epoch: 1 pq: 3 rg: 66 | total time: 34.31m | eta: 3.3m
step 03480/03814 (91.24%) | loss: 3.491462 | lrm: 0.18 | dt: 587.16ms | tok/sec: 91,559 | bf16_mfu: 0.00 | epoch: 1 pq: 3 rg: 66 | total time: 34.32m | eta: 3.3m
step 03481/03814 (91.27%) | loss: 3.497084 | lrm: 0.18 | dt: 591.15ms | tok/sec: 90,940 | bf16_mfu: 0.00 | epoch: 1 pq: 3 rg: 66 | total time: 34.33m | eta: 3.3m
step 03482/03814 (91.30%) | loss: 3.514303 | lrm: 0.18 | dt: 595.75ms | tok/sec: 90,239 | bf16_mfu: 0.00 | epoch: 1 pq: 3 rg: 66 | total time: 34.34m | eta: 3.3m
step 03483/03814 (91.32%) | loss: 3.514894 | lrm: 0.18 | dt: 588.44ms | tok/sec: 91,359 | bf16_mfu: 0.00 | epoch: 1 pq: 3 rg: 66 | total time: 34.35m | eta: 3.3m
step 03484/03814 (91.35%) | loss: 3.505555 | lrm: 0.18 | dt: 593.96ms | tok/sec: 90,510 | bf16_mfu: 0.00 | epoch: 1 pq: 3 rg: 66 | total time: 34.36m | eta: 3.3m
step 03485/03814 (91.37%) | loss: 3.498492 | lrm: 0.18 | dt: 597.85ms | tok/sec: 89,922 | bf16_mfu: 0.00 | epoch: 1 pq: 3 rg: 66 | total time: 34.37m | eta: 3.3m
step 03486/03814 (91.40%) | loss: 3.498890 | lrm: 0.18 | dt: 589.77ms | tok/sec: 91,154 | bf16_mfu: 0.00 | epoch: 1 pq: 3 rg: 67 | total time: 34.38m | eta: 3.2m
step 03487/03814 (91.43%) | loss: 3.497216 | lrm: 0.18 | dt: 589.22ms | tok/sec: 91,239 | bf16_mfu: 0.00 | epoch: 1 pq: 3 rg: 67 | total time: 34.39m | eta: 3.2m
step 03488/03814 (91.45%) | loss: 3.488515 | lrm: 0.17 | dt: 589.21ms | tok/sec: 91,241 | bf16_mfu: 0.00 | epoch: 1 pq: 3 rg: 67 | total time: 34.40m | eta: 3.2m
step 03489/03814 (91.48%) | loss: 3.506282 | lrm: 0.17 | dt: 588.18ms | tok/sec: 91,400 | bf16_mfu: 0.00 | epoch: 1 pq: 3 rg: 67 | total time: 34.41m | eta: 3.2m
step 03490/03814 (91.50%) | loss: 3.503063 | lrm: 0.17 | dt: 586.84ms | tok/sec: 91,609 | bf16_mfu: 0.00 | epoch: 1 pq: 3 rg: 67 | total time: 34.42m | eta: 3.2m
step 03491/03814 (91.53%) | loss: 3.499887 | lrm: 0.17 | dt: 593.09ms | tok/sec: 90,644 | bf16_mfu: 0.00 | epoch: 1 pq: 3 rg: 67 | total time: 34.43m | eta: 3.2m
step 03492/03814 (91.56%) | loss: 3.515952 | lrm: 0.17 | dt: 587.00ms | tok/sec: 91,583 | bf16_mfu: 0.00 | epoch: 1 pq: 3 rg: 67 | total time: 34.44m | eta: 3.2m
step 03493/03814 (91.58%) | loss: 3.512780 | lrm: 0.17 | dt: 582.46ms | tok/sec: 92,297 | bf16_mfu: 0.00 | epoch: 1 pq: 3 rg: 67 | total time: 34.45m | eta: 3.2m
step 03494/03814 (91.61%) | loss: 3.493909 | lrm: 0.17 | dt: 585.53ms | tok/sec: 91,814 | bf16_mfu: 0.00 | epoch: 1 pq: 3 rg: 67 | total time: 34.46m | eta: 3.2m
step 03495/03814 (91.64%) | loss: 3.485788 | lrm: 0.17 | dt: 588.12ms | tok/sec: 91,410 | bf16_mfu: 0.00 | epoch: 1 pq: 3 rg: 67 | total time: 34.47m | eta: 3.2m
step 03496/03814 (91.66%) | loss: 3.501467 | lrm: 0.17 | dt: 596.85ms | tok/sec: 90,073 | bf16_mfu: 0.00 | epoch: 1 pq: 3 rg: 67 | total time: 34.48m | eta: 3.1m
step 03497/03814 (91.69%) | loss: 3.494044 | lrm: 0.17 | dt: 594.00ms | tok/sec: 90,504 | bf16_mfu: 0.00 | epoch: 1 pq: 3 rg: 68 | total time: 34.49m | eta: 3.1m
step 03498/03814 (91.71%) | loss: 3.481606 | lrm: 0.17 | dt: 590.66ms | tok/sec: 91,016 | bf16_mfu: 0.00 | epoch: 1 pq: 3 rg: 68 | total time: 34.50m | eta: 3.1m
step 03499/03814 (91.74%) | loss: 3.493155 | lrm: 0.17 | dt: 584.41ms | tok/sec: 91,990 | bf16_mfu: 0.00 | epoch: 1 pq: 3 rg: 68 | total time: 34.51m | eta: 3.1m
Step 03500 | Validation bpb: 0.785474
step 03500/03814 (91.77%) | loss: 3.486392 | lrm: 0.17 | dt: 577.40ms | tok/sec: 93,107 | bf16_mfu: 0.00 | epoch: 1 pq: 3 rg: 68 | total time: 34.52m | eta: 3.1m
step 03501/03814 (91.79%) | loss: 3.486424 | lrm: 0.17 | dt: 580.90ms | tok/sec: 92,546 | bf16_mfu: 0.00 | epoch: 1 pq: 3 rg: 68 | total time: 34.53m | eta: 3.1m
step 03502/03814 (91.82%) | loss: 3.488959 | lrm: 0.17 | dt: 749.00ms | tok/sec: 71,775 | bf16_mfu: 0.00 | epoch: 1 pq: 3 rg: 68 | total time: 34.54m | eta: 3.1m
step 03503/03814 (91.85%) | loss: 3.491094 | lrm: 0.17 | dt: 605.38ms | tok/sec: 88,804 | bf16_mfu: 0.00 | epoch: 1 pq: 3 rg: 68 | total time: 34.55m | eta: 3.1m
step 03504/03814 (91.87%) | loss: 3.494746 | lrm: 0.17 | dt: 570.97ms | tok/sec: 94,155 | bf16_mfu: 0.00 | epoch: 1 pq: 3 rg: 68 | total time: 34.56m | eta: 3.1m
step 03505/03814 (91.90%) | loss: 3.472297 | lrm: 0.17 | dt: 565.88ms | tok/sec: 95,003 | bf16_mfu: 0.00 | epoch: 1 pq: 3 rg: 68 | total time: 34.57m | eta: 3.1m
step 03506/03814 (91.92%) | loss: 3.475325 | lrm: 0.17 | dt: 575.32ms | tok/sec: 93,443 | bf16_mfu: 0.00 | epoch: 1 pq: 3 rg: 68 | total time: 34.58m | eta: 3.0m
step 03507/03814 (91.95%) | loss: 3.470659 | lrm: 0.17 | dt: 576.66ms | tok/sec: 93,226 | bf16_mfu: 0.00 | epoch: 1 pq: 3 rg: 68 | total time: 34.59m | eta: 3.0m
step 03508/03814 (91.98%) | loss: 3.462746 | lrm: 0.17 | dt: 569.04ms | tok/sec: 94,475 | bf16_mfu: 0.00 | epoch: 1 pq: 3 rg: 68 | total time: 34.60m | eta: 3.0m
step 03509/03814 (92.00%) | loss: 3.478335 | lrm: 0.17 | dt: 708.01ms | tok/sec: 75,931 | bf16_mfu: 0.00 | epoch: 1 pq: 3 rg: 69 | total time: 34.61m | eta: 3.0m
step 03510/03814 (92.03%) | loss: 3.492811 | lrm: 0.17 | dt: 571.69ms | tok/sec: 94,036 | bf16_mfu: 0.00 | epoch: 1 pq: 3 rg: 69 | total time: 34.62m | eta: 3.0m
step 03511/03814 (92.06%) | loss: 3.472451 | lrm: 0.17 | dt: 583.55ms | tok/sec: 92,125 | bf16_mfu: 0.00 | epoch: 1 pq: 3 rg: 69 | total time: 34.63m | eta: 3.0m
step 03512/03814 (92.08%) | loss: 3.455444 | lrm: 0.17 | dt: 572.30ms | tok/sec: 93,936 | bf16_mfu: 0.00 | epoch: 1 pq: 3 rg: 69 | total time: 34.64m | eta: 3.0m
step 03513/03814 (92.11%) | loss: 3.453931 | lrm: 0.17 | dt: 580.12ms | tok/sec: 92,670 | bf16_mfu: 0.00 | epoch: 1 pq: 3 rg: 69 | total time: 34.65m | eta: 3.0m
step 03514/03814 (92.13%) | loss: 3.450154 | lrm: 0.16 | dt: 577.11ms | tok/sec: 93,153 | bf16_mfu: 0.00 | epoch: 1 pq: 3 rg: 69 | total time: 34.66m | eta: 3.0m
step 03515/03814 (92.16%) | loss: 3.440712 | lrm: 0.16 | dt: 579.21ms | tok/sec: 92,815 | bf16_mfu: 0.00 | epoch: 1 pq: 3 rg: 69 | total time: 34.67m | eta: 3.0m
step 03516/03814 (92.19%) | loss: 3.459161 | lrm: 0.16 | dt: 567.35ms | tok/sec: 94,756 | bf16_mfu: 0.00 | epoch: 1 pq: 3 rg: 69 | total time: 34.68m | eta: 2.9m
step 03517/03814 (92.21%) | loss: 3.473828 | lrm: 0.16 | dt: 577.83ms | tok/sec: 93,038 | bf16_mfu: 0.00 | epoch: 1 pq: 3 rg: 69 | total time: 34.69m | eta: 2.9m
step 03518/03814 (92.24%) | loss: 3.461320 | lrm: 0.16 | dt: 576.77ms | tok/sec: 93,209 | bf16_mfu: 0.00 | epoch: 1 pq: 3 rg: 69 | total time: 34.69m | eta: 2.9m
step 03519/03814 (92.27%) | loss: 3.453912 | lrm: 0.16 | dt: 569.90ms | tok/sec: 94,331 | bf16_mfu: 0.00 | epoch: 1 pq: 3 rg: 69 | total time: 34.70m | eta: 2.9m
step 03520/03814 (92.29%) | loss: 3.449216 | lrm: 0.16 | dt: 573.53ms | tok/sec: 93,735 | bf16_mfu: 0.00 | epoch: 1 pq: 3 rg: 70 | total time: 34.71m | eta: 2.9m
step 03521/03814 (92.32%) | loss: 3.434411 | lrm: 0.16 | dt: 588.33ms | tok/sec: 91,377 | bf16_mfu: 0.00 | epoch: 1 pq: 3 rg: 70 | total time: 34.72m | eta: 2.9m
step 03522/03814 (92.34%) | loss: 3.437960 | lrm: 0.16 | dt: 579.02ms | tok/sec: 92,845 | bf16_mfu: 0.00 | epoch: 1 pq: 3 rg: 70 | total time: 34.73m | eta: 2.9m
step 03523/03814 (92.37%) | loss: 3.421614 | lrm: 0.16 | dt: 570.09ms | tok/sec: 94,300 | bf16_mfu: 0.00 | epoch: 1 pq: 3 rg: 70 | total time: 34.74m | eta: 2.9m
step 03524/03814 (92.40%) | loss: 3.431528 | lrm: 0.16 | dt: 588.20ms | tok/sec: 91,397 | bf16_mfu: 0.00 | epoch: 1 pq: 3 rg: 70 | total time: 34.75m | eta: 2.9m
step 03525/03814 (92.42%) | loss: 3.435312 | lrm: 0.16 | dt: 581.95ms | tok/sec: 92,379 | bf16_mfu: 0.00 | epoch: 1 pq: 3 rg: 70 | total time: 34.76m | eta: 2.9m
step 03526/03814 (92.45%) | loss: 3.440381 | lrm: 0.16 | dt: 573.04ms | tok/sec: 93,815 | bf16_mfu: 0.00 | epoch: 1 pq: 3 rg: 70 | total time: 34.77m | eta: 2.8m
step 03527/03814 (92.48%) | loss: 3.430445 | lrm: 0.16 | dt: 568.58ms | tok/sec: 94,550 | bf16_mfu: 0.00 | epoch: 1 pq: 3 rg: 70 | total time: 34.78m | eta: 2.8m
step 03528/03814 (92.50%) | loss: 3.423832 | lrm: 0.16 | dt: 757.40ms | tok/sec: 70,979 | bf16_mfu: 0.00 | epoch: 1 pq: 3 rg: 70 | total time: 34.79m | eta: 2.8m
step 03529/03814 (92.53%) | loss: 3.409661 | lrm: 0.16 | dt: 576.29ms | tok/sec: 93,285 | bf16_mfu: 0.00 | epoch: 1 pq: 3 rg: 70 | total time: 34.80m | eta: 2.8m
step 03530/03814 (92.55%) | loss: 3.414757 | lrm: 0.16 | dt: 572.03ms | tok/sec: 93,980 | bf16_mfu: 0.00 | epoch: 1 pq: 3 rg: 70 | total time: 34.81m | eta: 2.8m
step 03531/03814 (92.58%) | loss: 3.419825 | lrm: 0.16 | dt: 667.83ms | tok/sec: 80,499 | bf16_mfu: 0.00 | epoch: 1 pq: 3 rg: 71 | total time: 34.82m | eta: 2.8m
step 03532/03814 (92.61%) | loss: 3.404066 | lrm: 0.16 | dt: 584.80ms | tok/sec: 91,928 | bf16_mfu: 0.00 | epoch: 1 pq: 3 rg: 71 | total time: 34.83m | eta: 2.8m
step 03533/03814 (92.63%) | loss: 3.401783 | lrm: 0.16 | dt: 569.22ms | tok/sec: 94,444 | bf16_mfu: 0.00 | epoch: 1 pq: 3 rg: 71 | total time: 34.84m | eta: 2.8m
step 03534/03814 (92.66%) | loss: 3.409983 | lrm: 0.16 | dt: 627.25ms | tok/sec: 85,707 | bf16_mfu: 0.00 | epoch: 1 pq: 3 rg: 71 | total time: 34.85m | eta: 2.8m
step 03535/03814 (92.68%) | loss: 3.395140 | lrm: 0.16 | dt: 576.74ms | tok/sec: 93,213 | bf16_mfu: 0.00 | epoch: 1 pq: 3 rg: 71 | total time: 34.86m | eta: 2.8m
step 03536/03814 (92.71%) | loss: 3.389784 | lrm: 0.16 | dt: 577.68ms | tok/sec: 93,062 | bf16_mfu: 0.00 | epoch: 1 pq: 3 rg: 71 | total time: 34.87m | eta: 2.7m
step 03537/03814 (92.74%) | loss: 3.399399 | lrm: 0.16 | dt: 573.94ms | tok/sec: 93,669 | bf16_mfu: 0.00 | epoch: 1 pq: 3 rg: 71 | total time: 34.88m | eta: 2.7m
step 03538/03814 (92.76%) | loss: 3.404508 | lrm: 0.16 | dt: 580.78ms | tok/sec: 92,564 | bf16_mfu: 0.00 | epoch: 1 pq: 3 rg: 71 | total time: 34.89m | eta: 2.7m
step 03539/03814 (92.79%) | loss: 3.416110 | lrm: 0.16 | dt: 567.51ms | tok/sec: 94,729 | bf16_mfu: 0.00 | epoch: 1 pq: 3 rg: 71 | total time: 34.90m | eta: 2.7m
step 03540/03814 (92.82%) | loss: 3.412756 | lrm: 0.16 | dt: 568.29ms | tok/sec: 94,599 | bf16_mfu: 0.00 | epoch: 1 pq: 3 rg: 71 | total time: 34.91m | eta: 2.7m
step 03541/03814 (92.84%) | loss: 3.416477 | lrm: 0.15 | dt: 568.62ms | tok/sec: 94,544 | bf16_mfu: 0.00 | epoch: 1 pq: 3 rg: 71 | total time: 34.92m | eta: 2.7m
step 03542/03814 (92.87%) | loss: 3.411313 | lrm: 0.15 | dt: 580.35ms | tok/sec: 92,633 | bf16_mfu: 0.00 | epoch: 1 pq: 3 rg: 72 | total time: 34.93m | eta: 2.7m
step 03543/03814 (92.89%) | loss: 3.404327 | lrm: 0.15 | dt: 574.12ms | tok/sec: 93,638 | bf16_mfu: 0.00 | epoch: 1 pq: 3 rg: 72 | total time: 34.94m | eta: 2.7m
step 03544/03814 (92.92%) | loss: 3.398094 | lrm: 0.15 | dt: 571.72ms | tok/sec: 94,031 | bf16_mfu: 0.00 | epoch: 1 pq: 3 rg: 72 | total time: 34.95m | eta: 2.7m
step 03545/03814 (92.95%) | loss: 3.386298 | lrm: 0.15 | dt: 584.76ms | tok/sec: 91,934 | bf16_mfu: 0.00 | epoch: 1 pq: 3 rg: 72 | total time: 34.96m | eta: 2.7m
step 03546/03814 (92.97%) | loss: 3.417353 | lrm: 0.15 | dt: 580.51ms | tok/sec: 92,608 | bf16_mfu: 0.00 | epoch: 1 pq: 3 rg: 72 | total time: 34.97m | eta: 2.7m
step 03547/03814 (93.00%) | loss: 3.404787 | lrm: 0.15 | dt: 573.67ms | tok/sec: 93,711 | bf16_mfu: 0.00 | epoch: 1 pq: 3 rg: 72 | total time: 34.98m | eta: 2.6m
step 03548/03814 (93.03%) | loss: 3.416200 | lrm: 0.15 | dt: 582.93ms | tok/sec: 92,224 | bf16_mfu: 0.00 | epoch: 1 pq: 3 rg: 72 | total time: 34.99m | eta: 2.6m
step 03549/03814 (93.05%) | loss: 3.416476 | lrm: 0.15 | dt: 578.88ms | tok/sec: 92,869 | bf16_mfu: 0.00 | epoch: 1 pq: 3 rg: 72 | total time: 35.00m | eta: 2.6m
step 03550/03814 (93.08%) | loss: 3.430339 | lrm: 0.15 | dt: 576.51ms | tok/sec: 93,250 | bf16_mfu: 0.00 | epoch: 1 pq: 3 rg: 72 | total time: 35.01m | eta: 2.6m
step 03551/03814 (93.10%) | loss: 3.432192 | lrm: 0.15 | dt: 580.02ms | tok/sec: 92,685 | bf16_mfu: 0.00 | epoch: 1 pq: 3 rg: 72 | total time: 35.02m | eta: 2.6m
step 03552/03814 (93.13%) | loss: 3.442811 | lrm: 0.15 | dt: 573.58ms | tok/sec: 93,727 | bf16_mfu: 0.00 | epoch: 1 pq: 3 rg: 72 | total time: 35.03m | eta: 2.6m
step 03553/03814 (93.16%) | loss: 3.451111 | lrm: 0.15 | dt: 575.21ms | tok/sec: 93,461 | bf16_mfu: 0.00 | epoch: 1 pq: 3 rg: 73 | total time: 35.04m | eta: 2.6m
step 03554/03814 (93.18%) | loss: 3.456702 | lrm: 0.15 | dt: 576.38ms | tok/sec: 93,271 | bf16_mfu: 0.00 | epoch: 1 pq: 3 rg: 73 | total time: 35.05m | eta: 2.6m
step 03555/03814 (93.21%) | loss: 3.437543 | lrm: 0.15 | dt: 583.41ms | tok/sec: 92,147 | bf16_mfu: 0.00 | epoch: 1 pq: 3 rg: 73 | total time: 35.06m | eta: 2.6m
step 03556/03814 (93.24%) | loss: 3.463828 | lrm: 0.15 | dt: 573.24ms | tok/sec: 93,782 | bf16_mfu: 0.00 | epoch: 1 pq: 3 rg: 73 | total time: 35.07m | eta: 2.6m
step 03557/03814 (93.26%) | loss: 3.443352 | lrm: 0.15 | dt: 572.31ms | tok/sec: 93,935 | bf16_mfu: 0.00 | epoch: 1 pq: 3 rg: 73 | total time: 35.07m | eta: 2.5m
step 03558/03814 (93.29%) | loss: 3.451060 | lrm: 0.15 | dt: 584.87ms | tok/sec: 91,918 | bf16_mfu: 0.00 | epoch: 1 pq: 3 rg: 73 | total time: 35.08m | eta: 2.5m
step 03559/03814 (93.31%) | loss: 3.458165 | lrm: 0.15 | dt: 579.13ms | tok/sec: 92,828 | bf16_mfu: 0.00 | epoch: 1 pq: 3 rg: 73 | total time: 35.09m | eta: 2.5m
step 03560/03814 (93.34%) | loss: 3.471829 | lrm: 0.15 | dt: 573.74ms | tok/sec: 93,701 | bf16_mfu: 0.00 | epoch: 1 pq: 3 rg: 73 | total time: 35.10m | eta: 2.5m
step 03561/03814 (93.37%) | loss: 3.473955 | lrm: 0.15 | dt: 584.14ms | tok/sec: 92,033 | bf16_mfu: 0.00 | epoch: 1 pq: 3 rg: 73 | total time: 35.11m | eta: 2.5m
step 03562/03814 (93.39%) | loss: 3.467568 | lrm: 0.15 | dt: 573.32ms | tok/sec: 93,769 | bf16_mfu: 0.00 | epoch: 1 pq: 3 rg: 73 | total time: 35.12m | eta: 2.5m
step 03563/03814 (93.42%) | loss: 3.481755 | lrm: 0.15 | dt: 580.37ms | tok/sec: 92,630 | bf16_mfu: 0.00 | epoch: 1 pq: 3 rg: 73 | total time: 35.13m | eta: 2.5m
step 03564/03814 (93.45%) | loss: 3.478630 | lrm: 0.15 | dt: 589.16ms | tok/sec: 91,248 | bf16_mfu: 0.00 | epoch: 1 pq: 3 rg: 74 | total time: 35.14m | eta: 2.5m
step 03565/03814 (93.47%) | loss: 3.476448 | lrm: 0.15 | dt: 582.22ms | tok/sec: 92,336 | bf16_mfu: 0.00 | epoch: 1 pq: 3 rg: 74 | total time: 35.15m | eta: 2.5m
step 03566/03814 (93.50%) | loss: 3.472909 | lrm: 0.15 | dt: 573.13ms | tok/sec: 93,800 | bf16_mfu: 0.00 | epoch: 1 pq: 3 rg: 74 | total time: 35.16m | eta: 2.5m
step 03567/03814 (93.52%) | loss: 3.474185 | lrm: 0.14 | dt: 586.22ms | tok/sec: 91,705 | bf16_mfu: 0.00 | epoch: 1 pq: 3 rg: 74 | total time: 35.17m | eta: 2.4m
step 03568/03814 (93.55%) | loss: 3.486376 | lrm: 0.14 | dt: 734.30ms | tok/sec: 73,212 | bf16_mfu: 0.00 | epoch: 1 pq: 3 rg: 74 | total time: 35.18m | eta: 2.4m
step 03569/03814 (93.58%) | loss: 3.477463 | lrm: 0.14 | dt: 582.90ms | tok/sec: 92,228 | bf16_mfu: 0.00 | epoch: 1 pq: 3 rg: 74 | total time: 35.19m | eta: 2.4m
step 03570/03814 (93.60%) | loss: 3.479738 | lrm: 0.14 | dt: 581.95ms | tok/sec: 92,379 | bf16_mfu: 0.00 | epoch: 1 pq: 3 rg: 74 | total time: 35.20m | eta: 2.4m
step 03571/03814 (93.63%) | loss: 3.482033 | lrm: 0.14 | dt: 588.32ms | tok/sec: 91,379 | bf16_mfu: 0.00 | epoch: 1 pq: 3 rg: 74 | total time: 35.21m | eta: 2.4m
step 03572/03814 (93.65%) | loss: 3.467768 | lrm: 0.14 | dt: 570.49ms | tok/sec: 94,234 | bf16_mfu: 0.00 | epoch: 1 pq: 3 rg: 74 | total time: 35.22m | eta: 2.4m
step 03573/03814 (93.68%) | loss: 3.473135 | lrm: 0.14 | dt: 581.89ms | tok/sec: 92,388 | bf16_mfu: 0.00 | epoch: 1 pq: 3 rg: 74 | total time: 35.23m | eta: 2.4m
step 03574/03814 (93.71%) | loss: 3.476338 | lrm: 0.14 | dt: 574.20ms | tok/sec: 93,625 | bf16_mfu: 0.00 | epoch: 1 pq: 3 rg: 74 | total time: 35.24m | eta: 2.4m
step 03575/03814 (93.73%) | loss: 3.467750 | lrm: 0.14 | dt: 582.18ms | tok/sec: 92,342 | bf16_mfu: 0.00 | epoch: 1 pq: 3 rg: 75 | total time: 35.25m | eta: 2.4m
step 03576/03814 (93.76%) | loss: 3.469588 | lrm: 0.14 | dt: 580.09ms | tok/sec: 92,675 | bf16_mfu: 0.00 | epoch: 1 pq: 3 rg: 75 | total time: 35.26m | eta: 2.4m
step 03577/03814 (93.79%) | loss: 3.521736 | lrm: 0.14 | dt: 575.55ms | tok/sec: 93,406 | bf16_mfu: 0.00 | epoch: 1 pq: 3 rg: 75 | total time: 35.27m | eta: 2.3m
step 03578/03814 (93.81%) | loss: 3.511492 | lrm: 0.14 | dt: 586.11ms | tok/sec: 91,722 | bf16_mfu: 0.00 | epoch: 1 pq: 3 rg: 75 | total time: 35.28m | eta: 2.3m
step 03579/03814 (93.84%) | loss: 3.512289 | lrm: 0.14 | dt: 587.16ms | tok/sec: 91,558 | bf16_mfu: 0.00 | epoch: 1 pq: 3 rg: 75 | total time: 35.29m | eta: 2.3m
step 03580/03814 (93.86%) | loss: 3.517302 | lrm: 0.14 | dt: 587.36ms | tok/sec: 91,527 | bf16_mfu: 0.00 | epoch: 1 pq: 3 rg: 75 | total time: 35.30m | eta: 2.3m
step 03581/03814 (93.89%) | loss: 3.525678 | lrm: 0.14 | dt: 585.25ms | tok/sec: 91,858 | bf16_mfu: 0.00 | epoch: 1 pq: 3 rg: 75 | total time: 35.31m | eta: 2.3m
step 03582/03814 (93.92%) | loss: 3.526806 | lrm: 0.14 | dt: 587.16ms | tok/sec: 91,559 | bf16_mfu: 0.00 | epoch: 1 pq: 3 rg: 75 | total time: 35.32m | eta: 2.3m
step 03583/03814 (93.94%) | loss: 3.510338 | lrm: 0.14 | dt: 583.22ms | tok/sec: 92,177 | bf16_mfu: 0.00 | epoch: 1 pq: 3 rg: 75 | total time: 35.33m | eta: 2.3m
step 03584/03814 (93.97%) | loss: 3.500299 | lrm: 0.14 | dt: 578.60ms | tok/sec: 92,913 | bf16_mfu: 0.00 | epoch: 1 pq: 3 rg: 75 | total time: 35.34m | eta: 2.3m
step 03585/03814 (94.00%) | loss: 3.511295 | lrm: 0.14 | dt: 580.14ms | tok/sec: 92,666 | bf16_mfu: 0.00 | epoch: 1 pq: 3 rg: 75 | total time: 35.35m | eta: 2.3m
step 03586/03814 (94.02%) | loss: 3.495831 | lrm: 0.14 | dt: 586.76ms | tok/sec: 91,622 | bf16_mfu: 0.00 | epoch: 1 pq: 3 rg: 75 | total time: 35.36m | eta: 2.3m
step 03587/03814 (94.05%) | loss: 3.496148 | lrm: 0.14 | dt: 584.88ms | tok/sec: 91,916 | bf16_mfu: 0.00 | epoch: 1 pq: 3 rg: 76 | total time: 35.37m | eta: 2.2m
step 03588/03814 (94.07%) | loss: 3.510437 | lrm: 0.14 | dt: 585.47ms | tok/sec: 91,823 | bf16_mfu: 0.00 | epoch: 1 pq: 3 rg: 76 | total time: 35.38m | eta: 2.2m
step 03589/03814 (94.10%) | loss: 3.507740 | lrm: 0.14 | dt: 574.33ms | tok/sec: 93,604 | bf16_mfu: 0.00 | epoch: 1 pq: 3 rg: 76 | total time: 35.39m | eta: 2.2m
step 03590/03814 (94.13%) | loss: 3.502609 | lrm: 0.14 | dt: 582.30ms | tok/sec: 92,324 | bf16_mfu: 0.00 | epoch: 1 pq: 3 rg: 76 | total time: 35.40m | eta: 2.2m
step 03591/03814 (94.15%) | loss: 3.488851 | lrm: 0.14 | dt: 586.21ms | tok/sec: 91,707 | bf16_mfu: 0.00 | epoch: 1 pq: 3 rg: 76 | total time: 35.41m | eta: 2.2m
step 03592/03814 (94.18%) | loss: 3.496511 | lrm: 0.14 | dt: 586.53ms | tok/sec: 91,656 | bf16_mfu: 0.00 | epoch: 1 pq: 3 rg: 76 | total time: 35.42m | eta: 2.2m
step 03593/03814 (94.21%) | loss: 3.496883 | lrm: 0.13 | dt: 582.09ms | tok/sec: 92,356 | bf16_mfu: 0.00 | epoch: 1 pq: 3 rg: 76 | total time: 35.43m | eta: 2.2m
step 03594/03814 (94.23%) | loss: 3.492384 | lrm: 0.13 | dt: 573.11ms | tok/sec: 93,804 | bf16_mfu: 0.00 | epoch: 1 pq: 3 rg: 76 | total time: 35.44m | eta: 2.2m
step 03595/03814 (94.26%) | loss: 3.503332 | lrm: 0.13 | dt: 584.73ms | tok/sec: 91,940 | bf16_mfu: 0.00 | epoch: 1 pq: 3 rg: 76 | total time: 35.45m | eta: 2.2m
step 03596/03814 (94.28%) | loss: 3.508502 | lrm: 0.13 | dt: 585.46ms | tok/sec: 91,824 | bf16_mfu: 0.00 | epoch: 1 pq: 3 rg: 76 | total time: 35.46m | eta: 2.2m
step 03597/03814 (94.31%) | loss: 3.514101 | lrm: 0.13 | dt: 573.63ms | tok/sec: 93,719 | bf16_mfu: 0.00 | epoch: 1 pq: 3 rg: 76 | total time: 35.47m | eta: 2.1m
step 03598/03814 (94.34%) | loss: 3.510451 | lrm: 0.13 | dt: 582.04ms | tok/sec: 92,364 | bf16_mfu: 0.00 | epoch: 1 pq: 3 rg: 77 | total time: 35.47m | eta: 2.1m
step 03599/03814 (94.36%) | loss: 3.503002 | lrm: 0.13 | dt: 586.17ms | tok/sec: 91,713 | bf16_mfu: 0.00 | epoch: 1 pq: 3 rg: 77 | total time: 35.48m | eta: 2.1m
step 03600/03814 (94.39%) | loss: 3.500097 | lrm: 0.13 | dt: 588.94ms | tok/sec: 91,282 | bf16_mfu: 0.00 | epoch: 1 pq: 3 rg: 77 | total time: 35.49m | eta: 2.1m
step 03601/03814 (94.42%) | loss: 3.486213 | lrm: 0.13 | dt: 586.41ms | tok/sec: 91,676 | bf16_mfu: 0.00 | epoch: 1 pq: 3 rg: 77 | total time: 35.50m | eta: 2.1m
step 03602/03814 (94.44%) | loss: 3.457042 | lrm: 0.13 | dt: 586.29ms | tok/sec: 91,694 | bf16_mfu: 0.00 | epoch: 1 pq: 3 rg: 77 | total time: 35.51m | eta: 2.1m
step 03603/03814 (94.47%) | loss: 3.458288 | lrm: 0.13 | dt: 587.56ms | tok/sec: 91,497 | bf16_mfu: 0.00 | epoch: 1 pq: 3 rg: 77 | total time: 35.52m | eta: 2.1m
step 03604/03814 (94.49%) | loss: 3.444991 | lrm: 0.13 | dt: 586.09ms | tok/sec: 91,726 | bf16_mfu: 0.00 | epoch: 1 pq: 3 rg: 77 | total time: 35.53m | eta: 2.1m
step 03605/03814 (94.52%) | loss: 3.462533 | lrm: 0.13 | dt: 586.72ms | tok/sec: 91,627 | bf16_mfu: 0.00 | epoch: 1 pq: 3 rg: 77 | total time: 35.54m | eta: 2.1m
step 03606/03814 (94.55%) | loss: 3.460140 | lrm: 0.13 | dt: 585.92ms | tok/sec: 91,753 | bf16_mfu: 0.00 | epoch: 1 pq: 3 rg: 77 | total time: 35.55m | eta: 2.1m
step 03607/03814 (94.57%) | loss: 3.452414 | lrm: 0.13 | dt: 571.15ms | tok/sec: 94,125 | bf16_mfu: 0.00 | epoch: 1 pq: 3 rg: 77 | total time: 35.56m | eta: 2.0m
step 03608/03814 (94.60%) | loss: 3.443720 | lrm: 0.13 | dt: 584.16ms | tok/sec: 92,029 | bf16_mfu: 0.00 | epoch: 1 pq: 3 rg: 77 | total time: 35.57m | eta: 2.0m
step 03609/03814 (94.63%) | loss: 3.428092 | lrm: 0.13 | dt: 596.63ms | tok/sec: 90,105 | bf16_mfu: 0.00 | epoch: 1 pq: 3 rg: 78 | total time: 35.58m | eta: 2.0m
step 03610/03814 (94.65%) | loss: 3.413761 | lrm: 0.13 | dt: 578.81ms | tok/sec: 92,880 | bf16_mfu: 0.00 | epoch: 1 pq: 3 rg: 78 | total time: 35.59m | eta: 2.0m
step 03611/03814 (94.68%) | loss: 3.407592 | lrm: 0.13 | dt: 584.32ms | tok/sec: 92,004 | bf16_mfu: 0.00 | epoch: 1 pq: 3 rg: 78 | total time: 35.60m | eta: 2.0m
step 03612/03814 (94.70%) | loss: 3.404432 | lrm: 0.13 | dt: 607.68ms | tok/sec: 88,467 | bf16_mfu: 0.00 | epoch: 1 pq: 3 rg: 78 | total time: 35.61m | eta: 2.0m
step 03613/03814 (94.73%) | loss: 3.415432 | lrm: 0.13 | dt: 585.98ms | tok/sec: 91,744 | bf16_mfu: 0.00 | epoch: 1 pq: 3 rg: 78 | total time: 35.62m | eta: 2.0m
step 03614/03814 (94.76%) | loss: 3.418217 | lrm: 0.13 | dt: 587.55ms | tok/sec: 91,498 | bf16_mfu: 0.00 | epoch: 1 pq: 3 rg: 78 | total time: 35.63m | eta: 2.0m
step 03615/03814 (94.78%) | loss: 3.430555 | lrm: 0.13 | dt: 647.49ms | tok/sec: 83,028 | bf16_mfu: 0.00 | epoch: 1 pq: 3 rg: 78 | total time: 35.64m | eta: 2.0m
step 03616/03814 (94.81%) | loss: 3.422102 | lrm: 0.13 | dt: 604.76ms | tok/sec: 88,894 | bf16_mfu: 0.00 | epoch: 1 pq: 3 rg: 78 | total time: 35.65m | eta: 2.0m
step 03617/03814 (94.83%) | loss: 3.416089 | lrm: 0.13 | dt: 571.83ms | tok/sec: 94,013 | bf16_mfu: 0.00 | epoch: 1 pq: 3 rg: 78 | total time: 35.66m | eta: 1.9m
step 03618/03814 (94.86%) | loss: 3.402562 | lrm: 0.13 | dt: 583.44ms | tok/sec: 92,143 | bf16_mfu: 0.00 | epoch: 1 pq: 3 rg: 78 | total time: 35.67m | eta: 1.9m
step 03619/03814 (94.89%) | loss: 3.416271 | lrm: 0.12 | dt: 586.89ms | tok/sec: 91,601 | bf16_mfu: 0.00 | epoch: 1 pq: 3 rg: 78 | total time: 35.68m | eta: 1.9m
step 03620/03814 (94.91%) | loss: 3.411448 | lrm: 0.12 | dt: 587.53ms | tok/sec: 91,500 | bf16_mfu: 0.00 | epoch: 1 pq: 3 rg: 79 | total time: 35.69m | eta: 1.9m
step 03621/03814 (94.94%) | loss: 3.416806 | lrm: 0.12 | dt: 584.82ms | tok/sec: 91,925 | bf16_mfu: 0.00 | epoch: 1 pq: 3 rg: 79 | total time: 35.70m | eta: 1.9m
step 03622/03814 (94.97%) | loss: 3.447112 | lrm: 0.12 | dt: 589.08ms | tok/sec: 91,260 | bf16_mfu: 0.00 | epoch: 1 pq: 3 rg: 79 | total time: 35.71m | eta: 1.9m
step 03623/03814 (94.99%) | loss: 3.452333 | lrm: 0.12 | dt: 596.62ms | tok/sec: 90,106 | bf16_mfu: 0.00 | epoch: 1 pq: 3 rg: 79 | total time: 35.72m | eta: 1.9m
step 03624/03814 (95.02%) | loss: 3.448171 | lrm: 0.12 | dt: 577.99ms | tok/sec: 93,012 | bf16_mfu: 0.00 | epoch: 1 pq: 3 rg: 79 | total time: 35.73m | eta: 1.9m
step 03625/03814 (95.04%) | loss: 3.448486 | lrm: 0.12 | dt: 586.09ms | tok/sec: 91,726 | bf16_mfu: 0.00 | epoch: 1 pq: 3 rg: 79 | total time: 35.74m | eta: 1.9m
step 03626/03814 (95.07%) | loss: 3.439170 | lrm: 0.12 | dt: 590.17ms | tok/sec: 91,093 | bf16_mfu: 0.00 | epoch: 1 pq: 3 rg: 79 | total time: 35.75m | eta: 1.9m
step 03627/03814 (95.10%) | loss: 3.452614 | lrm: 0.12 | dt: 590.10ms | tok/sec: 91,102 | bf16_mfu: 0.00 | epoch: 1 pq: 3 rg: 79 | total time: 35.76m | eta: 1.8m
step 03628/03814 (95.12%) | loss: 3.455455 | lrm: 0.12 | dt: 585.58ms | tok/sec: 91,806 | bf16_mfu: 0.00 | epoch: 1 pq: 3 rg: 79 | total time: 35.77m | eta: 1.8m
step 03629/03814 (95.15%) | loss: 3.475463 | lrm: 0.12 | dt: 584.40ms | tok/sec: 91,991 | bf16_mfu: 0.00 | epoch: 1 pq: 3 rg: 79 | total time: 35.78m | eta: 1.8m
step 03630/03814 (95.18%) | loss: 3.477604 | lrm: 0.12 | dt: 587.96ms | tok/sec: 91,435 | bf16_mfu: 0.00 | epoch: 1 pq: 3 rg: 79 | total time: 35.79m | eta: 1.8m
step 03631/03814 (95.20%) | loss: 3.477943 | lrm: 0.12 | dt: 588.57ms | tok/sec: 91,339 | bf16_mfu: 0.00 | epoch: 1 pq: 3 rg: 79 | total time: 35.80m | eta: 1.8m
step 03632/03814 (95.23%) | loss: 3.497013 | lrm: 0.12 | dt: 585.80ms | tok/sec: 91,771 | bf16_mfu: 0.00 | epoch: 1 pq: 3 rg: 80 | total time: 35.81m | eta: 1.8m
step 03633/03814 (95.25%) | loss: 3.478551 | lrm: 0.12 | dt: 588.66ms | tok/sec: 91,325 | bf16_mfu: 0.00 | epoch: 1 pq: 3 rg: 80 | total time: 35.82m | eta: 1.8m
step 03634/03814 (95.28%) | loss: 3.452702 | lrm: 0.12 | dt: 589.07ms | tok/sec: 91,262 | bf16_mfu: 0.00 | epoch: 1 pq: 3 rg: 80 | total time: 35.83m | eta: 1.8m
step 03635/03814 (95.31%) | loss: 3.451736 | lrm: 0.12 | dt: 597.49ms | tok/sec: 89,976 | bf16_mfu: 0.00 | epoch: 1 pq: 3 rg: 80 | total time: 35.84m | eta: 1.8m
step 03636/03814 (95.33%) | loss: 3.450822 | lrm: 0.12 | dt: 586.56ms | tok/sec: 91,652 | bf16_mfu: 0.00 | epoch: 1 pq: 3 rg: 80 | total time: 35.85m | eta: 1.8m
step 03637/03814 (95.36%) | loss: 3.470838 | lrm: 0.12 | dt: 584.90ms | tok/sec: 91,913 | bf16_mfu: 0.00 | epoch: 1 pq: 3 rg: 80 | total time: 35.86m | eta: 1.7m
step 03638/03814 (95.39%) | loss: 3.467514 | lrm: 0.12 | dt: 593.95ms | tok/sec: 90,512 | bf16_mfu: 0.00 | epoch: 1 pq: 3 rg: 80 | total time: 35.87m | eta: 1.7m
step 03639/03814 (95.41%) | loss: 3.467386 | lrm: 0.12 | dt: 587.33ms | tok/sec: 91,532 | bf16_mfu: 0.00 | epoch: 1 pq: 3 rg: 80 | total time: 35.88m | eta: 1.7m
step 03640/03814 (95.44%) | loss: 3.451861 | lrm: 0.12 | dt: 591.49ms | tok/sec: 90,889 | bf16_mfu: 0.00 | epoch: 1 pq: 3 rg: 80 | total time: 35.89m | eta: 1.7m
step 03641/03814 (95.46%) | loss: 3.439823 | lrm: 0.12 | dt: 591.81ms | tok/sec: 90,840 | bf16_mfu: 0.00 | epoch: 1 pq: 3 rg: 80 | total time: 35.90m | eta: 1.7m
step 03642/03814 (95.49%) | loss: 3.429837 | lrm: 0.12 | dt: 591.82ms | tok/sec: 90,838 | bf16_mfu: 0.00 | epoch: 1 pq: 3 rg: 80 | total time: 35.91m | eta: 1.7m
step 03643/03814 (95.52%) | loss: 3.439204 | lrm: 0.12 | dt: 649.02ms | tok/sec: 82,833 | bf16_mfu: 0.00 | epoch: 1 pq: 3 rg: 81 | total time: 35.92m | eta: 1.7m
step 03644/03814 (95.54%) | loss: 3.420201 | lrm: 0.12 | dt: 591.15ms | tok/sec: 90,940 | bf16_mfu: 0.00 | epoch: 1 pq: 3 rg: 81 | total time: 35.93m | eta: 1.7m
step 03645/03814 (95.57%) | loss: 3.415535 | lrm: 0.11 | dt: 595.73ms | tok/sec: 90,241 | bf16_mfu: 0.00 | epoch: 1 pq: 3 rg: 81 | total time: 35.94m | eta: 1.7m
step 03646/03814 (95.60%) | loss: 3.426253 | lrm: 0.11 | dt: 596.90ms | tok/sec: 90,064 | bf16_mfu: 0.00 | epoch: 1 pq: 3 rg: 81 | total time: 35.95m | eta: 1.7m
step 03647/03814 (95.62%) | loss: 3.445787 | lrm: 0.11 | dt: 685.46ms | tok/sec: 78,429 | bf16_mfu: 0.00 | epoch: 1 pq: 3 rg: 81 | total time: 35.96m | eta: 1.7m
step 03648/03814 (95.65%) | loss: 3.442007 | lrm: 0.11 | dt: 606.25ms | tok/sec: 88,676 | bf16_mfu: 0.00 | epoch: 1 pq: 3 rg: 81 | total time: 35.97m | eta: 1.6m
step 03649/03814 (95.67%) | loss: 3.452762 | lrm: 0.11 | dt: 593.44ms | tok/sec: 90,589 | bf16_mfu: 0.00 | epoch: 1 pq: 3 rg: 81 | total time: 35.98m | eta: 1.6m
step 03650/03814 (95.70%) | loss: 3.437915 | lrm: 0.11 | dt: 604.62ms | tok/sec: 88,915 | bf16_mfu: 0.00 | epoch: 1 pq: 3 rg: 81 | total time: 35.99m | eta: 1.6m
step 03651/03814 (95.73%) | loss: 3.431998 | lrm: 0.11 | dt: 603.89ms | tok/sec: 89,022 | bf16_mfu: 0.00 | epoch: 1 pq: 3 rg: 81 | total time: 36.00m | eta: 1.6m
step 03652/03814 (95.75%) | loss: 3.435742 | lrm: 0.11 | dt: 593.70ms | tok/sec: 90,550 | bf16_mfu: 0.00 | epoch: 1 pq: 3 rg: 81 | total time: 36.01m | eta: 1.6m
step 03653/03814 (95.78%) | loss: 3.422674 | lrm: 0.11 | dt: 598.91ms | tok/sec: 89,762 | bf16_mfu: 0.00 | epoch: 1 pq: 3 rg: 81 | total time: 36.02m | eta: 1.6m
step 03654/03814 (95.80%) | loss: 3.430441 | lrm: 0.11 | dt: 597.68ms | tok/sec: 89,947 | bf16_mfu: 0.00 | epoch: 1 pq: 3 rg: 82 | total time: 36.03m | eta: 1.6m
step 03655/03814 (95.83%) | loss: 3.436094 | lrm: 0.11 | dt: 605.72ms | tok/sec: 88,753 | bf16_mfu: 0.00 | epoch: 1 pq: 3 rg: 82 | total time: 36.04m | eta: 1.6m
step 03656/03814 (95.86%) | loss: 3.435314 | lrm: 0.11 | dt: 608.55ms | tok/sec: 88,341 | bf16_mfu: 0.00 | epoch: 1 pq: 3 rg: 82 | total time: 36.05m | eta: 1.6m
step 03657/03814 (95.88%) | loss: 3.433006 | lrm: 0.11 | dt: 609.27ms | tok/sec: 88,236 | bf16_mfu: 0.00 | epoch: 1 pq: 3 rg: 82 | total time: 36.06m | eta: 1.6m
step 03658/03814 (95.91%) | loss: 3.409291 | lrm: 0.11 | dt: 632.84ms | tok/sec: 84,950 | bf16_mfu: 0.00 | epoch: 1 pq: 3 rg: 82 | total time: 36.07m | eta: 1.5m
step 03659/03814 (95.94%) | loss: 3.417334 | lrm: 0.11 | dt: 603.05ms | tok/sec: 89,147 | bf16_mfu: 0.00 | epoch: 1 pq: 3 rg: 82 | total time: 36.08m | eta: 1.5m
step 03660/03814 (95.96%) | loss: 3.423868 | lrm: 0.11 | dt: 606.78ms | tok/sec: 88,598 | bf16_mfu: 0.00 | epoch: 1 pq: 3 rg: 82 | total time: 36.09m | eta: 1.5m
step 03661/03814 (95.99%) | loss: 3.417852 | lrm: 0.11 | dt: 607.58ms | tok/sec: 88,481 | bf16_mfu: 0.00 | epoch: 1 pq: 3 rg: 82 | total time: 36.10m | eta: 1.5m
step 03662/03814 (96.01%) | loss: 3.422621 | lrm: 0.11 | dt: 608.43ms | tok/sec: 88,358 | bf16_mfu: 0.00 | epoch: 1 pq: 3 rg: 82 | total time: 36.11m | eta: 1.5m
step 03663/03814 (96.04%) | loss: 3.425605 | lrm: 0.11 | dt: 611.98ms | tok/sec: 87,845 | bf16_mfu: 0.00 | epoch: 1 pq: 3 rg: 82 | total time: 36.12m | eta: 1.5m
step 03664/03814 (96.07%) | loss: 3.416199 | lrm: 0.11 | dt: 602.65ms | tok/sec: 89,206 | bf16_mfu: 0.00 | epoch: 1 pq: 3 rg: 82 | total time: 36.13m | eta: 1.5m
step 03665/03814 (96.09%) | loss: 3.427543 | lrm: 0.11 | dt: 617.94ms | tok/sec: 86,998 | bf16_mfu: 0.00 | epoch: 1 pq: 3 rg: 83 | total time: 36.14m | eta: 1.5m
step 03666/03814 (96.12%) | loss: 3.428896 | lrm: 0.11 | dt: 594.08ms | tok/sec: 90,492 | bf16_mfu: 0.00 | epoch: 1 pq: 3 rg: 83 | total time: 36.15m | eta: 1.5m
step 03667/03814 (96.15%) | loss: 3.428992 | lrm: 0.11 | dt: 607.85ms | tok/sec: 88,443 | bf16_mfu: 0.00 | epoch: 1 pq: 3 rg: 83 | total time: 36.16m | eta: 1.5m
step 03668/03814 (96.17%) | loss: 3.440303 | lrm: 0.11 | dt: 608.14ms | tok/sec: 88,400 | bf16_mfu: 0.00 | epoch: 1 pq: 3 rg: 83 | total time: 36.17m | eta: 1.4m
step 03669/03814 (96.20%) | loss: 3.423489 | lrm: 0.11 | dt: 606.93ms | tok/sec: 88,576 | bf16_mfu: 0.00 | epoch: 1 pq: 3 rg: 83 | total time: 36.18m | eta: 1.4m
step 03670/03814 (96.22%) | loss: 3.417600 | lrm: 0.11 | dt: 607.64ms | tok/sec: 88,472 | bf16_mfu: 0.00 | epoch: 1 pq: 3 rg: 83 | total time: 36.19m | eta: 1.4m
step 03671/03814 (96.25%) | loss: 3.425410 | lrm: 0.10 | dt: 608.46ms | tok/sec: 88,354 | bf16_mfu: 0.00 | epoch: 1 pq: 3 rg: 83 | total time: 36.20m | eta: 1.4m
step 03672/03814 (96.28%) | loss: 3.417129 | lrm: 0.10 | dt: 626.93ms | tok/sec: 85,750 | bf16_mfu: 0.00 | epoch: 1 pq: 3 rg: 83 | total time: 36.21m | eta: 1.4m
step 03673/03814 (96.30%) | loss: 3.412557 | lrm: 0.10 | dt: 607.03ms | tok/sec: 88,562 | bf16_mfu: 0.00 | epoch: 1 pq: 3 rg: 83 | total time: 36.22m | eta: 1.4m
step 03674/03814 (96.33%) | loss: 3.402421 | lrm: 0.10 | dt: 608.73ms | tok/sec: 88,314 | bf16_mfu: 0.00 | epoch: 1 pq: 3 rg: 83 | total time: 36.23m | eta: 1.4m
step 03675/03814 (96.36%) | loss: 3.400502 | lrm: 0.10 | dt: 609.02ms | tok/sec: 88,272 | bf16_mfu: 0.00 | epoch: 1 pq: 3 rg: 83 | total time: 36.24m | eta: 1.4m
step 03676/03814 (96.38%) | loss: 3.408334 | lrm: 0.10 | dt: 660.76ms | tok/sec: 81,361 | bf16_mfu: 0.00 | epoch: 1 pq: 3 rg: 84 | total time: 36.25m | eta: 1.4m
step 03677/03814 (96.41%) | loss: 3.408861 | lrm: 0.10 | dt: 611.67ms | tok/sec: 87,890 | bf16_mfu: 0.00 | epoch: 1 pq: 3 rg: 84 | total time: 36.26m | eta: 1.4m
step 03678/03814 (96.43%) | loss: 3.406573 | lrm: 0.10 | dt: 605.72ms | tok/sec: 88,753 | bf16_mfu: 0.00 | epoch: 1 pq: 3 rg: 84 | total time: 36.27m | eta: 1.3m
step 03679/03814 (96.46%) | loss: 3.419414 | lrm: 0.10 | dt: 653.90ms | tok/sec: 82,214 | bf16_mfu: 0.00 | epoch: 1 pq: 3 rg: 84 | total time: 36.28m | eta: 1.3m
step 03680/03814 (96.49%) | loss: 3.416770 | lrm: 0.10 | dt: 603.25ms | tok/sec: 89,117 | bf16_mfu: 0.00 | epoch: 1 pq: 3 rg: 84 | total time: 36.29m | eta: 1.3m
step 03681/03814 (96.51%) | loss: 3.403053 | lrm: 0.10 | dt: 604.93ms | tok/sec: 88,870 | bf16_mfu: 0.00 | epoch: 1 pq: 3 rg: 84 | total time: 36.30m | eta: 1.3m
step 03682/03814 (96.54%) | loss: 3.404522 | lrm: 0.10 | dt: 608.05ms | tok/sec: 88,413 | bf16_mfu: 0.00 | epoch: 1 pq: 3 rg: 84 | total time: 36.31m | eta: 1.3m
step 03683/03814 (96.57%) | loss: 3.404810 | lrm: 0.10 | dt: 606.84ms | tok/sec: 88,590 | bf16_mfu: 0.00 | epoch: 1 pq: 3 rg: 84 | total time: 36.32m | eta: 1.3m
step 03684/03814 (96.59%) | loss: 3.413612 | lrm: 0.10 | dt: 609.47ms | tok/sec: 88,207 | bf16_mfu: 0.00 | epoch: 1 pq: 3 rg: 84 | total time: 36.33m | eta: 1.3m
step 03685/03814 (96.62%) | loss: 3.413720 | lrm: 0.10 | dt: 605.05ms | tok/sec: 88,851 | bf16_mfu: 0.00 | epoch: 1 pq: 3 rg: 84 | total time: 36.34m | eta: 1.3m
step 03686/03814 (96.64%) | loss: 3.428772 | lrm: 0.10 | dt: 606.54ms | tok/sec: 88,633 | bf16_mfu: 0.00 | epoch: 1 pq: 3 rg: 84 | total time: 36.36m | eta: 1.3m
step 03687/03814 (96.67%) | loss: 3.433861 | lrm: 0.10 | dt: 606.41ms | tok/sec: 88,652 | bf16_mfu: 0.00 | epoch: 1 pq: 3 rg: 84 | total time: 36.37m | eta: 1.3m
step 03688/03814 (96.70%) | loss: 3.438483 | lrm: 0.10 | dt: 608.25ms | tok/sec: 88,384 | bf16_mfu: 0.00 | epoch: 1 pq: 3 rg: 85 | total time: 36.38m | eta: 1.2m
step 03689/03814 (96.72%) | loss: 3.440534 | lrm: 0.10 | dt: 608.20ms | tok/sec: 88,391 | bf16_mfu: 0.00 | epoch: 1 pq: 3 rg: 85 | total time: 36.39m | eta: 1.2m
step 03690/03814 (96.75%) | loss: 3.430191 | lrm: 0.10 | dt: 606.08ms | tok/sec: 88,700 | bf16_mfu: 0.00 | epoch: 1 pq: 3 rg: 85 | total time: 36.40m | eta: 1.2m
step 03691/03814 (96.78%) | loss: 3.441076 | lrm: 0.10 | dt: 606.02ms | tok/sec: 88,710 | bf16_mfu: 0.00 | epoch: 1 pq: 3 rg: 85 | total time: 36.41m | eta: 1.2m
step 03692/03814 (96.80%) | loss: 3.453467 | lrm: 0.10 | dt: 605.49ms | tok/sec: 88,787 | bf16_mfu: 0.00 | epoch: 1 pq: 3 rg: 85 | total time: 36.42m | eta: 1.2m
step 03693/03814 (96.83%) | loss: 3.465553 | lrm: 0.10 | dt: 607.40ms | tok/sec: 88,508 | bf16_mfu: 0.00 | epoch: 1 pq: 3 rg: 85 | total time: 36.43m | eta: 1.2m
step 03694/03814 (96.85%) | loss: 3.450702 | lrm: 0.10 | dt: 606.12ms | tok/sec: 88,695 | bf16_mfu: 0.00 | epoch: 1 pq: 3 rg: 85 | total time: 36.44m | eta: 1.2m
step 03695/03814 (96.88%) | loss: 3.457155 | lrm: 0.10 | dt: 607.29ms | tok/sec: 88,523 | bf16_mfu: 0.00 | epoch: 1 pq: 3 rg: 85 | total time: 36.45m | eta: 1.2m
step 03696/03814 (96.91%) | loss: 3.452245 | lrm: 0.10 | dt: 607.76ms | tok/sec: 88,455 | bf16_mfu: 0.00 | epoch: 1 pq: 3 rg: 85 | total time: 36.46m | eta: 1.2m
step 03697/03814 (96.93%) | loss: 3.446677 | lrm: 0.09 | dt: 607.74ms | tok/sec: 88,459 | bf16_mfu: 0.00 | epoch: 1 pq: 3 rg: 85 | total time: 36.47m | eta: 1.2m
step 03698/03814 (96.96%) | loss: 3.428321 | lrm: 0.09 | dt: 606.66ms | tok/sec: 88,616 | bf16_mfu: 0.00 | epoch: 1 pq: 3 rg: 85 | total time: 36.48m | eta: 1.1m
step 03699/03814 (96.98%) | loss: 3.429493 | lrm: 0.09 | dt: 627.98ms | tok/sec: 85,607 | bf16_mfu: 0.00 | epoch: 1 pq: 3 rg: 86 | total time: 36.49m | eta: 1.1m
step 03700/03814 (97.01%) | loss: 3.422403 | lrm: 0.09 | dt: 600.95ms | tok/sec: 89,457 | bf16_mfu: 0.00 | epoch: 1 pq: 3 rg: 86 | total time: 36.50m | eta: 1.1m
step 03701/03814 (97.04%) | loss: 3.436884 | lrm: 0.09 | dt: 594.61ms | tok/sec: 90,411 | bf16_mfu: 0.00 | epoch: 1 pq: 3 rg: 86 | total time: 36.51m | eta: 1.1m
step 03702/03814 (97.06%) | loss: 3.437983 | lrm: 0.09 | dt: 601.59ms | tok/sec: 89,362 | bf16_mfu: 0.00 | epoch: 1 pq: 3 rg: 86 | total time: 36.52m | eta: 1.1m
step 03703/03814 (97.09%) | loss: 3.426642 | lrm: 0.09 | dt: 594.37ms | tok/sec: 90,448 | bf16_mfu: 0.00 | epoch: 1 pq: 3 rg: 86 | total time: 36.53m | eta: 1.1m
step 03704/03814 (97.12%) | loss: 3.419189 | lrm: 0.09 | dt: 600.52ms | tok/sec: 89,522 | bf16_mfu: 0.00 | epoch: 1 pq: 3 rg: 86 | total time: 36.54m | eta: 1.1m
step 03705/03814 (97.14%) | loss: 3.413879 | lrm: 0.09 | dt: 594.85ms | tok/sec: 90,375 | bf16_mfu: 0.00 | epoch: 1 pq: 3 rg: 86 | total time: 36.55m | eta: 1.1m
step 03706/03814 (97.17%) | loss: 3.412627 | lrm: 0.09 | dt: 599.28ms | tok/sec: 89,707 | bf16_mfu: 0.00 | epoch: 1 pq: 3 rg: 86 | total time: 36.56m | eta: 1.1m
step 03707/03814 (97.19%) | loss: 3.402137 | lrm: 0.09 | dt: 595.69ms | tok/sec: 90,248 | bf16_mfu: 0.00 | epoch: 1 pq: 3 rg: 86 | total time: 36.57m | eta: 1.1m
step 03708/03814 (97.22%) | loss: 3.399506 | lrm: 0.09 | dt: 599.21ms | tok/sec: 89,718 | bf16_mfu: 0.00 | epoch: 1 pq: 3 rg: 86 | total time: 36.58m | eta: 1.0m
step 03709/03814 (97.25%) | loss: 3.412598 | lrm: 0.09 | dt: 593.82ms | tok/sec: 90,532 | bf16_mfu: 0.00 | epoch: 1 pq: 3 rg: 86 | total time: 36.59m | eta: 1.0m
step 03710/03814 (97.27%) | loss: 3.416089 | lrm: 0.09 | dt: 596.10ms | tok/sec: 90,186 | bf16_mfu: 0.00 | epoch: 1 pq: 3 rg: 87 | total time: 36.60m | eta: 1.0m
step 03711/03814 (97.30%) | loss: 3.405364 | lrm: 0.09 | dt: 592.68ms | tok/sec: 90,707 | bf16_mfu: 0.00 | epoch: 1 pq: 3 rg: 87 | total time: 36.61m | eta: 1.0m
step 03712/03814 (97.33%) | loss: 3.427000 | lrm: 0.09 | dt: 592.72ms | tok/sec: 90,699 | bf16_mfu: 0.00 | epoch: 1 pq: 3 rg: 87 | total time: 36.62m | eta: 1.0m
step 03713/03814 (97.35%) | loss: 3.419988 | lrm: 0.09 | dt: 599.27ms | tok/sec: 89,709 | bf16_mfu: 0.00 | epoch: 1 pq: 3 rg: 87 | total time: 36.63m | eta: 1.0m
step 03714/03814 (97.38%) | loss: 3.437391 | lrm: 0.09 | dt: 593.15ms | tok/sec: 90,635 | bf16_mfu: 0.00 | epoch: 1 pq: 4 rg: 0 | total time: 36.64m | eta: 1.0m
step 03715/03814 (97.40%) | loss: 3.434823 | lrm: 0.09 | dt: 587.29ms | tok/sec: 91,538 | bf16_mfu: 0.00 | epoch: 1 pq: 4 rg: 0 | total time: 36.65m | eta: 1.0m
step 03716/03814 (97.43%) | loss: 3.429592 | lrm: 0.09 | dt: 600.89ms | tok/sec: 89,467 | bf16_mfu: 0.00 | epoch: 1 pq: 4 rg: 0 | total time: 36.66m | eta: 1.0m
step 03717/03814 (97.46%) | loss: 3.451108 | lrm: 0.09 | dt: 593.07ms | tok/sec: 90,646 | bf16_mfu: 0.00 | epoch: 1 pq: 4 rg: 0 | total time: 36.67m | eta: 1.0m
step 03718/03814 (97.48%) | loss: 3.434147 | lrm: 0.09 | dt: 590.50ms | tok/sec: 91,041 | bf16_mfu: 0.00 | epoch: 1 pq: 4 rg: 0 | total time: 36.68m | eta: 0.9m
step 03719/03814 (97.51%) | loss: 3.439362 | lrm: 0.09 | dt: 586.18ms | tok/sec: 91,711 | bf16_mfu: 0.00 | epoch: 1 pq: 4 rg: 0 | total time: 36.69m | eta: 0.9m
step 03720/03814 (97.54%) | loss: 3.439398 | lrm: 0.09 | dt: 600.59ms | tok/sec: 89,511 | bf16_mfu: 0.00 | epoch: 1 pq: 4 rg: 0 | total time: 36.70m | eta: 0.9m
step 03721/03814 (97.56%) | loss: 3.435155 | lrm: 0.09 | dt: 592.85ms | tok/sec: 90,679 | bf16_mfu: 0.00 | epoch: 1 pq: 4 rg: 0 | total time: 36.71m | eta: 0.9m
step 03722/03814 (97.59%) | loss: 3.432620 | lrm: 0.09 | dt: 595.61ms | tok/sec: 90,260 | bf16_mfu: 0.00 | epoch: 1 pq: 4 rg: 0 | total time: 36.72m | eta: 0.9m
step 03723/03814 (97.61%) | loss: 3.445400 | lrm: 0.08 | dt: 590.87ms | tok/sec: 90,984 | bf16_mfu: 0.00 | epoch: 1 pq: 4 rg: 0 | total time: 36.73m | eta: 0.9m
step 03724/03814 (97.64%) | loss: 3.439362 | lrm: 0.08 | dt: 592.21ms | tok/sec: 90,779 | bf16_mfu: 0.00 | epoch: 1 pq: 4 rg: 0 | total time: 36.73m | eta: 0.9m
step 03725/03814 (97.67%) | loss: 3.441783 | lrm: 0.08 | dt: 588.16ms | tok/sec: 91,403 | bf16_mfu: 0.00 | epoch: 1 pq: 4 rg: 1 | total time: 36.74m | eta: 0.9m
step 03726/03814 (97.69%) | loss: 3.429221 | lrm: 0.08 | dt: 586.07ms | tok/sec: 91,729 | bf16_mfu: 0.00 | epoch: 1 pq: 4 rg: 1 | total time: 36.75m | eta: 0.9m
step 03727/03814 (97.72%) | loss: 3.439642 | lrm: 0.08 | dt: 595.59ms | tok/sec: 90,263 | bf16_mfu: 0.00 | epoch: 1 pq: 4 rg: 1 | total time: 36.76m | eta: 0.9m
step 03728/03814 (97.75%) | loss: 3.430762 | lrm: 0.08 | dt: 582.17ms | tok/sec: 92,344 | bf16_mfu: 0.00 | epoch: 1 pq: 4 rg: 1 | total time: 36.77m | eta: 0.9m
step 03729/03814 (97.77%) | loss: 3.439991 | lrm: 0.08 | dt: 588.79ms | tok/sec: 91,306 | bf16_mfu: 0.00 | epoch: 1 pq: 4 rg: 1 | total time: 36.78m | eta: 0.8m
step 03730/03814 (97.80%) | loss: 3.441204 | lrm: 0.08 | dt: 590.79ms | tok/sec: 90,996 | bf16_mfu: 0.00 | epoch: 1 pq: 4 rg: 1 | total time: 36.79m | eta: 0.8m
step 03731/03814 (97.82%) | loss: 3.436166 | lrm: 0.08 | dt: 588.65ms | tok/sec: 91,328 | bf16_mfu: 0.00 | epoch: 1 pq: 4 rg: 1 | total time: 36.80m | eta: 0.8m
step 03732/03814 (97.85%) | loss: 3.432774 | lrm: 0.08 | dt: 580.34ms | tok/sec: 92,634 | bf16_mfu: 0.00 | epoch: 1 pq: 4 rg: 1 | total time: 36.81m | eta: 0.8m
step 03733/03814 (97.88%) | loss: 3.442638 | lrm: 0.08 | dt: 589.63ms | tok/sec: 91,175 | bf16_mfu: 0.00 | epoch: 1 pq: 4 rg: 1 | total time: 36.82m | eta: 0.8m
step 03734/03814 (97.90%) | loss: 3.455564 | lrm: 0.08 | dt: 585.30ms | tok/sec: 91,850 | bf16_mfu: 0.00 | epoch: 1 pq: 4 rg: 1 | total time: 36.83m | eta: 0.8m
step 03735/03814 (97.93%) | loss: 3.446970 | lrm: 0.08 | dt: 591.03ms | tok/sec: 90,959 | bf16_mfu: 0.00 | epoch: 1 pq: 4 rg: 1 | total time: 36.84m | eta: 0.8m
step 03736/03814 (97.95%) | loss: 3.439699 | lrm: 0.08 | dt: 588.79ms | tok/sec: 91,305 | bf16_mfu: 0.00 | epoch: 1 pq: 4 rg: 1 | total time: 36.85m | eta: 0.8m
step 03737/03814 (97.98%) | loss: 3.431696 | lrm: 0.08 | dt: 592.04ms | tok/sec: 90,805 | bf16_mfu: 0.00 | epoch: 1 pq: 4 rg: 2 | total time: 36.86m | eta: 0.8m
step 03738/03814 (98.01%) | loss: 3.418217 | lrm: 0.08 | dt: 587.20ms | tok/sec: 91,553 | bf16_mfu: 0.00 | epoch: 1 pq: 4 rg: 2 | total time: 36.87m | eta: 0.8m
step 03739/03814 (98.03%) | loss: 3.405018 | lrm: 0.08 | dt: 582.70ms | tok/sec: 92,259 | bf16_mfu: 0.00 | epoch: 1 pq: 4 rg: 2 | total time: 36.88m | eta: 0.7m
step 03740/03814 (98.06%) | loss: 3.412254 | lrm: 0.08 | dt: 580.50ms | tok/sec: 92,609 | bf16_mfu: 0.00 | epoch: 1 pq: 4 rg: 2 | total time: 36.89m | eta: 0.7m
step 03741/03814 (98.09%) | loss: 3.419394 | lrm: 0.08 | dt: 584.15ms | tok/sec: 92,030 | bf16_mfu: 0.00 | epoch: 1 pq: 4 rg: 2 | total time: 36.90m | eta: 0.7m
step 03742/03814 (98.11%) | loss: 3.424324 | lrm: 0.08 | dt: 586.32ms | tok/sec: 91,690 | bf16_mfu: 0.00 | epoch: 1 pq: 4 rg: 2 | total time: 36.91m | eta: 0.7m
step 03743/03814 (98.14%) | loss: 3.437753 | lrm: 0.08 | dt: 587.81ms | tok/sec: 91,458 | bf16_mfu: 0.00 | epoch: 1 pq: 4 rg: 2 | total time: 36.92m | eta: 0.7m
step 03744/03814 (98.16%) | loss: 3.422241 | lrm: 0.08 | dt: 586.68ms | tok/sec: 91,634 | bf16_mfu: 0.00 | epoch: 1 pq: 4 rg: 2 | total time: 36.93m | eta: 0.7m
step 03745/03814 (98.19%) | loss: 3.422439 | lrm: 0.08 | dt: 587.35ms | tok/sec: 91,530 | bf16_mfu: 0.00 | epoch: 1 pq: 4 rg: 2 | total time: 36.94m | eta: 0.7m
step 03746/03814 (98.22%) | loss: 3.394225 | lrm: 0.08 | dt: 586.11ms | tok/sec: 91,723 | bf16_mfu: 0.00 | epoch: 1 pq: 4 rg: 2 | total time: 36.95m | eta: 0.7m
step 03747/03814 (98.24%) | loss: 3.391698 | lrm: 0.08 | dt: 588.94ms | tok/sec: 91,282 | bf16_mfu: 0.00 | epoch: 1 pq: 4 rg: 2 | total time: 36.96m | eta: 0.7m
step 03748/03814 (98.27%) | loss: 3.396114 | lrm: 0.08 | dt: 595.96ms | tok/sec: 90,206 | bf16_mfu: 0.00 | epoch: 1 pq: 4 rg: 3 | total time: 36.97m | eta: 0.7m
step 03749/03814 (98.30%) | loss: 3.387716 | lrm: 0.07 | dt: 585.37ms | tok/sec: 91,839 | bf16_mfu: 0.00 | epoch: 1 pq: 4 rg: 3 | total time: 36.98m | eta: 0.6m
step 03750/03814 (98.32%) | loss: 3.402178 | lrm: 0.07 | dt: 586.73ms | tok/sec: 91,626 | bf16_mfu: 0.00 | epoch: 1 pq: 4 rg: 3 | total time: 36.99m | eta: 0.6m
step 03751/03814 (98.35%) | loss: 3.407379 | lrm: 0.07 | dt: 604.06ms | tok/sec: 88,997 | bf16_mfu: 0.00 | epoch: 1 pq: 4 rg: 3 | total time: 37.00m | eta: 0.6m
step 03752/03814 (98.37%) | loss: 3.392787 | lrm: 0.07 | dt: 588.35ms | tok/sec: 91,373 | bf16_mfu: 0.00 | epoch: 1 pq: 4 rg: 3 | total time: 37.01m | eta: 0.6m
step 03753/03814 (98.40%) | loss: 3.405534 | lrm: 0.07 | dt: 587.48ms | tok/sec: 91,510 | bf16_mfu: 0.00 | epoch: 1 pq: 4 rg: 3 | total time: 37.02m | eta: 0.6m
step 03754/03814 (98.43%) | loss: 3.428453 | lrm: 0.07 | dt: 586.67ms | tok/sec: 91,635 | bf16_mfu: 0.00 | epoch: 1 pq: 4 rg: 3 | total time: 37.03m | eta: 0.6m
step 03755/03814 (98.45%) | loss: 3.409675 | lrm: 0.07 | dt: 594.23ms | tok/sec: 90,470 | bf16_mfu: 0.00 | epoch: 1 pq: 4 rg: 3 | total time: 37.04m | eta: 0.6m
step 03756/03814 (98.48%) | loss: 3.395351 | lrm: 0.07 | dt: 591.93ms | tok/sec: 90,821 | bf16_mfu: 0.00 | epoch: 1 pq: 4 rg: 3 | total time: 37.05m | eta: 0.6m
step 03757/03814 (98.51%) | loss: 3.389642 | lrm: 0.07 | dt: 580.94ms | tok/sec: 92,539 | bf16_mfu: 0.00 | epoch: 1 pq: 4 rg: 3 | total time: 37.06m | eta: 0.6m
step 03758/03814 (98.53%) | loss: 3.402029 | lrm: 0.07 | dt: 586.61ms | tok/sec: 91,645 | bf16_mfu: 0.00 | epoch: 1 pq: 4 rg: 3 | total time: 37.07m | eta: 0.6m
step 03759/03814 (98.56%) | loss: 3.382827 | lrm: 0.07 | dt: 642.13ms | tok/sec: 83,721 | bf16_mfu: 0.00 | epoch: 1 pq: 4 rg: 4 | total time: 37.08m | eta: 0.5m
step 03760/03814 (98.58%) | loss: 3.382224 | lrm: 0.07 | dt: 588.67ms | tok/sec: 91,324 | bf16_mfu: 0.00 | epoch: 1 pq: 4 rg: 4 | total time: 37.09m | eta: 0.5m
step 03761/03814 (98.61%) | loss: 3.386606 | lrm: 0.07 | dt: 584.57ms | tok/sec: 91,964 | bf16_mfu: 0.00 | epoch: 1 pq: 4 rg: 4 | total time: 37.10m | eta: 0.5m
step 03762/03814 (98.64%) | loss: 3.377395 | lrm: 0.07 | dt: 582.32ms | tok/sec: 92,320 | bf16_mfu: 0.00 | epoch: 1 pq: 4 rg: 4 | total time: 37.11m | eta: 0.5m
step 03763/03814 (98.66%) | loss: 3.389277 | lrm: 0.07 | dt: 584.97ms | tok/sec: 91,901 | bf16_mfu: 0.00 | epoch: 1 pq: 4 rg: 4 | total time: 37.12m | eta: 0.5m
step 03764/03814 (98.69%) | loss: 3.390292 | lrm: 0.07 | dt: 604.48ms | tok/sec: 88,935 | bf16_mfu: 0.00 | epoch: 1 pq: 4 rg: 4 | total time: 37.13m | eta: 0.5m
step 03765/03814 (98.72%) | loss: 3.399172 | lrm: 0.07 | dt: 606.69ms | tok/sec: 88,611 | bf16_mfu: 0.00 | epoch: 1 pq: 4 rg: 4 | total time: 37.14m | eta: 0.5m
step 03766/03814 (98.74%) | loss: 3.394828 | lrm: 0.07 | dt: 589.80ms | tok/sec: 91,150 | bf16_mfu: 0.00 | epoch: 1 pq: 4 rg: 4 | total time: 37.15m | eta: 0.5m
step 03767/03814 (98.77%) | loss: 3.388368 | lrm: 0.07 | dt: 588.01ms | tok/sec: 91,426 | bf16_mfu: 0.00 | epoch: 1 pq: 4 rg: 4 | total time: 37.16m | eta: 0.5m
step 03768/03814 (98.79%) | loss: 3.404081 | lrm: 0.07 | dt: 597.42ms | tok/sec: 89,986 | bf16_mfu: 0.00 | epoch: 1 pq: 4 rg: 4 | total time: 37.17m | eta: 0.5m
step 03769/03814 (98.82%) | loss: 3.408920 | lrm: 0.07 | dt: 591.93ms | tok/sec: 90,821 | bf16_mfu: 0.00 | epoch: 1 pq: 4 rg: 4 | total time: 37.18m | eta: 0.4m
step 03770/03814 (98.85%) | loss: 3.400454 | lrm: 0.07 | dt: 580.69ms | tok/sec: 92,579 | bf16_mfu: 0.00 | epoch: 1 pq: 4 rg: 4 | total time: 37.19m | eta: 0.4m
step 03771/03814 (98.87%) | loss: 3.393493 | lrm: 0.07 | dt: 586.98ms | tok/sec: 91,587 | bf16_mfu: 0.00 | epoch: 1 pq: 4 rg: 5 | total time: 37.20m | eta: 0.4m
step 03772/03814 (98.90%) | loss: 3.381312 | lrm: 0.07 | dt: 589.11ms | tok/sec: 91,256 | bf16_mfu: 0.00 | epoch: 1 pq: 4 rg: 5 | total time: 37.21m | eta: 0.4m
step 03773/03814 (98.93%) | loss: 3.375733 | lrm: 0.07 | dt: 586.38ms | tok/sec: 91,680 | bf16_mfu: 0.00 | epoch: 1 pq: 4 rg: 5 | total time: 37.22m | eta: 0.4m
step 03774/03814 (98.95%) | loss: 3.381782 | lrm: 0.07 | dt: 590.47ms | tok/sec: 91,046 | bf16_mfu: 0.00 | epoch: 1 pq: 4 rg: 5 | total time: 37.23m | eta: 0.4m
step 03775/03814 (98.98%) | loss: 3.386865 | lrm: 0.06 | dt: 590.47ms | tok/sec: 91,045 | bf16_mfu: 0.00 | epoch: 1 pq: 4 rg: 5 | total time: 37.24m | eta: 0.4m
step 03776/03814 (99.00%) | loss: 3.384167 | lrm: 0.06 | dt: 943.59ms | tok/sec: 56,974 | bf16_mfu: 0.00 | epoch: 1 pq: 4 rg: 5 | total time: 37.25m | eta: 0.4m
step 03777/03814 (99.03%) | loss: 3.397133 | lrm: 0.06 | dt: 587.64ms | tok/sec: 91,485 | bf16_mfu: 0.00 | epoch: 1 pq: 4 rg: 5 | total time: 37.26m | eta: 0.4m
step 03778/03814 (99.06%) | loss: 3.387454 | lrm: 0.06 | dt: 595.74ms | tok/sec: 90,240 | bf16_mfu: 0.00 | epoch: 1 pq: 4 rg: 5 | total time: 37.27m | eta: 0.4m
step 03779/03814 (99.08%) | loss: 3.363636 | lrm: 0.06 | dt: 585.12ms | tok/sec: 91,877 | bf16_mfu: 0.00 | epoch: 1 pq: 4 rg: 5 | total time: 37.28m | eta: 0.3m
step 03780/03814 (99.11%) | loss: 3.373365 | lrm: 0.06 | dt: 586.32ms | tok/sec: 91,691 | bf16_mfu: 0.00 | epoch: 1 pq: 4 rg: 5 | total time: 37.29m | eta: 0.3m
step 03781/03814 (99.13%) | loss: 3.376330 | lrm: 0.06 | dt: 596.87ms | tok/sec: 90,070 | bf16_mfu: 0.00 | epoch: 1 pq: 4 rg: 5 | total time: 37.30m | eta: 0.3m
step 03782/03814 (99.16%) | loss: 3.356667 | lrm: 0.06 | dt: 598.15ms | tok/sec: 89,877 | bf16_mfu: 0.00 | epoch: 1 pq: 4 rg: 6 | total time: 37.31m | eta: 0.3m
step 03783/03814 (99.19%) | loss: 3.352324 | lrm: 0.06 | dt: 580.96ms | tok/sec: 92,536 | bf16_mfu: 0.00 | epoch: 1 pq: 4 rg: 6 | total time: 37.32m | eta: 0.3m
step 03784/03814 (99.21%) | loss: 3.359656 | lrm: 0.06 | dt: 589.23ms | tok/sec: 91,237 | bf16_mfu: 0.00 | epoch: 1 pq: 4 rg: 6 | total time: 37.33m | eta: 0.3m
step 03785/03814 (99.24%) | loss: 3.390707 | lrm: 0.06 | dt: 584.32ms | tok/sec: 92,004 | bf16_mfu: 0.00 | epoch: 1 pq: 4 rg: 6 | total time: 37.34m | eta: 0.3m
step 03786/03814 (99.27%) | loss: 3.380980 | lrm: 0.06 | dt: 609.55ms | tok/sec: 88,196 | bf16_mfu: 0.00 | epoch: 1 pq: 4 rg: 6 | total time: 37.35m | eta: 0.3m
step 03787/03814 (99.29%) | loss: 3.386096 | lrm: 0.06 | dt: 583.10ms | tok/sec: 92,197 | bf16_mfu: 0.00 | epoch: 1 pq: 4 rg: 6 | total time: 37.36m | eta: 0.3m
step 03788/03814 (99.32%) | loss: 3.387765 | lrm: 0.06 | dt: 584.87ms | tok/sec: 91,918 | bf16_mfu: 0.00 | epoch: 1 pq: 4 rg: 6 | total time: 37.37m | eta: 0.3m
step 03789/03814 (99.34%) | loss: 3.381091 | lrm: 0.06 | dt: 618.83ms | tok/sec: 86,874 | bf16_mfu: 0.00 | epoch: 1 pq: 4 rg: 6 | total time: 37.38m | eta: 0.2m
step 03790/03814 (99.37%) | loss: 3.384088 | lrm: 0.06 | dt: 587.73ms | tok/sec: 91,469 | bf16_mfu: 0.00 | epoch: 1 pq: 4 rg: 6 | total time: 37.39m | eta: 0.2m
step 03791/03814 (99.40%) | loss: 3.387123 | lrm: 0.06 | dt: 587.73ms | tok/sec: 91,470 | bf16_mfu: 0.00 | epoch: 1 pq: 4 rg: 6 | total time: 37.40m | eta: 0.2m
step 03792/03814 (99.42%) | loss: 3.375622 | lrm: 0.06 | dt: 575.30ms | tok/sec: 93,447 | bf16_mfu: 0.00 | epoch: 1 pq: 4 rg: 6 | total time: 37.41m | eta: 0.2m
step 03793/03814 (99.45%) | loss: 3.372541 | lrm: 0.06 | dt: 592.75ms | tok/sec: 90,695 | bf16_mfu: 0.00 | epoch: 1 pq: 4 rg: 6 | total time: 37.42m | eta: 0.2m
step 03794/03814 (99.48%) | loss: 3.376807 | lrm: 0.06 | dt: 621.61ms | tok/sec: 86,484 | bf16_mfu: 0.00 | epoch: 1 pq: 4 rg: 7 | total time: 37.43m | eta: 0.2m
step 03795/03814 (99.50%) | loss: 3.393413 | lrm: 0.06 | dt: 593.78ms | tok/sec: 90,538 | bf16_mfu: 0.00 | epoch: 1 pq: 4 rg: 7 | total time: 37.44m | eta: 0.2m
step 03796/03814 (99.53%) | loss: 3.374843 | lrm: 0.06 | dt: 602.48ms | tok/sec: 89,230 | bf16_mfu: 0.00 | epoch: 1 pq: 4 rg: 7 | total time: 37.45m | eta: 0.2m
step 03797/03814 (99.55%) | loss: 3.358196 | lrm: 0.06 | dt: 591.46ms | tok/sec: 90,893 | bf16_mfu: 0.00 | epoch: 1 pq: 4 rg: 7 | total time: 37.46m | eta: 0.2m
step 03798/03814 (99.58%) | loss: 3.346083 | lrm: 0.06 | dt: 592.49ms | tok/sec: 90,735 | bf16_mfu: 0.00 | epoch: 1 pq: 4 rg: 7 | total time: 37.47m | eta: 0.2m
step 03799/03814 (99.61%) | loss: 3.353141 | lrm: 0.06 | dt: 604.98ms | tok/sec: 88,861 | bf16_mfu: 0.00 | epoch: 1 pq: 4 rg: 7 | total time: 37.48m | eta: 0.1m
step 03800/03814 (99.63%) | loss: 3.364770 | lrm: 0.06 | dt: 576.70ms | tok/sec: 93,219 | bf16_mfu: 0.00 | epoch: 1 pq: 4 rg: 7 | total time: 37.49m | eta: 0.1m
step 03801/03814 (99.66%) | loss: 3.386056 | lrm: 0.05 | dt: 597.91ms | tok/sec: 89,912 | bf16_mfu: 0.00 | epoch: 1 pq: 4 rg: 7 | total time: 37.50m | eta: 0.1m
step 03802/03814 (99.69%) | loss: 3.384063 | lrm: 0.05 | dt: 587.99ms | tok/sec: 91,429 | bf16_mfu: 0.00 | epoch: 1 pq: 4 rg: 7 | total time: 37.51m | eta: 0.1m
step 03803/03814 (99.71%) | loss: 3.380952 | lrm: 0.05 | dt: 592.98ms | tok/sec: 90,660 | bf16_mfu: 0.00 | epoch: 1 pq: 4 rg: 7 | total time: 37.52m | eta: 0.1m
step 03804/03814 (99.74%) | loss: 3.399100 | lrm: 0.05 | dt: 596.26ms | tok/sec: 90,161 | bf16_mfu: 0.00 | epoch: 1 pq: 4 rg: 7 | total time: 37.53m | eta: 0.1m
step 03805/03814 (99.76%) | loss: 3.386563 | lrm: 0.05 | dt: 634.34ms | tok/sec: 84,750 | bf16_mfu: 0.00 | epoch: 1 pq: 4 rg: 8 | total time: 37.54m | eta: 0.1m
step 03806/03814 (99.79%) | loss: 3.360759 | lrm: 0.05 | dt: 592.17ms | tok/sec: 90,784 | bf16_mfu: 0.00 | epoch: 1 pq: 4 rg: 8 | total time: 37.55m | eta: 0.1m
step 03807/03814 (99.82%) | loss: 3.372107 | lrm: 0.05 | dt: 588.34ms | tok/sec: 91,375 | bf16_mfu: 0.00 | epoch: 1 pq: 4 rg: 8 | total time: 37.56m | eta: 0.1m
step 03808/03814 (99.84%) | loss: 3.371334 | lrm: 0.05 | dt: 589.57ms | tok/sec: 91,184 | bf16_mfu: 0.00 | epoch: 1 pq: 4 rg: 8 | total time: 37.57m | eta: 0.1m2026-09-16 02:57:09,917 - nanochat.checkpoint_manager - [32m[1mINFO[0m - Saved model parameters to: /kaggle/working/runs/super-nfc_d6_s0/base_checkpoints/d6/model_003814.pt
2026-09-16 02:57:09,918 - nanochat.checkpoint_manager - [32m[1mINFO[0m - Saved metadata to: /kaggle/working/runs/super-nfc_d6_s0/base_checkpoints/d6/meta_003814.json
2026-09-16 02:57:10,275 - nanochat.checkpoint_manager - [32m[1mINFO[0m - Saved optimizer state to: /kaggle/working/runs/super-nfc_d6_s0/base_checkpoints/d6/optim_003814_rank0.pt

step 03809/03814 (99.87%) | loss: 3.365645 | lrm: 0.05 | dt: 588.92ms | tok/sec: 91,286 | bf16_mfu: 0.00 | epoch: 1 pq: 4 rg: 8 | total time: 37.58m | eta: 0.0m
step 03810/03814 (99.90%) | loss: 3.363830 | lrm: 0.05 | dt: 586.48ms | tok/sec: 91,664 | bf16_mfu: 0.00 | epoch: 1 pq: 4 rg: 8 | total time: 37.59m | eta: 0.0m
step 03811/03814 (99.92%) | loss: 3.383304 | lrm: 0.05 | dt: 586.28ms | tok/sec: 91,696 | bf16_mfu: 0.00 | epoch: 1 pq: 4 rg: 8 | total time: 37.60m | eta: 0.0m
step 03812/03814 (99.95%) | loss: 3.375469 | lrm: 0.05 | dt: 599.18ms | tok/sec: 89,722 | bf16_mfu: 0.00 | epoch: 1 pq: 4 rg: 8 | total time: 37.61m | eta: 0.0m
step 03813/03814 (99.97%) | loss: 3.388228 | lrm: 0.05 | dt: 590.38ms | tok/sec: 91,060 | bf16_mfu: 0.00 | epoch: 1 pq: 4 rg: 8 | total time: 37.62m | eta: 0.0m
Step 03814 | Validation bpb: 0.779466
Peak memory usage: 5364.31MiB
Total training time: 37.62m
Minimum validation bpb: 0.779466
