2026-09-16 05:11:17,808 - nanochat.common - [32m[1mINFO[0m - Distributed world size: 1
2026-09-16 05:11:17,809 - nanochat.common - [33m[1mWARNING[0m - Peak flops undefined for: Tesla T4, MFU will show as 0%
W0916 05:11:38.347000 88 torch/_inductor/utils.py:1679] [0/0] Not enough SMs to use max_autotune_gemm mode

                                                       █████                █████
                                                      ░░███                ░░███
     ████████    ██████   ████████    ██████   ██████  ░███████    ██████  ███████
    ░░███░░███  ░░░░░███ ░░███░░███  ███░░███ ███░░███ ░███░░███  ░░░░░███░░░███░
     ░███ ░███   ███████  ░███ ░███ ░███ ░███░███ ░░░  ░███ ░███   ███████  ░███
     ░███ ░███  ███░░███  ░███ ░███ ░███ ░███░███  ███ ░███ ░███  ███░░███  ░███ ███
     ████ █████░░████████ ████ █████░░██████ ░░██████  ████ █████░░███████  ░░█████
    ░░░░ ░░░░░  ░░░░░░░░ ░░░░ ░░░░░  ░░░░░░   ░░░░░░  ░░░░ ░░░░░  ░░░░░░░░   ░░░░░
    
Autodetected device type: cuda
GPU: Tesla T4 | Peak FLOPS (BF16): inf
COMPUTE_DTYPE: torch.float16 (set via NANOCHAT_DTYPE=float16)
!!!!!!!!!!!!!!!!!!!!!!!!!!!!!!!!!!!!!!!!!!!!!!!!!!!!!!!!!!!!!!!!!!!!!!!!!!!!!!!!
WARNING: Flash Attention 3 not available, using PyTorch SDPA fallback
WARNING: Training will be less efficient without FA3
!!!!!!!!!!!!!!!!!!!!!!!!!!!!!!!!!!!!!!!!!!!!!!!!!!!!!!!!!!!!!!!!!!!!!!!!!!!!!!!!
Vocab size: 16,009
Padding vocab_size from 16009 to 16064 for efficiency
Model config:
{
  "sequence_len": 840,
  "vocab_size": 16009,
  "n_layer": 6,
  "n_head": 3,
  "n_kv_head": 3,
  "n_embd": 384,
  "window_pattern": "L"
}
Parameter counts:
wte                     : 6,168,576
value_embeds            : 18,505,728
lm_head                 : 6,168,576
transformer_matrices    : 10,616,940
scalars                 : 38
total                   : 41,459,858
Estimated FLOPs per token: 1.239376e+08
Padding vocab_size from 16009 to 16064 for efficiency
Scaling LRs by 0.3536 for batch size 53,760 (reference: 524,288)
Scaling weight decay from 0.280000 to 0.573677 for depth 6
Scaling the LR for the AdamW parameters ∝1/√(384/768) = 1.414214
GradScaler enabled for fp16 training
Using user-provided number of iterations: 3,814
Total number of training tokens: 205,040,640
Tokens : Scaling params ratio: 12.22
Total training FLOPs estimate: 2.541224e+16
Tokens / micro-batch / rank: 32 x 840 = 26,880
Tokens / micro-batch: 26,880
Total batch size 53,760 => gradient accumulation steps: 2
Step 00000 | Validation bpb: 2.199663
step 00000/03814 (0.00%) | loss: 9.681156 | lrm: 0.03 | dt: 64903.95ms | tok/sec: 828 | bf16_mfu: 0.00 | epoch: 1 pq: 0 rg: 1 | total time: 0.00m
step 00001/03814 (0.03%) | loss: 9.679611 | lrm: 0.05 | dt: 586.15ms | tok/sec: 91,717 | bf16_mfu: 0.00 | epoch: 1 pq: 0 rg: 1 | total time: 0.00m
step 00002/03814 (0.05%) | loss: 9.677042 | lrm: 0.07 | dt: 505.90ms | tok/sec: 106,266 | bf16_mfu: 0.00 | epoch: 1 pq: 0 rg: 1 | total time: 0.00m
step 00003/03814 (0.08%) | loss: 9.672938 | lrm: 0.10 | dt: 511.52ms | tok/sec: 105,098 | bf16_mfu: 0.00 | epoch: 1 pq: 0 rg: 1 | total time: 0.00m
step 00004/03814 (0.10%) | loss: 9.667450 | lrm: 0.12 | dt: 511.85ms | tok/sec: 105,030 | bf16_mfu: 0.00 | epoch: 1 pq: 0 rg: 1 | total time: 0.00m
step 00005/03814 (0.13%) | loss: 9.659620 | lrm: 0.15 | dt: 515.02ms | tok/sec: 104,384 | bf16_mfu: 0.00 | epoch: 1 pq: 0 rg: 1 | total time: 0.00m
step 00006/03814 (0.16%) | loss: 9.648603 | lrm: 0.17 | dt: 520.01ms | tok/sec: 103,383 | bf16_mfu: 0.00 | epoch: 1 pq: 0 rg: 1 | total time: 0.00m
step 00007/03814 (0.18%) | loss: 9.633552 | lrm: 0.20 | dt: 630.90ms | tok/sec: 85,211 | bf16_mfu: 0.00 | epoch: 1 pq: 0 rg: 2 | total time: 0.00m
step 00008/03814 (0.21%) | loss: 9.611981 | lrm: 0.23 | dt: 582.59ms | tok/sec: 92,276 | bf16_mfu: 0.00 | epoch: 1 pq: 0 rg: 2 | total time: 0.00m
step 00009/03814 (0.24%) | loss: 9.582853 | lrm: 0.25 | dt: 653.04ms | tok/sec: 82,323 | bf16_mfu: 0.00 | epoch: 1 pq: 0 rg: 2 | total time: 0.00m
step 00010/03814 (0.26%) | loss: 9.542644 | lrm: 0.28 | dt: 573.66ms | tok/sec: 93,714 | bf16_mfu: 0.00 | epoch: 1 pq: 0 rg: 2 | total time: 0.00m
step 00011/03814 (0.29%) | loss: 9.483168 | lrm: 0.30 | dt: 519.19ms | tok/sec: 103,546 | bf16_mfu: 0.00 | epoch: 1 pq: 0 rg: 2 | total time: 0.01m | eta: 32.9m
step 00012/03814 (0.31%) | loss: 9.400705 | lrm: 0.33 | dt: 519.80ms | tok/sec: 103,424 | bf16_mfu: 0.00 | epoch: 1 pq: 0 rg: 2 | total time: 0.02m | eta: 32.9m
step 00013/03814 (0.34%) | loss: 9.286420 | lrm: 0.35 | dt: 526.58ms | tok/sec: 102,093 | bf16_mfu: 0.00 | epoch: 1 pq: 0 rg: 2 | total time: 0.03m | eta: 33.1m
step 00014/03814 (0.37%) | loss: 9.145475 | lrm: 0.38 | dt: 524.71ms | tok/sec: 102,456 | bf16_mfu: 0.00 | epoch: 1 pq: 0 rg: 2 | total time: 0.03m | eta: 33.1m
step 00015/03814 (0.39%) | loss: 9.018289 | lrm: 0.40 | dt: 550.38ms | tok/sec: 97,677 | bf16_mfu: 0.00 | epoch: 1 pq: 0 rg: 3 | total time: 0.04m | eta: 33.4m
step 00016/03814 (0.42%) | loss: 8.921322 | lrm: 0.42 | dt: 521.68ms | tok/sec: 103,052 | bf16_mfu: 0.00 | epoch: 1 pq: 0 rg: 3 | total time: 0.05m | eta: 33.4m
step 00017/03814 (0.45%) | loss: 8.812253 | lrm: 0.45 | dt: 516.77ms | tok/sec: 104,031 | bf16_mfu: 0.00 | epoch: 1 pq: 0 rg: 3 | total time: 0.06m | eta: 33.3m
step 00018/03814 (0.47%) | loss: 8.708063 | lrm: 0.47 | dt: 521.82ms | tok/sec: 103,023 | bf16_mfu: 0.00 | epoch: 1 pq: 0 rg: 3 | total time: 0.07m | eta: 33.2m
step 00019/03814 (0.50%) | loss: 8.621269 | lrm: 0.50 | dt: 522.39ms | tok/sec: 102,910 | bf16_mfu: 0.00 | epoch: 1 pq: 0 rg: 3 | total time: 0.08m | eta: 33.2m
step 00020/03814 (0.52%) | loss: 8.529188 | lrm: 0.53 | dt: 524.83ms | tok/sec: 102,433 | bf16_mfu: 0.00 | epoch: 1 pq: 0 rg: 3 | total time: 0.09m | eta: 33.2m
step 00021/03814 (0.55%) | loss: 8.443991 | lrm: 0.55 | dt: 529.18ms | tok/sec: 101,590 | bf16_mfu: 0.00 | epoch: 1 pq: 0 rg: 3 | total time: 0.10m | eta: 33.2m
step 00022/03814 (0.58%) | loss: 8.365799 | lrm: 0.57 | dt: 525.91ms | tok/sec: 102,223 | bf16_mfu: 0.00 | epoch: 1 pq: 0 rg: 3 | total time: 0.11m | eta: 33.2m
step 00023/03814 (0.60%) | loss: 8.277472 | lrm: 0.60 | dt: 528.24ms | tok/sec: 101,771 | bf16_mfu: 0.00 | epoch: 1 pq: 0 rg: 3 | total time: 0.11m | eta: 33.2m
step 00024/03814 (0.63%) | loss: 8.195530 | lrm: 0.62 | dt: 527.82ms | tok/sec: 101,852 | bf16_mfu: 0.00 | epoch: 1 pq: 0 rg: 3 | total time: 0.12m | eta: 33.2m
step 00025/03814 (0.66%) | loss: 8.120225 | lrm: 0.65 | dt: 535.10ms | tok/sec: 100,466 | bf16_mfu: 0.00 | epoch: 1 pq: 0 rg: 4 | total time: 0.13m | eta: 33.2m
step 00026/03814 (0.68%) | loss: 8.055318 | lrm: 0.68 | dt: 540.61ms | tok/sec: 99,443 | bf16_mfu: 0.00 | epoch: 1 pq: 0 rg: 4 | total time: 0.14m | eta: 33.3m
step 00027/03814 (0.71%) | loss: 7.986432 | lrm: 0.70 | dt: 529.78ms | tok/sec: 101,475 | bf16_mfu: 0.00 | epoch: 1 pq: 0 rg: 4 | total time: 0.15m | eta: 33.3m
step 00028/03814 (0.73%) | loss: 7.917169 | lrm: 0.72 | dt: 532.16ms | tok/sec: 101,023 | bf16_mfu: 0.00 | epoch: 1 pq: 0 rg: 4 | total time: 0.16m | eta: 33.3m
step 00029/03814 (0.76%) | loss: 7.845947 | lrm: 0.75 | dt: 529.72ms | tok/sec: 101,487 | bf16_mfu: 0.00 | epoch: 1 pq: 0 rg: 4 | total time: 0.17m | eta: 33.3m
step 00030/03814 (0.79%) | loss: 7.774049 | lrm: 0.78 | dt: 526.84ms | tok/sec: 102,041 | bf16_mfu: 0.00 | epoch: 1 pq: 0 rg: 4 | total time: 0.18m | eta: 33.3m
step 00031/03814 (0.81%) | loss: 7.695178 | lrm: 0.80 | dt: 527.39ms | tok/sec: 101,936 | bf16_mfu: 0.00 | epoch: 1 pq: 0 rg: 4 | total time: 0.18m | eta: 33.3m
step 00032/03814 (0.84%) | loss: 7.623107 | lrm: 0.82 | dt: 527.16ms | tok/sec: 101,979 | bf16_mfu: 0.00 | epoch: 1 pq: 0 rg: 4 | total time: 0.19m | eta: 33.3m
step 00033/03814 (0.87%) | loss: 7.552046 | lrm: 0.85 | dt: 527.63ms | tok/sec: 101,889 | bf16_mfu: 0.00 | epoch: 1 pq: 0 rg: 4 | total time: 0.20m | eta: 33.3m
step 00034/03814 (0.89%) | loss: 7.477275 | lrm: 0.88 | dt: 526.73ms | tok/sec: 102,063 | bf16_mfu: 0.00 | epoch: 1 pq: 0 rg: 4 | total time: 0.21m | eta: 33.2m
step 00035/03814 (0.92%) | loss: 7.403173 | lrm: 0.90 | dt: 562.30ms | tok/sec: 95,607 | bf16_mfu: 0.00 | epoch: 1 pq: 0 rg: 5 | total time: 0.22m | eta: 33.3m
step 00036/03814 (0.94%) | loss: 7.332852 | lrm: 0.93 | dt: 530.79ms | tok/sec: 101,282 | bf16_mfu: 0.00 | epoch: 1 pq: 0 rg: 5 | total time: 0.23m | eta: 33.3m
step 00037/03814 (0.97%) | loss: 7.274334 | lrm: 0.95 | dt: 574.41ms | tok/sec: 93,591 | bf16_mfu: 0.00 | epoch: 1 pq: 0 rg: 5 | total time: 0.24m | eta: 33.4m
step 00038/03814 (1.00%) | loss: 7.221245 | lrm: 0.97 | dt: 526.74ms | tok/sec: 102,062 | bf16_mfu: 0.00 | epoch: 1 pq: 0 rg: 5 | total time: 0.25m | eta: 33.4m
step 00039/03814 (1.02%) | loss: 7.167086 | lrm: 1.00 | dt: 531.78ms | tok/sec: 101,094 | bf16_mfu: 0.00 | epoch: 1 pq: 0 rg: 5 | total time: 0.26m | eta: 33.4m
step 00040/03814 (1.05%) | loss: 7.104434 | lrm: 1.00 | dt: 535.30ms | tok/sec: 100,429 | bf16_mfu: 0.00 | epoch: 1 pq: 0 rg: 5 | total time: 0.27m | eta: 33.4m
step 00041/03814 (1.07%) | loss: 7.051229 | lrm: 1.00 | dt: 532.66ms | tok/sec: 100,927 | bf16_mfu: 0.00 | epoch: 1 pq: 0 rg: 5 | total time: 0.27m | eta: 33.4m
step 00042/03814 (1.10%) | loss: 7.002400 | lrm: 1.00 | dt: 530.11ms | tok/sec: 101,413 | bf16_mfu: 0.00 | epoch: 1 pq: 0 rg: 5 | total time: 0.28m | eta: 33.4m
step 00043/03814 (1.13%) | loss: 6.953125 | lrm: 1.00 | dt: 527.91ms | tok/sec: 101,835 | bf16_mfu: 0.00 | epoch: 1 pq: 0 rg: 5 | total time: 0.29m | eta: 33.4m
step 00044/03814 (1.15%) | loss: 6.904807 | lrm: 1.00 | dt: 535.47ms | tok/sec: 100,397 | bf16_mfu: 0.00 | epoch: 1 pq: 0 rg: 5 | total time: 0.30m | eta: 33.4m
step 00045/03814 (1.18%) | loss: 6.847437 | lrm: 1.00 | dt: 534.40ms | tok/sec: 100,597 | bf16_mfu: 0.00 | epoch: 1 pq: 0 rg: 5 | total time: 0.31m | eta: 33.4m
step 00046/03814 (1.21%) | loss: 6.804989 | lrm: 1.00 | dt: 667.01ms | tok/sec: 80,598 | bf16_mfu: 0.00 | epoch: 1 pq: 0 rg: 6 | total time: 0.32m | eta: 33.6m
step 00047/03814 (1.23%) | loss: 6.772584 | lrm: 1.00 | dt: 545.98ms | tok/sec: 98,465 | bf16_mfu: 0.00 | epoch: 1 pq: 0 rg: 6 | total time: 0.33m | eta: 33.6m
step 00048/03814 (1.26%) | loss: 6.728083 | lrm: 1.00 | dt: 532.38ms | tok/sec: 100,980 | bf16_mfu: 0.00 | epoch: 1 pq: 0 rg: 6 | total time: 0.34m | eta: 33.6m
step 00049/03814 (1.28%) | loss: 6.687403 | lrm: 1.00 | dt: 535.66ms | tok/sec: 100,362 | bf16_mfu: 0.00 | epoch: 1 pq: 0 rg: 6 | total time: 0.35m | eta: 33.6m
step 00050/03814 (1.31%) | loss: 6.651617 | lrm: 1.00 | dt: 538.51ms | tok/sec: 99,831 | bf16_mfu: 0.00 | epoch: 1 pq: 0 rg: 6 | total time: 0.36m | eta: 33.6m
step 00051/03814 (1.34%) | loss: 6.622106 | lrm: 1.00 | dt: 537.93ms | tok/sec: 99,938 | bf16_mfu: 0.00 | epoch: 1 pq: 0 rg: 6 | total time: 0.37m | eta: 33.6m
step 00052/03814 (1.36%) | loss: 6.591732 | lrm: 1.00 | dt: 537.29ms | tok/sec: 100,057 | bf16_mfu: 0.00 | epoch: 1 pq: 0 rg: 6 | total time: 0.37m | eta: 33.6m
step 00053/03814 (1.39%) | loss: 6.570817 | lrm: 1.00 | dt: 597.66ms | tok/sec: 89,950 | bf16_mfu: 0.00 | epoch: 1 pq: 0 rg: 6 | total time: 0.38m | eta: 33.6m
step 00054/03814 (1.42%) | loss: 6.539644 | lrm: 1.00 | dt: 595.56ms | tok/sec: 90,268 | bf16_mfu: 0.00 | epoch: 1 pq: 0 rg: 6 | total time: 0.39m | eta: 33.7m
step 00055/03814 (1.44%) | loss: 6.502350 | lrm: 1.00 | dt: 538.34ms | tok/sec: 99,861 | bf16_mfu: 0.00 | epoch: 1 pq: 0 rg: 6 | total time: 0.40m | eta: 33.7m
step 00056/03814 (1.47%) | loss: 6.471447 | lrm: 1.00 | dt: 553.27ms | tok/sec: 97,167 | bf16_mfu: 0.00 | epoch: 1 pq: 0 rg: 7 | total time: 0.41m | eta: 33.7m
step 00057/03814 (1.49%) | loss: 6.443450 | lrm: 1.00 | dt: 535.83ms | tok/sec: 100,329 | bf16_mfu: 0.00 | epoch: 1 pq: 0 rg: 7 | total time: 0.42m | eta: 33.7m
step 00058/03814 (1.52%) | loss: 6.421348 | lrm: 1.00 | dt: 612.84ms | tok/sec: 87,723 | bf16_mfu: 0.00 | epoch: 1 pq: 0 rg: 7 | total time: 0.43m | eta: 33.8m
step 00059/03814 (1.55%) | loss: 6.390565 | lrm: 1.00 | dt: 537.88ms | tok/sec: 99,948 | bf16_mfu: 0.00 | epoch: 1 pq: 0 rg: 7 | total time: 0.44m | eta: 33.8m
step 00060/03814 (1.57%) | loss: 6.363352 | lrm: 1.00 | dt: 561.09ms | tok/sec: 95,814 | bf16_mfu: 0.00 | epoch: 1 pq: 0 rg: 7 | total time: 0.45m | eta: 33.8m
step 00061/03814 (1.60%) | loss: 6.347346 | lrm: 1.00 | dt: 555.45ms | tok/sec: 96,786 | bf16_mfu: 0.00 | epoch: 1 pq: 0 rg: 7 | total time: 0.46m | eta: 33.8m
step 00062/03814 (1.63%) | loss: 6.330131 | lrm: 1.00 | dt: 547.15ms | tok/sec: 98,255 | bf16_mfu: 0.00 | epoch: 1 pq: 0 rg: 7 | total time: 0.47m | eta: 33.8m
step 00063/03814 (1.65%) | loss: 6.303476 | lrm: 1.00 | dt: 545.05ms | tok/sec: 98,632 | bf16_mfu: 0.00 | epoch: 1 pq: 0 rg: 7 | total time: 0.48m | eta: 33.8m
step 00064/03814 (1.68%) | loss: 6.276172 | lrm: 1.00 | dt: 540.69ms | tok/sec: 99,429 | bf16_mfu: 0.00 | epoch: 1 pq: 0 rg: 7 | total time: 0.49m | eta: 33.8m
step 00065/03814 (1.70%) | loss: 6.265761 | lrm: 1.00 | dt: 559.26ms | tok/sec: 96,127 | bf16_mfu: 0.00 | epoch: 1 pq: 0 rg: 7 | total time: 0.50m | eta: 33.8m
step 00066/03814 (1.73%) | loss: 6.247696 | lrm: 1.00 | dt: 641.24ms | tok/sec: 83,837 | bf16_mfu: 0.00 | epoch: 1 pq: 0 rg: 8 | total time: 0.51m | eta: 33.9m
step 00067/03814 (1.76%) | loss: 6.232100 | lrm: 1.00 | dt: 545.38ms | tok/sec: 98,572 | bf16_mfu: 0.00 | epoch: 1 pq: 0 rg: 8 | total time: 0.52m | eta: 33.9m
step 00068/03814 (1.78%) | loss: 6.216014 | lrm: 1.00 | dt: 546.69ms | tok/sec: 98,337 | bf16_mfu: 0.00 | epoch: 1 pq: 0 rg: 8 | total time: 0.52m | eta: 33.9m
step 00069/03814 (1.81%) | loss: 6.204215 | lrm: 1.00 | dt: 554.21ms | tok/sec: 97,003 | bf16_mfu: 0.00 | epoch: 1 pq: 0 rg: 8 | total time: 0.53m | eta: 33.9m
step 00070/03814 (1.84%) | loss: 6.199144 | lrm: 1.00 | dt: 546.46ms | tok/sec: 98,379 | bf16_mfu: 0.00 | epoch: 1 pq: 0 rg: 8 | total time: 0.54m | eta: 33.9m
step 00071/03814 (1.86%) | loss: 6.175698 | lrm: 1.00 | dt: 545.18ms | tok/sec: 98,608 | bf16_mfu: 0.00 | epoch: 1 pq: 0 rg: 8 | total time: 0.55m | eta: 33.9m
step 00072/03814 (1.89%) | loss: 6.152822 | lrm: 1.00 | dt: 549.51ms | tok/sec: 97,833 | bf16_mfu: 0.00 | epoch: 1 pq: 0 rg: 8 | total time: 0.56m | eta: 33.9m
step 00073/03814 (1.91%) | loss: 6.152710 | lrm: 1.00 | dt: 545.77ms | tok/sec: 98,503 | bf16_mfu: 0.00 | epoch: 1 pq: 0 rg: 8 | total time: 0.57m | eta: 33.9m
step 00074/03814 (1.94%) | loss: 6.136196 | lrm: 1.00 | dt: 557.35ms | tok/sec: 96,456 | bf16_mfu: 0.00 | epoch: 1 pq: 0 rg: 8 | total time: 0.58m | eta: 33.9m
step 00075/03814 (1.97%) | loss: 6.116778 | lrm: 1.00 | dt: 543.89ms | tok/sec: 98,844 | bf16_mfu: 0.00 | epoch: 1 pq: 0 rg: 8 | total time: 0.59m | eta: 33.9m
step 00076/03814 (1.99%) | loss: 6.092478 | lrm: 1.00 | dt: 541.73ms | tok/sec: 99,237 | bf16_mfu: 0.00 | epoch: 1 pq: 0 rg: 8 | total time: 0.60m | eta: 33.9m
step 00077/03814 (2.02%) | loss: 6.085054 | lrm: 1.00 | dt: 698.09ms | tok/sec: 77,010 | bf16_mfu: 0.00 | epoch: 1 pq: 0 rg: 9 | total time: 0.61m | eta: 34.0m
step 00078/03814 (2.05%) | loss: 6.089634 | lrm: 1.00 | dt: 548.60ms | tok/sec: 97,995 | bf16_mfu: 0.00 | epoch: 1 pq: 0 rg: 9 | total time: 0.62m | eta: 34.0m
step 00079/03814 (2.07%) | loss: 6.094314 | lrm: 1.00 | dt: 548.19ms | tok/sec: 98,068 | bf16_mfu: 0.00 | epoch: 1 pq: 0 rg: 9 | total time: 0.63m | eta: 34.0m
step 00080/03814 (2.10%) | loss: 6.078999 | lrm: 1.00 | dt: 546.38ms | tok/sec: 98,393 | bf16_mfu: 0.00 | epoch: 1 pq: 0 rg: 9 | total time: 0.64m | eta: 34.0m
step 00081/03814 (2.12%) | loss: 6.061357 | lrm: 1.00 | dt: 549.37ms | tok/sec: 97,858 | bf16_mfu: 0.00 | epoch: 1 pq: 0 rg: 9 | total time: 0.65m | eta: 34.0m
step 00082/03814 (2.15%) | loss: 6.053318 | lrm: 1.00 | dt: 545.37ms | tok/sec: 98,575 | bf16_mfu: 0.00 | epoch: 1 pq: 0 rg: 9 | total time: 0.66m | eta: 34.0m
step 00083/03814 (2.18%) | loss: 6.053886 | lrm: 1.00 | dt: 581.45ms | tok/sec: 92,458 | bf16_mfu: 0.00 | epoch: 1 pq: 0 rg: 9 | total time: 0.66m | eta: 34.0m
step 00084/03814 (2.20%) | loss: 6.036352 | lrm: 1.00 | dt: 548.54ms | tok/sec: 98,006 | bf16_mfu: 0.00 | epoch: 1 pq: 0 rg: 9 | total time: 0.67m | eta: 34.0m
step 00085/03814 (2.23%) | loss: 6.011895 | lrm: 1.00 | dt: 550.50ms | tok/sec: 97,656 | bf16_mfu: 0.00 | epoch: 1 pq: 0 rg: 9 | total time: 0.68m | eta: 34.0m
step 00086/03814 (2.25%) | loss: 6.006451 | lrm: 1.00 | dt: 549.91ms | tok/sec: 97,761 | bf16_mfu: 0.00 | epoch: 1 pq: 0 rg: 9 | total time: 0.69m | eta: 34.0m
step 00087/03814 (2.28%) | loss: 6.007792 | lrm: 1.00 | dt: 592.97ms | tok/sec: 90,661 | bf16_mfu: 0.00 | epoch: 1 pq: 0 rg: 10 | total time: 0.70m | eta: 34.0m
step 00088/03814 (2.31%) | loss: 5.997622 | lrm: 1.00 | dt: 553.38ms | tok/sec: 97,148 | bf16_mfu: 0.00 | epoch: 1 pq: 0 rg: 10 | total time: 0.71m | eta: 34.0m
step 00089/03814 (2.33%) | loss: 5.985464 | lrm: 1.00 | dt: 555.11ms | tok/sec: 96,845 | bf16_mfu: 0.00 | epoch: 1 pq: 0 rg: 10 | total time: 0.72m | eta: 34.0m
step 00090/03814 (2.36%) | loss: 5.974307 | lrm: 1.00 | dt: 555.68ms | tok/sec: 96,746 | bf16_mfu: 0.00 | epoch: 1 pq: 0 rg: 10 | total time: 0.73m | eta: 34.0m
step 00091/03814 (2.39%) | loss: 5.967564 | lrm: 1.00 | dt: 554.29ms | tok/sec: 96,989 | bf16_mfu: 0.00 | epoch: 1 pq: 0 rg: 10 | total time: 0.74m | eta: 34.0m
step 00092/03814 (2.41%) | loss: 5.954706 | lrm: 1.00 | dt: 553.77ms | tok/sec: 97,079 | bf16_mfu: 0.00 | epoch: 1 pq: 0 rg: 10 | total time: 0.75m | eta: 34.0m
step 00093/03814 (2.44%) | loss: 5.939745 | lrm: 1.00 | dt: 554.56ms | tok/sec: 96,941 | bf16_mfu: 0.00 | epoch: 1 pq: 0 rg: 10 | total time: 0.76m | eta: 34.0m
step 00094/03814 (2.46%) | loss: 5.922950 | lrm: 1.00 | dt: 591.72ms | tok/sec: 90,854 | bf16_mfu: 0.00 | epoch: 1 pq: 0 rg: 10 | total time: 0.77m | eta: 34.0m
step 00095/03814 (2.49%) | loss: 5.918289 | lrm: 1.00 | dt: 559.78ms | tok/sec: 96,037 | bf16_mfu: 0.00 | epoch: 1 pq: 0 rg: 10 | total time: 0.78m | eta: 34.0m
step 00096/03814 (2.52%) | loss: 5.909753 | lrm: 1.00 | dt: 557.20ms | tok/sec: 96,482 | bf16_mfu: 0.00 | epoch: 1 pq: 0 rg: 10 | total time: 0.79m | eta: 34.0m
step 00097/03814 (2.54%) | loss: 5.901465 | lrm: 1.00 | dt: 556.94ms | tok/sec: 96,526 | bf16_mfu: 0.00 | epoch: 1 pq: 0 rg: 10 | total time: 0.80m | eta: 34.0m
step 00098/03814 (2.57%) | loss: 5.896412 | lrm: 1.00 | dt: 571.81ms | tok/sec: 94,016 | bf16_mfu: 0.00 | epoch: 1 pq: 0 rg: 11 | total time: 0.81m | eta: 34.0m
step 00099/03814 (2.60%) | loss: 5.895950 | lrm: 1.00 | dt: 561.06ms | tok/sec: 95,818 | bf16_mfu: 0.00 | epoch: 1 pq: 0 rg: 11 | total time: 0.81m | eta: 34.0m
step 00100/03814 (2.62%) | loss: 5.881865 | lrm: 1.00 | dt: 560.96ms | tok/sec: 95,834 | bf16_mfu: 0.00 | epoch: 1 pq: 0 rg: 11 | total time: 0.82m | eta: 34.0m
step 00101/03814 (2.65%) | loss: 5.866900 | lrm: 1.00 | dt: 558.15ms | tok/sec: 96,318 | bf16_mfu: 0.00 | epoch: 1 pq: 0 rg: 11 | total time: 0.83m | eta: 34.0m
step 00102/03814 (2.67%) | loss: 5.851062 | lrm: 1.00 | dt: 560.41ms | tok/sec: 95,929 | bf16_mfu: 0.00 | epoch: 1 pq: 0 rg: 11 | total time: 0.84m | eta: 34.0m
step 00103/03814 (2.70%) | loss: 5.855046 | lrm: 1.00 | dt: 569.39ms | tok/sec: 94,416 | bf16_mfu: 0.00 | epoch: 1 pq: 0 rg: 11 | total time: 0.85m | eta: 34.0m
step 00104/03814 (2.73%) | loss: 5.845499 | lrm: 1.00 | dt: 595.64ms | tok/sec: 90,256 | bf16_mfu: 0.00 | epoch: 1 pq: 0 rg: 11 | total time: 0.86m | eta: 34.0m
step 00105/03814 (2.75%) | loss: 5.831021 | lrm: 1.00 | dt: 560.09ms | tok/sec: 95,985 | bf16_mfu: 0.00 | epoch: 1 pq: 0 rg: 11 | total time: 0.87m | eta: 34.0m
step 00106/03814 (2.78%) | loss: 5.816540 | lrm: 1.00 | dt: 565.84ms | tok/sec: 95,008 | bf16_mfu: 0.00 | epoch: 1 pq: 0 rg: 11 | total time: 0.88m | eta: 34.0m
step 00107/03814 (2.81%) | loss: 5.819202 | lrm: 1.00 | dt: 566.87ms | tok/sec: 94,837 | bf16_mfu: 0.00 | epoch: 1 pq: 0 rg: 11 | total time: 0.89m | eta: 34.0m
step 00108/03814 (2.83%) | loss: 5.818758 | lrm: 1.00 | dt: 577.19ms | tok/sec: 93,141 | bf16_mfu: 0.00 | epoch: 1 pq: 0 rg: 12 | total time: 0.90m | eta: 34.0m
step 00109/03814 (2.86%) | loss: 5.808761 | lrm: 1.00 | dt: 566.06ms | tok/sec: 94,972 | bf16_mfu: 0.00 | epoch: 1 pq: 0 rg: 12 | total time: 0.91m | eta: 34.0m
step 00110/03814 (2.88%) | loss: 5.796835 | lrm: 1.00 | dt: 569.01ms | tok/sec: 94,480 | bf16_mfu: 0.00 | epoch: 1 pq: 0 rg: 12 | total time: 0.92m | eta: 34.0m
step 00111/03814 (2.91%) | loss: 5.792481 | lrm: 1.00 | dt: 566.76ms | tok/sec: 94,855 | bf16_mfu: 0.00 | epoch: 1 pq: 0 rg: 12 | total time: 0.93m | eta: 34.0m
step 00112/03814 (2.94%) | loss: 5.783207 | lrm: 1.00 | dt: 609.08ms | tok/sec: 88,264 | bf16_mfu: 0.00 | epoch: 1 pq: 0 rg: 12 | total time: 0.94m | eta: 34.0m
step 00113/03814 (2.96%) | loss: 5.761355 | lrm: 1.00 | dt: 576.31ms | tok/sec: 93,283 | bf16_mfu: 0.00 | epoch: 1 pq: 0 rg: 12 | total time: 0.95m | eta: 34.1m
step 00114/03814 (2.99%) | loss: 5.750989 | lrm: 1.00 | dt: 566.15ms | tok/sec: 94,957 | bf16_mfu: 0.00 | epoch: 1 pq: 0 rg: 12 | total time: 0.96m | eta: 34.1m
step 00115/03814 (3.02%) | loss: 5.754785 | lrm: 1.00 | dt: 567.28ms | tok/sec: 94,767 | bf16_mfu: 0.00 | epoch: 1 pq: 0 rg: 12 | total time: 0.97m | eta: 34.1m
step 00116/03814 (3.04%) | loss: 5.754648 | lrm: 1.00 | dt: 566.25ms | tok/sec: 94,940 | bf16_mfu: 0.00 | epoch: 1 pq: 0 rg: 12 | total time: 0.98m | eta: 34.1m
step 00117/03814 (3.07%) | loss: 5.739283 | lrm: 1.00 | dt: 580.14ms | tok/sec: 92,666 | bf16_mfu: 0.00 | epoch: 1 pq: 0 rg: 12 | total time: 0.99m | eta: 34.1m
step 00118/03814 (3.09%) | loss: 5.718017 | lrm: 1.00 | dt: 572.28ms | tok/sec: 93,939 | bf16_mfu: 0.00 | epoch: 1 pq: 0 rg: 12 | total time: 1.00m | eta: 34.1m
step 00119/03814 (3.12%) | loss: 5.709081 | lrm: 1.00 | dt: 607.63ms | tok/sec: 88,474 | bf16_mfu: 0.00 | epoch: 1 pq: 0 rg: 13 | total time: 1.01m | eta: 34.1m
step 00120/03814 (3.15%) | loss: 5.701578 | lrm: 1.00 | dt: 580.26ms | tok/sec: 92,647 | bf16_mfu: 0.00 | epoch: 1 pq: 0 rg: 13 | total time: 1.02m | eta: 34.1m
step 00121/03814 (3.17%) | loss: 5.684491 | lrm: 1.00 | dt: 708.05ms | tok/sec: 75,926 | bf16_mfu: 0.00 | epoch: 1 pq: 0 rg: 13 | total time: 1.03m | eta: 34.2m
step 00122/03814 (3.20%) | loss: 5.672786 | lrm: 1.00 | dt: 578.04ms | tok/sec: 93,003 | bf16_mfu: 0.00 | epoch: 1 pq: 0 rg: 13 | total time: 1.04m | eta: 34.2m
step 00123/03814 (3.22%) | loss: 5.652017 | lrm: 1.00 | dt: 581.77ms | tok/sec: 92,407 | bf16_mfu: 0.00 | epoch: 1 pq: 0 rg: 13 | total time: 1.05m | eta: 34.2m
step 00124/03814 (3.25%) | loss: 5.659346 | lrm: 1.00 | dt: 576.90ms | tok/sec: 93,188 | bf16_mfu: 0.00 | epoch: 1 pq: 0 rg: 13 | total time: 1.06m | eta: 34.2m
step 00125/03814 (3.28%) | loss: 5.663996 | lrm: 1.00 | dt: 578.84ms | tok/sec: 92,874 | bf16_mfu: 0.00 | epoch: 1 pq: 0 rg: 13 | total time: 1.07m | eta: 34.2m
step 00126/03814 (3.30%) | loss: 5.648103 | lrm: 1.00 | dt: 584.76ms | tok/sec: 91,935 | bf16_mfu: 0.00 | epoch: 1 pq: 0 rg: 13 | total time: 1.08m | eta: 34.2m
step 00127/03814 (3.33%) | loss: 5.630117 | lrm: 1.00 | dt: 582.91ms | tok/sec: 92,227 | bf16_mfu: 0.00 | epoch: 1 pq: 0 rg: 13 | total time: 1.08m | eta: 34.2m
step 00128/03814 (3.36%) | loss: 5.639611 | lrm: 1.00 | dt: 574.02ms | tok/sec: 93,655 | bf16_mfu: 0.00 | epoch: 1 pq: 0 rg: 13 | total time: 1.09m | eta: 34.2m
step 00129/03814 (3.38%) | loss: 5.636672 | lrm: 1.00 | dt: 584.64ms | tok/sec: 91,954 | bf16_mfu: 0.00 | epoch: 1 pq: 0 rg: 14 | total time: 1.10m | eta: 34.2m
step 00130/03814 (3.41%) | loss: 5.635054 | lrm: 1.00 | dt: 583.98ms | tok/sec: 92,057 | bf16_mfu: 0.00 | epoch: 1 pq: 0 rg: 14 | total time: 1.11m | eta: 34.2m
step 00131/03814 (3.43%) | loss: 5.617644 | lrm: 1.00 | dt: 577.91ms | tok/sec: 93,025 | bf16_mfu: 0.00 | epoch: 1 pq: 0 rg: 14 | total time: 1.12m | eta: 34.2m
step 00132/03814 (3.46%) | loss: 5.604599 | lrm: 1.00 | dt: 582.56ms | tok/sec: 92,282 | bf16_mfu: 0.00 | epoch: 1 pq: 0 rg: 14 | total time: 1.13m | eta: 34.2m
step 00133/03814 (3.49%) | loss: 5.595905 | lrm: 1.00 | dt: 584.54ms | tok/sec: 91,969 | bf16_mfu: 0.00 | epoch: 1 pq: 0 rg: 14 | total time: 1.14m | eta: 34.2m
step 00134/03814 (3.51%) | loss: 5.594431 | lrm: 1.00 | dt: 586.92ms | tok/sec: 91,596 | bf16_mfu: 0.00 | epoch: 1 pq: 0 rg: 14 | total time: 1.15m | eta: 34.2m
step 00135/03814 (3.54%) | loss: 5.584151 | lrm: 1.00 | dt: 585.77ms | tok/sec: 91,776 | bf16_mfu: 0.00 | epoch: 1 pq: 0 rg: 14 | total time: 1.16m | eta: 34.2m
step 00136/03814 (3.57%) | loss: 5.568867 | lrm: 1.00 | dt: 588.34ms | tok/sec: 91,376 | bf16_mfu: 0.00 | epoch: 1 pq: 0 rg: 14 | total time: 1.17m | eta: 34.2m
step 00137/03814 (3.59%) | loss: 5.558848 | lrm: 1.00 | dt: 587.15ms | tok/sec: 91,560 | bf16_mfu: 0.00 | epoch: 1 pq: 0 rg: 14 | total time: 1.18m | eta: 34.2m
step 00138/03814 (3.62%) | loss: 5.557888 | lrm: 1.00 | dt: 587.02ms | tok/sec: 91,581 | bf16_mfu: 0.00 | epoch: 1 pq: 0 rg: 14 | total time: 1.19m | eta: 34.2m
step 00139/03814 (3.64%) | loss: 5.532740 | lrm: 1.00 | dt: 656.57ms | tok/sec: 81,879 | bf16_mfu: 0.00 | epoch: 1 pq: 0 rg: 15 | total time: 1.20m | eta: 34.3m
step 00140/03814 (3.67%) | loss: 5.520868 | lrm: 1.00 | dt: 584.03ms | tok/sec: 92,049 | bf16_mfu: 0.00 | epoch: 1 pq: 0 rg: 15 | total time: 1.21m | eta: 34.3m
step 00141/03814 (3.70%) | loss: 5.512899 | lrm: 1.00 | dt: 584.70ms | tok/sec: 91,944 | bf16_mfu: 0.00 | epoch: 1 pq: 0 rg: 15 | total time: 1.22m | eta: 34.3m
step 00142/03814 (3.72%) | loss: 5.499243 | lrm: 1.00 | dt: 628.31ms | tok/sec: 85,562 | bf16_mfu: 0.00 | epoch: 1 pq: 0 rg: 15 | total time: 1.23m | eta: 34.3m
step 00143/03814 (3.75%) | loss: 5.502801 | lrm: 1.00 | dt: 584.24ms | tok/sec: 92,016 | bf16_mfu: 0.00 | epoch: 1 pq: 0 rg: 15 | total time: 1.24m | eta: 34.3m
step 00144/03814 (3.78%) | loss: 5.489109 | lrm: 1.00 | dt: 581.88ms | tok/sec: 92,390 | bf16_mfu: 0.00 | epoch: 1 pq: 0 rg: 15 | total time: 1.25m | eta: 34.3m
step 00145/03814 (3.80%) | loss: 5.471994 | lrm: 1.00 | dt: 576.91ms | tok/sec: 93,185 | bf16_mfu: 0.00 | epoch: 1 pq: 0 rg: 15 | total time: 1.26m | eta: 34.3m
step 00146/03814 (3.83%) | loss: 5.487116 | lrm: 1.00 | dt: 573.19ms | tok/sec: 93,790 | bf16_mfu: 0.00 | epoch: 1 pq: 0 rg: 15 | total time: 1.27m | eta: 34.3m
step 00147/03814 (3.85%) | loss: 5.480976 | lrm: 1.00 | dt: 584.08ms | tok/sec: 92,041 | bf16_mfu: 0.00 | epoch: 1 pq: 0 rg: 15 | total time: 1.28m | eta: 34.3m
step 00148/03814 (3.88%) | loss: 5.466996 | lrm: 1.00 | dt: 585.66ms | tok/sec: 91,794 | bf16_mfu: 0.00 | epoch: 1 pq: 0 rg: 15 | total time: 1.29m | eta: 34.3m
step 00149/03814 (3.91%) | loss: 5.465032 | lrm: 1.00 | dt: 571.03ms | tok/sec: 94,146 | bf16_mfu: 0.00 | epoch: 1 pq: 0 rg: 15 | total time: 1.30m | eta: 34.3m
step 00150/03814 (3.93%) | loss: 5.466653 | lrm: 1.00 | dt: 587.02ms | tok/sec: 91,581 | bf16_mfu: 0.00 | epoch: 1 pq: 0 rg: 16 | total time: 1.31m | eta: 34.3m
step 00151/03814 (3.96%) | loss: 5.457373 | lrm: 1.00 | dt: 566.11ms | tok/sec: 94,963 | bf16_mfu: 0.00 | epoch: 1 pq: 0 rg: 16 | total time: 1.32m | eta: 34.3m
step 00152/03814 (3.99%) | loss: 5.448757 | lrm: 1.00 | dt: 580.26ms | tok/sec: 92,647 | bf16_mfu: 0.00 | epoch: 1 pq: 0 rg: 16 | total time: 1.33m | eta: 34.3m
step 00153/03814 (4.01%) | loss: 5.430552 | lrm: 1.00 | dt: 573.41ms | tok/sec: 93,754 | bf16_mfu: 0.00 | epoch: 1 pq: 0 rg: 16 | total time: 1.34m | eta: 34.3m
step 00154/03814 (4.04%) | loss: 5.421198 | lrm: 1.00 | dt: 567.58ms | tok/sec: 94,718 | bf16_mfu: 0.00 | epoch: 1 pq: 0 rg: 16 | total time: 1.35m | eta: 34.3m
step 00155/03814 (4.06%) | loss: 5.422411 | lrm: 1.00 | dt: 567.37ms | tok/sec: 94,752 | bf16_mfu: 0.00 | epoch: 1 pq: 0 rg: 16 | total time: 1.36m | eta: 34.3m
step 00156/03814 (4.09%) | loss: 5.401380 | lrm: 1.00 | dt: 567.73ms | tok/sec: 94,692 | bf16_mfu: 0.00 | epoch: 1 pq: 0 rg: 16 | total time: 1.37m | eta: 34.3m
step 00157/03814 (4.12%) | loss: 5.390080 | lrm: 1.00 | dt: 576.08ms | tok/sec: 93,319 | bf16_mfu: 0.00 | epoch: 1 pq: 0 rg: 16 | total time: 1.38m | eta: 34.3m
step 00158/03814 (4.14%) | loss: 5.381539 | lrm: 1.00 | dt: 567.44ms | tok/sec: 94,740 | bf16_mfu: 0.00 | epoch: 1 pq: 0 rg: 16 | total time: 1.39m | eta: 34.2m
step 00159/03814 (4.17%) | loss: 5.403410 | lrm: 1.00 | dt: 570.14ms | tok/sec: 94,292 | bf16_mfu: 0.00 | epoch: 1 pq: 0 rg: 16 | total time: 1.40m | eta: 34.2m
step 00160/03814 (4.20%) | loss: 5.403077 | lrm: 1.00 | dt: 570.39ms | tok/sec: 94,252 | bf16_mfu: 0.00 | epoch: 1 pq: 0 rg: 17 | total time: 1.41m | eta: 34.2m
step 00161/03814 (4.22%) | loss: 5.396182 | lrm: 1.00 | dt: 570.15ms | tok/sec: 94,291 | bf16_mfu: 0.00 | epoch: 1 pq: 0 rg: 17 | total time: 1.41m | eta: 34.2m
step 00162/03814 (4.25%) | loss: 5.379371 | lrm: 1.00 | dt: 571.41ms | tok/sec: 94,083 | bf16_mfu: 0.00 | epoch: 1 pq: 0 rg: 17 | total time: 1.42m | eta: 34.2m
step 00163/03814 (4.27%) | loss: 5.359218 | lrm: 1.00 | dt: 567.16ms | tok/sec: 94,787 | bf16_mfu: 0.00 | epoch: 1 pq: 0 rg: 17 | total time: 1.43m | eta: 34.2m
step 00164/03814 (4.30%) | loss: 5.365689 | lrm: 1.00 | dt: 566.34ms | tok/sec: 94,924 | bf16_mfu: 0.00 | epoch: 1 pq: 0 rg: 17 | total time: 1.44m | eta: 34.2m
step 00165/03814 (4.33%) | loss: 5.371121 | lrm: 1.00 | dt: 566.33ms | tok/sec: 94,926 | bf16_mfu: 0.00 | epoch: 1 pq: 0 rg: 17 | total time: 1.45m | eta: 34.2m
step 00166/03814 (4.35%) | loss: 5.355651 | lrm: 1.00 | dt: 571.90ms | tok/sec: 94,001 | bf16_mfu: 0.00 | epoch: 1 pq: 0 rg: 17 | total time: 1.46m | eta: 34.2m
step 00167/03814 (4.38%) | loss: 5.336264 | lrm: 1.00 | dt: 563.03ms | tok/sec: 95,483 | bf16_mfu: 0.00 | epoch: 1 pq: 0 rg: 17 | total time: 1.47m | eta: 34.2m
step 00168/03814 (4.40%) | loss: 5.322878 | lrm: 1.00 | dt: 566.14ms | tok/sec: 94,959 | bf16_mfu: 0.00 | epoch: 1 pq: 0 rg: 17 | total time: 1.48m | eta: 34.2m
step 00169/03814 (4.43%) | loss: 5.337016 | lrm: 1.00 | dt: 566.24ms | tok/sec: 94,941 | bf16_mfu: 0.00 | epoch: 1 pq: 0 rg: 17 | total time: 1.49m | eta: 34.2m
step 00170/03814 (4.46%) | loss: 5.332912 | lrm: 1.00 | dt: 580.41ms | tok/sec: 92,624 | bf16_mfu: 0.00 | epoch: 1 pq: 0 rg: 18 | total time: 1.50m | eta: 34.2m
step 00171/03814 (4.48%) | loss: 5.321004 | lrm: 1.00 | dt: 559.57ms | tok/sec: 96,073 | bf16_mfu: 0.00 | epoch: 1 pq: 0 rg: 18 | total time: 1.51m | eta: 34.2m
step 00172/03814 (4.51%) | loss: 5.331946 | lrm: 1.00 | dt: 560.95ms | tok/sec: 95,837 | bf16_mfu: 0.00 | epoch: 1 pq: 0 rg: 18 | total time: 1.52m | eta: 34.1m
step 00173/03814 (4.54%) | loss: 5.320531 | lrm: 1.00 | dt: 556.41ms | tok/sec: 96,618 | bf16_mfu: 0.00 | epoch: 1 pq: 0 rg: 18 | total time: 1.53m | eta: 34.1m
step 00174/03814 (4.56%) | loss: 5.299962 | lrm: 1.00 | dt: 562.06ms | tok/sec: 95,648 | bf16_mfu: 0.00 | epoch: 1 pq: 0 rg: 18 | total time: 1.54m | eta: 34.1m
step 00175/03814 (4.59%) | loss: 5.280763 | lrm: 1.00 | dt: 562.10ms | tok/sec: 95,641 | bf16_mfu: 0.00 | epoch: 1 pq: 0 rg: 18 | total time: 1.55m | eta: 34.1m
step 00176/03814 (4.61%) | loss: 5.286504 | lrm: 1.00 | dt: 560.77ms | tok/sec: 95,867 | bf16_mfu: 0.00 | epoch: 1 pq: 0 rg: 18 | total time: 1.56m | eta: 34.1m
step 00177/03814 (4.64%) | loss: 5.290302 | lrm: 1.00 | dt: 557.81ms | tok/sec: 96,376 | bf16_mfu: 0.00 | epoch: 1 pq: 0 rg: 18 | total time: 1.57m | eta: 34.1m
step 00178/03814 (4.67%) | loss: 5.276542 | lrm: 1.00 | dt: 568.78ms | tok/sec: 94,517 | bf16_mfu: 0.00 | epoch: 1 pq: 0 rg: 18 | total time: 1.57m | eta: 34.1m
step 00179/03814 (4.69%) | loss: 5.255555 | lrm: 1.00 | dt: 560.21ms | tok/sec: 95,963 | bf16_mfu: 0.00 | epoch: 1 pq: 0 rg: 18 | total time: 1.58m | eta: 34.1m
step 00180/03814 (4.72%) | loss: 5.250576 | lrm: 1.00 | dt: 572.78ms | tok/sec: 93,857 | bf16_mfu: 0.00 | epoch: 1 pq: 0 rg: 18 | total time: 1.59m | eta: 34.1m
step 00181/03814 (4.75%) | loss: 5.265166 | lrm: 1.00 | dt: 700.14ms | tok/sec: 76,784 | bf16_mfu: 0.00 | epoch: 1 pq: 0 rg: 19 | total time: 1.61m | eta: 34.1m
step 00182/03814 (4.77%) | loss: 5.247199 | lrm: 1.00 | dt: 560.06ms | tok/sec: 95,989 | bf16_mfu: 0.00 | epoch: 1 pq: 0 rg: 19 | total time: 1.61m | eta: 34.1m
step 00183/03814 (4.80%) | loss: 5.232067 | lrm: 1.00 | dt: 557.00ms | tok/sec: 96,517 | bf16_mfu: 0.00 | epoch: 1 pq: 0 rg: 19 | total time: 1.62m | eta: 34.1m
step 00184/03814 (4.82%) | loss: 5.243738 | lrm: 1.00 | dt: 554.34ms | tok/sec: 96,980 | bf16_mfu: 0.00 | epoch: 1 pq: 0 rg: 19 | total time: 1.63m | eta: 34.1m
step 00185/03814 (4.85%) | loss: 5.241479 | lrm: 1.00 | dt: 556.36ms | tok/sec: 96,628 | bf16_mfu: 0.00 | epoch: 1 pq: 0 rg: 19 | total time: 1.64m | eta: 34.1m
step 00186/03814 (4.88%) | loss: 5.221844 | lrm: 1.00 | dt: 553.21ms | tok/sec: 97,178 | bf16_mfu: 0.00 | epoch: 1 pq: 0 rg: 19 | total time: 1.65m | eta: 34.1m
step 00187/03814 (4.90%) | loss: 5.204069 | lrm: 1.00 | dt: 557.96ms | tok/sec: 96,350 | bf16_mfu: 0.00 | epoch: 1 pq: 0 rg: 19 | total time: 1.66m | eta: 34.0m
step 00188/03814 (4.93%) | loss: 5.182399 | lrm: 1.00 | dt: 553.44ms | tok/sec: 97,138 | bf16_mfu: 0.00 | epoch: 1 pq: 0 rg: 19 | total time: 1.67m | eta: 34.0m
step 00189/03814 (4.96%) | loss: 5.185298 | lrm: 1.00 | dt: 591.10ms | tok/sec: 90,949 | bf16_mfu: 0.00 | epoch: 1 pq: 0 rg: 19 | total time: 1.68m | eta: 34.0m
step 00190/03814 (4.98%) | loss: 5.180595 | lrm: 1.00 | dt: 557.27ms | tok/sec: 96,470 | bf16_mfu: 0.00 | epoch: 1 pq: 0 rg: 19 | total time: 1.69m | eta: 34.0m
step 00191/03814 (5.01%) | loss: 5.169451 | lrm: 1.00 | dt: 556.44ms | tok/sec: 96,614 | bf16_mfu: 0.00 | epoch: 1 pq: 0 rg: 19 | total time: 1.70m | eta: 34.0m
step 00192/03814 (5.03%) | loss: 5.152434 | lrm: 1.00 | dt: 638.11ms | tok/sec: 84,249 | bf16_mfu: 0.00 | epoch: 1 pq: 0 rg: 20 | total time: 1.71m | eta: 34.0m
step 00193/03814 (5.06%) | loss: 5.174121 | lrm: 1.00 | dt: 577.41ms | tok/sec: 93,105 | bf16_mfu: 0.00 | epoch: 1 pq: 0 rg: 20 | total time: 1.72m | eta: 34.0m
step 00194/03814 (5.09%) | loss: 5.162961 | lrm: 1.00 | dt: 582.42ms | tok/sec: 92,304 | bf16_mfu: 0.00 | epoch: 1 pq: 0 rg: 20 | total time: 1.73m | eta: 34.0m
step 00195/03814 (5.11%) | loss: 5.149539 | lrm: 1.00 | dt: 558.71ms | tok/sec: 96,221 | bf16_mfu: 0.00 | epoch: 1 pq: 0 rg: 20 | total time: 1.74m | eta: 34.0m
step 00196/03814 (5.14%) | loss: 5.149120 | lrm: 1.00 | dt: 582.94ms | tok/sec: 92,221 | bf16_mfu: 0.00 | epoch: 1 pq: 0 rg: 20 | total time: 1.75m | eta: 34.0m
step 00197/03814 (5.17%) | loss: 5.147293 | lrm: 1.00 | dt: 555.41ms | tok/sec: 96,793 | bf16_mfu: 0.00 | epoch: 1 pq: 0 rg: 20 | total time: 1.76m | eta: 34.0m
step 00198/03814 (5.19%) | loss: 5.145660 | lrm: 1.00 | dt: 557.13ms | tok/sec: 96,494 | bf16_mfu: 0.00 | epoch: 1 pq: 0 rg: 20 | total time: 1.77m | eta: 34.0m
step 00199/03814 (5.22%) | loss: 5.128405 | lrm: 1.00 | dt: 612.88ms | tok/sec: 87,717 | bf16_mfu: 0.00 | epoch: 1 pq: 0 rg: 20 | total time: 1.78m | eta: 34.0m
step 00200/03814 (5.24%) | loss: 5.115254 | lrm: 1.00 | dt: 556.45ms | tok/sec: 96,612 | bf16_mfu: 0.00 | epoch: 1 pq: 0 rg: 20 | total time: 1.79m | eta: 34.0m
step 00201/03814 (5.27%) | loss: 5.137335 | lrm: 1.00 | dt: 559.98ms | tok/sec: 96,002 | bf16_mfu: 0.00 | epoch: 1 pq: 0 rg: 20 | total time: 1.80m | eta: 34.0m
step 00202/03814 (5.30%) | loss: 5.153582 | lrm: 1.00 | dt: 603.21ms | tok/sec: 89,122 | bf16_mfu: 0.00 | epoch: 1 pq: 0 rg: 21 | total time: 1.81m | eta: 34.0m
step 00203/03814 (5.32%) | loss: 5.129497 | lrm: 1.00 | dt: 556.12ms | tok/sec: 96,670 | bf16_mfu: 0.00 | epoch: 1 pq: 0 rg: 21 | total time: 1.81m | eta: 33.9m
step 00204/03814 (5.35%) | loss: 5.116241 | lrm: 1.00 | dt: 557.19ms | tok/sec: 96,483 | bf16_mfu: 0.00 | epoch: 1 pq: 0 rg: 21 | total time: 1.82m | eta: 33.9m
step 00205/03814 (5.37%) | loss: 5.107752 | lrm: 1.00 | dt: 557.44ms | tok/sec: 96,440 | bf16_mfu: 0.00 | epoch: 1 pq: 0 rg: 21 | total time: 1.83m | eta: 33.9m
step 00206/03814 (5.40%) | loss: 5.119364 | lrm: 1.00 | dt: 557.31ms | tok/sec: 96,463 | bf16_mfu: 0.00 | epoch: 1 pq: 0 rg: 21 | total time: 1.84m | eta: 33.9m
step 00207/03814 (5.43%) | loss: 5.117301 | lrm: 1.00 | dt: 554.24ms | tok/sec: 96,998 | bf16_mfu: 0.00 | epoch: 1 pq: 0 rg: 21 | total time: 1.85m | eta: 33.9m
step 00208/03814 (5.45%) | loss: 5.090093 | lrm: 1.00 | dt: 558.71ms | tok/sec: 96,222 | bf16_mfu: 0.00 | epoch: 1 pq: 0 rg: 21 | total time: 1.86m | eta: 33.9m
step 00209/03814 (5.48%) | loss: 5.088174 | lrm: 1.00 | dt: 558.00ms | tok/sec: 96,343 | bf16_mfu: 0.00 | epoch: 1 pq: 0 rg: 21 | total time: 1.87m | eta: 33.9m
step 00210/03814 (5.51%) | loss: 5.068085 | lrm: 1.00 | dt: 557.48ms | tok/sec: 96,434 | bf16_mfu: 0.00 | epoch: 1 pq: 0 rg: 21 | total time: 1.88m | eta: 33.9m
step 00211/03814 (5.53%) | loss: 5.062947 | lrm: 1.00 | dt: 623.64ms | tok/sec: 86,203 | bf16_mfu: 0.00 | epoch: 1 pq: 0 rg: 21 | total time: 1.89m | eta: 33.9m
step 00212/03814 (5.56%) | loss: 5.038264 | lrm: 1.00 | dt: 572.77ms | tok/sec: 93,859 | bf16_mfu: 0.00 | epoch: 1 pq: 0 rg: 22 | total time: 1.90m | eta: 33.9m
step 00213/03814 (5.58%) | loss: 5.018365 | lrm: 1.00 | dt: 564.71ms | tok/sec: 95,199 | bf16_mfu: 0.00 | epoch: 1 pq: 0 rg: 22 | total time: 1.91m | eta: 33.9m
step 00214/03814 (5.61%) | loss: 5.037156 | lrm: 1.00 | dt: 561.87ms | tok/sec: 95,681 | bf16_mfu: 0.00 | epoch: 1 pq: 0 rg: 22 | total time: 1.92m | eta: 33.9m
step 00215/03814 (5.64%) | loss: 5.028086 | lrm: 1.00 | dt: 555.11ms | tok/sec: 96,846 | bf16_mfu: 0.00 | epoch: 1 pq: 0 rg: 22 | total time: 1.93m | eta: 33.8m
step 00216/03814 (5.66%) | loss: 5.019073 | lrm: 1.00 | dt: 556.30ms | tok/sec: 96,638 | bf16_mfu: 0.00 | epoch: 1 pq: 0 rg: 22 | total time: 1.94m | eta: 33.8m
step 00217/03814 (5.69%) | loss: 5.005920 | lrm: 1.00 | dt: 557.93ms | tok/sec: 96,355 | bf16_mfu: 0.00 | epoch: 1 pq: 0 rg: 22 | total time: 1.95m | eta: 33.8m
step 00218/03814 (5.72%) | loss: 5.018295 | lrm: 1.00 | dt: 560.55ms | tok/sec: 95,905 | bf16_mfu: 0.00 | epoch: 1 pq: 0 rg: 22 | total time: 1.96m | eta: 33.8m
step 00219/03814 (5.74%) | loss: 5.034670 | lrm: 1.00 | dt: 667.09ms | tok/sec: 80,589 | bf16_mfu: 0.00 | epoch: 1 pq: 0 rg: 22 | total time: 1.97m | eta: 33.8m
step 00220/03814 (5.77%) | loss: 5.018704 | lrm: 1.00 | dt: 632.68ms | tok/sec: 84,971 | bf16_mfu: 0.00 | epoch: 1 pq: 0 rg: 22 | total time: 1.98m | eta: 33.8m
step 00221/03814 (5.79%) | loss: 4.999151 | lrm: 1.00 | dt: 561.90ms | tok/sec: 95,674 | bf16_mfu: 0.00 | epoch: 1 pq: 0 rg: 22 | total time: 1.99m | eta: 33.8m
step 00222/03814 (5.82%) | loss: 4.989265 | lrm: 1.00 | dt: 568.00ms | tok/sec: 94,647 | bf16_mfu: 0.00 | epoch: 1 pq: 0 rg: 22 | total time: 2.00m | eta: 33.8m
step 00223/03814 (5.85%) | loss: 4.994254 | lrm: 1.00 | dt: 587.28ms | tok/sec: 91,540 | bf16_mfu: 0.00 | epoch: 1 pq: 0 rg: 23 | total time: 2.01m | eta: 33.8m
step 00224/03814 (5.87%) | loss: 4.976831 | lrm: 1.00 | dt: 562.39ms | tok/sec: 95,591 | bf16_mfu: 0.00 | epoch: 1 pq: 0 rg: 23 | total time: 2.02m | eta: 33.8m
step 00225/03814 (5.90%) | loss: 4.959921 | lrm: 1.00 | dt: 562.93ms | tok/sec: 95,500 | bf16_mfu: 0.00 | epoch: 1 pq: 0 rg: 23 | total time: 2.02m | eta: 33.8m
step 00226/03814 (5.93%) | loss: 4.961670 | lrm: 1.00 | dt: 560.10ms | tok/sec: 95,982 | bf16_mfu: 0.00 | epoch: 1 pq: 0 rg: 23 | total time: 2.03m | eta: 33.8m
step 00227/03814 (5.95%) | loss: 4.978270 | lrm: 1.00 | dt: 561.56ms | tok/sec: 95,732 | bf16_mfu: 0.00 | epoch: 1 pq: 0 rg: 23 | total time: 2.04m | eta: 33.8m
step 00228/03814 (5.98%) | loss: 4.980076 | lrm: 1.00 | dt: 565.03ms | tok/sec: 95,145 | bf16_mfu: 0.00 | epoch: 1 pq: 0 rg: 23 | total time: 2.05m | eta: 33.8m
step 00229/03814 (6.00%) | loss: 4.959300 | lrm: 1.00 | dt: 564.16ms | tok/sec: 95,292 | bf16_mfu: 0.00 | epoch: 1 pq: 0 rg: 23 | total time: 2.06m | eta: 33.8m
step 00230/03814 (6.03%) | loss: 4.956544 | lrm: 1.00 | dt: 565.23ms | tok/sec: 95,112 | bf16_mfu: 0.00 | epoch: 1 pq: 0 rg: 23 | total time: 2.07m | eta: 33.7m
step 00231/03814 (6.06%) | loss: 4.974245 | lrm: 1.00 | dt: 567.02ms | tok/sec: 94,811 | bf16_mfu: 0.00 | epoch: 1 pq: 0 rg: 23 | total time: 2.08m | eta: 33.7m
step 00232/03814 (6.08%) | loss: 4.980493 | lrm: 1.00 | dt: 567.57ms | tok/sec: 94,719 | bf16_mfu: 0.00 | epoch: 1 pq: 0 rg: 23 | total time: 2.09m | eta: 33.7m
step 00233/03814 (6.11%) | loss: 4.957605 | lrm: 1.00 | dt: 567.39ms | tok/sec: 94,749 | bf16_mfu: 0.00 | epoch: 1 pq: 0 rg: 24 | total time: 2.10m | eta: 33.7m
step 00234/03814 (6.14%) | loss: 4.945141 | lrm: 1.00 | dt: 567.23ms | tok/sec: 94,776 | bf16_mfu: 0.00 | epoch: 1 pq: 0 rg: 24 | total time: 2.11m | eta: 33.7m
step 00235/03814 (6.16%) | loss: 4.958416 | lrm: 1.00 | dt: 567.05ms | tok/sec: 94,807 | bf16_mfu: 0.00 | epoch: 1 pq: 0 rg: 24 | total time: 2.12m | eta: 33.7m
step 00236/03814 (6.19%) | loss: 4.944260 | lrm: 1.00 | dt: 571.06ms | tok/sec: 94,140 | bf16_mfu: 0.00 | epoch: 1 pq: 0 rg: 24 | total time: 2.13m | eta: 33.7m
step 00237/03814 (6.21%) | loss: 4.913874 | lrm: 1.00 | dt: 581.68ms | tok/sec: 92,421 | bf16_mfu: 0.00 | epoch: 1 pq: 0 rg: 24 | total time: 2.14m | eta: 33.7m
step 00238/03814 (6.24%) | loss: 4.882543 | lrm: 1.00 | dt: 566.95ms | tok/sec: 94,822 | bf16_mfu: 0.00 | epoch: 1 pq: 0 rg: 24 | total time: 2.15m | eta: 33.7m
step 00239/03814 (6.27%) | loss: 4.879176 | lrm: 1.00 | dt: 574.94ms | tok/sec: 93,505 | bf16_mfu: 0.00 | epoch: 1 pq: 0 rg: 24 | total time: 2.16m | eta: 33.7m
step 00240/03814 (6.29%) | loss: 4.878501 | lrm: 1.00 | dt: 591.45ms | tok/sec: 90,895 | bf16_mfu: 0.00 | epoch: 1 pq: 0 rg: 24 | total time: 2.17m | eta: 33.7m
step 00241/03814 (6.32%) | loss: 4.850657 | lrm: 1.00 | dt: 564.80ms | tok/sec: 95,184 | bf16_mfu: 0.00 | epoch: 1 pq: 0 rg: 24 | total time: 2.18m | eta: 33.7m
step 00242/03814 (6.35%) | loss: 4.828598 | lrm: 1.00 | dt: 562.20ms | tok/sec: 95,624 | bf16_mfu: 0.00 | epoch: 1 pq: 0 rg: 24 | total time: 2.19m | eta: 33.6m
step 00243/03814 (6.37%) | loss: 4.829322 | lrm: 1.00 | dt: 565.63ms | tok/sec: 95,043 | bf16_mfu: 0.00 | epoch: 1 pq: 0 rg: 24 | total time: 2.19m | eta: 33.6m
step 00244/03814 (6.40%) | loss: 4.837697 | lrm: 1.00 | dt: 585.97ms | tok/sec: 91,744 | bf16_mfu: 0.00 | epoch: 1 pq: 0 rg: 25 | total time: 2.20m | eta: 33.6m
step 00245/03814 (6.42%) | loss: 4.835911 | lrm: 1.00 | dt: 566.92ms | tok/sec: 94,828 | bf16_mfu: 0.00 | epoch: 1 pq: 0 rg: 25 | total time: 2.21m | eta: 33.6m
step 00246/03814 (6.45%) | loss: 4.825146 | lrm: 1.00 | dt: 566.12ms | tok/sec: 94,961 | bf16_mfu: 0.00 | epoch: 1 pq: 0 rg: 25 | total time: 2.22m | eta: 33.6m
step 00247/03814 (6.48%) | loss: 4.824310 | lrm: 1.00 | dt: 581.88ms | tok/sec: 92,389 | bf16_mfu: 0.00 | epoch: 1 pq: 0 rg: 25 | total time: 2.23m | eta: 33.6m
step 00248/03814 (6.50%) | loss: 4.836822 | lrm: 1.00 | dt: 652.18ms | tok/sec: 82,431 | bf16_mfu: 0.00 | epoch: 1 pq: 0 rg: 25 | total time: 2.24m | eta: 33.6m
step 00249/03814 (6.53%) | loss: 4.811413 | lrm: 1.00 | dt: 566.52ms | tok/sec: 94,895 | bf16_mfu: 0.00 | epoch: 1 pq: 0 rg: 25 | total time: 2.25m | eta: 33.6m
step 00250/03814 (6.55%) | loss: 4.792086 | lrm: 1.00 | dt: 566.08ms | tok/sec: 94,968 | bf16_mfu: 0.00 | epoch: 1 pq: 0 rg: 25 | total time: 2.26m | eta: 33.6m
step 00251/03814 (6.58%) | loss: 4.805446 | lrm: 1.00 | dt: 566.38ms | tok/sec: 94,919 | bf16_mfu: 0.00 | epoch: 1 pq: 0 rg: 25 | total time: 2.27m | eta: 33.6m
step 00252/03814 (6.61%) | loss: 4.823645 | lrm: 1.00 | dt: 567.73ms | tok/sec: 94,692 | bf16_mfu: 0.00 | epoch: 1 pq: 0 rg: 25 | total time: 2.28m | eta: 33.6m
step 00253/03814 (6.63%) | loss: 4.800991 | lrm: 1.00 | dt: 566.60ms | tok/sec: 94,880 | bf16_mfu: 0.00 | epoch: 1 pq: 0 rg: 25 | total time: 2.29m | eta: 33.6m
step 00254/03814 (6.66%) | loss: 4.785188 | lrm: 1.00 | dt: 568.05ms | tok/sec: 94,638 | bf16_mfu: 0.00 | epoch: 1 pq: 0 rg: 25 | total time: 2.30m | eta: 33.6m
step 00255/03814 (6.69%) | loss: 4.799310 | lrm: 1.00 | dt: 567.69ms | tok/sec: 94,699 | bf16_mfu: 0.00 | epoch: 1 pq: 0 rg: 26 | total time: 2.31m | eta: 33.6m
step 00256/03814 (6.71%) | loss: 4.781922 | lrm: 1.00 | dt: 564.54ms | tok/sec: 95,227 | bf16_mfu: 0.00 | epoch: 1 pq: 0 rg: 26 | total time: 2.32m | eta: 33.6m
step 00257/03814 (6.74%) | loss: 4.757804 | lrm: 1.00 | dt: 567.31ms | tok/sec: 94,763 | bf16_mfu: 0.00 | epoch: 1 pq: 0 rg: 26 | total time: 2.33m | eta: 33.5m
step 00258/03814 (6.76%) | loss: 4.750063 | lrm: 1.00 | dt: 566.79ms | tok/sec: 94,849 | bf16_mfu: 0.00 | epoch: 1 pq: 0 rg: 26 | total time: 2.34m | eta: 33.5m
step 00259/03814 (6.79%) | loss: 4.723940 | lrm: 1.00 | dt: 566.08ms | tok/sec: 94,969 | bf16_mfu: 0.00 | epoch: 1 pq: 0 rg: 26 | total time: 2.35m | eta: 33.5m
step 00260/03814 (6.82%) | loss: 4.722543 | lrm: 1.00 | dt: 568.87ms | tok/sec: 94,503 | bf16_mfu: 0.00 | epoch: 1 pq: 0 rg: 26 | total time: 2.36m | eta: 33.5m
step 00261/03814 (6.84%) | loss: 4.697156 | lrm: 1.00 | dt: 567.58ms | tok/sec: 94,718 | bf16_mfu: 0.00 | epoch: 1 pq: 0 rg: 26 | total time: 2.37m | eta: 33.5m
step 00262/03814 (6.87%) | loss: 4.684911 | lrm: 1.00 | dt: 567.38ms | tok/sec: 94,751 | bf16_mfu: 0.00 | epoch: 1 pq: 0 rg: 26 | total time: 2.38m | eta: 33.5m
step 00263/03814 (6.90%) | loss: 4.689919 | lrm: 1.00 | dt: 571.59ms | tok/sec: 94,052 | bf16_mfu: 0.00 | epoch: 1 pq: 0 rg: 26 | total time: 2.39m | eta: 33.5m
step 00264/03814 (6.92%) | loss: 4.717403 | lrm: 1.00 | dt: 566.70ms | tok/sec: 94,865 | bf16_mfu: 0.00 | epoch: 1 pq: 0 rg: 26 | total time: 2.40m | eta: 33.5m
step 00265/03814 (6.95%) | loss: 4.703155 | lrm: 1.00 | dt: 618.61ms | tok/sec: 86,904 | bf16_mfu: 0.00 | epoch: 1 pq: 0 rg: 27 | total time: 2.41m | eta: 33.5m
step 00266/03814 (6.97%) | loss: 4.685093 | lrm: 1.00 | dt: 571.97ms | tok/sec: 93,991 | bf16_mfu: 0.00 | epoch: 1 pq: 0 rg: 27 | total time: 2.42m | eta: 33.5m
step 00267/03814 (7.00%) | loss: 4.684230 | lrm: 1.00 | dt: 566.34ms | tok/sec: 94,924 | bf16_mfu: 0.00 | epoch: 1 pq: 0 rg: 27 | total time: 2.42m | eta: 33.5m
step 00268/03814 (7.03%) | loss: 4.688334 | lrm: 1.00 | dt: 568.06ms | tok/sec: 94,638 | bf16_mfu: 0.00 | epoch: 1 pq: 0 rg: 27 | total time: 2.43m | eta: 33.5m
step 00269/03814 (7.05%) | loss: 4.668515 | lrm: 1.00 | dt: 572.30ms | tok/sec: 93,937 | bf16_mfu: 0.00 | epoch: 1 pq: 0 rg: 27 | total time: 2.44m | eta: 33.4m
step 00270/03814 (7.08%) | loss: 4.661579 | lrm: 1.00 | dt: 563.48ms | tok/sec: 95,407 | bf16_mfu: 0.00 | epoch: 1 pq: 0 rg: 27 | total time: 2.45m | eta: 33.4m
step 00271/03814 (7.11%) | loss: 4.647043 | lrm: 1.00 | dt: 565.97ms | tok/sec: 94,987 | bf16_mfu: 0.00 | epoch: 1 pq: 0 rg: 27 | total time: 2.46m | eta: 33.4m
step 00272/03814 (7.13%) | loss: 4.672477 | lrm: 1.00 | dt: 566.45ms | tok/sec: 94,906 | bf16_mfu: 0.00 | epoch: 1 pq: 0 rg: 27 | total time: 2.47m | eta: 33.4m
step 00273/03814 (7.16%) | loss: 4.670782 | lrm: 1.00 | dt: 566.89ms | tok/sec: 94,834 | bf16_mfu: 0.00 | epoch: 1 pq: 0 rg: 27 | total time: 2.48m | eta: 33.4m
step 00274/03814 (7.18%) | loss: 4.649717 | lrm: 1.00 | dt: 583.27ms | tok/sec: 92,169 | bf16_mfu: 0.00 | epoch: 1 pq: 0 rg: 27 | total time: 2.49m | eta: 33.4m
step 00275/03814 (7.21%) | loss: 4.632051 | lrm: 1.00 | dt: 570.98ms | tok/sec: 94,153 | bf16_mfu: 0.00 | epoch: 1 pq: 0 rg: 27 | total time: 2.50m | eta: 33.4m
step 00276/03814 (7.24%) | loss: 4.633738 | lrm: 1.00 | dt: 648.44ms | tok/sec: 82,906 | bf16_mfu: 0.00 | epoch: 1 pq: 0 rg: 28 | total time: 2.51m | eta: 33.4m
step 00277/03814 (7.26%) | loss: 4.623621 | lrm: 1.00 | dt: 566.72ms | tok/sec: 94,861 | bf16_mfu: 0.00 | epoch: 1 pq: 0 rg: 28 | total time: 2.52m | eta: 33.4m
step 00278/03814 (7.29%) | loss: 4.628042 | lrm: 1.00 | dt: 566.72ms | tok/sec: 94,861 | bf16_mfu: 0.00 | epoch: 1 pq: 0 rg: 28 | total time: 2.53m | eta: 33.4m
step 00279/03814 (7.32%) | loss: 4.605255 | lrm: 1.00 | dt: 567.30ms | tok/sec: 94,765 | bf16_mfu: 0.00 | epoch: 1 pq: 0 rg: 28 | total time: 2.54m | eta: 33.4m
step 00280/03814 (7.34%) | loss: 4.621061 | lrm: 1.00 | dt: 573.61ms | tok/sec: 93,722 | bf16_mfu: 0.00 | epoch: 1 pq: 0 rg: 28 | total time: 2.55m | eta: 33.4m
step 00281/03814 (7.37%) | loss: 4.638324 | lrm: 1.00 | dt: 563.52ms | tok/sec: 95,399 | bf16_mfu: 0.00 | epoch: 1 pq: 0 rg: 28 | total time: 2.56m | eta: 33.4m
step 00282/03814 (7.39%) | loss: 4.606346 | lrm: 1.00 | dt: 565.36ms | tok/sec: 95,090 | bf16_mfu: 0.00 | epoch: 1 pq: 0 rg: 28 | total time: 2.57m | eta: 33.3m
step 00283/03814 (7.42%) | loss: 4.610477 | lrm: 1.00 | dt: 566.75ms | tok/sec: 94,856 | bf16_mfu: 0.00 | epoch: 1 pq: 0 rg: 28 | total time: 2.58m | eta: 33.3m
step 00284/03814 (7.45%) | loss: 4.603350 | lrm: 1.00 | dt: 565.62ms | tok/sec: 95,046 | bf16_mfu: 0.00 | epoch: 1 pq: 0 rg: 28 | total time: 2.59m | eta: 33.3m
step 00285/03814 (7.47%) | loss: 4.601753 | lrm: 1.00 | dt: 566.89ms | tok/sec: 94,832 | bf16_mfu: 0.00 | epoch: 1 pq: 0 rg: 28 | total time: 2.60m | eta: 33.3m
step 00286/03814 (7.50%) | loss: 4.605446 | lrm: 1.00 | dt: 738.05ms | tok/sec: 72,840 | bf16_mfu: 0.00 | epoch: 1 pq: 0 rg: 29 | total time: 2.61m | eta: 33.3m
step 00287/03814 (7.52%) | loss: 4.601804 | lrm: 1.00 | dt: 566.00ms | tok/sec: 94,982 | bf16_mfu: 0.00 | epoch: 1 pq: 0 rg: 29 | total time: 2.62m | eta: 33.3m
step 00288/03814 (7.55%) | loss: 4.599986 | lrm: 1.00 | dt: 600.82ms | tok/sec: 89,477 | bf16_mfu: 0.00 | epoch: 1 pq: 0 rg: 29 | total time: 2.63m | eta: 33.3m
step 00289/03814 (7.58%) | loss: 4.613301 | lrm: 1.00 | dt: 567.72ms | tok/sec: 94,695 | bf16_mfu: 0.00 | epoch: 1 pq: 0 rg: 29 | total time: 2.64m | eta: 33.3m
step 00290/03814 (7.60%) | loss: 4.590328 | lrm: 1.00 | dt: 565.25ms | tok/sec: 95,108 | bf16_mfu: 0.00 | epoch: 1 pq: 0 rg: 29 | total time: 2.65m | eta: 33.3m
step 00291/03814 (7.63%) | loss: 4.567261 | lrm: 1.00 | dt: 566.82ms | tok/sec: 94,844 | bf16_mfu: 0.00 | epoch: 1 pq: 0 rg: 29 | total time: 2.66m | eta: 33.3m
step 00292/03814 (7.66%) | loss: 4.562298 | lrm: 1.00 | dt: 567.71ms | tok/sec: 94,695 | bf16_mfu: 0.00 | epoch: 1 pq: 0 rg: 29 | total time: 2.67m | eta: 33.3m
step 00293/03814 (7.68%) | loss: 4.589220 | lrm: 1.00 | dt: 565.70ms | tok/sec: 95,032 | bf16_mfu: 0.00 | epoch: 1 pq: 0 rg: 29 | total time: 2.68m | eta: 33.3m
step 00294/03814 (7.71%) | loss: 4.592559 | lrm: 1.00 | dt: 592.33ms | tok/sec: 90,759 | bf16_mfu: 0.00 | epoch: 1 pq: 0 rg: 29 | total time: 2.69m | eta: 33.3m
step 00295/03814 (7.73%) | loss: 4.582043 | lrm: 1.00 | dt: 564.41ms | tok/sec: 95,249 | bf16_mfu: 0.00 | epoch: 1 pq: 0 rg: 29 | total time: 2.69m | eta: 33.3m
step 00296/03814 (7.76%) | loss: 4.566311 | lrm: 1.00 | dt: 563.01ms | tok/sec: 95,486 | bf16_mfu: 0.00 | epoch: 1 pq: 0 rg: 29 | total time: 2.70m | eta: 33.3m
step 00297/03814 (7.79%) | loss: 4.564418 | lrm: 1.00 | dt: 643.68ms | tok/sec: 83,519 | bf16_mfu: 0.00 | epoch: 1 pq: 0 rg: 30 | total time: 2.71m | eta: 33.3m
step 00298/03814 (7.81%) | loss: 4.559286 | lrm: 1.00 | dt: 566.24ms | tok/sec: 94,942 | bf16_mfu: 0.00 | epoch: 1 pq: 0 rg: 30 | total time: 2.72m | eta: 33.3m
step 00299/03814 (7.84%) | loss: 4.557409 | lrm: 1.00 | dt: 571.54ms | tok/sec: 94,061 | bf16_mfu: 0.00 | epoch: 1 pq: 0 rg: 30 | total time: 2.73m | eta: 33.3m
step 00300/03814 (7.87%) | loss: 4.565402 | lrm: 1.00 | dt: 566.96ms | tok/sec: 94,822 | bf16_mfu: 0.00 | epoch: 1 pq: 0 rg: 30 | total time: 2.74m | eta: 33.2m
step 00301/03814 (7.89%) | loss: 4.571251 | lrm: 1.00 | dt: 567.37ms | tok/sec: 94,752 | bf16_mfu: 0.00 | epoch: 1 pq: 0 rg: 30 | total time: 2.75m | eta: 33.2m
step 00302/03814 (7.92%) | loss: 4.576129 | lrm: 1.00 | dt: 566.25ms | tok/sec: 94,940 | bf16_mfu: 0.00 | epoch: 1 pq: 0 rg: 30 | total time: 2.76m | eta: 33.2m
step 00303/03814 (7.94%) | loss: 4.560312 | lrm: 1.00 | dt: 565.09ms | tok/sec: 95,136 | bf16_mfu: 0.00 | epoch: 1 pq: 0 rg: 30 | total time: 2.77m | eta: 33.2m
step 00304/03814 (7.97%) | loss: 4.565707 | lrm: 1.00 | dt: 565.43ms | tok/sec: 95,078 | bf16_mfu: 0.00 | epoch: 1 pq: 0 rg: 30 | total time: 2.78m | eta: 33.2m
step 00305/03814 (8.00%) | loss: 4.577637 | lrm: 1.00 | dt: 564.87ms | tok/sec: 95,172 | bf16_mfu: 0.00 | epoch: 1 pq: 0 rg: 30 | total time: 2.79m | eta: 33.2m
step 00306/03814 (8.02%) | loss: 4.569808 | lrm: 1.00 | dt: 582.58ms | tok/sec: 92,278 | bf16_mfu: 0.00 | epoch: 1 pq: 0 rg: 30 | total time: 2.80m | eta: 33.2m
step 00307/03814 (8.05%) | loss: 4.554484 | lrm: 1.00 | dt: 597.52ms | tok/sec: 89,971 | bf16_mfu: 0.00 | epoch: 1 pq: 0 rg: 31 | total time: 2.81m | eta: 33.2m
step 00308/03814 (8.08%) | loss: 4.543135 | lrm: 1.00 | dt: 564.13ms | tok/sec: 95,297 | bf16_mfu: 0.00 | epoch: 1 pq: 0 rg: 31 | total time: 2.82m | eta: 33.2m
step 00309/03814 (8.10%) | loss: 4.549546 | lrm: 1.00 | dt: 566.10ms | tok/sec: 94,965 | bf16_mfu: 0.00 | epoch: 1 pq: 0 rg: 31 | total time: 2.83m | eta: 33.2m
step 00310/03814 (8.13%) | loss: 4.547720 | lrm: 1.00 | dt: 564.44ms | tok/sec: 95,244 | bf16_mfu: 0.00 | epoch: 1 pq: 0 rg: 31 | total time: 2.84m | eta: 33.2m
step 00311/03814 (8.15%) | loss: 4.527040 | lrm: 1.00 | dt: 566.52ms | tok/sec: 94,895 | bf16_mfu: 0.00 | epoch: 1 pq: 0 rg: 31 | total time: 2.85m | eta: 33.1m
step 00312/03814 (8.18%) | loss: 4.514289 | lrm: 1.00 | dt: 567.98ms | tok/sec: 94,651 | bf16_mfu: 0.00 | epoch: 1 pq: 0 rg: 31 | total time: 2.86m | eta: 33.1m
step 00313/03814 (8.21%) | loss: 4.503560 | lrm: 1.00 | dt: 601.88ms | tok/sec: 89,319 | bf16_mfu: 0.00 | epoch: 1 pq: 0 rg: 31 | total time: 2.87m | eta: 33.1m
step 00314/03814 (8.23%) | loss: 4.528216 | lrm: 1.00 | dt: 659.29ms | tok/sec: 81,542 | bf16_mfu: 0.00 | epoch: 1 pq: 0 rg: 31 | total time: 2.88m | eta: 33.1m
step 00315/03814 (8.26%) | loss: 4.502699 | lrm: 1.00 | dt: 573.92ms | tok/sec: 93,671 | bf16_mfu: 0.00 | epoch: 1 pq: 0 rg: 31 | total time: 2.89m | eta: 33.1m
step 00316/03814 (8.29%) | loss: 4.502091 | lrm: 1.00 | dt: 559.06ms | tok/sec: 96,161 | bf16_mfu: 0.00 | epoch: 1 pq: 0 rg: 31 | total time: 2.90m | eta: 33.1m
step 00317/03814 (8.31%) | loss: 4.497386 | lrm: 1.00 | dt: 564.15ms | tok/sec: 95,293 | bf16_mfu: 0.00 | epoch: 1 pq: 0 rg: 31 | total time: 2.91m | eta: 33.1m
step 00318/03814 (8.34%) | loss: 4.493933 | lrm: 1.00 | dt: 603.56ms | tok/sec: 89,071 | bf16_mfu: 0.00 | epoch: 1 pq: 0 rg: 32 | total time: 2.92m | eta: 33.1m
step 00319/03814 (8.36%) | loss: 4.506357 | lrm: 1.00 | dt: 567.52ms | tok/sec: 94,727 | bf16_mfu: 0.00 | epoch: 1 pq: 0 rg: 32 | total time: 2.93m | eta: 33.1m
step 00320/03814 (8.39%) | loss: 4.493786 | lrm: 1.00 | dt: 563.74ms | tok/sec: 95,362 | bf16_mfu: 0.00 | epoch: 1 pq: 0 rg: 32 | total time: 2.94m | eta: 33.1m
step 00321/03814 (8.42%) | loss: 4.475258 | lrm: 1.00 | dt: 562.03ms | tok/sec: 95,652 | bf16_mfu: 0.00 | epoch: 1 pq: 0 rg: 32 | total time: 2.94m | eta: 33.1m
step 00322/03814 (8.44%) | loss: 4.468063 | lrm: 1.00 | dt: 559.12ms | tok/sec: 96,150 | bf16_mfu: 0.00 | epoch: 1 pq: 0 rg: 32 | total time: 2.95m | eta: 33.1m
step 00323/03814 (8.47%) | loss: 4.455755 | lrm: 1.00 | dt: 564.91ms | tok/sec: 95,165 | bf16_mfu: 0.00 | epoch: 1 pq: 0 rg: 32 | total time: 2.96m | eta: 33.1m
step 00324/03814 (8.50%) | loss: 4.450366 | lrm: 1.00 | dt: 603.40ms | tok/sec: 89,095 | bf16_mfu: 0.00 | epoch: 1 pq: 0 rg: 32 | total time: 2.97m | eta: 33.1m
step 00325/03814 (8.52%) | loss: 4.430244 | lrm: 1.00 | dt: 566.98ms | tok/sec: 94,817 | bf16_mfu: 0.00 | epoch: 1 pq: 0 rg: 32 | total time: 2.98m | eta: 33.0m
step 00326/03814 (8.55%) | loss: 4.439116 | lrm: 1.00 | dt: 564.28ms | tok/sec: 95,272 | bf16_mfu: 0.00 | epoch: 1 pq: 0 rg: 32 | total time: 2.99m | eta: 33.0m
step 00327/03814 (8.57%) | loss: 4.441245 | lrm: 1.00 | dt: 561.18ms | tok/sec: 95,798 | bf16_mfu: 0.00 | epoch: 1 pq: 0 rg: 32 | total time: 3.00m | eta: 33.0m
step 00328/03814 (8.60%) | loss: 4.430044 | lrm: 1.00 | dt: 594.65ms | tok/sec: 90,405 | bf16_mfu: 0.00 | epoch: 1 pq: 0 rg: 33 | total time: 3.01m | eta: 33.0m
step 00329/03814 (8.63%) | loss: 4.426164 | lrm: 1.00 | dt: 560.28ms | tok/sec: 95,952 | bf16_mfu: 0.00 | epoch: 1 pq: 0 rg: 33 | total time: 3.02m | eta: 33.0m
step 00330/03814 (8.65%) | loss: 4.426202 | lrm: 1.00 | dt: 558.68ms | tok/sec: 96,226 | bf16_mfu: 0.00 | epoch: 1 pq: 0 rg: 33 | total time: 3.03m | eta: 33.0m
step 00331/03814 (8.68%) | loss: 4.433255 | lrm: 1.00 | dt: 560.65ms | tok/sec: 95,889 | bf16_mfu: 0.00 | epoch: 1 pq: 0 rg: 33 | total time: 3.04m | eta: 33.0m
step 00332/03814 (8.70%) | loss: 4.450805 | lrm: 1.00 | dt: 560.46ms | tok/sec: 95,920 | bf16_mfu: 0.00 | epoch: 1 pq: 0 rg: 33 | total time: 3.05m | eta: 33.0m
step 00333/03814 (8.73%) | loss: 4.440029 | lrm: 1.00 | dt: 557.99ms | tok/sec: 96,345 | bf16_mfu: 0.00 | epoch: 1 pq: 0 rg: 33 | total time: 3.06m | eta: 33.0m
step 00334/03814 (8.76%) | loss: 4.434173 | lrm: 1.00 | dt: 565.38ms | tok/sec: 95,086 | bf16_mfu: 0.00 | epoch: 1 pq: 0 rg: 33 | total time: 3.07m | eta: 33.0m
step 00335/03814 (8.78%) | loss: 4.434780 | lrm: 1.00 | dt: 564.26ms | tok/sec: 95,275 | bf16_mfu: 0.00 | epoch: 1 pq: 0 rg: 33 | total time: 3.08m | eta: 32.9m
step 00336/03814 (8.81%) | loss: 4.459130 | lrm: 1.00 | dt: 563.44ms | tok/sec: 95,413 | bf16_mfu: 0.00 | epoch: 1 pq: 0 rg: 33 | total time: 3.09m | eta: 32.9m
step 00337/03814 (8.84%) | loss: 4.449165 | lrm: 1.00 | dt: 599.20ms | tok/sec: 89,719 | bf16_mfu: 0.00 | epoch: 1 pq: 0 rg: 33 | total time: 3.10m | eta: 32.9m
step 00338/03814 (8.86%) | loss: 4.435666 | lrm: 1.00 | dt: 561.89ms | tok/sec: 95,677 | bf16_mfu: 0.00 | epoch: 1 pq: 0 rg: 33 | total time: 3.11m | eta: 32.9m
step 00339/03814 (8.89%) | loss: 4.436505 | lrm: 1.00 | dt: 603.68ms | tok/sec: 89,054 | bf16_mfu: 0.00 | epoch: 1 pq: 0 rg: 34 | total time: 3.12m | eta: 32.9m
step 00340/03814 (8.91%) | loss: 4.405946 | lrm: 1.00 | dt: 563.29ms | tok/sec: 95,438 | bf16_mfu: 0.00 | epoch: 1 pq: 0 rg: 34 | total time: 3.13m | eta: 32.9m
step 00341/03814 (8.94%) | loss: 4.394861 | lrm: 1.00 | dt: 555.59ms | tok/sec: 96,761 | bf16_mfu: 0.00 | epoch: 1 pq: 0 rg: 34 | total time: 3.13m | eta: 32.9m
step 00342/03814 (8.97%) | loss: 4.393695 | lrm: 1.00 | dt: 560.48ms | tok/sec: 95,917 | bf16_mfu: 0.00 | epoch: 1 pq: 0 rg: 34 | total time: 3.14m | eta: 32.9m
step 00343/03814 (8.99%) | loss: 4.382958 | lrm: 1.00 | dt: 559.97ms | tok/sec: 96,004 | bf16_mfu: 0.00 | epoch: 1 pq: 0 rg: 34 | total time: 3.15m | eta: 32.9m
step 00344/03814 (9.02%) | loss: 4.388440 | lrm: 1.00 | dt: 556.47ms | tok/sec: 96,609 | bf16_mfu: 0.00 | epoch: 1 pq: 0 rg: 34 | total time: 3.16m | eta: 32.9m
step 00345/03814 (9.05%) | loss: 4.388978 | lrm: 1.00 | dt: 563.01ms | tok/sec: 95,487 | bf16_mfu: 0.00 | epoch: 1 pq: 0 rg: 34 | total time: 3.17m | eta: 32.8m
step 00346/03814 (9.07%) | loss: 4.382480 | lrm: 1.00 | dt: 560.62ms | tok/sec: 95,893 | bf16_mfu: 0.00 | epoch: 1 pq: 0 rg: 34 | total time: 3.18m | eta: 32.8m
step 00347/03814 (9.10%) | loss: 4.381855 | lrm: 1.00 | dt: 556.74ms | tok/sec: 96,562 | bf16_mfu: 0.00 | epoch: 1 pq: 0 rg: 34 | total time: 3.19m | eta: 32.8m
step 00348/03814 (9.12%) | loss: 4.398848 | lrm: 1.00 | dt: 645.45ms | tok/sec: 83,290 | bf16_mfu: 0.00 | epoch: 1 pq: 0 rg: 34 | total time: 3.20m | eta: 32.8m
step 00349/03814 (9.15%) | loss: 4.397167 | lrm: 1.00 | dt: 660.38ms | tok/sec: 81,408 | bf16_mfu: 0.00 | epoch: 1 pq: 0 rg: 35 | total time: 3.21m | eta: 32.8m
step 00350/03814 (9.18%) | loss: 4.383799 | lrm: 1.00 | dt: 557.77ms | tok/sec: 96,383 | bf16_mfu: 0.00 | epoch: 1 pq: 0 rg: 35 | total time: 3.22m | eta: 32.8m
step 00351/03814 (9.20%) | loss: 4.381135 | lrm: 1.00 | dt: 564.36ms | tok/sec: 95,258 | bf16_mfu: 0.00 | epoch: 1 pq: 0 rg: 35 | total time: 3.23m | eta: 32.8m
step 00352/03814 (9.23%) | loss: 4.384633 | lrm: 1.00 | dt: 564.05ms | tok/sec: 95,310 | bf16_mfu: 0.00 | epoch: 1 pq: 0 rg: 35 | total time: 3.24m | eta: 32.8m
step 00353/03814 (9.26%) | loss: 4.408956 | lrm: 1.00 | dt: 560.11ms | tok/sec: 95,980 | bf16_mfu: 0.00 | epoch: 1 pq: 0 rg: 35 | total time: 3.25m | eta: 32.8m
step 00354/03814 (9.28%) | loss: 4.407625 | lrm: 1.00 | dt: 559.64ms | tok/sec: 96,061 | bf16_mfu: 0.00 | epoch: 1 pq: 0 rg: 35 | total time: 3.26m | eta: 32.8m
step 00355/03814 (9.31%) | loss: 4.384867 | lrm: 1.00 | dt: 562.27ms | tok/sec: 95,613 | bf16_mfu: 0.00 | epoch: 1 pq: 0 rg: 35 | total time: 3.27m | eta: 32.8m
step 00356/03814 (9.33%) | loss: 4.374381 | lrm: 1.00 | dt: 564.61ms | tok/sec: 95,215 | bf16_mfu: 0.00 | epoch: 1 pq: 0 rg: 35 | total time: 3.28m | eta: 32.8m
step 00357/03814 (9.36%) | loss: 4.377526 | lrm: 1.00 | dt: 559.31ms | tok/sec: 96,119 | bf16_mfu: 0.00 | epoch: 1 pq: 0 rg: 35 | total time: 3.29m | eta: 32.7m
step 00358/03814 (9.39%) | loss: 4.374047 | lrm: 1.00 | dt: 557.13ms | tok/sec: 96,494 | bf16_mfu: 0.00 | epoch: 1 pq: 0 rg: 35 | total time: 3.30m | eta: 32.7m
step 00359/03814 (9.41%) | loss: 4.355552 | lrm: 1.00 | dt: 562.88ms | tok/sec: 95,509 | bf16_mfu: 0.00 | epoch: 1 pq: 0 rg: 35 | total time: 3.31m | eta: 32.7m
step 00360/03814 (9.44%) | loss: 4.340172 | lrm: 1.00 | dt: 652.49ms | tok/sec: 82,391 | bf16_mfu: 0.00 | epoch: 1 pq: 0 rg: 36 | total time: 3.32m | eta: 32.7m
step 00361/03814 (9.47%) | loss: 4.334718 | lrm: 1.00 | dt: 565.09ms | tok/sec: 95,135 | bf16_mfu: 0.00 | epoch: 1 pq: 0 rg: 36 | total time: 3.33m | eta: 32.7m
step 00362/03814 (9.49%) | loss: 4.344066 | lrm: 1.00 | dt: 564.08ms | tok/sec: 95,304 | bf16_mfu: 0.00 | epoch: 1 pq: 0 rg: 36 | total time: 3.34m | eta: 32.7m
step 00363/03814 (9.52%) | loss: 4.333530 | lrm: 1.00 | dt: 560.46ms | tok/sec: 95,920 | bf16_mfu: 0.00 | epoch: 1 pq: 0 rg: 36 | total time: 3.34m | eta: 32.7m
step 00364/03814 (9.54%) | loss: 4.327371 | lrm: 1.00 | dt: 557.17ms | tok/sec: 96,488 | bf16_mfu: 0.00 | epoch: 1 pq: 0 rg: 36 | total time: 3.35m | eta: 32.7m
step 00365/03814 (9.57%) | loss: 4.323751 | lrm: 1.00 | dt: 562.45ms | tok/sec: 95,581 | bf16_mfu: 0.00 | epoch: 1 pq: 0 rg: 36 | total time: 3.36m | eta: 32.7m
step 00366/03814 (9.60%) | loss: 4.329237 | lrm: 1.00 | dt: 562.50ms | tok/sec: 95,573 | bf16_mfu: 0.00 | epoch: 1 pq: 0 rg: 36 | total time: 3.37m | eta: 32.7m
step 00367/03814 (9.62%) | loss: 4.328057 | lrm: 1.00 | dt: 558.89ms | tok/sec: 96,190 | bf16_mfu: 0.00 | epoch: 1 pq: 0 rg: 36 | total time: 3.38m | eta: 32.7m
step 00368/03814 (9.65%) | loss: 4.332019 | lrm: 1.00 | dt: 561.51ms | tok/sec: 95,741 | bf16_mfu: 0.00 | epoch: 1 pq: 0 rg: 36 | total time: 3.39m | eta: 32.6m
step 00369/03814 (9.67%) | loss: 4.340801 | lrm: 1.00 | dt: 564.38ms | tok/sec: 95,255 | bf16_mfu: 0.00 | epoch: 1 pq: 0 rg: 36 | total time: 3.40m | eta: 32.6m
step 00370/03814 (9.70%) | loss: 4.344481 | lrm: 1.00 | dt: 569.09ms | tok/sec: 94,466 | bf16_mfu: 0.00 | epoch: 1 pq: 0 rg: 37 | total time: 3.41m | eta: 32.6m
step 00371/03814 (9.73%) | loss: 4.338679 | lrm: 1.00 | dt: 564.90ms | tok/sec: 95,167 | bf16_mfu: 0.00 | epoch: 1 pq: 0 rg: 37 | total time: 3.42m | eta: 32.6m
step 00372/03814 (9.75%) | loss: 4.330182 | lrm: 1.00 | dt: 603.81ms | tok/sec: 89,034 | bf16_mfu: 0.00 | epoch: 1 pq: 0 rg: 37 | total time: 3.43m | eta: 32.6m
step 00373/03814 (9.78%) | loss: 4.323782 | lrm: 1.00 | dt: 565.75ms | tok/sec: 95,024 | bf16_mfu: 0.00 | epoch: 1 pq: 0 rg: 37 | total time: 3.44m | eta: 32.6m
step 00374/03814 (9.81%) | loss: 4.363501 | lrm: 1.00 | dt: 562.56ms | tok/sec: 95,563 | bf16_mfu: 0.00 | epoch: 1 pq: 0 rg: 37 | total time: 3.45m | eta: 32.6m
step 00375/03814 (9.83%) | loss: 4.364902 | lrm: 1.00 | dt: 559.54ms | tok/sec: 96,079 | bf16_mfu: 0.00 | epoch: 1 pq: 0 rg: 37 | total time: 3.46m | eta: 32.6m
step 00376/03814 (9.86%) | loss: 4.361085 | lrm: 1.00 | dt: 565.10ms | tok/sec: 95,133 | bf16_mfu: 0.00 | epoch: 1 pq: 0 rg: 37 | total time: 3.47m | eta: 32.6m
step 00377/03814 (9.88%) | loss: 4.366137 | lrm: 1.00 | dt: 566.63ms | tok/sec: 94,876 | bf16_mfu: 0.00 | epoch: 1 pq: 0 rg: 37 | total time: 3.48m | eta: 32.6m
step 00378/03814 (9.91%) | loss: 4.371770 | lrm: 1.00 | dt: 568.57ms | tok/sec: 94,552 | bf16_mfu: 0.00 | epoch: 1 pq: 0 rg: 37 | total time: 3.49m | eta: 32.6m
step 00379/03814 (9.94%) | loss: 4.398583 | lrm: 1.00 | dt: 562.49ms | tok/sec: 95,575 | bf16_mfu: 0.00 | epoch: 1 pq: 0 rg: 37 | total time: 3.50m | eta: 32.5m
step 00380/03814 (9.96%) | loss: 4.382891 | lrm: 1.00 | dt: 558.92ms | tok/sec: 96,186 | bf16_mfu: 0.00 | epoch: 1 pq: 0 rg: 38 | total time: 3.51m | eta: 32.5m
step 00381/03814 (9.99%) | loss: 4.369438 | lrm: 1.00 | dt: 563.58ms | tok/sec: 95,390 | bf16_mfu: 0.00 | epoch: 1 pq: 0 rg: 38 | total time: 3.51m | eta: 32.5m
step 00382/03814 (10.02%) | loss: 4.367958 | lrm: 1.00 | dt: 565.29ms | tok/sec: 95,100 | bf16_mfu: 0.00 | epoch: 1 pq: 0 rg: 38 | total time: 3.52m | eta: 32.5m
step 00383/03814 (10.04%) | loss: 4.386186 | lrm: 1.00 | dt: 622.20ms | tok/sec: 86,403 | bf16_mfu: 0.00 | epoch: 1 pq: 0 rg: 38 | total time: 3.53m | eta: 32.5m
step 00384/03814 (10.07%) | loss: 4.394858 | lrm: 1.00 | dt: 563.59ms | tok/sec: 95,389 | bf16_mfu: 0.00 | epoch: 1 pq: 0 rg: 38 | total time: 3.54m | eta: 32.5m
step 00385/03814 (10.09%) | loss: 4.384694 | lrm: 1.00 | dt: 564.70ms | tok/sec: 95,200 | bf16_mfu: 0.00 | epoch: 1 pq: 0 rg: 38 | total time: 3.55m | eta: 32.5m
step 00386/03814 (10.12%) | loss: 4.375706 | lrm: 1.00 | dt: 562.60ms | tok/sec: 95,557 | bf16_mfu: 0.00 | epoch: 1 pq: 0 rg: 38 | total time: 3.56m | eta: 32.5m
step 00387/03814 (10.15%) | loss: 4.382901 | lrm: 1.00 | dt: 561.63ms | tok/sec: 95,721 | bf16_mfu: 0.00 | epoch: 1 pq: 0 rg: 38 | total time: 3.57m | eta: 32.5m
step 00388/03814 (10.17%) | loss: 4.376407 | lrm: 1.00 | dt: 561.05ms | tok/sec: 95,820 | bf16_mfu: 0.00 | epoch: 1 pq: 0 rg: 38 | total time: 3.58m | eta: 32.5m
step 00389/03814 (10.20%) | loss: 4.379047 | lrm: 1.00 | dt: 564.91ms | tok/sec: 95,165 | bf16_mfu: 0.00 | epoch: 1 pq: 0 rg: 38 | total time: 3.59m | eta: 32.4m
step 00390/03814 (10.23%) | loss: 4.366118 | lrm: 1.00 | dt: 563.73ms | tok/sec: 95,365 | bf16_mfu: 0.00 | epoch: 1 pq: 0 rg: 38 | total time: 3.60m | eta: 32.4m
step 00391/03814 (10.25%) | loss: 4.378531 | lrm: 1.00 | dt: 587.87ms | tok/sec: 91,448 | bf16_mfu: 0.00 | epoch: 1 pq: 0 rg: 39 | total time: 3.61m | eta: 32.4m
step 00392/03814 (10.28%) | loss: 4.394943 | lrm: 1.00 | dt: 566.84ms | tok/sec: 94,841 | bf16_mfu: 0.00 | epoch: 1 pq: 0 rg: 39 | total time: 3.62m | eta: 32.4m
step 00393/03814 (10.30%) | loss: 4.383949 | lrm: 1.00 | dt: 567.85ms | tok/sec: 94,673 | bf16_mfu: 0.00 | epoch: 1 pq: 0 rg: 39 | total time: 3.63m | eta: 32.4m
step 00394/03814 (10.33%) | loss: 4.383989 | lrm: 1.00 | dt: 571.05ms | tok/sec: 94,142 | bf16_mfu: 0.00 | epoch: 1 pq: 0 rg: 39 | total time: 3.64m | eta: 32.4m
step 00395/03814 (10.36%) | loss: 4.399595 | lrm: 1.00 | dt: 593.10ms | tok/sec: 90,642 | bf16_mfu: 0.00 | epoch: 1 pq: 0 rg: 39 | total time: 3.65m | eta: 32.4m
step 00396/03814 (10.38%) | loss: 4.430509 | lrm: 1.00 | dt: 564.45ms | tok/sec: 95,243 | bf16_mfu: 0.00 | epoch: 1 pq: 0 rg: 39 | total time: 3.66m | eta: 32.4m
step 00397/03814 (10.41%) | loss: 4.417704 | lrm: 1.00 | dt: 564.10ms | tok/sec: 95,301 | bf16_mfu: 0.00 | epoch: 1 pq: 0 rg: 39 | total time: 3.67m | eta: 32.4m
step 00398/03814 (10.44%) | loss: 4.406607 | lrm: 1.00 | dt: 567.21ms | tok/sec: 94,780 | bf16_mfu: 0.00 | epoch: 1 pq: 0 rg: 39 | total time: 3.68m | eta: 32.4m
step 00399/03814 (10.46%) | loss: 4.397877 | lrm: 1.00 | dt: 566.20ms | tok/sec: 94,948 | bf16_mfu: 0.00 | epoch: 1 pq: 0 rg: 39 | total time: 3.69m | eta: 32.4m
step 00400/03814 (10.49%) | loss: 4.395436 | lrm: 1.00 | dt: 567.26ms | tok/sec: 94,771 | bf16_mfu: 0.00 | epoch: 1 pq: 0 rg: 39 | total time: 3.70m | eta: 32.3m
step 00401/03814 (10.51%) | loss: 4.388579 | lrm: 1.00 | dt: 588.38ms | tok/sec: 91,369 | bf16_mfu: 0.00 | epoch: 1 pq: 0 rg: 40 | total time: 3.71m | eta: 32.3m
step 00402/03814 (10.54%) | loss: 4.375331 | lrm: 1.00 | dt: 567.48ms | tok/sec: 94,735 | bf16_mfu: 0.00 | epoch: 1 pq: 0 rg: 40 | total time: 3.71m | eta: 32.3m
step 00403/03814 (10.57%) | loss: 4.358573 | lrm: 1.00 | dt: 564.75ms | tok/sec: 95,192 | bf16_mfu: 0.00 | epoch: 1 pq: 0 rg: 40 | total time: 3.72m | eta: 32.3m
step 00404/03814 (10.59%) | loss: 4.357118 | lrm: 1.00 | dt: 728.04ms | tok/sec: 73,842 | bf16_mfu: 0.00 | epoch: 1 pq: 0 rg: 40 | total time: 3.74m | eta: 32.3m
step 00405/03814 (10.62%) | loss: 4.372783 | lrm: 1.00 | dt: 565.29ms | tok/sec: 95,102 | bf16_mfu: 0.00 | epoch: 1 pq: 0 rg: 40 | total time: 3.75m | eta: 32.3m
step 00406/03814 (10.64%) | loss: 4.365928 | lrm: 1.00 | dt: 567.82ms | tok/sec: 94,677 | bf16_mfu: 0.00 | epoch: 1 pq: 0 rg: 40 | total time: 3.76m | eta: 32.3m
step 00407/03814 (10.67%) | loss: 4.346385 | lrm: 1.00 | dt: 568.46ms | tok/sec: 94,571 | bf16_mfu: 0.00 | epoch: 1 pq: 0 rg: 40 | total time: 3.76m | eta: 32.3m
step 00408/03814 (10.70%) | loss: 4.329014 | lrm: 1.00 | dt: 568.21ms | tok/sec: 94,613 | bf16_mfu: 0.00 | epoch: 1 pq: 0 rg: 40 | total time: 3.77m | eta: 32.3m
step 00409/03814 (10.72%) | loss: 4.339985 | lrm: 1.00 | dt: 567.13ms | tok/sec: 94,793 | bf16_mfu: 0.00 | epoch: 1 pq: 0 rg: 40 | total time: 3.78m | eta: 32.3m
step 00410/03814 (10.75%) | loss: 4.355175 | lrm: 1.00 | dt: 564.17ms | tok/sec: 95,290 | bf16_mfu: 0.00 | epoch: 1 pq: 0 rg: 40 | total time: 3.79m | eta: 32.3m
step 00411/03814 (10.78%) | loss: 4.344858 | lrm: 1.00 | dt: 648.84ms | tok/sec: 82,855 | bf16_mfu: 0.00 | epoch: 1 pq: 0 rg: 41 | total time: 3.80m | eta: 32.3m
step 00412/03814 (10.80%) | loss: 4.325398 | lrm: 1.00 | dt: 569.43ms | tok/sec: 94,410 | bf16_mfu: 0.00 | epoch: 1 pq: 0 rg: 41 | total time: 3.81m | eta: 32.3m
step 00413/03814 (10.83%) | loss: 4.329097 | lrm: 1.00 | dt: 570.90ms | tok/sec: 94,167 | bf16_mfu: 0.00 | epoch: 1 pq: 0 rg: 41 | total time: 3.82m | eta: 32.3m
step 00414/03814 (10.85%) | loss: 4.326669 | lrm: 1.00 | dt: 565.80ms | tok/sec: 95,016 | bf16_mfu: 0.00 | epoch: 1 pq: 0 rg: 41 | total time: 3.83m | eta: 32.3m
step 00415/03814 (10.88%) | loss: 4.314241 | lrm: 1.00 | dt: 565.45ms | tok/sec: 95,074 | bf16_mfu: 0.00 | epoch: 1 pq: 0 rg: 41 | total time: 3.84m | eta: 32.2m
step 00416/03814 (10.91%) | loss: 4.302475 | lrm: 1.00 | dt: 566.09ms | tok/sec: 94,966 | bf16_mfu: 0.00 | epoch: 1 pq: 0 rg: 41 | total time: 3.85m | eta: 32.2m
step 00417/03814 (10.93%) | loss: 4.306382 | lrm: 1.00 | dt: 568.72ms | tok/sec: 94,528 | bf16_mfu: 0.00 | epoch: 1 pq: 0 rg: 41 | total time: 3.86m | eta: 32.2m
step 00418/03814 (10.96%) | loss: 4.325288 | lrm: 1.00 | dt: 564.66ms | tok/sec: 95,207 | bf16_mfu: 0.00 | epoch: 1 pq: 0 rg: 41 | total time: 3.87m | eta: 32.2m
step 00419/03814 (10.99%) | loss: 4.326624 | lrm: 1.00 | dt: 566.40ms | tok/sec: 94,914 | bf16_mfu: 0.00 | epoch: 1 pq: 0 rg: 41 | total time: 3.88m | eta: 32.2m
step 00420/03814 (11.01%) | loss: 4.323910 | lrm: 1.00 | dt: 571.78ms | tok/sec: 94,021 | bf16_mfu: 0.00 | epoch: 1 pq: 0 rg: 41 | total time: 3.89m | eta: 32.2m
step 00421/03814 (11.04%) | loss: 4.325172 | lrm: 1.00 | dt: 566.47ms | tok/sec: 94,903 | bf16_mfu: 0.00 | epoch: 1 pq: 0 rg: 41 | total time: 3.90m | eta: 32.2m
step 00422/03814 (11.06%) | loss: 4.340169 | lrm: 1.00 | dt: 649.89ms | tok/sec: 82,721 | bf16_mfu: 0.00 | epoch: 1 pq: 0 rg: 42 | total time: 3.91m | eta: 32.2m
step 00423/03814 (11.09%) | loss: 4.347214 | lrm: 1.00 | dt: 561.75ms | tok/sec: 95,700 | bf16_mfu: 0.00 | epoch: 1 pq: 0 rg: 42 | total time: 3.92m | eta: 32.2m
step 00424/03814 (11.12%) | loss: 4.328817 | lrm: 1.00 | dt: 564.41ms | tok/sec: 95,250 | bf16_mfu: 0.00 | epoch: 1 pq: 0 rg: 42 | total time: 3.93m | eta: 32.2m
step 00425/03814 (11.14%) | loss: 4.317191 | lrm: 1.00 | dt: 565.45ms | tok/sec: 95,074 | bf16_mfu: 0.00 | epoch: 1 pq: 0 rg: 42 | total time: 3.94m | eta: 32.2m
step 00426/03814 (11.17%) | loss: 4.313882 | lrm: 1.00 | dt: 566.14ms | tok/sec: 94,958 | bf16_mfu: 0.00 | epoch: 1 pq: 0 rg: 42 | total time: 3.95m | eta: 32.1m
step 00427/03814 (11.20%) | loss: 4.345557 | lrm: 1.00 | dt: 566.82ms | tok/sec: 94,845 | bf16_mfu: 0.00 | epoch: 1 pq: 0 rg: 42 | total time: 3.96m | eta: 32.1m
step 00428/03814 (11.22%) | loss: 4.339681 | lrm: 1.00 | dt: 566.27ms | tok/sec: 94,936 | bf16_mfu: 0.00 | epoch: 1 pq: 0 rg: 42 | total time: 3.97m | eta: 32.1m
step 00429/03814 (11.25%) | loss: 4.336225 | lrm: 1.00 | dt: 567.16ms | tok/sec: 94,788 | bf16_mfu: 0.00 | epoch: 1 pq: 0 rg: 42 | total time: 3.98m | eta: 32.1m
step 00430/03814 (11.27%) | loss: 4.326663 | lrm: 1.00 | dt: 564.87ms | tok/sec: 95,172 | bf16_mfu: 0.00 | epoch: 1 pq: 0 rg: 42 | total time: 3.98m | eta: 32.1m
step 00431/03814 (11.30%) | loss: 4.330642 | lrm: 1.00 | dt: 649.28ms | tok/sec: 82,799 | bf16_mfu: 0.00 | epoch: 1 pq: 0 rg: 42 | total time: 4.00m | eta: 32.1m
step 00432/03814 (11.33%) | loss: 4.329119 | lrm: 1.00 | dt: 686.92ms | tok/sec: 78,262 | bf16_mfu: 0.00 | epoch: 1 pq: 0 rg: 43 | total time: 4.01m | eta: 32.1m
step 00433/03814 (11.35%) | loss: 4.328717 | lrm: 1.00 | dt: 569.38ms | tok/sec: 94,418 | bf16_mfu: 0.00 | epoch: 1 pq: 0 rg: 43 | total time: 4.02m | eta: 32.1m
step 00434/03814 (11.38%) | loss: 4.327083 | lrm: 1.00 | dt: 562.81ms | tok/sec: 95,520 | bf16_mfu: 0.00 | epoch: 1 pq: 0 rg: 43 | total time: 4.03m | eta: 32.1m
step 00435/03814 (11.41%) | loss: 4.340495 | lrm: 1.00 | dt: 565.37ms | tok/sec: 95,088 | bf16_mfu: 0.00 | epoch: 1 pq: 0 rg: 43 | total time: 4.04m | eta: 32.1m
step 00436/03814 (11.43%) | loss: 4.347237 | lrm: 1.00 | dt: 571.88ms | tok/sec: 94,005 | bf16_mfu: 0.00 | epoch: 1 pq: 0 rg: 43 | total time: 4.04m | eta: 32.1m
step 00437/03814 (11.46%) | loss: 4.341567 | lrm: 1.00 | dt: 560.83ms | tok/sec: 95,858 | bf16_mfu: 0.00 | epoch: 1 pq: 0 rg: 43 | total time: 4.05m | eta: 32.1m
step 00438/03814 (11.48%) | loss: 4.320720 | lrm: 1.00 | dt: 566.82ms | tok/sec: 94,845 | bf16_mfu: 0.00 | epoch: 1 pq: 0 rg: 43 | total time: 4.06m | eta: 32.1m
step 00439/03814 (11.51%) | loss: 4.339258 | lrm: 1.00 | dt: 565.57ms | tok/sec: 95,054 | bf16_mfu: 0.00 | epoch: 1 pq: 0 rg: 43 | total time: 4.07m | eta: 32.0m
step 00440/03814 (11.54%) | loss: 4.336313 | lrm: 1.00 | dt: 563.14ms | tok/sec: 95,465 | bf16_mfu: 0.00 | epoch: 1 pq: 0 rg: 43 | total time: 4.08m | eta: 32.0m
step 00441/03814 (11.56%) | loss: 4.318591 | lrm: 1.00 | dt: 563.96ms | tok/sec: 95,325 | bf16_mfu: 0.00 | epoch: 1 pq: 0 rg: 43 | total time: 4.09m | eta: 32.0m
step 00442/03814 (11.59%) | loss: 4.306426 | lrm: 1.00 | dt: 567.84ms | tok/sec: 94,675 | bf16_mfu: 0.00 | epoch: 1 pq: 0 rg: 43 | total time: 4.10m | eta: 32.0m
step 00443/03814 (11.62%) | loss: 4.287662 | lrm: 1.00 | dt: 592.51ms | tok/sec: 90,732 | bf16_mfu: 0.00 | epoch: 1 pq: 0 rg: 44 | total time: 4.11m | eta: 32.0m
step 00444/03814 (11.64%) | loss: 4.275806 | lrm: 1.00 | dt: 616.24ms | tok/sec: 87,238 | bf16_mfu: 0.00 | epoch: 1 pq: 0 rg: 44 | total time: 4.12m | eta: 32.0m
step 00445/03814 (11.67%) | loss: 4.259991 | lrm: 1.00 | dt: 565.71ms | tok/sec: 95,031 | bf16_mfu: 0.00 | epoch: 1 pq: 0 rg: 44 | total time: 4.13m | eta: 32.0m
step 00446/03814 (11.69%) | loss: 4.253055 | lrm: 1.00 | dt: 558.64ms | tok/sec: 96,234 | bf16_mfu: 0.00 | epoch: 1 pq: 0 rg: 44 | total time: 4.14m | eta: 32.0m
step 00447/03814 (11.72%) | loss: 4.235998 | lrm: 1.00 | dt: 566.17ms | tok/sec: 94,952 | bf16_mfu: 0.00 | epoch: 1 pq: 0 rg: 44 | total time: 4.15m | eta: 32.0m
step 00448/03814 (11.75%) | loss: 4.265161 | lrm: 1.00 | dt: 565.70ms | tok/sec: 95,032 | bf16_mfu: 0.00 | epoch: 1 pq: 0 rg: 44 | total time: 4.16m | eta: 32.0m
step 00449/03814 (11.77%) | loss: 4.262891 | lrm: 1.00 | dt: 565.58ms | tok/sec: 95,052 | bf16_mfu: 0.00 | epoch: 1 pq: 0 rg: 44 | total time: 4.17m | eta: 31.9m
step 00450/03814 (11.80%) | loss: 4.259562 | lrm: 1.00 | dt: 564.74ms | tok/sec: 95,193 | bf16_mfu: 0.00 | epoch: 1 pq: 0 rg: 44 | total time: 4.18m | eta: 31.9m
step 00451/03814 (11.82%) | loss: 4.257726 | lrm: 1.00 | dt: 567.02ms | tok/sec: 94,812 | bf16_mfu: 0.00 | epoch: 1 pq: 0 rg: 44 | total time: 4.19m | eta: 31.9m
step 00452/03814 (11.85%) | loss: 4.257556 | lrm: 1.00 | dt: 568.01ms | tok/sec: 94,646 | bf16_mfu: 0.00 | epoch: 1 pq: 0 rg: 44 | total time: 4.20m | eta: 31.9m
step 00453/03814 (11.88%) | loss: 4.250467 | lrm: 1.00 | dt: 609.27ms | tok/sec: 88,237 | bf16_mfu: 0.00 | epoch: 1 pq: 0 rg: 45 | total time: 4.21m | eta: 31.9m
step 00454/03814 (11.90%) | loss: 4.249257 | lrm: 1.00 | dt: 566.98ms | tok/sec: 94,817 | bf16_mfu: 0.00 | epoch: 1 pq: 0 rg: 45 | total time: 4.22m | eta: 31.9m
step 00455/03814 (11.93%) | loss: 4.237584 | lrm: 1.00 | dt: 588.52ms | tok/sec: 91,347 | bf16_mfu: 0.00 | epoch: 1 pq: 0 rg: 45 | total time: 4.23m | eta: 31.9m
step 00456/03814 (11.96%) | loss: 4.252130 | lrm: 1.00 | dt: 566.66ms | tok/sec: 94,871 | bf16_mfu: 0.00 | epoch: 1 pq: 0 rg: 45 | total time: 4.24m | eta: 31.9m
step 00457/03814 (11.98%) | loss: 4.258126 | lrm: 1.00 | dt: 566.25ms | tok/sec: 94,940 | bf16_mfu: 0.00 | epoch: 1 pq: 0 rg: 45 | total time: 4.24m | eta: 31.9m
step 00458/03814 (12.01%) | loss: 4.234825 | lrm: 1.00 | dt: 563.07ms | tok/sec: 95,477 | bf16_mfu: 0.00 | epoch: 1 pq: 0 rg: 45 | total time: 4.25m | eta: 31.9m
step 00459/03814 (12.03%) | loss: 4.224777 | lrm: 1.00 | dt: 570.07ms | tok/sec: 94,304 | bf16_mfu: 0.00 | epoch: 1 pq: 0 rg: 45 | total time: 4.26m | eta: 31.9m
step 00460/03814 (12.06%) | loss: 4.218703 | lrm: 1.00 | dt: 566.41ms | tok/sec: 94,913 | bf16_mfu: 0.00 | epoch: 1 pq: 0 rg: 45 | total time: 4.27m | eta: 31.8m
step 00461/03814 (12.09%) | loss: 4.229682 | lrm: 1.00 | dt: 566.49ms | tok/sec: 94,899 | bf16_mfu: 0.00 | epoch: 1 pq: 0 rg: 45 | total time: 4.28m | eta: 31.8m
step 00462/03814 (12.11%) | loss: 4.221212 | lrm: 1.00 | dt: 577.70ms | tok/sec: 93,059 | bf16_mfu: 0.00 | epoch: 1 pq: 0 rg: 45 | total time: 4.29m | eta: 31.8m
step 00463/03814 (12.14%) | loss: 4.208406 | lrm: 1.00 | dt: 557.35ms | tok/sec: 96,456 | bf16_mfu: 0.00 | epoch: 1 pq: 0 rg: 45 | total time: 4.30m | eta: 31.8m
step 00464/03814 (12.17%) | loss: 4.211046 | lrm: 1.00 | dt: 622.87ms | tok/sec: 86,310 | bf16_mfu: 0.00 | epoch: 1 pq: 0 rg: 46 | total time: 4.31m | eta: 31.8m
step 00465/03814 (12.19%) | loss: 4.224383 | lrm: 1.00 | dt: 566.07ms | tok/sec: 94,970 | bf16_mfu: 0.00 | epoch: 1 pq: 0 rg: 46 | total time: 4.32m | eta: 31.8m
step 00466/03814 (12.22%) | loss: 4.237231 | lrm: 1.00 | dt: 566.23ms | tok/sec: 94,943 | bf16_mfu: 0.00 | epoch: 1 pq: 0 rg: 46 | total time: 4.33m | eta: 31.8m
step 00467/03814 (12.24%) | loss: 4.225797 | lrm: 1.00 | dt: 560.89ms | tok/sec: 95,847 | bf16_mfu: 0.00 | epoch: 1 pq: 0 rg: 46 | total time: 4.34m | eta: 31.8m
step 00468/03814 (12.27%) | loss: 4.223152 | lrm: 1.00 | dt: 561.59ms | tok/sec: 95,728 | bf16_mfu: 0.00 | epoch: 1 pq: 0 rg: 46 | total time: 4.35m | eta: 31.8m
step 00469/03814 (12.30%) | loss: 4.239950 | lrm: 1.00 | dt: 563.01ms | tok/sec: 95,487 | bf16_mfu: 0.00 | epoch: 1 pq: 0 rg: 46 | total time: 4.36m | eta: 31.8m
step 00470/03814 (12.32%) | loss: 4.230183 | lrm: 1.00 | dt: 566.88ms | tok/sec: 94,835 | bf16_mfu: 0.00 | epoch: 1 pq: 0 rg: 46 | total time: 4.37m | eta: 31.8m
step 00471/03814 (12.35%) | loss: 4.217712 | lrm: 1.00 | dt: 577.86ms | tok/sec: 93,032 | bf16_mfu: 0.00 | epoch: 1 pq: 0 rg: 46 | total time: 4.38m | eta: 31.7m
step 00472/03814 (12.38%) | loss: 4.211365 | lrm: 1.00 | dt: 559.12ms | tok/sec: 96,151 | bf16_mfu: 0.00 | epoch: 1 pq: 0 rg: 46 | total time: 4.39m | eta: 31.7m
step 00473/03814 (12.40%) | loss: 4.238350 | lrm: 1.00 | dt: 583.19ms | tok/sec: 92,182 | bf16_mfu: 0.00 | epoch: 1 pq: 0 rg: 46 | total time: 4.40m | eta: 31.7m
step 00474/03814 (12.43%) | loss: 4.230738 | lrm: 1.00 | dt: 564.01ms | tok/sec: 95,318 | bf16_mfu: 0.00 | epoch: 1 pq: 0 rg: 47 | total time: 4.41m | eta: 31.7m
step 00475/03814 (12.45%) | loss: 4.212329 | lrm: 1.00 | dt: 562.95ms | tok/sec: 95,497 | bf16_mfu: 0.00 | epoch: 1 pq: 0 rg: 47 | total time: 4.42m | eta: 31.7m
step 00476/03814 (12.48%) | loss: 4.223970 | lrm: 1.00 | dt: 562.39ms | tok/sec: 95,592 | bf16_mfu: 0.00 | epoch: 1 pq: 0 rg: 47 | total time: 4.43m | eta: 31.7m
step 00477/03814 (12.51%) | loss: 4.233633 | lrm: 1.00 | dt: 558.53ms | tok/sec: 96,253 | bf16_mfu: 0.00 | epoch: 1 pq: 0 rg: 47 | total time: 4.43m | eta: 31.7m
step 00478/03814 (12.53%) | loss: 4.226025 | lrm: 1.00 | dt: 563.12ms | tok/sec: 95,468 | bf16_mfu: 0.00 | epoch: 1 pq: 0 rg: 47 | total time: 4.44m | eta: 31.7m
step 00479/03814 (12.56%) | loss: 4.210085 | lrm: 1.00 | dt: 564.14ms | tok/sec: 95,295 | bf16_mfu: 0.00 | epoch: 1 pq: 0 rg: 47 | total time: 4.45m | eta: 31.7m
step 00480/03814 (12.59%) | loss: 4.197558 | lrm: 1.00 | dt: 561.09ms | tok/sec: 95,813 | bf16_mfu: 0.00 | epoch: 1 pq: 0 rg: 47 | total time: 4.46m | eta: 31.7m
step 00481/03814 (12.61%) | loss: 4.211150 | lrm: 1.00 | dt: 558.96ms | tok/sec: 96,178 | bf16_mfu: 0.00 | epoch: 1 pq: 0 rg: 47 | total time: 4.47m | eta: 31.6m
step 00482/03814 (12.64%) | loss: 4.208451 | lrm: 1.00 | dt: 565.16ms | tok/sec: 95,123 | bf16_mfu: 0.00 | epoch: 1 pq: 0 rg: 47 | total time: 4.48m | eta: 31.6m
step 00483/03814 (12.66%) | loss: 4.206821 | lrm: 1.00 | dt: 596.94ms | tok/sec: 90,058 | bf16_mfu: 0.00 | epoch: 1 pq: 0 rg: 47 | total time: 4.49m | eta: 31.6m
step 00484/03814 (12.69%) | loss: 4.196243 | lrm: 1.00 | dt: 562.61ms | tok/sec: 95,554 | bf16_mfu: 0.00 | epoch: 1 pq: 0 rg: 47 | total time: 4.50m | eta: 31.6m
step 00485/03814 (12.72%) | loss: 4.201052 | lrm: 1.00 | dt: 601.58ms | tok/sec: 89,365 | bf16_mfu: 0.00 | epoch: 1 pq: 0 rg: 48 | total time: 4.51m | eta: 31.6m
step 00486/03814 (12.74%) | loss: 4.218868 | lrm: 1.00 | dt: 564.77ms | tok/sec: 95,188 | bf16_mfu: 0.00 | epoch: 1 pq: 0 rg: 48 | total time: 4.52m | eta: 31.6m
step 00487/03814 (12.77%) | loss: 4.213778 | lrm: 1.00 | dt: 564.43ms | tok/sec: 95,246 | bf16_mfu: 0.00 | epoch: 1 pq: 0 rg: 48 | total time: 4.53m | eta: 31.6m
step 00488/03814 (12.79%) | loss: 4.208894 | lrm: 1.00 | dt: 563.30ms | tok/sec: 95,438 | bf16_mfu: 0.00 | epoch: 1 pq: 0 rg: 48 | total time: 4.54m | eta: 31.6m
step 00489/03814 (12.82%) | loss: 4.208671 | lrm: 1.00 | dt: 559.20ms | tok/sec: 96,136 | bf16_mfu: 0.00 | epoch: 1 pq: 0 rg: 48 | total time: 4.55m | eta: 31.6m
step 00490/03814 (12.85%) | loss: 4.216810 | lrm: 1.00 | dt: 560.20ms | tok/sec: 95,966 | bf16_mfu: 0.00 | epoch: 1 pq: 0 rg: 48 | total time: 4.56m | eta: 31.6m
step 00491/03814 (12.87%) | loss: 4.209195 | lrm: 1.00 | dt: 561.91ms | tok/sec: 95,674 | bf16_mfu: 0.00 | epoch: 1 pq: 0 rg: 48 | total time: 4.57m | eta: 31.6m
step 00492/03814 (12.90%) | loss: 4.200563 | lrm: 1.00 | dt: 557.77ms | tok/sec: 96,383 | bf16_mfu: 0.00 | epoch: 1 pq: 0 rg: 48 | total time: 4.58m | eta: 31.5m
step 00493/03814 (12.93%) | loss: 4.199001 | lrm: 1.00 | dt: 561.63ms | tok/sec: 95,722 | bf16_mfu: 0.00 | epoch: 1 pq: 0 rg: 48 | total time: 4.59m | eta: 31.5m
step 00494/03814 (12.95%) | loss: 4.188382 | lrm: 1.00 | dt: 621.43ms | tok/sec: 86,509 | bf16_mfu: 0.00 | epoch: 1 pq: 0 rg: 48 | total time: 4.60m | eta: 31.5m
step 00495/03814 (12.98%) | loss: 4.181442 | lrm: 1.00 | dt: 1057.38ms | tok/sec: 50,842 | bf16_mfu: 0.00 | epoch: 1 pq: 0 rg: 49 | total time: 4.61m | eta: 31.6m
step 00496/03814 (13.00%) | loss: 4.175517 | lrm: 1.00 | dt: 560.62ms | tok/sec: 95,893 | bf16_mfu: 0.00 | epoch: 1 pq: 0 rg: 49 | total time: 4.62m | eta: 31.6m
step 00497/03814 (13.03%) | loss: 4.154192 | lrm: 1.00 | dt: 568.34ms | tok/sec: 94,591 | bf16_mfu: 0.00 | epoch: 1 pq: 0 rg: 49 | total time: 4.63m | eta: 31.6m
step 00498/03814 (13.06%) | loss: 4.143333 | lrm: 1.00 | dt: 560.62ms | tok/sec: 95,894 | bf16_mfu: 0.00 | epoch: 1 pq: 0 rg: 49 | total time: 4.64m | eta: 31.5m
step 00499/03814 (13.08%) | loss: 4.143283 | lrm: 1.00 | dt: 560.25ms | tok/sec: 95,956 | bf16_mfu: 0.00 | epoch: 1 pq: 0 rg: 49 | total time: 4.65m | eta: 31.5m
Step 00500 | Validation bpb: 0.943786
step 00500/03814 (13.11%) | loss: 4.140211 | lrm: 1.00 | dt: 557.33ms | tok/sec: 96,460 | bf16_mfu: 0.00 | epoch: 1 pq: 0 rg: 49 | total time: 4.66m | eta: 31.5m
step 00501/03814 (13.14%) | loss: 4.139478 | lrm: 1.00 | dt: 554.61ms | tok/sec: 96,933 | bf16_mfu: 0.00 | epoch: 1 pq: 0 rg: 49 | total time: 4.67m | eta: 31.5m
step 00502/03814 (13.16%) | loss: 4.137607 | lrm: 1.00 | dt: 554.91ms | tok/sec: 96,879 | bf16_mfu: 0.00 | epoch: 1 pq: 0 rg: 49 | total time: 4.68m | eta: 31.5m
step 00503/03814 (13.19%) | loss: 4.152131 | lrm: 1.00 | dt: 555.66ms | tok/sec: 96,749 | bf16_mfu: 0.00 | epoch: 1 pq: 0 rg: 49 | total time: 4.69m | eta: 31.5m
step 00504/03814 (13.21%) | loss: 4.181511 | lrm: 1.00 | dt: 556.03ms | tok/sec: 96,685 | bf16_mfu: 0.00 | epoch: 1 pq: 0 rg: 49 | total time: 4.70m | eta: 31.5m
step 00505/03814 (13.24%) | loss: 4.177950 | lrm: 1.00 | dt: 722.48ms | tok/sec: 74,410 | bf16_mfu: 0.00 | epoch: 1 pq: 0 rg: 50 | total time: 4.71m | eta: 31.5m
step 00506/03814 (13.27%) | loss: 4.173054 | lrm: 1.00 | dt: 554.67ms | tok/sec: 96,921 | bf16_mfu: 0.00 | epoch: 1 pq: 0 rg: 50 | total time: 4.72m | eta: 31.5m
step 00507/03814 (13.29%) | loss: 4.189467 | lrm: 1.00 | dt: 556.46ms | tok/sec: 96,610 | bf16_mfu: 0.00 | epoch: 1 pq: 0 rg: 50 | total time: 4.73m | eta: 31.5m
step 00508/03814 (13.32%) | loss: 4.204127 | lrm: 1.00 | dt: 565.75ms | tok/sec: 95,025 | bf16_mfu: 0.00 | epoch: 1 pq: 0 rg: 50 | total time: 4.74m | eta: 31.4m
step 00509/03814 (13.35%) | loss: 4.188024 | lrm: 1.00 | dt: 557.85ms | tok/sec: 96,369 | bf16_mfu: 0.00 | epoch: 1 pq: 0 rg: 50 | total time: 4.75m | eta: 31.4m
step 00510/03814 (13.37%) | loss: 4.173501 | lrm: 1.00 | dt: 557.81ms | tok/sec: 96,377 | bf16_mfu: 0.00 | epoch: 1 pq: 0 rg: 50 | total time: 4.76m | eta: 31.4m
step 00511/03814 (13.40%) | loss: 4.175100 | lrm: 1.00 | dt: 561.95ms | tok/sec: 95,666 | bf16_mfu: 0.00 | epoch: 1 pq: 0 rg: 50 | total time: 4.77m | eta: 31.4m
step 00512/03814 (13.42%) | loss: 4.173428 | lrm: 1.00 | dt: 564.46ms | tok/sec: 95,241 | bf16_mfu: 0.00 | epoch: 1 pq: 0 rg: 50 | total time: 4.77m | eta: 31.4m
step 00513/03814 (13.45%) | loss: 4.176395 | lrm: 1.00 | dt: 652.53ms | tok/sec: 82,387 | bf16_mfu: 0.00 | epoch: 1 pq: 0 rg: 50 | total time: 4.79m | eta: 31.4m
step 00514/03814 (13.48%) | loss: 4.178359 | lrm: 1.00 | dt: 570.60ms | tok/sec: 94,216 | bf16_mfu: 0.00 | epoch: 1 pq: 0 rg: 50 | total time: 4.80m | eta: 31.4m
step 00515/03814 (13.50%) | loss: 4.178530 | lrm: 1.00 | dt: 573.64ms | tok/sec: 93,717 | bf16_mfu: 0.00 | epoch: 1 pq: 0 rg: 50 | total time: 4.80m | eta: 31.4m
step 00516/03814 (13.53%) | loss: 4.176129 | lrm: 1.00 | dt: 580.89ms | tok/sec: 92,547 | bf16_mfu: 0.00 | epoch: 1 pq: 0 rg: 51 | total time: 4.81m | eta: 31.4m
step 00517/03814 (13.56%) | loss: 4.155343 | lrm: 1.00 | dt: 566.07ms | tok/sec: 94,970 | bf16_mfu: 0.00 | epoch: 1 pq: 0 rg: 51 | total time: 4.82m | eta: 31.4m
step 00518/03814 (13.58%) | loss: 4.146212 | lrm: 1.00 | dt: 565.70ms | tok/sec: 95,033 | bf16_mfu: 0.00 | epoch: 1 pq: 0 rg: 51 | total time: 4.83m | eta: 31.4m
step 00519/03814 (13.61%) | loss: 4.159614 | lrm: 1.00 | dt: 567.12ms | tok/sec: 94,794 | bf16_mfu: 0.00 | epoch: 1 pq: 0 rg: 51 | total time: 4.84m | eta: 31.3m
step 00520/03814 (13.63%) | loss: 4.170123 | lrm: 1.00 | dt: 566.16ms | tok/sec: 94,955 | bf16_mfu: 0.00 | epoch: 1 pq: 0 rg: 51 | total time: 4.85m | eta: 31.3m
step 00521/03814 (13.66%) | loss: 4.156988 | lrm: 1.00 | dt: 566.65ms | tok/sec: 94,873 | bf16_mfu: 0.00 | epoch: 1 pq: 0 rg: 51 | total time: 4.86m | eta: 31.3m
step 00522/03814 (13.69%) | loss: 4.161987 | lrm: 1.00 | dt: 570.66ms | tok/sec: 94,207 | bf16_mfu: 0.00 | epoch: 1 pq: 0 rg: 51 | total time: 4.87m | eta: 31.3m
step 00523/03814 (13.71%) | loss: 4.169180 | lrm: 1.00 | dt: 564.07ms | tok/sec: 95,306 | bf16_mfu: 0.00 | epoch: 1 pq: 0 rg: 51 | total time: 4.88m | eta: 31.3m
step 00524/03814 (13.74%) | loss: 4.150072 | lrm: 1.00 | dt: 580.02ms | tok/sec: 92,685 | bf16_mfu: 0.00 | epoch: 1 pq: 0 rg: 51 | total time: 4.89m | eta: 31.3m
step 00525/03814 (13.77%) | loss: 4.127740 | lrm: 1.00 | dt: 572.14ms | tok/sec: 93,963 | bf16_mfu: 0.00 | epoch: 1 pq: 0 rg: 51 | total time: 4.90m | eta: 31.3m
step 00526/03814 (13.79%) | loss: 4.127216 | lrm: 1.00 | dt: 566.26ms | tok/sec: 94,938 | bf16_mfu: 0.00 | epoch: 1 pq: 0 rg: 51 | total time: 4.91m | eta: 31.3m
step 00527/03814 (13.82%) | loss: 4.127488 | lrm: 1.00 | dt: 585.83ms | tok/sec: 91,766 | bf16_mfu: 0.00 | epoch: 1 pq: 0 rg: 52 | total time: 4.92m | eta: 31.3m
step 00528/03814 (13.84%) | loss: 4.112360 | lrm: 1.00 | dt: 566.76ms | tok/sec: 94,854 | bf16_mfu: 0.00 | epoch: 1 pq: 0 rg: 52 | total time: 4.93m | eta: 31.3m
step 00529/03814 (13.87%) | loss: 4.115647 | lrm: 1.00 | dt: 567.54ms | tok/sec: 94,723 | bf16_mfu: 0.00 | epoch: 1 pq: 0 rg: 52 | total time: 4.94m | eta: 31.3m
step 00530/03814 (13.90%) | loss: 4.109109 | lrm: 1.00 | dt: 567.46ms | tok/sec: 94,737 | bf16_mfu: 0.00 | epoch: 1 pq: 0 rg: 52 | total time: 4.95m | eta: 31.2m
step 00531/03814 (13.92%) | loss: 4.133549 | lrm: 1.00 | dt: 570.90ms | tok/sec: 94,166 | bf16_mfu: 0.00 | epoch: 1 pq: 0 rg: 52 | total time: 4.96m | eta: 31.2m
step 00532/03814 (13.95%) | loss: 4.116686 | lrm: 1.00 | dt: 579.23ms | tok/sec: 92,812 | bf16_mfu: 0.00 | epoch: 1 pq: 0 rg: 52 | total time: 4.97m | eta: 31.2m
step 00533/03814 (13.97%) | loss: 4.109841 | lrm: 1.00 | dt: 569.37ms | tok/sec: 94,420 | bf16_mfu: 0.00 | epoch: 1 pq: 0 rg: 52 | total time: 4.98m | eta: 31.2m
step 00534/03814 (14.00%) | loss: 4.108534 | lrm: 1.00 | dt: 573.66ms | tok/sec: 93,714 | bf16_mfu: 0.00 | epoch: 1 pq: 0 rg: 52 | total time: 4.99m | eta: 31.2m
step 00535/03814 (14.03%) | loss: 4.106941 | lrm: 1.00 | dt: 578.00ms | tok/sec: 93,010 | bf16_mfu: 0.00 | epoch: 1 pq: 0 rg: 52 | total time: 5.00m | eta: 31.2m
step 00536/03814 (14.05%) | loss: 4.109708 | lrm: 1.00 | dt: 568.16ms | tok/sec: 94,620 | bf16_mfu: 0.00 | epoch: 1 pq: 0 rg: 52 | total time: 5.00m | eta: 31.2m
step 00537/03814 (14.08%) | loss: 4.114853 | lrm: 1.00 | dt: 699.02ms | tok/sec: 76,907 | bf16_mfu: 0.00 | epoch: 1 pq: 0 rg: 53 | total time: 5.02m | eta: 31.2m
step 00538/03814 (14.11%) | loss: 4.112983 | lrm: 1.00 | dt: 573.28ms | tok/sec: 93,775 | bf16_mfu: 0.00 | epoch: 1 pq: 0 rg: 53 | total time: 5.03m | eta: 31.2m
step 00539/03814 (14.13%) | loss: 4.101816 | lrm: 1.00 | dt: 568.19ms | tok/sec: 94,615 | bf16_mfu: 0.00 | epoch: 1 pq: 0 rg: 53 | total time: 5.04m | eta: 31.2m
step 00540/03814 (14.16%) | loss: 4.085425 | lrm: 1.00 | dt: 570.06ms | tok/sec: 94,305 | bf16_mfu: 0.00 | epoch: 1 pq: 0 rg: 53 | total time: 5.04m | eta: 31.2m
step 00541/03814 (14.18%) | loss: 4.074185 | lrm: 1.00 | dt: 569.52ms | tok/sec: 94,396 | bf16_mfu: 0.00 | epoch: 1 pq: 0 rg: 53 | total time: 5.05m | eta: 31.2m
step 00542/03814 (14.21%) | loss: 4.090248 | lrm: 1.00 | dt: 579.73ms | tok/sec: 92,732 | bf16_mfu: 0.00 | epoch: 1 pq: 0 rg: 53 | total time: 5.06m | eta: 31.1m
step 00543/03814 (14.24%) | loss: 4.088281 | lrm: 1.00 | dt: 581.32ms | tok/sec: 92,478 | bf16_mfu: 0.00 | epoch: 1 pq: 0 rg: 53 | total time: 5.07m | eta: 31.1m
step 00544/03814 (14.26%) | loss: 4.118893 | lrm: 1.00 | dt: 570.85ms | tok/sec: 94,175 | bf16_mfu: 0.00 | epoch: 1 pq: 0 rg: 53 | total time: 5.08m | eta: 31.1m
step 00545/03814 (14.29%) | loss: 4.110977 | lrm: 1.00 | dt: 571.20ms | tok/sec: 94,117 | bf16_mfu: 0.00 | epoch: 1 pq: 0 rg: 53 | total time: 5.09m | eta: 31.1m
step 00546/03814 (14.32%) | loss: 4.113058 | lrm: 1.00 | dt: 563.80ms | tok/sec: 95,353 | bf16_mfu: 0.00 | epoch: 1 pq: 0 rg: 53 | total time: 5.10m | eta: 31.1m
step 00547/03814 (14.34%) | loss: 4.121372 | lrm: 1.00 | dt: 566.60ms | tok/sec: 94,881 | bf16_mfu: 0.00 | epoch: 1 pq: 0 rg: 53 | total time: 5.11m | eta: 31.1m
step 00548/03814 (14.37%) | loss: 4.128966 | lrm: 1.00 | dt: 641.50ms | tok/sec: 83,804 | bf16_mfu: 0.00 | epoch: 1 pq: 0 rg: 54 | total time: 5.12m | eta: 31.1m
step 00549/03814 (14.39%) | loss: 4.122842 | lrm: 1.00 | dt: 568.73ms | tok/sec: 94,526 | bf16_mfu: 0.00 | epoch: 1 pq: 0 rg: 54 | total time: 5.13m | eta: 31.1m
step 00550/03814 (14.42%) | loss: 4.109354 | lrm: 1.00 | dt: 568.46ms | tok/sec: 94,571 | bf16_mfu: 0.00 | epoch: 1 pq: 0 rg: 54 | total time: 5.14m | eta: 31.1m
step 00551/03814 (14.45%) | loss: 4.104496 | lrm: 1.00 | dt: 565.11ms | tok/sec: 95,131 | bf16_mfu: 0.00 | epoch: 1 pq: 0 rg: 54 | total time: 5.15m | eta: 31.1m
step 00552/03814 (14.47%) | loss: 4.086039 | lrm: 1.00 | dt: 565.69ms | tok/sec: 95,033 | bf16_mfu: 0.00 | epoch: 1 pq: 0 rg: 54 | total time: 5.16m | eta: 31.1m
step 00553/03814 (14.50%) | loss: 4.095643 | lrm: 1.00 | dt: 577.90ms | tok/sec: 93,026 | bf16_mfu: 0.00 | epoch: 1 pq: 0 rg: 54 | total time: 5.17m | eta: 31.0m
step 00554/03814 (14.53%) | loss: 4.102236 | lrm: 1.00 | dt: 569.22ms | tok/sec: 94,445 | bf16_mfu: 0.00 | epoch: 1 pq: 0 rg: 54 | total time: 5.18m | eta: 31.0m
step 00555/03814 (14.55%) | loss: 4.095092 | lrm: 1.00 | dt: 581.61ms | tok/sec: 92,433 | bf16_mfu: 0.00 | epoch: 1 pq: 0 rg: 54 | total time: 5.19m | eta: 31.0m
step 00556/03814 (14.58%) | loss: 4.099934 | lrm: 1.00 | dt: 568.37ms | tok/sec: 94,586 | bf16_mfu: 0.00 | epoch: 1 pq: 0 rg: 54 | total time: 5.20m | eta: 31.0m
step 00557/03814 (14.60%) | loss: 4.089159 | lrm: 1.00 | dt: 588.29ms | tok/sec: 91,383 | bf16_mfu: 0.00 | epoch: 1 pq: 0 rg: 54 | total time: 5.21m | eta: 31.0m
step 00558/03814 (14.63%) | loss: 4.096974 | lrm: 1.00 | dt: 565.65ms | tok/sec: 95,040 | bf16_mfu: 0.00 | epoch: 1 pq: 0 rg: 54 | total time: 5.22m | eta: 31.0m
step 00559/03814 (14.66%) | loss: 4.111274 | lrm: 1.00 | dt: 635.40ms | tok/sec: 84,607 | bf16_mfu: 0.00 | epoch: 1 pq: 0 rg: 55 | total time: 5.23m | eta: 31.0m
step 00560/03814 (14.68%) | loss: 4.114182 | lrm: 1.00 | dt: 568.73ms | tok/sec: 94,525 | bf16_mfu: 0.00 | epoch: 1 pq: 0 rg: 55 | total time: 5.24m | eta: 31.0m
step 00561/03814 (14.71%) | loss: 4.106693 | lrm: 1.00 | dt: 567.61ms | tok/sec: 94,713 | bf16_mfu: 0.00 | epoch: 1 pq: 0 rg: 55 | total time: 5.25m | eta: 31.0m
step 00562/03814 (14.74%) | loss: 4.110747 | lrm: 1.00 | dt: 560.71ms | tok/sec: 95,879 | bf16_mfu: 0.00 | epoch: 1 pq: 0 rg: 55 | total time: 5.26m | eta: 31.0m
step 00563/03814 (14.76%) | loss: 4.115571 | lrm: 1.00 | dt: 566.80ms | tok/sec: 94,847 | bf16_mfu: 0.00 | epoch: 1 pq: 0 rg: 55 | total time: 5.27m | eta: 31.0m
step 00564/03814 (14.79%) | loss: 4.109052 | lrm: 1.00 | dt: 565.48ms | tok/sec: 95,070 | bf16_mfu: 0.00 | epoch: 1 pq: 0 rg: 55 | total time: 5.28m | eta: 30.9m
step 00565/03814 (14.81%) | loss: 4.114644 | lrm: 1.00 | dt: 663.37ms | tok/sec: 81,041 | bf16_mfu: 0.00 | epoch: 1 pq: 0 rg: 55 | total time: 5.29m | eta: 30.9m
step 00566/03814 (14.84%) | loss: 4.117868 | lrm: 1.00 | dt: 566.79ms | tok/sec: 94,849 | bf16_mfu: 0.00 | epoch: 1 pq: 0 rg: 55 | total time: 5.30m | eta: 30.9m
step 00567/03814 (14.87%) | loss: 4.134909 | lrm: 1.00 | dt: 611.71ms | tok/sec: 87,885 | bf16_mfu: 0.00 | epoch: 1 pq: 0 rg: 55 | total time: 5.31m | eta: 30.9m
step 00568/03814 (14.89%) | loss: 4.154972 | lrm: 1.00 | dt: 565.15ms | tok/sec: 95,125 | bf16_mfu: 0.00 | epoch: 1 pq: 0 rg: 55 | total time: 5.32m | eta: 30.9m
step 00569/03814 (14.92%) | loss: 4.151129 | lrm: 1.00 | dt: 708.97ms | tok/sec: 75,827 | bf16_mfu: 0.00 | epoch: 1 pq: 0 rg: 56 | total time: 5.33m | eta: 30.9m
step 00570/03814 (14.94%) | loss: 4.144077 | lrm: 1.00 | dt: 562.20ms | tok/sec: 95,624 | bf16_mfu: 0.00 | epoch: 1 pq: 0 rg: 56 | total time: 5.34m | eta: 30.9m
step 00571/03814 (14.97%) | loss: 4.141541 | lrm: 1.00 | dt: 568.47ms | tok/sec: 94,569 | bf16_mfu: 0.00 | epoch: 1 pq: 0 rg: 56 | total time: 5.35m | eta: 30.9m
step 00572/03814 (15.00%) | loss: 4.111762 | lrm: 1.00 | dt: 565.23ms | tok/sec: 95,112 | bf16_mfu: 0.00 | epoch: 1 pq: 0 rg: 56 | total time: 5.36m | eta: 30.9m
step 00573/03814 (15.02%) | loss: 4.108749 | lrm: 1.00 | dt: 560.51ms | tok/sec: 95,912 | bf16_mfu: 0.00 | epoch: 1 pq: 0 rg: 56 | total time: 5.36m | eta: 30.9m
step 00574/03814 (15.05%) | loss: 4.106007 | lrm: 1.00 | dt: 588.49ms | tok/sec: 91,353 | bf16_mfu: 0.00 | epoch: 1 pq: 0 rg: 56 | total time: 5.37m | eta: 30.9m
step 00575/03814 (15.08%) | loss: 4.130674 | lrm: 1.00 | dt: 557.29ms | tok/sec: 96,467 | bf16_mfu: 0.00 | epoch: 1 pq: 0 rg: 56 | total time: 5.38m | eta: 30.9m
step 00576/03814 (15.10%) | loss: 4.125648 | lrm: 1.00 | dt: 561.41ms | tok/sec: 95,758 | bf16_mfu: 0.00 | epoch: 1 pq: 0 rg: 56 | total time: 5.39m | eta: 30.9m
step 00577/03814 (15.13%) | loss: 4.124501 | lrm: 1.00 | dt: 560.61ms | tok/sec: 95,895 | bf16_mfu: 0.00 | epoch: 1 pq: 0 rg: 56 | total time: 5.40m | eta: 30.8m
step 00578/03814 (15.15%) | loss: 4.116544 | lrm: 1.00 | dt: 607.83ms | tok/sec: 88,445 | bf16_mfu: 0.00 | epoch: 1 pq: 0 rg: 56 | total time: 5.41m | eta: 30.8m
step 00579/03814 (15.18%) | loss: 4.131476 | lrm: 1.00 | dt: 558.96ms | tok/sec: 96,178 | bf16_mfu: 0.00 | epoch: 1 pq: 0 rg: 56 | total time: 5.42m | eta: 30.8m
step 00580/03814 (15.21%) | loss: 4.111057 | lrm: 1.00 | dt: 593.19ms | tok/sec: 90,629 | bf16_mfu: 0.00 | epoch: 1 pq: 0 rg: 57 | total time: 5.43m | eta: 30.8m
step 00581/03814 (15.23%) | loss: 4.092634 | lrm: 1.00 | dt: 560.18ms | tok/sec: 95,968 | bf16_mfu: 0.00 | epoch: 1 pq: 0 rg: 57 | total time: 5.44m | eta: 30.8m
step 00582/03814 (15.26%) | loss: 4.080696 | lrm: 1.00 | dt: 560.49ms | tok/sec: 95,916 | bf16_mfu: 0.00 | epoch: 1 pq: 0 rg: 57 | total time: 5.45m | eta: 30.8m
step 00583/03814 (15.29%) | loss: 4.104247 | lrm: 1.00 | dt: 554.72ms | tok/sec: 96,913 | bf16_mfu: 0.00 | epoch: 1 pq: 0 rg: 57 | total time: 5.46m | eta: 30.8m
step 00584/03814 (15.31%) | loss: 4.103099 | lrm: 1.00 | dt: 571.72ms | tok/sec: 94,031 | bf16_mfu: 0.00 | epoch: 1 pq: 0 rg: 57 | total time: 5.47m | eta: 30.8m
step 00585/03814 (15.34%) | loss: 4.113953 | lrm: 1.00 | dt: 558.28ms | tok/sec: 96,295 | bf16_mfu: 0.00 | epoch: 1 pq: 0 rg: 57 | total time: 5.48m | eta: 30.8m
step 00586/03814 (15.36%) | loss: 4.109471 | lrm: 1.00 | dt: 558.20ms | tok/sec: 96,309 | bf16_mfu: 0.00 | epoch: 1 pq: 0 rg: 57 | total time: 5.49m | eta: 30.8m
step 00587/03814 (15.39%) | loss: 4.118944 | lrm: 1.00 | dt: 554.99ms | tok/sec: 96,866 | bf16_mfu: 0.00 | epoch: 1 pq: 0 rg: 57 | total time: 5.50m | eta: 30.7m
step 00588/03814 (15.42%) | loss: 4.118365 | lrm: 1.00 | dt: 555.89ms | tok/sec: 96,709 | bf16_mfu: 0.00 | epoch: 1 pq: 0 rg: 57 | total time: 5.51m | eta: 30.7m
step 00589/03814 (15.44%) | loss: 4.116759 | lrm: 1.00 | dt: 572.24ms | tok/sec: 93,946 | bf16_mfu: 0.00 | epoch: 1 pq: 0 rg: 57 | total time: 5.52m | eta: 30.7m
step 00590/03814 (15.47%) | loss: 4.115056 | lrm: 1.00 | dt: 556.55ms | tok/sec: 96,594 | bf16_mfu: 0.00 | epoch: 1 pq: 0 rg: 57 | total time: 5.53m | eta: 30.7m
step 00591/03814 (15.50%) | loss: 4.113233 | lrm: 1.00 | dt: 654.90ms | tok/sec: 82,088 | bf16_mfu: 0.00 | epoch: 1 pq: 0 rg: 58 | total time: 5.54m | eta: 30.7m
step 00592/03814 (15.52%) | loss: 4.105413 | lrm: 1.00 | dt: 557.14ms | tok/sec: 96,492 | bf16_mfu: 0.00 | epoch: 1 pq: 0 rg: 58 | total time: 5.55m | eta: 30.7m
step 00593/03814 (15.55%) | loss: 4.097784 | lrm: 1.00 | dt: 557.22ms | tok/sec: 96,478 | bf16_mfu: 0.00 | epoch: 1 pq: 0 rg: 58 | total time: 5.55m | eta: 30.7m
step 00594/03814 (15.57%) | loss: 4.091486 | lrm: 1.00 | dt: 556.30ms | tok/sec: 96,637 | bf16_mfu: 0.00 | epoch: 1 pq: 0 rg: 58 | total time: 5.56m | eta: 30.7m
step 00595/03814 (15.60%) | loss: 4.110415 | lrm: 1.00 | dt: 560.33ms | tok/sec: 95,942 | bf16_mfu: 0.00 | epoch: 1 pq: 0 rg: 58 | total time: 5.57m | eta: 30.7m
step 00596/03814 (15.63%) | loss: 4.115224 | lrm: 1.00 | dt: 556.31ms | tok/sec: 96,637 | bf16_mfu: 0.00 | epoch: 1 pq: 0 rg: 58 | total time: 5.58m | eta: 30.7m
step 00597/03814 (15.65%) | loss: 4.102377 | lrm: 1.00 | dt: 556.97ms | tok/sec: 96,521 | bf16_mfu: 0.00 | epoch: 1 pq: 0 rg: 58 | total time: 5.59m | eta: 30.6m
step 00598/03814 (15.68%) | loss: 4.121489 | lrm: 1.00 | dt: 558.77ms | tok/sec: 96,210 | bf16_mfu: 0.00 | epoch: 1 pq: 0 rg: 58 | total time: 5.60m | eta: 30.6m
step 00599/03814 (15.71%) | loss: 4.120604 | lrm: 1.00 | dt: 555.01ms | tok/sec: 96,863 | bf16_mfu: 0.00 | epoch: 1 pq: 0 rg: 58 | total time: 5.61m | eta: 30.6m
step 00600/03814 (15.73%) | loss: 4.111957 | lrm: 1.00 | dt: 556.96ms | tok/sec: 96,523 | bf16_mfu: 0.00 | epoch: 1 pq: 0 rg: 58 | total time: 5.62m | eta: 30.6m
step 00601/03814 (15.76%) | loss: 4.093644 | lrm: 1.00 | dt: 657.72ms | tok/sec: 81,736 | bf16_mfu: 0.00 | epoch: 1 pq: 0 rg: 59 | total time: 5.63m | eta: 30.6m
step 00602/03814 (15.78%) | loss: 4.093494 | lrm: 1.00 | dt: 558.10ms | tok/sec: 96,326 | bf16_mfu: 0.00 | epoch: 1 pq: 0 rg: 59 | total time: 5.64m | eta: 30.6m
step 00603/03814 (15.81%) | loss: 4.100475 | lrm: 1.00 | dt: 615.72ms | tok/sec: 87,312 | bf16_mfu: 0.00 | epoch: 1 pq: 0 rg: 59 | total time: 5.65m | eta: 30.6m
step 00604/03814 (15.84%) | loss: 4.100210 | lrm: 1.00 | dt: 738.65ms | tok/sec: 72,781 | bf16_mfu: 0.00 | epoch: 1 pq: 0 rg: 59 | total time: 5.66m | eta: 30.6m
step 00605/03814 (15.86%) | loss: 4.097832 | lrm: 1.00 | dt: 720.26ms | tok/sec: 74,639 | bf16_mfu: 0.00 | epoch: 1 pq: 0 rg: 59 | total time: 5.67m | eta: 30.6m
step 00606/03814 (15.89%) | loss: 4.082804 | lrm: 1.00 | dt: 557.37ms | tok/sec: 96,453 | bf16_mfu: 0.00 | epoch: 1 pq: 0 rg: 59 | total time: 5.68m | eta: 30.6m
step 00607/03814 (15.92%) | loss: 4.091234 | lrm: 1.00 | dt: 558.13ms | tok/sec: 96,321 | bf16_mfu: 0.00 | epoch: 1 pq: 0 rg: 59 | total time: 5.69m | eta: 30.6m
step 00608/03814 (15.94%) | loss: 4.114869 | lrm: 1.00 | dt: 556.58ms | tok/sec: 96,589 | bf16_mfu: 0.00 | epoch: 1 pq: 0 rg: 59 | total time: 5.70m | eta: 30.6m
step 00609/03814 (15.97%) | loss: 4.121475 | lrm: 1.00 | dt: 556.15ms | tok/sec: 96,664 | bf16_mfu: 0.00 | epoch: 1 pq: 0 rg: 59 | total time: 5.71m | eta: 30.6m
step 00610/03814 (15.99%) | loss: 4.115758 | lrm: 1.00 | dt: 560.61ms | tok/sec: 95,895 | bf16_mfu: 0.00 | epoch: 1 pq: 0 rg: 59 | total time: 5.72m | eta: 30.6m
step 00611/03814 (16.02%) | loss: 4.105019 | lrm: 1.00 | dt: 557.34ms | tok/sec: 96,457 | bf16_mfu: 0.00 | epoch: 1 pq: 0 rg: 59 | total time: 5.73m | eta: 30.5m
step 00612/03814 (16.05%) | loss: 4.100102 | lrm: 1.00 | dt: 865.08ms | tok/sec: 62,144 | bf16_mfu: 0.00 | epoch: 1 pq: 0 rg: 60 | total time: 5.74m | eta: 30.6m
step 00613/03814 (16.07%) | loss: 4.129547 | lrm: 1.00 | dt: 552.15ms | tok/sec: 97,364 | bf16_mfu: 0.00 | epoch: 1 pq: 0 rg: 60 | total time: 5.75m | eta: 30.5m
step 00614/03814 (16.10%) | loss: 4.128063 | lrm: 1.00 | dt: 639.79ms | tok/sec: 84,028 | bf16_mfu: 0.00 | epoch: 1 pq: 0 rg: 60 | total time: 5.76m | eta: 30.5m
step 00615/03814 (16.12%) | loss: 4.115988 | lrm: 1.00 | dt: 554.20ms | tok/sec: 97,004 | bf16_mfu: 0.00 | epoch: 1 pq: 0 rg: 60 | total time: 5.77m | eta: 30.5m
step 00616/03814 (16.15%) | loss: 4.126199 | lrm: 1.00 | dt: 561.49ms | tok/sec: 95,744 | bf16_mfu: 0.00 | epoch: 1 pq: 0 rg: 60 | total time: 5.78m | eta: 30.5m
step 00617/03814 (16.18%) | loss: 4.141465 | lrm: 1.00 | dt: 877.10ms | tok/sec: 61,293 | bf16_mfu: 0.00 | epoch: 1 pq: 0 rg: 60 | total time: 5.80m | eta: 30.5m
step 00618/03814 (16.20%) | loss: 4.135087 | lrm: 1.00 | dt: 584.37ms | tok/sec: 91,996 | bf16_mfu: 0.00 | epoch: 1 pq: 0 rg: 60 | total time: 5.81m | eta: 30.5m
step 00619/03814 (16.23%) | loss: 4.132029 | lrm: 1.00 | dt: 556.22ms | tok/sec: 96,651 | bf16_mfu: 0.00 | epoch: 1 pq: 0 rg: 60 | total time: 5.82m | eta: 30.5m
step 00620/03814 (16.26%) | loss: 4.114295 | lrm: 1.00 | dt: 557.38ms | tok/sec: 96,451 | bf16_mfu: 0.00 | epoch: 1 pq: 0 rg: 60 | total time: 5.83m | eta: 30.5m
step 00621/03814 (16.28%) | loss: 4.132359 | lrm: 1.00 | dt: 556.30ms | tok/sec: 96,637 | bf16_mfu: 0.00 | epoch: 1 pq: 0 rg: 60 | total time: 5.84m | eta: 30.5m
step 00622/03814 (16.31%) | loss: 4.134583 | lrm: 1.00 | dt: 562.00ms | tok/sec: 95,659 | bf16_mfu: 0.00 | epoch: 1 pq: 0 rg: 61 | total time: 5.84m | eta: 30.5m
step 00623/03814 (16.33%) | loss: 4.132563 | lrm: 1.00 | dt: 557.73ms | tok/sec: 96,390 | bf16_mfu: 0.00 | epoch: 1 pq: 0 rg: 61 | total time: 5.85m | eta: 30.5m
step 00624/03814 (16.36%) | loss: 4.129723 | lrm: 1.00 | dt: 554.02ms | tok/sec: 97,035 | bf16_mfu: 0.00 | epoch: 1 pq: 0 rg: 61 | total time: 5.86m | eta: 30.5m
step 00625/03814 (16.39%) | loss: 4.133874 | lrm: 1.00 | dt: 560.74ms | tok/sec: 95,872 | bf16_mfu: 0.00 | epoch: 1 pq: 0 rg: 61 | total time: 5.87m | eta: 30.5m
step 00626/03814 (16.41%) | loss: 4.130003 | lrm: 1.00 | dt: 556.79ms | tok/sec: 96,554 | bf16_mfu: 0.00 | epoch: 1 pq: 0 rg: 61 | total time: 5.88m | eta: 30.4m
step 00627/03814 (16.44%) | loss: 4.133181 | lrm: 1.00 | dt: 558.24ms | tok/sec: 96,302 | bf16_mfu: 0.00 | epoch: 1 pq: 0 rg: 61 | total time: 5.89m | eta: 30.4m
step 00628/03814 (16.47%) | loss: 4.125830 | lrm: 1.00 | dt: 556.49ms | tok/sec: 96,604 | bf16_mfu: 0.00 | epoch: 1 pq: 0 rg: 61 | total time: 5.90m | eta: 30.4m
step 00629/03814 (16.49%) | loss: 4.126798 | lrm: 1.00 | dt: 559.12ms | tok/sec: 96,151 | bf16_mfu: 0.00 | epoch: 1 pq: 0 rg: 61 | total time: 5.91m | eta: 30.4m
step 00630/03814 (16.52%) | loss: 4.145400 | lrm: 1.00 | dt: 559.81ms | tok/sec: 96,032 | bf16_mfu: 0.00 | epoch: 1 pq: 0 rg: 61 | total time: 5.92m | eta: 30.4m
step 00631/03814 (16.54%) | loss: 4.153540 | lrm: 1.00 | dt: 556.60ms | tok/sec: 96,585 | bf16_mfu: 0.00 | epoch: 1 pq: 0 rg: 61 | total time: 5.93m | eta: 30.4m
step 00632/03814 (16.57%) | loss: 4.142398 | lrm: 1.00 | dt: 564.48ms | tok/sec: 95,238 | bf16_mfu: 0.00 | epoch: 1 pq: 0 rg: 61 | total time: 5.94m | eta: 30.4m
step 00633/03814 (16.60%) | loss: 4.126522 | lrm: 1.00 | dt: 631.84ms | tok/sec: 85,084 | bf16_mfu: 0.00 | epoch: 1 pq: 0 rg: 62 | total time: 5.95m | eta: 30.4m
step 00634/03814 (16.62%) | loss: 4.127595 | lrm: 1.00 | dt: 584.07ms | tok/sec: 92,043 | bf16_mfu: 0.00 | epoch: 1 pq: 0 rg: 62 | total time: 5.96m | eta: 30.4m
step 00635/03814 (16.65%) | loss: 4.127197 | lrm: 1.00 | dt: 562.26ms | tok/sec: 95,614 | bf16_mfu: 0.00 | epoch: 1 pq: 0 rg: 62 | total time: 5.97m | eta: 30.4m
step 00636/03814 (16.68%) | loss: 4.124692 | lrm: 1.00 | dt: 559.79ms | tok/sec: 96,035 | bf16_mfu: 0.00 | epoch: 1 pq: 0 rg: 62 | total time: 5.98m | eta: 30.3m
step 00637/03814 (16.70%) | loss: 4.120506 | lrm: 1.00 | dt: 562.96ms | tok/sec: 95,494 | bf16_mfu: 0.00 | epoch: 1 pq: 0 rg: 62 | total time: 5.99m | eta: 30.3m
step 00638/03814 (16.73%) | loss: 4.140593 | lrm: 1.00 | dt: 562.11ms | tok/sec: 95,640 | bf16_mfu: 0.00 | epoch: 1 pq: 0 rg: 62 | total time: 6.00m | eta: 30.3m
step 00639/03814 (16.75%) | loss: 4.122648 | lrm: 1.00 | dt: 565.44ms | tok/sec: 95,076 | bf16_mfu: 0.00 | epoch: 1 pq: 0 rg: 62 | total time: 6.00m | eta: 30.3m
step 00640/03814 (16.78%) | loss: 4.105364 | lrm: 1.00 | dt: 562.32ms | tok/sec: 95,604 | bf16_mfu: 0.00 | epoch: 1 pq: 0 rg: 62 | total time: 6.01m | eta: 30.3m
step 00641/03814 (16.81%) | loss: 4.104216 | lrm: 1.00 | dt: 564.61ms | tok/sec: 95,215 | bf16_mfu: 0.00 | epoch: 1 pq: 0 rg: 62 | total time: 6.02m | eta: 30.3m
step 00642/03814 (16.83%) | loss: 4.095132 | lrm: 1.00 | dt: 563.24ms | tok/sec: 95,448 | bf16_mfu: 0.00 | epoch: 1 pq: 0 rg: 62 | total time: 6.03m | eta: 30.3m
step 00643/03814 (16.86%) | loss: 4.084044 | lrm: 1.00 | dt: 634.24ms | tok/sec: 84,762 | bf16_mfu: 0.00 | epoch: 1 pq: 0 rg: 63 | total time: 6.04m | eta: 30.3m
step 00644/03814 (16.89%) | loss: 4.092945 | lrm: 1.00 | dt: 571.00ms | tok/sec: 94,150 | bf16_mfu: 0.00 | epoch: 1 pq: 0 rg: 63 | total time: 6.05m | eta: 30.3m
step 00645/03814 (16.91%) | loss: 4.093302 | lrm: 1.00 | dt: 567.31ms | tok/sec: 94,763 | bf16_mfu: 0.00 | epoch: 1 pq: 0 rg: 63 | total time: 6.06m | eta: 30.3m
step 00646/03814 (16.94%) | loss: 4.086423 | lrm: 1.00 | dt: 565.08ms | tok/sec: 95,136 | bf16_mfu: 0.00 | epoch: 1 pq: 0 rg: 63 | total time: 6.07m | eta: 30.2m
step 00647/03814 (16.96%) | loss: 4.079818 | lrm: 1.00 | dt: 564.69ms | tok/sec: 95,202 | bf16_mfu: 0.00 | epoch: 1 pq: 0 rg: 63 | total time: 6.08m | eta: 30.2m
step 00648/03814 (16.99%) | loss: 4.068033 | lrm: 1.00 | dt: 566.22ms | tok/sec: 94,944 | bf16_mfu: 0.00 | epoch: 1 pq: 0 rg: 63 | total time: 6.09m | eta: 30.2m
step 00649/03814 (17.02%) | loss: 4.070619 | lrm: 1.00 | dt: 565.73ms | tok/sec: 95,027 | bf16_mfu: 0.00 | epoch: 1 pq: 0 rg: 63 | total time: 6.10m | eta: 30.2m
step 00650/03814 (17.04%) | loss: 4.083400 | lrm: 1.00 | dt: 566.14ms | tok/sec: 94,958 | bf16_mfu: 0.00 | epoch: 1 pq: 0 rg: 63 | total time: 6.11m | eta: 30.2m
step 00651/03814 (17.07%) | loss: 4.082708 | lrm: 1.00 | dt: 566.16ms | tok/sec: 94,954 | bf16_mfu: 0.00 | epoch: 1 pq: 0 rg: 63 | total time: 6.12m | eta: 30.2m
step 00652/03814 (17.09%) | loss: 4.053457 | lrm: 1.00 | dt: 565.73ms | tok/sec: 95,027 | bf16_mfu: 0.00 | epoch: 1 pq: 0 rg: 63 | total time: 6.13m | eta: 30.2m
step 00653/03814 (17.12%) | loss: 4.052780 | lrm: 1.00 | dt: 565.51ms | tok/sec: 95,065 | bf16_mfu: 0.00 | epoch: 1 pq: 0 rg: 63 | total time: 6.14m | eta: 30.2m
step 00654/03814 (17.15%) | loss: 4.053045 | lrm: 1.00 | dt: 781.81ms | tok/sec: 68,763 | bf16_mfu: 0.00 | epoch: 1 pq: 0 rg: 64 | total time: 6.15m | eta: 30.2m
step 00655/03814 (17.17%) | loss: 4.060892 | lrm: 1.00 | dt: 561.87ms | tok/sec: 95,681 | bf16_mfu: 0.00 | epoch: 1 pq: 0 rg: 64 | total time: 6.16m | eta: 30.2m
step 00656/03814 (17.20%) | loss: 4.056894 | lrm: 1.00 | dt: 566.11ms | tok/sec: 94,963 | bf16_mfu: 0.00 | epoch: 1 pq: 0 rg: 64 | total time: 6.17m | eta: 30.2m
step 00657/03814 (17.23%) | loss: 4.048807 | lrm: 1.00 | dt: 560.57ms | tok/sec: 95,902 | bf16_mfu: 0.00 | epoch: 1 pq: 0 rg: 64 | total time: 6.18m | eta: 30.2m
step 00658/03814 (17.25%) | loss: 4.057289 | lrm: 1.00 | dt: 564.63ms | tok/sec: 95,212 | bf16_mfu: 0.00 | epoch: 1 pq: 0 rg: 64 | total time: 6.19m | eta: 30.1m
step 00659/03814 (17.28%) | loss: 4.054876 | lrm: 1.00 | dt: 568.07ms | tok/sec: 94,635 | bf16_mfu: 0.00 | epoch: 1 pq: 0 rg: 64 | total time: 6.20m | eta: 30.1m
step 00660/03814 (17.30%) | loss: 4.052910 | lrm: 1.00 | dt: 595.35ms | tok/sec: 90,300 | bf16_mfu: 0.00 | epoch: 1 pq: 0 rg: 64 | total time: 6.21m | eta: 30.1m
step 00661/03814 (17.33%) | loss: 4.053005 | lrm: 1.00 | dt: 564.19ms | tok/sec: 95,287 | bf16_mfu: 0.00 | epoch: 1 pq: 0 rg: 64 | total time: 6.22m | eta: 30.1m
step 00662/03814 (17.36%) | loss: 4.054421 | lrm: 1.00 | dt: 607.39ms | tok/sec: 88,509 | bf16_mfu: 0.00 | epoch: 1 pq: 0 rg: 64 | total time: 6.23m | eta: 30.1m
step 00663/03814 (17.38%) | loss: 4.059272 | lrm: 1.00 | dt: 562.92ms | tok/sec: 95,502 | bf16_mfu: 0.00 | epoch: 1 pq: 0 rg: 64 | total time: 6.24m | eta: 30.1m
step 00664/03814 (17.41%) | loss: 4.036371 | lrm: 1.00 | dt: 631.28ms | tok/sec: 85,160 | bf16_mfu: 0.00 | epoch: 1 pq: 0 rg: 65 | total time: 6.25m | eta: 30.1m
step 00665/03814 (17.44%) | loss: 4.024139 | lrm: 1.00 | dt: 563.52ms | tok/sec: 95,400 | bf16_mfu: 0.00 | epoch: 1 pq: 0 rg: 65 | total time: 6.26m | eta: 30.1m
step 00666/03814 (17.46%) | loss: 4.051792 | lrm: 1.00 | dt: 566.07ms | tok/sec: 94,970 | bf16_mfu: 0.00 | epoch: 1 pq: 0 rg: 65 | total time: 6.27m | eta: 30.1m
step 00667/03814 (17.49%) | loss: 4.049413 | lrm: 1.00 | dt: 575.86ms | tok/sec: 93,355 | bf16_mfu: 0.00 | epoch: 1 pq: 0 rg: 65 | total time: 6.28m | eta: 30.1m
step 00668/03814 (17.51%) | loss: 4.046679 | lrm: 1.00 | dt: 560.87ms | tok/sec: 95,851 | bf16_mfu: 0.00 | epoch: 1 pq: 0 rg: 65 | total time: 6.29m | eta: 30.1m
step 00669/03814 (17.54%) | loss: 4.039286 | lrm: 1.00 | dt: 562.85ms | tok/sec: 95,514 | bf16_mfu: 0.00 | epoch: 1 pq: 0 rg: 65 | total time: 6.29m | eta: 30.0m
step 00670/03814 (17.57%) | loss: 4.025208 | lrm: 1.00 | dt: 564.28ms | tok/sec: 95,271 | bf16_mfu: 0.00 | epoch: 1 pq: 0 rg: 65 | total time: 6.30m | eta: 30.0m
step 00671/03814 (17.59%) | loss: 4.040075 | lrm: 1.00 | dt: 566.53ms | tok/sec: 94,892 | bf16_mfu: 0.00 | epoch: 1 pq: 0 rg: 65 | total time: 6.31m | eta: 30.0m
step 00672/03814 (17.62%) | loss: 4.027309 | lrm: 1.00 | dt: 582.03ms | tok/sec: 92,366 | bf16_mfu: 0.00 | epoch: 1 pq: 0 rg: 65 | total time: 6.32m | eta: 30.0m
step 00673/03814 (17.65%) | loss: 4.033256 | lrm: 1.00 | dt: 571.18ms | tok/sec: 94,120 | bf16_mfu: 0.00 | epoch: 1 pq: 0 rg: 65 | total time: 6.33m | eta: 30.0m
step 00674/03814 (17.67%) | loss: 4.051481 | lrm: 1.00 | dt: 579.93ms | tok/sec: 92,700 | bf16_mfu: 0.00 | epoch: 1 pq: 0 rg: 65 | total time: 6.34m | eta: 30.0m
step 00675/03814 (17.70%) | loss: 4.064876 | lrm: 1.00 | dt: 571.01ms | tok/sec: 94,148 | bf16_mfu: 0.00 | epoch: 1 pq: 0 rg: 66 | total time: 6.35m | eta: 30.0m
step 00676/03814 (17.72%) | loss: 4.053254 | lrm: 1.00 | dt: 569.17ms | tok/sec: 94,453 | bf16_mfu: 0.00 | epoch: 1 pq: 0 rg: 66 | total time: 6.36m | eta: 30.0m
step 00677/03814 (17.75%) | loss: 4.048579 | lrm: 1.00 | dt: 565.95ms | tok/sec: 94,990 | bf16_mfu: 0.00 | epoch: 1 pq: 0 rg: 66 | total time: 6.37m | eta: 30.0m
step 00678/03814 (17.78%) | loss: 4.052699 | lrm: 1.00 | dt: 567.76ms | tok/sec: 94,688 | bf16_mfu: 0.00 | epoch: 1 pq: 0 rg: 66 | total time: 6.38m | eta: 30.0m
step 00679/03814 (17.80%) | loss: 4.075089 | lrm: 1.00 | dt: 565.90ms | tok/sec: 94,999 | bf16_mfu: 0.00 | epoch: 1 pq: 0 rg: 66 | total time: 6.39m | eta: 29.9m
step 00680/03814 (17.83%) | loss: 4.068257 | lrm: 1.00 | dt: 565.57ms | tok/sec: 95,054 | bf16_mfu: 0.00 | epoch: 1 pq: 0 rg: 66 | total time: 6.40m | eta: 29.9m
step 00681/03814 (17.86%) | loss: 4.060186 | lrm: 1.00 | dt: 571.44ms | tok/sec: 94,077 | bf16_mfu: 0.00 | epoch: 1 pq: 0 rg: 66 | total time: 6.41m | eta: 29.9m
step 00682/03814 (17.88%) | loss: 4.042712 | lrm: 1.00 | dt: 561.71ms | tok/sec: 95,707 | bf16_mfu: 0.00 | epoch: 1 pq: 0 rg: 66 | total time: 6.42m | eta: 29.9m
step 00683/03814 (17.91%) | loss: 4.058770 | lrm: 1.00 | dt: 564.94ms | tok/sec: 95,161 | bf16_mfu: 0.00 | epoch: 1 pq: 0 rg: 66 | total time: 6.43m | eta: 29.9m
step 00684/03814 (17.93%) | loss: 4.032210 | lrm: 1.00 | dt: 565.96ms | tok/sec: 94,988 | bf16_mfu: 0.00 | epoch: 1 pq: 0 rg: 66 | total time: 6.44m | eta: 29.9m
step 00685/03814 (17.96%) | loss: 4.024053 | lrm: 1.00 | dt: 564.80ms | tok/sec: 95,184 | bf16_mfu: 0.00 | epoch: 1 pq: 0 rg: 66 | total time: 6.45m | eta: 29.9m
step 00686/03814 (17.99%) | loss: 4.037629 | lrm: 1.00 | dt: 725.08ms | tok/sec: 74,143 | bf16_mfu: 0.00 | epoch: 1 pq: 0 rg: 67 | total time: 6.46m | eta: 29.9m
step 00687/03814 (18.01%) | loss: 4.042154 | lrm: 1.00 | dt: 562.33ms | tok/sec: 95,602 | bf16_mfu: 0.00 | epoch: 1 pq: 0 rg: 67 | total time: 6.47m | eta: 29.9m
step 00688/03814 (18.04%) | loss: 4.061479 | lrm: 1.00 | dt: 558.61ms | tok/sec: 96,238 | bf16_mfu: 0.00 | epoch: 1 pq: 0 rg: 67 | total time: 6.48m | eta: 29.9m
step 00689/03814 (18.07%) | loss: 4.043508 | lrm: 1.00 | dt: 562.93ms | tok/sec: 95,500 | bf16_mfu: 0.00 | epoch: 1 pq: 0 rg: 67 | total time: 6.49m | eta: 29.9m
step 00690/03814 (18.09%) | loss: 4.039763 | lrm: 1.00 | dt: 563.38ms | tok/sec: 95,424 | bf16_mfu: 0.00 | epoch: 1 pq: 0 rg: 67 | total time: 6.50m | eta: 29.8m
step 00691/03814 (18.12%) | loss: 4.050445 | lrm: 1.00 | dt: 558.34ms | tok/sec: 96,284 | bf16_mfu: 0.00 | epoch: 1 pq: 0 rg: 67 | total time: 6.51m | eta: 29.8m
step 00692/03814 (18.14%) | loss: 4.035612 | lrm: 1.00 | dt: 592.98ms | tok/sec: 90,660 | bf16_mfu: 0.00 | epoch: 1 pq: 0 rg: 67 | total time: 6.52m | eta: 29.8m
step 00693/03814 (18.17%) | loss: 4.045476 | lrm: 1.00 | dt: 558.29ms | tok/sec: 96,294 | bf16_mfu: 0.00 | epoch: 1 pq: 0 rg: 67 | total time: 6.52m | eta: 29.8m
step 00694/03814 (18.20%) | loss: 4.063821 | lrm: 1.00 | dt: 563.76ms | tok/sec: 95,359 | bf16_mfu: 0.00 | epoch: 1 pq: 0 rg: 67 | total time: 6.53m | eta: 29.8m
step 00695/03814 (18.22%) | loss: 4.067948 | lrm: 1.00 | dt: 594.58ms | tok/sec: 90,416 | bf16_mfu: 0.00 | epoch: 1 pq: 0 rg: 67 | total time: 6.54m | eta: 29.8m
step 00696/03814 (18.25%) | loss: 4.065647 | lrm: 1.00 | dt: 559.57ms | tok/sec: 96,074 | bf16_mfu: 0.00 | epoch: 1 pq: 0 rg: 68 | total time: 6.55m | eta: 29.8m
step 00697/03814 (18.27%) | loss: 4.059672 | lrm: 1.00 | dt: 562.31ms | tok/sec: 95,604 | bf16_mfu: 0.00 | epoch: 1 pq: 0 rg: 68 | total time: 6.56m | eta: 29.8m
step 00698/03814 (18.30%) | loss: 4.053631 | lrm: 1.00 | dt: 560.77ms | tok/sec: 95,867 | bf16_mfu: 0.00 | epoch: 1 pq: 0 rg: 68 | total time: 6.57m | eta: 29.8m
step 00699/03814 (18.33%) | loss: 4.034680 | lrm: 1.00 | dt: 559.38ms | tok/sec: 96,105 | bf16_mfu: 0.00 | epoch: 1 pq: 0 rg: 68 | total time: 6.58m | eta: 29.8m
step 00700/03814 (18.35%) | loss: 4.022433 | lrm: 1.00 | dt: 562.45ms | tok/sec: 95,581 | bf16_mfu: 0.00 | epoch: 1 pq: 0 rg: 68 | total time: 6.59m | eta: 29.7m
step 00701/03814 (18.38%) | loss: 4.021611 | lrm: 1.00 | dt: 559.13ms | tok/sec: 96,149 | bf16_mfu: 0.00 | epoch: 1 pq: 0 rg: 68 | total time: 6.60m | eta: 29.7m
step 00702/03814 (18.41%) | loss: 4.030269 | lrm: 1.00 | dt: 560.50ms | tok/sec: 95,913 | bf16_mfu: 0.00 | epoch: 1 pq: 0 rg: 68 | total time: 6.61m | eta: 29.7m
step 00703/03814 (18.43%) | loss: 4.017132 | lrm: 1.00 | dt: 608.28ms | tok/sec: 88,380 | bf16_mfu: 0.00 | epoch: 1 pq: 0 rg: 68 | total time: 6.62m | eta: 29.7m
step 00704/03814 (18.46%) | loss: 4.001204 | lrm: 1.00 | dt: 561.96ms | tok/sec: 95,664 | bf16_mfu: 0.00 | epoch: 1 pq: 0 rg: 68 | total time: 6.63m | eta: 29.7m
step 00705/03814 (18.48%) | loss: 4.013779 | lrm: 1.00 | dt: 565.86ms | tok/sec: 95,006 | bf16_mfu: 0.00 | epoch: 1 pq: 0 rg: 68 | total time: 6.64m | eta: 29.7m
step 00706/03814 (18.51%) | loss: 4.015067 | lrm: 1.00 | dt: 557.10ms | tok/sec: 96,499 | bf16_mfu: 0.00 | epoch: 1 pq: 0 rg: 68 | total time: 6.65m | eta: 29.7m
step 00707/03814 (18.54%) | loss: 4.020551 | lrm: 1.00 | dt: 573.52ms | tok/sec: 93,737 | bf16_mfu: 0.00 | epoch: 1 pq: 0 rg: 69 | total time: 6.66m | eta: 29.7m
step 00708/03814 (18.56%) | loss: 4.025296 | lrm: 1.00 | dt: 558.65ms | tok/sec: 96,231 | bf16_mfu: 0.00 | epoch: 1 pq: 0 rg: 69 | total time: 6.67m | eta: 29.7m
step 00709/03814 (18.59%) | loss: 4.023621 | lrm: 1.00 | dt: 559.55ms | tok/sec: 96,077 | bf16_mfu: 0.00 | epoch: 1 pq: 0 rg: 69 | total time: 6.68m | eta: 29.7m
step 00710/03814 (18.62%) | loss: 4.036783 | lrm: 1.00 | dt: 557.38ms | tok/sec: 96,450 | bf16_mfu: 0.00 | epoch: 1 pq: 0 rg: 69 | total time: 6.68m | eta: 29.6m
step 00711/03814 (18.64%) | loss: 4.019501 | lrm: 1.00 | dt: 574.67ms | tok/sec: 93,548 | bf16_mfu: 0.00 | epoch: 1 pq: 0 rg: 69 | total time: 6.69m | eta: 29.6m
step 00712/03814 (18.67%) | loss: 4.003023 | lrm: 1.00 | dt: 557.57ms | tok/sec: 96,418 | bf16_mfu: 0.00 | epoch: 1 pq: 0 rg: 69 | total time: 6.70m | eta: 29.6m
step 00713/03814 (18.69%) | loss: 4.001471 | lrm: 1.00 | dt: 562.74ms | tok/sec: 95,533 | bf16_mfu: 0.00 | epoch: 1 pq: 0 rg: 69 | total time: 6.71m | eta: 29.6m
step 00714/03814 (18.72%) | loss: 4.012131 | lrm: 1.00 | dt: 559.43ms | tok/sec: 96,097 | bf16_mfu: 0.00 | epoch: 1 pq: 0 rg: 69 | total time: 6.72m | eta: 29.6m
step 00715/03814 (18.75%) | loss: 4.002747 | lrm: 1.00 | dt: 558.08ms | tok/sec: 96,329 | bf16_mfu: 0.00 | epoch: 1 pq: 0 rg: 69 | total time: 6.73m | eta: 29.6m
step 00716/03814 (18.77%) | loss: 4.001763 | lrm: 1.00 | dt: 590.14ms | tok/sec: 91,097 | bf16_mfu: 0.00 | epoch: 1 pq: 0 rg: 69 | total time: 6.74m | eta: 29.6m
step 00717/03814 (18.80%) | loss: 4.014040 | lrm: 1.00 | dt: 561.40ms | tok/sec: 95,760 | bf16_mfu: 0.00 | epoch: 1 pq: 0 rg: 69 | total time: 6.75m | eta: 29.6m
step 00718/03814 (18.83%) | loss: 4.039697 | lrm: 1.00 | dt: 595.81ms | tok/sec: 90,230 | bf16_mfu: 0.00 | epoch: 1 pq: 0 rg: 70 | total time: 6.76m | eta: 29.6m
step 00719/03814 (18.85%) | loss: 4.030678 | lrm: 1.00 | dt: 559.27ms | tok/sec: 96,125 | bf16_mfu: 0.00 | epoch: 1 pq: 0 rg: 70 | total time: 6.77m | eta: 29.6m
step 00720/03814 (18.88%) | loss: 4.046009 | lrm: 1.00 | dt: 556.42ms | tok/sec: 96,618 | bf16_mfu: 0.00 | epoch: 1 pq: 0 rg: 70 | total time: 6.78m | eta: 29.5m
step 00721/03814 (18.90%) | loss: 4.059216 | lrm: 1.00 | dt: 557.79ms | tok/sec: 96,380 | bf16_mfu: 0.00 | epoch: 1 pq: 0 rg: 70 | total time: 6.79m | eta: 29.5m
step 00722/03814 (18.93%) | loss: 4.069963 | lrm: 1.00 | dt: 556.34ms | tok/sec: 96,631 | bf16_mfu: 0.00 | epoch: 1 pq: 0 rg: 70 | total time: 6.80m | eta: 29.5m
step 00723/03814 (18.96%) | loss: 4.076862 | lrm: 1.00 | dt: 576.74ms | tok/sec: 93,213 | bf16_mfu: 0.00 | epoch: 1 pq: 0 rg: 70 | total time: 6.81m | eta: 29.5m
step 00724/03814 (18.98%) | loss: 4.076754 | lrm: 1.00 | dt: 553.16ms | tok/sec: 97,187 | bf16_mfu: 0.00 | epoch: 1 pq: 0 rg: 70 | total time: 6.82m | eta: 29.5m
step 00725/03814 (19.01%) | loss: 4.075756 | lrm: 1.00 | dt: 556.23ms | tok/sec: 96,650 | bf16_mfu: 0.00 | epoch: 1 pq: 0 rg: 70 | total time: 6.83m | eta: 29.5m
step 00726/03814 (19.04%) | loss: 4.059493 | lrm: 1.00 | dt: 555.56ms | tok/sec: 96,767 | bf16_mfu: 0.00 | epoch: 1 pq: 0 rg: 70 | total time: 6.84m | eta: 29.5m
step 00727/03814 (19.06%) | loss: 4.033275 | lrm: 1.00 | dt: 568.01ms | tok/sec: 94,646 | bf16_mfu: 0.00 | epoch: 1 pq: 0 rg: 70 | total time: 6.84m | eta: 29.5m
step 00728/03814 (19.09%) | loss: 4.031057 | lrm: 1.00 | dt: 557.14ms | tok/sec: 96,492 | bf16_mfu: 0.00 | epoch: 1 pq: 0 rg: 70 | total time: 6.85m | eta: 29.5m
step 00729/03814 (19.11%) | loss: 4.020329 | lrm: 1.00 | dt: 719.70ms | tok/sec: 74,697 | bf16_mfu: 0.00 | epoch: 1 pq: 0 rg: 71 | total time: 6.87m | eta: 29.5m
step 00730/03814 (19.14%) | loss: 4.055886 | lrm: 1.00 | dt: 564.14ms | tok/sec: 95,296 | bf16_mfu: 0.00 | epoch: 1 pq: 0 rg: 71 | total time: 6.88m | eta: 29.4m
step 00731/03814 (19.17%) | loss: 4.043816 | lrm: 1.00 | dt: 554.79ms | tok/sec: 96,901 | bf16_mfu: 0.00 | epoch: 1 pq: 0 rg: 71 | total time: 6.88m | eta: 29.4m
step 00732/03814 (19.19%) | loss: 4.041447 | lrm: 1.00 | dt: 566.38ms | tok/sec: 94,918 | bf16_mfu: 0.00 | epoch: 1 pq: 0 rg: 71 | total time: 6.89m | eta: 29.4m
step 00733/03814 (19.22%) | loss: 4.038592 | lrm: 1.00 | dt: 558.69ms | tok/sec: 96,225 | bf16_mfu: 0.00 | epoch: 1 pq: 0 rg: 71 | total time: 6.90m | eta: 29.4m
step 00734/03814 (19.24%) | loss: 4.038032 | lrm: 1.00 | dt: 554.47ms | tok/sec: 96,957 | bf16_mfu: 0.00 | epoch: 1 pq: 0 rg: 71 | total time: 6.91m | eta: 29.4m
step 00735/03814 (19.27%) | loss: 4.038379 | lrm: 1.00 | dt: 559.76ms | tok/sec: 96,041 | bf16_mfu: 0.00 | epoch: 1 pq: 0 rg: 71 | total time: 6.92m | eta: 29.4m
step 00736/03814 (19.30%) | loss: 4.052840 | lrm: 1.00 | dt: 558.86ms | tok/sec: 96,196 | bf16_mfu: 0.00 | epoch: 1 pq: 0 rg: 71 | total time: 6.93m | eta: 29.4m
step 00737/03814 (19.32%) | loss: 4.063744 | lrm: 1.00 | dt: 556.59ms | tok/sec: 96,588 | bf16_mfu: 0.00 | epoch: 1 pq: 0 rg: 71 | total time: 6.94m | eta: 29.4m
step 00738/03814 (19.35%) | loss: 4.064143 | lrm: 1.00 | dt: 560.93ms | tok/sec: 95,841 | bf16_mfu: 0.00 | epoch: 1 pq: 0 rg: 71 | total time: 6.95m | eta: 29.4m
step 00739/03814 (19.38%) | loss: 4.050820 | lrm: 1.00 | dt: 556.19ms | tok/sec: 96,657 | bf16_mfu: 0.00 | epoch: 1 pq: 0 rg: 71 | total time: 6.96m | eta: 29.4m
step 00740/03814 (19.40%) | loss: 4.034908 | lrm: 1.00 | dt: 668.72ms | tok/sec: 80,392 | bf16_mfu: 0.00 | epoch: 1 pq: 0 rg: 72 | total time: 6.97m | eta: 29.4m
step 00741/03814 (19.43%) | loss: 4.025554 | lrm: 1.00 | dt: 561.65ms | tok/sec: 95,718 | bf16_mfu: 0.00 | epoch: 1 pq: 0 rg: 72 | total time: 6.98m | eta: 29.3m
step 00742/03814 (19.45%) | loss: 4.033451 | lrm: 1.00 | dt: 560.76ms | tok/sec: 95,870 | bf16_mfu: 0.00 | epoch: 1 pq: 0 rg: 72 | total time: 6.99m | eta: 29.3m
step 00743/03814 (19.48%) | loss: 4.013419 | lrm: 1.00 | dt: 557.36ms | tok/sec: 96,455 | bf16_mfu: 0.00 | epoch: 1 pq: 0 rg: 72 | total time: 7.00m | eta: 29.3m
step 00744/03814 (19.51%) | loss: 4.029614 | lrm: 1.00 | dt: 560.33ms | tok/sec: 95,942 | bf16_mfu: 0.00 | epoch: 1 pq: 0 rg: 72 | total time: 7.01m | eta: 29.3m
step 00745/03814 (19.53%) | loss: 4.029273 | lrm: 1.00 | dt: 560.97ms | tok/sec: 95,833 | bf16_mfu: 0.00 | epoch: 1 pq: 0 rg: 72 | total time: 7.02m | eta: 29.3m
step 00746/03814 (19.56%) | loss: 4.033591 | lrm: 1.00 | dt: 557.52ms | tok/sec: 96,426 | bf16_mfu: 0.00 | epoch: 1 pq: 0 rg: 72 | total time: 7.03m | eta: 29.3m
step 00747/03814 (19.59%) | loss: 4.025599 | lrm: 1.00 | dt: 561.92ms | tok/sec: 95,672 | bf16_mfu: 0.00 | epoch: 1 pq: 0 rg: 72 | total time: 7.04m | eta: 29.3m
step 00748/03814 (19.61%) | loss: 4.045287 | lrm: 1.00 | dt: 554.77ms | tok/sec: 96,904 | bf16_mfu: 0.00 | epoch: 1 pq: 0 rg: 72 | total time: 7.04m | eta: 29.3m
step 00749/03814 (19.64%) | loss: 4.059052 | lrm: 1.00 | dt: 559.54ms | tok/sec: 96,078 | bf16_mfu: 0.00 | epoch: 1 pq: 0 rg: 72 | total time: 7.05m | eta: 29.3m
step 00750/03814 (19.66%) | loss: 4.045441 | lrm: 1.00 | dt: 606.53ms | tok/sec: 88,635 | bf16_mfu: 0.00 | epoch: 1 pq: 0 rg: 73 | total time: 7.06m | eta: 29.3m
step 00751/03814 (19.69%) | loss: 4.037729 | lrm: 1.00 | dt: 558.82ms | tok/sec: 96,203 | bf16_mfu: 0.00 | epoch: 1 pq: 0 rg: 73 | total time: 7.07m | eta: 29.2m
step 00752/03814 (19.72%) | loss: 4.050102 | lrm: 1.00 | dt: 603.86ms | tok/sec: 89,027 | bf16_mfu: 0.00 | epoch: 1 pq: 0 rg: 73 | total time: 7.08m | eta: 29.2m
step 00753/03814 (19.74%) | loss: 4.057086 | lrm: 1.00 | dt: 560.79ms | tok/sec: 95,865 | bf16_mfu: 0.00 | epoch: 1 pq: 0 rg: 73 | total time: 7.09m | eta: 29.2m
step 00754/03814 (19.77%) | loss: 4.048023 | lrm: 1.00 | dt: 563.10ms | tok/sec: 95,471 | bf16_mfu: 0.00 | epoch: 1 pq: 0 rg: 73 | total time: 7.10m | eta: 29.2m
step 00755/03814 (19.80%) | loss: 4.053259 | lrm: 1.00 | dt: 556.68ms | tok/sec: 96,572 | bf16_mfu: 0.00 | epoch: 1 pq: 0 rg: 73 | total time: 7.11m | eta: 29.2m
step 00756/03814 (19.82%) | loss: 4.062091 | lrm: 1.00 | dt: 587.03ms | tok/sec: 91,579 | bf16_mfu: 0.00 | epoch: 1 pq: 0 rg: 73 | total time: 7.12m | eta: 29.2m
step 00757/03814 (19.85%) | loss: 4.029843 | lrm: 1.00 | dt: 560.11ms | tok/sec: 95,980 | bf16_mfu: 0.00 | epoch: 1 pq: 0 rg: 73 | total time: 7.13m | eta: 29.2m
step 00758/03814 (19.87%) | loss: 4.022500 | lrm: 1.00 | dt: 564.21ms | tok/sec: 95,283 | bf16_mfu: 0.00 | epoch: 1 pq: 0 rg: 73 | total time: 7.14m | eta: 29.2m
step 00759/03814 (19.90%) | loss: 4.025760 | lrm: 1.00 | dt: 555.59ms | tok/sec: 96,761 | bf16_mfu: 0.00 | epoch: 1 pq: 0 rg: 73 | total time: 7.15m | eta: 29.2m
step 00760/03814 (19.93%) | loss: 4.026191 | lrm: 1.00 | dt: 560.64ms | tok/sec: 95,889 | bf16_mfu: 0.00 | epoch: 1 pq: 0 rg: 73 | total time: 7.16m | eta: 29.2m
step 00761/03814 (19.95%) | loss: 4.010761 | lrm: 1.00 | dt: 562.35ms | tok/sec: 95,598 | bf16_mfu: 0.00 | epoch: 1 pq: 0 rg: 73 | total time: 7.17m | eta: 29.1m
step 00762/03814 (19.98%) | loss: 4.018550 | lrm: 1.00 | dt: 565.38ms | tok/sec: 95,086 | bf16_mfu: 0.00 | epoch: 1 pq: 0 rg: 74 | total time: 7.18m | eta: 29.1m
step 00763/03814 (20.01%) | loss: 4.003650 | lrm: 1.00 | dt: 566.83ms | tok/sec: 94,842 | bf16_mfu: 0.00 | epoch: 1 pq: 0 rg: 74 | total time: 7.19m | eta: 29.1m
step 00764/03814 (20.03%) | loss: 4.002130 | lrm: 1.00 | dt: 559.04ms | tok/sec: 96,165 | bf16_mfu: 0.00 | epoch: 1 pq: 0 rg: 74 | total time: 7.20m | eta: 29.1m
step 00765/03814 (20.06%) | loss: 3.987873 | lrm: 1.00 | dt: 562.50ms | tok/sec: 95,573 | bf16_mfu: 0.00 | epoch: 1 pq: 0 rg: 74 | total time: 7.21m | eta: 29.1m
step 00766/03814 (20.08%) | loss: 3.990270 | lrm: 1.00 | dt: 560.67ms | tok/sec: 95,885 | bf16_mfu: 0.00 | epoch: 1 pq: 0 rg: 74 | total time: 7.22m | eta: 29.1m
step 00767/03814 (20.11%) | loss: 4.005050 | lrm: 1.00 | dt: 559.45ms | tok/sec: 96,095 | bf16_mfu: 0.00 | epoch: 1 pq: 0 rg: 74 | total time: 7.22m | eta: 29.1m
step 00768/03814 (20.14%) | loss: 3.990543 | lrm: 1.00 | dt: 566.48ms | tok/sec: 94,901 | bf16_mfu: 0.00 | epoch: 1 pq: 0 rg: 74 | total time: 7.23m | eta: 29.1m
step 00769/03814 (20.16%) | loss: 3.993402 | lrm: 1.00 | dt: 560.17ms | tok/sec: 95,971 | bf16_mfu: 0.00 | epoch: 1 pq: 0 rg: 74 | total time: 7.24m | eta: 29.1m
step 00770/03814 (20.19%) | loss: 4.014010 | lrm: 1.00 | dt: 561.64ms | tok/sec: 95,720 | bf16_mfu: 0.00 | epoch: 1 pq: 0 rg: 74 | total time: 7.25m | eta: 29.0m
step 00771/03814 (20.21%) | loss: 4.033078 | lrm: 1.00 | dt: 562.38ms | tok/sec: 95,594 | bf16_mfu: 0.00 | epoch: 1 pq: 0 rg: 74 | total time: 7.26m | eta: 29.0m
step 00772/03814 (20.24%) | loss: 4.035692 | lrm: 1.00 | dt: 642.99ms | tok/sec: 83,609 | bf16_mfu: 0.00 | epoch: 1 pq: 0 rg: 75 | total time: 7.27m | eta: 29.0m
step 00773/03814 (20.27%) | loss: 4.022535 | lrm: 1.00 | dt: 559.86ms | tok/sec: 96,023 | bf16_mfu: 0.00 | epoch: 1 pq: 0 rg: 75 | total time: 7.28m | eta: 29.0m
step 00774/03814 (20.29%) | loss: 4.033992 | lrm: 1.00 | dt: 564.88ms | tok/sec: 95,171 | bf16_mfu: 0.00 | epoch: 1 pq: 0 rg: 75 | total time: 7.29m | eta: 29.0m
step 00775/03814 (20.32%) | loss: 4.030986 | lrm: 1.00 | dt: 562.19ms | tok/sec: 95,625 | bf16_mfu: 0.00 | epoch: 1 pq: 0 rg: 75 | total time: 7.30m | eta: 29.0m
step 00776/03814 (20.35%) | loss: 4.025671 | lrm: 1.00 | dt: 560.27ms | tok/sec: 95,953 | bf16_mfu: 0.00 | epoch: 1 pq: 0 rg: 75 | total time: 7.31m | eta: 29.0m
step 00777/03814 (20.37%) | loss: 4.019120 | lrm: 1.00 | dt: 562.91ms | tok/sec: 95,504 | bf16_mfu: 0.00 | epoch: 1 pq: 0 rg: 75 | total time: 7.32m | eta: 29.0m
step 00778/03814 (20.40%) | loss: 4.021272 | lrm: 1.00 | dt: 586.89ms | tok/sec: 91,601 | bf16_mfu: 0.00 | epoch: 1 pq: 0 rg: 75 | total time: 7.33m | eta: 29.0m
step 00779/03814 (20.42%) | loss: 3.996246 | lrm: 1.00 | dt: 568.39ms | tok/sec: 94,582 | bf16_mfu: 0.00 | epoch: 1 pq: 0 rg: 75 | total time: 7.34m | eta: 29.0m
step 00780/03814 (20.45%) | loss: 3.996546 | lrm: 1.00 | dt: 559.86ms | tok/sec: 96,024 | bf16_mfu: 0.00 | epoch: 1 pq: 0 rg: 75 | total time: 7.35m | eta: 29.0m
step 00781/03814 (20.48%) | loss: 4.019660 | lrm: 1.00 | dt: 562.46ms | tok/sec: 95,579 | bf16_mfu: 0.00 | epoch: 1 pq: 0 rg: 75 | total time: 7.36m | eta: 28.9m
step 00782/03814 (20.50%) | loss: 4.022377 | lrm: 1.00 | dt: 579.77ms | tok/sec: 92,726 | bf16_mfu: 0.00 | epoch: 1 pq: 0 rg: 75 | total time: 7.37m | eta: 28.9m
step 00783/03814 (20.53%) | loss: 4.018606 | lrm: 1.00 | dt: 577.74ms | tok/sec: 93,051 | bf16_mfu: 0.00 | epoch: 1 pq: 0 rg: 76 | total time: 7.38m | eta: 28.9m
step 00784/03814 (20.56%) | loss: 4.015360 | lrm: 1.00 | dt: 561.60ms | tok/sec: 95,727 | bf16_mfu: 0.00 | epoch: 1 pq: 0 rg: 76 | total time: 7.39m | eta: 28.9m
step 00785/03814 (20.58%) | loss: 4.015959 | lrm: 1.00 | dt: 565.46ms | tok/sec: 95,073 | bf16_mfu: 0.00 | epoch: 1 pq: 0 rg: 76 | total time: 7.40m | eta: 28.9m
step 00786/03814 (20.61%) | loss: 3.997668 | lrm: 1.00 | dt: 574.66ms | tok/sec: 93,550 | bf16_mfu: 0.00 | epoch: 1 pq: 0 rg: 76 | total time: 7.41m | eta: 28.9m
step 00787/03814 (20.63%) | loss: 3.996674 | lrm: 1.00 | dt: 573.60ms | tok/sec: 93,723 | bf16_mfu: 0.00 | epoch: 1 pq: 0 rg: 76 | total time: 7.41m | eta: 28.9m
step 00788/03814 (20.66%) | loss: 3.993304 | lrm: 1.00 | dt: 559.20ms | tok/sec: 96,136 | bf16_mfu: 0.00 | epoch: 1 pq: 0 rg: 76 | total time: 7.42m | eta: 28.9m
step 00789/03814 (20.69%) | loss: 4.003730 | lrm: 1.00 | dt: 629.60ms | tok/sec: 85,387 | bf16_mfu: 0.00 | epoch: 1 pq: 0 rg: 76 | total time: 7.43m | eta: 28.9m
step 00790/03814 (20.71%) | loss: 3.988076 | lrm: 1.00 | dt: 883.83ms | tok/sec: 60,826 | bf16_mfu: 0.00 | epoch: 1 pq: 0 rg: 76 | total time: 7.45m | eta: 28.9m
step 00791/03814 (20.74%) | loss: 3.988711 | lrm: 1.00 | dt: 563.50ms | tok/sec: 95,403 | bf16_mfu: 0.00 | epoch: 1 pq: 0 rg: 76 | total time: 7.46m | eta: 28.9m
step 00792/03814 (20.77%) | loss: 3.999348 | lrm: 1.00 | dt: 571.76ms | tok/sec: 94,025 | bf16_mfu: 0.00 | epoch: 1 pq: 0 rg: 76 | total time: 7.47m | eta: 28.9m
step 00793/03814 (20.79%) | loss: 4.017862 | lrm: 1.00 | dt: 565.15ms | tok/sec: 95,124 | bf16_mfu: 0.00 | epoch: 1 pq: 0 rg: 76 | total time: 7.48m | eta: 28.9m
step 00794/03814 (20.82%) | loss: 3.995114 | lrm: 1.00 | dt: 804.02ms | tok/sec: 66,863 | bf16_mfu: 0.00 | epoch: 1 pq: 0 rg: 77 | total time: 7.49m | eta: 28.9m
step 00795/03814 (20.84%) | loss: 3.996515 | lrm: 1.00 | dt: 563.73ms | tok/sec: 95,365 | bf16_mfu: 0.00 | epoch: 1 pq: 0 rg: 77 | total time: 7.50m | eta: 28.8m
step 00796/03814 (20.87%) | loss: 4.002613 | lrm: 1.00 | dt: 562.54ms | tok/sec: 95,566 | bf16_mfu: 0.00 | epoch: 1 pq: 0 rg: 77 | total time: 7.51m | eta: 28.8m
step 00797/03814 (20.90%) | loss: 4.013777 | lrm: 1.00 | dt: 679.03ms | tok/sec: 79,171 | bf16_mfu: 0.00 | epoch: 1 pq: 0 rg: 77 | total time: 7.52m | eta: 28.8m
step 00798/03814 (20.92%) | loss: 4.011164 | lrm: 1.00 | dt: 566.06ms | tok/sec: 94,972 | bf16_mfu: 0.00 | epoch: 1 pq: 0 rg: 77 | total time: 7.53m | eta: 28.8m
step 00799/03814 (20.95%) | loss: 4.010932 | lrm: 1.00 | dt: 564.06ms | tok/sec: 95,309 | bf16_mfu: 0.00 | epoch: 1 pq: 0 rg: 77 | total time: 7.54m | eta: 28.8m
step 00800/03814 (20.98%) | loss: 4.022102 | lrm: 1.00 | dt: 566.82ms | tok/sec: 94,845 | bf16_mfu: 0.00 | epoch: 1 pq: 0 rg: 77 | total time: 7.55m | eta: 28.8m
step 00801/03814 (21.00%) | loss: 4.017228 | lrm: 1.00 | dt: 607.55ms | tok/sec: 88,485 | bf16_mfu: 0.00 | epoch: 1 pq: 0 rg: 77 | total time: 7.56m | eta: 28.8m
step 00802/03814 (21.03%) | loss: 4.005488 | lrm: 1.00 | dt: 563.71ms | tok/sec: 95,368 | bf16_mfu: 0.00 | epoch: 1 pq: 0 rg: 77 | total time: 7.57m | eta: 28.8m
step 00803/03814 (21.05%) | loss: 4.024165 | lrm: 1.00 | dt: 561.90ms | tok/sec: 95,676 | bf16_mfu: 0.00 | epoch: 1 pq: 0 rg: 77 | total time: 7.58m | eta: 28.8m
step 00804/03814 (21.08%) | loss: 4.040343 | lrm: 1.00 | dt: 557.71ms | tok/sec: 96,394 | bf16_mfu: 0.00 | epoch: 1 pq: 0 rg: 77 | total time: 7.59m | eta: 28.8m
step 00805/03814 (21.11%) | loss: 4.040147 | lrm: 1.00 | dt: 570.10ms | tok/sec: 94,299 | bf16_mfu: 0.00 | epoch: 1 pq: 0 rg: 78 | total time: 7.60m | eta: 28.8m
step 00806/03814 (21.13%) | loss: 4.034767 | lrm: 1.00 | dt: 561.38ms | tok/sec: 95,763 | bf16_mfu: 0.00 | epoch: 1 pq: 0 rg: 78 | total time: 7.61m | eta: 28.7m
step 00807/03814 (21.16%) | loss: 4.030009 | lrm: 1.00 | dt: 563.00ms | tok/sec: 95,488 | bf16_mfu: 0.00 | epoch: 1 pq: 0 rg: 78 | total time: 7.62m | eta: 28.7m
step 00808/03814 (21.19%) | loss: 4.011501 | lrm: 1.00 | dt: 566.28ms | tok/sec: 94,935 | bf16_mfu: 0.00 | epoch: 1 pq: 0 rg: 78 | total time: 7.63m | eta: 28.7m
step 00809/03814 (21.21%) | loss: 4.006638 | lrm: 1.00 | dt: 566.78ms | tok/sec: 94,851 | bf16_mfu: 0.00 | epoch: 1 pq: 0 rg: 78 | total time: 7.63m | eta: 28.7m
step 00810/03814 (21.24%) | loss: 4.010712 | lrm: 1.00 | dt: 560.54ms | tok/sec: 95,906 | bf16_mfu: 0.00 | epoch: 1 pq: 0 rg: 78 | total time: 7.64m | eta: 28.7m
step 00811/03814 (21.26%) | loss: 4.009289 | lrm: 1.00 | dt: 600.07ms | tok/sec: 89,590 | bf16_mfu: 0.00 | epoch: 1 pq: 0 rg: 78 | total time: 7.65m | eta: 28.7m
step 00812/03814 (21.29%) | loss: 4.002304 | lrm: 1.00 | dt: 565.08ms | tok/sec: 95,136 | bf16_mfu: 0.00 | epoch: 1 pq: 0 rg: 78 | total time: 7.66m | eta: 28.7m
step 00813/03814 (21.32%) | loss: 4.007834 | lrm: 1.00 | dt: 565.33ms | tok/sec: 95,094 | bf16_mfu: 0.00 | epoch: 1 pq: 0 rg: 78 | total time: 7.67m | eta: 28.7m
step 00814/03814 (21.34%) | loss: 4.020196 | lrm: 1.00 | dt: 566.43ms | tok/sec: 94,910 | bf16_mfu: 0.00 | epoch: 1 pq: 0 rg: 78 | total time: 7.68m | eta: 28.7m
step 00815/03814 (21.37%) | loss: 4.044371 | lrm: 1.00 | dt: 565.10ms | tok/sec: 95,134 | bf16_mfu: 0.00 | epoch: 1 pq: 0 rg: 78 | total time: 7.69m | eta: 28.7m
step 00816/03814 (21.39%) | loss: 4.046052 | lrm: 1.00 | dt: 566.58ms | tok/sec: 94,885 | bf16_mfu: 0.00 | epoch: 1 pq: 0 rg: 78 | total time: 7.70m | eta: 28.6m
step 00817/03814 (21.42%) | loss: 4.037241 | lrm: 1.00 | dt: 693.39ms | tok/sec: 77,531 | bf16_mfu: 0.00 | epoch: 1 pq: 0 rg: 79 | total time: 7.71m | eta: 28.6m
step 00818/03814 (21.45%) | loss: 4.056412 | lrm: 1.00 | dt: 560.78ms | tok/sec: 95,865 | bf16_mfu: 0.00 | epoch: 1 pq: 0 rg: 79 | total time: 7.72m | eta: 28.6m
step 00819/03814 (21.47%) | loss: 4.066929 | lrm: 1.00 | dt: 564.71ms | tok/sec: 95,198 | bf16_mfu: 0.00 | epoch: 1 pq: 0 rg: 79 | total time: 7.73m | eta: 28.6m
step 00820/03814 (21.50%) | loss: 4.067402 | lrm: 1.00 | dt: 562.19ms | tok/sec: 95,625 | bf16_mfu: 0.00 | epoch: 1 pq: 0 rg: 79 | total time: 7.74m | eta: 28.6m
step 00821/03814 (21.53%) | loss: 4.061751 | lrm: 1.00 | dt: 558.66ms | tok/sec: 96,230 | bf16_mfu: 0.00 | epoch: 1 pq: 0 rg: 79 | total time: 7.75m | eta: 28.6m
step 00822/03814 (21.55%) | loss: 4.050890 | lrm: 1.00 | dt: 562.61ms | tok/sec: 95,554 | bf16_mfu: 0.00 | epoch: 1 pq: 0 rg: 79 | total time: 7.76m | eta: 28.6m
step 00823/03814 (21.58%) | loss: 4.068173 | lrm: 1.00 | dt: 567.34ms | tok/sec: 94,758 | bf16_mfu: 0.00 | epoch: 1 pq: 0 rg: 79 | total time: 7.77m | eta: 28.6m
step 00824/03814 (21.60%) | loss: 4.076878 | lrm: 1.00 | dt: 566.48ms | tok/sec: 94,902 | bf16_mfu: 0.00 | epoch: 1 pq: 0 rg: 79 | total time: 7.78m | eta: 28.6m
step 00825/03814 (21.63%) | loss: 4.072329 | lrm: 1.00 | dt: 668.36ms | tok/sec: 80,435 | bf16_mfu: 0.00 | epoch: 1 pq: 0 rg: 79 | total time: 7.79m | eta: 28.6m
step 00826/03814 (21.66%) | loss: 4.052977 | lrm: 1.00 | dt: 564.51ms | tok/sec: 95,233 | bf16_mfu: 0.00 | epoch: 1 pq: 0 rg: 79 | total time: 7.80m | eta: 28.6m
step 00827/03814 (21.68%) | loss: 4.051728 | lrm: 1.00 | dt: 558.65ms | tok/sec: 96,231 | bf16_mfu: 0.00 | epoch: 1 pq: 0 rg: 79 | total time: 7.81m | eta: 28.5m
step 00828/03814 (21.71%) | loss: 4.048564 | lrm: 1.00 | dt: 629.74ms | tok/sec: 85,368 | bf16_mfu: 0.00 | epoch: 1 pq: 0 rg: 80 | total time: 7.82m | eta: 28.5m
step 00829/03814 (21.74%) | loss: 4.040182 | lrm: 1.00 | dt: 614.95ms | tok/sec: 87,421 | bf16_mfu: 0.00 | epoch: 1 pq: 0 rg: 80 | total time: 7.83m | eta: 28.5m
step 00830/03814 (21.76%) | loss: 4.022963 | lrm: 1.00 | dt: 585.08ms | tok/sec: 91,884 | bf16_mfu: 0.00 | epoch: 1 pq: 0 rg: 80 | total time: 7.84m | eta: 28.5m
step 00831/03814 (21.79%) | loss: 4.007585 | lrm: 1.00 | dt: 561.52ms | tok/sec: 95,740 | bf16_mfu: 0.00 | epoch: 1 pq: 0 rg: 80 | total time: 7.85m | eta: 28.5m
step 00832/03814 (21.81%) | loss: 4.016875 | lrm: 1.00 | dt: 563.89ms | tok/sec: 95,337 | bf16_mfu: 0.00 | epoch: 1 pq: 0 rg: 80 | total time: 7.86m | eta: 28.5m
step 00833/03814 (21.84%) | loss: 4.019649 | lrm: 1.00 | dt: 563.76ms | tok/sec: 95,360 | bf16_mfu: 0.00 | epoch: 1 pq: 0 rg: 80 | total time: 7.87m | eta: 28.5m
step 00834/03814 (21.87%) | loss: 4.003554 | lrm: 1.00 | dt: 563.14ms | tok/sec: 95,464 | bf16_mfu: 0.00 | epoch: 1 pq: 0 rg: 80 | total time: 7.88m | eta: 28.5m
step 00835/03814 (21.89%) | loss: 4.020315 | lrm: 1.00 | dt: 557.63ms | tok/sec: 96,408 | bf16_mfu: 0.00 | epoch: 1 pq: 0 rg: 80 | total time: 7.89m | eta: 28.5m
step 00836/03814 (21.92%) | loss: 4.015763 | lrm: 1.00 | dt: 569.63ms | tok/sec: 94,377 | bf16_mfu: 0.00 | epoch: 1 pq: 0 rg: 80 | total time: 7.90m | eta: 28.5m
step 00837/03814 (21.95%) | loss: 4.005432 | lrm: 1.00 | dt: 561.29ms | tok/sec: 95,779 | bf16_mfu: 0.00 | epoch: 1 pq: 0 rg: 80 | total time: 7.90m | eta: 28.5m
step 00838/03814 (21.97%) | loss: 4.013411 | lrm: 1.00 | dt: 564.93ms | tok/sec: 95,161 | bf16_mfu: 0.00 | epoch: 1 pq: 0 rg: 80 | total time: 7.91m | eta: 28.4m
step 00839/03814 (22.00%) | loss: 4.028165 | lrm: 1.00 | dt: 596.24ms | tok/sec: 90,165 | bf16_mfu: 0.00 | epoch: 1 pq: 0 rg: 81 | total time: 7.92m | eta: 28.4m
step 00840/03814 (22.02%) | loss: 4.036439 | lrm: 1.00 | dt: 606.63ms | tok/sec: 88,621 | bf16_mfu: 0.00 | epoch: 1 pq: 0 rg: 81 | total time: 7.93m | eta: 28.4m
step 00841/03814 (22.05%) | loss: 4.045757 | lrm: 1.00 | dt: 562.36ms | tok/sec: 95,596 | bf16_mfu: 0.00 | epoch: 1 pq: 0 rg: 81 | total time: 7.94m | eta: 28.4m
step 00842/03814 (22.08%) | loss: 4.036169 | lrm: 1.00 | dt: 566.89ms | tok/sec: 94,833 | bf16_mfu: 0.00 | epoch: 1 pq: 0 rg: 81 | total time: 7.95m | eta: 28.4m
step 00843/03814 (22.10%) | loss: 4.055717 | lrm: 1.00 | dt: 559.42ms | tok/sec: 96,099 | bf16_mfu: 0.00 | epoch: 1 pq: 0 rg: 81 | total time: 7.96m | eta: 28.4m
step 00844/03814 (22.13%) | loss: 4.053178 | lrm: 1.00 | dt: 560.57ms | tok/sec: 95,902 | bf16_mfu: 0.00 | epoch: 1 pq: 0 rg: 81 | total time: 7.97m | eta: 28.4m
step 00845/03814 (22.16%) | loss: 4.058827 | lrm: 1.00 | dt: 565.58ms | tok/sec: 95,053 | bf16_mfu: 0.00 | epoch: 1 pq: 0 rg: 81 | total time: 7.98m | eta: 28.4m
step 00846/03814 (22.18%) | loss: 4.030129 | lrm: 1.00 | dt: 565.52ms | tok/sec: 95,062 | bf16_mfu: 0.00 | epoch: 1 pq: 0 rg: 81 | total time: 7.99m | eta: 28.4m
step 00847/03814 (22.21%) | loss: 4.048935 | lrm: 1.00 | dt: 564.81ms | tok/sec: 95,182 | bf16_mfu: 0.00 | epoch: 1 pq: 0 rg: 81 | total time: 8.00m | eta: 28.4m
step 00848/03814 (22.23%) | loss: 4.053575 | lrm: 1.00 | dt: 566.99ms | tok/sec: 94,816 | bf16_mfu: 0.00 | epoch: 1 pq: 0 rg: 81 | total time: 8.01m | eta: 28.3m
step 00849/03814 (22.26%) | loss: 4.037309 | lrm: 1.00 | dt: 561.25ms | tok/sec: 95,786 | bf16_mfu: 0.00 | epoch: 1 pq: 0 rg: 81 | total time: 8.02m | eta: 28.3m
step 00850/03814 (22.29%) | loss: 4.034571 | lrm: 1.00 | dt: 617.79ms | tok/sec: 87,019 | bf16_mfu: 0.00 | epoch: 1 pq: 0 rg: 82 | total time: 8.03m | eta: 28.3m
step 00851/03814 (22.31%) | loss: 4.042157 | lrm: 1.00 | dt: 597.82ms | tok/sec: 89,926 | bf16_mfu: 0.00 | epoch: 1 pq: 0 rg: 82 | total time: 8.04m | eta: 28.3m
step 00852/03814 (22.34%) | loss: 4.034523 | lrm: 1.00 | dt: 569.80ms | tok/sec: 94,348 | bf16_mfu: 0.00 | epoch: 1 pq: 0 rg: 82 | total time: 8.05m | eta: 28.3m
step 00853/03814 (22.36%) | loss: 4.018595 | lrm: 1.00 | dt: 561.71ms | tok/sec: 95,708 | bf16_mfu: 0.00 | epoch: 1 pq: 0 rg: 82 | total time: 8.06m | eta: 28.3m
step 00854/03814 (22.39%) | loss: 4.017891 | lrm: 1.00 | dt: 557.85ms | tok/sec: 96,369 | bf16_mfu: 0.00 | epoch: 1 pq: 0 rg: 82 | total time: 8.07m | eta: 28.3m
step 00855/03814 (22.42%) | loss: 4.016751 | lrm: 1.00 | dt: 564.97ms | tok/sec: 95,155 | bf16_mfu: 0.00 | epoch: 1 pq: 0 rg: 82 | total time: 8.08m | eta: 28.3m
step 00856/03814 (22.44%) | loss: 4.012085 | lrm: 1.00 | dt: 561.67ms | tok/sec: 95,715 | bf16_mfu: 0.00 | epoch: 1 pq: 0 rg: 82 | total time: 8.09m | eta: 28.3m
step 00857/03814 (22.47%) | loss: 4.000503 | lrm: 1.00 | dt: 561.06ms | tok/sec: 95,817 | bf16_mfu: 0.00 | epoch: 1 pq: 0 rg: 82 | total time: 8.10m | eta: 28.3m
step 00858/03814 (22.50%) | loss: 4.000660 | lrm: 1.00 | dt: 558.23ms | tok/sec: 96,304 | bf16_mfu: 0.00 | epoch: 1 pq: 0 rg: 82 | total time: 8.10m | eta: 28.3m
step 00859/03814 (22.52%) | loss: 3.987513 | lrm: 1.00 | dt: 652.19ms | tok/sec: 82,430 | bf16_mfu: 0.00 | epoch: 1 pq: 0 rg: 82 | total time: 8.12m | eta: 28.2m
step 00860/03814 (22.55%) | loss: 3.973238 | lrm: 1.00 | dt: 562.04ms | tok/sec: 95,650 | bf16_mfu: 0.00 | epoch: 1 pq: 0 rg: 82 | total time: 8.12m | eta: 28.2m
step 00861/03814 (22.57%) | loss: 3.965474 | lrm: 1.00 | dt: 638.58ms | tok/sec: 84,187 | bf16_mfu: 0.00 | epoch: 1 pq: 0 rg: 83 | total time: 8.14m | eta: 28.2m
step 00862/03814 (22.60%) | loss: 3.952664 | lrm: 1.00 | dt: 558.18ms | tok/sec: 96,313 | bf16_mfu: 0.00 | epoch: 1 pq: 0 rg: 83 | total time: 8.14m | eta: 28.2m
step 00863/03814 (22.63%) | loss: 3.951168 | lrm: 1.00 | dt: 562.11ms | tok/sec: 95,639 | bf16_mfu: 0.00 | epoch: 1 pq: 0 rg: 83 | total time: 8.15m | eta: 28.2m
step 00864/03814 (22.65%) | loss: 3.952603 | lrm: 1.00 | dt: 626.48ms | tok/sec: 85,812 | bf16_mfu: 0.00 | epoch: 1 pq: 0 rg: 83 | total time: 8.16m | eta: 28.2m
step 00865/03814 (22.68%) | loss: 3.959724 | lrm: 1.00 | dt: 564.97ms | tok/sec: 95,154 | bf16_mfu: 0.00 | epoch: 1 pq: 0 rg: 83 | total time: 8.17m | eta: 28.2m
step 00866/03814 (22.71%) | loss: 3.949667 | lrm: 1.00 | dt: 563.36ms | tok/sec: 95,427 | bf16_mfu: 0.00 | epoch: 1 pq: 0 rg: 83 | total time: 8.18m | eta: 28.2m
step 00867/03814 (22.73%) | loss: 3.946898 | lrm: 1.00 | dt: 563.49ms | tok/sec: 95,404 | bf16_mfu: 0.00 | epoch: 1 pq: 0 rg: 83 | total time: 8.19m | eta: 28.2m
step 00868/03814 (22.76%) | loss: 3.944807 | lrm: 1.00 | dt: 558.76ms | tok/sec: 96,212 | bf16_mfu: 0.00 | epoch: 1 pq: 0 rg: 83 | total time: 8.20m | eta: 28.2m
step 00869/03814 (22.78%) | loss: 3.952213 | lrm: 1.00 | dt: 562.75ms | tok/sec: 95,531 | bf16_mfu: 0.00 | epoch: 1 pq: 0 rg: 83 | total time: 8.21m | eta: 28.2m
step 00870/03814 (22.81%) | loss: 3.945290 | lrm: 1.00 | dt: 563.58ms | tok/sec: 95,390 | bf16_mfu: 0.00 | epoch: 1 pq: 0 rg: 83 | total time: 8.22m | eta: 28.1m
step 00871/03814 (22.84%) | loss: 3.966602 | lrm: 1.00 | dt: 566.66ms | tok/sec: 94,871 | bf16_mfu: 0.00 | epoch: 1 pq: 0 rg: 83 | total time: 8.23m | eta: 28.1m
step 00872/03814 (22.86%) | loss: 3.975228 | lrm: 1.00 | dt: 598.90ms | tok/sec: 89,764 | bf16_mfu: 0.00 | epoch: 1 pq: 0 rg: 84 | total time: 8.24m | eta: 28.1m
step 00873/03814 (22.89%) | loss: 3.955197 | lrm: 1.00 | dt: 559.74ms | tok/sec: 96,044 | bf16_mfu: 0.00 | epoch: 1 pq: 0 rg: 84 | total time: 8.25m | eta: 28.1m
step 00874/03814 (22.92%) | loss: 3.946459 | lrm: 1.00 | dt: 560.60ms | tok/sec: 95,897 | bf16_mfu: 0.00 | epoch: 1 pq: 0 rg: 84 | total time: 8.26m | eta: 28.1m
step 00875/03814 (22.94%) | loss: 3.977754 | lrm: 1.00 | dt: 673.37ms | tok/sec: 79,836 | bf16_mfu: 0.00 | epoch: 1 pq: 0 rg: 84 | total time: 8.27m | eta: 28.1m
step 00876/03814 (22.97%) | loss: 3.986195 | lrm: 1.00 | dt: 588.08ms | tok/sec: 91,416 | bf16_mfu: 0.00 | epoch: 1 pq: 0 rg: 84 | total time: 8.28m | eta: 28.1m
step 00877/03814 (22.99%) | loss: 3.966506 | lrm: 1.00 | dt: 567.03ms | tok/sec: 94,810 | bf16_mfu: 0.00 | epoch: 1 pq: 0 rg: 84 | total time: 8.29m | eta: 28.1m
step 00878/03814 (23.02%) | loss: 3.962564 | lrm: 1.00 | dt: 562.28ms | tok/sec: 95,610 | bf16_mfu: 0.00 | epoch: 1 pq: 0 rg: 84 | total time: 8.30m | eta: 28.1m
step 00879/03814 (23.05%) | loss: 3.968973 | lrm: 1.00 | dt: 564.34ms | tok/sec: 95,261 | bf16_mfu: 0.00 | epoch: 1 pq: 0 rg: 84 | total time: 8.31m | eta: 28.1m
step 00880/03814 (23.07%) | loss: 3.987910 | lrm: 1.00 | dt: 557.99ms | tok/sec: 96,345 | bf16_mfu: 0.00 | epoch: 1 pq: 0 rg: 84 | total time: 8.32m | eta: 28.0m
step 00881/03814 (23.10%) | loss: 3.985258 | lrm: 1.00 | dt: 560.51ms | tok/sec: 95,912 | bf16_mfu: 0.00 | epoch: 1 pq: 0 rg: 84 | total time: 8.33m | eta: 28.0m
step 00882/03814 (23.13%) | loss: 3.977846 | lrm: 1.00 | dt: 561.06ms | tok/sec: 95,818 | bf16_mfu: 0.00 | epoch: 1 pq: 0 rg: 84 | total time: 8.34m | eta: 28.0m
step 00883/03814 (23.15%) | loss: 3.980742 | lrm: 1.00 | dt: 718.68ms | tok/sec: 74,803 | bf16_mfu: 0.00 | epoch: 1 pq: 0 rg: 85 | total time: 8.35m | eta: 28.0m
step 00884/03814 (23.18%) | loss: 3.969409 | lrm: 1.00 | dt: 559.06ms | tok/sec: 96,162 | bf16_mfu: 0.00 | epoch: 1 pq: 0 rg: 85 | total time: 8.36m | eta: 28.0m
step 00885/03814 (23.20%) | loss: 3.982510 | lrm: 1.00 | dt: 565.52ms | tok/sec: 95,063 | bf16_mfu: 0.00 | epoch: 1 pq: 0 rg: 85 | total time: 8.37m | eta: 28.0m
step 00886/03814 (23.23%) | loss: 4.003542 | lrm: 1.00 | dt: 562.93ms | tok/sec: 95,501 | bf16_mfu: 0.00 | epoch: 1 pq: 0 rg: 85 | total time: 8.38m | eta: 28.0m
step 00887/03814 (23.26%) | loss: 4.001545 | lrm: 1.00 | dt: 574.55ms | tok/sec: 93,568 | bf16_mfu: 0.00 | epoch: 1 pq: 0 rg: 85 | total time: 8.39m | eta: 28.0m
step 00888/03814 (23.28%) | loss: 3.996075 | lrm: 1.00 | dt: 1024.95ms | tok/sec: 52,451 | bf16_mfu: 0.00 | epoch: 1 pq: 0 rg: 85 | total time: 8.40m | eta: 28.0m
step 00889/03814 (23.31%) | loss: 3.987650 | lrm: 1.00 | dt: 566.34ms | tok/sec: 94,925 | bf16_mfu: 0.00 | epoch: 1 pq: 0 rg: 85 | total time: 8.41m | eta: 28.0m
step 00890/03814 (23.34%) | loss: 3.992754 | lrm: 1.00 | dt: 563.79ms | tok/sec: 95,355 | bf16_mfu: 0.00 | epoch: 1 pq: 0 rg: 85 | total time: 8.42m | eta: 28.0m
step 00891/03814 (23.36%) | loss: 3.991722 | lrm: 1.00 | dt: 558.16ms | tok/sec: 96,316 | bf16_mfu: 0.00 | epoch: 1 pq: 0 rg: 85 | total time: 8.43m | eta: 28.0m
step 00892/03814 (23.39%) | loss: 3.986855 | lrm: 1.00 | dt: 558.76ms | tok/sec: 96,213 | bf16_mfu: 0.00 | epoch: 1 pq: 0 rg: 85 | total time: 8.44m | eta: 28.0m
step 00893/03814 (23.41%) | loss: 3.976126 | lrm: 1.00 | dt: 563.59ms | tok/sec: 95,388 | bf16_mfu: 0.00 | epoch: 1 pq: 0 rg: 85 | total time: 8.45m | eta: 28.0m
step 00894/03814 (23.44%) | loss: 3.964489 | lrm: 1.00 | dt: 600.77ms | tok/sec: 89,485 | bf16_mfu: 0.00 | epoch: 1 pq: 0 rg: 86 | total time: 8.46m | eta: 27.9m
step 00895/03814 (23.47%) | loss: 3.967884 | lrm: 1.00 | dt: 562.31ms | tok/sec: 95,604 | bf16_mfu: 0.00 | epoch: 1 pq: 0 rg: 86 | total time: 8.47m | eta: 27.9m
step 00896/03814 (23.49%) | loss: 3.973094 | lrm: 1.00 | dt: 559.27ms | tok/sec: 96,125 | bf16_mfu: 0.00 | epoch: 1 pq: 0 rg: 86 | total time: 8.48m | eta: 27.9m
step 00897/03814 (23.52%) | loss: 3.975928 | lrm: 1.00 | dt: 559.57ms | tok/sec: 96,073 | bf16_mfu: 0.00 | epoch: 1 pq: 0 rg: 86 | total time: 8.49m | eta: 27.9m
step 00898/03814 (23.54%) | loss: 3.955629 | lrm: 1.00 | dt: 557.45ms | tok/sec: 96,439 | bf16_mfu: 0.00 | epoch: 1 pq: 0 rg: 86 | total time: 8.50m | eta: 27.9m
step 00899/03814 (23.57%) | loss: 3.953810 | lrm: 1.00 | dt: 560.21ms | tok/sec: 95,963 | bf16_mfu: 0.00 | epoch: 1 pq: 0 rg: 86 | total time: 8.51m | eta: 27.9m
step 00900/03814 (23.60%) | loss: 3.945391 | lrm: 1.00 | dt: 556.76ms | tok/sec: 96,558 | bf16_mfu: 0.00 | epoch: 1 pq: 0 rg: 86 | total time: 8.52m | eta: 27.9m
step 00901/03814 (23.62%) | loss: 3.937740 | lrm: 1.00 | dt: 577.05ms | tok/sec: 93,163 | bf16_mfu: 0.00 | epoch: 1 pq: 0 rg: 86 | total time: 8.53m | eta: 27.9m
step 00902/03814 (23.65%) | loss: 3.959332 | lrm: 1.00 | dt: 591.98ms | tok/sec: 90,814 | bf16_mfu: 0.00 | epoch: 1 pq: 0 rg: 86 | total time: 8.53m | eta: 27.9m
step 00903/03814 (23.68%) | loss: 3.945203 | lrm: 1.00 | dt: 569.18ms | tok/sec: 94,451 | bf16_mfu: 0.00 | epoch: 1 pq: 0 rg: 86 | total time: 8.54m | eta: 27.9m
step 00904/03814 (23.70%) | loss: 3.949073 | lrm: 1.00 | dt: 558.91ms | tok/sec: 96,187 | bf16_mfu: 0.00 | epoch: 1 pq: 0 rg: 86 | total time: 8.55m | eta: 27.8m
step 00905/03814 (23.73%) | loss: 3.949943 | lrm: 1.00 | dt: 615.30ms | tok/sec: 87,372 | bf16_mfu: 0.00 | epoch: 1 pq: 0 rg: 87 | total time: 8.56m | eta: 27.8m
step 00906/03814 (23.75%) | loss: 3.934722 | lrm: 1.00 | dt: 559.74ms | tok/sec: 96,044 | bf16_mfu: 0.00 | epoch: 1 pq: 0 rg: 87 | total time: 8.57m | eta: 27.8m
step 00907/03814 (23.78%) | loss: 3.929095 | lrm: 1.00 | dt: 558.04ms | tok/sec: 96,337 | bf16_mfu: 0.00 | epoch: 1 pq: 0 rg: 87 | total time: 8.58m | eta: 27.8m
step 00908/03814 (23.81%) | loss: 3.932449 | lrm: 1.00 | dt: 563.74ms | tok/sec: 95,362 | bf16_mfu: 0.00 | epoch: 1 pq: 0 rg: 87 | total time: 8.59m | eta: 27.8m
step 00909/03814 (23.83%) | loss: 3.936591 | lrm: 1.00 | dt: 561.79ms | tok/sec: 95,694 | bf16_mfu: 0.00 | epoch: 1 pq: 0 rg: 87 | total time: 8.60m | eta: 27.8m
step 00910/03814 (23.86%) | loss: 3.940549 | lrm: 1.00 | dt: 556.97ms | tok/sec: 96,522 | bf16_mfu: 0.00 | epoch: 1 pq: 0 rg: 87 | total time: 8.61m | eta: 27.8m
step 00911/03814 (23.89%) | loss: 3.947770 | lrm: 1.00 | dt: 562.71ms | tok/sec: 95,538 | bf16_mfu: 0.00 | epoch: 1 pq: 0 rg: 87 | total time: 8.62m | eta: 27.8m
step 00912/03814 (23.91%) | loss: 3.964490 | lrm: 1.00 | dt: 563.09ms | tok/sec: 95,472 | bf16_mfu: 0.00 | epoch: 1 pq: 0 rg: 87 | total time: 8.63m | eta: 27.8m
step 00913/03814 (23.94%) | loss: 3.963362 | lrm: 1.00 | dt: 619.91ms | tok/sec: 86,721 | bf16_mfu: 0.00 | epoch: 1 pq: 0 rg: 87 | total time: 8.64m | eta: 27.8m
step 00914/03814 (23.96%) | loss: 3.965697 | lrm: 1.00 | dt: 560.73ms | tok/sec: 95,874 | bf16_mfu: 0.00 | epoch: 1 pq: 0 rg: 87 | total time: 8.65m | eta: 27.7m
step 00915/03814 (23.99%) | loss: 3.957130 | lrm: 1.00 | dt: 561.80ms | tok/sec: 95,691 | bf16_mfu: 0.00 | epoch: 1 pq: 0 rg: 87 | total time: 8.66m | eta: 27.7m
step 00916/03814 (24.02%) | loss: 3.961756 | lrm: 1.00 | dt: 573.90ms | tok/sec: 93,674 | bf16_mfu: 0.00 | epoch: 1 pq: 0 rg: 88 | total time: 8.67m | eta: 27.7m
step 00917/03814 (24.04%) | loss: 3.951075 | lrm: 1.00 | dt: 559.09ms | tok/sec: 96,155 | bf16_mfu: 0.00 | epoch: 1 pq: 0 rg: 88 | total time: 8.68m | eta: 27.7m
step 00918/03814 (24.07%) | loss: 3.947236 | lrm: 1.00 | dt: 563.87ms | tok/sec: 95,341 | bf16_mfu: 0.00 | epoch: 1 pq: 0 rg: 88 | total time: 8.69m | eta: 27.7m
step 00919/03814 (24.10%) | loss: 3.965407 | lrm: 1.00 | dt: 560.91ms | tok/sec: 95,844 | bf16_mfu: 0.00 | epoch: 1 pq: 0 rg: 88 | total time: 8.70m | eta: 27.7m
step 00920/03814 (24.12%) | loss: 3.989556 | lrm: 1.00 | dt: 556.46ms | tok/sec: 96,611 | bf16_mfu: 0.00 | epoch: 1 pq: 0 rg: 88 | total time: 8.71m | eta: 27.7m
step 00921/03814 (24.15%) | loss: 4.000199 | lrm: 1.00 | dt: 560.38ms | tok/sec: 95,935 | bf16_mfu: 0.00 | epoch: 1 pq: 0 rg: 88 | total time: 8.71m | eta: 27.7m
step 00922/03814 (24.17%) | loss: 3.987378 | lrm: 1.00 | dt: 563.76ms | tok/sec: 95,359 | bf16_mfu: 0.00 | epoch: 1 pq: 0 rg: 88 | total time: 8.72m | eta: 27.7m
step 00923/03814 (24.20%) | loss: 3.971222 | lrm: 1.00 | dt: 559.25ms | tok/sec: 96,128 | bf16_mfu: 0.00 | epoch: 1 pq: 0 rg: 88 | total time: 8.73m | eta: 27.7m
step 00924/03814 (24.23%) | loss: 3.984994 | lrm: 1.00 | dt: 560.08ms | tok/sec: 95,985 | bf16_mfu: 0.00 | epoch: 1 pq: 0 rg: 88 | total time: 8.74m | eta: 27.6m
step 00925/03814 (24.25%) | loss: 3.977445 | lrm: 1.00 | dt: 560.21ms | tok/sec: 95,963 | bf16_mfu: 0.00 | epoch: 1 pq: 0 rg: 88 | total time: 8.75m | eta: 27.6m
step 00926/03814 (24.28%) | loss: 3.965730 | lrm: 1.00 | dt: 560.48ms | tok/sec: 95,918 | bf16_mfu: 0.00 | epoch: 1 pq: 0 rg: 88 | total time: 8.76m | eta: 27.6m
step 00927/03814 (24.31%) | loss: 3.977852 | lrm: 1.00 | dt: 662.09ms | tok/sec: 81,197 | bf16_mfu: 0.00 | epoch: 1 pq: 0 rg: 89 | total time: 8.77m | eta: 27.6m
step 00928/03814 (24.33%) | loss: 3.967831 | lrm: 1.00 | dt: 564.25ms | tok/sec: 95,276 | bf16_mfu: 0.00 | epoch: 1 pq: 0 rg: 89 | total time: 8.78m | eta: 27.6m
step 00929/03814 (24.36%) | loss: 3.959988 | lrm: 1.00 | dt: 566.48ms | tok/sec: 94,901 | bf16_mfu: 0.00 | epoch: 1 pq: 0 rg: 89 | total time: 8.79m | eta: 27.6m
step 00930/03814 (24.38%) | loss: 3.962215 | lrm: 1.00 | dt: 561.74ms | tok/sec: 95,703 | bf16_mfu: 0.00 | epoch: 1 pq: 0 rg: 89 | total time: 8.80m | eta: 27.6m
step 00931/03814 (24.41%) | loss: 3.974282 | lrm: 1.00 | dt: 558.21ms | tok/sec: 96,307 | bf16_mfu: 0.00 | epoch: 1 pq: 0 rg: 89 | total time: 8.81m | eta: 27.6m
step 00932/03814 (24.44%) | loss: 3.993599 | lrm: 1.00 | dt: 560.19ms | tok/sec: 95,968 | bf16_mfu: 0.00 | epoch: 1 pq: 0 rg: 89 | total time: 8.82m | eta: 27.6m
step 00933/03814 (24.46%) | loss: 3.985527 | lrm: 1.00 | dt: 563.77ms | tok/sec: 95,357 | bf16_mfu: 0.00 | epoch: 1 pq: 0 rg: 89 | total time: 8.83m | eta: 27.6m
step 00934/03814 (24.49%) | loss: 3.993519 | lrm: 1.00 | dt: 557.46ms | tok/sec: 96,437 | bf16_mfu: 0.00 | epoch: 1 pq: 0 rg: 89 | total time: 8.84m | eta: 27.5m
step 00935/03814 (24.51%) | loss: 3.972662 | lrm: 1.00 | dt: 560.37ms | tok/sec: 95,937 | bf16_mfu: 0.00 | epoch: 1 pq: 0 rg: 89 | total time: 8.85m | eta: 27.5m
step 00936/03814 (24.54%) | loss: 3.971974 | lrm: 1.00 | dt: 657.33ms | tok/sec: 81,785 | bf16_mfu: 0.00 | epoch: 1 pq: 1 rg: 0 | total time: 8.86m | eta: 27.5m
step 00937/03814 (24.57%) | loss: 3.949512 | lrm: 1.00 | dt: 561.76ms | tok/sec: 95,699 | bf16_mfu: 0.00 | epoch: 1 pq: 1 rg: 0 | total time: 8.87m | eta: 27.5m
step 00938/03814 (24.59%) | loss: 3.966292 | lrm: 1.00 | dt: 572.44ms | tok/sec: 93,914 | bf16_mfu: 0.00 | epoch: 1 pq: 1 rg: 0 | total time: 8.88m | eta: 27.5m
step 00939/03814 (24.62%) | loss: 3.955925 | lrm: 1.00 | dt: 559.11ms | tok/sec: 96,153 | bf16_mfu: 0.00 | epoch: 1 pq: 1 rg: 0 | total time: 8.89m | eta: 27.5m
step 00940/03814 (24.65%) | loss: 3.966311 | lrm: 1.00 | dt: 562.90ms | tok/sec: 95,506 | bf16_mfu: 0.00 | epoch: 1 pq: 1 rg: 0 | total time: 8.90m | eta: 27.5m
step 00941/03814 (24.67%) | loss: 3.968313 | lrm: 1.00 | dt: 560.48ms | tok/sec: 95,917 | bf16_mfu: 0.00 | epoch: 1 pq: 1 rg: 0 | total time: 8.91m | eta: 27.5m
step 00942/03814 (24.70%) | loss: 3.990646 | lrm: 1.00 | dt: 559.64ms | tok/sec: 96,061 | bf16_mfu: 0.00 | epoch: 1 pq: 1 rg: 0 | total time: 8.91m | eta: 27.5m
step 00943/03814 (24.72%) | loss: 3.978417 | lrm: 1.00 | dt: 559.47ms | tok/sec: 96,091 | bf16_mfu: 0.00 | epoch: 1 pq: 1 rg: 0 | total time: 8.92m | eta: 27.5m
step 00944/03814 (24.75%) | loss: 3.976679 | lrm: 1.00 | dt: 557.77ms | tok/sec: 96,383 | bf16_mfu: 0.00 | epoch: 1 pq: 1 rg: 0 | total time: 8.93m | eta: 27.5m
step 00945/03814 (24.78%) | loss: 3.980242 | lrm: 1.00 | dt: 628.78ms | tok/sec: 85,499 | bf16_mfu: 0.00 | epoch: 1 pq: 1 rg: 0 | total time: 8.94m | eta: 27.4m
step 00946/03814 (24.80%) | loss: 3.991039 | lrm: 1.00 | dt: 605.92ms | tok/sec: 88,725 | bf16_mfu: 0.00 | epoch: 1 pq: 1 rg: 0 | total time: 8.95m | eta: 27.4m
step 00947/03814 (24.83%) | loss: 3.993634 | lrm: 1.00 | dt: 566.11ms | tok/sec: 94,963 | bf16_mfu: 0.00 | epoch: 1 pq: 1 rg: 0 | total time: 8.96m | eta: 27.4m
step 00948/03814 (24.86%) | loss: 3.999118 | lrm: 1.00 | dt: 678.84ms | tok/sec: 79,193 | bf16_mfu: 0.00 | epoch: 1 pq: 1 rg: 1 | total time: 8.97m | eta: 27.4m
step 00949/03814 (24.88%) | loss: 3.984239 | lrm: 1.00 | dt: 581.47ms | tok/sec: 92,455 | bf16_mfu: 0.00 | epoch: 1 pq: 1 rg: 1 | total time: 8.98m | eta: 27.4m
step 00950/03814 (24.91%) | loss: 3.972699 | lrm: 1.00 | dt: 564.15ms | tok/sec: 95,293 | bf16_mfu: 0.00 | epoch: 1 pq: 1 rg: 1 | total time: 8.99m | eta: 27.4m
step 00951/03814 (24.93%) | loss: 3.964661 | lrm: 1.00 | dt: 571.86ms | tok/sec: 94,009 | bf16_mfu: 0.00 | epoch: 1 pq: 1 rg: 1 | total time: 9.00m | eta: 27.4m
step 00952/03814 (24.96%) | loss: 3.968801 | lrm: 1.00 | dt: 557.05ms | tok/sec: 96,508 | bf16_mfu: 0.00 | epoch: 1 pq: 1 rg: 1 | total time: 9.01m | eta: 27.4m
step 00953/03814 (24.99%) | loss: 3.979485 | lrm: 1.00 | dt: 556.27ms | tok/sec: 96,643 | bf16_mfu: 0.00 | epoch: 1 pq: 1 rg: 1 | total time: 9.02m | eta: 27.4m
step 00954/03814 (25.01%) | loss: 3.975251 | lrm: 1.00 | dt: 561.36ms | tok/sec: 95,767 | bf16_mfu: 0.00 | epoch: 1 pq: 1 rg: 1 | total time: 9.03m | eta: 27.4m
step 00955/03814 (25.04%) | loss: 3.985565 | lrm: 1.00 | dt: 559.56ms | tok/sec: 96,074 | bf16_mfu: 0.00 | epoch: 1 pq: 1 rg: 1 | total time: 9.04m | eta: 27.4m
step 00956/03814 (25.07%) | loss: 3.998564 | lrm: 1.00 | dt: 557.41ms | tok/sec: 96,446 | bf16_mfu: 0.00 | epoch: 1 pq: 1 rg: 1 | total time: 9.05m | eta: 27.3m
step 00957/03814 (25.09%) | loss: 3.981906 | lrm: 1.00 | dt: 566.49ms | tok/sec: 94,900 | bf16_mfu: 0.00 | epoch: 1 pq: 1 rg: 1 | total time: 9.06m | eta: 27.3m
step 00958/03814 (25.12%) | loss: 3.953401 | lrm: 1.00 | dt: 558.23ms | tok/sec: 96,304 | bf16_mfu: 0.00 | epoch: 1 pq: 1 rg: 1 | total time: 9.07m | eta: 27.3m
step 00959/03814 (25.14%) | loss: 3.953695 | lrm: 1.00 | dt: 611.24ms | tok/sec: 87,952 | bf16_mfu: 0.00 | epoch: 1 pq: 1 rg: 2 | total time: 9.08m | eta: 27.3m
step 00960/03814 (25.17%) | loss: 3.963046 | lrm: 1.00 | dt: 573.39ms | tok/sec: 93,758 | bf16_mfu: 0.00 | epoch: 1 pq: 1 rg: 2 | total time: 9.09m | eta: 27.3m
step 00961/03814 (25.20%) | loss: 3.946416 | lrm: 1.00 | dt: 564.76ms | tok/sec: 95,190 | bf16_mfu: 0.00 | epoch: 1 pq: 1 rg: 2 | total time: 9.10m | eta: 27.3m
step 00962/03814 (25.22%) | loss: 3.949134 | lrm: 1.00 | dt: 558.81ms | tok/sec: 96,204 | bf16_mfu: 0.00 | epoch: 1 pq: 1 rg: 2 | total time: 9.11m | eta: 27.3m
step 00963/03814 (25.25%) | loss: 3.957351 | lrm: 1.00 | dt: 559.32ms | tok/sec: 96,117 | bf16_mfu: 0.00 | epoch: 1 pq: 1 rg: 2 | total time: 9.12m | eta: 27.3m
step 00964/03814 (25.28%) | loss: 3.944920 | lrm: 1.00 | dt: 559.29ms | tok/sec: 96,121 | bf16_mfu: 0.00 | epoch: 1 pq: 1 rg: 2 | total time: 9.13m | eta: 27.3m
step 00965/03814 (25.30%) | loss: 3.941489 | lrm: 1.00 | dt: 557.08ms | tok/sec: 96,503 | bf16_mfu: 0.00 | epoch: 1 pq: 1 rg: 2 | total time: 9.13m | eta: 27.3m
step 00966/03814 (25.33%) | loss: 3.923908 | lrm: 1.00 | dt: 560.75ms | tok/sec: 95,870 | bf16_mfu: 0.00 | epoch: 1 pq: 1 rg: 2 | total time: 9.14m | eta: 27.2m
step 00967/03814 (25.35%) | loss: 3.912302 | lrm: 1.00 | dt: 650.59ms | tok/sec: 82,633 | bf16_mfu: 0.00 | epoch: 1 pq: 1 rg: 2 | total time: 9.16m | eta: 27.2m
step 00968/03814 (25.38%) | loss: 3.914548 | lrm: 1.00 | dt: 568.30ms | tok/sec: 94,598 | bf16_mfu: 0.00 | epoch: 1 pq: 1 rg: 2 | total time: 9.16m | eta: 27.2m
step 00969/03814 (25.41%) | loss: 3.936057 | lrm: 1.00 | dt: 566.12ms | tok/sec: 94,961 | bf16_mfu: 0.00 | epoch: 1 pq: 1 rg: 2 | total time: 9.17m | eta: 27.2m
step 00970/03814 (25.43%) | loss: 3.930893 | lrm: 1.00 | dt: 681.95ms | tok/sec: 78,832 | bf16_mfu: 0.00 | epoch: 1 pq: 1 rg: 3 | total time: 9.19m | eta: 27.2m
step 00971/03814 (25.46%) | loss: 3.911214 | lrm: 1.00 | dt: 560.26ms | tok/sec: 95,955 | bf16_mfu: 0.00 | epoch: 1 pq: 1 rg: 3 | total time: 9.19m | eta: 27.2m
step 00972/03814 (25.49%) | loss: 3.914355 | lrm: 1.00 | dt: 615.43ms | tok/sec: 87,353 | bf16_mfu: 0.00 | epoch: 1 pq: 1 rg: 3 | total time: 9.20m | eta: 27.2m
step 00973/03814 (25.51%) | loss: 3.909612 | lrm: 1.00 | dt: 560.16ms | tok/sec: 95,972 | bf16_mfu: 0.00 | epoch: 1 pq: 1 rg: 3 | total time: 9.21m | eta: 27.2m
step 00974/03814 (25.54%) | loss: 3.917688 | lrm: 1.00 | dt: 558.39ms | tok/sec: 96,277 | bf16_mfu: 0.00 | epoch: 1 pq: 1 rg: 3 | total time: 9.22m | eta: 27.2m
step 00975/03814 (25.56%) | loss: 3.911774 | lrm: 1.00 | dt: 561.68ms | tok/sec: 95,713 | bf16_mfu: 0.00 | epoch: 1 pq: 1 rg: 3 | total time: 9.23m | eta: 27.2m
step 00976/03814 (25.59%) | loss: 3.913951 | lrm: 1.00 | dt: 560.67ms | tok/sec: 95,885 | bf16_mfu: 0.00 | epoch: 1 pq: 1 rg: 3 | total time: 9.24m | eta: 27.2m
step 00977/03814 (25.62%) | loss: 3.920364 | lrm: 1.00 | dt: 558.25ms | tok/sec: 96,301 | bf16_mfu: 0.00 | epoch: 1 pq: 1 rg: 3 | total time: 9.25m | eta: 27.1m
step 00978/03814 (25.64%) | loss: 3.916138 | lrm: 1.00 | dt: 568.63ms | tok/sec: 94,542 | bf16_mfu: 0.00 | epoch: 1 pq: 1 rg: 3 | total time: 9.26m | eta: 27.1m
step 00979/03814 (25.67%) | loss: 3.909774 | lrm: 1.00 | dt: 560.39ms | tok/sec: 95,933 | bf16_mfu: 0.00 | epoch: 1 pq: 1 rg: 3 | total time: 9.27m | eta: 27.1m
step 00980/03814 (25.69%) | loss: 3.902309 | lrm: 1.00 | dt: 605.14ms | tok/sec: 88,838 | bf16_mfu: 0.00 | epoch: 1 pq: 1 rg: 3 | total time: 9.28m | eta: 27.1m
step 00981/03814 (25.72%) | loss: 3.906051 | lrm: 1.00 | dt: 754.41ms | tok/sec: 71,260 | bf16_mfu: 0.00 | epoch: 1 pq: 1 rg: 4 | total time: 9.29m | eta: 27.1m
step 00982/03814 (25.75%) | loss: 3.903308 | lrm: 1.00 | dt: 561.54ms | tok/sec: 95,736 | bf16_mfu: 0.00 | epoch: 1 pq: 1 rg: 4 | total time: 9.30m | eta: 27.1m
step 00983/03814 (25.77%) | loss: 3.917227 | lrm: 1.00 | dt: 565.61ms | tok/sec: 95,047 | bf16_mfu: 0.00 | epoch: 1 pq: 1 rg: 4 | total time: 9.31m | eta: 27.1m
step 00984/03814 (25.80%) | loss: 3.922451 | lrm: 1.00 | dt: 557.35ms | tok/sec: 96,456 | bf16_mfu: 0.00 | epoch: 1 pq: 1 rg: 4 | total time: 9.32m | eta: 27.1m
step 00985/03814 (25.83%) | loss: 3.937858 | lrm: 1.00 | dt: 560.63ms | tok/sec: 95,891 | bf16_mfu: 0.00 | epoch: 1 pq: 1 rg: 4 | total time: 9.33m | eta: 27.1m
step 00986/03814 (25.85%) | loss: 3.927986 | lrm: 1.00 | dt: 562.58ms | tok/sec: 95,559 | bf16_mfu: 0.00 | epoch: 1 pq: 1 rg: 4 | total time: 9.34m | eta: 27.1m
step 00987/03814 (25.88%) | loss: 3.946218 | lrm: 1.00 | dt: 560.36ms | tok/sec: 95,938 | bf16_mfu: 0.00 | epoch: 1 pq: 1 rg: 4 | total time: 9.35m | eta: 27.1m
step 00988/03814 (25.90%) | loss: 3.961281 | lrm: 1.00 | dt: 556.51ms | tok/sec: 96,602 | bf16_mfu: 0.00 | epoch: 1 pq: 1 rg: 4 | total time: 9.36m | eta: 27.0m
step 00989/03814 (25.93%) | loss: 3.945938 | lrm: 1.00 | dt: 560.67ms | tok/sec: 95,885 | bf16_mfu: 0.00 | epoch: 1 pq: 1 rg: 4 | total time: 9.37m | eta: 27.0m
step 00990/03814 (25.96%) | loss: 3.937677 | lrm: 1.00 | dt: 556.20ms | tok/sec: 96,656 | bf16_mfu: 0.00 | epoch: 1 pq: 1 rg: 4 | total time: 9.38m | eta: 27.0m
step 00991/03814 (25.98%) | loss: 3.969085 | lrm: 1.00 | dt: 562.56ms | tok/sec: 95,563 | bf16_mfu: 0.00 | epoch: 1 pq: 1 rg: 4 | total time: 9.39m | eta: 27.0m
step 00992/03814 (26.01%) | loss: 3.979113 | lrm: 1.00 | dt: 662.42ms | tok/sec: 81,157 | bf16_mfu: 0.00 | epoch: 1 pq: 1 rg: 5 | total time: 9.40m | eta: 27.0m
step 00993/03814 (26.04%) | loss: 3.974649 | lrm: 1.00 | dt: 560.67ms | tok/sec: 95,884 | bf16_mfu: 0.00 | epoch: 1 pq: 1 rg: 5 | total time: 9.41m | eta: 27.0m
step 00994/03814 (26.06%) | loss: 3.982016 | lrm: 1.00 | dt: 559.11ms | tok/sec: 96,152 | bf16_mfu: 0.00 | epoch: 1 pq: 1 rg: 5 | total time: 9.42m | eta: 27.0m
step 00995/03814 (26.09%) | loss: 3.979749 | lrm: 1.00 | dt: 625.66ms | tok/sec: 85,925 | bf16_mfu: 0.00 | epoch: 1 pq: 1 rg: 5 | total time: 9.43m | eta: 27.0m
step 00996/03814 (26.11%) | loss: 3.958771 | lrm: 1.00 | dt: 564.37ms | tok/sec: 95,256 | bf16_mfu: 0.00 | epoch: 1 pq: 1 rg: 5 | total time: 9.44m | eta: 27.0m
step 00997/03814 (26.14%) | loss: 3.958228 | lrm: 1.00 | dt: 564.03ms | tok/sec: 95,313 | bf16_mfu: 0.00 | epoch: 1 pq: 1 rg: 5 | total time: 9.45m | eta: 27.0m
step 00998/03814 (26.17%) | loss: 3.935315 | lrm: 1.00 | dt: 556.68ms | tok/sec: 96,572 | bf16_mfu: 0.00 | epoch: 1 pq: 1 rg: 5 | total time: 9.45m | eta: 26.9m
step 00999/03814 (26.19%) | loss: 3.938731 | lrm: 1.00 | dt: 562.33ms | tok/sec: 95,602 | bf16_mfu: 0.00 | epoch: 1 pq: 1 rg: 5 | total time: 9.46m | eta: 26.9m
Step 01000 | Validation bpb: 0.896463
step 01000/03814 (26.22%) | loss: 3.934683 | lrm: 1.00 | dt: 556.59ms | tok/sec: 96,588 | bf16_mfu: 0.00 | epoch: 1 pq: 1 rg: 5 | total time: 9.47m | eta: 26.9m
step 01001/03814 (26.25%) | loss: 3.935838 | lrm: 1.00 | dt: 551.23ms | tok/sec: 97,526 | bf16_mfu: 0.00 | epoch: 1 pq: 1 rg: 5 | total time: 9.48m | eta: 26.9m
step 01002/03814 (26.27%) | loss: 3.934924 | lrm: 1.00 | dt: 553.21ms | tok/sec: 97,178 | bf16_mfu: 0.00 | epoch: 1 pq: 1 rg: 5 | total time: 9.49m | eta: 26.9m
step 01003/03814 (26.30%) | loss: 3.927500 | lrm: 1.00 | dt: 574.41ms | tok/sec: 93,591 | bf16_mfu: 0.00 | epoch: 1 pq: 1 rg: 6 | total time: 9.50m | eta: 26.9m
step 01004/03814 (26.32%) | loss: 3.923442 | lrm: 1.00 | dt: 554.23ms | tok/sec: 96,998 | bf16_mfu: 0.00 | epoch: 1 pq: 1 rg: 6 | total time: 9.51m | eta: 26.9m
step 01005/03814 (26.35%) | loss: 3.913607 | lrm: 1.00 | dt: 557.76ms | tok/sec: 96,384 | bf16_mfu: 0.00 | epoch: 1 pq: 1 rg: 6 | total time: 9.52m | eta: 26.9m
step 01006/03814 (26.38%) | loss: 3.904997 | lrm: 1.00 | dt: 555.10ms | tok/sec: 96,846 | bf16_mfu: 0.00 | epoch: 1 pq: 1 rg: 6 | total time: 9.53m | eta: 26.9m
step 01007/03814 (26.40%) | loss: 3.907829 | lrm: 1.00 | dt: 557.38ms | tok/sec: 96,451 | bf16_mfu: 0.00 | epoch: 1 pq: 1 rg: 6 | total time: 9.54m | eta: 26.9m
step 01008/03814 (26.43%) | loss: 3.906615 | lrm: 1.00 | dt: 615.73ms | tok/sec: 87,311 | bf16_mfu: 0.00 | epoch: 1 pq: 1 rg: 6 | total time: 9.55m | eta: 26.8m
step 01009/03814 (26.46%) | loss: 3.907919 | lrm: 1.00 | dt: 669.10ms | tok/sec: 80,346 | bf16_mfu: 0.00 | epoch: 1 pq: 1 rg: 6 | total time: 9.56m | eta: 26.8m
step 01010/03814 (26.48%) | loss: 3.903739 | lrm: 1.00 | dt: 559.67ms | tok/sec: 96,056 | bf16_mfu: 0.00 | epoch: 1 pq: 1 rg: 6 | total time: 9.57m | eta: 26.8m
step 01011/03814 (26.51%) | loss: 3.899141 | lrm: 1.00 | dt: 561.39ms | tok/sec: 95,762 | bf16_mfu: 0.00 | epoch: 1 pq: 1 rg: 6 | total time: 9.58m | eta: 26.8m
step 01012/03814 (26.53%) | loss: 3.899751 | lrm: 1.00 | dt: 559.98ms | tok/sec: 96,004 | bf16_mfu: 0.00 | epoch: 1 pq: 1 rg: 6 | total time: 9.59m | eta: 26.8m
step 01013/03814 (26.56%) | loss: 3.892563 | lrm: 1.00 | dt: 559.43ms | tok/sec: 96,097 | bf16_mfu: 0.00 | epoch: 1 pq: 1 rg: 6 | total time: 9.60m | eta: 26.8m
step 01014/03814 (26.59%) | loss: 3.894815 | lrm: 1.00 | dt: 564.58ms | tok/sec: 95,220 | bf16_mfu: 0.00 | epoch: 1 pq: 1 rg: 6 | total time: 9.61m | eta: 26.8m
step 01015/03814 (26.61%) | loss: 3.900146 | lrm: 1.00 | dt: 725.56ms | tok/sec: 74,094 | bf16_mfu: 0.00 | epoch: 1 pq: 1 rg: 7 | total time: 9.62m | eta: 26.8m
step 01016/03814 (26.64%) | loss: 3.877965 | lrm: 1.00 | dt: 565.42ms | tok/sec: 95,080 | bf16_mfu: 0.00 | epoch: 1 pq: 1 rg: 7 | total time: 9.63m | eta: 26.8m
step 01017/03814 (26.66%) | loss: 3.878784 | lrm: 1.00 | dt: 567.50ms | tok/sec: 94,732 | bf16_mfu: 0.00 | epoch: 1 pq: 1 rg: 7 | total time: 9.64m | eta: 26.8m
step 01018/03814 (26.69%) | loss: 3.883388 | lrm: 1.00 | dt: 574.34ms | tok/sec: 93,602 | bf16_mfu: 0.00 | epoch: 1 pq: 1 rg: 7 | total time: 9.65m | eta: 26.8m
step 01019/03814 (26.72%) | loss: 3.895531 | lrm: 1.00 | dt: 567.84ms | tok/sec: 94,674 | bf16_mfu: 0.00 | epoch: 1 pq: 1 rg: 7 | total time: 9.66m | eta: 26.7m
step 01020/03814 (26.74%) | loss: 3.910394 | lrm: 1.00 | dt: 584.67ms | tok/sec: 91,949 | bf16_mfu: 0.00 | epoch: 1 pq: 1 rg: 7 | total time: 9.67m | eta: 26.7m
step 01021/03814 (26.77%) | loss: 3.909867 | lrm: 1.00 | dt: 569.76ms | tok/sec: 94,355 | bf16_mfu: 0.00 | epoch: 1 pq: 1 rg: 7 | total time: 9.68m | eta: 26.7m
step 01022/03814 (26.80%) | loss: 3.910621 | lrm: 1.00 | dt: 587.67ms | tok/sec: 91,480 | bf16_mfu: 0.00 | epoch: 1 pq: 1 rg: 7 | total time: 9.69m | eta: 26.7m
step 01023/03814 (26.82%) | loss: 3.927010 | lrm: 1.00 | dt: 566.93ms | tok/sec: 94,827 | bf16_mfu: 0.00 | epoch: 1 pq: 1 rg: 7 | total time: 9.70m | eta: 26.7m
step 01024/03814 (26.85%) | loss: 3.936502 | lrm: 1.00 | dt: 566.49ms | tok/sec: 94,899 | bf16_mfu: 0.00 | epoch: 1 pq: 1 rg: 7 | total time: 9.70m | eta: 26.7m
step 01025/03814 (26.87%) | loss: 3.932201 | lrm: 1.00 | dt: 568.06ms | tok/sec: 94,638 | bf16_mfu: 0.00 | epoch: 1 pq: 1 rg: 7 | total time: 9.71m | eta: 26.7m
step 01026/03814 (26.90%) | loss: 3.920652 | lrm: 1.00 | dt: 688.24ms | tok/sec: 78,112 | bf16_mfu: 0.00 | epoch: 1 pq: 1 rg: 8 | total time: 9.73m | eta: 26.7m
step 01027/03814 (26.93%) | loss: 3.937962 | lrm: 1.00 | dt: 567.91ms | tok/sec: 94,663 | bf16_mfu: 0.00 | epoch: 1 pq: 1 rg: 8 | total time: 9.73m | eta: 26.7m
step 01028/03814 (26.95%) | loss: 3.937264 | lrm: 1.00 | dt: 578.87ms | tok/sec: 92,870 | bf16_mfu: 0.00 | epoch: 1 pq: 1 rg: 8 | total time: 9.74m | eta: 26.7m
step 01029/03814 (26.98%) | loss: 3.925074 | lrm: 1.00 | dt: 575.58ms | tok/sec: 93,400 | bf16_mfu: 0.00 | epoch: 1 pq: 1 rg: 8 | total time: 9.75m | eta: 26.7m
step 01030/03814 (27.01%) | loss: 3.927043 | lrm: 1.00 | dt: 567.84ms | tok/sec: 94,673 | bf16_mfu: 0.00 | epoch: 1 pq: 1 rg: 8 | total time: 9.76m | eta: 26.6m
step 01031/03814 (27.03%) | loss: 3.929080 | lrm: 1.00 | dt: 588.42ms | tok/sec: 91,363 | bf16_mfu: 0.00 | epoch: 1 pq: 1 rg: 8 | total time: 9.77m | eta: 26.6m
step 01032/03814 (27.06%) | loss: 3.925779 | lrm: 1.00 | dt: 569.14ms | tok/sec: 94,458 | bf16_mfu: 0.00 | epoch: 1 pq: 1 rg: 8 | total time: 9.78m | eta: 26.6m
step 01033/03814 (27.08%) | loss: 3.943503 | lrm: 1.00 | dt: 572.54ms | tok/sec: 93,897 | bf16_mfu: 0.00 | epoch: 1 pq: 1 rg: 8 | total time: 9.79m | eta: 26.6m
step 01034/03814 (27.11%) | loss: 3.934459 | lrm: 1.00 | dt: 578.97ms | tok/sec: 92,855 | bf16_mfu: 0.00 | epoch: 1 pq: 1 rg: 8 | total time: 9.80m | eta: 26.6m
step 01035/03814 (27.14%) | loss: 3.919495 | lrm: 1.00 | dt: 581.01ms | tok/sec: 92,529 | bf16_mfu: 0.00 | epoch: 1 pq: 1 rg: 8 | total time: 9.81m | eta: 26.6m
step 01036/03814 (27.16%) | loss: 3.913145 | lrm: 1.00 | dt: 575.78ms | tok/sec: 93,369 | bf16_mfu: 0.00 | epoch: 1 pq: 1 rg: 8 | total time: 9.82m | eta: 26.6m
step 01037/03814 (27.19%) | loss: 3.922258 | lrm: 1.00 | dt: 586.56ms | tok/sec: 91,653 | bf16_mfu: 0.00 | epoch: 1 pq: 1 rg: 9 | total time: 9.83m | eta: 26.6m
step 01038/03814 (27.22%) | loss: 3.922784 | lrm: 1.00 | dt: 568.19ms | tok/sec: 94,617 | bf16_mfu: 0.00 | epoch: 1 pq: 1 rg: 9 | total time: 9.84m | eta: 26.6m
step 01039/03814 (27.24%) | loss: 3.919246 | lrm: 1.00 | dt: 568.24ms | tok/sec: 94,607 | bf16_mfu: 0.00 | epoch: 1 pq: 1 rg: 9 | total time: 9.85m | eta: 26.6m
step 01040/03814 (27.27%) | loss: 3.911333 | lrm: 1.00 | dt: 575.03ms | tok/sec: 93,490 | bf16_mfu: 0.00 | epoch: 1 pq: 1 rg: 9 | total time: 9.86m | eta: 26.6m
step 01041/03814 (27.29%) | loss: 3.900870 | lrm: 1.00 | dt: 575.43ms | tok/sec: 93,425 | bf16_mfu: 0.00 | epoch: 1 pq: 1 rg: 9 | total time: 9.87m | eta: 26.5m
step 01042/03814 (27.32%) | loss: 3.889565 | lrm: 1.00 | dt: 568.30ms | tok/sec: 94,597 | bf16_mfu: 0.00 | epoch: 1 pq: 1 rg: 9 | total time: 9.88m | eta: 26.5m
step 01043/03814 (27.35%) | loss: 3.905147 | lrm: 1.00 | dt: 570.53ms | tok/sec: 94,227 | bf16_mfu: 0.00 | epoch: 1 pq: 1 rg: 9 | total time: 9.89m | eta: 26.5m
step 01044/03814 (27.37%) | loss: 3.916372 | lrm: 1.00 | dt: 574.91ms | tok/sec: 93,510 | bf16_mfu: 0.00 | epoch: 1 pq: 1 rg: 9 | total time: 9.90m | eta: 26.5m
step 01045/03814 (27.40%) | loss: 3.919795 | lrm: 1.00 | dt: 575.24ms | tok/sec: 93,457 | bf16_mfu: 0.00 | epoch: 1 pq: 1 rg: 9 | total time: 9.91m | eta: 26.5m
step 01046/03814 (27.43%) | loss: 3.916911 | lrm: 1.00 | dt: 568.98ms | tok/sec: 94,485 | bf16_mfu: 0.00 | epoch: 1 pq: 1 rg: 9 | total time: 9.92m | eta: 26.5m
step 01047/03814 (27.45%) | loss: 3.906044 | lrm: 1.00 | dt: 566.41ms | tok/sec: 94,912 | bf16_mfu: 0.00 | epoch: 1 pq: 1 rg: 9 | total time: 9.93m | eta: 26.5m
step 01048/03814 (27.48%) | loss: 3.913753 | lrm: 1.00 | dt: 667.24ms | tok/sec: 80,570 | bf16_mfu: 0.00 | epoch: 1 pq: 1 rg: 10 | total time: 9.94m | eta: 26.5m
step 01049/03814 (27.50%) | loss: 3.926701 | lrm: 1.00 | dt: 567.35ms | tok/sec: 94,755 | bf16_mfu: 0.00 | epoch: 1 pq: 1 rg: 10 | total time: 9.95m | eta: 26.5m
step 01050/03814 (27.53%) | loss: 3.920946 | lrm: 1.00 | dt: 566.47ms | tok/sec: 94,902 | bf16_mfu: 0.00 | epoch: 1 pq: 1 rg: 10 | total time: 9.96m | eta: 26.5m
step 01051/03814 (27.56%) | loss: 3.950467 | lrm: 1.00 | dt: 565.81ms | tok/sec: 95,014 | bf16_mfu: 0.00 | epoch: 1 pq: 1 rg: 10 | total time: 9.97m | eta: 26.5m
step 01052/03814 (27.58%) | loss: 3.955732 | lrm: 1.00 | dt: 596.01ms | tok/sec: 90,199 | bf16_mfu: 0.00 | epoch: 1 pq: 1 rg: 10 | total time: 9.98m | eta: 26.4m
step 01053/03814 (27.61%) | loss: 3.942924 | lrm: 1.00 | dt: 572.53ms | tok/sec: 93,899 | bf16_mfu: 0.00 | epoch: 1 pq: 1 rg: 10 | total time: 9.99m | eta: 26.4m
step 01054/03814 (27.64%) | loss: 3.933827 | lrm: 1.00 | dt: 573.59ms | tok/sec: 93,725 | bf16_mfu: 0.00 | epoch: 1 pq: 1 rg: 10 | total time: 9.99m | eta: 26.4m
step 01055/03814 (27.66%) | loss: 3.940964 | lrm: 1.00 | dt: 563.34ms | tok/sec: 95,429 | bf16_mfu: 0.00 | epoch: 1 pq: 1 rg: 10 | total time: 10.00m | eta: 26.4m
step 01056/03814 (27.69%) | loss: 3.945001 | lrm: 1.00 | dt: 564.91ms | tok/sec: 95,165 | bf16_mfu: 0.00 | epoch: 1 pq: 1 rg: 10 | total time: 10.01m | eta: 26.4m
step 01057/03814 (27.71%) | loss: 3.948673 | lrm: 1.00 | dt: 571.03ms | tok/sec: 94,146 | bf16_mfu: 0.00 | epoch: 1 pq: 1 rg: 10 | total time: 10.02m | eta: 26.4m
step 01058/03814 (27.74%) | loss: 3.932384 | lrm: 1.00 | dt: 562.44ms | tok/sec: 95,583 | bf16_mfu: 0.00 | epoch: 1 pq: 1 rg: 10 | total time: 10.03m | eta: 26.4m
step 01059/03814 (27.77%) | loss: 3.961131 | lrm: 1.00 | dt: 620.89ms | tok/sec: 86,585 | bf16_mfu: 0.00 | epoch: 1 pq: 1 rg: 11 | total time: 10.04m | eta: 26.4m
step 01060/03814 (27.79%) | loss: 3.935260 | lrm: 1.00 | dt: 695.25ms | tok/sec: 77,324 | bf16_mfu: 0.00 | epoch: 1 pq: 1 rg: 11 | total time: 10.05m | eta: 26.4m
step 01061/03814 (27.82%) | loss: 3.926290 | lrm: 1.00 | dt: 564.72ms | tok/sec: 95,197 | bf16_mfu: 0.00 | epoch: 1 pq: 1 rg: 11 | total time: 10.06m | eta: 26.4m
step 01062/03814 (27.84%) | loss: 3.923431 | lrm: 1.00 | dt: 557.84ms | tok/sec: 96,371 | bf16_mfu: 0.00 | epoch: 1 pq: 1 rg: 11 | total time: 10.07m | eta: 26.4m
step 01063/03814 (27.87%) | loss: 3.910978 | lrm: 1.00 | dt: 637.80ms | tok/sec: 84,289 | bf16_mfu: 0.00 | epoch: 1 pq: 1 rg: 11 | total time: 10.08m | eta: 26.3m
step 01064/03814 (27.90%) | loss: 3.902116 | lrm: 1.00 | dt: 563.05ms | tok/sec: 95,479 | bf16_mfu: 0.00 | epoch: 1 pq: 1 rg: 11 | total time: 10.09m | eta: 26.3m
step 01065/03814 (27.92%) | loss: 3.908443 | lrm: 1.00 | dt: 615.94ms | tok/sec: 87,281 | bf16_mfu: 0.00 | epoch: 1 pq: 1 rg: 11 | total time: 10.10m | eta: 26.3m
step 01066/03814 (27.95%) | loss: 3.895800 | lrm: 1.00 | dt: 565.17ms | tok/sec: 95,122 | bf16_mfu: 0.00 | epoch: 1 pq: 1 rg: 11 | total time: 10.11m | eta: 26.3m
step 01067/03814 (27.98%) | loss: 3.894220 | lrm: 1.00 | dt: 563.67ms | tok/sec: 95,374 | bf16_mfu: 0.00 | epoch: 1 pq: 1 rg: 11 | total time: 10.12m | eta: 26.3m
step 01068/03814 (28.00%) | loss: 3.874669 | lrm: 1.00 | dt: 557.59ms | tok/sec: 96,414 | bf16_mfu: 0.00 | epoch: 1 pq: 1 rg: 11 | total time: 10.13m | eta: 26.3m
step 01069/03814 (28.03%) | loss: 3.862900 | lrm: 1.00 | dt: 558.92ms | tok/sec: 96,185 | bf16_mfu: 0.00 | epoch: 1 pq: 1 rg: 11 | total time: 10.14m | eta: 26.3m
step 01070/03814 (28.05%) | loss: 3.863687 | lrm: 1.00 | dt: 626.13ms | tok/sec: 85,861 | bf16_mfu: 0.00 | epoch: 1 pq: 1 rg: 12 | total time: 10.15m | eta: 26.3m
step 01071/03814 (28.08%) | loss: 3.875582 | lrm: 1.00 | dt: 561.06ms | tok/sec: 95,817 | bf16_mfu: 0.00 | epoch: 1 pq: 1 rg: 12 | total time: 10.16m | eta: 26.3m
step 01072/03814 (28.11%) | loss: 3.860128 | lrm: 1.00 | dt: 600.16ms | tok/sec: 89,576 | bf16_mfu: 0.00 | epoch: 1 pq: 1 rg: 12 | total time: 10.17m | eta: 26.3m
step 01073/03814 (28.13%) | loss: 3.889360 | lrm: 1.00 | dt: 587.91ms | tok/sec: 91,442 | bf16_mfu: 0.00 | epoch: 1 pq: 1 rg: 12 | total time: 10.18m | eta: 26.3m
step 01074/03814 (28.16%) | loss: 3.881699 | lrm: 1.00 | dt: 556.12ms | tok/sec: 96,670 | bf16_mfu: 0.00 | epoch: 1 pq: 1 rg: 12 | total time: 10.19m | eta: 26.2m
step 01075/03814 (28.19%) | loss: 3.892570 | lrm: 1.00 | dt: 557.37ms | tok/sec: 96,453 | bf16_mfu: 0.00 | epoch: 1 pq: 1 rg: 12 | total time: 10.20m | eta: 26.2m
step 01076/03814 (28.21%) | loss: 3.894050 | lrm: 1.00 | dt: 557.94ms | tok/sec: 96,354 | bf16_mfu: 0.00 | epoch: 1 pq: 1 rg: 12 | total time: 10.21m | eta: 26.2m
step 01077/03814 (28.24%) | loss: 3.909256 | lrm: 1.00 | dt: 560.58ms | tok/sec: 95,900 | bf16_mfu: 0.00 | epoch: 1 pq: 1 rg: 12 | total time: 10.22m | eta: 26.2m
step 01078/03814 (28.26%) | loss: 3.888890 | lrm: 1.00 | dt: 552.97ms | tok/sec: 97,219 | bf16_mfu: 0.00 | epoch: 1 pq: 1 rg: 12 | total time: 10.23m | eta: 26.2m
step 01079/03814 (28.29%) | loss: 3.889003 | lrm: 1.00 | dt: 557.39ms | tok/sec: 96,449 | bf16_mfu: 0.00 | epoch: 1 pq: 1 rg: 12 | total time: 10.24m | eta: 26.2m
step 01080/03814 (28.32%) | loss: 3.895249 | lrm: 1.00 | dt: 684.18ms | tok/sec: 78,576 | bf16_mfu: 0.00 | epoch: 1 pq: 1 rg: 12 | total time: 10.25m | eta: 26.2m
step 01081/03814 (28.34%) | loss: 3.881624 | lrm: 1.00 | dt: 622.44ms | tok/sec: 86,370 | bf16_mfu: 0.00 | epoch: 1 pq: 1 rg: 13 | total time: 10.26m | eta: 26.2m
step 01082/03814 (28.37%) | loss: 3.882574 | lrm: 1.00 | dt: 557.94ms | tok/sec: 96,354 | bf16_mfu: 0.00 | epoch: 1 pq: 1 rg: 13 | total time: 10.27m | eta: 26.2m
step 01083/03814 (28.40%) | loss: 3.886008 | lrm: 1.00 | dt: 595.00ms | tok/sec: 90,353 | bf16_mfu: 0.00 | epoch: 1 pq: 1 rg: 13 | total time: 10.28m | eta: 26.2m
step 01084/03814 (28.42%) | loss: 3.874564 | lrm: 1.00 | dt: 601.88ms | tok/sec: 89,320 | bf16_mfu: 0.00 | epoch: 1 pq: 1 rg: 13 | total time: 10.29m | eta: 26.1m
step 01085/03814 (28.45%) | loss: 3.886385 | lrm: 1.00 | dt: 557.54ms | tok/sec: 96,422 | bf16_mfu: 0.00 | epoch: 1 pq: 1 rg: 13 | total time: 10.30m | eta: 26.1m
step 01086/03814 (28.47%) | loss: 3.891656 | lrm: 1.00 | dt: 556.92ms | tok/sec: 96,531 | bf16_mfu: 0.00 | epoch: 1 pq: 1 rg: 13 | total time: 10.31m | eta: 26.1m
step 01087/03814 (28.50%) | loss: 3.890501 | lrm: 1.00 | dt: 555.89ms | tok/sec: 96,710 | bf16_mfu: 0.00 | epoch: 1 pq: 1 rg: 13 | total time: 10.31m | eta: 26.1m
step 01088/03814 (28.53%) | loss: 3.882140 | lrm: 1.00 | dt: 556.45ms | tok/sec: 96,613 | bf16_mfu: 0.00 | epoch: 1 pq: 1 rg: 13 | total time: 10.32m | eta: 26.1m
step 01089/03814 (28.55%) | loss: 3.882178 | lrm: 1.00 | dt: 555.88ms | tok/sec: 96,710 | bf16_mfu: 0.00 | epoch: 1 pq: 1 rg: 13 | total time: 10.33m | eta: 26.1m
step 01090/03814 (28.58%) | loss: 3.892479 | lrm: 1.00 | dt: 556.78ms | tok/sec: 96,554 | bf16_mfu: 0.00 | epoch: 1 pq: 1 rg: 13 | total time: 10.34m | eta: 26.1m
step 01091/03814 (28.61%) | loss: 3.906922 | lrm: 1.00 | dt: 554.71ms | tok/sec: 96,916 | bf16_mfu: 0.00 | epoch: 1 pq: 1 rg: 13 | total time: 10.35m | eta: 26.1m
step 01092/03814 (28.63%) | loss: 3.915554 | lrm: 1.00 | dt: 717.01ms | tok/sec: 74,978 | bf16_mfu: 0.00 | epoch: 1 pq: 1 rg: 14 | total time: 10.36m | eta: 26.1m
step 01093/03814 (28.66%) | loss: 3.911237 | lrm: 1.00 | dt: 555.81ms | tok/sec: 96,723 | bf16_mfu: 0.00 | epoch: 1 pq: 1 rg: 14 | total time: 10.37m | eta: 26.1m
step 01094/03814 (28.68%) | loss: 3.903217 | lrm: 1.00 | dt: 562.74ms | tok/sec: 95,531 | bf16_mfu: 0.00 | epoch: 1 pq: 1 rg: 14 | total time: 10.38m | eta: 26.1m
step 01095/03814 (28.71%) | loss: 3.909762 | lrm: 1.00 | dt: 553.90ms | tok/sec: 97,057 | bf16_mfu: 0.00 | epoch: 1 pq: 1 rg: 14 | total time: 10.39m | eta: 26.0m
step 01096/03814 (28.74%) | loss: 3.909349 | lrm: 1.00 | dt: 554.53ms | tok/sec: 96,947 | bf16_mfu: 0.00 | epoch: 1 pq: 1 rg: 14 | total time: 10.40m | eta: 26.0m
step 01097/03814 (28.76%) | loss: 3.883635 | lrm: 1.00 | dt: 558.26ms | tok/sec: 96,299 | bf16_mfu: 0.00 | epoch: 1 pq: 1 rg: 14 | total time: 10.41m | eta: 26.0m
step 01098/03814 (28.79%) | loss: 3.887728 | lrm: 1.00 | dt: 556.86ms | tok/sec: 96,542 | bf16_mfu: 0.00 | epoch: 1 pq: 1 rg: 14 | total time: 10.42m | eta: 26.0m
step 01099/03814 (28.81%) | loss: 3.878374 | lrm: 1.00 | dt: 553.90ms | tok/sec: 97,056 | bf16_mfu: 0.00 | epoch: 1 pq: 1 rg: 14 | total time: 10.43m | eta: 26.0m
step 01100/03814 (28.84%) | loss: 3.881273 | lrm: 1.00 | dt: 556.92ms | tok/sec: 96,530 | bf16_mfu: 0.00 | epoch: 1 pq: 1 rg: 14 | total time: 10.44m | eta: 26.0m
step 01101/03814 (28.87%) | loss: 3.877511 | lrm: 1.00 | dt: 554.05ms | tok/sec: 97,031 | bf16_mfu: 0.00 | epoch: 1 pq: 1 rg: 14 | total time: 10.45m | eta: 26.0m
step 01102/03814 (28.89%) | loss: 3.882336 | lrm: 1.00 | dt: 559.09ms | tok/sec: 96,157 | bf16_mfu: 0.00 | epoch: 1 pq: 1 rg: 14 | total time: 10.46m | eta: 26.0m
step 01103/03814 (28.92%) | loss: 3.876826 | lrm: 1.00 | dt: 555.17ms | tok/sec: 96,834 | bf16_mfu: 0.00 | epoch: 1 pq: 1 rg: 14 | total time: 10.47m | eta: 26.0m
step 01104/03814 (28.95%) | loss: 3.892531 | lrm: 1.00 | dt: 791.64ms | tok/sec: 67,909 | bf16_mfu: 0.00 | epoch: 1 pq: 1 rg: 15 | total time: 10.48m | eta: 26.0m
step 01105/03814 (28.97%) | loss: 3.886803 | lrm: 1.00 | dt: 595.79ms | tok/sec: 90,232 | bf16_mfu: 0.00 | epoch: 1 pq: 1 rg: 15 | total time: 10.49m | eta: 25.9m
step 01106/03814 (29.00%) | loss: 3.907681 | lrm: 1.00 | dt: 555.79ms | tok/sec: 96,727 | bf16_mfu: 0.00 | epoch: 1 pq: 1 rg: 15 | total time: 10.50m | eta: 25.9m
step 01107/03814 (29.02%) | loss: 3.905574 | lrm: 1.00 | dt: 555.17ms | tok/sec: 96,835 | bf16_mfu: 0.00 | epoch: 1 pq: 1 rg: 15 | total time: 10.51m | eta: 25.9m
step 01108/03814 (29.05%) | loss: 3.901582 | lrm: 1.00 | dt: 644.76ms | tok/sec: 83,379 | bf16_mfu: 0.00 | epoch: 1 pq: 1 rg: 15 | total time: 10.52m | eta: 25.9m
step 01109/03814 (29.08%) | loss: 3.888643 | lrm: 1.00 | dt: 553.04ms | tok/sec: 97,208 | bf16_mfu: 0.00 | epoch: 1 pq: 1 rg: 15 | total time: 10.53m | eta: 25.9m
step 01110/03814 (29.10%) | loss: 3.880798 | lrm: 1.00 | dt: 555.53ms | tok/sec: 96,772 | bf16_mfu: 0.00 | epoch: 1 pq: 1 rg: 15 | total time: 10.54m | eta: 25.9m
step 01111/03814 (29.13%) | loss: 3.874261 | lrm: 1.00 | dt: 557.23ms | tok/sec: 96,477 | bf16_mfu: 0.00 | epoch: 1 pq: 1 rg: 15 | total time: 10.55m | eta: 25.9m
step 01112/03814 (29.16%) | loss: 3.871642 | lrm: 1.00 | dt: 555.01ms | tok/sec: 96,863 | bf16_mfu: 0.00 | epoch: 1 pq: 1 rg: 15 | total time: 10.56m | eta: 25.9m
step 01113/03814 (29.18%) | loss: 3.879489 | lrm: 1.00 | dt: 584.76ms | tok/sec: 91,935 | bf16_mfu: 0.00 | epoch: 1 pq: 1 rg: 15 | total time: 10.57m | eta: 25.9m
step 01114/03814 (29.21%) | loss: 3.876297 | lrm: 1.00 | dt: 559.38ms | tok/sec: 96,106 | bf16_mfu: 0.00 | epoch: 1 pq: 1 rg: 15 | total time: 10.57m | eta: 25.9m
step 01115/03814 (29.23%) | loss: 3.903990 | lrm: 1.00 | dt: 571.98ms | tok/sec: 93,989 | bf16_mfu: 0.00 | epoch: 1 pq: 1 rg: 16 | total time: 10.58m | eta: 25.9m
step 01116/03814 (29.26%) | loss: 3.909992 | lrm: 1.00 | dt: 561.96ms | tok/sec: 95,665 | bf16_mfu: 0.00 | epoch: 1 pq: 1 rg: 16 | total time: 10.59m | eta: 25.8m
step 01117/03814 (29.29%) | loss: 3.905284 | lrm: 1.00 | dt: 556.40ms | tok/sec: 96,620 | bf16_mfu: 0.00 | epoch: 1 pq: 1 rg: 16 | total time: 10.60m | eta: 25.8m
step 01118/03814 (29.31%) | loss: 3.910081 | lrm: 1.00 | dt: 660.10ms | tok/sec: 81,441 | bf16_mfu: 0.00 | epoch: 1 pq: 1 rg: 16 | total time: 10.61m | eta: 25.8m
step 01119/03814 (29.34%) | loss: 3.911039 | lrm: 1.00 | dt: 558.57ms | tok/sec: 96,245 | bf16_mfu: 0.00 | epoch: 1 pq: 1 rg: 16 | total time: 10.62m | eta: 25.8m
step 01120/03814 (29.37%) | loss: 3.921458 | lrm: 1.00 | dt: 559.34ms | tok/sec: 96,113 | bf16_mfu: 0.00 | epoch: 1 pq: 1 rg: 16 | total time: 10.63m | eta: 25.8m
step 01121/03814 (29.39%) | loss: 3.901995 | lrm: 1.00 | dt: 558.37ms | tok/sec: 96,280 | bf16_mfu: 0.00 | epoch: 1 pq: 1 rg: 16 | total time: 10.64m | eta: 25.8m
step 01122/03814 (29.42%) | loss: 3.910595 | lrm: 1.00 | dt: 557.59ms | tok/sec: 96,414 | bf16_mfu: 0.00 | epoch: 1 pq: 1 rg: 16 | total time: 10.65m | eta: 25.8m
step 01123/03814 (29.44%) | loss: 3.904244 | lrm: 1.00 | dt: 558.22ms | tok/sec: 96,306 | bf16_mfu: 0.00 | epoch: 1 pq: 1 rg: 16 | total time: 10.66m | eta: 25.8m
step 01124/03814 (29.47%) | loss: 3.903556 | lrm: 1.00 | dt: 557.94ms | tok/sec: 96,354 | bf16_mfu: 0.00 | epoch: 1 pq: 1 rg: 16 | total time: 10.67m | eta: 25.8m
step 01125/03814 (29.50%) | loss: 3.881679 | lrm: 1.00 | dt: 556.75ms | tok/sec: 96,560 | bf16_mfu: 0.00 | epoch: 1 pq: 1 rg: 16 | total time: 10.68m | eta: 25.8m
step 01126/03814 (29.52%) | loss: 3.886845 | lrm: 1.00 | dt: 603.81ms | tok/sec: 89,034 | bf16_mfu: 0.00 | epoch: 1 pq: 1 rg: 17 | total time: 10.69m | eta: 25.7m
step 01127/03814 (29.55%) | loss: 3.876733 | lrm: 1.00 | dt: 570.30ms | tok/sec: 94,266 | bf16_mfu: 0.00 | epoch: 1 pq: 1 rg: 17 | total time: 10.70m | eta: 25.7m
step 01128/03814 (29.58%) | loss: 3.881832 | lrm: 1.00 | dt: 559.08ms | tok/sec: 96,157 | bf16_mfu: 0.00 | epoch: 1 pq: 1 rg: 17 | total time: 10.71m | eta: 25.7m
step 01129/03814 (29.60%) | loss: 3.894041 | lrm: 1.00 | dt: 872.33ms | tok/sec: 61,628 | bf16_mfu: 0.00 | epoch: 1 pq: 1 rg: 17 | total time: 10.72m | eta: 25.7m
step 01130/03814 (29.63%) | loss: 3.915027 | lrm: 1.00 | dt: 586.96ms | tok/sec: 91,591 | bf16_mfu: 0.00 | epoch: 1 pq: 1 rg: 17 | total time: 10.73m | eta: 25.7m
step 01131/03814 (29.65%) | loss: 3.910267 | lrm: 1.00 | dt: 556.69ms | tok/sec: 96,570 | bf16_mfu: 0.00 | epoch: 1 pq: 1 rg: 17 | total time: 10.74m | eta: 25.7m
step 01132/03814 (29.68%) | loss: 3.926344 | lrm: 1.00 | dt: 559.02ms | tok/sec: 96,167 | bf16_mfu: 0.00 | epoch: 1 pq: 1 rg: 17 | total time: 10.75m | eta: 25.7m
step 01133/03814 (29.71%) | loss: 3.929453 | lrm: 1.00 | dt: 570.98ms | tok/sec: 94,153 | bf16_mfu: 0.00 | epoch: 1 pq: 1 rg: 17 | total time: 10.76m | eta: 25.7m
step 01134/03814 (29.73%) | loss: 3.933697 | lrm: 1.00 | dt: 562.23ms | tok/sec: 95,618 | bf16_mfu: 0.00 | epoch: 1 pq: 1 rg: 17 | total time: 10.77m | eta: 25.7m
step 01135/03814 (29.76%) | loss: 3.913298 | lrm: 1.00 | dt: 580.01ms | tok/sec: 92,687 | bf16_mfu: 0.00 | epoch: 1 pq: 1 rg: 17 | total time: 10.78m | eta: 25.7m
step 01136/03814 (29.79%) | loss: 3.909670 | lrm: 1.00 | dt: 558.83ms | tok/sec: 96,200 | bf16_mfu: 0.00 | epoch: 1 pq: 1 rg: 17 | total time: 10.79m | eta: 25.7m
step 01137/03814 (29.81%) | loss: 3.881008 | lrm: 1.00 | dt: 667.82ms | tok/sec: 80,500 | bf16_mfu: 0.00 | epoch: 1 pq: 1 rg: 18 | total time: 10.80m | eta: 25.7m
step 01138/03814 (29.84%) | loss: 3.875925 | lrm: 1.00 | dt: 562.04ms | tok/sec: 95,651 | bf16_mfu: 0.00 | epoch: 1 pq: 1 rg: 18 | total time: 10.81m | eta: 25.6m
step 01139/03814 (29.86%) | loss: 3.865364 | lrm: 1.00 | dt: 589.61ms | tok/sec: 91,178 | bf16_mfu: 0.00 | epoch: 1 pq: 1 rg: 18 | total time: 10.82m | eta: 25.6m
step 01140/03814 (29.89%) | loss: 3.874941 | lrm: 1.00 | dt: 600.49ms | tok/sec: 89,527 | bf16_mfu: 0.00 | epoch: 1 pq: 1 rg: 18 | total time: 10.83m | eta: 25.6m
step 01141/03814 (29.92%) | loss: 3.878462 | lrm: 1.00 | dt: 559.04ms | tok/sec: 96,164 | bf16_mfu: 0.00 | epoch: 1 pq: 1 rg: 18 | total time: 10.84m | eta: 25.6m
step 01142/03814 (29.94%) | loss: 3.890066 | lrm: 1.00 | dt: 586.27ms | tok/sec: 91,697 | bf16_mfu: 0.00 | epoch: 1 pq: 1 rg: 18 | total time: 10.85m | eta: 25.6m
step 01143/03814 (29.97%) | loss: 3.890338 | lrm: 1.00 | dt: 579.19ms | tok/sec: 92,819 | bf16_mfu: 0.00 | epoch: 1 pq: 1 rg: 18 | total time: 10.86m | eta: 25.6m
step 01144/03814 (29.99%) | loss: 3.881383 | lrm: 1.00 | dt: 639.50ms | tok/sec: 84,065 | bf16_mfu: 0.00 | epoch: 1 pq: 1 rg: 18 | total time: 10.87m | eta: 25.6m
step 01145/03814 (30.02%) | loss: 3.888880 | lrm: 1.00 | dt: 561.22ms | tok/sec: 95,792 | bf16_mfu: 0.00 | epoch: 1 pq: 1 rg: 18 | total time: 10.88m | eta: 25.6m
step 01146/03814 (30.05%) | loss: 3.877191 | lrm: 1.00 | dt: 565.28ms | tok/sec: 95,103 | bf16_mfu: 0.00 | epoch: 1 pq: 1 rg: 18 | total time: 10.89m | eta: 25.6m
step 01147/03814 (30.07%) | loss: 3.868096 | lrm: 1.00 | dt: 566.26ms | tok/sec: 94,938 | bf16_mfu: 0.00 | epoch: 1 pq: 1 rg: 18 | total time: 10.90m | eta: 25.6m
step 01148/03814 (30.10%) | loss: 3.868247 | lrm: 1.00 | dt: 562.77ms | tok/sec: 95,527 | bf16_mfu: 0.00 | epoch: 1 pq: 1 rg: 18 | total time: 10.91m | eta: 25.5m
step 01149/03814 (30.13%) | loss: 3.866355 | lrm: 1.00 | dt: 740.05ms | tok/sec: 72,644 | bf16_mfu: 0.00 | epoch: 1 pq: 1 rg: 19 | total time: 10.92m | eta: 25.5m
step 01150/03814 (30.15%) | loss: 3.876418 | lrm: 1.00 | dt: 563.03ms | tok/sec: 95,483 | bf16_mfu: 0.00 | epoch: 1 pq: 1 rg: 19 | total time: 10.93m | eta: 25.5m
step 01151/03814 (30.18%) | loss: 3.879375 | lrm: 1.00 | dt: 560.24ms | tok/sec: 95,958 | bf16_mfu: 0.00 | epoch: 1 pq: 1 rg: 19 | total time: 10.94m | eta: 25.5m
step 01152/03814 (30.20%) | loss: 3.872167 | lrm: 1.00 | dt: 562.66ms | tok/sec: 95,546 | bf16_mfu: 0.00 | epoch: 1 pq: 1 rg: 19 | total time: 10.95m | eta: 25.5m
step 01153/03814 (30.23%) | loss: 3.883810 | lrm: 1.00 | dt: 560.61ms | tok/sec: 95,896 | bf16_mfu: 0.00 | epoch: 1 pq: 1 rg: 19 | total time: 10.96m | eta: 25.5m
step 01154/03814 (30.26%) | loss: 3.864114 | lrm: 1.00 | dt: 563.14ms | tok/sec: 95,465 | bf16_mfu: 0.00 | epoch: 1 pq: 1 rg: 19 | total time: 10.96m | eta: 25.5m
step 01155/03814 (30.28%) | loss: 3.855570 | lrm: 1.00 | dt: 572.94ms | tok/sec: 93,832 | bf16_mfu: 0.00 | epoch: 1 pq: 1 rg: 19 | total time: 10.97m | eta: 25.5m
step 01156/03814 (30.31%) | loss: 3.856426 | lrm: 1.00 | dt: 561.41ms | tok/sec: 95,759 | bf16_mfu: 0.00 | epoch: 1 pq: 1 rg: 19 | total time: 10.98m | eta: 25.5m
step 01157/03814 (30.34%) | loss: 3.843708 | lrm: 1.00 | dt: 627.00ms | tok/sec: 85,741 | bf16_mfu: 0.00 | epoch: 1 pq: 1 rg: 19 | total time: 10.99m | eta: 25.5m
step 01158/03814 (30.36%) | loss: 3.856736 | lrm: 1.00 | dt: 567.36ms | tok/sec: 94,754 | bf16_mfu: 0.00 | epoch: 1 pq: 1 rg: 19 | total time: 11.00m | eta: 25.5m
step 01159/03814 (30.39%) | loss: 3.865032 | lrm: 1.00 | dt: 631.76ms | tok/sec: 85,095 | bf16_mfu: 0.00 | epoch: 1 pq: 1 rg: 19 | total time: 11.01m | eta: 25.5m
step 01160/03814 (30.41%) | loss: 3.898358 | lrm: 1.00 | dt: 715.40ms | tok/sec: 75,147 | bf16_mfu: 0.00 | epoch: 1 pq: 1 rg: 20 | total time: 11.03m | eta: 25.4m
step 01161/03814 (30.44%) | loss: 3.878497 | lrm: 1.00 | dt: 564.81ms | tok/sec: 95,182 | bf16_mfu: 0.00 | epoch: 1 pq: 1 rg: 20 | total time: 11.04m | eta: 25.4m
step 01162/03814 (30.47%) | loss: 3.883830 | lrm: 1.00 | dt: 562.82ms | tok/sec: 95,518 | bf16_mfu: 0.00 | epoch: 1 pq: 1 rg: 20 | total time: 11.04m | eta: 25.4m
step 01163/03814 (30.49%) | loss: 3.883807 | lrm: 1.00 | dt: 565.47ms | tok/sec: 95,071 | bf16_mfu: 0.00 | epoch: 1 pq: 1 rg: 20 | total time: 11.05m | eta: 25.4m
step 01164/03814 (30.52%) | loss: 3.886209 | lrm: 1.00 | dt: 564.75ms | tok/sec: 95,193 | bf16_mfu: 0.00 | epoch: 1 pq: 1 rg: 20 | total time: 11.06m | eta: 25.4m
step 01165/03814 (30.55%) | loss: 3.898391 | lrm: 1.00 | dt: 567.37ms | tok/sec: 94,753 | bf16_mfu: 0.00 | epoch: 1 pq: 1 rg: 20 | total time: 11.07m | eta: 25.4m
step 01166/03814 (30.57%) | loss: 3.900121 | lrm: 1.00 | dt: 567.95ms | tok/sec: 94,655 | bf16_mfu: 0.00 | epoch: 1 pq: 1 rg: 20 | total time: 11.08m | eta: 25.4m
step 01167/03814 (30.60%) | loss: 3.895012 | lrm: 1.00 | dt: 566.77ms | tok/sec: 94,852 | bf16_mfu: 0.00 | epoch: 1 pq: 1 rg: 20 | total time: 11.09m | eta: 25.4m
step 01168/03814 (30.62%) | loss: 3.880348 | lrm: 1.00 | dt: 564.74ms | tok/sec: 95,193 | bf16_mfu: 0.00 | epoch: 1 pq: 1 rg: 20 | total time: 11.10m | eta: 25.4m
step 01169/03814 (30.65%) | loss: 3.886119 | lrm: 1.00 | dt: 565.15ms | tok/sec: 95,124 | bf16_mfu: 0.00 | epoch: 1 pq: 1 rg: 20 | total time: 11.11m | eta: 25.4m
step 01170/03814 (30.68%) | loss: 3.899182 | lrm: 1.00 | dt: 627.22ms | tok/sec: 85,710 | bf16_mfu: 0.00 | epoch: 1 pq: 1 rg: 20 | total time: 11.12m | eta: 25.3m
step 01171/03814 (30.70%) | loss: 3.895554 | lrm: 1.00 | dt: 698.15ms | tok/sec: 77,003 | bf16_mfu: 0.00 | epoch: 1 pq: 1 rg: 21 | total time: 11.13m | eta: 25.3m
step 01172/03814 (30.73%) | loss: 3.872244 | lrm: 1.00 | dt: 562.71ms | tok/sec: 95,537 | bf16_mfu: 0.00 | epoch: 1 pq: 1 rg: 21 | total time: 11.14m | eta: 25.3m
step 01173/03814 (30.76%) | loss: 3.873352 | lrm: 1.00 | dt: 566.25ms | tok/sec: 94,941 | bf16_mfu: 0.00 | epoch: 1 pq: 1 rg: 21 | total time: 11.15m | eta: 25.3m
step 01174/03814 (30.78%) | loss: 3.867382 | lrm: 1.00 | dt: 563.31ms | tok/sec: 95,436 | bf16_mfu: 0.00 | epoch: 1 pq: 1 rg: 21 | total time: 11.16m | eta: 25.3m
step 01175/03814 (30.81%) | loss: 3.860281 | lrm: 1.00 | dt: 563.73ms | tok/sec: 95,364 | bf16_mfu: 0.00 | epoch: 1 pq: 1 rg: 21 | total time: 11.17m | eta: 25.3m
step 01176/03814 (30.83%) | loss: 3.858880 | lrm: 1.00 | dt: 561.74ms | tok/sec: 95,701 | bf16_mfu: 0.00 | epoch: 1 pq: 1 rg: 21 | total time: 11.18m | eta: 25.3m
step 01177/03814 (30.86%) | loss: 3.873347 | lrm: 1.00 | dt: 558.42ms | tok/sec: 96,270 | bf16_mfu: 0.00 | epoch: 1 pq: 1 rg: 21 | total time: 11.19m | eta: 25.3m
step 01178/03814 (30.89%) | loss: 3.864005 | lrm: 1.00 | dt: 563.73ms | tok/sec: 95,364 | bf16_mfu: 0.00 | epoch: 1 pq: 1 rg: 21 | total time: 11.20m | eta: 25.3m
step 01179/03814 (30.91%) | loss: 3.839353 | lrm: 1.00 | dt: 622.85ms | tok/sec: 86,313 | bf16_mfu: 0.00 | epoch: 1 pq: 1 rg: 21 | total time: 11.21m | eta: 25.3m
step 01180/03814 (30.94%) | loss: 3.834050 | lrm: 1.00 | dt: 557.71ms | tok/sec: 96,394 | bf16_mfu: 0.00 | epoch: 1 pq: 1 rg: 21 | total time: 11.22m | eta: 25.3m
step 01181/03814 (30.96%) | loss: 3.849274 | lrm: 1.00 | dt: 562.93ms | tok/sec: 95,500 | bf16_mfu: 0.00 | epoch: 1 pq: 1 rg: 21 | total time: 11.23m | eta: 25.2m
step 01182/03814 (30.99%) | loss: 3.826751 | lrm: 1.00 | dt: 719.87ms | tok/sec: 74,680 | bf16_mfu: 0.00 | epoch: 1 pq: 1 rg: 22 | total time: 11.24m | eta: 25.2m
step 01183/03814 (31.02%) | loss: 3.833866 | lrm: 1.00 | dt: 563.30ms | tok/sec: 95,437 | bf16_mfu: 0.00 | epoch: 1 pq: 1 rg: 22 | total time: 11.25m | eta: 25.2m
step 01184/03814 (31.04%) | loss: 3.835542 | lrm: 1.00 | dt: 562.61ms | tok/sec: 95,553 | bf16_mfu: 0.00 | epoch: 1 pq: 1 rg: 22 | total time: 11.26m | eta: 25.2m
step 01185/03814 (31.07%) | loss: 3.846178 | lrm: 1.00 | dt: 621.09ms | tok/sec: 86,557 | bf16_mfu: 0.00 | epoch: 1 pq: 1 rg: 22 | total time: 11.27m | eta: 25.2m
step 01186/03814 (31.10%) | loss: 3.829866 | lrm: 1.00 | dt: 564.09ms | tok/sec: 95,304 | bf16_mfu: 0.00 | epoch: 1 pq: 1 rg: 22 | total time: 11.28m | eta: 25.2m
step 01187/03814 (31.12%) | loss: 3.832869 | lrm: 1.00 | dt: 559.02ms | tok/sec: 96,168 | bf16_mfu: 0.00 | epoch: 1 pq: 1 rg: 22 | total time: 11.29m | eta: 25.2m
step 01188/03814 (31.15%) | loss: 3.828112 | lrm: 1.00 | dt: 632.48ms | tok/sec: 84,998 | bf16_mfu: 0.00 | epoch: 1 pq: 1 rg: 22 | total time: 11.30m | eta: 25.2m
step 01189/03814 (31.17%) | loss: 3.823627 | lrm: 1.00 | dt: 557.15ms | tok/sec: 96,490 | bf16_mfu: 0.00 | epoch: 1 pq: 1 rg: 22 | total time: 11.31m | eta: 25.2m
step 01190/03814 (31.20%) | loss: 3.826396 | lrm: 1.00 | dt: 562.45ms | tok/sec: 95,581 | bf16_mfu: 0.00 | epoch: 1 pq: 1 rg: 22 | total time: 11.32m | eta: 25.2m
step 01191/03814 (31.23%) | loss: 3.832735 | lrm: 1.00 | dt: 567.30ms | tok/sec: 94,765 | bf16_mfu: 0.00 | epoch: 1 pq: 1 rg: 22 | total time: 11.33m | eta: 25.2m
step 01192/03814 (31.25%) | loss: 3.814714 | lrm: 1.00 | dt: 560.14ms | tok/sec: 95,975 | bf16_mfu: 0.00 | epoch: 1 pq: 1 rg: 22 | total time: 11.34m | eta: 25.1m
step 01193/03814 (31.28%) | loss: 3.825731 | lrm: 1.00 | dt: 732.74ms | tok/sec: 73,368 | bf16_mfu: 0.00 | epoch: 1 pq: 1 rg: 23 | total time: 11.35m | eta: 25.1m
step 01194/03814 (31.31%) | loss: 3.815708 | lrm: 1.00 | dt: 560.64ms | tok/sec: 95,889 | bf16_mfu: 0.00 | epoch: 1 pq: 1 rg: 23 | total time: 11.36m | eta: 25.1m
step 01195/03814 (31.33%) | loss: 3.824412 | lrm: 1.00 | dt: 618.61ms | tok/sec: 86,904 | bf16_mfu: 0.00 | epoch: 1 pq: 1 rg: 23 | total time: 11.37m | eta: 25.1m
step 01196/03814 (31.36%) | loss: 3.815221 | lrm: 1.00 | dt: 562.06ms | tok/sec: 95,648 | bf16_mfu: 0.00 | epoch: 1 pq: 1 rg: 23 | total time: 11.38m | eta: 25.1m
step 01197/03814 (31.38%) | loss: 3.811166 | lrm: 1.00 | dt: 558.20ms | tok/sec: 96,309 | bf16_mfu: 0.00 | epoch: 1 pq: 1 rg: 23 | total time: 11.39m | eta: 25.1m
step 01198/03814 (31.41%) | loss: 3.817732 | lrm: 1.00 | dt: 593.37ms | tok/sec: 90,600 | bf16_mfu: 0.00 | epoch: 1 pq: 1 rg: 23 | total time: 11.40m | eta: 25.1m
step 01199/03814 (31.44%) | loss: 3.834742 | lrm: 1.00 | dt: 561.15ms | tok/sec: 95,803 | bf16_mfu: 0.00 | epoch: 1 pq: 1 rg: 23 | total time: 11.41m | eta: 25.1m
step 01200/03814 (31.46%) | loss: 3.821468 | lrm: 1.00 | dt: 558.70ms | tok/sec: 96,224 | bf16_mfu: 0.00 | epoch: 1 pq: 1 rg: 23 | total time: 11.41m | eta: 25.1m
step 01201/03814 (31.49%) | loss: 3.816430 | lrm: 1.00 | dt: 562.47ms | tok/sec: 95,578 | bf16_mfu: 0.00 | epoch: 1 pq: 1 rg: 23 | total time: 11.42m | eta: 25.1m
step 01202/03814 (31.52%) | loss: 3.807967 | lrm: 1.00 | dt: 562.34ms | tok/sec: 95,600 | bf16_mfu: 0.00 | epoch: 1 pq: 1 rg: 23 | total time: 11.43m | eta: 25.1m
step 01203/03814 (31.54%) | loss: 3.808787 | lrm: 1.00 | dt: 556.48ms | tok/sec: 96,606 | bf16_mfu: 0.00 | epoch: 1 pq: 1 rg: 23 | total time: 11.44m | eta: 25.0m
step 01204/03814 (31.57%) | loss: 3.816945 | lrm: 1.00 | dt: 557.55ms | tok/sec: 96,421 | bf16_mfu: 0.00 | epoch: 1 pq: 1 rg: 23 | total time: 11.45m | eta: 25.0m
step 01205/03814 (31.59%) | loss: 3.816729 | lrm: 1.00 | dt: 659.09ms | tok/sec: 81,566 | bf16_mfu: 0.00 | epoch: 1 pq: 1 rg: 24 | total time: 11.46m | eta: 25.0m
step 01206/03814 (31.62%) | loss: 3.810005 | lrm: 1.00 | dt: 558.51ms | tok/sec: 96,256 | bf16_mfu: 0.00 | epoch: 1 pq: 1 rg: 24 | total time: 11.47m | eta: 25.0m
step 01207/03814 (31.65%) | loss: 3.803721 | lrm: 1.00 | dt: 562.66ms | tok/sec: 95,546 | bf16_mfu: 0.00 | epoch: 1 pq: 1 rg: 24 | total time: 11.48m | eta: 25.0m
step 01208/03814 (31.67%) | loss: 3.798308 | lrm: 1.00 | dt: 573.07ms | tok/sec: 93,810 | bf16_mfu: 0.00 | epoch: 1 pq: 1 rg: 24 | total time: 11.49m | eta: 25.0m
step 01209/03814 (31.70%) | loss: 3.810821 | lrm: 1.00 | dt: 560.58ms | tok/sec: 95,900 | bf16_mfu: 0.00 | epoch: 1 pq: 1 rg: 24 | total time: 11.50m | eta: 25.0m
step 01210/03814 (31.73%) | loss: 3.821725 | lrm: 1.00 | dt: 559.54ms | tok/sec: 96,079 | bf16_mfu: 0.00 | epoch: 1 pq: 1 rg: 24 | total time: 11.51m | eta: 25.0m
step 01211/03814 (31.75%) | loss: 3.811552 | lrm: 1.00 | dt: 559.14ms | tok/sec: 96,148 | bf16_mfu: 0.00 | epoch: 1 pq: 1 rg: 24 | total time: 11.52m | eta: 25.0m
step 01212/03814 (31.78%) | loss: 3.815281 | lrm: 1.00 | dt: 561.68ms | tok/sec: 95,713 | bf16_mfu: 0.00 | epoch: 1 pq: 1 rg: 24 | total time: 11.53m | eta: 25.0m
step 01213/03814 (31.80%) | loss: 3.806310 | lrm: 1.00 | dt: 572.53ms | tok/sec: 93,899 | bf16_mfu: 0.00 | epoch: 1 pq: 1 rg: 24 | total time: 11.54m | eta: 24.9m
step 01214/03814 (31.83%) | loss: 3.805742 | lrm: 1.00 | dt: 557.11ms | tok/sec: 96,497 | bf16_mfu: 0.00 | epoch: 1 pq: 1 rg: 24 | total time: 11.55m | eta: 24.9m
step 01215/03814 (31.86%) | loss: 3.802268 | lrm: 1.00 | dt: 556.86ms | tok/sec: 96,540 | bf16_mfu: 0.00 | epoch: 1 pq: 1 rg: 24 | total time: 11.56m | eta: 24.9m
step 01216/03814 (31.88%) | loss: 3.809935 | lrm: 1.00 | dt: 645.60ms | tok/sec: 83,271 | bf16_mfu: 0.00 | epoch: 1 pq: 1 rg: 25 | total time: 11.57m | eta: 24.9m
step 01217/03814 (31.91%) | loss: 3.811050 | lrm: 1.00 | dt: 573.14ms | tok/sec: 93,799 | bf16_mfu: 0.00 | epoch: 1 pq: 1 rg: 25 | total time: 11.58m | eta: 24.9m
step 01218/03814 (31.93%) | loss: 3.812161 | lrm: 1.00 | dt: 557.50ms | tok/sec: 96,430 | bf16_mfu: 0.00 | epoch: 1 pq: 1 rg: 25 | total time: 11.59m | eta: 24.9m
step 01219/03814 (31.96%) | loss: 3.817050 | lrm: 1.00 | dt: 560.17ms | tok/sec: 95,970 | bf16_mfu: 0.00 | epoch: 1 pq: 1 rg: 25 | total time: 11.60m | eta: 24.9m
step 01220/03814 (31.99%) | loss: 3.811566 | lrm: 1.00 | dt: 556.46ms | tok/sec: 96,611 | bf16_mfu: 0.00 | epoch: 1 pq: 1 rg: 25 | total time: 11.60m | eta: 24.9m
step 01221/03814 (32.01%) | loss: 3.808312 | lrm: 1.00 | dt: 561.36ms | tok/sec: 95,767 | bf16_mfu: 0.00 | epoch: 1 pq: 1 rg: 25 | total time: 11.61m | eta: 24.9m
step 01222/03814 (32.04%) | loss: 3.824845 | lrm: 1.00 | dt: 557.67ms | tok/sec: 96,401 | bf16_mfu: 0.00 | epoch: 1 pq: 1 rg: 25 | total time: 11.62m | eta: 24.9m
step 01223/03814 (32.07%) | loss: 3.817148 | lrm: 1.00 | dt: 559.08ms | tok/sec: 96,157 | bf16_mfu: 0.00 | epoch: 1 pq: 1 rg: 25 | total time: 11.63m | eta: 24.8m
step 01224/03814 (32.09%) | loss: 3.819143 | lrm: 1.00 | dt: 556.76ms | tok/sec: 96,558 | bf16_mfu: 0.00 | epoch: 1 pq: 1 rg: 25 | total time: 11.64m | eta: 24.8m
step 01225/03814 (32.12%) | loss: 3.834920 | lrm: 1.00 | dt: 558.78ms | tok/sec: 96,210 | bf16_mfu: 0.00 | epoch: 1 pq: 1 rg: 25 | total time: 11.65m | eta: 24.8m
step 01226/03814 (32.14%) | loss: 3.846900 | lrm: 1.00 | dt: 580.60ms | tok/sec: 92,593 | bf16_mfu: 0.00 | epoch: 1 pq: 1 rg: 25 | total time: 11.66m | eta: 24.8m
step 01227/03814 (32.17%) | loss: 3.846316 | lrm: 1.00 | dt: 555.84ms | tok/sec: 96,718 | bf16_mfu: 0.00 | epoch: 1 pq: 1 rg: 25 | total time: 11.67m | eta: 24.8m
step 01228/03814 (32.20%) | loss: 3.828984 | lrm: 1.00 | dt: 627.25ms | tok/sec: 85,707 | bf16_mfu: 0.00 | epoch: 1 pq: 1 rg: 26 | total time: 11.68m | eta: 24.8m
step 01229/03814 (32.22%) | loss: 3.820929 | lrm: 1.00 | dt: 559.90ms | tok/sec: 96,017 | bf16_mfu: 0.00 | epoch: 1 pq: 1 rg: 26 | total time: 11.69m | eta: 24.8m
step 01230/03814 (32.25%) | loss: 3.816787 | lrm: 1.00 | dt: 562.51ms | tok/sec: 95,571 | bf16_mfu: 0.00 | epoch: 1 pq: 1 rg: 26 | total time: 11.70m | eta: 24.8m
step 01231/03814 (32.28%) | loss: 3.818221 | lrm: 1.00 | dt: 556.75ms | tok/sec: 96,560 | bf16_mfu: 0.00 | epoch: 1 pq: 1 rg: 26 | total time: 11.71m | eta: 24.8m
step 01232/03814 (32.30%) | loss: 3.813542 | lrm: 1.00 | dt: 558.47ms | tok/sec: 96,263 | bf16_mfu: 0.00 | epoch: 1 pq: 1 rg: 26 | total time: 11.72m | eta: 24.8m
step 01233/03814 (32.33%) | loss: 3.812441 | lrm: 1.00 | dt: 564.73ms | tok/sec: 95,195 | bf16_mfu: 0.00 | epoch: 1 pq: 1 rg: 26 | total time: 11.73m | eta: 24.7m
step 01234/03814 (32.35%) | loss: 3.842702 | lrm: 1.00 | dt: 585.57ms | tok/sec: 91,808 | bf16_mfu: 0.00 | epoch: 1 pq: 1 rg: 26 | total time: 11.74m | eta: 24.7m
step 01235/03814 (32.38%) | loss: 3.841323 | lrm: 1.00 | dt: 559.18ms | tok/sec: 96,141 | bf16_mfu: 0.00 | epoch: 1 pq: 1 rg: 26 | total time: 11.75m | eta: 24.7m
step 01236/03814 (32.41%) | loss: 3.817738 | lrm: 1.00 | dt: 558.98ms | tok/sec: 96,175 | bf16_mfu: 0.00 | epoch: 1 pq: 1 rg: 26 | total time: 11.76m | eta: 24.7m
step 01237/03814 (32.43%) | loss: 3.810251 | lrm: 1.00 | dt: 560.19ms | tok/sec: 95,967 | bf16_mfu: 0.00 | epoch: 1 pq: 1 rg: 26 | total time: 11.77m | eta: 24.7m
step 01238/03814 (32.46%) | loss: 3.821156 | lrm: 1.00 | dt: 558.10ms | tok/sec: 96,327 | bf16_mfu: 0.00 | epoch: 1 pq: 1 rg: 26 | total time: 11.77m | eta: 24.7m
step 01239/03814 (32.49%) | loss: 3.821085 | lrm: 1.00 | dt: 633.77ms | tok/sec: 84,825 | bf16_mfu: 0.00 | epoch: 1 pq: 1 rg: 27 | total time: 11.79m | eta: 24.7m
step 01240/03814 (32.51%) | loss: 3.817421 | lrm: 1.00 | dt: 559.63ms | tok/sec: 96,063 | bf16_mfu: 0.00 | epoch: 1 pq: 1 rg: 27 | total time: 11.79m | eta: 24.7m
step 01241/03814 (32.54%) | loss: 3.823996 | lrm: 1.00 | dt: 590.60ms | tok/sec: 91,025 | bf16_mfu: 0.00 | epoch: 1 pq: 1 rg: 27 | total time: 11.80m | eta: 24.7m
step 01242/03814 (32.56%) | loss: 3.834253 | lrm: 1.00 | dt: 559.95ms | tok/sec: 96,007 | bf16_mfu: 0.00 | epoch: 1 pq: 1 rg: 27 | total time: 11.81m | eta: 24.7m
step 01243/03814 (32.59%) | loss: 3.828173 | lrm: 1.00 | dt: 561.29ms | tok/sec: 95,779 | bf16_mfu: 0.00 | epoch: 1 pq: 1 rg: 27 | total time: 11.82m | eta: 24.7m
step 01244/03814 (32.62%) | loss: 3.851926 | lrm: 1.00 | dt: 556.00ms | tok/sec: 96,690 | bf16_mfu: 0.00 | epoch: 1 pq: 1 rg: 27 | total time: 11.83m | eta: 24.6m
step 01245/03814 (32.64%) | loss: 3.851897 | lrm: 1.00 | dt: 560.22ms | tok/sec: 95,961 | bf16_mfu: 0.00 | epoch: 1 pq: 1 rg: 27 | total time: 11.84m | eta: 24.6m
step 01246/03814 (32.67%) | loss: 3.836412 | lrm: 1.00 | dt: 566.59ms | tok/sec: 94,882 | bf16_mfu: 0.00 | epoch: 1 pq: 1 rg: 27 | total time: 11.85m | eta: 24.6m
step 01247/03814 (32.70%) | loss: 3.835647 | lrm: 1.00 | dt: 553.82ms | tok/sec: 97,071 | bf16_mfu: 0.00 | epoch: 1 pq: 1 rg: 27 | total time: 11.86m | eta: 24.6m
step 01248/03814 (32.72%) | loss: 3.839611 | lrm: 1.00 | dt: 560.09ms | tok/sec: 95,984 | bf16_mfu: 0.00 | epoch: 1 pq: 1 rg: 27 | total time: 11.87m | eta: 24.6m
step 01249/03814 (32.75%) | loss: 3.823314 | lrm: 1.00 | dt: 556.93ms | tok/sec: 96,529 | bf16_mfu: 0.00 | epoch: 1 pq: 1 rg: 27 | total time: 11.88m | eta: 24.6m
step 01250/03814 (32.77%) | loss: 3.825241 | lrm: 1.00 | dt: 557.58ms | tok/sec: 96,415 | bf16_mfu: 0.00 | epoch: 1 pq: 1 rg: 27 | total time: 11.89m | eta: 24.6m
step 01251/03814 (32.80%) | loss: 3.820275 | lrm: 1.00 | dt: 669.44ms | tok/sec: 80,306 | bf16_mfu: 0.00 | epoch: 1 pq: 1 rg: 28 | total time: 11.90m | eta: 24.6m
step 01252/03814 (32.83%) | loss: 3.815333 | lrm: 1.00 | dt: 558.27ms | tok/sec: 96,297 | bf16_mfu: 0.00 | epoch: 1 pq: 1 rg: 28 | total time: 11.91m | eta: 24.6m
step 01253/03814 (32.85%) | loss: 3.826364 | lrm: 1.00 | dt: 555.46ms | tok/sec: 96,783 | bf16_mfu: 0.00 | epoch: 1 pq: 1 rg: 28 | total time: 11.92m | eta: 24.6m
step 01254/03814 (32.88%) | loss: 3.833053 | lrm: 1.00 | dt: 557.32ms | tok/sec: 96,461 | bf16_mfu: 0.00 | epoch: 1 pq: 1 rg: 28 | total time: 11.93m | eta: 24.5m
step 01255/03814 (32.91%) | loss: 3.830988 | lrm: 1.00 | dt: 557.53ms | tok/sec: 96,426 | bf16_mfu: 0.00 | epoch: 1 pq: 1 rg: 28 | total time: 11.94m | eta: 24.5m
step 01256/03814 (32.93%) | loss: 3.811471 | lrm: 1.00 | dt: 613.95ms | tok/sec: 87,564 | bf16_mfu: 0.00 | epoch: 1 pq: 1 rg: 28 | total time: 11.95m | eta: 24.5m
step 01257/03814 (32.96%) | loss: 3.804353 | lrm: 1.00 | dt: 559.78ms | tok/sec: 96,038 | bf16_mfu: 0.00 | epoch: 1 pq: 1 rg: 28 | total time: 11.96m | eta: 24.5m
step 01258/03814 (32.98%) | loss: 3.821153 | lrm: 1.00 | dt: 560.69ms | tok/sec: 95,881 | bf16_mfu: 0.00 | epoch: 1 pq: 1 rg: 28 | total time: 11.97m | eta: 24.5m
step 01259/03814 (33.01%) | loss: 3.789119 | lrm: 1.00 | dt: 555.63ms | tok/sec: 96,755 | bf16_mfu: 0.00 | epoch: 1 pq: 1 rg: 28 | total time: 11.97m | eta: 24.5m
step 01260/03814 (33.04%) | loss: 3.792639 | lrm: 1.00 | dt: 560.71ms | tok/sec: 95,878 | bf16_mfu: 0.00 | epoch: 1 pq: 1 rg: 28 | total time: 11.98m | eta: 24.5m
step 01261/03814 (33.06%) | loss: 3.810260 | lrm: 1.00 | dt: 615.04ms | tok/sec: 87,409 | bf16_mfu: 0.00 | epoch: 1 pq: 1 rg: 28 | total time: 11.99m | eta: 24.5m
step 01262/03814 (33.09%) | loss: 3.791757 | lrm: 1.00 | dt: 641.01ms | tok/sec: 83,867 | bf16_mfu: 0.00 | epoch: 1 pq: 1 rg: 29 | total time: 12.01m | eta: 24.5m
step 01263/03814 (33.11%) | loss: 3.803370 | lrm: 1.00 | dt: 555.36ms | tok/sec: 96,802 | bf16_mfu: 0.00 | epoch: 1 pq: 1 rg: 29 | total time: 12.01m | eta: 24.5m
step 01264/03814 (33.14%) | loss: 3.796271 | lrm: 1.00 | dt: 561.70ms | tok/sec: 95,710 | bf16_mfu: 0.00 | epoch: 1 pq: 1 rg: 29 | total time: 12.02m | eta: 24.4m
step 01265/03814 (33.17%) | loss: 3.804052 | lrm: 1.00 | dt: 573.81ms | tok/sec: 93,688 | bf16_mfu: 0.00 | epoch: 1 pq: 1 rg: 29 | total time: 12.03m | eta: 24.4m
step 01266/03814 (33.19%) | loss: 3.786061 | lrm: 1.00 | dt: 559.06ms | tok/sec: 96,160 | bf16_mfu: 0.00 | epoch: 1 pq: 1 rg: 29 | total time: 12.04m | eta: 24.4m
step 01267/03814 (33.22%) | loss: 3.805487 | lrm: 1.00 | dt: 560.78ms | tok/sec: 95,867 | bf16_mfu: 0.00 | epoch: 1 pq: 1 rg: 29 | total time: 12.05m | eta: 24.4m
step 01268/03814 (33.25%) | loss: 3.823270 | lrm: 1.00 | dt: 599.90ms | tok/sec: 89,614 | bf16_mfu: 0.00 | epoch: 1 pq: 1 rg: 29 | total time: 12.06m | eta: 24.4m
step 01269/03814 (33.27%) | loss: 3.832395 | lrm: 1.00 | dt: 559.10ms | tok/sec: 96,153 | bf16_mfu: 0.00 | epoch: 1 pq: 1 rg: 29 | total time: 12.07m | eta: 24.4m
step 01270/03814 (33.30%) | loss: 3.824554 | lrm: 1.00 | dt: 557.55ms | tok/sec: 96,421 | bf16_mfu: 0.00 | epoch: 1 pq: 1 rg: 29 | total time: 12.08m | eta: 24.4m
step 01271/03814 (33.32%) | loss: 3.832626 | lrm: 1.00 | dt: 564.34ms | tok/sec: 95,262 | bf16_mfu: 0.00 | epoch: 1 pq: 1 rg: 29 | total time: 12.09m | eta: 24.4m
step 01272/03814 (33.35%) | loss: 3.820445 | lrm: 1.00 | dt: 667.76ms | tok/sec: 80,508 | bf16_mfu: 0.00 | epoch: 1 pq: 1 rg: 29 | total time: 12.10m | eta: 24.4m
step 01273/03814 (33.38%) | loss: 3.791593 | lrm: 1.00 | dt: 610.20ms | tok/sec: 88,101 | bf16_mfu: 0.00 | epoch: 1 pq: 1 rg: 30 | total time: 12.11m | eta: 24.4m
step 01274/03814 (33.40%) | loss: 3.786750 | lrm: 1.00 | dt: 559.80ms | tok/sec: 96,034 | bf16_mfu: 0.00 | epoch: 1 pq: 1 rg: 30 | total time: 12.12m | eta: 24.4m
step 01275/03814 (33.43%) | loss: 3.788885 | lrm: 1.00 | dt: 574.31ms | tok/sec: 93,607 | bf16_mfu: 0.00 | epoch: 1 pq: 1 rg: 30 | total time: 12.13m | eta: 24.3m
step 01276/03814 (33.46%) | loss: 3.784029 | lrm: 1.00 | dt: 560.32ms | tok/sec: 95,944 | bf16_mfu: 0.00 | epoch: 1 pq: 1 rg: 30 | total time: 12.14m | eta: 24.3m
step 01277/03814 (33.48%) | loss: 3.792506 | lrm: 1.00 | dt: 557.75ms | tok/sec: 96,386 | bf16_mfu: 0.00 | epoch: 1 pq: 1 rg: 30 | total time: 12.15m | eta: 24.3m
step 01278/03814 (33.51%) | loss: 3.800736 | lrm: 1.00 | dt: 563.21ms | tok/sec: 95,453 | bf16_mfu: 0.00 | epoch: 1 pq: 1 rg: 30 | total time: 12.16m | eta: 24.3m
step 01279/03814 (33.53%) | loss: 3.794947 | lrm: 1.00 | dt: 560.10ms | tok/sec: 95,982 | bf16_mfu: 0.00 | epoch: 1 pq: 1 rg: 30 | total time: 12.17m | eta: 24.3m
step 01280/03814 (33.56%) | loss: 3.782375 | lrm: 1.00 | dt: 591.44ms | tok/sec: 90,896 | bf16_mfu: 0.00 | epoch: 1 pq: 1 rg: 30 | total time: 12.18m | eta: 24.3m
step 01281/03814 (33.59%) | loss: 3.787538 | lrm: 1.00 | dt: 555.87ms | tok/sec: 96,712 | bf16_mfu: 0.00 | epoch: 1 pq: 1 rg: 30 | total time: 12.19m | eta: 24.3m
step 01282/03814 (33.61%) | loss: 3.785831 | lrm: 1.00 | dt: 559.78ms | tok/sec: 96,037 | bf16_mfu: 0.00 | epoch: 1 pq: 1 rg: 30 | total time: 12.20m | eta: 24.3m
step 01283/03814 (33.64%) | loss: 3.794054 | lrm: 1.00 | dt: 557.84ms | tok/sec: 96,371 | bf16_mfu: 0.00 | epoch: 1 pq: 1 rg: 30 | total time: 12.21m | eta: 24.3m
step 01284/03814 (33.67%) | loss: 3.792822 | lrm: 1.00 | dt: 558.18ms | tok/sec: 96,312 | bf16_mfu: 0.00 | epoch: 1 pq: 1 rg: 30 | total time: 12.21m | eta: 24.3m
step 01285/03814 (33.69%) | loss: 3.794597 | lrm: 1.00 | dt: 668.25ms | tok/sec: 80,448 | bf16_mfu: 0.00 | epoch: 1 pq: 1 rg: 31 | total time: 12.23m | eta: 24.2m
step 01286/03814 (33.72%) | loss: 3.790353 | lrm: 1.00 | dt: 557.15ms | tok/sec: 96,491 | bf16_mfu: 0.00 | epoch: 1 pq: 1 rg: 31 | total time: 12.23m | eta: 24.2m
step 01287/03814 (33.74%) | loss: 3.780133 | lrm: 1.00 | dt: 563.63ms | tok/sec: 95,382 | bf16_mfu: 0.00 | epoch: 1 pq: 1 rg: 31 | total time: 12.24m | eta: 24.2m
step 01288/03814 (33.77%) | loss: 3.785696 | lrm: 1.00 | dt: 557.53ms | tok/sec: 96,425 | bf16_mfu: 0.00 | epoch: 1 pq: 1 rg: 31 | total time: 12.25m | eta: 24.2m
step 01289/03814 (33.80%) | loss: 3.784833 | lrm: 1.00 | dt: 559.99ms | tok/sec: 96,001 | bf16_mfu: 0.00 | epoch: 1 pq: 1 rg: 31 | total time: 12.26m | eta: 24.2m
step 01290/03814 (33.82%) | loss: 3.783038 | lrm: 1.00 | dt: 607.28ms | tok/sec: 88,525 | bf16_mfu: 0.00 | epoch: 1 pq: 1 rg: 31 | total time: 12.27m | eta: 24.2m
step 01291/03814 (33.85%) | loss: 3.785815 | lrm: 1.00 | dt: 556.93ms | tok/sec: 96,529 | bf16_mfu: 0.00 | epoch: 1 pq: 1 rg: 31 | total time: 12.28m | eta: 24.2m
step 01292/03814 (33.88%) | loss: 3.786739 | lrm: 1.00 | dt: 710.07ms | tok/sec: 75,711 | bf16_mfu: 0.00 | epoch: 1 pq: 1 rg: 31 | total time: 12.29m | eta: 24.2m
step 01293/03814 (33.90%) | loss: 3.778284 | lrm: 1.00 | dt: 569.47ms | tok/sec: 94,403 | bf16_mfu: 0.00 | epoch: 1 pq: 1 rg: 31 | total time: 12.30m | eta: 24.2m
step 01294/03814 (33.93%) | loss: 3.773538 | lrm: 1.00 | dt: 558.63ms | tok/sec: 96,235 | bf16_mfu: 0.00 | epoch: 1 pq: 1 rg: 31 | total time: 12.31m | eta: 24.2m
step 01295/03814 (33.95%) | loss: 3.770577 | lrm: 1.00 | dt: 609.28ms | tok/sec: 88,234 | bf16_mfu: 0.00 | epoch: 1 pq: 1 rg: 31 | total time: 12.32m | eta: 24.2m
step 01296/03814 (33.98%) | loss: 3.769563 | lrm: 1.00 | dt: 745.43ms | tok/sec: 72,118 | bf16_mfu: 0.00 | epoch: 1 pq: 1 rg: 32 | total time: 12.34m | eta: 24.2m
step 01297/03814 (34.01%) | loss: 3.766288 | lrm: 1.00 | dt: 560.98ms | tok/sec: 95,832 | bf16_mfu: 0.00 | epoch: 1 pq: 1 rg: 32 | total time: 12.34m | eta: 24.1m
step 01298/03814 (34.03%) | loss: 3.795882 | lrm: 1.00 | dt: 573.44ms | tok/sec: 93,750 | bf16_mfu: 0.00 | epoch: 1 pq: 1 rg: 32 | total time: 12.35m | eta: 24.1m
step 01299/03814 (34.06%) | loss: 3.782242 | lrm: 1.00 | dt: 560.53ms | tok/sec: 95,909 | bf16_mfu: 0.00 | epoch: 1 pq: 1 rg: 32 | total time: 12.36m | eta: 24.1m
step 01300/03814 (34.08%) | loss: 3.764569 | lrm: 1.00 | dt: 553.40ms | tok/sec: 97,144 | bf16_mfu: 0.00 | epoch: 1 pq: 1 rg: 32 | total time: 12.37m | eta: 24.1m
step 01301/03814 (34.11%) | loss: 3.775300 | lrm: 1.00 | dt: 560.82ms | tok/sec: 95,859 | bf16_mfu: 0.00 | epoch: 1 pq: 1 rg: 32 | total time: 12.38m | eta: 24.1m
step 01302/03814 (34.14%) | loss: 3.760943 | lrm: 1.00 | dt: 572.42ms | tok/sec: 93,917 | bf16_mfu: 0.00 | epoch: 1 pq: 1 rg: 32 | total time: 12.39m | eta: 24.1m
step 01303/03814 (34.16%) | loss: 3.755026 | lrm: 1.00 | dt: 651.42ms | tok/sec: 82,526 | bf16_mfu: 0.00 | epoch: 1 pq: 1 rg: 32 | total time: 12.40m | eta: 24.1m
step 01304/03814 (34.19%) | loss: 3.764829 | lrm: 1.00 | dt: 558.38ms | tok/sec: 96,278 | bf16_mfu: 0.00 | epoch: 1 pq: 1 rg: 32 | total time: 12.41m | eta: 24.1m
step 01305/03814 (34.22%) | loss: 3.772353 | lrm: 1.00 | dt: 594.87ms | tok/sec: 90,373 | bf16_mfu: 0.00 | epoch: 1 pq: 1 rg: 32 | total time: 12.42m | eta: 24.1m
step 01306/03814 (34.24%) | loss: 3.766020 | lrm: 1.00 | dt: 557.41ms | tok/sec: 96,445 | bf16_mfu: 0.00 | epoch: 1 pq: 1 rg: 32 | total time: 12.43m | eta: 24.1m
step 01307/03814 (34.27%) | loss: 3.769382 | lrm: 1.00 | dt: 560.62ms | tok/sec: 95,893 | bf16_mfu: 0.00 | epoch: 1 pq: 1 rg: 32 | total time: 12.44m | eta: 24.0m
step 01308/03814 (34.29%) | loss: 3.761318 | lrm: 1.00 | dt: 679.03ms | tok/sec: 79,172 | bf16_mfu: 0.00 | epoch: 1 pq: 1 rg: 33 | total time: 12.45m | eta: 24.0m
step 01309/03814 (34.32%) | loss: 3.776865 | lrm: 1.00 | dt: 558.70ms | tok/sec: 96,224 | bf16_mfu: 0.00 | epoch: 1 pq: 1 rg: 33 | total time: 12.46m | eta: 24.0m
step 01310/03814 (34.35%) | loss: 3.767927 | lrm: 1.00 | dt: 563.98ms | tok/sec: 95,323 | bf16_mfu: 0.00 | epoch: 1 pq: 1 rg: 33 | total time: 12.47m | eta: 24.0m
step 01311/03814 (34.37%) | loss: 3.788118 | lrm: 1.00 | dt: 563.91ms | tok/sec: 95,334 | bf16_mfu: 0.00 | epoch: 1 pq: 1 rg: 33 | total time: 12.48m | eta: 24.0m
step 01312/03814 (34.40%) | loss: 3.780740 | lrm: 1.00 | dt: 556.21ms | tok/sec: 96,654 | bf16_mfu: 0.00 | epoch: 1 pq: 1 rg: 33 | total time: 12.49m | eta: 24.0m
step 01313/03814 (34.43%) | loss: 3.781698 | lrm: 1.00 | dt: 562.18ms | tok/sec: 95,628 | bf16_mfu: 0.00 | epoch: 1 pq: 1 rg: 33 | total time: 12.50m | eta: 24.0m
step 01314/03814 (34.45%) | loss: 3.787931 | lrm: 1.00 | dt: 555.95ms | tok/sec: 96,699 | bf16_mfu: 0.00 | epoch: 1 pq: 1 rg: 33 | total time: 12.51m | eta: 24.0m
step 01315/03814 (34.48%) | loss: 3.770906 | lrm: 1.00 | dt: 558.89ms | tok/sec: 96,189 | bf16_mfu: 0.00 | epoch: 1 pq: 1 rg: 33 | total time: 12.52m | eta: 24.0m
step 01316/03814 (34.50%) | loss: 3.787420 | lrm: 1.00 | dt: 686.21ms | tok/sec: 78,343 | bf16_mfu: 0.00 | epoch: 1 pq: 1 rg: 33 | total time: 12.53m | eta: 24.0m
step 01317/03814 (34.53%) | loss: 3.795904 | lrm: 1.00 | dt: 557.61ms | tok/sec: 96,412 | bf16_mfu: 0.00 | epoch: 1 pq: 1 rg: 33 | total time: 12.54m | eta: 24.0m
step 01318/03814 (34.56%) | loss: 3.817077 | lrm: 1.00 | dt: 593.88ms | tok/sec: 90,523 | bf16_mfu: 0.00 | epoch: 1 pq: 1 rg: 33 | total time: 12.55m | eta: 23.9m
step 01319/03814 (34.58%) | loss: 3.796046 | lrm: 1.00 | dt: 723.94ms | tok/sec: 74,260 | bf16_mfu: 0.00 | epoch: 1 pq: 1 rg: 34 | total time: 12.56m | eta: 23.9m
step 01320/03814 (34.61%) | loss: 3.794799 | lrm: 1.00 | dt: 561.18ms | tok/sec: 95,798 | bf16_mfu: 0.00 | epoch: 1 pq: 1 rg: 34 | total time: 12.57m | eta: 23.9m
step 01321/03814 (34.64%) | loss: 3.809786 | lrm: 1.00 | dt: 563.79ms | tok/sec: 95,354 | bf16_mfu: 0.00 | epoch: 1 pq: 1 rg: 34 | total time: 12.58m | eta: 23.9m
step 01322/03814 (34.66%) | loss: 3.810127 | lrm: 1.00 | dt: 561.36ms | tok/sec: 95,768 | bf16_mfu: 0.00 | epoch: 1 pq: 1 rg: 34 | total time: 12.59m | eta: 23.9m
step 01323/03814 (34.69%) | loss: 3.795879 | lrm: 1.00 | dt: 554.53ms | tok/sec: 96,946 | bf16_mfu: 0.00 | epoch: 1 pq: 1 rg: 34 | total time: 12.60m | eta: 23.9m
step 01324/03814 (34.71%) | loss: 3.818133 | lrm: 1.00 | dt: 565.11ms | tok/sec: 95,132 | bf16_mfu: 0.00 | epoch: 1 pq: 1 rg: 34 | total time: 12.61m | eta: 23.9m
step 01325/03814 (34.74%) | loss: 3.807779 | lrm: 1.00 | dt: 558.12ms | tok/sec: 96,324 | bf16_mfu: 0.00 | epoch: 1 pq: 1 rg: 34 | total time: 12.62m | eta: 23.9m
step 01326/03814 (34.77%) | loss: 3.799496 | lrm: 1.00 | dt: 557.66ms | tok/sec: 96,402 | bf16_mfu: 0.00 | epoch: 1 pq: 1 rg: 34 | total time: 12.63m | eta: 23.9m
step 01327/03814 (34.79%) | loss: 3.800642 | lrm: 1.00 | dt: 559.26ms | tok/sec: 96,127 | bf16_mfu: 0.00 | epoch: 1 pq: 1 rg: 34 | total time: 12.63m | eta: 23.9m
step 01328/03814 (34.82%) | loss: 3.776410 | lrm: 1.00 | dt: 558.05ms | tok/sec: 96,335 | bf16_mfu: 0.00 | epoch: 1 pq: 1 rg: 34 | total time: 12.64m | eta: 23.8m
step 01329/03814 (34.85%) | loss: 3.768606 | lrm: 1.00 | dt: 559.16ms | tok/sec: 96,144 | bf16_mfu: 0.00 | epoch: 1 pq: 1 rg: 34 | total time: 12.65m | eta: 23.8m
step 01330/03814 (34.87%) | loss: 3.767719 | lrm: 1.00 | dt: 562.45ms | tok/sec: 95,581 | bf16_mfu: 0.00 | epoch: 1 pq: 1 rg: 34 | total time: 12.66m | eta: 23.8m
step 01331/03814 (34.90%) | loss: 3.776071 | lrm: 1.00 | dt: 675.94ms | tok/sec: 79,533 | bf16_mfu: 0.00 | epoch: 1 pq: 1 rg: 35 | total time: 12.67m | eta: 23.8m
step 01332/03814 (34.92%) | loss: 3.769610 | lrm: 1.00 | dt: 559.82ms | tok/sec: 96,030 | bf16_mfu: 0.00 | epoch: 1 pq: 1 rg: 35 | total time: 12.68m | eta: 23.8m
step 01333/03814 (34.95%) | loss: 3.769122 | lrm: 1.00 | dt: 635.02ms | tok/sec: 84,658 | bf16_mfu: 0.00 | epoch: 1 pq: 1 rg: 35 | total time: 12.69m | eta: 23.8m
step 01334/03814 (34.98%) | loss: 3.803457 | lrm: 1.00 | dt: 558.65ms | tok/sec: 96,232 | bf16_mfu: 0.00 | epoch: 1 pq: 1 rg: 35 | total time: 12.70m | eta: 23.8m
step 01335/03814 (35.00%) | loss: 3.796874 | lrm: 1.00 | dt: 575.04ms | tok/sec: 93,489 | bf16_mfu: 0.00 | epoch: 1 pq: 1 rg: 35 | total time: 12.71m | eta: 23.8m
step 01336/03814 (35.03%) | loss: 3.800541 | lrm: 1.00 | dt: 558.72ms | tok/sec: 96,220 | bf16_mfu: 0.00 | epoch: 1 pq: 1 rg: 35 | total time: 12.72m | eta: 23.8m
step 01337/03814 (35.06%) | loss: 3.798649 | lrm: 1.00 | dt: 621.39ms | tok/sec: 86,515 | bf16_mfu: 0.00 | epoch: 1 pq: 1 rg: 35 | total time: 12.73m | eta: 23.8m
step 01338/03814 (35.08%) | loss: 3.805816 | lrm: 1.00 | dt: 558.10ms | tok/sec: 96,326 | bf16_mfu: 0.00 | epoch: 1 pq: 1 rg: 35 | total time: 12.74m | eta: 23.8m
step 01339/03814 (35.11%) | loss: 3.804789 | lrm: 1.00 | dt: 557.65ms | tok/sec: 96,404 | bf16_mfu: 0.00 | epoch: 1 pq: 1 rg: 35 | total time: 12.75m | eta: 23.7m
step 01340/03814 (35.13%) | loss: 3.812721 | lrm: 1.00 | dt: 555.45ms | tok/sec: 96,786 | bf16_mfu: 0.00 | epoch: 1 pq: 1 rg: 35 | total time: 12.76m | eta: 23.7m
step 01341/03814 (35.16%) | loss: 3.815252 | lrm: 1.00 | dt: 560.79ms | tok/sec: 95,865 | bf16_mfu: 0.00 | epoch: 1 pq: 1 rg: 35 | total time: 12.77m | eta: 23.7m
step 01342/03814 (35.19%) | loss: 3.813495 | lrm: 1.00 | dt: 558.98ms | tok/sec: 96,174 | bf16_mfu: 0.00 | epoch: 1 pq: 1 rg: 35 | total time: 12.78m | eta: 23.7m
step 01343/03814 (35.21%) | loss: 3.831175 | lrm: 1.00 | dt: 656.84ms | tok/sec: 81,846 | bf16_mfu: 0.00 | epoch: 1 pq: 1 rg: 36 | total time: 12.79m | eta: 23.7m
step 01344/03814 (35.24%) | loss: 3.811633 | lrm: 1.00 | dt: 557.08ms | tok/sec: 96,502 | bf16_mfu: 0.00 | epoch: 1 pq: 1 rg: 36 | total time: 12.80m | eta: 23.7m
step 01345/03814 (35.26%) | loss: 3.789037 | lrm: 1.00 | dt: 558.31ms | tok/sec: 96,291 | bf16_mfu: 0.00 | epoch: 1 pq: 1 rg: 36 | total time: 12.81m | eta: 23.7m
step 01346/03814 (35.29%) | loss: 3.792767 | lrm: 1.00 | dt: 560.72ms | tok/sec: 95,877 | bf16_mfu: 0.00 | epoch: 1 pq: 1 rg: 36 | total time: 12.82m | eta: 23.7m
step 01347/03814 (35.32%) | loss: 3.798847 | lrm: 1.00 | dt: 600.83ms | tok/sec: 89,476 | bf16_mfu: 0.00 | epoch: 1 pq: 1 rg: 36 | total time: 12.83m | eta: 23.7m
step 01348/03814 (35.34%) | loss: 3.807287 | lrm: 1.00 | dt: 584.61ms | tok/sec: 91,958 | bf16_mfu: 0.00 | epoch: 1 pq: 1 rg: 36 | total time: 12.84m | eta: 23.7m
step 01349/03814 (35.37%) | loss: 3.800695 | lrm: 0.99 | dt: 562.80ms | tok/sec: 95,521 | bf16_mfu: 0.00 | epoch: 1 pq: 1 rg: 36 | total time: 12.85m | eta: 23.7m
step 01350/03814 (35.40%) | loss: 3.803025 | lrm: 0.99 | dt: 648.57ms | tok/sec: 82,890 | bf16_mfu: 0.00 | epoch: 1 pq: 1 rg: 36 | total time: 12.86m | eta: 23.6m
step 01351/03814 (35.42%) | loss: 3.784473 | lrm: 0.99 | dt: 674.18ms | tok/sec: 79,741 | bf16_mfu: 0.00 | epoch: 1 pq: 1 rg: 36 | total time: 12.87m | eta: 23.6m
step 01352/03814 (35.45%) | loss: 3.781019 | lrm: 0.99 | dt: 559.18ms | tok/sec: 96,140 | bf16_mfu: 0.00 | epoch: 1 pq: 1 rg: 36 | total time: 12.88m | eta: 23.6m
step 01353/03814 (35.47%) | loss: 3.803026 | lrm: 0.99 | dt: 588.39ms | tok/sec: 91,368 | bf16_mfu: 0.00 | epoch: 1 pq: 1 rg: 36 | total time: 12.89m | eta: 23.6m
step 01354/03814 (35.50%) | loss: 3.801841 | lrm: 0.99 | dt: 734.07ms | tok/sec: 73,235 | bf16_mfu: 0.00 | epoch: 1 pq: 1 rg: 37 | total time: 12.90m | eta: 23.6m
step 01355/03814 (35.53%) | loss: 3.793924 | lrm: 0.99 | dt: 558.54ms | tok/sec: 96,251 | bf16_mfu: 0.00 | epoch: 1 pq: 1 rg: 37 | total time: 12.91m | eta: 23.6m
step 01356/03814 (35.55%) | loss: 3.780009 | lrm: 0.99 | dt: 564.00ms | tok/sec: 95,319 | bf16_mfu: 0.00 | epoch: 1 pq: 1 rg: 37 | total time: 12.92m | eta: 23.6m
step 01357/03814 (35.58%) | loss: 3.783800 | lrm: 0.99 | dt: 560.84ms | tok/sec: 95,856 | bf16_mfu: 0.00 | epoch: 1 pq: 1 rg: 37 | total time: 12.93m | eta: 23.6m
step 01358/03814 (35.61%) | loss: 3.761028 | lrm: 0.99 | dt: 557.08ms | tok/sec: 96,503 | bf16_mfu: 0.00 | epoch: 1 pq: 1 rg: 37 | total time: 12.94m | eta: 23.6m
step 01359/03814 (35.63%) | loss: 3.764186 | lrm: 0.99 | dt: 557.90ms | tok/sec: 96,361 | bf16_mfu: 0.00 | epoch: 1 pq: 1 rg: 37 | total time: 12.95m | eta: 23.6m
step 01360/03814 (35.66%) | loss: 3.768350 | lrm: 0.99 | dt: 558.78ms | tok/sec: 96,210 | bf16_mfu: 0.00 | epoch: 1 pq: 1 rg: 37 | total time: 12.96m | eta: 23.6m
step 01361/03814 (35.68%) | loss: 3.757704 | lrm: 0.99 | dt: 599.23ms | tok/sec: 89,715 | bf16_mfu: 0.00 | epoch: 1 pq: 1 rg: 37 | total time: 12.97m | eta: 23.5m
step 01362/03814 (35.71%) | loss: 3.769478 | lrm: 0.99 | dt: 561.18ms | tok/sec: 95,797 | bf16_mfu: 0.00 | epoch: 1 pq: 1 rg: 37 | total time: 12.98m | eta: 23.5m
step 01363/03814 (35.74%) | loss: 3.776784 | lrm: 0.99 | dt: 640.05ms | tok/sec: 83,993 | bf16_mfu: 0.00 | epoch: 1 pq: 1 rg: 37 | total time: 12.99m | eta: 23.5m
step 01364/03814 (35.76%) | loss: 3.765810 | lrm: 0.99 | dt: 574.83ms | tok/sec: 93,523 | bf16_mfu: 0.00 | epoch: 1 pq: 1 rg: 37 | total time: 13.00m | eta: 23.5m
step 01365/03814 (35.79%) | loss: 3.753213 | lrm: 0.99 | dt: 556.66ms | tok/sec: 96,575 | bf16_mfu: 0.00 | epoch: 1 pq: 1 rg: 37 | total time: 13.01m | eta: 23.5m
step 01366/03814 (35.82%) | loss: 3.749138 | lrm: 0.99 | dt: 697.22ms | tok/sec: 77,106 | bf16_mfu: 0.00 | epoch: 1 pq: 1 rg: 38 | total time: 13.02m | eta: 23.5m
step 01367/03814 (35.84%) | loss: 3.744907 | lrm: 0.99 | dt: 611.08ms | tok/sec: 87,974 | bf16_mfu: 0.00 | epoch: 1 pq: 1 rg: 38 | total time: 13.03m | eta: 23.5m
step 01368/03814 (35.87%) | loss: 3.734791 | lrm: 0.99 | dt: 559.33ms | tok/sec: 96,115 | bf16_mfu: 0.00 | epoch: 1 pq: 1 rg: 38 | total time: 13.04m | eta: 23.5m
step 01369/03814 (35.89%) | loss: 3.746937 | lrm: 0.99 | dt: 556.28ms | tok/sec: 96,642 | bf16_mfu: 0.00 | epoch: 1 pq: 1 rg: 38 | total time: 13.05m | eta: 23.5m
step 01370/03814 (35.92%) | loss: 3.756901 | lrm: 0.99 | dt: 559.97ms | tok/sec: 96,005 | bf16_mfu: 0.00 | epoch: 1 pq: 1 rg: 38 | total time: 13.05m | eta: 23.5m
step 01371/03814 (35.95%) | loss: 3.747996 | lrm: 0.99 | dt: 555.84ms | tok/sec: 96,717 | bf16_mfu: 0.00 | epoch: 1 pq: 1 rg: 38 | total time: 13.06m | eta: 23.5m
step 01372/03814 (35.97%) | loss: 3.747787 | lrm: 0.99 | dt: 562.66ms | tok/sec: 95,546 | bf16_mfu: 0.00 | epoch: 1 pq: 1 rg: 38 | total time: 13.07m | eta: 23.4m
step 01373/03814 (36.00%) | loss: 3.749782 | lrm: 0.99 | dt: 562.42ms | tok/sec: 95,586 | bf16_mfu: 0.00 | epoch: 1 pq: 1 rg: 38 | total time: 13.08m | eta: 23.4m
step 01374/03814 (36.03%) | loss: 3.730712 | lrm: 0.99 | dt: 556.75ms | tok/sec: 96,560 | bf16_mfu: 0.00 | epoch: 1 pq: 1 rg: 38 | total time: 13.09m | eta: 23.4m
step 01375/03814 (36.05%) | loss: 3.732457 | lrm: 0.98 | dt: 558.00ms | tok/sec: 96,344 | bf16_mfu: 0.00 | epoch: 1 pq: 1 rg: 38 | total time: 13.10m | eta: 23.4m
step 01376/03814 (36.08%) | loss: 3.748361 | lrm: 0.98 | dt: 605.75ms | tok/sec: 88,749 | bf16_mfu: 0.00 | epoch: 1 pq: 1 rg: 38 | total time: 13.11m | eta: 23.4m
step 01377/03814 (36.10%) | loss: 3.734867 | lrm: 0.98 | dt: 601.68ms | tok/sec: 89,350 | bf16_mfu: 0.00 | epoch: 1 pq: 1 rg: 39 | total time: 13.12m | eta: 23.4m
step 01378/03814 (36.13%) | loss: 3.731827 | lrm: 0.98 | dt: 561.25ms | tok/sec: 95,785 | bf16_mfu: 0.00 | epoch: 1 pq: 1 rg: 39 | total time: 13.13m | eta: 23.4m
step 01379/03814 (36.16%) | loss: 3.740555 | lrm: 0.98 | dt: 561.33ms | tok/sec: 95,773 | bf16_mfu: 0.00 | epoch: 1 pq: 1 rg: 39 | total time: 13.14m | eta: 23.4m
step 01380/03814 (36.18%) | loss: 3.723588 | lrm: 0.98 | dt: 557.03ms | tok/sec: 96,512 | bf16_mfu: 0.00 | epoch: 1 pq: 1 rg: 39 | total time: 13.15m | eta: 23.4m
step 01381/03814 (36.21%) | loss: 3.710125 | lrm: 0.98 | dt: 561.47ms | tok/sec: 95,748 | bf16_mfu: 0.00 | epoch: 1 pq: 1 rg: 39 | total time: 13.16m | eta: 23.4m
step 01382/03814 (36.23%) | loss: 3.734570 | lrm: 0.98 | dt: 562.40ms | tok/sec: 95,590 | bf16_mfu: 0.00 | epoch: 1 pq: 1 rg: 39 | total time: 13.17m | eta: 23.3m
step 01383/03814 (36.26%) | loss: 3.745414 | lrm: 0.98 | dt: 555.82ms | tok/sec: 96,721 | bf16_mfu: 0.00 | epoch: 1 pq: 1 rg: 39 | total time: 13.18m | eta: 23.3m
step 01384/03814 (36.29%) | loss: 3.725987 | lrm: 0.98 | dt: 561.97ms | tok/sec: 95,664 | bf16_mfu: 0.00 | epoch: 1 pq: 1 rg: 39 | total time: 13.19m | eta: 23.3m
step 01385/03814 (36.31%) | loss: 3.720963 | lrm: 0.98 | dt: 557.36ms | tok/sec: 96,453 | bf16_mfu: 0.00 | epoch: 1 pq: 1 rg: 39 | total time: 13.20m | eta: 23.3m
step 01386/03814 (36.34%) | loss: 3.725472 | lrm: 0.98 | dt: 727.61ms | tok/sec: 73,886 | bf16_mfu: 0.00 | epoch: 1 pq: 1 rg: 39 | total time: 13.21m | eta: 23.3m
step 01387/03814 (36.37%) | loss: 3.728953 | lrm: 0.98 | dt: 677.50ms | tok/sec: 79,350 | bf16_mfu: 0.00 | epoch: 1 pq: 1 rg: 39 | total time: 13.22m | eta: 23.3m
step 01388/03814 (36.39%) | loss: 3.722413 | lrm: 0.98 | dt: 559.37ms | tok/sec: 96,108 | bf16_mfu: 0.00 | epoch: 1 pq: 1 rg: 39 | total time: 13.23m | eta: 23.3m
step 01389/03814 (36.42%) | loss: 3.724186 | lrm: 0.98 | dt: 764.37ms | tok/sec: 70,332 | bf16_mfu: 0.00 | epoch: 1 pq: 1 rg: 40 | total time: 13.24m | eta: 23.3m
step 01390/03814 (36.44%) | loss: 3.708858 | lrm: 0.98 | dt: 562.92ms | tok/sec: 95,501 | bf16_mfu: 0.00 | epoch: 1 pq: 1 rg: 40 | total time: 13.25m | eta: 23.3m
step 01391/03814 (36.47%) | loss: 3.702750 | lrm: 0.98 | dt: 561.45ms | tok/sec: 95,751 | bf16_mfu: 0.00 | epoch: 1 pq: 1 rg: 40 | total time: 13.26m | eta: 23.3m
step 01392/03814 (36.50%) | loss: 3.711073 | lrm: 0.98 | dt: 628.75ms | tok/sec: 85,502 | bf16_mfu: 0.00 | epoch: 1 pq: 1 rg: 40 | total time: 13.27m | eta: 23.3m
step 01393/03814 (36.52%) | loss: 3.686807 | lrm: 0.98 | dt: 566.24ms | tok/sec: 94,941 | bf16_mfu: 0.00 | epoch: 1 pq: 1 rg: 40 | total time: 13.28m | eta: 23.2m
step 01394/03814 (36.55%) | loss: 3.681992 | lrm: 0.98 | dt: 556.19ms | tok/sec: 96,657 | bf16_mfu: 0.00 | epoch: 1 pq: 1 rg: 40 | total time: 13.29m | eta: 23.2m
step 01395/03814 (36.58%) | loss: 3.672110 | lrm: 0.98 | dt: 564.64ms | tok/sec: 95,210 | bf16_mfu: 0.00 | epoch: 1 pq: 1 rg: 40 | total time: 13.30m | eta: 23.2m
step 01396/03814 (36.60%) | loss: 3.662407 | lrm: 0.98 | dt: 579.42ms | tok/sec: 92,782 | bf16_mfu: 0.00 | epoch: 1 pq: 1 rg: 40 | total time: 13.31m | eta: 23.2m
step 01397/03814 (36.63%) | loss: 3.652825 | lrm: 0.98 | dt: 557.12ms | tok/sec: 96,496 | bf16_mfu: 0.00 | epoch: 1 pq: 1 rg: 40 | total time: 13.32m | eta: 23.2m
step 01398/03814 (36.65%) | loss: 3.667330 | lrm: 0.98 | dt: 558.14ms | tok/sec: 96,319 | bf16_mfu: 0.00 | epoch: 1 pq: 1 rg: 40 | total time: 13.33m | eta: 23.2m
step 01399/03814 (36.68%) | loss: 3.661656 | lrm: 0.98 | dt: 557.53ms | tok/sec: 96,424 | bf16_mfu: 0.00 | epoch: 1 pq: 1 rg: 40 | total time: 13.34m | eta: 23.2m
step 01400/03814 (36.71%) | loss: 3.660156 | lrm: 0.98 | dt: 561.18ms | tok/sec: 95,797 | bf16_mfu: 0.00 | epoch: 1 pq: 1 rg: 40 | total time: 13.35m | eta: 23.2m
step 01401/03814 (36.73%) | loss: 3.671531 | lrm: 0.97 | dt: 721.37ms | tok/sec: 74,525 | bf16_mfu: 0.00 | epoch: 1 pq: 1 rg: 41 | total time: 13.36m | eta: 23.2m
step 01402/03814 (36.76%) | loss: 3.669702 | lrm: 0.97 | dt: 559.94ms | tok/sec: 96,010 | bf16_mfu: 0.00 | epoch: 1 pq: 1 rg: 41 | total time: 13.37m | eta: 23.2m
step 01403/03814 (36.79%) | loss: 3.680293 | lrm: 0.97 | dt: 565.69ms | tok/sec: 95,034 | bf16_mfu: 0.00 | epoch: 1 pq: 1 rg: 41 | total time: 13.38m | eta: 23.2m
step 01404/03814 (36.81%) | loss: 3.675244 | lrm: 0.97 | dt: 564.71ms | tok/sec: 95,198 | bf16_mfu: 0.00 | epoch: 1 pq: 1 rg: 41 | total time: 13.39m | eta: 23.1m
step 01405/03814 (36.84%) | loss: 3.692701 | lrm: 0.97 | dt: 614.37ms | tok/sec: 87,504 | bf16_mfu: 0.00 | epoch: 1 pq: 1 rg: 41 | total time: 13.40m | eta: 23.1m
step 01406/03814 (36.86%) | loss: 3.680322 | lrm: 0.97 | dt: 561.20ms | tok/sec: 95,794 | bf16_mfu: 0.00 | epoch: 1 pq: 1 rg: 41 | total time: 13.41m | eta: 23.1m
step 01407/03814 (36.89%) | loss: 3.692534 | lrm: 0.97 | dt: 564.83ms | tok/sec: 95,178 | bf16_mfu: 0.00 | epoch: 1 pq: 1 rg: 41 | total time: 13.42m | eta: 23.1m
step 01408/03814 (36.92%) | loss: 3.699528 | lrm: 0.97 | dt: 703.31ms | tok/sec: 76,438 | bf16_mfu: 0.00 | epoch: 1 pq: 1 rg: 41 | total time: 13.43m | eta: 23.1m
step 01409/03814 (36.94%) | loss: 3.687950 | lrm: 0.97 | dt: 558.96ms | tok/sec: 96,179 | bf16_mfu: 0.00 | epoch: 1 pq: 1 rg: 41 | total time: 13.44m | eta: 23.1m
step 01410/03814 (36.97%) | loss: 3.693662 | lrm: 0.97 | dt: 576.01ms | tok/sec: 93,332 | bf16_mfu: 0.00 | epoch: 1 pq: 1 rg: 41 | total time: 13.45m | eta: 23.1m
step 01411/03814 (37.00%) | loss: 3.693130 | lrm: 0.97 | dt: 566.01ms | tok/sec: 94,980 | bf16_mfu: 0.00 | epoch: 1 pq: 1 rg: 41 | total time: 13.46m | eta: 23.1m
step 01412/03814 (37.02%) | loss: 3.678343 | lrm: 0.97 | dt: 665.74ms | tok/sec: 80,752 | bf16_mfu: 0.00 | epoch: 1 pq: 1 rg: 42 | total time: 13.47m | eta: 23.1m
step 01413/03814 (37.05%) | loss: 3.686028 | lrm: 0.97 | dt: 563.13ms | tok/sec: 95,465 | bf16_mfu: 0.00 | epoch: 1 pq: 1 rg: 42 | total time: 13.48m | eta: 23.1m
step 01414/03814 (37.07%) | loss: 3.707307 | lrm: 0.97 | dt: 640.16ms | tok/sec: 83,978 | bf16_mfu: 0.00 | epoch: 1 pq: 1 rg: 42 | total time: 13.49m | eta: 23.1m
step 01415/03814 (37.10%) | loss: 3.716628 | lrm: 0.97 | dt: 563.05ms | tok/sec: 95,479 | bf16_mfu: 0.00 | epoch: 1 pq: 1 rg: 42 | total time: 13.50m | eta: 23.0m
step 01416/03814 (37.13%) | loss: 3.728017 | lrm: 0.97 | dt: 570.01ms | tok/sec: 94,314 | bf16_mfu: 0.00 | epoch: 1 pq: 1 rg: 42 | total time: 13.51m | eta: 23.0m
step 01417/03814 (37.15%) | loss: 3.724430 | lrm: 0.97 | dt: 565.04ms | tok/sec: 95,144 | bf16_mfu: 0.00 | epoch: 1 pq: 1 rg: 42 | total time: 13.51m | eta: 23.0m
step 01418/03814 (37.18%) | loss: 3.718985 | lrm: 0.97 | dt: 563.21ms | tok/sec: 95,452 | bf16_mfu: 0.00 | epoch: 1 pq: 1 rg: 42 | total time: 13.52m | eta: 23.0m
step 01419/03814 (37.21%) | loss: 3.712473 | lrm: 0.97 | dt: 566.70ms | tok/sec: 94,865 | bf16_mfu: 0.00 | epoch: 1 pq: 1 rg: 42 | total time: 13.53m | eta: 23.0m
step 01420/03814 (37.23%) | loss: 3.716077 | lrm: 0.97 | dt: 697.26ms | tok/sec: 77,102 | bf16_mfu: 0.00 | epoch: 1 pq: 1 rg: 42 | total time: 13.55m | eta: 23.0m
step 01421/03814 (37.26%) | loss: 3.710002 | lrm: 0.97 | dt: 644.19ms | tok/sec: 83,453 | bf16_mfu: 0.00 | epoch: 1 pq: 1 rg: 42 | total time: 13.56m | eta: 23.0m
step 01422/03814 (37.28%) | loss: 3.706278 | lrm: 0.97 | dt: 562.91ms | tok/sec: 95,504 | bf16_mfu: 0.00 | epoch: 1 pq: 1 rg: 42 | total time: 13.57m | eta: 23.0m
step 01423/03814 (37.31%) | loss: 3.708141 | lrm: 0.97 | dt: 699.87ms | tok/sec: 76,814 | bf16_mfu: 0.00 | epoch: 1 pq: 1 rg: 42 | total time: 13.58m | eta: 23.0m
step 01424/03814 (37.34%) | loss: 3.753325 | lrm: 0.97 | dt: 732.61ms | tok/sec: 73,381 | bf16_mfu: 0.00 | epoch: 1 pq: 1 rg: 43 | total time: 13.59m | eta: 23.0m
step 01425/03814 (37.36%) | loss: 3.745956 | lrm: 0.97 | dt: 559.34ms | tok/sec: 96,113 | bf16_mfu: 0.00 | epoch: 1 pq: 1 rg: 43 | total time: 13.60m | eta: 23.0m
step 01426/03814 (37.39%) | loss: 3.740172 | lrm: 0.97 | dt: 559.39ms | tok/sec: 96,103 | bf16_mfu: 0.00 | epoch: 1 pq: 1 rg: 43 | total time: 13.61m | eta: 22.9m
step 01427/03814 (37.41%) | loss: 3.741895 | lrm: 0.96 | dt: 562.70ms | tok/sec: 95,538 | bf16_mfu: 0.00 | epoch: 1 pq: 1 rg: 43 | total time: 13.62m | eta: 22.9m
step 01428/03814 (37.44%) | loss: 3.737333 | lrm: 0.96 | dt: 573.68ms | tok/sec: 93,711 | bf16_mfu: 0.00 | epoch: 1 pq: 1 rg: 43 | total time: 13.63m | eta: 22.9m
step 01429/03814 (37.47%) | loss: 3.737296 | lrm: 0.96 | dt: 563.46ms | tok/sec: 95,409 | bf16_mfu: 0.00 | epoch: 1 pq: 1 rg: 43 | total time: 13.64m | eta: 22.9m
step 01430/03814 (37.49%) | loss: 3.748187 | lrm: 0.96 | dt: 632.67ms | tok/sec: 84,973 | bf16_mfu: 0.00 | epoch: 1 pq: 1 rg: 43 | total time: 13.65m | eta: 22.9m
step 01431/03814 (37.52%) | loss: 3.730520 | lrm: 0.96 | dt: 620.12ms | tok/sec: 86,693 | bf16_mfu: 0.00 | epoch: 1 pq: 1 rg: 43 | total time: 13.66m | eta: 22.9m
step 01432/03814 (37.55%) | loss: 3.723884 | lrm: 0.96 | dt: 563.95ms | tok/sec: 95,326 | bf16_mfu: 0.00 | epoch: 1 pq: 1 rg: 43 | total time: 13.67m | eta: 22.9m
step 01433/03814 (37.57%) | loss: 3.725751 | lrm: 0.96 | dt: 612.92ms | tok/sec: 87,711 | bf16_mfu: 0.00 | epoch: 1 pq: 1 rg: 43 | total time: 13.68m | eta: 22.9m
step 01434/03814 (37.60%) | loss: 3.716529 | lrm: 0.96 | dt: 559.57ms | tok/sec: 96,074 | bf16_mfu: 0.00 | epoch: 1 pq: 1 rg: 43 | total time: 13.69m | eta: 22.9m
step 01435/03814 (37.62%) | loss: 3.701727 | lrm: 0.96 | dt: 563.70ms | tok/sec: 95,369 | bf16_mfu: 0.00 | epoch: 1 pq: 1 rg: 43 | total time: 13.70m | eta: 22.9m
step 01436/03814 (37.65%) | loss: 3.711487 | lrm: 0.96 | dt: 681.55ms | tok/sec: 78,878 | bf16_mfu: 0.00 | epoch: 1 pq: 1 rg: 44 | total time: 13.71m | eta: 22.9m
step 01437/03814 (37.68%) | loss: 3.711307 | lrm: 0.96 | dt: 558.64ms | tok/sec: 96,233 | bf16_mfu: 0.00 | epoch: 1 pq: 1 rg: 44 | total time: 13.72m | eta: 22.8m
step 01438/03814 (37.70%) | loss: 3.715060 | lrm: 0.96 | dt: 564.47ms | tok/sec: 95,240 | bf16_mfu: 0.00 | epoch: 1 pq: 1 rg: 44 | total time: 13.73m | eta: 22.8m
step 01439/03814 (37.73%) | loss: 3.725965 | lrm: 0.96 | dt: 566.71ms | tok/sec: 94,863 | bf16_mfu: 0.00 | epoch: 1 pq: 1 rg: 44 | total time: 13.73m | eta: 22.8m
step 01440/03814 (37.76%) | loss: 3.722468 | lrm: 0.96 | dt: 583.42ms | tok/sec: 92,145 | bf16_mfu: 0.00 | epoch: 1 pq: 1 rg: 44 | total time: 13.74m | eta: 22.8m
step 01441/03814 (37.78%) | loss: 3.715687 | lrm: 0.96 | dt: 566.61ms | tok/sec: 94,879 | bf16_mfu: 0.00 | epoch: 1 pq: 1 rg: 44 | total time: 13.75m | eta: 22.8m
step 01442/03814 (37.81%) | loss: 3.707296 | lrm: 0.96 | dt: 563.43ms | tok/sec: 95,415 | bf16_mfu: 0.00 | epoch: 1 pq: 1 rg: 44 | total time: 13.76m | eta: 22.8m
step 01443/03814 (37.83%) | loss: 3.703831 | lrm: 0.96 | dt: 610.07ms | tok/sec: 88,121 | bf16_mfu: 0.00 | epoch: 1 pq: 1 rg: 44 | total time: 13.77m | eta: 22.8m
step 01444/03814 (37.86%) | loss: 3.692516 | lrm: 0.96 | dt: 567.32ms | tok/sec: 94,761 | bf16_mfu: 0.00 | epoch: 1 pq: 1 rg: 44 | total time: 13.78m | eta: 22.8m
step 01445/03814 (37.89%) | loss: 3.717333 | lrm: 0.96 | dt: 696.91ms | tok/sec: 77,140 | bf16_mfu: 0.00 | epoch: 1 pq: 1 rg: 44 | total time: 13.79m | eta: 22.8m
step 01446/03814 (37.91%) | loss: 3.733299 | lrm: 0.96 | dt: 559.83ms | tok/sec: 96,028 | bf16_mfu: 0.00 | epoch: 1 pq: 1 rg: 44 | total time: 13.80m | eta: 22.8m
step 01447/03814 (37.94%) | loss: 3.722016 | lrm: 0.96 | dt: 606.38ms | tok/sec: 88,656 | bf16_mfu: 0.00 | epoch: 1 pq: 1 rg: 45 | total time: 13.81m | eta: 22.8m
step 01448/03814 (37.97%) | loss: 3.719403 | lrm: 0.96 | dt: 568.61ms | tok/sec: 94,545 | bf16_mfu: 0.00 | epoch: 1 pq: 1 rg: 45 | total time: 13.82m | eta: 22.7m
step 01449/03814 (37.99%) | loss: 3.730942 | lrm: 0.96 | dt: 564.93ms | tok/sec: 95,162 | bf16_mfu: 0.00 | epoch: 1 pq: 1 rg: 45 | total time: 13.83m | eta: 22.7m
step 01450/03814 (38.02%) | loss: 3.710854 | lrm: 0.96 | dt: 564.64ms | tok/sec: 95,210 | bf16_mfu: 0.00 | epoch: 1 pq: 1 rg: 45 | total time: 13.84m | eta: 22.7m
step 01451/03814 (38.04%) | loss: 3.714682 | lrm: 0.96 | dt: 570.39ms | tok/sec: 94,250 | bf16_mfu: 0.00 | epoch: 1 pq: 1 rg: 45 | total time: 13.85m | eta: 22.7m
step 01452/03814 (38.07%) | loss: 3.735344 | lrm: 0.96 | dt: 562.62ms | tok/sec: 95,552 | bf16_mfu: 0.00 | epoch: 1 pq: 1 rg: 45 | total time: 13.86m | eta: 22.7m
step 01453/03814 (38.10%) | loss: 3.710728 | lrm: 0.95 | dt: 601.23ms | tok/sec: 89,416 | bf16_mfu: 0.00 | epoch: 1 pq: 1 rg: 45 | total time: 13.87m | eta: 22.7m
step 01454/03814 (38.12%) | loss: 3.716854 | lrm: 0.95 | dt: 560.43ms | tok/sec: 95,926 | bf16_mfu: 0.00 | epoch: 1 pq: 1 rg: 45 | total time: 13.88m | eta: 22.7m
step 01455/03814 (38.15%) | loss: 3.721739 | lrm: 0.95 | dt: 719.89ms | tok/sec: 74,678 | bf16_mfu: 0.00 | epoch: 1 pq: 1 rg: 45 | total time: 13.89m | eta: 22.7m
step 01456/03814 (38.18%) | loss: 3.694806 | lrm: 0.95 | dt: 598.02ms | tok/sec: 89,897 | bf16_mfu: 0.00 | epoch: 1 pq: 1 rg: 45 | total time: 13.90m | eta: 22.7m
step 01457/03814 (38.20%) | loss: 3.700719 | lrm: 0.95 | dt: 559.04ms | tok/sec: 96,164 | bf16_mfu: 0.00 | epoch: 1 pq: 1 rg: 45 | total time: 13.91m | eta: 22.7m
step 01458/03814 (38.23%) | loss: 3.709726 | lrm: 0.95 | dt: 562.20ms | tok/sec: 95,624 | bf16_mfu: 0.00 | epoch: 1 pq: 1 rg: 45 | total time: 13.92m | eta: 22.7m
step 01459/03814 (38.25%) | loss: 3.690016 | lrm: 0.95 | dt: 735.08ms | tok/sec: 73,135 | bf16_mfu: 0.00 | epoch: 1 pq: 1 rg: 46 | total time: 13.93m | eta: 22.6m
step 01460/03814 (38.28%) | loss: 3.680962 | lrm: 0.95 | dt: 562.31ms | tok/sec: 95,606 | bf16_mfu: 0.00 | epoch: 1 pq: 1 rg: 46 | total time: 13.94m | eta: 22.6m
step 01461/03814 (38.31%) | loss: 3.702451 | lrm: 0.95 | dt: 563.70ms | tok/sec: 95,370 | bf16_mfu: 0.00 | epoch: 1 pq: 1 rg: 46 | total time: 13.95m | eta: 22.6m
step 01462/03814 (38.33%) | loss: 3.685962 | lrm: 0.95 | dt: 573.41ms | tok/sec: 93,754 | bf16_mfu: 0.00 | epoch: 1 pq: 1 rg: 46 | total time: 13.96m | eta: 22.6m
step 01463/03814 (38.36%) | loss: 3.700445 | lrm: 0.95 | dt: 565.15ms | tok/sec: 95,124 | bf16_mfu: 0.00 | epoch: 1 pq: 1 rg: 46 | total time: 13.97m | eta: 22.6m
step 01464/03814 (38.38%) | loss: 3.709603 | lrm: 0.95 | dt: 568.57ms | tok/sec: 94,553 | bf16_mfu: 0.00 | epoch: 1 pq: 1 rg: 46 | total time: 13.98m | eta: 22.6m
step 01465/03814 (38.41%) | loss: 3.717982 | lrm: 0.95 | dt: 560.47ms | tok/sec: 95,919 | bf16_mfu: 0.00 | epoch: 1 pq: 1 rg: 46 | total time: 13.99m | eta: 22.6m
step 01466/03814 (38.44%) | loss: 3.700896 | lrm: 0.95 | dt: 697.00ms | tok/sec: 77,130 | bf16_mfu: 0.00 | epoch: 1 pq: 1 rg: 46 | total time: 14.00m | eta: 22.6m
step 01467/03814 (38.46%) | loss: 3.714940 | lrm: 0.95 | dt: 561.72ms | tok/sec: 95,705 | bf16_mfu: 0.00 | epoch: 1 pq: 1 rg: 46 | total time: 14.01m | eta: 22.6m
step 01468/03814 (38.49%) | loss: 3.730272 | lrm: 0.95 | dt: 616.07ms | tok/sec: 87,262 | bf16_mfu: 0.00 | epoch: 1 pq: 1 rg: 46 | total time: 14.02m | eta: 22.6m
step 01469/03814 (38.52%) | loss: 3.707342 | lrm: 0.95 | dt: 568.86ms | tok/sec: 94,504 | bf16_mfu: 0.00 | epoch: 1 pq: 1 rg: 46 | total time: 14.03m | eta: 22.6m
step 01470/03814 (38.54%) | loss: 3.713493 | lrm: 0.95 | dt: 566.13ms | tok/sec: 94,960 | bf16_mfu: 0.00 | epoch: 1 pq: 1 rg: 46 | total time: 14.04m | eta: 22.5m
step 01471/03814 (38.57%) | loss: 3.702172 | lrm: 0.95 | dt: 789.24ms | tok/sec: 68,116 | bf16_mfu: 0.00 | epoch: 1 pq: 1 rg: 47 | total time: 14.05m | eta: 22.5m
step 01472/03814 (38.59%) | loss: 3.693043 | lrm: 0.95 | dt: 563.44ms | tok/sec: 95,414 | bf16_mfu: 0.00 | epoch: 1 pq: 1 rg: 47 | total time: 14.06m | eta: 22.5m
step 01473/03814 (38.62%) | loss: 3.690890 | lrm: 0.95 | dt: 559.27ms | tok/sec: 96,125 | bf16_mfu: 0.00 | epoch: 1 pq: 1 rg: 47 | total time: 14.07m | eta: 22.5m
step 01474/03814 (38.65%) | loss: 3.700984 | lrm: 0.95 | dt: 560.84ms | tok/sec: 95,855 | bf16_mfu: 0.00 | epoch: 1 pq: 1 rg: 47 | total time: 14.08m | eta: 22.5m
step 01475/03814 (38.67%) | loss: 3.693846 | lrm: 0.95 | dt: 562.28ms | tok/sec: 95,610 | bf16_mfu: 0.00 | epoch: 1 pq: 1 rg: 47 | total time: 14.09m | eta: 22.5m
step 01476/03814 (38.70%) | loss: 3.682608 | lrm: 0.95 | dt: 567.28ms | tok/sec: 94,767 | bf16_mfu: 0.00 | epoch: 1 pq: 1 rg: 47 | total time: 14.10m | eta: 22.5m
step 01477/03814 (38.73%) | loss: 3.691806 | lrm: 0.95 | dt: 566.07ms | tok/sec: 94,970 | bf16_mfu: 0.00 | epoch: 1 pq: 1 rg: 47 | total time: 14.11m | eta: 22.5m
step 01478/03814 (38.75%) | loss: 3.683191 | lrm: 0.95 | dt: 626.79ms | tok/sec: 85,770 | bf16_mfu: 0.00 | epoch: 1 pq: 1 rg: 47 | total time: 14.12m | eta: 22.5m
step 01479/03814 (38.78%) | loss: 3.663490 | lrm: 0.94 | dt: 557.95ms | tok/sec: 96,352 | bf16_mfu: 0.00 | epoch: 1 pq: 1 rg: 47 | total time: 14.13m | eta: 22.5m
step 01480/03814 (38.80%) | loss: 3.677532 | lrm: 0.94 | dt: 802.92ms | tok/sec: 66,955 | bf16_mfu: 0.00 | epoch: 1 pq: 1 rg: 47 | total time: 14.14m | eta: 22.5m
step 01481/03814 (38.83%) | loss: 3.692311 | lrm: 0.94 | dt: 562.18ms | tok/sec: 95,627 | bf16_mfu: 0.00 | epoch: 1 pq: 1 rg: 47 | total time: 14.15m | eta: 22.4m
step 01482/03814 (38.86%) | loss: 3.684523 | lrm: 0.94 | dt: 564.23ms | tok/sec: 95,280 | bf16_mfu: 0.00 | epoch: 1 pq: 1 rg: 47 | total time: 14.16m | eta: 22.4m
step 01483/03814 (38.88%) | loss: 3.690706 | lrm: 0.94 | dt: 712.89ms | tok/sec: 75,411 | bf16_mfu: 0.00 | epoch: 1 pq: 1 rg: 48 | total time: 14.17m | eta: 22.4m
step 01484/03814 (38.91%) | loss: 3.685150 | lrm: 0.94 | dt: 587.20ms | tok/sec: 91,553 | bf16_mfu: 0.00 | epoch: 1 pq: 1 rg: 48 | total time: 14.18m | eta: 22.4m
step 01485/03814 (38.94%) | loss: 3.684868 | lrm: 0.94 | dt: 560.26ms | tok/sec: 95,954 | bf16_mfu: 0.00 | epoch: 1 pq: 1 rg: 48 | total time: 14.19m | eta: 22.4m
step 01486/03814 (38.96%) | loss: 3.686204 | lrm: 0.94 | dt: 809.72ms | tok/sec: 66,393 | bf16_mfu: 0.00 | epoch: 1 pq: 1 rg: 48 | total time: 14.21m | eta: 22.4m
step 01487/03814 (38.99%) | loss: 3.690230 | lrm: 0.94 | dt: 617.33ms | tok/sec: 87,084 | bf16_mfu: 0.00 | epoch: 1 pq: 1 rg: 48 | total time: 14.22m | eta: 22.4m
step 01488/03814 (39.01%) | loss: 3.692730 | lrm: 0.94 | dt: 562.13ms | tok/sec: 95,636 | bf16_mfu: 0.00 | epoch: 1 pq: 1 rg: 48 | total time: 14.23m | eta: 22.4m
step 01489/03814 (39.04%) | loss: 3.698632 | lrm: 0.94 | dt: 654.26ms | tok/sec: 82,169 | bf16_mfu: 0.00 | epoch: 1 pq: 1 rg: 48 | total time: 14.24m | eta: 22.4m
step 01490/03814 (39.07%) | loss: 3.705073 | lrm: 0.94 | dt: 560.82ms | tok/sec: 95,859 | bf16_mfu: 0.00 | epoch: 1 pq: 1 rg: 48 | total time: 14.25m | eta: 22.4m
step 01491/03814 (39.09%) | loss: 3.697292 | lrm: 0.94 | dt: 558.19ms | tok/sec: 96,311 | bf16_mfu: 0.00 | epoch: 1 pq: 1 rg: 48 | total time: 14.26m | eta: 22.4m
step 01492/03814 (39.12%) | loss: 3.695392 | lrm: 0.94 | dt: 562.01ms | tok/sec: 95,656 | bf16_mfu: 0.00 | epoch: 1 pq: 1 rg: 48 | total time: 14.26m | eta: 22.3m
step 01493/03814 (39.15%) | loss: 3.712543 | lrm: 0.94 | dt: 560.71ms | tok/sec: 95,878 | bf16_mfu: 0.00 | epoch: 1 pq: 1 rg: 48 | total time: 14.27m | eta: 22.3m
step 01494/03814 (39.17%) | loss: 3.700791 | lrm: 0.94 | dt: 755.23ms | tok/sec: 71,183 | bf16_mfu: 0.00 | epoch: 1 pq: 1 rg: 49 | total time: 14.29m | eta: 22.3m
step 01495/03814 (39.20%) | loss: 3.699437 | lrm: 0.94 | dt: 562.62ms | tok/sec: 95,552 | bf16_mfu: 0.00 | epoch: 1 pq: 1 rg: 49 | total time: 14.30m | eta: 22.3m
step 01496/03814 (39.22%) | loss: 3.703362 | lrm: 0.94 | dt: 598.51ms | tok/sec: 89,822 | bf16_mfu: 0.00 | epoch: 1 pq: 1 rg: 49 | total time: 14.31m | eta: 22.3m
step 01497/03814 (39.25%) | loss: 3.693417 | lrm: 0.94 | dt: 563.72ms | tok/sec: 95,367 | bf16_mfu: 0.00 | epoch: 1 pq: 1 rg: 49 | total time: 14.32m | eta: 22.3m
step 01498/03814 (39.28%) | loss: 3.694037 | lrm: 0.94 | dt: 558.67ms | tok/sec: 96,228 | bf16_mfu: 0.00 | epoch: 1 pq: 1 rg: 49 | total time: 14.32m | eta: 22.3m
step 01499/03814 (39.30%) | loss: 3.706808 | lrm: 0.94 | dt: 574.44ms | tok/sec: 93,586 | bf16_mfu: 0.00 | epoch: 1 pq: 1 rg: 49 | total time: 14.33m | eta: 22.3m
Step 01500 | Validation bpb: 0.876124
step 01500/03814 (39.33%) | loss: 3.696484 | lrm: 0.94 | dt: 555.28ms | tok/sec: 96,816 | bf16_mfu: 0.00 | epoch: 1 pq: 1 rg: 49 | total time: 14.34m | eta: 22.3m
step 01501/03814 (39.36%) | loss: 3.700261 | lrm: 0.94 | dt: 554.23ms | tok/sec: 96,998 | bf16_mfu: 0.00 | epoch: 1 pq: 1 rg: 49 | total time: 14.35m | eta: 22.3m
step 01502/03814 (39.38%) | loss: 3.708408 | lrm: 0.94 | dt: 568.99ms | tok/sec: 94,482 | bf16_mfu: 0.00 | epoch: 1 pq: 1 rg: 49 | total time: 14.36m | eta: 22.3m
step 01503/03814 (39.41%) | loss: 3.683535 | lrm: 0.94 | dt: 555.30ms | tok/sec: 96,812 | bf16_mfu: 0.00 | epoch: 1 pq: 1 rg: 49 | total time: 14.37m | eta: 22.2m
step 01504/03814 (39.43%) | loss: 3.669389 | lrm: 0.94 | dt: 556.09ms | tok/sec: 96,674 | bf16_mfu: 0.00 | epoch: 1 pq: 1 rg: 49 | total time: 14.38m | eta: 22.2m
step 01505/03814 (39.46%) | loss: 3.667637 | lrm: 0.93 | dt: 557.67ms | tok/sec: 96,400 | bf16_mfu: 0.00 | epoch: 1 pq: 1 rg: 49 | total time: 14.39m | eta: 22.2m
step 01506/03814 (39.49%) | loss: 3.652812 | lrm: 0.93 | dt: 655.29ms | tok/sec: 82,040 | bf16_mfu: 0.00 | epoch: 1 pq: 1 rg: 50 | total time: 14.40m | eta: 22.2m
step 01507/03814 (39.51%) | loss: 3.645468 | lrm: 0.93 | dt: 563.73ms | tok/sec: 95,364 | bf16_mfu: 0.00 | epoch: 1 pq: 1 rg: 50 | total time: 14.41m | eta: 22.2m
step 01508/03814 (39.54%) | loss: 3.665581 | lrm: 0.93 | dt: 588.82ms | tok/sec: 91,301 | bf16_mfu: 0.00 | epoch: 1 pq: 1 rg: 50 | total time: 14.42m | eta: 22.2m
step 01509/03814 (39.56%) | loss: 3.665315 | lrm: 0.93 | dt: 564.53ms | tok/sec: 95,229 | bf16_mfu: 0.00 | epoch: 1 pq: 1 rg: 50 | total time: 14.43m | eta: 22.2m
step 01510/03814 (39.59%) | loss: 3.685903 | lrm: 0.93 | dt: 571.31ms | tok/sec: 94,100 | bf16_mfu: 0.00 | epoch: 1 pq: 1 rg: 50 | total time: 14.44m | eta: 22.2m
step 01511/03814 (39.62%) | loss: 3.693205 | lrm: 0.93 | dt: 562.82ms | tok/sec: 95,518 | bf16_mfu: 0.00 | epoch: 1 pq: 1 rg: 50 | total time: 14.45m | eta: 22.2m
step 01512/03814 (39.64%) | loss: 3.689471 | lrm: 0.93 | dt: 560.98ms | tok/sec: 95,832 | bf16_mfu: 0.00 | epoch: 1 pq: 1 rg: 50 | total time: 14.46m | eta: 22.2m
step 01513/03814 (39.67%) | loss: 3.672491 | lrm: 0.93 | dt: 565.90ms | tok/sec: 94,999 | bf16_mfu: 0.00 | epoch: 1 pq: 1 rg: 50 | total time: 14.47m | eta: 22.1m
step 01514/03814 (39.70%) | loss: 3.677212 | lrm: 0.93 | dt: 564.74ms | tok/sec: 95,193 | bf16_mfu: 0.00 | epoch: 1 pq: 1 rg: 50 | total time: 14.48m | eta: 22.1m
step 01515/03814 (39.72%) | loss: 3.663194 | lrm: 0.93 | dt: 569.85ms | tok/sec: 94,339 | bf16_mfu: 0.00 | epoch: 1 pq: 1 rg: 50 | total time: 14.49m | eta: 22.1m
step 01516/03814 (39.75%) | loss: 3.652493 | lrm: 0.93 | dt: 654.19ms | tok/sec: 82,178 | bf16_mfu: 0.00 | epoch: 1 pq: 1 rg: 50 | total time: 14.50m | eta: 22.1m
step 01517/03814 (39.77%) | loss: 3.654638 | lrm: 0.93 | dt: 568.37ms | tok/sec: 94,586 | bf16_mfu: 0.00 | epoch: 1 pq: 1 rg: 50 | total time: 14.51m | eta: 22.1m
step 01518/03814 (39.80%) | loss: 3.660780 | lrm: 0.93 | dt: 747.21ms | tok/sec: 71,947 | bf16_mfu: 0.00 | epoch: 1 pq: 1 rg: 51 | total time: 14.52m | eta: 22.1m
step 01519/03814 (39.83%) | loss: 3.643414 | lrm: 0.93 | dt: 606.31ms | tok/sec: 88,667 | bf16_mfu: 0.00 | epoch: 1 pq: 1 rg: 51 | total time: 14.53m | eta: 22.1m
step 01520/03814 (39.85%) | loss: 3.653936 | lrm: 0.93 | dt: 570.25ms | tok/sec: 94,273 | bf16_mfu: 0.00 | epoch: 1 pq: 1 rg: 51 | total time: 14.54m | eta: 22.1m
step 01521/03814 (39.88%) | loss: 3.661359 | lrm: 0.93 | dt: 566.53ms | tok/sec: 94,893 | bf16_mfu: 0.00 | epoch: 1 pq: 1 rg: 51 | total time: 14.55m | eta: 22.1m
step 01522/03814 (39.91%) | loss: 3.664245 | lrm: 0.93 | dt: 565.88ms | tok/sec: 95,002 | bf16_mfu: 0.00 | epoch: 1 pq: 1 rg: 51 | total time: 14.56m | eta: 22.1m
step 01523/03814 (39.93%) | loss: 3.656504 | lrm: 0.93 | dt: 565.80ms | tok/sec: 95,015 | bf16_mfu: 0.00 | epoch: 1 pq: 1 rg: 51 | total time: 14.57m | eta: 22.1m
step 01524/03814 (39.96%) | loss: 3.661300 | lrm: 0.93 | dt: 567.11ms | tok/sec: 94,796 | bf16_mfu: 0.00 | epoch: 1 pq: 1 rg: 51 | total time: 14.58m | eta: 22.0m
step 01525/03814 (39.98%) | loss: 3.674779 | lrm: 0.93 | dt: 571.56ms | tok/sec: 94,059 | bf16_mfu: 0.00 | epoch: 1 pq: 1 rg: 51 | total time: 14.59m | eta: 22.0m
step 01526/03814 (40.01%) | loss: 3.674754 | lrm: 0.93 | dt: 611.08ms | tok/sec: 87,974 | bf16_mfu: 0.00 | epoch: 1 pq: 1 rg: 51 | total time: 14.60m | eta: 22.0m
step 01527/03814 (40.04%) | loss: 3.691643 | lrm: 0.93 | dt: 576.95ms | tok/sec: 93,179 | bf16_mfu: 0.00 | epoch: 1 pq: 1 rg: 51 | total time: 14.61m | eta: 22.0m
step 01528/03814 (40.06%) | loss: 3.703470 | lrm: 0.93 | dt: 574.73ms | tok/sec: 93,539 | bf16_mfu: 0.00 | epoch: 1 pq: 1 rg: 51 | total time: 14.62m | eta: 22.0m
step 01529/03814 (40.09%) | loss: 3.687122 | lrm: 0.93 | dt: 670.68ms | tok/sec: 80,156 | bf16_mfu: 0.00 | epoch: 1 pq: 1 rg: 52 | total time: 14.63m | eta: 22.0m
step 01530/03814 (40.12%) | loss: 3.695729 | lrm: 0.93 | dt: 574.72ms | tok/sec: 93,541 | bf16_mfu: 0.00 | epoch: 1 pq: 1 rg: 52 | total time: 14.64m | eta: 22.0m
step 01531/03814 (40.14%) | loss: 3.695601 | lrm: 0.92 | dt: 580.75ms | tok/sec: 92,570 | bf16_mfu: 0.00 | epoch: 1 pq: 1 rg: 52 | total time: 14.65m | eta: 22.0m
step 01532/03814 (40.17%) | loss: 3.670031 | lrm: 0.92 | dt: 572.02ms | tok/sec: 93,982 | bf16_mfu: 0.00 | epoch: 1 pq: 1 rg: 52 | total time: 14.66m | eta: 22.0m
step 01533/03814 (40.19%) | loss: 3.681030 | lrm: 0.92 | dt: 580.47ms | tok/sec: 92,614 | bf16_mfu: 0.00 | epoch: 1 pq: 1 rg: 52 | total time: 14.66m | eta: 22.0m
step 01534/03814 (40.22%) | loss: 3.691530 | lrm: 0.92 | dt: 575.65ms | tok/sec: 93,390 | bf16_mfu: 0.00 | epoch: 1 pq: 1 rg: 52 | total time: 14.67m | eta: 22.0m
step 01535/03814 (40.25%) | loss: 3.673527 | lrm: 0.92 | dt: 583.40ms | tok/sec: 92,149 | bf16_mfu: 0.00 | epoch: 1 pq: 1 rg: 52 | total time: 14.68m | eta: 21.9m
step 01536/03814 (40.27%) | loss: 3.664107 | lrm: 0.92 | dt: 583.17ms | tok/sec: 92,185 | bf16_mfu: 0.00 | epoch: 1 pq: 1 rg: 52 | total time: 14.69m | eta: 21.9m
step 01537/03814 (40.30%) | loss: 3.670761 | lrm: 0.92 | dt: 576.27ms | tok/sec: 93,289 | bf16_mfu: 0.00 | epoch: 1 pq: 1 rg: 52 | total time: 14.70m | eta: 21.9m
step 01538/03814 (40.33%) | loss: 3.657288 | lrm: 0.92 | dt: 682.30ms | tok/sec: 78,792 | bf16_mfu: 0.00 | epoch: 1 pq: 1 rg: 52 | total time: 14.71m | eta: 21.9m
step 01539/03814 (40.35%) | loss: 3.645882 | lrm: 0.92 | dt: 585.28ms | tok/sec: 91,852 | bf16_mfu: 0.00 | epoch: 1 pq: 1 rg: 52 | total time: 14.72m | eta: 21.9m
step 01540/03814 (40.38%) | loss: 3.652291 | lrm: 0.92 | dt: 580.29ms | tok/sec: 92,643 | bf16_mfu: 0.00 | epoch: 1 pq: 1 rg: 52 | total time: 14.73m | eta: 21.9m
step 01541/03814 (40.40%) | loss: 3.651114 | lrm: 0.92 | dt: 639.68ms | tok/sec: 84,041 | bf16_mfu: 0.00 | epoch: 1 pq: 1 rg: 53 | total time: 14.75m | eta: 21.9m
step 01542/03814 (40.43%) | loss: 3.635392 | lrm: 0.92 | dt: 578.59ms | tok/sec: 92,915 | bf16_mfu: 0.00 | epoch: 1 pq: 1 rg: 53 | total time: 14.75m | eta: 21.9m
step 01543/03814 (40.46%) | loss: 3.645458 | lrm: 0.92 | dt: 569.23ms | tok/sec: 94,442 | bf16_mfu: 0.00 | epoch: 1 pq: 1 rg: 53 | total time: 14.76m | eta: 21.9m
step 01544/03814 (40.48%) | loss: 3.624745 | lrm: 0.92 | dt: 568.17ms | tok/sec: 94,619 | bf16_mfu: 0.00 | epoch: 1 pq: 1 rg: 53 | total time: 14.77m | eta: 21.9m
step 01545/03814 (40.51%) | loss: 3.613615 | lrm: 0.92 | dt: 567.29ms | tok/sec: 94,766 | bf16_mfu: 0.00 | epoch: 1 pq: 1 rg: 53 | total time: 14.78m | eta: 21.9m
step 01546/03814 (40.53%) | loss: 3.643780 | lrm: 0.92 | dt: 575.34ms | tok/sec: 93,440 | bf16_mfu: 0.00 | epoch: 1 pq: 1 rg: 53 | total time: 14.79m | eta: 21.8m
step 01547/03814 (40.56%) | loss: 3.659971 | lrm: 0.92 | dt: 568.92ms | tok/sec: 94,494 | bf16_mfu: 0.00 | epoch: 1 pq: 1 rg: 53 | total time: 14.80m | eta: 21.8m
step 01548/03814 (40.59%) | loss: 3.664442 | lrm: 0.92 | dt: 645.94ms | tok/sec: 83,227 | bf16_mfu: 0.00 | epoch: 1 pq: 1 rg: 53 | total time: 14.81m | eta: 21.8m
step 01549/03814 (40.61%) | loss: 3.682946 | lrm: 0.92 | dt: 571.91ms | tok/sec: 94,001 | bf16_mfu: 0.00 | epoch: 1 pq: 1 rg: 53 | total time: 14.82m | eta: 21.8m
step 01550/03814 (40.64%) | loss: 3.684781 | lrm: 0.92 | dt: 622.85ms | tok/sec: 86,313 | bf16_mfu: 0.00 | epoch: 1 pq: 1 rg: 53 | total time: 14.83m | eta: 21.8m
step 01551/03814 (40.67%) | loss: 3.661098 | lrm: 0.92 | dt: 567.61ms | tok/sec: 94,712 | bf16_mfu: 0.00 | epoch: 1 pq: 1 rg: 53 | total time: 14.84m | eta: 21.8m
step 01552/03814 (40.69%) | loss: 3.653690 | lrm: 0.92 | dt: 567.26ms | tok/sec: 94,771 | bf16_mfu: 0.00 | epoch: 1 pq: 1 rg: 53 | total time: 14.85m | eta: 21.8m
step 01553/03814 (40.72%) | loss: 3.659800 | lrm: 0.92 | dt: 870.77ms | tok/sec: 61,738 | bf16_mfu: 0.00 | epoch: 1 pq: 1 rg: 54 | total time: 14.87m | eta: 21.8m
step 01554/03814 (40.74%) | loss: 3.651151 | lrm: 0.92 | dt: 565.17ms | tok/sec: 95,122 | bf16_mfu: 0.00 | epoch: 1 pq: 1 rg: 54 | total time: 14.88m | eta: 21.8m
step 01555/03814 (40.77%) | loss: 3.658061 | lrm: 0.92 | dt: 566.65ms | tok/sec: 94,873 | bf16_mfu: 0.00 | epoch: 1 pq: 1 rg: 54 | total time: 14.89m | eta: 21.8m
step 01556/03814 (40.80%) | loss: 3.675358 | lrm: 0.92 | dt: 561.08ms | tok/sec: 95,814 | bf16_mfu: 0.00 | epoch: 1 pq: 1 rg: 54 | total time: 14.89m | eta: 21.8m
step 01557/03814 (40.82%) | loss: 3.656866 | lrm: 0.91 | dt: 1011.27ms | tok/sec: 53,160 | bf16_mfu: 0.00 | epoch: 1 pq: 1 rg: 54 | total time: 14.91m | eta: 21.8m
step 01558/03814 (40.85%) | loss: 3.637884 | lrm: 0.91 | dt: 563.40ms | tok/sec: 95,420 | bf16_mfu: 0.00 | epoch: 1 pq: 1 rg: 54 | total time: 14.92m | eta: 21.7m
step 01559/03814 (40.88%) | loss: 3.652377 | lrm: 0.91 | dt: 566.86ms | tok/sec: 94,838 | bf16_mfu: 0.00 | epoch: 1 pq: 1 rg: 54 | total time: 14.93m | eta: 21.7m
step 01560/03814 (40.90%) | loss: 3.622798 | lrm: 0.91 | dt: 555.31ms | tok/sec: 96,810 | bf16_mfu: 0.00 | epoch: 1 pq: 1 rg: 54 | total time: 14.94m | eta: 21.7m
step 01561/03814 (40.93%) | loss: 3.615411 | lrm: 0.91 | dt: 560.73ms | tok/sec: 95,874 | bf16_mfu: 0.00 | epoch: 1 pq: 1 rg: 54 | total time: 14.95m | eta: 21.7m
step 01562/03814 (40.95%) | loss: 3.628943 | lrm: 0.91 | dt: 633.31ms | tok/sec: 84,887 | bf16_mfu: 0.00 | epoch: 1 pq: 1 rg: 54 | total time: 14.96m | eta: 21.7m
step 01563/03814 (40.98%) | loss: 3.643548 | lrm: 0.91 | dt: 560.14ms | tok/sec: 95,975 | bf16_mfu: 0.00 | epoch: 1 pq: 1 rg: 54 | total time: 14.97m | eta: 21.7m
step 01564/03814 (41.01%) | loss: 3.647338 | lrm: 0.91 | dt: 558.14ms | tok/sec: 96,320 | bf16_mfu: 0.00 | epoch: 1 pq: 1 rg: 54 | total time: 14.98m | eta: 21.7m
step 01565/03814 (41.03%) | loss: 3.637992 | lrm: 0.91 | dt: 643.25ms | tok/sec: 83,575 | bf16_mfu: 0.00 | epoch: 1 pq: 1 rg: 55 | total time: 14.99m | eta: 21.7m
step 01566/03814 (41.06%) | loss: 3.634614 | lrm: 0.91 | dt: 565.57ms | tok/sec: 95,054 | bf16_mfu: 0.00 | epoch: 1 pq: 1 rg: 55 | total time: 15.00m | eta: 21.7m
step 01567/03814 (41.09%) | loss: 3.637964 | lrm: 0.91 | dt: 559.98ms | tok/sec: 96,003 | bf16_mfu: 0.00 | epoch: 1 pq: 1 rg: 55 | total time: 15.01m | eta: 21.7m
step 01568/03814 (41.11%) | loss: 3.642745 | lrm: 0.91 | dt: 590.62ms | tok/sec: 91,023 | bf16_mfu: 0.00 | epoch: 1 pq: 1 rg: 55 | total time: 15.02m | eta: 21.6m
step 01569/03814 (41.14%) | loss: 3.643703 | lrm: 0.91 | dt: 698.56ms | tok/sec: 76,958 | bf16_mfu: 0.00 | epoch: 1 pq: 1 rg: 55 | total time: 15.03m | eta: 21.6m
step 01570/03814 (41.16%) | loss: 3.616188 | lrm: 0.91 | dt: 554.71ms | tok/sec: 96,915 | bf16_mfu: 0.00 | epoch: 1 pq: 1 rg: 55 | total time: 15.04m | eta: 21.6m
step 01571/03814 (41.19%) | loss: 3.633933 | lrm: 0.91 | dt: 558.18ms | tok/sec: 96,312 | bf16_mfu: 0.00 | epoch: 1 pq: 1 rg: 55 | total time: 15.05m | eta: 21.6m
step 01572/03814 (41.22%) | loss: 3.640274 | lrm: 0.91 | dt: 598.30ms | tok/sec: 89,854 | bf16_mfu: 0.00 | epoch: 1 pq: 1 rg: 55 | total time: 15.06m | eta: 21.6m
step 01573/03814 (41.24%) | loss: 3.643507 | lrm: 0.91 | dt: 558.40ms | tok/sec: 96,274 | bf16_mfu: 0.00 | epoch: 1 pq: 1 rg: 55 | total time: 15.07m | eta: 21.6m
step 01574/03814 (41.27%) | loss: 3.661050 | lrm: 0.91 | dt: 577.28ms | tok/sec: 93,127 | bf16_mfu: 0.00 | epoch: 1 pq: 1 rg: 55 | total time: 15.08m | eta: 21.6m
step 01575/03814 (41.30%) | loss: 3.655820 | lrm: 0.91 | dt: 564.85ms | tok/sec: 95,174 | bf16_mfu: 0.00 | epoch: 1 pq: 1 rg: 55 | total time: 15.09m | eta: 21.6m
step 01576/03814 (41.32%) | loss: 3.669829 | lrm: 0.91 | dt: 555.15ms | tok/sec: 96,838 | bf16_mfu: 0.00 | epoch: 1 pq: 1 rg: 55 | total time: 15.10m | eta: 21.6m
step 01577/03814 (41.35%) | loss: 3.668642 | lrm: 0.91 | dt: 659.40ms | tok/sec: 81,528 | bf16_mfu: 0.00 | epoch: 1 pq: 1 rg: 56 | total time: 15.11m | eta: 21.6m
step 01578/03814 (41.37%) | loss: 3.656849 | lrm: 0.91 | dt: 560.60ms | tok/sec: 95,897 | bf16_mfu: 0.00 | epoch: 1 pq: 1 rg: 56 | total time: 15.12m | eta: 21.6m
step 01579/03814 (41.40%) | loss: 3.652457 | lrm: 0.91 | dt: 559.41ms | tok/sec: 96,101 | bf16_mfu: 0.00 | epoch: 1 pq: 1 rg: 56 | total time: 15.12m | eta: 21.5m
step 01580/03814 (41.43%) | loss: 3.665534 | lrm: 0.91 | dt: 652.68ms | tok/sec: 82,367 | bf16_mfu: 0.00 | epoch: 1 pq: 1 rg: 56 | total time: 15.14m | eta: 21.5m
step 01581/03814 (41.45%) | loss: 3.664308 | lrm: 0.91 | dt: 609.15ms | tok/sec: 88,253 | bf16_mfu: 0.00 | epoch: 1 pq: 1 rg: 56 | total time: 15.15m | eta: 21.5m
step 01582/03814 (41.48%) | loss: 3.652514 | lrm: 0.91 | dt: 551.95ms | tok/sec: 97,399 | bf16_mfu: 0.00 | epoch: 1 pq: 1 rg: 56 | total time: 15.15m | eta: 21.5m
step 01583/03814 (41.50%) | loss: 3.661498 | lrm: 0.90 | dt: 651.75ms | tok/sec: 82,485 | bf16_mfu: 0.00 | epoch: 1 pq: 1 rg: 56 | total time: 15.17m | eta: 21.5m
step 01584/03814 (41.53%) | loss: 3.662313 | lrm: 0.90 | dt: 575.58ms | tok/sec: 93,401 | bf16_mfu: 0.00 | epoch: 1 pq: 1 rg: 56 | total time: 15.18m | eta: 21.5m
step 01585/03814 (41.56%) | loss: 3.648374 | lrm: 0.90 | dt: 555.74ms | tok/sec: 96,736 | bf16_mfu: 0.00 | epoch: 1 pq: 1 rg: 56 | total time: 15.18m | eta: 21.5m
step 01586/03814 (41.58%) | loss: 3.651045 | lrm: 0.90 | dt: 554.32ms | tok/sec: 96,983 | bf16_mfu: 0.00 | epoch: 1 pq: 1 rg: 56 | total time: 15.19m | eta: 21.5m
step 01587/03814 (41.61%) | loss: 3.669613 | lrm: 0.90 | dt: 552.59ms | tok/sec: 97,288 | bf16_mfu: 0.00 | epoch: 1 pq: 1 rg: 56 | total time: 15.20m | eta: 21.5m
step 01588/03814 (41.64%) | loss: 3.669365 | lrm: 0.90 | dt: 554.38ms | tok/sec: 96,973 | bf16_mfu: 0.00 | epoch: 1 pq: 1 rg: 56 | total time: 15.21m | eta: 21.5m
step 01589/03814 (41.66%) | loss: 3.687146 | lrm: 0.90 | dt: 636.82ms | tok/sec: 84,419 | bf16_mfu: 0.00 | epoch: 1 pq: 1 rg: 57 | total time: 15.22m | eta: 21.5m
step 01590/03814 (41.69%) | loss: 3.686408 | lrm: 0.90 | dt: 614.64ms | tok/sec: 87,465 | bf16_mfu: 0.00 | epoch: 1 pq: 1 rg: 57 | total time: 15.23m | eta: 21.4m
step 01591/03814 (41.71%) | loss: 3.681687 | lrm: 0.90 | dt: 555.72ms | tok/sec: 96,740 | bf16_mfu: 0.00 | epoch: 1 pq: 1 rg: 57 | total time: 15.24m | eta: 21.4m
step 01592/03814 (41.74%) | loss: 3.662220 | lrm: 0.90 | dt: 720.41ms | tok/sec: 74,624 | bf16_mfu: 0.00 | epoch: 1 pq: 1 rg: 57 | total time: 15.25m | eta: 21.4m
step 01593/03814 (41.77%) | loss: 3.652817 | lrm: 0.90 | dt: 575.14ms | tok/sec: 93,473 | bf16_mfu: 0.00 | epoch: 1 pq: 1 rg: 57 | total time: 15.26m | eta: 21.4m
step 01594/03814 (41.79%) | loss: 3.653515 | lrm: 0.90 | dt: 551.70ms | tok/sec: 97,443 | bf16_mfu: 0.00 | epoch: 1 pq: 1 rg: 57 | total time: 15.27m | eta: 21.4m
step 01595/03814 (41.82%) | loss: 3.658225 | lrm: 0.90 | dt: 552.90ms | tok/sec: 97,233 | bf16_mfu: 0.00 | epoch: 1 pq: 1 rg: 57 | total time: 15.28m | eta: 21.4m
step 01596/03814 (41.85%) | loss: 3.662913 | lrm: 0.90 | dt: 551.93ms | tok/sec: 97,403 | bf16_mfu: 0.00 | epoch: 1 pq: 1 rg: 57 | total time: 15.29m | eta: 21.4m
step 01597/03814 (41.87%) | loss: 3.653406 | lrm: 0.90 | dt: 573.88ms | tok/sec: 93,678 | bf16_mfu: 0.00 | epoch: 1 pq: 1 rg: 57 | total time: 15.30m | eta: 21.4m
step 01598/03814 (41.90%) | loss: 3.655069 | lrm: 0.90 | dt: 554.00ms | tok/sec: 97,040 | bf16_mfu: 0.00 | epoch: 1 pq: 1 rg: 57 | total time: 15.31m | eta: 21.4m
step 01599/03814 (41.92%) | loss: 3.660721 | lrm: 0.90 | dt: 608.95ms | tok/sec: 88,282 | bf16_mfu: 0.00 | epoch: 1 pq: 1 rg: 57 | total time: 15.32m | eta: 21.4m
step 01600/03814 (41.95%) | loss: 3.653876 | lrm: 0.90 | dt: 790.96ms | tok/sec: 67,968 | bf16_mfu: 0.00 | epoch: 1 pq: 1 rg: 58 | total time: 15.33m | eta: 21.4m
step 01601/03814 (41.98%) | loss: 3.656195 | lrm: 0.90 | dt: 553.96ms | tok/sec: 97,046 | bf16_mfu: 0.00 | epoch: 1 pq: 1 rg: 58 | total time: 15.34m | eta: 21.3m
step 01602/03814 (42.00%) | loss: 3.666212 | lrm: 0.90 | dt: 688.02ms | tok/sec: 78,137 | bf16_mfu: 0.00 | epoch: 1 pq: 1 rg: 58 | total time: 15.35m | eta: 21.3m
step 01603/03814 (42.03%) | loss: 3.661946 | lrm: 0.90 | dt: 614.62ms | tok/sec: 87,468 | bf16_mfu: 0.00 | epoch: 1 pq: 1 rg: 58 | total time: 15.36m | eta: 21.3m
step 01604/03814 (42.06%) | loss: 3.658466 | lrm: 0.90 | dt: 553.60ms | tok/sec: 97,109 | bf16_mfu: 0.00 | epoch: 1 pq: 1 rg: 58 | total time: 15.37m | eta: 21.3m
step 01605/03814 (42.08%) | loss: 3.671933 | lrm: 0.90 | dt: 608.61ms | tok/sec: 88,333 | bf16_mfu: 0.00 | epoch: 1 pq: 1 rg: 58 | total time: 15.38m | eta: 21.3m
step 01606/03814 (42.11%) | loss: 3.664007 | lrm: 0.90 | dt: 554.25ms | tok/sec: 96,996 | bf16_mfu: 0.00 | epoch: 1 pq: 1 rg: 58 | total time: 15.39m | eta: 21.3m
step 01607/03814 (42.13%) | loss: 3.633624 | lrm: 0.90 | dt: 552.81ms | tok/sec: 97,248 | bf16_mfu: 0.00 | epoch: 1 pq: 1 rg: 58 | total time: 15.40m | eta: 21.3m
step 01608/03814 (42.16%) | loss: 3.651656 | lrm: 0.90 | dt: 581.84ms | tok/sec: 92,396 | bf16_mfu: 0.00 | epoch: 1 pq: 1 rg: 58 | total time: 15.41m | eta: 21.3m
step 01609/03814 (42.19%) | loss: 3.648318 | lrm: 0.89 | dt: 655.32ms | tok/sec: 82,036 | bf16_mfu: 0.00 | epoch: 1 pq: 1 rg: 58 | total time: 15.42m | eta: 21.3m
step 01610/03814 (42.21%) | loss: 3.635640 | lrm: 0.89 | dt: 649.41ms | tok/sec: 82,783 | bf16_mfu: 0.00 | epoch: 1 pq: 1 rg: 58 | total time: 15.43m | eta: 21.3m
step 01611/03814 (42.24%) | loss: 3.650238 | lrm: 0.89 | dt: 553.69ms | tok/sec: 97,094 | bf16_mfu: 0.00 | epoch: 1 pq: 1 rg: 58 | total time: 15.44m | eta: 21.3m
step 01612/03814 (42.27%) | loss: 3.663128 | lrm: 0.89 | dt: 631.97ms | tok/sec: 85,066 | bf16_mfu: 0.00 | epoch: 1 pq: 1 rg: 59 | total time: 15.45m | eta: 21.2m
step 01613/03814 (42.29%) | loss: 3.636727 | lrm: 0.89 | dt: 553.60ms | tok/sec: 97,110 | bf16_mfu: 0.00 | epoch: 1 pq: 1 rg: 59 | total time: 15.46m | eta: 21.2m
step 01614/03814 (42.32%) | loss: 3.629161 | lrm: 0.89 | dt: 555.40ms | tok/sec: 96,795 | bf16_mfu: 0.00 | epoch: 1 pq: 1 rg: 59 | total time: 15.47m | eta: 21.2m
step 01615/03814 (42.34%) | loss: 3.640977 | lrm: 0.89 | dt: 554.36ms | tok/sec: 96,976 | bf16_mfu: 0.00 | epoch: 1 pq: 1 rg: 59 | total time: 15.48m | eta: 21.2m
step 01616/03814 (42.37%) | loss: 3.631575 | lrm: 0.89 | dt: 554.23ms | tok/sec: 96,998 | bf16_mfu: 0.00 | epoch: 1 pq: 1 rg: 59 | total time: 15.49m | eta: 21.2m
step 01617/03814 (42.40%) | loss: 3.626851 | lrm: 0.89 | dt: 554.33ms | tok/sec: 96,981 | bf16_mfu: 0.00 | epoch: 1 pq: 1 rg: 59 | total time: 15.50m | eta: 21.2m
step 01618/03814 (42.42%) | loss: 3.625887 | lrm: 0.89 | dt: 643.89ms | tok/sec: 83,491 | bf16_mfu: 0.00 | epoch: 1 pq: 1 rg: 59 | total time: 15.51m | eta: 21.2m
step 01619/03814 (42.45%) | loss: 3.629845 | lrm: 0.89 | dt: 555.31ms | tok/sec: 96,810 | bf16_mfu: 0.00 | epoch: 1 pq: 1 rg: 59 | total time: 15.52m | eta: 21.2m
step 01620/03814 (42.48%) | loss: 3.630111 | lrm: 0.89 | dt: 557.87ms | tok/sec: 96,366 | bf16_mfu: 0.00 | epoch: 1 pq: 1 rg: 59 | total time: 15.53m | eta: 21.2m
step 01621/03814 (42.50%) | loss: 3.657188 | lrm: 0.89 | dt: 555.98ms | tok/sec: 96,694 | bf16_mfu: 0.00 | epoch: 1 pq: 1 rg: 59 | total time: 15.54m | eta: 21.2m
step 01622/03814 (42.53%) | loss: 3.653146 | lrm: 0.89 | dt: 558.74ms | tok/sec: 96,217 | bf16_mfu: 0.00 | epoch: 1 pq: 1 rg: 59 | total time: 15.55m | eta: 21.1m
step 01623/03814 (42.55%) | loss: 3.637567 | lrm: 0.89 | dt: 621.92ms | tok/sec: 86,441 | bf16_mfu: 0.00 | epoch: 1 pq: 1 rg: 60 | total time: 15.56m | eta: 21.1m
step 01624/03814 (42.58%) | loss: 3.636484 | lrm: 0.89 | dt: 557.77ms | tok/sec: 96,383 | bf16_mfu: 0.00 | epoch: 1 pq: 1 rg: 60 | total time: 15.57m | eta: 21.1m
step 01625/03814 (42.61%) | loss: 3.634637 | lrm: 0.89 | dt: 558.40ms | tok/sec: 96,274 | bf16_mfu: 0.00 | epoch: 1 pq: 1 rg: 60 | total time: 15.58m | eta: 21.1m
step 01626/03814 (42.63%) | loss: 3.623627 | lrm: 0.89 | dt: 557.58ms | tok/sec: 96,416 | bf16_mfu: 0.00 | epoch: 1 pq: 1 rg: 60 | total time: 15.59m | eta: 21.1m
step 01627/03814 (42.66%) | loss: 3.604615 | lrm: 0.89 | dt: 571.02ms | tok/sec: 94,147 | bf16_mfu: 0.00 | epoch: 1 pq: 1 rg: 60 | total time: 15.60m | eta: 21.1m
step 01628/03814 (42.68%) | loss: 3.600228 | lrm: 0.89 | dt: 556.14ms | tok/sec: 96,666 | bf16_mfu: 0.00 | epoch: 1 pq: 1 rg: 60 | total time: 15.60m | eta: 21.1m
step 01629/03814 (42.71%) | loss: 3.600943 | lrm: 0.89 | dt: 558.24ms | tok/sec: 96,302 | bf16_mfu: 0.00 | epoch: 1 pq: 1 rg: 60 | total time: 15.61m | eta: 21.1m
step 01630/03814 (42.74%) | loss: 3.585023 | lrm: 0.89 | dt: 557.02ms | tok/sec: 96,513 | bf16_mfu: 0.00 | epoch: 1 pq: 1 rg: 60 | total time: 15.62m | eta: 21.1m
step 01631/03814 (42.76%) | loss: 3.571469 | lrm: 0.89 | dt: 560.32ms | tok/sec: 95,944 | bf16_mfu: 0.00 | epoch: 1 pq: 1 rg: 60 | total time: 15.63m | eta: 21.1m
step 01632/03814 (42.79%) | loss: 3.569547 | lrm: 0.89 | dt: 558.11ms | tok/sec: 96,325 | bf16_mfu: 0.00 | epoch: 1 pq: 1 rg: 60 | total time: 15.64m | eta: 21.0m
step 01633/03814 (42.82%) | loss: 3.586273 | lrm: 0.89 | dt: 587.44ms | tok/sec: 91,515 | bf16_mfu: 0.00 | epoch: 1 pq: 1 rg: 60 | total time: 15.65m | eta: 21.0m
step 01634/03814 (42.84%) | loss: 3.592068 | lrm: 0.89 | dt: 560.09ms | tok/sec: 95,985 | bf16_mfu: 0.00 | epoch: 1 pq: 1 rg: 60 | total time: 15.66m | eta: 21.0m
step 01635/03814 (42.87%) | loss: 3.592468 | lrm: 0.89 | dt: 821.63ms | tok/sec: 65,431 | bf16_mfu: 0.00 | epoch: 1 pq: 1 rg: 61 | total time: 15.67m | eta: 21.0m
step 01636/03814 (42.89%) | loss: 3.589244 | lrm: 0.88 | dt: 561.90ms | tok/sec: 95,675 | bf16_mfu: 0.00 | epoch: 1 pq: 1 rg: 61 | total time: 15.68m | eta: 21.0m
step 01637/03814 (42.92%) | loss: 3.584597 | lrm: 0.88 | dt: 558.01ms | tok/sec: 96,342 | bf16_mfu: 0.00 | epoch: 1 pq: 1 rg: 61 | total time: 15.69m | eta: 21.0m
step 01638/03814 (42.95%) | loss: 3.576382 | lrm: 0.88 | dt: 563.51ms | tok/sec: 95,402 | bf16_mfu: 0.00 | epoch: 1 pq: 1 rg: 61 | total time: 15.70m | eta: 21.0m
step 01639/03814 (42.97%) | loss: 3.572837 | lrm: 0.88 | dt: 563.74ms | tok/sec: 95,362 | bf16_mfu: 0.00 | epoch: 1 pq: 1 rg: 61 | total time: 15.71m | eta: 21.0m
step 01640/03814 (43.00%) | loss: 3.557599 | lrm: 0.88 | dt: 563.67ms | tok/sec: 95,374 | bf16_mfu: 0.00 | epoch: 1 pq: 1 rg: 61 | total time: 15.72m | eta: 21.0m
step 01641/03814 (43.03%) | loss: 3.568792 | lrm: 0.88 | dt: 558.60ms | tok/sec: 96,239 | bf16_mfu: 0.00 | epoch: 1 pq: 1 rg: 61 | total time: 15.73m | eta: 21.0m
step 01642/03814 (43.05%) | loss: 3.583953 | lrm: 0.88 | dt: 659.50ms | tok/sec: 81,516 | bf16_mfu: 0.00 | epoch: 1 pq: 1 rg: 61 | total time: 15.74m | eta: 21.0m
step 01643/03814 (43.08%) | loss: 3.576236 | lrm: 0.88 | dt: 564.19ms | tok/sec: 95,286 | bf16_mfu: 0.00 | epoch: 1 pq: 1 rg: 61 | total time: 15.75m | eta: 20.9m
step 01644/03814 (43.10%) | loss: 3.561746 | lrm: 0.88 | dt: 559.81ms | tok/sec: 96,032 | bf16_mfu: 0.00 | epoch: 1 pq: 1 rg: 61 | total time: 15.76m | eta: 20.9m
step 01645/03814 (43.13%) | loss: 3.574351 | lrm: 0.88 | dt: 562.54ms | tok/sec: 95,566 | bf16_mfu: 0.00 | epoch: 1 pq: 1 rg: 61 | total time: 15.77m | eta: 20.9m
step 01646/03814 (43.16%) | loss: 3.596782 | lrm: 0.88 | dt: 590.51ms | tok/sec: 91,040 | bf16_mfu: 0.00 | epoch: 1 pq: 1 rg: 62 | total time: 15.78m | eta: 20.9m
step 01647/03814 (43.18%) | loss: 3.578512 | lrm: 0.88 | dt: 608.79ms | tok/sec: 88,306 | bf16_mfu: 0.00 | epoch: 1 pq: 1 rg: 62 | total time: 15.79m | eta: 20.9m
step 01648/03814 (43.21%) | loss: 3.592537 | lrm: 0.88 | dt: 561.21ms | tok/sec: 95,792 | bf16_mfu: 0.00 | epoch: 1 pq: 1 rg: 62 | total time: 15.80m | eta: 20.9m
step 01649/03814 (43.24%) | loss: 3.593078 | lrm: 0.88 | dt: 627.49ms | tok/sec: 85,674 | bf16_mfu: 0.00 | epoch: 1 pq: 1 rg: 62 | total time: 15.81m | eta: 20.9m
step 01650/03814 (43.26%) | loss: 3.586922 | lrm: 0.88 | dt: 572.16ms | tok/sec: 93,959 | bf16_mfu: 0.00 | epoch: 1 pq: 1 rg: 62 | total time: 15.82m | eta: 20.9m
step 01651/03814 (43.29%) | loss: 3.581141 | lrm: 0.88 | dt: 560.23ms | tok/sec: 95,960 | bf16_mfu: 0.00 | epoch: 1 pq: 1 rg: 62 | total time: 15.83m | eta: 20.9m
step 01652/03814 (43.31%) | loss: 3.581620 | lrm: 0.88 | dt: 566.14ms | tok/sec: 94,959 | bf16_mfu: 0.00 | epoch: 1 pq: 1 rg: 62 | total time: 15.84m | eta: 20.9m
step 01653/03814 (43.34%) | loss: 3.568341 | lrm: 0.88 | dt: 563.60ms | tok/sec: 95,386 | bf16_mfu: 0.00 | epoch: 1 pq: 1 rg: 62 | total time: 15.85m | eta: 20.8m
step 01654/03814 (43.37%) | loss: 3.568908 | lrm: 0.88 | dt: 586.38ms | tok/sec: 91,680 | bf16_mfu: 0.00 | epoch: 1 pq: 1 rg: 62 | total time: 15.86m | eta: 20.8m
step 01655/03814 (43.39%) | loss: 3.577707 | lrm: 0.88 | dt: 565.90ms | tok/sec: 94,998 | bf16_mfu: 0.00 | epoch: 1 pq: 1 rg: 62 | total time: 15.87m | eta: 20.8m
step 01656/03814 (43.42%) | loss: 3.586456 | lrm: 0.88 | dt: 620.61ms | tok/sec: 86,624 | bf16_mfu: 0.00 | epoch: 1 pq: 1 rg: 62 | total time: 15.88m | eta: 20.8m
step 01657/03814 (43.45%) | loss: 3.580268 | lrm: 0.88 | dt: 718.54ms | tok/sec: 74,817 | bf16_mfu: 0.00 | epoch: 1 pq: 1 rg: 63 | total time: 15.89m | eta: 20.8m
step 01658/03814 (43.47%) | loss: 3.586120 | lrm: 0.88 | dt: 566.82ms | tok/sec: 94,845 | bf16_mfu: 0.00 | epoch: 1 pq: 1 rg: 63 | total time: 15.90m | eta: 20.8m
step 01659/03814 (43.50%) | loss: 3.583131 | lrm: 0.88 | dt: 567.25ms | tok/sec: 94,773 | bf16_mfu: 0.00 | epoch: 1 pq: 1 rg: 63 | total time: 15.91m | eta: 20.8m
step 01660/03814 (43.52%) | loss: 3.584450 | lrm: 0.88 | dt: 593.95ms | tok/sec: 90,513 | bf16_mfu: 0.00 | epoch: 1 pq: 1 rg: 63 | total time: 15.92m | eta: 20.8m
step 01661/03814 (43.55%) | loss: 3.594481 | lrm: 0.88 | dt: 571.90ms | tok/sec: 94,002 | bf16_mfu: 0.00 | epoch: 1 pq: 1 rg: 63 | total time: 15.93m | eta: 20.8m
step 01662/03814 (43.58%) | loss: 3.600367 | lrm: 0.87 | dt: 571.98ms | tok/sec: 93,989 | bf16_mfu: 0.00 | epoch: 1 pq: 1 rg: 63 | total time: 15.94m | eta: 20.8m
step 01663/03814 (43.60%) | loss: 3.578463 | lrm: 0.87 | dt: 561.42ms | tok/sec: 95,756 | bf16_mfu: 0.00 | epoch: 1 pq: 1 rg: 63 | total time: 15.95m | eta: 20.8m
step 01664/03814 (43.63%) | loss: 3.572408 | lrm: 0.87 | dt: 626.42ms | tok/sec: 85,820 | bf16_mfu: 0.00 | epoch: 1 pq: 1 rg: 63 | total time: 15.96m | eta: 20.7m
step 01665/03814 (43.65%) | loss: 3.562078 | lrm: 0.87 | dt: 568.56ms | tok/sec: 94,555 | bf16_mfu: 0.00 | epoch: 1 pq: 1 rg: 63 | total time: 15.97m | eta: 20.7m
step 01666/03814 (43.68%) | loss: 3.565252 | lrm: 0.87 | dt: 607.89ms | tok/sec: 88,436 | bf16_mfu: 0.00 | epoch: 1 pq: 1 rg: 63 | total time: 15.98m | eta: 20.7m
step 01667/03814 (43.71%) | loss: 3.551551 | lrm: 0.87 | dt: 567.08ms | tok/sec: 94,801 | bf16_mfu: 0.00 | epoch: 1 pq: 1 rg: 63 | total time: 15.99m | eta: 20.7m
step 01668/03814 (43.73%) | loss: 3.555271 | lrm: 0.87 | dt: 564.53ms | tok/sec: 95,229 | bf16_mfu: 0.00 | epoch: 1 pq: 1 rg: 63 | total time: 16.00m | eta: 20.7m
step 01669/03814 (43.76%) | loss: 3.571465 | lrm: 0.87 | dt: 669.38ms | tok/sec: 80,312 | bf16_mfu: 0.00 | epoch: 1 pq: 1 rg: 64 | total time: 16.01m | eta: 20.7m
step 01670/03814 (43.79%) | loss: 3.557435 | lrm: 0.87 | dt: 563.73ms | tok/sec: 95,364 | bf16_mfu: 0.00 | epoch: 1 pq: 1 rg: 64 | total time: 16.02m | eta: 20.7m
step 01671/03814 (43.81%) | loss: 3.559034 | lrm: 0.87 | dt: 568.16ms | tok/sec: 94,621 | bf16_mfu: 0.00 | epoch: 1 pq: 1 rg: 64 | total time: 16.03m | eta: 20.7m
step 01672/03814 (43.84%) | loss: 3.553460 | lrm: 0.87 | dt: 565.39ms | tok/sec: 95,084 | bf16_mfu: 0.00 | epoch: 1 pq: 1 rg: 64 | total time: 16.03m | eta: 20.7m
step 01673/03814 (43.86%) | loss: 3.547761 | lrm: 0.87 | dt: 650.01ms | tok/sec: 82,706 | bf16_mfu: 0.00 | epoch: 1 pq: 1 rg: 64 | total time: 16.05m | eta: 20.7m
step 01674/03814 (43.89%) | loss: 3.540843 | lrm: 0.87 | dt: 582.24ms | tok/sec: 92,333 | bf16_mfu: 0.00 | epoch: 1 pq: 1 rg: 64 | total time: 16.06m | eta: 20.6m
step 01675/03814 (43.92%) | loss: 3.541872 | lrm: 0.87 | dt: 565.40ms | tok/sec: 95,082 | bf16_mfu: 0.00 | epoch: 1 pq: 1 rg: 64 | total time: 16.06m | eta: 20.6m
step 01676/03814 (43.94%) | loss: 3.557124 | lrm: 0.87 | dt: 565.07ms | tok/sec: 95,138 | bf16_mfu: 0.00 | epoch: 1 pq: 1 rg: 64 | total time: 16.07m | eta: 20.6m
step 01677/03814 (43.97%) | loss: 3.552272 | lrm: 0.87 | dt: 565.36ms | tok/sec: 95,089 | bf16_mfu: 0.00 | epoch: 1 pq: 1 rg: 64 | total time: 16.08m | eta: 20.6m
step 01678/03814 (44.00%) | loss: 3.554947 | lrm: 0.87 | dt: 566.69ms | tok/sec: 94,866 | bf16_mfu: 0.00 | epoch: 1 pq: 1 rg: 64 | total time: 16.09m | eta: 20.6m
step 01679/03814 (44.02%) | loss: 3.568654 | lrm: 0.87 | dt: 564.43ms | tok/sec: 95,247 | bf16_mfu: 0.00 | epoch: 1 pq: 1 rg: 64 | total time: 16.10m | eta: 20.6m
step 01680/03814 (44.05%) | loss: 3.545843 | lrm: 0.87 | dt: 641.19ms | tok/sec: 83,843 | bf16_mfu: 0.00 | epoch: 1 pq: 1 rg: 65 | total time: 16.11m | eta: 20.6m
step 01681/03814 (44.07%) | loss: 3.556238 | lrm: 0.87 | dt: 574.84ms | tok/sec: 93,521 | bf16_mfu: 0.00 | epoch: 1 pq: 1 rg: 65 | total time: 16.12m | eta: 20.6m
step 01682/03814 (44.10%) | loss: 3.556442 | lrm: 0.87 | dt: 564.75ms | tok/sec: 95,193 | bf16_mfu: 0.00 | epoch: 1 pq: 1 rg: 65 | total time: 16.13m | eta: 20.6m
step 01683/03814 (44.13%) | loss: 3.562571 | lrm: 0.87 | dt: 566.51ms | tok/sec: 94,896 | bf16_mfu: 0.00 | epoch: 1 pq: 1 rg: 65 | total time: 16.14m | eta: 20.6m
step 01684/03814 (44.15%) | loss: 3.544517 | lrm: 0.87 | dt: 565.09ms | tok/sec: 95,135 | bf16_mfu: 0.00 | epoch: 1 pq: 1 rg: 65 | total time: 16.15m | eta: 20.6m
step 01685/03814 (44.18%) | loss: 3.534325 | lrm: 0.87 | dt: 561.38ms | tok/sec: 95,763 | bf16_mfu: 0.00 | epoch: 1 pq: 1 rg: 65 | total time: 16.16m | eta: 20.5m
step 01686/03814 (44.21%) | loss: 3.528177 | lrm: 0.87 | dt: 561.54ms | tok/sec: 95,736 | bf16_mfu: 0.00 | epoch: 1 pq: 1 rg: 65 | total time: 16.17m | eta: 20.5m
step 01687/03814 (44.23%) | loss: 3.520086 | lrm: 0.87 | dt: 562.84ms | tok/sec: 95,514 | bf16_mfu: 0.00 | epoch: 1 pq: 1 rg: 65 | total time: 16.18m | eta: 20.5m
step 01688/03814 (44.26%) | loss: 3.514118 | lrm: 0.86 | dt: 571.86ms | tok/sec: 94,009 | bf16_mfu: 0.00 | epoch: 1 pq: 1 rg: 65 | total time: 16.19m | eta: 20.5m
step 01689/03814 (44.28%) | loss: 3.525953 | lrm: 0.86 | dt: 560.44ms | tok/sec: 95,924 | bf16_mfu: 0.00 | epoch: 1 pq: 1 rg: 65 | total time: 16.20m | eta: 20.5m
step 01690/03814 (44.31%) | loss: 3.511566 | lrm: 0.86 | dt: 566.04ms | tok/sec: 94,976 | bf16_mfu: 0.00 | epoch: 1 pq: 1 rg: 65 | total time: 16.21m | eta: 20.5m
step 01691/03814 (44.34%) | loss: 3.492153 | lrm: 0.86 | dt: 592.77ms | tok/sec: 90,693 | bf16_mfu: 0.00 | epoch: 1 pq: 1 rg: 66 | total time: 16.22m | eta: 20.5m
step 01692/03814 (44.36%) | loss: 3.498932 | lrm: 0.86 | dt: 567.06ms | tok/sec: 94,804 | bf16_mfu: 0.00 | epoch: 1 pq: 1 rg: 66 | total time: 16.23m | eta: 20.5m
step 01693/03814 (44.39%) | loss: 3.499842 | lrm: 0.86 | dt: 571.90ms | tok/sec: 94,002 | bf16_mfu: 0.00 | epoch: 1 pq: 1 rg: 66 | total time: 16.24m | eta: 20.5m
step 01694/03814 (44.42%) | loss: 3.484805 | lrm: 0.86 | dt: 642.08ms | tok/sec: 83,728 | bf16_mfu: 0.00 | epoch: 1 pq: 1 rg: 66 | total time: 16.25m | eta: 20.5m
step 01695/03814 (44.44%) | loss: 3.494190 | lrm: 0.86 | dt: 568.70ms | tok/sec: 94,531 | bf16_mfu: 0.00 | epoch: 1 pq: 1 rg: 66 | total time: 16.26m | eta: 20.4m
step 01696/03814 (44.47%) | loss: 3.496255 | lrm: 0.86 | dt: 706.95ms | tok/sec: 76,045 | bf16_mfu: 0.00 | epoch: 1 pq: 1 rg: 66 | total time: 16.27m | eta: 20.4m
step 01697/03814 (44.49%) | loss: 3.501667 | lrm: 0.86 | dt: 559.54ms | tok/sec: 96,079 | bf16_mfu: 0.00 | epoch: 1 pq: 1 rg: 66 | total time: 16.28m | eta: 20.4m
step 01698/03814 (44.52%) | loss: 3.503658 | lrm: 0.86 | dt: 558.19ms | tok/sec: 96,311 | bf16_mfu: 0.00 | epoch: 1 pq: 1 rg: 66 | total time: 16.29m | eta: 20.4m
step 01699/03814 (44.55%) | loss: 3.506704 | lrm: 0.86 | dt: 563.51ms | tok/sec: 95,402 | bf16_mfu: 0.00 | epoch: 1 pq: 1 rg: 66 | total time: 16.30m | eta: 20.4m
step 01700/03814 (44.57%) | loss: 3.524614 | lrm: 0.86 | dt: 561.56ms | tok/sec: 95,733 | bf16_mfu: 0.00 | epoch: 1 pq: 1 rg: 66 | total time: 16.31m | eta: 20.4m
step 01701/03814 (44.60%) | loss: 3.525203 | lrm: 0.86 | dt: 618.57ms | tok/sec: 86,909 | bf16_mfu: 0.00 | epoch: 1 pq: 1 rg: 66 | total time: 16.32m | eta: 20.4m
step 01702/03814 (44.63%) | loss: 3.521760 | lrm: 0.86 | dt: 560.29ms | tok/sec: 95,949 | bf16_mfu: 0.00 | epoch: 1 pq: 1 rg: 66 | total time: 16.33m | eta: 20.4m
step 01703/03814 (44.65%) | loss: 3.504647 | lrm: 0.86 | dt: 695.52ms | tok/sec: 77,294 | bf16_mfu: 0.00 | epoch: 1 pq: 1 rg: 67 | total time: 16.34m | eta: 20.4m
step 01704/03814 (44.68%) | loss: 3.491400 | lrm: 0.86 | dt: 558.48ms | tok/sec: 96,261 | bf16_mfu: 0.00 | epoch: 1 pq: 1 rg: 67 | total time: 16.35m | eta: 20.4m
step 01705/03814 (44.70%) | loss: 3.497002 | lrm: 0.86 | dt: 566.87ms | tok/sec: 94,836 | bf16_mfu: 0.00 | epoch: 1 pq: 1 rg: 67 | total time: 16.36m | eta: 20.4m
step 01706/03814 (44.73%) | loss: 3.501847 | lrm: 0.86 | dt: 682.91ms | tok/sec: 78,721 | bf16_mfu: 0.00 | epoch: 1 pq: 1 rg: 67 | total time: 16.37m | eta: 20.3m
step 01707/03814 (44.76%) | loss: 3.513198 | lrm: 0.86 | dt: 600.73ms | tok/sec: 89,490 | bf16_mfu: 0.00 | epoch: 1 pq: 1 rg: 67 | total time: 16.38m | eta: 20.3m
step 01708/03814 (44.78%) | loss: 3.515498 | lrm: 0.86 | dt: 565.74ms | tok/sec: 95,025 | bf16_mfu: 0.00 | epoch: 1 pq: 1 rg: 67 | total time: 16.39m | eta: 20.3m
step 01709/03814 (44.81%) | loss: 3.518943 | lrm: 0.86 | dt: 564.29ms | tok/sec: 95,270 | bf16_mfu: 0.00 | epoch: 1 pq: 1 rg: 67 | total time: 16.40m | eta: 20.3m
step 01710/03814 (44.83%) | loss: 3.509632 | lrm: 0.86 | dt: 564.16ms | tok/sec: 95,292 | bf16_mfu: 0.00 | epoch: 1 pq: 1 rg: 67 | total time: 16.41m | eta: 20.3m
step 01711/03814 (44.86%) | loss: 3.505538 | lrm: 0.86 | dt: 566.34ms | tok/sec: 94,925 | bf16_mfu: 0.00 | epoch: 1 pq: 1 rg: 67 | total time: 16.41m | eta: 20.3m
step 01712/03814 (44.89%) | loss: 3.507866 | lrm: 0.86 | dt: 556.94ms | tok/sec: 96,527 | bf16_mfu: 0.00 | epoch: 1 pq: 1 rg: 67 | total time: 16.42m | eta: 20.3m
step 01713/03814 (44.91%) | loss: 3.517012 | lrm: 0.86 | dt: 565.86ms | tok/sec: 95,006 | bf16_mfu: 0.00 | epoch: 1 pq: 1 rg: 67 | total time: 16.43m | eta: 20.3m
step 01714/03814 (44.94%) | loss: 3.486751 | lrm: 0.85 | dt: 686.36ms | tok/sec: 78,326 | bf16_mfu: 0.00 | epoch: 1 pq: 1 rg: 68 | total time: 16.44m | eta: 20.3m
step 01715/03814 (44.97%) | loss: 3.490080 | lrm: 0.85 | dt: 563.70ms | tok/sec: 95,369 | bf16_mfu: 0.00 | epoch: 1 pq: 1 rg: 68 | total time: 16.45m | eta: 20.3m
step 01716/03814 (44.99%) | loss: 3.503026 | lrm: 0.85 | dt: 566.11ms | tok/sec: 94,963 | bf16_mfu: 0.00 | epoch: 1 pq: 1 rg: 68 | total time: 16.46m | eta: 20.2m
step 01717/03814 (45.02%) | loss: 3.495166 | lrm: 0.85 | dt: 582.64ms | tok/sec: 92,270 | bf16_mfu: 0.00 | epoch: 1 pq: 1 rg: 68 | total time: 16.47m | eta: 20.2m
step 01718/03814 (45.04%) | loss: 3.499943 | lrm: 0.85 | dt: 560.73ms | tok/sec: 95,875 | bf16_mfu: 0.00 | epoch: 1 pq: 1 rg: 68 | total time: 16.48m | eta: 20.2m
step 01719/03814 (45.07%) | loss: 3.509525 | lrm: 0.85 | dt: 563.34ms | tok/sec: 95,430 | bf16_mfu: 0.00 | epoch: 1 pq: 1 rg: 68 | total time: 16.49m | eta: 20.2m
step 01720/03814 (45.10%) | loss: 3.523157 | lrm: 0.85 | dt: 596.23ms | tok/sec: 90,166 | bf16_mfu: 0.00 | epoch: 1 pq: 1 rg: 68 | total time: 16.50m | eta: 20.2m
step 01721/03814 (45.12%) | loss: 3.522060 | lrm: 0.85 | dt: 614.23ms | tok/sec: 87,524 | bf16_mfu: 0.00 | epoch: 1 pq: 1 rg: 68 | total time: 16.51m | eta: 20.2m
step 01722/03814 (45.15%) | loss: 3.538119 | lrm: 0.85 | dt: 565.61ms | tok/sec: 95,048 | bf16_mfu: 0.00 | epoch: 1 pq: 1 rg: 68 | total time: 16.52m | eta: 20.2m
step 01723/03814 (45.18%) | loss: 3.512198 | lrm: 0.85 | dt: 563.76ms | tok/sec: 95,360 | bf16_mfu: 0.00 | epoch: 1 pq: 1 rg: 68 | total time: 16.53m | eta: 20.2m
step 01724/03814 (45.20%) | loss: 3.479664 | lrm: 0.85 | dt: 587.44ms | tok/sec: 91,515 | bf16_mfu: 0.00 | epoch: 1 pq: 1 rg: 68 | total time: 16.54m | eta: 20.2m
step 01725/03814 (45.23%) | loss: 3.496683 | lrm: 0.85 | dt: 556.82ms | tok/sec: 96,547 | bf16_mfu: 0.00 | epoch: 1 pq: 1 rg: 68 | total time: 16.55m | eta: 20.2m
step 01726/03814 (45.25%) | loss: 3.505426 | lrm: 0.85 | dt: 626.92ms | tok/sec: 85,752 | bf16_mfu: 0.00 | epoch: 1 pq: 1 rg: 69 | total time: 16.56m | eta: 20.2m
step 01727/03814 (45.28%) | loss: 3.506456 | lrm: 0.85 | dt: 570.50ms | tok/sec: 94,233 | bf16_mfu: 0.00 | epoch: 1 pq: 1 rg: 69 | total time: 16.57m | eta: 20.1m
step 01728/03814 (45.31%) | loss: 3.499385 | lrm: 0.85 | dt: 559.44ms | tok/sec: 96,095 | bf16_mfu: 0.00 | epoch: 1 pq: 1 rg: 69 | total time: 16.58m | eta: 20.1m
step 01729/03814 (45.33%) | loss: 3.505779 | lrm: 0.85 | dt: 561.33ms | tok/sec: 95,771 | bf16_mfu: 0.00 | epoch: 1 pq: 1 rg: 69 | total time: 16.59m | eta: 20.1m
step 01730/03814 (45.36%) | loss: 3.518108 | lrm: 0.85 | dt: 664.47ms | tok/sec: 80,906 | bf16_mfu: 0.00 | epoch: 1 pq: 1 rg: 69 | total time: 16.60m | eta: 20.1m
step 01731/03814 (45.39%) | loss: 3.521219 | lrm: 0.85 | dt: 597.72ms | tok/sec: 89,942 | bf16_mfu: 0.00 | epoch: 1 pq: 1 rg: 69 | total time: 16.61m | eta: 20.1m
step 01732/03814 (45.41%) | loss: 3.516415 | lrm: 0.85 | dt: 556.64ms | tok/sec: 96,578 | bf16_mfu: 0.00 | epoch: 1 pq: 1 rg: 69 | total time: 16.62m | eta: 20.1m
step 01733/03814 (45.44%) | loss: 3.526526 | lrm: 0.85 | dt: 558.99ms | tok/sec: 96,173 | bf16_mfu: 0.00 | epoch: 1 pq: 1 rg: 69 | total time: 16.63m | eta: 20.1m
step 01734/03814 (45.46%) | loss: 3.528933 | lrm: 0.85 | dt: 559.78ms | tok/sec: 96,036 | bf16_mfu: 0.00 | epoch: 1 pq: 1 rg: 69 | total time: 16.64m | eta: 20.1m
step 01735/03814 (45.49%) | loss: 3.530451 | lrm: 0.85 | dt: 556.84ms | tok/sec: 96,544 | bf16_mfu: 0.00 | epoch: 1 pq: 1 rg: 69 | total time: 16.65m | eta: 20.1m
step 01736/03814 (45.52%) | loss: 3.525205 | lrm: 0.85 | dt: 556.41ms | tok/sec: 96,618 | bf16_mfu: 0.00 | epoch: 1 pq: 1 rg: 69 | total time: 16.66m | eta: 20.1m
step 01737/03814 (45.54%) | loss: 3.533101 | lrm: 0.85 | dt: 670.71ms | tok/sec: 80,153 | bf16_mfu: 0.00 | epoch: 1 pq: 1 rg: 70 | total time: 16.67m | eta: 20.0m
step 01738/03814 (45.57%) | loss: 3.533310 | lrm: 0.85 | dt: 559.01ms | tok/sec: 96,170 | bf16_mfu: 0.00 | epoch: 1 pq: 1 rg: 70 | total time: 16.68m | eta: 20.0m
step 01739/03814 (45.60%) | loss: 3.523161 | lrm: 0.85 | dt: 570.40ms | tok/sec: 94,250 | bf16_mfu: 0.00 | epoch: 1 pq: 1 rg: 70 | total time: 16.69m | eta: 20.0m
step 01740/03814 (45.62%) | loss: 3.497948 | lrm: 0.84 | dt: 556.69ms | tok/sec: 96,571 | bf16_mfu: 0.00 | epoch: 1 pq: 1 rg: 70 | total time: 16.70m | eta: 20.0m
step 01741/03814 (45.65%) | loss: 3.490713 | lrm: 0.84 | dt: 560.19ms | tok/sec: 95,967 | bf16_mfu: 0.00 | epoch: 1 pq: 1 rg: 70 | total time: 16.70m | eta: 20.0m
step 01742/03814 (45.67%) | loss: 3.551389 | lrm: 0.84 | dt: 559.35ms | tok/sec: 96,110 | bf16_mfu: 0.00 | epoch: 1 pq: 1 rg: 70 | total time: 16.71m | eta: 20.0m
step 01743/03814 (45.70%) | loss: 3.623696 | lrm: 0.84 | dt: 695.21ms | tok/sec: 77,328 | bf16_mfu: 0.00 | epoch: 1 pq: 1 rg: 70 | total time: 16.73m | eta: 20.0m
step 01744/03814 (45.73%) | loss: 3.721350 | lrm: 0.84 | dt: 564.85ms | tok/sec: 95,175 | bf16_mfu: 0.00 | epoch: 1 pq: 1 rg: 70 | total time: 16.74m | eta: 20.0m
step 01745/03814 (45.75%) | loss: 3.783417 | lrm: 0.84 | dt: 565.51ms | tok/sec: 95,064 | bf16_mfu: 0.00 | epoch: 1 pq: 1 rg: 70 | total time: 16.74m | eta: 20.0m
step 01746/03814 (45.78%) | loss: 3.833051 | lrm: 0.84 | dt: 621.02ms | tok/sec: 86,567 | bf16_mfu: 0.00 | epoch: 1 pq: 1 rg: 70 | total time: 16.75m | eta: 20.0m
step 01747/03814 (45.80%) | loss: 3.858123 | lrm: 0.84 | dt: 554.49ms | tok/sec: 96,954 | bf16_mfu: 0.00 | epoch: 1 pq: 1 rg: 70 | total time: 16.76m | eta: 19.9m
step 01748/03814 (45.83%) | loss: 3.887658 | lrm: 0.84 | dt: 763.93ms | tok/sec: 70,373 | bf16_mfu: 0.00 | epoch: 1 pq: 1 rg: 71 | total time: 16.78m | eta: 19.9m
step 01749/03814 (45.86%) | loss: 3.930294 | lrm: 0.84 | dt: 558.15ms | tok/sec: 96,318 | bf16_mfu: 0.00 | epoch: 1 pq: 1 rg: 71 | total time: 16.79m | eta: 19.9m
step 01750/03814 (45.88%) | loss: 3.969988 | lrm: 0.84 | dt: 557.92ms | tok/sec: 96,358 | bf16_mfu: 0.00 | epoch: 1 pq: 1 rg: 71 | total time: 16.80m | eta: 19.9m
step 01751/03814 (45.91%) | loss: 3.997505 | lrm: 0.84 | dt: 558.95ms | tok/sec: 96,180 | bf16_mfu: 0.00 | epoch: 1 pq: 1 rg: 71 | total time: 16.80m | eta: 19.9m
step 01752/03814 (45.94%) | loss: 4.021073 | lrm: 0.84 | dt: 678.25ms | tok/sec: 79,262 | bf16_mfu: 0.00 | epoch: 1 pq: 1 rg: 71 | total time: 16.82m | eta: 19.9m
step 01753/03814 (45.96%) | loss: 4.048949 | lrm: 0.84 | dt: 823.19ms | tok/sec: 65,306 | bf16_mfu: 0.00 | epoch: 1 pq: 1 rg: 71 | total time: 16.83m | eta: 19.9m
step 01754/03814 (45.99%) | loss: 4.061764 | lrm: 0.84 | dt: 630.02ms | tok/sec: 85,330 | bf16_mfu: 0.00 | epoch: 1 pq: 1 rg: 71 | total time: 16.84m | eta: 19.9m
step 01755/03814 (46.01%) | loss: 4.061909 | lrm: 0.84 | dt: 562.93ms | tok/sec: 95,499 | bf16_mfu: 0.00 | epoch: 1 pq: 1 rg: 71 | total time: 16.85m | eta: 19.9m
step 01756/03814 (46.04%) | loss: 4.071927 | lrm: 0.84 | dt: 644.12ms | tok/sec: 83,462 | bf16_mfu: 0.00 | epoch: 1 pq: 1 rg: 71 | total time: 16.86m | eta: 19.9m
step 01757/03814 (46.07%) | loss: 4.095253 | lrm: 0.84 | dt: 616.55ms | tok/sec: 87,195 | bf16_mfu: 0.00 | epoch: 1 pq: 1 rg: 71 | total time: 16.87m | eta: 19.9m
step 01758/03814 (46.09%) | loss: 4.120385 | lrm: 0.84 | dt: 665.60ms | tok/sec: 80,769 | bf16_mfu: 0.00 | epoch: 1 pq: 1 rg: 72 | total time: 16.88m | eta: 19.9m
step 01759/03814 (46.12%) | loss: 4.123615 | lrm: 0.84 | dt: 634.97ms | tok/sec: 84,665 | bf16_mfu: 0.00 | epoch: 1 pq: 1 rg: 72 | total time: 16.89m | eta: 19.8m
step 01760/03814 (46.15%) | loss: 4.121953 | lrm: 0.84 | dt: 558.64ms | tok/sec: 96,234 | bf16_mfu: 0.00 | epoch: 1 pq: 1 rg: 72 | total time: 16.90m | eta: 19.8m
step 01761/03814 (46.17%) | loss: 4.115891 | lrm: 0.84 | dt: 748.89ms | tok/sec: 71,785 | bf16_mfu: 0.00 | epoch: 1 pq: 1 rg: 72 | total time: 16.91m | eta: 19.8m
step 01762/03814 (46.20%) | loss: 4.145705 | lrm: 0.84 | dt: 558.69ms | tok/sec: 96,224 | bf16_mfu: 0.00 | epoch: 1 pq: 1 rg: 72 | total time: 16.92m | eta: 19.8m
step 01763/03814 (46.22%) | loss: 4.154818 | lrm: 0.84 | dt: 561.92ms | tok/sec: 95,672 | bf16_mfu: 0.00 | epoch: 1 pq: 1 rg: 72 | total time: 16.93m | eta: 19.8m
step 01764/03814 (46.25%) | loss: 4.148223 | lrm: 0.84 | dt: 558.27ms | tok/sec: 96,297 | bf16_mfu: 0.00 | epoch: 1 pq: 1 rg: 72 | total time: 16.94m | eta: 19.8m
step 01765/03814 (46.28%) | loss: 4.130107 | lrm: 0.84 | dt: 558.76ms | tok/sec: 96,213 | bf16_mfu: 0.00 | epoch: 1 pq: 1 rg: 72 | total time: 16.95m | eta: 19.8m
step 01766/03814 (46.30%) | loss: 4.140811 | lrm: 0.83 | dt: 585.88ms | tok/sec: 91,760 | bf16_mfu: 0.00 | epoch: 1 pq: 1 rg: 72 | total time: 16.96m | eta: 19.8m
step 01767/03814 (46.33%) | loss: 4.156576 | lrm: 0.83 | dt: 646.77ms | tok/sec: 83,121 | bf16_mfu: 0.00 | epoch: 1 pq: 1 rg: 72 | total time: 16.97m | eta: 19.8m
step 01768/03814 (46.36%) | loss: 4.166376 | lrm: 0.83 | dt: 560.32ms | tok/sec: 95,945 | bf16_mfu: 0.00 | epoch: 1 pq: 1 rg: 73 | total time: 16.98m | eta: 19.8m
step 01769/03814 (46.38%) | loss: 4.169518 | lrm: 0.83 | dt: 726.23ms | tok/sec: 74,026 | bf16_mfu: 0.00 | epoch: 1 pq: 1 rg: 73 | total time: 16.99m | eta: 19.8m
step 01770/03814 (46.41%) | loss: 4.166430 | lrm: 0.83 | dt: 560.87ms | tok/sec: 95,850 | bf16_mfu: 0.00 | epoch: 1 pq: 1 rg: 73 | total time: 17.00m | eta: 19.7m
step 01771/03814 (46.43%) | loss: 4.172921 | lrm: 0.83 | dt: 634.86ms | tok/sec: 84,679 | bf16_mfu: 0.00 | epoch: 1 pq: 1 rg: 73 | total time: 17.01m | eta: 19.7m
step 01772/03814 (46.46%) | loss: 4.166135 | lrm: 0.83 | dt: 558.57ms | tok/sec: 96,246 | bf16_mfu: 0.00 | epoch: 1 pq: 1 rg: 73 | total time: 17.02m | eta: 19.7m
step 01773/03814 (46.49%) | loss: 4.174499 | lrm: 0.83 | dt: 559.80ms | tok/sec: 96,034 | bf16_mfu: 0.00 | epoch: 1 pq: 1 rg: 73 | total time: 17.03m | eta: 19.7m
step 01774/03814 (46.51%) | loss: 4.157248 | lrm: 0.83 | dt: 723.44ms | tok/sec: 74,311 | bf16_mfu: 0.00 | epoch: 1 pq: 1 rg: 73 | total time: 17.04m | eta: 19.7m
step 01775/03814 (46.54%) | loss: 4.148837 | lrm: 0.83 | dt: 565.21ms | tok/sec: 95,114 | bf16_mfu: 0.00 | epoch: 1 pq: 1 rg: 73 | total time: 17.05m | eta: 19.7m
step 01776/03814 (46.57%) | loss: 4.175424 | lrm: 0.83 | dt: 588.11ms | tok/sec: 91,411 | bf16_mfu: 0.00 | epoch: 1 pq: 1 rg: 73 | total time: 17.06m | eta: 19.7m
step 01777/03814 (46.59%) | loss: 4.175599 | lrm: 0.83 | dt: 560.64ms | tok/sec: 95,889 | bf16_mfu: 0.00 | epoch: 1 pq: 1 rg: 73 | total time: 17.07m | eta: 19.7m
step 01778/03814 (46.62%) | loss: 4.181731 | lrm: 0.83 | dt: 663.41ms | tok/sec: 81,036 | bf16_mfu: 0.00 | epoch: 1 pq: 1 rg: 74 | total time: 17.08m | eta: 19.7m
step 01779/03814 (46.64%) | loss: 4.170249 | lrm: 0.83 | dt: 558.49ms | tok/sec: 96,259 | bf16_mfu: 0.00 | epoch: 1 pq: 1 rg: 74 | total time: 17.09m | eta: 19.7m
step 01780/03814 (46.67%) | loss: 4.170677 | lrm: 0.83 | dt: 640.21ms | tok/sec: 83,972 | bf16_mfu: 0.00 | epoch: 1 pq: 1 rg: 74 | total time: 17.10m | eta: 19.7m
step 01781/03814 (46.70%) | loss: 4.173888 | lrm: 0.83 | dt: 638.50ms | tok/sec: 84,196 | bf16_mfu: 0.00 | epoch: 1 pq: 1 rg: 74 | total time: 17.11m | eta: 19.6m
step 01782/03814 (46.72%) | loss: 4.169889 | lrm: 0.83 | dt: 603.83ms | tok/sec: 89,031 | bf16_mfu: 0.00 | epoch: 1 pq: 1 rg: 74 | total time: 17.12m | eta: 19.6m
step 01783/03814 (46.75%) | loss: 4.153668 | lrm: 0.83 | dt: 562.88ms | tok/sec: 95,509 | bf16_mfu: 0.00 | epoch: 1 pq: 1 rg: 74 | total time: 17.13m | eta: 19.6m
step 01784/03814 (46.78%) | loss: 4.173821 | lrm: 0.83 | dt: 563.92ms | tok/sec: 95,332 | bf16_mfu: 0.00 | epoch: 1 pq: 1 rg: 74 | total time: 17.14m | eta: 19.6m
step 01785/03814 (46.80%) | loss: 4.182886 | lrm: 0.83 | dt: 575.54ms | tok/sec: 93,408 | bf16_mfu: 0.00 | epoch: 1 pq: 1 rg: 74 | total time: 17.15m | eta: 19.6m
step 01786/03814 (46.83%) | loss: 4.183689 | lrm: 0.83 | dt: 666.70ms | tok/sec: 80,635 | bf16_mfu: 0.00 | epoch: 1 pq: 1 rg: 74 | total time: 17.16m | eta: 19.6m
step 01787/03814 (46.85%) | loss: 4.165744 | lrm: 0.83 | dt: 642.56ms | tok/sec: 83,665 | bf16_mfu: 0.00 | epoch: 1 pq: 1 rg: 74 | total time: 17.17m | eta: 19.6m
step 01788/03814 (46.88%) | loss: 4.148724 | lrm: 0.83 | dt: 562.52ms | tok/sec: 95,570 | bf16_mfu: 0.00 | epoch: 1 pq: 1 rg: 74 | total time: 17.18m | eta: 19.6m
step 01789/03814 (46.91%) | loss: 4.134774 | lrm: 0.83 | dt: 825.92ms | tok/sec: 65,090 | bf16_mfu: 0.00 | epoch: 1 pq: 1 rg: 75 | total time: 17.20m | eta: 19.6m
step 01790/03814 (46.93%) | loss: 4.144216 | lrm: 0.83 | dt: 560.59ms | tok/sec: 95,898 | bf16_mfu: 0.00 | epoch: 1 pq: 1 rg: 75 | total time: 17.21m | eta: 19.6m
step 01791/03814 (46.96%) | loss: 4.156989 | lrm: 0.83 | dt: 598.25ms | tok/sec: 89,861 | bf16_mfu: 0.00 | epoch: 1 pq: 1 rg: 75 | total time: 17.22m | eta: 19.6m
step 01792/03814 (46.98%) | loss: 4.149874 | lrm: 0.82 | dt: 667.28ms | tok/sec: 80,566 | bf16_mfu: 0.00 | epoch: 1 pq: 1 rg: 75 | total time: 17.23m | eta: 19.5m
step 01793/03814 (47.01%) | loss: 4.153058 | lrm: 0.82 | dt: 562.82ms | tok/sec: 95,519 | bf16_mfu: 0.00 | epoch: 1 pq: 1 rg: 75 | total time: 17.24m | eta: 19.5m
step 01794/03814 (47.04%) | loss: 4.137023 | lrm: 0.82 | dt: 572.33ms | tok/sec: 93,931 | bf16_mfu: 0.00 | epoch: 1 pq: 1 rg: 75 | total time: 17.25m | eta: 19.5m
step 01795/03814 (47.06%) | loss: 4.130036 | lrm: 0.82 | dt: 562.53ms | tok/sec: 95,567 | bf16_mfu: 0.00 | epoch: 1 pq: 1 rg: 75 | total time: 17.26m | eta: 19.5m
step 01796/03814 (47.09%) | loss: 4.142530 | lrm: 0.82 | dt: 729.14ms | tok/sec: 73,731 | bf16_mfu: 0.00 | epoch: 1 pq: 1 rg: 75 | total time: 17.27m | eta: 19.5m
step 01797/03814 (47.12%) | loss: 4.153306 | lrm: 0.82 | dt: 692.97ms | tok/sec: 77,578 | bf16_mfu: 0.00 | epoch: 1 pq: 1 rg: 75 | total time: 17.28m | eta: 19.5m
step 01798/03814 (47.14%) | loss: 4.130543 | lrm: 0.82 | dt: 562.52ms | tok/sec: 95,569 | bf16_mfu: 0.00 | epoch: 1 pq: 1 rg: 75 | total time: 17.29m | eta: 19.5m
step 01799/03814 (47.17%) | loss: 4.109631 | lrm: 0.82 | dt: 636.57ms | tok/sec: 84,453 | bf16_mfu: 0.00 | epoch: 1 pq: 1 rg: 76 | total time: 17.30m | eta: 19.5m
step 01800/03814 (47.19%) | loss: 4.114706 | lrm: 0.82 | dt: 598.37ms | tok/sec: 89,843 | bf16_mfu: 0.00 | epoch: 1 pq: 1 rg: 76 | total time: 17.31m | eta: 19.5m
step 01801/03814 (47.22%) | loss: 4.120543 | lrm: 0.82 | dt: 558.62ms | tok/sec: 96,236 | bf16_mfu: 0.00 | epoch: 1 pq: 1 rg: 76 | total time: 17.32m | eta: 19.5m
step 01802/03814 (47.25%) | loss: 4.121299 | lrm: 0.82 | dt: 569.48ms | tok/sec: 94,402 | bf16_mfu: 0.00 | epoch: 1 pq: 1 rg: 76 | total time: 17.33m | eta: 19.5m
step 01803/03814 (47.27%) | loss: 4.107803 | lrm: 0.82 | dt: 559.88ms | tok/sec: 96,020 | bf16_mfu: 0.00 | epoch: 1 pq: 1 rg: 76 | total time: 17.34m | eta: 19.4m
step 01804/03814 (47.30%) | loss: 4.086253 | lrm: 0.82 | dt: 562.89ms | tok/sec: 95,507 | bf16_mfu: 0.00 | epoch: 1 pq: 1 rg: 76 | total time: 17.35m | eta: 19.4m
step 01805/03814 (47.33%) | loss: 4.080895 | lrm: 0.82 | dt: 680.94ms | tok/sec: 78,949 | bf16_mfu: 0.00 | epoch: 1 pq: 1 rg: 76 | total time: 17.36m | eta: 19.4m
step 01806/03814 (47.35%) | loss: 4.083331 | lrm: 0.82 | dt: 558.16ms | tok/sec: 96,316 | bf16_mfu: 0.00 | epoch: 1 pq: 1 rg: 76 | total time: 17.37m | eta: 19.4m
step 01807/03814 (47.38%) | loss: 4.094356 | lrm: 0.82 | dt: 561.53ms | tok/sec: 95,739 | bf16_mfu: 0.00 | epoch: 1 pq: 1 rg: 76 | total time: 17.38m | eta: 19.4m
step 01808/03814 (47.40%) | loss: 4.094657 | lrm: 0.82 | dt: 566.50ms | tok/sec: 94,898 | bf16_mfu: 0.00 | epoch: 1 pq: 1 rg: 77 | total time: 17.39m | eta: 19.4m
step 01809/03814 (47.43%) | loss: 4.071162 | lrm: 0.82 | dt: 558.13ms | tok/sec: 96,322 | bf16_mfu: 0.00 | epoch: 1 pq: 1 rg: 77 | total time: 17.40m | eta: 19.4m
step 01810/03814 (47.46%) | loss: 4.073063 | lrm: 0.82 | dt: 566.55ms | tok/sec: 94,889 | bf16_mfu: 0.00 | epoch: 1 pq: 1 rg: 77 | total time: 17.41m | eta: 19.4m
step 01811/03814 (47.48%) | loss: 4.066745 | lrm: 0.82 | dt: 636.50ms | tok/sec: 84,461 | bf16_mfu: 0.00 | epoch: 1 pq: 1 rg: 77 | total time: 17.42m | eta: 19.4m
step 01812/03814 (47.51%) | loss: 4.088909 | lrm: 0.82 | dt: 564.44ms | tok/sec: 95,245 | bf16_mfu: 0.00 | epoch: 1 pq: 1 rg: 77 | total time: 17.43m | eta: 19.4m
step 01813/03814 (47.54%) | loss: 4.081416 | lrm: 0.82 | dt: 559.43ms | tok/sec: 96,097 | bf16_mfu: 0.00 | epoch: 1 pq: 1 rg: 77 | total time: 17.44m | eta: 19.3m
step 01814/03814 (47.56%) | loss: 4.061683 | lrm: 0.82 | dt: 789.99ms | tok/sec: 68,051 | bf16_mfu: 0.00 | epoch: 1 pq: 1 rg: 77 | total time: 17.45m | eta: 19.3m
step 01815/03814 (47.59%) | loss: 4.057267 | lrm: 0.82 | dt: 564.58ms | tok/sec: 95,221 | bf16_mfu: 0.00 | epoch: 1 pq: 1 rg: 77 | total time: 17.46m | eta: 19.3m
step 01816/03814 (47.61%) | loss: 4.086522 | lrm: 0.82 | dt: 848.29ms | tok/sec: 63,374 | bf16_mfu: 0.00 | epoch: 1 pq: 1 rg: 77 | total time: 17.47m | eta: 19.3m
step 01817/03814 (47.64%) | loss: 4.108653 | lrm: 0.82 | dt: 618.38ms | tok/sec: 86,937 | bf16_mfu: 0.00 | epoch: 1 pq: 1 rg: 77 | total time: 17.48m | eta: 19.3m
step 01818/03814 (47.67%) | loss: 4.112435 | lrm: 0.81 | dt: 654.05ms | tok/sec: 82,195 | bf16_mfu: 0.00 | epoch: 1 pq: 2 rg: 0 | total time: 17.49m | eta: 19.3m
step 01819/03814 (47.69%) | loss: 4.125884 | lrm: 0.81 | dt: 590.44ms | tok/sec: 91,050 | bf16_mfu: 0.00 | epoch: 1 pq: 2 rg: 0 | total time: 17.50m | eta: 19.3m
step 01820/03814 (47.72%) | loss: 4.110859 | lrm: 0.81 | dt: 563.52ms | tok/sec: 95,400 | bf16_mfu: 0.00 | epoch: 1 pq: 2 rg: 0 | total time: 17.51m | eta: 19.3m
step 01821/03814 (47.75%) | loss: 4.120204 | lrm: 0.81 | dt: 631.88ms | tok/sec: 85,079 | bf16_mfu: 0.00 | epoch: 1 pq: 2 rg: 0 | total time: 17.52m | eta: 19.3m
step 01822/03814 (47.77%) | loss: 4.115892 | lrm: 0.81 | dt: 598.74ms | tok/sec: 89,788 | bf16_mfu: 0.00 | epoch: 1 pq: 2 rg: 0 | total time: 17.53m | eta: 19.3m
step 01823/03814 (47.80%) | loss: 4.124358 | lrm: 0.81 | dt: 588.12ms | tok/sec: 91,410 | bf16_mfu: 0.00 | epoch: 1 pq: 2 rg: 0 | total time: 17.54m | eta: 19.3m
step 01824/03814 (47.82%) | loss: 4.118907 | lrm: 0.81 | dt: 675.16ms | tok/sec: 79,625 | bf16_mfu: 0.00 | epoch: 1 pq: 2 rg: 0 | total time: 17.55m | eta: 19.3m
step 01825/03814 (47.85%) | loss: 4.113357 | lrm: 0.81 | dt: 573.15ms | tok/sec: 93,797 | bf16_mfu: 0.00 | epoch: 1 pq: 2 rg: 0 | total time: 17.56m | eta: 19.2m
step 01826/03814 (47.88%) | loss: 4.121530 | lrm: 0.81 | dt: 661.47ms | tok/sec: 81,273 | bf16_mfu: 0.00 | epoch: 1 pq: 2 rg: 0 | total time: 17.57m | eta: 19.2m
step 01827/03814 (47.90%) | loss: 4.124727 | lrm: 0.81 | dt: 566.20ms | tok/sec: 94,948 | bf16_mfu: 0.00 | epoch: 1 pq: 2 rg: 0 | total time: 17.58m | eta: 19.2m
step 01828/03814 (47.93%) | loss: 4.117384 | lrm: 0.81 | dt: 718.01ms | tok/sec: 74,873 | bf16_mfu: 0.00 | epoch: 1 pq: 2 rg: 1 | total time: 17.60m | eta: 19.2m
step 01829/03814 (47.95%) | loss: 4.097121 | lrm: 0.81 | dt: 564.59ms | tok/sec: 95,219 | bf16_mfu: 0.00 | epoch: 1 pq: 2 rg: 1 | total time: 17.61m | eta: 19.2m
step 01830/03814 (47.98%) | loss: 4.089813 | lrm: 0.81 | dt: 724.89ms | tok/sec: 74,163 | bf16_mfu: 0.00 | epoch: 1 pq: 2 rg: 1 | total time: 17.62m | eta: 19.2m
step 01831/03814 (48.01%) | loss: 4.104260 | lrm: 0.81 | dt: 591.42ms | tok/sec: 90,899 | bf16_mfu: 0.00 | epoch: 1 pq: 2 rg: 1 | total time: 17.63m | eta: 19.2m
step 01832/03814 (48.03%) | loss: 4.105210 | lrm: 0.81 | dt: 623.74ms | tok/sec: 86,189 | bf16_mfu: 0.00 | epoch: 1 pq: 2 rg: 1 | total time: 17.64m | eta: 19.2m
step 01833/03814 (48.06%) | loss: 4.087464 | lrm: 0.81 | dt: 611.18ms | tok/sec: 87,960 | bf16_mfu: 0.00 | epoch: 1 pq: 2 rg: 1 | total time: 17.65m | eta: 19.2m
step 01834/03814 (48.09%) | loss: 4.077695 | lrm: 0.81 | dt: 565.61ms | tok/sec: 95,047 | bf16_mfu: 0.00 | epoch: 1 pq: 2 rg: 1 | total time: 17.66m | eta: 19.2m
step 01835/03814 (48.11%) | loss: 4.091273 | lrm: 0.81 | dt: 566.98ms | tok/sec: 94,817 | bf16_mfu: 0.00 | epoch: 1 pq: 2 rg: 1 | total time: 17.67m | eta: 19.2m
step 01836/03814 (48.14%) | loss: 4.083676 | lrm: 0.81 | dt: 631.93ms | tok/sec: 85,072 | bf16_mfu: 0.00 | epoch: 1 pq: 2 rg: 1 | total time: 17.68m | eta: 19.1m
step 01837/03814 (48.16%) | loss: 4.078365 | lrm: 0.81 | dt: 625.88ms | tok/sec: 85,895 | bf16_mfu: 0.00 | epoch: 1 pq: 2 rg: 1 | total time: 17.69m | eta: 19.1m
step 01838/03814 (48.19%) | loss: 4.090983 | lrm: 0.81 | dt: 662.73ms | tok/sec: 81,118 | bf16_mfu: 0.00 | epoch: 1 pq: 2 rg: 2 | total time: 17.70m | eta: 19.1m
step 01839/03814 (48.22%) | loss: 4.085691 | lrm: 0.81 | dt: 566.17ms | tok/sec: 94,953 | bf16_mfu: 0.00 | epoch: 1 pq: 2 rg: 2 | total time: 17.71m | eta: 19.1m
step 01840/03814 (48.24%) | loss: 4.084179 | lrm: 0.81 | dt: 568.66ms | tok/sec: 94,537 | bf16_mfu: 0.00 | epoch: 1 pq: 2 rg: 2 | total time: 17.72m | eta: 19.1m
step 01841/03814 (48.27%) | loss: 4.096963 | lrm: 0.81 | dt: 605.97ms | tok/sec: 88,717 | bf16_mfu: 0.00 | epoch: 1 pq: 2 rg: 2 | total time: 17.73m | eta: 19.1m
step 01842/03814 (48.30%) | loss: 4.107601 | lrm: 0.81 | dt: 562.68ms | tok/sec: 95,542 | bf16_mfu: 0.00 | epoch: 1 pq: 2 rg: 2 | total time: 17.74m | eta: 19.1m
step 01843/03814 (48.32%) | loss: 4.110735 | lrm: 0.81 | dt: 564.36ms | tok/sec: 95,257 | bf16_mfu: 0.00 | epoch: 1 pq: 2 rg: 2 | total time: 17.75m | eta: 19.1m
step 01844/03814 (48.35%) | loss: 4.103819 | lrm: 0.80 | dt: 617.90ms | tok/sec: 87,004 | bf16_mfu: 0.00 | epoch: 1 pq: 2 rg: 2 | total time: 17.76m | eta: 19.1m
step 01845/03814 (48.37%) | loss: 4.079087 | lrm: 0.80 | dt: 563.89ms | tok/sec: 95,338 | bf16_mfu: 0.00 | epoch: 1 pq: 2 rg: 2 | total time: 17.77m | eta: 19.1m
step 01846/03814 (48.40%) | loss: 4.076679 | lrm: 0.80 | dt: 565.59ms | tok/sec: 95,051 | bf16_mfu: 0.00 | epoch: 1 pq: 2 rg: 2 | total time: 17.78m | eta: 19.1m
step 01847/03814 (48.43%) | loss: 4.064432 | lrm: 0.80 | dt: 564.47ms | tok/sec: 95,239 | bf16_mfu: 0.00 | epoch: 1 pq: 2 rg: 2 | total time: 17.79m | eta: 19.0m
step 01848/03814 (48.45%) | loss: 4.073862 | lrm: 0.80 | dt: 719.91ms | tok/sec: 74,675 | bf16_mfu: 0.00 | epoch: 1 pq: 2 rg: 3 | total time: 17.80m | eta: 19.0m
step 01849/03814 (48.48%) | loss: 4.115153 | lrm: 0.80 | dt: 557.05ms | tok/sec: 96,509 | bf16_mfu: 0.00 | epoch: 1 pq: 2 rg: 3 | total time: 17.81m | eta: 19.0m
step 01850/03814 (48.51%) | loss: 4.141608 | lrm: 0.80 | dt: 565.05ms | tok/sec: 95,142 | bf16_mfu: 0.00 | epoch: 1 pq: 2 rg: 3 | total time: 17.82m | eta: 19.0m
step 01851/03814 (48.53%) | loss: 4.124506 | lrm: 0.80 | dt: 563.42ms | tok/sec: 95,417 | bf16_mfu: 0.00 | epoch: 1 pq: 2 rg: 3 | total time: 17.83m | eta: 19.0m
step 01852/03814 (48.56%) | loss: 4.119030 | lrm: 0.80 | dt: 568.96ms | tok/sec: 94,487 | bf16_mfu: 0.00 | epoch: 1 pq: 2 rg: 3 | total time: 17.83m | eta: 19.0m
step 01853/03814 (48.58%) | loss: 4.108011 | lrm: 0.80 | dt: 564.69ms | tok/sec: 95,203 | bf16_mfu: 0.00 | epoch: 1 pq: 2 rg: 3 | total time: 17.84m | eta: 19.0m
step 01854/03814 (48.61%) | loss: 4.106712 | lrm: 0.80 | dt: 564.69ms | tok/sec: 95,203 | bf16_mfu: 0.00 | epoch: 1 pq: 2 rg: 3 | total time: 17.85m | eta: 19.0m
step 01855/03814 (48.64%) | loss: 4.118944 | lrm: 0.80 | dt: 588.97ms | tok/sec: 91,278 | bf16_mfu: 0.00 | epoch: 1 pq: 2 rg: 3 | total time: 17.86m | eta: 19.0m
step 01856/03814 (48.66%) | loss: 4.120722 | lrm: 0.80 | dt: 561.64ms | tok/sec: 95,720 | bf16_mfu: 0.00 | epoch: 1 pq: 2 rg: 3 | total time: 17.87m | eta: 19.0m
step 01857/03814 (48.69%) | loss: 4.129170 | lrm: 0.80 | dt: 610.07ms | tok/sec: 88,120 | bf16_mfu: 0.00 | epoch: 1 pq: 2 rg: 4 | total time: 17.88m | eta: 18.9m
step 01858/03814 (48.72%) | loss: 4.136214 | lrm: 0.80 | dt: 564.43ms | tok/sec: 95,246 | bf16_mfu: 0.00 | epoch: 1 pq: 2 rg: 4 | total time: 17.89m | eta: 18.9m
step 01859/03814 (48.74%) | loss: 4.110099 | lrm: 0.80 | dt: 585.73ms | tok/sec: 91,782 | bf16_mfu: 0.00 | epoch: 1 pq: 2 rg: 4 | total time: 17.90m | eta: 18.9m
step 01860/03814 (48.77%) | loss: 4.106810 | lrm: 0.80 | dt: 560.77ms | tok/sec: 95,867 | bf16_mfu: 0.00 | epoch: 1 pq: 2 rg: 4 | total time: 17.91m | eta: 18.9m
step 01861/03814 (48.79%) | loss: 4.088623 | lrm: 0.80 | dt: 560.56ms | tok/sec: 95,904 | bf16_mfu: 0.00 | epoch: 1 pq: 2 rg: 4 | total time: 17.92m | eta: 18.9m
step 01862/03814 (48.82%) | loss: 4.089243 | lrm: 0.80 | dt: 562.55ms | tok/sec: 95,564 | bf16_mfu: 0.00 | epoch: 1 pq: 2 rg: 4 | total time: 17.93m | eta: 18.9m
step 01863/03814 (48.85%) | loss: 4.119569 | lrm: 0.80 | dt: 565.53ms | tok/sec: 95,061 | bf16_mfu: 0.00 | epoch: 1 pq: 2 rg: 4 | total time: 17.94m | eta: 18.9m
step 01864/03814 (48.87%) | loss: 4.131519 | lrm: 0.80 | dt: 569.32ms | tok/sec: 94,429 | bf16_mfu: 0.00 | epoch: 1 pq: 2 rg: 4 | total time: 17.95m | eta: 18.9m
step 01865/03814 (48.90%) | loss: 4.171804 | lrm: 0.80 | dt: 684.82ms | tok/sec: 78,502 | bf16_mfu: 0.00 | epoch: 1 pq: 2 rg: 4 | total time: 17.96m | eta: 18.9m
step 01866/03814 (48.93%) | loss: 4.170219 | lrm: 0.80 | dt: 769.32ms | tok/sec: 69,879 | bf16_mfu: 0.00 | epoch: 1 pq: 2 rg: 5 | total time: 17.97m | eta: 18.9m
step 01867/03814 (48.95%) | loss: 4.134742 | lrm: 0.80 | dt: 563.57ms | tok/sec: 95,391 | bf16_mfu: 0.00 | epoch: 1 pq: 2 rg: 5 | total time: 17.98m | eta: 18.9m
step 01868/03814 (48.98%) | loss: 4.121528 | lrm: 0.80 | dt: 574.62ms | tok/sec: 93,557 | bf16_mfu: 0.00 | epoch: 1 pq: 2 rg: 5 | total time: 17.99m | eta: 18.8m
step 01869/03814 (49.00%) | loss: 4.110247 | lrm: 0.80 | dt: 576.86ms | tok/sec: 93,194 | bf16_mfu: 0.00 | epoch: 1 pq: 2 rg: 5 | total time: 18.00m | eta: 18.8m
step 01870/03814 (49.03%) | loss: 4.113201 | lrm: 0.79 | dt: 588.35ms | tok/sec: 91,373 | bf16_mfu: 0.00 | epoch: 1 pq: 2 rg: 5 | total time: 18.01m | eta: 18.8m
step 01871/03814 (49.06%) | loss: 4.108240 | lrm: 0.79 | dt: 565.72ms | tok/sec: 95,029 | bf16_mfu: 0.00 | epoch: 1 pq: 2 rg: 5 | total time: 18.02m | eta: 18.8m
step 01872/03814 (49.08%) | loss: 4.148440 | lrm: 0.79 | dt: 613.34ms | tok/sec: 87,651 | bf16_mfu: 0.00 | epoch: 1 pq: 2 rg: 5 | total time: 18.03m | eta: 18.8m
step 01873/03814 (49.11%) | loss: 4.143763 | lrm: 0.79 | dt: 598.28ms | tok/sec: 89,857 | bf16_mfu: 0.00 | epoch: 1 pq: 2 rg: 5 | total time: 18.04m | eta: 18.8m
step 01874/03814 (49.13%) | loss: 4.120417 | lrm: 0.79 | dt: 559.76ms | tok/sec: 96,040 | bf16_mfu: 0.00 | epoch: 1 pq: 2 rg: 5 | total time: 18.05m | eta: 18.8m
step 01875/03814 (49.16%) | loss: 4.106384 | lrm: 0.79 | dt: 561.54ms | tok/sec: 95,736 | bf16_mfu: 0.00 | epoch: 1 pq: 2 rg: 5 | total time: 18.06m | eta: 18.8m
step 01876/03814 (49.19%) | loss: 4.093819 | lrm: 0.79 | dt: 564.51ms | tok/sec: 95,232 | bf16_mfu: 0.00 | epoch: 1 pq: 2 rg: 6 | total time: 18.07m | eta: 18.8m
step 01877/03814 (49.21%) | loss: 4.102581 | lrm: 0.79 | dt: 588.17ms | tok/sec: 91,402 | bf16_mfu: 0.00 | epoch: 1 pq: 2 rg: 6 | total time: 18.08m | eta: 18.8m
step 01878/03814 (49.24%) | loss: 4.127135 | lrm: 0.79 | dt: 562.42ms | tok/sec: 95,586 | bf16_mfu: 0.00 | epoch: 1 pq: 2 rg: 6 | total time: 18.09m | eta: 18.7m
step 01879/03814 (49.27%) | loss: 4.114816 | lrm: 0.79 | dt: 568.77ms | tok/sec: 94,519 | bf16_mfu: 0.00 | epoch: 1 pq: 2 rg: 6 | total time: 18.10m | eta: 18.7m
step 01880/03814 (49.29%) | loss: 4.095666 | lrm: 0.79 | dt: 683.41ms | tok/sec: 78,664 | bf16_mfu: 0.00 | epoch: 1 pq: 2 rg: 6 | total time: 18.11m | eta: 18.7m
step 01881/03814 (49.32%) | loss: 4.075329 | lrm: 0.79 | dt: 570.35ms | tok/sec: 94,258 | bf16_mfu: 0.00 | epoch: 1 pq: 2 rg: 6 | total time: 18.12m | eta: 18.7m
step 01882/03814 (49.34%) | loss: 4.067115 | lrm: 0.79 | dt: 570.11ms | tok/sec: 94,297 | bf16_mfu: 0.00 | epoch: 1 pq: 2 rg: 6 | total time: 18.13m | eta: 18.7m
step 01883/03814 (49.37%) | loss: 4.091491 | lrm: 0.79 | dt: 564.11ms | tok/sec: 95,300 | bf16_mfu: 0.00 | epoch: 1 pq: 2 rg: 6 | total time: 18.14m | eta: 18.7m
step 01884/03814 (49.40%) | loss: 4.083402 | lrm: 0.79 | dt: 567.35ms | tok/sec: 94,756 | bf16_mfu: 0.00 | epoch: 1 pq: 2 rg: 6 | total time: 18.15m | eta: 18.7m
step 01885/03814 (49.42%) | loss: 4.102642 | lrm: 0.79 | dt: 576.58ms | tok/sec: 93,238 | bf16_mfu: 0.00 | epoch: 1 pq: 2 rg: 7 | total time: 18.16m | eta: 18.7m
step 01886/03814 (49.45%) | loss: 4.108039 | lrm: 0.79 | dt: 562.85ms | tok/sec: 95,513 | bf16_mfu: 0.00 | epoch: 1 pq: 2 rg: 7 | total time: 18.17m | eta: 18.7m
step 01887/03814 (49.48%) | loss: 4.097231 | lrm: 0.79 | dt: 565.38ms | tok/sec: 95,086 | bf16_mfu: 0.00 | epoch: 1 pq: 2 rg: 7 | total time: 18.18m | eta: 18.7m
step 01888/03814 (49.50%) | loss: 4.073636 | lrm: 0.79 | dt: 562.03ms | tok/sec: 95,652 | bf16_mfu: 0.00 | epoch: 1 pq: 2 rg: 7 | total time: 18.19m | eta: 18.6m
step 01889/03814 (49.53%) | loss: 4.054489 | lrm: 0.79 | dt: 563.38ms | tok/sec: 95,424 | bf16_mfu: 0.00 | epoch: 1 pq: 2 rg: 7 | total time: 18.19m | eta: 18.6m
step 01890/03814 (49.55%) | loss: 4.047367 | lrm: 0.79 | dt: 565.45ms | tok/sec: 95,075 | bf16_mfu: 0.00 | epoch: 1 pq: 2 rg: 7 | total time: 18.20m | eta: 18.6m
step 01891/03814 (49.58%) | loss: 4.077312 | lrm: 0.79 | dt: 569.89ms | tok/sec: 94,334 | bf16_mfu: 0.00 | epoch: 1 pq: 2 rg: 7 | total time: 18.21m | eta: 18.6m
step 01892/03814 (49.61%) | loss: 4.102725 | lrm: 0.79 | dt: 566.08ms | tok/sec: 94,969 | bf16_mfu: 0.00 | epoch: 1 pq: 2 rg: 7 | total time: 18.22m | eta: 18.6m
step 01893/03814 (49.63%) | loss: 4.089930 | lrm: 0.79 | dt: 562.86ms | tok/sec: 95,511 | bf16_mfu: 0.00 | epoch: 1 pq: 2 rg: 7 | total time: 18.23m | eta: 18.6m
step 01894/03814 (49.66%) | loss: 4.066444 | lrm: 0.79 | dt: 640.85ms | tok/sec: 83,888 | bf16_mfu: 0.00 | epoch: 1 pq: 2 rg: 8 | total time: 18.24m | eta: 18.6m
step 01895/03814 (49.69%) | loss: 4.047132 | lrm: 0.79 | dt: 559.03ms | tok/sec: 96,166 | bf16_mfu: 0.00 | epoch: 1 pq: 2 rg: 8 | total time: 18.25m | eta: 18.6m
step 01896/03814 (49.71%) | loss: 4.031001 | lrm: 0.79 | dt: 565.21ms | tok/sec: 95,114 | bf16_mfu: 0.00 | epoch: 1 pq: 2 rg: 8 | total time: 18.26m | eta: 18.6m
step 01897/03814 (49.74%) | loss: 4.018056 | lrm: 0.78 | dt: 562.03ms | tok/sec: 95,652 | bf16_mfu: 0.00 | epoch: 1 pq: 2 rg: 8 | total time: 18.27m | eta: 18.6m
step 01898/03814 (49.76%) | loss: 4.028015 | lrm: 0.78 | dt: 589.77ms | tok/sec: 91,153 | bf16_mfu: 0.00 | epoch: 1 pq: 2 rg: 8 | total time: 18.28m | eta: 18.6m
step 01899/03814 (49.79%) | loss: 4.064285 | lrm: 0.78 | dt: 561.73ms | tok/sec: 95,703 | bf16_mfu: 0.00 | epoch: 1 pq: 2 rg: 8 | total time: 18.29m | eta: 18.5m
step 01900/03814 (49.82%) | loss: 4.055716 | lrm: 0.78 | dt: 566.86ms | tok/sec: 94,839 | bf16_mfu: 0.00 | epoch: 1 pq: 2 rg: 8 | total time: 18.30m | eta: 18.5m
step 01901/03814 (49.84%) | loss: 4.060127 | lrm: 0.78 | dt: 571.80ms | tok/sec: 94,018 | bf16_mfu: 0.00 | epoch: 1 pq: 2 rg: 8 | total time: 18.31m | eta: 18.5m
step 01902/03814 (49.87%) | loss: 4.028031 | lrm: 0.78 | dt: 569.98ms | tok/sec: 94,318 | bf16_mfu: 0.00 | epoch: 1 pq: 2 rg: 8 | total time: 18.32m | eta: 18.5m
step 01903/03814 (49.90%) | loss: 4.014307 | lrm: 0.78 | dt: 561.03ms | tok/sec: 95,822 | bf16_mfu: 0.00 | epoch: 1 pq: 2 rg: 8 | total time: 18.33m | eta: 18.5m
step 01904/03814 (49.92%) | loss: 4.005001 | lrm: 0.78 | dt: 582.48ms | tok/sec: 92,295 | bf16_mfu: 0.00 | epoch: 1 pq: 2 rg: 9 | total time: 18.34m | eta: 18.5m
step 01905/03814 (49.95%) | loss: 4.003942 | lrm: 0.78 | dt: 566.05ms | tok/sec: 94,973 | bf16_mfu: 0.00 | epoch: 1 pq: 2 rg: 9 | total time: 18.35m | eta: 18.5m
step 01906/03814 (49.97%) | loss: 4.020269 | lrm: 0.78 | dt: 736.07ms | tok/sec: 73,036 | bf16_mfu: 0.00 | epoch: 1 pq: 2 rg: 9 | total time: 18.36m | eta: 18.5m
step 01907/03814 (50.00%) | loss: 4.040836 | lrm: 0.78 | dt: 560.96ms | tok/sec: 95,834 | bf16_mfu: 0.00 | epoch: 1 pq: 2 rg: 9 | total time: 18.37m | eta: 18.5m
step 01908/03814 (50.03%) | loss: 4.048491 | lrm: 0.78 | dt: 570.31ms | tok/sec: 94,264 | bf16_mfu: 0.00 | epoch: 1 pq: 2 rg: 9 | total time: 18.38m | eta: 18.5m
step 01909/03814 (50.05%) | loss: 4.043963 | lrm: 0.78 | dt: 566.19ms | tok/sec: 94,949 | bf16_mfu: 0.00 | epoch: 1 pq: 2 rg: 9 | total time: 18.39m | eta: 18.4m
step 01910/03814 (50.08%) | loss: 4.022224 | lrm: 0.78 | dt: 579.63ms | tok/sec: 92,749 | bf16_mfu: 0.00 | epoch: 1 pq: 2 rg: 9 | total time: 18.40m | eta: 18.4m
step 01911/03814 (50.10%) | loss: 4.018161 | lrm: 0.78 | dt: 565.16ms | tok/sec: 95,123 | bf16_mfu: 0.00 | epoch: 1 pq: 2 rg: 9 | total time: 18.41m | eta: 18.4m
step 01912/03814 (50.13%) | loss: 4.009564 | lrm: 0.78 | dt: 563.37ms | tok/sec: 95,425 | bf16_mfu: 0.00 | epoch: 1 pq: 2 rg: 9 | total time: 18.42m | eta: 18.4m
step 01913/03814 (50.16%) | loss: 4.050254 | lrm: 0.78 | dt: 635.93ms | tok/sec: 84,537 | bf16_mfu: 0.00 | epoch: 1 pq: 2 rg: 10 | total time: 18.43m | eta: 18.4m
step 01914/03814 (50.18%) | loss: 4.052017 | lrm: 0.78 | dt: 617.32ms | tok/sec: 87,085 | bf16_mfu: 0.00 | epoch: 1 pq: 2 rg: 10 | total time: 18.44m | eta: 18.4m
step 01915/03814 (50.21%) | loss: 4.045408 | lrm: 0.78 | dt: 561.05ms | tok/sec: 95,819 | bf16_mfu: 0.00 | epoch: 1 pq: 2 rg: 10 | total time: 18.45m | eta: 18.4m
step 01916/03814 (50.24%) | loss: 4.038660 | lrm: 0.78 | dt: 563.74ms | tok/sec: 95,363 | bf16_mfu: 0.00 | epoch: 1 pq: 2 rg: 10 | total time: 18.46m | eta: 18.4m
step 01917/03814 (50.26%) | loss: 4.029915 | lrm: 0.78 | dt: 563.94ms | tok/sec: 95,329 | bf16_mfu: 0.00 | epoch: 1 pq: 2 rg: 10 | total time: 18.47m | eta: 18.4m
step 01918/03814 (50.29%) | loss: 4.040714 | lrm: 0.78 | dt: 565.18ms | tok/sec: 95,119 | bf16_mfu: 0.00 | epoch: 1 pq: 2 rg: 10 | total time: 18.47m | eta: 18.4m
step 01919/03814 (50.31%) | loss: 4.061592 | lrm: 0.78 | dt: 566.08ms | tok/sec: 94,969 | bf16_mfu: 0.00 | epoch: 1 pq: 2 rg: 10 | total time: 18.48m | eta: 18.3m
step 01920/03814 (50.34%) | loss: 4.073712 | lrm: 0.78 | dt: 559.42ms | tok/sec: 96,099 | bf16_mfu: 0.00 | epoch: 1 pq: 2 rg: 10 | total time: 18.49m | eta: 18.3m
step 01921/03814 (50.37%) | loss: 4.077292 | lrm: 0.78 | dt: 560.11ms | tok/sec: 95,980 | bf16_mfu: 0.00 | epoch: 1 pq: 2 rg: 10 | total time: 18.50m | eta: 18.3m
step 01922/03814 (50.39%) | loss: 4.063601 | lrm: 0.78 | dt: 560.65ms | tok/sec: 95,888 | bf16_mfu: 0.00 | epoch: 1 pq: 2 rg: 11 | total time: 18.51m | eta: 18.3m
step 01923/03814 (50.42%) | loss: 4.044947 | lrm: 0.77 | dt: 558.48ms | tok/sec: 96,260 | bf16_mfu: 0.00 | epoch: 1 pq: 2 rg: 11 | total time: 18.52m | eta: 18.3m
step 01924/03814 (50.45%) | loss: 4.036427 | lrm: 0.77 | dt: 562.44ms | tok/sec: 95,582 | bf16_mfu: 0.00 | epoch: 1 pq: 2 rg: 11 | total time: 18.53m | eta: 18.3m
step 01925/03814 (50.47%) | loss: 4.056388 | lrm: 0.77 | dt: 562.20ms | tok/sec: 95,624 | bf16_mfu: 0.00 | epoch: 1 pq: 2 rg: 11 | total time: 18.54m | eta: 18.3m
step 01926/03814 (50.50%) | loss: 4.065160 | lrm: 0.77 | dt: 559.74ms | tok/sec: 96,044 | bf16_mfu: 0.00 | epoch: 1 pq: 2 rg: 11 | total time: 18.55m | eta: 18.3m
step 01927/03814 (50.52%) | loss: 4.070457 | lrm: 0.77 | dt: 560.57ms | tok/sec: 95,902 | bf16_mfu: 0.00 | epoch: 1 pq: 2 rg: 11 | total time: 18.56m | eta: 18.3m
step 01928/03814 (50.55%) | loss: 4.058092 | lrm: 0.77 | dt: 561.73ms | tok/sec: 95,703 | bf16_mfu: 0.00 | epoch: 1 pq: 2 rg: 11 | total time: 18.57m | eta: 18.3m
step 01929/03814 (50.58%) | loss: 4.026865 | lrm: 0.77 | dt: 606.33ms | tok/sec: 88,664 | bf16_mfu: 0.00 | epoch: 1 pq: 2 rg: 11 | total time: 18.58m | eta: 18.2m
step 01930/03814 (50.60%) | loss: 4.021289 | lrm: 0.77 | dt: 563.03ms | tok/sec: 95,483 | bf16_mfu: 0.00 | epoch: 1 pq: 2 rg: 11 | total time: 18.59m | eta: 18.2m
step 01931/03814 (50.63%) | loss: 4.012657 | lrm: 0.77 | dt: 559.73ms | tok/sec: 96,046 | bf16_mfu: 0.00 | epoch: 1 pq: 2 rg: 11 | total time: 18.60m | eta: 18.2m
step 01932/03814 (50.66%) | loss: 4.041928 | lrm: 0.77 | dt: 969.39ms | tok/sec: 55,457 | bf16_mfu: 0.00 | epoch: 1 pq: 2 rg: 12 | total time: 18.61m | eta: 18.2m
step 01933/03814 (50.68%) | loss: 4.065414 | lrm: 0.77 | dt: 563.34ms | tok/sec: 95,430 | bf16_mfu: 0.00 | epoch: 1 pq: 2 rg: 12 | total time: 18.62m | eta: 18.2m
step 01934/03814 (50.71%) | loss: 4.057795 | lrm: 0.77 | dt: 566.94ms | tok/sec: 94,825 | bf16_mfu: 0.00 | epoch: 1 pq: 2 rg: 12 | total time: 18.63m | eta: 18.2m
step 01935/03814 (50.73%) | loss: 4.030876 | lrm: 0.77 | dt: 558.74ms | tok/sec: 96,217 | bf16_mfu: 0.00 | epoch: 1 pq: 2 rg: 12 | total time: 18.64m | eta: 18.2m
step 01936/03814 (50.76%) | loss: 4.013827 | lrm: 0.77 | dt: 561.47ms | tok/sec: 95,749 | bf16_mfu: 0.00 | epoch: 1 pq: 2 rg: 12 | total time: 18.65m | eta: 18.2m
step 01937/03814 (50.79%) | loss: 4.024004 | lrm: 0.77 | dt: 563.50ms | tok/sec: 95,403 | bf16_mfu: 0.00 | epoch: 1 pq: 2 rg: 12 | total time: 18.66m | eta: 18.2m
step 01938/03814 (50.81%) | loss: 4.012745 | lrm: 0.77 | dt: 563.48ms | tok/sec: 95,406 | bf16_mfu: 0.00 | epoch: 1 pq: 2 rg: 12 | total time: 18.67m | eta: 18.2m
step 01939/03814 (50.84%) | loss: 4.009082 | lrm: 0.77 | dt: 610.00ms | tok/sec: 88,131 | bf16_mfu: 0.00 | epoch: 1 pq: 2 rg: 12 | total time: 18.68m | eta: 18.2m
step 01940/03814 (50.87%) | loss: 4.008452 | lrm: 0.77 | dt: 583.76ms | tok/sec: 92,092 | bf16_mfu: 0.00 | epoch: 1 pq: 2 rg: 12 | total time: 18.69m | eta: 18.1m
step 01941/03814 (50.89%) | loss: 3.984562 | lrm: 0.77 | dt: 558.79ms | tok/sec: 96,207 | bf16_mfu: 0.00 | epoch: 1 pq: 2 rg: 13 | total time: 18.70m | eta: 18.1m
step 01942/03814 (50.92%) | loss: 3.971822 | lrm: 0.77 | dt: 562.22ms | tok/sec: 95,620 | bf16_mfu: 0.00 | epoch: 1 pq: 2 rg: 13 | total time: 18.71m | eta: 18.1m
step 01943/03814 (50.94%) | loss: 3.981670 | lrm: 0.77 | dt: 566.34ms | tok/sec: 94,925 | bf16_mfu: 0.00 | epoch: 1 pq: 2 rg: 13 | total time: 18.72m | eta: 18.1m
step 01944/03814 (50.97%) | loss: 3.979937 | lrm: 0.77 | dt: 560.76ms | tok/sec: 95,869 | bf16_mfu: 0.00 | epoch: 1 pq: 2 rg: 13 | total time: 18.73m | eta: 18.1m
step 01945/03814 (51.00%) | loss: 3.988600 | lrm: 0.77 | dt: 559.47ms | tok/sec: 96,090 | bf16_mfu: 0.00 | epoch: 1 pq: 2 rg: 13 | total time: 18.74m | eta: 18.1m
step 01946/03814 (51.02%) | loss: 3.990942 | lrm: 0.77 | dt: 561.01ms | tok/sec: 95,827 | bf16_mfu: 0.00 | epoch: 1 pq: 2 rg: 13 | total time: 18.75m | eta: 18.1m
step 01947/03814 (51.05%) | loss: 3.979178 | lrm: 0.77 | dt: 568.34ms | tok/sec: 94,591 | bf16_mfu: 0.00 | epoch: 1 pq: 2 rg: 13 | total time: 18.75m | eta: 18.1m
step 01948/03814 (51.07%) | loss: 3.959158 | lrm: 0.77 | dt: 559.71ms | tok/sec: 96,050 | bf16_mfu: 0.00 | epoch: 1 pq: 2 rg: 13 | total time: 18.76m | eta: 18.1m
step 01949/03814 (51.10%) | loss: 3.934463 | lrm: 0.76 | dt: 554.70ms | tok/sec: 96,917 | bf16_mfu: 0.00 | epoch: 1 pq: 2 rg: 13 | total time: 18.77m | eta: 18.1m
step 01950/03814 (51.13%) | loss: 3.940031 | lrm: 0.76 | dt: 670.33ms | tok/sec: 80,199 | bf16_mfu: 0.00 | epoch: 1 pq: 2 rg: 13 | total time: 18.78m | eta: 18.0m
step 01951/03814 (51.15%) | loss: 3.958343 | lrm: 0.76 | dt: 650.21ms | tok/sec: 82,681 | bf16_mfu: 0.00 | epoch: 1 pq: 2 rg: 14 | total time: 18.80m | eta: 18.0m
step 01952/03814 (51.18%) | loss: 3.984084 | lrm: 0.76 | dt: 626.55ms | tok/sec: 85,803 | bf16_mfu: 0.00 | epoch: 1 pq: 2 rg: 14 | total time: 18.81m | eta: 18.0m
step 01953/03814 (51.21%) | loss: 3.974036 | lrm: 0.76 | dt: 560.64ms | tok/sec: 95,890 | bf16_mfu: 0.00 | epoch: 1 pq: 2 rg: 14 | total time: 18.82m | eta: 18.0m
step 01954/03814 (51.23%) | loss: 3.962535 | lrm: 0.76 | dt: 562.37ms | tok/sec: 95,595 | bf16_mfu: 0.00 | epoch: 1 pq: 2 rg: 14 | total time: 18.82m | eta: 18.0m
step 01955/03814 (51.26%) | loss: 3.957988 | lrm: 0.76 | dt: 560.66ms | tok/sec: 95,887 | bf16_mfu: 0.00 | epoch: 1 pq: 2 rg: 14 | total time: 18.83m | eta: 18.0m
step 01956/03814 (51.28%) | loss: 3.991302 | lrm: 0.76 | dt: 559.48ms | tok/sec: 96,088 | bf16_mfu: 0.00 | epoch: 1 pq: 2 rg: 14 | total time: 18.84m | eta: 18.0m
step 01957/03814 (51.31%) | loss: 4.020732 | lrm: 0.76 | dt: 574.25ms | tok/sec: 93,616 | bf16_mfu: 0.00 | epoch: 1 pq: 2 rg: 14 | total time: 18.85m | eta: 18.0m
step 01958/03814 (51.34%) | loss: 4.040889 | lrm: 0.76 | dt: 558.40ms | tok/sec: 96,275 | bf16_mfu: 0.00 | epoch: 1 pq: 2 rg: 14 | total time: 18.86m | eta: 18.0m
step 01959/03814 (51.36%) | loss: 4.026313 | lrm: 0.76 | dt: 562.43ms | tok/sec: 95,584 | bf16_mfu: 0.00 | epoch: 1 pq: 2 rg: 14 | total time: 18.87m | eta: 18.0m
step 01960/03814 (51.39%) | loss: 4.008433 | lrm: 0.76 | dt: 726.80ms | tok/sec: 73,968 | bf16_mfu: 0.00 | epoch: 1 pq: 2 rg: 15 | total time: 18.88m | eta: 18.0m
step 01961/03814 (51.42%) | loss: 4.001752 | lrm: 0.76 | dt: 561.44ms | tok/sec: 95,754 | bf16_mfu: 0.00 | epoch: 1 pq: 2 rg: 15 | total time: 18.89m | eta: 17.9m
step 01962/03814 (51.44%) | loss: 4.003660 | lrm: 0.76 | dt: 561.26ms | tok/sec: 95,785 | bf16_mfu: 0.00 | epoch: 1 pq: 2 rg: 15 | total time: 18.90m | eta: 17.9m
step 01963/03814 (51.47%) | loss: 3.996935 | lrm: 0.76 | dt: 559.61ms | tok/sec: 96,067 | bf16_mfu: 0.00 | epoch: 1 pq: 2 rg: 15 | total time: 18.91m | eta: 17.9m
step 01964/03814 (51.49%) | loss: 4.015830 | lrm: 0.76 | dt: 739.36ms | tok/sec: 72,711 | bf16_mfu: 0.00 | epoch: 1 pq: 2 rg: 15 | total time: 18.92m | eta: 17.9m
step 01965/03814 (51.52%) | loss: 4.032857 | lrm: 0.76 | dt: 629.66ms | tok/sec: 85,379 | bf16_mfu: 0.00 | epoch: 1 pq: 2 rg: 15 | total time: 18.93m | eta: 17.9m
step 01966/03814 (51.55%) | loss: 4.016726 | lrm: 0.76 | dt: 813.34ms | tok/sec: 66,098 | bf16_mfu: 0.00 | epoch: 1 pq: 2 rg: 15 | total time: 18.95m | eta: 17.9m
step 01967/03814 (51.57%) | loss: 3.997379 | lrm: 0.76 | dt: 558.88ms | tok/sec: 96,192 | bf16_mfu: 0.00 | epoch: 1 pq: 2 rg: 15 | total time: 18.96m | eta: 17.9m
step 01968/03814 (51.60%) | loss: 3.988414 | lrm: 0.76 | dt: 560.91ms | tok/sec: 95,844 | bf16_mfu: 0.00 | epoch: 1 pq: 2 rg: 15 | total time: 18.97m | eta: 17.9m
step 01969/03814 (51.63%) | loss: 3.976067 | lrm: 0.76 | dt: 560.25ms | tok/sec: 95,957 | bf16_mfu: 0.00 | epoch: 1 pq: 2 rg: 15 | total time: 18.98m | eta: 17.9m
step 01970/03814 (51.65%) | loss: 3.970304 | lrm: 0.76 | dt: 581.19ms | tok/sec: 92,500 | bf16_mfu: 0.00 | epoch: 1 pq: 2 rg: 16 | total time: 18.99m | eta: 17.9m
step 01971/03814 (51.68%) | loss: 3.959185 | lrm: 0.76 | dt: 557.91ms | tok/sec: 96,359 | bf16_mfu: 0.00 | epoch: 1 pq: 2 rg: 16 | total time: 19.00m | eta: 17.9m
step 01972/03814 (51.70%) | loss: 3.989457 | lrm: 0.76 | dt: 671.08ms | tok/sec: 80,109 | bf16_mfu: 0.00 | epoch: 1 pq: 2 rg: 16 | total time: 19.01m | eta: 17.8m
step 01973/03814 (51.73%) | loss: 4.021910 | lrm: 0.76 | dt: 614.02ms | tok/sec: 87,554 | bf16_mfu: 0.00 | epoch: 1 pq: 2 rg: 16 | total time: 19.02m | eta: 17.8m
step 01974/03814 (51.76%) | loss: 4.013650 | lrm: 0.76 | dt: 559.26ms | tok/sec: 96,126 | bf16_mfu: 0.00 | epoch: 1 pq: 2 rg: 16 | total time: 19.03m | eta: 17.8m
step 01975/03814 (51.78%) | loss: 3.995628 | lrm: 0.75 | dt: 559.05ms | tok/sec: 96,162 | bf16_mfu: 0.00 | epoch: 1 pq: 2 rg: 16 | total time: 19.04m | eta: 17.8m
step 01976/03814 (51.81%) | loss: 3.984561 | lrm: 0.75 | dt: 565.71ms | tok/sec: 95,031 | bf16_mfu: 0.00 | epoch: 1 pq: 2 rg: 16 | total time: 19.04m | eta: 17.8m
step 01977/03814 (51.84%) | loss: 3.989791 | lrm: 0.75 | dt: 560.87ms | tok/sec: 95,851 | bf16_mfu: 0.00 | epoch: 1 pq: 2 rg: 16 | total time: 19.05m | eta: 17.8m
step 01978/03814 (51.86%) | loss: 3.996731 | lrm: 0.75 | dt: 939.69ms | tok/sec: 57,210 | bf16_mfu: 0.00 | epoch: 1 pq: 2 rg: 16 | total time: 19.07m | eta: 17.8m
step 01979/03814 (51.89%) | loss: 4.017502 | lrm: 0.75 | dt: 826.78ms | tok/sec: 65,023 | bf16_mfu: 0.00 | epoch: 1 pq: 2 rg: 17 | total time: 19.08m | eta: 17.8m
step 01980/03814 (51.91%) | loss: 4.005798 | lrm: 0.75 | dt: 573.50ms | tok/sec: 93,739 | bf16_mfu: 0.00 | epoch: 1 pq: 2 rg: 17 | total time: 19.09m | eta: 17.8m
step 01981/03814 (51.94%) | loss: 3.979624 | lrm: 0.75 | dt: 564.62ms | tok/sec: 95,214 | bf16_mfu: 0.00 | epoch: 1 pq: 2 rg: 17 | total time: 19.10m | eta: 17.8m
step 01982/03814 (51.97%) | loss: 3.969681 | lrm: 0.75 | dt: 555.88ms | tok/sec: 96,710 | bf16_mfu: 0.00 | epoch: 1 pq: 2 rg: 17 | total time: 19.11m | eta: 17.8m
step 01983/03814 (51.99%) | loss: 3.961095 | lrm: 0.75 | dt: 561.00ms | tok/sec: 95,829 | bf16_mfu: 0.00 | epoch: 1 pq: 2 rg: 17 | total time: 19.12m | eta: 17.7m
step 01984/03814 (52.02%) | loss: 3.962691 | lrm: 0.75 | dt: 695.71ms | tok/sec: 77,273 | bf16_mfu: 0.00 | epoch: 1 pq: 2 rg: 17 | total time: 19.13m | eta: 17.7m
step 01985/03814 (52.05%) | loss: 3.970351 | lrm: 0.75 | dt: 583.13ms | tok/sec: 92,192 | bf16_mfu: 0.00 | epoch: 1 pq: 2 rg: 17 | total time: 19.14m | eta: 17.7m
step 01986/03814 (52.07%) | loss: 3.988686 | lrm: 0.75 | dt: 560.21ms | tok/sec: 95,963 | bf16_mfu: 0.00 | epoch: 1 pq: 2 rg: 17 | total time: 19.15m | eta: 17.7m
step 01987/03814 (52.10%) | loss: 3.989682 | lrm: 0.75 | dt: 554.58ms | tok/sec: 96,937 | bf16_mfu: 0.00 | epoch: 1 pq: 2 rg: 17 | total time: 19.16m | eta: 17.7m
step 01988/03814 (52.12%) | loss: 3.976883 | lrm: 0.75 | dt: 803.11ms | tok/sec: 66,939 | bf16_mfu: 0.00 | epoch: 1 pq: 2 rg: 18 | total time: 19.17m | eta: 17.7m
step 01989/03814 (52.15%) | loss: 3.967447 | lrm: 0.75 | dt: 560.68ms | tok/sec: 95,884 | bf16_mfu: 0.00 | epoch: 1 pq: 2 rg: 18 | total time: 19.18m | eta: 17.7m
step 01990/03814 (52.18%) | loss: 3.949276 | lrm: 0.75 | dt: 558.62ms | tok/sec: 96,237 | bf16_mfu: 0.00 | epoch: 1 pq: 2 rg: 18 | total time: 19.19m | eta: 17.7m
step 01991/03814 (52.20%) | loss: 3.938727 | lrm: 0.75 | dt: 560.02ms | tok/sec: 95,996 | bf16_mfu: 0.00 | epoch: 1 pq: 2 rg: 18 | total time: 19.20m | eta: 17.7m
step 01992/03814 (52.23%) | loss: 3.928226 | lrm: 0.75 | dt: 596.46ms | tok/sec: 90,131 | bf16_mfu: 0.00 | epoch: 1 pq: 2 rg: 18 | total time: 19.21m | eta: 17.7m
step 01993/03814 (52.25%) | loss: 3.945650 | lrm: 0.75 | dt: 560.18ms | tok/sec: 95,969 | bf16_mfu: 0.00 | epoch: 1 pq: 2 rg: 18 | total time: 19.22m | eta: 17.7m
step 01994/03814 (52.28%) | loss: 3.971850 | lrm: 0.75 | dt: 611.89ms | tok/sec: 87,859 | bf16_mfu: 0.00 | epoch: 1 pq: 2 rg: 18 | total time: 19.23m | eta: 17.6m
step 01995/03814 (52.31%) | loss: 3.983681 | lrm: 0.75 | dt: 618.62ms | tok/sec: 86,903 | bf16_mfu: 0.00 | epoch: 1 pq: 2 rg: 18 | total time: 19.24m | eta: 17.6m
step 01996/03814 (52.33%) | loss: 3.975350 | lrm: 0.75 | dt: 561.20ms | tok/sec: 95,795 | bf16_mfu: 0.00 | epoch: 1 pq: 2 rg: 18 | total time: 19.25m | eta: 17.6m
step 01997/03814 (52.36%) | loss: 3.953430 | lrm: 0.75 | dt: 584.74ms | tok/sec: 91,938 | bf16_mfu: 0.00 | epoch: 1 pq: 2 rg: 19 | total time: 19.26m | eta: 17.6m
step 01998/03814 (52.39%) | loss: 3.933884 | lrm: 0.75 | dt: 560.30ms | tok/sec: 95,948 | bf16_mfu: 0.00 | epoch: 1 pq: 2 rg: 19 | total time: 19.27m | eta: 17.6m
step 01999/03814 (52.41%) | loss: 3.922933 | lrm: 0.75 | dt: 561.28ms | tok/sec: 95,780 | bf16_mfu: 0.00 | epoch: 1 pq: 2 rg: 19 | total time: 19.28m | eta: 17.6m
Step 02000 | Validation bpb: 0.853106
step 02000/03814 (52.44%) | loss: 3.949075 | lrm: 0.75 | dt: 559.61ms | tok/sec: 96,066 | bf16_mfu: 0.00 | epoch: 1 pq: 2 rg: 19 | total time: 19.29m | eta: 17.6m
step 02001/03814 (52.46%) | loss: 3.976673 | lrm: 0.74 | dt: 559.85ms | tok/sec: 96,026 | bf16_mfu: 0.00 | epoch: 1 pq: 2 rg: 19 | total time: 19.30m | eta: 17.6m
step 02002/03814 (52.49%) | loss: 3.995169 | lrm: 0.74 | dt: 554.31ms | tok/sec: 96,985 | bf16_mfu: 0.00 | epoch: 1 pq: 2 rg: 19 | total time: 19.31m | eta: 17.6m
step 02003/03814 (52.52%) | loss: 3.981196 | lrm: 0.74 | dt: 675.32ms | tok/sec: 79,606 | bf16_mfu: 0.00 | epoch: 1 pq: 2 rg: 19 | total time: 19.32m | eta: 17.6m
step 02004/03814 (52.54%) | loss: 3.953941 | lrm: 0.74 | dt: 559.22ms | tok/sec: 96,133 | bf16_mfu: 0.00 | epoch: 1 pq: 2 rg: 19 | total time: 19.33m | eta: 17.5m
step 02005/03814 (52.57%) | loss: 3.961929 | lrm: 0.74 | dt: 637.01ms | tok/sec: 84,394 | bf16_mfu: 0.00 | epoch: 1 pq: 2 rg: 19 | total time: 19.34m | eta: 17.5m
step 02006/03814 (52.60%) | loss: 3.983173 | lrm: 0.74 | dt: 559.50ms | tok/sec: 96,086 | bf16_mfu: 0.00 | epoch: 1 pq: 2 rg: 19 | total time: 19.35m | eta: 17.5m
step 02007/03814 (52.62%) | loss: 4.007848 | lrm: 0.74 | dt: 579.23ms | tok/sec: 92,812 | bf16_mfu: 0.00 | epoch: 1 pq: 2 rg: 20 | total time: 19.36m | eta: 17.5m
step 02008/03814 (52.65%) | loss: 3.990028 | lrm: 0.74 | dt: 637.57ms | tok/sec: 84,320 | bf16_mfu: 0.00 | epoch: 1 pq: 2 rg: 20 | total time: 19.37m | eta: 17.5m
step 02009/03814 (52.67%) | loss: 3.964861 | lrm: 0.74 | dt: 558.00ms | tok/sec: 96,344 | bf16_mfu: 0.00 | epoch: 1 pq: 2 rg: 20 | total time: 19.38m | eta: 17.5m
step 02010/03814 (52.70%) | loss: 3.973569 | lrm: 0.74 | dt: 560.73ms | tok/sec: 95,874 | bf16_mfu: 0.00 | epoch: 1 pq: 2 rg: 20 | total time: 19.39m | eta: 17.5m
step 02011/03814 (52.73%) | loss: 3.984588 | lrm: 0.74 | dt: 566.51ms | tok/sec: 94,896 | bf16_mfu: 0.00 | epoch: 1 pq: 2 rg: 20 | total time: 19.40m | eta: 17.5m
step 02012/03814 (52.75%) | loss: 4.013624 | lrm: 0.74 | dt: 567.16ms | tok/sec: 94,787 | bf16_mfu: 0.00 | epoch: 1 pq: 2 rg: 20 | total time: 19.41m | eta: 17.5m
step 02013/03814 (52.78%) | loss: 4.037026 | lrm: 0.74 | dt: 582.51ms | tok/sec: 92,290 | bf16_mfu: 0.00 | epoch: 1 pq: 2 rg: 20 | total time: 19.42m | eta: 17.5m
step 02014/03814 (52.81%) | loss: 4.032514 | lrm: 0.74 | dt: 568.71ms | tok/sec: 94,530 | bf16_mfu: 0.00 | epoch: 1 pq: 2 rg: 20 | total time: 19.43m | eta: 17.4m
step 02015/03814 (52.83%) | loss: 4.007091 | lrm: 0.74 | dt: 570.49ms | tok/sec: 94,234 | bf16_mfu: 0.00 | epoch: 1 pq: 2 rg: 20 | total time: 19.43m | eta: 17.4m
step 02016/03814 (52.86%) | loss: 3.994953 | lrm: 0.74 | dt: 759.39ms | tok/sec: 70,793 | bf16_mfu: 0.00 | epoch: 1 pq: 2 rg: 21 | total time: 19.45m | eta: 17.4m
step 02017/03814 (52.88%) | loss: 3.967103 | lrm: 0.74 | dt: 574.06ms | tok/sec: 93,648 | bf16_mfu: 0.00 | epoch: 1 pq: 2 rg: 21 | total time: 19.46m | eta: 17.4m
step 02018/03814 (52.91%) | loss: 3.981257 | lrm: 0.74 | dt: 573.41ms | tok/sec: 93,755 | bf16_mfu: 0.00 | epoch: 1 pq: 2 rg: 21 | total time: 19.47m | eta: 17.4m
step 02019/03814 (52.94%) | loss: 4.016381 | lrm: 0.74 | dt: 626.50ms | tok/sec: 85,809 | bf16_mfu: 0.00 | epoch: 1 pq: 2 rg: 21 | total time: 19.48m | eta: 17.4m
step 02020/03814 (52.96%) | loss: 4.035958 | lrm: 0.74 | dt: 569.27ms | tok/sec: 94,436 | bf16_mfu: 0.00 | epoch: 1 pq: 2 rg: 21 | total time: 19.49m | eta: 17.4m
step 02021/03814 (52.99%) | loss: 4.024333 | lrm: 0.74 | dt: 570.34ms | tok/sec: 94,259 | bf16_mfu: 0.00 | epoch: 1 pq: 2 rg: 21 | total time: 19.50m | eta: 17.4m
step 02022/03814 (53.02%) | loss: 4.016520 | lrm: 0.74 | dt: 581.08ms | tok/sec: 92,517 | bf16_mfu: 0.00 | epoch: 1 pq: 2 rg: 21 | total time: 19.51m | eta: 17.4m
step 02023/03814 (53.04%) | loss: 3.995504 | lrm: 0.74 | dt: 581.31ms | tok/sec: 92,480 | bf16_mfu: 0.00 | epoch: 1 pq: 2 rg: 21 | total time: 19.52m | eta: 17.4m
step 02024/03814 (53.07%) | loss: 4.004314 | lrm: 0.74 | dt: 572.66ms | tok/sec: 93,877 | bf16_mfu: 0.00 | epoch: 1 pq: 2 rg: 21 | total time: 19.52m | eta: 17.4m
step 02025/03814 (53.09%) | loss: 4.038726 | lrm: 0.74 | dt: 648.73ms | tok/sec: 82,869 | bf16_mfu: 0.00 | epoch: 1 pq: 2 rg: 21 | total time: 19.54m | eta: 17.3m
step 02026/03814 (53.12%) | loss: 4.028647 | lrm: 0.74 | dt: 641.56ms | tok/sec: 83,795 | bf16_mfu: 0.00 | epoch: 1 pq: 2 rg: 22 | total time: 19.55m | eta: 17.3m
step 02027/03814 (53.15%) | loss: 3.999967 | lrm: 0.73 | dt: 584.10ms | tok/sec: 92,039 | bf16_mfu: 0.00 | epoch: 1 pq: 2 rg: 22 | total time: 19.56m | eta: 17.3m
step 02028/03814 (53.17%) | loss: 4.008664 | lrm: 0.73 | dt: 659.28ms | tok/sec: 81,543 | bf16_mfu: 0.00 | epoch: 1 pq: 2 rg: 22 | total time: 19.57m | eta: 17.3m
step 02029/03814 (53.20%) | loss: 4.016569 | lrm: 0.73 | dt: 667.50ms | tok/sec: 80,539 | bf16_mfu: 0.00 | epoch: 1 pq: 2 rg: 22 | total time: 19.58m | eta: 17.3m
step 02030/03814 (53.22%) | loss: 4.036720 | lrm: 0.73 | dt: 611.19ms | tok/sec: 87,959 | bf16_mfu: 0.00 | epoch: 1 pq: 2 rg: 22 | total time: 19.59m | eta: 17.3m
step 02031/03814 (53.25%) | loss: 4.013555 | lrm: 0.73 | dt: 585.63ms | tok/sec: 91,798 | bf16_mfu: 0.00 | epoch: 1 pq: 2 rg: 22 | total time: 19.60m | eta: 17.3m
step 02032/03814 (53.28%) | loss: 4.009408 | lrm: 0.73 | dt: 586.38ms | tok/sec: 91,681 | bf16_mfu: 0.00 | epoch: 1 pq: 2 rg: 22 | total time: 19.61m | eta: 17.3m
step 02033/03814 (53.30%) | loss: 4.011379 | lrm: 0.73 | dt: 588.05ms | tok/sec: 91,420 | bf16_mfu: 0.00 | epoch: 1 pq: 2 rg: 22 | total time: 19.62m | eta: 17.3m
step 02034/03814 (53.33%) | loss: 4.042773 | lrm: 0.73 | dt: 583.51ms | tok/sec: 92,131 | bf16_mfu: 0.00 | epoch: 1 pq: 2 rg: 22 | total time: 19.63m | eta: 17.3m
step 02035/03814 (53.36%) | loss: 4.030962 | lrm: 0.73 | dt: 576.27ms | tok/sec: 93,289 | bf16_mfu: 0.00 | epoch: 1 pq: 2 rg: 22 | total time: 19.64m | eta: 17.3m
step 02036/03814 (53.38%) | loss: 4.009331 | lrm: 0.73 | dt: 641.63ms | tok/sec: 83,787 | bf16_mfu: 0.00 | epoch: 1 pq: 2 rg: 23 | total time: 19.65m | eta: 17.2m
step 02037/03814 (53.41%) | loss: 3.988539 | lrm: 0.73 | dt: 586.54ms | tok/sec: 91,656 | bf16_mfu: 0.00 | epoch: 1 pq: 2 rg: 23 | total time: 19.66m | eta: 17.2m
step 02038/03814 (53.43%) | loss: 3.971916 | lrm: 0.73 | dt: 592.66ms | tok/sec: 90,709 | bf16_mfu: 0.00 | epoch: 1 pq: 2 rg: 23 | total time: 19.67m | eta: 17.2m
step 02039/03814 (53.46%) | loss: 3.984595 | lrm: 0.73 | dt: 763.53ms | tok/sec: 70,409 | bf16_mfu: 0.00 | epoch: 1 pq: 2 rg: 23 | total time: 19.68m | eta: 17.2m
step 02040/03814 (53.49%) | loss: 3.993932 | lrm: 0.73 | dt: 582.76ms | tok/sec: 92,250 | bf16_mfu: 0.00 | epoch: 1 pq: 2 rg: 23 | total time: 19.69m | eta: 17.2m
step 02041/03814 (53.51%) | loss: 4.002990 | lrm: 0.73 | dt: 572.12ms | tok/sec: 93,965 | bf16_mfu: 0.00 | epoch: 1 pq: 2 rg: 23 | total time: 19.70m | eta: 17.2m
step 02042/03814 (53.54%) | loss: 3.977522 | lrm: 0.73 | dt: 597.05ms | tok/sec: 90,043 | bf16_mfu: 0.00 | epoch: 1 pq: 2 rg: 23 | total time: 19.71m | eta: 17.2m
step 02043/03814 (53.57%) | loss: 3.963693 | lrm: 0.73 | dt: 574.04ms | tok/sec: 93,652 | bf16_mfu: 0.00 | epoch: 1 pq: 2 rg: 23 | total time: 19.72m | eta: 17.2m
step 02044/03814 (53.59%) | loss: 3.943173 | lrm: 0.73 | dt: 567.51ms | tok/sec: 94,729 | bf16_mfu: 0.00 | epoch: 1 pq: 2 rg: 23 | total time: 19.73m | eta: 17.2m
step 02045/03814 (53.62%) | loss: 3.948734 | lrm: 0.73 | dt: 565.55ms | tok/sec: 95,057 | bf16_mfu: 0.00 | epoch: 1 pq: 2 rg: 23 | total time: 19.74m | eta: 17.2m
step 02046/03814 (53.64%) | loss: 3.948370 | lrm: 0.73 | dt: 567.93ms | tok/sec: 94,658 | bf16_mfu: 0.00 | epoch: 1 pq: 2 rg: 24 | total time: 19.75m | eta: 17.1m
step 02047/03814 (53.67%) | loss: 3.945024 | lrm: 0.73 | dt: 567.09ms | tok/sec: 94,799 | bf16_mfu: 0.00 | epoch: 1 pq: 2 rg: 24 | total time: 19.76m | eta: 17.1m
step 02048/03814 (53.70%) | loss: 3.934186 | lrm: 0.73 | dt: 606.63ms | tok/sec: 88,620 | bf16_mfu: 0.00 | epoch: 1 pq: 2 rg: 24 | total time: 19.77m | eta: 17.1m
step 02049/03814 (53.72%) | loss: 3.910062 | lrm: 0.73 | dt: 576.30ms | tok/sec: 93,285 | bf16_mfu: 0.00 | epoch: 1 pq: 2 rg: 24 | total time: 19.78m | eta: 17.1m
step 02050/03814 (53.75%) | loss: 3.888033 | lrm: 0.73 | dt: 571.67ms | tok/sec: 94,039 | bf16_mfu: 0.00 | epoch: 1 pq: 2 rg: 24 | total time: 19.79m | eta: 17.1m
step 02051/03814 (53.78%) | loss: 3.902623 | lrm: 0.73 | dt: 569.67ms | tok/sec: 94,370 | bf16_mfu: 0.00 | epoch: 1 pq: 2 rg: 24 | total time: 19.80m | eta: 17.1m
step 02052/03814 (53.80%) | loss: 3.934143 | lrm: 0.73 | dt: 566.84ms | tok/sec: 94,840 | bf16_mfu: 0.00 | epoch: 1 pq: 2 rg: 24 | total time: 19.80m | eta: 17.1m
step 02053/03814 (53.83%) | loss: 3.912952 | lrm: 0.72 | dt: 663.94ms | tok/sec: 80,971 | bf16_mfu: 0.00 | epoch: 1 pq: 2 rg: 24 | total time: 19.82m | eta: 17.1m
step 02054/03814 (53.85%) | loss: 3.908809 | lrm: 0.72 | dt: 567.89ms | tok/sec: 94,666 | bf16_mfu: 0.00 | epoch: 1 pq: 2 rg: 24 | total time: 19.83m | eta: 17.1m
step 02055/03814 (53.88%) | loss: 3.894431 | lrm: 0.72 | dt: 627.28ms | tok/sec: 85,703 | bf16_mfu: 0.00 | epoch: 1 pq: 2 rg: 25 | total time: 19.84m | eta: 17.1m
step 02056/03814 (53.91%) | loss: 3.881665 | lrm: 0.72 | dt: 565.72ms | tok/sec: 95,029 | bf16_mfu: 0.00 | epoch: 1 pq: 2 rg: 25 | total time: 19.85m | eta: 17.1m
step 02057/03814 (53.93%) | loss: 3.887626 | lrm: 0.72 | dt: 598.38ms | tok/sec: 89,842 | bf16_mfu: 0.00 | epoch: 1 pq: 2 rg: 25 | total time: 19.86m | eta: 17.0m
step 02058/03814 (53.96%) | loss: 3.912504 | lrm: 0.72 | dt: 560.05ms | tok/sec: 95,991 | bf16_mfu: 0.00 | epoch: 1 pq: 2 rg: 25 | total time: 19.86m | eta: 17.0m
step 02059/03814 (53.99%) | loss: 3.932920 | lrm: 0.72 | dt: 559.40ms | tok/sec: 96,102 | bf16_mfu: 0.00 | epoch: 1 pq: 2 rg: 25 | total time: 19.87m | eta: 17.0m
step 02060/03814 (54.01%) | loss: 3.946182 | lrm: 0.72 | dt: 565.21ms | tok/sec: 95,114 | bf16_mfu: 0.00 | epoch: 1 pq: 2 rg: 25 | total time: 19.88m | eta: 17.0m
step 02061/03814 (54.04%) | loss: 3.923869 | lrm: 0.72 | dt: 620.03ms | tok/sec: 86,706 | bf16_mfu: 0.00 | epoch: 1 pq: 2 rg: 25 | total time: 19.89m | eta: 17.0m
step 02062/03814 (54.06%) | loss: 3.902318 | lrm: 0.72 | dt: 560.90ms | tok/sec: 95,846 | bf16_mfu: 0.00 | epoch: 1 pq: 2 rg: 25 | total time: 19.90m | eta: 17.0m
step 02063/03814 (54.09%) | loss: 3.926356 | lrm: 0.72 | dt: 571.04ms | tok/sec: 94,143 | bf16_mfu: 0.00 | epoch: 1 pq: 2 rg: 25 | total time: 19.91m | eta: 17.0m
step 02064/03814 (54.12%) | loss: 3.952108 | lrm: 0.72 | dt: 580.35ms | tok/sec: 92,633 | bf16_mfu: 0.00 | epoch: 1 pq: 2 rg: 25 | total time: 19.92m | eta: 17.0m
step 02065/03814 (54.14%) | loss: 3.956366 | lrm: 0.72 | dt: 601.02ms | tok/sec: 89,448 | bf16_mfu: 0.00 | epoch: 1 pq: 2 rg: 26 | total time: 19.93m | eta: 17.0m
step 02066/03814 (54.17%) | loss: 3.939634 | lrm: 0.72 | dt: 560.78ms | tok/sec: 95,865 | bf16_mfu: 0.00 | epoch: 1 pq: 2 rg: 26 | total time: 19.94m | eta: 17.0m
step 02067/03814 (54.20%) | loss: 3.927728 | lrm: 0.72 | dt: 558.49ms | tok/sec: 96,259 | bf16_mfu: 0.00 | epoch: 1 pq: 2 rg: 26 | total time: 19.95m | eta: 16.9m
step 02068/03814 (54.22%) | loss: 3.934550 | lrm: 0.72 | dt: 561.78ms | tok/sec: 95,695 | bf16_mfu: 0.00 | epoch: 1 pq: 2 rg: 26 | total time: 19.96m | eta: 16.9m
step 02069/03814 (54.25%) | loss: 3.952402 | lrm: 0.72 | dt: 556.15ms | tok/sec: 96,664 | bf16_mfu: 0.00 | epoch: 1 pq: 2 rg: 26 | total time: 19.97m | eta: 16.9m
step 02070/03814 (54.27%) | loss: 3.960939 | lrm: 0.72 | dt: 557.39ms | tok/sec: 96,449 | bf16_mfu: 0.00 | epoch: 1 pq: 2 rg: 26 | total time: 19.98m | eta: 16.9m
step 02071/03814 (54.30%) | loss: 3.952174 | lrm: 0.72 | dt: 690.76ms | tok/sec: 77,827 | bf16_mfu: 0.00 | epoch: 1 pq: 2 rg: 26 | total time: 19.99m | eta: 16.9m
step 02072/03814 (54.33%) | loss: 3.944815 | lrm: 0.72 | dt: 573.73ms | tok/sec: 93,702 | bf16_mfu: 0.00 | epoch: 1 pq: 2 rg: 26 | total time: 20.00m | eta: 16.9m
step 02073/03814 (54.35%) | loss: 3.931858 | lrm: 0.72 | dt: 560.55ms | tok/sec: 95,905 | bf16_mfu: 0.00 | epoch: 1 pq: 2 rg: 26 | total time: 20.01m | eta: 16.9m
step 02074/03814 (54.38%) | loss: 3.925644 | lrm: 0.72 | dt: 556.55ms | tok/sec: 96,594 | bf16_mfu: 0.00 | epoch: 1 pq: 2 rg: 26 | total time: 20.02m | eta: 16.9m
step 02075/03814 (54.40%) | loss: 3.931781 | lrm: 0.72 | dt: 558.80ms | tok/sec: 96,206 | bf16_mfu: 0.00 | epoch: 1 pq: 2 rg: 27 | total time: 20.03m | eta: 16.9m
step 02076/03814 (54.43%) | loss: 3.947021 | lrm: 0.72 | dt: 555.89ms | tok/sec: 96,710 | bf16_mfu: 0.00 | epoch: 1 pq: 2 rg: 27 | total time: 20.04m | eta: 16.9m
step 02077/03814 (54.46%) | loss: 3.945664 | lrm: 0.72 | dt: 557.39ms | tok/sec: 96,449 | bf16_mfu: 0.00 | epoch: 1 pq: 2 rg: 27 | total time: 20.05m | eta: 16.8m
step 02078/03814 (54.48%) | loss: 3.929953 | lrm: 0.72 | dt: 553.95ms | tok/sec: 97,048 | bf16_mfu: 0.00 | epoch: 1 pq: 2 rg: 27 | total time: 20.06m | eta: 16.8m
step 02079/03814 (54.51%) | loss: 3.922358 | lrm: 0.71 | dt: 557.28ms | tok/sec: 96,467 | bf16_mfu: 0.00 | epoch: 1 pq: 2 rg: 27 | total time: 20.06m | eta: 16.8m
step 02080/03814 (54.54%) | loss: 3.926071 | lrm: 0.71 | dt: 554.81ms | tok/sec: 96,898 | bf16_mfu: 0.00 | epoch: 1 pq: 2 rg: 27 | total time: 20.07m | eta: 16.8m
step 02081/03814 (54.56%) | loss: 3.944775 | lrm: 0.71 | dt: 559.77ms | tok/sec: 96,038 | bf16_mfu: 0.00 | epoch: 1 pq: 2 rg: 27 | total time: 20.08m | eta: 16.8m
step 02082/03814 (54.59%) | loss: 3.959722 | lrm: 0.71 | dt: 555.05ms | tok/sec: 96,856 | bf16_mfu: 0.00 | epoch: 1 pq: 2 rg: 27 | total time: 20.09m | eta: 16.8m
step 02083/03814 (54.61%) | loss: 3.949844 | lrm: 0.71 | dt: 557.70ms | tok/sec: 96,396 | bf16_mfu: 0.00 | epoch: 1 pq: 2 rg: 27 | total time: 20.10m | eta: 16.8m
step 02084/03814 (54.64%) | loss: 3.937086 | lrm: 0.71 | dt: 556.05ms | tok/sec: 96,682 | bf16_mfu: 0.00 | epoch: 1 pq: 2 rg: 28 | total time: 20.11m | eta: 16.8m
step 02085/03814 (54.67%) | loss: 3.916232 | lrm: 0.71 | dt: 555.04ms | tok/sec: 96,858 | bf16_mfu: 0.00 | epoch: 1 pq: 2 rg: 28 | total time: 20.12m | eta: 16.8m
step 02086/03814 (54.69%) | loss: 3.913465 | lrm: 0.71 | dt: 819.47ms | tok/sec: 65,603 | bf16_mfu: 0.00 | epoch: 1 pq: 2 rg: 28 | total time: 20.13m | eta: 16.8m
step 02087/03814 (54.72%) | loss: 3.943879 | lrm: 0.71 | dt: 558.14ms | tok/sec: 96,320 | bf16_mfu: 0.00 | epoch: 1 pq: 2 rg: 28 | total time: 20.14m | eta: 16.7m
step 02088/03814 (54.75%) | loss: 3.933626 | lrm: 0.71 | dt: 554.51ms | tok/sec: 96,949 | bf16_mfu: 0.00 | epoch: 1 pq: 2 rg: 28 | total time: 20.15m | eta: 16.7m
step 02089/03814 (54.77%) | loss: 3.926089 | lrm: 0.71 | dt: 554.33ms | tok/sec: 96,982 | bf16_mfu: 0.00 | epoch: 1 pq: 2 rg: 28 | total time: 20.16m | eta: 16.7m
step 02090/03814 (54.80%) | loss: 3.910859 | lrm: 0.71 | dt: 565.07ms | tok/sec: 95,137 | bf16_mfu: 0.00 | epoch: 1 pq: 2 rg: 28 | total time: 20.17m | eta: 16.7m
step 02091/03814 (54.82%) | loss: 3.920917 | lrm: 0.71 | dt: 620.47ms | tok/sec: 86,644 | bf16_mfu: 0.00 | epoch: 1 pq: 2 rg: 28 | total time: 20.18m | eta: 16.7m
step 02092/03814 (54.85%) | loss: 3.951462 | lrm: 0.71 | dt: 608.30ms | tok/sec: 88,377 | bf16_mfu: 0.00 | epoch: 1 pq: 2 rg: 28 | total time: 20.19m | eta: 16.7m
step 02093/03814 (54.88%) | loss: 3.944956 | lrm: 0.71 | dt: 556.38ms | tok/sec: 96,624 | bf16_mfu: 0.00 | epoch: 1 pq: 2 rg: 28 | total time: 20.20m | eta: 16.7m
step 02094/03814 (54.90%) | loss: 3.930058 | lrm: 0.71 | dt: 591.38ms | tok/sec: 90,905 | bf16_mfu: 0.00 | epoch: 1 pq: 2 rg: 29 | total time: 20.21m | eta: 16.7m
step 02095/03814 (54.93%) | loss: 3.907761 | lrm: 0.71 | dt: 560.70ms | tok/sec: 95,880 | bf16_mfu: 0.00 | epoch: 1 pq: 2 rg: 29 | total time: 20.22m | eta: 16.7m
step 02096/03814 (54.96%) | loss: 3.901731 | lrm: 0.71 | dt: 557.72ms | tok/sec: 96,393 | bf16_mfu: 0.00 | epoch: 1 pq: 2 rg: 29 | total time: 20.23m | eta: 16.7m
step 02097/03814 (54.98%) | loss: 3.913178 | lrm: 0.71 | dt: 556.64ms | tok/sec: 96,579 | bf16_mfu: 0.00 | epoch: 1 pq: 2 rg: 29 | total time: 20.24m | eta: 16.7m
step 02098/03814 (55.01%) | loss: 3.946410 | lrm: 0.71 | dt: 558.14ms | tok/sec: 96,320 | bf16_mfu: 0.00 | epoch: 1 pq: 2 rg: 29 | total time: 20.25m | eta: 16.6m
step 02099/03814 (55.03%) | loss: 3.919720 | lrm: 0.71 | dt: 561.70ms | tok/sec: 95,708 | bf16_mfu: 0.00 | epoch: 1 pq: 2 rg: 29 | total time: 20.26m | eta: 16.6m
step 02100/03814 (55.06%) | loss: 3.908512 | lrm: 0.71 | dt: 561.95ms | tok/sec: 95,666 | bf16_mfu: 0.00 | epoch: 1 pq: 2 rg: 29 | total time: 20.27m | eta: 16.6m
step 02101/03814 (55.09%) | loss: 3.892814 | lrm: 0.71 | dt: 556.55ms | tok/sec: 96,594 | bf16_mfu: 0.00 | epoch: 1 pq: 2 rg: 29 | total time: 20.28m | eta: 16.6m
step 02102/03814 (55.11%) | loss: 3.889107 | lrm: 0.71 | dt: 554.02ms | tok/sec: 97,036 | bf16_mfu: 0.00 | epoch: 1 pq: 2 rg: 29 | total time: 20.29m | eta: 16.6m
step 02103/03814 (55.14%) | loss: 3.903305 | lrm: 0.71 | dt: 557.81ms | tok/sec: 96,376 | bf16_mfu: 0.00 | epoch: 1 pq: 2 rg: 29 | total time: 20.29m | eta: 16.6m
step 02104/03814 (55.17%) | loss: 3.903153 | lrm: 0.71 | dt: 570.79ms | tok/sec: 94,184 | bf16_mfu: 0.00 | epoch: 1 pq: 2 rg: 30 | total time: 20.30m | eta: 16.6m
step 02105/03814 (55.19%) | loss: 3.910928 | lrm: 0.70 | dt: 614.40ms | tok/sec: 87,499 | bf16_mfu: 0.00 | epoch: 1 pq: 2 rg: 30 | total time: 20.31m | eta: 16.6m
step 02106/03814 (55.22%) | loss: 3.893903 | lrm: 0.70 | dt: 559.50ms | tok/sec: 96,085 | bf16_mfu: 0.00 | epoch: 1 pq: 2 rg: 30 | total time: 20.32m | eta: 16.6m
step 02107/03814 (55.24%) | loss: 3.889199 | lrm: 0.70 | dt: 558.25ms | tok/sec: 96,300 | bf16_mfu: 0.00 | epoch: 1 pq: 2 rg: 30 | total time: 20.33m | eta: 16.6m
step 02108/03814 (55.27%) | loss: 3.890206 | lrm: 0.70 | dt: 755.91ms | tok/sec: 71,119 | bf16_mfu: 0.00 | epoch: 1 pq: 2 rg: 30 | total time: 20.35m | eta: 16.5m
step 02109/03814 (55.30%) | loss: 3.898304 | lrm: 0.70 | dt: 555.76ms | tok/sec: 96,732 | bf16_mfu: 0.00 | epoch: 1 pq: 2 rg: 30 | total time: 20.35m | eta: 16.5m
step 02110/03814 (55.32%) | loss: 3.918130 | lrm: 0.70 | dt: 620.06ms | tok/sec: 86,700 | bf16_mfu: 0.00 | epoch: 1 pq: 2 rg: 30 | total time: 20.37m | eta: 16.5m
step 02111/03814 (55.35%) | loss: 3.908930 | lrm: 0.70 | dt: 561.58ms | tok/sec: 95,729 | bf16_mfu: 0.00 | epoch: 1 pq: 2 rg: 30 | total time: 20.37m | eta: 16.5m
step 02112/03814 (55.37%) | loss: 3.896595 | lrm: 0.70 | dt: 555.37ms | tok/sec: 96,800 | bf16_mfu: 0.00 | epoch: 1 pq: 2 rg: 30 | total time: 20.38m | eta: 16.5m
step 02113/03814 (55.40%) | loss: 3.876227 | lrm: 0.70 | dt: 554.88ms | tok/sec: 96,884 | bf16_mfu: 0.00 | epoch: 1 pq: 2 rg: 30 | total time: 20.39m | eta: 16.5m
step 02114/03814 (55.43%) | loss: 3.881906 | lrm: 0.70 | dt: 556.17ms | tok/sec: 96,661 | bf16_mfu: 0.00 | epoch: 1 pq: 2 rg: 31 | total time: 20.40m | eta: 16.5m
step 02115/03814 (55.45%) | loss: 3.905579 | lrm: 0.70 | dt: 557.45ms | tok/sec: 96,439 | bf16_mfu: 0.00 | epoch: 1 pq: 2 rg: 31 | total time: 20.41m | eta: 16.5m
step 02116/03814 (55.48%) | loss: 3.909708 | lrm: 0.70 | dt: 557.06ms | tok/sec: 96,506 | bf16_mfu: 0.00 | epoch: 1 pq: 2 rg: 31 | total time: 20.42m | eta: 16.5m
step 02117/03814 (55.51%) | loss: 3.906397 | lrm: 0.70 | dt: 556.29ms | tok/sec: 96,640 | bf16_mfu: 0.00 | epoch: 1 pq: 2 rg: 31 | total time: 20.43m | eta: 16.5m
step 02118/03814 (55.53%) | loss: 3.904086 | lrm: 0.70 | dt: 556.98ms | tok/sec: 96,519 | bf16_mfu: 0.00 | epoch: 1 pq: 2 rg: 31 | total time: 20.44m | eta: 16.4m
step 02119/03814 (55.56%) | loss: 3.909251 | lrm: 0.70 | dt: 579.25ms | tok/sec: 92,809 | bf16_mfu: 0.00 | epoch: 1 pq: 2 rg: 31 | total time: 20.45m | eta: 16.4m
step 02120/03814 (55.58%) | loss: 3.923379 | lrm: 0.70 | dt: 556.96ms | tok/sec: 96,523 | bf16_mfu: 0.00 | epoch: 1 pq: 2 rg: 31 | total time: 20.46m | eta: 16.4m
step 02121/03814 (55.61%) | loss: 3.934897 | lrm: 0.70 | dt: 558.88ms | tok/sec: 96,192 | bf16_mfu: 0.00 | epoch: 1 pq: 2 rg: 31 | total time: 20.47m | eta: 16.4m
step 02122/03814 (55.64%) | loss: 3.933347 | lrm: 0.70 | dt: 556.92ms | tok/sec: 96,530 | bf16_mfu: 0.00 | epoch: 1 pq: 2 rg: 31 | total time: 20.48m | eta: 16.4m
step 02123/03814 (55.66%) | loss: 3.909898 | lrm: 0.70 | dt: 557.32ms | tok/sec: 96,461 | bf16_mfu: 0.00 | epoch: 1 pq: 2 rg: 31 | total time: 20.49m | eta: 16.4m
step 02124/03814 (55.69%) | loss: 3.920607 | lrm: 0.70 | dt: 644.45ms | tok/sec: 83,420 | bf16_mfu: 0.00 | epoch: 1 pq: 2 rg: 32 | total time: 20.50m | eta: 16.4m
step 02125/03814 (55.72%) | loss: 3.948654 | lrm: 0.70 | dt: 562.39ms | tok/sec: 95,592 | bf16_mfu: 0.00 | epoch: 1 pq: 2 rg: 32 | total time: 20.51m | eta: 16.4m
step 02126/03814 (55.74%) | loss: 3.953641 | lrm: 0.70 | dt: 558.45ms | tok/sec: 96,266 | bf16_mfu: 0.00 | epoch: 1 pq: 2 rg: 32 | total time: 20.52m | eta: 16.4m
step 02127/03814 (55.77%) | loss: 3.918420 | lrm: 0.70 | dt: 556.27ms | tok/sec: 96,644 | bf16_mfu: 0.00 | epoch: 1 pq: 2 rg: 32 | total time: 20.53m | eta: 16.4m
step 02128/03814 (55.79%) | loss: 3.892537 | lrm: 0.70 | dt: 556.35ms | tok/sec: 96,630 | bf16_mfu: 0.00 | epoch: 1 pq: 2 rg: 32 | total time: 20.53m | eta: 16.3m
step 02129/03814 (55.82%) | loss: 3.894550 | lrm: 0.70 | dt: 558.77ms | tok/sec: 96,211 | bf16_mfu: 0.00 | epoch: 1 pq: 2 rg: 32 | total time: 20.54m | eta: 16.3m
step 02130/03814 (55.85%) | loss: 3.886188 | lrm: 0.70 | dt: 563.16ms | tok/sec: 95,462 | bf16_mfu: 0.00 | epoch: 1 pq: 2 rg: 32 | total time: 20.55m | eta: 16.3m
step 02131/03814 (55.87%) | loss: 3.916726 | lrm: 0.69 | dt: 564.40ms | tok/sec: 95,252 | bf16_mfu: 0.00 | epoch: 1 pq: 2 rg: 32 | total time: 20.56m | eta: 16.3m
step 02132/03814 (55.90%) | loss: 3.919506 | lrm: 0.69 | dt: 556.47ms | tok/sec: 96,608 | bf16_mfu: 0.00 | epoch: 1 pq: 2 rg: 32 | total time: 20.57m | eta: 16.3m
step 02133/03814 (55.93%) | loss: 3.912638 | lrm: 0.69 | dt: 598.09ms | tok/sec: 89,886 | bf16_mfu: 0.00 | epoch: 1 pq: 2 rg: 33 | total time: 20.58m | eta: 16.3m
step 02134/03814 (55.95%) | loss: 3.895055 | lrm: 0.69 | dt: 561.63ms | tok/sec: 95,720 | bf16_mfu: 0.00 | epoch: 1 pq: 2 rg: 33 | total time: 20.59m | eta: 16.3m
step 02135/03814 (55.98%) | loss: 3.885677 | lrm: 0.69 | dt: 560.36ms | tok/sec: 95,938 | bf16_mfu: 0.00 | epoch: 1 pq: 2 rg: 33 | total time: 20.60m | eta: 16.3m
step 02136/03814 (56.00%) | loss: 3.904550 | lrm: 0.69 | dt: 562.94ms | tok/sec: 95,498 | bf16_mfu: 0.00 | epoch: 1 pq: 2 rg: 33 | total time: 20.61m | eta: 16.3m
step 02137/03814 (56.03%) | loss: 3.901234 | lrm: 0.69 | dt: 582.42ms | tok/sec: 92,304 | bf16_mfu: 0.00 | epoch: 1 pq: 2 rg: 33 | total time: 20.62m | eta: 16.3m
step 02138/03814 (56.06%) | loss: 3.883799 | lrm: 0.69 | dt: 901.00ms | tok/sec: 59,666 | bf16_mfu: 0.00 | epoch: 1 pq: 2 rg: 33 | total time: 20.63m | eta: 16.3m
step 02139/03814 (56.08%) | loss: 3.865500 | lrm: 0.69 | dt: 563.62ms | tok/sec: 95,383 | bf16_mfu: 0.00 | epoch: 1 pq: 2 rg: 33 | total time: 20.64m | eta: 16.2m
step 02140/03814 (56.11%) | loss: 3.864487 | lrm: 0.69 | dt: 567.82ms | tok/sec: 94,678 | bf16_mfu: 0.00 | epoch: 1 pq: 2 rg: 33 | total time: 20.65m | eta: 16.2m
step 02141/03814 (56.14%) | loss: 3.902154 | lrm: 0.69 | dt: 600.32ms | tok/sec: 89,552 | bf16_mfu: 0.00 | epoch: 1 pq: 2 rg: 33 | total time: 20.66m | eta: 16.2m
step 02142/03814 (56.16%) | loss: 3.900974 | lrm: 0.69 | dt: 561.03ms | tok/sec: 95,823 | bf16_mfu: 0.00 | epoch: 1 pq: 2 rg: 33 | total time: 20.67m | eta: 16.2m
step 02143/03814 (56.19%) | loss: 3.873461 | lrm: 0.69 | dt: 704.70ms | tok/sec: 76,287 | bf16_mfu: 0.00 | epoch: 1 pq: 2 rg: 34 | total time: 20.68m | eta: 16.2m
step 02144/03814 (56.21%) | loss: 3.848590 | lrm: 0.69 | dt: 565.31ms | tok/sec: 95,098 | bf16_mfu: 0.00 | epoch: 1 pq: 2 rg: 34 | total time: 20.69m | eta: 16.2m
step 02145/03814 (56.24%) | loss: 3.861901 | lrm: 0.69 | dt: 623.31ms | tok/sec: 86,249 | bf16_mfu: 0.00 | epoch: 1 pq: 2 rg: 34 | total time: 20.70m | eta: 16.2m
step 02146/03814 (56.27%) | loss: 3.882243 | lrm: 0.69 | dt: 569.56ms | tok/sec: 94,388 | bf16_mfu: 0.00 | epoch: 1 pq: 2 rg: 34 | total time: 20.71m | eta: 16.2m
step 02147/03814 (56.29%) | loss: 3.882737 | lrm: 0.69 | dt: 568.91ms | tok/sec: 94,496 | bf16_mfu: 0.00 | epoch: 1 pq: 2 rg: 34 | total time: 20.72m | eta: 16.2m
step 02148/03814 (56.32%) | loss: 3.870746 | lrm: 0.69 | dt: 565.48ms | tok/sec: 95,068 | bf16_mfu: 0.00 | epoch: 1 pq: 2 rg: 34 | total time: 20.73m | eta: 16.2m
step 02149/03814 (56.35%) | loss: 3.858740 | lrm: 0.69 | dt: 623.42ms | tok/sec: 86,233 | bf16_mfu: 0.00 | epoch: 1 pq: 2 rg: 34 | total time: 20.74m | eta: 16.1m
step 02150/03814 (56.37%) | loss: 3.837914 | lrm: 0.69 | dt: 570.99ms | tok/sec: 94,152 | bf16_mfu: 0.00 | epoch: 1 pq: 2 rg: 34 | total time: 20.75m | eta: 16.1m
step 02151/03814 (56.40%) | loss: 3.842290 | lrm: 0.69 | dt: 567.66ms | tok/sec: 94,704 | bf16_mfu: 0.00 | epoch: 1 pq: 2 rg: 34 | total time: 20.76m | eta: 16.1m
step 02152/03814 (56.42%) | loss: 3.862296 | lrm: 0.69 | dt: 564.02ms | tok/sec: 95,315 | bf16_mfu: 0.00 | epoch: 1 pq: 2 rg: 34 | total time: 20.77m | eta: 16.1m
step 02153/03814 (56.45%) | loss: 3.856011 | lrm: 0.69 | dt: 617.10ms | tok/sec: 87,116 | bf16_mfu: 0.00 | epoch: 1 pq: 2 rg: 35 | total time: 20.78m | eta: 16.1m
step 02154/03814 (56.48%) | loss: 3.835973 | lrm: 0.69 | dt: 570.43ms | tok/sec: 94,244 | bf16_mfu: 0.00 | epoch: 1 pq: 2 rg: 35 | total time: 20.79m | eta: 16.1m
step 02155/03814 (56.50%) | loss: 3.837078 | lrm: 0.69 | dt: 568.27ms | tok/sec: 94,603 | bf16_mfu: 0.00 | epoch: 1 pq: 2 rg: 35 | total time: 20.80m | eta: 16.1m
step 02156/03814 (56.53%) | loss: 3.845593 | lrm: 0.69 | dt: 566.32ms | tok/sec: 94,928 | bf16_mfu: 0.00 | epoch: 1 pq: 2 rg: 35 | total time: 20.81m | eta: 16.1m
step 02157/03814 (56.55%) | loss: 3.857294 | lrm: 0.68 | dt: 571.95ms | tok/sec: 93,994 | bf16_mfu: 0.00 | epoch: 1 pq: 2 rg: 35 | total time: 20.82m | eta: 16.1m
step 02158/03814 (56.58%) | loss: 3.869303 | lrm: 0.68 | dt: 566.78ms | tok/sec: 94,850 | bf16_mfu: 0.00 | epoch: 1 pq: 2 rg: 35 | total time: 20.83m | eta: 16.1m
step 02159/03814 (56.61%) | loss: 3.864133 | lrm: 0.68 | dt: 566.42ms | tok/sec: 94,912 | bf16_mfu: 0.00 | epoch: 1 pq: 2 rg: 35 | total time: 20.84m | eta: 16.0m
step 02160/03814 (56.63%) | loss: 3.843149 | lrm: 0.68 | dt: 565.39ms | tok/sec: 95,085 | bf16_mfu: 0.00 | epoch: 1 pq: 2 rg: 35 | total time: 20.85m | eta: 16.0m
step 02161/03814 (56.66%) | loss: 3.825807 | lrm: 0.68 | dt: 566.80ms | tok/sec: 94,847 | bf16_mfu: 0.00 | epoch: 1 pq: 2 rg: 35 | total time: 20.86m | eta: 16.0m
step 02162/03814 (56.69%) | loss: 3.841104 | lrm: 0.68 | dt: 564.99ms | tok/sec: 95,151 | bf16_mfu: 0.00 | epoch: 1 pq: 2 rg: 35 | total time: 20.87m | eta: 16.0m
step 02163/03814 (56.71%) | loss: 3.869711 | lrm: 0.68 | dt: 597.19ms | tok/sec: 90,021 | bf16_mfu: 0.00 | epoch: 1 pq: 2 rg: 36 | total time: 20.88m | eta: 16.0m
step 02164/03814 (56.74%) | loss: 3.870893 | lrm: 0.68 | dt: 576.58ms | tok/sec: 93,240 | bf16_mfu: 0.00 | epoch: 1 pq: 2 rg: 36 | total time: 20.89m | eta: 16.0m
step 02165/03814 (56.76%) | loss: 3.871158 | lrm: 0.68 | dt: 752.52ms | tok/sec: 71,440 | bf16_mfu: 0.00 | epoch: 1 pq: 2 rg: 36 | total time: 20.90m | eta: 16.0m
step 02166/03814 (56.79%) | loss: 3.854041 | lrm: 0.68 | dt: 561.47ms | tok/sec: 95,747 | bf16_mfu: 0.00 | epoch: 1 pq: 2 rg: 36 | total time: 20.91m | eta: 16.0m
step 02167/03814 (56.82%) | loss: 3.845106 | lrm: 0.68 | dt: 564.29ms | tok/sec: 95,269 | bf16_mfu: 0.00 | epoch: 1 pq: 2 rg: 36 | total time: 20.92m | eta: 16.0m
step 02168/03814 (56.84%) | loss: 3.865785 | lrm: 0.68 | dt: 568.59ms | tok/sec: 94,549 | bf16_mfu: 0.00 | epoch: 1 pq: 2 rg: 36 | total time: 20.93m | eta: 16.0m
step 02169/03814 (56.87%) | loss: 3.879950 | lrm: 0.68 | dt: 620.21ms | tok/sec: 86,680 | bf16_mfu: 0.00 | epoch: 1 pq: 2 rg: 36 | total time: 20.94m | eta: 16.0m
step 02170/03814 (56.90%) | loss: 3.865803 | lrm: 0.68 | dt: 573.32ms | tok/sec: 93,769 | bf16_mfu: 0.00 | epoch: 1 pq: 2 rg: 36 | total time: 20.95m | eta: 15.9m
step 02171/03814 (56.92%) | loss: 3.846396 | lrm: 0.68 | dt: 565.92ms | tok/sec: 94,996 | bf16_mfu: 0.00 | epoch: 1 pq: 2 rg: 36 | total time: 20.96m | eta: 15.9m
step 02172/03814 (56.95%) | loss: 3.847226 | lrm: 0.68 | dt: 585.48ms | tok/sec: 91,821 | bf16_mfu: 0.00 | epoch: 1 pq: 2 rg: 36 | total time: 20.97m | eta: 15.9m
step 02173/03814 (56.97%) | loss: 3.857092 | lrm: 0.68 | dt: 570.49ms | tok/sec: 94,235 | bf16_mfu: 0.00 | epoch: 1 pq: 2 rg: 37 | total time: 20.98m | eta: 15.9m
step 02174/03814 (57.00%) | loss: 3.892211 | lrm: 0.68 | dt: 563.04ms | tok/sec: 95,481 | bf16_mfu: 0.00 | epoch: 1 pq: 2 rg: 37 | total time: 20.99m | eta: 15.9m
step 02175/03814 (57.03%) | loss: 3.876214 | lrm: 0.68 | dt: 564.72ms | tok/sec: 95,197 | bf16_mfu: 0.00 | epoch: 1 pq: 2 rg: 37 | total time: 20.99m | eta: 15.9m
step 02176/03814 (57.05%) | loss: 3.855099 | lrm: 0.68 | dt: 609.87ms | tok/sec: 88,149 | bf16_mfu: 0.00 | epoch: 1 pq: 2 rg: 37 | total time: 21.00m | eta: 15.9m
step 02177/03814 (57.08%) | loss: 3.846614 | lrm: 0.68 | dt: 563.99ms | tok/sec: 95,321 | bf16_mfu: 0.00 | epoch: 1 pq: 2 rg: 37 | total time: 21.01m | eta: 15.9m
step 02178/03814 (57.11%) | loss: 3.865426 | lrm: 0.68 | dt: 563.92ms | tok/sec: 95,332 | bf16_mfu: 0.00 | epoch: 1 pq: 2 rg: 37 | total time: 21.02m | eta: 15.9m
step 02179/03814 (57.13%) | loss: 3.893610 | lrm: 0.68 | dt: 621.55ms | tok/sec: 86,493 | bf16_mfu: 0.00 | epoch: 1 pq: 2 rg: 37 | total time: 21.03m | eta: 15.9m
step 02180/03814 (57.16%) | loss: 3.900853 | lrm: 0.68 | dt: 567.67ms | tok/sec: 94,702 | bf16_mfu: 0.00 | epoch: 1 pq: 2 rg: 37 | total time: 21.04m | eta: 15.8m
step 02181/03814 (57.18%) | loss: 3.872736 | lrm: 0.68 | dt: 574.40ms | tok/sec: 93,593 | bf16_mfu: 0.00 | epoch: 1 pq: 2 rg: 37 | total time: 21.05m | eta: 15.8m
step 02182/03814 (57.21%) | loss: 3.856633 | lrm: 0.68 | dt: 564.94ms | tok/sec: 95,159 | bf16_mfu: 0.00 | epoch: 1 pq: 2 rg: 37 | total time: 21.06m | eta: 15.8m
step 02183/03814 (57.24%) | loss: 3.853687 | lrm: 0.68 | dt: 612.42ms | tok/sec: 87,782 | bf16_mfu: 0.00 | epoch: 1 pq: 2 rg: 38 | total time: 21.07m | eta: 15.8m
step 02184/03814 (57.26%) | loss: 3.878962 | lrm: 0.67 | dt: 661.59ms | tok/sec: 81,258 | bf16_mfu: 0.00 | epoch: 1 pq: 2 rg: 38 | total time: 21.08m | eta: 15.8m
step 02185/03814 (57.29%) | loss: 3.884450 | lrm: 0.67 | dt: 569.98ms | tok/sec: 94,319 | bf16_mfu: 0.00 | epoch: 1 pq: 2 rg: 38 | total time: 21.09m | eta: 15.8m
step 02186/03814 (57.32%) | loss: 3.883482 | lrm: 0.67 | dt: 563.72ms | tok/sec: 95,366 | bf16_mfu: 0.00 | epoch: 1 pq: 2 rg: 38 | total time: 21.10m | eta: 15.8m
step 02187/03814 (57.34%) | loss: 3.872017 | lrm: 0.67 | dt: 563.85ms | tok/sec: 95,344 | bf16_mfu: 0.00 | epoch: 1 pq: 2 rg: 38 | total time: 21.11m | eta: 15.8m
step 02188/03814 (57.37%) | loss: 3.855766 | lrm: 0.67 | dt: 565.41ms | tok/sec: 95,081 | bf16_mfu: 0.00 | epoch: 1 pq: 2 rg: 38 | total time: 21.12m | eta: 15.8m
step 02189/03814 (57.39%) | loss: 3.876489 | lrm: 0.67 | dt: 567.40ms | tok/sec: 94,747 | bf16_mfu: 0.00 | epoch: 1 pq: 2 rg: 38 | total time: 21.13m | eta: 15.8m
step 02190/03814 (57.42%) | loss: 3.885846 | lrm: 0.67 | dt: 566.63ms | tok/sec: 94,877 | bf16_mfu: 0.00 | epoch: 1 pq: 2 rg: 38 | total time: 21.14m | eta: 15.7m
step 02191/03814 (57.45%) | loss: 3.873148 | lrm: 0.67 | dt: 565.82ms | tok/sec: 95,012 | bf16_mfu: 0.00 | epoch: 1 pq: 2 rg: 38 | total time: 21.15m | eta: 15.7m
step 02192/03814 (57.47%) | loss: 3.856010 | lrm: 0.67 | dt: 564.44ms | tok/sec: 95,244 | bf16_mfu: 0.00 | epoch: 1 pq: 2 rg: 38 | total time: 21.16m | eta: 15.7m
step 02193/03814 (57.50%) | loss: 3.861750 | lrm: 0.67 | dt: 668.74ms | tok/sec: 80,390 | bf16_mfu: 0.00 | epoch: 1 pq: 2 rg: 39 | total time: 21.17m | eta: 15.7m
step 02194/03814 (57.52%) | loss: 3.874938 | lrm: 0.67 | dt: 691.68ms | tok/sec: 77,723 | bf16_mfu: 0.00 | epoch: 1 pq: 2 rg: 39 | total time: 21.18m | eta: 15.7m
step 02195/03814 (57.55%) | loss: 3.871871 | lrm: 0.67 | dt: 563.20ms | tok/sec: 95,454 | bf16_mfu: 0.00 | epoch: 1 pq: 2 rg: 39 | total time: 21.19m | eta: 15.7m
step 02196/03814 (57.58%) | loss: 3.852369 | lrm: 0.67 | dt: 567.32ms | tok/sec: 94,761 | bf16_mfu: 0.00 | epoch: 1 pq: 2 rg: 39 | total time: 21.20m | eta: 15.7m
step 02197/03814 (57.60%) | loss: 3.847897 | lrm: 0.67 | dt: 565.87ms | tok/sec: 95,003 | bf16_mfu: 0.00 | epoch: 1 pq: 2 rg: 39 | total time: 21.21m | eta: 15.7m
step 02198/03814 (57.63%) | loss: 3.848727 | lrm: 0.67 | dt: 568.39ms | tok/sec: 94,583 | bf16_mfu: 0.00 | epoch: 1 pq: 2 rg: 39 | total time: 21.22m | eta: 15.7m
step 02199/03814 (57.66%) | loss: 3.853951 | lrm: 0.67 | dt: 563.76ms | tok/sec: 95,359 | bf16_mfu: 0.00 | epoch: 1 pq: 2 rg: 39 | total time: 21.23m | eta: 15.7m
step 02200/03814 (57.68%) | loss: 3.865699 | lrm: 0.67 | dt: 563.40ms | tok/sec: 95,420 | bf16_mfu: 0.00 | epoch: 1 pq: 2 rg: 39 | total time: 21.24m | eta: 15.7m
step 02201/03814 (57.71%) | loss: 3.888545 | lrm: 0.67 | dt: 558.82ms | tok/sec: 96,202 | bf16_mfu: 0.00 | epoch: 1 pq: 2 rg: 39 | total time: 21.25m | eta: 15.6m
step 02202/03814 (57.73%) | loss: 3.855782 | lrm: 0.67 | dt: 575.96ms | tok/sec: 93,339 | bf16_mfu: 0.00 | epoch: 1 pq: 2 rg: 40 | total time: 21.26m | eta: 15.6m
step 02203/03814 (57.76%) | loss: 3.838093 | lrm: 0.67 | dt: 564.06ms | tok/sec: 95,309 | bf16_mfu: 0.00 | epoch: 1 pq: 2 rg: 40 | total time: 21.27m | eta: 15.6m
step 02204/03814 (57.79%) | loss: 3.820736 | lrm: 0.67 | dt: 560.89ms | tok/sec: 95,847 | bf16_mfu: 0.00 | epoch: 1 pq: 2 rg: 40 | total time: 21.28m | eta: 15.6m
step 02205/03814 (57.81%) | loss: 3.847736 | lrm: 0.67 | dt: 560.40ms | tok/sec: 95,931 | bf16_mfu: 0.00 | epoch: 1 pq: 2 rg: 40 | total time: 21.29m | eta: 15.6m
step 02206/03814 (57.84%) | loss: 3.849080 | lrm: 0.67 | dt: 563.97ms | tok/sec: 95,324 | bf16_mfu: 0.00 | epoch: 1 pq: 2 rg: 40 | total time: 21.29m | eta: 15.6m
step 02207/03814 (57.87%) | loss: 3.841966 | lrm: 0.67 | dt: 566.01ms | tok/sec: 94,980 | bf16_mfu: 0.00 | epoch: 1 pq: 2 rg: 40 | total time: 21.30m | eta: 15.6m
step 02208/03814 (57.89%) | loss: 3.829516 | lrm: 0.67 | dt: 565.94ms | tok/sec: 94,992 | bf16_mfu: 0.00 | epoch: 1 pq: 2 rg: 40 | total time: 21.31m | eta: 15.6m
step 02209/03814 (57.92%) | loss: 3.832070 | lrm: 0.67 | dt: 565.90ms | tok/sec: 94,999 | bf16_mfu: 0.00 | epoch: 1 pq: 2 rg: 40 | total time: 21.32m | eta: 15.6m
step 02210/03814 (57.94%) | loss: 3.814971 | lrm: 0.66 | dt: 566.37ms | tok/sec: 94,920 | bf16_mfu: 0.00 | epoch: 1 pq: 2 rg: 40 | total time: 21.33m | eta: 15.6m
step 02211/03814 (57.97%) | loss: 3.833177 | lrm: 0.66 | dt: 566.30ms | tok/sec: 94,931 | bf16_mfu: 0.00 | epoch: 1 pq: 2 rg: 40 | total time: 21.34m | eta: 15.5m
step 02212/03814 (58.00%) | loss: 3.861322 | lrm: 0.66 | dt: 566.91ms | tok/sec: 94,830 | bf16_mfu: 0.00 | epoch: 1 pq: 2 rg: 41 | total time: 21.35m | eta: 15.5m
step 02213/03814 (58.02%) | loss: 3.841370 | lrm: 0.66 | dt: 565.87ms | tok/sec: 95,004 | bf16_mfu: 0.00 | epoch: 1 pq: 2 rg: 41 | total time: 21.36m | eta: 15.5m
step 02214/03814 (58.05%) | loss: 3.825541 | lrm: 0.66 | dt: 607.92ms | tok/sec: 88,432 | bf16_mfu: 0.00 | epoch: 1 pq: 2 rg: 41 | total time: 21.37m | eta: 15.5m
step 02215/03814 (58.08%) | loss: 3.821655 | lrm: 0.66 | dt: 564.16ms | tok/sec: 95,292 | bf16_mfu: 0.00 | epoch: 1 pq: 2 rg: 41 | total time: 21.38m | eta: 15.5m
step 02216/03814 (58.10%) | loss: 3.827648 | lrm: 0.66 | dt: 573.62ms | tok/sec: 93,720 | bf16_mfu: 0.00 | epoch: 1 pq: 2 rg: 41 | total time: 21.39m | eta: 15.5m
step 02217/03814 (58.13%) | loss: 3.854093 | lrm: 0.66 | dt: 561.96ms | tok/sec: 95,664 | bf16_mfu: 0.00 | epoch: 1 pq: 2 rg: 41 | total time: 21.40m | eta: 15.5m
step 02218/03814 (58.15%) | loss: 3.858204 | lrm: 0.66 | dt: 563.89ms | tok/sec: 95,338 | bf16_mfu: 0.00 | epoch: 1 pq: 2 rg: 41 | total time: 21.41m | eta: 15.5m
step 02219/03814 (58.18%) | loss: 3.842022 | lrm: 0.66 | dt: 563.48ms | tok/sec: 95,406 | bf16_mfu: 0.00 | epoch: 1 pq: 2 rg: 41 | total time: 21.42m | eta: 15.5m
step 02220/03814 (58.21%) | loss: 3.838782 | lrm: 0.66 | dt: 566.20ms | tok/sec: 94,948 | bf16_mfu: 0.00 | epoch: 1 pq: 2 rg: 41 | total time: 21.43m | eta: 15.5m
step 02221/03814 (58.23%) | loss: 3.840195 | lrm: 0.66 | dt: 566.03ms | tok/sec: 94,978 | bf16_mfu: 0.00 | epoch: 1 pq: 2 rg: 41 | total time: 21.44m | eta: 15.4m
step 02222/03814 (58.26%) | loss: 3.861466 | lrm: 0.66 | dt: 612.54ms | tok/sec: 87,766 | bf16_mfu: 0.00 | epoch: 1 pq: 2 rg: 42 | total time: 21.45m | eta: 15.4m
step 02223/03814 (58.29%) | loss: 3.866369 | lrm: 0.66 | dt: 608.02ms | tok/sec: 88,417 | bf16_mfu: 0.00 | epoch: 1 pq: 2 rg: 42 | total time: 21.46m | eta: 15.4m
step 02224/03814 (58.31%) | loss: 3.861619 | lrm: 0.66 | dt: 564.56ms | tok/sec: 95,224 | bf16_mfu: 0.00 | epoch: 1 pq: 2 rg: 42 | total time: 21.47m | eta: 15.4m
step 02225/03814 (58.34%) | loss: 3.846475 | lrm: 0.66 | dt: 567.16ms | tok/sec: 94,787 | bf16_mfu: 0.00 | epoch: 1 pq: 2 rg: 42 | total time: 21.48m | eta: 15.4m
step 02226/03814 (58.36%) | loss: 3.845616 | lrm: 0.66 | dt: 642.20ms | tok/sec: 83,712 | bf16_mfu: 0.00 | epoch: 1 pq: 2 rg: 42 | total time: 21.49m | eta: 15.4m
step 02227/03814 (58.39%) | loss: 3.861141 | lrm: 0.66 | dt: 596.81ms | tok/sec: 90,079 | bf16_mfu: 0.00 | epoch: 1 pq: 2 rg: 42 | total time: 21.50m | eta: 15.4m
step 02228/03814 (58.42%) | loss: 3.853754 | lrm: 0.66 | dt: 566.98ms | tok/sec: 94,818 | bf16_mfu: 0.00 | epoch: 1 pq: 2 rg: 42 | total time: 21.51m | eta: 15.4m
step 02229/03814 (58.44%) | loss: 3.831950 | lrm: 0.66 | dt: 559.74ms | tok/sec: 96,045 | bf16_mfu: 0.00 | epoch: 1 pq: 2 rg: 42 | total time: 21.52m | eta: 15.4m
step 02230/03814 (58.47%) | loss: 3.833940 | lrm: 0.66 | dt: 561.21ms | tok/sec: 95,792 | bf16_mfu: 0.00 | epoch: 1 pq: 2 rg: 42 | total time: 21.52m | eta: 15.4m
step 02231/03814 (58.50%) | loss: 3.850240 | lrm: 0.66 | dt: 560.80ms | tok/sec: 95,862 | bf16_mfu: 0.00 | epoch: 1 pq: 2 rg: 42 | total time: 21.53m | eta: 15.3m
step 02232/03814 (58.52%) | loss: 3.872191 | lrm: 0.66 | dt: 599.90ms | tok/sec: 89,615 | bf16_mfu: 0.00 | epoch: 1 pq: 2 rg: 43 | total time: 21.54m | eta: 15.3m
step 02233/03814 (58.55%) | loss: 3.884501 | lrm: 0.66 | dt: 565.11ms | tok/sec: 95,131 | bf16_mfu: 0.00 | epoch: 1 pq: 2 rg: 43 | total time: 21.55m | eta: 15.3m
step 02234/03814 (58.57%) | loss: 3.860258 | lrm: 0.66 | dt: 560.93ms | tok/sec: 95,840 | bf16_mfu: 0.00 | epoch: 1 pq: 2 rg: 43 | total time: 21.56m | eta: 15.3m
step 02235/03814 (58.60%) | loss: 3.837681 | lrm: 0.66 | dt: 558.27ms | tok/sec: 96,296 | bf16_mfu: 0.00 | epoch: 1 pq: 2 rg: 43 | total time: 21.57m | eta: 15.3m
step 02236/03814 (58.63%) | loss: 3.834309 | lrm: 0.65 | dt: 561.37ms | tok/sec: 95,765 | bf16_mfu: 0.00 | epoch: 1 pq: 2 rg: 43 | total time: 21.58m | eta: 15.3m
step 02237/03814 (58.65%) | loss: 3.836042 | lrm: 0.65 | dt: 563.31ms | tok/sec: 95,436 | bf16_mfu: 0.00 | epoch: 1 pq: 2 rg: 43 | total time: 21.59m | eta: 15.3m
step 02238/03814 (58.68%) | loss: 3.829721 | lrm: 0.65 | dt: 575.19ms | tok/sec: 93,464 | bf16_mfu: 0.00 | epoch: 1 pq: 2 rg: 43 | total time: 21.60m | eta: 15.3m
step 02239/03814 (58.70%) | loss: 3.825836 | lrm: 0.65 | dt: 562.79ms | tok/sec: 95,524 | bf16_mfu: 0.00 | epoch: 1 pq: 2 rg: 43 | total time: 21.61m | eta: 15.3m
step 02240/03814 (58.73%) | loss: 3.799896 | lrm: 0.65 | dt: 563.42ms | tok/sec: 95,416 | bf16_mfu: 0.00 | epoch: 1 pq: 2 rg: 43 | total time: 21.62m | eta: 15.3m
step 02241/03814 (58.76%) | loss: 3.805073 | lrm: 0.65 | dt: 558.59ms | tok/sec: 96,242 | bf16_mfu: 0.00 | epoch: 1 pq: 2 rg: 43 | total time: 21.63m | eta: 15.2m
step 02242/03814 (58.78%) | loss: 3.831301 | lrm: 0.65 | dt: 578.20ms | tok/sec: 92,978 | bf16_mfu: 0.00 | epoch: 1 pq: 2 rg: 44 | total time: 21.64m | eta: 15.2m
step 02243/03814 (58.81%) | loss: 3.844878 | lrm: 0.65 | dt: 558.91ms | tok/sec: 96,187 | bf16_mfu: 0.00 | epoch: 1 pq: 2 rg: 44 | total time: 21.65m | eta: 15.2m
step 02244/03814 (58.84%) | loss: 3.842977 | lrm: 0.65 | dt: 558.83ms | tok/sec: 96,200 | bf16_mfu: 0.00 | epoch: 1 pq: 2 rg: 44 | total time: 21.66m | eta: 15.2m
step 02245/03814 (58.86%) | loss: 3.826835 | lrm: 0.65 | dt: 558.18ms | tok/sec: 96,312 | bf16_mfu: 0.00 | epoch: 1 pq: 2 rg: 44 | total time: 21.67m | eta: 15.2m
step 02246/03814 (58.89%) | loss: 3.811975 | lrm: 0.65 | dt: 558.10ms | tok/sec: 96,327 | bf16_mfu: 0.00 | epoch: 1 pq: 2 rg: 44 | total time: 21.68m | eta: 15.2m
step 02247/03814 (58.91%) | loss: 3.843282 | lrm: 0.65 | dt: 566.57ms | tok/sec: 94,887 | bf16_mfu: 0.00 | epoch: 1 pq: 2 rg: 44 | total time: 21.68m | eta: 15.2m
step 02248/03814 (58.94%) | loss: 3.846518 | lrm: 0.65 | dt: 563.00ms | tok/sec: 95,488 | bf16_mfu: 0.00 | epoch: 1 pq: 2 rg: 44 | total time: 21.69m | eta: 15.2m
step 02249/03814 (58.97%) | loss: 3.860637 | lrm: 0.65 | dt: 556.23ms | tok/sec: 96,651 | bf16_mfu: 0.00 | epoch: 1 pq: 2 rg: 44 | total time: 21.70m | eta: 15.2m
step 02250/03814 (58.99%) | loss: 3.841524 | lrm: 0.65 | dt: 558.93ms | tok/sec: 96,184 | bf16_mfu: 0.00 | epoch: 1 pq: 2 rg: 44 | total time: 21.71m | eta: 15.2m
step 02251/03814 (59.02%) | loss: 3.826343 | lrm: 0.65 | dt: 560.66ms | tok/sec: 95,887 | bf16_mfu: 0.00 | epoch: 1 pq: 2 rg: 44 | total time: 21.72m | eta: 15.2m
step 02252/03814 (59.05%) | loss: 3.834348 | lrm: 0.65 | dt: 624.48ms | tok/sec: 86,087 | bf16_mfu: 0.00 | epoch: 1 pq: 2 rg: 45 | total time: 21.73m | eta: 15.1m
step 02253/03814 (59.07%) | loss: 3.848666 | lrm: 0.65 | dt: 568.00ms | tok/sec: 94,647 | bf16_mfu: 0.00 | epoch: 1 pq: 2 rg: 45 | total time: 21.74m | eta: 15.1m
step 02254/03814 (59.10%) | loss: 3.827593 | lrm: 0.65 | dt: 561.92ms | tok/sec: 95,671 | bf16_mfu: 0.00 | epoch: 1 pq: 2 rg: 45 | total time: 21.75m | eta: 15.1m
step 02255/03814 (59.12%) | loss: 3.832293 | lrm: 0.65 | dt: 562.80ms | tok/sec: 95,522 | bf16_mfu: 0.00 | epoch: 1 pq: 2 rg: 45 | total time: 21.76m | eta: 15.1m
step 02256/03814 (59.15%) | loss: 3.816651 | lrm: 0.65 | dt: 562.35ms | tok/sec: 95,598 | bf16_mfu: 0.00 | epoch: 1 pq: 2 rg: 45 | total time: 21.77m | eta: 15.1m
step 02257/03814 (59.18%) | loss: 3.814632 | lrm: 0.65 | dt: 558.53ms | tok/sec: 96,252 | bf16_mfu: 0.00 | epoch: 1 pq: 2 rg: 45 | total time: 21.78m | eta: 15.1m
step 02258/03814 (59.20%) | loss: 3.812516 | lrm: 0.65 | dt: 563.59ms | tok/sec: 95,387 | bf16_mfu: 0.00 | epoch: 1 pq: 2 rg: 45 | total time: 21.79m | eta: 15.1m
step 02259/03814 (59.23%) | loss: 3.803481 | lrm: 0.65 | dt: 562.39ms | tok/sec: 95,591 | bf16_mfu: 0.00 | epoch: 1 pq: 2 rg: 45 | total time: 21.80m | eta: 15.1m
step 02260/03814 (59.26%) | loss: 3.789695 | lrm: 0.65 | dt: 557.85ms | tok/sec: 96,370 | bf16_mfu: 0.00 | epoch: 1 pq: 2 rg: 45 | total time: 21.81m | eta: 15.1m
step 02261/03814 (59.28%) | loss: 3.774552 | lrm: 0.65 | dt: 560.06ms | tok/sec: 95,990 | bf16_mfu: 0.00 | epoch: 1 pq: 2 rg: 45 | total time: 21.82m | eta: 15.1m
step 02262/03814 (59.31%) | loss: 3.764635 | lrm: 0.64 | dt: 612.17ms | tok/sec: 87,819 | bf16_mfu: 0.00 | epoch: 1 pq: 2 rg: 46 | total time: 21.83m | eta: 15.0m
step 02263/03814 (59.33%) | loss: 3.784368 | lrm: 0.64 | dt: 564.50ms | tok/sec: 95,233 | bf16_mfu: 0.00 | epoch: 1 pq: 2 rg: 46 | total time: 21.84m | eta: 15.0m
step 02264/03814 (59.36%) | loss: 3.777604 | lrm: 0.64 | dt: 558.09ms | tok/sec: 96,327 | bf16_mfu: 0.00 | epoch: 1 pq: 2 rg: 46 | total time: 21.85m | eta: 15.0m
step 02265/03814 (59.39%) | loss: 3.781718 | lrm: 0.64 | dt: 579.43ms | tok/sec: 92,780 | bf16_mfu: 0.00 | epoch: 1 pq: 2 rg: 46 | total time: 21.86m | eta: 15.0m
step 02266/03814 (59.41%) | loss: 3.764736 | lrm: 0.64 | dt: 563.33ms | tok/sec: 95,431 | bf16_mfu: 0.00 | epoch: 1 pq: 2 rg: 46 | total time: 21.86m | eta: 15.0m
step 02267/03814 (59.44%) | loss: 3.772788 | lrm: 0.64 | dt: 558.22ms | tok/sec: 96,305 | bf16_mfu: 0.00 | epoch: 1 pq: 2 rg: 46 | total time: 21.87m | eta: 15.0m
step 02268/03814 (59.47%) | loss: 3.782004 | lrm: 0.64 | dt: 559.99ms | tok/sec: 96,002 | bf16_mfu: 0.00 | epoch: 1 pq: 2 rg: 46 | total time: 21.88m | eta: 15.0m
step 02269/03814 (59.49%) | loss: 3.809777 | lrm: 0.64 | dt: 564.71ms | tok/sec: 95,200 | bf16_mfu: 0.00 | epoch: 1 pq: 2 rg: 46 | total time: 21.89m | eta: 15.0m
step 02270/03814 (59.52%) | loss: 3.806288 | lrm: 0.64 | dt: 559.94ms | tok/sec: 96,011 | bf16_mfu: 0.00 | epoch: 1 pq: 2 rg: 46 | total time: 21.90m | eta: 15.0m
step 02271/03814 (59.54%) | loss: 3.794723 | lrm: 0.64 | dt: 558.51ms | tok/sec: 96,256 | bf16_mfu: 0.00 | epoch: 1 pq: 2 rg: 46 | total time: 21.91m | eta: 15.0m
step 02272/03814 (59.57%) | loss: 3.791862 | lrm: 0.64 | dt: 567.71ms | tok/sec: 94,696 | bf16_mfu: 0.00 | epoch: 1 pq: 2 rg: 47 | total time: 21.92m | eta: 14.9m
step 02273/03814 (59.60%) | loss: 3.813425 | lrm: 0.64 | dt: 563.28ms | tok/sec: 95,441 | bf16_mfu: 0.00 | epoch: 1 pq: 2 rg: 47 | total time: 21.93m | eta: 14.9m
step 02274/03814 (59.62%) | loss: 3.803951 | lrm: 0.64 | dt: 557.42ms | tok/sec: 96,443 | bf16_mfu: 0.00 | epoch: 1 pq: 2 rg: 47 | total time: 21.94m | eta: 14.9m
step 02275/03814 (59.65%) | loss: 3.794006 | lrm: 0.64 | dt: 557.42ms | tok/sec: 96,444 | bf16_mfu: 0.00 | epoch: 1 pq: 2 rg: 47 | total time: 21.95m | eta: 14.9m
step 02276/03814 (59.67%) | loss: 3.791060 | lrm: 0.64 | dt: 562.35ms | tok/sec: 95,598 | bf16_mfu: 0.00 | epoch: 1 pq: 2 rg: 47 | total time: 21.96m | eta: 14.9m
step 02277/03814 (59.70%) | loss: 3.771311 | lrm: 0.64 | dt: 566.21ms | tok/sec: 94,946 | bf16_mfu: 0.00 | epoch: 1 pq: 2 rg: 47 | total time: 21.97m | eta: 14.9m
step 02278/03814 (59.73%) | loss: 3.758304 | lrm: 0.64 | dt: 565.79ms | tok/sec: 95,018 | bf16_mfu: 0.00 | epoch: 1 pq: 2 rg: 47 | total time: 21.98m | eta: 14.9m
step 02279/03814 (59.75%) | loss: 3.775850 | lrm: 0.64 | dt: 594.45ms | tok/sec: 90,436 | bf16_mfu: 0.00 | epoch: 1 pq: 2 rg: 47 | total time: 21.99m | eta: 14.9m
step 02280/03814 (59.78%) | loss: 3.766208 | lrm: 0.64 | dt: 565.77ms | tok/sec: 95,020 | bf16_mfu: 0.00 | epoch: 1 pq: 2 rg: 47 | total time: 22.00m | eta: 14.9m
step 02281/03814 (59.81%) | loss: 3.755949 | lrm: 0.64 | dt: 574.20ms | tok/sec: 93,625 | bf16_mfu: 0.00 | epoch: 1 pq: 2 rg: 48 | total time: 22.01m | eta: 14.9m
step 02282/03814 (59.83%) | loss: 3.749272 | lrm: 0.64 | dt: 559.03ms | tok/sec: 96,166 | bf16_mfu: 0.00 | epoch: 1 pq: 2 rg: 48 | total time: 22.02m | eta: 14.8m
step 02283/03814 (59.86%) | loss: 3.759102 | lrm: 0.64 | dt: 564.85ms | tok/sec: 95,176 | bf16_mfu: 0.00 | epoch: 1 pq: 2 rg: 48 | total time: 22.02m | eta: 14.8m
step 02284/03814 (59.88%) | loss: 3.740853 | lrm: 0.64 | dt: 563.66ms | tok/sec: 95,376 | bf16_mfu: 0.00 | epoch: 1 pq: 2 rg: 48 | total time: 22.03m | eta: 14.8m
step 02285/03814 (59.91%) | loss: 3.743766 | lrm: 0.64 | dt: 563.03ms | tok/sec: 95,482 | bf16_mfu: 0.00 | epoch: 1 pq: 2 rg: 48 | total time: 22.04m | eta: 14.8m
step 02286/03814 (59.94%) | loss: 3.738835 | lrm: 0.64 | dt: 558.70ms | tok/sec: 96,223 | bf16_mfu: 0.00 | epoch: 1 pq: 2 rg: 48 | total time: 22.05m | eta: 14.8m
step 02287/03814 (59.96%) | loss: 3.721984 | lrm: 0.64 | dt: 560.56ms | tok/sec: 95,904 | bf16_mfu: 0.00 | epoch: 1 pq: 2 rg: 48 | total time: 22.06m | eta: 14.8m
step 02288/03814 (59.99%) | loss: 3.723055 | lrm: 0.63 | dt: 564.77ms | tok/sec: 95,189 | bf16_mfu: 0.00 | epoch: 1 pq: 2 rg: 48 | total time: 22.07m | eta: 14.8m
step 02289/03814 (60.02%) | loss: 3.732560 | lrm: 0.63 | dt: 611.68ms | tok/sec: 87,888 | bf16_mfu: 0.00 | epoch: 1 pq: 2 rg: 48 | total time: 22.08m | eta: 14.8m
step 02290/03814 (60.04%) | loss: 3.728980 | lrm: 0.63 | dt: 568.55ms | tok/sec: 94,556 | bf16_mfu: 0.00 | epoch: 1 pq: 2 rg: 48 | total time: 22.09m | eta: 14.8m
step 02291/03814 (60.07%) | loss: 3.715739 | lrm: 0.63 | dt: 712.25ms | tok/sec: 75,479 | bf16_mfu: 0.00 | epoch: 1 pq: 2 rg: 49 | total time: 22.10m | eta: 14.8m
step 02292/03814 (60.09%) | loss: 3.707373 | lrm: 0.63 | dt: 558.34ms | tok/sec: 96,284 | bf16_mfu: 0.00 | epoch: 1 pq: 2 rg: 49 | total time: 22.11m | eta: 14.7m
step 02293/03814 (60.12%) | loss: 3.717146 | lrm: 0.63 | dt: 562.36ms | tok/sec: 95,596 | bf16_mfu: 0.00 | epoch: 1 pq: 2 rg: 49 | total time: 22.12m | eta: 14.7m
step 02294/03814 (60.15%) | loss: 3.707615 | lrm: 0.63 | dt: 580.46ms | tok/sec: 92,616 | bf16_mfu: 0.00 | epoch: 1 pq: 2 rg: 49 | total time: 22.13m | eta: 14.7m
step 02295/03814 (60.17%) | loss: 3.744410 | lrm: 0.63 | dt: 564.06ms | tok/sec: 95,308 | bf16_mfu: 0.00 | epoch: 1 pq: 2 rg: 49 | total time: 22.14m | eta: 14.7m
step 02296/03814 (60.20%) | loss: 3.749680 | lrm: 0.63 | dt: 568.71ms | tok/sec: 94,529 | bf16_mfu: 0.00 | epoch: 1 pq: 2 rg: 49 | total time: 22.15m | eta: 14.7m
step 02297/03814 (60.23%) | loss: 3.727463 | lrm: 0.63 | dt: 558.92ms | tok/sec: 96,185 | bf16_mfu: 0.00 | epoch: 1 pq: 2 rg: 49 | total time: 22.16m | eta: 14.7m
step 02298/03814 (60.25%) | loss: 3.722920 | lrm: 0.63 | dt: 556.90ms | tok/sec: 96,535 | bf16_mfu: 0.00 | epoch: 1 pq: 2 rg: 49 | total time: 22.17m | eta: 14.7m
step 02299/03814 (60.28%) | loss: 3.718105 | lrm: 0.63 | dt: 561.62ms | tok/sec: 95,723 | bf16_mfu: 0.00 | epoch: 1 pq: 2 rg: 49 | total time: 22.18m | eta: 14.7m
step 02300/03814 (60.30%) | loss: 3.745874 | lrm: 0.63 | dt: 560.46ms | tok/sec: 95,921 | bf16_mfu: 0.00 | epoch: 1 pq: 2 rg: 49 | total time: 22.19m | eta: 14.7m
step 02301/03814 (60.33%) | loss: 3.745136 | lrm: 0.63 | dt: 631.59ms | tok/sec: 85,119 | bf16_mfu: 0.00 | epoch: 1 pq: 2 rg: 50 | total time: 22.20m | eta: 14.7m
step 02302/03814 (60.36%) | loss: 3.727228 | lrm: 0.63 | dt: 576.02ms | tok/sec: 93,330 | bf16_mfu: 0.00 | epoch: 1 pq: 2 rg: 50 | total time: 22.21m | eta: 14.7m
step 02303/03814 (60.38%) | loss: 3.717413 | lrm: 0.63 | dt: 558.80ms | tok/sec: 96,206 | bf16_mfu: 0.00 | epoch: 1 pq: 2 rg: 50 | total time: 22.22m | eta: 14.6m
step 02304/03814 (60.41%) | loss: 3.729509 | lrm: 0.63 | dt: 584.50ms | tok/sec: 91,976 | bf16_mfu: 0.00 | epoch: 1 pq: 2 rg: 50 | total time: 22.23m | eta: 14.6m
step 02305/03814 (60.44%) | loss: 3.739187 | lrm: 0.63 | dt: 558.74ms | tok/sec: 96,216 | bf16_mfu: 0.00 | epoch: 1 pq: 2 rg: 50 | total time: 22.24m | eta: 14.6m
step 02306/03814 (60.46%) | loss: 3.745933 | lrm: 0.63 | dt: 561.50ms | tok/sec: 95,742 | bf16_mfu: 0.00 | epoch: 1 pq: 2 rg: 50 | total time: 22.25m | eta: 14.6m
step 02307/03814 (60.49%) | loss: 3.724417 | lrm: 0.63 | dt: 557.81ms | tok/sec: 96,377 | bf16_mfu: 0.00 | epoch: 1 pq: 2 rg: 50 | total time: 22.25m | eta: 14.6m
step 02308/03814 (60.51%) | loss: 3.707420 | lrm: 0.63 | dt: 590.97ms | tok/sec: 90,969 | bf16_mfu: 0.00 | epoch: 1 pq: 2 rg: 50 | total time: 22.26m | eta: 14.6m
step 02309/03814 (60.54%) | loss: 3.705356 | lrm: 0.63 | dt: 559.28ms | tok/sec: 96,123 | bf16_mfu: 0.00 | epoch: 1 pq: 2 rg: 50 | total time: 22.27m | eta: 14.6m
step 02310/03814 (60.57%) | loss: 3.721675 | lrm: 0.63 | dt: 561.32ms | tok/sec: 95,773 | bf16_mfu: 0.00 | epoch: 1 pq: 2 rg: 50 | total time: 22.28m | eta: 14.6m
step 02311/03814 (60.59%) | loss: 3.733338 | lrm: 0.63 | dt: 646.45ms | tok/sec: 83,162 | bf16_mfu: 0.00 | epoch: 1 pq: 2 rg: 51 | total time: 22.29m | eta: 14.6m
step 02312/03814 (60.62%) | loss: 3.741725 | lrm: 0.63 | dt: 559.22ms | tok/sec: 96,133 | bf16_mfu: 0.00 | epoch: 1 pq: 2 rg: 51 | total time: 22.30m | eta: 14.6m
step 02313/03814 (60.64%) | loss: 3.715830 | lrm: 0.63 | dt: 564.79ms | tok/sec: 95,185 | bf16_mfu: 0.00 | epoch: 1 pq: 2 rg: 51 | total time: 22.31m | eta: 14.5m
step 02314/03814 (60.67%) | loss: 3.708330 | lrm: 0.62 | dt: 558.82ms | tok/sec: 96,202 | bf16_mfu: 0.00 | epoch: 1 pq: 2 rg: 51 | total time: 22.32m | eta: 14.5m
step 02315/03814 (60.70%) | loss: 3.706271 | lrm: 0.62 | dt: 562.82ms | tok/sec: 95,519 | bf16_mfu: 0.00 | epoch: 1 pq: 2 rg: 51 | total time: 22.33m | eta: 14.5m
step 02316/03814 (60.72%) | loss: 3.714120 | lrm: 0.62 | dt: 561.86ms | tok/sec: 95,681 | bf16_mfu: 0.00 | epoch: 1 pq: 2 rg: 51 | total time: 22.34m | eta: 14.5m
step 02317/03814 (60.75%) | loss: 3.734446 | lrm: 0.62 | dt: 556.74ms | tok/sec: 96,562 | bf16_mfu: 0.00 | epoch: 1 pq: 2 rg: 51 | total time: 22.35m | eta: 14.5m
step 02318/03814 (60.78%) | loss: 3.771805 | lrm: 0.62 | dt: 561.68ms | tok/sec: 95,712 | bf16_mfu: 0.00 | epoch: 1 pq: 2 rg: 51 | total time: 22.36m | eta: 14.5m
step 02319/03814 (60.80%) | loss: 3.775739 | lrm: 0.62 | dt: 580.73ms | tok/sec: 92,572 | bf16_mfu: 0.00 | epoch: 1 pq: 2 rg: 51 | total time: 22.37m | eta: 14.5m
step 02320/03814 (60.83%) | loss: 3.770033 | lrm: 0.62 | dt: 558.11ms | tok/sec: 96,325 | bf16_mfu: 0.00 | epoch: 1 pq: 2 rg: 51 | total time: 22.38m | eta: 14.5m
step 02321/03814 (60.85%) | loss: 3.772846 | lrm: 0.62 | dt: 712.91ms | tok/sec: 75,409 | bf16_mfu: 0.00 | epoch: 1 pq: 2 rg: 52 | total time: 22.39m | eta: 14.5m
step 02322/03814 (60.88%) | loss: 3.773611 | lrm: 0.62 | dt: 560.05ms | tok/sec: 95,991 | bf16_mfu: 0.00 | epoch: 1 pq: 2 rg: 52 | total time: 22.40m | eta: 14.5m
step 02323/03814 (60.91%) | loss: 3.780421 | lrm: 0.62 | dt: 580.91ms | tok/sec: 92,543 | bf16_mfu: 0.00 | epoch: 1 pq: 2 rg: 52 | total time: 22.41m | eta: 14.4m
step 02324/03814 (60.93%) | loss: 3.760890 | lrm: 0.62 | dt: 560.31ms | tok/sec: 95,947 | bf16_mfu: 0.00 | epoch: 1 pq: 2 rg: 52 | total time: 22.42m | eta: 14.4m
step 02325/03814 (60.96%) | loss: 3.752779 | lrm: 0.62 | dt: 559.48ms | tok/sec: 96,088 | bf16_mfu: 0.00 | epoch: 1 pq: 2 rg: 52 | total time: 22.43m | eta: 14.4m
step 02326/03814 (60.99%) | loss: 3.762140 | lrm: 0.62 | dt: 575.41ms | tok/sec: 93,429 | bf16_mfu: 0.00 | epoch: 1 pq: 2 rg: 52 | total time: 22.44m | eta: 14.4m
step 02327/03814 (61.01%) | loss: 3.768623 | lrm: 0.62 | dt: 558.44ms | tok/sec: 96,267 | bf16_mfu: 0.00 | epoch: 1 pq: 2 rg: 52 | total time: 22.45m | eta: 14.4m
step 02328/03814 (61.04%) | loss: 3.773995 | lrm: 0.62 | dt: 560.81ms | tok/sec: 95,861 | bf16_mfu: 0.00 | epoch: 1 pq: 2 rg: 52 | total time: 22.46m | eta: 14.4m
step 02329/03814 (61.06%) | loss: 3.751892 | lrm: 0.62 | dt: 561.25ms | tok/sec: 95,785 | bf16_mfu: 0.00 | epoch: 1 pq: 2 rg: 52 | total time: 22.47m | eta: 14.4m
step 02330/03814 (61.09%) | loss: 3.745008 | lrm: 0.62 | dt: 558.19ms | tok/sec: 96,311 | bf16_mfu: 0.00 | epoch: 1 pq: 2 rg: 52 | total time: 22.48m | eta: 14.4m
step 02331/03814 (61.12%) | loss: 3.742792 | lrm: 0.62 | dt: 625.95ms | tok/sec: 85,885 | bf16_mfu: 0.00 | epoch: 1 pq: 2 rg: 53 | total time: 22.49m | eta: 14.4m
step 02332/03814 (61.14%) | loss: 3.777932 | lrm: 0.62 | dt: 579.39ms | tok/sec: 92,786 | bf16_mfu: 0.00 | epoch: 1 pq: 2 rg: 53 | total time: 22.50m | eta: 14.4m
step 02333/03814 (61.17%) | loss: 3.788360 | lrm: 0.62 | dt: 562.89ms | tok/sec: 95,506 | bf16_mfu: 0.00 | epoch: 1 pq: 2 rg: 53 | total time: 22.50m | eta: 14.3m
step 02334/03814 (61.20%) | loss: 3.767959 | lrm: 0.62 | dt: 558.71ms | tok/sec: 96,221 | bf16_mfu: 0.00 | epoch: 1 pq: 2 rg: 53 | total time: 22.51m | eta: 14.3m
step 02335/03814 (61.22%) | loss: 3.750357 | lrm: 0.62 | dt: 563.07ms | tok/sec: 95,476 | bf16_mfu: 0.00 | epoch: 1 pq: 2 rg: 53 | total time: 22.52m | eta: 14.3m
step 02336/03814 (61.25%) | loss: 3.754891 | lrm: 0.62 | dt: 564.12ms | tok/sec: 95,299 | bf16_mfu: 0.00 | epoch: 1 pq: 2 rg: 53 | total time: 22.53m | eta: 14.3m
step 02337/03814 (61.27%) | loss: 3.774547 | lrm: 0.62 | dt: 597.29ms | tok/sec: 90,006 | bf16_mfu: 0.00 | epoch: 1 pq: 2 rg: 53 | total time: 22.54m | eta: 14.3m
step 02338/03814 (61.30%) | loss: 3.786628 | lrm: 0.62 | dt: 561.07ms | tok/sec: 95,816 | bf16_mfu: 0.00 | epoch: 1 pq: 2 rg: 53 | total time: 22.55m | eta: 14.3m
step 02339/03814 (61.33%) | loss: 3.777113 | lrm: 0.62 | dt: 563.94ms | tok/sec: 95,330 | bf16_mfu: 0.00 | epoch: 1 pq: 2 rg: 53 | total time: 22.56m | eta: 14.3m
step 02340/03814 (61.35%) | loss: 3.761778 | lrm: 0.61 | dt: 565.50ms | tok/sec: 95,065 | bf16_mfu: 0.00 | epoch: 1 pq: 2 rg: 53 | total time: 22.57m | eta: 14.3m
step 02341/03814 (61.38%) | loss: 3.766109 | lrm: 0.61 | dt: 564.73ms | tok/sec: 95,196 | bf16_mfu: 0.00 | epoch: 1 pq: 2 rg: 54 | total time: 22.58m | eta: 14.3m
step 02342/03814 (61.41%) | loss: 3.780670 | lrm: 0.61 | dt: 563.98ms | tok/sec: 95,322 | bf16_mfu: 0.00 | epoch: 1 pq: 2 rg: 54 | total time: 22.59m | eta: 14.3m
step 02343/03814 (61.43%) | loss: 3.773069 | lrm: 0.61 | dt: 560.14ms | tok/sec: 95,975 | bf16_mfu: 0.00 | epoch: 1 pq: 2 rg: 54 | total time: 22.60m | eta: 14.2m
step 02344/03814 (61.46%) | loss: 3.756611 | lrm: 0.61 | dt: 561.87ms | tok/sec: 95,679 | bf16_mfu: 0.00 | epoch: 1 pq: 2 rg: 54 | total time: 22.61m | eta: 14.2m
step 02345/03814 (61.48%) | loss: 3.743268 | lrm: 0.61 | dt: 564.87ms | tok/sec: 95,172 | bf16_mfu: 0.00 | epoch: 1 pq: 2 rg: 54 | total time: 22.62m | eta: 14.2m
step 02346/03814 (61.51%) | loss: 3.744032 | lrm: 0.61 | dt: 788.25ms | tok/sec: 68,201 | bf16_mfu: 0.00 | epoch: 1 pq: 2 rg: 54 | total time: 22.63m | eta: 14.2m
step 02347/03814 (61.54%) | loss: 3.749853 | lrm: 0.61 | dt: 561.39ms | tok/sec: 95,761 | bf16_mfu: 0.00 | epoch: 1 pq: 2 rg: 54 | total time: 22.64m | eta: 14.2m
step 02348/03814 (61.56%) | loss: 3.746451 | lrm: 0.61 | dt: 560.61ms | tok/sec: 95,895 | bf16_mfu: 0.00 | epoch: 1 pq: 2 rg: 54 | total time: 22.65m | eta: 14.2m
step 02349/03814 (61.59%) | loss: 3.739843 | lrm: 0.61 | dt: 562.55ms | tok/sec: 95,565 | bf16_mfu: 0.00 | epoch: 1 pq: 2 rg: 54 | total time: 22.66m | eta: 14.2m
step 02350/03814 (61.62%) | loss: 3.726613 | lrm: 0.61 | dt: 564.85ms | tok/sec: 95,175 | bf16_mfu: 0.00 | epoch: 1 pq: 2 rg: 54 | total time: 22.67m | eta: 14.2m
step 02351/03814 (61.64%) | loss: 3.719633 | lrm: 0.61 | dt: 632.74ms | tok/sec: 84,964 | bf16_mfu: 0.00 | epoch: 1 pq: 2 rg: 55 | total time: 22.68m | eta: 14.2m
step 02352/03814 (61.67%) | loss: 3.745492 | lrm: 0.61 | dt: 564.48ms | tok/sec: 95,238 | bf16_mfu: 0.00 | epoch: 1 pq: 2 rg: 55 | total time: 22.69m | eta: 14.2m
step 02353/03814 (61.69%) | loss: 3.731325 | lrm: 0.61 | dt: 626.45ms | tok/sec: 85,817 | bf16_mfu: 0.00 | epoch: 1 pq: 2 rg: 55 | total time: 22.70m | eta: 14.2m
step 02354/03814 (61.72%) | loss: 3.724681 | lrm: 0.61 | dt: 565.69ms | tok/sec: 95,034 | bf16_mfu: 0.00 | epoch: 1 pq: 2 rg: 55 | total time: 22.71m | eta: 14.1m
step 02355/03814 (61.75%) | loss: 3.706497 | lrm: 0.61 | dt: 567.02ms | tok/sec: 94,811 | bf16_mfu: 0.00 | epoch: 1 pq: 2 rg: 55 | total time: 22.72m | eta: 14.1m
step 02356/03814 (61.77%) | loss: 3.692612 | lrm: 0.61 | dt: 565.82ms | tok/sec: 95,012 | bf16_mfu: 0.00 | epoch: 1 pq: 2 rg: 55 | total time: 22.73m | eta: 14.1m
step 02357/03814 (61.80%) | loss: 3.722338 | lrm: 0.61 | dt: 567.76ms | tok/sec: 94,687 | bf16_mfu: 0.00 | epoch: 1 pq: 2 rg: 55 | total time: 22.74m | eta: 14.1m
step 02358/03814 (61.82%) | loss: 3.737253 | lrm: 0.61 | dt: 611.40ms | tok/sec: 87,928 | bf16_mfu: 0.00 | epoch: 1 pq: 2 rg: 55 | total time: 22.75m | eta: 14.1m
step 02359/03814 (61.85%) | loss: 3.729264 | lrm: 0.61 | dt: 569.85ms | tok/sec: 94,340 | bf16_mfu: 0.00 | epoch: 1 pq: 2 rg: 55 | total time: 22.76m | eta: 14.1m
step 02360/03814 (61.88%) | loss: 3.719550 | lrm: 0.61 | dt: 564.53ms | tok/sec: 95,229 | bf16_mfu: 0.00 | epoch: 1 pq: 2 rg: 56 | total time: 22.77m | eta: 14.1m
step 02361/03814 (61.90%) | loss: 3.712514 | lrm: 0.61 | dt: 562.54ms | tok/sec: 95,566 | bf16_mfu: 0.00 | epoch: 1 pq: 2 rg: 56 | total time: 22.78m | eta: 14.1m
step 02362/03814 (61.93%) | loss: 3.719084 | lrm: 0.61 | dt: 565.63ms | tok/sec: 95,044 | bf16_mfu: 0.00 | epoch: 1 pq: 2 rg: 56 | total time: 22.78m | eta: 14.1m
step 02363/03814 (61.96%) | loss: 3.723380 | lrm: 0.61 | dt: 560.26ms | tok/sec: 95,955 | bf16_mfu: 0.00 | epoch: 1 pq: 2 rg: 56 | total time: 22.79m | eta: 14.1m
step 02364/03814 (61.98%) | loss: 3.725944 | lrm: 0.61 | dt: 560.06ms | tok/sec: 95,989 | bf16_mfu: 0.00 | epoch: 1 pq: 2 rg: 56 | total time: 22.80m | eta: 14.0m
step 02365/03814 (62.01%) | loss: 3.713957 | lrm: 0.61 | dt: 565.62ms | tok/sec: 95,045 | bf16_mfu: 0.00 | epoch: 1 pq: 2 rg: 56 | total time: 22.81m | eta: 14.0m
step 02366/03814 (62.03%) | loss: 3.708179 | lrm: 0.60 | dt: 566.86ms | tok/sec: 94,838 | bf16_mfu: 0.00 | epoch: 1 pq: 2 rg: 56 | total time: 22.82m | eta: 14.0m
step 02367/03814 (62.06%) | loss: 3.718941 | lrm: 0.60 | dt: 565.79ms | tok/sec: 95,017 | bf16_mfu: 0.00 | epoch: 1 pq: 2 rg: 56 | total time: 22.83m | eta: 14.0m
step 02368/03814 (62.09%) | loss: 3.738224 | lrm: 0.60 | dt: 567.82ms | tok/sec: 94,677 | bf16_mfu: 0.00 | epoch: 1 pq: 2 rg: 56 | total time: 22.84m | eta: 14.0m
step 02369/03814 (62.11%) | loss: 3.742103 | lrm: 0.60 | dt: 591.75ms | tok/sec: 90,849 | bf16_mfu: 0.00 | epoch: 1 pq: 2 rg: 56 | total time: 22.85m | eta: 14.0m
step 02370/03814 (62.14%) | loss: 3.729507 | lrm: 0.60 | dt: 564.36ms | tok/sec: 95,257 | bf16_mfu: 0.00 | epoch: 1 pq: 2 rg: 57 | total time: 22.86m | eta: 14.0m
step 02371/03814 (62.17%) | loss: 3.721918 | lrm: 0.60 | dt: 564.30ms | tok/sec: 95,269 | bf16_mfu: 0.00 | epoch: 1 pq: 2 rg: 57 | total time: 22.87m | eta: 14.0m
step 02372/03814 (62.19%) | loss: 3.732706 | lrm: 0.60 | dt: 643.57ms | tok/sec: 83,533 | bf16_mfu: 0.00 | epoch: 1 pq: 2 rg: 57 | total time: 22.88m | eta: 14.0m
step 02373/03814 (62.22%) | loss: 3.744471 | lrm: 0.60 | dt: 560.52ms | tok/sec: 95,911 | bf16_mfu: 0.00 | epoch: 1 pq: 2 rg: 57 | total time: 22.89m | eta: 14.0m
step 02374/03814 (62.24%) | loss: 3.738030 | lrm: 0.60 | dt: 560.25ms | tok/sec: 95,956 | bf16_mfu: 0.00 | epoch: 1 pq: 2 rg: 57 | total time: 22.90m | eta: 13.9m
step 02375/03814 (62.27%) | loss: 3.736773 | lrm: 0.60 | dt: 566.11ms | tok/sec: 94,963 | bf16_mfu: 0.00 | epoch: 1 pq: 2 rg: 57 | total time: 22.91m | eta: 13.9m
step 02376/03814 (62.30%) | loss: 3.744757 | lrm: 0.60 | dt: 566.70ms | tok/sec: 94,864 | bf16_mfu: 0.00 | epoch: 1 pq: 2 rg: 57 | total time: 22.92m | eta: 13.9m
step 02377/03814 (62.32%) | loss: 3.754056 | lrm: 0.60 | dt: 581.23ms | tok/sec: 92,493 | bf16_mfu: 0.00 | epoch: 1 pq: 2 rg: 57 | total time: 22.93m | eta: 13.9m
step 02378/03814 (62.35%) | loss: 3.743603 | lrm: 0.60 | dt: 566.32ms | tok/sec: 94,929 | bf16_mfu: 0.00 | epoch: 1 pq: 2 rg: 57 | total time: 22.94m | eta: 13.9m
step 02379/03814 (62.38%) | loss: 3.748965 | lrm: 0.60 | dt: 560.97ms | tok/sec: 95,833 | bf16_mfu: 0.00 | epoch: 1 pq: 2 rg: 57 | total time: 22.95m | eta: 13.9m
step 02380/03814 (62.40%) | loss: 3.739396 | lrm: 0.60 | dt: 572.12ms | tok/sec: 93,966 | bf16_mfu: 0.00 | epoch: 1 pq: 2 rg: 58 | total time: 22.96m | eta: 13.9m
step 02381/03814 (62.43%) | loss: 3.726701 | lrm: 0.60 | dt: 559.88ms | tok/sec: 96,020 | bf16_mfu: 0.00 | epoch: 1 pq: 2 rg: 58 | total time: 22.97m | eta: 13.9m
step 02382/03814 (62.45%) | loss: 3.719053 | lrm: 0.60 | dt: 562.11ms | tok/sec: 95,640 | bf16_mfu: 0.00 | epoch: 1 pq: 2 rg: 58 | total time: 22.97m | eta: 13.9m
step 02383/03814 (62.48%) | loss: 3.731097 | lrm: 0.60 | dt: 567.24ms | tok/sec: 94,775 | bf16_mfu: 0.00 | epoch: 1 pq: 2 rg: 58 | total time: 22.98m | eta: 13.9m
step 02384/03814 (62.51%) | loss: 3.744417 | lrm: 0.60 | dt: 581.69ms | tok/sec: 92,420 | bf16_mfu: 0.00 | epoch: 1 pq: 2 rg: 58 | total time: 22.99m | eta: 13.9m
step 02385/03814 (62.53%) | loss: 3.730027 | lrm: 0.60 | dt: 565.85ms | tok/sec: 95,007 | bf16_mfu: 0.00 | epoch: 1 pq: 2 rg: 58 | total time: 23.00m | eta: 13.8m
step 02386/03814 (62.56%) | loss: 3.742356 | lrm: 0.60 | dt: 562.81ms | tok/sec: 95,520 | bf16_mfu: 0.00 | epoch: 1 pq: 2 rg: 58 | total time: 23.01m | eta: 13.8m
step 02387/03814 (62.59%) | loss: 3.741933 | lrm: 0.60 | dt: 561.59ms | tok/sec: 95,727 | bf16_mfu: 0.00 | epoch: 1 pq: 2 rg: 58 | total time: 23.02m | eta: 13.8m
step 02388/03814 (62.61%) | loss: 3.760384 | lrm: 0.60 | dt: 561.36ms | tok/sec: 95,766 | bf16_mfu: 0.00 | epoch: 1 pq: 2 rg: 58 | total time: 23.03m | eta: 13.8m
step 02389/03814 (62.64%) | loss: 3.759698 | lrm: 0.60 | dt: 564.92ms | tok/sec: 95,164 | bf16_mfu: 0.00 | epoch: 1 pq: 2 rg: 58 | total time: 23.04m | eta: 13.8m
step 02390/03814 (62.66%) | loss: 3.758919 | lrm: 0.60 | dt: 669.28ms | tok/sec: 80,324 | bf16_mfu: 0.00 | epoch: 1 pq: 2 rg: 59 | total time: 23.05m | eta: 13.8m
step 02391/03814 (62.69%) | loss: 3.745580 | lrm: 0.60 | dt: 564.06ms | tok/sec: 95,308 | bf16_mfu: 0.00 | epoch: 1 pq: 2 rg: 59 | total time: 23.06m | eta: 13.8m
step 02392/03814 (62.72%) | loss: 3.751780 | lrm: 0.59 | dt: 565.20ms | tok/sec: 95,117 | bf16_mfu: 0.00 | epoch: 1 pq: 2 rg: 59 | total time: 23.07m | eta: 13.8m
step 02393/03814 (62.74%) | loss: 3.744782 | lrm: 0.59 | dt: 587.36ms | tok/sec: 91,527 | bf16_mfu: 0.00 | epoch: 1 pq: 2 rg: 59 | total time: 23.08m | eta: 13.8m
step 02394/03814 (62.77%) | loss: 3.734450 | lrm: 0.59 | dt: 565.61ms | tok/sec: 95,047 | bf16_mfu: 0.00 | epoch: 1 pq: 2 rg: 59 | total time: 23.09m | eta: 13.8m
step 02395/03814 (62.79%) | loss: 3.704041 | lrm: 0.59 | dt: 566.90ms | tok/sec: 94,831 | bf16_mfu: 0.00 | epoch: 1 pq: 2 rg: 59 | total time: 23.10m | eta: 13.7m
step 02396/03814 (62.82%) | loss: 3.686208 | lrm: 0.59 | dt: 565.60ms | tok/sec: 95,049 | bf16_mfu: 0.00 | epoch: 1 pq: 2 rg: 59 | total time: 23.11m | eta: 13.7m
step 02397/03814 (62.85%) | loss: 3.706764 | lrm: 0.59 | dt: 565.71ms | tok/sec: 95,030 | bf16_mfu: 0.00 | epoch: 1 pq: 2 rg: 59 | total time: 23.12m | eta: 13.7m
step 02398/03814 (62.87%) | loss: 3.717429 | lrm: 0.59 | dt: 567.06ms | tok/sec: 94,804 | bf16_mfu: 0.00 | epoch: 1 pq: 2 rg: 59 | total time: 23.13m | eta: 13.7m
step 02399/03814 (62.90%) | loss: 3.722874 | lrm: 0.59 | dt: 564.88ms | tok/sec: 95,171 | bf16_mfu: 0.00 | epoch: 1 pq: 2 rg: 59 | total time: 23.14m | eta: 13.7m
step 02400/03814 (62.93%) | loss: 3.702797 | lrm: 0.59 | dt: 685.52ms | tok/sec: 78,421 | bf16_mfu: 0.00 | epoch: 1 pq: 2 rg: 60 | total time: 23.15m | eta: 13.7m
step 02401/03814 (62.95%) | loss: 3.699739 | lrm: 0.59 | dt: 569.49ms | tok/sec: 94,400 | bf16_mfu: 0.00 | epoch: 1 pq: 2 rg: 60 | total time: 23.16m | eta: 13.7m
step 02402/03814 (62.98%) | loss: 3.709097 | lrm: 0.59 | dt: 569.33ms | tok/sec: 94,426 | bf16_mfu: 0.00 | epoch: 1 pq: 2 rg: 60 | total time: 23.17m | eta: 13.7m
step 02403/03814 (63.00%) | loss: 3.732524 | lrm: 0.59 | dt: 605.37ms | tok/sec: 88,805 | bf16_mfu: 0.00 | epoch: 1 pq: 2 rg: 60 | total time: 23.18m | eta: 13.7m
step 02404/03814 (63.03%) | loss: 3.714641 | lrm: 0.59 | dt: 584.51ms | tok/sec: 91,975 | bf16_mfu: 0.00 | epoch: 1 pq: 2 rg: 60 | total time: 23.19m | eta: 13.7m
step 02405/03814 (63.06%) | loss: 3.694936 | lrm: 0.59 | dt: 655.44ms | tok/sec: 82,021 | bf16_mfu: 0.00 | epoch: 1 pq: 2 rg: 60 | total time: 23.20m | eta: 13.6m
step 02406/03814 (63.08%) | loss: 3.684848 | lrm: 0.59 | dt: 561.93ms | tok/sec: 95,671 | bf16_mfu: 0.00 | epoch: 1 pq: 2 rg: 60 | total time: 23.21m | eta: 13.6m
step 02407/03814 (63.11%) | loss: 3.698229 | lrm: 0.59 | dt: 564.09ms | tok/sec: 95,303 | bf16_mfu: 0.00 | epoch: 1 pq: 2 rg: 60 | total time: 23.22m | eta: 13.6m
step 02408/03814 (63.14%) | loss: 3.696129 | lrm: 0.59 | dt: 564.21ms | tok/sec: 95,283 | bf16_mfu: 0.00 | epoch: 1 pq: 2 rg: 60 | total time: 23.23m | eta: 13.6m
step 02409/03814 (63.16%) | loss: 3.699091 | lrm: 0.59 | dt: 565.95ms | tok/sec: 94,991 | bf16_mfu: 0.00 | epoch: 1 pq: 2 rg: 60 | total time: 23.24m | eta: 13.6m
step 02410/03814 (63.19%) | loss: 3.687812 | lrm: 0.59 | dt: 572.76ms | tok/sec: 93,861 | bf16_mfu: 0.00 | epoch: 1 pq: 2 rg: 61 | total time: 23.25m | eta: 13.6m
step 02411/03814 (63.21%) | loss: 3.690242 | lrm: 0.59 | dt: 562.01ms | tok/sec: 95,656 | bf16_mfu: 0.00 | epoch: 1 pq: 2 rg: 61 | total time: 23.25m | eta: 13.6m
step 02412/03814 (63.24%) | loss: 3.701716 | lrm: 0.59 | dt: 564.81ms | tok/sec: 95,182 | bf16_mfu: 0.00 | epoch: 1 pq: 2 rg: 61 | total time: 23.26m | eta: 13.6m
step 02413/03814 (63.27%) | loss: 3.708751 | lrm: 0.59 | dt: 564.60ms | tok/sec: 95,218 | bf16_mfu: 0.00 | epoch: 1 pq: 2 rg: 61 | total time: 23.27m | eta: 13.6m
step 02414/03814 (63.29%) | loss: 3.698177 | lrm: 0.59 | dt: 565.55ms | tok/sec: 95,057 | bf16_mfu: 0.00 | epoch: 1 pq: 2 rg: 61 | total time: 23.28m | eta: 13.6m
step 02415/03814 (63.32%) | loss: 3.689180 | lrm: 0.59 | dt: 565.64ms | tok/sec: 95,043 | bf16_mfu: 0.00 | epoch: 1 pq: 2 rg: 61 | total time: 23.29m | eta: 13.5m
step 02416/03814 (63.35%) | loss: 3.711147 | lrm: 0.59 | dt: 566.71ms | tok/sec: 94,864 | bf16_mfu: 0.00 | epoch: 1 pq: 2 rg: 61 | total time: 23.30m | eta: 13.5m
step 02417/03814 (63.37%) | loss: 3.744077 | lrm: 0.59 | dt: 606.58ms | tok/sec: 88,627 | bf16_mfu: 0.00 | epoch: 1 pq: 2 rg: 61 | total time: 23.31m | eta: 13.5m
step 02418/03814 (63.40%) | loss: 3.731536 | lrm: 0.58 | dt: 570.06ms | tok/sec: 94,305 | bf16_mfu: 0.00 | epoch: 1 pq: 2 rg: 61 | total time: 23.32m | eta: 13.5m
step 02419/03814 (63.42%) | loss: 3.731248 | lrm: 0.58 | dt: 562.65ms | tok/sec: 95,547 | bf16_mfu: 0.00 | epoch: 1 pq: 2 rg: 61 | total time: 23.33m | eta: 13.5m
step 02420/03814 (63.45%) | loss: 3.719418 | lrm: 0.58 | dt: 571.87ms | tok/sec: 94,007 | bf16_mfu: 0.00 | epoch: 1 pq: 2 rg: 61 | total time: 23.34m | eta: 13.5m
step 02421/03814 (63.48%) | loss: 3.713231 | lrm: 0.58 | dt: 596.60ms | tok/sec: 90,111 | bf16_mfu: 0.00 | epoch: 1 pq: 2 rg: 62 | total time: 23.35m | eta: 13.5m
step 02422/03814 (63.50%) | loss: 3.728539 | lrm: 0.58 | dt: 563.69ms | tok/sec: 95,371 | bf16_mfu: 0.00 | epoch: 1 pq: 2 rg: 62 | total time: 23.36m | eta: 13.5m
step 02423/03814 (63.53%) | loss: 3.722181 | lrm: 0.58 | dt: 558.04ms | tok/sec: 96,336 | bf16_mfu: 0.00 | epoch: 1 pq: 2 rg: 62 | total time: 23.37m | eta: 13.5m
step 02424/03814 (63.56%) | loss: 3.722718 | lrm: 0.58 | dt: 564.37ms | tok/sec: 95,256 | bf16_mfu: 0.00 | epoch: 1 pq: 2 rg: 62 | total time: 23.38m | eta: 13.5m
step 02425/03814 (63.58%) | loss: 3.726574 | lrm: 0.58 | dt: 645.35ms | tok/sec: 83,303 | bf16_mfu: 0.00 | epoch: 1 pq: 2 rg: 62 | total time: 23.39m | eta: 13.5m
step 02426/03814 (63.61%) | loss: 3.731128 | lrm: 0.58 | dt: 570.06ms | tok/sec: 94,306 | bf16_mfu: 0.00 | epoch: 1 pq: 2 rg: 62 | total time: 23.40m | eta: 13.4m
step 02427/03814 (63.63%) | loss: 3.732140 | lrm: 0.58 | dt: 564.61ms | tok/sec: 95,216 | bf16_mfu: 0.00 | epoch: 1 pq: 2 rg: 62 | total time: 23.41m | eta: 13.4m
step 02428/03814 (63.66%) | loss: 3.734192 | lrm: 0.58 | dt: 603.86ms | tok/sec: 89,027 | bf16_mfu: 0.00 | epoch: 1 pq: 2 rg: 62 | total time: 23.42m | eta: 13.4m
step 02429/03814 (63.69%) | loss: 3.727660 | lrm: 0.58 | dt: 566.64ms | tok/sec: 94,875 | bf16_mfu: 0.00 | epoch: 1 pq: 2 rg: 62 | total time: 23.43m | eta: 13.4m
step 02430/03814 (63.71%) | loss: 3.728214 | lrm: 0.58 | dt: 568.95ms | tok/sec: 94,490 | bf16_mfu: 0.00 | epoch: 1 pq: 2 rg: 62 | total time: 23.44m | eta: 13.4m
step 02431/03814 (63.74%) | loss: 3.742877 | lrm: 0.58 | dt: 621.56ms | tok/sec: 86,491 | bf16_mfu: 0.00 | epoch: 1 pq: 2 rg: 63 | total time: 23.45m | eta: 13.4m
step 02432/03814 (63.77%) | loss: 3.752318 | lrm: 0.58 | dt: 584.06ms | tok/sec: 92,045 | bf16_mfu: 0.00 | epoch: 1 pq: 2 rg: 63 | total time: 23.46m | eta: 13.4m
step 02433/03814 (63.79%) | loss: 3.745967 | lrm: 0.58 | dt: 602.38ms | tok/sec: 89,246 | bf16_mfu: 0.00 | epoch: 1 pq: 2 rg: 63 | total time: 23.47m | eta: 13.4m
step 02434/03814 (63.82%) | loss: 3.744360 | lrm: 0.58 | dt: 563.70ms | tok/sec: 95,370 | bf16_mfu: 0.00 | epoch: 1 pq: 2 rg: 63 | total time: 23.48m | eta: 13.4m
step 02435/03814 (63.84%) | loss: 3.758807 | lrm: 0.58 | dt: 564.47ms | tok/sec: 95,240 | bf16_mfu: 0.00 | epoch: 1 pq: 2 rg: 63 | total time: 23.49m | eta: 13.4m
step 02436/03814 (63.87%) | loss: 3.784394 | lrm: 0.58 | dt: 566.13ms | tok/sec: 94,960 | bf16_mfu: 0.00 | epoch: 1 pq: 2 rg: 63 | total time: 23.50m | eta: 13.3m
step 02437/03814 (63.90%) | loss: 3.780949 | lrm: 0.58 | dt: 566.41ms | tok/sec: 94,913 | bf16_mfu: 0.00 | epoch: 1 pq: 2 rg: 63 | total time: 23.50m | eta: 13.3m
step 02438/03814 (63.92%) | loss: 3.764591 | lrm: 0.58 | dt: 567.19ms | tok/sec: 94,783 | bf16_mfu: 0.00 | epoch: 1 pq: 2 rg: 63 | total time: 23.51m | eta: 13.3m
step 02439/03814 (63.95%) | loss: 3.745944 | lrm: 0.58 | dt: 567.01ms | tok/sec: 94,813 | bf16_mfu: 0.00 | epoch: 1 pq: 2 rg: 63 | total time: 23.52m | eta: 13.3m
step 02440/03814 (63.97%) | loss: 3.752461 | lrm: 0.58 | dt: 564.98ms | tok/sec: 95,154 | bf16_mfu: 0.00 | epoch: 1 pq: 2 rg: 63 | total time: 23.53m | eta: 13.3m
step 02441/03814 (64.00%) | loss: 3.759402 | lrm: 0.58 | dt: 571.90ms | tok/sec: 94,001 | bf16_mfu: 0.00 | epoch: 1 pq: 2 rg: 64 | total time: 23.54m | eta: 13.3m
step 02442/03814 (64.03%) | loss: 3.749271 | lrm: 0.58 | dt: 562.66ms | tok/sec: 95,546 | bf16_mfu: 0.00 | epoch: 1 pq: 2 rg: 64 | total time: 23.55m | eta: 13.3m
step 02443/03814 (64.05%) | loss: 3.736267 | lrm: 0.58 | dt: 563.46ms | tok/sec: 95,411 | bf16_mfu: 0.00 | epoch: 1 pq: 2 rg: 64 | total time: 23.56m | eta: 13.3m
step 02444/03814 (64.08%) | loss: 3.724391 | lrm: 0.58 | dt: 565.54ms | tok/sec: 95,059 | bf16_mfu: 0.00 | epoch: 1 pq: 2 rg: 64 | total time: 23.57m | eta: 13.3m
step 02445/03814 (64.11%) | loss: 3.740295 | lrm: 0.57 | dt: 564.86ms | tok/sec: 95,173 | bf16_mfu: 0.00 | epoch: 1 pq: 2 rg: 64 | total time: 23.58m | eta: 13.3m
step 02446/03814 (64.13%) | loss: 3.722735 | lrm: 0.57 | dt: 560.65ms | tok/sec: 95,889 | bf16_mfu: 0.00 | epoch: 1 pq: 2 rg: 64 | total time: 23.59m | eta: 13.2m
step 02447/03814 (64.16%) | loss: 3.704154 | lrm: 0.57 | dt: 580.57ms | tok/sec: 92,598 | bf16_mfu: 0.00 | epoch: 1 pq: 2 rg: 64 | total time: 23.60m | eta: 13.2m
step 02448/03814 (64.18%) | loss: 3.691223 | lrm: 0.57 | dt: 564.55ms | tok/sec: 95,226 | bf16_mfu: 0.00 | epoch: 1 pq: 2 rg: 64 | total time: 23.61m | eta: 13.2m
step 02449/03814 (64.21%) | loss: 3.706536 | lrm: 0.57 | dt: 566.57ms | tok/sec: 94,886 | bf16_mfu: 0.00 | epoch: 1 pq: 2 rg: 64 | total time: 23.62m | eta: 13.2m
step 02450/03814 (64.24%) | loss: 3.697436 | lrm: 0.57 | dt: 566.93ms | tok/sec: 94,826 | bf16_mfu: 0.00 | epoch: 1 pq: 2 rg: 64 | total time: 23.63m | eta: 13.2m
step 02451/03814 (64.26%) | loss: 3.684116 | lrm: 0.57 | dt: 644.64ms | tok/sec: 83,395 | bf16_mfu: 0.00 | epoch: 1 pq: 2 rg: 65 | total time: 23.64m | eta: 13.2m
step 02452/03814 (64.29%) | loss: 3.670045 | lrm: 0.57 | dt: 566.21ms | tok/sec: 94,946 | bf16_mfu: 0.00 | epoch: 1 pq: 2 rg: 65 | total time: 23.65m | eta: 13.2m
step 02453/03814 (64.32%) | loss: 3.679325 | lrm: 0.57 | dt: 569.82ms | tok/sec: 94,345 | bf16_mfu: 0.00 | epoch: 1 pq: 2 rg: 65 | total time: 23.66m | eta: 13.2m
step 02454/03814 (64.34%) | loss: 3.676456 | lrm: 0.57 | dt: 563.32ms | tok/sec: 95,433 | bf16_mfu: 0.00 | epoch: 1 pq: 2 rg: 65 | total time: 23.67m | eta: 13.2m
step 02455/03814 (64.37%) | loss: 3.673477 | lrm: 0.57 | dt: 561.65ms | tok/sec: 95,717 | bf16_mfu: 0.00 | epoch: 1 pq: 2 rg: 65 | total time: 23.68m | eta: 13.2m
step 02456/03814 (64.39%) | loss: 3.667180 | lrm: 0.57 | dt: 556.99ms | tok/sec: 96,518 | bf16_mfu: 0.00 | epoch: 1 pq: 2 rg: 65 | total time: 23.69m | eta: 13.1m
step 02457/03814 (64.42%) | loss: 3.663627 | lrm: 0.57 | dt: 561.45ms | tok/sec: 95,752 | bf16_mfu: 0.00 | epoch: 1 pq: 2 rg: 65 | total time: 23.69m | eta: 13.1m
step 02458/03814 (64.45%) | loss: 3.667571 | lrm: 0.57 | dt: 564.61ms | tok/sec: 95,216 | bf16_mfu: 0.00 | epoch: 1 pq: 2 rg: 65 | total time: 23.70m | eta: 13.1m
step 02459/03814 (64.47%) | loss: 3.677247 | lrm: 0.57 | dt: 610.58ms | tok/sec: 88,047 | bf16_mfu: 0.00 | epoch: 1 pq: 2 rg: 65 | total time: 23.71m | eta: 13.1m
step 02460/03814 (64.50%) | loss: 3.696145 | lrm: 0.57 | dt: 565.13ms | tok/sec: 95,127 | bf16_mfu: 0.00 | epoch: 1 pq: 2 rg: 65 | total time: 23.72m | eta: 13.1m
step 02461/03814 (64.53%) | loss: 3.691494 | lrm: 0.57 | dt: 578.88ms | tok/sec: 92,868 | bf16_mfu: 0.00 | epoch: 1 pq: 2 rg: 66 | total time: 23.73m | eta: 13.1m
step 02462/03814 (64.55%) | loss: 3.692127 | lrm: 0.57 | dt: 559.67ms | tok/sec: 96,056 | bf16_mfu: 0.00 | epoch: 1 pq: 2 rg: 66 | total time: 23.74m | eta: 13.1m
step 02463/03814 (64.58%) | loss: 3.684312 | lrm: 0.57 | dt: 604.96ms | tok/sec: 88,865 | bf16_mfu: 0.00 | epoch: 1 pq: 2 rg: 66 | total time: 23.75m | eta: 13.1m
step 02464/03814 (64.60%) | loss: 3.697515 | lrm: 0.57 | dt: 571.56ms | tok/sec: 94,057 | bf16_mfu: 0.00 | epoch: 1 pq: 2 rg: 66 | total time: 23.76m | eta: 13.1m
step 02465/03814 (64.63%) | loss: 3.706254 | lrm: 0.57 | dt: 561.65ms | tok/sec: 95,717 | bf16_mfu: 0.00 | epoch: 1 pq: 2 rg: 66 | total time: 23.77m | eta: 13.1m
step 02466/03814 (64.66%) | loss: 3.687939 | lrm: 0.57 | dt: 563.60ms | tok/sec: 95,386 | bf16_mfu: 0.00 | epoch: 1 pq: 2 rg: 66 | total time: 23.78m | eta: 13.1m
step 02467/03814 (64.68%) | loss: 3.670603 | lrm: 0.57 | dt: 561.57ms | tok/sec: 95,732 | bf16_mfu: 0.00 | epoch: 1 pq: 2 rg: 66 | total time: 23.79m | eta: 13.0m
step 02468/03814 (64.71%) | loss: 3.688806 | lrm: 0.57 | dt: 560.44ms | tok/sec: 95,924 | bf16_mfu: 0.00 | epoch: 1 pq: 2 rg: 66 | total time: 23.80m | eta: 13.0m
step 02469/03814 (64.74%) | loss: 3.693149 | lrm: 0.57 | dt: 565.04ms | tok/sec: 95,143 | bf16_mfu: 0.00 | epoch: 1 pq: 2 rg: 66 | total time: 23.81m | eta: 13.0m
step 02470/03814 (64.76%) | loss: 3.688089 | lrm: 0.57 | dt: 571.67ms | tok/sec: 94,039 | bf16_mfu: 0.00 | epoch: 1 pq: 2 rg: 66 | total time: 23.82m | eta: 13.0m
step 02471/03814 (64.79%) | loss: 3.681237 | lrm: 0.56 | dt: 647.50ms | tok/sec: 83,026 | bf16_mfu: 0.00 | epoch: 1 pq: 2 rg: 67 | total time: 23.83m | eta: 13.0m
step 02472/03814 (64.81%) | loss: 3.685973 | lrm: 0.56 | dt: 562.76ms | tok/sec: 95,529 | bf16_mfu: 0.00 | epoch: 1 pq: 2 rg: 67 | total time: 23.84m | eta: 13.0m
step 02473/03814 (64.84%) | loss: 3.683480 | lrm: 0.56 | dt: 566.84ms | tok/sec: 94,841 | bf16_mfu: 0.00 | epoch: 1 pq: 2 rg: 67 | total time: 23.85m | eta: 13.0m
step 02474/03814 (64.87%) | loss: 3.681645 | lrm: 0.56 | dt: 568.57ms | tok/sec: 94,552 | bf16_mfu: 0.00 | epoch: 1 pq: 2 rg: 67 | total time: 23.86m | eta: 13.0m
step 02475/03814 (64.89%) | loss: 3.673352 | lrm: 0.56 | dt: 561.55ms | tok/sec: 95,734 | bf16_mfu: 0.00 | epoch: 1 pq: 2 rg: 67 | total time: 23.87m | eta: 13.0m
step 02476/03814 (64.92%) | loss: 3.671330 | lrm: 0.56 | dt: 560.00ms | tok/sec: 95,999 | bf16_mfu: 0.00 | epoch: 1 pq: 2 rg: 67 | total time: 23.88m | eta: 13.0m
step 02477/03814 (64.94%) | loss: 3.668690 | lrm: 0.56 | dt: 559.41ms | tok/sec: 96,101 | bf16_mfu: 0.00 | epoch: 1 pq: 2 rg: 67 | total time: 23.89m | eta: 12.9m
step 02478/03814 (64.97%) | loss: 3.676232 | lrm: 0.56 | dt: 558.88ms | tok/sec: 96,193 | bf16_mfu: 0.00 | epoch: 1 pq: 2 rg: 67 | total time: 23.90m | eta: 12.9m
step 02479/03814 (65.00%) | loss: 3.684003 | lrm: 0.56 | dt: 581.10ms | tok/sec: 92,514 | bf16_mfu: 0.00 | epoch: 1 pq: 2 rg: 67 | total time: 23.90m | eta: 12.9m
step 02480/03814 (65.02%) | loss: 3.684407 | lrm: 0.56 | dt: 570.98ms | tok/sec: 94,154 | bf16_mfu: 0.00 | epoch: 1 pq: 2 rg: 67 | total time: 23.91m | eta: 12.9m
step 02481/03814 (65.05%) | loss: 3.671392 | lrm: 0.56 | dt: 559.74ms | tok/sec: 96,044 | bf16_mfu: 0.00 | epoch: 1 pq: 2 rg: 67 | total time: 23.92m | eta: 12.9m
step 02482/03814 (65.08%) | loss: 3.688559 | lrm: 0.56 | dt: 609.18ms | tok/sec: 88,249 | bf16_mfu: 0.00 | epoch: 1 pq: 2 rg: 68 | total time: 23.93m | eta: 12.9m
step 02483/03814 (65.10%) | loss: 3.694745 | lrm: 0.56 | dt: 565.94ms | tok/sec: 94,993 | bf16_mfu: 0.00 | epoch: 1 pq: 2 rg: 68 | total time: 23.94m | eta: 12.9m
step 02484/03814 (65.13%) | loss: 3.675429 | lrm: 0.56 | dt: 565.58ms | tok/sec: 95,052 | bf16_mfu: 0.00 | epoch: 1 pq: 2 rg: 68 | total time: 23.95m | eta: 12.9m
step 02485/03814 (65.15%) | loss: 3.667222 | lrm: 0.56 | dt: 561.57ms | tok/sec: 95,731 | bf16_mfu: 0.00 | epoch: 1 pq: 2 rg: 68 | total time: 23.96m | eta: 12.9m
step 02486/03814 (65.18%) | loss: 3.651667 | lrm: 0.56 | dt: 559.17ms | tok/sec: 96,142 | bf16_mfu: 0.00 | epoch: 1 pq: 2 rg: 68 | total time: 23.97m | eta: 12.9m
step 02487/03814 (65.21%) | loss: 3.671385 | lrm: 0.56 | dt: 561.39ms | tok/sec: 95,762 | bf16_mfu: 0.00 | epoch: 1 pq: 2 rg: 68 | total time: 23.98m | eta: 12.8m
step 02488/03814 (65.23%) | loss: 3.677215 | lrm: 0.56 | dt: 723.32ms | tok/sec: 74,324 | bf16_mfu: 0.00 | epoch: 1 pq: 2 rg: 68 | total time: 23.99m | eta: 12.8m
step 02489/03814 (65.26%) | loss: 3.673405 | lrm: 0.56 | dt: 861.48ms | tok/sec: 62,403 | bf16_mfu: 0.00 | epoch: 1 pq: 2 rg: 68 | total time: 24.01m | eta: 12.8m
step 02490/03814 (65.29%) | loss: 3.653490 | lrm: 0.56 | dt: 563.96ms | tok/sec: 95,325 | bf16_mfu: 0.00 | epoch: 1 pq: 2 rg: 68 | total time: 24.02m | eta: 12.8m
step 02491/03814 (65.31%) | loss: 3.636213 | lrm: 0.56 | dt: 563.77ms | tok/sec: 95,358 | bf16_mfu: 0.00 | epoch: 1 pq: 2 rg: 68 | total time: 24.03m | eta: 12.8m
step 02492/03814 (65.34%) | loss: 3.634367 | lrm: 0.56 | dt: 691.40ms | tok/sec: 77,755 | bf16_mfu: 0.00 | epoch: 1 pq: 2 rg: 69 | total time: 24.04m | eta: 12.8m
step 02493/03814 (65.36%) | loss: 3.650920 | lrm: 0.56 | dt: 567.00ms | tok/sec: 94,814 | bf16_mfu: 0.00 | epoch: 1 pq: 2 rg: 69 | total time: 24.05m | eta: 12.8m
step 02494/03814 (65.39%) | loss: 3.663077 | lrm: 0.56 | dt: 572.14ms | tok/sec: 93,962 | bf16_mfu: 0.00 | epoch: 1 pq: 2 rg: 69 | total time: 24.06m | eta: 12.8m
step 02495/03814 (65.42%) | loss: 3.651994 | lrm: 0.56 | dt: 559.57ms | tok/sec: 96,074 | bf16_mfu: 0.00 | epoch: 1 pq: 2 rg: 69 | total time: 24.07m | eta: 12.8m
step 02496/03814 (65.44%) | loss: 3.640948 | lrm: 0.56 | dt: 590.69ms | tok/sec: 91,011 | bf16_mfu: 0.00 | epoch: 1 pq: 2 rg: 69 | total time: 24.08m | eta: 12.8m
step 02497/03814 (65.47%) | loss: 3.664653 | lrm: 0.55 | dt: 565.53ms | tok/sec: 95,061 | bf16_mfu: 0.00 | epoch: 1 pq: 2 rg: 69 | total time: 24.09m | eta: 12.8m
step 02498/03814 (65.50%) | loss: 3.652210 | lrm: 0.55 | dt: 561.33ms | tok/sec: 95,772 | bf16_mfu: 0.00 | epoch: 1 pq: 2 rg: 69 | total time: 24.09m | eta: 12.7m
step 02499/03814 (65.52%) | loss: 3.646227 | lrm: 0.55 | dt: 559.30ms | tok/sec: 96,119 | bf16_mfu: 0.00 | epoch: 1 pq: 2 rg: 69 | total time: 24.10m | eta: 12.7m
Step 02500 | Validation bpb: 0.818755
step 02500/03814 (65.55%) | loss: 3.645465 | lrm: 0.55 | dt: 559.48ms | tok/sec: 96,088 | bf16_mfu: 0.00 | epoch: 1 pq: 2 rg: 69 | total time: 24.11m | eta: 12.7m
step 02501/03814 (65.57%) | loss: 3.667471 | lrm: 0.55 | dt: 555.37ms | tok/sec: 96,801 | bf16_mfu: 0.00 | epoch: 1 pq: 2 rg: 69 | total time: 24.12m | eta: 12.7m
step 02502/03814 (65.60%) | loss: 3.695851 | lrm: 0.55 | dt: 570.70ms | tok/sec: 94,200 | bf16_mfu: 0.00 | epoch: 1 pq: 2 rg: 70 | total time: 24.13m | eta: 12.7m
step 02503/03814 (65.63%) | loss: 3.685489 | lrm: 0.55 | dt: 570.40ms | tok/sec: 94,248 | bf16_mfu: 0.00 | epoch: 1 pq: 2 rg: 70 | total time: 24.14m | eta: 12.7m
step 02504/03814 (65.65%) | loss: 3.670918 | lrm: 0.55 | dt: 558.21ms | tok/sec: 96,308 | bf16_mfu: 0.00 | epoch: 1 pq: 2 rg: 70 | total time: 24.15m | eta: 12.7m
step 02505/03814 (65.68%) | loss: 3.691183 | lrm: 0.55 | dt: 610.16ms | tok/sec: 88,108 | bf16_mfu: 0.00 | epoch: 1 pq: 2 rg: 70 | total time: 24.16m | eta: 12.7m
step 02506/03814 (65.71%) | loss: 3.708064 | lrm: 0.55 | dt: 585.51ms | tok/sec: 91,816 | bf16_mfu: 0.00 | epoch: 1 pq: 2 rg: 70 | total time: 24.17m | eta: 12.7m
step 02507/03814 (65.73%) | loss: 3.698574 | lrm: 0.55 | dt: 560.05ms | tok/sec: 95,990 | bf16_mfu: 0.00 | epoch: 1 pq: 2 rg: 70 | total time: 24.18m | eta: 12.7m
step 02508/03814 (65.76%) | loss: 3.678426 | lrm: 0.55 | dt: 558.99ms | tok/sec: 96,173 | bf16_mfu: 0.00 | epoch: 1 pq: 2 rg: 70 | total time: 24.19m | eta: 12.6m
step 02509/03814 (65.78%) | loss: 3.670165 | lrm: 0.55 | dt: 559.37ms | tok/sec: 96,107 | bf16_mfu: 0.00 | epoch: 1 pq: 2 rg: 70 | total time: 24.20m | eta: 12.6m
step 02510/03814 (65.81%) | loss: 3.669238 | lrm: 0.55 | dt: 562.03ms | tok/sec: 95,653 | bf16_mfu: 0.00 | epoch: 1 pq: 2 rg: 70 | total time: 24.21m | eta: 12.6m
step 02511/03814 (65.84%) | loss: 3.684418 | lrm: 0.55 | dt: 562.03ms | tok/sec: 95,653 | bf16_mfu: 0.00 | epoch: 1 pq: 2 rg: 70 | total time: 24.22m | eta: 12.6m
step 02512/03814 (65.86%) | loss: 3.664197 | lrm: 0.55 | dt: 577.94ms | tok/sec: 93,019 | bf16_mfu: 0.00 | epoch: 1 pq: 2 rg: 71 | total time: 24.23m | eta: 12.6m
step 02513/03814 (65.89%) | loss: 3.648538 | lrm: 0.55 | dt: 564.61ms | tok/sec: 95,216 | bf16_mfu: 0.00 | epoch: 1 pq: 2 rg: 71 | total time: 24.24m | eta: 12.6m
step 02514/03814 (65.92%) | loss: 3.637524 | lrm: 0.55 | dt: 567.71ms | tok/sec: 94,696 | bf16_mfu: 0.00 | epoch: 1 pq: 2 rg: 71 | total time: 24.25m | eta: 12.6m
step 02515/03814 (65.94%) | loss: 3.646904 | lrm: 0.55 | dt: 585.47ms | tok/sec: 91,823 | bf16_mfu: 0.00 | epoch: 1 pq: 2 rg: 71 | total time: 24.26m | eta: 12.6m
step 02516/03814 (65.97%) | loss: 3.661457 | lrm: 0.55 | dt: 577.51ms | tok/sec: 93,089 | bf16_mfu: 0.00 | epoch: 1 pq: 2 rg: 71 | total time: 24.27m | eta: 12.6m
step 02517/03814 (65.99%) | loss: 3.664333 | lrm: 0.55 | dt: 568.90ms | tok/sec: 94,498 | bf16_mfu: 0.00 | epoch: 1 pq: 2 rg: 71 | total time: 24.27m | eta: 12.6m
step 02518/03814 (66.02%) | loss: 3.663056 | lrm: 0.55 | dt: 574.68ms | tok/sec: 93,548 | bf16_mfu: 0.00 | epoch: 1 pq: 2 rg: 71 | total time: 24.28m | eta: 12.5m
step 02519/03814 (66.05%) | loss: 3.640122 | lrm: 0.55 | dt: 566.35ms | tok/sec: 94,923 | bf16_mfu: 0.00 | epoch: 1 pq: 2 rg: 71 | total time: 24.29m | eta: 12.5m
step 02520/03814 (66.07%) | loss: 3.636014 | lrm: 0.55 | dt: 587.82ms | tok/sec: 91,457 | bf16_mfu: 0.00 | epoch: 1 pq: 2 rg: 71 | total time: 24.30m | eta: 12.5m
step 02521/03814 (66.10%) | loss: 3.645693 | lrm: 0.55 | dt: 565.90ms | tok/sec: 94,999 | bf16_mfu: 0.00 | epoch: 1 pq: 2 rg: 71 | total time: 24.31m | eta: 12.5m
step 02522/03814 (66.12%) | loss: 3.651549 | lrm: 0.55 | dt: 574.61ms | tok/sec: 93,558 | bf16_mfu: 0.00 | epoch: 1 pq: 2 rg: 71 | total time: 24.32m | eta: 12.5m
step 02523/03814 (66.15%) | loss: 3.650577 | lrm: 0.54 | dt: 659.50ms | tok/sec: 81,516 | bf16_mfu: 0.00 | epoch: 1 pq: 2 rg: 72 | total time: 24.33m | eta: 12.5m
step 02524/03814 (66.18%) | loss: 3.665158 | lrm: 0.54 | dt: 570.03ms | tok/sec: 94,310 | bf16_mfu: 0.00 | epoch: 1 pq: 2 rg: 72 | total time: 24.34m | eta: 12.5m
step 02525/03814 (66.20%) | loss: 3.655257 | lrm: 0.54 | dt: 585.11ms | tok/sec: 91,879 | bf16_mfu: 0.00 | epoch: 1 pq: 2 rg: 72 | total time: 24.35m | eta: 12.5m
step 02526/03814 (66.23%) | loss: 3.649474 | lrm: 0.54 | dt: 573.27ms | tok/sec: 93,777 | bf16_mfu: 0.00 | epoch: 1 pq: 2 rg: 72 | total time: 24.36m | eta: 12.5m
step 02527/03814 (66.26%) | loss: 3.638282 | lrm: 0.54 | dt: 577.93ms | tok/sec: 93,022 | bf16_mfu: 0.00 | epoch: 1 pq: 2 rg: 72 | total time: 24.37m | eta: 12.5m
step 02528/03814 (66.28%) | loss: 3.629296 | lrm: 0.54 | dt: 585.16ms | tok/sec: 91,872 | bf16_mfu: 0.00 | epoch: 1 pq: 2 rg: 72 | total time: 24.38m | eta: 12.5m
step 02529/03814 (66.31%) | loss: 3.648777 | lrm: 0.54 | dt: 575.97ms | tok/sec: 93,337 | bf16_mfu: 0.00 | epoch: 1 pq: 2 rg: 72 | total time: 24.39m | eta: 12.4m
step 02530/03814 (66.33%) | loss: 3.652047 | lrm: 0.54 | dt: 580.31ms | tok/sec: 92,640 | bf16_mfu: 0.00 | epoch: 1 pq: 2 rg: 72 | total time: 24.40m | eta: 12.4m
step 02531/03814 (66.36%) | loss: 3.646402 | lrm: 0.54 | dt: 657.58ms | tok/sec: 81,754 | bf16_mfu: 0.00 | epoch: 1 pq: 2 rg: 72 | total time: 24.41m | eta: 12.4m
step 02532/03814 (66.39%) | loss: 3.643744 | lrm: 0.54 | dt: 582.94ms | tok/sec: 92,221 | bf16_mfu: 0.00 | epoch: 1 pq: 2 rg: 72 | total time: 24.42m | eta: 12.4m
step 02533/03814 (66.41%) | loss: 3.649569 | lrm: 0.54 | dt: 578.09ms | tok/sec: 92,996 | bf16_mfu: 0.00 | epoch: 1 pq: 2 rg: 73 | total time: 24.43m | eta: 12.4m
step 02534/03814 (66.44%) | loss: 3.660713 | lrm: 0.54 | dt: 586.26ms | tok/sec: 91,700 | bf16_mfu: 0.00 | epoch: 1 pq: 2 rg: 73 | total time: 24.44m | eta: 12.4m
step 02535/03814 (66.47%) | loss: 3.676313 | lrm: 0.54 | dt: 594.63ms | tok/sec: 90,409 | bf16_mfu: 0.00 | epoch: 1 pq: 2 rg: 73 | total time: 24.45m | eta: 12.4m
step 02536/03814 (66.49%) | loss: 3.667080 | lrm: 0.54 | dt: 581.49ms | tok/sec: 92,452 | bf16_mfu: 0.00 | epoch: 1 pq: 2 rg: 73 | total time: 24.46m | eta: 12.4m
step 02537/03814 (66.52%) | loss: 3.669365 | lrm: 0.54 | dt: 581.55ms | tok/sec: 92,442 | bf16_mfu: 0.00 | epoch: 1 pq: 2 rg: 73 | total time: 24.47m | eta: 12.4m
step 02538/03814 (66.54%) | loss: 3.691166 | lrm: 0.54 | dt: 583.66ms | tok/sec: 92,109 | bf16_mfu: 0.00 | epoch: 1 pq: 2 rg: 73 | total time: 24.48m | eta: 12.4m
step 02539/03814 (66.57%) | loss: 3.715395 | lrm: 0.54 | dt: 583.29ms | tok/sec: 92,166 | bf16_mfu: 0.00 | epoch: 1 pq: 2 rg: 73 | total time: 24.49m | eta: 12.3m
step 02540/03814 (66.60%) | loss: 3.705324 | lrm: 0.54 | dt: 573.65ms | tok/sec: 93,714 | bf16_mfu: 0.00 | epoch: 1 pq: 2 rg: 73 | total time: 24.50m | eta: 12.3m
step 02541/03814 (66.62%) | loss: 3.690847 | lrm: 0.54 | dt: 598.74ms | tok/sec: 89,788 | bf16_mfu: 0.00 | epoch: 1 pq: 2 rg: 73 | total time: 24.51m | eta: 12.3m
step 02542/03814 (66.65%) | loss: 3.667983 | lrm: 0.54 | dt: 573.33ms | tok/sec: 93,768 | bf16_mfu: 0.00 | epoch: 1 pq: 2 rg: 73 | total time: 24.52m | eta: 12.3m
step 02543/03814 (66.68%) | loss: 3.678937 | lrm: 0.54 | dt: 573.66ms | tok/sec: 93,714 | bf16_mfu: 0.00 | epoch: 1 pq: 2 rg: 74 | total time: 24.53m | eta: 12.3m
step 02544/03814 (66.70%) | loss: 3.679404 | lrm: 0.54 | dt: 578.74ms | tok/sec: 92,891 | bf16_mfu: 0.00 | epoch: 1 pq: 2 rg: 74 | total time: 24.54m | eta: 12.3m
step 02545/03814 (66.73%) | loss: 3.686262 | lrm: 0.54 | dt: 570.34ms | tok/sec: 94,259 | bf16_mfu: 0.00 | epoch: 1 pq: 2 rg: 74 | total time: 24.55m | eta: 12.3m
step 02546/03814 (66.75%) | loss: 3.683203 | lrm: 0.54 | dt: 731.72ms | tok/sec: 73,471 | bf16_mfu: 0.00 | epoch: 1 pq: 2 rg: 74 | total time: 24.56m | eta: 12.3m
step 02547/03814 (66.78%) | loss: 3.667768 | lrm: 0.54 | dt: 580.01ms | tok/sec: 92,687 | bf16_mfu: 0.00 | epoch: 1 pq: 2 rg: 74 | total time: 24.57m | eta: 12.3m
step 02548/03814 (66.81%) | loss: 3.663584 | lrm: 0.54 | dt: 709.28ms | tok/sec: 75,794 | bf16_mfu: 0.00 | epoch: 1 pq: 2 rg: 74 | total time: 24.58m | eta: 12.3m
step 02549/03814 (66.83%) | loss: 3.705185 | lrm: 0.53 | dt: 565.26ms | tok/sec: 95,106 | bf16_mfu: 0.00 | epoch: 1 pq: 2 rg: 74 | total time: 24.59m | eta: 12.3m
step 02550/03814 (66.86%) | loss: 3.714256 | lrm: 0.53 | dt: 566.70ms | tok/sec: 94,865 | bf16_mfu: 0.00 | epoch: 1 pq: 2 rg: 74 | total time: 24.60m | eta: 12.2m
step 02551/03814 (66.89%) | loss: 3.701531 | lrm: 0.53 | dt: 566.89ms | tok/sec: 94,833 | bf16_mfu: 0.00 | epoch: 1 pq: 2 rg: 74 | total time: 24.61m | eta: 12.2m
step 02552/03814 (66.91%) | loss: 3.712254 | lrm: 0.53 | dt: 569.44ms | tok/sec: 94,408 | bf16_mfu: 0.00 | epoch: 1 pq: 2 rg: 74 | total time: 24.62m | eta: 12.2m
step 02553/03814 (66.94%) | loss: 3.730363 | lrm: 0.53 | dt: 562.94ms | tok/sec: 95,498 | bf16_mfu: 0.00 | epoch: 1 pq: 2 rg: 75 | total time: 24.63m | eta: 12.2m
step 02554/03814 (66.96%) | loss: 3.706043 | lrm: 0.53 | dt: 564.99ms | tok/sec: 95,152 | bf16_mfu: 0.00 | epoch: 1 pq: 2 rg: 75 | total time: 24.64m | eta: 12.2m
step 02555/03814 (66.99%) | loss: 3.681842 | lrm: 0.53 | dt: 566.97ms | tok/sec: 94,820 | bf16_mfu: 0.00 | epoch: 1 pq: 2 rg: 75 | total time: 24.65m | eta: 12.2m
step 02556/03814 (67.02%) | loss: 3.679510 | lrm: 0.53 | dt: 566.39ms | tok/sec: 94,917 | bf16_mfu: 0.00 | epoch: 1 pq: 2 rg: 75 | total time: 24.66m | eta: 12.2m
step 02557/03814 (67.04%) | loss: 3.692122 | lrm: 0.53 | dt: 588.90ms | tok/sec: 91,288 | bf16_mfu: 0.00 | epoch: 1 pq: 2 rg: 75 | total time: 24.67m | eta: 12.2m
step 02558/03814 (67.07%) | loss: 3.692504 | lrm: 0.53 | dt: 564.41ms | tok/sec: 95,249 | bf16_mfu: 0.00 | epoch: 1 pq: 2 rg: 75 | total time: 24.68m | eta: 12.2m
step 02559/03814 (67.09%) | loss: 3.684969 | lrm: 0.53 | dt: 571.17ms | tok/sec: 94,123 | bf16_mfu: 0.00 | epoch: 1 pq: 2 rg: 75 | total time: 24.69m | eta: 12.2m
step 02560/03814 (67.12%) | loss: 3.694434 | lrm: 0.53 | dt: 560.17ms | tok/sec: 95,970 | bf16_mfu: 0.00 | epoch: 1 pq: 2 rg: 75 | total time: 24.69m | eta: 12.1m
step 02561/03814 (67.15%) | loss: 3.694201 | lrm: 0.53 | dt: 611.96ms | tok/sec: 87,848 | bf16_mfu: 0.00 | epoch: 1 pq: 2 rg: 75 | total time: 24.70m | eta: 12.1m
step 02562/03814 (67.17%) | loss: 3.712693 | lrm: 0.53 | dt: 562.17ms | tok/sec: 95,629 | bf16_mfu: 0.00 | epoch: 1 pq: 2 rg: 75 | total time: 24.71m | eta: 12.1m
step 02563/03814 (67.20%) | loss: 3.701843 | lrm: 0.53 | dt: 606.21ms | tok/sec: 88,682 | bf16_mfu: 0.00 | epoch: 1 pq: 2 rg: 76 | total time: 24.72m | eta: 12.1m
step 02564/03814 (67.23%) | loss: 3.683452 | lrm: 0.53 | dt: 560.06ms | tok/sec: 95,990 | bf16_mfu: 0.00 | epoch: 1 pq: 2 rg: 76 | total time: 24.73m | eta: 12.1m
step 02565/03814 (67.25%) | loss: 3.686617 | lrm: 0.53 | dt: 566.47ms | tok/sec: 94,903 | bf16_mfu: 0.00 | epoch: 1 pq: 2 rg: 76 | total time: 24.74m | eta: 12.1m
step 02566/03814 (67.28%) | loss: 3.709028 | lrm: 0.53 | dt: 559.29ms | tok/sec: 96,121 | bf16_mfu: 0.00 | epoch: 1 pq: 2 rg: 76 | total time: 24.75m | eta: 12.1m
step 02567/03814 (67.30%) | loss: 3.702913 | lrm: 0.53 | dt: 559.94ms | tok/sec: 96,010 | bf16_mfu: 0.00 | epoch: 1 pq: 2 rg: 76 | total time: 24.76m | eta: 12.1m
step 02568/03814 (67.33%) | loss: 3.696275 | lrm: 0.53 | dt: 557.95ms | tok/sec: 96,352 | bf16_mfu: 0.00 | epoch: 1 pq: 2 rg: 76 | total time: 24.77m | eta: 12.1m
step 02569/03814 (67.36%) | loss: 3.684878 | lrm: 0.53 | dt: 586.12ms | tok/sec: 91,721 | bf16_mfu: 0.00 | epoch: 1 pq: 2 rg: 76 | total time: 24.78m | eta: 12.1m
step 02570/03814 (67.38%) | loss: 3.698123 | lrm: 0.53 | dt: 570.23ms | tok/sec: 94,278 | bf16_mfu: 0.00 | epoch: 1 pq: 2 rg: 76 | total time: 24.79m | eta: 12.0m
step 02571/03814 (67.41%) | loss: 3.691336 | lrm: 0.53 | dt: 563.07ms | tok/sec: 95,476 | bf16_mfu: 0.00 | epoch: 1 pq: 2 rg: 76 | total time: 24.80m | eta: 12.0m
step 02572/03814 (67.44%) | loss: 3.684599 | lrm: 0.53 | dt: 558.17ms | tok/sec: 96,314 | bf16_mfu: 0.00 | epoch: 1 pq: 2 rg: 76 | total time: 24.81m | eta: 12.0m
step 02573/03814 (67.46%) | loss: 3.675799 | lrm: 0.53 | dt: 557.10ms | tok/sec: 96,500 | bf16_mfu: 0.00 | epoch: 1 pq: 2 rg: 76 | total time: 24.82m | eta: 12.0m
step 02574/03814 (67.49%) | loss: 3.682200 | lrm: 0.53 | dt: 557.76ms | tok/sec: 96,386 | bf16_mfu: 0.00 | epoch: 1 pq: 2 rg: 77 | total time: 24.83m | eta: 12.0m
step 02575/03814 (67.51%) | loss: 3.706090 | lrm: 0.52 | dt: 555.53ms | tok/sec: 96,771 | bf16_mfu: 0.00 | epoch: 1 pq: 2 rg: 77 | total time: 24.84m | eta: 12.0m
step 02576/03814 (67.54%) | loss: 3.712200 | lrm: 0.52 | dt: 556.58ms | tok/sec: 96,589 | bf16_mfu: 0.00 | epoch: 1 pq: 2 rg: 77 | total time: 24.85m | eta: 12.0m
step 02577/03814 (67.57%) | loss: 3.699391 | lrm: 0.52 | dt: 556.68ms | tok/sec: 96,572 | bf16_mfu: 0.00 | epoch: 1 pq: 2 rg: 77 | total time: 24.86m | eta: 12.0m
step 02578/03814 (67.59%) | loss: 3.689526 | lrm: 0.52 | dt: 629.52ms | tok/sec: 85,398 | bf16_mfu: 0.00 | epoch: 1 pq: 2 rg: 77 | total time: 24.87m | eta: 12.0m
step 02579/03814 (67.62%) | loss: 3.717468 | lrm: 0.52 | dt: 599.63ms | tok/sec: 89,654 | bf16_mfu: 0.00 | epoch: 1 pq: 2 rg: 77 | total time: 24.88m | eta: 12.0m
step 02580/03814 (67.65%) | loss: 3.716446 | lrm: 0.52 | dt: 554.88ms | tok/sec: 96,885 | bf16_mfu: 0.00 | epoch: 1 pq: 2 rg: 77 | total time: 24.89m | eta: 11.9m
step 02581/03814 (67.67%) | loss: 3.693943 | lrm: 0.52 | dt: 581.93ms | tok/sec: 92,381 | bf16_mfu: 0.00 | epoch: 1 pq: 2 rg: 77 | total time: 24.89m | eta: 11.9m
step 02582/03814 (67.70%) | loss: 3.673012 | lrm: 0.52 | dt: 555.10ms | tok/sec: 96,847 | bf16_mfu: 0.00 | epoch: 1 pq: 2 rg: 77 | total time: 24.90m | eta: 11.9m
step 02583/03814 (67.72%) | loss: 3.689209 | lrm: 0.52 | dt: 656.99ms | tok/sec: 81,828 | bf16_mfu: 0.00 | epoch: 1 pq: 2 rg: 77 | total time: 24.92m | eta: 11.9m
step 02584/03814 (67.75%) | loss: 3.683227 | lrm: 0.52 | dt: 652.46ms | tok/sec: 82,395 | bf16_mfu: 0.00 | epoch: 1 pq: 2 rg: 78 | total time: 24.93m | eta: 11.9m
step 02585/03814 (67.78%) | loss: 3.694171 | lrm: 0.52 | dt: 554.36ms | tok/sec: 96,977 | bf16_mfu: 0.00 | epoch: 1 pq: 2 rg: 78 | total time: 24.94m | eta: 11.9m
step 02586/03814 (67.80%) | loss: 3.681337 | lrm: 0.52 | dt: 555.61ms | tok/sec: 96,757 | bf16_mfu: 0.00 | epoch: 1 pq: 2 rg: 78 | total time: 24.94m | eta: 11.9m
step 02587/03814 (67.83%) | loss: 3.676211 | lrm: 0.52 | dt: 589.03ms | tok/sec: 91,269 | bf16_mfu: 0.00 | epoch: 1 pq: 2 rg: 78 | total time: 24.95m | eta: 11.9m
step 02588/03814 (67.86%) | loss: 3.694523 | lrm: 0.52 | dt: 554.57ms | tok/sec: 96,940 | bf16_mfu: 0.00 | epoch: 1 pq: 2 rg: 78 | total time: 24.96m | eta: 11.9m
step 02589/03814 (67.88%) | loss: 3.673465 | lrm: 0.52 | dt: 558.50ms | tok/sec: 96,258 | bf16_mfu: 0.00 | epoch: 1 pq: 2 rg: 78 | total time: 24.97m | eta: 11.9m
step 02590/03814 (67.91%) | loss: 3.664215 | lrm: 0.52 | dt: 554.18ms | tok/sec: 97,007 | bf16_mfu: 0.00 | epoch: 1 pq: 2 rg: 78 | total time: 24.98m | eta: 11.9m
step 02591/03814 (67.93%) | loss: 3.657597 | lrm: 0.52 | dt: 554.84ms | tok/sec: 96,893 | bf16_mfu: 0.00 | epoch: 1 pq: 2 rg: 78 | total time: 24.99m | eta: 11.8m
step 02592/03814 (67.96%) | loss: 3.667420 | lrm: 0.52 | dt: 557.27ms | tok/sec: 96,471 | bf16_mfu: 0.00 | epoch: 1 pq: 2 rg: 78 | total time: 25.00m | eta: 11.8m
step 02593/03814 (67.99%) | loss: 3.681975 | lrm: 0.52 | dt: 554.94ms | tok/sec: 96,875 | bf16_mfu: 0.00 | epoch: 1 pq: 2 rg: 78 | total time: 25.01m | eta: 11.8m
step 02594/03814 (68.01%) | loss: 3.677249 | lrm: 0.52 | dt: 653.03ms | tok/sec: 82,323 | bf16_mfu: 0.00 | epoch: 1 pq: 2 rg: 79 | total time: 25.02m | eta: 11.8m
step 02595/03814 (68.04%) | loss: 3.669319 | lrm: 0.52 | dt: 552.40ms | tok/sec: 97,320 | bf16_mfu: 0.00 | epoch: 1 pq: 2 rg: 79 | total time: 25.03m | eta: 11.8m
step 02596/03814 (68.07%) | loss: 3.671435 | lrm: 0.52 | dt: 558.57ms | tok/sec: 96,246 | bf16_mfu: 0.00 | epoch: 1 pq: 2 rg: 79 | total time: 25.04m | eta: 11.8m
step 02597/03814 (68.09%) | loss: 3.694359 | lrm: 0.52 | dt: 554.56ms | tok/sec: 96,941 | bf16_mfu: 0.00 | epoch: 1 pq: 2 rg: 79 | total time: 25.05m | eta: 11.8m
step 02598/03814 (68.12%) | loss: 3.704737 | lrm: 0.52 | dt: 604.23ms | tok/sec: 88,972 | bf16_mfu: 0.00 | epoch: 1 pq: 2 rg: 79 | total time: 25.06m | eta: 11.8m
step 02599/03814 (68.14%) | loss: 3.689839 | lrm: 0.52 | dt: 552.69ms | tok/sec: 97,270 | bf16_mfu: 0.00 | epoch: 1 pq: 2 rg: 79 | total time: 25.07m | eta: 11.8m
step 02600/03814 (68.17%) | loss: 3.689225 | lrm: 0.52 | dt: 559.10ms | tok/sec: 96,154 | bf16_mfu: 0.00 | epoch: 1 pq: 2 rg: 79 | total time: 25.08m | eta: 11.8m
step 02601/03814 (68.20%) | loss: 3.686805 | lrm: 0.51 | dt: 554.39ms | tok/sec: 96,972 | bf16_mfu: 0.00 | epoch: 1 pq: 2 rg: 79 | total time: 25.09m | eta: 11.7m
step 02602/03814 (68.22%) | loss: 3.670834 | lrm: 0.51 | dt: 555.06ms | tok/sec: 96,853 | bf16_mfu: 0.00 | epoch: 1 pq: 2 rg: 79 | total time: 25.10m | eta: 11.7m
step 02603/03814 (68.25%) | loss: 3.674527 | lrm: 0.51 | dt: 554.27ms | tok/sec: 96,993 | bf16_mfu: 0.00 | epoch: 1 pq: 2 rg: 79 | total time: 25.10m | eta: 11.7m
step 02604/03814 (68.27%) | loss: 3.675020 | lrm: 0.51 | dt: 554.68ms | tok/sec: 96,921 | bf16_mfu: 0.00 | epoch: 1 pq: 2 rg: 79 | total time: 25.11m | eta: 11.7m
step 02605/03814 (68.30%) | loss: 3.677041 | lrm: 0.51 | dt: 558.07ms | tok/sec: 96,331 | bf16_mfu: 0.00 | epoch: 1 pq: 2 rg: 80 | total time: 25.12m | eta: 11.7m
step 02606/03814 (68.33%) | loss: 3.690035 | lrm: 0.51 | dt: 577.69ms | tok/sec: 93,060 | bf16_mfu: 0.00 | epoch: 1 pq: 2 rg: 80 | total time: 25.13m | eta: 11.7m
step 02607/03814 (68.35%) | loss: 3.690480 | lrm: 0.51 | dt: 555.71ms | tok/sec: 96,740 | bf16_mfu: 0.00 | epoch: 1 pq: 2 rg: 80 | total time: 25.14m | eta: 11.7m
step 02608/03814 (68.38%) | loss: 3.678334 | lrm: 0.51 | dt: 553.25ms | tok/sec: 97,171 | bf16_mfu: 0.00 | epoch: 1 pq: 2 rg: 80 | total time: 25.15m | eta: 11.7m
step 02609/03814 (68.41%) | loss: 3.663775 | lrm: 0.51 | dt: 624.02ms | tok/sec: 86,150 | bf16_mfu: 0.00 | epoch: 1 pq: 2 rg: 80 | total time: 25.16m | eta: 11.7m
step 02610/03814 (68.43%) | loss: 3.685122 | lrm: 0.51 | dt: 554.16ms | tok/sec: 97,012 | bf16_mfu: 0.00 | epoch: 1 pq: 2 rg: 80 | total time: 25.17m | eta: 11.7m
step 02611/03814 (68.46%) | loss: 3.673462 | lrm: 0.51 | dt: 558.83ms | tok/sec: 96,201 | bf16_mfu: 0.00 | epoch: 1 pq: 2 rg: 80 | total time: 25.18m | eta: 11.6m
step 02612/03814 (68.48%) | loss: 3.660919 | lrm: 0.51 | dt: 555.58ms | tok/sec: 96,763 | bf16_mfu: 0.00 | epoch: 1 pq: 2 rg: 80 | total time: 25.19m | eta: 11.6m
step 02613/03814 (68.51%) | loss: 3.660031 | lrm: 0.51 | dt: 620.70ms | tok/sec: 86,611 | bf16_mfu: 0.00 | epoch: 1 pq: 2 rg: 80 | total time: 25.20m | eta: 11.6m
step 02614/03814 (68.54%) | loss: 3.677403 | lrm: 0.51 | dt: 555.34ms | tok/sec: 96,804 | bf16_mfu: 0.00 | epoch: 1 pq: 2 rg: 80 | total time: 25.21m | eta: 11.6m
step 02615/03814 (68.56%) | loss: 3.677924 | lrm: 0.51 | dt: 555.90ms | tok/sec: 96,707 | bf16_mfu: 0.00 | epoch: 1 pq: 2 rg: 81 | total time: 25.22m | eta: 11.6m
step 02616/03814 (68.59%) | loss: 3.669319 | lrm: 0.51 | dt: 556.95ms | tok/sec: 96,526 | bf16_mfu: 0.00 | epoch: 1 pq: 2 rg: 81 | total time: 25.23m | eta: 11.6m
step 02617/03814 (68.62%) | loss: 3.664817 | lrm: 0.51 | dt: 554.67ms | tok/sec: 96,923 | bf16_mfu: 0.00 | epoch: 1 pq: 2 rg: 81 | total time: 25.24m | eta: 11.6m
step 02618/03814 (68.64%) | loss: 3.694574 | lrm: 0.51 | dt: 559.73ms | tok/sec: 96,046 | bf16_mfu: 0.00 | epoch: 1 pq: 2 rg: 81 | total time: 25.25m | eta: 11.6m
step 02619/03814 (68.67%) | loss: 3.693602 | lrm: 0.51 | dt: 554.21ms | tok/sec: 97,002 | bf16_mfu: 0.00 | epoch: 1 pq: 2 rg: 81 | total time: 25.26m | eta: 11.6m
step 02620/03814 (68.69%) | loss: 3.679627 | lrm: 0.51 | dt: 559.29ms | tok/sec: 96,121 | bf16_mfu: 0.00 | epoch: 1 pq: 2 rg: 81 | total time: 25.27m | eta: 11.6m
step 02621/03814 (68.72%) | loss: 3.681687 | lrm: 0.51 | dt: 553.99ms | tok/sec: 97,040 | bf16_mfu: 0.00 | epoch: 1 pq: 2 rg: 81 | total time: 25.27m | eta: 11.5m
step 02622/03814 (68.75%) | loss: 3.700995 | lrm: 0.51 | dt: 557.50ms | tok/sec: 96,429 | bf16_mfu: 0.00 | epoch: 1 pq: 2 rg: 81 | total time: 25.28m | eta: 11.5m
step 02623/03814 (68.77%) | loss: 3.693783 | lrm: 0.51 | dt: 555.60ms | tok/sec: 96,760 | bf16_mfu: 0.00 | epoch: 1 pq: 2 rg: 81 | total time: 25.29m | eta: 11.5m
step 02624/03814 (68.80%) | loss: 3.678727 | lrm: 0.51 | dt: 557.10ms | tok/sec: 96,499 | bf16_mfu: 0.00 | epoch: 1 pq: 2 rg: 81 | total time: 25.30m | eta: 11.5m
step 02625/03814 (68.83%) | loss: 3.670060 | lrm: 0.51 | dt: 556.94ms | tok/sec: 96,527 | bf16_mfu: 0.00 | epoch: 1 pq: 2 rg: 81 | total time: 25.31m | eta: 11.5m
step 02626/03814 (68.85%) | loss: 3.681562 | lrm: 0.51 | dt: 570.71ms | tok/sec: 94,198 | bf16_mfu: 0.00 | epoch: 1 pq: 2 rg: 82 | total time: 25.32m | eta: 11.5m
step 02627/03814 (68.88%) | loss: 3.684051 | lrm: 0.50 | dt: 579.27ms | tok/sec: 92,806 | bf16_mfu: 0.00 | epoch: 1 pq: 2 rg: 82 | total time: 25.33m | eta: 11.5m
step 02628/03814 (68.90%) | loss: 3.676546 | lrm: 0.50 | dt: 559.67ms | tok/sec: 96,057 | bf16_mfu: 0.00 | epoch: 1 pq: 2 rg: 82 | total time: 25.34m | eta: 11.5m
step 02629/03814 (68.93%) | loss: 3.667627 | lrm: 0.50 | dt: 556.88ms | tok/sec: 96,538 | bf16_mfu: 0.00 | epoch: 1 pq: 2 rg: 82 | total time: 25.35m | eta: 11.5m
step 02630/03814 (68.96%) | loss: 3.667205 | lrm: 0.50 | dt: 561.17ms | tok/sec: 95,800 | bf16_mfu: 0.00 | epoch: 1 pq: 2 rg: 82 | total time: 25.36m | eta: 11.5m
step 02631/03814 (68.98%) | loss: 3.686920 | lrm: 0.50 | dt: 558.58ms | tok/sec: 96,243 | bf16_mfu: 0.00 | epoch: 1 pq: 2 rg: 82 | total time: 25.37m | eta: 11.4m
step 02632/03814 (69.01%) | loss: 3.679982 | lrm: 0.50 | dt: 592.46ms | tok/sec: 90,740 | bf16_mfu: 0.00 | epoch: 1 pq: 2 rg: 82 | total time: 25.38m | eta: 11.4m
step 02633/03814 (69.04%) | loss: 3.660525 | lrm: 0.50 | dt: 563.27ms | tok/sec: 95,442 | bf16_mfu: 0.00 | epoch: 1 pq: 2 rg: 82 | total time: 25.39m | eta: 11.4m
step 02634/03814 (69.06%) | loss: 3.664619 | lrm: 0.50 | dt: 555.99ms | tok/sec: 96,691 | bf16_mfu: 0.00 | epoch: 1 pq: 2 rg: 82 | total time: 25.40m | eta: 11.4m
step 02635/03814 (69.09%) | loss: 3.696545 | lrm: 0.50 | dt: 563.87ms | tok/sec: 95,341 | bf16_mfu: 0.00 | epoch: 1 pq: 2 rg: 82 | total time: 25.41m | eta: 11.4m
step 02636/03814 (69.11%) | loss: 3.693334 | lrm: 0.50 | dt: 558.45ms | tok/sec: 96,266 | bf16_mfu: 0.00 | epoch: 1 pq: 2 rg: 83 | total time: 25.42m | eta: 11.4m
step 02637/03814 (69.14%) | loss: 3.689454 | lrm: 0.50 | dt: 562.18ms | tok/sec: 95,627 | bf16_mfu: 0.00 | epoch: 1 pq: 2 rg: 83 | total time: 25.42m | eta: 11.4m
step 02638/03814 (69.17%) | loss: 3.675779 | lrm: 0.50 | dt: 559.17ms | tok/sec: 96,142 | bf16_mfu: 0.00 | epoch: 1 pq: 2 rg: 83 | total time: 25.43m | eta: 11.4m
step 02639/03814 (69.19%) | loss: 3.697104 | lrm: 0.50 | dt: 569.77ms | tok/sec: 94,354 | bf16_mfu: 0.00 | epoch: 1 pq: 2 rg: 83 | total time: 25.44m | eta: 11.4m
step 02640/03814 (69.22%) | loss: 3.693352 | lrm: 0.50 | dt: 564.73ms | tok/sec: 95,196 | bf16_mfu: 0.00 | epoch: 1 pq: 2 rg: 83 | total time: 25.45m | eta: 11.4m
step 02641/03814 (69.24%) | loss: 3.698665 | lrm: 0.50 | dt: 566.43ms | tok/sec: 94,909 | bf16_mfu: 0.00 | epoch: 1 pq: 2 rg: 83 | total time: 25.46m | eta: 11.4m
step 02642/03814 (69.27%) | loss: 3.688909 | lrm: 0.50 | dt: 562.67ms | tok/sec: 95,544 | bf16_mfu: 0.00 | epoch: 1 pq: 2 rg: 83 | total time: 25.47m | eta: 11.3m
step 02643/03814 (69.30%) | loss: 3.693632 | lrm: 0.50 | dt: 570.07ms | tok/sec: 94,303 | bf16_mfu: 0.00 | epoch: 1 pq: 2 rg: 83 | total time: 25.48m | eta: 11.3m
step 02644/03814 (69.32%) | loss: 3.703889 | lrm: 0.50 | dt: 567.38ms | tok/sec: 94,751 | bf16_mfu: 0.00 | epoch: 1 pq: 2 rg: 83 | total time: 25.49m | eta: 11.3m
step 02645/03814 (69.35%) | loss: 3.694714 | lrm: 0.50 | dt: 564.07ms | tok/sec: 95,307 | bf16_mfu: 0.00 | epoch: 1 pq: 2 rg: 83 | total time: 25.50m | eta: 11.3m
step 02646/03814 (69.38%) | loss: 3.690183 | lrm: 0.50 | dt: 563.87ms | tok/sec: 95,340 | bf16_mfu: 0.00 | epoch: 1 pq: 2 rg: 83 | total time: 25.51m | eta: 11.3m
step 02647/03814 (69.40%) | loss: 3.684913 | lrm: 0.50 | dt: 679.73ms | tok/sec: 79,090 | bf16_mfu: 0.00 | epoch: 1 pq: 2 rg: 84 | total time: 25.52m | eta: 11.3m
step 02648/03814 (69.43%) | loss: 3.688781 | lrm: 0.50 | dt: 568.51ms | tok/sec: 94,563 | bf16_mfu: 0.00 | epoch: 1 pq: 2 rg: 84 | total time: 25.53m | eta: 11.3m
step 02649/03814 (69.45%) | loss: 3.698584 | lrm: 0.50 | dt: 567.78ms | tok/sec: 94,684 | bf16_mfu: 0.00 | epoch: 1 pq: 2 rg: 84 | total time: 25.54m | eta: 11.3m
step 02650/03814 (69.48%) | loss: 3.680904 | lrm: 0.50 | dt: 561.53ms | tok/sec: 95,739 | bf16_mfu: 0.00 | epoch: 1 pq: 2 rg: 84 | total time: 25.55m | eta: 11.3m
step 02651/03814 (69.51%) | loss: 3.672048 | lrm: 0.50 | dt: 560.73ms | tok/sec: 95,875 | bf16_mfu: 0.00 | epoch: 1 pq: 2 rg: 84 | total time: 25.56m | eta: 11.3m
step 02652/03814 (69.53%) | loss: 3.668685 | lrm: 0.50 | dt: 565.98ms | tok/sec: 94,985 | bf16_mfu: 0.00 | epoch: 1 pq: 2 rg: 84 | total time: 25.57m | eta: 11.2m
step 02653/03814 (69.56%) | loss: 3.682908 | lrm: 0.49 | dt: 566.47ms | tok/sec: 94,903 | bf16_mfu: 0.00 | epoch: 1 pq: 2 rg: 84 | total time: 25.58m | eta: 11.2m
step 02654/03814 (69.59%) | loss: 3.674419 | lrm: 0.49 | dt: 603.00ms | tok/sec: 89,153 | bf16_mfu: 0.00 | epoch: 1 pq: 2 rg: 84 | total time: 25.59m | eta: 11.2m
step 02655/03814 (69.61%) | loss: 3.656071 | lrm: 0.49 | dt: 567.79ms | tok/sec: 94,682 | bf16_mfu: 0.00 | epoch: 1 pq: 2 rg: 84 | total time: 25.60m | eta: 11.2m
step 02656/03814 (69.64%) | loss: 3.658065 | lrm: 0.49 | dt: 572.28ms | tok/sec: 93,940 | bf16_mfu: 0.00 | epoch: 1 pq: 2 rg: 84 | total time: 25.61m | eta: 11.2m
step 02657/03814 (69.66%) | loss: 3.666007 | lrm: 0.49 | dt: 561.90ms | tok/sec: 95,675 | bf16_mfu: 0.00 | epoch: 1 pq: 2 rg: 85 | total time: 25.62m | eta: 11.2m
step 02658/03814 (69.69%) | loss: 3.642133 | lrm: 0.49 | dt: 567.05ms | tok/sec: 94,806 | bf16_mfu: 0.00 | epoch: 1 pq: 2 rg: 85 | total time: 25.62m | eta: 11.2m
step 02659/03814 (69.72%) | loss: 3.651158 | lrm: 0.49 | dt: 567.59ms | tok/sec: 94,716 | bf16_mfu: 0.00 | epoch: 1 pq: 2 rg: 85 | total time: 25.63m | eta: 11.2m
step 02660/03814 (69.74%) | loss: 3.669428 | lrm: 0.49 | dt: 564.12ms | tok/sec: 95,298 | bf16_mfu: 0.00 | epoch: 1 pq: 2 rg: 85 | total time: 25.64m | eta: 11.2m
step 02661/03814 (69.77%) | loss: 3.676408 | lrm: 0.49 | dt: 565.08ms | tok/sec: 95,137 | bf16_mfu: 0.00 | epoch: 1 pq: 2 rg: 85 | total time: 25.65m | eta: 11.2m
step 02662/03814 (69.80%) | loss: 3.682449 | lrm: 0.49 | dt: 569.90ms | tok/sec: 94,332 | bf16_mfu: 0.00 | epoch: 1 pq: 2 rg: 85 | total time: 25.66m | eta: 11.1m
step 02663/03814 (69.82%) | loss: 3.677006 | lrm: 0.49 | dt: 563.76ms | tok/sec: 95,358 | bf16_mfu: 0.00 | epoch: 1 pq: 2 rg: 85 | total time: 25.67m | eta: 11.1m
step 02664/03814 (69.85%) | loss: 3.682361 | lrm: 0.49 | dt: 564.74ms | tok/sec: 95,194 | bf16_mfu: 0.00 | epoch: 1 pq: 2 rg: 85 | total time: 25.68m | eta: 11.1m
step 02665/03814 (69.87%) | loss: 3.680883 | lrm: 0.49 | dt: 625.76ms | tok/sec: 85,911 | bf16_mfu: 0.00 | epoch: 1 pq: 2 rg: 85 | total time: 25.69m | eta: 11.1m
step 02666/03814 (69.90%) | loss: 3.680384 | lrm: 0.49 | dt: 580.05ms | tok/sec: 92,682 | bf16_mfu: 0.00 | epoch: 1 pq: 2 rg: 85 | total time: 25.70m | eta: 11.1m
step 02667/03814 (69.93%) | loss: 3.666341 | lrm: 0.49 | dt: 573.65ms | tok/sec: 93,715 | bf16_mfu: 0.00 | epoch: 1 pq: 2 rg: 85 | total time: 25.71m | eta: 11.1m
step 02668/03814 (69.95%) | loss: 3.675202 | lrm: 0.49 | dt: 674.08ms | tok/sec: 79,752 | bf16_mfu: 0.00 | epoch: 1 pq: 2 rg: 86 | total time: 25.72m | eta: 11.1m
step 02669/03814 (69.98%) | loss: 3.675979 | lrm: 0.49 | dt: 574.32ms | tok/sec: 93,606 | bf16_mfu: 0.00 | epoch: 1 pq: 2 rg: 86 | total time: 25.73m | eta: 11.1m
step 02670/03814 (70.01%) | loss: 3.657694 | lrm: 0.49 | dt: 567.21ms | tok/sec: 94,779 | bf16_mfu: 0.00 | epoch: 1 pq: 2 rg: 86 | total time: 25.74m | eta: 11.1m
step 02671/03814 (70.03%) | loss: 3.641176 | lrm: 0.49 | dt: 564.31ms | tok/sec: 95,266 | bf16_mfu: 0.00 | epoch: 1 pq: 2 rg: 86 | total time: 25.75m | eta: 11.1m
step 02672/03814 (70.06%) | loss: 3.647793 | lrm: 0.49 | dt: 590.82ms | tok/sec: 90,992 | bf16_mfu: 0.00 | epoch: 1 pq: 2 rg: 86 | total time: 25.76m | eta: 11.1m
step 02673/03814 (70.08%) | loss: 3.665406 | lrm: 0.49 | dt: 564.24ms | tok/sec: 95,279 | bf16_mfu: 0.00 | epoch: 1 pq: 2 rg: 86 | total time: 25.77m | eta: 11.0m
step 02674/03814 (70.11%) | loss: 3.659429 | lrm: 0.49 | dt: 561.43ms | tok/sec: 95,755 | bf16_mfu: 0.00 | epoch: 1 pq: 2 rg: 86 | total time: 25.78m | eta: 11.0m
step 02675/03814 (70.14%) | loss: 3.656187 | lrm: 0.49 | dt: 562.99ms | tok/sec: 95,489 | bf16_mfu: 0.00 | epoch: 1 pq: 2 rg: 86 | total time: 25.79m | eta: 11.0m
step 02676/03814 (70.16%) | loss: 3.655406 | lrm: 0.49 | dt: 568.81ms | tok/sec: 94,513 | bf16_mfu: 0.00 | epoch: 1 pq: 2 rg: 86 | total time: 25.80m | eta: 11.0m
step 02677/03814 (70.19%) | loss: 3.654996 | lrm: 0.49 | dt: 564.91ms | tok/sec: 95,165 | bf16_mfu: 0.00 | epoch: 1 pq: 2 rg: 86 | total time: 25.81m | eta: 11.0m
step 02678/03814 (70.21%) | loss: 3.645053 | lrm: 0.49 | dt: 581.33ms | tok/sec: 92,477 | bf16_mfu: 0.00 | epoch: 1 pq: 2 rg: 87 | total time: 25.82m | eta: 11.0m
step 02679/03814 (70.24%) | loss: 3.640333 | lrm: 0.48 | dt: 567.59ms | tok/sec: 94,716 | bf16_mfu: 0.00 | epoch: 1 pq: 2 rg: 87 | total time: 25.83m | eta: 11.0m
step 02680/03814 (70.27%) | loss: 3.654740 | lrm: 0.48 | dt: 565.04ms | tok/sec: 95,144 | bf16_mfu: 0.00 | epoch: 1 pq: 2 rg: 87 | total time: 25.84m | eta: 11.0m
step 02681/03814 (70.29%) | loss: 3.677754 | lrm: 0.48 | dt: 562.41ms | tok/sec: 95,589 | bf16_mfu: 0.00 | epoch: 1 pq: 2 rg: 87 | total time: 25.85m | eta: 11.0m
step 02682/03814 (70.32%) | loss: 3.663086 | lrm: 0.48 | dt: 579.94ms | tok/sec: 92,698 | bf16_mfu: 0.00 | epoch: 1 pq: 2 rg: 87 | total time: 25.86m | eta: 11.0m
step 02683/03814 (70.35%) | loss: 3.647027 | lrm: 0.48 | dt: 562.93ms | tok/sec: 95,500 | bf16_mfu: 0.00 | epoch: 1 pq: 2 rg: 87 | total time: 25.86m | eta: 10.9m
step 02684/03814 (70.37%) | loss: 3.644647 | lrm: 0.48 | dt: 565.84ms | tok/sec: 95,009 | bf16_mfu: 0.00 | epoch: 1 pq: 2 rg: 87 | total time: 25.87m | eta: 10.9m
step 02685/03814 (70.40%) | loss: 3.651878 | lrm: 0.48 | dt: 567.16ms | tok/sec: 94,787 | bf16_mfu: 0.00 | epoch: 1 pq: 2 rg: 87 | total time: 25.88m | eta: 10.9m
step 02686/03814 (70.42%) | loss: 3.657947 | lrm: 0.48 | dt: 564.63ms | tok/sec: 95,212 | bf16_mfu: 0.00 | epoch: 1 pq: 2 rg: 87 | total time: 25.89m | eta: 10.9m
step 02687/03814 (70.45%) | loss: 3.648895 | lrm: 0.48 | dt: 561.16ms | tok/sec: 95,801 | bf16_mfu: 0.00 | epoch: 1 pq: 2 rg: 87 | total time: 25.90m | eta: 10.9m
step 02688/03814 (70.48%) | loss: 3.637234 | lrm: 0.48 | dt: 561.37ms | tok/sec: 95,766 | bf16_mfu: 0.00 | epoch: 1 pq: 2 rg: 87 | total time: 25.91m | eta: 10.9m
step 02689/03814 (70.50%) | loss: 3.642403 | lrm: 0.48 | dt: 586.58ms | tok/sec: 91,649 | bf16_mfu: 0.00 | epoch: 1 pq: 2 rg: 88 | total time: 25.92m | eta: 10.9m
step 02690/03814 (70.53%) | loss: 3.667428 | lrm: 0.48 | dt: 567.09ms | tok/sec: 94,799 | bf16_mfu: 0.00 | epoch: 1 pq: 2 rg: 88 | total time: 25.93m | eta: 10.9m
step 02691/03814 (70.56%) | loss: 3.653895 | lrm: 0.48 | dt: 564.69ms | tok/sec: 95,202 | bf16_mfu: 0.00 | epoch: 1 pq: 2 rg: 88 | total time: 25.94m | eta: 10.9m
step 02692/03814 (70.58%) | loss: 3.636686 | lrm: 0.48 | dt: 566.86ms | tok/sec: 94,838 | bf16_mfu: 0.00 | epoch: 1 pq: 2 rg: 88 | total time: 25.95m | eta: 10.9m
step 02693/03814 (70.61%) | loss: 3.640389 | lrm: 0.48 | dt: 630.71ms | tok/sec: 85,236 | bf16_mfu: 0.00 | epoch: 1 pq: 2 rg: 88 | total time: 25.96m | eta: 10.8m
step 02694/03814 (70.63%) | loss: 3.665230 | lrm: 0.48 | dt: 569.60ms | tok/sec: 94,381 | bf16_mfu: 0.00 | epoch: 1 pq: 2 rg: 88 | total time: 25.97m | eta: 10.8m
step 02695/03814 (70.66%) | loss: 3.666240 | lrm: 0.48 | dt: 562.17ms | tok/sec: 95,628 | bf16_mfu: 0.00 | epoch: 1 pq: 2 rg: 88 | total time: 25.98m | eta: 10.8m
step 02696/03814 (70.69%) | loss: 3.659816 | lrm: 0.48 | dt: 564.10ms | tok/sec: 95,301 | bf16_mfu: 0.00 | epoch: 1 pq: 2 rg: 88 | total time: 25.99m | eta: 10.8m
step 02697/03814 (70.71%) | loss: 3.659719 | lrm: 0.48 | dt: 591.76ms | tok/sec: 90,848 | bf16_mfu: 0.00 | epoch: 1 pq: 2 rg: 88 | total time: 26.00m | eta: 10.8m
step 02698/03814 (70.74%) | loss: 3.667461 | lrm: 0.48 | dt: 567.19ms | tok/sec: 94,782 | bf16_mfu: 0.00 | epoch: 1 pq: 2 rg: 88 | total time: 26.01m | eta: 10.8m
step 02699/03814 (70.77%) | loss: 3.664291 | lrm: 0.48 | dt: 715.20ms | tok/sec: 75,167 | bf16_mfu: 0.00 | epoch: 1 pq: 2 rg: 89 | total time: 26.02m | eta: 10.8m
step 02700/03814 (70.79%) | loss: 3.641795 | lrm: 0.48 | dt: 559.59ms | tok/sec: 96,071 | bf16_mfu: 0.00 | epoch: 1 pq: 2 rg: 89 | total time: 26.03m | eta: 10.8m
step 02701/03814 (70.82%) | loss: 3.643041 | lrm: 0.48 | dt: 562.96ms | tok/sec: 95,495 | bf16_mfu: 0.00 | epoch: 1 pq: 2 rg: 89 | total time: 26.04m | eta: 10.8m
step 02702/03814 (70.84%) | loss: 3.654965 | lrm: 0.48 | dt: 563.62ms | tok/sec: 95,383 | bf16_mfu: 0.00 | epoch: 1 pq: 2 rg: 89 | total time: 26.05m | eta: 10.8m
step 02703/03814 (70.87%) | loss: 3.648515 | lrm: 0.48 | dt: 564.92ms | tok/sec: 95,163 | bf16_mfu: 0.00 | epoch: 1 pq: 2 rg: 89 | total time: 26.06m | eta: 10.7m
step 02704/03814 (70.90%) | loss: 3.635944 | lrm: 0.48 | dt: 561.10ms | tok/sec: 95,811 | bf16_mfu: 0.00 | epoch: 1 pq: 2 rg: 89 | total time: 26.07m | eta: 10.7m
step 02705/03814 (70.92%) | loss: 3.646701 | lrm: 0.47 | dt: 562.01ms | tok/sec: 95,656 | bf16_mfu: 0.00 | epoch: 1 pq: 2 rg: 89 | total time: 26.08m | eta: 10.7m
step 02706/03814 (70.95%) | loss: 3.654122 | lrm: 0.47 | dt: 564.85ms | tok/sec: 95,176 | bf16_mfu: 0.00 | epoch: 1 pq: 2 rg: 89 | total time: 26.09m | eta: 10.7m
step 02707/03814 (70.98%) | loss: 3.676467 | lrm: 0.47 | dt: 563.73ms | tok/sec: 95,364 | bf16_mfu: 0.00 | epoch: 1 pq: 2 rg: 89 | total time: 26.09m | eta: 10.7m
step 02708/03814 (71.00%) | loss: 3.665366 | lrm: 0.47 | dt: 566.16ms | tok/sec: 94,955 | bf16_mfu: 0.00 | epoch: 1 pq: 2 rg: 89 | total time: 26.10m | eta: 10.7m
step 02709/03814 (71.03%) | loss: 3.660993 | lrm: 0.47 | dt: 566.69ms | tok/sec: 94,867 | bf16_mfu: 0.00 | epoch: 1 pq: 2 rg: 89 | total time: 26.11m | eta: 10.7m
step 02710/03814 (71.05%) | loss: 3.670552 | lrm: 0.47 | dt: 566.28ms | tok/sec: 94,934 | bf16_mfu: 0.00 | epoch: 1 pq: 2 rg: 90 | total time: 26.12m | eta: 10.7m
step 02711/03814 (71.08%) | loss: 3.658895 | lrm: 0.47 | dt: 597.33ms | tok/sec: 90,001 | bf16_mfu: 0.00 | epoch: 1 pq: 2 rg: 90 | total time: 26.13m | eta: 10.7m
step 02712/03814 (71.11%) | loss: 3.657340 | lrm: 0.47 | dt: 565.63ms | tok/sec: 95,043 | bf16_mfu: 0.00 | epoch: 1 pq: 2 rg: 90 | total time: 26.14m | eta: 10.7m
step 02713/03814 (71.13%) | loss: 3.646643 | lrm: 0.47 | dt: 559.32ms | tok/sec: 96,116 | bf16_mfu: 0.00 | epoch: 1 pq: 2 rg: 90 | total time: 26.15m | eta: 10.7m
step 02714/03814 (71.16%) | loss: 3.652981 | lrm: 0.47 | dt: 564.07ms | tok/sec: 95,306 | bf16_mfu: 0.00 | epoch: 1 pq: 2 rg: 90 | total time: 26.16m | eta: 10.6m
step 02715/03814 (71.19%) | loss: 3.660563 | lrm: 0.47 | dt: 588.62ms | tok/sec: 91,331 | bf16_mfu: 0.00 | epoch: 1 pq: 2 rg: 90 | total time: 26.17m | eta: 10.6m
step 02716/03814 (71.21%) | loss: 3.656367 | lrm: 0.47 | dt: 564.37ms | tok/sec: 95,257 | bf16_mfu: 0.00 | epoch: 1 pq: 2 rg: 90 | total time: 26.18m | eta: 10.6m
step 02717/03814 (71.24%) | loss: 3.635778 | lrm: 0.47 | dt: 568.44ms | tok/sec: 94,574 | bf16_mfu: 0.00 | epoch: 1 pq: 2 rg: 90 | total time: 26.19m | eta: 10.6m
step 02718/03814 (71.26%) | loss: 3.632835 | lrm: 0.47 | dt: 564.85ms | tok/sec: 95,175 | bf16_mfu: 0.00 | epoch: 1 pq: 2 rg: 90 | total time: 26.20m | eta: 10.6m
step 02719/03814 (71.29%) | loss: 3.635625 | lrm: 0.47 | dt: 563.53ms | tok/sec: 95,399 | bf16_mfu: 0.00 | epoch: 1 pq: 2 rg: 90 | total time: 26.21m | eta: 10.6m
step 02720/03814 (71.32%) | loss: 3.643829 | lrm: 0.47 | dt: 583.83ms | tok/sec: 92,081 | bf16_mfu: 0.00 | epoch: 1 pq: 2 rg: 91 | total time: 26.22m | eta: 10.6m
step 02721/03814 (71.34%) | loss: 3.636106 | lrm: 0.47 | dt: 563.51ms | tok/sec: 95,401 | bf16_mfu: 0.00 | epoch: 1 pq: 2 rg: 91 | total time: 26.23m | eta: 10.6m
step 02722/03814 (71.37%) | loss: 3.643921 | lrm: 0.47 | dt: 595.73ms | tok/sec: 90,242 | bf16_mfu: 0.00 | epoch: 1 pq: 2 rg: 91 | total time: 26.24m | eta: 10.6m
step 02723/03814 (71.39%) | loss: 3.658013 | lrm: 0.47 | dt: 560.23ms | tok/sec: 95,959 | bf16_mfu: 0.00 | epoch: 1 pq: 2 rg: 91 | total time: 26.25m | eta: 10.6m
step 02724/03814 (71.42%) | loss: 3.634406 | lrm: 0.47 | dt: 559.78ms | tok/sec: 96,038 | bf16_mfu: 0.00 | epoch: 1 pq: 2 rg: 91 | total time: 26.26m | eta: 10.5m
step 02725/03814 (71.45%) | loss: 3.614774 | lrm: 0.47 | dt: 565.72ms | tok/sec: 95,029 | bf16_mfu: 0.00 | epoch: 1 pq: 2 rg: 91 | total time: 26.27m | eta: 10.5m
step 02726/03814 (71.47%) | loss: 3.616806 | lrm: 0.47 | dt: 564.30ms | tok/sec: 95,269 | bf16_mfu: 0.00 | epoch: 1 pq: 2 rg: 91 | total time: 26.28m | eta: 10.5m
step 02727/03814 (71.50%) | loss: 3.628796 | lrm: 0.47 | dt: 803.06ms | tok/sec: 66,943 | bf16_mfu: 0.00 | epoch: 1 pq: 2 rg: 91 | total time: 26.29m | eta: 10.5m
step 02728/03814 (71.53%) | loss: 3.638896 | lrm: 0.47 | dt: 563.58ms | tok/sec: 95,390 | bf16_mfu: 0.00 | epoch: 1 pq: 2 rg: 91 | total time: 26.30m | eta: 10.5m
step 02729/03814 (71.55%) | loss: 3.643447 | lrm: 0.47 | dt: 629.40ms | tok/sec: 85,414 | bf16_mfu: 0.00 | epoch: 1 pq: 2 rg: 91 | total time: 26.31m | eta: 10.5m
step 02730/03814 (71.58%) | loss: 3.635120 | lrm: 0.47 | dt: 561.36ms | tok/sec: 95,767 | bf16_mfu: 0.00 | epoch: 1 pq: 2 rg: 91 | total time: 26.32m | eta: 10.5m
step 02731/03814 (71.60%) | loss: 3.630719 | lrm: 0.47 | dt: 681.54ms | tok/sec: 78,879 | bf16_mfu: 0.00 | epoch: 1 pq: 2 rg: 92 | total time: 26.33m | eta: 10.5m
step 02732/03814 (71.63%) | loss: 3.628283 | lrm: 0.46 | dt: 584.23ms | tok/sec: 92,017 | bf16_mfu: 0.00 | epoch: 1 pq: 2 rg: 92 | total time: 26.34m | eta: 10.5m
step 02733/03814 (71.66%) | loss: 3.627996 | lrm: 0.46 | dt: 564.84ms | tok/sec: 95,177 | bf16_mfu: 0.00 | epoch: 1 pq: 2 rg: 92 | total time: 26.35m | eta: 10.5m
step 02734/03814 (71.68%) | loss: 3.609748 | lrm: 0.46 | dt: 564.04ms | tok/sec: 95,312 | bf16_mfu: 0.00 | epoch: 1 pq: 2 rg: 92 | total time: 26.36m | eta: 10.5m
step 02735/03814 (71.71%) | loss: 3.597201 | lrm: 0.46 | dt: 581.60ms | tok/sec: 92,435 | bf16_mfu: 0.00 | epoch: 1 pq: 2 rg: 92 | total time: 26.37m | eta: 10.4m
step 02736/03814 (71.74%) | loss: 3.612272 | lrm: 0.46 | dt: 559.75ms | tok/sec: 96,042 | bf16_mfu: 0.00 | epoch: 1 pq: 2 rg: 92 | total time: 26.38m | eta: 10.4m
step 02737/03814 (71.76%) | loss: 3.607132 | lrm: 0.46 | dt: 562.46ms | tok/sec: 95,580 | bf16_mfu: 0.00 | epoch: 1 pq: 2 rg: 92 | total time: 26.39m | eta: 10.4m
step 02738/03814 (71.79%) | loss: 3.604936 | lrm: 0.46 | dt: 561.92ms | tok/sec: 95,672 | bf16_mfu: 0.00 | epoch: 1 pq: 2 rg: 92 | total time: 26.40m | eta: 10.4m
step 02739/03814 (71.81%) | loss: 3.596197 | lrm: 0.46 | dt: 558.95ms | tok/sec: 96,180 | bf16_mfu: 0.00 | epoch: 1 pq: 2 rg: 92 | total time: 26.40m | eta: 10.4m
step 02740/03814 (71.84%) | loss: 3.602009 | lrm: 0.46 | dt: 568.22ms | tok/sec: 94,611 | bf16_mfu: 0.00 | epoch: 1 pq: 2 rg: 92 | total time: 26.41m | eta: 10.4m
step 02741/03814 (71.87%) | loss: 3.631218 | lrm: 0.46 | dt: 559.54ms | tok/sec: 96,078 | bf16_mfu: 0.00 | epoch: 1 pq: 2 rg: 93 | total time: 26.42m | eta: 10.4m
step 02742/03814 (71.89%) | loss: 3.628192 | lrm: 0.46 | dt: 605.84ms | tok/sec: 88,736 | bf16_mfu: 0.00 | epoch: 1 pq: 2 rg: 93 | total time: 26.43m | eta: 10.4m
step 02743/03814 (71.92%) | loss: 3.612735 | lrm: 0.46 | dt: 564.31ms | tok/sec: 95,267 | bf16_mfu: 0.00 | epoch: 1 pq: 2 rg: 93 | total time: 26.44m | eta: 10.4m
step 02744/03814 (71.95%) | loss: 3.609361 | lrm: 0.46 | dt: 566.24ms | tok/sec: 94,941 | bf16_mfu: 0.00 | epoch: 1 pq: 2 rg: 93 | total time: 26.45m | eta: 10.4m
step 02745/03814 (71.97%) | loss: 3.625787 | lrm: 0.46 | dt: 562.28ms | tok/sec: 95,611 | bf16_mfu: 0.00 | epoch: 1 pq: 2 rg: 93 | total time: 26.46m | eta: 10.3m
step 02746/03814 (72.00%) | loss: 3.634486 | lrm: 0.46 | dt: 564.52ms | tok/sec: 95,231 | bf16_mfu: 0.00 | epoch: 1 pq: 2 rg: 93 | total time: 26.47m | eta: 10.3m
step 02747/03814 (72.02%) | loss: 3.626541 | lrm: 0.46 | dt: 558.36ms | tok/sec: 96,281 | bf16_mfu: 0.00 | epoch: 1 pq: 2 rg: 93 | total time: 26.48m | eta: 10.3m
step 02748/03814 (72.05%) | loss: 3.647904 | lrm: 0.46 | dt: 563.23ms | tok/sec: 95,448 | bf16_mfu: 0.00 | epoch: 1 pq: 2 rg: 93 | total time: 26.49m | eta: 10.3m
step 02749/03814 (72.08%) | loss: 3.672650 | lrm: 0.46 | dt: 565.89ms | tok/sec: 95,000 | bf16_mfu: 0.00 | epoch: 1 pq: 2 rg: 93 | total time: 26.50m | eta: 10.3m
step 02750/03814 (72.10%) | loss: 3.646849 | lrm: 0.46 | dt: 564.32ms | tok/sec: 95,265 | bf16_mfu: 0.00 | epoch: 1 pq: 2 rg: 93 | total time: 26.51m | eta: 10.3m
step 02751/03814 (72.13%) | loss: 3.626113 | lrm: 0.46 | dt: 629.58ms | tok/sec: 85,389 | bf16_mfu: 0.00 | epoch: 1 pq: 2 rg: 94 | total time: 26.52m | eta: 10.3m
step 02752/03814 (72.16%) | loss: 3.610349 | lrm: 0.46 | dt: 571.08ms | tok/sec: 94,138 | bf16_mfu: 0.00 | epoch: 1 pq: 2 rg: 94 | total time: 26.53m | eta: 10.3m
step 02753/03814 (72.18%) | loss: 3.626428 | lrm: 0.46 | dt: 561.59ms | tok/sec: 95,728 | bf16_mfu: 0.00 | epoch: 1 pq: 2 rg: 94 | total time: 26.54m | eta: 10.3m
step 02754/03814 (72.21%) | loss: 3.633437 | lrm: 0.46 | dt: 565.23ms | tok/sec: 95,112 | bf16_mfu: 0.00 | epoch: 1 pq: 2 rg: 94 | total time: 26.55m | eta: 10.3m
step 02755/03814 (72.23%) | loss: 3.633776 | lrm: 0.46 | dt: 569.71ms | tok/sec: 94,363 | bf16_mfu: 0.00 | epoch: 1 pq: 2 rg: 94 | total time: 26.56m | eta: 10.2m
step 02756/03814 (72.26%) | loss: 3.628380 | lrm: 0.46 | dt: 562.71ms | tok/sec: 95,538 | bf16_mfu: 0.00 | epoch: 1 pq: 2 rg: 94 | total time: 26.57m | eta: 10.2m
step 02757/03814 (72.29%) | loss: 3.622108 | lrm: 0.46 | dt: 568.45ms | tok/sec: 94,572 | bf16_mfu: 0.00 | epoch: 1 pq: 2 rg: 94 | total time: 26.58m | eta: 10.2m
step 02758/03814 (72.31%) | loss: 3.641696 | lrm: 0.45 | dt: 564.02ms | tok/sec: 95,314 | bf16_mfu: 0.00 | epoch: 1 pq: 2 rg: 94 | total time: 26.59m | eta: 10.2m
step 02759/03814 (72.34%) | loss: 3.646278 | lrm: 0.45 | dt: 585.73ms | tok/sec: 91,782 | bf16_mfu: 0.00 | epoch: 1 pq: 2 rg: 94 | total time: 26.60m | eta: 10.2m
step 02760/03814 (72.36%) | loss: 3.644598 | lrm: 0.45 | dt: 563.64ms | tok/sec: 95,379 | bf16_mfu: 0.00 | epoch: 1 pq: 2 rg: 94 | total time: 26.60m | eta: 10.2m
step 02761/03814 (72.39%) | loss: 3.637733 | lrm: 0.45 | dt: 566.04ms | tok/sec: 94,975 | bf16_mfu: 0.00 | epoch: 1 pq: 2 rg: 94 | total time: 26.61m | eta: 10.2m
step 02762/03814 (72.42%) | loss: 3.662922 | lrm: 0.45 | dt: 594.89ms | tok/sec: 90,369 | bf16_mfu: 0.00 | epoch: 1 pq: 2 rg: 95 | total time: 26.62m | eta: 10.2m
step 02763/03814 (72.44%) | loss: 3.656208 | lrm: 0.45 | dt: 563.18ms | tok/sec: 95,458 | bf16_mfu: 0.00 | epoch: 1 pq: 2 rg: 95 | total time: 26.63m | eta: 10.2m
step 02764/03814 (72.47%) | loss: 3.643132 | lrm: 0.45 | dt: 565.16ms | tok/sec: 95,124 | bf16_mfu: 0.00 | epoch: 1 pq: 2 rg: 95 | total time: 26.64m | eta: 10.2m
step 02765/03814 (72.50%) | loss: 3.629052 | lrm: 0.45 | dt: 565.99ms | tok/sec: 94,984 | bf16_mfu: 0.00 | epoch: 1 pq: 2 rg: 95 | total time: 26.65m | eta: 10.1m
step 02766/03814 (72.52%) | loss: 3.648626 | lrm: 0.45 | dt: 602.28ms | tok/sec: 89,261 | bf16_mfu: 0.00 | epoch: 1 pq: 3 rg: 0 | total time: 26.66m | eta: 10.1m
step 02767/03814 (72.55%) | loss: 3.640665 | lrm: 0.45 | dt: 636.86ms | tok/sec: 84,413 | bf16_mfu: 0.00 | epoch: 1 pq: 3 rg: 0 | total time: 26.67m | eta: 10.1m
step 02768/03814 (72.57%) | loss: 3.629912 | lrm: 0.45 | dt: 562.76ms | tok/sec: 95,529 | bf16_mfu: 0.00 | epoch: 1 pq: 3 rg: 0 | total time: 26.68m | eta: 10.1m
step 02769/03814 (72.60%) | loss: 3.634839 | lrm: 0.45 | dt: 567.84ms | tok/sec: 94,675 | bf16_mfu: 0.00 | epoch: 1 pq: 3 rg: 0 | total time: 26.69m | eta: 10.1m
step 02770/03814 (72.63%) | loss: 3.661176 | lrm: 0.45 | dt: 688.94ms | tok/sec: 78,032 | bf16_mfu: 0.00 | epoch: 1 pq: 3 rg: 0 | total time: 26.70m | eta: 10.1m
step 02771/03814 (72.65%) | loss: 3.675605 | lrm: 0.45 | dt: 563.87ms | tok/sec: 95,341 | bf16_mfu: 0.00 | epoch: 1 pq: 3 rg: 0 | total time: 26.71m | eta: 10.1m
step 02772/03814 (72.68%) | loss: 3.663882 | lrm: 0.45 | dt: 566.83ms | tok/sec: 94,842 | bf16_mfu: 0.00 | epoch: 1 pq: 3 rg: 0 | total time: 26.72m | eta: 10.1m
step 02773/03814 (72.71%) | loss: 3.658291 | lrm: 0.45 | dt: 590.05ms | tok/sec: 91,110 | bf16_mfu: 0.00 | epoch: 1 pq: 3 rg: 0 | total time: 26.73m | eta: 10.1m
step 02774/03814 (72.73%) | loss: 3.676114 | lrm: 0.45 | dt: 680.28ms | tok/sec: 79,026 | bf16_mfu: 0.00 | epoch: 1 pq: 3 rg: 0 | total time: 26.74m | eta: 10.1m
step 02775/03814 (72.76%) | loss: 3.683682 | lrm: 0.45 | dt: 560.57ms | tok/sec: 95,901 | bf16_mfu: 0.00 | epoch: 1 pq: 3 rg: 0 | total time: 26.75m | eta: 10.1m
step 02776/03814 (72.78%) | loss: 3.683702 | lrm: 0.45 | dt: 615.08ms | tok/sec: 87,403 | bf16_mfu: 0.00 | epoch: 1 pq: 3 rg: 1 | total time: 26.76m | eta: 10.0m
step 02777/03814 (72.81%) | loss: 3.653785 | lrm: 0.45 | dt: 566.02ms | tok/sec: 94,979 | bf16_mfu: 0.00 | epoch: 1 pq: 3 rg: 1 | total time: 26.77m | eta: 10.0m
step 02778/03814 (72.84%) | loss: 3.666664 | lrm: 0.45 | dt: 569.26ms | tok/sec: 94,437 | bf16_mfu: 0.00 | epoch: 1 pq: 3 rg: 1 | total time: 26.78m | eta: 10.0m
step 02779/03814 (72.86%) | loss: 3.648173 | lrm: 0.45 | dt: 564.01ms | tok/sec: 95,317 | bf16_mfu: 0.00 | epoch: 1 pq: 3 rg: 1 | total time: 26.79m | eta: 10.0m
step 02780/03814 (72.89%) | loss: 3.630811 | lrm: 0.45 | dt: 558.83ms | tok/sec: 96,200 | bf16_mfu: 0.00 | epoch: 1 pq: 3 rg: 1 | total time: 26.80m | eta: 10.0m
step 02781/03814 (72.92%) | loss: 3.616070 | lrm: 0.45 | dt: 557.52ms | tok/sec: 96,427 | bf16_mfu: 0.00 | epoch: 1 pq: 3 rg: 1 | total time: 26.81m | eta: 10.0m
step 02782/03814 (72.94%) | loss: 3.624077 | lrm: 0.45 | dt: 562.13ms | tok/sec: 95,635 | bf16_mfu: 0.00 | epoch: 1 pq: 3 rg: 1 | total time: 26.82m | eta: 10.0m
step 02783/03814 (72.97%) | loss: 3.630240 | lrm: 0.45 | dt: 562.06ms | tok/sec: 95,647 | bf16_mfu: 0.00 | epoch: 1 pq: 3 rg: 1 | total time: 26.83m | eta: 10.0m
step 02784/03814 (72.99%) | loss: 3.625778 | lrm: 0.44 | dt: 558.57ms | tok/sec: 96,246 | bf16_mfu: 0.00 | epoch: 1 pq: 3 rg: 1 | total time: 26.84m | eta: 10.0m
step 02785/03814 (73.02%) | loss: 3.627423 | lrm: 0.44 | dt: 560.88ms | tok/sec: 95,849 | bf16_mfu: 0.00 | epoch: 1 pq: 3 rg: 1 | total time: 26.85m | eta: 10.0m
step 02786/03814 (73.05%) | loss: 3.638478 | lrm: 0.44 | dt: 574.67ms | tok/sec: 93,549 | bf16_mfu: 0.00 | epoch: 1 pq: 3 rg: 1 | total time: 26.86m | eta: 9.9m
step 02787/03814 (73.07%) | loss: 3.655110 | lrm: 0.44 | dt: 703.28ms | tok/sec: 76,442 | bf16_mfu: 0.00 | epoch: 1 pq: 3 rg: 2 | total time: 26.87m | eta: 9.9m
step 02788/03814 (73.10%) | loss: 3.640550 | lrm: 0.44 | dt: 562.16ms | tok/sec: 95,631 | bf16_mfu: 0.00 | epoch: 1 pq: 3 rg: 2 | total time: 26.88m | eta: 9.9m
step 02789/03814 (73.13%) | loss: 3.631847 | lrm: 0.44 | dt: 566.71ms | tok/sec: 94,862 | bf16_mfu: 0.00 | epoch: 1 pq: 3 rg: 2 | total time: 26.89m | eta: 9.9m
step 02790/03814 (73.15%) | loss: 3.633842 | lrm: 0.44 | dt: 561.66ms | tok/sec: 95,716 | bf16_mfu: 0.00 | epoch: 1 pq: 3 rg: 2 | total time: 26.90m | eta: 9.9m
step 02791/03814 (73.18%) | loss: 3.655579 | lrm: 0.44 | dt: 555.79ms | tok/sec: 96,726 | bf16_mfu: 0.00 | epoch: 1 pq: 3 rg: 2 | total time: 26.91m | eta: 9.9m
step 02792/03814 (73.20%) | loss: 3.647001 | lrm: 0.44 | dt: 600.37ms | tok/sec: 89,544 | bf16_mfu: 0.00 | epoch: 1 pq: 3 rg: 2 | total time: 26.92m | eta: 9.9m
step 02793/03814 (73.23%) | loss: 3.628756 | lrm: 0.44 | dt: 561.43ms | tok/sec: 95,756 | bf16_mfu: 0.00 | epoch: 1 pq: 3 rg: 2 | total time: 26.93m | eta: 9.9m
step 02794/03814 (73.26%) | loss: 3.617845 | lrm: 0.44 | dt: 560.53ms | tok/sec: 95,908 | bf16_mfu: 0.00 | epoch: 1 pq: 3 rg: 2 | total time: 26.93m | eta: 9.9m
step 02795/03814 (73.28%) | loss: 3.629859 | lrm: 0.44 | dt: 560.24ms | tok/sec: 95,959 | bf16_mfu: 0.00 | epoch: 1 pq: 3 rg: 2 | total time: 26.94m | eta: 9.9m
step 02796/03814 (73.31%) | loss: 3.631023 | lrm: 0.44 | dt: 556.36ms | tok/sec: 96,628 | bf16_mfu: 0.00 | epoch: 1 pq: 3 rg: 2 | total time: 26.95m | eta: 9.8m
step 02797/03814 (73.34%) | loss: 3.616439 | lrm: 0.44 | dt: 564.24ms | tok/sec: 95,278 | bf16_mfu: 0.00 | epoch: 1 pq: 3 rg: 2 | total time: 26.96m | eta: 9.8m
step 02798/03814 (73.36%) | loss: 3.620863 | lrm: 0.44 | dt: 575.15ms | tok/sec: 93,470 | bf16_mfu: 0.00 | epoch: 1 pq: 3 rg: 3 | total time: 26.97m | eta: 9.8m
step 02799/03814 (73.39%) | loss: 3.631930 | lrm: 0.44 | dt: 625.49ms | tok/sec: 85,948 | bf16_mfu: 0.00 | epoch: 1 pq: 3 rg: 3 | total time: 26.98m | eta: 9.8m
step 02800/03814 (73.41%) | loss: 3.619423 | lrm: 0.44 | dt: 560.45ms | tok/sec: 95,923 | bf16_mfu: 0.00 | epoch: 1 pq: 3 rg: 3 | total time: 26.99m | eta: 9.8m
step 02801/03814 (73.44%) | loss: 3.601569 | lrm: 0.44 | dt: 559.41ms | tok/sec: 96,101 | bf16_mfu: 0.00 | epoch: 1 pq: 3 rg: 3 | total time: 27.00m | eta: 9.8m
step 02802/03814 (73.47%) | loss: 3.589387 | lrm: 0.44 | dt: 559.07ms | tok/sec: 96,159 | bf16_mfu: 0.00 | epoch: 1 pq: 3 rg: 3 | total time: 27.01m | eta: 9.8m
step 02803/03814 (73.49%) | loss: 3.603027 | lrm: 0.44 | dt: 584.11ms | tok/sec: 92,036 | bf16_mfu: 0.00 | epoch: 1 pq: 3 rg: 3 | total time: 27.02m | eta: 9.8m
step 02804/03814 (73.52%) | loss: 3.602127 | lrm: 0.44 | dt: 563.61ms | tok/sec: 95,385 | bf16_mfu: 0.00 | epoch: 1 pq: 3 rg: 3 | total time: 27.03m | eta: 9.8m
step 02805/03814 (73.54%) | loss: 3.601168 | lrm: 0.44 | dt: 557.72ms | tok/sec: 96,392 | bf16_mfu: 0.00 | epoch: 1 pq: 3 rg: 3 | total time: 27.04m | eta: 9.8m
step 02806/03814 (73.57%) | loss: 3.595954 | lrm: 0.44 | dt: 615.83ms | tok/sec: 87,296 | bf16_mfu: 0.00 | epoch: 1 pq: 3 rg: 3 | total time: 27.05m | eta: 9.8m
step 02807/03814 (73.60%) | loss: 3.632941 | lrm: 0.44 | dt: 560.94ms | tok/sec: 95,839 | bf16_mfu: 0.00 | epoch: 1 pq: 3 rg: 3 | total time: 27.06m | eta: 9.7m
step 02808/03814 (73.62%) | loss: 3.615487 | lrm: 0.44 | dt: 853.75ms | tok/sec: 62,969 | bf16_mfu: 0.00 | epoch: 1 pq: 3 rg: 4 | total time: 27.07m | eta: 9.7m
step 02809/03814 (73.65%) | loss: 3.617625 | lrm: 0.44 | dt: 559.03ms | tok/sec: 96,166 | bf16_mfu: 0.00 | epoch: 1 pq: 3 rg: 4 | total time: 27.08m | eta: 9.7m
step 02810/03814 (73.68%) | loss: 3.616884 | lrm: 0.43 | dt: 575.49ms | tok/sec: 93,415 | bf16_mfu: 0.00 | epoch: 1 pq: 3 rg: 4 | total time: 27.09m | eta: 9.7m
step 02811/03814 (73.70%) | loss: 3.625692 | lrm: 0.43 | dt: 560.86ms | tok/sec: 95,852 | bf16_mfu: 0.00 | epoch: 1 pq: 3 rg: 4 | total time: 27.10m | eta: 9.7m
step 02812/03814 (73.73%) | loss: 3.635817 | lrm: 0.43 | dt: 566.11ms | tok/sec: 94,963 | bf16_mfu: 0.00 | epoch: 1 pq: 3 rg: 4 | total time: 27.11m | eta: 9.7m
step 02813/03814 (73.75%) | loss: 3.635952 | lrm: 0.43 | dt: 563.22ms | tok/sec: 95,451 | bf16_mfu: 0.00 | epoch: 1 pq: 3 rg: 4 | total time: 27.12m | eta: 9.7m
step 02814/03814 (73.78%) | loss: 3.621692 | lrm: 0.43 | dt: 562.40ms | tok/sec: 95,590 | bf16_mfu: 0.00 | epoch: 1 pq: 3 rg: 4 | total time: 27.13m | eta: 9.7m
step 02815/03814 (73.81%) | loss: 3.635122 | lrm: 0.43 | dt: 578.58ms | tok/sec: 92,917 | bf16_mfu: 0.00 | epoch: 1 pq: 3 rg: 4 | total time: 27.14m | eta: 9.7m
step 02816/03814 (73.83%) | loss: 3.621137 | lrm: 0.43 | dt: 563.22ms | tok/sec: 95,451 | bf16_mfu: 0.00 | epoch: 1 pq: 3 rg: 4 | total time: 27.15m | eta: 9.7m
step 02817/03814 (73.86%) | loss: 3.632983 | lrm: 0.43 | dt: 597.52ms | tok/sec: 89,971 | bf16_mfu: 0.00 | epoch: 1 pq: 3 rg: 4 | total time: 27.16m | eta: 9.6m
step 02818/03814 (73.89%) | loss: 3.633467 | lrm: 0.43 | dt: 562.84ms | tok/sec: 95,515 | bf16_mfu: 0.00 | epoch: 1 pq: 3 rg: 4 | total time: 27.17m | eta: 9.6m
step 02819/03814 (73.91%) | loss: 3.653046 | lrm: 0.43 | dt: 609.75ms | tok/sec: 88,167 | bf16_mfu: 0.00 | epoch: 1 pq: 3 rg: 5 | total time: 27.18m | eta: 9.6m
step 02820/03814 (73.94%) | loss: 3.657912 | lrm: 0.43 | dt: 884.87ms | tok/sec: 60,754 | bf16_mfu: 0.00 | epoch: 1 pq: 3 rg: 5 | total time: 27.19m | eta: 9.6m
step 02821/03814 (73.96%) | loss: 3.654304 | lrm: 0.43 | dt: 568.31ms | tok/sec: 94,595 | bf16_mfu: 0.00 | epoch: 1 pq: 3 rg: 5 | total time: 27.20m | eta: 9.6m
step 02822/03814 (73.99%) | loss: 3.655336 | lrm: 0.43 | dt: 567.27ms | tok/sec: 94,769 | bf16_mfu: 0.00 | epoch: 1 pq: 3 rg: 5 | total time: 27.21m | eta: 9.6m
step 02823/03814 (74.02%) | loss: 3.655787 | lrm: 0.43 | dt: 590.74ms | tok/sec: 91,005 | bf16_mfu: 0.00 | epoch: 1 pq: 3 rg: 5 | total time: 27.22m | eta: 9.6m
step 02824/03814 (74.04%) | loss: 3.657772 | lrm: 0.43 | dt: 592.56ms | tok/sec: 90,725 | bf16_mfu: 0.00 | epoch: 1 pq: 3 rg: 5 | total time: 27.23m | eta: 9.6m
step 02825/03814 (74.07%) | loss: 3.650216 | lrm: 0.43 | dt: 559.75ms | tok/sec: 96,043 | bf16_mfu: 0.00 | epoch: 1 pq: 3 rg: 5 | total time: 27.24m | eta: 9.6m
step 02826/03814 (74.10%) | loss: 3.634190 | lrm: 0.43 | dt: 560.94ms | tok/sec: 95,839 | bf16_mfu: 0.00 | epoch: 1 pq: 3 rg: 5 | total time: 27.25m | eta: 9.6m
step 02827/03814 (74.12%) | loss: 3.623690 | lrm: 0.43 | dt: 564.16ms | tok/sec: 95,291 | bf16_mfu: 0.00 | epoch: 1 pq: 3 rg: 5 | total time: 27.26m | eta: 9.6m
step 02828/03814 (74.15%) | loss: 3.635713 | lrm: 0.43 | dt: 557.97ms | tok/sec: 96,349 | bf16_mfu: 0.00 | epoch: 1 pq: 3 rg: 5 | total time: 27.27m | eta: 9.5m
step 02829/03814 (74.17%) | loss: 3.632129 | lrm: 0.43 | dt: 581.72ms | tok/sec: 92,415 | bf16_mfu: 0.00 | epoch: 1 pq: 3 rg: 6 | total time: 27.28m | eta: 9.5m
step 02830/03814 (74.20%) | loss: 3.632165 | lrm: 0.43 | dt: 563.86ms | tok/sec: 95,343 | bf16_mfu: 0.00 | epoch: 1 pq: 3 rg: 6 | total time: 27.29m | eta: 9.5m
step 02831/03814 (74.23%) | loss: 3.655506 | lrm: 0.43 | dt: 562.47ms | tok/sec: 95,578 | bf16_mfu: 0.00 | epoch: 1 pq: 3 rg: 6 | total time: 27.30m | eta: 9.5m
step 02832/03814 (74.25%) | loss: 3.673653 | lrm: 0.43 | dt: 556.98ms | tok/sec: 96,520 | bf16_mfu: 0.00 | epoch: 1 pq: 3 rg: 6 | total time: 27.31m | eta: 9.5m
step 02833/03814 (74.28%) | loss: 3.664602 | lrm: 0.43 | dt: 560.74ms | tok/sec: 95,874 | bf16_mfu: 0.00 | epoch: 1 pq: 3 rg: 6 | total time: 27.32m | eta: 9.5m
step 02834/03814 (74.31%) | loss: 3.646814 | lrm: 0.43 | dt: 560.21ms | tok/sec: 95,963 | bf16_mfu: 0.00 | epoch: 1 pq: 3 rg: 6 | total time: 27.33m | eta: 9.5m
step 02835/03814 (74.33%) | loss: 3.644374 | lrm: 0.43 | dt: 557.84ms | tok/sec: 96,371 | bf16_mfu: 0.00 | epoch: 1 pq: 3 rg: 6 | total time: 27.33m | eta: 9.5m
step 02836/03814 (74.36%) | loss: 3.666747 | lrm: 0.42 | dt: 561.64ms | tok/sec: 95,719 | bf16_mfu: 0.00 | epoch: 1 pq: 3 rg: 6 | total time: 27.34m | eta: 9.5m
step 02837/03814 (74.38%) | loss: 3.661009 | lrm: 0.42 | dt: 735.51ms | tok/sec: 73,091 | bf16_mfu: 0.00 | epoch: 1 pq: 3 rg: 6 | total time: 27.36m | eta: 9.5m
step 02838/03814 (74.41%) | loss: 3.654554 | lrm: 0.42 | dt: 561.89ms | tok/sec: 95,677 | bf16_mfu: 0.00 | epoch: 1 pq: 3 rg: 6 | total time: 27.37m | eta: 9.4m
step 02839/03814 (74.44%) | loss: 3.635296 | lrm: 0.42 | dt: 564.55ms | tok/sec: 95,226 | bf16_mfu: 0.00 | epoch: 1 pq: 3 rg: 6 | total time: 27.37m | eta: 9.4m
step 02840/03814 (74.46%) | loss: 3.634676 | lrm: 0.42 | dt: 571.34ms | tok/sec: 94,095 | bf16_mfu: 0.00 | epoch: 1 pq: 3 rg: 7 | total time: 27.38m | eta: 9.4m
step 02841/03814 (74.49%) | loss: 3.611331 | lrm: 0.42 | dt: 565.95ms | tok/sec: 94,990 | bf16_mfu: 0.00 | epoch: 1 pq: 3 rg: 7 | total time: 27.39m | eta: 9.4m
step 02842/03814 (74.51%) | loss: 3.592004 | lrm: 0.42 | dt: 558.04ms | tok/sec: 96,337 | bf16_mfu: 0.00 | epoch: 1 pq: 3 rg: 7 | total time: 27.40m | eta: 9.4m
step 02843/03814 (74.54%) | loss: 3.573291 | lrm: 0.42 | dt: 561.81ms | tok/sec: 95,689 | bf16_mfu: 0.00 | epoch: 1 pq: 3 rg: 7 | total time: 27.41m | eta: 9.4m
step 02844/03814 (74.57%) | loss: 3.597051 | lrm: 0.42 | dt: 573.01ms | tok/sec: 93,820 | bf16_mfu: 0.00 | epoch: 1 pq: 3 rg: 7 | total time: 27.42m | eta: 9.4m
step 02845/03814 (74.59%) | loss: 3.606723 | lrm: 0.42 | dt: 562.67ms | tok/sec: 95,543 | bf16_mfu: 0.00 | epoch: 1 pq: 3 rg: 7 | total time: 27.43m | eta: 9.4m
step 02846/03814 (74.62%) | loss: 3.590443 | lrm: 0.42 | dt: 614.81ms | tok/sec: 87,441 | bf16_mfu: 0.00 | epoch: 1 pq: 3 rg: 7 | total time: 27.44m | eta: 9.4m
step 02847/03814 (74.65%) | loss: 3.587323 | lrm: 0.42 | dt: 562.60ms | tok/sec: 95,556 | bf16_mfu: 0.00 | epoch: 1 pq: 3 rg: 7 | total time: 27.45m | eta: 9.4m
step 02848/03814 (74.67%) | loss: 3.581092 | lrm: 0.42 | dt: 613.53ms | tok/sec: 87,624 | bf16_mfu: 0.00 | epoch: 1 pq: 3 rg: 7 | total time: 27.46m | eta: 9.3m
step 02849/03814 (74.70%) | loss: 3.600608 | lrm: 0.42 | dt: 561.93ms | tok/sec: 95,670 | bf16_mfu: 0.00 | epoch: 1 pq: 3 rg: 7 | total time: 27.47m | eta: 9.3m
step 02850/03814 (74.72%) | loss: 3.587172 | lrm: 0.42 | dt: 583.80ms | tok/sec: 92,086 | bf16_mfu: 0.00 | epoch: 1 pq: 3 rg: 8 | total time: 27.48m | eta: 9.3m
step 02851/03814 (74.75%) | loss: 3.584402 | lrm: 0.42 | dt: 566.55ms | tok/sec: 94,890 | bf16_mfu: 0.00 | epoch: 1 pq: 3 rg: 8 | total time: 27.49m | eta: 9.3m
step 02852/03814 (74.78%) | loss: 3.591075 | lrm: 0.42 | dt: 817.44ms | tok/sec: 65,766 | bf16_mfu: 0.00 | epoch: 1 pq: 3 rg: 8 | total time: 27.50m | eta: 9.3m
step 02853/03814 (74.80%) | loss: 3.603139 | lrm: 0.42 | dt: 604.43ms | tok/sec: 88,943 | bf16_mfu: 0.00 | epoch: 1 pq: 3 rg: 8 | total time: 27.51m | eta: 9.3m
step 02854/03814 (74.83%) | loss: 3.588295 | lrm: 0.42 | dt: 561.83ms | tok/sec: 95,687 | bf16_mfu: 0.00 | epoch: 1 pq: 3 rg: 8 | total time: 27.52m | eta: 9.3m
step 02855/03814 (74.86%) | loss: 3.580637 | lrm: 0.42 | dt: 567.06ms | tok/sec: 94,804 | bf16_mfu: 0.00 | epoch: 1 pq: 3 rg: 8 | total time: 27.53m | eta: 9.3m
step 02856/03814 (74.88%) | loss: 3.602347 | lrm: 0.42 | dt: 561.28ms | tok/sec: 95,781 | bf16_mfu: 0.00 | epoch: 1 pq: 3 rg: 8 | total time: 27.54m | eta: 9.3m
step 02857/03814 (74.91%) | loss: 3.612098 | lrm: 0.42 | dt: 558.32ms | tok/sec: 96,288 | bf16_mfu: 0.00 | epoch: 1 pq: 3 rg: 8 | total time: 27.55m | eta: 9.3m
step 02858/03814 (74.93%) | loss: 3.602253 | lrm: 0.42 | dt: 558.04ms | tok/sec: 96,337 | bf16_mfu: 0.00 | epoch: 1 pq: 3 rg: 8 | total time: 27.56m | eta: 9.3m
step 02859/03814 (74.96%) | loss: 3.601764 | lrm: 0.42 | dt: 562.92ms | tok/sec: 95,501 | bf16_mfu: 0.00 | epoch: 1 pq: 3 rg: 8 | total time: 27.57m | eta: 9.2m
step 02860/03814 (74.99%) | loss: 3.609896 | lrm: 0.42 | dt: 606.30ms | tok/sec: 88,669 | bf16_mfu: 0.00 | epoch: 1 pq: 3 rg: 8 | total time: 27.58m | eta: 9.2m
step 02861/03814 (75.01%) | loss: 3.638821 | lrm: 0.42 | dt: 554.20ms | tok/sec: 97,004 | bf16_mfu: 0.00 | epoch: 1 pq: 3 rg: 9 | total time: 27.59m | eta: 9.2m
step 02862/03814 (75.04%) | loss: 3.635349 | lrm: 0.41 | dt: 559.10ms | tok/sec: 96,154 | bf16_mfu: 0.00 | epoch: 1 pq: 3 rg: 9 | total time: 27.60m | eta: 9.2m
step 02863/03814 (75.07%) | loss: 3.626338 | lrm: 0.41 | dt: 557.24ms | tok/sec: 96,475 | bf16_mfu: 0.00 | epoch: 1 pq: 3 rg: 9 | total time: 27.61m | eta: 9.2m
step 02864/03814 (75.09%) | loss: 3.628759 | lrm: 0.41 | dt: 559.03ms | tok/sec: 96,167 | bf16_mfu: 0.00 | epoch: 1 pq: 3 rg: 9 | total time: 27.62m | eta: 9.2m
step 02865/03814 (75.12%) | loss: 3.635088 | lrm: 0.41 | dt: 562.62ms | tok/sec: 95,553 | bf16_mfu: 0.00 | epoch: 1 pq: 3 rg: 9 | total time: 27.63m | eta: 9.2m
step 02866/03814 (75.14%) | loss: 3.620558 | lrm: 0.41 | dt: 610.46ms | tok/sec: 88,065 | bf16_mfu: 0.00 | epoch: 1 pq: 3 rg: 9 | total time: 27.64m | eta: 9.2m
step 02867/03814 (75.17%) | loss: 3.610759 | lrm: 0.41 | dt: 562.43ms | tok/sec: 95,585 | bf16_mfu: 0.00 | epoch: 1 pq: 3 rg: 9 | total time: 27.65m | eta: 9.2m
step 02868/03814 (75.20%) | loss: 3.601253 | lrm: 0.41 | dt: 623.73ms | tok/sec: 86,191 | bf16_mfu: 0.00 | epoch: 1 pq: 3 rg: 9 | total time: 27.66m | eta: 9.2m
step 02869/03814 (75.22%) | loss: 3.606183 | lrm: 0.41 | dt: 608.54ms | tok/sec: 88,341 | bf16_mfu: 0.00 | epoch: 1 pq: 3 rg: 9 | total time: 27.67m | eta: 9.1m
step 02870/03814 (75.25%) | loss: 3.595725 | lrm: 0.41 | dt: 560.81ms | tok/sec: 95,861 | bf16_mfu: 0.00 | epoch: 1 pq: 3 rg: 9 | total time: 27.68m | eta: 9.1m
step 02871/03814 (75.28%) | loss: 3.585947 | lrm: 0.41 | dt: 688.26ms | tok/sec: 78,109 | bf16_mfu: 0.00 | epoch: 1 pq: 3 rg: 10 | total time: 27.69m | eta: 9.1m
step 02872/03814 (75.30%) | loss: 3.581540 | lrm: 0.41 | dt: 563.29ms | tok/sec: 95,439 | bf16_mfu: 0.00 | epoch: 1 pq: 3 rg: 10 | total time: 27.70m | eta: 9.1m
step 02873/03814 (75.33%) | loss: 3.572410 | lrm: 0.41 | dt: 592.14ms | tok/sec: 90,788 | bf16_mfu: 0.00 | epoch: 1 pq: 3 rg: 10 | total time: 27.71m | eta: 9.1m
step 02874/03814 (75.35%) | loss: 3.591933 | lrm: 0.41 | dt: 569.91ms | tok/sec: 94,330 | bf16_mfu: 0.00 | epoch: 1 pq: 3 rg: 10 | total time: 27.72m | eta: 9.1m
step 02875/03814 (75.38%) | loss: 3.598196 | lrm: 0.41 | dt: 559.88ms | tok/sec: 96,020 | bf16_mfu: 0.00 | epoch: 1 pq: 3 rg: 10 | total time: 27.73m | eta: 9.1m
step 02876/03814 (75.41%) | loss: 3.606495 | lrm: 0.41 | dt: 562.68ms | tok/sec: 95,542 | bf16_mfu: 0.00 | epoch: 1 pq: 3 rg: 10 | total time: 27.73m | eta: 9.1m
step 02877/03814 (75.43%) | loss: 3.613450 | lrm: 0.41 | dt: 634.15ms | tok/sec: 84,774 | bf16_mfu: 0.00 | epoch: 1 pq: 3 rg: 10 | total time: 27.75m | eta: 9.1m
step 02878/03814 (75.46%) | loss: 3.657273 | lrm: 0.41 | dt: 569.03ms | tok/sec: 94,476 | bf16_mfu: 0.00 | epoch: 1 pq: 3 rg: 10 | total time: 27.75m | eta: 9.1m
step 02879/03814 (75.49%) | loss: 3.646249 | lrm: 0.41 | dt: 559.81ms | tok/sec: 96,031 | bf16_mfu: 0.00 | epoch: 1 pq: 3 rg: 10 | total time: 27.76m | eta: 9.0m
step 02880/03814 (75.51%) | loss: 3.646500 | lrm: 0.41 | dt: 565.14ms | tok/sec: 95,126 | bf16_mfu: 0.00 | epoch: 1 pq: 3 rg: 10 | total time: 27.77m | eta: 9.0m
step 02881/03814 (75.54%) | loss: 3.646641 | lrm: 0.41 | dt: 560.68ms | tok/sec: 95,883 | bf16_mfu: 0.00 | epoch: 1 pq: 3 rg: 10 | total time: 27.78m | eta: 9.0m
step 02882/03814 (75.56%) | loss: 3.674307 | lrm: 0.41 | dt: 598.94ms | tok/sec: 89,758 | bf16_mfu: 0.00 | epoch: 1 pq: 3 rg: 11 | total time: 27.79m | eta: 9.0m
step 02883/03814 (75.59%) | loss: 3.656095 | lrm: 0.41 | dt: 605.18ms | tok/sec: 88,832 | bf16_mfu: 0.00 | epoch: 1 pq: 3 rg: 11 | total time: 27.80m | eta: 9.0m
step 02884/03814 (75.62%) | loss: 3.650148 | lrm: 0.41 | dt: 563.35ms | tok/sec: 95,428 | bf16_mfu: 0.00 | epoch: 1 pq: 3 rg: 11 | total time: 27.81m | eta: 9.0m
step 02885/03814 (75.64%) | loss: 3.639674 | lrm: 0.41 | dt: 587.99ms | tok/sec: 91,429 | bf16_mfu: 0.00 | epoch: 1 pq: 3 rg: 11 | total time: 27.82m | eta: 9.0m
step 02886/03814 (75.67%) | loss: 3.633153 | lrm: 0.41 | dt: 570.07ms | tok/sec: 94,303 | bf16_mfu: 0.00 | epoch: 1 pq: 3 rg: 11 | total time: 27.83m | eta: 9.0m
step 02887/03814 (75.69%) | loss: 3.629405 | lrm: 0.41 | dt: 557.66ms | tok/sec: 96,402 | bf16_mfu: 0.00 | epoch: 1 pq: 3 rg: 11 | total time: 27.84m | eta: 9.0m
step 02888/03814 (75.72%) | loss: 3.600666 | lrm: 0.40 | dt: 565.18ms | tok/sec: 95,119 | bf16_mfu: 0.00 | epoch: 1 pq: 3 rg: 11 | total time: 27.85m | eta: 9.0m
step 02889/03814 (75.75%) | loss: 3.585437 | lrm: 0.40 | dt: 570.78ms | tok/sec: 94,187 | bf16_mfu: 0.00 | epoch: 1 pq: 3 rg: 11 | total time: 27.86m | eta: 9.0m
step 02890/03814 (75.77%) | loss: 3.586424 | lrm: 0.40 | dt: 561.27ms | tok/sec: 95,782 | bf16_mfu: 0.00 | epoch: 1 pq: 3 rg: 11 | total time: 27.87m | eta: 8.9m
step 02891/03814 (75.80%) | loss: 3.598120 | lrm: 0.40 | dt: 556.73ms | tok/sec: 96,564 | bf16_mfu: 0.00 | epoch: 1 pq: 3 rg: 11 | total time: 27.88m | eta: 8.9m
step 02892/03814 (75.83%) | loss: 3.594601 | lrm: 0.40 | dt: 562.31ms | tok/sec: 95,605 | bf16_mfu: 0.00 | epoch: 1 pq: 3 rg: 12 | total time: 27.89m | eta: 8.9m
step 02893/03814 (75.85%) | loss: 3.604001 | lrm: 0.40 | dt: 566.38ms | tok/sec: 94,918 | bf16_mfu: 0.00 | epoch: 1 pq: 3 rg: 12 | total time: 27.90m | eta: 8.9m
step 02894/03814 (75.88%) | loss: 3.612910 | lrm: 0.40 | dt: 559.97ms | tok/sec: 96,004 | bf16_mfu: 0.00 | epoch: 1 pq: 3 rg: 12 | total time: 27.91m | eta: 8.9m
step 02895/03814 (75.90%) | loss: 3.625959 | lrm: 0.40 | dt: 570.93ms | tok/sec: 94,161 | bf16_mfu: 0.00 | epoch: 1 pq: 3 rg: 12 | total time: 27.92m | eta: 8.9m
step 02896/03814 (75.93%) | loss: 3.605074 | lrm: 0.40 | dt: 562.51ms | tok/sec: 95,571 | bf16_mfu: 0.00 | epoch: 1 pq: 3 rg: 12 | total time: 27.93m | eta: 8.9m
step 02897/03814 (75.96%) | loss: 3.600161 | lrm: 0.40 | dt: 559.09ms | tok/sec: 96,156 | bf16_mfu: 0.00 | epoch: 1 pq: 3 rg: 12 | total time: 27.93m | eta: 8.9m
step 02898/03814 (75.98%) | loss: 3.590916 | lrm: 0.40 | dt: 560.33ms | tok/sec: 95,942 | bf16_mfu: 0.00 | epoch: 1 pq: 3 rg: 12 | total time: 27.94m | eta: 8.9m
step 02899/03814 (76.01%) | loss: 3.569136 | lrm: 0.40 | dt: 561.24ms | tok/sec: 95,787 | bf16_mfu: 0.00 | epoch: 1 pq: 3 rg: 12 | total time: 27.95m | eta: 8.9m
step 02900/03814 (76.04%) | loss: 3.569054 | lrm: 0.40 | dt: 557.76ms | tok/sec: 96,385 | bf16_mfu: 0.00 | epoch: 1 pq: 3 rg: 12 | total time: 27.96m | eta: 8.8m
step 02901/03814 (76.06%) | loss: 3.571985 | lrm: 0.40 | dt: 560.71ms | tok/sec: 95,878 | bf16_mfu: 0.00 | epoch: 1 pq: 3 rg: 12 | total time: 27.97m | eta: 8.8m
step 02902/03814 (76.09%) | loss: 3.575729 | lrm: 0.40 | dt: 562.06ms | tok/sec: 95,647 | bf16_mfu: 0.00 | epoch: 1 pq: 3 rg: 12 | total time: 27.98m | eta: 8.8m
step 02903/03814 (76.11%) | loss: 3.591770 | lrm: 0.40 | dt: 583.00ms | tok/sec: 92,212 | bf16_mfu: 0.00 | epoch: 1 pq: 3 rg: 13 | total time: 27.99m | eta: 8.8m
step 02904/03814 (76.14%) | loss: 3.604023 | lrm: 0.40 | dt: 559.23ms | tok/sec: 96,131 | bf16_mfu: 0.00 | epoch: 1 pq: 3 rg: 13 | total time: 28.00m | eta: 8.8m
step 02905/03814 (76.17%) | loss: 3.596600 | lrm: 0.40 | dt: 561.98ms | tok/sec: 95,660 | bf16_mfu: 0.00 | epoch: 1 pq: 3 rg: 13 | total time: 28.01m | eta: 8.8m
step 02906/03814 (76.19%) | loss: 3.597443 | lrm: 0.40 | dt: 557.76ms | tok/sec: 96,385 | bf16_mfu: 0.00 | epoch: 1 pq: 3 rg: 13 | total time: 28.02m | eta: 8.8m
step 02907/03814 (76.22%) | loss: 3.644988 | lrm: 0.40 | dt: 558.47ms | tok/sec: 96,263 | bf16_mfu: 0.00 | epoch: 1 pq: 3 rg: 13 | total time: 28.03m | eta: 8.8m
step 02908/03814 (76.25%) | loss: 3.638736 | lrm: 0.40 | dt: 612.03ms | tok/sec: 87,839 | bf16_mfu: 0.00 | epoch: 1 pq: 3 rg: 13 | total time: 28.04m | eta: 8.8m
step 02909/03814 (76.27%) | loss: 3.637464 | lrm: 0.40 | dt: 560.81ms | tok/sec: 95,860 | bf16_mfu: 0.00 | epoch: 1 pq: 3 rg: 13 | total time: 28.05m | eta: 8.8m
step 02910/03814 (76.30%) | loss: 3.627827 | lrm: 0.40 | dt: 633.95ms | tok/sec: 84,802 | bf16_mfu: 0.00 | epoch: 1 pq: 3 rg: 13 | total time: 28.06m | eta: 8.7m
step 02911/03814 (76.32%) | loss: 3.650893 | lrm: 0.40 | dt: 558.56ms | tok/sec: 96,248 | bf16_mfu: 0.00 | epoch: 1 pq: 3 rg: 13 | total time: 28.07m | eta: 8.7m
step 02912/03814 (76.35%) | loss: 3.638327 | lrm: 0.40 | dt: 558.87ms | tok/sec: 96,194 | bf16_mfu: 0.00 | epoch: 1 pq: 3 rg: 13 | total time: 28.08m | eta: 8.7m
step 02913/03814 (76.38%) | loss: 3.633684 | lrm: 0.40 | dt: 557.70ms | tok/sec: 96,396 | bf16_mfu: 0.00 | epoch: 1 pq: 3 rg: 13 | total time: 28.09m | eta: 8.7m
step 02914/03814 (76.40%) | loss: 3.630643 | lrm: 0.39 | dt: 567.97ms | tok/sec: 94,652 | bf16_mfu: 0.00 | epoch: 1 pq: 3 rg: 14 | total time: 28.10m | eta: 8.7m
step 02915/03814 (76.43%) | loss: 3.631026 | lrm: 0.39 | dt: 600.04ms | tok/sec: 89,594 | bf16_mfu: 0.00 | epoch: 1 pq: 3 rg: 14 | total time: 28.11m | eta: 8.7m
step 02916/03814 (76.46%) | loss: 3.610781 | lrm: 0.39 | dt: 556.56ms | tok/sec: 96,593 | bf16_mfu: 0.00 | epoch: 1 pq: 3 rg: 14 | total time: 28.12m | eta: 8.7m
step 02917/03814 (76.48%) | loss: 3.582670 | lrm: 0.39 | dt: 558.66ms | tok/sec: 96,230 | bf16_mfu: 0.00 | epoch: 1 pq: 3 rg: 14 | total time: 28.12m | eta: 8.7m
step 02918/03814 (76.51%) | loss: 3.572368 | lrm: 0.39 | dt: 559.10ms | tok/sec: 96,155 | bf16_mfu: 0.00 | epoch: 1 pq: 3 rg: 14 | total time: 28.13m | eta: 8.7m
step 02919/03814 (76.53%) | loss: 3.591355 | lrm: 0.39 | dt: 643.57ms | tok/sec: 83,534 | bf16_mfu: 0.00 | epoch: 1 pq: 3 rg: 14 | total time: 28.14m | eta: 8.7m
step 02920/03814 (76.56%) | loss: 3.591171 | lrm: 0.39 | dt: 562.43ms | tok/sec: 95,584 | bf16_mfu: 0.00 | epoch: 1 pq: 3 rg: 14 | total time: 28.15m | eta: 8.6m
step 02921/03814 (76.59%) | loss: 3.594225 | lrm: 0.39 | dt: 569.16ms | tok/sec: 94,455 | bf16_mfu: 0.00 | epoch: 1 pq: 3 rg: 14 | total time: 28.16m | eta: 8.6m
step 02922/03814 (76.61%) | loss: 3.584676 | lrm: 0.39 | dt: 561.07ms | tok/sec: 95,817 | bf16_mfu: 0.00 | epoch: 1 pq: 3 rg: 14 | total time: 28.17m | eta: 8.6m
step 02923/03814 (76.64%) | loss: 3.591461 | lrm: 0.39 | dt: 579.48ms | tok/sec: 92,773 | bf16_mfu: 0.00 | epoch: 1 pq: 3 rg: 14 | total time: 28.18m | eta: 8.6m
step 02924/03814 (76.66%) | loss: 3.566263 | lrm: 0.39 | dt: 635.55ms | tok/sec: 84,588 | bf16_mfu: 0.00 | epoch: 1 pq: 3 rg: 15 | total time: 28.19m | eta: 8.6m
step 02925/03814 (76.69%) | loss: 3.557617 | lrm: 0.39 | dt: 561.63ms | tok/sec: 95,721 | bf16_mfu: 0.00 | epoch: 1 pq: 3 rg: 15 | total time: 28.20m | eta: 8.6m
step 02926/03814 (76.72%) | loss: 3.543604 | lrm: 0.39 | dt: 560.73ms | tok/sec: 95,875 | bf16_mfu: 0.00 | epoch: 1 pq: 3 rg: 15 | total time: 28.21m | eta: 8.6m
step 02927/03814 (76.74%) | loss: 3.555090 | lrm: 0.39 | dt: 563.20ms | tok/sec: 95,454 | bf16_mfu: 0.00 | epoch: 1 pq: 3 rg: 15 | total time: 28.22m | eta: 8.6m
step 02928/03814 (76.77%) | loss: 3.559449 | lrm: 0.39 | dt: 566.12ms | tok/sec: 94,962 | bf16_mfu: 0.00 | epoch: 1 pq: 3 rg: 15 | total time: 28.23m | eta: 8.6m
step 02929/03814 (76.80%) | loss: 3.548956 | lrm: 0.39 | dt: 557.57ms | tok/sec: 96,419 | bf16_mfu: 0.00 | epoch: 1 pq: 3 rg: 15 | total time: 28.24m | eta: 8.6m
step 02930/03814 (76.82%) | loss: 3.554923 | lrm: 0.39 | dt: 559.55ms | tok/sec: 96,076 | bf16_mfu: 0.00 | epoch: 1 pq: 3 rg: 15 | total time: 28.25m | eta: 8.6m
step 02931/03814 (76.85%) | loss: 3.565587 | lrm: 0.39 | dt: 559.43ms | tok/sec: 96,097 | bf16_mfu: 0.00 | epoch: 1 pq: 3 rg: 15 | total time: 28.26m | eta: 8.5m
step 02932/03814 (76.87%) | loss: 3.578995 | lrm: 0.39 | dt: 560.35ms | tok/sec: 95,940 | bf16_mfu: 0.00 | epoch: 1 pq: 3 rg: 15 | total time: 28.27m | eta: 8.5m
step 02933/03814 (76.90%) | loss: 3.569858 | lrm: 0.39 | dt: 562.64ms | tok/sec: 95,548 | bf16_mfu: 0.00 | epoch: 1 pq: 3 rg: 15 | total time: 28.28m | eta: 8.5m
step 02934/03814 (76.93%) | loss: 3.557472 | lrm: 0.39 | dt: 558.93ms | tok/sec: 96,183 | bf16_mfu: 0.00 | epoch: 1 pq: 3 rg: 15 | total time: 28.29m | eta: 8.5m
step 02935/03814 (76.95%) | loss: 3.569335 | lrm: 0.39 | dt: 692.67ms | tok/sec: 77,613 | bf16_mfu: 0.00 | epoch: 1 pq: 3 rg: 16 | total time: 28.30m | eta: 8.5m
step 02936/03814 (76.98%) | loss: 3.569552 | lrm: 0.39 | dt: 558.12ms | tok/sec: 96,323 | bf16_mfu: 0.00 | epoch: 1 pq: 3 rg: 16 | total time: 28.31m | eta: 8.5m
step 02937/03814 (77.01%) | loss: 3.570285 | lrm: 0.39 | dt: 568.76ms | tok/sec: 94,520 | bf16_mfu: 0.00 | epoch: 1 pq: 3 rg: 16 | total time: 28.32m | eta: 8.5m
step 02938/03814 (77.03%) | loss: 3.575794 | lrm: 0.39 | dt: 561.07ms | tok/sec: 95,816 | bf16_mfu: 0.00 | epoch: 1 pq: 3 rg: 16 | total time: 28.33m | eta: 8.5m
step 02939/03814 (77.06%) | loss: 3.579375 | lrm: 0.39 | dt: 572.72ms | tok/sec: 93,867 | bf16_mfu: 0.00 | epoch: 1 pq: 3 rg: 16 | total time: 28.34m | eta: 8.5m
step 02940/03814 (77.08%) | loss: 3.595820 | lrm: 0.38 | dt: 561.23ms | tok/sec: 95,788 | bf16_mfu: 0.00 | epoch: 1 pq: 3 rg: 16 | total time: 28.35m | eta: 8.5m
step 02941/03814 (77.11%) | loss: 3.583827 | lrm: 0.38 | dt: 562.44ms | tok/sec: 95,583 | bf16_mfu: 0.00 | epoch: 1 pq: 3 rg: 16 | total time: 28.35m | eta: 8.4m
step 02942/03814 (77.14%) | loss: 3.583913 | lrm: 0.38 | dt: 563.17ms | tok/sec: 95,458 | bf16_mfu: 0.00 | epoch: 1 pq: 3 rg: 16 | total time: 28.36m | eta: 8.4m
step 02943/03814 (77.16%) | loss: 3.596923 | lrm: 0.38 | dt: 558.50ms | tok/sec: 96,258 | bf16_mfu: 0.00 | epoch: 1 pq: 3 rg: 16 | total time: 28.37m | eta: 8.4m
step 02944/03814 (77.19%) | loss: 3.621960 | lrm: 0.38 | dt: 586.35ms | tok/sec: 91,686 | bf16_mfu: 0.00 | epoch: 1 pq: 3 rg: 16 | total time: 28.38m | eta: 8.4m
step 02945/03814 (77.22%) | loss: 3.629697 | lrm: 0.38 | dt: 573.46ms | tok/sec: 93,747 | bf16_mfu: 0.00 | epoch: 1 pq: 3 rg: 17 | total time: 28.39m | eta: 8.4m
step 02946/03814 (77.24%) | loss: 3.620250 | lrm: 0.38 | dt: 556.71ms | tok/sec: 96,566 | bf16_mfu: 0.00 | epoch: 1 pq: 3 rg: 17 | total time: 28.40m | eta: 8.4m
step 02947/03814 (77.27%) | loss: 3.631998 | lrm: 0.38 | dt: 564.70ms | tok/sec: 95,200 | bf16_mfu: 0.00 | epoch: 1 pq: 3 rg: 17 | total time: 28.41m | eta: 8.4m
step 02948/03814 (77.29%) | loss: 3.624903 | lrm: 0.38 | dt: 564.65ms | tok/sec: 95,209 | bf16_mfu: 0.00 | epoch: 1 pq: 3 rg: 17 | total time: 28.42m | eta: 8.4m
step 02949/03814 (77.32%) | loss: 3.611336 | lrm: 0.38 | dt: 565.07ms | tok/sec: 95,137 | bf16_mfu: 0.00 | epoch: 1 pq: 3 rg: 17 | total time: 28.43m | eta: 8.4m
step 02950/03814 (77.35%) | loss: 3.603940 | lrm: 0.38 | dt: 558.34ms | tok/sec: 96,285 | bf16_mfu: 0.00 | epoch: 1 pq: 3 rg: 17 | total time: 28.44m | eta: 8.4m
step 02951/03814 (77.37%) | loss: 3.610682 | lrm: 0.38 | dt: 579.80ms | tok/sec: 92,721 | bf16_mfu: 0.00 | epoch: 1 pq: 3 rg: 17 | total time: 28.45m | eta: 8.3m
step 02952/03814 (77.40%) | loss: 3.601566 | lrm: 0.38 | dt: 562.54ms | tok/sec: 95,566 | bf16_mfu: 0.00 | epoch: 1 pq: 3 rg: 17 | total time: 28.46m | eta: 8.3m
step 02953/03814 (77.43%) | loss: 3.597854 | lrm: 0.38 | dt: 559.98ms | tok/sec: 96,002 | bf16_mfu: 0.00 | epoch: 1 pq: 3 rg: 17 | total time: 28.47m | eta: 8.3m
step 02954/03814 (77.45%) | loss: 3.599087 | lrm: 0.38 | dt: 561.93ms | tok/sec: 95,670 | bf16_mfu: 0.00 | epoch: 1 pq: 3 rg: 17 | total time: 28.48m | eta: 8.3m
step 02955/03814 (77.48%) | loss: 3.584795 | lrm: 0.38 | dt: 585.31ms | tok/sec: 91,848 | bf16_mfu: 0.00 | epoch: 1 pq: 3 rg: 17 | total time: 28.49m | eta: 8.3m
step 02956/03814 (77.50%) | loss: 3.594876 | lrm: 0.38 | dt: 565.24ms | tok/sec: 95,110 | bf16_mfu: 0.00 | epoch: 1 pq: 3 rg: 18 | total time: 28.50m | eta: 8.3m
step 02957/03814 (77.53%) | loss: 3.598199 | lrm: 0.38 | dt: 562.75ms | tok/sec: 95,530 | bf16_mfu: 0.00 | epoch: 1 pq: 3 rg: 18 | total time: 28.51m | eta: 8.3m
step 02958/03814 (77.56%) | loss: 3.582131 | lrm: 0.38 | dt: 560.73ms | tok/sec: 95,874 | bf16_mfu: 0.00 | epoch: 1 pq: 3 rg: 18 | total time: 28.51m | eta: 8.3m
step 02959/03814 (77.58%) | loss: 3.595318 | lrm: 0.38 | dt: 559.01ms | tok/sec: 96,169 | bf16_mfu: 0.00 | epoch: 1 pq: 3 rg: 18 | total time: 28.52m | eta: 8.3m
step 02960/03814 (77.61%) | loss: 3.599722 | lrm: 0.38 | dt: 562.82ms | tok/sec: 95,518 | bf16_mfu: 0.00 | epoch: 1 pq: 3 rg: 18 | total time: 28.53m | eta: 8.3m
step 02961/03814 (77.64%) | loss: 3.597544 | lrm: 0.38 | dt: 561.46ms | tok/sec: 95,749 | bf16_mfu: 0.00 | epoch: 1 pq: 3 rg: 18 | total time: 28.54m | eta: 8.3m
step 02962/03814 (77.66%) | loss: 3.599119 | lrm: 0.38 | dt: 611.01ms | tok/sec: 87,985 | bf16_mfu: 0.00 | epoch: 1 pq: 3 rg: 18 | total time: 28.55m | eta: 8.2m
step 02963/03814 (77.69%) | loss: 3.595759 | lrm: 0.38 | dt: 567.06ms | tok/sec: 94,805 | bf16_mfu: 0.00 | epoch: 1 pq: 3 rg: 18 | total time: 28.56m | eta: 8.2m
step 02964/03814 (77.71%) | loss: 3.594273 | lrm: 0.38 | dt: 764.01ms | tok/sec: 70,365 | bf16_mfu: 0.00 | epoch: 1 pq: 3 rg: 18 | total time: 28.58m | eta: 8.2m
step 02965/03814 (77.74%) | loss: 3.594256 | lrm: 0.38 | dt: 556.95ms | tok/sec: 96,526 | bf16_mfu: 0.00 | epoch: 1 pq: 3 rg: 18 | total time: 28.58m | eta: 8.2m
step 02966/03814 (77.77%) | loss: 3.576270 | lrm: 0.37 | dt: 592.98ms | tok/sec: 90,661 | bf16_mfu: 0.00 | epoch: 1 pq: 3 rg: 19 | total time: 28.59m | eta: 8.2m
step 02967/03814 (77.79%) | loss: 3.562016 | lrm: 0.37 | dt: 560.57ms | tok/sec: 95,902 | bf16_mfu: 0.00 | epoch: 1 pq: 3 rg: 19 | total time: 28.60m | eta: 8.2m
step 02968/03814 (77.82%) | loss: 3.555101 | lrm: 0.37 | dt: 571.18ms | tok/sec: 94,121 | bf16_mfu: 0.00 | epoch: 1 pq: 3 rg: 19 | total time: 28.61m | eta: 8.2m
step 02969/03814 (77.84%) | loss: 3.551630 | lrm: 0.37 | dt: 561.17ms | tok/sec: 95,800 | bf16_mfu: 0.00 | epoch: 1 pq: 3 rg: 19 | total time: 28.62m | eta: 8.2m
step 02970/03814 (77.87%) | loss: 3.548837 | lrm: 0.37 | dt: 563.88ms | tok/sec: 95,340 | bf16_mfu: 0.00 | epoch: 1 pq: 3 rg: 19 | total time: 28.63m | eta: 8.2m
step 02971/03814 (77.90%) | loss: 3.532825 | lrm: 0.37 | dt: 563.89ms | tok/sec: 95,338 | bf16_mfu: 0.00 | epoch: 1 pq: 3 rg: 19 | total time: 28.64m | eta: 8.2m
step 02972/03814 (77.92%) | loss: 3.532357 | lrm: 0.37 | dt: 566.24ms | tok/sec: 94,941 | bf16_mfu: 0.00 | epoch: 1 pq: 3 rg: 19 | total time: 28.65m | eta: 8.1m
step 02973/03814 (77.95%) | loss: 3.549396 | lrm: 0.37 | dt: 570.37ms | tok/sec: 94,254 | bf16_mfu: 0.00 | epoch: 1 pq: 3 rg: 19 | total time: 28.66m | eta: 8.1m
step 02974/03814 (77.98%) | loss: 3.556059 | lrm: 0.37 | dt: 561.58ms | tok/sec: 95,730 | bf16_mfu: 0.00 | epoch: 1 pq: 3 rg: 19 | total time: 28.67m | eta: 8.1m
step 02975/03814 (78.00%) | loss: 3.531111 | lrm: 0.37 | dt: 567.17ms | tok/sec: 94,786 | bf16_mfu: 0.00 | epoch: 1 pq: 3 rg: 19 | total time: 28.68m | eta: 8.1m
step 02976/03814 (78.03%) | loss: 3.527550 | lrm: 0.37 | dt: 562.72ms | tok/sec: 95,536 | bf16_mfu: 0.00 | epoch: 1 pq: 3 rg: 19 | total time: 28.69m | eta: 8.1m
step 02977/03814 (78.05%) | loss: 3.543163 | lrm: 0.37 | dt: 696.49ms | tok/sec: 77,187 | bf16_mfu: 0.00 | epoch: 1 pq: 3 rg: 20 | total time: 28.70m | eta: 8.1m
step 02978/03814 (78.08%) | loss: 3.553273 | lrm: 0.37 | dt: 568.39ms | tok/sec: 94,583 | bf16_mfu: 0.00 | epoch: 1 pq: 3 rg: 20 | total time: 28.71m | eta: 8.1m
step 02979/03814 (78.11%) | loss: 3.548034 | lrm: 0.37 | dt: 561.38ms | tok/sec: 95,764 | bf16_mfu: 0.00 | epoch: 1 pq: 3 rg: 20 | total time: 28.72m | eta: 8.1m
step 02980/03814 (78.13%) | loss: 3.557631 | lrm: 0.37 | dt: 564.12ms | tok/sec: 95,298 | bf16_mfu: 0.00 | epoch: 1 pq: 3 rg: 20 | total time: 28.73m | eta: 8.1m
step 02981/03814 (78.16%) | loss: 3.556045 | lrm: 0.37 | dt: 563.61ms | tok/sec: 95,384 | bf16_mfu: 0.00 | epoch: 1 pq: 3 rg: 20 | total time: 28.74m | eta: 8.1m
step 02982/03814 (78.19%) | loss: 3.562539 | lrm: 0.37 | dt: 763.58ms | tok/sec: 70,405 | bf16_mfu: 0.00 | epoch: 1 pq: 3 rg: 20 | total time: 28.75m | eta: 8.0m
step 02983/03814 (78.21%) | loss: 3.563887 | lrm: 0.37 | dt: 563.41ms | tok/sec: 95,419 | bf16_mfu: 0.00 | epoch: 1 pq: 3 rg: 20 | total time: 28.76m | eta: 8.0m
step 02984/03814 (78.24%) | loss: 3.557008 | lrm: 0.37 | dt: 560.00ms | tok/sec: 95,999 | bf16_mfu: 0.00 | epoch: 1 pq: 3 rg: 20 | total time: 28.77m | eta: 8.0m
step 02985/03814 (78.26%) | loss: 3.560062 | lrm: 0.37 | dt: 560.19ms | tok/sec: 95,967 | bf16_mfu: 0.00 | epoch: 1 pq: 3 rg: 20 | total time: 28.78m | eta: 8.0m
step 02986/03814 (78.29%) | loss: 3.542776 | lrm: 0.37 | dt: 557.84ms | tok/sec: 96,371 | bf16_mfu: 0.00 | epoch: 1 pq: 3 rg: 20 | total time: 28.79m | eta: 8.0m
step 02987/03814 (78.32%) | loss: 3.530052 | lrm: 0.37 | dt: 560.42ms | tok/sec: 95,928 | bf16_mfu: 0.00 | epoch: 1 pq: 3 rg: 21 | total time: 28.80m | eta: 8.0m
step 02988/03814 (78.34%) | loss: 3.537863 | lrm: 0.37 | dt: 563.77ms | tok/sec: 95,357 | bf16_mfu: 0.00 | epoch: 1 pq: 3 rg: 21 | total time: 28.81m | eta: 8.0m
step 02989/03814 (78.37%) | loss: 3.538513 | lrm: 0.37 | dt: 562.89ms | tok/sec: 95,507 | bf16_mfu: 0.00 | epoch: 1 pq: 3 rg: 21 | total time: 28.82m | eta: 8.0m
step 02990/03814 (78.40%) | loss: 3.558099 | lrm: 0.37 | dt: 559.37ms | tok/sec: 96,108 | bf16_mfu: 0.00 | epoch: 1 pq: 3 rg: 21 | total time: 28.83m | eta: 8.0m
step 02991/03814 (78.42%) | loss: 3.560188 | lrm: 0.37 | dt: 566.33ms | tok/sec: 94,927 | bf16_mfu: 0.00 | epoch: 1 pq: 3 rg: 21 | total time: 28.83m | eta: 8.0m
step 02992/03814 (78.45%) | loss: 3.543349 | lrm: 0.37 | dt: 561.15ms | tok/sec: 95,802 | bf16_mfu: 0.00 | epoch: 1 pq: 3 rg: 21 | total time: 28.84m | eta: 8.0m
step 02993/03814 (78.47%) | loss: 3.541989 | lrm: 0.36 | dt: 563.61ms | tok/sec: 95,385 | bf16_mfu: 0.00 | epoch: 1 pq: 3 rg: 21 | total time: 28.85m | eta: 7.9m
step 02994/03814 (78.50%) | loss: 3.551082 | lrm: 0.36 | dt: 560.72ms | tok/sec: 95,876 | bf16_mfu: 0.00 | epoch: 1 pq: 3 rg: 21 | total time: 28.86m | eta: 7.9m
step 02995/03814 (78.53%) | loss: 3.552302 | lrm: 0.36 | dt: 558.28ms | tok/sec: 96,296 | bf16_mfu: 0.00 | epoch: 1 pq: 3 rg: 21 | total time: 28.87m | eta: 7.9m
step 02996/03814 (78.55%) | loss: 3.551297 | lrm: 0.36 | dt: 599.48ms | tok/sec: 89,677 | bf16_mfu: 0.00 | epoch: 1 pq: 3 rg: 21 | total time: 28.88m | eta: 7.9m
step 02997/03814 (78.58%) | loss: 3.545231 | lrm: 0.36 | dt: 560.81ms | tok/sec: 95,862 | bf16_mfu: 0.00 | epoch: 1 pq: 3 rg: 21 | total time: 28.89m | eta: 7.9m
step 02998/03814 (78.61%) | loss: 3.563191 | lrm: 0.36 | dt: 564.04ms | tok/sec: 95,312 | bf16_mfu: 0.00 | epoch: 1 pq: 3 rg: 22 | total time: 28.90m | eta: 7.9m
step 02999/03814 (78.63%) | loss: 3.585376 | lrm: 0.36 | dt: 663.02ms | tok/sec: 81,083 | bf16_mfu: 0.00 | epoch: 1 pq: 3 rg: 22 | total time: 28.91m | eta: 7.9m
Step 03000 | Validation bpb: 0.798793
step 03000/03814 (78.66%) | loss: 3.573031 | lrm: 0.36 | dt: 639.59ms | tok/sec: 84,053 | bf16_mfu: 0.00 | epoch: 1 pq: 3 rg: 22 | total time: 28.92m | eta: 7.9m
step 03001/03814 (78.68%) | loss: 3.568940 | lrm: 0.36 | dt: 555.70ms | tok/sec: 96,743 | bf16_mfu: 0.00 | epoch: 1 pq: 3 rg: 22 | total time: 28.93m | eta: 7.9m
step 03002/03814 (78.71%) | loss: 3.564881 | lrm: 0.36 | dt: 576.48ms | tok/sec: 93,256 | bf16_mfu: 0.00 | epoch: 1 pq: 3 rg: 22 | total time: 28.94m | eta: 7.9m
step 03003/03814 (78.74%) | loss: 3.554161 | lrm: 0.36 | dt: 556.26ms | tok/sec: 96,645 | bf16_mfu: 0.00 | epoch: 1 pq: 3 rg: 22 | total time: 28.95m | eta: 7.8m
step 03004/03814 (78.76%) | loss: 3.534636 | lrm: 0.36 | dt: 556.00ms | tok/sec: 96,690 | bf16_mfu: 0.00 | epoch: 1 pq: 3 rg: 22 | total time: 28.96m | eta: 7.8m
step 03005/03814 (78.79%) | loss: 3.524754 | lrm: 0.36 | dt: 555.91ms | tok/sec: 96,706 | bf16_mfu: 0.00 | epoch: 1 pq: 3 rg: 22 | total time: 28.97m | eta: 7.8m
step 03006/03814 (78.81%) | loss: 3.539828 | lrm: 0.36 | dt: 565.56ms | tok/sec: 95,056 | bf16_mfu: 0.00 | epoch: 1 pq: 3 rg: 22 | total time: 28.98m | eta: 7.8m
step 03007/03814 (78.84%) | loss: 3.565826 | lrm: 0.36 | dt: 559.26ms | tok/sec: 96,126 | bf16_mfu: 0.00 | epoch: 1 pq: 3 rg: 22 | total time: 28.99m | eta: 7.8m
step 03008/03814 (78.87%) | loss: 3.557007 | lrm: 0.36 | dt: 709.40ms | tok/sec: 75,782 | bf16_mfu: 0.00 | epoch: 1 pq: 3 rg: 23 | total time: 29.00m | eta: 7.8m
step 03009/03814 (78.89%) | loss: 3.539296 | lrm: 0.36 | dt: 559.68ms | tok/sec: 96,054 | bf16_mfu: 0.00 | epoch: 1 pq: 3 rg: 23 | total time: 29.01m | eta: 7.8m
step 03010/03814 (78.92%) | loss: 3.552845 | lrm: 0.36 | dt: 789.27ms | tok/sec: 68,113 | bf16_mfu: 0.00 | epoch: 1 pq: 3 rg: 23 | total time: 29.02m | eta: 7.8m
step 03011/03814 (78.95%) | loss: 3.545365 | lrm: 0.36 | dt: 561.47ms | tok/sec: 95,749 | bf16_mfu: 0.00 | epoch: 1 pq: 3 rg: 23 | total time: 29.03m | eta: 7.8m
step 03012/03814 (78.97%) | loss: 3.550238 | lrm: 0.36 | dt: 575.24ms | tok/sec: 93,456 | bf16_mfu: 0.00 | epoch: 1 pq: 3 rg: 23 | total time: 29.04m | eta: 7.8m
step 03013/03814 (79.00%) | loss: 3.535703 | lrm: 0.36 | dt: 562.13ms | tok/sec: 95,635 | bf16_mfu: 0.00 | epoch: 1 pq: 3 rg: 23 | total time: 29.05m | eta: 7.7m
step 03014/03814 (79.02%) | loss: 3.542824 | lrm: 0.36 | dt: 567.18ms | tok/sec: 94,784 | bf16_mfu: 0.00 | epoch: 1 pq: 3 rg: 23 | total time: 29.06m | eta: 7.7m
step 03015/03814 (79.05%) | loss: 3.550214 | lrm: 0.36 | dt: 577.40ms | tok/sec: 93,107 | bf16_mfu: 0.00 | epoch: 1 pq: 3 rg: 23 | total time: 29.07m | eta: 7.7m
step 03016/03814 (79.08%) | loss: 3.538457 | lrm: 0.36 | dt: 563.04ms | tok/sec: 95,481 | bf16_mfu: 0.00 | epoch: 1 pq: 3 rg: 23 | total time: 29.08m | eta: 7.7m
step 03017/03814 (79.10%) | loss: 3.534550 | lrm: 0.36 | dt: 562.85ms | tok/sec: 95,513 | bf16_mfu: 0.00 | epoch: 1 pq: 3 rg: 23 | total time: 29.09m | eta: 7.7m
step 03018/03814 (79.13%) | loss: 3.555923 | lrm: 0.36 | dt: 567.97ms | tok/sec: 94,653 | bf16_mfu: 0.00 | epoch: 1 pq: 3 rg: 23 | total time: 29.10m | eta: 7.7m
step 03019/03814 (79.16%) | loss: 3.571800 | lrm: 0.35 | dt: 579.95ms | tok/sec: 92,696 | bf16_mfu: 0.00 | epoch: 1 pq: 3 rg: 24 | total time: 29.11m | eta: 7.7m
step 03020/03814 (79.18%) | loss: 3.566262 | lrm: 0.35 | dt: 572.63ms | tok/sec: 93,882 | bf16_mfu: 0.00 | epoch: 1 pq: 3 rg: 24 | total time: 29.12m | eta: 7.7m
step 03021/03814 (79.21%) | loss: 3.555519 | lrm: 0.35 | dt: 569.60ms | tok/sec: 94,381 | bf16_mfu: 0.00 | epoch: 1 pq: 3 rg: 24 | total time: 29.13m | eta: 7.7m
step 03022/03814 (79.23%) | loss: 3.547676 | lrm: 0.35 | dt: 587.39ms | tok/sec: 91,523 | bf16_mfu: 0.00 | epoch: 1 pq: 3 rg: 24 | total time: 29.14m | eta: 7.7m
step 03023/03814 (79.26%) | loss: 3.553955 | lrm: 0.35 | dt: 567.98ms | tok/sec: 94,650 | bf16_mfu: 0.00 | epoch: 1 pq: 3 rg: 24 | total time: 29.15m | eta: 7.7m
step 03024/03814 (79.29%) | loss: 3.539122 | lrm: 0.35 | dt: 568.40ms | tok/sec: 94,581 | bf16_mfu: 0.00 | epoch: 1 pq: 3 rg: 24 | total time: 29.16m | eta: 7.6m
step 03025/03814 (79.31%) | loss: 3.534218 | lrm: 0.35 | dt: 567.11ms | tok/sec: 94,797 | bf16_mfu: 0.00 | epoch: 1 pq: 3 rg: 24 | total time: 29.16m | eta: 7.6m
step 03026/03814 (79.34%) | loss: 3.546325 | lrm: 0.35 | dt: 567.79ms | tok/sec: 94,683 | bf16_mfu: 0.00 | epoch: 1 pq: 3 rg: 24 | total time: 29.17m | eta: 7.6m
step 03027/03814 (79.37%) | loss: 3.555173 | lrm: 0.35 | dt: 571.99ms | tok/sec: 93,987 | bf16_mfu: 0.00 | epoch: 1 pq: 3 rg: 24 | total time: 29.18m | eta: 7.6m
step 03028/03814 (79.39%) | loss: 3.542125 | lrm: 0.35 | dt: 580.46ms | tok/sec: 92,615 | bf16_mfu: 0.00 | epoch: 1 pq: 3 rg: 24 | total time: 29.19m | eta: 7.6m
step 03029/03814 (79.42%) | loss: 3.541720 | lrm: 0.35 | dt: 569.42ms | tok/sec: 94,412 | bf16_mfu: 0.00 | epoch: 1 pq: 3 rg: 24 | total time: 29.20m | eta: 7.6m
step 03030/03814 (79.44%) | loss: 3.539580 | lrm: 0.35 | dt: 639.49ms | tok/sec: 84,066 | bf16_mfu: 0.00 | epoch: 1 pq: 3 rg: 25 | total time: 29.21m | eta: 7.6m
step 03031/03814 (79.47%) | loss: 3.548673 | lrm: 0.35 | dt: 575.73ms | tok/sec: 93,377 | bf16_mfu: 0.00 | epoch: 1 pq: 3 rg: 25 | total time: 29.22m | eta: 7.6m
step 03032/03814 (79.50%) | loss: 3.545434 | lrm: 0.35 | dt: 587.11ms | tok/sec: 91,566 | bf16_mfu: 0.00 | epoch: 1 pq: 3 rg: 25 | total time: 29.23m | eta: 7.6m
step 03033/03814 (79.52%) | loss: 3.542686 | lrm: 0.35 | dt: 582.43ms | tok/sec: 92,302 | bf16_mfu: 0.00 | epoch: 1 pq: 3 rg: 25 | total time: 29.24m | eta: 7.6m
step 03034/03814 (79.55%) | loss: 3.537702 | lrm: 0.35 | dt: 585.51ms | tok/sec: 91,817 | bf16_mfu: 0.00 | epoch: 1 pq: 3 rg: 25 | total time: 29.25m | eta: 7.5m
step 03035/03814 (79.58%) | loss: 3.573096 | lrm: 0.35 | dt: 591.53ms | tok/sec: 90,882 | bf16_mfu: 0.00 | epoch: 1 pq: 3 rg: 25 | total time: 29.26m | eta: 7.5m
step 03036/03814 (79.60%) | loss: 3.593078 | lrm: 0.35 | dt: 581.41ms | tok/sec: 92,464 | bf16_mfu: 0.00 | epoch: 1 pq: 3 rg: 25 | total time: 29.27m | eta: 7.5m
step 03037/03814 (79.63%) | loss: 3.599040 | lrm: 0.35 | dt: 583.13ms | tok/sec: 92,192 | bf16_mfu: 0.00 | epoch: 1 pq: 3 rg: 25 | total time: 29.28m | eta: 7.5m
step 03038/03814 (79.65%) | loss: 3.596123 | lrm: 0.35 | dt: 573.64ms | tok/sec: 93,717 | bf16_mfu: 0.00 | epoch: 1 pq: 3 rg: 25 | total time: 29.29m | eta: 7.5m
step 03039/03814 (79.68%) | loss: 3.596355 | lrm: 0.35 | dt: 582.94ms | tok/sec: 92,222 | bf16_mfu: 0.00 | epoch: 1 pq: 3 rg: 25 | total time: 29.30m | eta: 7.5m
step 03040/03814 (79.71%) | loss: 3.585401 | lrm: 0.35 | dt: 623.30ms | tok/sec: 86,250 | bf16_mfu: 0.00 | epoch: 1 pq: 3 rg: 26 | total time: 29.31m | eta: 7.5m
step 03041/03814 (79.73%) | loss: 3.589113 | lrm: 0.35 | dt: 586.40ms | tok/sec: 91,678 | bf16_mfu: 0.00 | epoch: 1 pq: 3 rg: 26 | total time: 29.32m | eta: 7.5m
step 03042/03814 (79.76%) | loss: 3.584554 | lrm: 0.35 | dt: 571.38ms | tok/sec: 94,087 | bf16_mfu: 0.00 | epoch: 1 pq: 3 rg: 26 | total time: 29.33m | eta: 7.5m
step 03043/03814 (79.79%) | loss: 3.587943 | lrm: 0.35 | dt: 719.06ms | tok/sec: 74,764 | bf16_mfu: 0.00 | epoch: 1 pq: 3 rg: 26 | total time: 29.34m | eta: 7.5m
step 03044/03814 (79.81%) | loss: 3.640866 | lrm: 0.35 | dt: 579.03ms | tok/sec: 92,845 | bf16_mfu: 0.00 | epoch: 1 pq: 3 rg: 26 | total time: 29.35m | eta: 7.4m
step 03045/03814 (79.84%) | loss: 3.621136 | lrm: 0.34 | dt: 581.04ms | tok/sec: 92,523 | bf16_mfu: 0.00 | epoch: 1 pq: 3 rg: 26 | total time: 29.36m | eta: 7.4m
step 03046/03814 (79.86%) | loss: 3.624398 | lrm: 0.34 | dt: 606.32ms | tok/sec: 88,666 | bf16_mfu: 0.00 | epoch: 1 pq: 3 rg: 26 | total time: 29.37m | eta: 7.4m
step 03047/03814 (79.89%) | loss: 3.615630 | lrm: 0.34 | dt: 569.14ms | tok/sec: 94,458 | bf16_mfu: 0.00 | epoch: 1 pq: 3 rg: 26 | total time: 29.38m | eta: 7.4m
step 03048/03814 (79.92%) | loss: 3.614163 | lrm: 0.34 | dt: 565.41ms | tok/sec: 95,080 | bf16_mfu: 0.00 | epoch: 1 pq: 3 rg: 26 | total time: 29.39m | eta: 7.4m
step 03049/03814 (79.94%) | loss: 3.601393 | lrm: 0.34 | dt: 565.06ms | tok/sec: 95,140 | bf16_mfu: 0.00 | epoch: 1 pq: 3 rg: 26 | total time: 29.40m | eta: 7.4m
step 03050/03814 (79.97%) | loss: 3.599240 | lrm: 0.34 | dt: 569.03ms | tok/sec: 94,476 | bf16_mfu: 0.00 | epoch: 1 pq: 3 rg: 26 | total time: 29.41m | eta: 7.4m
step 03051/03814 (79.99%) | loss: 3.594138 | lrm: 0.34 | dt: 563.87ms | tok/sec: 95,341 | bf16_mfu: 0.00 | epoch: 1 pq: 3 rg: 27 | total time: 29.42m | eta: 7.4m
step 03052/03814 (80.02%) | loss: 3.586868 | lrm: 0.34 | dt: 611.53ms | tok/sec: 87,910 | bf16_mfu: 0.00 | epoch: 1 pq: 3 rg: 27 | total time: 29.43m | eta: 7.4m
step 03053/03814 (80.05%) | loss: 3.578846 | lrm: 0.34 | dt: 565.98ms | tok/sec: 94,985 | bf16_mfu: 0.00 | epoch: 1 pq: 3 rg: 27 | total time: 29.44m | eta: 7.4m
step 03054/03814 (80.07%) | loss: 3.582575 | lrm: 0.34 | dt: 615.18ms | tok/sec: 87,389 | bf16_mfu: 0.00 | epoch: 1 pq: 3 rg: 27 | total time: 29.45m | eta: 7.4m
step 03055/03814 (80.10%) | loss: 3.588248 | lrm: 0.34 | dt: 567.44ms | tok/sec: 94,742 | bf16_mfu: 0.00 | epoch: 1 pq: 3 rg: 27 | total time: 29.46m | eta: 7.3m
step 03056/03814 (80.13%) | loss: 3.557445 | lrm: 0.34 | dt: 566.75ms | tok/sec: 94,857 | bf16_mfu: 0.00 | epoch: 1 pq: 3 rg: 27 | total time: 29.47m | eta: 7.3m
step 03057/03814 (80.15%) | loss: 3.564030 | lrm: 0.34 | dt: 566.12ms | tok/sec: 94,962 | bf16_mfu: 0.00 | epoch: 1 pq: 3 rg: 27 | total time: 29.48m | eta: 7.3m
step 03058/03814 (80.18%) | loss: 3.563654 | lrm: 0.34 | dt: 565.14ms | tok/sec: 95,126 | bf16_mfu: 0.00 | epoch: 1 pq: 3 rg: 27 | total time: 29.49m | eta: 7.3m
step 03059/03814 (80.20%) | loss: 3.572797 | lrm: 0.34 | dt: 573.82ms | tok/sec: 93,688 | bf16_mfu: 0.00 | epoch: 1 pq: 3 rg: 27 | total time: 29.50m | eta: 7.3m
step 03060/03814 (80.23%) | loss: 3.574518 | lrm: 0.34 | dt: 565.26ms | tok/sec: 95,106 | bf16_mfu: 0.00 | epoch: 1 pq: 3 rg: 27 | total time: 29.51m | eta: 7.3m
step 03061/03814 (80.26%) | loss: 3.568051 | lrm: 0.34 | dt: 564.97ms | tok/sec: 95,155 | bf16_mfu: 0.00 | epoch: 1 pq: 3 rg: 27 | total time: 29.52m | eta: 7.3m
step 03062/03814 (80.28%) | loss: 3.572473 | lrm: 0.34 | dt: 605.71ms | tok/sec: 88,755 | bf16_mfu: 0.00 | epoch: 1 pq: 3 rg: 28 | total time: 29.53m | eta: 7.3m
step 03063/03814 (80.31%) | loss: 3.567870 | lrm: 0.34 | dt: 564.60ms | tok/sec: 95,218 | bf16_mfu: 0.00 | epoch: 1 pq: 3 rg: 28 | total time: 29.54m | eta: 7.3m
step 03064/03814 (80.34%) | loss: 3.550671 | lrm: 0.34 | dt: 592.99ms | tok/sec: 90,659 | bf16_mfu: 0.00 | epoch: 1 pq: 3 rg: 28 | total time: 29.54m | eta: 7.3m
step 03065/03814 (80.36%) | loss: 3.552879 | lrm: 0.34 | dt: 564.43ms | tok/sec: 95,245 | bf16_mfu: 0.00 | epoch: 1 pq: 3 rg: 28 | total time: 29.55m | eta: 7.2m
step 03066/03814 (80.39%) | loss: 3.546100 | lrm: 0.34 | dt: 565.09ms | tok/sec: 95,135 | bf16_mfu: 0.00 | epoch: 1 pq: 3 rg: 28 | total time: 29.56m | eta: 7.2m
step 03067/03814 (80.41%) | loss: 3.526458 | lrm: 0.34 | dt: 612.48ms | tok/sec: 87,773 | bf16_mfu: 0.00 | epoch: 1 pq: 3 rg: 28 | total time: 29.57m | eta: 7.2m
step 03068/03814 (80.44%) | loss: 3.534371 | lrm: 0.34 | dt: 561.81ms | tok/sec: 95,690 | bf16_mfu: 0.00 | epoch: 1 pq: 3 rg: 28 | total time: 29.58m | eta: 7.2m
step 03069/03814 (80.47%) | loss: 3.537929 | lrm: 0.34 | dt: 563.71ms | tok/sec: 95,367 | bf16_mfu: 0.00 | epoch: 1 pq: 3 rg: 28 | total time: 29.59m | eta: 7.2m
step 03070/03814 (80.49%) | loss: 3.549271 | lrm: 0.34 | dt: 555.77ms | tok/sec: 96,730 | bf16_mfu: 0.00 | epoch: 1 pq: 3 rg: 28 | total time: 29.60m | eta: 7.2m
step 03071/03814 (80.52%) | loss: 3.542189 | lrm: 0.33 | dt: 560.28ms | tok/sec: 95,951 | bf16_mfu: 0.00 | epoch: 1 pq: 3 rg: 28 | total time: 29.61m | eta: 7.2m
step 03072/03814 (80.55%) | loss: 3.535119 | lrm: 0.33 | dt: 561.82ms | tok/sec: 95,689 | bf16_mfu: 0.00 | epoch: 1 pq: 3 rg: 28 | total time: 29.62m | eta: 7.2m
step 03073/03814 (80.57%) | loss: 3.543727 | lrm: 0.33 | dt: 588.50ms | tok/sec: 91,350 | bf16_mfu: 0.00 | epoch: 1 pq: 3 rg: 29 | total time: 29.63m | eta: 7.2m
step 03074/03814 (80.60%) | loss: 3.560910 | lrm: 0.33 | dt: 556.32ms | tok/sec: 96,635 | bf16_mfu: 0.00 | epoch: 1 pq: 3 rg: 29 | total time: 29.64m | eta: 7.2m
step 03075/03814 (80.62%) | loss: 3.557293 | lrm: 0.33 | dt: 626.53ms | tok/sec: 85,805 | bf16_mfu: 0.00 | epoch: 1 pq: 3 rg: 29 | total time: 29.65m | eta: 7.1m
step 03076/03814 (80.65%) | loss: 3.551148 | lrm: 0.33 | dt: 557.89ms | tok/sec: 96,363 | bf16_mfu: 0.00 | epoch: 1 pq: 3 rg: 29 | total time: 29.66m | eta: 7.1m
step 03077/03814 (80.68%) | loss: 3.542496 | lrm: 0.33 | dt: 557.80ms | tok/sec: 96,378 | bf16_mfu: 0.00 | epoch: 1 pq: 3 rg: 29 | total time: 29.67m | eta: 7.1m
step 03078/03814 (80.70%) | loss: 3.548806 | lrm: 0.33 | dt: 563.07ms | tok/sec: 95,477 | bf16_mfu: 0.00 | epoch: 1 pq: 3 rg: 29 | total time: 29.68m | eta: 7.1m
step 03079/03814 (80.73%) | loss: 3.550267 | lrm: 0.33 | dt: 624.92ms | tok/sec: 86,026 | bf16_mfu: 0.00 | epoch: 1 pq: 3 rg: 29 | total time: 29.69m | eta: 7.1m
step 03080/03814 (80.76%) | loss: 3.548401 | lrm: 0.33 | dt: 553.39ms | tok/sec: 97,147 | bf16_mfu: 0.00 | epoch: 1 pq: 3 rg: 29 | total time: 29.70m | eta: 7.1m
step 03081/03814 (80.78%) | loss: 3.547134 | lrm: 0.33 | dt: 559.42ms | tok/sec: 96,099 | bf16_mfu: 0.00 | epoch: 1 pq: 3 rg: 29 | total time: 29.71m | eta: 7.1m
step 03082/03814 (80.81%) | loss: 3.581760 | lrm: 0.33 | dt: 554.77ms | tok/sec: 96,905 | bf16_mfu: 0.00 | epoch: 1 pq: 3 rg: 29 | total time: 29.72m | eta: 7.1m
step 03083/03814 (80.83%) | loss: 3.559959 | lrm: 0.33 | dt: 556.50ms | tok/sec: 96,604 | bf16_mfu: 0.00 | epoch: 1 pq: 3 rg: 30 | total time: 29.73m | eta: 7.1m
step 03084/03814 (80.86%) | loss: 3.540754 | lrm: 0.33 | dt: 555.93ms | tok/sec: 96,703 | bf16_mfu: 0.00 | epoch: 1 pq: 3 rg: 30 | total time: 29.73m | eta: 7.1m
step 03085/03814 (80.89%) | loss: 3.522136 | lrm: 0.33 | dt: 556.39ms | tok/sec: 96,622 | bf16_mfu: 0.00 | epoch: 1 pq: 3 rg: 30 | total time: 29.74m | eta: 7.1m
step 03086/03814 (80.91%) | loss: 3.528859 | lrm: 0.33 | dt: 556.15ms | tok/sec: 96,664 | bf16_mfu: 0.00 | epoch: 1 pq: 3 rg: 30 | total time: 29.75m | eta: 7.0m
step 03087/03814 (80.94%) | loss: 3.529386 | lrm: 0.33 | dt: 556.75ms | tok/sec: 96,560 | bf16_mfu: 0.00 | epoch: 1 pq: 3 rg: 30 | total time: 29.76m | eta: 7.0m
step 03088/03814 (80.96%) | loss: 3.527971 | lrm: 0.33 | dt: 559.64ms | tok/sec: 96,062 | bf16_mfu: 0.00 | epoch: 1 pq: 3 rg: 30 | total time: 29.77m | eta: 7.0m
step 03089/03814 (80.99%) | loss: 3.517153 | lrm: 0.33 | dt: 551.90ms | tok/sec: 97,408 | bf16_mfu: 0.00 | epoch: 1 pq: 3 rg: 30 | total time: 29.78m | eta: 7.0m
step 03090/03814 (81.02%) | loss: 3.510397 | lrm: 0.33 | dt: 556.52ms | tok/sec: 96,599 | bf16_mfu: 0.00 | epoch: 1 pq: 3 rg: 30 | total time: 29.79m | eta: 7.0m
step 03091/03814 (81.04%) | loss: 3.509970 | lrm: 0.33 | dt: 579.04ms | tok/sec: 92,844 | bf16_mfu: 0.00 | epoch: 1 pq: 3 rg: 30 | total time: 29.80m | eta: 7.0m
step 03092/03814 (81.07%) | loss: 3.494746 | lrm: 0.33 | dt: 555.75ms | tok/sec: 96,734 | bf16_mfu: 0.00 | epoch: 1 pq: 3 rg: 30 | total time: 29.81m | eta: 7.0m
step 03093/03814 (81.10%) | loss: 3.483034 | lrm: 0.33 | dt: 556.56ms | tok/sec: 96,593 | bf16_mfu: 0.00 | epoch: 1 pq: 3 rg: 30 | total time: 29.82m | eta: 7.0m
step 03094/03814 (81.12%) | loss: 3.499360 | lrm: 0.33 | dt: 559.14ms | tok/sec: 96,148 | bf16_mfu: 0.00 | epoch: 1 pq: 3 rg: 31 | total time: 29.83m | eta: 7.0m
step 03095/03814 (81.15%) | loss: 3.488745 | lrm: 0.33 | dt: 553.33ms | tok/sec: 97,156 | bf16_mfu: 0.00 | epoch: 1 pq: 3 rg: 31 | total time: 29.84m | eta: 7.0m
step 03096/03814 (81.17%) | loss: 3.482750 | lrm: 0.33 | dt: 557.21ms | tok/sec: 96,481 | bf16_mfu: 0.00 | epoch: 1 pq: 3 rg: 31 | total time: 29.85m | eta: 6.9m
step 03097/03814 (81.20%) | loss: 3.493371 | lrm: 0.32 | dt: 554.96ms | tok/sec: 96,871 | bf16_mfu: 0.00 | epoch: 1 pq: 3 rg: 31 | total time: 29.86m | eta: 6.9m
step 03098/03814 (81.23%) | loss: 3.476412 | lrm: 0.32 | dt: 556.98ms | tok/sec: 96,520 | bf16_mfu: 0.00 | epoch: 1 pq: 3 rg: 31 | total time: 29.87m | eta: 6.9m
step 03099/03814 (81.25%) | loss: 3.469741 | lrm: 0.32 | dt: 558.37ms | tok/sec: 96,279 | bf16_mfu: 0.00 | epoch: 1 pq: 3 rg: 31 | total time: 29.87m | eta: 6.9m
step 03100/03814 (81.28%) | loss: 3.469239 | lrm: 0.32 | dt: 554.57ms | tok/sec: 96,940 | bf16_mfu: 0.00 | epoch: 1 pq: 3 rg: 31 | total time: 29.88m | eta: 6.9m
step 03101/03814 (81.31%) | loss: 3.486870 | lrm: 0.32 | dt: 594.53ms | tok/sec: 90,423 | bf16_mfu: 0.00 | epoch: 1 pq: 3 rg: 31 | total time: 29.89m | eta: 6.9m
step 03102/03814 (81.33%) | loss: 3.506355 | lrm: 0.32 | dt: 558.91ms | tok/sec: 96,186 | bf16_mfu: 0.00 | epoch: 1 pq: 3 rg: 31 | total time: 29.90m | eta: 6.9m
step 03103/03814 (81.36%) | loss: 3.495476 | lrm: 0.32 | dt: 555.36ms | tok/sec: 96,802 | bf16_mfu: 0.00 | epoch: 1 pq: 3 rg: 31 | total time: 29.91m | eta: 6.9m
step 03104/03814 (81.38%) | loss: 3.490959 | lrm: 0.32 | dt: 557.45ms | tok/sec: 96,439 | bf16_mfu: 0.00 | epoch: 1 pq: 3 rg: 31 | total time: 29.92m | eta: 6.9m
step 03105/03814 (81.41%) | loss: 3.483462 | lrm: 0.32 | dt: 569.28ms | tok/sec: 94,434 | bf16_mfu: 0.00 | epoch: 1 pq: 3 rg: 32 | total time: 29.93m | eta: 6.9m
step 03106/03814 (81.44%) | loss: 3.484682 | lrm: 0.32 | dt: 554.40ms | tok/sec: 96,969 | bf16_mfu: 0.00 | epoch: 1 pq: 3 rg: 32 | total time: 29.94m | eta: 6.8m
step 03107/03814 (81.46%) | loss: 3.481507 | lrm: 0.32 | dt: 577.62ms | tok/sec: 93,071 | bf16_mfu: 0.00 | epoch: 1 pq: 3 rg: 32 | total time: 29.95m | eta: 6.8m
step 03108/03814 (81.49%) | loss: 3.488274 | lrm: 0.32 | dt: 557.03ms | tok/sec: 96,511 | bf16_mfu: 0.00 | epoch: 1 pq: 3 rg: 32 | total time: 29.96m | eta: 6.8m
step 03109/03814 (81.52%) | loss: 3.508118 | lrm: 0.32 | dt: 555.89ms | tok/sec: 96,709 | bf16_mfu: 0.00 | epoch: 1 pq: 3 rg: 32 | total time: 29.97m | eta: 6.8m
step 03110/03814 (81.54%) | loss: 3.500531 | lrm: 0.32 | dt: 657.91ms | tok/sec: 81,713 | bf16_mfu: 0.00 | epoch: 1 pq: 3 rg: 32 | total time: 29.98m | eta: 6.8m
step 03111/03814 (81.57%) | loss: 3.484167 | lrm: 0.32 | dt: 557.85ms | tok/sec: 96,370 | bf16_mfu: 0.00 | epoch: 1 pq: 3 rg: 32 | total time: 29.99m | eta: 6.8m
step 03112/03814 (81.59%) | loss: 3.502234 | lrm: 0.32 | dt: 590.85ms | tok/sec: 90,988 | bf16_mfu: 0.00 | epoch: 1 pq: 3 rg: 32 | total time: 30.00m | eta: 6.8m
step 03113/03814 (81.62%) | loss: 3.518376 | lrm: 0.32 | dt: 591.49ms | tok/sec: 90,889 | bf16_mfu: 0.00 | epoch: 1 pq: 3 rg: 32 | total time: 30.01m | eta: 6.8m
step 03114/03814 (81.65%) | loss: 3.518220 | lrm: 0.32 | dt: 554.40ms | tok/sec: 96,968 | bf16_mfu: 0.00 | epoch: 1 pq: 3 rg: 32 | total time: 30.02m | eta: 6.8m
step 03115/03814 (81.67%) | loss: 3.507862 | lrm: 0.32 | dt: 553.87ms | tok/sec: 97,062 | bf16_mfu: 0.00 | epoch: 1 pq: 3 rg: 32 | total time: 30.03m | eta: 6.8m
step 03116/03814 (81.70%) | loss: 3.511894 | lrm: 0.32 | dt: 555.12ms | tok/sec: 96,843 | bf16_mfu: 0.00 | epoch: 1 pq: 3 rg: 33 | total time: 30.04m | eta: 6.7m
step 03117/03814 (81.73%) | loss: 3.510480 | lrm: 0.32 | dt: 555.87ms | tok/sec: 96,713 | bf16_mfu: 0.00 | epoch: 1 pq: 3 rg: 33 | total time: 30.05m | eta: 6.7m
step 03118/03814 (81.75%) | loss: 3.508220 | lrm: 0.32 | dt: 556.35ms | tok/sec: 96,630 | bf16_mfu: 0.00 | epoch: 1 pq: 3 rg: 33 | total time: 30.05m | eta: 6.7m
step 03119/03814 (81.78%) | loss: 3.495764 | lrm: 0.32 | dt: 554.37ms | tok/sec: 96,975 | bf16_mfu: 0.00 | epoch: 1 pq: 3 rg: 33 | total time: 30.06m | eta: 6.7m
step 03120/03814 (81.80%) | loss: 3.492288 | lrm: 0.32 | dt: 605.87ms | tok/sec: 88,731 | bf16_mfu: 0.00 | epoch: 1 pq: 3 rg: 33 | total time: 30.07m | eta: 6.7m
step 03121/03814 (81.83%) | loss: 3.511174 | lrm: 0.32 | dt: 574.70ms | tok/sec: 93,544 | bf16_mfu: 0.00 | epoch: 1 pq: 3 rg: 33 | total time: 30.08m | eta: 6.7m
step 03122/03814 (81.86%) | loss: 3.508320 | lrm: 0.32 | dt: 684.83ms | tok/sec: 78,501 | bf16_mfu: 0.00 | epoch: 1 pq: 3 rg: 33 | total time: 30.09m | eta: 6.7m
step 03123/03814 (81.88%) | loss: 3.501116 | lrm: 0.31 | dt: 555.98ms | tok/sec: 96,693 | bf16_mfu: 0.00 | epoch: 1 pq: 3 rg: 33 | total time: 30.10m | eta: 6.7m
step 03124/03814 (81.91%) | loss: 3.504235 | lrm: 0.31 | dt: 561.94ms | tok/sec: 95,668 | bf16_mfu: 0.00 | epoch: 1 pq: 3 rg: 33 | total time: 30.11m | eta: 6.7m
step 03125/03814 (81.93%) | loss: 3.488830 | lrm: 0.31 | dt: 554.86ms | tok/sec: 96,889 | bf16_mfu: 0.00 | epoch: 1 pq: 3 rg: 33 | total time: 30.12m | eta: 6.7m
step 03126/03814 (81.96%) | loss: 3.492473 | lrm: 0.31 | dt: 565.43ms | tok/sec: 95,077 | bf16_mfu: 0.00 | epoch: 1 pq: 3 rg: 34 | total time: 30.13m | eta: 6.7m
step 03127/03814 (81.99%) | loss: 3.492603 | lrm: 0.31 | dt: 556.61ms | tok/sec: 96,584 | bf16_mfu: 0.00 | epoch: 1 pq: 3 rg: 34 | total time: 30.14m | eta: 6.6m
step 03128/03814 (82.01%) | loss: 3.497177 | lrm: 0.31 | dt: 559.27ms | tok/sec: 96,125 | bf16_mfu: 0.00 | epoch: 1 pq: 3 rg: 34 | total time: 30.15m | eta: 6.6m
step 03129/03814 (82.04%) | loss: 3.512021 | lrm: 0.31 | dt: 665.80ms | tok/sec: 80,745 | bf16_mfu: 0.00 | epoch: 1 pq: 3 rg: 34 | total time: 30.16m | eta: 6.6m
step 03130/03814 (82.07%) | loss: 3.509376 | lrm: 0.31 | dt: 625.84ms | tok/sec: 85,901 | bf16_mfu: 0.00 | epoch: 1 pq: 3 rg: 34 | total time: 30.17m | eta: 6.6m
step 03131/03814 (82.09%) | loss: 3.496988 | lrm: 0.31 | dt: 557.52ms | tok/sec: 96,427 | bf16_mfu: 0.00 | epoch: 1 pq: 3 rg: 34 | total time: 30.18m | eta: 6.6m
step 03132/03814 (82.12%) | loss: 3.498109 | lrm: 0.31 | dt: 669.16ms | tok/sec: 80,339 | bf16_mfu: 0.00 | epoch: 1 pq: 3 rg: 34 | total time: 30.19m | eta: 6.6m
step 03133/03814 (82.14%) | loss: 3.504547 | lrm: 0.31 | dt: 557.21ms | tok/sec: 96,480 | bf16_mfu: 0.00 | epoch: 1 pq: 3 rg: 34 | total time: 30.20m | eta: 6.6m
step 03134/03814 (82.17%) | loss: 3.511758 | lrm: 0.31 | dt: 557.11ms | tok/sec: 96,497 | bf16_mfu: 0.00 | epoch: 1 pq: 3 rg: 34 | total time: 30.21m | eta: 6.6m
step 03135/03814 (82.20%) | loss: 3.504495 | lrm: 0.31 | dt: 557.06ms | tok/sec: 96,507 | bf16_mfu: 0.00 | epoch: 1 pq: 3 rg: 34 | total time: 30.22m | eta: 6.6m
step 03136/03814 (82.22%) | loss: 3.517568 | lrm: 0.31 | dt: 558.95ms | tok/sec: 96,180 | bf16_mfu: 0.00 | epoch: 1 pq: 3 rg: 34 | total time: 30.23m | eta: 6.6m
step 03137/03814 (82.25%) | loss: 3.515437 | lrm: 0.31 | dt: 570.26ms | tok/sec: 94,272 | bf16_mfu: 0.00 | epoch: 1 pq: 3 rg: 35 | total time: 30.24m | eta: 6.5m
step 03138/03814 (82.28%) | loss: 3.510849 | lrm: 0.31 | dt: 560.99ms | tok/sec: 95,830 | bf16_mfu: 0.00 | epoch: 1 pq: 3 rg: 35 | total time: 30.25m | eta: 6.5m
step 03139/03814 (82.30%) | loss: 3.526638 | lrm: 0.31 | dt: 557.53ms | tok/sec: 96,426 | bf16_mfu: 0.00 | epoch: 1 pq: 3 rg: 35 | total time: 30.26m | eta: 6.5m
step 03140/03814 (82.33%) | loss: 3.529735 | lrm: 0.31 | dt: 572.48ms | tok/sec: 93,906 | bf16_mfu: 0.00 | epoch: 1 pq: 3 rg: 35 | total time: 30.27m | eta: 6.5m
step 03141/03814 (82.35%) | loss: 3.539938 | lrm: 0.31 | dt: 558.66ms | tok/sec: 96,231 | bf16_mfu: 0.00 | epoch: 1 pq: 3 rg: 35 | total time: 30.28m | eta: 6.5m
step 03142/03814 (82.38%) | loss: 3.531800 | lrm: 0.31 | dt: 563.77ms | tok/sec: 95,357 | bf16_mfu: 0.00 | epoch: 1 pq: 3 rg: 35 | total time: 30.29m | eta: 6.5m
step 03143/03814 (82.41%) | loss: 3.534265 | lrm: 0.31 | dt: 591.27ms | tok/sec: 90,922 | bf16_mfu: 0.00 | epoch: 1 pq: 3 rg: 35 | total time: 30.30m | eta: 6.5m
step 03144/03814 (82.43%) | loss: 3.529185 | lrm: 0.31 | dt: 565.64ms | tok/sec: 95,042 | bf16_mfu: 0.00 | epoch: 1 pq: 3 rg: 35 | total time: 30.31m | eta: 6.5m
step 03145/03814 (82.46%) | loss: 3.528015 | lrm: 0.31 | dt: 561.51ms | tok/sec: 95,741 | bf16_mfu: 0.00 | epoch: 1 pq: 3 rg: 35 | total time: 30.31m | eta: 6.5m
step 03146/03814 (82.49%) | loss: 3.516160 | lrm: 0.31 | dt: 557.48ms | tok/sec: 96,434 | bf16_mfu: 0.00 | epoch: 1 pq: 3 rg: 35 | total time: 30.32m | eta: 6.5m
step 03147/03814 (82.51%) | loss: 3.523418 | lrm: 0.31 | dt: 561.00ms | tok/sec: 95,828 | bf16_mfu: 0.00 | epoch: 1 pq: 3 rg: 35 | total time: 30.33m | eta: 6.4m
step 03148/03814 (82.54%) | loss: 3.515846 | lrm: 0.31 | dt: 565.34ms | tok/sec: 95,093 | bf16_mfu: 0.00 | epoch: 1 pq: 3 rg: 36 | total time: 30.34m | eta: 6.4m
step 03149/03814 (82.56%) | loss: 3.528022 | lrm: 0.30 | dt: 563.53ms | tok/sec: 95,398 | bf16_mfu: 0.00 | epoch: 1 pq: 3 rg: 36 | total time: 30.35m | eta: 6.4m
step 03150/03814 (82.59%) | loss: 3.520080 | lrm: 0.30 | dt: 566.73ms | tok/sec: 94,860 | bf16_mfu: 0.00 | epoch: 1 pq: 3 rg: 36 | total time: 30.36m | eta: 6.4m
step 03151/03814 (82.62%) | loss: 3.519891 | lrm: 0.30 | dt: 558.79ms | tok/sec: 96,207 | bf16_mfu: 0.00 | epoch: 1 pq: 3 rg: 36 | total time: 30.37m | eta: 6.4m
step 03152/03814 (82.64%) | loss: 3.544606 | lrm: 0.30 | dt: 602.41ms | tok/sec: 89,241 | bf16_mfu: 0.00 | epoch: 1 pq: 3 rg: 36 | total time: 30.38m | eta: 6.4m
step 03153/03814 (82.67%) | loss: 3.553291 | lrm: 0.30 | dt: 565.62ms | tok/sec: 95,046 | bf16_mfu: 0.00 | epoch: 1 pq: 3 rg: 36 | total time: 30.39m | eta: 6.4m
step 03154/03814 (82.70%) | loss: 3.537318 | lrm: 0.30 | dt: 566.09ms | tok/sec: 94,967 | bf16_mfu: 0.00 | epoch: 1 pq: 3 rg: 36 | total time: 30.40m | eta: 6.4m
step 03155/03814 (82.72%) | loss: 3.529562 | lrm: 0.30 | dt: 567.23ms | tok/sec: 94,775 | bf16_mfu: 0.00 | epoch: 1 pq: 3 rg: 36 | total time: 30.41m | eta: 6.4m
step 03156/03814 (82.75%) | loss: 3.541390 | lrm: 0.30 | dt: 566.76ms | tok/sec: 94,854 | bf16_mfu: 0.00 | epoch: 1 pq: 3 rg: 36 | total time: 30.42m | eta: 6.4m
step 03157/03814 (82.77%) | loss: 3.555985 | lrm: 0.30 | dt: 564.05ms | tok/sec: 95,309 | bf16_mfu: 0.00 | epoch: 1 pq: 3 rg: 36 | total time: 30.43m | eta: 6.4m
step 03158/03814 (82.80%) | loss: 3.550111 | lrm: 0.30 | dt: 566.96ms | tok/sec: 94,822 | bf16_mfu: 0.00 | epoch: 1 pq: 3 rg: 36 | total time: 30.44m | eta: 6.3m
step 03159/03814 (82.83%) | loss: 3.548990 | lrm: 0.30 | dt: 569.95ms | tok/sec: 94,323 | bf16_mfu: 0.00 | epoch: 1 pq: 3 rg: 37 | total time: 30.45m | eta: 6.3m
step 03160/03814 (82.85%) | loss: 3.553954 | lrm: 0.30 | dt: 565.15ms | tok/sec: 95,125 | bf16_mfu: 0.00 | epoch: 1 pq: 3 rg: 37 | total time: 30.46m | eta: 6.3m
step 03161/03814 (82.88%) | loss: 3.551803 | lrm: 0.30 | dt: 575.40ms | tok/sec: 93,431 | bf16_mfu: 0.00 | epoch: 1 pq: 3 rg: 37 | total time: 30.47m | eta: 6.3m
step 03162/03814 (82.91%) | loss: 3.550643 | lrm: 0.30 | dt: 564.68ms | tok/sec: 95,204 | bf16_mfu: 0.00 | epoch: 1 pq: 3 rg: 37 | total time: 30.48m | eta: 6.3m
step 03163/03814 (82.93%) | loss: 3.540925 | lrm: 0.30 | dt: 561.73ms | tok/sec: 95,703 | bf16_mfu: 0.00 | epoch: 1 pq: 3 rg: 37 | total time: 30.49m | eta: 6.3m
step 03164/03814 (82.96%) | loss: 3.558160 | lrm: 0.30 | dt: 565.26ms | tok/sec: 95,106 | bf16_mfu: 0.00 | epoch: 1 pq: 3 rg: 37 | total time: 30.49m | eta: 6.3m
step 03165/03814 (82.98%) | loss: 3.543912 | lrm: 0.30 | dt: 571.35ms | tok/sec: 94,093 | bf16_mfu: 0.00 | epoch: 1 pq: 3 rg: 37 | total time: 30.50m | eta: 6.3m
step 03166/03814 (83.01%) | loss: 3.533962 | lrm: 0.30 | dt: 561.63ms | tok/sec: 95,722 | bf16_mfu: 0.00 | epoch: 1 pq: 3 rg: 37 | total time: 30.51m | eta: 6.3m
step 03167/03814 (83.04%) | loss: 3.526276 | lrm: 0.30 | dt: 564.96ms | tok/sec: 95,156 | bf16_mfu: 0.00 | epoch: 1 pq: 3 rg: 37 | total time: 30.52m | eta: 6.3m
step 03168/03814 (83.06%) | loss: 3.526522 | lrm: 0.30 | dt: 567.45ms | tok/sec: 94,739 | bf16_mfu: 0.00 | epoch: 1 pq: 3 rg: 37 | total time: 30.53m | eta: 6.2m
step 03169/03814 (83.09%) | loss: 3.524100 | lrm: 0.30 | dt: 607.99ms | tok/sec: 88,422 | bf16_mfu: 0.00 | epoch: 1 pq: 3 rg: 38 | total time: 30.54m | eta: 6.2m
step 03170/03814 (83.11%) | loss: 3.526426 | lrm: 0.30 | dt: 563.83ms | tok/sec: 95,347 | bf16_mfu: 0.00 | epoch: 1 pq: 3 rg: 38 | total time: 30.55m | eta: 6.2m
step 03171/03814 (83.14%) | loss: 3.524649 | lrm: 0.30 | dt: 566.27ms | tok/sec: 94,937 | bf16_mfu: 0.00 | epoch: 1 pq: 3 rg: 38 | total time: 30.56m | eta: 6.2m
step 03172/03814 (83.17%) | loss: 3.548364 | lrm: 0.30 | dt: 565.12ms | tok/sec: 95,130 | bf16_mfu: 0.00 | epoch: 1 pq: 3 rg: 38 | total time: 30.57m | eta: 6.2m
step 03173/03814 (83.19%) | loss: 3.557913 | lrm: 0.30 | dt: 566.74ms | tok/sec: 94,858 | bf16_mfu: 0.00 | epoch: 1 pq: 3 rg: 38 | total time: 30.58m | eta: 6.2m
step 03174/03814 (83.22%) | loss: 3.552041 | lrm: 0.30 | dt: 565.64ms | tok/sec: 95,042 | bf16_mfu: 0.00 | epoch: 1 pq: 3 rg: 38 | total time: 30.59m | eta: 6.2m
step 03175/03814 (83.25%) | loss: 3.555907 | lrm: 0.29 | dt: 566.43ms | tok/sec: 94,909 | bf16_mfu: 0.00 | epoch: 1 pq: 3 rg: 38 | total time: 30.60m | eta: 6.2m
step 03176/03814 (83.27%) | loss: 3.567893 | lrm: 0.29 | dt: 619.54ms | tok/sec: 86,773 | bf16_mfu: 0.00 | epoch: 1 pq: 3 rg: 38 | total time: 30.61m | eta: 6.2m
step 03177/03814 (83.30%) | loss: 3.590614 | lrm: 0.29 | dt: 575.52ms | tok/sec: 93,411 | bf16_mfu: 0.00 | epoch: 1 pq: 3 rg: 38 | total time: 30.62m | eta: 6.2m
step 03178/03814 (83.32%) | loss: 3.587467 | lrm: 0.29 | dt: 564.51ms | tok/sec: 95,232 | bf16_mfu: 0.00 | epoch: 1 pq: 3 rg: 38 | total time: 30.63m | eta: 6.1m
step 03179/03814 (83.35%) | loss: 3.578168 | lrm: 0.29 | dt: 562.41ms | tok/sec: 95,588 | bf16_mfu: 0.00 | epoch: 1 pq: 3 rg: 38 | total time: 30.64m | eta: 6.1m
step 03180/03814 (83.38%) | loss: 3.561256 | lrm: 0.29 | dt: 585.97ms | tok/sec: 91,745 | bf16_mfu: 0.00 | epoch: 1 pq: 3 rg: 39 | total time: 30.65m | eta: 6.1m
step 03181/03814 (83.40%) | loss: 3.553668 | lrm: 0.29 | dt: 564.52ms | tok/sec: 95,232 | bf16_mfu: 0.00 | epoch: 1 pq: 3 rg: 39 | total time: 30.66m | eta: 6.1m
step 03182/03814 (83.43%) | loss: 3.541249 | lrm: 0.29 | dt: 565.33ms | tok/sec: 95,094 | bf16_mfu: 0.00 | epoch: 1 pq: 3 rg: 39 | total time: 30.67m | eta: 6.1m
step 03183/03814 (83.46%) | loss: 3.552939 | lrm: 0.29 | dt: 565.61ms | tok/sec: 95,047 | bf16_mfu: 0.00 | epoch: 1 pq: 3 rg: 39 | total time: 30.68m | eta: 6.1m
step 03184/03814 (83.48%) | loss: 3.549023 | lrm: 0.29 | dt: 562.87ms | tok/sec: 95,511 | bf16_mfu: 0.00 | epoch: 1 pq: 3 rg: 39 | total time: 30.69m | eta: 6.1m
step 03185/03814 (83.51%) | loss: 3.532415 | lrm: 0.29 | dt: 561.59ms | tok/sec: 95,728 | bf16_mfu: 0.00 | epoch: 1 pq: 3 rg: 39 | total time: 30.69m | eta: 6.1m
step 03186/03814 (83.53%) | loss: 3.535194 | lrm: 0.29 | dt: 564.95ms | tok/sec: 95,158 | bf16_mfu: 0.00 | epoch: 1 pq: 3 rg: 39 | total time: 30.70m | eta: 6.1m
step 03187/03814 (83.56%) | loss: 3.547768 | lrm: 0.29 | dt: 564.78ms | tok/sec: 95,187 | bf16_mfu: 0.00 | epoch: 1 pq: 3 rg: 39 | total time: 30.71m | eta: 6.1m
step 03188/03814 (83.59%) | loss: 3.537804 | lrm: 0.29 | dt: 568.26ms | tok/sec: 94,604 | bf16_mfu: 0.00 | epoch: 1 pq: 3 rg: 39 | total time: 30.72m | eta: 6.1m
step 03189/03814 (83.61%) | loss: 3.541911 | lrm: 0.29 | dt: 563.93ms | tok/sec: 95,330 | bf16_mfu: 0.00 | epoch: 1 pq: 3 rg: 39 | total time: 30.73m | eta: 6.0m
step 03190/03814 (83.64%) | loss: 3.541200 | lrm: 0.29 | dt: 567.46ms | tok/sec: 94,737 | bf16_mfu: 0.00 | epoch: 1 pq: 3 rg: 40 | total time: 30.74m | eta: 6.0m
step 03191/03814 (83.67%) | loss: 3.538118 | lrm: 0.29 | dt: 570.78ms | tok/sec: 94,186 | bf16_mfu: 0.00 | epoch: 1 pq: 3 rg: 40 | total time: 30.75m | eta: 6.0m
step 03192/03814 (83.69%) | loss: 3.522838 | lrm: 0.29 | dt: 560.96ms | tok/sec: 95,835 | bf16_mfu: 0.00 | epoch: 1 pq: 3 rg: 40 | total time: 30.76m | eta: 6.0m
step 03193/03814 (83.72%) | loss: 3.519654 | lrm: 0.29 | dt: 565.05ms | tok/sec: 95,142 | bf16_mfu: 0.00 | epoch: 1 pq: 3 rg: 40 | total time: 30.77m | eta: 6.0m
step 03194/03814 (83.74%) | loss: 3.497899 | lrm: 0.29 | dt: 563.97ms | tok/sec: 95,324 | bf16_mfu: 0.00 | epoch: 1 pq: 3 rg: 40 | total time: 30.78m | eta: 6.0m
step 03195/03814 (83.77%) | loss: 3.482823 | lrm: 0.29 | dt: 565.86ms | tok/sec: 95,006 | bf16_mfu: 0.00 | epoch: 1 pq: 3 rg: 40 | total time: 30.79m | eta: 6.0m
step 03196/03814 (83.80%) | loss: 3.487798 | lrm: 0.29 | dt: 564.44ms | tok/sec: 95,244 | bf16_mfu: 0.00 | epoch: 1 pq: 3 rg: 40 | total time: 30.80m | eta: 6.0m
step 03197/03814 (83.82%) | loss: 3.495132 | lrm: 0.29 | dt: 562.67ms | tok/sec: 95,544 | bf16_mfu: 0.00 | epoch: 1 pq: 3 rg: 40 | total time: 30.81m | eta: 6.0m
step 03198/03814 (83.85%) | loss: 3.495062 | lrm: 0.29 | dt: 563.30ms | tok/sec: 95,436 | bf16_mfu: 0.00 | epoch: 1 pq: 3 rg: 40 | total time: 30.82m | eta: 6.0m
step 03199/03814 (83.88%) | loss: 3.507030 | lrm: 0.29 | dt: 559.69ms | tok/sec: 96,053 | bf16_mfu: 0.00 | epoch: 1 pq: 3 rg: 40 | total time: 30.83m | eta: 5.9m
step 03200/03814 (83.90%) | loss: 3.516678 | lrm: 0.29 | dt: 565.18ms | tok/sec: 95,120 | bf16_mfu: 0.00 | epoch: 1 pq: 3 rg: 40 | total time: 30.84m | eta: 5.9m
step 03201/03814 (83.93%) | loss: 3.531378 | lrm: 0.28 | dt: 576.64ms | tok/sec: 93,230 | bf16_mfu: 0.00 | epoch: 1 pq: 3 rg: 41 | total time: 30.85m | eta: 5.9m
step 03202/03814 (83.95%) | loss: 3.523290 | lrm: 0.28 | dt: 565.14ms | tok/sec: 95,126 | bf16_mfu: 0.00 | epoch: 1 pq: 3 rg: 41 | total time: 30.85m | eta: 5.9m
step 03203/03814 (83.98%) | loss: 3.517015 | lrm: 0.28 | dt: 558.01ms | tok/sec: 96,342 | bf16_mfu: 0.00 | epoch: 1 pq: 3 rg: 41 | total time: 30.86m | eta: 5.9m
step 03204/03814 (84.01%) | loss: 3.526408 | lrm: 0.28 | dt: 586.72ms | tok/sec: 91,628 | bf16_mfu: 0.00 | epoch: 1 pq: 3 rg: 41 | total time: 30.87m | eta: 5.9m
step 03205/03814 (84.03%) | loss: 3.525136 | lrm: 0.28 | dt: 662.67ms | tok/sec: 81,126 | bf16_mfu: 0.00 | epoch: 1 pq: 3 rg: 41 | total time: 30.88m | eta: 5.9m
step 03206/03814 (84.06%) | loss: 3.509052 | lrm: 0.28 | dt: 567.89ms | tok/sec: 94,666 | bf16_mfu: 0.00 | epoch: 1 pq: 3 rg: 41 | total time: 30.89m | eta: 5.9m
step 03207/03814 (84.08%) | loss: 3.500173 | lrm: 0.28 | dt: 589.96ms | tok/sec: 91,125 | bf16_mfu: 0.00 | epoch: 1 pq: 3 rg: 41 | total time: 30.90m | eta: 5.9m
step 03208/03814 (84.11%) | loss: 3.498627 | lrm: 0.28 | dt: 562.64ms | tok/sec: 95,548 | bf16_mfu: 0.00 | epoch: 1 pq: 3 rg: 41 | total time: 30.91m | eta: 5.9m
step 03209/03814 (84.14%) | loss: 3.493176 | lrm: 0.28 | dt: 562.39ms | tok/sec: 95,592 | bf16_mfu: 0.00 | epoch: 1 pq: 3 rg: 41 | total time: 30.92m | eta: 5.8m
step 03210/03814 (84.16%) | loss: 3.501688 | lrm: 0.28 | dt: 558.80ms | tok/sec: 96,206 | bf16_mfu: 0.00 | epoch: 1 pq: 3 rg: 41 | total time: 30.93m | eta: 5.8m
step 03211/03814 (84.19%) | loss: 3.488486 | lrm: 0.28 | dt: 560.99ms | tok/sec: 95,831 | bf16_mfu: 0.00 | epoch: 1 pq: 3 rg: 41 | total time: 30.94m | eta: 5.8m
step 03212/03814 (84.22%) | loss: 3.496789 | lrm: 0.28 | dt: 560.12ms | tok/sec: 95,978 | bf16_mfu: 0.00 | epoch: 1 pq: 3 rg: 42 | total time: 30.95m | eta: 5.8m
step 03213/03814 (84.24%) | loss: 3.486703 | lrm: 0.28 | dt: 560.03ms | tok/sec: 95,994 | bf16_mfu: 0.00 | epoch: 1 pq: 3 rg: 42 | total time: 30.96m | eta: 5.8m
step 03214/03814 (84.27%) | loss: 3.507998 | lrm: 0.28 | dt: 559.85ms | tok/sec: 96,025 | bf16_mfu: 0.00 | epoch: 1 pq: 3 rg: 42 | total time: 30.97m | eta: 5.8m
step 03215/03814 (84.29%) | loss: 3.510492 | lrm: 0.28 | dt: 563.81ms | tok/sec: 95,350 | bf16_mfu: 0.00 | epoch: 1 pq: 3 rg: 42 | total time: 30.98m | eta: 5.8m
step 03216/03814 (84.32%) | loss: 3.494240 | lrm: 0.28 | dt: 565.14ms | tok/sec: 95,126 | bf16_mfu: 0.00 | epoch: 1 pq: 3 rg: 42 | total time: 30.99m | eta: 5.8m
step 03217/03814 (84.35%) | loss: 3.488357 | lrm: 0.28 | dt: 573.26ms | tok/sec: 93,779 | bf16_mfu: 0.00 | epoch: 1 pq: 3 rg: 42 | total time: 31.00m | eta: 5.8m
step 03218/03814 (84.37%) | loss: 3.485339 | lrm: 0.28 | dt: 560.35ms | tok/sec: 95,940 | bf16_mfu: 0.00 | epoch: 1 pq: 3 rg: 42 | total time: 31.01m | eta: 5.8m
step 03219/03814 (84.40%) | loss: 3.492723 | lrm: 0.28 | dt: 594.54ms | tok/sec: 90,422 | bf16_mfu: 0.00 | epoch: 1 pq: 3 rg: 42 | total time: 31.02m | eta: 5.8m
step 03220/03814 (84.43%) | loss: 3.490666 | lrm: 0.28 | dt: 561.12ms | tok/sec: 95,808 | bf16_mfu: 0.00 | epoch: 1 pq: 3 rg: 42 | total time: 31.03m | eta: 5.7m
step 03221/03814 (84.45%) | loss: 3.494219 | lrm: 0.28 | dt: 563.93ms | tok/sec: 95,331 | bf16_mfu: 0.00 | epoch: 1 pq: 3 rg: 42 | total time: 31.04m | eta: 5.7m
step 03222/03814 (84.48%) | loss: 3.504711 | lrm: 0.28 | dt: 558.99ms | tok/sec: 96,172 | bf16_mfu: 0.00 | epoch: 1 pq: 3 rg: 42 | total time: 31.05m | eta: 5.7m
step 03223/03814 (84.50%) | loss: 3.515994 | lrm: 0.28 | dt: 663.74ms | tok/sec: 80,995 | bf16_mfu: 0.00 | epoch: 1 pq: 3 rg: 43 | total time: 31.06m | eta: 5.7m
step 03224/03814 (84.53%) | loss: 3.498519 | lrm: 0.28 | dt: 562.88ms | tok/sec: 95,508 | bf16_mfu: 0.00 | epoch: 1 pq: 3 rg: 43 | total time: 31.07m | eta: 5.7m
step 03225/03814 (84.56%) | loss: 3.496140 | lrm: 0.28 | dt: 563.37ms | tok/sec: 95,426 | bf16_mfu: 0.00 | epoch: 1 pq: 3 rg: 43 | total time: 31.08m | eta: 5.7m
step 03226/03814 (84.58%) | loss: 3.498322 | lrm: 0.28 | dt: 565.98ms | tok/sec: 94,985 | bf16_mfu: 0.00 | epoch: 1 pq: 3 rg: 43 | total time: 31.08m | eta: 5.7m
step 03227/03814 (84.61%) | loss: 3.509164 | lrm: 0.27 | dt: 562.71ms | tok/sec: 95,537 | bf16_mfu: 0.00 | epoch: 1 pq: 3 rg: 43 | total time: 31.09m | eta: 5.7m
step 03228/03814 (84.64%) | loss: 3.491767 | lrm: 0.27 | dt: 566.77ms | tok/sec: 94,853 | bf16_mfu: 0.00 | epoch: 1 pq: 3 rg: 43 | total time: 31.10m | eta: 5.7m
step 03229/03814 (84.66%) | loss: 3.490410 | lrm: 0.27 | dt: 559.01ms | tok/sec: 96,169 | bf16_mfu: 0.00 | epoch: 1 pq: 3 rg: 43 | total time: 31.11m | eta: 5.7m
step 03230/03814 (84.69%) | loss: 3.490544 | lrm: 0.27 | dt: 559.13ms | tok/sec: 96,149 | bf16_mfu: 0.00 | epoch: 1 pq: 3 rg: 43 | total time: 31.12m | eta: 5.6m
step 03231/03814 (84.71%) | loss: 3.495581 | lrm: 0.27 | dt: 558.39ms | tok/sec: 96,277 | bf16_mfu: 0.00 | epoch: 1 pq: 3 rg: 43 | total time: 31.13m | eta: 5.6m
step 03232/03814 (84.74%) | loss: 3.503839 | lrm: 0.27 | dt: 558.18ms | tok/sec: 96,312 | bf16_mfu: 0.00 | epoch: 1 pq: 3 rg: 43 | total time: 31.14m | eta: 5.6m
step 03233/03814 (84.77%) | loss: 3.506834 | lrm: 0.27 | dt: 564.39ms | tok/sec: 95,253 | bf16_mfu: 0.00 | epoch: 1 pq: 3 rg: 43 | total time: 31.15m | eta: 5.6m
step 03234/03814 (84.79%) | loss: 3.504490 | lrm: 0.27 | dt: 571.96ms | tok/sec: 93,991 | bf16_mfu: 0.00 | epoch: 1 pq: 3 rg: 44 | total time: 31.16m | eta: 5.6m
step 03235/03814 (84.82%) | loss: 3.511854 | lrm: 0.27 | dt: 563.79ms | tok/sec: 95,354 | bf16_mfu: 0.00 | epoch: 1 pq: 3 rg: 44 | total time: 31.17m | eta: 5.6m
step 03236/03814 (84.85%) | loss: 3.507448 | lrm: 0.27 | dt: 562.26ms | tok/sec: 95,614 | bf16_mfu: 0.00 | epoch: 1 pq: 3 rg: 44 | total time: 31.18m | eta: 5.6m
step 03237/03814 (84.87%) | loss: 3.507658 | lrm: 0.27 | dt: 558.17ms | tok/sec: 96,314 | bf16_mfu: 0.00 | epoch: 1 pq: 3 rg: 44 | total time: 31.19m | eta: 5.6m
step 03238/03814 (84.90%) | loss: 3.506668 | lrm: 0.27 | dt: 630.42ms | tok/sec: 85,276 | bf16_mfu: 0.00 | epoch: 1 pq: 3 rg: 44 | total time: 31.20m | eta: 5.6m
step 03239/03814 (84.92%) | loss: 3.520374 | lrm: 0.27 | dt: 565.56ms | tok/sec: 95,055 | bf16_mfu: 0.00 | epoch: 1 pq: 3 rg: 44 | total time: 31.21m | eta: 5.6m
step 03240/03814 (84.95%) | loss: 3.529974 | lrm: 0.27 | dt: 564.71ms | tok/sec: 95,199 | bf16_mfu: 0.00 | epoch: 1 pq: 3 rg: 44 | total time: 31.22m | eta: 5.5m
step 03241/03814 (84.98%) | loss: 3.517108 | lrm: 0.27 | dt: 563.03ms | tok/sec: 95,483 | bf16_mfu: 0.00 | epoch: 1 pq: 3 rg: 44 | total time: 31.23m | eta: 5.5m
step 03242/03814 (85.00%) | loss: 3.525368 | lrm: 0.27 | dt: 558.05ms | tok/sec: 96,335 | bf16_mfu: 0.00 | epoch: 1 pq: 3 rg: 44 | total time: 31.24m | eta: 5.5m
step 03243/03814 (85.03%) | loss: 3.515265 | lrm: 0.27 | dt: 578.40ms | tok/sec: 92,946 | bf16_mfu: 0.00 | epoch: 1 pq: 3 rg: 44 | total time: 31.25m | eta: 5.5m
step 03244/03814 (85.06%) | loss: 3.496798 | lrm: 0.27 | dt: 559.82ms | tok/sec: 96,030 | bf16_mfu: 0.00 | epoch: 1 pq: 3 rg: 44 | total time: 31.25m | eta: 5.5m
step 03245/03814 (85.08%) | loss: 3.492787 | lrm: 0.27 | dt: 558.10ms | tok/sec: 96,327 | bf16_mfu: 0.00 | epoch: 1 pq: 3 rg: 45 | total time: 31.26m | eta: 5.5m
step 03246/03814 (85.11%) | loss: 3.513807 | lrm: 0.27 | dt: 563.46ms | tok/sec: 95,411 | bf16_mfu: 0.00 | epoch: 1 pq: 3 rg: 45 | total time: 31.27m | eta: 5.5m
step 03247/03814 (85.13%) | loss: 3.502870 | lrm: 0.27 | dt: 565.58ms | tok/sec: 95,052 | bf16_mfu: 0.00 | epoch: 1 pq: 3 rg: 45 | total time: 31.28m | eta: 5.5m
step 03248/03814 (85.16%) | loss: 3.492615 | lrm: 0.27 | dt: 558.56ms | tok/sec: 96,248 | bf16_mfu: 0.00 | epoch: 1 pq: 3 rg: 45 | total time: 31.29m | eta: 5.5m
step 03249/03814 (85.19%) | loss: 3.486638 | lrm: 0.27 | dt: 559.85ms | tok/sec: 96,026 | bf16_mfu: 0.00 | epoch: 1 pq: 3 rg: 45 | total time: 31.30m | eta: 5.5m
step 03250/03814 (85.21%) | loss: 3.496506 | lrm: 0.27 | dt: 563.17ms | tok/sec: 95,460 | bf16_mfu: 0.00 | epoch: 1 pq: 3 rg: 45 | total time: 31.31m | eta: 5.5m
step 03251/03814 (85.24%) | loss: 3.499977 | lrm: 0.27 | dt: 559.16ms | tok/sec: 96,144 | bf16_mfu: 0.00 | epoch: 1 pq: 3 rg: 45 | total time: 31.32m | eta: 5.4m
step 03252/03814 (85.26%) | loss: 3.482904 | lrm: 0.27 | dt: 558.90ms | tok/sec: 96,189 | bf16_mfu: 0.00 | epoch: 1 pq: 3 rg: 45 | total time: 31.33m | eta: 5.4m
step 03253/03814 (85.29%) | loss: 3.471763 | lrm: 0.26 | dt: 561.14ms | tok/sec: 95,804 | bf16_mfu: 0.00 | epoch: 1 pq: 3 rg: 45 | total time: 31.34m | eta: 5.4m
step 03254/03814 (85.32%) | loss: 3.485703 | lrm: 0.26 | dt: 554.24ms | tok/sec: 96,997 | bf16_mfu: 0.00 | epoch: 1 pq: 3 rg: 45 | total time: 31.35m | eta: 5.4m
step 03255/03814 (85.34%) | loss: 3.482459 | lrm: 0.26 | dt: 609.65ms | tok/sec: 88,181 | bf16_mfu: 0.00 | epoch: 1 pq: 3 rg: 46 | total time: 31.36m | eta: 5.4m
step 03256/03814 (85.37%) | loss: 3.482793 | lrm: 0.26 | dt: 559.88ms | tok/sec: 96,021 | bf16_mfu: 0.00 | epoch: 1 pq: 3 rg: 46 | total time: 31.37m | eta: 5.4m
step 03257/03814 (85.40%) | loss: 3.483346 | lrm: 0.26 | dt: 565.19ms | tok/sec: 95,117 | bf16_mfu: 0.00 | epoch: 1 pq: 3 rg: 46 | total time: 31.38m | eta: 5.4m
step 03258/03814 (85.42%) | loss: 3.495721 | lrm: 0.26 | dt: 572.96ms | tok/sec: 93,829 | bf16_mfu: 0.00 | epoch: 1 pq: 3 rg: 46 | total time: 31.39m | eta: 5.4m
step 03259/03814 (85.45%) | loss: 3.517013 | lrm: 0.26 | dt: 557.83ms | tok/sec: 96,373 | bf16_mfu: 0.00 | epoch: 1 pq: 3 rg: 46 | total time: 31.40m | eta: 5.4m
step 03260/03814 (85.47%) | loss: 3.500823 | lrm: 0.26 | dt: 558.22ms | tok/sec: 96,305 | bf16_mfu: 0.00 | epoch: 1 pq: 3 rg: 46 | total time: 31.40m | eta: 5.4m
step 03261/03814 (85.50%) | loss: 3.495632 | lrm: 0.26 | dt: 559.52ms | tok/sec: 96,082 | bf16_mfu: 0.00 | epoch: 1 pq: 3 rg: 46 | total time: 31.41m | eta: 5.3m
step 03262/03814 (85.53%) | loss: 3.506337 | lrm: 0.26 | dt: 557.70ms | tok/sec: 96,395 | bf16_mfu: 0.00 | epoch: 1 pq: 3 rg: 46 | total time: 31.42m | eta: 5.3m
step 03263/03814 (85.55%) | loss: 3.493957 | lrm: 0.26 | dt: 559.20ms | tok/sec: 96,136 | bf16_mfu: 0.00 | epoch: 1 pq: 3 rg: 46 | total time: 31.43m | eta: 5.3m
step 03264/03814 (85.58%) | loss: 3.490230 | lrm: 0.26 | dt: 560.63ms | tok/sec: 95,891 | bf16_mfu: 0.00 | epoch: 1 pq: 3 rg: 46 | total time: 31.44m | eta: 5.3m
step 03265/03814 (85.61%) | loss: 3.508786 | lrm: 0.26 | dt: 559.61ms | tok/sec: 96,067 | bf16_mfu: 0.00 | epoch: 1 pq: 3 rg: 46 | total time: 31.45m | eta: 5.3m
step 03266/03814 (85.63%) | loss: 3.512217 | lrm: 0.26 | dt: 560.69ms | tok/sec: 95,881 | bf16_mfu: 0.00 | epoch: 1 pq: 3 rg: 47 | total time: 31.46m | eta: 5.3m
step 03267/03814 (85.66%) | loss: 3.493600 | lrm: 0.26 | dt: 676.66ms | tok/sec: 79,448 | bf16_mfu: 0.00 | epoch: 1 pq: 3 rg: 47 | total time: 31.47m | eta: 5.3m
step 03268/03814 (85.68%) | loss: 3.483105 | lrm: 0.26 | dt: 561.78ms | tok/sec: 95,696 | bf16_mfu: 0.00 | epoch: 1 pq: 3 rg: 47 | total time: 31.48m | eta: 5.3m
step 03269/03814 (85.71%) | loss: 3.477268 | lrm: 0.26 | dt: 567.85ms | tok/sec: 94,673 | bf16_mfu: 0.00 | epoch: 1 pq: 3 rg: 47 | total time: 31.49m | eta: 5.3m
step 03270/03814 (85.74%) | loss: 3.481598 | lrm: 0.26 | dt: 558.80ms | tok/sec: 96,205 | bf16_mfu: 0.00 | epoch: 1 pq: 3 rg: 47 | total time: 31.50m | eta: 5.3m
step 03271/03814 (85.76%) | loss: 3.487333 | lrm: 0.26 | dt: 558.10ms | tok/sec: 96,326 | bf16_mfu: 0.00 | epoch: 1 pq: 3 rg: 47 | total time: 31.51m | eta: 5.2m
step 03272/03814 (85.79%) | loss: 3.480848 | lrm: 0.26 | dt: 560.13ms | tok/sec: 95,978 | bf16_mfu: 0.00 | epoch: 1 pq: 3 rg: 47 | total time: 31.52m | eta: 5.2m
step 03273/03814 (85.82%) | loss: 3.487390 | lrm: 0.26 | dt: 562.71ms | tok/sec: 95,537 | bf16_mfu: 0.00 | epoch: 1 pq: 3 rg: 47 | total time: 31.53m | eta: 5.2m
step 03274/03814 (85.84%) | loss: 3.509632 | lrm: 0.26 | dt: 558.07ms | tok/sec: 96,332 | bf16_mfu: 0.00 | epoch: 1 pq: 3 rg: 47 | total time: 31.54m | eta: 5.2m
step 03275/03814 (85.87%) | loss: 3.495855 | lrm: 0.26 | dt: 560.74ms | tok/sec: 95,873 | bf16_mfu: 0.00 | epoch: 1 pq: 3 rg: 47 | total time: 31.55m | eta: 5.2m
step 03276/03814 (85.89%) | loss: 3.492375 | lrm: 0.26 | dt: 562.87ms | tok/sec: 95,510 | bf16_mfu: 0.00 | epoch: 1 pq: 3 rg: 47 | total time: 31.56m | eta: 5.2m
step 03277/03814 (85.92%) | loss: 3.486830 | lrm: 0.26 | dt: 674.41ms | tok/sec: 79,714 | bf16_mfu: 0.00 | epoch: 1 pq: 3 rg: 48 | total time: 31.57m | eta: 5.2m
step 03278/03814 (85.95%) | loss: 3.524567 | lrm: 0.26 | dt: 560.56ms | tok/sec: 95,904 | bf16_mfu: 0.00 | epoch: 1 pq: 3 rg: 48 | total time: 31.58m | eta: 5.2m
step 03279/03814 (85.97%) | loss: 3.507456 | lrm: 0.26 | dt: 565.51ms | tok/sec: 95,064 | bf16_mfu: 0.00 | epoch: 1 pq: 3 rg: 48 | total time: 31.59m | eta: 5.2m
step 03280/03814 (86.00%) | loss: 3.494595 | lrm: 0.25 | dt: 557.29ms | tok/sec: 96,466 | bf16_mfu: 0.00 | epoch: 1 pq: 3 rg: 48 | total time: 31.60m | eta: 5.2m
step 03281/03814 (86.03%) | loss: 3.496441 | lrm: 0.25 | dt: 559.28ms | tok/sec: 96,124 | bf16_mfu: 0.00 | epoch: 1 pq: 3 rg: 48 | total time: 31.61m | eta: 5.1m
step 03282/03814 (86.05%) | loss: 3.512133 | lrm: 0.25 | dt: 557.96ms | tok/sec: 96,351 | bf16_mfu: 0.00 | epoch: 1 pq: 3 rg: 48 | total time: 31.61m | eta: 5.1m
step 03283/03814 (86.08%) | loss: 3.515780 | lrm: 0.25 | dt: 654.96ms | tok/sec: 82,080 | bf16_mfu: 0.00 | epoch: 1 pq: 3 rg: 48 | total time: 31.63m | eta: 5.1m
step 03284/03814 (86.10%) | loss: 3.515414 | lrm: 0.25 | dt: 561.56ms | tok/sec: 95,734 | bf16_mfu: 0.00 | epoch: 1 pq: 3 rg: 48 | total time: 31.63m | eta: 5.1m
step 03285/03814 (86.13%) | loss: 3.490297 | lrm: 0.25 | dt: 559.38ms | tok/sec: 96,107 | bf16_mfu: 0.00 | epoch: 1 pq: 3 rg: 48 | total time: 31.64m | eta: 5.1m
step 03286/03814 (86.16%) | loss: 3.499760 | lrm: 0.25 | dt: 562.80ms | tok/sec: 95,521 | bf16_mfu: 0.00 | epoch: 1 pq: 3 rg: 48 | total time: 31.65m | eta: 5.1m
step 03287/03814 (86.18%) | loss: 3.485619 | lrm: 0.25 | dt: 560.54ms | tok/sec: 95,907 | bf16_mfu: 0.00 | epoch: 1 pq: 3 rg: 49 | total time: 31.66m | eta: 5.1m
step 03288/03814 (86.21%) | loss: 3.478013 | lrm: 0.25 | dt: 560.07ms | tok/sec: 95,987 | bf16_mfu: 0.00 | epoch: 1 pq: 3 rg: 49 | total time: 31.67m | eta: 5.1m
step 03289/03814 (86.23%) | loss: 3.496235 | lrm: 0.25 | dt: 563.52ms | tok/sec: 95,399 | bf16_mfu: 0.00 | epoch: 1 pq: 3 rg: 49 | total time: 31.68m | eta: 5.1m
step 03290/03814 (86.26%) | loss: 3.496527 | lrm: 0.25 | dt: 558.54ms | tok/sec: 96,251 | bf16_mfu: 0.00 | epoch: 1 pq: 3 rg: 49 | total time: 31.69m | eta: 5.1m
step 03291/03814 (86.29%) | loss: 3.501466 | lrm: 0.25 | dt: 600.82ms | tok/sec: 89,478 | bf16_mfu: 0.00 | epoch: 1 pq: 3 rg: 49 | total time: 31.70m | eta: 5.1m
step 03292/03814 (86.31%) | loss: 3.490468 | lrm: 0.25 | dt: 558.56ms | tok/sec: 96,247 | bf16_mfu: 0.00 | epoch: 1 pq: 3 rg: 49 | total time: 31.71m | eta: 5.0m
step 03293/03814 (86.34%) | loss: 3.520948 | lrm: 0.25 | dt: 558.55ms | tok/sec: 96,249 | bf16_mfu: 0.00 | epoch: 1 pq: 3 rg: 49 | total time: 31.72m | eta: 5.0m
step 03294/03814 (86.37%) | loss: 3.507969 | lrm: 0.25 | dt: 575.06ms | tok/sec: 93,485 | bf16_mfu: 0.00 | epoch: 1 pq: 3 rg: 49 | total time: 31.73m | eta: 5.0m
step 03295/03814 (86.39%) | loss: 3.524412 | lrm: 0.25 | dt: 560.44ms | tok/sec: 95,925 | bf16_mfu: 0.00 | epoch: 1 pq: 3 rg: 49 | total time: 31.74m | eta: 5.0m
step 03296/03814 (86.42%) | loss: 3.511810 | lrm: 0.25 | dt: 562.61ms | tok/sec: 95,554 | bf16_mfu: 0.00 | epoch: 1 pq: 3 rg: 49 | total time: 31.75m | eta: 5.0m
step 03297/03814 (86.44%) | loss: 3.515432 | lrm: 0.25 | dt: 588.00ms | tok/sec: 91,428 | bf16_mfu: 0.00 | epoch: 1 pq: 3 rg: 49 | total time: 31.76m | eta: 5.0m
step 03298/03814 (86.47%) | loss: 3.504977 | lrm: 0.25 | dt: 575.66ms | tok/sec: 93,387 | bf16_mfu: 0.00 | epoch: 1 pq: 3 rg: 50 | total time: 31.77m | eta: 5.0m
step 03299/03814 (86.50%) | loss: 3.495975 | lrm: 0.25 | dt: 556.29ms | tok/sec: 96,640 | bf16_mfu: 0.00 | epoch: 1 pq: 3 rg: 50 | total time: 31.78m | eta: 5.0m
step 03300/03814 (86.52%) | loss: 3.494034 | lrm: 0.25 | dt: 559.42ms | tok/sec: 96,100 | bf16_mfu: 0.00 | epoch: 1 pq: 3 rg: 50 | total time: 31.79m | eta: 5.0m
step 03301/03814 (86.55%) | loss: 3.513320 | lrm: 0.25 | dt: 569.43ms | tok/sec: 94,409 | bf16_mfu: 0.00 | epoch: 1 pq: 3 rg: 50 | total time: 31.80m | eta: 5.0m
step 03302/03814 (86.58%) | loss: 3.527815 | lrm: 0.25 | dt: 555.65ms | tok/sec: 96,751 | bf16_mfu: 0.00 | epoch: 1 pq: 3 rg: 50 | total time: 31.80m | eta: 4.9m
step 03303/03814 (86.60%) | loss: 3.517583 | lrm: 0.25 | dt: 662.48ms | tok/sec: 81,149 | bf16_mfu: 0.00 | epoch: 1 pq: 3 rg: 50 | total time: 31.82m | eta: 4.9m
step 03304/03814 (86.63%) | loss: 3.511804 | lrm: 0.25 | dt: 561.33ms | tok/sec: 95,772 | bf16_mfu: 0.00 | epoch: 1 pq: 3 rg: 50 | total time: 31.82m | eta: 4.9m
step 03305/03814 (86.65%) | loss: 3.514892 | lrm: 0.25 | dt: 558.52ms | tok/sec: 96,254 | bf16_mfu: 0.00 | epoch: 1 pq: 3 rg: 50 | total time: 31.83m | eta: 4.9m
step 03306/03814 (86.68%) | loss: 3.495879 | lrm: 0.24 | dt: 579.15ms | tok/sec: 92,825 | bf16_mfu: 0.00 | epoch: 1 pq: 3 rg: 50 | total time: 31.84m | eta: 4.9m
step 03307/03814 (86.71%) | loss: 3.481093 | lrm: 0.24 | dt: 565.02ms | tok/sec: 95,146 | bf16_mfu: 0.00 | epoch: 1 pq: 3 rg: 50 | total time: 31.85m | eta: 4.9m
step 03308/03814 (86.73%) | loss: 3.477145 | lrm: 0.24 | dt: 558.64ms | tok/sec: 96,232 | bf16_mfu: 0.00 | epoch: 1 pq: 3 rg: 50 | total time: 31.86m | eta: 4.9m
step 03309/03814 (86.76%) | loss: 3.484053 | lrm: 0.24 | dt: 556.23ms | tok/sec: 96,650 | bf16_mfu: 0.00 | epoch: 1 pq: 3 rg: 51 | total time: 31.87m | eta: 4.9m
step 03310/03814 (86.79%) | loss: 3.469287 | lrm: 0.24 | dt: 563.89ms | tok/sec: 95,337 | bf16_mfu: 0.00 | epoch: 1 pq: 3 rg: 51 | total time: 31.88m | eta: 4.9m
step 03311/03814 (86.81%) | loss: 3.449216 | lrm: 0.24 | dt: 561.92ms | tok/sec: 95,672 | bf16_mfu: 0.00 | epoch: 1 pq: 3 rg: 51 | total time: 31.89m | eta: 4.9m
step 03312/03814 (86.84%) | loss: 3.451444 | lrm: 0.24 | dt: 556.14ms | tok/sec: 96,666 | bf16_mfu: 0.00 | epoch: 1 pq: 3 rg: 51 | total time: 31.90m | eta: 4.8m
step 03313/03814 (86.86%) | loss: 3.454560 | lrm: 0.24 | dt: 560.50ms | tok/sec: 95,913 | bf16_mfu: 0.00 | epoch: 1 pq: 3 rg: 51 | total time: 31.91m | eta: 4.8m
step 03314/03814 (86.89%) | loss: 3.429964 | lrm: 0.24 | dt: 557.25ms | tok/sec: 96,473 | bf16_mfu: 0.00 | epoch: 1 pq: 3 rg: 51 | total time: 31.92m | eta: 4.8m
step 03315/03814 (86.92%) | loss: 3.423991 | lrm: 0.24 | dt: 560.40ms | tok/sec: 95,931 | bf16_mfu: 0.00 | epoch: 1 pq: 3 rg: 51 | total time: 31.93m | eta: 4.8m
step 03316/03814 (86.94%) | loss: 3.423630 | lrm: 0.24 | dt: 560.07ms | tok/sec: 95,987 | bf16_mfu: 0.00 | epoch: 1 pq: 3 rg: 51 | total time: 31.94m | eta: 4.8m
step 03317/03814 (86.97%) | loss: 3.426897 | lrm: 0.24 | dt: 582.40ms | tok/sec: 92,308 | bf16_mfu: 0.00 | epoch: 1 pq: 3 rg: 51 | total time: 31.95m | eta: 4.8m
step 03318/03814 (87.00%) | loss: 3.434247 | lrm: 0.24 | dt: 559.10ms | tok/sec: 96,153 | bf16_mfu: 0.00 | epoch: 1 pq: 3 rg: 51 | total time: 31.96m | eta: 4.8m
step 03319/03814 (87.02%) | loss: 3.434711 | lrm: 0.24 | dt: 562.32ms | tok/sec: 95,603 | bf16_mfu: 0.00 | epoch: 1 pq: 3 rg: 51 | total time: 31.97m | eta: 4.8m
step 03320/03814 (87.05%) | loss: 3.432756 | lrm: 0.24 | dt: 695.26ms | tok/sec: 77,323 | bf16_mfu: 0.00 | epoch: 1 pq: 3 rg: 52 | total time: 31.98m | eta: 4.8m
step 03321/03814 (87.07%) | loss: 3.444757 | lrm: 0.24 | dt: 560.38ms | tok/sec: 95,934 | bf16_mfu: 0.00 | epoch: 1 pq: 3 rg: 52 | total time: 31.99m | eta: 4.8m
step 03322/03814 (87.10%) | loss: 3.443027 | lrm: 0.24 | dt: 564.72ms | tok/sec: 95,196 | bf16_mfu: 0.00 | epoch: 1 pq: 3 rg: 52 | total time: 32.00m | eta: 4.8m
step 03323/03814 (87.13%) | loss: 3.441636 | lrm: 0.24 | dt: 672.31ms | tok/sec: 79,962 | bf16_mfu: 0.00 | epoch: 1 pq: 3 rg: 52 | total time: 32.01m | eta: 4.7m
step 03324/03814 (87.15%) | loss: 3.457849 | lrm: 0.24 | dt: 565.46ms | tok/sec: 95,073 | bf16_mfu: 0.00 | epoch: 1 pq: 3 rg: 52 | total time: 32.02m | eta: 4.7m
step 03325/03814 (87.18%) | loss: 3.461997 | lrm: 0.24 | dt: 562.98ms | tok/sec: 95,492 | bf16_mfu: 0.00 | epoch: 1 pq: 3 rg: 52 | total time: 32.03m | eta: 4.7m
step 03326/03814 (87.21%) | loss: 3.468046 | lrm: 0.24 | dt: 603.18ms | tok/sec: 89,128 | bf16_mfu: 0.00 | epoch: 1 pq: 3 rg: 52 | total time: 32.04m | eta: 4.7m
step 03327/03814 (87.23%) | loss: 3.470153 | lrm: 0.24 | dt: 557.91ms | tok/sec: 96,360 | bf16_mfu: 0.00 | epoch: 1 pq: 3 rg: 52 | total time: 32.05m | eta: 4.7m
step 03328/03814 (87.26%) | loss: 3.485302 | lrm: 0.24 | dt: 600.65ms | tok/sec: 89,503 | bf16_mfu: 0.00 | epoch: 1 pq: 3 rg: 52 | total time: 32.06m | eta: 4.7m
step 03329/03814 (87.28%) | loss: 3.486322 | lrm: 0.24 | dt: 557.53ms | tok/sec: 96,425 | bf16_mfu: 0.00 | epoch: 1 pq: 3 rg: 52 | total time: 32.06m | eta: 4.7m
step 03330/03814 (87.31%) | loss: 3.490315 | lrm: 0.24 | dt: 726.66ms | tok/sec: 73,982 | bf16_mfu: 0.00 | epoch: 1 pq: 3 rg: 52 | total time: 32.08m | eta: 4.7m
step 03331/03814 (87.34%) | loss: 3.493897 | lrm: 0.24 | dt: 560.37ms | tok/sec: 95,937 | bf16_mfu: 0.00 | epoch: 1 pq: 3 rg: 53 | total time: 32.09m | eta: 4.7m
step 03332/03814 (87.36%) | loss: 3.480972 | lrm: 0.23 | dt: 563.40ms | tok/sec: 95,421 | bf16_mfu: 0.00 | epoch: 1 pq: 3 rg: 53 | total time: 32.10m | eta: 4.7m
step 03333/03814 (87.39%) | loss: 3.478659 | lrm: 0.23 | dt: 566.06ms | tok/sec: 94,972 | bf16_mfu: 0.00 | epoch: 1 pq: 3 rg: 53 | total time: 32.10m | eta: 4.6m
step 03334/03814 (87.41%) | loss: 3.489418 | lrm: 0.23 | dt: 564.82ms | tok/sec: 95,180 | bf16_mfu: 0.00 | epoch: 1 pq: 3 rg: 53 | total time: 32.11m | eta: 4.6m
step 03335/03814 (87.44%) | loss: 3.495754 | lrm: 0.23 | dt: 561.12ms | tok/sec: 95,808 | bf16_mfu: 0.00 | epoch: 1 pq: 3 rg: 53 | total time: 32.12m | eta: 4.6m
step 03336/03814 (87.47%) | loss: 3.490602 | lrm: 0.23 | dt: 562.61ms | tok/sec: 95,554 | bf16_mfu: 0.00 | epoch: 1 pq: 3 rg: 53 | total time: 32.13m | eta: 4.6m
step 03337/03814 (87.49%) | loss: 3.487420 | lrm: 0.23 | dt: 560.20ms | tok/sec: 95,965 | bf16_mfu: 0.00 | epoch: 1 pq: 3 rg: 53 | total time: 32.14m | eta: 4.6m
step 03338/03814 (87.52%) | loss: 3.486151 | lrm: 0.23 | dt: 562.16ms | tok/sec: 95,631 | bf16_mfu: 0.00 | epoch: 1 pq: 3 rg: 53 | total time: 32.15m | eta: 4.6m
step 03339/03814 (87.55%) | loss: 3.479895 | lrm: 0.23 | dt: 596.16ms | tok/sec: 90,177 | bf16_mfu: 0.00 | epoch: 1 pq: 3 rg: 53 | total time: 32.16m | eta: 4.6m
step 03340/03814 (87.57%) | loss: 3.480334 | lrm: 0.23 | dt: 563.80ms | tok/sec: 95,352 | bf16_mfu: 0.00 | epoch: 1 pq: 3 rg: 53 | total time: 32.17m | eta: 4.6m
step 03341/03814 (87.60%) | loss: 3.468939 | lrm: 0.23 | dt: 558.26ms | tok/sec: 96,299 | bf16_mfu: 0.00 | epoch: 1 pq: 3 rg: 53 | total time: 32.18m | eta: 4.6m
step 03342/03814 (87.62%) | loss: 3.497800 | lrm: 0.23 | dt: 641.63ms | tok/sec: 83,786 | bf16_mfu: 0.00 | epoch: 1 pq: 3 rg: 54 | total time: 32.19m | eta: 4.6m
step 03343/03814 (87.65%) | loss: 3.483653 | lrm: 0.23 | dt: 561.37ms | tok/sec: 95,765 | bf16_mfu: 0.00 | epoch: 1 pq: 3 rg: 54 | total time: 32.20m | eta: 4.6m
step 03344/03814 (87.68%) | loss: 3.477840 | lrm: 0.23 | dt: 562.40ms | tok/sec: 95,590 | bf16_mfu: 0.00 | epoch: 1 pq: 3 rg: 54 | total time: 32.21m | eta: 4.5m
step 03345/03814 (87.70%) | loss: 3.482053 | lrm: 0.23 | dt: 559.61ms | tok/sec: 96,067 | bf16_mfu: 0.00 | epoch: 1 pq: 3 rg: 54 | total time: 32.22m | eta: 4.5m
step 03346/03814 (87.73%) | loss: 3.526792 | lrm: 0.23 | dt: 562.91ms | tok/sec: 95,503 | bf16_mfu: 0.00 | epoch: 1 pq: 3 rg: 54 | total time: 32.23m | eta: 4.5m
step 03347/03814 (87.76%) | loss: 3.548457 | lrm: 0.23 | dt: 559.30ms | tok/sec: 96,119 | bf16_mfu: 0.00 | epoch: 1 pq: 3 rg: 54 | total time: 32.24m | eta: 4.5m
step 03348/03814 (87.78%) | loss: 3.522831 | lrm: 0.23 | dt: 565.21ms | tok/sec: 95,115 | bf16_mfu: 0.00 | epoch: 1 pq: 3 rg: 54 | total time: 32.25m | eta: 4.5m
step 03349/03814 (87.81%) | loss: 3.535512 | lrm: 0.23 | dt: 561.74ms | tok/sec: 95,702 | bf16_mfu: 0.00 | epoch: 1 pq: 3 rg: 54 | total time: 32.26m | eta: 4.5m
step 03350/03814 (87.83%) | loss: 3.529083 | lrm: 0.23 | dt: 558.19ms | tok/sec: 96,311 | bf16_mfu: 0.00 | epoch: 1 pq: 3 rg: 54 | total time: 32.27m | eta: 4.5m
step 03351/03814 (87.86%) | loss: 3.510007 | lrm: 0.23 | dt: 589.70ms | tok/sec: 91,165 | bf16_mfu: 0.00 | epoch: 1 pq: 3 rg: 54 | total time: 32.28m | eta: 4.5m
step 03352/03814 (87.89%) | loss: 3.514194 | lrm: 0.23 | dt: 560.39ms | tok/sec: 95,933 | bf16_mfu: 0.00 | epoch: 1 pq: 3 rg: 54 | total time: 32.28m | eta: 4.5m
step 03353/03814 (87.91%) | loss: 3.519051 | lrm: 0.23 | dt: 657.28ms | tok/sec: 81,791 | bf16_mfu: 0.00 | epoch: 1 pq: 3 rg: 55 | total time: 32.30m | eta: 4.5m
step 03354/03814 (87.94%) | loss: 3.522099 | lrm: 0.23 | dt: 565.12ms | tok/sec: 95,130 | bf16_mfu: 0.00 | epoch: 1 pq: 3 rg: 55 | total time: 32.31m | eta: 4.4m
step 03355/03814 (87.97%) | loss: 3.521846 | lrm: 0.23 | dt: 559.87ms | tok/sec: 96,022 | bf16_mfu: 0.00 | epoch: 1 pq: 3 rg: 55 | total time: 32.31m | eta: 4.4m
step 03356/03814 (87.99%) | loss: 3.530262 | lrm: 0.23 | dt: 566.30ms | tok/sec: 94,931 | bf16_mfu: 0.00 | epoch: 1 pq: 3 rg: 55 | total time: 32.32m | eta: 4.4m
step 03357/03814 (88.02%) | loss: 3.544186 | lrm: 0.23 | dt: 570.88ms | tok/sec: 94,169 | bf16_mfu: 0.00 | epoch: 1 pq: 3 rg: 55 | total time: 32.33m | eta: 4.4m
step 03358/03814 (88.04%) | loss: 3.541535 | lrm: 0.22 | dt: 562.59ms | tok/sec: 95,557 | bf16_mfu: 0.00 | epoch: 1 pq: 3 rg: 55 | total time: 32.34m | eta: 4.4m
step 03359/03814 (88.07%) | loss: 3.535365 | lrm: 0.22 | dt: 562.84ms | tok/sec: 95,515 | bf16_mfu: 0.00 | epoch: 1 pq: 3 rg: 55 | total time: 32.35m | eta: 4.4m
step 03360/03814 (88.10%) | loss: 3.535065 | lrm: 0.22 | dt: 559.25ms | tok/sec: 96,129 | bf16_mfu: 0.00 | epoch: 1 pq: 3 rg: 55 | total time: 32.36m | eta: 4.4m
step 03361/03814 (88.12%) | loss: 3.545849 | lrm: 0.22 | dt: 562.10ms | tok/sec: 95,641 | bf16_mfu: 0.00 | epoch: 1 pq: 3 rg: 55 | total time: 32.37m | eta: 4.4m
step 03362/03814 (88.15%) | loss: 3.539717 | lrm: 0.22 | dt: 564.63ms | tok/sec: 95,212 | bf16_mfu: 0.00 | epoch: 1 pq: 3 rg: 55 | total time: 32.38m | eta: 4.4m
step 03363/03814 (88.18%) | loss: 3.528479 | lrm: 0.22 | dt: 562.89ms | tok/sec: 95,507 | bf16_mfu: 0.00 | epoch: 1 pq: 3 rg: 55 | total time: 32.39m | eta: 4.4m
step 03364/03814 (88.20%) | loss: 3.537328 | lrm: 0.22 | dt: 560.16ms | tok/sec: 95,972 | bf16_mfu: 0.00 | epoch: 1 pq: 3 rg: 56 | total time: 32.40m | eta: 4.3m
step 03365/03814 (88.23%) | loss: 3.539321 | lrm: 0.22 | dt: 812.97ms | tok/sec: 66,127 | bf16_mfu: 0.00 | epoch: 1 pq: 3 rg: 56 | total time: 32.41m | eta: 4.3m
step 03366/03814 (88.25%) | loss: 3.547043 | lrm: 0.22 | dt: 559.47ms | tok/sec: 96,091 | bf16_mfu: 0.00 | epoch: 1 pq: 3 rg: 56 | total time: 32.42m | eta: 4.3m
step 03367/03814 (88.28%) | loss: 3.580009 | lrm: 0.22 | dt: 564.50ms | tok/sec: 95,234 | bf16_mfu: 0.00 | epoch: 1 pq: 3 rg: 56 | total time: 32.43m | eta: 4.3m
step 03368/03814 (88.31%) | loss: 3.582299 | lrm: 0.22 | dt: 564.66ms | tok/sec: 95,207 | bf16_mfu: 0.00 | epoch: 1 pq: 3 rg: 56 | total time: 32.44m | eta: 4.3m
step 03369/03814 (88.33%) | loss: 3.571910 | lrm: 0.22 | dt: 564.35ms | tok/sec: 95,260 | bf16_mfu: 0.00 | epoch: 1 pq: 3 rg: 56 | total time: 32.45m | eta: 4.3m
step 03370/03814 (88.36%) | loss: 3.584460 | lrm: 0.22 | dt: 562.77ms | tok/sec: 95,527 | bf16_mfu: 0.00 | epoch: 1 pq: 3 rg: 56 | total time: 32.46m | eta: 4.3m
step 03371/03814 (88.38%) | loss: 3.585926 | lrm: 0.22 | dt: 559.26ms | tok/sec: 96,126 | bf16_mfu: 0.00 | epoch: 1 pq: 3 rg: 56 | total time: 32.47m | eta: 4.3m
step 03372/03814 (88.41%) | loss: 3.581417 | lrm: 0.22 | dt: 562.26ms | tok/sec: 95,614 | bf16_mfu: 0.00 | epoch: 1 pq: 3 rg: 56 | total time: 32.48m | eta: 4.3m
step 03373/03814 (88.44%) | loss: 3.564186 | lrm: 0.22 | dt: 561.80ms | tok/sec: 95,692 | bf16_mfu: 0.00 | epoch: 1 pq: 3 rg: 56 | total time: 32.49m | eta: 4.3m
step 03374/03814 (88.46%) | loss: 3.549579 | lrm: 0.22 | dt: 577.30ms | tok/sec: 93,122 | bf16_mfu: 0.00 | epoch: 1 pq: 3 rg: 56 | total time: 32.50m | eta: 4.3m
step 03375/03814 (88.49%) | loss: 3.581693 | lrm: 0.22 | dt: 719.86ms | tok/sec: 74,680 | bf16_mfu: 0.00 | epoch: 1 pq: 3 rg: 57 | total time: 32.51m | eta: 4.2m
step 03376/03814 (88.52%) | loss: 3.557028 | lrm: 0.22 | dt: 562.02ms | tok/sec: 95,655 | bf16_mfu: 0.00 | epoch: 1 pq: 3 rg: 57 | total time: 32.52m | eta: 4.2m
step 03377/03814 (88.54%) | loss: 3.552975 | lrm: 0.22 | dt: 561.15ms | tok/sec: 95,802 | bf16_mfu: 0.00 | epoch: 1 pq: 3 rg: 57 | total time: 32.53m | eta: 4.2m
step 03378/03814 (88.57%) | loss: 3.556119 | lrm: 0.22 | dt: 562.72ms | tok/sec: 95,536 | bf16_mfu: 0.00 | epoch: 1 pq: 3 rg: 57 | total time: 32.54m | eta: 4.2m
step 03379/03814 (88.59%) | loss: 3.559500 | lrm: 0.22 | dt: 561.62ms | tok/sec: 95,723 | bf16_mfu: 0.00 | epoch: 1 pq: 3 rg: 57 | total time: 32.55m | eta: 4.2m
step 03380/03814 (88.62%) | loss: 3.557159 | lrm: 0.22 | dt: 558.76ms | tok/sec: 96,213 | bf16_mfu: 0.00 | epoch: 1 pq: 3 rg: 57 | total time: 32.56m | eta: 4.2m
step 03381/03814 (88.65%) | loss: 3.547165 | lrm: 0.22 | dt: 564.22ms | tok/sec: 95,281 | bf16_mfu: 0.00 | epoch: 1 pq: 3 rg: 57 | total time: 32.57m | eta: 4.2m
step 03382/03814 (88.67%) | loss: 3.556809 | lrm: 0.22 | dt: 588.87ms | tok/sec: 91,293 | bf16_mfu: 0.00 | epoch: 1 pq: 3 rg: 57 | total time: 32.58m | eta: 4.2m
step 03383/03814 (88.70%) | loss: 3.556026 | lrm: 0.22 | dt: 559.81ms | tok/sec: 96,033 | bf16_mfu: 0.00 | epoch: 1 pq: 3 rg: 57 | total time: 32.58m | eta: 4.2m
step 03384/03814 (88.73%) | loss: 3.549891 | lrm: 0.21 | dt: 558.60ms | tok/sec: 96,240 | bf16_mfu: 0.00 | epoch: 1 pq: 3 rg: 57 | total time: 32.59m | eta: 4.2m
step 03385/03814 (88.75%) | loss: 3.564018 | lrm: 0.21 | dt: 562.57ms | tok/sec: 95,561 | bf16_mfu: 0.00 | epoch: 1 pq: 3 rg: 57 | total time: 32.60m | eta: 4.1m
step 03386/03814 (88.78%) | loss: 3.555842 | lrm: 0.21 | dt: 590.05ms | tok/sec: 91,111 | bf16_mfu: 0.00 | epoch: 1 pq: 3 rg: 58 | total time: 32.61m | eta: 4.1m
step 03387/03814 (88.80%) | loss: 3.546534 | lrm: 0.21 | dt: 561.98ms | tok/sec: 95,662 | bf16_mfu: 0.00 | epoch: 1 pq: 3 rg: 58 | total time: 32.62m | eta: 4.1m
step 03388/03814 (88.83%) | loss: 3.546284 | lrm: 0.21 | dt: 566.56ms | tok/sec: 94,887 | bf16_mfu: 0.00 | epoch: 1 pq: 3 rg: 58 | total time: 32.63m | eta: 4.1m
step 03389/03814 (88.86%) | loss: 3.549817 | lrm: 0.21 | dt: 565.66ms | tok/sec: 95,039 | bf16_mfu: 0.00 | epoch: 1 pq: 3 rg: 58 | total time: 32.64m | eta: 4.1m
step 03390/03814 (88.88%) | loss: 3.554272 | lrm: 0.21 | dt: 564.72ms | tok/sec: 95,197 | bf16_mfu: 0.00 | epoch: 1 pq: 3 rg: 58 | total time: 32.65m | eta: 4.1m
step 03391/03814 (88.91%) | loss: 3.531122 | lrm: 0.21 | dt: 562.56ms | tok/sec: 95,563 | bf16_mfu: 0.00 | epoch: 1 pq: 3 rg: 58 | total time: 32.66m | eta: 4.1m
step 03392/03814 (88.94%) | loss: 3.523492 | lrm: 0.21 | dt: 559.80ms | tok/sec: 96,034 | bf16_mfu: 0.00 | epoch: 1 pq: 3 rg: 58 | total time: 32.67m | eta: 4.1m
step 03393/03814 (88.96%) | loss: 3.532545 | lrm: 0.21 | dt: 563.81ms | tok/sec: 95,351 | bf16_mfu: 0.00 | epoch: 1 pq: 3 rg: 58 | total time: 32.68m | eta: 4.1m
step 03394/03814 (88.99%) | loss: 3.524879 | lrm: 0.21 | dt: 565.99ms | tok/sec: 94,984 | bf16_mfu: 0.00 | epoch: 1 pq: 3 rg: 58 | total time: 32.69m | eta: 4.1m
step 03395/03814 (89.01%) | loss: 3.513510 | lrm: 0.21 | dt: 566.78ms | tok/sec: 94,851 | bf16_mfu: 0.00 | epoch: 1 pq: 3 rg: 58 | total time: 32.70m | eta: 4.0m
step 03396/03814 (89.04%) | loss: 3.518464 | lrm: 0.21 | dt: 585.19ms | tok/sec: 91,867 | bf16_mfu: 0.00 | epoch: 1 pq: 3 rg: 58 | total time: 32.71m | eta: 4.0m
step 03397/03814 (89.07%) | loss: 3.506391 | lrm: 0.21 | dt: 579.82ms | tok/sec: 92,718 | bf16_mfu: 0.00 | epoch: 1 pq: 3 rg: 59 | total time: 32.72m | eta: 4.0m
step 03398/03814 (89.09%) | loss: 3.498810 | lrm: 0.21 | dt: 558.21ms | tok/sec: 96,307 | bf16_mfu: 0.00 | epoch: 1 pq: 3 rg: 59 | total time: 32.73m | eta: 4.0m
step 03399/03814 (89.12%) | loss: 3.496035 | lrm: 0.21 | dt: 563.87ms | tok/sec: 95,341 | bf16_mfu: 0.00 | epoch: 1 pq: 3 rg: 59 | total time: 32.74m | eta: 4.0m
step 03400/03814 (89.15%) | loss: 3.503582 | lrm: 0.21 | dt: 566.74ms | tok/sec: 94,858 | bf16_mfu: 0.00 | epoch: 1 pq: 3 rg: 59 | total time: 32.75m | eta: 4.0m
step 03401/03814 (89.17%) | loss: 3.485374 | lrm: 0.21 | dt: 586.20ms | tok/sec: 91,708 | bf16_mfu: 0.00 | epoch: 1 pq: 3 rg: 59 | total time: 32.76m | eta: 4.0m
step 03402/03814 (89.20%) | loss: 3.473711 | lrm: 0.21 | dt: 566.13ms | tok/sec: 94,960 | bf16_mfu: 0.00 | epoch: 1 pq: 3 rg: 59 | total time: 32.76m | eta: 4.0m
step 03403/03814 (89.22%) | loss: 3.476123 | lrm: 0.21 | dt: 568.00ms | tok/sec: 94,647 | bf16_mfu: 0.00 | epoch: 1 pq: 3 rg: 59 | total time: 32.77m | eta: 4.0m
step 03404/03814 (89.25%) | loss: 3.484246 | lrm: 0.21 | dt: 600.49ms | tok/sec: 89,527 | bf16_mfu: 0.00 | epoch: 1 pq: 3 rg: 59 | total time: 32.78m | eta: 4.0m
step 03405/03814 (89.28%) | loss: 3.475613 | lrm: 0.21 | dt: 561.75ms | tok/sec: 95,701 | bf16_mfu: 0.00 | epoch: 1 pq: 3 rg: 59 | total time: 32.79m | eta: 4.0m
step 03406/03814 (89.30%) | loss: 3.464238 | lrm: 0.21 | dt: 561.35ms | tok/sec: 95,769 | bf16_mfu: 0.00 | epoch: 1 pq: 3 rg: 59 | total time: 32.80m | eta: 3.9m
step 03407/03814 (89.33%) | loss: 3.475374 | lrm: 0.21 | dt: 564.76ms | tok/sec: 95,190 | bf16_mfu: 0.00 | epoch: 1 pq: 3 rg: 59 | total time: 32.81m | eta: 3.9m
step 03408/03814 (89.36%) | loss: 3.459756 | lrm: 0.21 | dt: 571.54ms | tok/sec: 94,062 | bf16_mfu: 0.00 | epoch: 1 pq: 3 rg: 60 | total time: 32.82m | eta: 3.9m
step 03409/03814 (89.38%) | loss: 3.461928 | lrm: 0.21 | dt: 562.69ms | tok/sec: 95,541 | bf16_mfu: 0.00 | epoch: 1 pq: 3 rg: 60 | total time: 32.83m | eta: 3.9m
step 03410/03814 (89.41%) | loss: 3.483420 | lrm: 0.20 | dt: 563.67ms | tok/sec: 95,375 | bf16_mfu: 0.00 | epoch: 1 pq: 3 rg: 60 | total time: 32.84m | eta: 3.9m
step 03411/03814 (89.43%) | loss: 3.495021 | lrm: 0.20 | dt: 562.40ms | tok/sec: 95,589 | bf16_mfu: 0.00 | epoch: 1 pq: 3 rg: 60 | total time: 32.85m | eta: 3.9m
step 03412/03814 (89.46%) | loss: 3.484482 | lrm: 0.20 | dt: 577.16ms | tok/sec: 93,145 | bf16_mfu: 0.00 | epoch: 1 pq: 3 rg: 60 | total time: 32.86m | eta: 3.9m
step 03413/03814 (89.49%) | loss: 3.492682 | lrm: 0.20 | dt: 561.87ms | tok/sec: 95,679 | bf16_mfu: 0.00 | epoch: 1 pq: 3 rg: 60 | total time: 32.87m | eta: 3.9m
step 03414/03814 (89.51%) | loss: 3.501610 | lrm: 0.20 | dt: 565.22ms | tok/sec: 95,113 | bf16_mfu: 0.00 | epoch: 1 pq: 3 rg: 60 | total time: 32.88m | eta: 3.9m
step 03415/03814 (89.54%) | loss: 3.493988 | lrm: 0.20 | dt: 565.13ms | tok/sec: 95,128 | bf16_mfu: 0.00 | epoch: 1 pq: 3 rg: 60 | total time: 32.89m | eta: 3.9m
step 03416/03814 (89.56%) | loss: 3.490685 | lrm: 0.20 | dt: 567.27ms | tok/sec: 94,770 | bf16_mfu: 0.00 | epoch: 1 pq: 3 rg: 60 | total time: 32.90m | eta: 3.8m
step 03417/03814 (89.59%) | loss: 3.485934 | lrm: 0.20 | dt: 566.48ms | tok/sec: 94,901 | bf16_mfu: 0.00 | epoch: 1 pq: 3 rg: 60 | total time: 32.91m | eta: 3.8m
step 03418/03814 (89.62%) | loss: 3.476427 | lrm: 0.20 | dt: 567.20ms | tok/sec: 94,780 | bf16_mfu: 0.00 | epoch: 1 pq: 3 rg: 60 | total time: 32.92m | eta: 3.8m
step 03419/03814 (89.64%) | loss: 3.485483 | lrm: 0.20 | dt: 564.49ms | tok/sec: 95,236 | bf16_mfu: 0.00 | epoch: 1 pq: 3 rg: 61 | total time: 32.93m | eta: 3.8m
step 03420/03814 (89.67%) | loss: 3.492461 | lrm: 0.20 | dt: 567.35ms | tok/sec: 94,756 | bf16_mfu: 0.00 | epoch: 1 pq: 3 rg: 61 | total time: 32.93m | eta: 3.8m
step 03421/03814 (89.70%) | loss: 3.494421 | lrm: 0.20 | dt: 565.43ms | tok/sec: 95,078 | bf16_mfu: 0.00 | epoch: 1 pq: 3 rg: 61 | total time: 32.94m | eta: 3.8m
step 03422/03814 (89.72%) | loss: 3.501548 | lrm: 0.20 | dt: 564.93ms | tok/sec: 95,162 | bf16_mfu: 0.00 | epoch: 1 pq: 3 rg: 61 | total time: 32.95m | eta: 3.8m
step 03423/03814 (89.75%) | loss: 3.502486 | lrm: 0.20 | dt: 575.86ms | tok/sec: 93,355 | bf16_mfu: 0.00 | epoch: 1 pq: 3 rg: 61 | total time: 32.96m | eta: 3.8m
step 03424/03814 (89.77%) | loss: 3.507596 | lrm: 0.20 | dt: 560.21ms | tok/sec: 95,964 | bf16_mfu: 0.00 | epoch: 1 pq: 3 rg: 61 | total time: 32.97m | eta: 3.8m
step 03425/03814 (89.80%) | loss: 3.525380 | lrm: 0.20 | dt: 565.93ms | tok/sec: 94,994 | bf16_mfu: 0.00 | epoch: 1 pq: 3 rg: 61 | total time: 32.98m | eta: 3.8m
step 03426/03814 (89.83%) | loss: 3.536664 | lrm: 0.20 | dt: 564.47ms | tok/sec: 95,239 | bf16_mfu: 0.00 | epoch: 1 pq: 3 rg: 61 | total time: 32.99m | eta: 3.7m
step 03427/03814 (89.85%) | loss: 3.538438 | lrm: 0.20 | dt: 566.34ms | tok/sec: 94,925 | bf16_mfu: 0.00 | epoch: 1 pq: 3 rg: 61 | total time: 33.00m | eta: 3.7m
step 03428/03814 (89.88%) | loss: 3.521200 | lrm: 0.20 | dt: 565.46ms | tok/sec: 95,072 | bf16_mfu: 0.00 | epoch: 1 pq: 3 rg: 61 | total time: 33.01m | eta: 3.7m
step 03429/03814 (89.91%) | loss: 3.533579 | lrm: 0.20 | dt: 567.59ms | tok/sec: 94,716 | bf16_mfu: 0.00 | epoch: 1 pq: 3 rg: 61 | total time: 33.02m | eta: 3.7m
step 03430/03814 (89.93%) | loss: 3.507932 | lrm: 0.20 | dt: 580.89ms | tok/sec: 92,547 | bf16_mfu: 0.00 | epoch: 1 pq: 3 rg: 62 | total time: 33.03m | eta: 3.7m
step 03431/03814 (89.96%) | loss: 3.488797 | lrm: 0.20 | dt: 561.22ms | tok/sec: 95,792 | bf16_mfu: 0.00 | epoch: 1 pq: 3 rg: 62 | total time: 33.04m | eta: 3.7m
step 03432/03814 (89.98%) | loss: 3.477470 | lrm: 0.20 | dt: 559.18ms | tok/sec: 96,141 | bf16_mfu: 0.00 | epoch: 1 pq: 3 rg: 62 | total time: 33.05m | eta: 3.7m
step 03433/03814 (90.01%) | loss: 3.497343 | lrm: 0.20 | dt: 564.85ms | tok/sec: 95,176 | bf16_mfu: 0.00 | epoch: 1 pq: 3 rg: 62 | total time: 33.06m | eta: 3.7m
step 03434/03814 (90.04%) | loss: 3.478667 | lrm: 0.20 | dt: 564.72ms | tok/sec: 95,197 | bf16_mfu: 0.00 | epoch: 1 pq: 3 rg: 62 | total time: 33.07m | eta: 3.7m
step 03435/03814 (90.06%) | loss: 3.468230 | lrm: 0.20 | dt: 571.24ms | tok/sec: 94,110 | bf16_mfu: 0.00 | epoch: 1 pq: 3 rg: 62 | total time: 33.08m | eta: 3.7m
step 03436/03814 (90.09%) | loss: 3.464246 | lrm: 0.19 | dt: 563.03ms | tok/sec: 95,483 | bf16_mfu: 0.00 | epoch: 1 pq: 3 rg: 62 | total time: 33.09m | eta: 3.7m
step 03437/03814 (90.12%) | loss: 3.481289 | lrm: 0.19 | dt: 566.06ms | tok/sec: 94,972 | bf16_mfu: 0.00 | epoch: 1 pq: 3 rg: 62 | total time: 33.10m | eta: 3.6m
step 03438/03814 (90.14%) | loss: 3.483359 | lrm: 0.19 | dt: 563.37ms | tok/sec: 95,426 | bf16_mfu: 0.00 | epoch: 1 pq: 3 rg: 62 | total time: 33.10m | eta: 3.6m
step 03439/03814 (90.17%) | loss: 3.507072 | lrm: 0.19 | dt: 584.31ms | tok/sec: 92,006 | bf16_mfu: 0.00 | epoch: 1 pq: 3 rg: 62 | total time: 33.11m | eta: 3.6m
step 03440/03814 (90.19%) | loss: 3.515150 | lrm: 0.19 | dt: 565.40ms | tok/sec: 95,082 | bf16_mfu: 0.00 | epoch: 1 pq: 3 rg: 62 | total time: 33.12m | eta: 3.6m
step 03441/03814 (90.22%) | loss: 3.520532 | lrm: 0.19 | dt: 584.27ms | tok/sec: 92,012 | bf16_mfu: 0.00 | epoch: 1 pq: 3 rg: 63 | total time: 33.13m | eta: 3.6m
step 03442/03814 (90.25%) | loss: 3.517789 | lrm: 0.19 | dt: 559.41ms | tok/sec: 96,100 | bf16_mfu: 0.00 | epoch: 1 pq: 3 rg: 63 | total time: 33.14m | eta: 3.6m
step 03443/03814 (90.27%) | loss: 3.539533 | lrm: 0.19 | dt: 561.70ms | tok/sec: 95,709 | bf16_mfu: 0.00 | epoch: 1 pq: 3 rg: 63 | total time: 33.15m | eta: 3.6m
step 03444/03814 (90.30%) | loss: 3.530696 | lrm: 0.19 | dt: 621.12ms | tok/sec: 86,553 | bf16_mfu: 0.00 | epoch: 1 pq: 3 rg: 63 | total time: 33.16m | eta: 3.6m
step 03445/03814 (90.33%) | loss: 3.513442 | lrm: 0.19 | dt: 570.02ms | tok/sec: 94,311 | bf16_mfu: 0.00 | epoch: 1 pq: 3 rg: 63 | total time: 33.17m | eta: 3.6m
step 03446/03814 (90.35%) | loss: 3.509119 | lrm: 0.19 | dt: 652.33ms | tok/sec: 82,412 | bf16_mfu: 0.00 | epoch: 1 pq: 3 rg: 63 | total time: 33.18m | eta: 3.6m
step 03447/03814 (90.38%) | loss: 3.500720 | lrm: 0.19 | dt: 565.01ms | tok/sec: 95,148 | bf16_mfu: 0.00 | epoch: 1 pq: 3 rg: 63 | total time: 33.19m | eta: 3.5m
step 03448/03814 (90.40%) | loss: 3.483582 | lrm: 0.19 | dt: 622.52ms | tok/sec: 86,359 | bf16_mfu: 0.00 | epoch: 1 pq: 3 rg: 63 | total time: 33.20m | eta: 3.5m
step 03449/03814 (90.43%) | loss: 3.492065 | lrm: 0.19 | dt: 570.10ms | tok/sec: 94,299 | bf16_mfu: 0.00 | epoch: 1 pq: 3 rg: 63 | total time: 33.21m | eta: 3.5m
step 03450/03814 (90.46%) | loss: 3.511562 | lrm: 0.19 | dt: 596.19ms | tok/sec: 90,172 | bf16_mfu: 0.00 | epoch: 1 pq: 3 rg: 63 | total time: 33.22m | eta: 3.5m
step 03451/03814 (90.48%) | loss: 3.534183 | lrm: 0.19 | dt: 648.83ms | tok/sec: 82,856 | bf16_mfu: 0.00 | epoch: 1 pq: 3 rg: 63 | total time: 33.23m | eta: 3.5m
step 03452/03814 (90.51%) | loss: 3.523983 | lrm: 0.19 | dt: 560.78ms | tok/sec: 95,866 | bf16_mfu: 0.00 | epoch: 1 pq: 3 rg: 63 | total time: 33.24m | eta: 3.5m
step 03453/03814 (90.53%) | loss: 3.519114 | lrm: 0.19 | dt: 590.73ms | tok/sec: 91,006 | bf16_mfu: 0.00 | epoch: 1 pq: 3 rg: 64 | total time: 33.25m | eta: 3.5m
step 03454/03814 (90.56%) | loss: 3.523295 | lrm: 0.19 | dt: 574.78ms | tok/sec: 93,531 | bf16_mfu: 0.00 | epoch: 1 pq: 3 rg: 64 | total time: 33.26m | eta: 3.5m
step 03455/03814 (90.59%) | loss: 3.534174 | lrm: 0.19 | dt: 578.43ms | tok/sec: 92,940 | bf16_mfu: 0.00 | epoch: 1 pq: 3 rg: 64 | total time: 33.27m | eta: 3.5m
step 03456/03814 (90.61%) | loss: 3.532083 | lrm: 0.19 | dt: 558.86ms | tok/sec: 96,196 | bf16_mfu: 0.00 | epoch: 1 pq: 3 rg: 64 | total time: 33.28m | eta: 3.5m
step 03457/03814 (90.64%) | loss: 3.540620 | lrm: 0.19 | dt: 584.55ms | tok/sec: 91,968 | bf16_mfu: 0.00 | epoch: 1 pq: 3 rg: 64 | total time: 33.29m | eta: 3.4m
step 03458/03814 (90.67%) | loss: 3.545132 | lrm: 0.19 | dt: 618.46ms | tok/sec: 86,925 | bf16_mfu: 0.00 | epoch: 1 pq: 3 rg: 64 | total time: 33.30m | eta: 3.4m
step 03459/03814 (90.69%) | loss: 3.514199 | lrm: 0.19 | dt: 559.02ms | tok/sec: 96,167 | bf16_mfu: 0.00 | epoch: 1 pq: 3 rg: 64 | total time: 33.31m | eta: 3.4m
step 03460/03814 (90.72%) | loss: 3.509706 | lrm: 0.19 | dt: 565.17ms | tok/sec: 95,121 | bf16_mfu: 0.00 | epoch: 1 pq: 3 rg: 64 | total time: 33.32m | eta: 3.4m
step 03461/03814 (90.74%) | loss: 3.506076 | lrm: 0.19 | dt: 636.69ms | tok/sec: 84,436 | bf16_mfu: 0.00 | epoch: 1 pq: 3 rg: 64 | total time: 33.33m | eta: 3.4m
step 03462/03814 (90.77%) | loss: 3.488950 | lrm: 0.18 | dt: 580.34ms | tok/sec: 92,634 | bf16_mfu: 0.00 | epoch: 1 pq: 3 rg: 64 | total time: 33.34m | eta: 3.4m
step 03463/03814 (90.80%) | loss: 3.474972 | lrm: 0.18 | dt: 563.18ms | tok/sec: 95,457 | bf16_mfu: 0.00 | epoch: 1 pq: 3 rg: 64 | total time: 33.35m | eta: 3.4m
step 03464/03814 (90.82%) | loss: 3.475151 | lrm: 0.18 | dt: 566.11ms | tok/sec: 94,964 | bf16_mfu: 0.00 | epoch: 1 pq: 3 rg: 65 | total time: 33.36m | eta: 3.4m
step 03465/03814 (90.85%) | loss: 3.484526 | lrm: 0.18 | dt: 562.43ms | tok/sec: 95,586 | bf16_mfu: 0.00 | epoch: 1 pq: 3 rg: 65 | total time: 33.37m | eta: 3.4m
step 03466/03814 (90.88%) | loss: 3.482456 | lrm: 0.18 | dt: 562.98ms | tok/sec: 95,492 | bf16_mfu: 0.00 | epoch: 1 pq: 3 rg: 65 | total time: 33.38m | eta: 3.4m
step 03467/03814 (90.90%) | loss: 3.471635 | lrm: 0.18 | dt: 564.52ms | tok/sec: 95,231 | bf16_mfu: 0.00 | epoch: 1 pq: 3 rg: 65 | total time: 33.39m | eta: 3.4m
step 03468/03814 (90.93%) | loss: 3.475354 | lrm: 0.18 | dt: 590.01ms | tok/sec: 91,117 | bf16_mfu: 0.00 | epoch: 1 pq: 3 rg: 65 | total time: 33.40m | eta: 3.3m
step 03469/03814 (90.95%) | loss: 3.480475 | lrm: 0.18 | dt: 558.07ms | tok/sec: 96,331 | bf16_mfu: 0.00 | epoch: 1 pq: 3 rg: 65 | total time: 33.41m | eta: 3.3m
step 03470/03814 (90.98%) | loss: 3.482165 | lrm: 0.18 | dt: 565.12ms | tok/sec: 95,130 | bf16_mfu: 0.00 | epoch: 1 pq: 3 rg: 65 | total time: 33.42m | eta: 3.3m
step 03471/03814 (91.01%) | loss: 3.489273 | lrm: 0.18 | dt: 565.41ms | tok/sec: 95,081 | bf16_mfu: 0.00 | epoch: 1 pq: 3 rg: 65 | total time: 33.42m | eta: 3.3m
step 03472/03814 (91.03%) | loss: 3.460859 | lrm: 0.18 | dt: 577.37ms | tok/sec: 93,111 | bf16_mfu: 0.00 | epoch: 1 pq: 3 rg: 65 | total time: 33.43m | eta: 3.3m
step 03473/03814 (91.06%) | loss: 3.455965 | lrm: 0.18 | dt: 562.05ms | tok/sec: 95,649 | bf16_mfu: 0.00 | epoch: 1 pq: 3 rg: 65 | total time: 33.44m | eta: 3.3m
step 03474/03814 (91.09%) | loss: 3.461993 | lrm: 0.18 | dt: 624.74ms | tok/sec: 86,051 | bf16_mfu: 0.00 | epoch: 1 pq: 3 rg: 65 | total time: 33.45m | eta: 3.3m
step 03475/03814 (91.11%) | loss: 3.470274 | lrm: 0.18 | dt: 606.73ms | tok/sec: 88,606 | bf16_mfu: 0.00 | epoch: 1 pq: 3 rg: 66 | total time: 33.46m | eta: 3.3m
step 03476/03814 (91.14%) | loss: 3.466038 | lrm: 0.18 | dt: 567.24ms | tok/sec: 94,774 | bf16_mfu: 0.00 | epoch: 1 pq: 3 rg: 66 | total time: 33.47m | eta: 3.3m
step 03477/03814 (91.16%) | loss: 3.469209 | lrm: 0.18 | dt: 564.84ms | tok/sec: 95,176 | bf16_mfu: 0.00 | epoch: 1 pq: 3 rg: 66 | total time: 33.48m | eta: 3.3m
step 03478/03814 (91.19%) | loss: 3.502221 | lrm: 0.18 | dt: 561.37ms | tok/sec: 95,766 | bf16_mfu: 0.00 | epoch: 1 pq: 3 rg: 66 | total time: 33.49m | eta: 3.2m
step 03479/03814 (91.22%) | loss: 3.504174 | lrm: 0.18 | dt: 559.79ms | tok/sec: 96,036 | bf16_mfu: 0.00 | epoch: 1 pq: 3 rg: 66 | total time: 33.50m | eta: 3.2m
step 03480/03814 (91.24%) | loss: 3.492433 | lrm: 0.18 | dt: 563.39ms | tok/sec: 95,422 | bf16_mfu: 0.00 | epoch: 1 pq: 3 rg: 66 | total time: 33.51m | eta: 3.2m
step 03481/03814 (91.27%) | loss: 3.498637 | lrm: 0.18 | dt: 564.75ms | tok/sec: 95,193 | bf16_mfu: 0.00 | epoch: 1 pq: 3 rg: 66 | total time: 33.52m | eta: 3.2m
step 03482/03814 (91.30%) | loss: 3.515973 | lrm: 0.18 | dt: 558.38ms | tok/sec: 96,278 | bf16_mfu: 0.00 | epoch: 1 pq: 3 rg: 66 | total time: 33.53m | eta: 3.2m
step 03483/03814 (91.32%) | loss: 3.517111 | lrm: 0.18 | dt: 561.80ms | tok/sec: 95,691 | bf16_mfu: 0.00 | epoch: 1 pq: 3 rg: 66 | total time: 33.54m | eta: 3.2m
step 03484/03814 (91.35%) | loss: 3.508013 | lrm: 0.18 | dt: 565.22ms | tok/sec: 95,112 | bf16_mfu: 0.00 | epoch: 1 pq: 3 rg: 66 | total time: 33.55m | eta: 3.2m
step 03485/03814 (91.37%) | loss: 3.500913 | lrm: 0.18 | dt: 565.10ms | tok/sec: 95,133 | bf16_mfu: 0.00 | epoch: 1 pq: 3 rg: 66 | total time: 33.56m | eta: 3.2m
step 03486/03814 (91.40%) | loss: 3.502034 | lrm: 0.18 | dt: 560.15ms | tok/sec: 95,974 | bf16_mfu: 0.00 | epoch: 1 pq: 3 rg: 67 | total time: 33.57m | eta: 3.2m
step 03487/03814 (91.43%) | loss: 3.499538 | lrm: 0.18 | dt: 560.01ms | tok/sec: 95,999 | bf16_mfu: 0.00 | epoch: 1 pq: 3 rg: 67 | total time: 33.58m | eta: 3.2m
step 03488/03814 (91.45%) | loss: 3.491795 | lrm: 0.17 | dt: 562.18ms | tok/sec: 95,627 | bf16_mfu: 0.00 | epoch: 1 pq: 3 rg: 67 | total time: 33.59m | eta: 3.1m
step 03489/03814 (91.48%) | loss: 3.509481 | lrm: 0.17 | dt: 564.92ms | tok/sec: 95,163 | bf16_mfu: 0.00 | epoch: 1 pq: 3 rg: 67 | total time: 33.60m | eta: 3.1m
step 03490/03814 (91.50%) | loss: 3.506692 | lrm: 0.17 | dt: 594.59ms | tok/sec: 90,415 | bf16_mfu: 0.00 | epoch: 1 pq: 3 rg: 67 | total time: 33.61m | eta: 3.1m
step 03491/03814 (91.53%) | loss: 3.502670 | lrm: 0.17 | dt: 565.22ms | tok/sec: 95,112 | bf16_mfu: 0.00 | epoch: 1 pq: 3 rg: 67 | total time: 33.61m | eta: 3.1m
step 03492/03814 (91.56%) | loss: 3.518298 | lrm: 0.17 | dt: 566.47ms | tok/sec: 94,903 | bf16_mfu: 0.00 | epoch: 1 pq: 3 rg: 67 | total time: 33.62m | eta: 3.1m
step 03493/03814 (91.58%) | loss: 3.514144 | lrm: 0.17 | dt: 560.64ms | tok/sec: 95,890 | bf16_mfu: 0.00 | epoch: 1 pq: 3 rg: 67 | total time: 33.63m | eta: 3.1m
step 03494/03814 (91.61%) | loss: 3.495091 | lrm: 0.17 | dt: 559.30ms | tok/sec: 96,120 | bf16_mfu: 0.00 | epoch: 1 pq: 3 rg: 67 | total time: 33.64m | eta: 3.1m
step 03495/03814 (91.64%) | loss: 3.487715 | lrm: 0.17 | dt: 564.51ms | tok/sec: 95,232 | bf16_mfu: 0.00 | epoch: 1 pq: 3 rg: 67 | total time: 33.65m | eta: 3.1m
step 03496/03814 (91.66%) | loss: 3.502703 | lrm: 0.17 | dt: 561.63ms | tok/sec: 95,720 | bf16_mfu: 0.00 | epoch: 1 pq: 3 rg: 67 | total time: 33.66m | eta: 3.1m
step 03497/03814 (91.69%) | loss: 3.495664 | lrm: 0.17 | dt: 573.05ms | tok/sec: 93,813 | bf16_mfu: 0.00 | epoch: 1 pq: 3 rg: 68 | total time: 33.67m | eta: 3.1m
step 03498/03814 (91.71%) | loss: 3.482981 | lrm: 0.17 | dt: 563.12ms | tok/sec: 95,467 | bf16_mfu: 0.00 | epoch: 1 pq: 3 rg: 68 | total time: 33.68m | eta: 3.1m
step 03499/03814 (91.74%) | loss: 3.494578 | lrm: 0.17 | dt: 588.26ms | tok/sec: 91,387 | bf16_mfu: 0.00 | epoch: 1 pq: 3 rg: 68 | total time: 33.69m | eta: 3.0m
Step 03500 | Validation bpb: 0.785749
step 03500/03814 (91.77%) | loss: 3.488022 | lrm: 0.17 | dt: 556.07ms | tok/sec: 96,677 | bf16_mfu: 0.00 | epoch: 1 pq: 3 rg: 68 | total time: 33.70m | eta: 3.0m
step 03501/03814 (91.79%) | loss: 3.487528 | lrm: 0.17 | dt: 562.53ms | tok/sec: 95,568 | bf16_mfu: 0.00 | epoch: 1 pq: 3 rg: 68 | total time: 33.71m | eta: 3.0m
step 03502/03814 (91.82%) | loss: 3.491077 | lrm: 0.17 | dt: 687.15ms | tok/sec: 78,236 | bf16_mfu: 0.00 | epoch: 1 pq: 3 rg: 68 | total time: 33.72m | eta: 3.0m
step 03503/03814 (91.85%) | loss: 3.493292 | lrm: 0.17 | dt: 650.08ms | tok/sec: 82,697 | bf16_mfu: 0.00 | epoch: 1 pq: 3 rg: 68 | total time: 33.73m | eta: 3.0m
step 03504/03814 (91.87%) | loss: 3.496152 | lrm: 0.17 | dt: 583.93ms | tok/sec: 92,066 | bf16_mfu: 0.00 | epoch: 1 pq: 3 rg: 68 | total time: 33.74m | eta: 3.0m
step 03505/03814 (91.90%) | loss: 3.473443 | lrm: 0.17 | dt: 558.31ms | tok/sec: 96,289 | bf16_mfu: 0.00 | epoch: 1 pq: 3 rg: 68 | total time: 33.75m | eta: 3.0m
step 03506/03814 (91.92%) | loss: 3.476854 | lrm: 0.17 | dt: 560.33ms | tok/sec: 95,944 | bf16_mfu: 0.00 | epoch: 1 pq: 3 rg: 68 | total time: 33.76m | eta: 3.0m
step 03507/03814 (91.95%) | loss: 3.472371 | lrm: 0.17 | dt: 564.09ms | tok/sec: 95,303 | bf16_mfu: 0.00 | epoch: 1 pq: 3 rg: 68 | total time: 33.77m | eta: 3.0m
step 03508/03814 (91.98%) | loss: 3.464516 | lrm: 0.17 | dt: 563.39ms | tok/sec: 95,422 | bf16_mfu: 0.00 | epoch: 1 pq: 3 rg: 68 | total time: 33.78m | eta: 3.0m
step 03509/03814 (92.00%) | loss: 3.479657 | lrm: 0.17 | dt: 888.09ms | tok/sec: 60,534 | bf16_mfu: 0.00 | epoch: 1 pq: 3 rg: 69 | total time: 33.79m | eta: 2.9m
step 03510/03814 (92.03%) | loss: 3.494148 | lrm: 0.17 | dt: 563.87ms | tok/sec: 95,340 | bf16_mfu: 0.00 | epoch: 1 pq: 3 rg: 69 | total time: 33.80m | eta: 2.9m
step 03511/03814 (92.06%) | loss: 3.473766 | lrm: 0.17 | dt: 563.33ms | tok/sec: 95,433 | bf16_mfu: 0.00 | epoch: 1 pq: 3 rg: 69 | total time: 33.81m | eta: 2.9m
step 03512/03814 (92.08%) | loss: 3.456628 | lrm: 0.17 | dt: 559.78ms | tok/sec: 96,037 | bf16_mfu: 0.00 | epoch: 1 pq: 3 rg: 69 | total time: 33.82m | eta: 2.9m
step 03513/03814 (92.11%) | loss: 3.455417 | lrm: 0.17 | dt: 593.97ms | tok/sec: 90,509 | bf16_mfu: 0.00 | epoch: 1 pq: 3 rg: 69 | total time: 33.83m | eta: 2.9m
step 03514/03814 (92.13%) | loss: 3.451961 | lrm: 0.16 | dt: 563.47ms | tok/sec: 95,408 | bf16_mfu: 0.00 | epoch: 1 pq: 3 rg: 69 | total time: 33.84m | eta: 2.9m
step 03515/03814 (92.16%) | loss: 3.442890 | lrm: 0.16 | dt: 561.15ms | tok/sec: 95,802 | bf16_mfu: 0.00 | epoch: 1 pq: 3 rg: 69 | total time: 33.85m | eta: 2.9m
step 03516/03814 (92.19%) | loss: 3.461075 | lrm: 0.16 | dt: 566.37ms | tok/sec: 94,920 | bf16_mfu: 0.00 | epoch: 1 pq: 3 rg: 69 | total time: 33.86m | eta: 2.9m
step 03517/03814 (92.21%) | loss: 3.475184 | lrm: 0.16 | dt: 575.88ms | tok/sec: 93,352 | bf16_mfu: 0.00 | epoch: 1 pq: 3 rg: 69 | total time: 33.87m | eta: 2.9m
step 03518/03814 (92.24%) | loss: 3.463710 | lrm: 0.16 | dt: 565.96ms | tok/sec: 94,988 | bf16_mfu: 0.00 | epoch: 1 pq: 3 rg: 69 | total time: 33.88m | eta: 2.9m
step 03519/03814 (92.27%) | loss: 3.456535 | lrm: 0.16 | dt: 565.45ms | tok/sec: 95,075 | bf16_mfu: 0.00 | epoch: 1 pq: 3 rg: 69 | total time: 33.89m | eta: 2.8m
step 03520/03814 (92.29%) | loss: 3.451911 | lrm: 0.16 | dt: 654.29ms | tok/sec: 82,164 | bf16_mfu: 0.00 | epoch: 1 pq: 3 rg: 70 | total time: 33.90m | eta: 2.8m
step 03521/03814 (92.32%) | loss: 3.436969 | lrm: 0.16 | dt: 576.19ms | tok/sec: 93,303 | bf16_mfu: 0.00 | epoch: 1 pq: 3 rg: 70 | total time: 33.91m | eta: 2.8m
step 03522/03814 (92.34%) | loss: 3.440775 | lrm: 0.16 | dt: 567.68ms | tok/sec: 94,700 | bf16_mfu: 0.00 | epoch: 1 pq: 3 rg: 70 | total time: 33.92m | eta: 2.8m
step 03523/03814 (92.37%) | loss: 3.423943 | lrm: 0.16 | dt: 568.99ms | tok/sec: 94,483 | bf16_mfu: 0.00 | epoch: 1 pq: 3 rg: 70 | total time: 33.93m | eta: 2.8m
step 03524/03814 (92.40%) | loss: 3.434869 | lrm: 0.16 | dt: 569.01ms | tok/sec: 94,479 | bf16_mfu: 0.00 | epoch: 1 pq: 3 rg: 70 | total time: 33.94m | eta: 2.8m
step 03525/03814 (92.42%) | loss: 3.437749 | lrm: 0.16 | dt: 579.96ms | tok/sec: 92,695 | bf16_mfu: 0.00 | epoch: 1 pq: 3 rg: 70 | total time: 33.95m | eta: 2.8m
step 03526/03814 (92.45%) | loss: 3.442694 | lrm: 0.16 | dt: 569.65ms | tok/sec: 94,374 | bf16_mfu: 0.00 | epoch: 1 pq: 3 rg: 70 | total time: 33.96m | eta: 2.8m
step 03527/03814 (92.48%) | loss: 3.432564 | lrm: 0.16 | dt: 665.81ms | tok/sec: 80,743 | bf16_mfu: 0.00 | epoch: 1 pq: 3 rg: 70 | total time: 33.97m | eta: 2.8m
step 03528/03814 (92.50%) | loss: 3.426308 | lrm: 0.16 | dt: 1015.52ms | tok/sec: 52,938 | bf16_mfu: 0.00 | epoch: 1 pq: 3 rg: 70 | total time: 33.98m | eta: 2.8m
step 03529/03814 (92.53%) | loss: 3.411858 | lrm: 0.16 | dt: 586.05ms | tok/sec: 91,733 | bf16_mfu: 0.00 | epoch: 1 pq: 3 rg: 70 | total time: 33.99m | eta: 2.8m
step 03530/03814 (92.55%) | loss: 3.417035 | lrm: 0.16 | dt: 579.07ms | tok/sec: 92,838 | bf16_mfu: 0.00 | epoch: 1 pq: 3 rg: 70 | total time: 34.00m | eta: 2.7m
step 03531/03814 (92.58%) | loss: 3.422853 | lrm: 0.16 | dt: 625.19ms | tok/sec: 85,989 | bf16_mfu: 0.00 | epoch: 1 pq: 3 rg: 71 | total time: 34.01m | eta: 2.7m
step 03532/03814 (92.61%) | loss: 3.407101 | lrm: 0.16 | dt: 634.66ms | tok/sec: 84,707 | bf16_mfu: 0.00 | epoch: 1 pq: 3 rg: 71 | total time: 34.02m | eta: 2.7m
step 03533/03814 (92.63%) | loss: 3.403727 | lrm: 0.16 | dt: 581.37ms | tok/sec: 92,471 | bf16_mfu: 0.00 | epoch: 1 pq: 3 rg: 71 | total time: 34.03m | eta: 2.7m
step 03534/03814 (92.66%) | loss: 3.412851 | lrm: 0.16 | dt: 649.88ms | tok/sec: 82,723 | bf16_mfu: 0.00 | epoch: 1 pq: 3 rg: 71 | total time: 34.05m | eta: 2.7m
step 03535/03814 (92.68%) | loss: 3.398773 | lrm: 0.16 | dt: 579.73ms | tok/sec: 92,732 | bf16_mfu: 0.00 | epoch: 1 pq: 3 rg: 71 | total time: 34.05m | eta: 2.7m
step 03536/03814 (92.71%) | loss: 3.393677 | lrm: 0.16 | dt: 580.61ms | tok/sec: 92,591 | bf16_mfu: 0.00 | epoch: 1 pq: 3 rg: 71 | total time: 34.06m | eta: 2.7m
step 03537/03814 (92.74%) | loss: 3.402792 | lrm: 0.16 | dt: 578.48ms | tok/sec: 92,932 | bf16_mfu: 0.00 | epoch: 1 pq: 3 rg: 71 | total time: 34.07m | eta: 2.7m
step 03538/03814 (92.76%) | loss: 3.408638 | lrm: 0.16 | dt: 580.07ms | tok/sec: 92,678 | bf16_mfu: 0.00 | epoch: 1 pq: 3 rg: 71 | total time: 34.08m | eta: 2.7m
step 03539/03814 (92.79%) | loss: 3.420299 | lrm: 0.16 | dt: 573.29ms | tok/sec: 93,774 | bf16_mfu: 0.00 | epoch: 1 pq: 3 rg: 71 | total time: 34.09m | eta: 2.7m
step 03540/03814 (92.82%) | loss: 3.416609 | lrm: 0.16 | dt: 574.50ms | tok/sec: 93,577 | bf16_mfu: 0.00 | epoch: 1 pq: 3 rg: 71 | total time: 34.10m | eta: 2.6m
step 03541/03814 (92.84%) | loss: 3.420172 | lrm: 0.15 | dt: 577.24ms | tok/sec: 93,132 | bf16_mfu: 0.00 | epoch: 1 pq: 3 rg: 71 | total time: 34.11m | eta: 2.6m
step 03542/03814 (92.87%) | loss: 3.415252 | lrm: 0.15 | dt: 637.19ms | tok/sec: 84,370 | bf16_mfu: 0.00 | epoch: 1 pq: 3 rg: 72 | total time: 34.12m | eta: 2.6m
step 03543/03814 (92.89%) | loss: 3.407366 | lrm: 0.15 | dt: 623.59ms | tok/sec: 86,210 | bf16_mfu: 0.00 | epoch: 1 pq: 3 rg: 72 | total time: 34.13m | eta: 2.6m
step 03544/03814 (92.92%) | loss: 3.400364 | lrm: 0.15 | dt: 580.44ms | tok/sec: 92,619 | bf16_mfu: 0.00 | epoch: 1 pq: 3 rg: 72 | total time: 34.14m | eta: 2.6m
step 03545/03814 (92.95%) | loss: 3.388989 | lrm: 0.15 | dt: 628.43ms | tok/sec: 85,546 | bf16_mfu: 0.00 | epoch: 1 pq: 3 rg: 72 | total time: 34.15m | eta: 2.6m
step 03546/03814 (92.97%) | loss: 3.419967 | lrm: 0.15 | dt: 619.97ms | tok/sec: 86,714 | bf16_mfu: 0.00 | epoch: 1 pq: 3 rg: 72 | total time: 34.16m | eta: 2.6m
step 03547/03814 (93.00%) | loss: 3.407833 | lrm: 0.15 | dt: 573.25ms | tok/sec: 93,781 | bf16_mfu: 0.00 | epoch: 1 pq: 3 rg: 72 | total time: 34.17m | eta: 2.6m
step 03548/03814 (93.03%) | loss: 3.418744 | lrm: 0.15 | dt: 580.06ms | tok/sec: 92,679 | bf16_mfu: 0.00 | epoch: 1 pq: 3 rg: 72 | total time: 34.18m | eta: 2.6m
step 03549/03814 (93.05%) | loss: 3.419556 | lrm: 0.15 | dt: 569.50ms | tok/sec: 94,398 | bf16_mfu: 0.00 | epoch: 1 pq: 3 rg: 72 | total time: 34.19m | eta: 2.6m
step 03550/03814 (93.08%) | loss: 3.433096 | lrm: 0.15 | dt: 570.43ms | tok/sec: 94,244 | bf16_mfu: 0.00 | epoch: 1 pq: 3 rg: 72 | total time: 34.20m | eta: 2.6m
step 03551/03814 (93.10%) | loss: 3.434980 | lrm: 0.15 | dt: 567.19ms | tok/sec: 94,782 | bf16_mfu: 0.00 | epoch: 1 pq: 3 rg: 72 | total time: 34.21m | eta: 2.5m
step 03552/03814 (93.13%) | loss: 3.445009 | lrm: 0.15 | dt: 566.31ms | tok/sec: 94,930 | bf16_mfu: 0.00 | epoch: 1 pq: 3 rg: 72 | total time: 34.22m | eta: 2.5m
step 03553/03814 (93.16%) | loss: 3.453554 | lrm: 0.15 | dt: 609.24ms | tok/sec: 88,241 | bf16_mfu: 0.00 | epoch: 1 pq: 3 rg: 73 | total time: 34.23m | eta: 2.5m
step 03554/03814 (93.18%) | loss: 3.459332 | lrm: 0.15 | dt: 565.94ms | tok/sec: 94,992 | bf16_mfu: 0.00 | epoch: 1 pq: 3 rg: 73 | total time: 34.24m | eta: 2.5m
step 03555/03814 (93.21%) | loss: 3.440695 | lrm: 0.15 | dt: 566.10ms | tok/sec: 94,965 | bf16_mfu: 0.00 | epoch: 1 pq: 3 rg: 73 | total time: 34.25m | eta: 2.5m
step 03556/03814 (93.24%) | loss: 3.466734 | lrm: 0.15 | dt: 566.10ms | tok/sec: 94,964 | bf16_mfu: 0.00 | epoch: 1 pq: 3 rg: 73 | total time: 34.26m | eta: 2.5m
step 03557/03814 (93.26%) | loss: 3.446302 | lrm: 0.15 | dt: 615.86ms | tok/sec: 87,292 | bf16_mfu: 0.00 | epoch: 1 pq: 3 rg: 73 | total time: 34.27m | eta: 2.5m
step 03558/03814 (93.29%) | loss: 3.454398 | lrm: 0.15 | dt: 565.47ms | tok/sec: 95,071 | bf16_mfu: 0.00 | epoch: 1 pq: 3 rg: 73 | total time: 34.28m | eta: 2.5m
step 03559/03814 (93.31%) | loss: 3.461097 | lrm: 0.15 | dt: 562.56ms | tok/sec: 95,563 | bf16_mfu: 0.00 | epoch: 1 pq: 3 rg: 73 | total time: 34.29m | eta: 2.5m
step 03560/03814 (93.34%) | loss: 3.474266 | lrm: 0.15 | dt: 622.74ms | tok/sec: 86,328 | bf16_mfu: 0.00 | epoch: 1 pq: 3 rg: 73 | total time: 34.30m | eta: 2.5m
step 03561/03814 (93.37%) | loss: 3.476257 | lrm: 0.15 | dt: 566.89ms | tok/sec: 94,834 | bf16_mfu: 0.00 | epoch: 1 pq: 3 rg: 73 | total time: 34.31m | eta: 2.4m
step 03562/03814 (93.39%) | loss: 3.470367 | lrm: 0.15 | dt: 566.46ms | tok/sec: 94,906 | bf16_mfu: 0.00 | epoch: 1 pq: 3 rg: 73 | total time: 34.32m | eta: 2.4m
step 03563/03814 (93.42%) | loss: 3.483687 | lrm: 0.15 | dt: 571.57ms | tok/sec: 94,056 | bf16_mfu: 0.00 | epoch: 1 pq: 3 rg: 73 | total time: 34.33m | eta: 2.4m
step 03564/03814 (93.45%) | loss: 3.480615 | lrm: 0.15 | dt: 571.60ms | tok/sec: 94,052 | bf16_mfu: 0.00 | epoch: 1 pq: 3 rg: 74 | total time: 34.34m | eta: 2.4m
step 03565/03814 (93.47%) | loss: 3.478366 | lrm: 0.15 | dt: 562.56ms | tok/sec: 95,563 | bf16_mfu: 0.00 | epoch: 1 pq: 3 rg: 74 | total time: 34.35m | eta: 2.4m
step 03566/03814 (93.50%) | loss: 3.474668 | lrm: 0.15 | dt: 561.36ms | tok/sec: 95,767 | bf16_mfu: 0.00 | epoch: 1 pq: 3 rg: 74 | total time: 34.36m | eta: 2.4m
step 03567/03814 (93.52%) | loss: 3.475744 | lrm: 0.14 | dt: 653.82ms | tok/sec: 82,225 | bf16_mfu: 0.00 | epoch: 1 pq: 3 rg: 74 | total time: 34.37m | eta: 2.4m
step 03568/03814 (93.55%) | loss: 3.487747 | lrm: 0.14 | dt: 736.97ms | tok/sec: 72,946 | bf16_mfu: 0.00 | epoch: 1 pq: 3 rg: 74 | total time: 34.38m | eta: 2.4m
step 03569/03814 (93.58%) | loss: 3.479132 | lrm: 0.14 | dt: 559.26ms | tok/sec: 96,127 | bf16_mfu: 0.00 | epoch: 1 pq: 3 rg: 74 | total time: 34.39m | eta: 2.4m
step 03570/03814 (93.60%) | loss: 3.481419 | lrm: 0.14 | dt: 617.74ms | tok/sec: 87,026 | bf16_mfu: 0.00 | epoch: 1 pq: 3 rg: 74 | total time: 34.40m | eta: 2.4m
step 03571/03814 (93.63%) | loss: 3.483860 | lrm: 0.14 | dt: 558.73ms | tok/sec: 96,219 | bf16_mfu: 0.00 | epoch: 1 pq: 3 rg: 74 | total time: 34.41m | eta: 2.3m
step 03572/03814 (93.65%) | loss: 3.468727 | lrm: 0.14 | dt: 562.22ms | tok/sec: 95,620 | bf16_mfu: 0.00 | epoch: 1 pq: 3 rg: 74 | total time: 34.42m | eta: 2.3m
step 03573/03814 (93.68%) | loss: 3.474385 | lrm: 0.14 | dt: 555.58ms | tok/sec: 96,763 | bf16_mfu: 0.00 | epoch: 1 pq: 3 rg: 74 | total time: 34.43m | eta: 2.3m
step 03574/03814 (93.71%) | loss: 3.477375 | lrm: 0.14 | dt: 557.82ms | tok/sec: 96,375 | bf16_mfu: 0.00 | epoch: 1 pq: 3 rg: 74 | total time: 34.44m | eta: 2.3m
step 03575/03814 (93.73%) | loss: 3.468739 | lrm: 0.14 | dt: 566.44ms | tok/sec: 94,907 | bf16_mfu: 0.00 | epoch: 1 pq: 3 rg: 75 | total time: 34.45m | eta: 2.3m
step 03576/03814 (93.76%) | loss: 3.471857 | lrm: 0.14 | dt: 554.64ms | tok/sec: 96,927 | bf16_mfu: 0.00 | epoch: 1 pq: 3 rg: 75 | total time: 34.45m | eta: 2.3m
step 03577/03814 (93.79%) | loss: 3.524067 | lrm: 0.14 | dt: 557.65ms | tok/sec: 96,404 | bf16_mfu: 0.00 | epoch: 1 pq: 3 rg: 75 | total time: 34.46m | eta: 2.3m
step 03578/03814 (93.81%) | loss: 3.512780 | lrm: 0.14 | dt: 561.47ms | tok/sec: 95,749 | bf16_mfu: 0.00 | epoch: 1 pq: 3 rg: 75 | total time: 34.47m | eta: 2.3m
step 03579/03814 (93.84%) | loss: 3.514119 | lrm: 0.14 | dt: 557.24ms | tok/sec: 96,475 | bf16_mfu: 0.00 | epoch: 1 pq: 3 rg: 75 | total time: 34.48m | eta: 2.3m
step 03580/03814 (93.86%) | loss: 3.518890 | lrm: 0.14 | dt: 557.77ms | tok/sec: 96,384 | bf16_mfu: 0.00 | epoch: 1 pq: 3 rg: 75 | total time: 34.49m | eta: 2.3m
step 03581/03814 (93.89%) | loss: 3.527325 | lrm: 0.14 | dt: 558.55ms | tok/sec: 96,248 | bf16_mfu: 0.00 | epoch: 1 pq: 3 rg: 75 | total time: 34.50m | eta: 2.3m
step 03582/03814 (93.92%) | loss: 3.528262 | lrm: 0.14 | dt: 556.14ms | tok/sec: 96,666 | bf16_mfu: 0.00 | epoch: 1 pq: 3 rg: 75 | total time: 34.51m | eta: 2.2m
step 03583/03814 (93.94%) | loss: 3.512473 | lrm: 0.14 | dt: 557.86ms | tok/sec: 96,367 | bf16_mfu: 0.00 | epoch: 1 pq: 3 rg: 75 | total time: 34.52m | eta: 2.2m
step 03584/03814 (93.97%) | loss: 3.502322 | lrm: 0.14 | dt: 603.47ms | tok/sec: 89,084 | bf16_mfu: 0.00 | epoch: 1 pq: 3 rg: 75 | total time: 34.53m | eta: 2.2m
step 03585/03814 (94.00%) | loss: 3.513040 | lrm: 0.14 | dt: 556.29ms | tok/sec: 96,640 | bf16_mfu: 0.00 | epoch: 1 pq: 3 rg: 75 | total time: 34.54m | eta: 2.2m
step 03586/03814 (94.02%) | loss: 3.498341 | lrm: 0.14 | dt: 553.28ms | tok/sec: 97,166 | bf16_mfu: 0.00 | epoch: 1 pq: 3 rg: 75 | total time: 34.55m | eta: 2.2m
step 03587/03814 (94.05%) | loss: 3.498643 | lrm: 0.14 | dt: 671.87ms | tok/sec: 80,015 | bf16_mfu: 0.00 | epoch: 1 pq: 3 rg: 76 | total time: 34.56m | eta: 2.2m
step 03588/03814 (94.07%) | loss: 3.513169 | lrm: 0.14 | dt: 561.84ms | tok/sec: 95,686 | bf16_mfu: 0.00 | epoch: 1 pq: 3 rg: 76 | total time: 34.57m | eta: 2.2m
step 03589/03814 (94.10%) | loss: 3.511293 | lrm: 0.14 | dt: 557.19ms | tok/sec: 96,484 | bf16_mfu: 0.00 | epoch: 1 pq: 3 rg: 76 | total time: 34.58m | eta: 2.2m
step 03590/03814 (94.13%) | loss: 3.505700 | lrm: 0.14 | dt: 557.05ms | tok/sec: 96,507 | bf16_mfu: 0.00 | epoch: 1 pq: 3 rg: 76 | total time: 34.59m | eta: 2.2m
step 03591/03814 (94.15%) | loss: 3.491819 | lrm: 0.14 | dt: 556.33ms | tok/sec: 96,633 | bf16_mfu: 0.00 | epoch: 1 pq: 3 rg: 76 | total time: 34.60m | eta: 2.2m
step 03592/03814 (94.18%) | loss: 3.499628 | lrm: 0.14 | dt: 556.79ms | tok/sec: 96,554 | bf16_mfu: 0.00 | epoch: 1 pq: 3 rg: 76 | total time: 34.61m | eta: 2.1m
step 03593/03814 (94.21%) | loss: 3.499628 | lrm: 0.13 | dt: 579.26ms | tok/sec: 92,807 | bf16_mfu: 0.00 | epoch: 1 pq: 3 rg: 76 | total time: 34.62m | eta: 2.1m
step 03594/03814 (94.23%) | loss: 3.494391 | lrm: 0.13 | dt: 557.55ms | tok/sec: 96,422 | bf16_mfu: 0.00 | epoch: 1 pq: 3 rg: 76 | total time: 34.62m | eta: 2.1m
step 03595/03814 (94.26%) | loss: 3.505845 | lrm: 0.13 | dt: 555.41ms | tok/sec: 96,793 | bf16_mfu: 0.00 | epoch: 1 pq: 3 rg: 76 | total time: 34.63m | eta: 2.1m
step 03596/03814 (94.28%) | loss: 3.511877 | lrm: 0.13 | dt: 553.82ms | tok/sec: 97,071 | bf16_mfu: 0.00 | epoch: 1 pq: 3 rg: 76 | total time: 34.64m | eta: 2.1m
step 03597/03814 (94.31%) | loss: 3.517306 | lrm: 0.13 | dt: 556.83ms | tok/sec: 96,547 | bf16_mfu: 0.00 | epoch: 1 pq: 3 rg: 76 | total time: 34.65m | eta: 2.1m
step 03598/03814 (94.34%) | loss: 3.513436 | lrm: 0.13 | dt: 677.14ms | tok/sec: 79,393 | bf16_mfu: 0.00 | epoch: 1 pq: 3 rg: 77 | total time: 34.66m | eta: 2.1m
step 03599/03814 (94.36%) | loss: 3.505244 | lrm: 0.13 | dt: 636.19ms | tok/sec: 84,503 | bf16_mfu: 0.00 | epoch: 1 pq: 3 rg: 77 | total time: 34.67m | eta: 2.1m
step 03600/03814 (94.39%) | loss: 3.501674 | lrm: 0.13 | dt: 555.35ms | tok/sec: 96,804 | bf16_mfu: 0.00 | epoch: 1 pq: 3 rg: 77 | total time: 34.68m | eta: 2.1m
step 03601/03814 (94.42%) | loss: 3.488386 | lrm: 0.13 | dt: 566.50ms | tok/sec: 94,897 | bf16_mfu: 0.00 | epoch: 1 pq: 3 rg: 77 | total time: 34.69m | eta: 2.1m
step 03602/03814 (94.44%) | loss: 3.459412 | lrm: 0.13 | dt: 556.14ms | tok/sec: 96,666 | bf16_mfu: 0.00 | epoch: 1 pq: 3 rg: 77 | total time: 34.70m | eta: 2.0m
step 03603/03814 (94.47%) | loss: 3.461178 | lrm: 0.13 | dt: 556.77ms | tok/sec: 96,556 | bf16_mfu: 0.00 | epoch: 1 pq: 3 rg: 77 | total time: 34.71m | eta: 2.0m
step 03604/03814 (94.49%) | loss: 3.446913 | lrm: 0.13 | dt: 554.02ms | tok/sec: 97,035 | bf16_mfu: 0.00 | epoch: 1 pq: 3 rg: 77 | total time: 34.72m | eta: 2.0m
step 03605/03814 (94.52%) | loss: 3.464239 | lrm: 0.13 | dt: 559.31ms | tok/sec: 96,117 | bf16_mfu: 0.00 | epoch: 1 pq: 3 rg: 77 | total time: 34.73m | eta: 2.0m
step 03606/03814 (94.55%) | loss: 3.462530 | lrm: 0.13 | dt: 560.12ms | tok/sec: 95,980 | bf16_mfu: 0.00 | epoch: 1 pq: 3 rg: 77 | total time: 34.74m | eta: 2.0m
step 03607/03814 (94.57%) | loss: 3.454758 | lrm: 0.13 | dt: 554.21ms | tok/sec: 97,003 | bf16_mfu: 0.00 | epoch: 1 pq: 3 rg: 77 | total time: 34.75m | eta: 2.0m
step 03608/03814 (94.60%) | loss: 3.444977 | lrm: 0.13 | dt: 563.86ms | tok/sec: 95,343 | bf16_mfu: 0.00 | epoch: 1 pq: 3 rg: 77 | total time: 34.76m | eta: 2.0m
step 03609/03814 (94.63%) | loss: 3.429332 | lrm: 0.13 | dt: 649.89ms | tok/sec: 82,722 | bf16_mfu: 0.00 | epoch: 1 pq: 3 rg: 78 | total time: 34.77m | eta: 2.0m
step 03610/03814 (94.65%) | loss: 3.414589 | lrm: 0.13 | dt: 664.93ms | tok/sec: 80,850 | bf16_mfu: 0.00 | epoch: 1 pq: 3 rg: 78 | total time: 34.78m | eta: 2.0m
step 03611/03814 (94.68%) | loss: 3.409346 | lrm: 0.13 | dt: 567.26ms | tok/sec: 94,770 | bf16_mfu: 0.00 | epoch: 1 pq: 3 rg: 78 | total time: 34.79m | eta: 2.0m
step 03612/03814 (94.70%) | loss: 3.405922 | lrm: 0.13 | dt: 566.80ms | tok/sec: 94,849 | bf16_mfu: 0.00 | epoch: 1 pq: 3 rg: 78 | total time: 34.80m | eta: 2.0m
step 03613/03814 (94.73%) | loss: 3.417291 | lrm: 0.13 | dt: 635.63ms | tok/sec: 84,578 | bf16_mfu: 0.00 | epoch: 1 pq: 3 rg: 78 | total time: 34.81m | eta: 1.9m
step 03614/03814 (94.76%) | loss: 3.420247 | lrm: 0.13 | dt: 556.00ms | tok/sec: 96,690 | bf16_mfu: 0.00 | epoch: 1 pq: 3 rg: 78 | total time: 34.82m | eta: 1.9m
step 03615/03814 (94.78%) | loss: 3.433270 | lrm: 0.13 | dt: 657.98ms | tok/sec: 81,705 | bf16_mfu: 0.00 | epoch: 1 pq: 3 rg: 78 | total time: 34.83m | eta: 1.9m
step 03616/03814 (94.81%) | loss: 3.424918 | lrm: 0.13 | dt: 555.79ms | tok/sec: 96,726 | bf16_mfu: 0.00 | epoch: 1 pq: 3 rg: 78 | total time: 34.84m | eta: 1.9m
step 03617/03814 (94.83%) | loss: 3.418802 | lrm: 0.13 | dt: 561.41ms | tok/sec: 95,758 | bf16_mfu: 0.00 | epoch: 1 pq: 3 rg: 78 | total time: 34.85m | eta: 1.9m
step 03618/03814 (94.86%) | loss: 3.405315 | lrm: 0.13 | dt: 605.23ms | tok/sec: 88,825 | bf16_mfu: 0.00 | epoch: 1 pq: 3 rg: 78 | total time: 34.86m | eta: 1.9m
step 03619/03814 (94.89%) | loss: 3.419540 | lrm: 0.12 | dt: 618.39ms | tok/sec: 86,936 | bf16_mfu: 0.00 | epoch: 1 pq: 3 rg: 78 | total time: 34.87m | eta: 1.9m
step 03620/03814 (94.91%) | loss: 3.414546 | lrm: 0.12 | dt: 632.11ms | tok/sec: 85,047 | bf16_mfu: 0.00 | epoch: 1 pq: 3 rg: 79 | total time: 34.88m | eta: 1.9m
step 03621/03814 (94.94%) | loss: 3.419558 | lrm: 0.12 | dt: 559.08ms | tok/sec: 96,158 | bf16_mfu: 0.00 | epoch: 1 pq: 3 rg: 79 | total time: 34.89m | eta: 1.9m
step 03622/03814 (94.97%) | loss: 3.449732 | lrm: 0.12 | dt: 635.71ms | tok/sec: 84,567 | bf16_mfu: 0.00 | epoch: 1 pq: 3 rg: 79 | total time: 34.90m | eta: 1.9m
step 03623/03814 (94.99%) | loss: 3.454260 | lrm: 0.12 | dt: 558.52ms | tok/sec: 96,254 | bf16_mfu: 0.00 | epoch: 1 pq: 3 rg: 79 | total time: 34.91m | eta: 1.8m
step 03624/03814 (95.02%) | loss: 3.449164 | lrm: 0.12 | dt: 560.30ms | tok/sec: 95,948 | bf16_mfu: 0.00 | epoch: 1 pq: 3 rg: 79 | total time: 34.92m | eta: 1.8m
step 03625/03814 (95.04%) | loss: 3.449515 | lrm: 0.12 | dt: 556.75ms | tok/sec: 96,559 | bf16_mfu: 0.00 | epoch: 1 pq: 3 rg: 79 | total time: 34.93m | eta: 1.8m
step 03626/03814 (95.07%) | loss: 3.440787 | lrm: 0.12 | dt: 559.23ms | tok/sec: 96,132 | bf16_mfu: 0.00 | epoch: 1 pq: 3 rg: 79 | total time: 34.94m | eta: 1.8m
step 03627/03814 (95.10%) | loss: 3.453789 | lrm: 0.12 | dt: 561.21ms | tok/sec: 95,792 | bf16_mfu: 0.00 | epoch: 1 pq: 3 rg: 79 | total time: 34.95m | eta: 1.8m
step 03628/03814 (95.12%) | loss: 3.456972 | lrm: 0.12 | dt: 556.00ms | tok/sec: 96,691 | bf16_mfu: 0.00 | epoch: 1 pq: 3 rg: 79 | total time: 34.96m | eta: 1.8m
step 03629/03814 (95.15%) | loss: 3.477853 | lrm: 0.12 | dt: 563.87ms | tok/sec: 95,341 | bf16_mfu: 0.00 | epoch: 1 pq: 3 rg: 79 | total time: 34.96m | eta: 1.8m
step 03630/03814 (95.18%) | loss: 3.479330 | lrm: 0.12 | dt: 562.78ms | tok/sec: 95,526 | bf16_mfu: 0.00 | epoch: 1 pq: 3 rg: 79 | total time: 34.97m | eta: 1.8m
step 03631/03814 (95.20%) | loss: 3.479145 | lrm: 0.12 | dt: 561.31ms | tok/sec: 95,776 | bf16_mfu: 0.00 | epoch: 1 pq: 3 rg: 79 | total time: 34.98m | eta: 1.8m
step 03632/03814 (95.23%) | loss: 3.498035 | lrm: 0.12 | dt: 568.61ms | tok/sec: 94,546 | bf16_mfu: 0.00 | epoch: 1 pq: 3 rg: 80 | total time: 34.99m | eta: 1.8m
step 03633/03814 (95.25%) | loss: 3.479506 | lrm: 0.12 | dt: 556.18ms | tok/sec: 96,658 | bf16_mfu: 0.00 | epoch: 1 pq: 3 rg: 80 | total time: 35.00m | eta: 1.7m
step 03634/03814 (95.28%) | loss: 3.454238 | lrm: 0.12 | dt: 561.52ms | tok/sec: 95,740 | bf16_mfu: 0.00 | epoch: 1 pq: 3 rg: 80 | total time: 35.01m | eta: 1.7m
step 03635/03814 (95.31%) | loss: 3.453063 | lrm: 0.12 | dt: 560.44ms | tok/sec: 95,924 | bf16_mfu: 0.00 | epoch: 1 pq: 3 rg: 80 | total time: 35.02m | eta: 1.7m
step 03636/03814 (95.33%) | loss: 3.452779 | lrm: 0.12 | dt: 559.82ms | tok/sec: 96,030 | bf16_mfu: 0.00 | epoch: 1 pq: 3 rg: 80 | total time: 35.03m | eta: 1.7m
step 03637/03814 (95.36%) | loss: 3.472713 | lrm: 0.12 | dt: 560.65ms | tok/sec: 95,888 | bf16_mfu: 0.00 | epoch: 1 pq: 3 rg: 80 | total time: 35.04m | eta: 1.7m
step 03638/03814 (95.39%) | loss: 3.469781 | lrm: 0.12 | dt: 563.90ms | tok/sec: 95,336 | bf16_mfu: 0.00 | epoch: 1 pq: 3 rg: 80 | total time: 35.05m | eta: 1.7m
step 03639/03814 (95.41%) | loss: 3.468746 | lrm: 0.12 | dt: 568.19ms | tok/sec: 94,615 | bf16_mfu: 0.00 | epoch: 1 pq: 3 rg: 80 | total time: 35.06m | eta: 1.7m
step 03640/03814 (95.44%) | loss: 3.454305 | lrm: 0.12 | dt: 566.45ms | tok/sec: 94,906 | bf16_mfu: 0.00 | epoch: 1 pq: 3 rg: 80 | total time: 35.07m | eta: 1.7m
step 03641/03814 (95.46%) | loss: 3.441582 | lrm: 0.12 | dt: 564.82ms | tok/sec: 95,180 | bf16_mfu: 0.00 | epoch: 1 pq: 3 rg: 80 | total time: 35.08m | eta: 1.7m
step 03642/03814 (95.49%) | loss: 3.431072 | lrm: 0.12 | dt: 567.12ms | tok/sec: 94,795 | bf16_mfu: 0.00 | epoch: 1 pq: 3 rg: 80 | total time: 35.09m | eta: 1.7m
step 03643/03814 (95.52%) | loss: 3.441567 | lrm: 0.12 | dt: 569.90ms | tok/sec: 94,331 | bf16_mfu: 0.00 | epoch: 1 pq: 3 rg: 81 | total time: 35.10m | eta: 1.7m
step 03644/03814 (95.54%) | loss: 3.421932 | lrm: 0.12 | dt: 561.18ms | tok/sec: 95,798 | bf16_mfu: 0.00 | epoch: 1 pq: 3 rg: 81 | total time: 35.11m | eta: 1.6m
step 03645/03814 (95.57%) | loss: 3.417449 | lrm: 0.11 | dt: 567.41ms | tok/sec: 94,746 | bf16_mfu: 0.00 | epoch: 1 pq: 3 rg: 81 | total time: 35.11m | eta: 1.6m
step 03646/03814 (95.60%) | loss: 3.428373 | lrm: 0.11 | dt: 564.63ms | tok/sec: 95,212 | bf16_mfu: 0.00 | epoch: 1 pq: 3 rg: 81 | total time: 35.12m | eta: 1.6m
step 03647/03814 (95.62%) | loss: 3.446846 | lrm: 0.11 | dt: 657.06ms | tok/sec: 81,818 | bf16_mfu: 0.00 | epoch: 1 pq: 3 rg: 81 | total time: 35.14m | eta: 1.6m
step 03648/03814 (95.65%) | loss: 3.443133 | lrm: 0.11 | dt: 565.00ms | tok/sec: 95,149 | bf16_mfu: 0.00 | epoch: 1 pq: 3 rg: 81 | total time: 35.14m | eta: 1.6m
step 03649/03814 (95.67%) | loss: 3.454490 | lrm: 0.11 | dt: 561.28ms | tok/sec: 95,781 | bf16_mfu: 0.00 | epoch: 1 pq: 3 rg: 81 | total time: 35.15m | eta: 1.6m
step 03650/03814 (95.70%) | loss: 3.439854 | lrm: 0.11 | dt: 563.44ms | tok/sec: 95,413 | bf16_mfu: 0.00 | epoch: 1 pq: 3 rg: 81 | total time: 35.16m | eta: 1.6m
step 03651/03814 (95.73%) | loss: 3.433995 | lrm: 0.11 | dt: 563.56ms | tok/sec: 95,392 | bf16_mfu: 0.00 | epoch: 1 pq: 3 rg: 81 | total time: 35.17m | eta: 1.6m
step 03652/03814 (95.75%) | loss: 3.437486 | lrm: 0.11 | dt: 568.86ms | tok/sec: 94,505 | bf16_mfu: 0.00 | epoch: 1 pq: 3 rg: 81 | total time: 35.18m | eta: 1.6m
step 03653/03814 (95.78%) | loss: 3.425265 | lrm: 0.11 | dt: 566.84ms | tok/sec: 94,840 | bf16_mfu: 0.00 | epoch: 1 pq: 3 rg: 81 | total time: 35.19m | eta: 1.6m
step 03654/03814 (95.80%) | loss: 3.433512 | lrm: 0.11 | dt: 567.19ms | tok/sec: 94,782 | bf16_mfu: 0.00 | epoch: 1 pq: 3 rg: 82 | total time: 35.20m | eta: 1.5m
step 03655/03814 (95.83%) | loss: 3.439395 | lrm: 0.11 | dt: 565.29ms | tok/sec: 95,101 | bf16_mfu: 0.00 | epoch: 1 pq: 3 rg: 82 | total time: 35.21m | eta: 1.5m
step 03656/03814 (95.86%) | loss: 3.438708 | lrm: 0.11 | dt: 565.73ms | tok/sec: 95,027 | bf16_mfu: 0.00 | epoch: 1 pq: 3 rg: 82 | total time: 35.22m | eta: 1.5m
step 03657/03814 (95.88%) | loss: 3.436773 | lrm: 0.11 | dt: 566.98ms | tok/sec: 94,818 | bf16_mfu: 0.00 | epoch: 1 pq: 3 rg: 82 | total time: 35.23m | eta: 1.5m
step 03658/03814 (95.91%) | loss: 3.413036 | lrm: 0.11 | dt: 565.23ms | tok/sec: 95,112 | bf16_mfu: 0.00 | epoch: 1 pq: 3 rg: 82 | total time: 35.24m | eta: 1.5m
step 03659/03814 (95.94%) | loss: 3.420789 | lrm: 0.11 | dt: 565.14ms | tok/sec: 95,126 | bf16_mfu: 0.00 | epoch: 1 pq: 3 rg: 82 | total time: 35.25m | eta: 1.5m
step 03660/03814 (95.96%) | loss: 3.427688 | lrm: 0.11 | dt: 566.38ms | tok/sec: 94,919 | bf16_mfu: 0.00 | epoch: 1 pq: 3 rg: 82 | total time: 35.26m | eta: 1.5m
step 03661/03814 (95.99%) | loss: 3.422569 | lrm: 0.11 | dt: 572.38ms | tok/sec: 93,923 | bf16_mfu: 0.00 | epoch: 1 pq: 3 rg: 82 | total time: 35.27m | eta: 1.5m
step 03662/03814 (96.01%) | loss: 3.427308 | lrm: 0.11 | dt: 582.15ms | tok/sec: 92,347 | bf16_mfu: 0.00 | epoch: 1 pq: 3 rg: 82 | total time: 35.28m | eta: 1.5m
step 03663/03814 (96.04%) | loss: 3.430271 | lrm: 0.11 | dt: 565.52ms | tok/sec: 95,062 | bf16_mfu: 0.00 | epoch: 1 pq: 3 rg: 82 | total time: 35.29m | eta: 1.5m
step 03664/03814 (96.07%) | loss: 3.420440 | lrm: 0.11 | dt: 577.61ms | tok/sec: 93,073 | bf16_mfu: 0.00 | epoch: 1 pq: 3 rg: 82 | total time: 35.30m | eta: 1.4m
step 03665/03814 (96.09%) | loss: 3.432397 | lrm: 0.11 | dt: 569.25ms | tok/sec: 94,439 | bf16_mfu: 0.00 | epoch: 1 pq: 3 rg: 83 | total time: 35.31m | eta: 1.4m
step 03666/03814 (96.12%) | loss: 3.432877 | lrm: 0.11 | dt: 562.96ms | tok/sec: 95,496 | bf16_mfu: 0.00 | epoch: 1 pq: 3 rg: 83 | total time: 35.31m | eta: 1.4m
step 03667/03814 (96.15%) | loss: 3.433481 | lrm: 0.11 | dt: 560.77ms | tok/sec: 95,868 | bf16_mfu: 0.00 | epoch: 1 pq: 3 rg: 83 | total time: 35.32m | eta: 1.4m
step 03668/03814 (96.17%) | loss: 3.445390 | lrm: 0.11 | dt: 564.25ms | tok/sec: 95,277 | bf16_mfu: 0.00 | epoch: 1 pq: 3 rg: 83 | total time: 35.33m | eta: 1.4m
step 03669/03814 (96.20%) | loss: 3.427644 | lrm: 0.11 | dt: 566.01ms | tok/sec: 94,980 | bf16_mfu: 0.00 | epoch: 1 pq: 3 rg: 83 | total time: 35.34m | eta: 1.4m
step 03670/03814 (96.22%) | loss: 3.421310 | lrm: 0.11 | dt: 566.63ms | tok/sec: 94,877 | bf16_mfu: 0.00 | epoch: 1 pq: 3 rg: 83 | total time: 35.35m | eta: 1.4m
step 03671/03814 (96.25%) | loss: 3.427495 | lrm: 0.10 | dt: 567.17ms | tok/sec: 94,786 | bf16_mfu: 0.00 | epoch: 1 pq: 3 rg: 83 | total time: 35.36m | eta: 1.4m
step 03672/03814 (96.28%) | loss: 3.418884 | lrm: 0.10 | dt: 573.24ms | tok/sec: 93,783 | bf16_mfu: 0.00 | epoch: 1 pq: 3 rg: 83 | total time: 35.37m | eta: 1.4m
step 03673/03814 (96.30%) | loss: 3.414472 | lrm: 0.10 | dt: 626.91ms | tok/sec: 85,753 | bf16_mfu: 0.00 | epoch: 1 pq: 3 rg: 83 | total time: 35.38m | eta: 1.4m
step 03674/03814 (96.33%) | loss: 3.403679 | lrm: 0.10 | dt: 567.90ms | tok/sec: 94,664 | bf16_mfu: 0.00 | epoch: 1 pq: 3 rg: 83 | total time: 35.39m | eta: 1.4m
step 03675/03814 (96.36%) | loss: 3.402151 | lrm: 0.10 | dt: 561.48ms | tok/sec: 95,746 | bf16_mfu: 0.00 | epoch: 1 pq: 3 rg: 83 | total time: 35.40m | eta: 1.3m
step 03676/03814 (96.38%) | loss: 3.410619 | lrm: 0.10 | dt: 684.24ms | tok/sec: 78,568 | bf16_mfu: 0.00 | epoch: 1 pq: 3 rg: 84 | total time: 35.41m | eta: 1.3m
step 03677/03814 (96.41%) | loss: 3.411475 | lrm: 0.10 | dt: 566.86ms | tok/sec: 94,837 | bf16_mfu: 0.00 | epoch: 1 pq: 3 rg: 84 | total time: 35.42m | eta: 1.3m
step 03678/03814 (96.43%) | loss: 3.409659 | lrm: 0.10 | dt: 614.22ms | tok/sec: 87,526 | bf16_mfu: 0.00 | epoch: 1 pq: 3 rg: 84 | total time: 35.43m | eta: 1.3m
step 03679/03814 (96.46%) | loss: 3.423170 | lrm: 0.10 | dt: 676.92ms | tok/sec: 79,418 | bf16_mfu: 0.00 | epoch: 1 pq: 3 rg: 84 | total time: 35.44m | eta: 1.3m
step 03680/03814 (96.49%) | loss: 3.420145 | lrm: 0.10 | dt: 558.87ms | tok/sec: 96,194 | bf16_mfu: 0.00 | epoch: 1 pq: 3 rg: 84 | total time: 35.45m | eta: 1.3m
step 03681/03814 (96.51%) | loss: 3.406604 | lrm: 0.10 | dt: 567.68ms | tok/sec: 94,700 | bf16_mfu: 0.00 | epoch: 1 pq: 3 rg: 84 | total time: 35.46m | eta: 1.3m
step 03682/03814 (96.54%) | loss: 3.408844 | lrm: 0.10 | dt: 564.66ms | tok/sec: 95,208 | bf16_mfu: 0.00 | epoch: 1 pq: 3 rg: 84 | total time: 35.47m | eta: 1.3m
step 03683/03814 (96.57%) | loss: 3.408763 | lrm: 0.10 | dt: 566.91ms | tok/sec: 94,830 | bf16_mfu: 0.00 | epoch: 1 pq: 3 rg: 84 | total time: 35.48m | eta: 1.3m
step 03684/03814 (96.59%) | loss: 3.417582 | lrm: 0.10 | dt: 569.04ms | tok/sec: 94,474 | bf16_mfu: 0.00 | epoch: 1 pq: 3 rg: 84 | total time: 35.49m | eta: 1.3m
step 03685/03814 (96.62%) | loss: 3.417269 | lrm: 0.10 | dt: 565.64ms | tok/sec: 95,042 | bf16_mfu: 0.00 | epoch: 1 pq: 3 rg: 84 | total time: 35.50m | eta: 1.2m
step 03686/03814 (96.64%) | loss: 3.432093 | lrm: 0.10 | dt: 564.89ms | tok/sec: 95,168 | bf16_mfu: 0.00 | epoch: 1 pq: 3 rg: 84 | total time: 35.51m | eta: 1.2m
step 03687/03814 (96.67%) | loss: 3.437094 | lrm: 0.10 | dt: 569.75ms | tok/sec: 94,356 | bf16_mfu: 0.00 | epoch: 1 pq: 3 rg: 84 | total time: 35.52m | eta: 1.2m
step 03688/03814 (96.70%) | loss: 3.441485 | lrm: 0.10 | dt: 577.64ms | tok/sec: 93,068 | bf16_mfu: 0.00 | epoch: 1 pq: 3 rg: 85 | total time: 35.53m | eta: 1.2m
step 03689/03814 (96.72%) | loss: 3.443448 | lrm: 0.10 | dt: 567.10ms | tok/sec: 94,798 | bf16_mfu: 0.00 | epoch: 1 pq: 3 rg: 85 | total time: 35.54m | eta: 1.2m
step 03690/03814 (96.75%) | loss: 3.433424 | lrm: 0.10 | dt: 614.58ms | tok/sec: 87,473 | bf16_mfu: 0.00 | epoch: 1 pq: 3 rg: 85 | total time: 35.55m | eta: 1.2m
step 03691/03814 (96.78%) | loss: 3.443567 | lrm: 0.10 | dt: 569.27ms | tok/sec: 94,436 | bf16_mfu: 0.00 | epoch: 1 pq: 3 rg: 85 | total time: 35.56m | eta: 1.2m
step 03692/03814 (96.80%) | loss: 3.456219 | lrm: 0.10 | dt: 584.14ms | tok/sec: 92,032 | bf16_mfu: 0.00 | epoch: 1 pq: 3 rg: 85 | total time: 35.57m | eta: 1.2m
step 03693/03814 (96.83%) | loss: 3.468464 | lrm: 0.10 | dt: 612.04ms | tok/sec: 87,837 | bf16_mfu: 0.00 | epoch: 1 pq: 3 rg: 85 | total time: 35.58m | eta: 1.2m
step 03694/03814 (96.85%) | loss: 3.453146 | lrm: 0.10 | dt: 566.37ms | tok/sec: 94,919 | bf16_mfu: 0.00 | epoch: 1 pq: 3 rg: 85 | total time: 35.59m | eta: 1.2m
step 03695/03814 (96.88%) | loss: 3.458800 | lrm: 0.10 | dt: 576.97ms | tok/sec: 93,176 | bf16_mfu: 0.00 | epoch: 1 pq: 3 rg: 85 | total time: 35.60m | eta: 1.1m
step 03696/03814 (96.91%) | loss: 3.454813 | lrm: 0.10 | dt: 560.05ms | tok/sec: 95,991 | bf16_mfu: 0.00 | epoch: 1 pq: 3 rg: 85 | total time: 35.61m | eta: 1.1m
step 03697/03814 (96.93%) | loss: 3.449069 | lrm: 0.09 | dt: 563.54ms | tok/sec: 95,397 | bf16_mfu: 0.00 | epoch: 1 pq: 3 rg: 85 | total time: 35.62m | eta: 1.1m
step 03698/03814 (96.96%) | loss: 3.431233 | lrm: 0.09 | dt: 564.88ms | tok/sec: 95,170 | bf16_mfu: 0.00 | epoch: 1 pq: 3 rg: 85 | total time: 35.62m | eta: 1.1m
step 03699/03814 (96.98%) | loss: 3.432610 | lrm: 0.09 | dt: 577.88ms | tok/sec: 93,029 | bf16_mfu: 0.00 | epoch: 1 pq: 3 rg: 86 | total time: 35.63m | eta: 1.1m
step 03700/03814 (97.01%) | loss: 3.425703 | lrm: 0.09 | dt: 561.42ms | tok/sec: 95,757 | bf16_mfu: 0.00 | epoch: 1 pq: 3 rg: 86 | total time: 35.64m | eta: 1.1m
step 03701/03814 (97.04%) | loss: 3.440046 | lrm: 0.09 | dt: 566.40ms | tok/sec: 94,915 | bf16_mfu: 0.00 | epoch: 1 pq: 3 rg: 86 | total time: 35.65m | eta: 1.1m
step 03702/03814 (97.06%) | loss: 3.440950 | lrm: 0.09 | dt: 567.61ms | tok/sec: 94,712 | bf16_mfu: 0.00 | epoch: 1 pq: 3 rg: 86 | total time: 35.66m | eta: 1.1m
step 03703/03814 (97.09%) | loss: 3.430093 | lrm: 0.09 | dt: 564.10ms | tok/sec: 95,301 | bf16_mfu: 0.00 | epoch: 1 pq: 3 rg: 86 | total time: 35.67m | eta: 1.1m
step 03704/03814 (97.12%) | loss: 3.421981 | lrm: 0.09 | dt: 567.30ms | tok/sec: 94,765 | bf16_mfu: 0.00 | epoch: 1 pq: 3 rg: 86 | total time: 35.68m | eta: 1.1m
step 03705/03814 (97.14%) | loss: 3.416104 | lrm: 0.09 | dt: 650.61ms | tok/sec: 82,629 | bf16_mfu: 0.00 | epoch: 1 pq: 3 rg: 86 | total time: 35.69m | eta: 1.1m
step 03706/03814 (97.17%) | loss: 3.415094 | lrm: 0.09 | dt: 567.04ms | tok/sec: 94,808 | bf16_mfu: 0.00 | epoch: 1 pq: 3 rg: 86 | total time: 35.70m | eta: 1.0m
step 03707/03814 (97.19%) | loss: 3.404747 | lrm: 0.09 | dt: 603.15ms | tok/sec: 89,131 | bf16_mfu: 0.00 | epoch: 1 pq: 3 rg: 86 | total time: 35.71m | eta: 1.0m
step 03708/03814 (97.22%) | loss: 3.402443 | lrm: 0.09 | dt: 567.76ms | tok/sec: 94,688 | bf16_mfu: 0.00 | epoch: 1 pq: 3 rg: 86 | total time: 35.72m | eta: 1.0m
step 03709/03814 (97.25%) | loss: 3.415107 | lrm: 0.09 | dt: 567.97ms | tok/sec: 94,652 | bf16_mfu: 0.00 | epoch: 1 pq: 3 rg: 86 | total time: 35.73m | eta: 1.0m
step 03710/03814 (97.27%) | loss: 3.418557 | lrm: 0.09 | dt: 589.84ms | tok/sec: 91,143 | bf16_mfu: 0.00 | epoch: 1 pq: 3 rg: 87 | total time: 35.74m | eta: 1.0m
step 03711/03814 (97.30%) | loss: 3.408061 | lrm: 0.09 | dt: 562.72ms | tok/sec: 95,536 | bf16_mfu: 0.00 | epoch: 1 pq: 3 rg: 87 | total time: 35.75m | eta: 1.0m
step 03712/03814 (97.33%) | loss: 3.428753 | lrm: 0.09 | dt: 577.10ms | tok/sec: 93,155 | bf16_mfu: 0.00 | epoch: 1 pq: 3 rg: 87 | total time: 35.76m | eta: 1.0m
step 03713/03814 (97.35%) | loss: 3.422663 | lrm: 0.09 | dt: 560.39ms | tok/sec: 95,933 | bf16_mfu: 0.00 | epoch: 1 pq: 3 rg: 87 | total time: 35.77m | eta: 1.0m
step 03714/03814 (97.38%) | loss: 3.440454 | lrm: 0.09 | dt: 629.82ms | tok/sec: 85,357 | bf16_mfu: 0.00 | epoch: 1 pq: 4 rg: 0 | total time: 35.78m | eta: 1.0m
step 03715/03814 (97.40%) | loss: 3.437055 | lrm: 0.09 | dt: 560.26ms | tok/sec: 95,955 | bf16_mfu: 0.00 | epoch: 1 pq: 4 rg: 0 | total time: 35.79m | eta: 1.0m
step 03716/03814 (97.43%) | loss: 3.431682 | lrm: 0.09 | dt: 565.34ms | tok/sec: 95,093 | bf16_mfu: 0.00 | epoch: 1 pq: 4 rg: 0 | total time: 35.80m | eta: 0.9m
step 03717/03814 (97.46%) | loss: 3.452777 | lrm: 0.09 | dt: 565.29ms | tok/sec: 95,102 | bf16_mfu: 0.00 | epoch: 1 pq: 4 rg: 0 | total time: 35.81m | eta: 0.9m
step 03718/03814 (97.48%) | loss: 3.435765 | lrm: 0.09 | dt: 570.41ms | tok/sec: 94,247 | bf16_mfu: 0.00 | epoch: 1 pq: 4 rg: 0 | total time: 35.82m | eta: 0.9m
step 03719/03814 (97.51%) | loss: 3.441445 | lrm: 0.09 | dt: 559.66ms | tok/sec: 96,057 | bf16_mfu: 0.00 | epoch: 1 pq: 4 rg: 0 | total time: 35.83m | eta: 0.9m
step 03720/03814 (97.54%) | loss: 3.441032 | lrm: 0.09 | dt: 565.56ms | tok/sec: 95,055 | bf16_mfu: 0.00 | epoch: 1 pq: 4 rg: 0 | total time: 35.84m | eta: 0.9m
step 03721/03814 (97.56%) | loss: 3.437161 | lrm: 0.09 | dt: 575.06ms | tok/sec: 93,486 | bf16_mfu: 0.00 | epoch: 1 pq: 4 rg: 0 | total time: 35.85m | eta: 0.9m
step 03722/03814 (97.59%) | loss: 3.435109 | lrm: 0.09 | dt: 560.65ms | tok/sec: 95,887 | bf16_mfu: 0.00 | epoch: 1 pq: 4 rg: 0 | total time: 35.85m | eta: 0.9m
step 03723/03814 (97.61%) | loss: 3.447650 | lrm: 0.08 | dt: 563.22ms | tok/sec: 95,451 | bf16_mfu: 0.00 | epoch: 1 pq: 4 rg: 0 | total time: 35.86m | eta: 0.9m
step 03724/03814 (97.64%) | loss: 3.441711 | lrm: 0.08 | dt: 562.72ms | tok/sec: 95,535 | bf16_mfu: 0.00 | epoch: 1 pq: 4 rg: 0 | total time: 35.87m | eta: 0.9m
step 03725/03814 (97.67%) | loss: 3.444327 | lrm: 0.08 | dt: 621.27ms | tok/sec: 86,532 | bf16_mfu: 0.00 | epoch: 1 pq: 4 rg: 1 | total time: 35.88m | eta: 0.9m
step 03726/03814 (97.69%) | loss: 3.431127 | lrm: 0.08 | dt: 563.16ms | tok/sec: 95,461 | bf16_mfu: 0.00 | epoch: 1 pq: 4 rg: 1 | total time: 35.89m | eta: 0.9m
step 03727/03814 (97.72%) | loss: 3.442049 | lrm: 0.08 | dt: 577.18ms | tok/sec: 93,143 | bf16_mfu: 0.00 | epoch: 1 pq: 4 rg: 1 | total time: 35.90m | eta: 0.8m
step 03728/03814 (97.75%) | loss: 3.433081 | lrm: 0.08 | dt: 560.71ms | tok/sec: 95,878 | bf16_mfu: 0.00 | epoch: 1 pq: 4 rg: 1 | total time: 35.91m | eta: 0.8m
step 03729/03814 (97.77%) | loss: 3.442088 | lrm: 0.08 | dt: 560.17ms | tok/sec: 95,971 | bf16_mfu: 0.00 | epoch: 1 pq: 4 rg: 1 | total time: 35.92m | eta: 0.8m
step 03730/03814 (97.80%) | loss: 3.442644 | lrm: 0.08 | dt: 561.64ms | tok/sec: 95,719 | bf16_mfu: 0.00 | epoch: 1 pq: 4 rg: 1 | total time: 35.93m | eta: 0.8m
step 03731/03814 (97.82%) | loss: 3.437298 | lrm: 0.08 | dt: 594.49ms | tok/sec: 90,430 | bf16_mfu: 0.00 | epoch: 1 pq: 4 rg: 1 | total time: 35.94m | eta: 0.8m
step 03732/03814 (97.85%) | loss: 3.433491 | lrm: 0.08 | dt: 563.77ms | tok/sec: 95,358 | bf16_mfu: 0.00 | epoch: 1 pq: 4 rg: 1 | total time: 35.95m | eta: 0.8m
step 03733/03814 (97.88%) | loss: 3.444544 | lrm: 0.08 | dt: 563.63ms | tok/sec: 95,382 | bf16_mfu: 0.00 | epoch: 1 pq: 4 rg: 1 | total time: 35.96m | eta: 0.8m
step 03734/03814 (97.90%) | loss: 3.457557 | lrm: 0.08 | dt: 565.15ms | tok/sec: 95,124 | bf16_mfu: 0.00 | epoch: 1 pq: 4 rg: 1 | total time: 35.97m | eta: 0.8m
step 03735/03814 (97.93%) | loss: 3.447673 | lrm: 0.08 | dt: 567.92ms | tok/sec: 94,661 | bf16_mfu: 0.00 | epoch: 1 pq: 4 rg: 1 | total time: 35.98m | eta: 0.8m
step 03736/03814 (97.95%) | loss: 3.439586 | lrm: 0.08 | dt: 564.71ms | tok/sec: 95,199 | bf16_mfu: 0.00 | epoch: 1 pq: 4 rg: 1 | total time: 35.99m | eta: 0.8m
step 03737/03814 (97.98%) | loss: 3.432416 | lrm: 0.08 | dt: 610.49ms | tok/sec: 88,060 | bf16_mfu: 0.00 | epoch: 1 pq: 4 rg: 2 | total time: 36.00m | eta: 0.7m
step 03738/03814 (98.01%) | loss: 3.419242 | lrm: 0.08 | dt: 560.95ms | tok/sec: 95,837 | bf16_mfu: 0.00 | epoch: 1 pq: 4 rg: 2 | total time: 36.01m | eta: 0.7m
step 03739/03814 (98.03%) | loss: 3.405932 | lrm: 0.08 | dt: 563.26ms | tok/sec: 95,444 | bf16_mfu: 0.00 | epoch: 1 pq: 4 rg: 2 | total time: 36.02m | eta: 0.7m
step 03740/03814 (98.06%) | loss: 3.412641 | lrm: 0.08 | dt: 557.08ms | tok/sec: 96,503 | bf16_mfu: 0.00 | epoch: 1 pq: 4 rg: 2 | total time: 36.03m | eta: 0.7m
step 03741/03814 (98.09%) | loss: 3.421435 | lrm: 0.08 | dt: 562.75ms | tok/sec: 95,530 | bf16_mfu: 0.00 | epoch: 1 pq: 4 rg: 2 | total time: 36.04m | eta: 0.7m
step 03742/03814 (98.11%) | loss: 3.426075 | lrm: 0.08 | dt: 565.81ms | tok/sec: 95,013 | bf16_mfu: 0.00 | epoch: 1 pq: 4 rg: 2 | total time: 36.04m | eta: 0.7m
step 03743/03814 (98.14%) | loss: 3.439830 | lrm: 0.08 | dt: 563.64ms | tok/sec: 95,380 | bf16_mfu: 0.00 | epoch: 1 pq: 4 rg: 2 | total time: 36.05m | eta: 0.7m
step 03744/03814 (98.16%) | loss: 3.423994 | lrm: 0.08 | dt: 611.10ms | tok/sec: 87,972 | bf16_mfu: 0.00 | epoch: 1 pq: 4 rg: 2 | total time: 36.06m | eta: 0.7m
step 03745/03814 (98.19%) | loss: 3.424653 | lrm: 0.08 | dt: 574.62ms | tok/sec: 93,557 | bf16_mfu: 0.00 | epoch: 1 pq: 4 rg: 2 | total time: 36.07m | eta: 0.7m
step 03746/03814 (98.22%) | loss: 3.396789 | lrm: 0.08 | dt: 558.44ms | tok/sec: 96,267 | bf16_mfu: 0.00 | epoch: 1 pq: 4 rg: 2 | total time: 36.08m | eta: 0.7m
step 03747/03814 (98.24%) | loss: 3.394253 | lrm: 0.08 | dt: 677.00ms | tok/sec: 79,409 | bf16_mfu: 0.00 | epoch: 1 pq: 4 rg: 2 | total time: 36.09m | eta: 0.6m
step 03748/03814 (98.27%) | loss: 3.399346 | lrm: 0.08 | dt: 662.10ms | tok/sec: 81,196 | bf16_mfu: 0.00 | epoch: 1 pq: 4 rg: 3 | total time: 36.11m | eta: 0.6m
step 03749/03814 (98.30%) | loss: 3.391341 | lrm: 0.07 | dt: 560.27ms | tok/sec: 95,954 | bf16_mfu: 0.00 | epoch: 1 pq: 4 rg: 3 | total time: 36.11m | eta: 0.6m
step 03750/03814 (98.32%) | loss: 3.404505 | lrm: 0.07 | dt: 609.91ms | tok/sec: 88,144 | bf16_mfu: 0.00 | epoch: 1 pq: 4 rg: 3 | total time: 36.13m | eta: 0.6m
step 03751/03814 (98.35%) | loss: 3.410063 | lrm: 0.07 | dt: 587.54ms | tok/sec: 91,499 | bf16_mfu: 0.00 | epoch: 1 pq: 4 rg: 3 | total time: 36.13m | eta: 0.6m
step 03752/03814 (98.37%) | loss: 3.395365 | lrm: 0.07 | dt: 563.19ms | tok/sec: 95,455 | bf16_mfu: 0.00 | epoch: 1 pq: 4 rg: 3 | total time: 36.14m | eta: 0.6m
step 03753/03814 (98.40%) | loss: 3.407928 | lrm: 0.07 | dt: 558.21ms | tok/sec: 96,308 | bf16_mfu: 0.00 | epoch: 1 pq: 4 rg: 3 | total time: 36.15m | eta: 0.6m
step 03754/03814 (98.43%) | loss: 3.430843 | lrm: 0.07 | dt: 557.56ms | tok/sec: 96,420 | bf16_mfu: 0.00 | epoch: 1 pq: 4 rg: 3 | total time: 36.16m | eta: 0.6m
step 03755/03814 (98.45%) | loss: 3.412153 | lrm: 0.07 | dt: 561.70ms | tok/sec: 95,708 | bf16_mfu: 0.00 | epoch: 1 pq: 4 rg: 3 | total time: 36.17m | eta: 0.6m
step 03756/03814 (98.48%) | loss: 3.398345 | lrm: 0.07 | dt: 561.19ms | tok/sec: 95,796 | bf16_mfu: 0.00 | epoch: 1 pq: 4 rg: 3 | total time: 36.18m | eta: 0.6m
step 03757/03814 (98.51%) | loss: 3.392928 | lrm: 0.07 | dt: 557.55ms | tok/sec: 96,421 | bf16_mfu: 0.00 | epoch: 1 pq: 4 rg: 3 | total time: 36.19m | eta: 0.6m
step 03758/03814 (98.53%) | loss: 3.404982 | lrm: 0.07 | dt: 561.95ms | tok/sec: 95,667 | bf16_mfu: 0.00 | epoch: 1 pq: 4 rg: 3 | total time: 36.20m | eta: 0.5m
step 03759/03814 (98.56%) | loss: 3.385653 | lrm: 0.07 | dt: 662.34ms | tok/sec: 81,166 | bf16_mfu: 0.00 | epoch: 1 pq: 4 rg: 4 | total time: 36.21m | eta: 0.5m
step 03760/03814 (98.58%) | loss: 3.385246 | lrm: 0.07 | dt: 559.26ms | tok/sec: 96,126 | bf16_mfu: 0.00 | epoch: 1 pq: 4 rg: 4 | total time: 36.22m | eta: 0.5m
step 03761/03814 (98.61%) | loss: 3.389725 | lrm: 0.07 | dt: 689.76ms | tok/sec: 77,939 | bf16_mfu: 0.00 | epoch: 1 pq: 4 rg: 4 | total time: 36.23m | eta: 0.5m
step 03762/03814 (98.64%) | loss: 3.380806 | lrm: 0.07 | dt: 558.73ms | tok/sec: 96,218 | bf16_mfu: 0.00 | epoch: 1 pq: 4 rg: 4 | total time: 36.24m | eta: 0.5m
step 03763/03814 (98.66%) | loss: 3.391957 | lrm: 0.07 | dt: 560.04ms | tok/sec: 95,993 | bf16_mfu: 0.00 | epoch: 1 pq: 4 rg: 4 | total time: 36.25m | eta: 0.5m
step 03764/03814 (98.69%) | loss: 3.393318 | lrm: 0.07 | dt: 565.63ms | tok/sec: 95,044 | bf16_mfu: 0.00 | epoch: 1 pq: 4 rg: 4 | total time: 36.26m | eta: 0.5m
step 03765/03814 (98.72%) | loss: 3.401667 | lrm: 0.07 | dt: 595.50ms | tok/sec: 90,276 | bf16_mfu: 0.00 | epoch: 1 pq: 4 rg: 4 | total time: 36.27m | eta: 0.5m
step 03766/03814 (98.74%) | loss: 3.397148 | lrm: 0.07 | dt: 565.27ms | tok/sec: 95,104 | bf16_mfu: 0.00 | epoch: 1 pq: 4 rg: 4 | total time: 36.28m | eta: 0.5m
step 03767/03814 (98.77%) | loss: 3.390824 | lrm: 0.07 | dt: 566.73ms | tok/sec: 94,860 | bf16_mfu: 0.00 | epoch: 1 pq: 4 rg: 4 | total time: 36.29m | eta: 0.5m
step 03768/03814 (98.79%) | loss: 3.407278 | lrm: 0.07 | dt: 557.95ms | tok/sec: 96,352 | bf16_mfu: 0.00 | epoch: 1 pq: 4 rg: 4 | total time: 36.30m | eta: 0.4m
step 03769/03814 (98.82%) | loss: 3.412230 | lrm: 0.07 | dt: 556.69ms | tok/sec: 96,570 | bf16_mfu: 0.00 | epoch: 1 pq: 4 rg: 4 | total time: 36.31m | eta: 0.4m
step 03770/03814 (98.85%) | loss: 3.402958 | lrm: 0.07 | dt: 562.16ms | tok/sec: 95,631 | bf16_mfu: 0.00 | epoch: 1 pq: 4 rg: 4 | total time: 36.32m | eta: 0.4m
step 03771/03814 (98.87%) | loss: 3.396004 | lrm: 0.07 | dt: 629.02ms | tok/sec: 85,466 | bf16_mfu: 0.00 | epoch: 1 pq: 4 rg: 5 | total time: 36.33m | eta: 0.4m
step 03772/03814 (98.90%) | loss: 3.384040 | lrm: 0.07 | dt: 585.81ms | tok/sec: 91,770 | bf16_mfu: 0.00 | epoch: 1 pq: 4 rg: 5 | total time: 36.34m | eta: 0.4m
step 03773/03814 (98.93%) | loss: 3.378410 | lrm: 0.07 | dt: 558.64ms | tok/sec: 96,234 | bf16_mfu: 0.00 | epoch: 1 pq: 4 rg: 5 | total time: 36.35m | eta: 0.4m
step 03774/03814 (98.95%) | loss: 3.383865 | lrm: 0.07 | dt: 623.38ms | tok/sec: 86,239 | bf16_mfu: 0.00 | epoch: 1 pq: 4 rg: 5 | total time: 36.36m | eta: 0.4m
step 03775/03814 (98.98%) | loss: 3.388599 | lrm: 0.06 | dt: 587.49ms | tok/sec: 91,507 | bf16_mfu: 0.00 | epoch: 1 pq: 4 rg: 5 | total time: 36.37m | eta: 0.4m
step 03776/03814 (99.00%) | loss: 3.386494 | lrm: 0.06 | dt: 867.78ms | tok/sec: 61,951 | bf16_mfu: 0.00 | epoch: 1 pq: 4 rg: 5 | total time: 36.38m | eta: 0.4m
step 03777/03814 (99.03%) | loss: 3.398822 | lrm: 0.06 | dt: 559.57ms | tok/sec: 96,073 | bf16_mfu: 0.00 | epoch: 1 pq: 4 rg: 5 | total time: 36.39m | eta: 0.4m
step 03778/03814 (99.06%) | loss: 3.388797 | lrm: 0.06 | dt: 654.30ms | tok/sec: 82,164 | bf16_mfu: 0.00 | epoch: 1 pq: 4 rg: 5 | total time: 36.40m | eta: 0.3m
step 03779/03814 (99.08%) | loss: 3.364604 | lrm: 0.06 | dt: 569.68ms | tok/sec: 94,368 | bf16_mfu: 0.00 | epoch: 1 pq: 4 rg: 5 | total time: 36.41m | eta: 0.3m
step 03780/03814 (99.11%) | loss: 3.375063 | lrm: 0.06 | dt: 559.80ms | tok/sec: 96,035 | bf16_mfu: 0.00 | epoch: 1 pq: 4 rg: 5 | total time: 36.42m | eta: 0.3m
step 03781/03814 (99.13%) | loss: 3.378171 | lrm: 0.06 | dt: 560.17ms | tok/sec: 95,971 | bf16_mfu: 0.00 | epoch: 1 pq: 4 rg: 5 | total time: 36.43m | eta: 0.3m
step 03782/03814 (99.16%) | loss: 3.358722 | lrm: 0.06 | dt: 598.95ms | tok/sec: 89,756 | bf16_mfu: 0.00 | epoch: 1 pq: 4 rg: 6 | total time: 36.44m | eta: 0.3m
step 03783/03814 (99.19%) | loss: 3.355003 | lrm: 0.06 | dt: 561.73ms | tok/sec: 95,703 | bf16_mfu: 0.00 | epoch: 1 pq: 4 rg: 6 | total time: 36.45m | eta: 0.3m
step 03784/03814 (99.21%) | loss: 3.362545 | lrm: 0.06 | dt: 613.97ms | tok/sec: 87,561 | bf16_mfu: 0.00 | epoch: 1 pq: 4 rg: 6 | total time: 36.46m | eta: 0.3m
step 03785/03814 (99.24%) | loss: 3.393351 | lrm: 0.06 | dt: 569.60ms | tok/sec: 94,382 | bf16_mfu: 0.00 | epoch: 1 pq: 4 rg: 6 | total time: 36.47m | eta: 0.3m
step 03786/03814 (99.27%) | loss: 3.383589 | lrm: 0.06 | dt: 560.12ms | tok/sec: 95,979 | bf16_mfu: 0.00 | epoch: 1 pq: 4 rg: 6 | total time: 36.48m | eta: 0.3m
step 03787/03814 (99.29%) | loss: 3.387976 | lrm: 0.06 | dt: 561.64ms | tok/sec: 95,718 | bf16_mfu: 0.00 | epoch: 1 pq: 4 rg: 6 | total time: 36.49m | eta: 0.3m
step 03788/03814 (99.32%) | loss: 3.390243 | lrm: 0.06 | dt: 560.42ms | tok/sec: 95,927 | bf16_mfu: 0.00 | epoch: 1 pq: 4 rg: 6 | total time: 36.50m | eta: 0.3m
step 03789/03814 (99.34%) | loss: 3.384442 | lrm: 0.06 | dt: 572.53ms | tok/sec: 93,898 | bf16_mfu: 0.00 | epoch: 1 pq: 4 rg: 6 | total time: 36.51m | eta: 0.2m
step 03790/03814 (99.37%) | loss: 3.386909 | lrm: 0.06 | dt: 556.73ms | tok/sec: 96,563 | bf16_mfu: 0.00 | epoch: 1 pq: 4 rg: 6 | total time: 36.52m | eta: 0.2m
step 03791/03814 (99.40%) | loss: 3.389186 | lrm: 0.06 | dt: 558.55ms | tok/sec: 96,249 | bf16_mfu: 0.00 | epoch: 1 pq: 4 rg: 6 | total time: 36.52m | eta: 0.2m
step 03792/03814 (99.42%) | loss: 3.378472 | lrm: 0.06 | dt: 560.40ms | tok/sec: 95,931 | bf16_mfu: 0.00 | epoch: 1 pq: 4 rg: 6 | total time: 36.53m | eta: 0.2m
step 03793/03814 (99.45%) | loss: 3.375057 | lrm: 0.06 | dt: 558.29ms | tok/sec: 96,294 | bf16_mfu: 0.00 | epoch: 1 pq: 4 rg: 6 | total time: 36.54m | eta: 0.2m
step 03794/03814 (99.48%) | loss: 3.379295 | lrm: 0.06 | dt: 729.67ms | tok/sec: 73,676 | bf16_mfu: 0.00 | epoch: 1 pq: 4 rg: 7 | total time: 36.56m | eta: 0.2m
step 03795/03814 (99.50%) | loss: 3.396238 | lrm: 0.06 | dt: 561.25ms | tok/sec: 95,785 | bf16_mfu: 0.00 | epoch: 1 pq: 4 rg: 7 | total time: 36.56m | eta: 0.2m
step 03796/03814 (99.53%) | loss: 3.376557 | lrm: 0.06 | dt: 566.65ms | tok/sec: 94,873 | bf16_mfu: 0.00 | epoch: 1 pq: 4 rg: 7 | total time: 36.57m | eta: 0.2m
step 03797/03814 (99.55%) | loss: 3.360453 | lrm: 0.06 | dt: 557.02ms | tok/sec: 96,514 | bf16_mfu: 0.00 | epoch: 1 pq: 4 rg: 7 | total time: 36.58m | eta: 0.2m
step 03798/03814 (99.58%) | loss: 3.348387 | lrm: 0.06 | dt: 560.01ms | tok/sec: 95,998 | bf16_mfu: 0.00 | epoch: 1 pq: 4 rg: 7 | total time: 36.59m | eta: 0.2m
step 03799/03814 (99.61%) | loss: 3.355527 | lrm: 0.06 | dt: 658.53ms | tok/sec: 81,636 | bf16_mfu: 0.00 | epoch: 1 pq: 4 rg: 7 | total time: 36.60m | eta: 0.1m
step 03800/03814 (99.63%) | loss: 3.366753 | lrm: 0.06 | dt: 559.72ms | tok/sec: 96,047 | bf16_mfu: 0.00 | epoch: 1 pq: 4 rg: 7 | total time: 36.61m | eta: 0.1m
step 03801/03814 (99.66%) | loss: 3.388417 | lrm: 0.05 | dt: 565.02ms | tok/sec: 95,146 | bf16_mfu: 0.00 | epoch: 1 pq: 4 rg: 7 | total time: 36.62m | eta: 0.1m
step 03802/03814 (99.69%) | loss: 3.386350 | lrm: 0.05 | dt: 562.58ms | tok/sec: 95,560 | bf16_mfu: 0.00 | epoch: 1 pq: 4 rg: 7 | total time: 36.63m | eta: 0.1m
step 03803/03814 (99.71%) | loss: 3.382380 | lrm: 0.05 | dt: 559.17ms | tok/sec: 96,143 | bf16_mfu: 0.00 | epoch: 1 pq: 4 rg: 7 | total time: 36.64m | eta: 0.1m
step 03804/03814 (99.74%) | loss: 3.399958 | lrm: 0.05 | dt: 559.53ms | tok/sec: 96,079 | bf16_mfu: 0.00 | epoch: 1 pq: 4 rg: 7 | total time: 36.65m | eta: 0.1m
step 03805/03814 (99.76%) | loss: 3.386720 | lrm: 0.05 | dt: 646.68ms | tok/sec: 83,132 | bf16_mfu: 0.00 | epoch: 1 pq: 4 rg: 8 | total time: 36.66m | eta: 0.1m
step 03806/03814 (99.79%) | loss: 3.360821 | lrm: 0.05 | dt: 564.80ms | tok/sec: 95,184 | bf16_mfu: 0.00 | epoch: 1 pq: 4 rg: 8 | total time: 36.67m | eta: 0.1m
step 03807/03814 (99.82%) | loss: 3.372251 | lrm: 0.05 | dt: 594.80ms | tok/sec: 90,383 | bf16_mfu: 0.00 | epoch: 1 pq: 4 rg: 8 | total time: 36.68m | eta: 0.1m
step 03808/03814 (99.84%) | loss: 3.371913 | lrm: 0.05 | dt: 559.39ms | tok/sec: 96,104 | bf16_mfu: 0.00 | epoch: 1 pq: 4 rg: 8 | total time: 36.69m | eta: 0.1m2026-09-16 05:52:02,874 - nanochat.checkpoint_manager - [32m[1mINFO[0m - Saved model parameters to: /kaggle/working/runs/super-nfc_d6_s1/base_checkpoints/d6/model_003814.pt
2026-09-16 05:52:02,875 - nanochat.checkpoint_manager - [32m[1mINFO[0m - Saved metadata to: /kaggle/working/runs/super-nfc_d6_s1/base_checkpoints/d6/meta_003814.json
2026-09-16 05:52:03,395 - nanochat.checkpoint_manager - [32m[1mINFO[0m - Saved optimizer state to: /kaggle/working/runs/super-nfc_d6_s1/base_checkpoints/d6/optim_003814_rank0.pt

step 03809/03814 (99.87%) | loss: 3.365119 | lrm: 0.05 | dt: 561.02ms | tok/sec: 95,825 | bf16_mfu: 0.00 | epoch: 1 pq: 4 rg: 8 | total time: 36.70m | eta: 0.0m
step 03810/03814 (99.90%) | loss: 3.362284 | lrm: 0.05 | dt: 560.33ms | tok/sec: 95,944 | bf16_mfu: 0.00 | epoch: 1 pq: 4 rg: 8 | total time: 36.71m | eta: 0.0m
step 03811/03814 (99.92%) | loss: 3.382092 | lrm: 0.05 | dt: 562.37ms | tok/sec: 95,595 | bf16_mfu: 0.00 | epoch: 1 pq: 4 rg: 8 | total time: 36.72m | eta: 0.0m
step 03812/03814 (99.95%) | loss: 3.374189 | lrm: 0.05 | dt: 567.78ms | tok/sec: 94,684 | bf16_mfu: 0.00 | epoch: 1 pq: 4 rg: 8 | total time: 36.73m | eta: 0.0m
step 03813/03814 (99.97%) | loss: 3.387572 | lrm: 0.05 | dt: 562.97ms | tok/sec: 95,493 | bf16_mfu: 0.00 | epoch: 1 pq: 4 rg: 8 | total time: 36.74m | eta: 0.0m
Step 03814 | Validation bpb: 0.779668
Peak memory usage: 5364.31MiB
Total training time: 36.74m
Minimum validation bpb: 0.779668
