2026-09-16 02:15:49,311 - nanochat.common - [32m[1mINFO[0m - Distributed world size: 1
2026-09-16 02:15:49,311 - nanochat.common - [33m[1mWARNING[0m - Peak flops undefined for: Tesla T4, MFU will show as 0%
W0916 02:16:06.576000 89 torch/_inductor/utils.py:1679] [0/0] Not enough SMs to use max_autotune_gemm mode

                                                       █████                █████
                                                      ░░███                ░░███
     ████████    ██████   ████████    ██████   ██████  ░███████    ██████  ███████
    ░░███░░███  ░░░░░███ ░░███░░███  ███░░███ ███░░███ ░███░░███  ░░░░░███░░░███░
     ░███ ░███   ███████  ░███ ░███ ░███ ░███░███ ░░░  ░███ ░███   ███████  ░███
     ░███ ░███  ███░░███  ░███ ░███ ░███ ░███░███  ███ ░███ ░███  ███░░███  ░███ ███
     ████ █████░░████████ ████ █████░░██████ ░░██████  ████ █████░░███████  ░░█████
    ░░░░ ░░░░░  ░░░░░░░░ ░░░░ ░░░░░  ░░░░░░   ░░░░░░  ░░░░ ░░░░░  ░░░░░░░░   ░░░░░
    
Autodetected device type: cuda
GPU: Tesla T4 | Peak FLOPS (BF16): inf
COMPUTE_DTYPE: torch.float16 (set via NANOCHAT_DTYPE=float16)
!!!!!!!!!!!!!!!!!!!!!!!!!!!!!!!!!!!!!!!!!!!!!!!!!!!!!!!!!!!!!!!!!!!!!!!!!!!!!!!!
WARNING: Flash Attention 3 not available, using PyTorch SDPA fallback
WARNING: Training will be less efficient without FA3
!!!!!!!!!!!!!!!!!!!!!!!!!!!!!!!!!!!!!!!!!!!!!!!!!!!!!!!!!!!!!!!!!!!!!!!!!!!!!!!!
Vocab size: 16,009
Padding vocab_size from 16009 to 16064 for efficiency
Model config:
{
  "sequence_len": 1024,
  "vocab_size": 16009,
  "n_layer": 6,
  "n_head": 3,
  "n_kv_head": 3,
  "n_embd": 384,
  "window_pattern": "L"
}
Parameter counts:
wte                     : 6,168,576
value_embeds            : 18,505,728
lm_head                 : 6,168,576
transformer_matrices    : 10,616,940
scalars                 : 38
total                   : 41,459,858
Estimated FLOPs per token: 1.290248e+08
Padding vocab_size from 16009 to 16064 for efficiency
Scaling LRs by 0.3536 for batch size 65,536 (reference: 524,288)
Scaling weight decay from 0.280000 to 0.573677 for depth 6
Scaling the LR for the AdamW parameters ∝1/√(384/768) = 1.414214
GradScaler enabled for fp16 training
Using user-provided number of iterations: 3,814
Total number of training tokens: 249,954,304
Tokens : Scaling params ratio: 14.89
Total training FLOPs estimate: 3.225030e+16
Tokens / micro-batch / rank: 32 x 1024 = 32,768
Tokens / micro-batch: 32,768
Total batch size 65,536 => gradient accumulation steps: 2
Step 00000 | Validation bpb: 2.725459
step 00000/03814 (0.00%) | loss: 9.681289 | lrm: 0.03 | dt: 62511.88ms | tok/sec: 1,048 | bf16_mfu: 0.00 | epoch: 1 pq: 0 rg: 1 | total time: 0.00m
step 00001/03814 (0.03%) | loss: 9.677802 | lrm: 0.05 | dt: 683.46ms | tok/sec: 95,888 | bf16_mfu: 0.00 | epoch: 1 pq: 0 rg: 1 | total time: 0.00m
step 00002/03814 (0.05%) | loss: 9.671917 | lrm: 0.07 | dt: 650.24ms | tok/sec: 100,787 | bf16_mfu: 0.00 | epoch: 1 pq: 0 rg: 1 | total time: 0.00m
step 00003/03814 (0.08%) | loss: 9.663063 | lrm: 0.10 | dt: 660.01ms | tok/sec: 99,294 | bf16_mfu: 0.00 | epoch: 1 pq: 0 rg: 1 | total time: 0.00m
step 00004/03814 (0.10%) | loss: 9.651300 | lrm: 0.12 | dt: 663.70ms | tok/sec: 98,743 | bf16_mfu: 0.00 | epoch: 1 pq: 0 rg: 1 | total time: 0.00m
step 00005/03814 (0.13%) | loss: 9.636018 | lrm: 0.15 | dt: 667.65ms | tok/sec: 98,159 | bf16_mfu: 0.00 | epoch: 1 pq: 0 rg: 1 | total time: 0.00m
step 00006/03814 (0.16%) | loss: 9.615047 | lrm: 0.17 | dt: 669.91ms | tok/sec: 97,827 | bf16_mfu: 0.00 | epoch: 1 pq: 0 rg: 1 | total time: 0.00m
step 00007/03814 (0.18%) | loss: 9.586242 | lrm: 0.20 | dt: 676.63ms | tok/sec: 96,855 | bf16_mfu: 0.00 | epoch: 1 pq: 0 rg: 2 | total time: 0.00m
step 00008/03814 (0.21%) | loss: 9.547311 | lrm: 0.23 | dt: 680.89ms | tok/sec: 96,250 | bf16_mfu: 0.00 | epoch: 1 pq: 0 rg: 2 | total time: 0.00m
step 00009/03814 (0.24%) | loss: 9.490467 | lrm: 0.25 | dt: 741.74ms | tok/sec: 88,354 | bf16_mfu: 0.00 | epoch: 1 pq: 0 rg: 2 | total time: 0.00m
step 00010/03814 (0.26%) | loss: 9.417863 | lrm: 0.28 | dt: 682.60ms | tok/sec: 96,008 | bf16_mfu: 0.00 | epoch: 1 pq: 0 rg: 2 | total time: 0.00m
step 00011/03814 (0.29%) | loss: 9.313609 | lrm: 0.30 | dt: 687.38ms | tok/sec: 95,342 | bf16_mfu: 0.00 | epoch: 1 pq: 0 rg: 2 | total time: 0.01m | eta: 43.6m
step 00012/03814 (0.31%) | loss: 9.172988 | lrm: 0.33 | dt: 684.69ms | tok/sec: 95,716 | bf16_mfu: 0.00 | epoch: 1 pq: 0 rg: 2 | total time: 0.02m | eta: 43.5m
step 00013/03814 (0.34%) | loss: 8.997410 | lrm: 0.35 | dt: 672.86ms | tok/sec: 97,399 | bf16_mfu: 0.00 | epoch: 1 pq: 0 rg: 2 | total time: 0.03m | eta: 43.2m
step 00014/03814 (0.37%) | loss: 8.791012 | lrm: 0.38 | dt: 679.84ms | tok/sec: 96,398 | bf16_mfu: 0.00 | epoch: 1 pq: 0 rg: 2 | total time: 0.05m | eta: 43.1m
step 00015/03814 (0.39%) | loss: 8.631927 | lrm: 0.40 | dt: 626.29ms | tok/sec: 104,640 | bf16_mfu: 0.00 | epoch: 1 pq: 0 rg: 3 | total time: 0.06m | eta: 42.4m
step 00016/03814 (0.42%) | loss: 8.490989 | lrm: 0.42 | dt: 667.35ms | tok/sec: 98,203 | bf16_mfu: 0.00 | epoch: 1 pq: 0 rg: 3 | total time: 0.07m | eta: 42.4m
step 00017/03814 (0.45%) | loss: 8.341941 | lrm: 0.45 | dt: 667.41ms | tok/sec: 98,194 | bf16_mfu: 0.00 | epoch: 1 pq: 0 rg: 3 | total time: 0.08m | eta: 42.4m
step 00018/03814 (0.47%) | loss: 8.203173 | lrm: 0.47 | dt: 674.68ms | tok/sec: 97,137 | bf16_mfu: 0.00 | epoch: 1 pq: 0 rg: 3 | total time: 0.09m | eta: 42.4m
step 00019/03814 (0.50%) | loss: 8.064324 | lrm: 0.50 | dt: 672.53ms | tok/sec: 97,446 | bf16_mfu: 0.00 | epoch: 1 pq: 0 rg: 3 | total time: 0.10m | eta: 42.4m
step 00020/03814 (0.52%) | loss: 7.928432 | lrm: 0.53 | dt: 676.29ms | tok/sec: 96,905 | bf16_mfu: 0.00 | epoch: 1 pq: 0 rg: 3 | total time: 0.11m | eta: 42.4m
step 00021/03814 (0.55%) | loss: 7.793159 | lrm: 0.55 | dt: 687.08ms | tok/sec: 95,383 | bf16_mfu: 0.00 | epoch: 1 pq: 0 rg: 3 | total time: 0.12m | eta: 42.5m
step 00022/03814 (0.58%) | loss: 7.669980 | lrm: 0.57 | dt: 681.22ms | tok/sec: 96,204 | bf16_mfu: 0.00 | epoch: 1 pq: 0 rg: 3 | total time: 0.13m | eta: 42.5m
step 00023/03814 (0.60%) | loss: 7.538932 | lrm: 0.60 | dt: 687.84ms | tok/sec: 95,277 | bf16_mfu: 0.00 | epoch: 1 pq: 0 rg: 3 | total time: 0.15m | eta: 42.6m
step 00024/03814 (0.63%) | loss: 7.416052 | lrm: 0.62 | dt: 688.98ms | tok/sec: 95,120 | bf16_mfu: 0.00 | epoch: 1 pq: 0 rg: 3 | total time: 0.16m | eta: 42.7m
step 00025/03814 (0.66%) | loss: 7.285587 | lrm: 0.65 | dt: 697.43ms | tok/sec: 93,968 | bf16_mfu: 0.00 | epoch: 1 pq: 0 rg: 4 | total time: 0.17m | eta: 42.7m
step 00026/03814 (0.68%) | loss: 7.183976 | lrm: 0.68 | dt: 684.51ms | tok/sec: 95,740 | bf16_mfu: 0.00 | epoch: 1 pq: 0 rg: 4 | total time: 0.18m | eta: 42.8m
step 00027/03814 (0.71%) | loss: 7.075275 | lrm: 0.70 | dt: 688.69ms | tok/sec: 95,160 | bf16_mfu: 0.00 | epoch: 1 pq: 0 rg: 4 | total time: 0.19m | eta: 42.8m
step 00028/03814 (0.73%) | loss: 6.981481 | lrm: 0.72 | dt: 689.40ms | tok/sec: 95,061 | bf16_mfu: 0.00 | epoch: 1 pq: 0 rg: 4 | total time: 0.20m | eta: 42.8m
step 00029/03814 (0.76%) | loss: 6.887962 | lrm: 0.75 | dt: 687.32ms | tok/sec: 95,349 | bf16_mfu: 0.00 | epoch: 1 pq: 0 rg: 4 | total time: 0.22m | eta: 42.8m
step 00030/03814 (0.79%) | loss: 6.795395 | lrm: 0.78 | dt: 691.65ms | tok/sec: 94,753 | bf16_mfu: 0.00 | epoch: 1 pq: 0 rg: 4 | total time: 0.23m | eta: 42.9m
step 00031/03814 (0.81%) | loss: 6.703694 | lrm: 0.80 | dt: 691.25ms | tok/sec: 94,807 | bf16_mfu: 0.00 | epoch: 1 pq: 0 rg: 4 | total time: 0.24m | eta: 42.9m
step 00032/03814 (0.84%) | loss: 6.605504 | lrm: 0.82 | dt: 697.34ms | tok/sec: 93,980 | bf16_mfu: 0.00 | epoch: 1 pq: 0 rg: 4 | total time: 0.25m | eta: 42.9m
step 00033/03814 (0.87%) | loss: 6.513929 | lrm: 0.85 | dt: 700.64ms | tok/sec: 93,537 | bf16_mfu: 0.00 | epoch: 1 pq: 0 rg: 4 | total time: 0.26m | eta: 43.0m
step 00034/03814 (0.89%) | loss: 6.426988 | lrm: 0.88 | dt: 692.19ms | tok/sec: 94,679 | bf16_mfu: 0.00 | epoch: 1 pq: 0 rg: 4 | total time: 0.27m | eta: 43.0m
step 00035/03814 (0.92%) | loss: 6.344037 | lrm: 0.90 | dt: 703.53ms | tok/sec: 93,153 | bf16_mfu: 0.00 | epoch: 1 pq: 0 rg: 4 | total time: 0.28m | eta: 43.0m
step 00036/03814 (0.94%) | loss: 6.274538 | lrm: 0.93 | dt: 695.10ms | tok/sec: 94,282 | bf16_mfu: 0.00 | epoch: 1 pq: 0 rg: 5 | total time: 0.30m | eta: 43.0m
step 00037/03814 (0.97%) | loss: 6.226206 | lrm: 0.95 | dt: 703.73ms | tok/sec: 93,127 | bf16_mfu: 0.00 | epoch: 1 pq: 0 rg: 5 | total time: 0.31m | eta: 43.1m
step 00038/03814 (1.00%) | loss: 6.162928 | lrm: 0.97 | dt: 715.15ms | tok/sec: 91,639 | bf16_mfu: 0.00 | epoch: 1 pq: 0 rg: 5 | total time: 0.32m | eta: 43.1m
step 00039/03814 (1.02%) | loss: 6.107114 | lrm: 1.00 | dt: 700.45ms | tok/sec: 93,562 | bf16_mfu: 0.00 | epoch: 1 pq: 0 rg: 5 | total time: 0.33m | eta: 43.2m
step 00040/03814 (1.05%) | loss: 6.044835 | lrm: 1.00 | dt: 708.47ms | tok/sec: 92,504 | bf16_mfu: 0.00 | epoch: 1 pq: 0 rg: 5 | total time: 0.34m | eta: 43.2m
step 00041/03814 (1.07%) | loss: 5.989802 | lrm: 1.00 | dt: 712.44ms | tok/sec: 91,988 | bf16_mfu: 0.00 | epoch: 1 pq: 0 rg: 5 | total time: 0.36m | eta: 43.2m
step 00042/03814 (1.10%) | loss: 5.943213 | lrm: 1.00 | dt: 715.37ms | tok/sec: 91,611 | bf16_mfu: 0.00 | epoch: 1 pq: 0 rg: 5 | total time: 0.37m | eta: 43.3m
step 00043/03814 (1.13%) | loss: 5.899815 | lrm: 1.00 | dt: 716.21ms | tok/sec: 91,503 | bf16_mfu: 0.00 | epoch: 1 pq: 0 rg: 5 | total time: 0.38m | eta: 43.3m
step 00044/03814 (1.15%) | loss: 5.836500 | lrm: 1.00 | dt: 716.75ms | tok/sec: 91,434 | bf16_mfu: 0.00 | epoch: 1 pq: 0 rg: 5 | total time: 0.39m | eta: 43.4m
step 00045/03814 (1.18%) | loss: 5.818952 | lrm: 1.00 | dt: 720.69ms | tok/sec: 90,934 | bf16_mfu: 0.00 | epoch: 1 pq: 0 rg: 5 | total time: 0.40m | eta: 43.4m
step 00046/03814 (1.21%) | loss: 5.782112 | lrm: 1.00 | dt: 725.04ms | tok/sec: 90,389 | bf16_mfu: 0.00 | epoch: 1 pq: 0 rg: 6 | total time: 0.42m | eta: 43.5m
step 00047/03814 (1.23%) | loss: 5.744503 | lrm: 1.00 | dt: 721.12ms | tok/sec: 90,880 | bf16_mfu: 0.00 | epoch: 1 pq: 0 rg: 6 | total time: 0.43m | eta: 43.5m
step 00048/03814 (1.26%) | loss: 5.708538 | lrm: 1.00 | dt: 725.99ms | tok/sec: 90,271 | bf16_mfu: 0.00 | epoch: 1 pq: 0 rg: 6 | total time: 0.44m | eta: 43.5m
step 00049/03814 (1.28%) | loss: 5.678652 | lrm: 1.00 | dt: 731.02ms | tok/sec: 89,650 | bf16_mfu: 0.00 | epoch: 1 pq: 0 rg: 6 | total time: 0.45m | eta: 43.6m
step 00050/03814 (1.31%) | loss: 5.644151 | lrm: 1.00 | dt: 729.05ms | tok/sec: 89,892 | bf16_mfu: 0.00 | epoch: 1 pq: 0 rg: 6 | total time: 0.46m | eta: 43.6m
step 00051/03814 (1.34%) | loss: 5.608715 | lrm: 1.00 | dt: 729.57ms | tok/sec: 89,828 | bf16_mfu: 0.00 | epoch: 1 pq: 0 rg: 6 | total time: 0.48m | eta: 43.7m
step 00052/03814 (1.36%) | loss: 5.579589 | lrm: 1.00 | dt: 730.16ms | tok/sec: 89,755 | bf16_mfu: 0.00 | epoch: 1 pq: 0 rg: 6 | total time: 0.49m | eta: 43.7m
step 00053/03814 (1.39%) | loss: 5.548901 | lrm: 1.00 | dt: 733.57ms | tok/sec: 89,339 | bf16_mfu: 0.00 | epoch: 1 pq: 0 rg: 6 | total time: 0.50m | eta: 43.7m
step 00054/03814 (1.42%) | loss: 5.530844 | lrm: 1.00 | dt: 742.40ms | tok/sec: 88,275 | bf16_mfu: 0.00 | epoch: 1 pq: 0 rg: 6 | total time: 0.51m | eta: 43.8m
step 00055/03814 (1.44%) | loss: 5.497727 | lrm: 1.00 | dt: 736.40ms | tok/sec: 88,994 | bf16_mfu: 0.00 | epoch: 1 pq: 0 rg: 6 | total time: 0.52m | eta: 43.8m
step 00056/03814 (1.47%) | loss: 5.482766 | lrm: 1.00 | dt: 751.32ms | tok/sec: 87,227 | bf16_mfu: 0.00 | epoch: 1 pq: 0 rg: 7 | total time: 0.54m | eta: 43.9m
step 00057/03814 (1.49%) | loss: 5.463609 | lrm: 1.00 | dt: 747.29ms | tok/sec: 87,697 | bf16_mfu: 0.00 | epoch: 1 pq: 0 rg: 7 | total time: 0.55m | eta: 43.9m
step 00058/03814 (1.52%) | loss: 5.440829 | lrm: 1.00 | dt: 751.13ms | tok/sec: 87,249 | bf16_mfu: 0.00 | epoch: 1 pq: 0 rg: 7 | total time: 0.56m | eta: 44.0m
step 00059/03814 (1.55%) | loss: 5.413667 | lrm: 1.00 | dt: 752.17ms | tok/sec: 87,129 | bf16_mfu: 0.00 | epoch: 1 pq: 0 rg: 7 | total time: 0.57m | eta: 44.0m
step 00060/03814 (1.57%) | loss: 5.390785 | lrm: 1.00 | dt: 755.47ms | tok/sec: 86,748 | bf16_mfu: 0.00 | epoch: 1 pq: 0 rg: 7 | total time: 0.59m | eta: 44.1m
step 00061/03814 (1.60%) | loss: 5.369234 | lrm: 1.00 | dt: 761.96ms | tok/sec: 86,009 | bf16_mfu: 0.00 | epoch: 1 pq: 0 rg: 7 | total time: 0.60m | eta: 44.2m
step 00062/03814 (1.63%) | loss: 5.346283 | lrm: 1.00 | dt: 767.88ms | tok/sec: 85,346 | bf16_mfu: 0.00 | epoch: 1 pq: 0 rg: 7 | total time: 0.61m | eta: 44.2m
step 00063/03814 (1.65%) | loss: 5.346568 | lrm: 1.00 | dt: 758.28ms | tok/sec: 86,427 | bf16_mfu: 0.00 | epoch: 1 pq: 0 rg: 7 | total time: 0.63m | eta: 44.3m
step 00064/03814 (1.68%) | loss: 5.336948 | lrm: 1.00 | dt: 771.04ms | tok/sec: 84,996 | bf16_mfu: 0.00 | epoch: 1 pq: 0 rg: 7 | total time: 0.64m | eta: 44.3m
step 00065/03814 (1.70%) | loss: 5.323040 | lrm: 1.00 | dt: 769.48ms | tok/sec: 85,169 | bf16_mfu: 0.00 | epoch: 1 pq: 0 rg: 7 | total time: 0.65m | eta: 44.4m
step 00066/03814 (1.73%) | loss: 5.307190 | lrm: 1.00 | dt: 767.18ms | tok/sec: 85,424 | bf16_mfu: 0.00 | epoch: 1 pq: 0 rg: 7 | total time: 0.66m | eta: 44.4m
step 00067/03814 (1.76%) | loss: 5.297886 | lrm: 1.00 | dt: 812.38ms | tok/sec: 80,671 | bf16_mfu: 0.00 | epoch: 1 pq: 0 rg: 8 | total time: 0.68m | eta: 44.5m
step 00068/03814 (1.78%) | loss: 5.280831 | lrm: 1.00 | dt: 768.53ms | tok/sec: 85,274 | bf16_mfu: 0.00 | epoch: 1 pq: 0 rg: 8 | total time: 0.69m | eta: 44.6m
step 00069/03814 (1.81%) | loss: 5.269494 | lrm: 1.00 | dt: 770.72ms | tok/sec: 85,032 | bf16_mfu: 0.00 | epoch: 1 pq: 0 rg: 8 | total time: 0.70m | eta: 44.6m
step 00070/03814 (1.84%) | loss: 5.254241 | lrm: 1.00 | dt: 770.74ms | tok/sec: 85,029 | bf16_mfu: 0.00 | epoch: 1 pq: 0 rg: 8 | total time: 0.72m | eta: 44.7m
step 00071/03814 (1.86%) | loss: 5.244827 | lrm: 1.00 | dt: 784.19ms | tok/sec: 83,571 | bf16_mfu: 0.00 | epoch: 1 pq: 0 rg: 8 | total time: 0.73m | eta: 44.7m
step 00072/03814 (1.89%) | loss: 5.234956 | lrm: 1.00 | dt: 770.82ms | tok/sec: 85,021 | bf16_mfu: 0.00 | epoch: 1 pq: 0 rg: 8 | total time: 0.74m | eta: 44.8m
step 00073/03814 (1.91%) | loss: 5.222364 | lrm: 1.00 | dt: 773.55ms | tok/sec: 84,721 | bf16_mfu: 0.00 | epoch: 1 pq: 0 rg: 8 | total time: 0.75m | eta: 44.8m
step 00074/03814 (1.94%) | loss: 5.198458 | lrm: 1.00 | dt: 784.57ms | tok/sec: 83,531 | bf16_mfu: 0.00 | epoch: 1 pq: 0 rg: 8 | total time: 0.77m | eta: 44.9m
step 00075/03814 (1.97%) | loss: 5.196363 | lrm: 1.00 | dt: 772.16ms | tok/sec: 84,874 | bf16_mfu: 0.00 | epoch: 1 pq: 0 rg: 8 | total time: 0.78m | eta: 44.9m
step 00076/03814 (1.99%) | loss: 5.196653 | lrm: 1.00 | dt: 766.70ms | tok/sec: 85,478 | bf16_mfu: 0.00 | epoch: 1 pq: 0 rg: 8 | total time: 0.79m | eta: 44.9m
step 00077/03814 (2.02%) | loss: 5.174481 | lrm: 1.00 | dt: 768.70ms | tok/sec: 85,255 | bf16_mfu: 0.00 | epoch: 1 pq: 0 rg: 9 | total time: 0.81m | eta: 45.0m
step 00078/03814 (2.05%) | loss: 5.156888 | lrm: 1.00 | dt: 769.61ms | tok/sec: 85,155 | bf16_mfu: 0.00 | epoch: 1 pq: 0 rg: 9 | total time: 0.82m | eta: 45.0m
step 00079/03814 (2.07%) | loss: 5.161507 | lrm: 1.00 | dt: 768.40ms | tok/sec: 85,288 | bf16_mfu: 0.00 | epoch: 1 pq: 0 rg: 9 | total time: 0.83m | eta: 45.0m
step 00080/03814 (2.10%) | loss: 5.170963 | lrm: 1.00 | dt: 769.17ms | tok/sec: 85,203 | bf16_mfu: 0.00 | epoch: 1 pq: 0 rg: 9 | total time: 0.84m | eta: 45.1m
step 00081/03814 (2.12%) | loss: 5.176392 | lrm: 1.00 | dt: 762.92ms | tok/sec: 85,901 | bf16_mfu: 0.00 | epoch: 1 pq: 0 rg: 9 | total time: 0.86m | eta: 45.1m
step 00082/03814 (2.15%) | loss: 5.166098 | lrm: 1.00 | dt: 760.21ms | tok/sec: 86,207 | bf16_mfu: 0.00 | epoch: 1 pq: 0 rg: 9 | total time: 0.87m | eta: 45.1m
step 00083/03814 (2.18%) | loss: 5.149333 | lrm: 1.00 | dt: 755.86ms | tok/sec: 86,703 | bf16_mfu: 0.00 | epoch: 1 pq: 0 rg: 9 | total time: 0.88m | eta: 45.1m
step 00084/03814 (2.20%) | loss: 5.144212 | lrm: 1.00 | dt: 755.20ms | tok/sec: 86,780 | bf16_mfu: 0.00 | epoch: 1 pq: 0 rg: 9 | total time: 0.90m | eta: 45.1m
step 00085/03814 (2.23%) | loss: 5.146906 | lrm: 1.00 | dt: 751.62ms | tok/sec: 87,193 | bf16_mfu: 0.00 | epoch: 1 pq: 0 rg: 9 | total time: 0.91m | eta: 45.1m
step 00086/03814 (2.25%) | loss: 5.135901 | lrm: 1.00 | dt: 753.99ms | tok/sec: 86,919 | bf16_mfu: 0.00 | epoch: 1 pq: 0 rg: 9 | total time: 0.92m | eta: 45.2m
step 00087/03814 (2.28%) | loss: 5.122350 | lrm: 1.00 | dt: 747.60ms | tok/sec: 87,661 | bf16_mfu: 0.00 | epoch: 1 pq: 0 rg: 9 | total time: 0.93m | eta: 45.2m
step 00088/03814 (2.31%) | loss: 5.112859 | lrm: 1.00 | dt: 782.45ms | tok/sec: 83,757 | bf16_mfu: 0.00 | epoch: 1 pq: 0 rg: 10 | total time: 0.95m | eta: 45.2m
step 00089/03814 (2.33%) | loss: 5.099076 | lrm: 1.00 | dt: 746.85ms | tok/sec: 87,750 | bf16_mfu: 0.00 | epoch: 1 pq: 0 rg: 10 | total time: 0.96m | eta: 45.2m
step 00090/03814 (2.36%) | loss: 5.092805 | lrm: 1.00 | dt: 744.11ms | tok/sec: 88,072 | bf16_mfu: 0.00 | epoch: 1 pq: 0 rg: 10 | total time: 0.97m | eta: 45.2m
step 00091/03814 (2.39%) | loss: 5.080479 | lrm: 1.00 | dt: 729.35ms | tok/sec: 89,854 | bf16_mfu: 0.00 | epoch: 1 pq: 0 rg: 10 | total time: 0.98m | eta: 45.2m
step 00092/03814 (2.41%) | loss: 5.074335 | lrm: 1.00 | dt: 732.01ms | tok/sec: 89,528 | bf16_mfu: 0.00 | epoch: 1 pq: 0 rg: 10 | total time: 1.00m | eta: 45.2m
step 00093/03814 (2.44%) | loss: 5.084272 | lrm: 1.00 | dt: 741.33ms | tok/sec: 88,403 | bf16_mfu: 0.00 | epoch: 1 pq: 0 rg: 10 | total time: 1.01m | eta: 45.2m
step 00094/03814 (2.46%) | loss: 5.066651 | lrm: 1.00 | dt: 738.76ms | tok/sec: 88,711 | bf16_mfu: 0.00 | epoch: 1 pq: 0 rg: 10 | total time: 1.02m | eta: 45.2m
step 00095/03814 (2.49%) | loss: 5.057011 | lrm: 1.00 | dt: 739.49ms | tok/sec: 88,623 | bf16_mfu: 0.00 | epoch: 1 pq: 0 rg: 10 | total time: 1.03m | eta: 45.2m
step 00096/03814 (2.52%) | loss: 5.056888 | lrm: 1.00 | dt: 733.28ms | tok/sec: 89,374 | bf16_mfu: 0.00 | epoch: 1 pq: 0 rg: 10 | total time: 1.04m | eta: 45.2m
step 00097/03814 (2.54%) | loss: 5.046811 | lrm: 1.00 | dt: 728.81ms | tok/sec: 89,922 | bf16_mfu: 0.00 | epoch: 1 pq: 0 rg: 10 | total time: 1.06m | eta: 45.1m
step 00098/03814 (2.57%) | loss: 5.034106 | lrm: 1.00 | dt: 730.26ms | tok/sec: 89,743 | bf16_mfu: 0.00 | epoch: 1 pq: 0 rg: 11 | total time: 1.07m | eta: 45.1m
step 00099/03814 (2.60%) | loss: 5.015699 | lrm: 1.00 | dt: 724.64ms | tok/sec: 90,439 | bf16_mfu: 0.00 | epoch: 1 pq: 0 rg: 11 | total time: 1.08m | eta: 45.1m
step 00100/03814 (2.62%) | loss: 5.018886 | lrm: 1.00 | dt: 727.43ms | tok/sec: 90,092 | bf16_mfu: 0.00 | epoch: 1 pq: 0 rg: 11 | total time: 1.09m | eta: 45.1m
step 00101/03814 (2.65%) | loss: 5.009045 | lrm: 1.00 | dt: 723.60ms | tok/sec: 90,569 | bf16_mfu: 0.00 | epoch: 1 pq: 0 rg: 11 | total time: 1.11m | eta: 45.1m
step 00102/03814 (2.67%) | loss: 4.997127 | lrm: 1.00 | dt: 724.37ms | tok/sec: 90,473 | bf16_mfu: 0.00 | epoch: 1 pq: 0 rg: 11 | total time: 1.12m | eta: 45.1m
step 00103/03814 (2.70%) | loss: 4.984615 | lrm: 1.00 | dt: 719.15ms | tok/sec: 91,129 | bf16_mfu: 0.00 | epoch: 1 pq: 0 rg: 11 | total time: 1.13m | eta: 45.1m
step 00104/03814 (2.73%) | loss: 4.978091 | lrm: 1.00 | dt: 720.62ms | tok/sec: 90,943 | bf16_mfu: 0.00 | epoch: 1 pq: 0 rg: 11 | total time: 1.14m | eta: 45.0m
step 00105/03814 (2.75%) | loss: 4.969432 | lrm: 1.00 | dt: 716.41ms | tok/sec: 91,477 | bf16_mfu: 0.00 | epoch: 1 pq: 0 rg: 11 | total time: 1.15m | eta: 45.0m
step 00106/03814 (2.78%) | loss: 4.965853 | lrm: 1.00 | dt: 722.73ms | tok/sec: 90,678 | bf16_mfu: 0.00 | epoch: 1 pq: 0 rg: 11 | total time: 1.17m | eta: 45.0m
step 00107/03814 (2.81%) | loss: 4.958616 | lrm: 1.00 | dt: 715.58ms | tok/sec: 91,584 | bf16_mfu: 0.00 | epoch: 1 pq: 0 rg: 11 | total time: 1.18m | eta: 45.0m
step 00108/03814 (2.83%) | loss: 4.941533 | lrm: 1.00 | dt: 711.02ms | tok/sec: 92,172 | bf16_mfu: 0.00 | epoch: 1 pq: 0 rg: 11 | total time: 1.19m | eta: 45.0m
step 00109/03814 (2.86%) | loss: 4.943410 | lrm: 1.00 | dt: 728.46ms | tok/sec: 89,964 | bf16_mfu: 0.00 | epoch: 1 pq: 0 rg: 12 | total time: 1.20m | eta: 44.9m
step 00110/03814 (2.88%) | loss: 4.945154 | lrm: 1.00 | dt: 710.01ms | tok/sec: 92,303 | bf16_mfu: 0.00 | epoch: 1 pq: 0 rg: 12 | total time: 1.21m | eta: 44.9m
step 00111/03814 (2.91%) | loss: 4.942748 | lrm: 1.00 | dt: 716.10ms | tok/sec: 91,518 | bf16_mfu: 0.00 | epoch: 1 pq: 0 rg: 12 | total time: 1.22m | eta: 44.9m
step 00112/03814 (2.94%) | loss: 4.933368 | lrm: 1.00 | dt: 710.63ms | tok/sec: 92,222 | bf16_mfu: 0.00 | epoch: 1 pq: 0 rg: 12 | total time: 1.24m | eta: 44.9m
step 00113/03814 (2.96%) | loss: 4.928488 | lrm: 1.00 | dt: 709.73ms | tok/sec: 92,339 | bf16_mfu: 0.00 | epoch: 1 pq: 0 rg: 12 | total time: 1.25m | eta: 44.9m
step 00114/03814 (2.99%) | loss: 4.917820 | lrm: 1.00 | dt: 706.70ms | tok/sec: 92,735 | bf16_mfu: 0.00 | epoch: 1 pq: 0 rg: 12 | total time: 1.26m | eta: 44.8m
step 00115/03814 (3.02%) | loss: 4.910707 | lrm: 1.00 | dt: 708.02ms | tok/sec: 92,562 | bf16_mfu: 0.00 | epoch: 1 pq: 0 rg: 12 | total time: 1.27m | eta: 44.8m
step 00116/03814 (3.04%) | loss: 4.909706 | lrm: 1.00 | dt: 709.35ms | tok/sec: 92,388 | bf16_mfu: 0.00 | epoch: 1 pq: 0 rg: 12 | total time: 1.28m | eta: 44.8m
step 00117/03814 (3.07%) | loss: 4.910526 | lrm: 1.00 | dt: 702.75ms | tok/sec: 93,256 | bf16_mfu: 0.00 | epoch: 1 pq: 0 rg: 12 | total time: 1.30m | eta: 44.8m
step 00118/03814 (3.09%) | loss: 4.904670 | lrm: 1.00 | dt: 724.75ms | tok/sec: 90,425 | bf16_mfu: 0.00 | epoch: 1 pq: 0 rg: 12 | total time: 1.31m | eta: 44.7m
step 00119/03814 (3.12%) | loss: 4.878905 | lrm: 1.00 | dt: 721.16ms | tok/sec: 90,876 | bf16_mfu: 0.00 | epoch: 1 pq: 0 rg: 13 | total time: 1.32m | eta: 44.7m
step 00120/03814 (3.15%) | loss: 4.873127 | lrm: 1.00 | dt: 704.85ms | tok/sec: 92,978 | bf16_mfu: 0.00 | epoch: 1 pq: 0 rg: 13 | total time: 1.33m | eta: 44.7m
step 00121/03814 (3.17%) | loss: 4.857465 | lrm: 1.00 | dt: 707.78ms | tok/sec: 92,593 | bf16_mfu: 0.00 | epoch: 1 pq: 0 rg: 13 | total time: 1.34m | eta: 44.7m
step 00122/03814 (3.20%) | loss: 4.831983 | lrm: 1.00 | dt: 700.68ms | tok/sec: 93,531 | bf16_mfu: 0.00 | epoch: 1 pq: 0 rg: 13 | total time: 1.35m | eta: 44.7m
step 00123/03814 (3.22%) | loss: 4.817234 | lrm: 1.00 | dt: 705.65ms | tok/sec: 92,873 | bf16_mfu: 0.00 | epoch: 1 pq: 0 rg: 13 | total time: 1.37m | eta: 44.6m
step 00124/03814 (3.25%) | loss: 4.801288 | lrm: 1.00 | dt: 707.94ms | tok/sec: 92,572 | bf16_mfu: 0.00 | epoch: 1 pq: 0 rg: 13 | total time: 1.38m | eta: 44.6m
step 00125/03814 (3.28%) | loss: 4.800873 | lrm: 1.00 | dt: 709.70ms | tok/sec: 92,343 | bf16_mfu: 0.00 | epoch: 1 pq: 0 rg: 13 | total time: 1.39m | eta: 44.6m
step 00126/03814 (3.30%) | loss: 4.811528 | lrm: 1.00 | dt: 703.85ms | tok/sec: 93,110 | bf16_mfu: 0.00 | epoch: 1 pq: 0 rg: 13 | total time: 1.40m | eta: 44.6m
step 00127/03814 (3.33%) | loss: 4.804798 | lrm: 1.00 | dt: 702.02ms | tok/sec: 93,353 | bf16_mfu: 0.00 | epoch: 1 pq: 0 rg: 13 | total time: 1.41m | eta: 44.5m
step 00128/03814 (3.36%) | loss: 4.797599 | lrm: 1.00 | dt: 704.73ms | tok/sec: 92,994 | bf16_mfu: 0.00 | epoch: 1 pq: 0 rg: 13 | total time: 1.43m | eta: 44.5m
step 00129/03814 (3.38%) | loss: 4.793803 | lrm: 1.00 | dt: 702.88ms | tok/sec: 93,239 | bf16_mfu: 0.00 | epoch: 1 pq: 0 rg: 13 | total time: 1.44m | eta: 44.5m
step 00130/03814 (3.41%) | loss: 4.792023 | lrm: 1.00 | dt: 700.25ms | tok/sec: 93,588 | bf16_mfu: 0.00 | epoch: 1 pq: 0 rg: 14 | total time: 1.45m | eta: 44.5m
step 00131/03814 (3.43%) | loss: 4.787492 | lrm: 1.00 | dt: 705.08ms | tok/sec: 92,947 | bf16_mfu: 0.00 | epoch: 1 pq: 0 rg: 14 | total time: 1.46m | eta: 44.5m
step 00132/03814 (3.46%) | loss: 4.775063 | lrm: 1.00 | dt: 707.78ms | tok/sec: 92,594 | bf16_mfu: 0.00 | epoch: 1 pq: 0 rg: 14 | total time: 1.47m | eta: 44.4m
step 00133/03814 (3.49%) | loss: 4.767869 | lrm: 1.00 | dt: 705.91ms | tok/sec: 92,838 | bf16_mfu: 0.00 | epoch: 1 pq: 0 rg: 14 | total time: 1.48m | eta: 44.4m
step 00134/03814 (3.51%) | loss: 4.784566 | lrm: 1.00 | dt: 698.20ms | tok/sec: 93,863 | bf16_mfu: 0.00 | epoch: 1 pq: 0 rg: 14 | total time: 1.50m | eta: 44.4m
step 00135/03814 (3.54%) | loss: 4.790165 | lrm: 1.00 | dt: 706.11ms | tok/sec: 92,812 | bf16_mfu: 0.00 | epoch: 1 pq: 0 rg: 14 | total time: 1.51m | eta: 44.4m
step 00136/03814 (3.57%) | loss: 4.776516 | lrm: 1.00 | dt: 709.41ms | tok/sec: 92,381 | bf16_mfu: 0.00 | epoch: 1 pq: 0 rg: 14 | total time: 1.52m | eta: 44.4m
step 00137/03814 (3.59%) | loss: 4.784385 | lrm: 1.00 | dt: 709.92ms | tok/sec: 92,314 | bf16_mfu: 0.00 | epoch: 1 pq: 0 rg: 14 | total time: 1.53m | eta: 44.3m
step 00138/03814 (3.62%) | loss: 4.775759 | lrm: 1.00 | dt: 708.89ms | tok/sec: 92,448 | bf16_mfu: 0.00 | epoch: 1 pq: 0 rg: 14 | total time: 1.54m | eta: 44.3m
step 00139/03814 (3.64%) | loss: 4.777078 | lrm: 1.00 | dt: 710.56ms | tok/sec: 92,231 | bf16_mfu: 0.00 | epoch: 1 pq: 0 rg: 14 | total time: 1.55m | eta: 44.3m
step 00140/03814 (3.67%) | loss: 4.753680 | lrm: 1.00 | dt: 712.83ms | tok/sec: 91,937 | bf16_mfu: 0.00 | epoch: 1 pq: 0 rg: 15 | total time: 1.57m | eta: 44.3m
step 00141/03814 (3.70%) | loss: 4.735770 | lrm: 1.00 | dt: 707.06ms | tok/sec: 92,687 | bf16_mfu: 0.00 | epoch: 1 pq: 0 rg: 15 | total time: 1.58m | eta: 44.3m
step 00142/03814 (3.72%) | loss: 4.715823 | lrm: 1.00 | dt: 709.85ms | tok/sec: 92,323 | bf16_mfu: 0.00 | epoch: 1 pq: 0 rg: 15 | total time: 1.59m | eta: 44.2m
step 00143/03814 (3.75%) | loss: 4.694673 | lrm: 1.00 | dt: 711.40ms | tok/sec: 92,122 | bf16_mfu: 0.00 | epoch: 1 pq: 0 rg: 15 | total time: 1.60m | eta: 44.2m
step 00144/03814 (3.78%) | loss: 4.700351 | lrm: 1.00 | dt: 708.65ms | tok/sec: 92,479 | bf16_mfu: 0.00 | epoch: 1 pq: 0 rg: 15 | total time: 1.61m | eta: 44.2m
step 00145/03814 (3.80%) | loss: 4.685397 | lrm: 1.00 | dt: 711.45ms | tok/sec: 92,115 | bf16_mfu: 0.00 | epoch: 1 pq: 0 rg: 15 | total time: 1.63m | eta: 44.2m
step 00146/03814 (3.83%) | loss: 4.677840 | lrm: 1.00 | dt: 707.53ms | tok/sec: 92,625 | bf16_mfu: 0.00 | epoch: 1 pq: 0 rg: 15 | total time: 1.64m | eta: 44.2m
step 00147/03814 (3.85%) | loss: 4.678432 | lrm: 1.00 | dt: 709.17ms | tok/sec: 92,411 | bf16_mfu: 0.00 | epoch: 1 pq: 0 rg: 15 | total time: 1.65m | eta: 44.2m
step 00148/03814 (3.88%) | loss: 4.671200 | lrm: 1.00 | dt: 709.64ms | tok/sec: 92,351 | bf16_mfu: 0.00 | epoch: 1 pq: 0 rg: 15 | total time: 1.66m | eta: 44.1m
step 00149/03814 (3.91%) | loss: 4.674434 | lrm: 1.00 | dt: 711.05ms | tok/sec: 92,168 | bf16_mfu: 0.00 | epoch: 1 pq: 0 rg: 15 | total time: 1.67m | eta: 44.1m
step 00150/03814 (3.93%) | loss: 4.684643 | lrm: 1.00 | dt: 711.10ms | tok/sec: 92,161 | bf16_mfu: 0.00 | epoch: 1 pq: 0 rg: 15 | total time: 1.68m | eta: 44.1m
step 00151/03814 (3.96%) | loss: 4.688242 | lrm: 1.00 | dt: 714.10ms | tok/sec: 91,774 | bf16_mfu: 0.00 | epoch: 1 pq: 0 rg: 16 | total time: 1.70m | eta: 44.1m
step 00152/03814 (3.99%) | loss: 4.686187 | lrm: 1.00 | dt: 713.44ms | tok/sec: 91,858 | bf16_mfu: 0.00 | epoch: 1 pq: 0 rg: 16 | total time: 1.71m | eta: 44.1m
step 00153/03814 (4.01%) | loss: 4.670467 | lrm: 1.00 | dt: 708.61ms | tok/sec: 92,485 | bf16_mfu: 0.00 | epoch: 1 pq: 0 rg: 16 | total time: 1.72m | eta: 44.0m
step 00154/03814 (4.04%) | loss: 4.656882 | lrm: 1.00 | dt: 712.04ms | tok/sec: 92,039 | bf16_mfu: 0.00 | epoch: 1 pq: 0 rg: 16 | total time: 1.73m | eta: 44.0m
step 00155/03814 (4.06%) | loss: 4.642313 | lrm: 1.00 | dt: 712.83ms | tok/sec: 91,937 | bf16_mfu: 0.00 | epoch: 1 pq: 0 rg: 16 | total time: 1.74m | eta: 44.0m
step 00156/03814 (4.09%) | loss: 4.633756 | lrm: 1.00 | dt: 719.72ms | tok/sec: 91,057 | bf16_mfu: 0.00 | epoch: 1 pq: 0 rg: 16 | total time: 1.76m | eta: 44.0m
step 00157/03814 (4.12%) | loss: 4.608709 | lrm: 1.00 | dt: 724.70ms | tok/sec: 90,431 | bf16_mfu: 0.00 | epoch: 1 pq: 0 rg: 16 | total time: 1.77m | eta: 44.0m
step 00158/03814 (4.14%) | loss: 4.606015 | lrm: 1.00 | dt: 717.02ms | tok/sec: 91,400 | bf16_mfu: 0.00 | epoch: 1 pq: 0 rg: 16 | total time: 1.78m | eta: 44.0m
step 00159/03814 (4.17%) | loss: 4.594875 | lrm: 1.00 | dt: 714.31ms | tok/sec: 91,747 | bf16_mfu: 0.00 | epoch: 1 pq: 0 rg: 16 | total time: 1.79m | eta: 44.0m
step 00160/03814 (4.20%) | loss: 4.607336 | lrm: 1.00 | dt: 718.48ms | tok/sec: 91,214 | bf16_mfu: 0.00 | epoch: 1 pq: 0 rg: 16 | total time: 1.80m | eta: 44.0m
step 00161/03814 (4.22%) | loss: 4.603667 | lrm: 1.00 | dt: 726.45ms | tok/sec: 90,213 | bf16_mfu: 0.00 | epoch: 1 pq: 0 rg: 17 | total time: 1.82m | eta: 43.9m
step 00162/03814 (4.25%) | loss: 4.596624 | lrm: 1.00 | dt: 723.02ms | tok/sec: 90,642 | bf16_mfu: 0.00 | epoch: 1 pq: 0 rg: 17 | total time: 1.83m | eta: 43.9m
step 00163/03814 (4.27%) | loss: 4.580923 | lrm: 1.00 | dt: 720.32ms | tok/sec: 90,981 | bf16_mfu: 0.00 | epoch: 1 pq: 0 rg: 17 | total time: 1.84m | eta: 43.9m
step 00164/03814 (4.30%) | loss: 4.570128 | lrm: 1.00 | dt: 725.00ms | tok/sec: 90,394 | bf16_mfu: 0.00 | epoch: 1 pq: 0 rg: 17 | total time: 1.85m | eta: 43.9m
step 00165/03814 (4.33%) | loss: 4.590174 | lrm: 1.00 | dt: 728.54ms | tok/sec: 89,955 | bf16_mfu: 0.00 | epoch: 1 pq: 0 rg: 17 | total time: 1.86m | eta: 43.9m
step 00166/03814 (4.35%) | loss: 4.583542 | lrm: 1.00 | dt: 727.82ms | tok/sec: 90,044 | bf16_mfu: 0.00 | epoch: 1 pq: 0 rg: 17 | total time: 1.88m | eta: 43.9m
step 00167/03814 (4.38%) | loss: 4.563816 | lrm: 1.00 | dt: 727.34ms | tok/sec: 90,104 | bf16_mfu: 0.00 | epoch: 1 pq: 0 rg: 17 | total time: 1.89m | eta: 43.9m
step 00168/03814 (4.40%) | loss: 4.541472 | lrm: 1.00 | dt: 727.11ms | tok/sec: 90,132 | bf16_mfu: 0.00 | epoch: 1 pq: 0 rg: 17 | total time: 1.90m | eta: 43.9m
step 00169/03814 (4.43%) | loss: 4.549938 | lrm: 1.00 | dt: 727.81ms | tok/sec: 90,045 | bf16_mfu: 0.00 | epoch: 1 pq: 0 rg: 17 | total time: 1.91m | eta: 43.9m
step 00170/03814 (4.46%) | loss: 4.560567 | lrm: 1.00 | dt: 729.44ms | tok/sec: 89,844 | bf16_mfu: 0.00 | epoch: 1 pq: 0 rg: 17 | total time: 1.93m | eta: 43.8m
step 00171/03814 (4.48%) | loss: 4.560927 | lrm: 1.00 | dt: 739.09ms | tok/sec: 88,670 | bf16_mfu: 0.00 | epoch: 1 pq: 0 rg: 18 | total time: 1.94m | eta: 43.8m
step 00172/03814 (4.51%) | loss: 4.546488 | lrm: 1.00 | dt: 726.08ms | tok/sec: 90,260 | bf16_mfu: 0.00 | epoch: 1 pq: 0 rg: 18 | total time: 1.95m | eta: 43.8m
step 00173/03814 (4.54%) | loss: 4.548949 | lrm: 1.00 | dt: 727.41ms | tok/sec: 90,095 | bf16_mfu: 0.00 | epoch: 1 pq: 0 rg: 18 | total time: 1.96m | eta: 43.8m
step 00174/03814 (4.56%) | loss: 4.535407 | lrm: 1.00 | dt: 729.27ms | tok/sec: 89,865 | bf16_mfu: 0.00 | epoch: 1 pq: 0 rg: 18 | total time: 1.97m | eta: 43.8m
step 00175/03814 (4.59%) | loss: 4.507226 | lrm: 1.00 | dt: 730.47ms | tok/sec: 89,717 | bf16_mfu: 0.00 | epoch: 1 pq: 0 rg: 18 | total time: 1.99m | eta: 43.8m
step 00176/03814 (4.61%) | loss: 4.488280 | lrm: 1.00 | dt: 729.73ms | tok/sec: 89,809 | bf16_mfu: 0.00 | epoch: 1 pq: 0 rg: 18 | total time: 2.00m | eta: 43.8m
step 00177/03814 (4.64%) | loss: 4.502525 | lrm: 1.00 | dt: 734.19ms | tok/sec: 89,262 | bf16_mfu: 0.00 | epoch: 1 pq: 0 rg: 18 | total time: 2.01m | eta: 43.8m
step 00178/03814 (4.67%) | loss: 4.500527 | lrm: 1.00 | dt: 738.88ms | tok/sec: 88,696 | bf16_mfu: 0.00 | epoch: 1 pq: 0 rg: 18 | total time: 2.02m | eta: 43.8m
step 00179/03814 (4.69%) | loss: 4.475806 | lrm: 1.00 | dt: 735.35ms | tok/sec: 89,121 | bf16_mfu: 0.00 | epoch: 1 pq: 0 rg: 18 | total time: 2.04m | eta: 43.8m
step 00180/03814 (4.72%) | loss: 4.457986 | lrm: 1.00 | dt: 736.92ms | tok/sec: 88,931 | bf16_mfu: 0.00 | epoch: 1 pq: 0 rg: 18 | total time: 2.05m | eta: 43.8m
step 00181/03814 (4.75%) | loss: 4.460918 | lrm: 1.00 | dt: 733.98ms | tok/sec: 89,288 | bf16_mfu: 0.00 | epoch: 1 pq: 0 rg: 18 | total time: 2.06m | eta: 43.8m
step 00182/03814 (4.77%) | loss: 4.467760 | lrm: 1.00 | dt: 731.46ms | tok/sec: 89,595 | bf16_mfu: 0.00 | epoch: 1 pq: 0 rg: 19 | total time: 2.07m | eta: 43.7m
step 00183/03814 (4.80%) | loss: 4.455833 | lrm: 1.00 | dt: 738.87ms | tok/sec: 88,697 | bf16_mfu: 0.00 | epoch: 1 pq: 0 rg: 19 | total time: 2.08m | eta: 43.7m
step 00184/03814 (4.82%) | loss: 4.443243 | lrm: 1.00 | dt: 735.94ms | tok/sec: 89,050 | bf16_mfu: 0.00 | epoch: 1 pq: 0 rg: 19 | total time: 2.10m | eta: 43.7m
step 00185/03814 (4.85%) | loss: 4.441877 | lrm: 1.00 | dt: 733.05ms | tok/sec: 89,402 | bf16_mfu: 0.00 | epoch: 1 pq: 0 rg: 19 | total time: 2.11m | eta: 43.7m
step 00186/03814 (4.88%) | loss: 4.437364 | lrm: 1.00 | dt: 739.21ms | tok/sec: 88,656 | bf16_mfu: 0.00 | epoch: 1 pq: 0 rg: 19 | total time: 2.12m | eta: 43.7m
step 00187/03814 (4.90%) | loss: 4.415565 | lrm: 1.00 | dt: 733.77ms | tok/sec: 89,314 | bf16_mfu: 0.00 | epoch: 1 pq: 0 rg: 19 | total time: 2.13m | eta: 43.7m
step 00188/03814 (4.93%) | loss: 4.401141 | lrm: 1.00 | dt: 736.56ms | tok/sec: 88,975 | bf16_mfu: 0.00 | epoch: 1 pq: 0 rg: 19 | total time: 2.15m | eta: 43.7m
step 00189/03814 (4.96%) | loss: 4.398206 | lrm: 1.00 | dt: 741.12ms | tok/sec: 88,428 | bf16_mfu: 0.00 | epoch: 1 pq: 0 rg: 19 | total time: 2.16m | eta: 43.7m
step 00190/03814 (4.98%) | loss: 4.389856 | lrm: 1.00 | dt: 734.52ms | tok/sec: 89,223 | bf16_mfu: 0.00 | epoch: 1 pq: 0 rg: 19 | total time: 2.17m | eta: 43.7m
step 00191/03814 (5.01%) | loss: 4.377314 | lrm: 1.00 | dt: 741.32ms | tok/sec: 88,404 | bf16_mfu: 0.00 | epoch: 1 pq: 0 rg: 19 | total time: 2.18m | eta: 43.7m
step 00192/03814 (5.03%) | loss: 4.376573 | lrm: 1.00 | dt: 736.43ms | tok/sec: 88,991 | bf16_mfu: 0.00 | epoch: 1 pq: 0 rg: 19 | total time: 2.19m | eta: 43.7m
step 00193/03814 (5.06%) | loss: 4.361365 | lrm: 1.00 | dt: 740.03ms | tok/sec: 88,558 | bf16_mfu: 0.00 | epoch: 1 pq: 0 rg: 20 | total time: 2.21m | eta: 43.7m
step 00194/03814 (5.09%) | loss: 4.384717 | lrm: 1.00 | dt: 741.66ms | tok/sec: 88,364 | bf16_mfu: 0.00 | epoch: 1 pq: 0 rg: 20 | total time: 2.22m | eta: 43.7m
step 00195/03814 (5.11%) | loss: 4.363135 | lrm: 1.00 | dt: 737.95ms | tok/sec: 88,808 | bf16_mfu: 0.00 | epoch: 1 pq: 0 rg: 20 | total time: 2.23m | eta: 43.7m
step 00196/03814 (5.14%) | loss: 4.345934 | lrm: 1.00 | dt: 737.89ms | tok/sec: 88,815 | bf16_mfu: 0.00 | epoch: 1 pq: 0 rg: 20 | total time: 2.24m | eta: 43.6m
step 00197/03814 (5.17%) | loss: 4.356691 | lrm: 1.00 | dt: 739.08ms | tok/sec: 88,672 | bf16_mfu: 0.00 | epoch: 1 pq: 0 rg: 20 | total time: 2.26m | eta: 43.6m
step 00198/03814 (5.19%) | loss: 4.344904 | lrm: 1.00 | dt: 735.15ms | tok/sec: 89,146 | bf16_mfu: 0.00 | epoch: 1 pq: 0 rg: 20 | total time: 2.27m | eta: 43.6m
step 00199/03814 (5.22%) | loss: 4.334646 | lrm: 1.00 | dt: 741.45ms | tok/sec: 88,388 | bf16_mfu: 0.00 | epoch: 1 pq: 0 rg: 20 | total time: 2.28m | eta: 43.6m
step 00200/03814 (5.24%) | loss: 4.325690 | lrm: 1.00 | dt: 742.41ms | tok/sec: 88,274 | bf16_mfu: 0.00 | epoch: 1 pq: 0 rg: 20 | total time: 2.29m | eta: 43.6m
step 00201/03814 (5.27%) | loss: 4.325457 | lrm: 1.00 | dt: 736.42ms | tok/sec: 88,992 | bf16_mfu: 0.00 | epoch: 1 pq: 0 rg: 20 | total time: 2.31m | eta: 43.6m
step 00202/03814 (5.30%) | loss: 4.342159 | lrm: 1.00 | dt: 740.21ms | tok/sec: 88,537 | bf16_mfu: 0.00 | epoch: 1 pq: 0 rg: 20 | total time: 2.32m | eta: 43.6m
step 00203/03814 (5.32%) | loss: 4.347513 | lrm: 1.00 | dt: 745.90ms | tok/sec: 87,861 | bf16_mfu: 0.00 | epoch: 1 pq: 0 rg: 21 | total time: 2.33m | eta: 43.6m
step 00204/03814 (5.35%) | loss: 4.335987 | lrm: 1.00 | dt: 743.93ms | tok/sec: 88,094 | bf16_mfu: 0.00 | epoch: 1 pq: 0 rg: 21 | total time: 2.34m | eta: 43.6m
step 00205/03814 (5.37%) | loss: 4.323549 | lrm: 1.00 | dt: 743.11ms | tok/sec: 88,191 | bf16_mfu: 0.00 | epoch: 1 pq: 0 rg: 21 | total time: 2.36m | eta: 43.6m
step 00206/03814 (5.40%) | loss: 4.333546 | lrm: 1.00 | dt: 734.61ms | tok/sec: 89,211 | bf16_mfu: 0.00 | epoch: 1 pq: 0 rg: 21 | total time: 2.37m | eta: 43.6m
step 00207/03814 (5.43%) | loss: 4.340846 | lrm: 1.00 | dt: 741.07ms | tok/sec: 88,434 | bf16_mfu: 0.00 | epoch: 1 pq: 0 rg: 21 | total time: 2.38m | eta: 43.6m
step 00208/03814 (5.45%) | loss: 4.339704 | lrm: 1.00 | dt: 738.63ms | tok/sec: 88,725 | bf16_mfu: 0.00 | epoch: 1 pq: 0 rg: 21 | total time: 2.39m | eta: 43.6m
step 00209/03814 (5.48%) | loss: 4.324339 | lrm: 1.00 | dt: 738.02ms | tok/sec: 88,799 | bf16_mfu: 0.00 | epoch: 1 pq: 0 rg: 21 | total time: 2.40m | eta: 43.6m
step 00210/03814 (5.51%) | loss: 4.328952 | lrm: 1.00 | dt: 737.48ms | tok/sec: 88,864 | bf16_mfu: 0.00 | epoch: 1 pq: 0 rg: 21 | total time: 2.42m | eta: 43.5m
step 00211/03814 (5.53%) | loss: 4.303431 | lrm: 1.00 | dt: 737.77ms | tok/sec: 88,830 | bf16_mfu: 0.00 | epoch: 1 pq: 0 rg: 21 | total time: 2.43m | eta: 43.5m
step 00212/03814 (5.56%) | loss: 4.302888 | lrm: 1.00 | dt: 741.06ms | tok/sec: 88,435 | bf16_mfu: 0.00 | epoch: 1 pq: 0 rg: 21 | total time: 2.44m | eta: 43.5m
step 00213/03814 (5.58%) | loss: 4.284688 | lrm: 1.00 | dt: 737.22ms | tok/sec: 88,895 | bf16_mfu: 0.00 | epoch: 1 pq: 0 rg: 21 | total time: 2.45m | eta: 43.5m
step 00214/03814 (5.61%) | loss: 4.278420 | lrm: 1.00 | dt: 738.87ms | tok/sec: 88,697 | bf16_mfu: 0.00 | epoch: 1 pq: 0 rg: 22 | total time: 2.47m | eta: 43.5m
step 00215/03814 (5.64%) | loss: 4.308120 | lrm: 1.00 | dt: 738.94ms | tok/sec: 88,689 | bf16_mfu: 0.00 | epoch: 1 pq: 0 rg: 22 | total time: 2.48m | eta: 43.5m
step 00216/03814 (5.66%) | loss: 4.290621 | lrm: 1.00 | dt: 736.95ms | tok/sec: 88,929 | bf16_mfu: 0.00 | epoch: 1 pq: 0 rg: 22 | total time: 2.49m | eta: 43.5m
step 00217/03814 (5.69%) | loss: 4.274804 | lrm: 1.00 | dt: 738.31ms | tok/sec: 88,765 | bf16_mfu: 0.00 | epoch: 1 pq: 0 rg: 22 | total time: 2.50m | eta: 43.5m
step 00218/03814 (5.72%) | loss: 4.259395 | lrm: 1.00 | dt: 734.52ms | tok/sec: 89,223 | bf16_mfu: 0.00 | epoch: 1 pq: 0 rg: 22 | total time: 2.52m | eta: 43.5m
step 00219/03814 (5.74%) | loss: 4.265577 | lrm: 1.00 | dt: 734.57ms | tok/sec: 89,217 | bf16_mfu: 0.00 | epoch: 1 pq: 0 rg: 22 | total time: 2.53m | eta: 43.5m
step 00220/03814 (5.77%) | loss: 4.267735 | lrm: 1.00 | dt: 728.48ms | tok/sec: 89,962 | bf16_mfu: 0.00 | epoch: 1 pq: 0 rg: 22 | total time: 2.54m | eta: 43.5m
step 00221/03814 (5.79%) | loss: 4.256647 | lrm: 1.00 | dt: 732.13ms | tok/sec: 89,514 | bf16_mfu: 0.00 | epoch: 1 pq: 0 rg: 22 | total time: 2.55m | eta: 43.4m
step 00222/03814 (5.82%) | loss: 4.239768 | lrm: 1.00 | dt: 729.70ms | tok/sec: 89,812 | bf16_mfu: 0.00 | epoch: 1 pq: 0 rg: 22 | total time: 2.56m | eta: 43.4m
step 00223/03814 (5.85%) | loss: 4.239597 | lrm: 1.00 | dt: 726.70ms | tok/sec: 90,183 | bf16_mfu: 0.00 | epoch: 1 pq: 0 rg: 22 | total time: 2.58m | eta: 43.4m
step 00224/03814 (5.87%) | loss: 4.234089 | lrm: 1.00 | dt: 729.77ms | tok/sec: 89,803 | bf16_mfu: 0.00 | epoch: 1 pq: 0 rg: 23 | total time: 2.59m | eta: 43.4m
step 00225/03814 (5.90%) | loss: 4.218051 | lrm: 1.00 | dt: 728.96ms | tok/sec: 89,903 | bf16_mfu: 0.00 | epoch: 1 pq: 0 rg: 23 | total time: 2.60m | eta: 43.4m
step 00226/03814 (5.93%) | loss: 4.205405 | lrm: 1.00 | dt: 727.40ms | tok/sec: 90,096 | bf16_mfu: 0.00 | epoch: 1 pq: 0 rg: 23 | total time: 2.61m | eta: 43.4m
step 00227/03814 (5.95%) | loss: 4.218558 | lrm: 1.00 | dt: 732.50ms | tok/sec: 89,468 | bf16_mfu: 0.00 | epoch: 1 pq: 0 rg: 23 | total time: 2.62m | eta: 43.4m
step 00228/03814 (5.98%) | loss: 4.225473 | lrm: 1.00 | dt: 725.85ms | tok/sec: 90,288 | bf16_mfu: 0.00 | epoch: 1 pq: 0 rg: 23 | total time: 2.64m | eta: 43.4m
step 00229/03814 (6.00%) | loss: 4.222159 | lrm: 1.00 | dt: 728.57ms | tok/sec: 89,951 | bf16_mfu: 0.00 | epoch: 1 pq: 0 rg: 23 | total time: 2.65m | eta: 43.4m
step 00230/03814 (6.03%) | loss: 4.205680 | lrm: 1.00 | dt: 729.01ms | tok/sec: 89,897 | bf16_mfu: 0.00 | epoch: 1 pq: 0 rg: 23 | total time: 2.66m | eta: 43.3m
step 00231/03814 (6.06%) | loss: 4.209341 | lrm: 1.00 | dt: 731.63ms | tok/sec: 89,574 | bf16_mfu: 0.00 | epoch: 1 pq: 0 rg: 23 | total time: 2.67m | eta: 43.3m
step 00232/03814 (6.08%) | loss: 4.224881 | lrm: 1.00 | dt: 727.59ms | tok/sec: 90,072 | bf16_mfu: 0.00 | epoch: 1 pq: 0 rg: 23 | total time: 2.69m | eta: 43.3m
step 00233/03814 (6.11%) | loss: 4.200360 | lrm: 1.00 | dt: 726.88ms | tok/sec: 90,160 | bf16_mfu: 0.00 | epoch: 1 pq: 0 rg: 23 | total time: 2.70m | eta: 43.3m
step 00234/03814 (6.14%) | loss: 4.185998 | lrm: 1.00 | dt: 729.62ms | tok/sec: 89,822 | bf16_mfu: 0.00 | epoch: 1 pq: 0 rg: 23 | total time: 2.71m | eta: 43.3m
step 00235/03814 (6.16%) | loss: 4.198991 | lrm: 1.00 | dt: 726.19ms | tok/sec: 90,246 | bf16_mfu: 0.00 | epoch: 1 pq: 0 rg: 24 | total time: 2.72m | eta: 43.3m
step 00236/03814 (6.19%) | loss: 4.205310 | lrm: 1.00 | dt: 726.02ms | tok/sec: 90,267 | bf16_mfu: 0.00 | epoch: 1 pq: 0 rg: 24 | total time: 2.73m | eta: 43.3m
step 00237/03814 (6.21%) | loss: 4.194459 | lrm: 1.00 | dt: 718.41ms | tok/sec: 91,224 | bf16_mfu: 0.00 | epoch: 1 pq: 0 rg: 24 | total time: 2.75m | eta: 43.3m
step 00238/03814 (6.24%) | loss: 4.176003 | lrm: 1.00 | dt: 724.00ms | tok/sec: 90,519 | bf16_mfu: 0.00 | epoch: 1 pq: 0 rg: 24 | total time: 2.76m | eta: 43.3m
step 00239/03814 (6.27%) | loss: 4.150644 | lrm: 1.00 | dt: 726.88ms | tok/sec: 90,160 | bf16_mfu: 0.00 | epoch: 1 pq: 0 rg: 24 | total time: 2.77m | eta: 43.2m
step 00240/03814 (6.29%) | loss: 4.162496 | lrm: 1.00 | dt: 721.33ms | tok/sec: 90,854 | bf16_mfu: 0.00 | epoch: 1 pq: 0 rg: 24 | total time: 2.78m | eta: 43.2m
step 00241/03814 (6.32%) | loss: 4.141591 | lrm: 1.00 | dt: 719.79ms | tok/sec: 91,049 | bf16_mfu: 0.00 | epoch: 1 pq: 0 rg: 24 | total time: 2.79m | eta: 43.2m
step 00242/03814 (6.35%) | loss: 4.119101 | lrm: 1.00 | dt: 720.85ms | tok/sec: 90,914 | bf16_mfu: 0.00 | epoch: 1 pq: 0 rg: 24 | total time: 2.81m | eta: 43.2m
step 00243/03814 (6.37%) | loss: 4.117200 | lrm: 1.00 | dt: 723.70ms | tok/sec: 90,556 | bf16_mfu: 0.00 | epoch: 1 pq: 0 rg: 24 | total time: 2.82m | eta: 43.2m
step 00244/03814 (6.40%) | loss: 4.117915 | lrm: 1.00 | dt: 723.26ms | tok/sec: 90,611 | bf16_mfu: 0.00 | epoch: 1 pq: 0 rg: 24 | total time: 2.83m | eta: 43.2m
step 00245/03814 (6.42%) | loss: 4.113570 | lrm: 1.00 | dt: 736.04ms | tok/sec: 89,038 | bf16_mfu: 0.00 | epoch: 1 pq: 0 rg: 25 | total time: 2.84m | eta: 43.2m
step 00246/03814 (6.45%) | loss: 4.108610 | lrm: 1.00 | dt: 723.20ms | tok/sec: 90,619 | bf16_mfu: 0.00 | epoch: 1 pq: 0 rg: 25 | total time: 2.85m | eta: 43.2m
step 00247/03814 (6.48%) | loss: 4.103100 | lrm: 1.00 | dt: 723.06ms | tok/sec: 90,637 | bf16_mfu: 0.00 | epoch: 1 pq: 0 rg: 25 | total time: 2.87m | eta: 43.1m
step 00248/03814 (6.50%) | loss: 4.117608 | lrm: 1.00 | dt: 717.14ms | tok/sec: 91,385 | bf16_mfu: 0.00 | epoch: 1 pq: 0 rg: 25 | total time: 2.88m | eta: 43.1m
step 00249/03814 (6.53%) | loss: 4.126218 | lrm: 1.00 | dt: 724.47ms | tok/sec: 90,461 | bf16_mfu: 0.00 | epoch: 1 pq: 0 rg: 25 | total time: 2.89m | eta: 43.1m
step 00250/03814 (6.55%) | loss: 4.116827 | lrm: 1.00 | dt: 717.24ms | tok/sec: 91,372 | bf16_mfu: 0.00 | epoch: 1 pq: 0 rg: 25 | total time: 2.90m | eta: 43.1m
step 00251/03814 (6.58%) | loss: 4.109398 | lrm: 1.00 | dt: 722.94ms | tok/sec: 90,652 | bf16_mfu: 0.00 | epoch: 1 pq: 0 rg: 25 | total time: 2.91m | eta: 43.1m
step 00252/03814 (6.61%) | loss: 4.101067 | lrm: 1.00 | dt: 722.59ms | tok/sec: 90,696 | bf16_mfu: 0.00 | epoch: 1 pq: 0 rg: 25 | total time: 2.93m | eta: 43.1m
step 00253/03814 (6.63%) | loss: 4.093715 | lrm: 1.00 | dt: 714.57ms | tok/sec: 91,713 | bf16_mfu: 0.00 | epoch: 1 pq: 0 rg: 25 | total time: 2.94m | eta: 43.1m
step 00254/03814 (6.66%) | loss: 4.071139 | lrm: 1.00 | dt: 717.30ms | tok/sec: 91,365 | bf16_mfu: 0.00 | epoch: 1 pq: 0 rg: 25 | total time: 2.95m | eta: 43.0m
step 00255/03814 (6.69%) | loss: 4.062747 | lrm: 1.00 | dt: 720.34ms | tok/sec: 90,979 | bf16_mfu: 0.00 | epoch: 1 pq: 0 rg: 25 | total time: 2.96m | eta: 43.0m
step 00256/03814 (6.71%) | loss: 4.055929 | lrm: 1.00 | dt: 723.40ms | tok/sec: 90,594 | bf16_mfu: 0.00 | epoch: 1 pq: 0 rg: 26 | total time: 2.97m | eta: 43.0m
step 00257/03814 (6.74%) | loss: 4.040637 | lrm: 1.00 | dt: 717.19ms | tok/sec: 91,378 | bf16_mfu: 0.00 | epoch: 1 pq: 0 rg: 26 | total time: 2.99m | eta: 43.0m
step 00258/03814 (6.76%) | loss: 4.028096 | lrm: 1.00 | dt: 720.30ms | tok/sec: 90,984 | bf16_mfu: 0.00 | epoch: 1 pq: 0 rg: 26 | total time: 3.00m | eta: 43.0m
step 00259/03814 (6.79%) | loss: 4.049589 | lrm: 1.00 | dt: 717.08ms | tok/sec: 91,392 | bf16_mfu: 0.00 | epoch: 1 pq: 0 rg: 26 | total time: 3.01m | eta: 43.0m
step 00260/03814 (6.82%) | loss: 4.036255 | lrm: 1.00 | dt: 722.61ms | tok/sec: 90,693 | bf16_mfu: 0.00 | epoch: 1 pq: 0 rg: 26 | total time: 3.02m | eta: 43.0m
step 00261/03814 (6.84%) | loss: 4.033301 | lrm: 1.00 | dt: 717.47ms | tok/sec: 91,343 | bf16_mfu: 0.00 | epoch: 1 pq: 0 rg: 26 | total time: 3.03m | eta: 43.0m
step 00262/03814 (6.87%) | loss: 4.030122 | lrm: 1.00 | dt: 720.03ms | tok/sec: 91,019 | bf16_mfu: 0.00 | epoch: 1 pq: 0 rg: 26 | total time: 3.05m | eta: 42.9m
step 00263/03814 (6.90%) | loss: 4.046435 | lrm: 1.00 | dt: 720.15ms | tok/sec: 91,003 | bf16_mfu: 0.00 | epoch: 1 pq: 0 rg: 26 | total time: 3.06m | eta: 42.9m
step 00264/03814 (6.92%) | loss: 4.052945 | lrm: 1.00 | dt: 718.80ms | tok/sec: 91,174 | bf16_mfu: 0.00 | epoch: 1 pq: 0 rg: 26 | total time: 3.07m | eta: 42.9m
step 00265/03814 (6.95%) | loss: 4.053896 | lrm: 1.00 | dt: 717.42ms | tok/sec: 91,349 | bf16_mfu: 0.00 | epoch: 1 pq: 0 rg: 26 | total time: 3.08m | eta: 42.9m
step 00266/03814 (6.97%) | loss: 4.031845 | lrm: 1.00 | dt: 721.28ms | tok/sec: 90,861 | bf16_mfu: 0.00 | epoch: 1 pq: 0 rg: 26 | total time: 3.09m | eta: 42.9m
step 00267/03814 (7.00%) | loss: 4.035418 | lrm: 1.00 | dt: 781.65ms | tok/sec: 83,842 | bf16_mfu: 0.00 | epoch: 1 pq: 0 rg: 27 | total time: 3.11m | eta: 42.9m
step 00268/03814 (7.03%) | loss: 4.050178 | lrm: 1.00 | dt: 721.62ms | tok/sec: 90,817 | bf16_mfu: 0.00 | epoch: 1 pq: 0 rg: 27 | total time: 3.12m | eta: 42.9m
step 00269/03814 (7.05%) | loss: 4.037900 | lrm: 1.00 | dt: 720.58ms | tok/sec: 90,949 | bf16_mfu: 0.00 | epoch: 1 pq: 0 rg: 27 | total time: 3.13m | eta: 42.9m
step 00270/03814 (7.08%) | loss: 4.009288 | lrm: 1.00 | dt: 716.69ms | tok/sec: 91,442 | bf16_mfu: 0.00 | epoch: 1 pq: 0 rg: 27 | total time: 3.14m | eta: 42.8m
step 00271/03814 (7.11%) | loss: 3.999584 | lrm: 1.00 | dt: 719.23ms | tok/sec: 91,120 | bf16_mfu: 0.00 | epoch: 1 pq: 0 rg: 27 | total time: 3.16m | eta: 42.8m
step 00272/03814 (7.13%) | loss: 3.996622 | lrm: 1.00 | dt: 722.15ms | tok/sec: 90,751 | bf16_mfu: 0.00 | epoch: 1 pq: 0 rg: 27 | total time: 3.17m | eta: 42.8m
step 00273/03814 (7.16%) | loss: 3.981935 | lrm: 1.00 | dt: 720.72ms | tok/sec: 90,931 | bf16_mfu: 0.00 | epoch: 1 pq: 0 rg: 27 | total time: 3.18m | eta: 42.8m
step 00274/03814 (7.18%) | loss: 3.965328 | lrm: 1.00 | dt: 723.05ms | tok/sec: 90,638 | bf16_mfu: 0.00 | epoch: 1 pq: 0 rg: 27 | total time: 3.19m | eta: 42.8m
step 00275/03814 (7.21%) | loss: 3.949233 | lrm: 1.00 | dt: 723.94ms | tok/sec: 90,526 | bf16_mfu: 0.00 | epoch: 1 pq: 0 rg: 27 | total time: 3.20m | eta: 42.8m
step 00276/03814 (7.24%) | loss: 3.970431 | lrm: 1.00 | dt: 718.16ms | tok/sec: 91,255 | bf16_mfu: 0.00 | epoch: 1 pq: 0 rg: 27 | total time: 3.22m | eta: 42.8m
step 00277/03814 (7.26%) | loss: 3.974975 | lrm: 1.00 | dt: 724.92ms | tok/sec: 90,404 | bf16_mfu: 0.00 | epoch: 1 pq: 0 rg: 28 | total time: 3.23m | eta: 42.8m
step 00278/03814 (7.29%) | loss: 3.972543 | lrm: 1.00 | dt: 725.05ms | tok/sec: 90,388 | bf16_mfu: 0.00 | epoch: 1 pq: 0 rg: 28 | total time: 3.24m | eta: 42.7m
step 00279/03814 (7.32%) | loss: 3.959550 | lrm: 1.00 | dt: 729.48ms | tok/sec: 89,839 | bf16_mfu: 0.00 | epoch: 1 pq: 0 rg: 28 | total time: 3.25m | eta: 42.7m
step 00280/03814 (7.34%) | loss: 3.955702 | lrm: 1.00 | dt: 726.00ms | tok/sec: 90,270 | bf16_mfu: 0.00 | epoch: 1 pq: 0 rg: 28 | total time: 3.26m | eta: 42.7m
step 00281/03814 (7.37%) | loss: 3.954776 | lrm: 1.00 | dt: 716.68ms | tok/sec: 91,443 | bf16_mfu: 0.00 | epoch: 1 pq: 0 rg: 28 | total time: 3.28m | eta: 42.7m
step 00282/03814 (7.39%) | loss: 3.957243 | lrm: 1.00 | dt: 724.52ms | tok/sec: 90,454 | bf16_mfu: 0.00 | epoch: 1 pq: 0 rg: 28 | total time: 3.29m | eta: 42.7m
step 00283/03814 (7.42%) | loss: 3.946445 | lrm: 1.00 | dt: 726.65ms | tok/sec: 90,189 | bf16_mfu: 0.00 | epoch: 1 pq: 0 rg: 28 | total time: 3.30m | eta: 42.7m
step 00284/03814 (7.45%) | loss: 3.929379 | lrm: 1.00 | dt: 725.14ms | tok/sec: 90,376 | bf16_mfu: 0.00 | epoch: 1 pq: 0 rg: 28 | total time: 3.31m | eta: 42.7m
step 00285/03814 (7.47%) | loss: 3.943983 | lrm: 1.00 | dt: 719.75ms | tok/sec: 91,054 | bf16_mfu: 0.00 | epoch: 1 pq: 0 rg: 28 | total time: 3.32m | eta: 42.7m
step 00286/03814 (7.50%) | loss: 3.922748 | lrm: 1.00 | dt: 720.93ms | tok/sec: 90,904 | bf16_mfu: 0.00 | epoch: 1 pq: 0 rg: 28 | total time: 3.34m | eta: 42.6m
step 00287/03814 (7.52%) | loss: 3.909808 | lrm: 1.00 | dt: 727.56ms | tok/sec: 90,076 | bf16_mfu: 0.00 | epoch: 1 pq: 0 rg: 28 | total time: 3.35m | eta: 42.6m
step 00288/03814 (7.55%) | loss: 3.901883 | lrm: 1.00 | dt: 790.91ms | tok/sec: 82,861 | bf16_mfu: 0.00 | epoch: 1 pq: 0 rg: 29 | total time: 3.36m | eta: 42.6m
step 00289/03814 (7.58%) | loss: 3.912076 | lrm: 1.00 | dt: 724.34ms | tok/sec: 90,477 | bf16_mfu: 0.00 | epoch: 1 pq: 0 rg: 29 | total time: 3.37m | eta: 42.6m
step 00290/03814 (7.60%) | loss: 3.905704 | lrm: 1.00 | dt: 724.75ms | tok/sec: 90,425 | bf16_mfu: 0.00 | epoch: 1 pq: 0 rg: 29 | total time: 3.39m | eta: 42.6m
step 00291/03814 (7.63%) | loss: 3.888036 | lrm: 1.00 | dt: 728.43ms | tok/sec: 89,968 | bf16_mfu: 0.00 | epoch: 1 pq: 0 rg: 29 | total time: 3.40m | eta: 42.6m
step 00292/03814 (7.66%) | loss: 3.878140 | lrm: 1.00 | dt: 723.50ms | tok/sec: 90,582 | bf16_mfu: 0.00 | epoch: 1 pq: 0 rg: 29 | total time: 3.41m | eta: 42.6m
step 00293/03814 (7.68%) | loss: 3.890782 | lrm: 1.00 | dt: 791.64ms | tok/sec: 82,785 | bf16_mfu: 0.00 | epoch: 1 pq: 0 rg: 29 | total time: 3.42m | eta: 42.6m
step 00294/03814 (7.71%) | loss: 3.886753 | lrm: 1.00 | dt: 728.75ms | tok/sec: 89,929 | bf16_mfu: 0.00 | epoch: 1 pq: 0 rg: 29 | total time: 3.44m | eta: 42.6m
step 00295/03814 (7.73%) | loss: 3.868032 | lrm: 1.00 | dt: 722.78ms | tok/sec: 90,672 | bf16_mfu: 0.00 | epoch: 1 pq: 0 rg: 29 | total time: 3.45m | eta: 42.6m
step 00296/03814 (7.76%) | loss: 3.874013 | lrm: 1.00 | dt: 724.35ms | tok/sec: 90,475 | bf16_mfu: 0.00 | epoch: 1 pq: 0 rg: 29 | total time: 3.46m | eta: 42.5m
step 00297/03814 (7.79%) | loss: 3.860010 | lrm: 1.00 | dt: 725.17ms | tok/sec: 90,373 | bf16_mfu: 0.00 | epoch: 1 pq: 0 rg: 29 | total time: 3.47m | eta: 42.5m
step 00298/03814 (7.81%) | loss: 3.842471 | lrm: 1.00 | dt: 728.62ms | tok/sec: 89,944 | bf16_mfu: 0.00 | epoch: 1 pq: 0 rg: 30 | total time: 3.48m | eta: 42.5m
step 00299/03814 (7.84%) | loss: 3.839809 | lrm: 1.00 | dt: 727.02ms | tok/sec: 90,143 | bf16_mfu: 0.00 | epoch: 1 pq: 0 rg: 30 | total time: 3.50m | eta: 42.5m
step 00300/03814 (7.87%) | loss: 3.848516 | lrm: 1.00 | dt: 730.50ms | tok/sec: 89,713 | bf16_mfu: 0.00 | epoch: 1 pq: 0 rg: 30 | total time: 3.51m | eta: 42.5m
step 00301/03814 (7.89%) | loss: 3.855205 | lrm: 1.00 | dt: 729.15ms | tok/sec: 89,879 | bf16_mfu: 0.00 | epoch: 1 pq: 0 rg: 30 | total time: 3.52m | eta: 42.5m
step 00302/03814 (7.92%) | loss: 3.842301 | lrm: 1.00 | dt: 727.54ms | tok/sec: 90,078 | bf16_mfu: 0.00 | epoch: 1 pq: 0 rg: 30 | total time: 3.53m | eta: 42.5m
step 00303/03814 (7.94%) | loss: 3.831246 | lrm: 1.00 | dt: 728.84ms | tok/sec: 89,918 | bf16_mfu: 0.00 | epoch: 1 pq: 0 rg: 30 | total time: 3.54m | eta: 42.5m
step 00304/03814 (7.97%) | loss: 3.842603 | lrm: 1.00 | dt: 730.30ms | tok/sec: 89,738 | bf16_mfu: 0.00 | epoch: 1 pq: 0 rg: 30 | total time: 3.56m | eta: 42.5m
step 00305/03814 (8.00%) | loss: 3.865712 | lrm: 1.00 | dt: 729.14ms | tok/sec: 89,881 | bf16_mfu: 0.00 | epoch: 1 pq: 0 rg: 30 | total time: 3.57m | eta: 42.4m
step 00306/03814 (8.02%) | loss: 3.864716 | lrm: 1.00 | dt: 729.83ms | tok/sec: 89,796 | bf16_mfu: 0.00 | epoch: 1 pq: 0 rg: 30 | total time: 3.58m | eta: 42.4m
step 00307/03814 (8.05%) | loss: 3.857106 | lrm: 1.00 | dt: 728.49ms | tok/sec: 89,961 | bf16_mfu: 0.00 | epoch: 1 pq: 0 rg: 30 | total time: 3.59m | eta: 42.4m
step 00308/03814 (8.08%) | loss: 3.853193 | lrm: 1.00 | dt: 727.32ms | tok/sec: 90,106 | bf16_mfu: 0.00 | epoch: 1 pq: 0 rg: 30 | total time: 3.60m | eta: 42.4m
step 00309/03814 (8.10%) | loss: 3.834824 | lrm: 1.00 | dt: 727.99ms | tok/sec: 90,023 | bf16_mfu: 0.00 | epoch: 1 pq: 0 rg: 31 | total time: 3.62m | eta: 42.4m
step 00310/03814 (8.13%) | loss: 3.835383 | lrm: 1.00 | dt: 727.00ms | tok/sec: 90,145 | bf16_mfu: 0.00 | epoch: 1 pq: 0 rg: 31 | total time: 3.63m | eta: 42.4m
step 00311/03814 (8.15%) | loss: 3.815105 | lrm: 1.00 | dt: 728.97ms | tok/sec: 89,902 | bf16_mfu: 0.00 | epoch: 1 pq: 0 rg: 31 | total time: 3.64m | eta: 42.4m
step 00312/03814 (8.18%) | loss: 3.802987 | lrm: 1.00 | dt: 725.17ms | tok/sec: 90,373 | bf16_mfu: 0.00 | epoch: 1 pq: 0 rg: 31 | total time: 3.65m | eta: 42.4m
step 00313/03814 (8.21%) | loss: 3.801969 | lrm: 1.00 | dt: 725.09ms | tok/sec: 90,382 | bf16_mfu: 0.00 | epoch: 1 pq: 0 rg: 31 | total time: 3.67m | eta: 42.4m
step 00314/03814 (8.23%) | loss: 3.798123 | lrm: 1.00 | dt: 725.63ms | tok/sec: 90,315 | bf16_mfu: 0.00 | epoch: 1 pq: 0 rg: 31 | total time: 3.68m | eta: 42.3m
step 00315/03814 (8.26%) | loss: 3.782559 | lrm: 1.00 | dt: 728.24ms | tok/sec: 89,992 | bf16_mfu: 0.00 | epoch: 1 pq: 0 rg: 31 | total time: 3.69m | eta: 42.3m
step 00316/03814 (8.29%) | loss: 3.768742 | lrm: 1.00 | dt: 727.50ms | tok/sec: 90,083 | bf16_mfu: 0.00 | epoch: 1 pq: 0 rg: 31 | total time: 3.70m | eta: 42.3m
step 00317/03814 (8.31%) | loss: 3.773116 | lrm: 1.00 | dt: 730.61ms | tok/sec: 89,699 | bf16_mfu: 0.00 | epoch: 1 pq: 0 rg: 31 | total time: 3.71m | eta: 42.3m
step 00318/03814 (8.34%) | loss: 3.777433 | lrm: 1.00 | dt: 730.31ms | tok/sec: 89,737 | bf16_mfu: 0.00 | epoch: 1 pq: 0 rg: 31 | total time: 3.73m | eta: 42.3m
step 00319/03814 (8.36%) | loss: 3.775692 | lrm: 1.00 | dt: 732.91ms | tok/sec: 89,418 | bf16_mfu: 0.00 | epoch: 1 pq: 0 rg: 32 | total time: 3.74m | eta: 42.3m
step 00320/03814 (8.39%) | loss: 3.771505 | lrm: 1.00 | dt: 730.42ms | tok/sec: 89,724 | bf16_mfu: 0.00 | epoch: 1 pq: 0 rg: 32 | total time: 3.75m | eta: 42.3m
step 00321/03814 (8.42%) | loss: 3.768775 | lrm: 1.00 | dt: 729.16ms | tok/sec: 89,879 | bf16_mfu: 0.00 | epoch: 1 pq: 0 rg: 32 | total time: 3.76m | eta: 42.3m
step 00322/03814 (8.44%) | loss: 3.754023 | lrm: 1.00 | dt: 729.42ms | tok/sec: 89,847 | bf16_mfu: 0.00 | epoch: 1 pq: 0 rg: 32 | total time: 3.77m | eta: 42.2m
step 00323/03814 (8.47%) | loss: 3.754135 | lrm: 1.00 | dt: 729.57ms | tok/sec: 89,828 | bf16_mfu: 0.00 | epoch: 1 pq: 0 rg: 32 | total time: 3.79m | eta: 42.2m
step 00324/03814 (8.50%) | loss: 3.729230 | lrm: 1.00 | dt: 734.79ms | tok/sec: 89,190 | bf16_mfu: 0.00 | epoch: 1 pq: 0 rg: 32 | total time: 3.80m | eta: 42.2m
step 00325/03814 (8.52%) | loss: 3.719285 | lrm: 1.00 | dt: 726.44ms | tok/sec: 90,215 | bf16_mfu: 0.00 | epoch: 1 pq: 0 rg: 32 | total time: 3.81m | eta: 42.2m
step 00326/03814 (8.55%) | loss: 3.737023 | lrm: 1.00 | dt: 731.69ms | tok/sec: 89,567 | bf16_mfu: 0.00 | epoch: 1 pq: 0 rg: 32 | total time: 3.82m | eta: 42.2m
step 00327/03814 (8.57%) | loss: 3.735101 | lrm: 1.00 | dt: 726.98ms | tok/sec: 90,147 | bf16_mfu: 0.00 | epoch: 1 pq: 0 rg: 32 | total time: 3.84m | eta: 42.2m
step 00328/03814 (8.60%) | loss: 3.730542 | lrm: 1.00 | dt: 727.70ms | tok/sec: 90,058 | bf16_mfu: 0.00 | epoch: 1 pq: 0 rg: 32 | total time: 3.85m | eta: 42.2m
step 00329/03814 (8.63%) | loss: 3.719490 | lrm: 1.00 | dt: 728.18ms | tok/sec: 89,999 | bf16_mfu: 0.00 | epoch: 1 pq: 0 rg: 33 | total time: 3.86m | eta: 42.2m
step 00330/03814 (8.65%) | loss: 3.710765 | lrm: 1.00 | dt: 727.58ms | tok/sec: 90,073 | bf16_mfu: 0.00 | epoch: 1 pq: 0 rg: 33 | total time: 3.87m | eta: 42.2m
step 00331/03814 (8.68%) | loss: 3.701400 | lrm: 1.00 | dt: 731.97ms | tok/sec: 89,534 | bf16_mfu: 0.00 | epoch: 1 pq: 0 rg: 33 | total time: 3.88m | eta: 42.1m
step 00332/03814 (8.70%) | loss: 3.687980 | lrm: 1.00 | dt: 726.98ms | tok/sec: 90,148 | bf16_mfu: 0.00 | epoch: 1 pq: 0 rg: 33 | total time: 3.90m | eta: 42.1m
step 00333/03814 (8.73%) | loss: 3.690940 | lrm: 1.00 | dt: 725.81ms | tok/sec: 90,293 | bf16_mfu: 0.00 | epoch: 1 pq: 0 rg: 33 | total time: 3.91m | eta: 42.1m
step 00334/03814 (8.76%) | loss: 3.680349 | lrm: 1.00 | dt: 726.03ms | tok/sec: 90,266 | bf16_mfu: 0.00 | epoch: 1 pq: 0 rg: 33 | total time: 3.92m | eta: 42.1m
step 00335/03814 (8.78%) | loss: 3.685282 | lrm: 1.00 | dt: 726.28ms | tok/sec: 90,234 | bf16_mfu: 0.00 | epoch: 1 pq: 0 rg: 33 | total time: 3.93m | eta: 42.1m
step 00336/03814 (8.81%) | loss: 3.674358 | lrm: 1.00 | dt: 729.64ms | tok/sec: 89,819 | bf16_mfu: 0.00 | epoch: 1 pq: 0 rg: 33 | total time: 3.94m | eta: 42.1m
step 00337/03814 (8.84%) | loss: 3.681858 | lrm: 1.00 | dt: 724.21ms | tok/sec: 90,492 | bf16_mfu: 0.00 | epoch: 1 pq: 0 rg: 33 | total time: 3.96m | eta: 42.1m
step 00338/03814 (8.86%) | loss: 3.672818 | lrm: 1.00 | dt: 727.57ms | tok/sec: 90,075 | bf16_mfu: 0.00 | epoch: 1 pq: 0 rg: 33 | total time: 3.97m | eta: 42.1m
step 00339/03814 (8.89%) | loss: 3.662070 | lrm: 1.00 | dt: 726.78ms | tok/sec: 90,173 | bf16_mfu: 0.00 | epoch: 1 pq: 0 rg: 33 | total time: 3.98m | eta: 42.0m
step 00340/03814 (8.91%) | loss: 3.653311 | lrm: 1.00 | dt: 732.95ms | tok/sec: 89,413 | bf16_mfu: 0.00 | epoch: 1 pq: 0 rg: 34 | total time: 3.99m | eta: 42.0m
step 00341/03814 (8.94%) | loss: 3.634966 | lrm: 1.00 | dt: 727.05ms | tok/sec: 90,139 | bf16_mfu: 0.00 | epoch: 1 pq: 0 rg: 34 | total time: 4.01m | eta: 42.0m
step 00342/03814 (8.97%) | loss: 3.645118 | lrm: 1.00 | dt: 726.83ms | tok/sec: 90,166 | bf16_mfu: 0.00 | epoch: 1 pq: 0 rg: 34 | total time: 4.02m | eta: 42.0m
step 00343/03814 (8.99%) | loss: 3.647273 | lrm: 1.00 | dt: 727.76ms | tok/sec: 90,051 | bf16_mfu: 0.00 | epoch: 1 pq: 0 rg: 34 | total time: 4.03m | eta: 42.0m
step 00344/03814 (9.02%) | loss: 3.652071 | lrm: 1.00 | dt: 731.00ms | tok/sec: 89,651 | bf16_mfu: 0.00 | epoch: 1 pq: 0 rg: 34 | total time: 4.04m | eta: 42.0m
step 00345/03814 (9.05%) | loss: 3.641726 | lrm: 1.00 | dt: 727.49ms | tok/sec: 90,084 | bf16_mfu: 0.00 | epoch: 1 pq: 0 rg: 34 | total time: 4.05m | eta: 42.0m
step 00346/03814 (9.07%) | loss: 3.628648 | lrm: 1.00 | dt: 726.53ms | tok/sec: 90,203 | bf16_mfu: 0.00 | epoch: 1 pq: 0 rg: 34 | total time: 4.07m | eta: 42.0m
step 00347/03814 (9.10%) | loss: 3.619512 | lrm: 1.00 | dt: 728.50ms | tok/sec: 89,959 | bf16_mfu: 0.00 | epoch: 1 pq: 0 rg: 34 | total time: 4.08m | eta: 42.0m
step 00348/03814 (9.12%) | loss: 3.625605 | lrm: 1.00 | dt: 728.49ms | tok/sec: 89,960 | bf16_mfu: 0.00 | epoch: 1 pq: 0 rg: 34 | total time: 4.09m | eta: 41.9m
step 00349/03814 (9.15%) | loss: 3.616993 | lrm: 1.00 | dt: 728.27ms | tok/sec: 89,988 | bf16_mfu: 0.00 | epoch: 1 pq: 0 rg: 34 | total time: 4.10m | eta: 41.9m
step 00350/03814 (9.18%) | loss: 3.615141 | lrm: 1.00 | dt: 728.30ms | tok/sec: 89,985 | bf16_mfu: 0.00 | epoch: 1 pq: 0 rg: 34 | total time: 4.11m | eta: 41.9m
step 00351/03814 (9.20%) | loss: 3.622110 | lrm: 1.00 | dt: 729.84ms | tok/sec: 89,795 | bf16_mfu: 0.00 | epoch: 1 pq: 0 rg: 35 | total time: 4.13m | eta: 41.9m
step 00352/03814 (9.23%) | loss: 3.637186 | lrm: 1.00 | dt: 726.78ms | tok/sec: 90,173 | bf16_mfu: 0.00 | epoch: 1 pq: 0 rg: 35 | total time: 4.14m | eta: 41.9m
step 00353/03814 (9.26%) | loss: 3.622899 | lrm: 1.00 | dt: 730.66ms | tok/sec: 89,693 | bf16_mfu: 0.00 | epoch: 1 pq: 0 rg: 35 | total time: 4.15m | eta: 41.9m
step 00354/03814 (9.28%) | loss: 3.626536 | lrm: 1.00 | dt: 730.23ms | tok/sec: 89,747 | bf16_mfu: 0.00 | epoch: 1 pq: 0 rg: 35 | total time: 4.16m | eta: 41.9m
step 00355/03814 (9.31%) | loss: 3.615222 | lrm: 1.00 | dt: 728.02ms | tok/sec: 90,019 | bf16_mfu: 0.00 | epoch: 1 pq: 0 rg: 35 | total time: 4.18m | eta: 41.9m
step 00356/03814 (9.33%) | loss: 3.618231 | lrm: 1.00 | dt: 726.53ms | tok/sec: 90,203 | bf16_mfu: 0.00 | epoch: 1 pq: 0 rg: 35 | total time: 4.19m | eta: 41.9m
step 00357/03814 (9.36%) | loss: 3.621989 | lrm: 1.00 | dt: 728.66ms | tok/sec: 89,940 | bf16_mfu: 0.00 | epoch: 1 pq: 0 rg: 35 | total time: 4.20m | eta: 41.8m
step 00358/03814 (9.39%) | loss: 3.639508 | lrm: 1.00 | dt: 728.70ms | tok/sec: 89,936 | bf16_mfu: 0.00 | epoch: 1 pq: 0 rg: 35 | total time: 4.21m | eta: 41.8m
step 00359/03814 (9.41%) | loss: 3.625300 | lrm: 1.00 | dt: 732.46ms | tok/sec: 89,473 | bf16_mfu: 0.00 | epoch: 1 pq: 0 rg: 35 | total time: 4.22m | eta: 41.8m
step 00360/03814 (9.44%) | loss: 3.631292 | lrm: 1.00 | dt: 726.20ms | tok/sec: 90,245 | bf16_mfu: 0.00 | epoch: 1 pq: 0 rg: 35 | total time: 4.24m | eta: 41.8m
step 00361/03814 (9.47%) | loss: 3.658555 | lrm: 1.00 | dt: 731.56ms | tok/sec: 89,583 | bf16_mfu: 0.00 | epoch: 1 pq: 0 rg: 36 | total time: 4.25m | eta: 41.8m
step 00362/03814 (9.49%) | loss: 3.649614 | lrm: 1.00 | dt: 723.40ms | tok/sec: 90,594 | bf16_mfu: 0.00 | epoch: 1 pq: 0 rg: 36 | total time: 4.26m | eta: 41.8m
step 00363/03814 (9.52%) | loss: 3.647670 | lrm: 1.00 | dt: 729.71ms | tok/sec: 89,810 | bf16_mfu: 0.00 | epoch: 1 pq: 0 rg: 36 | total time: 4.27m | eta: 41.8m
step 00364/03814 (9.54%) | loss: 3.658360 | lrm: 1.00 | dt: 727.98ms | tok/sec: 90,024 | bf16_mfu: 0.00 | epoch: 1 pq: 0 rg: 36 | total time: 4.28m | eta: 41.8m
step 00365/03814 (9.57%) | loss: 3.663740 | lrm: 1.00 | dt: 727.39ms | tok/sec: 90,097 | bf16_mfu: 0.00 | epoch: 1 pq: 0 rg: 36 | total time: 4.30m | eta: 41.7m
step 00366/03814 (9.60%) | loss: 3.648145 | lrm: 1.00 | dt: 730.19ms | tok/sec: 89,752 | bf16_mfu: 0.00 | epoch: 1 pq: 0 rg: 36 | total time: 4.31m | eta: 41.7m
step 00367/03814 (9.62%) | loss: 3.639086 | lrm: 1.00 | dt: 728.05ms | tok/sec: 90,016 | bf16_mfu: 0.00 | epoch: 1 pq: 0 rg: 36 | total time: 4.32m | eta: 41.7m
step 00368/03814 (9.65%) | loss: 3.636751 | lrm: 1.00 | dt: 727.72ms | tok/sec: 90,056 | bf16_mfu: 0.00 | epoch: 1 pq: 0 rg: 36 | total time: 4.33m | eta: 41.7m
step 00369/03814 (9.67%) | loss: 3.656179 | lrm: 1.00 | dt: 731.11ms | tok/sec: 89,638 | bf16_mfu: 0.00 | epoch: 1 pq: 0 rg: 36 | total time: 4.35m | eta: 41.7m
step 00370/03814 (9.70%) | loss: 3.643492 | lrm: 1.00 | dt: 727.44ms | tok/sec: 90,090 | bf16_mfu: 0.00 | epoch: 1 pq: 0 rg: 36 | total time: 4.36m | eta: 41.7m
step 00371/03814 (9.73%) | loss: 3.641373 | lrm: 1.00 | dt: 735.18ms | tok/sec: 89,142 | bf16_mfu: 0.00 | epoch: 1 pq: 0 rg: 37 | total time: 4.37m | eta: 41.7m
step 00372/03814 (9.75%) | loss: 3.639245 | lrm: 1.00 | dt: 725.10ms | tok/sec: 90,382 | bf16_mfu: 0.00 | epoch: 1 pq: 0 rg: 37 | total time: 4.38m | eta: 41.7m
step 00373/03814 (9.78%) | loss: 3.654912 | lrm: 1.00 | dt: 728.72ms | tok/sec: 89,933 | bf16_mfu: 0.00 | epoch: 1 pq: 0 rg: 37 | total time: 4.39m | eta: 41.7m
step 00374/03814 (9.81%) | loss: 3.653592 | lrm: 1.00 | dt: 727.51ms | tok/sec: 90,082 | bf16_mfu: 0.00 | epoch: 1 pq: 0 rg: 37 | total time: 4.41m | eta: 41.6m
step 00375/03814 (9.83%) | loss: 3.635693 | lrm: 1.00 | dt: 727.50ms | tok/sec: 90,083 | bf16_mfu: 0.00 | epoch: 1 pq: 0 rg: 37 | total time: 4.42m | eta: 41.6m
step 00376/03814 (9.86%) | loss: 3.643166 | lrm: 1.00 | dt: 727.94ms | tok/sec: 90,029 | bf16_mfu: 0.00 | epoch: 1 pq: 0 rg: 37 | total time: 4.43m | eta: 41.6m
step 00377/03814 (9.88%) | loss: 3.636227 | lrm: 1.00 | dt: 722.84ms | tok/sec: 90,665 | bf16_mfu: 0.00 | epoch: 1 pq: 0 rg: 37 | total time: 4.44m | eta: 41.6m
step 00378/03814 (9.91%) | loss: 3.646790 | lrm: 1.00 | dt: 722.46ms | tok/sec: 90,712 | bf16_mfu: 0.00 | epoch: 1 pq: 0 rg: 37 | total time: 4.45m | eta: 41.6m
step 00379/03814 (9.94%) | loss: 3.646489 | lrm: 1.00 | dt: 724.08ms | tok/sec: 90,509 | bf16_mfu: 0.00 | epoch: 1 pq: 0 rg: 37 | total time: 4.47m | eta: 41.6m
step 00380/03814 (9.96%) | loss: 3.638185 | lrm: 1.00 | dt: 728.59ms | tok/sec: 89,949 | bf16_mfu: 0.00 | epoch: 1 pq: 0 rg: 37 | total time: 4.48m | eta: 41.6m
step 00381/03814 (9.99%) | loss: 3.630418 | lrm: 1.00 | dt: 727.87ms | tok/sec: 90,037 | bf16_mfu: 0.00 | epoch: 1 pq: 0 rg: 37 | total time: 4.49m | eta: 41.6m
step 00382/03814 (10.02%) | loss: 3.656792 | lrm: 1.00 | dt: 729.22ms | tok/sec: 89,871 | bf16_mfu: 0.00 | epoch: 1 pq: 0 rg: 38 | total time: 4.50m | eta: 41.5m
step 00383/03814 (10.04%) | loss: 3.657716 | lrm: 1.00 | dt: 725.55ms | tok/sec: 90,325 | bf16_mfu: 0.00 | epoch: 1 pq: 0 rg: 38 | total time: 4.52m | eta: 41.5m
step 00384/03814 (10.07%) | loss: 3.650921 | lrm: 1.00 | dt: 728.26ms | tok/sec: 89,990 | bf16_mfu: 0.00 | epoch: 1 pq: 0 rg: 38 | total time: 4.53m | eta: 41.5m
step 00385/03814 (10.09%) | loss: 3.644370 | lrm: 1.00 | dt: 731.13ms | tok/sec: 89,636 | bf16_mfu: 0.00 | epoch: 1 pq: 0 rg: 38 | total time: 4.54m | eta: 41.5m
step 00386/03814 (10.12%) | loss: 3.664282 | lrm: 1.00 | dt: 726.54ms | tok/sec: 90,203 | bf16_mfu: 0.00 | epoch: 1 pq: 0 rg: 38 | total time: 4.55m | eta: 41.5m
step 00387/03814 (10.15%) | loss: 3.669144 | lrm: 1.00 | dt: 726.21ms | tok/sec: 90,243 | bf16_mfu: 0.00 | epoch: 1 pq: 0 rg: 38 | total time: 4.56m | eta: 41.5m
step 00388/03814 (10.17%) | loss: 3.654205 | lrm: 1.00 | dt: 722.08ms | tok/sec: 90,759 | bf16_mfu: 0.00 | epoch: 1 pq: 0 rg: 38 | total time: 4.58m | eta: 41.5m
step 00389/03814 (10.20%) | loss: 3.641922 | lrm: 1.00 | dt: 723.37ms | tok/sec: 90,598 | bf16_mfu: 0.00 | epoch: 1 pq: 0 rg: 38 | total time: 4.59m | eta: 41.5m
step 00390/03814 (10.23%) | loss: 3.653333 | lrm: 1.00 | dt: 726.61ms | tok/sec: 90,194 | bf16_mfu: 0.00 | epoch: 1 pq: 0 rg: 38 | total time: 4.60m | eta: 41.4m
step 00391/03814 (10.25%) | loss: 3.652659 | lrm: 1.00 | dt: 727.02ms | tok/sec: 90,142 | bf16_mfu: 0.00 | epoch: 1 pq: 0 rg: 38 | total time: 4.61m | eta: 41.4m
step 00392/03814 (10.28%) | loss: 3.646266 | lrm: 1.00 | dt: 728.48ms | tok/sec: 89,962 | bf16_mfu: 0.00 | epoch: 1 pq: 0 rg: 39 | total time: 4.62m | eta: 41.4m
step 00393/03814 (10.30%) | loss: 3.631865 | lrm: 1.00 | dt: 726.51ms | tok/sec: 90,206 | bf16_mfu: 0.00 | epoch: 1 pq: 0 rg: 39 | total time: 4.64m | eta: 41.4m
step 00394/03814 (10.33%) | loss: 3.638067 | lrm: 1.00 | dt: 731.73ms | tok/sec: 89,562 | bf16_mfu: 0.00 | epoch: 1 pq: 0 rg: 39 | total time: 4.65m | eta: 41.4m
step 00395/03814 (10.36%) | loss: 3.646896 | lrm: 1.00 | dt: 723.81ms | tok/sec: 90,542 | bf16_mfu: 0.00 | epoch: 1 pq: 0 rg: 39 | total time: 4.66m | eta: 41.4m
step 00396/03814 (10.38%) | loss: 3.644335 | lrm: 1.00 | dt: 722.77ms | tok/sec: 90,673 | bf16_mfu: 0.00 | epoch: 1 pq: 0 rg: 39 | total time: 4.67m | eta: 41.4m
step 00397/03814 (10.41%) | loss: 3.636181 | lrm: 1.00 | dt: 720.07ms | tok/sec: 91,013 | bf16_mfu: 0.00 | epoch: 1 pq: 0 rg: 39 | total time: 4.68m | eta: 41.4m
step 00398/03814 (10.44%) | loss: 3.625822 | lrm: 1.00 | dt: 724.61ms | tok/sec: 90,443 | bf16_mfu: 0.00 | epoch: 1 pq: 0 rg: 39 | total time: 4.70m | eta: 41.3m
step 00399/03814 (10.46%) | loss: 3.610758 | lrm: 1.00 | dt: 729.67ms | tok/sec: 89,815 | bf16_mfu: 0.00 | epoch: 1 pq: 0 rg: 39 | total time: 4.71m | eta: 41.3m
step 00400/03814 (10.49%) | loss: 3.609221 | lrm: 1.00 | dt: 718.56ms | tok/sec: 91,205 | bf16_mfu: 0.00 | epoch: 1 pq: 0 rg: 39 | total time: 4.72m | eta: 41.3m
step 00401/03814 (10.51%) | loss: 3.597889 | lrm: 1.00 | dt: 722.54ms | tok/sec: 90,701 | bf16_mfu: 0.00 | epoch: 1 pq: 0 rg: 39 | total time: 4.73m | eta: 41.3m
step 00402/03814 (10.54%) | loss: 3.601340 | lrm: 1.00 | dt: 726.20ms | tok/sec: 90,245 | bf16_mfu: 0.00 | epoch: 1 pq: 0 rg: 39 | total time: 4.74m | eta: 41.3m
step 00403/03814 (10.57%) | loss: 3.598299 | lrm: 1.00 | dt: 721.22ms | tok/sec: 90,867 | bf16_mfu: 0.00 | epoch: 1 pq: 0 rg: 40 | total time: 4.76m | eta: 41.3m
step 00404/03814 (10.59%) | loss: 3.587708 | lrm: 1.00 | dt: 722.96ms | tok/sec: 90,649 | bf16_mfu: 0.00 | epoch: 1 pq: 0 rg: 40 | total time: 4.77m | eta: 41.3m
step 00405/03814 (10.62%) | loss: 3.573189 | lrm: 1.00 | dt: 759.77ms | tok/sec: 86,258 | bf16_mfu: 0.00 | epoch: 1 pq: 0 rg: 40 | total time: 4.78m | eta: 41.3m
step 00406/03814 (10.64%) | loss: 3.571107 | lrm: 1.00 | dt: 723.84ms | tok/sec: 90,539 | bf16_mfu: 0.00 | epoch: 1 pq: 0 rg: 40 | total time: 4.79m | eta: 41.3m
step 00407/03814 (10.67%) | loss: 3.566021 | lrm: 1.00 | dt: 732.86ms | tok/sec: 89,424 | bf16_mfu: 0.00 | epoch: 1 pq: 0 rg: 40 | total time: 4.81m | eta: 41.2m
step 00408/03814 (10.70%) | loss: 3.584586 | lrm: 1.00 | dt: 722.98ms | tok/sec: 90,647 | bf16_mfu: 0.00 | epoch: 1 pq: 0 rg: 40 | total time: 4.82m | eta: 41.2m
step 00409/03814 (10.72%) | loss: 3.568579 | lrm: 1.00 | dt: 724.70ms | tok/sec: 90,432 | bf16_mfu: 0.00 | epoch: 1 pq: 0 rg: 40 | total time: 4.83m | eta: 41.2m
step 00410/03814 (10.75%) | loss: 3.550165 | lrm: 1.00 | dt: 727.03ms | tok/sec: 90,141 | bf16_mfu: 0.00 | epoch: 1 pq: 0 rg: 40 | total time: 4.84m | eta: 41.2m
step 00411/03814 (10.78%) | loss: 3.547254 | lrm: 1.00 | dt: 721.88ms | tok/sec: 90,785 | bf16_mfu: 0.00 | epoch: 1 pq: 0 rg: 40 | total time: 4.85m | eta: 41.2m
step 00412/03814 (10.80%) | loss: 3.557084 | lrm: 1.00 | dt: 721.19ms | tok/sec: 90,871 | bf16_mfu: 0.00 | epoch: 1 pq: 0 rg: 40 | total time: 4.87m | eta: 41.2m
step 00413/03814 (10.83%) | loss: 3.558045 | lrm: 1.00 | dt: 733.82ms | tok/sec: 89,308 | bf16_mfu: 0.00 | epoch: 1 pq: 0 rg: 41 | total time: 4.88m | eta: 41.2m
step 00414/03814 (10.85%) | loss: 3.550688 | lrm: 1.00 | dt: 724.92ms | tok/sec: 90,404 | bf16_mfu: 0.00 | epoch: 1 pq: 0 rg: 41 | total time: 4.89m | eta: 41.2m
step 00415/03814 (10.88%) | loss: 3.548498 | lrm: 1.00 | dt: 727.10ms | tok/sec: 90,132 | bf16_mfu: 0.00 | epoch: 1 pq: 0 rg: 41 | total time: 4.90m | eta: 41.1m
step 00416/03814 (10.91%) | loss: 3.545084 | lrm: 1.00 | dt: 722.66ms | tok/sec: 90,686 | bf16_mfu: 0.00 | epoch: 1 pq: 0 rg: 41 | total time: 4.91m | eta: 41.1m
step 00417/03814 (10.93%) | loss: 3.565402 | lrm: 1.00 | dt: 721.48ms | tok/sec: 90,835 | bf16_mfu: 0.00 | epoch: 1 pq: 0 rg: 41 | total time: 4.93m | eta: 41.1m
step 00418/03814 (10.96%) | loss: 3.550916 | lrm: 1.00 | dt: 726.88ms | tok/sec: 90,161 | bf16_mfu: 0.00 | epoch: 1 pq: 0 rg: 41 | total time: 4.94m | eta: 41.1m
step 00419/03814 (10.99%) | loss: 3.555929 | lrm: 1.00 | dt: 722.18ms | tok/sec: 90,746 | bf16_mfu: 0.00 | epoch: 1 pq: 0 rg: 41 | total time: 4.95m | eta: 41.1m
step 00420/03814 (11.01%) | loss: 3.565585 | lrm: 1.00 | dt: 724.91ms | tok/sec: 90,405 | bf16_mfu: 0.00 | epoch: 1 pq: 0 rg: 41 | total time: 4.96m | eta: 41.1m
step 00421/03814 (11.04%) | loss: 3.569445 | lrm: 1.00 | dt: 721.66ms | tok/sec: 90,813 | bf16_mfu: 0.00 | epoch: 1 pq: 0 rg: 41 | total time: 4.97m | eta: 41.1m
step 00422/03814 (11.06%) | loss: 3.570072 | lrm: 1.00 | dt: 725.97ms | tok/sec: 90,273 | bf16_mfu: 0.00 | epoch: 1 pq: 0 rg: 41 | total time: 4.99m | eta: 41.1m
step 00423/03814 (11.09%) | loss: 3.568935 | lrm: 1.00 | dt: 721.21ms | tok/sec: 90,869 | bf16_mfu: 0.00 | epoch: 1 pq: 0 rg: 42 | total time: 5.00m | eta: 41.0m
step 00424/03814 (11.12%) | loss: 3.578219 | lrm: 1.00 | dt: 723.68ms | tok/sec: 90,559 | bf16_mfu: 0.00 | epoch: 1 pq: 0 rg: 42 | total time: 5.01m | eta: 41.0m
step 00425/03814 (11.14%) | loss: 3.584403 | lrm: 1.00 | dt: 726.18ms | tok/sec: 90,248 | bf16_mfu: 0.00 | epoch: 1 pq: 0 rg: 42 | total time: 5.02m | eta: 41.0m
step 00426/03814 (11.17%) | loss: 3.571378 | lrm: 1.00 | dt: 717.26ms | tok/sec: 91,369 | bf16_mfu: 0.00 | epoch: 1 pq: 0 rg: 42 | total time: 5.04m | eta: 41.0m
step 00427/03814 (11.20%) | loss: 3.563467 | lrm: 1.00 | dt: 726.86ms | tok/sec: 90,162 | bf16_mfu: 0.00 | epoch: 1 pq: 0 rg: 42 | total time: 5.05m | eta: 41.0m
step 00428/03814 (11.22%) | loss: 3.559484 | lrm: 1.00 | dt: 724.82ms | tok/sec: 90,416 | bf16_mfu: 0.00 | epoch: 1 pq: 0 rg: 42 | total time: 5.06m | eta: 41.0m
step 00429/03814 (11.25%) | loss: 3.551815 | lrm: 1.00 | dt: 720.90ms | tok/sec: 90,908 | bf16_mfu: 0.00 | epoch: 1 pq: 0 rg: 42 | total time: 5.07m | eta: 41.0m
step 00430/03814 (11.27%) | loss: 3.582601 | lrm: 1.00 | dt: 721.56ms | tok/sec: 90,825 | bf16_mfu: 0.00 | epoch: 1 pq: 0 rg: 42 | total time: 5.08m | eta: 41.0m
step 00431/03814 (11.30%) | loss: 3.581304 | lrm: 1.00 | dt: 724.90ms | tok/sec: 90,407 | bf16_mfu: 0.00 | epoch: 1 pq: 0 rg: 42 | total time: 5.10m | eta: 40.9m
step 00432/03814 (11.33%) | loss: 3.572386 | lrm: 1.00 | dt: 720.69ms | tok/sec: 90,934 | bf16_mfu: 0.00 | epoch: 1 pq: 0 rg: 42 | total time: 5.11m | eta: 40.9m
step 00433/03814 (11.35%) | loss: 3.574086 | lrm: 1.00 | dt: 765.56ms | tok/sec: 85,605 | bf16_mfu: 0.00 | epoch: 1 pq: 0 rg: 42 | total time: 5.12m | eta: 40.9m
step 00434/03814 (11.38%) | loss: 3.580731 | lrm: 1.00 | dt: 721.81ms | tok/sec: 90,793 | bf16_mfu: 0.00 | epoch: 1 pq: 0 rg: 43 | total time: 5.13m | eta: 40.9m
step 00435/03814 (11.41%) | loss: 3.588328 | lrm: 1.00 | dt: 725.45ms | tok/sec: 90,338 | bf16_mfu: 0.00 | epoch: 1 pq: 0 rg: 43 | total time: 5.14m | eta: 40.9m
step 00436/03814 (11.43%) | loss: 3.590907 | lrm: 1.00 | dt: 719.41ms | tok/sec: 91,097 | bf16_mfu: 0.00 | epoch: 1 pq: 0 rg: 43 | total time: 5.16m | eta: 40.9m
step 00437/03814 (11.46%) | loss: 3.583018 | lrm: 1.00 | dt: 726.02ms | tok/sec: 90,267 | bf16_mfu: 0.00 | epoch: 1 pq: 0 rg: 43 | total time: 5.17m | eta: 40.9m
step 00438/03814 (11.48%) | loss: 3.584834 | lrm: 1.00 | dt: 716.95ms | tok/sec: 91,409 | bf16_mfu: 0.00 | epoch: 1 pq: 0 rg: 43 | total time: 5.18m | eta: 40.9m
step 00439/03814 (11.51%) | loss: 3.594040 | lrm: 1.00 | dt: 720.71ms | tok/sec: 90,932 | bf16_mfu: 0.00 | epoch: 1 pq: 0 rg: 43 | total time: 5.19m | eta: 40.8m
step 00440/03814 (11.54%) | loss: 3.572870 | lrm: 1.00 | dt: 718.43ms | tok/sec: 91,221 | bf16_mfu: 0.00 | epoch: 1 pq: 0 rg: 43 | total time: 5.20m | eta: 40.8m
step 00441/03814 (11.56%) | loss: 3.569082 | lrm: 1.00 | dt: 720.13ms | tok/sec: 91,005 | bf16_mfu: 0.00 | epoch: 1 pq: 0 rg: 43 | total time: 5.22m | eta: 40.8m
step 00442/03814 (11.59%) | loss: 3.573834 | lrm: 1.00 | dt: 718.69ms | tok/sec: 91,188 | bf16_mfu: 0.00 | epoch: 1 pq: 0 rg: 43 | total time: 5.23m | eta: 40.8m
step 00443/03814 (11.62%) | loss: 3.558484 | lrm: 1.00 | dt: 719.10ms | tok/sec: 91,135 | bf16_mfu: 0.00 | epoch: 1 pq: 0 rg: 43 | total time: 5.24m | eta: 40.8m
step 00444/03814 (11.64%) | loss: 3.545514 | lrm: 1.00 | dt: 724.59ms | tok/sec: 90,445 | bf16_mfu: 0.00 | epoch: 1 pq: 0 rg: 44 | total time: 5.25m | eta: 40.8m
step 00445/03814 (11.67%) | loss: 3.529197 | lrm: 1.00 | dt: 718.44ms | tok/sec: 91,220 | bf16_mfu: 0.00 | epoch: 1 pq: 0 rg: 44 | total time: 5.26m | eta: 40.8m
step 00446/03814 (11.69%) | loss: 3.524514 | lrm: 1.00 | dt: 721.84ms | tok/sec: 90,790 | bf16_mfu: 0.00 | epoch: 1 pq: 0 rg: 44 | total time: 5.28m | eta: 40.8m
step 00447/03814 (11.72%) | loss: 3.536910 | lrm: 1.00 | dt: 727.98ms | tok/sec: 90,023 | bf16_mfu: 0.00 | epoch: 1 pq: 0 rg: 44 | total time: 5.29m | eta: 40.7m
step 00448/03814 (11.75%) | loss: 3.510330 | lrm: 1.00 | dt: 718.90ms | tok/sec: 91,162 | bf16_mfu: 0.00 | epoch: 1 pq: 0 rg: 44 | total time: 5.30m | eta: 40.7m
step 00449/03814 (11.77%) | loss: 3.499623 | lrm: 1.00 | dt: 720.68ms | tok/sec: 90,936 | bf16_mfu: 0.00 | epoch: 1 pq: 0 rg: 44 | total time: 5.31m | eta: 40.7m
step 00450/03814 (11.80%) | loss: 3.525838 | lrm: 1.00 | dt: 725.98ms | tok/sec: 90,271 | bf16_mfu: 0.00 | epoch: 1 pq: 0 rg: 44 | total time: 5.32m | eta: 40.7m
step 00451/03814 (11.82%) | loss: 3.530625 | lrm: 1.00 | dt: 725.31ms | tok/sec: 90,356 | bf16_mfu: 0.00 | epoch: 1 pq: 0 rg: 44 | total time: 5.34m | eta: 40.7m
step 00452/03814 (11.85%) | loss: 3.532353 | lrm: 1.00 | dt: 721.31ms | tok/sec: 90,856 | bf16_mfu: 0.00 | epoch: 1 pq: 0 rg: 44 | total time: 5.35m | eta: 40.7m
step 00453/03814 (11.88%) | loss: 3.521352 | lrm: 1.00 | dt: 719.36ms | tok/sec: 91,102 | bf16_mfu: 0.00 | epoch: 1 pq: 0 rg: 44 | total time: 5.36m | eta: 40.7m
step 00454/03814 (11.90%) | loss: 3.520536 | lrm: 1.00 | dt: 725.40ms | tok/sec: 90,344 | bf16_mfu: 0.00 | epoch: 1 pq: 0 rg: 44 | total time: 5.37m | eta: 40.7m
step 00455/03814 (11.93%) | loss: 3.525706 | lrm: 1.00 | dt: 719.44ms | tok/sec: 91,093 | bf16_mfu: 0.00 | epoch: 1 pq: 0 rg: 45 | total time: 5.38m | eta: 40.6m
step 00456/03814 (11.96%) | loss: 3.516576 | lrm: 1.00 | dt: 721.19ms | tok/sec: 90,871 | bf16_mfu: 0.00 | epoch: 1 pq: 0 rg: 45 | total time: 5.40m | eta: 40.6m
step 00457/03814 (11.98%) | loss: 3.510585 | lrm: 1.00 | dt: 725.15ms | tok/sec: 90,376 | bf16_mfu: 0.00 | epoch: 1 pq: 0 rg: 45 | total time: 5.41m | eta: 40.6m
step 00458/03814 (12.01%) | loss: 3.512576 | lrm: 1.00 | dt: 720.61ms | tok/sec: 90,944 | bf16_mfu: 0.00 | epoch: 1 pq: 0 rg: 45 | total time: 5.42m | eta: 40.6m
step 00459/03814 (12.03%) | loss: 3.520758 | lrm: 1.00 | dt: 719.27ms | tok/sec: 91,114 | bf16_mfu: 0.00 | epoch: 1 pq: 0 rg: 45 | total time: 5.43m | eta: 40.6m
step 00460/03814 (12.06%) | loss: 3.506353 | lrm: 1.00 | dt: 720.49ms | tok/sec: 90,959 | bf16_mfu: 0.00 | epoch: 1 pq: 0 rg: 45 | total time: 5.44m | eta: 40.6m
step 00461/03814 (12.09%) | loss: 3.492891 | lrm: 1.00 | dt: 719.27ms | tok/sec: 91,114 | bf16_mfu: 0.00 | epoch: 1 pq: 0 rg: 45 | total time: 5.46m | eta: 40.6m
step 00462/03814 (12.11%) | loss: 3.480508 | lrm: 1.00 | dt: 721.45ms | tok/sec: 90,839 | bf16_mfu: 0.00 | epoch: 1 pq: 0 rg: 45 | total time: 5.47m | eta: 40.6m
step 00463/03814 (12.14%) | loss: 3.478949 | lrm: 1.00 | dt: 717.87ms | tok/sec: 91,291 | bf16_mfu: 0.00 | epoch: 1 pq: 0 rg: 45 | total time: 5.48m | eta: 40.5m
step 00464/03814 (12.17%) | loss: 3.472812 | lrm: 1.00 | dt: 718.60ms | tok/sec: 91,200 | bf16_mfu: 0.00 | epoch: 1 pq: 0 rg: 45 | total time: 5.49m | eta: 40.5m
step 00465/03814 (12.19%) | loss: 3.478605 | lrm: 1.00 | dt: 719.75ms | tok/sec: 91,054 | bf16_mfu: 0.00 | epoch: 1 pq: 0 rg: 45 | total time: 5.50m | eta: 40.5m
step 00466/03814 (12.22%) | loss: 3.480310 | lrm: 1.00 | dt: 719.69ms | tok/sec: 91,061 | bf16_mfu: 0.00 | epoch: 1 pq: 0 rg: 46 | total time: 5.52m | eta: 40.5m
step 00467/03814 (12.24%) | loss: 3.484711 | lrm: 1.00 | dt: 725.20ms | tok/sec: 90,369 | bf16_mfu: 0.00 | epoch: 1 pq: 0 rg: 46 | total time: 5.53m | eta: 40.5m
step 00468/03814 (12.27%) | loss: 3.494840 | lrm: 1.00 | dt: 722.34ms | tok/sec: 90,727 | bf16_mfu: 0.00 | epoch: 1 pq: 0 rg: 46 | total time: 5.54m | eta: 40.5m
step 00469/03814 (12.30%) | loss: 3.488060 | lrm: 1.00 | dt: 719.32ms | tok/sec: 91,108 | bf16_mfu: 0.00 | epoch: 1 pq: 0 rg: 46 | total time: 5.55m | eta: 40.5m
step 00470/03814 (12.32%) | loss: 3.489839 | lrm: 1.00 | dt: 723.11ms | tok/sec: 90,630 | bf16_mfu: 0.00 | epoch: 1 pq: 0 rg: 46 | total time: 5.57m | eta: 40.5m
step 00471/03814 (12.35%) | loss: 3.498562 | lrm: 1.00 | dt: 722.68ms | tok/sec: 90,684 | bf16_mfu: 0.00 | epoch: 1 pq: 0 rg: 46 | total time: 5.58m | eta: 40.4m
step 00472/03814 (12.38%) | loss: 3.495675 | lrm: 1.00 | dt: 720.44ms | tok/sec: 90,966 | bf16_mfu: 0.00 | epoch: 1 pq: 0 rg: 46 | total time: 5.59m | eta: 40.4m
step 00473/03814 (12.40%) | loss: 3.487549 | lrm: 1.00 | dt: 724.11ms | tok/sec: 90,505 | bf16_mfu: 0.00 | epoch: 1 pq: 0 rg: 46 | total time: 5.60m | eta: 40.4m
step 00474/03814 (12.43%) | loss: 3.477052 | lrm: 1.00 | dt: 717.47ms | tok/sec: 91,343 | bf16_mfu: 0.00 | epoch: 1 pq: 0 rg: 46 | total time: 5.61m | eta: 40.4m
step 00475/03814 (12.45%) | loss: 3.491424 | lrm: 1.00 | dt: 720.26ms | tok/sec: 90,988 | bf16_mfu: 0.00 | epoch: 1 pq: 0 rg: 46 | total time: 5.63m | eta: 40.4m
step 00476/03814 (12.48%) | loss: 3.490804 | lrm: 1.00 | dt: 725.38ms | tok/sec: 90,347 | bf16_mfu: 0.00 | epoch: 1 pq: 0 rg: 47 | total time: 5.64m | eta: 40.4m
step 00477/03814 (12.51%) | loss: 3.470670 | lrm: 1.00 | dt: 722.49ms | tok/sec: 90,709 | bf16_mfu: 0.00 | epoch: 1 pq: 0 rg: 47 | total time: 5.65m | eta: 40.4m
step 00478/03814 (12.53%) | loss: 3.481626 | lrm: 1.00 | dt: 717.24ms | tok/sec: 91,372 | bf16_mfu: 0.00 | epoch: 1 pq: 0 rg: 47 | total time: 5.66m | eta: 40.4m
step 00479/03814 (12.56%) | loss: 3.500312 | lrm: 1.00 | dt: 723.01ms | tok/sec: 90,643 | bf16_mfu: 0.00 | epoch: 1 pq: 0 rg: 47 | total time: 5.67m | eta: 40.3m
step 00480/03814 (12.59%) | loss: 3.493229 | lrm: 1.00 | dt: 718.52ms | tok/sec: 91,210 | bf16_mfu: 0.00 | epoch: 1 pq: 0 rg: 47 | total time: 5.69m | eta: 40.3m
step 00481/03814 (12.61%) | loss: 3.480552 | lrm: 1.00 | dt: 723.78ms | tok/sec: 90,547 | bf16_mfu: 0.00 | epoch: 1 pq: 0 rg: 47 | total time: 5.70m | eta: 40.3m
step 00482/03814 (12.64%) | loss: 3.466019 | lrm: 1.00 | dt: 723.65ms | tok/sec: 90,562 | bf16_mfu: 0.00 | epoch: 1 pq: 0 rg: 47 | total time: 5.71m | eta: 40.3m
step 00483/03814 (12.66%) | loss: 3.477430 | lrm: 1.00 | dt: 720.03ms | tok/sec: 91,018 | bf16_mfu: 0.00 | epoch: 1 pq: 0 rg: 47 | total time: 5.72m | eta: 40.3m
step 00484/03814 (12.69%) | loss: 3.467954 | lrm: 1.00 | dt: 720.01ms | tok/sec: 91,021 | bf16_mfu: 0.00 | epoch: 1 pq: 0 rg: 47 | total time: 5.73m | eta: 40.3m
step 00485/03814 (12.72%) | loss: 3.460580 | lrm: 1.00 | dt: 725.68ms | tok/sec: 90,309 | bf16_mfu: 0.00 | epoch: 1 pq: 0 rg: 47 | total time: 5.75m | eta: 40.3m
step 00486/03814 (12.74%) | loss: 3.451384 | lrm: 1.00 | dt: 717.89ms | tok/sec: 91,289 | bf16_mfu: 0.00 | epoch: 1 pq: 0 rg: 47 | total time: 5.76m | eta: 40.3m
step 00487/03814 (12.77%) | loss: 3.454171 | lrm: 1.00 | dt: 725.98ms | tok/sec: 90,272 | bf16_mfu: 0.00 | epoch: 1 pq: 0 rg: 48 | total time: 5.77m | eta: 40.2m
step 00488/03814 (12.79%) | loss: 3.470109 | lrm: 1.00 | dt: 723.51ms | tok/sec: 90,581 | bf16_mfu: 0.00 | epoch: 1 pq: 0 rg: 48 | total time: 5.78m | eta: 40.2m
step 00489/03814 (12.82%) | loss: 3.463373 | lrm: 1.00 | dt: 721.24ms | tok/sec: 90,865 | bf16_mfu: 0.00 | epoch: 1 pq: 0 rg: 48 | total time: 5.79m | eta: 40.2m
step 00490/03814 (12.85%) | loss: 3.458911 | lrm: 1.00 | dt: 718.83ms | tok/sec: 91,170 | bf16_mfu: 0.00 | epoch: 1 pq: 0 rg: 48 | total time: 5.81m | eta: 40.2m
step 00491/03814 (12.87%) | loss: 3.462257 | lrm: 1.00 | dt: 721.42ms | tok/sec: 90,843 | bf16_mfu: 0.00 | epoch: 1 pq: 0 rg: 48 | total time: 5.82m | eta: 40.2m
step 00492/03814 (12.90%) | loss: 3.469818 | lrm: 1.00 | dt: 719.13ms | tok/sec: 91,132 | bf16_mfu: 0.00 | epoch: 1 pq: 0 rg: 48 | total time: 5.83m | eta: 40.2m
step 00493/03814 (12.93%) | loss: 3.462627 | lrm: 1.00 | dt: 725.85ms | tok/sec: 90,289 | bf16_mfu: 0.00 | epoch: 1 pq: 0 rg: 48 | total time: 5.84m | eta: 40.2m
step 00494/03814 (12.95%) | loss: 3.455708 | lrm: 1.00 | dt: 724.02ms | tok/sec: 90,516 | bf16_mfu: 0.00 | epoch: 1 pq: 0 rg: 48 | total time: 5.85m | eta: 40.2m
step 00495/03814 (12.98%) | loss: 3.446516 | lrm: 1.00 | dt: 723.70ms | tok/sec: 90,556 | bf16_mfu: 0.00 | epoch: 1 pq: 0 rg: 48 | total time: 5.87m | eta: 40.1m
step 00496/03814 (13.00%) | loss: 3.440375 | lrm: 1.00 | dt: 719.65ms | tok/sec: 91,066 | bf16_mfu: 0.00 | epoch: 1 pq: 0 rg: 48 | total time: 5.88m | eta: 40.1m
step 00497/03814 (13.03%) | loss: 3.432762 | lrm: 1.00 | dt: 1218.24ms | tok/sec: 53,795 | bf16_mfu: 0.00 | epoch: 1 pq: 0 rg: 49 | total time: 5.90m | eta: 40.2m
step 00498/03814 (13.06%) | loss: 3.436609 | lrm: 1.00 | dt: 722.22ms | tok/sec: 90,742 | bf16_mfu: 0.00 | epoch: 1 pq: 0 rg: 49 | total time: 5.91m | eta: 40.2m
step 00499/03814 (13.08%) | loss: 3.413217 | lrm: 1.00 | dt: 725.81ms | tok/sec: 90,294 | bf16_mfu: 0.00 | epoch: 1 pq: 0 rg: 49 | total time: 5.92m | eta: 40.1m
Step 00500 | Validation bpb: 0.958652
step 00500/03814 (13.11%) | loss: 3.402315 | lrm: 1.00 | dt: 714.63ms | tok/sec: 91,706 | bf16_mfu: 0.00 | epoch: 1 pq: 0 rg: 49 | total time: 5.93m | eta: 40.1m
step 00501/03814 (13.14%) | loss: 3.403557 | lrm: 1.00 | dt: 710.14ms | tok/sec: 92,285 | bf16_mfu: 0.00 | epoch: 1 pq: 0 rg: 49 | total time: 5.95m | eta: 40.1m
step 00502/03814 (13.16%) | loss: 3.393782 | lrm: 1.00 | dt: 711.46ms | tok/sec: 92,114 | bf16_mfu: 0.00 | epoch: 1 pq: 0 rg: 49 | total time: 5.96m | eta: 40.1m
step 00503/03814 (13.19%) | loss: 3.395310 | lrm: 1.00 | dt: 709.40ms | tok/sec: 92,382 | bf16_mfu: 0.00 | epoch: 1 pq: 0 rg: 49 | total time: 5.97m | eta: 40.1m
step 00504/03814 (13.21%) | loss: 3.408324 | lrm: 1.00 | dt: 707.36ms | tok/sec: 92,648 | bf16_mfu: 0.00 | epoch: 1 pq: 0 rg: 49 | total time: 5.98m | eta: 40.1m
step 00505/03814 (13.24%) | loss: 3.431109 | lrm: 1.00 | dt: 707.46ms | tok/sec: 92,635 | bf16_mfu: 0.00 | epoch: 1 pq: 0 rg: 49 | total time: 5.99m | eta: 40.1m
step 00506/03814 (13.27%) | loss: 3.459973 | lrm: 1.00 | dt: 716.60ms | tok/sec: 91,454 | bf16_mfu: 0.00 | epoch: 1 pq: 0 rg: 49 | total time: 6.01m | eta: 40.1m
step 00507/03814 (13.29%) | loss: 3.461807 | lrm: 1.00 | dt: 713.64ms | tok/sec: 91,833 | bf16_mfu: 0.00 | epoch: 1 pq: 0 rg: 50 | total time: 6.02m | eta: 40.0m
step 00508/03814 (13.32%) | loss: 3.456477 | lrm: 1.00 | dt: 716.97ms | tok/sec: 91,406 | bf16_mfu: 0.00 | epoch: 1 pq: 0 rg: 50 | total time: 6.03m | eta: 40.0m
step 00509/03814 (13.35%) | loss: 3.459367 | lrm: 1.00 | dt: 719.38ms | tok/sec: 91,101 | bf16_mfu: 0.00 | epoch: 1 pq: 0 rg: 50 | total time: 6.04m | eta: 40.0m
step 00510/03814 (13.37%) | loss: 3.469596 | lrm: 1.00 | dt: 722.03ms | tok/sec: 90,766 | bf16_mfu: 0.00 | epoch: 1 pq: 0 rg: 50 | total time: 6.05m | eta: 40.0m
step 00511/03814 (13.40%) | loss: 3.451462 | lrm: 1.00 | dt: 719.03ms | tok/sec: 91,145 | bf16_mfu: 0.00 | epoch: 1 pq: 0 rg: 50 | total time: 6.07m | eta: 40.0m
step 00512/03814 (13.42%) | loss: 3.439247 | lrm: 1.00 | dt: 722.41ms | tok/sec: 90,719 | bf16_mfu: 0.00 | epoch: 1 pq: 0 rg: 50 | total time: 6.08m | eta: 40.0m
step 00513/03814 (13.45%) | loss: 3.445888 | lrm: 1.00 | dt: 726.33ms | tok/sec: 90,228 | bf16_mfu: 0.00 | epoch: 1 pq: 0 rg: 50 | total time: 6.09m | eta: 40.0m
step 00514/03814 (13.48%) | loss: 3.442172 | lrm: 1.00 | dt: 720.84ms | tok/sec: 90,915 | bf16_mfu: 0.00 | epoch: 1 pq: 0 rg: 50 | total time: 6.10m | eta: 39.9m
step 00515/03814 (13.50%) | loss: 3.435701 | lrm: 1.00 | dt: 739.27ms | tok/sec: 88,649 | bf16_mfu: 0.00 | epoch: 1 pq: 0 rg: 50 | total time: 6.11m | eta: 39.9m
step 00516/03814 (13.53%) | loss: 3.439280 | lrm: 1.00 | dt: 726.71ms | tok/sec: 90,181 | bf16_mfu: 0.00 | epoch: 1 pq: 0 rg: 50 | total time: 6.13m | eta: 39.9m
step 00517/03814 (13.56%) | loss: 3.434441 | lrm: 1.00 | dt: 729.41ms | tok/sec: 89,847 | bf16_mfu: 0.00 | epoch: 1 pq: 0 rg: 50 | total time: 6.14m | eta: 39.9m
step 00518/03814 (13.58%) | loss: 3.430964 | lrm: 1.00 | dt: 727.84ms | tok/sec: 90,041 | bf16_mfu: 0.00 | epoch: 1 pq: 0 rg: 51 | total time: 6.15m | eta: 39.9m
step 00519/03814 (13.61%) | loss: 3.423426 | lrm: 1.00 | dt: 728.26ms | tok/sec: 89,990 | bf16_mfu: 0.00 | epoch: 1 pq: 0 rg: 51 | total time: 6.16m | eta: 39.9m
step 00520/03814 (13.63%) | loss: 3.417229 | lrm: 1.00 | dt: 729.35ms | tok/sec: 89,854 | bf16_mfu: 0.00 | epoch: 1 pq: 0 rg: 51 | total time: 6.17m | eta: 39.9m
step 00521/03814 (13.66%) | loss: 3.428227 | lrm: 1.00 | dt: 729.04ms | tok/sec: 89,893 | bf16_mfu: 0.00 | epoch: 1 pq: 0 rg: 51 | total time: 6.19m | eta: 39.9m
step 00522/03814 (13.69%) | loss: 3.440320 | lrm: 1.00 | dt: 731.00ms | tok/sec: 89,652 | bf16_mfu: 0.00 | epoch: 1 pq: 0 rg: 51 | total time: 6.20m | eta: 39.9m
step 00523/03814 (13.71%) | loss: 3.427377 | lrm: 1.00 | dt: 729.26ms | tok/sec: 89,866 | bf16_mfu: 0.00 | epoch: 1 pq: 0 rg: 51 | total time: 6.21m | eta: 39.8m
step 00524/03814 (13.74%) | loss: 3.429001 | lrm: 1.00 | dt: 728.21ms | tok/sec: 89,996 | bf16_mfu: 0.00 | epoch: 1 pq: 0 rg: 51 | total time: 6.22m | eta: 39.8m
step 00525/03814 (13.77%) | loss: 3.443305 | lrm: 1.00 | dt: 729.86ms | tok/sec: 89,793 | bf16_mfu: 0.00 | epoch: 1 pq: 0 rg: 51 | total time: 6.24m | eta: 39.8m
step 00526/03814 (13.79%) | loss: 3.420956 | lrm: 1.00 | dt: 729.90ms | tok/sec: 89,787 | bf16_mfu: 0.00 | epoch: 1 pq: 0 rg: 51 | total time: 6.25m | eta: 39.8m
step 00527/03814 (13.82%) | loss: 3.408450 | lrm: 1.00 | dt: 728.53ms | tok/sec: 89,955 | bf16_mfu: 0.00 | epoch: 1 pq: 0 rg: 51 | total time: 6.26m | eta: 39.8m
step 00528/03814 (13.84%) | loss: 3.411394 | lrm: 1.00 | dt: 729.42ms | tok/sec: 89,846 | bf16_mfu: 0.00 | epoch: 1 pq: 0 rg: 51 | total time: 6.27m | eta: 39.8m
step 00529/03814 (13.87%) | loss: 3.410270 | lrm: 1.00 | dt: 728.47ms | tok/sec: 89,964 | bf16_mfu: 0.00 | epoch: 1 pq: 0 rg: 52 | total time: 6.28m | eta: 39.8m
step 00530/03814 (13.90%) | loss: 3.390306 | lrm: 1.00 | dt: 728.07ms | tok/sec: 90,013 | bf16_mfu: 0.00 | epoch: 1 pq: 0 rg: 52 | total time: 6.30m | eta: 39.8m
step 00531/03814 (13.92%) | loss: 3.384460 | lrm: 1.00 | dt: 727.46ms | tok/sec: 90,089 | bf16_mfu: 0.00 | epoch: 1 pq: 0 rg: 52 | total time: 6.31m | eta: 39.7m
step 00532/03814 (13.95%) | loss: 3.392260 | lrm: 1.00 | dt: 730.96ms | tok/sec: 89,657 | bf16_mfu: 0.00 | epoch: 1 pq: 0 rg: 52 | total time: 6.32m | eta: 39.7m
step 00533/03814 (13.97%) | loss: 3.415510 | lrm: 1.00 | dt: 727.41ms | tok/sec: 90,094 | bf16_mfu: 0.00 | epoch: 1 pq: 0 rg: 52 | total time: 6.33m | eta: 39.7m
step 00534/03814 (14.00%) | loss: 3.406514 | lrm: 1.00 | dt: 730.28ms | tok/sec: 89,741 | bf16_mfu: 0.00 | epoch: 1 pq: 0 rg: 52 | total time: 6.34m | eta: 39.7m
step 00535/03814 (14.03%) | loss: 3.396478 | lrm: 1.00 | dt: 729.18ms | tok/sec: 89,876 | bf16_mfu: 0.00 | epoch: 1 pq: 0 rg: 52 | total time: 6.36m | eta: 39.7m
step 00536/03814 (14.05%) | loss: 3.427881 | lrm: 1.00 | dt: 727.20ms | tok/sec: 90,121 | bf16_mfu: 0.00 | epoch: 1 pq: 0 rg: 52 | total time: 6.37m | eta: 39.7m
step 00537/03814 (14.08%) | loss: 3.421763 | lrm: 1.00 | dt: 727.12ms | tok/sec: 90,130 | bf16_mfu: 0.00 | epoch: 1 pq: 0 rg: 52 | total time: 6.38m | eta: 39.7m
step 00538/03814 (14.11%) | loss: 3.422275 | lrm: 1.00 | dt: 733.15ms | tok/sec: 89,389 | bf16_mfu: 0.00 | epoch: 1 pq: 0 rg: 52 | total time: 6.39m | eta: 39.7m
step 00539/03814 (14.13%) | loss: 3.431048 | lrm: 1.00 | dt: 740.15ms | tok/sec: 88,544 | bf16_mfu: 0.00 | epoch: 1 pq: 0 rg: 52 | total time: 6.41m | eta: 39.7m
step 00540/03814 (14.16%) | loss: 3.423605 | lrm: 1.00 | dt: 891.51ms | tok/sec: 73,511 | bf16_mfu: 0.00 | epoch: 1 pq: 0 rg: 53 | total time: 6.42m | eta: 39.7m
step 00541/03814 (14.18%) | loss: 3.418710 | lrm: 1.00 | dt: 732.97ms | tok/sec: 89,411 | bf16_mfu: 0.00 | epoch: 1 pq: 0 rg: 53 | total time: 6.43m | eta: 39.6m
step 00542/03814 (14.21%) | loss: 3.404498 | lrm: 1.00 | dt: 729.70ms | tok/sec: 89,812 | bf16_mfu: 0.00 | epoch: 1 pq: 0 rg: 53 | total time: 6.44m | eta: 39.6m
step 00543/03814 (14.24%) | loss: 3.405171 | lrm: 1.00 | dt: 729.53ms | tok/sec: 89,833 | bf16_mfu: 0.00 | epoch: 1 pq: 0 rg: 53 | total time: 6.46m | eta: 39.6m
step 00544/03814 (14.26%) | loss: 3.421550 | lrm: 1.00 | dt: 729.95ms | tok/sec: 89,780 | bf16_mfu: 0.00 | epoch: 1 pq: 0 rg: 53 | total time: 6.47m | eta: 39.6m
step 00545/03814 (14.29%) | loss: 3.411269 | lrm: 1.00 | dt: 729.25ms | tok/sec: 89,868 | bf16_mfu: 0.00 | epoch: 1 pq: 0 rg: 53 | total time: 6.48m | eta: 39.6m
step 00546/03814 (14.32%) | loss: 3.421100 | lrm: 1.00 | dt: 730.67ms | tok/sec: 89,692 | bf16_mfu: 0.00 | epoch: 1 pq: 0 rg: 53 | total time: 6.49m | eta: 39.6m
step 00547/03814 (14.34%) | loss: 3.404213 | lrm: 1.00 | dt: 728.79ms | tok/sec: 89,924 | bf16_mfu: 0.00 | epoch: 1 pq: 0 rg: 53 | total time: 6.51m | eta: 39.6m
step 00548/03814 (14.37%) | loss: 3.403086 | lrm: 1.00 | dt: 726.66ms | tok/sec: 90,188 | bf16_mfu: 0.00 | epoch: 1 pq: 0 rg: 53 | total time: 6.52m | eta: 39.6m
step 00549/03814 (14.39%) | loss: 3.409185 | lrm: 1.00 | dt: 733.60ms | tok/sec: 89,334 | bf16_mfu: 0.00 | epoch: 1 pq: 0 rg: 53 | total time: 6.53m | eta: 39.6m
step 00550/03814 (14.42%) | loss: 3.399680 | lrm: 1.00 | dt: 800.74ms | tok/sec: 81,844 | bf16_mfu: 0.00 | epoch: 1 pq: 0 rg: 54 | total time: 6.54m | eta: 39.5m
step 00551/03814 (14.45%) | loss: 3.401864 | lrm: 1.00 | dt: 730.86ms | tok/sec: 89,669 | bf16_mfu: 0.00 | epoch: 1 pq: 0 rg: 54 | total time: 6.56m | eta: 39.5m
step 00552/03814 (14.47%) | loss: 3.405139 | lrm: 1.00 | dt: 731.14ms | tok/sec: 89,635 | bf16_mfu: 0.00 | epoch: 1 pq: 0 rg: 54 | total time: 6.57m | eta: 39.5m
step 00553/03814 (14.50%) | loss: 3.392763 | lrm: 1.00 | dt: 726.49ms | tok/sec: 90,209 | bf16_mfu: 0.00 | epoch: 1 pq: 0 rg: 54 | total time: 6.58m | eta: 39.5m
step 00554/03814 (14.53%) | loss: 3.373976 | lrm: 1.00 | dt: 728.22ms | tok/sec: 89,995 | bf16_mfu: 0.00 | epoch: 1 pq: 0 rg: 54 | total time: 6.59m | eta: 39.5m
step 00555/03814 (14.55%) | loss: 3.380505 | lrm: 1.00 | dt: 732.56ms | tok/sec: 89,462 | bf16_mfu: 0.00 | epoch: 1 pq: 0 rg: 54 | total time: 6.60m | eta: 39.5m
step 00556/03814 (14.58%) | loss: 3.385492 | lrm: 1.00 | dt: 725.79ms | tok/sec: 90,295 | bf16_mfu: 0.00 | epoch: 1 pq: 0 rg: 54 | total time: 6.62m | eta: 39.5m
step 00557/03814 (14.60%) | loss: 3.377168 | lrm: 1.00 | dt: 726.31ms | tok/sec: 90,231 | bf16_mfu: 0.00 | epoch: 1 pq: 0 rg: 54 | total time: 6.63m | eta: 39.5m
step 00558/03814 (14.63%) | loss: 3.388340 | lrm: 1.00 | dt: 730.31ms | tok/sec: 89,737 | bf16_mfu: 0.00 | epoch: 1 pq: 0 rg: 54 | total time: 6.64m | eta: 39.5m
step 00559/03814 (14.66%) | loss: 3.388979 | lrm: 1.00 | dt: 728.87ms | tok/sec: 89,914 | bf16_mfu: 0.00 | epoch: 1 pq: 0 rg: 54 | total time: 6.65m | eta: 39.4m
step 00560/03814 (14.68%) | loss: 3.383561 | lrm: 1.00 | dt: 727.57ms | tok/sec: 90,075 | bf16_mfu: 0.00 | epoch: 1 pq: 0 rg: 54 | total time: 6.66m | eta: 39.4m
step 00561/03814 (14.71%) | loss: 3.397264 | lrm: 1.00 | dt: 730.78ms | tok/sec: 89,679 | bf16_mfu: 0.00 | epoch: 1 pq: 0 rg: 55 | total time: 6.68m | eta: 39.4m
step 00562/03814 (14.74%) | loss: 3.401099 | lrm: 1.00 | dt: 726.87ms | tok/sec: 90,161 | bf16_mfu: 0.00 | epoch: 1 pq: 0 rg: 55 | total time: 6.69m | eta: 39.4m
step 00563/03814 (14.76%) | loss: 3.390544 | lrm: 1.00 | dt: 728.01ms | tok/sec: 90,020 | bf16_mfu: 0.00 | epoch: 1 pq: 0 rg: 55 | total time: 6.70m | eta: 39.4m
step 00564/03814 (14.79%) | loss: 3.409287 | lrm: 1.00 | dt: 728.67ms | tok/sec: 89,939 | bf16_mfu: 0.00 | epoch: 1 pq: 0 rg: 55 | total time: 6.71m | eta: 39.4m
step 00565/03814 (14.81%) | loss: 3.410039 | lrm: 1.00 | dt: 731.33ms | tok/sec: 89,611 | bf16_mfu: 0.00 | epoch: 1 pq: 0 rg: 55 | total time: 6.73m | eta: 39.4m
step 00566/03814 (14.84%) | loss: 3.399814 | lrm: 1.00 | dt: 727.03ms | tok/sec: 90,142 | bf16_mfu: 0.00 | epoch: 1 pq: 0 rg: 55 | total time: 6.74m | eta: 39.4m
step 00567/03814 (14.87%) | loss: 3.400364 | lrm: 1.00 | dt: 717.85ms | tok/sec: 91,295 | bf16_mfu: 0.00 | epoch: 1 pq: 0 rg: 55 | total time: 6.75m | eta: 39.3m
step 00568/03814 (14.89%) | loss: 3.400432 | lrm: 1.00 | dt: 723.77ms | tok/sec: 90,548 | bf16_mfu: 0.00 | epoch: 1 pq: 0 rg: 55 | total time: 6.76m | eta: 39.3m
step 00569/03814 (14.92%) | loss: 3.440173 | lrm: 1.00 | dt: 726.70ms | tok/sec: 90,182 | bf16_mfu: 0.00 | epoch: 1 pq: 0 rg: 55 | total time: 6.77m | eta: 39.3m
step 00570/03814 (14.94%) | loss: 3.443783 | lrm: 1.00 | dt: 720.63ms | tok/sec: 90,942 | bf16_mfu: 0.00 | epoch: 1 pq: 0 rg: 55 | total time: 6.79m | eta: 39.3m
step 00571/03814 (14.97%) | loss: 3.442680 | lrm: 1.00 | dt: 720.51ms | tok/sec: 90,957 | bf16_mfu: 0.00 | epoch: 1 pq: 0 rg: 55 | total time: 6.80m | eta: 39.3m
step 00572/03814 (15.00%) | loss: 3.450561 | lrm: 1.00 | dt: 718.52ms | tok/sec: 91,209 | bf16_mfu: 0.00 | epoch: 1 pq: 0 rg: 56 | total time: 6.81m | eta: 39.3m
step 00573/03814 (15.02%) | loss: 3.440439 | lrm: 1.00 | dt: 721.58ms | tok/sec: 90,823 | bf16_mfu: 0.00 | epoch: 1 pq: 0 rg: 56 | total time: 6.82m | eta: 39.3m
step 00574/03814 (15.05%) | loss: 3.417081 | lrm: 1.00 | dt: 717.70ms | tok/sec: 91,314 | bf16_mfu: 0.00 | epoch: 1 pq: 0 rg: 56 | total time: 6.83m | eta: 39.3m
step 00575/03814 (15.08%) | loss: 3.405142 | lrm: 1.00 | dt: 719.82ms | tok/sec: 91,045 | bf16_mfu: 0.00 | epoch: 1 pq: 0 rg: 56 | total time: 6.85m | eta: 39.2m
step 00576/03814 (15.10%) | loss: 3.401420 | lrm: 1.00 | dt: 716.23ms | tok/sec: 91,501 | bf16_mfu: 0.00 | epoch: 1 pq: 0 rg: 56 | total time: 6.86m | eta: 39.2m
step 00577/03814 (15.13%) | loss: 3.396413 | lrm: 1.00 | dt: 724.14ms | tok/sec: 90,501 | bf16_mfu: 0.00 | epoch: 1 pq: 0 rg: 56 | total time: 6.87m | eta: 39.2m
step 00578/03814 (15.15%) | loss: 3.395653 | lrm: 1.00 | dt: 714.58ms | tok/sec: 91,712 | bf16_mfu: 0.00 | epoch: 1 pq: 0 rg: 56 | total time: 6.88m | eta: 39.2m
step 00579/03814 (15.18%) | loss: 3.394790 | lrm: 1.00 | dt: 714.00ms | tok/sec: 91,787 | bf16_mfu: 0.00 | epoch: 1 pq: 0 rg: 56 | total time: 6.89m | eta: 39.2m
step 00580/03814 (15.21%) | loss: 3.381145 | lrm: 1.00 | dt: 723.62ms | tok/sec: 90,567 | bf16_mfu: 0.00 | epoch: 1 pq: 0 rg: 56 | total time: 6.91m | eta: 39.2m
step 00581/03814 (15.23%) | loss: 3.403279 | lrm: 1.00 | dt: 715.25ms | tok/sec: 91,626 | bf16_mfu: 0.00 | epoch: 1 pq: 0 rg: 56 | total time: 6.92m | eta: 39.2m
step 00582/03814 (15.26%) | loss: 3.389556 | lrm: 1.00 | dt: 716.65ms | tok/sec: 91,447 | bf16_mfu: 0.00 | epoch: 1 pq: 0 rg: 57 | total time: 6.93m | eta: 39.2m
step 00583/03814 (15.29%) | loss: 3.384420 | lrm: 1.00 | dt: 712.69ms | tok/sec: 91,955 | bf16_mfu: 0.00 | epoch: 1 pq: 0 rg: 57 | total time: 6.94m | eta: 39.1m
step 00584/03814 (15.31%) | loss: 3.396545 | lrm: 1.00 | dt: 717.11ms | tok/sec: 91,389 | bf16_mfu: 0.00 | epoch: 1 pq: 0 rg: 57 | total time: 6.95m | eta: 39.1m
step 00585/03814 (15.34%) | loss: 3.407150 | lrm: 1.00 | dt: 710.62ms | tok/sec: 92,223 | bf16_mfu: 0.00 | epoch: 1 pq: 0 rg: 57 | total time: 6.96m | eta: 39.1m
step 00586/03814 (15.36%) | loss: 3.393941 | lrm: 1.00 | dt: 708.92ms | tok/sec: 92,444 | bf16_mfu: 0.00 | epoch: 1 pq: 0 rg: 57 | total time: 6.98m | eta: 39.1m
step 00587/03814 (15.39%) | loss: 3.384758 | lrm: 1.00 | dt: 709.92ms | tok/sec: 92,314 | bf16_mfu: 0.00 | epoch: 1 pq: 0 rg: 57 | total time: 6.99m | eta: 39.1m
step 00588/03814 (15.42%) | loss: 3.395769 | lrm: 1.00 | dt: 709.82ms | tok/sec: 92,327 | bf16_mfu: 0.00 | epoch: 1 pq: 0 rg: 57 | total time: 7.00m | eta: 39.1m
step 00589/03814 (15.44%) | loss: 3.415013 | lrm: 1.00 | dt: 715.63ms | tok/sec: 91,577 | bf16_mfu: 0.00 | epoch: 1 pq: 0 rg: 57 | total time: 7.01m | eta: 39.1m
step 00590/03814 (15.47%) | loss: 3.414990 | lrm: 1.00 | dt: 714.76ms | tok/sec: 91,689 | bf16_mfu: 0.00 | epoch: 1 pq: 0 rg: 57 | total time: 7.02m | eta: 39.0m
step 00591/03814 (15.50%) | loss: 3.411541 | lrm: 1.00 | dt: 712.72ms | tok/sec: 91,951 | bf16_mfu: 0.00 | epoch: 1 pq: 0 rg: 57 | total time: 7.04m | eta: 39.0m
step 00592/03814 (15.52%) | loss: 3.406687 | lrm: 1.00 | dt: 714.25ms | tok/sec: 91,755 | bf16_mfu: 0.00 | epoch: 1 pq: 0 rg: 57 | total time: 7.05m | eta: 39.0m
step 00593/03814 (15.55%) | loss: 3.394490 | lrm: 1.00 | dt: 709.95ms | tok/sec: 92,310 | bf16_mfu: 0.00 | epoch: 1 pq: 0 rg: 58 | total time: 7.06m | eta: 39.0m
step 00594/03814 (15.57%) | loss: 3.388487 | lrm: 1.00 | dt: 712.86ms | tok/sec: 91,934 | bf16_mfu: 0.00 | epoch: 1 pq: 0 rg: 58 | total time: 7.07m | eta: 39.0m
step 00595/03814 (15.60%) | loss: 3.385249 | lrm: 1.00 | dt: 713.41ms | tok/sec: 91,862 | bf16_mfu: 0.00 | epoch: 1 pq: 0 rg: 58 | total time: 7.08m | eta: 39.0m
step 00596/03814 (15.63%) | loss: 3.389078 | lrm: 1.00 | dt: 709.36ms | tok/sec: 92,387 | bf16_mfu: 0.00 | epoch: 1 pq: 0 rg: 58 | total time: 7.10m | eta: 39.0m
step 00597/03814 (15.65%) | loss: 3.408116 | lrm: 1.00 | dt: 710.27ms | tok/sec: 92,268 | bf16_mfu: 0.00 | epoch: 1 pq: 0 rg: 58 | total time: 7.11m | eta: 39.0m
step 00598/03814 (15.68%) | loss: 3.399877 | lrm: 1.00 | dt: 709.12ms | tok/sec: 92,418 | bf16_mfu: 0.00 | epoch: 1 pq: 0 rg: 58 | total time: 7.12m | eta: 38.9m
step 00599/03814 (15.71%) | loss: 3.391687 | lrm: 1.00 | dt: 712.84ms | tok/sec: 91,936 | bf16_mfu: 0.00 | epoch: 1 pq: 0 rg: 58 | total time: 7.13m | eta: 38.9m
step 00600/03814 (15.73%) | loss: 3.401524 | lrm: 1.00 | dt: 709.87ms | tok/sec: 92,321 | bf16_mfu: 0.00 | epoch: 1 pq: 0 rg: 58 | total time: 7.14m | eta: 38.9m
step 00601/03814 (15.76%) | loss: 3.409735 | lrm: 1.00 | dt: 708.56ms | tok/sec: 92,492 | bf16_mfu: 0.00 | epoch: 1 pq: 0 rg: 58 | total time: 7.15m | eta: 38.9m
step 00602/03814 (15.78%) | loss: 3.407170 | lrm: 1.00 | dt: 708.89ms | tok/sec: 92,449 | bf16_mfu: 0.00 | epoch: 1 pq: 0 rg: 58 | total time: 7.17m | eta: 38.9m
step 00603/03814 (15.81%) | loss: 3.396126 | lrm: 1.00 | dt: 707.44ms | tok/sec: 92,637 | bf16_mfu: 0.00 | epoch: 1 pq: 0 rg: 58 | total time: 7.18m | eta: 38.9m
step 00604/03814 (15.84%) | loss: 3.398309 | lrm: 1.00 | dt: 742.54ms | tok/sec: 88,259 | bf16_mfu: 0.00 | epoch: 1 pq: 0 rg: 59 | total time: 7.19m | eta: 38.9m
step 00605/03814 (15.86%) | loss: 3.403577 | lrm: 1.00 | dt: 710.58ms | tok/sec: 92,229 | bf16_mfu: 0.00 | epoch: 1 pq: 0 rg: 59 | total time: 7.20m | eta: 38.8m
step 00606/03814 (15.89%) | loss: 3.393539 | lrm: 1.00 | dt: 723.11ms | tok/sec: 90,630 | bf16_mfu: 0.00 | epoch: 1 pq: 0 rg: 59 | total time: 7.21m | eta: 38.8m
step 00607/03814 (15.92%) | loss: 3.395175 | lrm: 1.00 | dt: 705.58ms | tok/sec: 92,882 | bf16_mfu: 0.00 | epoch: 1 pq: 0 rg: 59 | total time: 7.23m | eta: 38.8m
step 00608/03814 (15.94%) | loss: 3.388260 | lrm: 1.00 | dt: 882.89ms | tok/sec: 74,229 | bf16_mfu: 0.00 | epoch: 1 pq: 0 rg: 59 | total time: 7.24m | eta: 38.8m
step 00609/03814 (15.97%) | loss: 3.384248 | lrm: 1.00 | dt: 712.86ms | tok/sec: 91,933 | bf16_mfu: 0.00 | epoch: 1 pq: 0 rg: 59 | total time: 7.25m | eta: 38.8m
step 00610/03814 (15.99%) | loss: 3.391284 | lrm: 1.00 | dt: 708.75ms | tok/sec: 92,467 | bf16_mfu: 0.00 | epoch: 1 pq: 0 rg: 59 | total time: 7.26m | eta: 38.8m
step 00611/03814 (16.02%) | loss: 3.394800 | lrm: 1.00 | dt: 708.03ms | tok/sec: 92,561 | bf16_mfu: 0.00 | epoch: 1 pq: 0 rg: 59 | total time: 7.28m | eta: 38.8m
step 00612/03814 (16.05%) | loss: 3.398473 | lrm: 1.00 | dt: 710.18ms | tok/sec: 92,280 | bf16_mfu: 0.00 | epoch: 1 pq: 0 rg: 59 | total time: 7.29m | eta: 38.8m
step 00613/03814 (16.07%) | loss: 3.395508 | lrm: 1.00 | dt: 711.74ms | tok/sec: 92,079 | bf16_mfu: 0.00 | epoch: 1 pq: 0 rg: 59 | total time: 7.30m | eta: 38.8m
step 00614/03814 (16.10%) | loss: 3.394887 | lrm: 1.00 | dt: 964.16ms | tok/sec: 67,972 | bf16_mfu: 0.00 | epoch: 1 pq: 0 rg: 60 | total time: 7.32m | eta: 38.8m
step 00615/03814 (16.12%) | loss: 3.402289 | lrm: 1.00 | dt: 710.39ms | tok/sec: 92,253 | bf16_mfu: 0.00 | epoch: 1 pq: 0 rg: 60 | total time: 7.33m | eta: 38.7m
step 00616/03814 (16.15%) | loss: 3.397213 | lrm: 1.00 | dt: 709.31ms | tok/sec: 92,393 | bf16_mfu: 0.00 | epoch: 1 pq: 0 rg: 60 | total time: 7.34m | eta: 38.7m
step 00617/03814 (16.18%) | loss: 3.392310 | lrm: 1.00 | dt: 716.38ms | tok/sec: 91,481 | bf16_mfu: 0.00 | epoch: 1 pq: 0 rg: 60 | total time: 7.35m | eta: 38.7m
step 00618/03814 (16.20%) | loss: 3.417410 | lrm: 1.00 | dt: 711.90ms | tok/sec: 92,057 | bf16_mfu: 0.00 | epoch: 1 pq: 0 rg: 60 | total time: 7.36m | eta: 38.7m
step 00619/03814 (16.23%) | loss: 3.433618 | lrm: 1.00 | dt: 904.98ms | tok/sec: 72,417 | bf16_mfu: 0.00 | epoch: 1 pq: 0 rg: 60 | total time: 7.38m | eta: 38.7m
step 00620/03814 (16.26%) | loss: 3.422358 | lrm: 1.00 | dt: 712.84ms | tok/sec: 91,936 | bf16_mfu: 0.00 | epoch: 1 pq: 0 rg: 60 | total time: 7.39m | eta: 38.7m
step 00621/03814 (16.28%) | loss: 3.426516 | lrm: 1.00 | dt: 715.87ms | tok/sec: 91,547 | bf16_mfu: 0.00 | epoch: 1 pq: 0 rg: 60 | total time: 7.40m | eta: 38.7m
step 00622/03814 (16.31%) | loss: 3.436294 | lrm: 1.00 | dt: 713.66ms | tok/sec: 91,830 | bf16_mfu: 0.00 | epoch: 1 pq: 0 rg: 60 | total time: 7.41m | eta: 38.7m
step 00623/03814 (16.33%) | loss: 3.447744 | lrm: 1.00 | dt: 715.92ms | tok/sec: 91,540 | bf16_mfu: 0.00 | epoch: 1 pq: 0 rg: 60 | total time: 7.43m | eta: 38.7m
step 00624/03814 (16.36%) | loss: 3.441228 | lrm: 1.00 | dt: 712.25ms | tok/sec: 92,012 | bf16_mfu: 0.00 | epoch: 1 pq: 0 rg: 60 | total time: 7.44m | eta: 38.6m
step 00625/03814 (16.39%) | loss: 3.446486 | lrm: 1.00 | dt: 717.04ms | tok/sec: 91,398 | bf16_mfu: 0.00 | epoch: 1 pq: 0 rg: 61 | total time: 7.45m | eta: 38.6m
step 00626/03814 (16.41%) | loss: 3.434929 | lrm: 1.00 | dt: 713.43ms | tok/sec: 91,860 | bf16_mfu: 0.00 | epoch: 1 pq: 0 rg: 61 | total time: 7.46m | eta: 38.6m
step 00627/03814 (16.44%) | loss: 3.420097 | lrm: 1.00 | dt: 712.77ms | tok/sec: 91,945 | bf16_mfu: 0.00 | epoch: 1 pq: 0 rg: 61 | total time: 7.47m | eta: 38.6m
step 00628/03814 (16.47%) | loss: 3.411195 | lrm: 1.00 | dt: 715.70ms | tok/sec: 91,568 | bf16_mfu: 0.00 | epoch: 1 pq: 0 rg: 61 | total time: 7.49m | eta: 38.6m
step 00629/03814 (16.49%) | loss: 3.402943 | lrm: 1.00 | dt: 713.77ms | tok/sec: 91,816 | bf16_mfu: 0.00 | epoch: 1 pq: 0 rg: 61 | total time: 7.50m | eta: 38.6m
step 00630/03814 (16.52%) | loss: 3.401996 | lrm: 1.00 | dt: 717.06ms | tok/sec: 91,395 | bf16_mfu: 0.00 | epoch: 1 pq: 0 rg: 61 | total time: 7.51m | eta: 38.6m
step 00631/03814 (16.54%) | loss: 3.417755 | lrm: 1.00 | dt: 721.99ms | tok/sec: 90,771 | bf16_mfu: 0.00 | epoch: 1 pq: 0 rg: 61 | total time: 7.52m | eta: 38.6m
step 00632/03814 (16.57%) | loss: 3.424232 | lrm: 1.00 | dt: 712.75ms | tok/sec: 91,948 | bf16_mfu: 0.00 | epoch: 1 pq: 0 rg: 61 | total time: 7.53m | eta: 38.5m
step 00633/03814 (16.60%) | loss: 3.415889 | lrm: 1.00 | dt: 715.87ms | tok/sec: 91,547 | bf16_mfu: 0.00 | epoch: 1 pq: 0 rg: 61 | total time: 7.55m | eta: 38.5m
step 00634/03814 (16.62%) | loss: 3.414322 | lrm: 1.00 | dt: 716.05ms | tok/sec: 91,524 | bf16_mfu: 0.00 | epoch: 1 pq: 0 rg: 61 | total time: 7.56m | eta: 38.5m
step 00635/03814 (16.65%) | loss: 3.400064 | lrm: 1.00 | dt: 733.24ms | tok/sec: 89,378 | bf16_mfu: 0.00 | epoch: 1 pq: 0 rg: 62 | total time: 7.57m | eta: 38.5m
step 00636/03814 (16.68%) | loss: 3.381577 | lrm: 1.00 | dt: 716.99ms | tok/sec: 91,404 | bf16_mfu: 0.00 | epoch: 1 pq: 0 rg: 62 | total time: 7.58m | eta: 38.5m
step 00637/03814 (16.70%) | loss: 3.376138 | lrm: 1.00 | dt: 723.03ms | tok/sec: 90,640 | bf16_mfu: 0.00 | epoch: 1 pq: 0 rg: 62 | total time: 7.59m | eta: 38.5m
step 00638/03814 (16.73%) | loss: 3.386667 | lrm: 1.00 | dt: 716.05ms | tok/sec: 91,524 | bf16_mfu: 0.00 | epoch: 1 pq: 0 rg: 62 | total time: 7.61m | eta: 38.5m
step 00639/03814 (16.75%) | loss: 3.385354 | lrm: 1.00 | dt: 718.08ms | tok/sec: 91,265 | bf16_mfu: 0.00 | epoch: 1 pq: 0 rg: 62 | total time: 7.62m | eta: 38.5m
step 00640/03814 (16.78%) | loss: 3.386161 | lrm: 1.00 | dt: 716.84ms | tok/sec: 91,423 | bf16_mfu: 0.00 | epoch: 1 pq: 0 rg: 62 | total time: 7.63m | eta: 38.4m
step 00641/03814 (16.81%) | loss: 3.362963 | lrm: 1.00 | dt: 719.82ms | tok/sec: 91,044 | bf16_mfu: 0.00 | epoch: 1 pq: 0 rg: 62 | total time: 7.64m | eta: 38.4m
step 00642/03814 (16.83%) | loss: 3.373022 | lrm: 1.00 | dt: 721.47ms | tok/sec: 90,837 | bf16_mfu: 0.00 | epoch: 1 pq: 0 rg: 62 | total time: 7.65m | eta: 38.4m
step 00643/03814 (16.86%) | loss: 3.353278 | lrm: 1.00 | dt: 720.43ms | tok/sec: 90,967 | bf16_mfu: 0.00 | epoch: 1 pq: 0 rg: 62 | total time: 7.67m | eta: 38.4m
step 00644/03814 (16.89%) | loss: 3.344204 | lrm: 1.00 | dt: 721.90ms | tok/sec: 90,782 | bf16_mfu: 0.00 | epoch: 1 pq: 0 rg: 62 | total time: 7.68m | eta: 38.4m
step 00645/03814 (16.91%) | loss: 3.337274 | lrm: 1.00 | dt: 717.77ms | tok/sec: 91,305 | bf16_mfu: 0.00 | epoch: 1 pq: 0 rg: 62 | total time: 7.69m | eta: 38.4m
step 00646/03814 (16.94%) | loss: 3.356079 | lrm: 1.00 | dt: 723.24ms | tok/sec: 90,614 | bf16_mfu: 0.00 | epoch: 1 pq: 0 rg: 63 | total time: 7.70m | eta: 38.4m
step 00647/03814 (16.96%) | loss: 3.362892 | lrm: 1.00 | dt: 719.07ms | tok/sec: 91,140 | bf16_mfu: 0.00 | epoch: 1 pq: 0 rg: 63 | total time: 7.71m | eta: 38.4m
step 00648/03814 (16.99%) | loss: 3.354939 | lrm: 1.00 | dt: 718.04ms | tok/sec: 91,271 | bf16_mfu: 0.00 | epoch: 1 pq: 0 rg: 63 | total time: 7.73m | eta: 38.3m
step 00649/03814 (17.02%) | loss: 3.347897 | lrm: 1.00 | dt: 722.52ms | tok/sec: 90,704 | bf16_mfu: 0.00 | epoch: 1 pq: 0 rg: 63 | total time: 7.74m | eta: 38.3m
step 00650/03814 (17.04%) | loss: 3.347279 | lrm: 1.00 | dt: 717.33ms | tok/sec: 91,360 | bf16_mfu: 0.00 | epoch: 1 pq: 0 rg: 63 | total time: 7.75m | eta: 38.3m
step 00651/03814 (17.07%) | loss: 3.345813 | lrm: 1.00 | dt: 723.37ms | tok/sec: 90,597 | bf16_mfu: 0.00 | epoch: 1 pq: 0 rg: 63 | total time: 7.76m | eta: 38.3m
step 00652/03814 (17.09%) | loss: 3.342788 | lrm: 1.00 | dt: 719.27ms | tok/sec: 91,114 | bf16_mfu: 0.00 | epoch: 1 pq: 0 rg: 63 | total time: 7.77m | eta: 38.3m
step 00653/03814 (17.12%) | loss: 3.346529 | lrm: 1.00 | dt: 718.57ms | tok/sec: 91,202 | bf16_mfu: 0.00 | epoch: 1 pq: 0 rg: 63 | total time: 7.79m | eta: 38.3m
step 00654/03814 (17.15%) | loss: 3.332011 | lrm: 1.00 | dt: 720.64ms | tok/sec: 90,941 | bf16_mfu: 0.00 | epoch: 1 pq: 0 rg: 63 | total time: 7.80m | eta: 38.3m
step 00655/03814 (17.17%) | loss: 3.315185 | lrm: 1.00 | dt: 717.52ms | tok/sec: 91,337 | bf16_mfu: 0.00 | epoch: 1 pq: 0 rg: 63 | total time: 7.81m | eta: 38.2m
step 00656/03814 (17.20%) | loss: 3.293306 | lrm: 1.00 | dt: 781.15ms | tok/sec: 83,897 | bf16_mfu: 0.00 | epoch: 1 pq: 0 rg: 64 | total time: 7.82m | eta: 38.2m
step 00657/03814 (17.23%) | loss: 3.293331 | lrm: 1.00 | dt: 723.77ms | tok/sec: 90,548 | bf16_mfu: 0.00 | epoch: 1 pq: 0 rg: 64 | total time: 7.83m | eta: 38.2m
step 00658/03814 (17.25%) | loss: 3.293133 | lrm: 1.00 | dt: 722.11ms | tok/sec: 90,756 | bf16_mfu: 0.00 | epoch: 1 pq: 0 rg: 64 | total time: 7.85m | eta: 38.2m
step 00659/03814 (17.28%) | loss: 3.303818 | lrm: 1.00 | dt: 718.54ms | tok/sec: 91,207 | bf16_mfu: 0.00 | epoch: 1 pq: 0 rg: 64 | total time: 7.86m | eta: 38.2m
step 00660/03814 (17.30%) | loss: 3.308556 | lrm: 1.00 | dt: 719.55ms | tok/sec: 91,079 | bf16_mfu: 0.00 | epoch: 1 pq: 0 rg: 64 | total time: 7.87m | eta: 38.2m
step 00661/03814 (17.33%) | loss: 3.323567 | lrm: 1.00 | dt: 725.89ms | tok/sec: 90,283 | bf16_mfu: 0.00 | epoch: 1 pq: 0 rg: 64 | total time: 7.88m | eta: 38.2m
step 00662/03814 (17.36%) | loss: 3.335897 | lrm: 1.00 | dt: 721.42ms | tok/sec: 90,842 | bf16_mfu: 0.00 | epoch: 1 pq: 0 rg: 64 | total time: 7.89m | eta: 38.2m
step 00663/03814 (17.38%) | loss: 3.349285 | lrm: 1.00 | dt: 720.52ms | tok/sec: 90,957 | bf16_mfu: 0.00 | epoch: 1 pq: 0 rg: 64 | total time: 7.91m | eta: 38.2m
step 00664/03814 (17.41%) | loss: 3.342546 | lrm: 1.00 | dt: 726.12ms | tok/sec: 90,254 | bf16_mfu: 0.00 | epoch: 1 pq: 0 rg: 64 | total time: 7.92m | eta: 38.1m
step 00665/03814 (17.44%) | loss: 3.328663 | lrm: 1.00 | dt: 730.38ms | tok/sec: 89,728 | bf16_mfu: 0.00 | epoch: 1 pq: 0 rg: 64 | total time: 7.93m | eta: 38.1m
step 00666/03814 (17.46%) | loss: 3.347839 | lrm: 1.00 | dt: 717.40ms | tok/sec: 91,351 | bf16_mfu: 0.00 | epoch: 1 pq: 0 rg: 64 | total time: 7.94m | eta: 38.1m
step 00667/03814 (17.49%) | loss: 3.347370 | lrm: 1.00 | dt: 724.75ms | tok/sec: 90,425 | bf16_mfu: 0.00 | epoch: 1 pq: 0 rg: 65 | total time: 7.96m | eta: 38.1m
step 00668/03814 (17.51%) | loss: 3.336021 | lrm: 1.00 | dt: 721.28ms | tok/sec: 90,860 | bf16_mfu: 0.00 | epoch: 1 pq: 0 rg: 65 | total time: 7.97m | eta: 38.1m
step 00669/03814 (17.54%) | loss: 3.346767 | lrm: 1.00 | dt: 721.74ms | tok/sec: 90,802 | bf16_mfu: 0.00 | epoch: 1 pq: 0 rg: 65 | total time: 7.98m | eta: 38.1m
step 00670/03814 (17.57%) | loss: 3.353585 | lrm: 1.00 | dt: 726.31ms | tok/sec: 90,231 | bf16_mfu: 0.00 | epoch: 1 pq: 0 rg: 65 | total time: 7.99m | eta: 38.1m
step 00671/03814 (17.59%) | loss: 3.340872 | lrm: 1.00 | dt: 717.35ms | tok/sec: 91,358 | bf16_mfu: 0.00 | epoch: 1 pq: 0 rg: 65 | total time: 8.00m | eta: 38.1m
step 00672/03814 (17.62%) | loss: 3.340959 | lrm: 1.00 | dt: 718.16ms | tok/sec: 91,255 | bf16_mfu: 0.00 | epoch: 1 pq: 0 rg: 65 | total time: 8.02m | eta: 38.0m
step 00673/03814 (17.65%) | loss: 3.322749 | lrm: 1.00 | dt: 723.39ms | tok/sec: 90,596 | bf16_mfu: 0.00 | epoch: 1 pq: 0 rg: 65 | total time: 8.03m | eta: 38.0m
step 00674/03814 (17.67%) | loss: 3.333379 | lrm: 1.00 | dt: 726.87ms | tok/sec: 90,162 | bf16_mfu: 0.00 | epoch: 1 pq: 0 rg: 65 | total time: 8.04m | eta: 38.0m
step 00675/03814 (17.70%) | loss: 3.320457 | lrm: 1.00 | dt: 717.56ms | tok/sec: 91,331 | bf16_mfu: 0.00 | epoch: 1 pq: 0 rg: 65 | total time: 8.05m | eta: 38.0m
step 00676/03814 (17.72%) | loss: 3.336676 | lrm: 1.00 | dt: 720.70ms | tok/sec: 90,933 | bf16_mfu: 0.00 | epoch: 1 pq: 0 rg: 65 | total time: 8.06m | eta: 38.0m
step 00677/03814 (17.75%) | loss: 3.351700 | lrm: 1.00 | dt: 726.14ms | tok/sec: 90,252 | bf16_mfu: 0.00 | epoch: 1 pq: 0 rg: 65 | total time: 8.08m | eta: 38.0m
step 00678/03814 (17.78%) | loss: 3.369876 | lrm: 1.00 | dt: 716.64ms | tok/sec: 91,449 | bf16_mfu: 0.00 | epoch: 1 pq: 0 rg: 66 | total time: 8.09m | eta: 38.0m
step 00679/03814 (17.80%) | loss: 3.358576 | lrm: 1.00 | dt: 724.56ms | tok/sec: 90,449 | bf16_mfu: 0.00 | epoch: 1 pq: 0 rg: 66 | total time: 8.10m | eta: 38.0m
step 00680/03814 (17.83%) | loss: 3.338992 | lrm: 1.00 | dt: 722.90ms | tok/sec: 90,656 | bf16_mfu: 0.00 | epoch: 1 pq: 0 rg: 66 | total time: 8.11m | eta: 37.9m
step 00681/03814 (17.86%) | loss: 3.333607 | lrm: 1.00 | dt: 719.28ms | tok/sec: 91,113 | bf16_mfu: 0.00 | epoch: 1 pq: 0 rg: 66 | total time: 8.12m | eta: 37.9m
step 00682/03814 (17.88%) | loss: 3.348269 | lrm: 1.00 | dt: 723.06ms | tok/sec: 90,636 | bf16_mfu: 0.00 | epoch: 1 pq: 0 rg: 66 | total time: 8.14m | eta: 37.9m
step 00683/03814 (17.91%) | loss: 3.338332 | lrm: 1.00 | dt: 716.44ms | tok/sec: 91,474 | bf16_mfu: 0.00 | epoch: 1 pq: 0 rg: 66 | total time: 8.15m | eta: 37.9m
step 00684/03814 (17.93%) | loss: 3.328376 | lrm: 1.00 | dt: 725.31ms | tok/sec: 90,355 | bf16_mfu: 0.00 | epoch: 1 pq: 0 rg: 66 | total time: 8.16m | eta: 37.9m
step 00685/03814 (17.96%) | loss: 3.328915 | lrm: 1.00 | dt: 718.95ms | tok/sec: 91,155 | bf16_mfu: 0.00 | epoch: 1 pq: 0 rg: 66 | total time: 8.17m | eta: 37.9m
step 00686/03814 (17.99%) | loss: 3.329741 | lrm: 1.00 | dt: 719.84ms | tok/sec: 91,041 | bf16_mfu: 0.00 | epoch: 1 pq: 0 rg: 66 | total time: 8.18m | eta: 37.9m
step 00687/03814 (18.01%) | loss: 3.319500 | lrm: 1.00 | dt: 718.45ms | tok/sec: 91,218 | bf16_mfu: 0.00 | epoch: 1 pq: 0 rg: 66 | total time: 8.20m | eta: 37.9m
step 00688/03814 (18.04%) | loss: 3.313987 | lrm: 1.00 | dt: 725.79ms | tok/sec: 90,296 | bf16_mfu: 0.00 | epoch: 1 pq: 0 rg: 67 | total time: 8.21m | eta: 37.8m
step 00689/03814 (18.07%) | loss: 3.317886 | lrm: 1.00 | dt: 723.73ms | tok/sec: 90,552 | bf16_mfu: 0.00 | epoch: 1 pq: 0 rg: 67 | total time: 8.22m | eta: 37.8m
step 00690/03814 (18.09%) | loss: 3.333903 | lrm: 1.00 | dt: 727.44ms | tok/sec: 90,090 | bf16_mfu: 0.00 | epoch: 1 pq: 0 rg: 67 | total time: 8.23m | eta: 37.8m
step 00691/03814 (18.12%) | loss: 3.331501 | lrm: 1.00 | dt: 725.38ms | tok/sec: 90,347 | bf16_mfu: 0.00 | epoch: 1 pq: 0 rg: 67 | total time: 8.24m | eta: 37.8m
step 00692/03814 (18.14%) | loss: 3.316594 | lrm: 1.00 | dt: 718.38ms | tok/sec: 91,227 | bf16_mfu: 0.00 | epoch: 1 pq: 0 rg: 67 | total time: 8.26m | eta: 37.8m
step 00693/03814 (18.17%) | loss: 3.317368 | lrm: 1.00 | dt: 717.46ms | tok/sec: 91,344 | bf16_mfu: 0.00 | epoch: 1 pq: 0 rg: 67 | total time: 8.27m | eta: 37.8m
step 00694/03814 (18.20%) | loss: 3.318748 | lrm: 1.00 | dt: 721.55ms | tok/sec: 90,826 | bf16_mfu: 0.00 | epoch: 1 pq: 0 rg: 67 | total time: 8.28m | eta: 37.8m
step 00695/03814 (18.22%) | loss: 3.314260 | lrm: 1.00 | dt: 720.05ms | tok/sec: 91,015 | bf16_mfu: 0.00 | epoch: 1 pq: 0 rg: 67 | total time: 8.29m | eta: 37.8m
step 00696/03814 (18.25%) | loss: 3.307125 | lrm: 1.00 | dt: 714.05ms | tok/sec: 91,781 | bf16_mfu: 0.00 | epoch: 1 pq: 0 rg: 67 | total time: 8.30m | eta: 37.7m
step 00697/03814 (18.27%) | loss: 3.312378 | lrm: 1.00 | dt: 716.54ms | tok/sec: 91,461 | bf16_mfu: 0.00 | epoch: 1 pq: 0 rg: 67 | total time: 8.32m | eta: 37.7m
step 00698/03814 (18.30%) | loss: 3.311420 | lrm: 1.00 | dt: 717.41ms | tok/sec: 91,351 | bf16_mfu: 0.00 | epoch: 1 pq: 0 rg: 67 | total time: 8.33m | eta: 37.7m
step 00699/03814 (18.33%) | loss: 3.317202 | lrm: 1.00 | dt: 720.72ms | tok/sec: 90,930 | bf16_mfu: 0.00 | epoch: 1 pq: 0 rg: 68 | total time: 8.34m | eta: 37.7m
step 00700/03814 (18.35%) | loss: 3.304793 | lrm: 1.00 | dt: 714.90ms | tok/sec: 91,671 | bf16_mfu: 0.00 | epoch: 1 pq: 0 rg: 68 | total time: 8.35m | eta: 37.7m
step 00701/03814 (18.38%) | loss: 3.291538 | lrm: 1.00 | dt: 715.79ms | tok/sec: 91,558 | bf16_mfu: 0.00 | epoch: 1 pq: 0 rg: 68 | total time: 8.36m | eta: 37.7m
step 00702/03814 (18.41%) | loss: 3.282569 | lrm: 1.00 | dt: 715.38ms | tok/sec: 91,609 | bf16_mfu: 0.00 | epoch: 1 pq: 0 rg: 68 | total time: 8.38m | eta: 37.7m
step 00703/03814 (18.43%) | loss: 3.282839 | lrm: 1.00 | dt: 717.91ms | tok/sec: 91,286 | bf16_mfu: 0.00 | epoch: 1 pq: 0 rg: 68 | total time: 8.39m | eta: 37.7m
step 00704/03814 (18.46%) | loss: 3.276403 | lrm: 1.00 | dt: 720.18ms | tok/sec: 91,000 | bf16_mfu: 0.00 | epoch: 1 pq: 0 rg: 68 | total time: 8.40m | eta: 37.6m
step 00705/03814 (18.48%) | loss: 3.288840 | lrm: 1.00 | dt: 714.62ms | tok/sec: 91,707 | bf16_mfu: 0.00 | epoch: 1 pq: 0 rg: 68 | total time: 8.41m | eta: 37.6m
step 00706/03814 (18.51%) | loss: 3.279925 | lrm: 1.00 | dt: 721.38ms | tok/sec: 90,848 | bf16_mfu: 0.00 | epoch: 1 pq: 0 rg: 68 | total time: 8.42m | eta: 37.6m
step 00707/03814 (18.54%) | loss: 3.270280 | lrm: 1.00 | dt: 718.18ms | tok/sec: 91,252 | bf16_mfu: 0.00 | epoch: 1 pq: 0 rg: 68 | total time: 8.44m | eta: 37.6m
step 00708/03814 (18.56%) | loss: 3.282617 | lrm: 1.00 | dt: 715.57ms | tok/sec: 91,585 | bf16_mfu: 0.00 | epoch: 1 pq: 0 rg: 68 | total time: 8.45m | eta: 37.6m
step 00709/03814 (18.59%) | loss: 3.287526 | lrm: 1.00 | dt: 718.06ms | tok/sec: 91,267 | bf16_mfu: 0.00 | epoch: 1 pq: 0 rg: 68 | total time: 8.46m | eta: 37.6m
step 00710/03814 (18.62%) | loss: 3.295757 | lrm: 1.00 | dt: 716.05ms | tok/sec: 91,524 | bf16_mfu: 0.00 | epoch: 1 pq: 0 rg: 69 | total time: 8.47m | eta: 37.6m
step 00711/03814 (18.64%) | loss: 3.305146 | lrm: 1.00 | dt: 719.86ms | tok/sec: 91,039 | bf16_mfu: 0.00 | epoch: 1 pq: 0 rg: 69 | total time: 8.48m | eta: 37.6m
step 00712/03814 (18.67%) | loss: 3.309597 | lrm: 1.00 | dt: 719.85ms | tok/sec: 91,040 | bf16_mfu: 0.00 | epoch: 1 pq: 0 rg: 69 | total time: 8.50m | eta: 37.5m
step 00713/03814 (18.69%) | loss: 3.318695 | lrm: 1.00 | dt: 723.67ms | tok/sec: 90,560 | bf16_mfu: 0.00 | epoch: 1 pq: 0 rg: 69 | total time: 8.51m | eta: 37.5m
step 00714/03814 (18.72%) | loss: 3.304568 | lrm: 1.00 | dt: 721.35ms | tok/sec: 90,851 | bf16_mfu: 0.00 | epoch: 1 pq: 0 rg: 69 | total time: 8.52m | eta: 37.5m
step 00715/03814 (18.75%) | loss: 3.289455 | lrm: 1.00 | dt: 715.12ms | tok/sec: 91,643 | bf16_mfu: 0.00 | epoch: 1 pq: 0 rg: 69 | total time: 8.53m | eta: 37.5m
step 00716/03814 (18.77%) | loss: 3.296499 | lrm: 1.00 | dt: 719.54ms | tok/sec: 91,079 | bf16_mfu: 0.00 | epoch: 1 pq: 0 rg: 69 | total time: 8.54m | eta: 37.5m
step 00717/03814 (18.80%) | loss: 3.307253 | lrm: 1.00 | dt: 718.40ms | tok/sec: 91,224 | bf16_mfu: 0.00 | epoch: 1 pq: 0 rg: 69 | total time: 8.56m | eta: 37.5m
step 00718/03814 (18.83%) | loss: 3.299310 | lrm: 1.00 | dt: 719.90ms | tok/sec: 91,035 | bf16_mfu: 0.00 | epoch: 1 pq: 0 rg: 69 | total time: 8.57m | eta: 37.5m
step 00719/03814 (18.85%) | loss: 3.296624 | lrm: 1.00 | dt: 715.15ms | tok/sec: 91,638 | bf16_mfu: 0.00 | epoch: 1 pq: 0 rg: 69 | total time: 8.58m | eta: 37.5m
step 00720/03814 (18.88%) | loss: 3.308628 | lrm: 1.00 | dt: 721.52ms | tok/sec: 90,830 | bf16_mfu: 0.00 | epoch: 1 pq: 0 rg: 69 | total time: 8.59m | eta: 37.4m
step 00721/03814 (18.90%) | loss: 3.330000 | lrm: 1.00 | dt: 718.86ms | tok/sec: 91,166 | bf16_mfu: 0.00 | epoch: 1 pq: 0 rg: 70 | total time: 8.60m | eta: 37.4m
step 00722/03814 (18.93%) | loss: 3.323013 | lrm: 1.00 | dt: 722.46ms | tok/sec: 90,712 | bf16_mfu: 0.00 | epoch: 1 pq: 0 rg: 70 | total time: 8.62m | eta: 37.4m
step 00723/03814 (18.96%) | loss: 3.325629 | lrm: 1.00 | dt: 718.69ms | tok/sec: 91,187 | bf16_mfu: 0.00 | epoch: 1 pq: 0 rg: 70 | total time: 8.63m | eta: 37.4m
step 00724/03814 (18.98%) | loss: 3.337715 | lrm: 1.00 | dt: 715.06ms | tok/sec: 91,651 | bf16_mfu: 0.00 | epoch: 1 pq: 0 rg: 70 | total time: 8.64m | eta: 37.4m
step 00725/03814 (19.01%) | loss: 3.326809 | lrm: 1.00 | dt: 726.77ms | tok/sec: 90,173 | bf16_mfu: 0.00 | epoch: 1 pq: 0 rg: 70 | total time: 8.65m | eta: 37.4m
step 00726/03814 (19.04%) | loss: 3.336388 | lrm: 1.00 | dt: 711.44ms | tok/sec: 92,117 | bf16_mfu: 0.00 | epoch: 1 pq: 0 rg: 70 | total time: 8.66m | eta: 37.4m
step 00727/03814 (19.06%) | loss: 3.338947 | lrm: 1.00 | dt: 717.90ms | tok/sec: 91,288 | bf16_mfu: 0.00 | epoch: 1 pq: 0 rg: 70 | total time: 8.67m | eta: 37.3m
step 00728/03814 (19.09%) | loss: 3.349452 | lrm: 1.00 | dt: 718.10ms | tok/sec: 91,263 | bf16_mfu: 0.00 | epoch: 1 pq: 0 rg: 70 | total time: 8.69m | eta: 37.3m
step 00729/03814 (19.11%) | loss: 3.343847 | lrm: 1.00 | dt: 718.11ms | tok/sec: 91,261 | bf16_mfu: 0.00 | epoch: 1 pq: 0 rg: 70 | total time: 8.70m | eta: 37.3m
step 00730/03814 (19.14%) | loss: 3.325120 | lrm: 1.00 | dt: 716.38ms | tok/sec: 91,481 | bf16_mfu: 0.00 | epoch: 1 pq: 0 rg: 70 | total time: 8.71m | eta: 37.3m
step 00731/03814 (19.17%) | loss: 3.321171 | lrm: 1.00 | dt: 714.69ms | tok/sec: 91,698 | bf16_mfu: 0.00 | epoch: 1 pq: 0 rg: 70 | total time: 8.72m | eta: 37.3m
step 00732/03814 (19.19%) | loss: 3.316799 | lrm: 1.00 | dt: 718.55ms | tok/sec: 91,205 | bf16_mfu: 0.00 | epoch: 1 pq: 0 rg: 71 | total time: 8.73m | eta: 37.3m
step 00733/03814 (19.22%) | loss: 3.343940 | lrm: 1.00 | dt: 717.30ms | tok/sec: 91,365 | bf16_mfu: 0.00 | epoch: 1 pq: 0 rg: 71 | total time: 8.75m | eta: 37.3m
step 00734/03814 (19.24%) | loss: 3.329162 | lrm: 1.00 | dt: 712.34ms | tok/sec: 92,001 | bf16_mfu: 0.00 | epoch: 1 pq: 0 rg: 71 | total time: 8.76m | eta: 37.3m
step 00735/03814 (19.27%) | loss: 3.318579 | lrm: 1.00 | dt: 713.86ms | tok/sec: 91,805 | bf16_mfu: 0.00 | epoch: 1 pq: 0 rg: 71 | total time: 8.77m | eta: 37.2m
step 00736/03814 (19.30%) | loss: 3.317518 | lrm: 1.00 | dt: 712.28ms | tok/sec: 92,008 | bf16_mfu: 0.00 | epoch: 1 pq: 0 rg: 71 | total time: 8.78m | eta: 37.2m
step 00737/03814 (19.32%) | loss: 3.312182 | lrm: 1.00 | dt: 715.30ms | tok/sec: 91,620 | bf16_mfu: 0.00 | epoch: 1 pq: 0 rg: 71 | total time: 8.79m | eta: 37.2m
step 00738/03814 (19.35%) | loss: 3.321238 | lrm: 1.00 | dt: 714.58ms | tok/sec: 91,712 | bf16_mfu: 0.00 | epoch: 1 pq: 0 rg: 71 | total time: 8.81m | eta: 37.2m
step 00739/03814 (19.38%) | loss: 3.336258 | lrm: 1.00 | dt: 719.05ms | tok/sec: 91,142 | bf16_mfu: 0.00 | epoch: 1 pq: 0 rg: 71 | total time: 8.82m | eta: 37.2m
step 00740/03814 (19.40%) | loss: 3.329310 | lrm: 1.00 | dt: 715.72ms | tok/sec: 91,565 | bf16_mfu: 0.00 | epoch: 1 pq: 0 rg: 71 | total time: 8.83m | eta: 37.2m
step 00741/03814 (19.43%) | loss: 3.328705 | lrm: 1.00 | dt: 719.85ms | tok/sec: 91,041 | bf16_mfu: 0.00 | epoch: 1 pq: 0 rg: 71 | total time: 8.84m | eta: 37.2m
step 00742/03814 (19.45%) | loss: 3.319447 | lrm: 1.00 | dt: 717.28ms | tok/sec: 91,367 | bf16_mfu: 0.00 | epoch: 1 pq: 0 rg: 71 | total time: 8.85m | eta: 37.2m
step 00743/03814 (19.48%) | loss: 3.314501 | lrm: 1.00 | dt: 713.34ms | tok/sec: 91,872 | bf16_mfu: 0.00 | epoch: 1 pq: 0 rg: 72 | total time: 8.87m | eta: 37.1m
step 00744/03814 (19.51%) | loss: 3.317396 | lrm: 1.00 | dt: 719.01ms | tok/sec: 91,147 | bf16_mfu: 0.00 | epoch: 1 pq: 0 rg: 72 | total time: 8.88m | eta: 37.1m
step 00745/03814 (19.53%) | loss: 3.320847 | lrm: 1.00 | dt: 715.73ms | tok/sec: 91,565 | bf16_mfu: 0.00 | epoch: 1 pq: 0 rg: 72 | total time: 8.89m | eta: 37.1m
step 00746/03814 (19.56%) | loss: 3.309824 | lrm: 1.00 | dt: 717.91ms | tok/sec: 91,286 | bf16_mfu: 0.00 | epoch: 1 pq: 0 rg: 72 | total time: 8.90m | eta: 37.1m
step 00747/03814 (19.59%) | loss: 3.321454 | lrm: 1.00 | dt: 716.96ms | tok/sec: 91,408 | bf16_mfu: 0.00 | epoch: 1 pq: 0 rg: 72 | total time: 8.91m | eta: 37.1m
step 00748/03814 (19.61%) | loss: 3.325892 | lrm: 1.00 | dt: 714.90ms | tok/sec: 91,672 | bf16_mfu: 0.00 | epoch: 1 pq: 0 rg: 72 | total time: 8.93m | eta: 37.1m
step 00749/03814 (19.64%) | loss: 3.322667 | lrm: 1.00 | dt: 715.26ms | tok/sec: 91,625 | bf16_mfu: 0.00 | epoch: 1 pq: 0 rg: 72 | total time: 8.94m | eta: 37.1m
step 00750/03814 (19.66%) | loss: 3.315586 | lrm: 1.00 | dt: 714.40ms | tok/sec: 91,735 | bf16_mfu: 0.00 | epoch: 1 pq: 0 rg: 72 | total time: 8.95m | eta: 37.1m
step 00751/03814 (19.69%) | loss: 3.312440 | lrm: 1.00 | dt: 715.97ms | tok/sec: 91,535 | bf16_mfu: 0.00 | epoch: 1 pq: 0 rg: 72 | total time: 8.96m | eta: 37.0m
step 00752/03814 (19.72%) | loss: 3.324158 | lrm: 1.00 | dt: 718.01ms | tok/sec: 91,274 | bf16_mfu: 0.00 | epoch: 1 pq: 0 rg: 72 | total time: 8.97m | eta: 37.0m
step 00753/03814 (19.74%) | loss: 3.308751 | lrm: 1.00 | dt: 712.42ms | tok/sec: 91,990 | bf16_mfu: 0.00 | epoch: 1 pq: 0 rg: 73 | total time: 8.99m | eta: 37.0m
step 00754/03814 (19.77%) | loss: 3.308428 | lrm: 1.00 | dt: 716.00ms | tok/sec: 91,530 | bf16_mfu: 0.00 | epoch: 1 pq: 0 rg: 73 | total time: 9.00m | eta: 37.0m
step 00755/03814 (19.80%) | loss: 3.316203 | lrm: 1.00 | dt: 710.89ms | tok/sec: 92,188 | bf16_mfu: 0.00 | epoch: 1 pq: 0 rg: 73 | total time: 9.01m | eta: 37.0m
step 00756/03814 (19.82%) | loss: 3.341641 | lrm: 1.00 | dt: 717.61ms | tok/sec: 91,325 | bf16_mfu: 0.00 | epoch: 1 pq: 0 rg: 73 | total time: 9.02m | eta: 37.0m
step 00757/03814 (19.85%) | loss: 3.336546 | lrm: 1.00 | dt: 713.40ms | tok/sec: 91,863 | bf16_mfu: 0.00 | epoch: 1 pq: 0 rg: 73 | total time: 9.03m | eta: 37.0m
step 00758/03814 (19.87%) | loss: 3.339447 | lrm: 1.00 | dt: 716.02ms | tok/sec: 91,528 | bf16_mfu: 0.00 | epoch: 1 pq: 0 rg: 73 | total time: 9.04m | eta: 37.0m
step 00759/03814 (19.90%) | loss: 3.353308 | lrm: 1.00 | dt: 713.73ms | tok/sec: 91,821 | bf16_mfu: 0.00 | epoch: 1 pq: 0 rg: 73 | total time: 9.06m | eta: 36.9m
step 00760/03814 (19.93%) | loss: 3.323148 | lrm: 1.00 | dt: 717.87ms | tok/sec: 91,292 | bf16_mfu: 0.00 | epoch: 1 pq: 0 rg: 73 | total time: 9.07m | eta: 36.9m
step 00761/03814 (19.95%) | loss: 3.313931 | lrm: 1.00 | dt: 713.38ms | tok/sec: 91,866 | bf16_mfu: 0.00 | epoch: 1 pq: 0 rg: 73 | total time: 9.08m | eta: 36.9m
step 00762/03814 (19.98%) | loss: 3.310620 | lrm: 1.00 | dt: 715.97ms | tok/sec: 91,534 | bf16_mfu: 0.00 | epoch: 1 pq: 0 rg: 73 | total time: 9.09m | eta: 36.9m
step 00763/03814 (20.01%) | loss: 3.303623 | lrm: 1.00 | dt: 716.64ms | tok/sec: 91,448 | bf16_mfu: 0.00 | epoch: 1 pq: 0 rg: 73 | total time: 9.10m | eta: 36.9m
step 00764/03814 (20.03%) | loss: 3.296410 | lrm: 1.00 | dt: 711.01ms | tok/sec: 92,173 | bf16_mfu: 0.00 | epoch: 1 pq: 0 rg: 73 | total time: 9.12m | eta: 36.9m
step 00765/03814 (20.06%) | loss: 3.300885 | lrm: 1.00 | dt: 716.14ms | tok/sec: 91,512 | bf16_mfu: 0.00 | epoch: 1 pq: 0 rg: 74 | total time: 9.13m | eta: 36.9m
step 00766/03814 (20.08%) | loss: 3.281081 | lrm: 1.00 | dt: 714.34ms | tok/sec: 91,743 | bf16_mfu: 0.00 | epoch: 1 pq: 0 rg: 74 | total time: 9.14m | eta: 36.9m
step 00767/03814 (20.11%) | loss: 3.273100 | lrm: 1.00 | dt: 717.68ms | tok/sec: 91,315 | bf16_mfu: 0.00 | epoch: 1 pq: 0 rg: 74 | total time: 9.15m | eta: 36.8m
step 00768/03814 (20.14%) | loss: 3.264900 | lrm: 1.00 | dt: 713.72ms | tok/sec: 91,823 | bf16_mfu: 0.00 | epoch: 1 pq: 0 rg: 74 | total time: 9.16m | eta: 36.8m
step 00769/03814 (20.16%) | loss: 3.271803 | lrm: 1.00 | dt: 714.52ms | tok/sec: 91,720 | bf16_mfu: 0.00 | epoch: 1 pq: 0 rg: 74 | total time: 9.18m | eta: 36.8m
step 00770/03814 (20.19%) | loss: 3.285728 | lrm: 1.00 | dt: 718.15ms | tok/sec: 91,256 | bf16_mfu: 0.00 | epoch: 1 pq: 0 rg: 74 | total time: 9.19m | eta: 36.8m
step 00771/03814 (20.21%) | loss: 3.263839 | lrm: 1.00 | dt: 710.95ms | tok/sec: 92,180 | bf16_mfu: 0.00 | epoch: 1 pq: 0 rg: 74 | total time: 9.20m | eta: 36.8m
step 00772/03814 (20.24%) | loss: 3.271757 | lrm: 1.00 | dt: 711.93ms | tok/sec: 92,054 | bf16_mfu: 0.00 | epoch: 1 pq: 0 rg: 74 | total time: 9.21m | eta: 36.8m
step 00773/03814 (20.27%) | loss: 3.290117 | lrm: 1.00 | dt: 715.72ms | tok/sec: 91,566 | bf16_mfu: 0.00 | epoch: 1 pq: 0 rg: 74 | total time: 9.22m | eta: 36.8m
step 00774/03814 (20.29%) | loss: 3.300075 | lrm: 1.00 | dt: 714.75ms | tok/sec: 91,690 | bf16_mfu: 0.00 | epoch: 1 pq: 0 rg: 74 | total time: 9.24m | eta: 36.7m
step 00775/03814 (20.32%) | loss: 3.299497 | lrm: 1.00 | dt: 713.58ms | tok/sec: 91,840 | bf16_mfu: 0.00 | epoch: 1 pq: 0 rg: 74 | total time: 9.25m | eta: 36.7m
step 00776/03814 (20.35%) | loss: 3.286529 | lrm: 1.00 | dt: 716.87ms | tok/sec: 91,420 | bf16_mfu: 0.00 | epoch: 1 pq: 0 rg: 75 | total time: 9.26m | eta: 36.7m
step 00777/03814 (20.37%) | loss: 3.292755 | lrm: 1.00 | dt: 717.51ms | tok/sec: 91,338 | bf16_mfu: 0.00 | epoch: 1 pq: 0 rg: 75 | total time: 9.27m | eta: 36.7m
step 00778/03814 (20.40%) | loss: 3.291942 | lrm: 1.00 | dt: 713.36ms | tok/sec: 91,869 | bf16_mfu: 0.00 | epoch: 1 pq: 0 rg: 75 | total time: 9.28m | eta: 36.7m
step 00779/03814 (20.42%) | loss: 3.287860 | lrm: 1.00 | dt: 715.89ms | tok/sec: 91,545 | bf16_mfu: 0.00 | epoch: 1 pq: 0 rg: 75 | total time: 9.30m | eta: 36.7m
step 00780/03814 (20.45%) | loss: 3.285746 | lrm: 1.00 | dt: 711.72ms | tok/sec: 92,081 | bf16_mfu: 0.00 | epoch: 1 pq: 0 rg: 75 | total time: 9.31m | eta: 36.7m
step 00781/03814 (20.48%) | loss: 3.275755 | lrm: 1.00 | dt: 713.04ms | tok/sec: 91,910 | bf16_mfu: 0.00 | epoch: 1 pq: 0 rg: 75 | total time: 9.32m | eta: 36.7m
step 00782/03814 (20.50%) | loss: 3.271413 | lrm: 1.00 | dt: 715.88ms | tok/sec: 91,546 | bf16_mfu: 0.00 | epoch: 1 pq: 0 rg: 75 | total time: 9.33m | eta: 36.6m
step 00783/03814 (20.53%) | loss: 3.285380 | lrm: 1.00 | dt: 713.51ms | tok/sec: 91,849 | bf16_mfu: 0.00 | epoch: 1 pq: 0 rg: 75 | total time: 9.34m | eta: 36.6m
step 00784/03814 (20.56%) | loss: 3.305819 | lrm: 1.00 | dt: 717.14ms | tok/sec: 91,385 | bf16_mfu: 0.00 | epoch: 1 pq: 0 rg: 75 | total time: 9.35m | eta: 36.6m
step 00785/03814 (20.58%) | loss: 3.305488 | lrm: 1.00 | dt: 713.56ms | tok/sec: 91,844 | bf16_mfu: 0.00 | epoch: 1 pq: 0 rg: 75 | total time: 9.37m | eta: 36.6m
step 00786/03814 (20.61%) | loss: 3.290210 | lrm: 1.00 | dt: 719.62ms | tok/sec: 91,069 | bf16_mfu: 0.00 | epoch: 1 pq: 0 rg: 75 | total time: 9.38m | eta: 36.6m
step 00787/03814 (20.63%) | loss: 3.283540 | lrm: 1.00 | dt: 718.12ms | tok/sec: 91,260 | bf16_mfu: 0.00 | epoch: 1 pq: 0 rg: 76 | total time: 9.39m | eta: 36.6m
step 00788/03814 (20.66%) | loss: 3.265397 | lrm: 1.00 | dt: 719.61ms | tok/sec: 91,072 | bf16_mfu: 0.00 | epoch: 1 pq: 0 rg: 76 | total time: 9.40m | eta: 36.6m
step 00789/03814 (20.69%) | loss: 3.247612 | lrm: 1.00 | dt: 715.13ms | tok/sec: 91,642 | bf16_mfu: 0.00 | epoch: 1 pq: 0 rg: 76 | total time: 9.41m | eta: 36.6m
step 00790/03814 (20.71%) | loss: 3.253490 | lrm: 1.00 | dt: 714.23ms | tok/sec: 91,757 | bf16_mfu: 0.00 | epoch: 1 pq: 0 rg: 76 | total time: 9.43m | eta: 36.5m
step 00791/03814 (20.74%) | loss: 3.270244 | lrm: 1.00 | dt: 715.39ms | tok/sec: 91,608 | bf16_mfu: 0.00 | epoch: 1 pq: 0 rg: 76 | total time: 9.44m | eta: 36.5m
step 00792/03814 (20.77%) | loss: 3.285072 | lrm: 1.00 | dt: 713.78ms | tok/sec: 91,814 | bf16_mfu: 0.00 | epoch: 1 pq: 0 rg: 76 | total time: 9.45m | eta: 36.5m
step 00793/03814 (20.79%) | loss: 3.257946 | lrm: 1.00 | dt: 1043.92ms | tok/sec: 62,778 | bf16_mfu: 0.00 | epoch: 1 pq: 0 rg: 76 | total time: 9.47m | eta: 36.5m
step 00794/03814 (20.82%) | loss: 3.261440 | lrm: 1.00 | dt: 713.88ms | tok/sec: 91,802 | bf16_mfu: 0.00 | epoch: 1 pq: 0 rg: 76 | total time: 9.48m | eta: 36.5m
step 00795/03814 (20.84%) | loss: 3.300783 | lrm: 1.00 | dt: 713.29ms | tok/sec: 91,878 | bf16_mfu: 0.00 | epoch: 1 pq: 0 rg: 76 | total time: 9.49m | eta: 36.5m
step 00796/03814 (20.87%) | loss: 3.291586 | lrm: 1.00 | dt: 712.51ms | tok/sec: 91,979 | bf16_mfu: 0.00 | epoch: 1 pq: 0 rg: 76 | total time: 9.50m | eta: 36.5m
step 00797/03814 (20.90%) | loss: 3.277724 | lrm: 1.00 | dt: 717.95ms | tok/sec: 91,282 | bf16_mfu: 0.00 | epoch: 1 pq: 0 rg: 76 | total time: 9.52m | eta: 36.5m
step 00798/03814 (20.92%) | loss: 3.291959 | lrm: 1.00 | dt: 725.34ms | tok/sec: 90,352 | bf16_mfu: 0.00 | epoch: 1 pq: 0 rg: 77 | total time: 9.53m | eta: 36.5m
step 00799/03814 (20.95%) | loss: 3.305960 | lrm: 1.00 | dt: 717.62ms | tok/sec: 91,323 | bf16_mfu: 0.00 | epoch: 1 pq: 0 rg: 77 | total time: 9.54m | eta: 36.5m
step 00800/03814 (20.98%) | loss: 3.307222 | lrm: 1.00 | dt: 715.57ms | tok/sec: 91,585 | bf16_mfu: 0.00 | epoch: 1 pq: 0 rg: 77 | total time: 9.55m | eta: 36.4m
step 00801/03814 (21.00%) | loss: 3.300035 | lrm: 1.00 | dt: 883.55ms | tok/sec: 74,173 | bf16_mfu: 0.00 | epoch: 1 pq: 0 rg: 77 | total time: 9.57m | eta: 36.4m
step 00802/03814 (21.03%) | loss: 3.318373 | lrm: 1.00 | dt: 715.34ms | tok/sec: 91,615 | bf16_mfu: 0.00 | epoch: 1 pq: 0 rg: 77 | total time: 9.58m | eta: 36.4m
step 00803/03814 (21.05%) | loss: 3.329408 | lrm: 1.00 | dt: 719.77ms | tok/sec: 91,051 | bf16_mfu: 0.00 | epoch: 1 pq: 0 rg: 77 | total time: 9.59m | eta: 36.4m
step 00804/03814 (21.08%) | loss: 3.333474 | lrm: 1.00 | dt: 711.69ms | tok/sec: 92,084 | bf16_mfu: 0.00 | epoch: 1 pq: 0 rg: 77 | total time: 9.60m | eta: 36.4m
step 00805/03814 (21.11%) | loss: 3.324564 | lrm: 1.00 | dt: 713.39ms | tok/sec: 91,865 | bf16_mfu: 0.00 | epoch: 1 pq: 0 rg: 77 | total time: 9.61m | eta: 36.4m
step 00806/03814 (21.13%) | loss: 3.325450 | lrm: 1.00 | dt: 711.19ms | tok/sec: 92,149 | bf16_mfu: 0.00 | epoch: 1 pq: 0 rg: 77 | total time: 9.63m | eta: 36.4m
step 00807/03814 (21.16%) | loss: 3.327613 | lrm: 1.00 | dt: 707.88ms | tok/sec: 92,580 | bf16_mfu: 0.00 | epoch: 1 pq: 0 rg: 77 | total time: 9.64m | eta: 36.4m
step 00808/03814 (21.19%) | loss: 3.317946 | lrm: 1.00 | dt: 718.06ms | tok/sec: 91,268 | bf16_mfu: 0.00 | epoch: 1 pq: 0 rg: 77 | total time: 9.65m | eta: 36.3m
step 00809/03814 (21.21%) | loss: 3.334011 | lrm: 1.00 | dt: 717.20ms | tok/sec: 91,377 | bf16_mfu: 0.00 | epoch: 1 pq: 0 rg: 78 | total time: 9.66m | eta: 36.3m
step 00810/03814 (21.24%) | loss: 3.324836 | lrm: 1.00 | dt: 713.62ms | tok/sec: 91,836 | bf16_mfu: 0.00 | epoch: 1 pq: 0 rg: 78 | total time: 9.67m | eta: 36.3m
step 00811/03814 (21.26%) | loss: 3.300118 | lrm: 1.00 | dt: 716.31ms | tok/sec: 91,491 | bf16_mfu: 0.00 | epoch: 1 pq: 0 rg: 78 | total time: 9.68m | eta: 36.3m
step 00812/03814 (21.29%) | loss: 3.298178 | lrm: 1.00 | dt: 714.87ms | tok/sec: 91,675 | bf16_mfu: 0.00 | epoch: 1 pq: 0 rg: 78 | total time: 9.70m | eta: 36.3m
step 00813/03814 (21.32%) | loss: 3.307199 | lrm: 1.00 | dt: 714.64ms | tok/sec: 91,704 | bf16_mfu: 0.00 | epoch: 1 pq: 0 rg: 78 | total time: 9.71m | eta: 36.3m
step 00814/03814 (21.34%) | loss: 3.294758 | lrm: 1.00 | dt: 714.48ms | tok/sec: 91,725 | bf16_mfu: 0.00 | epoch: 1 pq: 0 rg: 78 | total time: 9.72m | eta: 36.3m
step 00815/03814 (21.37%) | loss: 3.291393 | lrm: 1.00 | dt: 720.16ms | tok/sec: 91,002 | bf16_mfu: 0.00 | epoch: 1 pq: 0 rg: 78 | total time: 9.73m | eta: 36.3m
step 00816/03814 (21.39%) | loss: 3.303001 | lrm: 1.00 | dt: 715.67ms | tok/sec: 91,572 | bf16_mfu: 0.00 | epoch: 1 pq: 0 rg: 78 | total time: 9.74m | eta: 36.2m
step 00817/03814 (21.42%) | loss: 3.322393 | lrm: 1.00 | dt: 713.36ms | tok/sec: 91,869 | bf16_mfu: 0.00 | epoch: 1 pq: 0 rg: 78 | total time: 9.76m | eta: 36.2m
step 00818/03814 (21.45%) | loss: 3.336593 | lrm: 1.00 | dt: 720.31ms | tok/sec: 90,982 | bf16_mfu: 0.00 | epoch: 1 pq: 0 rg: 78 | total time: 9.77m | eta: 36.2m
step 00819/03814 (21.47%) | loss: 3.320544 | lrm: 1.00 | dt: 715.21ms | tok/sec: 91,631 | bf16_mfu: 0.00 | epoch: 1 pq: 0 rg: 78 | total time: 9.78m | eta: 36.2m
step 00820/03814 (21.50%) | loss: 3.314069 | lrm: 1.00 | dt: 730.45ms | tok/sec: 89,720 | bf16_mfu: 0.00 | epoch: 1 pq: 0 rg: 79 | total time: 9.79m | eta: 36.2m
step 00821/03814 (21.53%) | loss: 3.301374 | lrm: 1.00 | dt: 714.71ms | tok/sec: 91,695 | bf16_mfu: 0.00 | epoch: 1 pq: 0 rg: 79 | total time: 9.80m | eta: 36.2m
step 00822/03814 (21.55%) | loss: 3.309853 | lrm: 1.00 | dt: 720.38ms | tok/sec: 90,974 | bf16_mfu: 0.00 | epoch: 1 pq: 0 rg: 79 | total time: 9.82m | eta: 36.2m
step 00823/03814 (21.58%) | loss: 3.310966 | lrm: 1.00 | dt: 715.83ms | tok/sec: 91,552 | bf16_mfu: 0.00 | epoch: 1 pq: 0 rg: 79 | total time: 9.83m | eta: 36.2m
step 00824/03814 (21.60%) | loss: 3.296379 | lrm: 1.00 | dt: 732.88ms | tok/sec: 89,422 | bf16_mfu: 0.00 | epoch: 1 pq: 0 rg: 79 | total time: 9.84m | eta: 36.1m
step 00825/03814 (21.63%) | loss: 3.287302 | lrm: 1.00 | dt: 715.47ms | tok/sec: 91,598 | bf16_mfu: 0.00 | epoch: 1 pq: 0 rg: 79 | total time: 9.85m | eta: 36.1m
step 00826/03814 (21.66%) | loss: 3.308220 | lrm: 1.00 | dt: 716.29ms | tok/sec: 91,493 | bf16_mfu: 0.00 | epoch: 1 pq: 0 rg: 79 | total time: 9.86m | eta: 36.1m
step 00827/03814 (21.68%) | loss: 3.296335 | lrm: 1.00 | dt: 719.53ms | tok/sec: 91,081 | bf16_mfu: 0.00 | epoch: 1 pq: 0 rg: 79 | total time: 9.88m | eta: 36.1m
step 00828/03814 (21.71%) | loss: 3.293946 | lrm: 1.00 | dt: 716.17ms | tok/sec: 91,509 | bf16_mfu: 0.00 | epoch: 1 pq: 0 rg: 79 | total time: 9.89m | eta: 36.1m
step 00829/03814 (21.74%) | loss: 3.290510 | lrm: 1.00 | dt: 719.26ms | tok/sec: 91,115 | bf16_mfu: 0.00 | epoch: 1 pq: 0 rg: 79 | total time: 9.90m | eta: 36.1m
step 00830/03814 (21.76%) | loss: 3.320078 | lrm: 1.00 | dt: 715.53ms | tok/sec: 91,590 | bf16_mfu: 0.00 | epoch: 1 pq: 0 rg: 79 | total time: 9.91m | eta: 36.1m
step 00831/03814 (21.79%) | loss: 3.320550 | lrm: 1.00 | dt: 714.40ms | tok/sec: 91,735 | bf16_mfu: 0.00 | epoch: 1 pq: 0 rg: 80 | total time: 9.92m | eta: 36.1m
step 00832/03814 (21.81%) | loss: 3.309553 | lrm: 1.00 | dt: 718.39ms | tok/sec: 91,225 | bf16_mfu: 0.00 | epoch: 1 pq: 0 rg: 80 | total time: 9.94m | eta: 36.0m
step 00833/03814 (21.84%) | loss: 3.315940 | lrm: 1.00 | dt: 720.76ms | tok/sec: 90,925 | bf16_mfu: 0.00 | epoch: 1 pq: 0 rg: 80 | total time: 9.95m | eta: 36.0m
step 00834/03814 (21.87%) | loss: 3.314513 | lrm: 1.00 | dt: 717.67ms | tok/sec: 91,318 | bf16_mfu: 0.00 | epoch: 1 pq: 0 rg: 80 | total time: 9.96m | eta: 36.0m
step 00835/03814 (21.89%) | loss: 3.317479 | lrm: 1.00 | dt: 715.89ms | tok/sec: 91,545 | bf16_mfu: 0.00 | epoch: 1 pq: 0 rg: 80 | total time: 9.97m | eta: 36.0m
step 00836/03814 (21.92%) | loss: 3.309095 | lrm: 1.00 | dt: 719.96ms | tok/sec: 91,026 | bf16_mfu: 0.00 | epoch: 1 pq: 0 rg: 80 | total time: 9.98m | eta: 36.0m
step 00837/03814 (21.95%) | loss: 3.312419 | lrm: 1.00 | dt: 716.87ms | tok/sec: 91,419 | bf16_mfu: 0.00 | epoch: 1 pq: 0 rg: 80 | total time: 10.00m | eta: 36.0m
step 00838/03814 (21.97%) | loss: 3.331542 | lrm: 1.00 | dt: 710.83ms | tok/sec: 92,196 | bf16_mfu: 0.00 | epoch: 1 pq: 0 rg: 80 | total time: 10.01m | eta: 36.0m
step 00839/03814 (22.00%) | loss: 3.327766 | lrm: 1.00 | dt: 717.51ms | tok/sec: 91,338 | bf16_mfu: 0.00 | epoch: 1 pq: 0 rg: 80 | total time: 10.02m | eta: 36.0m
step 00840/03814 (22.02%) | loss: 3.329383 | lrm: 1.00 | dt: 718.30ms | tok/sec: 91,237 | bf16_mfu: 0.00 | epoch: 1 pq: 0 rg: 80 | total time: 10.03m | eta: 35.9m
step 00841/03814 (22.05%) | loss: 3.336782 | lrm: 1.00 | dt: 718.28ms | tok/sec: 91,240 | bf16_mfu: 0.00 | epoch: 1 pq: 0 rg: 80 | total time: 10.04m | eta: 35.9m
step 00842/03814 (22.08%) | loss: 3.331427 | lrm: 1.00 | dt: 742.40ms | tok/sec: 88,275 | bf16_mfu: 0.00 | epoch: 1 pq: 0 rg: 81 | total time: 10.06m | eta: 35.9m
step 00843/03814 (22.10%) | loss: 3.321659 | lrm: 1.00 | dt: 717.24ms | tok/sec: 91,373 | bf16_mfu: 0.00 | epoch: 1 pq: 0 rg: 81 | total time: 10.07m | eta: 35.9m
step 00844/03814 (22.13%) | loss: 3.322463 | lrm: 1.00 | dt: 714.54ms | tok/sec: 91,717 | bf16_mfu: 0.00 | epoch: 1 pq: 0 rg: 81 | total time: 10.08m | eta: 35.9m
step 00845/03814 (22.16%) | loss: 3.339965 | lrm: 1.00 | dt: 721.86ms | tok/sec: 90,787 | bf16_mfu: 0.00 | epoch: 1 pq: 0 rg: 81 | total time: 10.09m | eta: 35.9m
step 00846/03814 (22.18%) | loss: 3.349064 | lrm: 1.00 | dt: 718.74ms | tok/sec: 91,182 | bf16_mfu: 0.00 | epoch: 1 pq: 0 rg: 81 | total time: 10.10m | eta: 35.9m
step 00847/03814 (22.21%) | loss: 3.332600 | lrm: 1.00 | dt: 716.21ms | tok/sec: 91,503 | bf16_mfu: 0.00 | epoch: 1 pq: 0 rg: 81 | total time: 10.12m | eta: 35.9m
step 00848/03814 (22.23%) | loss: 3.360009 | lrm: 1.00 | dt: 715.94ms | tok/sec: 91,538 | bf16_mfu: 0.00 | epoch: 1 pq: 0 rg: 81 | total time: 10.13m | eta: 35.8m
step 00849/03814 (22.26%) | loss: 3.356837 | lrm: 1.00 | dt: 717.59ms | tok/sec: 91,328 | bf16_mfu: 0.00 | epoch: 1 pq: 0 rg: 81 | total time: 10.14m | eta: 35.8m
step 00850/03814 (22.29%) | loss: 3.336543 | lrm: 1.00 | dt: 718.81ms | tok/sec: 91,173 | bf16_mfu: 0.00 | epoch: 1 pq: 0 rg: 81 | total time: 10.15m | eta: 35.8m
step 00851/03814 (22.31%) | loss: 3.328143 | lrm: 1.00 | dt: 712.77ms | tok/sec: 91,945 | bf16_mfu: 0.00 | epoch: 1 pq: 0 rg: 81 | total time: 10.16m | eta: 35.8m
step 00852/03814 (22.34%) | loss: 3.342352 | lrm: 1.00 | dt: 719.35ms | tok/sec: 91,103 | bf16_mfu: 0.00 | epoch: 1 pq: 0 rg: 81 | total time: 10.18m | eta: 35.8m
step 00853/03814 (22.36%) | loss: 3.356115 | lrm: 1.00 | dt: 719.87ms | tok/sec: 91,038 | bf16_mfu: 0.00 | epoch: 1 pq: 0 rg: 82 | total time: 10.19m | eta: 35.8m
step 00854/03814 (22.39%) | loss: 3.350748 | lrm: 1.00 | dt: 715.20ms | tok/sec: 91,633 | bf16_mfu: 0.00 | epoch: 1 pq: 0 rg: 82 | total time: 10.20m | eta: 35.8m
step 00855/03814 (22.42%) | loss: 3.353020 | lrm: 1.00 | dt: 717.22ms | tok/sec: 91,374 | bf16_mfu: 0.00 | epoch: 1 pq: 0 rg: 82 | total time: 10.21m | eta: 35.8m
step 00856/03814 (22.44%) | loss: 3.353922 | lrm: 1.00 | dt: 718.12ms | tok/sec: 91,260 | bf16_mfu: 0.00 | epoch: 1 pq: 0 rg: 82 | total time: 10.22m | eta: 35.7m
step 00857/03814 (22.47%) | loss: 3.339029 | lrm: 1.00 | dt: 715.33ms | tok/sec: 91,616 | bf16_mfu: 0.00 | epoch: 1 pq: 0 rg: 82 | total time: 10.24m | eta: 35.7m
step 00858/03814 (22.50%) | loss: 3.342008 | lrm: 1.00 | dt: 722.08ms | tok/sec: 90,760 | bf16_mfu: 0.00 | epoch: 1 pq: 0 rg: 82 | total time: 10.25m | eta: 35.7m
step 00859/03814 (22.52%) | loss: 3.352655 | lrm: 1.00 | dt: 714.19ms | tok/sec: 91,763 | bf16_mfu: 0.00 | epoch: 1 pq: 0 rg: 82 | total time: 10.26m | eta: 35.7m
step 00860/03814 (22.55%) | loss: 3.343124 | lrm: 1.00 | dt: 715.73ms | tok/sec: 91,565 | bf16_mfu: 0.00 | epoch: 1 pq: 0 rg: 82 | total time: 10.27m | eta: 35.7m
step 00861/03814 (22.57%) | loss: 3.359128 | lrm: 1.00 | dt: 716.83ms | tok/sec: 91,424 | bf16_mfu: 0.00 | epoch: 1 pq: 0 rg: 82 | total time: 10.28m | eta: 35.7m
step 00862/03814 (22.60%) | loss: 3.356811 | lrm: 1.00 | dt: 718.18ms | tok/sec: 91,253 | bf16_mfu: 0.00 | epoch: 1 pq: 0 rg: 82 | total time: 10.30m | eta: 35.7m
step 00863/03814 (22.63%) | loss: 3.339096 | lrm: 1.00 | dt: 721.33ms | tok/sec: 90,854 | bf16_mfu: 0.00 | epoch: 1 pq: 0 rg: 82 | total time: 10.31m | eta: 35.7m
step 00864/03814 (22.65%) | loss: 3.323020 | lrm: 1.00 | dt: 800.04ms | tok/sec: 81,915 | bf16_mfu: 0.00 | epoch: 1 pq: 0 rg: 83 | total time: 10.32m | eta: 35.7m
step 00865/03814 (22.68%) | loss: 3.308794 | lrm: 1.00 | dt: 720.16ms | tok/sec: 91,001 | bf16_mfu: 0.00 | epoch: 1 pq: 0 rg: 83 | total time: 10.33m | eta: 35.6m
step 00866/03814 (22.71%) | loss: 3.308951 | lrm: 1.00 | dt: 719.01ms | tok/sec: 91,146 | bf16_mfu: 0.00 | epoch: 1 pq: 0 rg: 83 | total time: 10.34m | eta: 35.6m
step 00867/03814 (22.73%) | loss: 3.310132 | lrm: 1.00 | dt: 720.10ms | tok/sec: 91,009 | bf16_mfu: 0.00 | epoch: 1 pq: 0 rg: 83 | total time: 10.36m | eta: 35.6m
step 00868/03814 (22.76%) | loss: 3.303043 | lrm: 1.00 | dt: 712.17ms | tok/sec: 92,022 | bf16_mfu: 0.00 | epoch: 1 pq: 0 rg: 83 | total time: 10.37m | eta: 35.6m
step 00869/03814 (22.78%) | loss: 3.309487 | lrm: 1.00 | dt: 716.02ms | tok/sec: 91,527 | bf16_mfu: 0.00 | epoch: 1 pq: 0 rg: 83 | total time: 10.38m | eta: 35.6m
step 00870/03814 (22.81%) | loss: 3.315543 | lrm: 1.00 | dt: 718.30ms | tok/sec: 91,237 | bf16_mfu: 0.00 | epoch: 1 pq: 0 rg: 83 | total time: 10.39m | eta: 35.6m
step 00871/03814 (22.84%) | loss: 3.281296 | lrm: 1.00 | dt: 715.61ms | tok/sec: 91,580 | bf16_mfu: 0.00 | epoch: 1 pq: 0 rg: 83 | total time: 10.40m | eta: 35.6m
step 00872/03814 (22.86%) | loss: 3.278713 | lrm: 1.00 | dt: 716.43ms | tok/sec: 91,475 | bf16_mfu: 0.00 | epoch: 1 pq: 0 rg: 83 | total time: 10.42m | eta: 35.6m
step 00873/03814 (22.89%) | loss: 3.289211 | lrm: 1.00 | dt: 714.22ms | tok/sec: 91,758 | bf16_mfu: 0.00 | epoch: 1 pq: 0 rg: 83 | total time: 10.43m | eta: 35.5m
step 00874/03814 (22.92%) | loss: 3.276599 | lrm: 1.00 | dt: 715.06ms | tok/sec: 91,651 | bf16_mfu: 0.00 | epoch: 1 pq: 0 rg: 83 | total time: 10.44m | eta: 35.5m
step 00875/03814 (22.94%) | loss: 3.269727 | lrm: 1.00 | dt: 714.48ms | tok/sec: 91,725 | bf16_mfu: 0.00 | epoch: 1 pq: 0 rg: 83 | total time: 10.45m | eta: 35.5m
step 00876/03814 (22.97%) | loss: 3.257493 | lrm: 1.00 | dt: 782.76ms | tok/sec: 83,724 | bf16_mfu: 0.00 | epoch: 1 pq: 0 rg: 84 | total time: 10.47m | eta: 35.5m
step 00877/03814 (22.99%) | loss: 3.246933 | lrm: 1.00 | dt: 717.76ms | tok/sec: 91,306 | bf16_mfu: 0.00 | epoch: 1 pq: 0 rg: 84 | total time: 10.48m | eta: 35.5m
step 00878/03814 (23.02%) | loss: 3.254376 | lrm: 1.00 | dt: 755.17ms | tok/sec: 86,783 | bf16_mfu: 0.00 | epoch: 1 pq: 0 rg: 84 | total time: 10.49m | eta: 35.5m
step 00879/03814 (23.05%) | loss: 3.249096 | lrm: 1.00 | dt: 720.01ms | tok/sec: 91,021 | bf16_mfu: 0.00 | epoch: 1 pq: 0 rg: 84 | total time: 10.50m | eta: 35.5m
step 00880/03814 (23.07%) | loss: 3.251359 | lrm: 1.00 | dt: 719.22ms | tok/sec: 91,120 | bf16_mfu: 0.00 | epoch: 1 pq: 0 rg: 84 | total time: 10.51m | eta: 35.5m
step 00881/03814 (23.10%) | loss: 3.240127 | lrm: 1.00 | dt: 718.91ms | tok/sec: 91,160 | bf16_mfu: 0.00 | epoch: 1 pq: 0 rg: 84 | total time: 10.53m | eta: 35.4m
step 00882/03814 (23.13%) | loss: 3.246170 | lrm: 1.00 | dt: 723.91ms | tok/sec: 90,529 | bf16_mfu: 0.00 | epoch: 1 pq: 0 rg: 84 | total time: 10.54m | eta: 35.4m
step 00883/03814 (23.15%) | loss: 3.237503 | lrm: 1.00 | dt: 717.36ms | tok/sec: 91,356 | bf16_mfu: 0.00 | epoch: 1 pq: 0 rg: 84 | total time: 10.55m | eta: 35.4m
step 00884/03814 (23.18%) | loss: 3.253350 | lrm: 1.00 | dt: 715.85ms | tok/sec: 91,549 | bf16_mfu: 0.00 | epoch: 1 pq: 0 rg: 84 | total time: 10.56m | eta: 35.4m
step 00885/03814 (23.20%) | loss: 3.238530 | lrm: 1.00 | dt: 716.02ms | tok/sec: 91,528 | bf16_mfu: 0.00 | epoch: 1 pq: 0 rg: 84 | total time: 10.57m | eta: 35.4m
step 00886/03814 (23.23%) | loss: 3.248296 | lrm: 1.00 | dt: 724.91ms | tok/sec: 90,405 | bf16_mfu: 0.00 | epoch: 1 pq: 0 rg: 85 | total time: 10.59m | eta: 35.4m
step 00887/03814 (23.26%) | loss: 3.245531 | lrm: 1.00 | dt: 716.29ms | tok/sec: 91,493 | bf16_mfu: 0.00 | epoch: 1 pq: 0 rg: 85 | total time: 10.60m | eta: 35.4m
step 00888/03814 (23.28%) | loss: 3.276585 | lrm: 1.00 | dt: 720.63ms | tok/sec: 90,942 | bf16_mfu: 0.00 | epoch: 1 pq: 0 rg: 85 | total time: 10.61m | eta: 35.4m
step 00889/03814 (23.31%) | loss: 3.303753 | lrm: 1.00 | dt: 749.18ms | tok/sec: 87,477 | bf16_mfu: 0.00 | epoch: 1 pq: 0 rg: 85 | total time: 10.62m | eta: 35.3m
step 00890/03814 (23.34%) | loss: 3.304929 | lrm: 1.00 | dt: 721.83ms | tok/sec: 90,791 | bf16_mfu: 0.00 | epoch: 1 pq: 0 rg: 85 | total time: 10.63m | eta: 35.3m
step 00891/03814 (23.36%) | loss: 3.325612 | lrm: 1.00 | dt: 719.15ms | tok/sec: 91,129 | bf16_mfu: 0.00 | epoch: 1 pq: 0 rg: 85 | total time: 10.65m | eta: 35.3m
step 00892/03814 (23.39%) | loss: 3.339136 | lrm: 1.00 | dt: 1107.76ms | tok/sec: 59,161 | bf16_mfu: 0.00 | epoch: 1 pq: 0 rg: 85 | total time: 10.66m | eta: 35.3m
step 00893/03814 (23.41%) | loss: 3.341374 | lrm: 1.00 | dt: 716.49ms | tok/sec: 91,468 | bf16_mfu: 0.00 | epoch: 1 pq: 0 rg: 85 | total time: 10.68m | eta: 35.3m
step 00894/03814 (23.44%) | loss: 3.335440 | lrm: 1.00 | dt: 718.64ms | tok/sec: 91,194 | bf16_mfu: 0.00 | epoch: 1 pq: 0 rg: 85 | total time: 10.69m | eta: 35.3m
step 00895/03814 (23.47%) | loss: 3.333697 | lrm: 1.00 | dt: 717.43ms | tok/sec: 91,347 | bf16_mfu: 0.00 | epoch: 1 pq: 0 rg: 85 | total time: 10.70m | eta: 35.3m
step 00896/03814 (23.49%) | loss: 3.314772 | lrm: 1.00 | dt: 709.46ms | tok/sec: 92,375 | bf16_mfu: 0.00 | epoch: 1 pq: 0 rg: 85 | total time: 10.71m | eta: 35.3m
step 00897/03814 (23.52%) | loss: 3.307730 | lrm: 1.00 | dt: 718.90ms | tok/sec: 91,160 | bf16_mfu: 0.00 | epoch: 1 pq: 0 rg: 85 | total time: 10.72m | eta: 35.3m
step 00898/03814 (23.54%) | loss: 3.311369 | lrm: 1.00 | dt: 716.25ms | tok/sec: 91,498 | bf16_mfu: 0.00 | epoch: 1 pq: 0 rg: 86 | total time: 10.74m | eta: 35.3m
step 00899/03814 (23.57%) | loss: 3.310752 | lrm: 1.00 | dt: 716.32ms | tok/sec: 91,490 | bf16_mfu: 0.00 | epoch: 1 pq: 0 rg: 86 | total time: 10.75m | eta: 35.2m
step 00900/03814 (23.60%) | loss: 3.304575 | lrm: 1.00 | dt: 714.26ms | tok/sec: 91,753 | bf16_mfu: 0.00 | epoch: 1 pq: 0 rg: 86 | total time: 10.76m | eta: 35.2m
step 00901/03814 (23.62%) | loss: 3.298644 | lrm: 1.00 | dt: 718.54ms | tok/sec: 91,207 | bf16_mfu: 0.00 | epoch: 1 pq: 0 rg: 86 | total time: 10.77m | eta: 35.2m
step 00902/03814 (23.65%) | loss: 3.283997 | lrm: 1.00 | dt: 718.49ms | tok/sec: 91,213 | bf16_mfu: 0.00 | epoch: 1 pq: 0 rg: 86 | total time: 10.78m | eta: 35.2m
step 00903/03814 (23.68%) | loss: 3.269884 | lrm: 1.00 | dt: 716.75ms | tok/sec: 91,434 | bf16_mfu: 0.00 | epoch: 1 pq: 0 rg: 86 | total time: 10.80m | eta: 35.2m
step 00904/03814 (23.70%) | loss: 3.271977 | lrm: 1.00 | dt: 717.43ms | tok/sec: 91,347 | bf16_mfu: 0.00 | epoch: 1 pq: 0 rg: 86 | total time: 10.81m | eta: 35.2m
step 00905/03814 (23.73%) | loss: 3.261018 | lrm: 1.00 | dt: 713.27ms | tok/sec: 91,881 | bf16_mfu: 0.00 | epoch: 1 pq: 0 rg: 86 | total time: 10.82m | eta: 35.2m
step 00906/03814 (23.75%) | loss: 3.246834 | lrm: 1.00 | dt: 716.43ms | tok/sec: 91,476 | bf16_mfu: 0.00 | epoch: 1 pq: 0 rg: 86 | total time: 10.83m | eta: 35.2m
step 00907/03814 (23.78%) | loss: 3.247087 | lrm: 1.00 | dt: 714.77ms | tok/sec: 91,688 | bf16_mfu: 0.00 | epoch: 1 pq: 0 rg: 86 | total time: 10.84m | eta: 35.1m
step 00908/03814 (23.81%) | loss: 3.254468 | lrm: 1.00 | dt: 715.11ms | tok/sec: 91,644 | bf16_mfu: 0.00 | epoch: 1 pq: 0 rg: 87 | total time: 10.86m | eta: 35.1m
step 00909/03814 (23.83%) | loss: 3.250556 | lrm: 1.00 | dt: 713.64ms | tok/sec: 91,833 | bf16_mfu: 0.00 | epoch: 1 pq: 0 rg: 87 | total time: 10.87m | eta: 35.1m
step 00910/03814 (23.86%) | loss: 3.257276 | lrm: 1.00 | dt: 720.08ms | tok/sec: 91,012 | bf16_mfu: 0.00 | epoch: 1 pq: 0 rg: 87 | total time: 10.88m | eta: 35.1m
step 00911/03814 (23.89%) | loss: 3.262169 | lrm: 1.00 | dt: 716.69ms | tok/sec: 91,442 | bf16_mfu: 0.00 | epoch: 1 pq: 0 rg: 87 | total time: 10.89m | eta: 35.1m
step 00912/03814 (23.91%) | loss: 3.242804 | lrm: 1.00 | dt: 720.61ms | tok/sec: 90,944 | bf16_mfu: 0.00 | epoch: 1 pq: 0 rg: 87 | total time: 10.90m | eta: 35.1m
step 00913/03814 (23.94%) | loss: 3.255290 | lrm: 1.00 | dt: 716.32ms | tok/sec: 91,489 | bf16_mfu: 0.00 | epoch: 1 pq: 0 rg: 87 | total time: 10.92m | eta: 35.1m
step 00914/03814 (23.96%) | loss: 3.261937 | lrm: 1.00 | dt: 721.67ms | tok/sec: 90,812 | bf16_mfu: 0.00 | epoch: 1 pq: 0 rg: 87 | total time: 10.93m | eta: 35.1m
step 00915/03814 (23.99%) | loss: 3.270897 | lrm: 1.00 | dt: 718.15ms | tok/sec: 91,256 | bf16_mfu: 0.00 | epoch: 1 pq: 0 rg: 87 | total time: 10.94m | eta: 35.0m
step 00916/03814 (24.02%) | loss: 3.269624 | lrm: 1.00 | dt: 719.38ms | tok/sec: 91,101 | bf16_mfu: 0.00 | epoch: 1 pq: 0 rg: 87 | total time: 10.95m | eta: 35.0m
step 00917/03814 (24.04%) | loss: 3.266354 | lrm: 1.00 | dt: 716.45ms | tok/sec: 91,473 | bf16_mfu: 0.00 | epoch: 1 pq: 0 rg: 87 | total time: 10.96m | eta: 35.0m
step 00918/03814 (24.07%) | loss: 3.273019 | lrm: 1.00 | dt: 720.82ms | tok/sec: 90,919 | bf16_mfu: 0.00 | epoch: 1 pq: 0 rg: 87 | total time: 10.98m | eta: 35.0m
step 00919/03814 (24.10%) | loss: 3.264772 | lrm: 1.00 | dt: 718.74ms | tok/sec: 91,181 | bf16_mfu: 0.00 | epoch: 1 pq: 0 rg: 87 | total time: 10.99m | eta: 35.0m
step 00920/03814 (24.12%) | loss: 3.253625 | lrm: 1.00 | dt: 759.96ms | tok/sec: 86,235 | bf16_mfu: 0.00 | epoch: 1 pq: 0 rg: 88 | total time: 11.00m | eta: 35.0m
step 00921/03814 (24.15%) | loss: 3.255497 | lrm: 1.00 | dt: 717.81ms | tok/sec: 91,300 | bf16_mfu: 0.00 | epoch: 1 pq: 0 rg: 88 | total time: 11.01m | eta: 35.0m
step 00922/03814 (24.17%) | loss: 3.265740 | lrm: 1.00 | dt: 719.77ms | tok/sec: 91,050 | bf16_mfu: 0.00 | epoch: 1 pq: 0 rg: 88 | total time: 11.02m | eta: 35.0m
step 00923/03814 (24.20%) | loss: 3.271261 | lrm: 1.00 | dt: 718.33ms | tok/sec: 91,234 | bf16_mfu: 0.00 | epoch: 1 pq: 0 rg: 88 | total time: 11.04m | eta: 34.9m
step 00924/03814 (24.23%) | loss: 3.256981 | lrm: 1.00 | dt: 719.10ms | tok/sec: 91,136 | bf16_mfu: 0.00 | epoch: 1 pq: 0 rg: 88 | total time: 11.05m | eta: 34.9m
step 00925/03814 (24.25%) | loss: 3.297127 | lrm: 1.00 | dt: 717.94ms | tok/sec: 91,283 | bf16_mfu: 0.00 | epoch: 1 pq: 0 rg: 88 | total time: 11.06m | eta: 34.9m
step 00926/03814 (24.28%) | loss: 3.304668 | lrm: 1.00 | dt: 719.88ms | tok/sec: 91,037 | bf16_mfu: 0.00 | epoch: 1 pq: 0 rg: 88 | total time: 11.07m | eta: 34.9m
step 00927/03814 (24.31%) | loss: 3.299093 | lrm: 1.00 | dt: 712.67ms | tok/sec: 91,957 | bf16_mfu: 0.00 | epoch: 1 pq: 0 rg: 88 | total time: 11.08m | eta: 34.9m
step 00928/03814 (24.33%) | loss: 3.308136 | lrm: 1.00 | dt: 721.91ms | tok/sec: 90,781 | bf16_mfu: 0.00 | epoch: 1 pq: 0 rg: 88 | total time: 11.10m | eta: 34.9m
step 00929/03814 (24.36%) | loss: 3.323769 | lrm: 1.00 | dt: 713.56ms | tok/sec: 91,843 | bf16_mfu: 0.00 | epoch: 1 pq: 0 rg: 88 | total time: 11.11m | eta: 34.9m
step 00930/03814 (24.38%) | loss: 3.307447 | lrm: 1.00 | dt: 720.90ms | tok/sec: 90,907 | bf16_mfu: 0.00 | epoch: 1 pq: 0 rg: 89 | total time: 11.12m | eta: 34.9m
step 00931/03814 (24.41%) | loss: 3.292027 | lrm: 1.00 | dt: 715.49ms | tok/sec: 91,596 | bf16_mfu: 0.00 | epoch: 1 pq: 0 rg: 89 | total time: 11.13m | eta: 34.8m
step 00932/03814 (24.44%) | loss: 3.297486 | lrm: 1.00 | dt: 716.84ms | tok/sec: 91,423 | bf16_mfu: 0.00 | epoch: 1 pq: 0 rg: 89 | total time: 11.14m | eta: 34.8m
step 00933/03814 (24.46%) | loss: 3.282954 | lrm: 1.00 | dt: 712.79ms | tok/sec: 91,942 | bf16_mfu: 0.00 | epoch: 1 pq: 0 rg: 89 | total time: 11.16m | eta: 34.8m
step 00934/03814 (24.49%) | loss: 3.271948 | lrm: 1.00 | dt: 715.95ms | tok/sec: 91,536 | bf16_mfu: 0.00 | epoch: 1 pq: 0 rg: 89 | total time: 11.17m | eta: 34.8m
step 00935/03814 (24.51%) | loss: 3.253821 | lrm: 1.00 | dt: 720.81ms | tok/sec: 90,920 | bf16_mfu: 0.00 | epoch: 1 pq: 0 rg: 89 | total time: 11.18m | eta: 34.8m
step 00936/03814 (24.54%) | loss: 3.278254 | lrm: 1.00 | dt: 716.38ms | tok/sec: 91,481 | bf16_mfu: 0.00 | epoch: 1 pq: 0 rg: 89 | total time: 11.19m | eta: 34.8m
step 00937/03814 (24.57%) | loss: 3.256878 | lrm: 1.00 | dt: 716.56ms | tok/sec: 91,458 | bf16_mfu: 0.00 | epoch: 1 pq: 0 rg: 89 | total time: 11.20m | eta: 34.8m
step 00938/03814 (24.59%) | loss: 3.278147 | lrm: 1.00 | dt: 719.71ms | tok/sec: 91,058 | bf16_mfu: 0.00 | epoch: 1 pq: 0 rg: 89 | total time: 11.22m | eta: 34.8m
step 00939/03814 (24.62%) | loss: 3.264834 | lrm: 1.00 | dt: 716.23ms | tok/sec: 91,501 | bf16_mfu: 0.00 | epoch: 1 pq: 0 rg: 89 | total time: 11.23m | eta: 34.7m
step 00940/03814 (24.65%) | loss: 3.278569 | lrm: 1.00 | dt: 744.57ms | tok/sec: 88,019 | bf16_mfu: 0.00 | epoch: 1 pq: 1 rg: 0 | total time: 11.24m | eta: 34.7m
step 00941/03814 (24.67%) | loss: 3.260470 | lrm: 1.00 | dt: 723.07ms | tok/sec: 90,636 | bf16_mfu: 0.00 | epoch: 1 pq: 1 rg: 0 | total time: 11.25m | eta: 34.7m
step 00942/03814 (24.70%) | loss: 3.263744 | lrm: 1.00 | dt: 714.35ms | tok/sec: 91,742 | bf16_mfu: 0.00 | epoch: 1 pq: 1 rg: 0 | total time: 11.26m | eta: 34.7m
step 00943/03814 (24.72%) | loss: 3.261502 | lrm: 1.00 | dt: 714.06ms | tok/sec: 91,779 | bf16_mfu: 0.00 | epoch: 1 pq: 1 rg: 0 | total time: 11.28m | eta: 34.7m
step 00944/03814 (24.75%) | loss: 3.289190 | lrm: 1.00 | dt: 715.11ms | tok/sec: 91,645 | bf16_mfu: 0.00 | epoch: 1 pq: 1 rg: 0 | total time: 11.29m | eta: 34.7m
step 00945/03814 (24.78%) | loss: 3.275164 | lrm: 1.00 | dt: 716.83ms | tok/sec: 91,424 | bf16_mfu: 0.00 | epoch: 1 pq: 1 rg: 0 | total time: 11.30m | eta: 34.7m
step 00946/03814 (24.80%) | loss: 3.277799 | lrm: 1.00 | dt: 719.25ms | tok/sec: 91,116 | bf16_mfu: 0.00 | epoch: 1 pq: 1 rg: 0 | total time: 11.31m | eta: 34.7m
step 00947/03814 (24.83%) | loss: 3.282779 | lrm: 1.00 | dt: 720.51ms | tok/sec: 90,957 | bf16_mfu: 0.00 | epoch: 1 pq: 1 rg: 0 | total time: 11.32m | eta: 34.6m
step 00948/03814 (24.86%) | loss: 3.272732 | lrm: 1.00 | dt: 717.37ms | tok/sec: 91,355 | bf16_mfu: 0.00 | epoch: 1 pq: 1 rg: 0 | total time: 11.34m | eta: 34.6m
step 00949/03814 (24.88%) | loss: 3.269380 | lrm: 1.00 | dt: 723.61ms | tok/sec: 90,568 | bf16_mfu: 0.00 | epoch: 1 pq: 1 rg: 0 | total time: 11.35m | eta: 34.6m
step 00950/03814 (24.91%) | loss: 3.297267 | lrm: 1.00 | dt: 711.92ms | tok/sec: 92,055 | bf16_mfu: 0.00 | epoch: 1 pq: 1 rg: 0 | total time: 11.36m | eta: 34.6m
step 00951/03814 (24.93%) | loss: 3.288171 | lrm: 1.00 | dt: 722.48ms | tok/sec: 90,709 | bf16_mfu: 0.00 | epoch: 1 pq: 1 rg: 1 | total time: 11.37m | eta: 34.6m
step 00952/03814 (24.96%) | loss: 3.294221 | lrm: 1.00 | dt: 713.31ms | tok/sec: 91,876 | bf16_mfu: 0.00 | epoch: 1 pq: 1 rg: 1 | total time: 11.38m | eta: 34.6m
step 00953/03814 (24.99%) | loss: 3.293300 | lrm: 1.00 | dt: 718.25ms | tok/sec: 91,244 | bf16_mfu: 0.00 | epoch: 1 pq: 1 rg: 1 | total time: 11.39m | eta: 34.6m
step 00954/03814 (25.01%) | loss: 3.292021 | lrm: 1.00 | dt: 710.39ms | tok/sec: 92,253 | bf16_mfu: 0.00 | epoch: 1 pq: 1 rg: 1 | total time: 11.41m | eta: 34.6m
step 00955/03814 (25.04%) | loss: 3.266933 | lrm: 1.00 | dt: 721.22ms | tok/sec: 90,868 | bf16_mfu: 0.00 | epoch: 1 pq: 1 rg: 1 | total time: 11.42m | eta: 34.5m
step 00956/03814 (25.07%) | loss: 3.288500 | lrm: 1.00 | dt: 719.99ms | tok/sec: 91,023 | bf16_mfu: 0.00 | epoch: 1 pq: 1 rg: 1 | total time: 11.43m | eta: 34.5m
step 00957/03814 (25.09%) | loss: 3.304203 | lrm: 1.00 | dt: 717.78ms | tok/sec: 91,303 | bf16_mfu: 0.00 | epoch: 1 pq: 1 rg: 1 | total time: 11.44m | eta: 34.5m
step 00958/03814 (25.12%) | loss: 3.294614 | lrm: 1.00 | dt: 723.49ms | tok/sec: 90,583 | bf16_mfu: 0.00 | epoch: 1 pq: 1 rg: 1 | total time: 11.45m | eta: 34.5m
step 00959/03814 (25.14%) | loss: 3.282140 | lrm: 1.00 | dt: 717.27ms | tok/sec: 91,368 | bf16_mfu: 0.00 | epoch: 1 pq: 1 rg: 1 | total time: 11.47m | eta: 34.5m
step 00960/03814 (25.17%) | loss: 3.297475 | lrm: 1.00 | dt: 716.21ms | tok/sec: 91,503 | bf16_mfu: 0.00 | epoch: 1 pq: 1 rg: 1 | total time: 11.48m | eta: 34.5m
step 00961/03814 (25.20%) | loss: 3.281830 | lrm: 1.00 | dt: 718.95ms | tok/sec: 91,155 | bf16_mfu: 0.00 | epoch: 1 pq: 1 rg: 1 | total time: 11.49m | eta: 34.5m
step 00962/03814 (25.22%) | loss: 3.263100 | lrm: 1.00 | dt: 713.79ms | tok/sec: 91,814 | bf16_mfu: 0.00 | epoch: 1 pq: 1 rg: 1 | total time: 11.50m | eta: 34.5m
step 00963/03814 (25.25%) | loss: 3.251206 | lrm: 1.00 | dt: 718.23ms | tok/sec: 91,246 | bf16_mfu: 0.00 | epoch: 1 pq: 1 rg: 2 | total time: 11.51m | eta: 34.4m
step 00964/03814 (25.28%) | loss: 3.257715 | lrm: 1.00 | dt: 716.32ms | tok/sec: 91,489 | bf16_mfu: 0.00 | epoch: 1 pq: 1 rg: 2 | total time: 11.53m | eta: 34.4m
step 00965/03814 (25.30%) | loss: 3.255085 | lrm: 1.00 | dt: 720.49ms | tok/sec: 90,960 | bf16_mfu: 0.00 | epoch: 1 pq: 1 rg: 2 | total time: 11.54m | eta: 34.4m
step 00966/03814 (25.33%) | loss: 3.251378 | lrm: 1.00 | dt: 718.97ms | tok/sec: 91,152 | bf16_mfu: 0.00 | epoch: 1 pq: 1 rg: 2 | total time: 11.55m | eta: 34.4m
step 00967/03814 (25.35%) | loss: 3.240398 | lrm: 1.00 | dt: 717.80ms | tok/sec: 91,301 | bf16_mfu: 0.00 | epoch: 1 pq: 1 rg: 2 | total time: 11.56m | eta: 34.4m
step 00968/03814 (25.38%) | loss: 3.233535 | lrm: 1.00 | dt: 719.84ms | tok/sec: 91,043 | bf16_mfu: 0.00 | epoch: 1 pq: 1 rg: 2 | total time: 11.57m | eta: 34.4m
step 00969/03814 (25.41%) | loss: 3.245540 | lrm: 1.00 | dt: 713.91ms | tok/sec: 91,798 | bf16_mfu: 0.00 | epoch: 1 pq: 1 rg: 2 | total time: 11.59m | eta: 34.4m
step 00970/03814 (25.43%) | loss: 3.227798 | lrm: 1.00 | dt: 720.16ms | tok/sec: 91,002 | bf16_mfu: 0.00 | epoch: 1 pq: 1 rg: 2 | total time: 11.60m | eta: 34.4m
step 00971/03814 (25.46%) | loss: 3.215285 | lrm: 1.00 | dt: 711.96ms | tok/sec: 92,050 | bf16_mfu: 0.00 | epoch: 1 pq: 1 rg: 2 | total time: 11.61m | eta: 34.3m
step 00972/03814 (25.49%) | loss: 3.208892 | lrm: 1.00 | dt: 715.49ms | tok/sec: 91,595 | bf16_mfu: 0.00 | epoch: 1 pq: 1 rg: 2 | total time: 11.62m | eta: 34.3m
step 00973/03814 (25.51%) | loss: 3.223949 | lrm: 1.00 | dt: 719.83ms | tok/sec: 91,044 | bf16_mfu: 0.00 | epoch: 1 pq: 1 rg: 2 | total time: 11.63m | eta: 34.3m
step 00974/03814 (25.54%) | loss: 3.212866 | lrm: 1.00 | dt: 714.43ms | tok/sec: 91,731 | bf16_mfu: 0.00 | epoch: 1 pq: 1 rg: 3 | total time: 11.65m | eta: 34.3m
step 00975/03814 (25.56%) | loss: 3.199299 | lrm: 1.00 | dt: 720.24ms | tok/sec: 90,991 | bf16_mfu: 0.00 | epoch: 1 pq: 1 rg: 3 | total time: 11.66m | eta: 34.3m
step 00976/03814 (25.59%) | loss: 3.195583 | lrm: 1.00 | dt: 716.17ms | tok/sec: 91,509 | bf16_mfu: 0.00 | epoch: 1 pq: 1 rg: 3 | total time: 11.67m | eta: 34.3m
step 00977/03814 (25.62%) | loss: 3.198314 | lrm: 1.00 | dt: 717.20ms | tok/sec: 91,377 | bf16_mfu: 0.00 | epoch: 1 pq: 1 rg: 3 | total time: 11.68m | eta: 34.3m
step 00978/03814 (25.64%) | loss: 3.213922 | lrm: 1.00 | dt: 717.63ms | tok/sec: 91,322 | bf16_mfu: 0.00 | epoch: 1 pq: 1 rg: 3 | total time: 11.69m | eta: 34.3m
step 00979/03814 (25.67%) | loss: 3.205333 | lrm: 1.00 | dt: 714.09ms | tok/sec: 91,776 | bf16_mfu: 0.00 | epoch: 1 pq: 1 rg: 3 | total time: 11.71m | eta: 34.2m
step 00980/03814 (25.69%) | loss: 3.200222 | lrm: 1.00 | dt: 717.48ms | tok/sec: 91,341 | bf16_mfu: 0.00 | epoch: 1 pq: 1 rg: 3 | total time: 11.72m | eta: 34.2m
step 00981/03814 (25.72%) | loss: 3.202754 | lrm: 1.00 | dt: 714.52ms | tok/sec: 91,720 | bf16_mfu: 0.00 | epoch: 1 pq: 1 rg: 3 | total time: 11.73m | eta: 34.2m
step 00982/03814 (25.75%) | loss: 3.198311 | lrm: 1.00 | dt: 717.83ms | tok/sec: 91,296 | bf16_mfu: 0.00 | epoch: 1 pq: 1 rg: 3 | total time: 11.74m | eta: 34.2m
step 00983/03814 (25.77%) | loss: 3.190128 | lrm: 1.00 | dt: 719.06ms | tok/sec: 91,140 | bf16_mfu: 0.00 | epoch: 1 pq: 1 rg: 3 | total time: 11.75m | eta: 34.2m
step 00984/03814 (25.80%) | loss: 3.188870 | lrm: 1.00 | dt: 716.67ms | tok/sec: 91,445 | bf16_mfu: 0.00 | epoch: 1 pq: 1 rg: 3 | total time: 11.77m | eta: 34.2m
step 00985/03814 (25.83%) | loss: 3.198968 | lrm: 1.00 | dt: 719.53ms | tok/sec: 91,081 | bf16_mfu: 0.00 | epoch: 1 pq: 1 rg: 4 | total time: 11.78m | eta: 34.2m
step 00986/03814 (25.85%) | loss: 3.194445 | lrm: 1.00 | dt: 713.56ms | tok/sec: 91,844 | bf16_mfu: 0.00 | epoch: 1 pq: 1 rg: 4 | total time: 11.79m | eta: 34.2m
step 00987/03814 (25.88%) | loss: 3.204290 | lrm: 1.00 | dt: 721.09ms | tok/sec: 90,885 | bf16_mfu: 0.00 | epoch: 1 pq: 1 rg: 4 | total time: 11.80m | eta: 34.1m
step 00988/03814 (25.90%) | loss: 3.224329 | lrm: 1.00 | dt: 714.22ms | tok/sec: 91,758 | bf16_mfu: 0.00 | epoch: 1 pq: 1 rg: 4 | total time: 11.81m | eta: 34.1m
step 00989/03814 (25.93%) | loss: 3.233183 | lrm: 1.00 | dt: 722.30ms | tok/sec: 90,732 | bf16_mfu: 0.00 | epoch: 1 pq: 1 rg: 4 | total time: 11.83m | eta: 34.1m
step 00990/03814 (25.96%) | loss: 3.231362 | lrm: 1.00 | dt: 715.54ms | tok/sec: 91,589 | bf16_mfu: 0.00 | epoch: 1 pq: 1 rg: 4 | total time: 11.84m | eta: 34.1m
step 00991/03814 (25.98%) | loss: 3.251548 | lrm: 1.00 | dt: 744.38ms | tok/sec: 88,040 | bf16_mfu: 0.00 | epoch: 1 pq: 1 rg: 4 | total time: 11.85m | eta: 34.1m
step 00992/03814 (26.01%) | loss: 3.267047 | lrm: 1.00 | dt: 712.40ms | tok/sec: 91,993 | bf16_mfu: 0.00 | epoch: 1 pq: 1 rg: 4 | total time: 11.86m | eta: 34.1m
step 00993/03814 (26.04%) | loss: 3.249129 | lrm: 1.00 | dt: 714.64ms | tok/sec: 91,704 | bf16_mfu: 0.00 | epoch: 1 pq: 1 rg: 4 | total time: 11.87m | eta: 34.1m
step 00994/03814 (26.06%) | loss: 3.244332 | lrm: 1.00 | dt: 719.42ms | tok/sec: 91,095 | bf16_mfu: 0.00 | epoch: 1 pq: 1 rg: 4 | total time: 11.89m | eta: 34.1m
step 00995/03814 (26.09%) | loss: 3.271817 | lrm: 1.00 | dt: 714.12ms | tok/sec: 91,772 | bf16_mfu: 0.00 | epoch: 1 pq: 1 rg: 4 | total time: 11.90m | eta: 34.0m
step 00996/03814 (26.11%) | loss: 3.277412 | lrm: 1.00 | dt: 717.25ms | tok/sec: 91,371 | bf16_mfu: 0.00 | epoch: 1 pq: 1 rg: 5 | total time: 11.91m | eta: 34.0m
step 00997/03814 (26.14%) | loss: 3.276369 | lrm: 1.00 | dt: 716.53ms | tok/sec: 91,463 | bf16_mfu: 0.00 | epoch: 1 pq: 1 rg: 5 | total time: 11.92m | eta: 34.0m
step 00998/03814 (26.17%) | loss: 3.282912 | lrm: 1.00 | dt: 716.99ms | tok/sec: 91,403 | bf16_mfu: 0.00 | epoch: 1 pq: 1 rg: 5 | total time: 11.93m | eta: 34.0m
step 00999/03814 (26.19%) | loss: 3.281541 | lrm: 1.00 | dt: 719.83ms | tok/sec: 91,043 | bf16_mfu: 0.00 | epoch: 1 pq: 1 rg: 5 | total time: 11.95m | eta: 34.0m
Step 01000 | Validation bpb: 0.907058
step 01000/03814 (26.22%) | loss: 3.261343 | lrm: 1.00 | dt: 713.21ms | tok/sec: 91,888 | bf16_mfu: 0.00 | epoch: 1 pq: 1 rg: 5 | total time: 11.96m | eta: 34.0m
step 01001/03814 (26.25%) | loss: 3.264344 | lrm: 1.00 | dt: 706.12ms | tok/sec: 92,811 | bf16_mfu: 0.00 | epoch: 1 pq: 1 rg: 5 | total time: 11.97m | eta: 34.0m
step 01002/03814 (26.27%) | loss: 3.249905 | lrm: 1.00 | dt: 706.44ms | tok/sec: 92,769 | bf16_mfu: 0.00 | epoch: 1 pq: 1 rg: 5 | total time: 11.98m | eta: 34.0m
step 01003/03814 (26.30%) | loss: 3.255252 | lrm: 1.00 | dt: 706.19ms | tok/sec: 92,802 | bf16_mfu: 0.00 | epoch: 1 pq: 1 rg: 5 | total time: 11.99m | eta: 33.9m
step 01004/03814 (26.32%) | loss: 3.238303 | lrm: 1.00 | dt: 712.21ms | tok/sec: 92,017 | bf16_mfu: 0.00 | epoch: 1 pq: 1 rg: 5 | total time: 12.00m | eta: 33.9m
step 01005/03814 (26.35%) | loss: 3.242889 | lrm: 1.00 | dt: 707.61ms | tok/sec: 92,615 | bf16_mfu: 0.00 | epoch: 1 pq: 1 rg: 5 | total time: 12.02m | eta: 33.9m
step 01006/03814 (26.38%) | loss: 3.248161 | lrm: 1.00 | dt: 711.66ms | tok/sec: 92,089 | bf16_mfu: 0.00 | epoch: 1 pq: 1 rg: 5 | total time: 12.03m | eta: 33.9m
step 01007/03814 (26.40%) | loss: 3.240755 | lrm: 1.00 | dt: 711.37ms | tok/sec: 92,126 | bf16_mfu: 0.00 | epoch: 1 pq: 1 rg: 6 | total time: 12.04m | eta: 33.9m
step 01008/03814 (26.43%) | loss: 3.233375 | lrm: 1.00 | dt: 708.65ms | tok/sec: 92,480 | bf16_mfu: 0.00 | epoch: 1 pq: 1 rg: 6 | total time: 12.05m | eta: 33.9m
step 01009/03814 (26.46%) | loss: 3.220999 | lrm: 1.00 | dt: 708.84ms | tok/sec: 92,455 | bf16_mfu: 0.00 | epoch: 1 pq: 1 rg: 6 | total time: 12.06m | eta: 33.9m
step 01010/03814 (26.48%) | loss: 3.204883 | lrm: 1.00 | dt: 718.91ms | tok/sec: 91,159 | bf16_mfu: 0.00 | epoch: 1 pq: 1 rg: 6 | total time: 12.08m | eta: 33.9m
step 01011/03814 (26.51%) | loss: 3.208116 | lrm: 1.00 | dt: 710.91ms | tok/sec: 92,186 | bf16_mfu: 0.00 | epoch: 1 pq: 1 rg: 6 | total time: 12.09m | eta: 33.8m
step 01012/03814 (26.53%) | loss: 3.206601 | lrm: 1.00 | dt: 712.75ms | tok/sec: 91,948 | bf16_mfu: 0.00 | epoch: 1 pq: 1 rg: 6 | total time: 12.10m | eta: 33.8m
step 01013/03814 (26.56%) | loss: 3.213720 | lrm: 1.00 | dt: 718.27ms | tok/sec: 91,241 | bf16_mfu: 0.00 | epoch: 1 pq: 1 rg: 6 | total time: 12.11m | eta: 33.8m
step 01014/03814 (26.59%) | loss: 3.196932 | lrm: 1.00 | dt: 713.59ms | tok/sec: 91,840 | bf16_mfu: 0.00 | epoch: 1 pq: 1 rg: 6 | total time: 12.12m | eta: 33.8m
step 01015/03814 (26.61%) | loss: 3.185296 | lrm: 1.00 | dt: 711.51ms | tok/sec: 92,108 | bf16_mfu: 0.00 | epoch: 1 pq: 1 rg: 6 | total time: 12.13m | eta: 33.8m
step 01016/03814 (26.64%) | loss: 3.180062 | lrm: 1.00 | dt: 715.64ms | tok/sec: 91,577 | bf16_mfu: 0.00 | epoch: 1 pq: 1 rg: 6 | total time: 12.15m | eta: 33.8m
step 01017/03814 (26.66%) | loss: 3.176851 | lrm: 1.00 | dt: 720.49ms | tok/sec: 90,960 | bf16_mfu: 0.00 | epoch: 1 pq: 1 rg: 6 | total time: 12.16m | eta: 33.8m
step 01018/03814 (26.69%) | loss: 3.173821 | lrm: 1.00 | dt: 720.29ms | tok/sec: 90,985 | bf16_mfu: 0.00 | epoch: 1 pq: 1 rg: 6 | total time: 12.17m | eta: 33.8m
step 01019/03814 (26.72%) | loss: 3.177758 | lrm: 1.00 | dt: 712.86ms | tok/sec: 91,934 | bf16_mfu: 0.00 | epoch: 1 pq: 1 rg: 7 | total time: 12.18m | eta: 33.7m
step 01020/03814 (26.74%) | loss: 3.172663 | lrm: 1.00 | dt: 718.32ms | tok/sec: 91,234 | bf16_mfu: 0.00 | epoch: 1 pq: 1 rg: 7 | total time: 12.19m | eta: 33.7m
step 01021/03814 (26.77%) | loss: 3.178441 | lrm: 1.00 | dt: 725.05ms | tok/sec: 90,388 | bf16_mfu: 0.00 | epoch: 1 pq: 1 rg: 7 | total time: 12.21m | eta: 33.7m
step 01022/03814 (26.80%) | loss: 3.179098 | lrm: 1.00 | dt: 717.64ms | tok/sec: 91,321 | bf16_mfu: 0.00 | epoch: 1 pq: 1 rg: 7 | total time: 12.22m | eta: 33.7m
step 01023/03814 (26.82%) | loss: 3.182133 | lrm: 1.00 | dt: 720.73ms | tok/sec: 90,929 | bf16_mfu: 0.00 | epoch: 1 pq: 1 rg: 7 | total time: 12.23m | eta: 33.7m
step 01024/03814 (26.85%) | loss: 3.196594 | lrm: 1.00 | dt: 720.57ms | tok/sec: 90,950 | bf16_mfu: 0.00 | epoch: 1 pq: 1 rg: 7 | total time: 12.24m | eta: 33.7m
step 01025/03814 (26.87%) | loss: 3.202928 | lrm: 1.00 | dt: 725.81ms | tok/sec: 90,293 | bf16_mfu: 0.00 | epoch: 1 pq: 1 rg: 7 | total time: 12.25m | eta: 33.7m
step 01026/03814 (26.90%) | loss: 3.204460 | lrm: 1.00 | dt: 728.45ms | tok/sec: 89,966 | bf16_mfu: 0.00 | epoch: 1 pq: 1 rg: 7 | total time: 12.27m | eta: 33.7m
step 01027/03814 (26.93%) | loss: 3.217562 | lrm: 1.00 | dt: 716.52ms | tok/sec: 91,464 | bf16_mfu: 0.00 | epoch: 1 pq: 1 rg: 7 | total time: 12.28m | eta: 33.6m
step 01028/03814 (26.95%) | loss: 3.233855 | lrm: 1.00 | dt: 723.83ms | tok/sec: 90,541 | bf16_mfu: 0.00 | epoch: 1 pq: 1 rg: 7 | total time: 12.29m | eta: 33.6m
step 01029/03814 (26.98%) | loss: 3.230659 | lrm: 1.00 | dt: 725.06ms | tok/sec: 90,386 | bf16_mfu: 0.00 | epoch: 1 pq: 1 rg: 7 | total time: 12.30m | eta: 33.6m
step 01030/03814 (27.01%) | loss: 3.222695 | lrm: 1.00 | dt: 734.69ms | tok/sec: 89,202 | bf16_mfu: 0.00 | epoch: 1 pq: 1 rg: 8 | total time: 12.32m | eta: 33.6m
step 01031/03814 (27.03%) | loss: 3.244073 | lrm: 1.00 | dt: 727.21ms | tok/sec: 90,119 | bf16_mfu: 0.00 | epoch: 1 pq: 1 rg: 8 | total time: 12.33m | eta: 33.6m
step 01032/03814 (27.06%) | loss: 3.240393 | lrm: 1.00 | dt: 722.79ms | tok/sec: 90,670 | bf16_mfu: 0.00 | epoch: 1 pq: 1 rg: 8 | total time: 12.34m | eta: 33.6m
step 01033/03814 (27.08%) | loss: 3.229195 | lrm: 1.00 | dt: 723.94ms | tok/sec: 90,526 | bf16_mfu: 0.00 | epoch: 1 pq: 1 rg: 8 | total time: 12.35m | eta: 33.6m
step 01034/03814 (27.11%) | loss: 3.228215 | lrm: 1.00 | dt: 723.50ms | tok/sec: 90,581 | bf16_mfu: 0.00 | epoch: 1 pq: 1 rg: 8 | total time: 12.36m | eta: 33.6m
step 01035/03814 (27.14%) | loss: 3.227064 | lrm: 1.00 | dt: 728.93ms | tok/sec: 89,907 | bf16_mfu: 0.00 | epoch: 1 pq: 1 rg: 8 | total time: 12.38m | eta: 33.6m
step 01036/03814 (27.16%) | loss: 3.218512 | lrm: 1.00 | dt: 732.57ms | tok/sec: 89,460 | bf16_mfu: 0.00 | epoch: 1 pq: 1 rg: 8 | total time: 12.39m | eta: 33.5m
step 01037/03814 (27.19%) | loss: 3.234440 | lrm: 1.00 | dt: 724.80ms | tok/sec: 90,419 | bf16_mfu: 0.00 | epoch: 1 pq: 1 rg: 8 | total time: 12.40m | eta: 33.5m
step 01038/03814 (27.22%) | loss: 3.231032 | lrm: 1.00 | dt: 719.81ms | tok/sec: 91,045 | bf16_mfu: 0.00 | epoch: 1 pq: 1 rg: 8 | total time: 12.41m | eta: 33.5m
step 01039/03814 (27.24%) | loss: 3.221984 | lrm: 1.00 | dt: 839.03ms | tok/sec: 78,109 | bf16_mfu: 0.00 | epoch: 1 pq: 1 rg: 8 | total time: 12.43m | eta: 33.5m
step 01040/03814 (27.27%) | loss: 3.218865 | lrm: 1.00 | dt: 734.02ms | tok/sec: 89,284 | bf16_mfu: 0.00 | epoch: 1 pq: 1 rg: 8 | total time: 12.44m | eta: 33.5m
step 01041/03814 (27.29%) | loss: 3.219627 | lrm: 1.00 | dt: 727.94ms | tok/sec: 90,029 | bf16_mfu: 0.00 | epoch: 1 pq: 1 rg: 9 | total time: 12.45m | eta: 33.5m
step 01042/03814 (27.32%) | loss: 3.208122 | lrm: 1.00 | dt: 725.16ms | tok/sec: 90,374 | bf16_mfu: 0.00 | epoch: 1 pq: 1 rg: 9 | total time: 12.46m | eta: 33.5m
step 01043/03814 (27.35%) | loss: 3.208844 | lrm: 1.00 | dt: 721.18ms | tok/sec: 90,873 | bf16_mfu: 0.00 | epoch: 1 pq: 1 rg: 9 | total time: 12.47m | eta: 33.5m
step 01044/03814 (27.37%) | loss: 3.204947 | lrm: 1.00 | dt: 724.19ms | tok/sec: 90,494 | bf16_mfu: 0.00 | epoch: 1 pq: 1 rg: 9 | total time: 12.49m | eta: 33.5m
step 01045/03814 (27.40%) | loss: 3.192777 | lrm: 1.00 | dt: 728.42ms | tok/sec: 89,970 | bf16_mfu: 0.00 | epoch: 1 pq: 1 rg: 9 | total time: 12.50m | eta: 33.4m
step 01046/03814 (27.43%) | loss: 3.185503 | lrm: 1.00 | dt: 726.61ms | tok/sec: 90,194 | bf16_mfu: 0.00 | epoch: 1 pq: 1 rg: 9 | total time: 12.51m | eta: 33.4m
step 01047/03814 (27.45%) | loss: 3.198544 | lrm: 1.00 | dt: 724.71ms | tok/sec: 90,431 | bf16_mfu: 0.00 | epoch: 1 pq: 1 rg: 9 | total time: 12.52m | eta: 33.4m
step 01048/03814 (27.48%) | loss: 3.224054 | lrm: 1.00 | dt: 723.96ms | tok/sec: 90,524 | bf16_mfu: 0.00 | epoch: 1 pq: 1 rg: 9 | total time: 12.53m | eta: 33.4m
step 01049/03814 (27.50%) | loss: 3.222623 | lrm: 1.00 | dt: 721.70ms | tok/sec: 90,807 | bf16_mfu: 0.00 | epoch: 1 pq: 1 rg: 9 | total time: 12.55m | eta: 33.4m
step 01050/03814 (27.53%) | loss: 3.214053 | lrm: 1.00 | dt: 724.09ms | tok/sec: 90,507 | bf16_mfu: 0.00 | epoch: 1 pq: 1 rg: 9 | total time: 12.56m | eta: 33.4m
step 01051/03814 (27.56%) | loss: 3.209895 | lrm: 1.00 | dt: 726.13ms | tok/sec: 90,254 | bf16_mfu: 0.00 | epoch: 1 pq: 1 rg: 9 | total time: 12.57m | eta: 33.4m
step 01052/03814 (27.58%) | loss: 3.207440 | lrm: 1.00 | dt: 799.81ms | tok/sec: 81,939 | bf16_mfu: 0.00 | epoch: 1 pq: 1 rg: 10 | total time: 12.58m | eta: 33.4m
step 01053/03814 (27.61%) | loss: 3.214751 | lrm: 1.00 | dt: 722.46ms | tok/sec: 90,711 | bf16_mfu: 0.00 | epoch: 1 pq: 1 rg: 10 | total time: 12.60m | eta: 33.3m
step 01054/03814 (27.64%) | loss: 3.216788 | lrm: 1.00 | dt: 727.93ms | tok/sec: 90,030 | bf16_mfu: 0.00 | epoch: 1 pq: 1 rg: 10 | total time: 12.61m | eta: 33.3m
step 01055/03814 (27.66%) | loss: 3.242539 | lrm: 1.00 | dt: 751.89ms | tok/sec: 87,161 | bf16_mfu: 0.00 | epoch: 1 pq: 1 rg: 10 | total time: 12.62m | eta: 33.3m
step 01056/03814 (27.69%) | loss: 3.239618 | lrm: 1.00 | dt: 725.47ms | tok/sec: 90,335 | bf16_mfu: 0.00 | epoch: 1 pq: 1 rg: 10 | total time: 12.63m | eta: 33.3m
step 01057/03814 (27.71%) | loss: 3.235427 | lrm: 1.00 | dt: 725.31ms | tok/sec: 90,356 | bf16_mfu: 0.00 | epoch: 1 pq: 1 rg: 10 | total time: 12.65m | eta: 33.3m
step 01058/03814 (27.74%) | loss: 3.232760 | lrm: 1.00 | dt: 717.36ms | tok/sec: 91,357 | bf16_mfu: 0.00 | epoch: 1 pq: 1 rg: 10 | total time: 12.66m | eta: 33.3m
step 01059/03814 (27.77%) | loss: 3.227953 | lrm: 1.00 | dt: 724.06ms | tok/sec: 90,512 | bf16_mfu: 0.00 | epoch: 1 pq: 1 rg: 10 | total time: 12.67m | eta: 33.3m
step 01060/03814 (27.79%) | loss: 3.227039 | lrm: 1.00 | dt: 726.57ms | tok/sec: 90,199 | bf16_mfu: 0.00 | epoch: 1 pq: 1 rg: 10 | total time: 12.68m | eta: 33.3m
step 01061/03814 (27.82%) | loss: 3.232251 | lrm: 1.00 | dt: 715.04ms | tok/sec: 91,653 | bf16_mfu: 0.00 | epoch: 1 pq: 1 rg: 10 | total time: 12.69m | eta: 33.2m
step 01062/03814 (27.84%) | loss: 3.228964 | lrm: 1.00 | dt: 722.97ms | tok/sec: 90,648 | bf16_mfu: 0.00 | epoch: 1 pq: 1 rg: 10 | total time: 12.71m | eta: 33.2m
step 01063/03814 (27.87%) | loss: 3.243929 | lrm: 1.00 | dt: 784.96ms | tok/sec: 83,489 | bf16_mfu: 0.00 | epoch: 1 pq: 1 rg: 11 | total time: 12.72m | eta: 33.2m
step 01064/03814 (27.90%) | loss: 3.231061 | lrm: 1.00 | dt: 716.64ms | tok/sec: 91,448 | bf16_mfu: 0.00 | epoch: 1 pq: 1 rg: 11 | total time: 12.73m | eta: 33.2m
step 01065/03814 (27.92%) | loss: 3.227525 | lrm: 1.00 | dt: 759.14ms | tok/sec: 86,329 | bf16_mfu: 0.00 | epoch: 1 pq: 1 rg: 11 | total time: 12.74m | eta: 33.2m
step 01066/03814 (27.95%) | loss: 3.225956 | lrm: 1.00 | dt: 719.48ms | tok/sec: 91,087 | bf16_mfu: 0.00 | epoch: 1 pq: 1 rg: 11 | total time: 12.76m | eta: 33.2m
step 01067/03814 (27.98%) | loss: 3.213222 | lrm: 1.00 | dt: 716.50ms | tok/sec: 91,466 | bf16_mfu: 0.00 | epoch: 1 pq: 1 rg: 11 | total time: 12.77m | eta: 33.2m
step 01068/03814 (28.00%) | loss: 3.220256 | lrm: 1.00 | dt: 718.08ms | tok/sec: 91,265 | bf16_mfu: 0.00 | epoch: 1 pq: 1 rg: 11 | total time: 12.78m | eta: 33.2m
step 01069/03814 (28.03%) | loss: 3.205232 | lrm: 1.00 | dt: 712.77ms | tok/sec: 91,945 | bf16_mfu: 0.00 | epoch: 1 pq: 1 rg: 11 | total time: 12.79m | eta: 33.2m
step 01070/03814 (28.05%) | loss: 3.202234 | lrm: 1.00 | dt: 774.29ms | tok/sec: 84,640 | bf16_mfu: 0.00 | epoch: 1 pq: 1 rg: 11 | total time: 12.80m | eta: 33.1m
step 01071/03814 (28.08%) | loss: 3.200997 | lrm: 1.00 | dt: 712.99ms | tok/sec: 91,917 | bf16_mfu: 0.00 | epoch: 1 pq: 1 rg: 11 | total time: 12.82m | eta: 33.1m
step 01072/03814 (28.11%) | loss: 3.212374 | lrm: 1.00 | dt: 716.51ms | tok/sec: 91,466 | bf16_mfu: 0.00 | epoch: 1 pq: 1 rg: 11 | total time: 12.83m | eta: 33.1m
step 01073/03814 (28.13%) | loss: 3.214522 | lrm: 1.00 | dt: 717.14ms | tok/sec: 91,385 | bf16_mfu: 0.00 | epoch: 1 pq: 1 rg: 11 | total time: 12.84m | eta: 33.1m
step 01074/03814 (28.16%) | loss: 3.214858 | lrm: 1.00 | dt: 732.43ms | tok/sec: 89,477 | bf16_mfu: 0.00 | epoch: 1 pq: 1 rg: 12 | total time: 12.85m | eta: 33.1m
step 01075/03814 (28.19%) | loss: 3.209060 | lrm: 1.00 | dt: 711.29ms | tok/sec: 92,136 | bf16_mfu: 0.00 | epoch: 1 pq: 1 rg: 12 | total time: 12.86m | eta: 33.1m
step 01076/03814 (28.21%) | loss: 3.213723 | lrm: 1.00 | dt: 718.59ms | tok/sec: 91,201 | bf16_mfu: 0.00 | epoch: 1 pq: 1 rg: 12 | total time: 12.88m | eta: 33.1m
step 01077/03814 (28.24%) | loss: 3.224778 | lrm: 1.00 | dt: 713.99ms | tok/sec: 91,787 | bf16_mfu: 0.00 | epoch: 1 pq: 1 rg: 12 | total time: 12.89m | eta: 33.1m
step 01078/03814 (28.26%) | loss: 3.219445 | lrm: 1.00 | dt: 705.80ms | tok/sec: 92,854 | bf16_mfu: 0.00 | epoch: 1 pq: 1 rg: 12 | total time: 12.90m | eta: 33.0m
step 01079/03814 (28.29%) | loss: 3.206252 | lrm: 1.00 | dt: 710.21ms | tok/sec: 92,276 | bf16_mfu: 0.00 | epoch: 1 pq: 1 rg: 12 | total time: 12.91m | eta: 33.0m
step 01080/03814 (28.32%) | loss: 3.213097 | lrm: 1.00 | dt: 715.55ms | tok/sec: 91,587 | bf16_mfu: 0.00 | epoch: 1 pq: 1 rg: 12 | total time: 12.92m | eta: 33.0m
step 01081/03814 (28.34%) | loss: 3.225823 | lrm: 1.00 | dt: 735.04ms | tok/sec: 89,159 | bf16_mfu: 0.00 | epoch: 1 pq: 1 rg: 12 | total time: 12.94m | eta: 33.0m
step 01082/03814 (28.37%) | loss: 3.218820 | lrm: 1.00 | dt: 715.44ms | tok/sec: 91,602 | bf16_mfu: 0.00 | epoch: 1 pq: 1 rg: 12 | total time: 12.95m | eta: 33.0m
step 01083/03814 (28.40%) | loss: 3.227342 | lrm: 1.00 | dt: 708.88ms | tok/sec: 92,450 | bf16_mfu: 0.00 | epoch: 1 pq: 1 rg: 12 | total time: 12.96m | eta: 33.0m
step 01084/03814 (28.42%) | loss: 3.210481 | lrm: 1.00 | dt: 708.98ms | tok/sec: 92,436 | bf16_mfu: 0.00 | epoch: 1 pq: 1 rg: 12 | total time: 12.97m | eta: 33.0m
step 01085/03814 (28.45%) | loss: 3.201586 | lrm: 1.00 | dt: 717.31ms | tok/sec: 91,363 | bf16_mfu: 0.00 | epoch: 1 pq: 1 rg: 12 | total time: 12.98m | eta: 33.0m
step 01086/03814 (28.47%) | loss: 3.213780 | lrm: 1.00 | dt: 710.73ms | tok/sec: 92,209 | bf16_mfu: 0.00 | epoch: 1 pq: 1 rg: 13 | total time: 12.99m | eta: 32.9m
step 01087/03814 (28.50%) | loss: 3.221195 | lrm: 1.00 | dt: 715.14ms | tok/sec: 91,640 | bf16_mfu: 0.00 | epoch: 1 pq: 1 rg: 13 | total time: 13.01m | eta: 32.9m
step 01088/03814 (28.53%) | loss: 3.190831 | lrm: 1.00 | dt: 708.76ms | tok/sec: 92,465 | bf16_mfu: 0.00 | epoch: 1 pq: 1 rg: 13 | total time: 13.02m | eta: 32.9m
step 01089/03814 (28.55%) | loss: 3.208055 | lrm: 1.00 | dt: 708.57ms | tok/sec: 92,490 | bf16_mfu: 0.00 | epoch: 1 pq: 1 rg: 13 | total time: 13.03m | eta: 32.9m
step 01090/03814 (28.58%) | loss: 3.213197 | lrm: 1.00 | dt: 710.84ms | tok/sec: 92,194 | bf16_mfu: 0.00 | epoch: 1 pq: 1 rg: 13 | total time: 13.04m | eta: 32.9m
step 01091/03814 (28.61%) | loss: 3.222340 | lrm: 1.00 | dt: 707.79ms | tok/sec: 92,592 | bf16_mfu: 0.00 | epoch: 1 pq: 1 rg: 13 | total time: 13.05m | eta: 32.9m
step 01092/03814 (28.63%) | loss: 3.226476 | lrm: 1.00 | dt: 703.94ms | tok/sec: 93,099 | bf16_mfu: 0.00 | epoch: 1 pq: 1 rg: 13 | total time: 13.07m | eta: 32.9m
step 01093/03814 (28.66%) | loss: 3.222629 | lrm: 1.00 | dt: 708.91ms | tok/sec: 92,446 | bf16_mfu: 0.00 | epoch: 1 pq: 1 rg: 13 | total time: 13.08m | eta: 32.9m
step 01094/03814 (28.68%) | loss: 3.201811 | lrm: 1.00 | dt: 712.26ms | tok/sec: 92,011 | bf16_mfu: 0.00 | epoch: 1 pq: 1 rg: 13 | total time: 13.09m | eta: 32.8m
step 01095/03814 (28.71%) | loss: 3.210301 | lrm: 1.00 | dt: 705.80ms | tok/sec: 92,853 | bf16_mfu: 0.00 | epoch: 1 pq: 1 rg: 13 | total time: 13.10m | eta: 32.8m
step 01096/03814 (28.74%) | loss: 3.207823 | lrm: 1.00 | dt: 709.59ms | tok/sec: 92,357 | bf16_mfu: 0.00 | epoch: 1 pq: 1 rg: 13 | total time: 13.11m | eta: 32.8m
step 01097/03814 (28.76%) | loss: 3.194132 | lrm: 1.00 | dt: 706.12ms | tok/sec: 92,811 | bf16_mfu: 0.00 | epoch: 1 pq: 1 rg: 14 | total time: 13.12m | eta: 32.8m
step 01098/03814 (28.79%) | loss: 3.195038 | lrm: 1.00 | dt: 705.99ms | tok/sec: 92,828 | bf16_mfu: 0.00 | epoch: 1 pq: 1 rg: 14 | total time: 13.14m | eta: 32.8m
step 01099/03814 (28.81%) | loss: 3.187808 | lrm: 1.00 | dt: 708.60ms | tok/sec: 92,486 | bf16_mfu: 0.00 | epoch: 1 pq: 1 rg: 14 | total time: 13.15m | eta: 32.8m
step 01100/03814 (28.84%) | loss: 3.191075 | lrm: 1.00 | dt: 710.22ms | tok/sec: 92,275 | bf16_mfu: 0.00 | epoch: 1 pq: 1 rg: 14 | total time: 13.16m | eta: 32.8m
step 01101/03814 (28.87%) | loss: 3.166798 | lrm: 1.00 | dt: 706.61ms | tok/sec: 92,747 | bf16_mfu: 0.00 | epoch: 1 pq: 1 rg: 14 | total time: 13.17m | eta: 32.8m
step 01102/03814 (28.89%) | loss: 3.138950 | lrm: 1.00 | dt: 708.20ms | tok/sec: 92,538 | bf16_mfu: 0.00 | epoch: 1 pq: 1 rg: 14 | total time: 13.18m | eta: 32.7m
step 01103/03814 (28.92%) | loss: 3.137122 | lrm: 1.00 | dt: 711.39ms | tok/sec: 92,123 | bf16_mfu: 0.00 | epoch: 1 pq: 1 rg: 14 | total time: 13.20m | eta: 32.7m
step 01104/03814 (28.95%) | loss: 3.157608 | lrm: 1.00 | dt: 706.64ms | tok/sec: 92,742 | bf16_mfu: 0.00 | epoch: 1 pq: 1 rg: 14 | total time: 13.21m | eta: 32.7m
step 01105/03814 (28.97%) | loss: 3.158475 | lrm: 1.00 | dt: 707.08ms | tok/sec: 92,685 | bf16_mfu: 0.00 | epoch: 1 pq: 1 rg: 14 | total time: 13.22m | eta: 32.7m
step 01106/03814 (29.00%) | loss: 3.154708 | lrm: 1.00 | dt: 711.54ms | tok/sec: 92,104 | bf16_mfu: 0.00 | epoch: 1 pq: 1 rg: 14 | total time: 13.23m | eta: 32.7m
step 01107/03814 (29.02%) | loss: 3.160039 | lrm: 1.00 | dt: 707.19ms | tok/sec: 92,671 | bf16_mfu: 0.00 | epoch: 1 pq: 1 rg: 14 | total time: 13.24m | eta: 32.7m
step 01108/03814 (29.05%) | loss: 3.175656 | lrm: 1.00 | dt: 741.28ms | tok/sec: 88,408 | bf16_mfu: 0.00 | epoch: 1 pq: 1 rg: 15 | total time: 13.26m | eta: 32.7m
step 01109/03814 (29.08%) | loss: 3.169675 | lrm: 1.00 | dt: 702.33ms | tok/sec: 93,312 | bf16_mfu: 0.00 | epoch: 1 pq: 1 rg: 15 | total time: 13.27m | eta: 32.7m
step 01110/03814 (29.10%) | loss: 3.161050 | lrm: 1.00 | dt: 704.15ms | tok/sec: 93,070 | bf16_mfu: 0.00 | epoch: 1 pq: 1 rg: 15 | total time: 13.28m | eta: 32.6m
step 01111/03814 (29.13%) | loss: 3.153113 | lrm: 1.00 | dt: 706.96ms | tok/sec: 92,701 | bf16_mfu: 0.00 | epoch: 1 pq: 1 rg: 15 | total time: 13.29m | eta: 32.6m
step 01112/03814 (29.16%) | loss: 3.141053 | lrm: 1.00 | dt: 776.00ms | tok/sec: 84,454 | bf16_mfu: 0.00 | epoch: 1 pq: 1 rg: 15 | total time: 13.30m | eta: 32.6m
step 01113/03814 (29.18%) | loss: 3.142314 | lrm: 1.00 | dt: 707.54ms | tok/sec: 92,624 | bf16_mfu: 0.00 | epoch: 1 pq: 1 rg: 15 | total time: 13.31m | eta: 32.6m
step 01114/03814 (29.21%) | loss: 3.127153 | lrm: 1.00 | dt: 709.49ms | tok/sec: 92,371 | bf16_mfu: 0.00 | epoch: 1 pq: 1 rg: 15 | total time: 13.33m | eta: 32.6m
step 01115/03814 (29.23%) | loss: 3.122892 | lrm: 1.00 | dt: 709.19ms | tok/sec: 92,409 | bf16_mfu: 0.00 | epoch: 1 pq: 1 rg: 15 | total time: 13.34m | eta: 32.6m
step 01116/03814 (29.26%) | loss: 3.121017 | lrm: 1.00 | dt: 709.42ms | tok/sec: 92,379 | bf16_mfu: 0.00 | epoch: 1 pq: 1 rg: 15 | total time: 13.35m | eta: 32.6m
step 01117/03814 (29.29%) | loss: 3.136428 | lrm: 1.00 | dt: 710.16ms | tok/sec: 92,283 | bf16_mfu: 0.00 | epoch: 1 pq: 1 rg: 15 | total time: 13.36m | eta: 32.6m
step 01118/03814 (29.31%) | loss: 3.125781 | lrm: 1.00 | dt: 708.80ms | tok/sec: 92,460 | bf16_mfu: 0.00 | epoch: 1 pq: 1 rg: 15 | total time: 13.37m | eta: 32.5m
step 01119/03814 (29.34%) | loss: 3.120455 | lrm: 1.00 | dt: 726.59ms | tok/sec: 90,196 | bf16_mfu: 0.00 | epoch: 1 pq: 1 rg: 16 | total time: 13.39m | eta: 32.5m
step 01120/03814 (29.37%) | loss: 3.145210 | lrm: 1.00 | dt: 712.89ms | tok/sec: 91,929 | bf16_mfu: 0.00 | epoch: 1 pq: 1 rg: 16 | total time: 13.40m | eta: 32.5m
step 01121/03814 (29.39%) | loss: 3.148502 | lrm: 1.00 | dt: 709.65ms | tok/sec: 92,349 | bf16_mfu: 0.00 | epoch: 1 pq: 1 rg: 16 | total time: 13.41m | eta: 32.5m
step 01122/03814 (29.42%) | loss: 3.153623 | lrm: 1.00 | dt: 708.52ms | tok/sec: 92,496 | bf16_mfu: 0.00 | epoch: 1 pq: 1 rg: 16 | total time: 13.42m | eta: 32.5m
step 01123/03814 (29.44%) | loss: 3.143268 | lrm: 1.00 | dt: 741.96ms | tok/sec: 88,327 | bf16_mfu: 0.00 | epoch: 1 pq: 1 rg: 16 | total time: 13.43m | eta: 32.5m
step 01124/03814 (29.47%) | loss: 3.147270 | lrm: 1.00 | dt: 710.33ms | tok/sec: 92,261 | bf16_mfu: 0.00 | epoch: 1 pq: 1 rg: 16 | total time: 13.45m | eta: 32.5m
step 01125/03814 (29.50%) | loss: 3.181869 | lrm: 1.00 | dt: 713.88ms | tok/sec: 91,802 | bf16_mfu: 0.00 | epoch: 1 pq: 1 rg: 16 | total time: 13.46m | eta: 32.5m
step 01126/03814 (29.52%) | loss: 3.183998 | lrm: 1.00 | dt: 713.99ms | tok/sec: 91,788 | bf16_mfu: 0.00 | epoch: 1 pq: 1 rg: 16 | total time: 13.47m | eta: 32.4m
step 01127/03814 (29.55%) | loss: 3.194095 | lrm: 1.00 | dt: 710.32ms | tok/sec: 92,263 | bf16_mfu: 0.00 | epoch: 1 pq: 1 rg: 16 | total time: 13.48m | eta: 32.4m
step 01128/03814 (29.58%) | loss: 3.194606 | lrm: 1.00 | dt: 712.77ms | tok/sec: 91,945 | bf16_mfu: 0.00 | epoch: 1 pq: 1 rg: 16 | total time: 13.49m | eta: 32.4m
step 01129/03814 (29.60%) | loss: 3.184715 | lrm: 1.00 | dt: 774.51ms | tok/sec: 84,616 | bf16_mfu: 0.00 | epoch: 1 pq: 1 rg: 16 | total time: 13.51m | eta: 32.4m
step 01130/03814 (29.63%) | loss: 3.177268 | lrm: 1.00 | dt: 714.08ms | tok/sec: 91,777 | bf16_mfu: 0.00 | epoch: 1 pq: 1 rg: 16 | total time: 13.52m | eta: 32.4m
step 01131/03814 (29.65%) | loss: 3.205281 | lrm: 1.00 | dt: 715.59ms | tok/sec: 91,582 | bf16_mfu: 0.00 | epoch: 1 pq: 1 rg: 17 | total time: 13.53m | eta: 32.4m
step 01132/03814 (29.68%) | loss: 3.189825 | lrm: 1.00 | dt: 718.93ms | tok/sec: 91,157 | bf16_mfu: 0.00 | epoch: 1 pq: 1 rg: 17 | total time: 13.54m | eta: 32.4m
step 01133/03814 (29.71%) | loss: 3.184052 | lrm: 1.00 | dt: 713.50ms | tok/sec: 91,851 | bf16_mfu: 0.00 | epoch: 1 pq: 1 rg: 17 | total time: 13.55m | eta: 32.4m
step 01134/03814 (29.73%) | loss: 3.186216 | lrm: 1.00 | dt: 866.51ms | tok/sec: 75,631 | bf16_mfu: 0.00 | epoch: 1 pq: 1 rg: 17 | total time: 13.57m | eta: 32.4m
step 01135/03814 (29.76%) | loss: 3.200592 | lrm: 1.00 | dt: 713.78ms | tok/sec: 91,814 | bf16_mfu: 0.00 | epoch: 1 pq: 1 rg: 17 | total time: 13.58m | eta: 32.3m
step 01136/03814 (29.79%) | loss: 3.179194 | lrm: 1.00 | dt: 717.04ms | tok/sec: 91,397 | bf16_mfu: 0.00 | epoch: 1 pq: 1 rg: 17 | total time: 13.59m | eta: 32.3m
step 01137/03814 (29.81%) | loss: 3.176708 | lrm: 1.00 | dt: 717.79ms | tok/sec: 91,302 | bf16_mfu: 0.00 | epoch: 1 pq: 1 rg: 17 | total time: 13.60m | eta: 32.3m
step 01138/03814 (29.84%) | loss: 3.182976 | lrm: 1.00 | dt: 716.03ms | tok/sec: 91,527 | bf16_mfu: 0.00 | epoch: 1 pq: 1 rg: 17 | total time: 13.62m | eta: 32.3m
step 01139/03814 (29.86%) | loss: 3.172053 | lrm: 1.00 | dt: 721.11ms | tok/sec: 90,881 | bf16_mfu: 0.00 | epoch: 1 pq: 1 rg: 17 | total time: 13.63m | eta: 32.3m
step 01140/03814 (29.89%) | loss: 3.168256 | lrm: 1.00 | dt: 713.38ms | tok/sec: 91,866 | bf16_mfu: 0.00 | epoch: 1 pq: 1 rg: 17 | total time: 13.64m | eta: 32.3m
step 01141/03814 (29.92%) | loss: 3.171365 | lrm: 1.00 | dt: 723.41ms | tok/sec: 90,592 | bf16_mfu: 0.00 | epoch: 1 pq: 1 rg: 17 | total time: 13.65m | eta: 32.3m
step 01142/03814 (29.94%) | loss: 3.154455 | lrm: 1.00 | dt: 719.57ms | tok/sec: 91,076 | bf16_mfu: 0.00 | epoch: 1 pq: 1 rg: 18 | total time: 13.66m | eta: 32.3m
step 01143/03814 (29.97%) | loss: 3.154383 | lrm: 1.00 | dt: 719.34ms | tok/sec: 91,105 | bf16_mfu: 0.00 | epoch: 1 pq: 1 rg: 18 | total time: 13.68m | eta: 32.2m
step 01144/03814 (29.99%) | loss: 3.141106 | lrm: 1.00 | dt: 719.76ms | tok/sec: 91,052 | bf16_mfu: 0.00 | epoch: 1 pq: 1 rg: 18 | total time: 13.69m | eta: 32.2m
step 01145/03814 (30.02%) | loss: 3.150379 | lrm: 1.00 | dt: 722.91ms | tok/sec: 90,655 | bf16_mfu: 0.00 | epoch: 1 pq: 1 rg: 18 | total time: 13.70m | eta: 32.2m
step 01146/03814 (30.05%) | loss: 3.157640 | lrm: 1.00 | dt: 723.75ms | tok/sec: 90,550 | bf16_mfu: 0.00 | epoch: 1 pq: 1 rg: 18 | total time: 13.71m | eta: 32.2m
step 01147/03814 (30.07%) | loss: 3.145112 | lrm: 1.00 | dt: 725.98ms | tok/sec: 90,271 | bf16_mfu: 0.00 | epoch: 1 pq: 1 rg: 18 | total time: 13.72m | eta: 32.2m
step 01148/03814 (30.10%) | loss: 3.162657 | lrm: 1.00 | dt: 717.66ms | tok/sec: 91,318 | bf16_mfu: 0.00 | epoch: 1 pq: 1 rg: 18 | total time: 13.74m | eta: 32.2m
step 01149/03814 (30.13%) | loss: 3.160699 | lrm: 1.00 | dt: 724.70ms | tok/sec: 90,432 | bf16_mfu: 0.00 | epoch: 1 pq: 1 rg: 18 | total time: 13.75m | eta: 32.2m
step 01150/03814 (30.15%) | loss: 3.164032 | lrm: 1.00 | dt: 727.78ms | tok/sec: 90,049 | bf16_mfu: 0.00 | epoch: 1 pq: 1 rg: 18 | total time: 13.76m | eta: 32.2m
step 01151/03814 (30.18%) | loss: 3.170604 | lrm: 1.00 | dt: 727.87ms | tok/sec: 90,038 | bf16_mfu: 0.00 | epoch: 1 pq: 1 rg: 18 | total time: 13.77m | eta: 32.1m
step 01152/03814 (30.20%) | loss: 3.158503 | lrm: 1.00 | dt: 723.28ms | tok/sec: 90,608 | bf16_mfu: 0.00 | epoch: 1 pq: 1 rg: 18 | total time: 13.78m | eta: 32.1m
step 01153/03814 (30.23%) | loss: 3.144494 | lrm: 1.00 | dt: 720.33ms | tok/sec: 90,981 | bf16_mfu: 0.00 | epoch: 1 pq: 1 rg: 19 | total time: 13.80m | eta: 32.1m
step 01154/03814 (30.26%) | loss: 3.137140 | lrm: 1.00 | dt: 725.43ms | tok/sec: 90,340 | bf16_mfu: 0.00 | epoch: 1 pq: 1 rg: 19 | total time: 13.81m | eta: 32.1m
step 01155/03814 (30.28%) | loss: 3.144767 | lrm: 1.00 | dt: 728.61ms | tok/sec: 89,947 | bf16_mfu: 0.00 | epoch: 1 pq: 1 rg: 19 | total time: 13.82m | eta: 32.1m
step 01156/03814 (30.31%) | loss: 3.139053 | lrm: 1.00 | dt: 742.96ms | tok/sec: 88,209 | bf16_mfu: 0.00 | epoch: 1 pq: 1 rg: 19 | total time: 13.83m | eta: 32.1m
step 01157/03814 (30.34%) | loss: 3.129448 | lrm: 1.00 | dt: 720.99ms | tok/sec: 90,896 | bf16_mfu: 0.00 | epoch: 1 pq: 1 rg: 19 | total time: 13.85m | eta: 32.1m
step 01158/03814 (30.36%) | loss: 3.135254 | lrm: 1.00 | dt: 722.89ms | tok/sec: 90,658 | bf16_mfu: 0.00 | epoch: 1 pq: 1 rg: 19 | total time: 13.86m | eta: 32.1m
step 01159/03814 (30.39%) | loss: 3.132680 | lrm: 1.00 | dt: 720.72ms | tok/sec: 90,930 | bf16_mfu: 0.00 | epoch: 1 pq: 1 rg: 19 | total time: 13.87m | eta: 32.0m
step 01160/03814 (30.41%) | loss: 3.129828 | lrm: 1.00 | dt: 720.20ms | tok/sec: 90,996 | bf16_mfu: 0.00 | epoch: 1 pq: 1 rg: 19 | total time: 13.88m | eta: 32.0m
step 01161/03814 (30.44%) | loss: 3.131664 | lrm: 1.00 | dt: 722.27ms | tok/sec: 90,736 | bf16_mfu: 0.00 | epoch: 1 pq: 1 rg: 19 | total time: 13.89m | eta: 32.0m
step 01162/03814 (30.47%) | loss: 3.145762 | lrm: 1.00 | dt: 725.07ms | tok/sec: 90,386 | bf16_mfu: 0.00 | epoch: 1 pq: 1 rg: 19 | total time: 13.91m | eta: 32.0m
step 01163/03814 (30.49%) | loss: 3.145263 | lrm: 1.00 | dt: 720.31ms | tok/sec: 90,983 | bf16_mfu: 0.00 | epoch: 1 pq: 1 rg: 19 | total time: 13.92m | eta: 32.0m
step 01164/03814 (30.52%) | loss: 3.136517 | lrm: 1.00 | dt: 721.85ms | tok/sec: 90,789 | bf16_mfu: 0.00 | epoch: 1 pq: 1 rg: 19 | total time: 13.93m | eta: 32.0m
step 01165/03814 (30.55%) | loss: 3.136129 | lrm: 1.00 | dt: 771.08ms | tok/sec: 84,992 | bf16_mfu: 0.00 | epoch: 1 pq: 1 rg: 20 | total time: 13.94m | eta: 32.0m
step 01166/03814 (30.57%) | loss: 3.148322 | lrm: 1.00 | dt: 718.34ms | tok/sec: 91,231 | bf16_mfu: 0.00 | epoch: 1 pq: 1 rg: 20 | total time: 13.95m | eta: 32.0m
step 01167/03814 (30.60%) | loss: 3.138461 | lrm: 1.00 | dt: 720.29ms | tok/sec: 90,984 | bf16_mfu: 0.00 | epoch: 1 pq: 1 rg: 20 | total time: 13.97m | eta: 32.0m
step 01168/03814 (30.62%) | loss: 3.146227 | lrm: 1.00 | dt: 723.81ms | tok/sec: 90,542 | bf16_mfu: 0.00 | epoch: 1 pq: 1 rg: 20 | total time: 13.98m | eta: 31.9m
step 01169/03814 (30.65%) | loss: 3.161264 | lrm: 1.00 | dt: 721.76ms | tok/sec: 90,800 | bf16_mfu: 0.00 | epoch: 1 pq: 1 rg: 20 | total time: 13.99m | eta: 31.9m
step 01170/03814 (30.68%) | loss: 3.160496 | lrm: 1.00 | dt: 732.97ms | tok/sec: 89,411 | bf16_mfu: 0.00 | epoch: 1 pq: 1 rg: 20 | total time: 14.00m | eta: 31.9m
step 01171/03814 (30.70%) | loss: 3.157290 | lrm: 1.00 | dt: 723.21ms | tok/sec: 90,617 | bf16_mfu: 0.00 | epoch: 1 pq: 1 rg: 20 | total time: 14.01m | eta: 31.9m
step 01172/03814 (30.73%) | loss: 3.147762 | lrm: 1.00 | dt: 718.64ms | tok/sec: 91,194 | bf16_mfu: 0.00 | epoch: 1 pq: 1 rg: 20 | total time: 14.03m | eta: 31.9m
step 01173/03814 (30.76%) | loss: 3.165247 | lrm: 1.00 | dt: 719.35ms | tok/sec: 91,105 | bf16_mfu: 0.00 | epoch: 1 pq: 1 rg: 20 | total time: 14.04m | eta: 31.9m
step 01174/03814 (30.78%) | loss: 3.146017 | lrm: 1.00 | dt: 741.56ms | tok/sec: 88,376 | bf16_mfu: 0.00 | epoch: 1 pq: 1 rg: 20 | total time: 14.05m | eta: 31.9m
step 01175/03814 (30.81%) | loss: 3.151197 | lrm: 1.00 | dt: 721.94ms | tok/sec: 90,777 | bf16_mfu: 0.00 | epoch: 1 pq: 1 rg: 20 | total time: 14.06m | eta: 31.9m
step 01176/03814 (30.83%) | loss: 3.166172 | lrm: 1.00 | dt: 717.69ms | tok/sec: 91,315 | bf16_mfu: 0.00 | epoch: 1 pq: 1 rg: 21 | total time: 14.08m | eta: 31.8m
step 01177/03814 (30.86%) | loss: 3.176463 | lrm: 1.00 | dt: 719.88ms | tok/sec: 91,037 | bf16_mfu: 0.00 | epoch: 1 pq: 1 rg: 21 | total time: 14.09m | eta: 31.8m
step 01178/03814 (30.89%) | loss: 3.170312 | lrm: 1.00 | dt: 719.58ms | tok/sec: 91,075 | bf16_mfu: 0.00 | epoch: 1 pq: 1 rg: 21 | total time: 14.10m | eta: 31.8m
step 01179/03814 (30.91%) | loss: 3.162113 | lrm: 1.00 | dt: 720.05ms | tok/sec: 91,016 | bf16_mfu: 0.00 | epoch: 1 pq: 1 rg: 21 | total time: 14.11m | eta: 31.8m
step 01180/03814 (30.94%) | loss: 3.176754 | lrm: 1.00 | dt: 717.18ms | tok/sec: 91,380 | bf16_mfu: 0.00 | epoch: 1 pq: 1 rg: 21 | total time: 14.12m | eta: 31.8m
step 01181/03814 (30.96%) | loss: 3.172605 | lrm: 1.00 | dt: 719.49ms | tok/sec: 91,086 | bf16_mfu: 0.00 | epoch: 1 pq: 1 rg: 21 | total time: 14.14m | eta: 31.8m
step 01182/03814 (30.99%) | loss: 3.145782 | lrm: 1.00 | dt: 719.27ms | tok/sec: 91,114 | bf16_mfu: 0.00 | epoch: 1 pq: 1 rg: 21 | total time: 14.15m | eta: 31.8m
step 01183/03814 (31.02%) | loss: 3.140723 | lrm: 1.00 | dt: 719.98ms | tok/sec: 91,024 | bf16_mfu: 0.00 | epoch: 1 pq: 1 rg: 21 | total time: 14.16m | eta: 31.8m
step 01184/03814 (31.04%) | loss: 3.146407 | lrm: 1.00 | dt: 727.37ms | tok/sec: 90,099 | bf16_mfu: 0.00 | epoch: 1 pq: 1 rg: 21 | total time: 14.17m | eta: 31.7m
step 01185/03814 (31.07%) | loss: 3.150710 | lrm: 1.00 | dt: 718.21ms | tok/sec: 91,248 | bf16_mfu: 0.00 | epoch: 1 pq: 1 rg: 21 | total time: 14.18m | eta: 31.7m
step 01186/03814 (31.10%) | loss: 3.157632 | lrm: 1.00 | dt: 719.19ms | tok/sec: 91,124 | bf16_mfu: 0.00 | epoch: 1 pq: 1 rg: 21 | total time: 14.20m | eta: 31.7m
step 01187/03814 (31.12%) | loss: 3.154626 | lrm: 1.00 | dt: 720.84ms | tok/sec: 90,915 | bf16_mfu: 0.00 | epoch: 1 pq: 1 rg: 22 | total time: 14.21m | eta: 31.7m
step 01188/03814 (31.15%) | loss: 3.158458 | lrm: 1.00 | dt: 722.96ms | tok/sec: 90,649 | bf16_mfu: 0.00 | epoch: 1 pq: 1 rg: 22 | total time: 14.22m | eta: 31.7m
step 01189/03814 (31.17%) | loss: 3.153043 | lrm: 1.00 | dt: 710.69ms | tok/sec: 92,214 | bf16_mfu: 0.00 | epoch: 1 pq: 1 rg: 22 | total time: 14.23m | eta: 31.7m
step 01190/03814 (31.20%) | loss: 3.148003 | lrm: 1.00 | dt: 718.07ms | tok/sec: 91,267 | bf16_mfu: 0.00 | epoch: 1 pq: 1 rg: 22 | total time: 14.24m | eta: 31.7m
step 01191/03814 (31.23%) | loss: 3.146308 | lrm: 1.00 | dt: 713.27ms | tok/sec: 91,881 | bf16_mfu: 0.00 | epoch: 1 pq: 1 rg: 22 | total time: 14.25m | eta: 31.7m
step 01192/03814 (31.25%) | loss: 3.148599 | lrm: 1.00 | dt: 897.03ms | tok/sec: 73,058 | bf16_mfu: 0.00 | epoch: 1 pq: 1 rg: 22 | total time: 14.27m | eta: 31.7m
step 01193/03814 (31.28%) | loss: 3.148166 | lrm: 1.00 | dt: 720.27ms | tok/sec: 90,988 | bf16_mfu: 0.00 | epoch: 1 pq: 1 rg: 22 | total time: 14.28m | eta: 31.6m
step 01194/03814 (31.31%) | loss: 3.153449 | lrm: 1.00 | dt: 721.93ms | tok/sec: 90,778 | bf16_mfu: 0.00 | epoch: 1 pq: 1 rg: 22 | total time: 14.29m | eta: 31.6m
step 01195/03814 (31.33%) | loss: 3.131822 | lrm: 1.00 | dt: 714.38ms | tok/sec: 91,738 | bf16_mfu: 0.00 | epoch: 1 pq: 1 rg: 22 | total time: 14.31m | eta: 31.6m
step 01196/03814 (31.36%) | loss: 3.133430 | lrm: 1.00 | dt: 715.63ms | tok/sec: 91,577 | bf16_mfu: 0.00 | epoch: 1 pq: 1 rg: 22 | total time: 14.32m | eta: 31.6m
step 01197/03814 (31.38%) | loss: 3.154868 | lrm: 1.00 | dt: 711.08ms | tok/sec: 92,163 | bf16_mfu: 0.00 | epoch: 1 pq: 1 rg: 22 | total time: 14.33m | eta: 31.6m
step 01198/03814 (31.41%) | loss: 3.159466 | lrm: 1.00 | dt: 715.58ms | tok/sec: 91,585 | bf16_mfu: 0.00 | epoch: 1 pq: 1 rg: 23 | total time: 14.34m | eta: 31.6m
step 01199/03814 (31.44%) | loss: 3.160926 | lrm: 1.00 | dt: 715.20ms | tok/sec: 91,633 | bf16_mfu: 0.00 | epoch: 1 pq: 1 rg: 23 | total time: 14.35m | eta: 31.6m
step 01200/03814 (31.46%) | loss: 3.156013 | lrm: 1.00 | dt: 713.09ms | tok/sec: 91,904 | bf16_mfu: 0.00 | epoch: 1 pq: 1 rg: 23 | total time: 14.37m | eta: 31.6m
step 01201/03814 (31.49%) | loss: 3.151845 | lrm: 1.00 | dt: 718.98ms | tok/sec: 91,151 | bf16_mfu: 0.00 | epoch: 1 pq: 1 rg: 23 | total time: 14.38m | eta: 31.5m
step 01202/03814 (31.52%) | loss: 3.125831 | lrm: 1.00 | dt: 712.30ms | tok/sec: 92,006 | bf16_mfu: 0.00 | epoch: 1 pq: 1 rg: 23 | total time: 14.39m | eta: 31.5m
step 01203/03814 (31.54%) | loss: 3.115991 | lrm: 1.00 | dt: 716.01ms | tok/sec: 91,529 | bf16_mfu: 0.00 | epoch: 1 pq: 1 rg: 23 | total time: 14.40m | eta: 31.5m
step 01204/03814 (31.57%) | loss: 3.135124 | lrm: 1.00 | dt: 713.29ms | tok/sec: 91,878 | bf16_mfu: 0.00 | epoch: 1 pq: 1 rg: 23 | total time: 14.41m | eta: 31.5m
step 01205/03814 (31.59%) | loss: 3.112356 | lrm: 1.00 | dt: 719.23ms | tok/sec: 91,119 | bf16_mfu: 0.00 | epoch: 1 pq: 1 rg: 23 | total time: 14.42m | eta: 31.5m
step 01206/03814 (31.62%) | loss: 3.118672 | lrm: 1.00 | dt: 711.73ms | tok/sec: 92,080 | bf16_mfu: 0.00 | epoch: 1 pq: 1 rg: 23 | total time: 14.44m | eta: 31.5m
step 01207/03814 (31.65%) | loss: 3.129313 | lrm: 1.00 | dt: 713.08ms | tok/sec: 91,905 | bf16_mfu: 0.00 | epoch: 1 pq: 1 rg: 23 | total time: 14.45m | eta: 31.5m
step 01208/03814 (31.67%) | loss: 3.131499 | lrm: 1.00 | dt: 713.14ms | tok/sec: 91,898 | bf16_mfu: 0.00 | epoch: 1 pq: 1 rg: 23 | total time: 14.46m | eta: 31.5m
step 01209/03814 (31.70%) | loss: 3.120743 | lrm: 1.00 | dt: 712.67ms | tok/sec: 91,958 | bf16_mfu: 0.00 | epoch: 1 pq: 1 rg: 24 | total time: 14.47m | eta: 31.4m
step 01210/03814 (31.73%) | loss: 3.124919 | lrm: 1.00 | dt: 707.44ms | tok/sec: 92,638 | bf16_mfu: 0.00 | epoch: 1 pq: 1 rg: 24 | total time: 14.48m | eta: 31.4m
step 01211/03814 (31.75%) | loss: 3.125632 | lrm: 1.00 | dt: 715.60ms | tok/sec: 91,581 | bf16_mfu: 0.00 | epoch: 1 pq: 1 rg: 24 | total time: 14.50m | eta: 31.4m
step 01212/03814 (31.78%) | loss: 3.106870 | lrm: 1.00 | dt: 713.51ms | tok/sec: 91,850 | bf16_mfu: 0.00 | epoch: 1 pq: 1 rg: 24 | total time: 14.51m | eta: 31.4m
step 01213/03814 (31.80%) | loss: 3.112371 | lrm: 1.00 | dt: 710.77ms | tok/sec: 92,204 | bf16_mfu: 0.00 | epoch: 1 pq: 1 rg: 24 | total time: 14.52m | eta: 31.4m
step 01214/03814 (31.83%) | loss: 3.133580 | lrm: 1.00 | dt: 709.47ms | tok/sec: 92,373 | bf16_mfu: 0.00 | epoch: 1 pq: 1 rg: 24 | total time: 14.53m | eta: 31.4m
step 01215/03814 (31.86%) | loss: 3.145200 | lrm: 1.00 | dt: 722.39ms | tok/sec: 90,721 | bf16_mfu: 0.00 | epoch: 1 pq: 1 rg: 24 | total time: 14.54m | eta: 31.4m
step 01216/03814 (31.88%) | loss: 3.137590 | lrm: 1.00 | dt: 715.02ms | tok/sec: 91,656 | bf16_mfu: 0.00 | epoch: 1 pq: 1 rg: 24 | total time: 14.56m | eta: 31.4m
step 01217/03814 (31.91%) | loss: 3.156698 | lrm: 1.00 | dt: 710.58ms | tok/sec: 92,228 | bf16_mfu: 0.00 | epoch: 1 pq: 1 rg: 24 | total time: 14.57m | eta: 31.3m
step 01218/03814 (31.93%) | loss: 3.140530 | lrm: 1.00 | dt: 710.85ms | tok/sec: 92,193 | bf16_mfu: 0.00 | epoch: 1 pq: 1 rg: 24 | total time: 14.58m | eta: 31.3m
step 01219/03814 (31.96%) | loss: 3.135239 | lrm: 1.00 | dt: 715.95ms | tok/sec: 91,537 | bf16_mfu: 0.00 | epoch: 1 pq: 1 rg: 24 | total time: 14.59m | eta: 31.3m
step 01220/03814 (31.99%) | loss: 3.139118 | lrm: 1.00 | dt: 710.26ms | tok/sec: 92,271 | bf16_mfu: 0.00 | epoch: 1 pq: 1 rg: 24 | total time: 14.60m | eta: 31.3m
step 01221/03814 (32.01%) | loss: 3.151500 | lrm: 1.00 | dt: 714.57ms | tok/sec: 91,714 | bf16_mfu: 0.00 | epoch: 1 pq: 1 rg: 25 | total time: 14.62m | eta: 31.3m
step 01222/03814 (32.04%) | loss: 3.149645 | lrm: 1.00 | dt: 711.96ms | tok/sec: 92,050 | bf16_mfu: 0.00 | epoch: 1 pq: 1 rg: 25 | total time: 14.63m | eta: 31.3m
step 01223/03814 (32.07%) | loss: 3.141436 | lrm: 1.00 | dt: 712.87ms | tok/sec: 91,932 | bf16_mfu: 0.00 | epoch: 1 pq: 1 rg: 25 | total time: 14.64m | eta: 31.3m
step 01224/03814 (32.09%) | loss: 3.150607 | lrm: 1.00 | dt: 712.70ms | tok/sec: 91,954 | bf16_mfu: 0.00 | epoch: 1 pq: 1 rg: 25 | total time: 14.65m | eta: 31.3m
step 01225/03814 (32.12%) | loss: 3.157783 | lrm: 1.00 | dt: 709.00ms | tok/sec: 92,434 | bf16_mfu: 0.00 | epoch: 1 pq: 1 rg: 25 | total time: 14.66m | eta: 31.2m
step 01226/03814 (32.14%) | loss: 3.143943 | lrm: 1.00 | dt: 711.14ms | tok/sec: 92,156 | bf16_mfu: 0.00 | epoch: 1 pq: 1 rg: 25 | total time: 14.67m | eta: 31.2m
step 01227/03814 (32.17%) | loss: 3.154877 | lrm: 1.00 | dt: 712.72ms | tok/sec: 91,952 | bf16_mfu: 0.00 | epoch: 1 pq: 1 rg: 25 | total time: 14.69m | eta: 31.2m
step 01228/03814 (32.20%) | loss: 3.155375 | lrm: 1.00 | dt: 745.94ms | tok/sec: 87,857 | bf16_mfu: 0.00 | epoch: 1 pq: 1 rg: 25 | total time: 14.70m | eta: 31.2m
step 01229/03814 (32.22%) | loss: 3.137767 | lrm: 1.00 | dt: 718.63ms | tok/sec: 91,196 | bf16_mfu: 0.00 | epoch: 1 pq: 1 rg: 25 | total time: 14.71m | eta: 31.2m
step 01230/03814 (32.25%) | loss: 3.140862 | lrm: 1.00 | dt: 706.77ms | tok/sec: 92,725 | bf16_mfu: 0.00 | epoch: 1 pq: 1 rg: 25 | total time: 14.72m | eta: 31.2m
step 01231/03814 (32.28%) | loss: 3.156533 | lrm: 1.00 | dt: 744.27ms | tok/sec: 88,054 | bf16_mfu: 0.00 | epoch: 1 pq: 1 rg: 25 | total time: 14.73m | eta: 31.2m
step 01232/03814 (32.30%) | loss: 3.146806 | lrm: 1.00 | dt: 750.40ms | tok/sec: 87,335 | bf16_mfu: 0.00 | epoch: 1 pq: 1 rg: 26 | total time: 14.75m | eta: 31.2m
step 01233/03814 (32.33%) | loss: 3.150023 | lrm: 1.00 | dt: 711.96ms | tok/sec: 92,050 | bf16_mfu: 0.00 | epoch: 1 pq: 1 rg: 26 | total time: 14.76m | eta: 31.1m
step 01234/03814 (32.35%) | loss: 3.154641 | lrm: 1.00 | dt: 710.36ms | tok/sec: 92,257 | bf16_mfu: 0.00 | epoch: 1 pq: 1 rg: 26 | total time: 14.77m | eta: 31.1m
step 01235/03814 (32.38%) | loss: 3.149542 | lrm: 1.00 | dt: 734.41ms | tok/sec: 89,236 | bf16_mfu: 0.00 | epoch: 1 pq: 1 rg: 26 | total time: 14.78m | eta: 31.1m
step 01236/03814 (32.41%) | loss: 3.147459 | lrm: 1.00 | dt: 715.47ms | tok/sec: 91,598 | bf16_mfu: 0.00 | epoch: 1 pq: 1 rg: 26 | total time: 14.80m | eta: 31.1m
step 01237/03814 (32.43%) | loss: 3.142664 | lrm: 1.00 | dt: 746.91ms | tok/sec: 87,743 | bf16_mfu: 0.00 | epoch: 1 pq: 1 rg: 26 | total time: 14.81m | eta: 31.1m
step 01238/03814 (32.46%) | loss: 3.131996 | lrm: 1.00 | dt: 709.70ms | tok/sec: 92,343 | bf16_mfu: 0.00 | epoch: 1 pq: 1 rg: 26 | total time: 14.82m | eta: 31.1m
step 01239/03814 (32.49%) | loss: 3.141373 | lrm: 1.00 | dt: 714.09ms | tok/sec: 91,775 | bf16_mfu: 0.00 | epoch: 1 pq: 1 rg: 26 | total time: 14.83m | eta: 31.1m
step 01240/03814 (32.51%) | loss: 3.152118 | lrm: 1.00 | dt: 709.85ms | tok/sec: 92,323 | bf16_mfu: 0.00 | epoch: 1 pq: 1 rg: 26 | total time: 14.84m | eta: 31.1m
step 01241/03814 (32.54%) | loss: 3.123622 | lrm: 1.00 | dt: 708.19ms | tok/sec: 92,540 | bf16_mfu: 0.00 | epoch: 1 pq: 1 rg: 26 | total time: 14.86m | eta: 31.0m
step 01242/03814 (32.56%) | loss: 3.127378 | lrm: 1.00 | dt: 706.86ms | tok/sec: 92,714 | bf16_mfu: 0.00 | epoch: 1 pq: 1 rg: 26 | total time: 14.87m | eta: 31.0m
step 01243/03814 (32.59%) | loss: 3.134019 | lrm: 1.00 | dt: 710.02ms | tok/sec: 92,301 | bf16_mfu: 0.00 | epoch: 1 pq: 1 rg: 26 | total time: 14.88m | eta: 31.0m
step 01244/03814 (32.62%) | loss: 3.126459 | lrm: 1.00 | dt: 728.25ms | tok/sec: 89,991 | bf16_mfu: 0.00 | epoch: 1 pq: 1 rg: 27 | total time: 14.89m | eta: 31.0m
step 01245/03814 (32.64%) | loss: 3.124900 | lrm: 1.00 | dt: 710.76ms | tok/sec: 92,205 | bf16_mfu: 0.00 | epoch: 1 pq: 1 rg: 27 | total time: 14.90m | eta: 31.0m
step 01246/03814 (32.67%) | loss: 3.152546 | lrm: 1.00 | dt: 756.28ms | tok/sec: 86,655 | bf16_mfu: 0.00 | epoch: 1 pq: 1 rg: 27 | total time: 14.92m | eta: 31.0m
step 01247/03814 (32.70%) | loss: 3.169233 | lrm: 1.00 | dt: 710.49ms | tok/sec: 92,240 | bf16_mfu: 0.00 | epoch: 1 pq: 1 rg: 27 | total time: 14.93m | eta: 31.0m
step 01248/03814 (32.72%) | loss: 3.164673 | lrm: 1.00 | dt: 714.41ms | tok/sec: 91,734 | bf16_mfu: 0.00 | epoch: 1 pq: 1 rg: 27 | total time: 14.94m | eta: 31.0m
step 01249/03814 (32.75%) | loss: 3.167270 | lrm: 1.00 | dt: 715.36ms | tok/sec: 91,613 | bf16_mfu: 0.00 | epoch: 1 pq: 1 rg: 27 | total time: 14.95m | eta: 31.0m
step 01250/03814 (32.77%) | loss: 3.164075 | lrm: 1.00 | dt: 713.97ms | tok/sec: 91,790 | bf16_mfu: 0.00 | epoch: 1 pq: 1 rg: 27 | total time: 14.96m | eta: 30.9m
step 01251/03814 (32.80%) | loss: 3.137455 | lrm: 1.00 | dt: 711.76ms | tok/sec: 92,076 | bf16_mfu: 0.00 | epoch: 1 pq: 1 rg: 27 | total time: 14.97m | eta: 30.9m
step 01252/03814 (32.83%) | loss: 3.135697 | lrm: 1.00 | dt: 712.87ms | tok/sec: 91,932 | bf16_mfu: 0.00 | epoch: 1 pq: 1 rg: 27 | total time: 14.99m | eta: 30.9m
step 01253/03814 (32.85%) | loss: 3.148293 | lrm: 1.00 | dt: 717.78ms | tok/sec: 91,303 | bf16_mfu: 0.00 | epoch: 1 pq: 1 rg: 27 | total time: 15.00m | eta: 30.9m
step 01254/03814 (32.88%) | loss: 3.133930 | lrm: 1.00 | dt: 715.51ms | tok/sec: 91,592 | bf16_mfu: 0.00 | epoch: 1 pq: 1 rg: 27 | total time: 15.01m | eta: 30.9m
step 01255/03814 (32.91%) | loss: 3.129989 | lrm: 1.00 | dt: 714.23ms | tok/sec: 91,757 | bf16_mfu: 0.00 | epoch: 1 pq: 1 rg: 27 | total time: 15.02m | eta: 30.9m
step 01256/03814 (32.93%) | loss: 3.127850 | lrm: 1.00 | dt: 721.90ms | tok/sec: 90,782 | bf16_mfu: 0.00 | epoch: 1 pq: 1 rg: 28 | total time: 15.03m | eta: 30.9m
step 01257/03814 (32.96%) | loss: 3.122991 | lrm: 1.00 | dt: 714.28ms | tok/sec: 91,751 | bf16_mfu: 0.00 | epoch: 1 pq: 1 rg: 28 | total time: 15.05m | eta: 30.9m
step 01258/03814 (32.98%) | loss: 3.127997 | lrm: 1.00 | dt: 709.83ms | tok/sec: 92,325 | bf16_mfu: 0.00 | epoch: 1 pq: 1 rg: 28 | total time: 15.06m | eta: 30.8m
step 01259/03814 (33.01%) | loss: 3.131812 | lrm: 1.00 | dt: 716.21ms | tok/sec: 91,503 | bf16_mfu: 0.00 | epoch: 1 pq: 1 rg: 28 | total time: 15.07m | eta: 30.8m
step 01260/03814 (33.04%) | loss: 3.130140 | lrm: 1.00 | dt: 713.63ms | tok/sec: 91,835 | bf16_mfu: 0.00 | epoch: 1 pq: 1 rg: 28 | total time: 15.08m | eta: 30.8m
step 01261/03814 (33.06%) | loss: 3.114123 | lrm: 1.00 | dt: 712.44ms | tok/sec: 91,988 | bf16_mfu: 0.00 | epoch: 1 pq: 1 rg: 28 | total time: 15.09m | eta: 30.8m
step 01262/03814 (33.09%) | loss: 3.112491 | lrm: 1.00 | dt: 724.23ms | tok/sec: 90,490 | bf16_mfu: 0.00 | epoch: 1 pq: 1 rg: 28 | total time: 15.11m | eta: 30.8m
step 01263/03814 (33.11%) | loss: 3.112396 | lrm: 1.00 | dt: 713.20ms | tok/sec: 91,890 | bf16_mfu: 0.00 | epoch: 1 pq: 1 rg: 28 | total time: 15.12m | eta: 30.8m
step 01264/03814 (33.14%) | loss: 3.100022 | lrm: 1.00 | dt: 720.96ms | tok/sec: 90,901 | bf16_mfu: 0.00 | epoch: 1 pq: 1 rg: 28 | total time: 15.13m | eta: 30.8m
step 01265/03814 (33.17%) | loss: 3.099833 | lrm: 1.00 | dt: 712.22ms | tok/sec: 92,016 | bf16_mfu: 0.00 | epoch: 1 pq: 1 rg: 28 | total time: 15.14m | eta: 30.8m
step 01266/03814 (33.19%) | loss: 3.111124 | lrm: 1.00 | dt: 716.13ms | tok/sec: 91,513 | bf16_mfu: 0.00 | epoch: 1 pq: 1 rg: 28 | total time: 15.15m | eta: 30.7m
step 01267/03814 (33.22%) | loss: 3.102959 | lrm: 1.00 | dt: 748.33ms | tok/sec: 87,576 | bf16_mfu: 0.00 | epoch: 1 pq: 1 rg: 29 | total time: 15.17m | eta: 30.7m
step 01268/03814 (33.25%) | loss: 3.107279 | lrm: 1.00 | dt: 718.53ms | tok/sec: 91,208 | bf16_mfu: 0.00 | epoch: 1 pq: 1 rg: 29 | total time: 15.18m | eta: 30.7m
step 01269/03814 (33.27%) | loss: 3.105416 | lrm: 1.00 | dt: 713.08ms | tok/sec: 91,904 | bf16_mfu: 0.00 | epoch: 1 pq: 1 rg: 29 | total time: 15.19m | eta: 30.7m
step 01270/03814 (33.30%) | loss: 3.113693 | lrm: 1.00 | dt: 716.27ms | tok/sec: 91,495 | bf16_mfu: 0.00 | epoch: 1 pq: 1 rg: 29 | total time: 15.20m | eta: 30.7m
step 01271/03814 (33.32%) | loss: 3.097476 | lrm: 1.00 | dt: 717.16ms | tok/sec: 91,382 | bf16_mfu: 0.00 | epoch: 1 pq: 1 rg: 29 | total time: 15.21m | eta: 30.7m
step 01272/03814 (33.35%) | loss: 3.111963 | lrm: 1.00 | dt: 715.30ms | tok/sec: 91,620 | bf16_mfu: 0.00 | epoch: 1 pq: 1 rg: 29 | total time: 15.23m | eta: 30.7m
step 01273/03814 (33.38%) | loss: 3.121170 | lrm: 1.00 | dt: 721.43ms | tok/sec: 90,841 | bf16_mfu: 0.00 | epoch: 1 pq: 1 rg: 29 | total time: 15.24m | eta: 30.7m
step 01274/03814 (33.40%) | loss: 3.138988 | lrm: 1.00 | dt: 714.96ms | tok/sec: 91,663 | bf16_mfu: 0.00 | epoch: 1 pq: 1 rg: 29 | total time: 15.25m | eta: 30.6m
step 01275/03814 (33.43%) | loss: 3.135273 | lrm: 1.00 | dt: 715.12ms | tok/sec: 91,643 | bf16_mfu: 0.00 | epoch: 1 pq: 1 rg: 29 | total time: 15.26m | eta: 30.6m
step 01276/03814 (33.46%) | loss: 3.144501 | lrm: 1.00 | dt: 717.11ms | tok/sec: 91,388 | bf16_mfu: 0.00 | epoch: 1 pq: 1 rg: 29 | total time: 15.27m | eta: 30.6m
step 01277/03814 (33.48%) | loss: 3.141557 | lrm: 1.00 | dt: 781.67ms | tok/sec: 83,840 | bf16_mfu: 0.00 | epoch: 1 pq: 1 rg: 29 | total time: 15.29m | eta: 30.6m
step 01278/03814 (33.51%) | loss: 3.120480 | lrm: 1.00 | dt: 719.10ms | tok/sec: 91,136 | bf16_mfu: 0.00 | epoch: 1 pq: 1 rg: 30 | total time: 15.30m | eta: 30.6m
step 01279/03814 (33.53%) | loss: 3.109358 | lrm: 1.00 | dt: 715.13ms | tok/sec: 91,642 | bf16_mfu: 0.00 | epoch: 1 pq: 1 rg: 30 | total time: 15.31m | eta: 30.6m
step 01280/03814 (33.56%) | loss: 3.113951 | lrm: 1.00 | dt: 714.02ms | tok/sec: 91,784 | bf16_mfu: 0.00 | epoch: 1 pq: 1 rg: 30 | total time: 15.32m | eta: 30.6m
step 01281/03814 (33.59%) | loss: 3.111177 | lrm: 1.00 | dt: 714.35ms | tok/sec: 91,742 | bf16_mfu: 0.00 | epoch: 1 pq: 1 rg: 30 | total time: 15.33m | eta: 30.6m
step 01282/03814 (33.61%) | loss: 3.116432 | lrm: 1.00 | dt: 717.42ms | tok/sec: 91,349 | bf16_mfu: 0.00 | epoch: 1 pq: 1 rg: 30 | total time: 15.35m | eta: 30.5m
step 01283/03814 (33.64%) | loss: 3.124622 | lrm: 1.00 | dt: 718.91ms | tok/sec: 91,160 | bf16_mfu: 0.00 | epoch: 1 pq: 1 rg: 30 | total time: 15.36m | eta: 30.5m
step 01284/03814 (33.67%) | loss: 3.119507 | lrm: 1.00 | dt: 715.80ms | tok/sec: 91,556 | bf16_mfu: 0.00 | epoch: 1 pq: 1 rg: 30 | total time: 15.37m | eta: 30.5m
step 01285/03814 (33.69%) | loss: 3.107525 | lrm: 1.00 | dt: 717.27ms | tok/sec: 91,368 | bf16_mfu: 0.00 | epoch: 1 pq: 1 rg: 30 | total time: 15.38m | eta: 30.5m
step 01286/03814 (33.72%) | loss: 3.111362 | lrm: 1.00 | dt: 715.21ms | tok/sec: 91,632 | bf16_mfu: 0.00 | epoch: 1 pq: 1 rg: 30 | total time: 15.39m | eta: 30.5m
step 01287/03814 (33.74%) | loss: 3.113100 | lrm: 1.00 | dt: 715.84ms | tok/sec: 91,550 | bf16_mfu: 0.00 | epoch: 1 pq: 1 rg: 30 | total time: 15.41m | eta: 30.5m
step 01288/03814 (33.77%) | loss: 3.118868 | lrm: 1.00 | dt: 723.08ms | tok/sec: 90,634 | bf16_mfu: 0.00 | epoch: 1 pq: 1 rg: 30 | total time: 15.42m | eta: 30.5m
step 01289/03814 (33.80%) | loss: 3.116615 | lrm: 1.00 | dt: 714.69ms | tok/sec: 91,698 | bf16_mfu: 0.00 | epoch: 1 pq: 1 rg: 30 | total time: 15.43m | eta: 30.5m
step 01290/03814 (33.82%) | loss: 3.124862 | lrm: 1.00 | dt: 775.65ms | tok/sec: 84,491 | bf16_mfu: 0.00 | epoch: 1 pq: 1 rg: 31 | total time: 15.44m | eta: 30.5m
step 01291/03814 (33.85%) | loss: 3.122272 | lrm: 1.00 | dt: 719.36ms | tok/sec: 91,102 | bf16_mfu: 0.00 | epoch: 1 pq: 1 rg: 31 | total time: 15.45m | eta: 30.4m
step 01292/03814 (33.88%) | loss: 3.113004 | lrm: 1.00 | dt: 719.31ms | tok/sec: 91,109 | bf16_mfu: 0.00 | epoch: 1 pq: 1 rg: 31 | total time: 15.47m | eta: 30.4m
step 01293/03814 (33.90%) | loss: 3.114997 | lrm: 1.00 | dt: 715.06ms | tok/sec: 91,651 | bf16_mfu: 0.00 | epoch: 1 pq: 1 rg: 31 | total time: 15.48m | eta: 30.4m
step 01294/03814 (33.93%) | loss: 3.116412 | lrm: 1.00 | dt: 729.18ms | tok/sec: 89,876 | bf16_mfu: 0.00 | epoch: 1 pq: 1 rg: 31 | total time: 15.49m | eta: 30.4m
step 01295/03814 (33.95%) | loss: 3.111618 | lrm: 1.00 | dt: 716.98ms | tok/sec: 91,405 | bf16_mfu: 0.00 | epoch: 1 pq: 1 rg: 31 | total time: 15.50m | eta: 30.4m
step 01296/03814 (33.98%) | loss: 3.109653 | lrm: 1.00 | dt: 718.42ms | tok/sec: 91,222 | bf16_mfu: 0.00 | epoch: 1 pq: 1 rg: 31 | total time: 15.51m | eta: 30.4m
step 01297/03814 (34.01%) | loss: 3.113261 | lrm: 1.00 | dt: 794.99ms | tok/sec: 82,436 | bf16_mfu: 0.00 | epoch: 1 pq: 1 rg: 31 | total time: 15.53m | eta: 30.4m
step 01298/03814 (34.03%) | loss: 3.097432 | lrm: 1.00 | dt: 723.33ms | tok/sec: 90,602 | bf16_mfu: 0.00 | epoch: 1 pq: 1 rg: 31 | total time: 15.54m | eta: 30.4m
step 01299/03814 (34.06%) | loss: 3.097505 | lrm: 1.00 | dt: 714.01ms | tok/sec: 91,785 | bf16_mfu: 0.00 | epoch: 1 pq: 1 rg: 31 | total time: 15.55m | eta: 30.3m
step 01300/03814 (34.08%) | loss: 3.093814 | lrm: 1.00 | dt: 716.96ms | tok/sec: 91,408 | bf16_mfu: 0.00 | epoch: 1 pq: 1 rg: 31 | total time: 15.56m | eta: 30.3m
step 01301/03814 (34.11%) | loss: 3.094324 | lrm: 1.00 | dt: 782.61ms | tok/sec: 83,740 | bf16_mfu: 0.00 | epoch: 1 pq: 1 rg: 32 | total time: 15.58m | eta: 30.3m
step 01302/03814 (34.14%) | loss: 3.084087 | lrm: 1.00 | dt: 719.34ms | tok/sec: 91,106 | bf16_mfu: 0.00 | epoch: 1 pq: 1 rg: 32 | total time: 15.59m | eta: 30.3m
step 01303/03814 (34.16%) | loss: 3.120106 | lrm: 1.00 | dt: 720.90ms | tok/sec: 90,908 | bf16_mfu: 0.00 | epoch: 1 pq: 1 rg: 32 | total time: 15.60m | eta: 30.3m
step 01304/03814 (34.19%) | loss: 3.117946 | lrm: 1.00 | dt: 717.36ms | tok/sec: 91,357 | bf16_mfu: 0.00 | epoch: 1 pq: 1 rg: 32 | total time: 15.61m | eta: 30.3m
step 01305/03814 (34.22%) | loss: 3.097946 | lrm: 1.00 | dt: 720.06ms | tok/sec: 91,015 | bf16_mfu: 0.00 | epoch: 1 pq: 1 rg: 32 | total time: 15.62m | eta: 30.3m
step 01306/03814 (34.24%) | loss: 3.107905 | lrm: 1.00 | dt: 718.20ms | tok/sec: 91,249 | bf16_mfu: 0.00 | epoch: 1 pq: 1 rg: 32 | total time: 15.64m | eta: 30.3m
step 01307/03814 (34.27%) | loss: 3.101388 | lrm: 1.00 | dt: 760.78ms | tok/sec: 86,142 | bf16_mfu: 0.00 | epoch: 1 pq: 1 rg: 32 | total time: 15.65m | eta: 30.2m
step 01308/03814 (34.29%) | loss: 3.097410 | lrm: 1.00 | dt: 722.45ms | tok/sec: 90,713 | bf16_mfu: 0.00 | epoch: 1 pq: 1 rg: 32 | total time: 15.66m | eta: 30.2m
step 01309/03814 (34.32%) | loss: 3.098820 | lrm: 1.00 | dt: 718.13ms | tok/sec: 91,258 | bf16_mfu: 0.00 | epoch: 1 pq: 1 rg: 32 | total time: 15.67m | eta: 30.2m
step 01310/03814 (34.35%) | loss: 3.094228 | lrm: 1.00 | dt: 717.66ms | tok/sec: 91,319 | bf16_mfu: 0.00 | epoch: 1 pq: 1 rg: 32 | total time: 15.69m | eta: 30.2m
step 01311/03814 (34.37%) | loss: 3.092730 | lrm: 1.00 | dt: 719.43ms | tok/sec: 91,094 | bf16_mfu: 0.00 | epoch: 1 pq: 1 rg: 32 | total time: 15.70m | eta: 30.2m
step 01312/03814 (34.40%) | loss: 3.098139 | lrm: 1.00 | dt: 719.56ms | tok/sec: 91,077 | bf16_mfu: 0.00 | epoch: 1 pq: 1 rg: 32 | total time: 15.71m | eta: 30.2m
step 01313/03814 (34.43%) | loss: 3.104108 | lrm: 1.00 | dt: 716.52ms | tok/sec: 91,464 | bf16_mfu: 0.00 | epoch: 1 pq: 1 rg: 33 | total time: 15.72m | eta: 30.2m
step 01314/03814 (34.45%) | loss: 3.105725 | lrm: 1.00 | dt: 717.81ms | tok/sec: 91,300 | bf16_mfu: 0.00 | epoch: 1 pq: 1 rg: 33 | total time: 15.73m | eta: 30.2m
step 01315/03814 (34.48%) | loss: 3.108303 | lrm: 1.00 | dt: 717.33ms | tok/sec: 91,361 | bf16_mfu: 0.00 | epoch: 1 pq: 1 rg: 33 | total time: 15.75m | eta: 30.2m
step 01316/03814 (34.50%) | loss: 3.136424 | lrm: 1.00 | dt: 716.60ms | tok/sec: 91,454 | bf16_mfu: 0.00 | epoch: 1 pq: 1 rg: 33 | total time: 15.76m | eta: 30.1m
step 01317/03814 (34.53%) | loss: 3.117940 | lrm: 1.00 | dt: 752.08ms | tok/sec: 87,139 | bf16_mfu: 0.00 | epoch: 1 pq: 1 rg: 33 | total time: 15.77m | eta: 30.1m
step 01318/03814 (34.56%) | loss: 3.114582 | lrm: 1.00 | dt: 729.98ms | tok/sec: 89,777 | bf16_mfu: 0.00 | epoch: 1 pq: 1 rg: 33 | total time: 15.78m | eta: 30.1m
step 01319/03814 (34.58%) | loss: 3.102499 | lrm: 1.00 | dt: 715.09ms | tok/sec: 91,646 | bf16_mfu: 0.00 | epoch: 1 pq: 1 rg: 33 | total time: 15.79m | eta: 30.1m
step 01320/03814 (34.61%) | loss: 3.090940 | lrm: 1.00 | dt: 721.02ms | tok/sec: 90,892 | bf16_mfu: 0.00 | epoch: 1 pq: 1 rg: 33 | total time: 15.81m | eta: 30.1m
step 01321/03814 (34.64%) | loss: 3.100138 | lrm: 1.00 | dt: 719.43ms | tok/sec: 91,093 | bf16_mfu: 0.00 | epoch: 1 pq: 1 rg: 33 | total time: 15.82m | eta: 30.1m
step 01322/03814 (34.66%) | loss: 3.096221 | lrm: 1.00 | dt: 716.74ms | tok/sec: 91,436 | bf16_mfu: 0.00 | epoch: 1 pq: 1 rg: 33 | total time: 15.83m | eta: 30.1m
step 01323/03814 (34.69%) | loss: 3.093296 | lrm: 1.00 | dt: 729.26ms | tok/sec: 89,866 | bf16_mfu: 0.00 | epoch: 1 pq: 1 rg: 33 | total time: 15.84m | eta: 30.1m
step 01324/03814 (34.71%) | loss: 3.084984 | lrm: 1.00 | dt: 719.99ms | tok/sec: 91,023 | bf16_mfu: 0.00 | epoch: 1 pq: 1 rg: 33 | total time: 15.85m | eta: 30.0m
step 01325/03814 (34.74%) | loss: 3.101055 | lrm: 1.00 | dt: 717.96ms | tok/sec: 91,280 | bf16_mfu: 0.00 | epoch: 1 pq: 1 rg: 34 | total time: 15.87m | eta: 30.0m
step 01326/03814 (34.77%) | loss: 3.096452 | lrm: 1.00 | dt: 721.59ms | tok/sec: 90,821 | bf16_mfu: 0.00 | epoch: 1 pq: 1 rg: 34 | total time: 15.88m | eta: 30.0m
step 01327/03814 (34.79%) | loss: 3.098827 | lrm: 1.00 | dt: 715.49ms | tok/sec: 91,596 | bf16_mfu: 0.00 | epoch: 1 pq: 1 rg: 34 | total time: 15.89m | eta: 30.0m
step 01328/03814 (34.82%) | loss: 3.091190 | lrm: 1.00 | dt: 721.44ms | tok/sec: 90,840 | bf16_mfu: 0.00 | epoch: 1 pq: 1 rg: 34 | total time: 15.90m | eta: 30.0m
step 01329/03814 (34.85%) | loss: 3.109815 | lrm: 1.00 | dt: 733.91ms | tok/sec: 89,297 | bf16_mfu: 0.00 | epoch: 1 pq: 1 rg: 34 | total time: 15.91m | eta: 30.0m
step 01330/03814 (34.87%) | loss: 3.097598 | lrm: 1.00 | dt: 721.21ms | tok/sec: 90,869 | bf16_mfu: 0.00 | epoch: 1 pq: 1 rg: 34 | total time: 15.93m | eta: 30.0m
step 01331/03814 (34.90%) | loss: 3.110696 | lrm: 1.00 | dt: 717.53ms | tok/sec: 91,335 | bf16_mfu: 0.00 | epoch: 1 pq: 1 rg: 34 | total time: 15.94m | eta: 30.0m
step 01332/03814 (34.92%) | loss: 3.112139 | lrm: 1.00 | dt: 715.07ms | tok/sec: 91,649 | bf16_mfu: 0.00 | epoch: 1 pq: 1 rg: 34 | total time: 15.95m | eta: 29.9m
step 01333/03814 (34.95%) | loss: 3.097618 | lrm: 1.00 | dt: 724.56ms | tok/sec: 90,449 | bf16_mfu: 0.00 | epoch: 1 pq: 1 rg: 34 | total time: 15.96m | eta: 29.9m
step 01334/03814 (34.98%) | loss: 3.094659 | lrm: 1.00 | dt: 717.35ms | tok/sec: 91,358 | bf16_mfu: 0.00 | epoch: 1 pq: 1 rg: 34 | total time: 15.97m | eta: 29.9m
step 01335/03814 (35.00%) | loss: 3.098662 | lrm: 1.00 | dt: 720.77ms | tok/sec: 90,924 | bf16_mfu: 0.00 | epoch: 1 pq: 1 rg: 34 | total time: 15.99m | eta: 29.9m
step 01336/03814 (35.03%) | loss: 3.080890 | lrm: 1.00 | dt: 829.01ms | tok/sec: 79,052 | bf16_mfu: 0.00 | epoch: 1 pq: 1 rg: 35 | total time: 16.00m | eta: 29.9m
step 01337/03814 (35.06%) | loss: 3.079344 | lrm: 1.00 | dt: 722.13ms | tok/sec: 90,753 | bf16_mfu: 0.00 | epoch: 1 pq: 1 rg: 35 | total time: 16.01m | eta: 29.9m
step 01338/03814 (35.08%) | loss: 3.103955 | lrm: 1.00 | dt: 733.20ms | tok/sec: 89,383 | bf16_mfu: 0.00 | epoch: 1 pq: 1 rg: 35 | total time: 16.02m | eta: 29.9m
step 01339/03814 (35.11%) | loss: 3.098337 | lrm: 1.00 | dt: 717.89ms | tok/sec: 91,289 | bf16_mfu: 0.00 | epoch: 1 pq: 1 rg: 35 | total time: 16.04m | eta: 29.9m
step 01340/03814 (35.13%) | loss: 3.114820 | lrm: 1.00 | dt: 716.22ms | tok/sec: 91,502 | bf16_mfu: 0.00 | epoch: 1 pq: 1 rg: 35 | total time: 16.05m | eta: 29.9m
step 01341/03814 (35.16%) | loss: 3.113919 | lrm: 1.00 | dt: 717.17ms | tok/sec: 91,381 | bf16_mfu: 0.00 | epoch: 1 pq: 1 rg: 35 | total time: 16.06m | eta: 29.8m
step 01342/03814 (35.19%) | loss: 3.106508 | lrm: 1.00 | dt: 750.73ms | tok/sec: 87,296 | bf16_mfu: 0.00 | epoch: 1 pq: 1 rg: 35 | total time: 16.07m | eta: 29.8m
step 01343/03814 (35.21%) | loss: 3.091784 | lrm: 1.00 | dt: 723.32ms | tok/sec: 90,604 | bf16_mfu: 0.00 | epoch: 1 pq: 1 rg: 35 | total time: 16.08m | eta: 29.8m
step 01344/03814 (35.24%) | loss: 3.101980 | lrm: 1.00 | dt: 719.26ms | tok/sec: 91,115 | bf16_mfu: 0.00 | epoch: 1 pq: 1 rg: 35 | total time: 16.10m | eta: 29.8m
step 01345/03814 (35.26%) | loss: 3.098812 | lrm: 1.00 | dt: 719.86ms | tok/sec: 91,040 | bf16_mfu: 0.00 | epoch: 1 pq: 1 rg: 35 | total time: 16.11m | eta: 29.8m
step 01346/03814 (35.29%) | loss: 3.100947 | lrm: 1.00 | dt: 717.51ms | tok/sec: 91,337 | bf16_mfu: 0.00 | epoch: 1 pq: 1 rg: 35 | total time: 16.12m | eta: 29.8m
step 01347/03814 (35.32%) | loss: 3.103847 | lrm: 1.00 | dt: 729.93ms | tok/sec: 89,784 | bf16_mfu: 0.00 | epoch: 1 pq: 1 rg: 35 | total time: 16.13m | eta: 29.8m
step 01348/03814 (35.34%) | loss: 3.100261 | lrm: 1.00 | dt: 721.15ms | tok/sec: 90,876 | bf16_mfu: 0.00 | epoch: 1 pq: 1 rg: 36 | total time: 16.14m | eta: 29.8m
step 01349/03814 (35.37%) | loss: 3.098755 | lrm: 0.99 | dt: 716.95ms | tok/sec: 91,410 | bf16_mfu: 0.00 | epoch: 1 pq: 1 rg: 36 | total time: 16.16m | eta: 29.7m
step 01350/03814 (35.40%) | loss: 3.104582 | lrm: 0.99 | dt: 718.86ms | tok/sec: 91,167 | bf16_mfu: 0.00 | epoch: 1 pq: 1 rg: 36 | total time: 16.17m | eta: 29.7m
step 01351/03814 (35.42%) | loss: 3.112678 | lrm: 0.99 | dt: 719.87ms | tok/sec: 91,038 | bf16_mfu: 0.00 | epoch: 1 pq: 1 rg: 36 | total time: 16.18m | eta: 29.7m
step 01352/03814 (35.45%) | loss: 3.099152 | lrm: 0.99 | dt: 720.74ms | tok/sec: 90,929 | bf16_mfu: 0.00 | epoch: 1 pq: 1 rg: 36 | total time: 16.19m | eta: 29.7m
step 01353/03814 (35.47%) | loss: 3.093693 | lrm: 0.99 | dt: 718.12ms | tok/sec: 91,260 | bf16_mfu: 0.00 | epoch: 1 pq: 1 rg: 36 | total time: 16.20m | eta: 29.7m
step 01354/03814 (35.50%) | loss: 3.078409 | lrm: 0.99 | dt: 746.05ms | tok/sec: 87,844 | bf16_mfu: 0.00 | epoch: 1 pq: 1 rg: 36 | total time: 16.22m | eta: 29.7m
step 01355/03814 (35.53%) | loss: 3.065709 | lrm: 0.99 | dt: 724.69ms | tok/sec: 90,433 | bf16_mfu: 0.00 | epoch: 1 pq: 1 rg: 36 | total time: 16.23m | eta: 29.7m
step 01356/03814 (35.55%) | loss: 3.070446 | lrm: 0.99 | dt: 717.88ms | tok/sec: 91,290 | bf16_mfu: 0.00 | epoch: 1 pq: 1 rg: 36 | total time: 16.24m | eta: 29.7m
step 01357/03814 (35.58%) | loss: 3.094763 | lrm: 0.99 | dt: 718.01ms | tok/sec: 91,274 | bf16_mfu: 0.00 | epoch: 1 pq: 1 rg: 36 | total time: 16.25m | eta: 29.6m
step 01358/03814 (35.61%) | loss: 3.079866 | lrm: 0.99 | dt: 776.94ms | tok/sec: 84,351 | bf16_mfu: 0.00 | epoch: 1 pq: 1 rg: 36 | total time: 16.27m | eta: 29.6m
step 01359/03814 (35.63%) | loss: 3.088979 | lrm: 0.99 | dt: 725.20ms | tok/sec: 90,369 | bf16_mfu: 0.00 | epoch: 1 pq: 1 rg: 36 | total time: 16.28m | eta: 29.6m
step 01360/03814 (35.66%) | loss: 3.083689 | lrm: 0.99 | dt: 731.41ms | tok/sec: 89,602 | bf16_mfu: 0.00 | epoch: 1 pq: 1 rg: 37 | total time: 16.29m | eta: 29.6m
step 01361/03814 (35.68%) | loss: 3.094557 | lrm: 0.99 | dt: 722.32ms | tok/sec: 90,729 | bf16_mfu: 0.00 | epoch: 1 pq: 1 rg: 37 | total time: 16.30m | eta: 29.6m
step 01362/03814 (35.71%) | loss: 3.076263 | lrm: 0.99 | dt: 717.22ms | tok/sec: 91,375 | bf16_mfu: 0.00 | epoch: 1 pq: 1 rg: 37 | total time: 16.31m | eta: 29.6m
step 01363/03814 (35.74%) | loss: 3.081789 | lrm: 0.99 | dt: 720.96ms | tok/sec: 90,901 | bf16_mfu: 0.00 | epoch: 1 pq: 1 rg: 37 | total time: 16.33m | eta: 29.6m
step 01364/03814 (35.76%) | loss: 3.079963 | lrm: 0.99 | dt: 717.11ms | tok/sec: 91,388 | bf16_mfu: 0.00 | epoch: 1 pq: 1 rg: 37 | total time: 16.34m | eta: 29.6m
step 01365/03814 (35.79%) | loss: 3.076522 | lrm: 0.99 | dt: 722.89ms | tok/sec: 90,657 | bf16_mfu: 0.00 | epoch: 1 pq: 1 rg: 37 | total time: 16.35m | eta: 29.6m
step 01366/03814 (35.82%) | loss: 3.066786 | lrm: 0.99 | dt: 726.17ms | tok/sec: 90,249 | bf16_mfu: 0.00 | epoch: 1 pq: 1 rg: 37 | total time: 16.36m | eta: 29.5m
step 01367/03814 (35.84%) | loss: 3.070091 | lrm: 0.99 | dt: 724.30ms | tok/sec: 90,481 | bf16_mfu: 0.00 | epoch: 1 pq: 1 rg: 37 | total time: 16.37m | eta: 29.5m
step 01368/03814 (35.87%) | loss: 3.077834 | lrm: 0.99 | dt: 716.98ms | tok/sec: 91,405 | bf16_mfu: 0.00 | epoch: 1 pq: 1 rg: 37 | total time: 16.39m | eta: 29.5m
step 01369/03814 (35.89%) | loss: 3.069256 | lrm: 0.99 | dt: 723.11ms | tok/sec: 90,630 | bf16_mfu: 0.00 | epoch: 1 pq: 1 rg: 37 | total time: 16.40m | eta: 29.5m
step 01370/03814 (35.92%) | loss: 3.084817 | lrm: 0.99 | dt: 717.04ms | tok/sec: 91,397 | bf16_mfu: 0.00 | epoch: 1 pq: 1 rg: 37 | total time: 16.41m | eta: 29.5m
step 01371/03814 (35.95%) | loss: 3.068723 | lrm: 0.99 | dt: 748.08ms | tok/sec: 87,606 | bf16_mfu: 0.00 | epoch: 1 pq: 1 rg: 38 | total time: 16.42m | eta: 29.5m
step 01372/03814 (35.97%) | loss: 3.056395 | lrm: 0.99 | dt: 725.05ms | tok/sec: 90,388 | bf16_mfu: 0.00 | epoch: 1 pq: 1 rg: 38 | total time: 16.44m | eta: 29.5m
step 01373/03814 (36.00%) | loss: 3.075456 | lrm: 0.99 | dt: 718.88ms | tok/sec: 91,163 | bf16_mfu: 0.00 | epoch: 1 pq: 1 rg: 38 | total time: 16.45m | eta: 29.5m
step 01374/03814 (36.03%) | loss: 3.080755 | lrm: 0.99 | dt: 720.13ms | tok/sec: 91,005 | bf16_mfu: 0.00 | epoch: 1 pq: 1 rg: 38 | total time: 16.46m | eta: 29.4m
step 01375/03814 (36.05%) | loss: 3.074772 | lrm: 0.98 | dt: 723.89ms | tok/sec: 90,533 | bf16_mfu: 0.00 | epoch: 1 pq: 1 rg: 38 | total time: 16.47m | eta: 29.4m
step 01376/03814 (36.08%) | loss: 3.066122 | lrm: 0.98 | dt: 771.02ms | tok/sec: 84,998 | bf16_mfu: 0.00 | epoch: 1 pq: 1 rg: 38 | total time: 16.48m | eta: 29.4m
step 01377/03814 (36.10%) | loss: 3.051268 | lrm: 0.98 | dt: 719.16ms | tok/sec: 91,128 | bf16_mfu: 0.00 | epoch: 1 pq: 1 rg: 38 | total time: 16.50m | eta: 29.4m
step 01378/03814 (36.13%) | loss: 3.042221 | lrm: 0.98 | dt: 719.48ms | tok/sec: 91,088 | bf16_mfu: 0.00 | epoch: 1 pq: 1 rg: 38 | total time: 16.51m | eta: 29.4m
step 01379/03814 (36.16%) | loss: 3.050910 | lrm: 0.98 | dt: 721.10ms | tok/sec: 90,883 | bf16_mfu: 0.00 | epoch: 1 pq: 1 rg: 38 | total time: 16.52m | eta: 29.4m
step 01380/03814 (36.18%) | loss: 3.045408 | lrm: 0.98 | dt: 717.44ms | tok/sec: 91,346 | bf16_mfu: 0.00 | epoch: 1 pq: 1 rg: 38 | total time: 16.53m | eta: 29.4m
step 01381/03814 (36.21%) | loss: 3.034194 | lrm: 0.98 | dt: 722.80ms | tok/sec: 90,670 | bf16_mfu: 0.00 | epoch: 1 pq: 1 rg: 38 | total time: 16.54m | eta: 29.4m
step 01382/03814 (36.23%) | loss: 3.037633 | lrm: 0.98 | dt: 717.64ms | tok/sec: 91,321 | bf16_mfu: 0.00 | epoch: 1 pq: 1 rg: 38 | total time: 16.56m | eta: 29.3m
step 01383/03814 (36.26%) | loss: 3.041363 | lrm: 0.98 | dt: 736.63ms | tok/sec: 88,967 | bf16_mfu: 0.00 | epoch: 1 pq: 1 rg: 39 | total time: 16.57m | eta: 29.3m
step 01384/03814 (36.29%) | loss: 3.032882 | lrm: 0.98 | dt: 720.77ms | tok/sec: 90,924 | bf16_mfu: 0.00 | epoch: 1 pq: 1 rg: 39 | total time: 16.58m | eta: 29.3m
step 01385/03814 (36.31%) | loss: 3.034009 | lrm: 0.98 | dt: 723.72ms | tok/sec: 90,554 | bf16_mfu: 0.00 | epoch: 1 pq: 1 rg: 39 | total time: 16.59m | eta: 29.3m
step 01386/03814 (36.34%) | loss: 3.039154 | lrm: 0.98 | dt: 722.44ms | tok/sec: 90,715 | bf16_mfu: 0.00 | epoch: 1 pq: 1 rg: 39 | total time: 16.60m | eta: 29.3m
step 01387/03814 (36.37%) | loss: 3.024467 | lrm: 0.98 | dt: 720.56ms | tok/sec: 90,951 | bf16_mfu: 0.00 | epoch: 1 pq: 1 rg: 39 | total time: 16.62m | eta: 29.3m
step 01388/03814 (36.39%) | loss: 3.026008 | lrm: 0.98 | dt: 721.04ms | tok/sec: 90,890 | bf16_mfu: 0.00 | epoch: 1 pq: 1 rg: 39 | total time: 16.63m | eta: 29.3m
step 01389/03814 (36.42%) | loss: 3.043088 | lrm: 0.98 | dt: 717.71ms | tok/sec: 91,312 | bf16_mfu: 0.00 | epoch: 1 pq: 1 rg: 39 | total time: 16.64m | eta: 29.3m
step 01390/03814 (36.44%) | loss: 3.030209 | lrm: 0.98 | dt: 723.96ms | tok/sec: 90,524 | bf16_mfu: 0.00 | epoch: 1 pq: 1 rg: 39 | total time: 16.65m | eta: 29.3m
step 01391/03814 (36.47%) | loss: 3.040935 | lrm: 0.98 | dt: 721.54ms | tok/sec: 90,828 | bf16_mfu: 0.00 | epoch: 1 pq: 1 rg: 39 | total time: 16.66m | eta: 29.2m
step 01392/03814 (36.50%) | loss: 3.052243 | lrm: 0.98 | dt: 722.80ms | tok/sec: 90,669 | bf16_mfu: 0.00 | epoch: 1 pq: 1 rg: 39 | total time: 16.68m | eta: 29.2m
step 01393/03814 (36.52%) | loss: 3.066500 | lrm: 0.98 | dt: 739.68ms | tok/sec: 88,600 | bf16_mfu: 0.00 | epoch: 1 pq: 1 rg: 39 | total time: 16.69m | eta: 29.2m
step 01394/03814 (36.55%) | loss: 3.043276 | lrm: 0.98 | dt: 723.04ms | tok/sec: 90,639 | bf16_mfu: 0.00 | epoch: 1 pq: 1 rg: 39 | total time: 16.70m | eta: 29.2m
step 01395/03814 (36.58%) | loss: 3.050886 | lrm: 0.98 | dt: 728.54ms | tok/sec: 89,954 | bf16_mfu: 0.00 | epoch: 1 pq: 1 rg: 40 | total time: 16.71m | eta: 29.2m
step 01396/03814 (36.60%) | loss: 3.040513 | lrm: 0.98 | dt: 717.66ms | tok/sec: 91,318 | bf16_mfu: 0.00 | epoch: 1 pq: 1 rg: 40 | total time: 16.72m | eta: 29.2m
step 01397/03814 (36.63%) | loss: 3.031950 | lrm: 0.98 | dt: 719.37ms | tok/sec: 91,102 | bf16_mfu: 0.00 | epoch: 1 pq: 1 rg: 40 | total time: 16.74m | eta: 29.2m
step 01398/03814 (36.65%) | loss: 3.045440 | lrm: 0.98 | dt: 739.19ms | tok/sec: 88,659 | bf16_mfu: 0.00 | epoch: 1 pq: 1 rg: 40 | total time: 16.75m | eta: 29.2m
step 01399/03814 (36.68%) | loss: 3.050149 | lrm: 0.98 | dt: 718.45ms | tok/sec: 91,218 | bf16_mfu: 0.00 | epoch: 1 pq: 1 rg: 40 | total time: 16.76m | eta: 29.1m
step 01400/03814 (36.71%) | loss: 3.058437 | lrm: 0.98 | dt: 716.24ms | tok/sec: 91,499 | bf16_mfu: 0.00 | epoch: 1 pq: 1 rg: 40 | total time: 16.77m | eta: 29.1m
step 01401/03814 (36.73%) | loss: 3.057706 | lrm: 0.97 | dt: 724.65ms | tok/sec: 90,437 | bf16_mfu: 0.00 | epoch: 1 pq: 1 rg: 40 | total time: 16.79m | eta: 29.1m
step 01402/03814 (36.76%) | loss: 3.061311 | lrm: 0.97 | dt: 718.38ms | tok/sec: 91,227 | bf16_mfu: 0.00 | epoch: 1 pq: 1 rg: 40 | total time: 16.80m | eta: 29.1m
step 01403/03814 (36.79%) | loss: 3.032905 | lrm: 0.97 | dt: 714.56ms | tok/sec: 91,714 | bf16_mfu: 0.00 | epoch: 1 pq: 1 rg: 40 | total time: 16.81m | eta: 29.1m
step 01404/03814 (36.81%) | loss: 3.044910 | lrm: 0.97 | dt: 719.30ms | tok/sec: 91,110 | bf16_mfu: 0.00 | epoch: 1 pq: 1 rg: 40 | total time: 16.82m | eta: 29.1m
step 01405/03814 (36.84%) | loss: 3.027615 | lrm: 0.97 | dt: 724.29ms | tok/sec: 90,482 | bf16_mfu: 0.00 | epoch: 1 pq: 1 rg: 40 | total time: 16.83m | eta: 29.1m
step 01406/03814 (36.86%) | loss: 3.018641 | lrm: 0.97 | dt: 780.99ms | tok/sec: 83,914 | bf16_mfu: 0.00 | epoch: 1 pq: 1 rg: 41 | total time: 16.85m | eta: 29.1m
step 01407/03814 (36.89%) | loss: 3.026101 | lrm: 0.97 | dt: 722.67ms | tok/sec: 90,686 | bf16_mfu: 0.00 | epoch: 1 pq: 1 rg: 41 | total time: 16.86m | eta: 29.0m
step 01408/03814 (36.92%) | loss: 3.037631 | lrm: 0.97 | dt: 721.21ms | tok/sec: 90,870 | bf16_mfu: 0.00 | epoch: 1 pq: 1 rg: 41 | total time: 16.87m | eta: 29.0m
step 01409/03814 (36.94%) | loss: 3.048922 | lrm: 0.97 | dt: 728.65ms | tok/sec: 89,941 | bf16_mfu: 0.00 | epoch: 1 pq: 1 rg: 41 | total time: 16.88m | eta: 29.0m
step 01410/03814 (36.97%) | loss: 3.037901 | lrm: 0.97 | dt: 718.26ms | tok/sec: 91,242 | bf16_mfu: 0.00 | epoch: 1 pq: 1 rg: 41 | total time: 16.89m | eta: 29.0m
step 01411/03814 (37.00%) | loss: 3.047692 | lrm: 0.97 | dt: 753.45ms | tok/sec: 86,981 | bf16_mfu: 0.00 | epoch: 1 pq: 1 rg: 41 | total time: 16.91m | eta: 29.0m
step 01412/03814 (37.02%) | loss: 3.037006 | lrm: 0.97 | dt: 714.32ms | tok/sec: 91,745 | bf16_mfu: 0.00 | epoch: 1 pq: 1 rg: 41 | total time: 16.92m | eta: 29.0m
step 01413/03814 (37.05%) | loss: 3.042775 | lrm: 0.97 | dt: 717.55ms | tok/sec: 91,332 | bf16_mfu: 0.00 | epoch: 1 pq: 1 rg: 41 | total time: 16.93m | eta: 29.0m
step 01414/03814 (37.07%) | loss: 3.057433 | lrm: 0.97 | dt: 717.63ms | tok/sec: 91,322 | bf16_mfu: 0.00 | epoch: 1 pq: 1 rg: 41 | total time: 16.94m | eta: 29.0m
step 01415/03814 (37.10%) | loss: 3.040731 | lrm: 0.97 | dt: 719.48ms | tok/sec: 91,088 | bf16_mfu: 0.00 | epoch: 1 pq: 1 rg: 41 | total time: 16.95m | eta: 28.9m
step 01416/03814 (37.13%) | loss: 3.047213 | lrm: 0.97 | dt: 716.55ms | tok/sec: 91,460 | bf16_mfu: 0.00 | epoch: 1 pq: 1 rg: 41 | total time: 16.97m | eta: 28.9m
step 01417/03814 (37.15%) | loss: 3.049312 | lrm: 0.97 | dt: 717.60ms | tok/sec: 91,326 | bf16_mfu: 0.00 | epoch: 1 pq: 1 rg: 41 | total time: 16.98m | eta: 28.9m
step 01418/03814 (37.18%) | loss: 3.028059 | lrm: 0.97 | dt: 715.94ms | tok/sec: 91,538 | bf16_mfu: 0.00 | epoch: 1 pq: 1 rg: 42 | total time: 16.99m | eta: 28.9m
step 01419/03814 (37.21%) | loss: 3.030561 | lrm: 0.97 | dt: 716.12ms | tok/sec: 91,515 | bf16_mfu: 0.00 | epoch: 1 pq: 1 rg: 42 | total time: 17.00m | eta: 28.9m
step 01420/03814 (37.23%) | loss: 3.032427 | lrm: 0.97 | dt: 837.54ms | tok/sec: 78,247 | bf16_mfu: 0.00 | epoch: 1 pq: 1 rg: 42 | total time: 17.02m | eta: 28.9m
step 01421/03814 (37.26%) | loss: 3.032120 | lrm: 0.97 | dt: 718.83ms | tok/sec: 91,170 | bf16_mfu: 0.00 | epoch: 1 pq: 1 rg: 42 | total time: 17.03m | eta: 28.9m
step 01422/03814 (37.28%) | loss: 3.037017 | lrm: 0.97 | dt: 715.00ms | tok/sec: 91,658 | bf16_mfu: 0.00 | epoch: 1 pq: 1 rg: 42 | total time: 17.04m | eta: 28.9m
step 01423/03814 (37.31%) | loss: 3.049510 | lrm: 0.97 | dt: 714.30ms | tok/sec: 91,748 | bf16_mfu: 0.00 | epoch: 1 pq: 1 rg: 42 | total time: 17.05m | eta: 28.9m
step 01424/03814 (37.34%) | loss: 3.062097 | lrm: 0.97 | dt: 717.12ms | tok/sec: 91,387 | bf16_mfu: 0.00 | epoch: 1 pq: 1 rg: 42 | total time: 17.06m | eta: 28.8m
step 01425/03814 (37.36%) | loss: 3.059527 | lrm: 0.97 | dt: 715.48ms | tok/sec: 91,596 | bf16_mfu: 0.00 | epoch: 1 pq: 1 rg: 42 | total time: 17.08m | eta: 28.8m
step 01426/03814 (37.39%) | loss: 3.060763 | lrm: 0.97 | dt: 719.64ms | tok/sec: 91,067 | bf16_mfu: 0.00 | epoch: 1 pq: 1 rg: 42 | total time: 17.09m | eta: 28.8m
step 01427/03814 (37.41%) | loss: 3.075053 | lrm: 0.96 | dt: 718.97ms | tok/sec: 91,152 | bf16_mfu: 0.00 | epoch: 1 pq: 1 rg: 42 | total time: 17.10m | eta: 28.8m
step 01428/03814 (37.44%) | loss: 3.069422 | lrm: 0.96 | dt: 717.23ms | tok/sec: 91,373 | bf16_mfu: 0.00 | epoch: 1 pq: 1 rg: 42 | total time: 17.11m | eta: 28.8m
step 01429/03814 (37.47%) | loss: 3.073013 | lrm: 0.96 | dt: 714.12ms | tok/sec: 91,771 | bf16_mfu: 0.00 | epoch: 1 pq: 1 rg: 42 | total time: 17.12m | eta: 28.8m
step 01430/03814 (37.49%) | loss: 3.099637 | lrm: 0.96 | dt: 712.61ms | tok/sec: 91,965 | bf16_mfu: 0.00 | epoch: 1 pq: 1 rg: 43 | total time: 17.14m | eta: 28.8m
step 01431/03814 (37.52%) | loss: 3.088723 | lrm: 0.96 | dt: 718.57ms | tok/sec: 91,202 | bf16_mfu: 0.00 | epoch: 1 pq: 1 rg: 43 | total time: 17.15m | eta: 28.8m
step 01432/03814 (37.55%) | loss: 3.077133 | lrm: 0.96 | dt: 716.17ms | tok/sec: 91,509 | bf16_mfu: 0.00 | epoch: 1 pq: 1 rg: 43 | total time: 17.16m | eta: 28.7m
step 01433/03814 (37.57%) | loss: 3.076221 | lrm: 0.96 | dt: 720.74ms | tok/sec: 90,928 | bf16_mfu: 0.00 | epoch: 1 pq: 1 rg: 43 | total time: 17.17m | eta: 28.7m
step 01434/03814 (37.60%) | loss: 3.063190 | lrm: 0.96 | dt: 716.00ms | tok/sec: 91,530 | bf16_mfu: 0.00 | epoch: 1 pq: 1 rg: 43 | total time: 17.18m | eta: 28.7m
step 01435/03814 (37.62%) | loss: 3.060894 | lrm: 0.96 | dt: 712.83ms | tok/sec: 91,938 | bf16_mfu: 0.00 | epoch: 1 pq: 1 rg: 43 | total time: 17.20m | eta: 28.7m
step 01436/03814 (37.65%) | loss: 3.074297 | lrm: 0.96 | dt: 717.99ms | tok/sec: 91,277 | bf16_mfu: 0.00 | epoch: 1 pq: 1 rg: 43 | total time: 17.21m | eta: 28.7m
step 01437/03814 (37.68%) | loss: 3.051973 | lrm: 0.96 | dt: 711.89ms | tok/sec: 92,059 | bf16_mfu: 0.00 | epoch: 1 pq: 1 rg: 43 | total time: 17.22m | eta: 28.7m
step 01438/03814 (37.70%) | loss: 3.051224 | lrm: 0.96 | dt: 714.66ms | tok/sec: 91,702 | bf16_mfu: 0.00 | epoch: 1 pq: 1 rg: 43 | total time: 17.23m | eta: 28.7m
step 01439/03814 (37.73%) | loss: 3.058512 | lrm: 0.96 | dt: 717.88ms | tok/sec: 91,291 | bf16_mfu: 0.00 | epoch: 1 pq: 1 rg: 43 | total time: 17.24m | eta: 28.7m
step 01440/03814 (37.76%) | loss: 3.044732 | lrm: 0.96 | dt: 714.86ms | tok/sec: 91,677 | bf16_mfu: 0.00 | epoch: 1 pq: 1 rg: 43 | total time: 17.26m | eta: 28.6m
step 01441/03814 (37.78%) | loss: 3.031910 | lrm: 0.96 | dt: 711.61ms | tok/sec: 92,095 | bf16_mfu: 0.00 | epoch: 1 pq: 1 rg: 43 | total time: 17.27m | eta: 28.6m
step 01442/03814 (37.81%) | loss: 3.040638 | lrm: 0.96 | dt: 718.19ms | tok/sec: 91,252 | bf16_mfu: 0.00 | epoch: 1 pq: 1 rg: 44 | total time: 17.28m | eta: 28.6m
step 01443/03814 (37.83%) | loss: 3.044578 | lrm: 0.96 | dt: 720.89ms | tok/sec: 90,909 | bf16_mfu: 0.00 | epoch: 1 pq: 1 rg: 44 | total time: 17.29m | eta: 28.6m
step 01444/03814 (37.86%) | loss: 3.040896 | lrm: 0.96 | dt: 716.33ms | tok/sec: 91,489 | bf16_mfu: 0.00 | epoch: 1 pq: 1 rg: 44 | total time: 17.30m | eta: 28.6m
step 01445/03814 (37.89%) | loss: 3.048200 | lrm: 0.96 | dt: 716.83ms | tok/sec: 91,424 | bf16_mfu: 0.00 | epoch: 1 pq: 1 rg: 44 | total time: 17.31m | eta: 28.6m
step 01446/03814 (37.91%) | loss: 3.040962 | lrm: 0.96 | dt: 735.65ms | tok/sec: 89,086 | bf16_mfu: 0.00 | epoch: 1 pq: 1 rg: 44 | total time: 17.33m | eta: 28.6m
step 01447/03814 (37.94%) | loss: 3.029557 | lrm: 0.96 | dt: 713.66ms | tok/sec: 91,831 | bf16_mfu: 0.00 | epoch: 1 pq: 1 rg: 44 | total time: 17.34m | eta: 28.6m
step 01448/03814 (37.97%) | loss: 3.031418 | lrm: 0.96 | dt: 719.66ms | tok/sec: 91,065 | bf16_mfu: 0.00 | epoch: 1 pq: 1 rg: 44 | total time: 17.35m | eta: 28.5m
step 01449/03814 (37.99%) | loss: 3.029445 | lrm: 0.96 | dt: 713.06ms | tok/sec: 91,908 | bf16_mfu: 0.00 | epoch: 1 pq: 1 rg: 44 | total time: 17.36m | eta: 28.5m
step 01450/03814 (38.02%) | loss: 3.008829 | lrm: 0.96 | dt: 714.23ms | tok/sec: 91,757 | bf16_mfu: 0.00 | epoch: 1 pq: 1 rg: 44 | total time: 17.37m | eta: 28.5m
step 01451/03814 (38.04%) | loss: 3.046639 | lrm: 0.96 | dt: 730.12ms | tok/sec: 89,760 | bf16_mfu: 0.00 | epoch: 1 pq: 1 rg: 44 | total time: 17.39m | eta: 28.5m
step 01452/03814 (38.07%) | loss: 3.041091 | lrm: 0.96 | dt: 716.51ms | tok/sec: 91,465 | bf16_mfu: 0.00 | epoch: 1 pq: 1 rg: 44 | total time: 17.40m | eta: 28.5m
step 01453/03814 (38.10%) | loss: 3.030815 | lrm: 0.95 | dt: 715.25ms | tok/sec: 91,626 | bf16_mfu: 0.00 | epoch: 1 pq: 1 rg: 44 | total time: 17.41m | eta: 28.5m
step 01454/03814 (38.12%) | loss: 3.030663 | lrm: 0.95 | dt: 736.83ms | tok/sec: 88,943 | bf16_mfu: 0.00 | epoch: 1 pq: 1 rg: 45 | total time: 17.42m | eta: 28.5m
step 01455/03814 (38.15%) | loss: 3.029088 | lrm: 0.95 | dt: 744.10ms | tok/sec: 88,073 | bf16_mfu: 0.00 | epoch: 1 pq: 1 rg: 45 | total time: 17.44m | eta: 28.5m
step 01456/03814 (38.18%) | loss: 3.017382 | lrm: 0.95 | dt: 715.24ms | tok/sec: 91,628 | bf16_mfu: 0.00 | epoch: 1 pq: 1 rg: 45 | total time: 17.45m | eta: 28.5m
step 01457/03814 (38.20%) | loss: 3.017976 | lrm: 0.95 | dt: 716.48ms | tok/sec: 91,469 | bf16_mfu: 0.00 | epoch: 1 pq: 1 rg: 45 | total time: 17.46m | eta: 28.4m
step 01458/03814 (38.23%) | loss: 3.035367 | lrm: 0.95 | dt: 721.62ms | tok/sec: 90,817 | bf16_mfu: 0.00 | epoch: 1 pq: 1 rg: 45 | total time: 17.47m | eta: 28.4m
step 01459/03814 (38.25%) | loss: 3.017491 | lrm: 0.95 | dt: 712.30ms | tok/sec: 92,005 | bf16_mfu: 0.00 | epoch: 1 pq: 1 rg: 45 | total time: 17.48m | eta: 28.4m
step 01460/03814 (38.28%) | loss: 3.024723 | lrm: 0.95 | dt: 713.35ms | tok/sec: 91,870 | bf16_mfu: 0.00 | epoch: 1 pq: 1 rg: 45 | total time: 17.50m | eta: 28.4m
step 01461/03814 (38.31%) | loss: 3.025830 | lrm: 0.95 | dt: 722.22ms | tok/sec: 90,742 | bf16_mfu: 0.00 | epoch: 1 pq: 1 rg: 45 | total time: 17.51m | eta: 28.4m
step 01462/03814 (38.33%) | loss: 3.003829 | lrm: 0.95 | dt: 713.14ms | tok/sec: 91,897 | bf16_mfu: 0.00 | epoch: 1 pq: 1 rg: 45 | total time: 17.52m | eta: 28.4m
step 01463/03814 (38.36%) | loss: 3.002134 | lrm: 0.95 | dt: 713.38ms | tok/sec: 91,867 | bf16_mfu: 0.00 | epoch: 1 pq: 1 rg: 45 | total time: 17.53m | eta: 28.4m
step 01464/03814 (38.38%) | loss: 3.014013 | lrm: 0.95 | dt: 707.52ms | tok/sec: 92,628 | bf16_mfu: 0.00 | epoch: 1 pq: 1 rg: 45 | total time: 17.54m | eta: 28.4m
step 01465/03814 (38.41%) | loss: 2.992437 | lrm: 0.95 | dt: 729.53ms | tok/sec: 89,833 | bf16_mfu: 0.00 | epoch: 1 pq: 1 rg: 46 | total time: 17.56m | eta: 28.3m
step 01466/03814 (38.44%) | loss: 2.993168 | lrm: 0.95 | dt: 708.79ms | tok/sec: 92,462 | bf16_mfu: 0.00 | epoch: 1 pq: 1 rg: 46 | total time: 17.57m | eta: 28.3m
step 01467/03814 (38.46%) | loss: 3.027201 | lrm: 0.95 | dt: 707.66ms | tok/sec: 92,608 | bf16_mfu: 0.00 | epoch: 1 pq: 1 rg: 46 | total time: 17.58m | eta: 28.3m
step 01468/03814 (38.49%) | loss: 3.016475 | lrm: 0.95 | dt: 718.03ms | tok/sec: 91,272 | bf16_mfu: 0.00 | epoch: 1 pq: 1 rg: 46 | total time: 17.59m | eta: 28.3m
step 01469/03814 (38.52%) | loss: 3.016641 | lrm: 0.95 | dt: 714.18ms | tok/sec: 91,764 | bf16_mfu: 0.00 | epoch: 1 pq: 1 rg: 46 | total time: 17.60m | eta: 28.3m
step 01470/03814 (38.54%) | loss: 3.029173 | lrm: 0.95 | dt: 730.87ms | tok/sec: 89,668 | bf16_mfu: 0.00 | epoch: 1 pq: 1 rg: 46 | total time: 17.61m | eta: 28.3m
step 01471/03814 (38.57%) | loss: 3.012102 | lrm: 0.95 | dt: 713.18ms | tok/sec: 91,892 | bf16_mfu: 0.00 | epoch: 1 pq: 1 rg: 46 | total time: 17.63m | eta: 28.3m
step 01472/03814 (38.59%) | loss: 3.008923 | lrm: 0.95 | dt: 715.96ms | tok/sec: 91,535 | bf16_mfu: 0.00 | epoch: 1 pq: 1 rg: 46 | total time: 17.64m | eta: 28.3m
step 01473/03814 (38.62%) | loss: 3.039835 | lrm: 0.95 | dt: 712.73ms | tok/sec: 91,950 | bf16_mfu: 0.00 | epoch: 1 pq: 1 rg: 46 | total time: 17.65m | eta: 28.2m
step 01474/03814 (38.65%) | loss: 3.042749 | lrm: 0.95 | dt: 709.47ms | tok/sec: 92,372 | bf16_mfu: 0.00 | epoch: 1 pq: 1 rg: 46 | total time: 17.66m | eta: 28.2m
step 01475/03814 (38.67%) | loss: 3.034145 | lrm: 0.95 | dt: 711.48ms | tok/sec: 92,112 | bf16_mfu: 0.00 | epoch: 1 pq: 1 rg: 46 | total time: 17.67m | eta: 28.2m
step 01476/03814 (38.70%) | loss: 3.046279 | lrm: 0.95 | dt: 713.39ms | tok/sec: 91,865 | bf16_mfu: 0.00 | epoch: 1 pq: 1 rg: 46 | total time: 17.69m | eta: 28.2m
step 01477/03814 (38.73%) | loss: 3.049765 | lrm: 0.95 | dt: 777.10ms | tok/sec: 84,333 | bf16_mfu: 0.00 | epoch: 1 pq: 1 rg: 47 | total time: 17.70m | eta: 28.2m
step 01478/03814 (38.75%) | loss: 3.033157 | lrm: 0.95 | dt: 713.16ms | tok/sec: 91,895 | bf16_mfu: 0.00 | epoch: 1 pq: 1 rg: 47 | total time: 17.71m | eta: 28.2m
step 01479/03814 (38.78%) | loss: 3.040962 | lrm: 0.94 | dt: 711.86ms | tok/sec: 92,062 | bf16_mfu: 0.00 | epoch: 1 pq: 1 rg: 47 | total time: 17.72m | eta: 28.2m
step 01480/03814 (38.80%) | loss: 3.014259 | lrm: 0.94 | dt: 713.97ms | tok/sec: 91,791 | bf16_mfu: 0.00 | epoch: 1 pq: 1 rg: 47 | total time: 17.73m | eta: 28.2m
step 01481/03814 (38.83%) | loss: 3.008806 | lrm: 0.94 | dt: 713.72ms | tok/sec: 91,823 | bf16_mfu: 0.00 | epoch: 1 pq: 1 rg: 47 | total time: 17.75m | eta: 28.1m
step 01482/03814 (38.86%) | loss: 3.009189 | lrm: 0.94 | dt: 719.31ms | tok/sec: 91,109 | bf16_mfu: 0.00 | epoch: 1 pq: 1 rg: 47 | total time: 17.76m | eta: 28.1m
step 01483/03814 (38.88%) | loss: 2.990039 | lrm: 0.94 | dt: 712.42ms | tok/sec: 91,990 | bf16_mfu: 0.00 | epoch: 1 pq: 1 rg: 47 | total time: 17.77m | eta: 28.1m
step 01484/03814 (38.91%) | loss: 2.975567 | lrm: 0.94 | dt: 711.87ms | tok/sec: 92,061 | bf16_mfu: 0.00 | epoch: 1 pq: 1 rg: 47 | total time: 17.78m | eta: 28.1m
step 01485/03814 (38.94%) | loss: 2.991593 | lrm: 0.94 | dt: 709.42ms | tok/sec: 92,379 | bf16_mfu: 0.00 | epoch: 1 pq: 1 rg: 47 | total time: 17.79m | eta: 28.1m
step 01486/03814 (38.96%) | loss: 2.993574 | lrm: 0.94 | dt: 719.03ms | tok/sec: 91,145 | bf16_mfu: 0.00 | epoch: 1 pq: 1 rg: 47 | total time: 17.81m | eta: 28.1m
step 01487/03814 (38.99%) | loss: 2.999684 | lrm: 0.94 | dt: 710.70ms | tok/sec: 92,213 | bf16_mfu: 0.00 | epoch: 1 pq: 1 rg: 47 | total time: 17.82m | eta: 28.1m
step 01488/03814 (39.01%) | loss: 2.990671 | lrm: 0.94 | dt: 754.35ms | tok/sec: 86,877 | bf16_mfu: 0.00 | epoch: 1 pq: 1 rg: 47 | total time: 17.83m | eta: 28.1m
step 01489/03814 (39.04%) | loss: 2.969219 | lrm: 0.94 | dt: 736.34ms | tok/sec: 89,002 | bf16_mfu: 0.00 | epoch: 1 pq: 1 rg: 48 | total time: 17.84m | eta: 28.0m
step 01490/03814 (39.07%) | loss: 2.956000 | lrm: 0.94 | dt: 711.33ms | tok/sec: 92,132 | bf16_mfu: 0.00 | epoch: 1 pq: 1 rg: 48 | total time: 17.85m | eta: 28.0m
step 01491/03814 (39.09%) | loss: 2.959730 | lrm: 0.94 | dt: 761.51ms | tok/sec: 86,060 | bf16_mfu: 0.00 | epoch: 1 pq: 1 rg: 48 | total time: 17.87m | eta: 28.0m
step 01492/03814 (39.12%) | loss: 2.985622 | lrm: 0.94 | dt: 738.31ms | tok/sec: 88,765 | bf16_mfu: 0.00 | epoch: 1 pq: 1 rg: 48 | total time: 17.88m | eta: 28.0m
step 01493/03814 (39.15%) | loss: 2.966065 | lrm: 0.94 | dt: 707.52ms | tok/sec: 92,627 | bf16_mfu: 0.00 | epoch: 1 pq: 1 rg: 48 | total time: 17.89m | eta: 28.0m
step 01494/03814 (39.17%) | loss: 2.991820 | lrm: 0.94 | dt: 708.55ms | tok/sec: 92,493 | bf16_mfu: 0.00 | epoch: 1 pq: 1 rg: 48 | total time: 17.90m | eta: 28.0m
step 01495/03814 (39.20%) | loss: 2.997165 | lrm: 0.94 | dt: 708.03ms | tok/sec: 92,560 | bf16_mfu: 0.00 | epoch: 1 pq: 1 rg: 48 | total time: 17.91m | eta: 28.0m
step 01496/03814 (39.22%) | loss: 2.988555 | lrm: 0.94 | dt: 709.91ms | tok/sec: 92,315 | bf16_mfu: 0.00 | epoch: 1 pq: 1 rg: 48 | total time: 17.93m | eta: 28.0m
step 01497/03814 (39.25%) | loss: 2.988085 | lrm: 0.94 | dt: 710.19ms | tok/sec: 92,279 | bf16_mfu: 0.00 | epoch: 1 pq: 1 rg: 48 | total time: 17.94m | eta: 28.0m
step 01498/03814 (39.28%) | loss: 2.977883 | lrm: 0.94 | dt: 710.55ms | tok/sec: 92,233 | bf16_mfu: 0.00 | epoch: 1 pq: 1 rg: 48 | total time: 17.95m | eta: 27.9m
step 01499/03814 (39.30%) | loss: 2.976373 | lrm: 0.94 | dt: 708.68ms | tok/sec: 92,476 | bf16_mfu: 0.00 | epoch: 1 pq: 1 rg: 48 | total time: 17.96m | eta: 27.9m
Step 01500 | Validation bpb: 0.885820
step 01500/03814 (39.33%) | loss: 2.988551 | lrm: 0.94 | dt: 709.59ms | tok/sec: 92,358 | bf16_mfu: 0.00 | epoch: 1 pq: 1 rg: 48 | total time: 17.97m | eta: 27.9m
step 01501/03814 (39.36%) | loss: 3.002817 | lrm: 0.94 | dt: 771.83ms | tok/sec: 84,910 | bf16_mfu: 0.00 | epoch: 1 pq: 1 rg: 49 | total time: 17.99m | eta: 27.9m
step 01502/03814 (39.38%) | loss: 2.982352 | lrm: 0.94 | dt: 705.41ms | tok/sec: 92,904 | bf16_mfu: 0.00 | epoch: 1 pq: 1 rg: 49 | total time: 18.00m | eta: 27.9m
step 01503/03814 (39.41%) | loss: 2.990372 | lrm: 0.94 | dt: 706.65ms | tok/sec: 92,742 | bf16_mfu: 0.00 | epoch: 1 pq: 1 rg: 49 | total time: 18.01m | eta: 27.9m
step 01504/03814 (39.43%) | loss: 2.982835 | lrm: 0.94 | dt: 706.75ms | tok/sec: 92,728 | bf16_mfu: 0.00 | epoch: 1 pq: 1 rg: 49 | total time: 18.02m | eta: 27.9m
step 01505/03814 (39.46%) | loss: 2.995367 | lrm: 0.93 | dt: 712.79ms | tok/sec: 91,943 | bf16_mfu: 0.00 | epoch: 1 pq: 1 rg: 49 | total time: 18.03m | eta: 27.9m
step 01506/03814 (39.49%) | loss: 3.007753 | lrm: 0.93 | dt: 706.51ms | tok/sec: 92,759 | bf16_mfu: 0.00 | epoch: 1 pq: 1 rg: 49 | total time: 18.05m | eta: 27.8m
step 01507/03814 (39.51%) | loss: 3.010566 | lrm: 0.93 | dt: 707.68ms | tok/sec: 92,606 | bf16_mfu: 0.00 | epoch: 1 pq: 1 rg: 49 | total time: 18.06m | eta: 27.8m
step 01508/03814 (39.54%) | loss: 3.002303 | lrm: 0.93 | dt: 708.42ms | tok/sec: 92,510 | bf16_mfu: 0.00 | epoch: 1 pq: 1 rg: 49 | total time: 18.07m | eta: 27.8m
step 01509/03814 (39.56%) | loss: 3.005386 | lrm: 0.93 | dt: 710.72ms | tok/sec: 92,210 | bf16_mfu: 0.00 | epoch: 1 pq: 1 rg: 49 | total time: 18.08m | eta: 27.8m
step 01510/03814 (39.59%) | loss: 2.993403 | lrm: 0.93 | dt: 714.38ms | tok/sec: 91,738 | bf16_mfu: 0.00 | epoch: 1 pq: 1 rg: 49 | total time: 18.09m | eta: 27.8m
step 01511/03814 (39.62%) | loss: 2.985132 | lrm: 0.93 | dt: 709.65ms | tok/sec: 92,350 | bf16_mfu: 0.00 | epoch: 1 pq: 1 rg: 49 | total time: 18.11m | eta: 27.8m
step 01512/03814 (39.64%) | loss: 2.983965 | lrm: 0.93 | dt: 714.05ms | tok/sec: 91,781 | bf16_mfu: 0.00 | epoch: 1 pq: 1 rg: 49 | total time: 18.12m | eta: 27.8m
step 01513/03814 (39.67%) | loss: 2.980389 | lrm: 0.93 | dt: 713.40ms | tok/sec: 91,864 | bf16_mfu: 0.00 | epoch: 1 pq: 1 rg: 50 | total time: 18.13m | eta: 27.8m
step 01514/03814 (39.70%) | loss: 2.955106 | lrm: 0.93 | dt: 714.78ms | tok/sec: 91,686 | bf16_mfu: 0.00 | epoch: 1 pq: 1 rg: 50 | total time: 18.14m | eta: 27.7m
step 01515/03814 (39.72%) | loss: 2.961324 | lrm: 0.93 | dt: 718.70ms | tok/sec: 91,186 | bf16_mfu: 0.00 | epoch: 1 pq: 1 rg: 50 | total time: 18.15m | eta: 27.7m
step 01516/03814 (39.75%) | loss: 2.971543 | lrm: 0.93 | dt: 716.65ms | tok/sec: 91,447 | bf16_mfu: 0.00 | epoch: 1 pq: 1 rg: 50 | total time: 18.16m | eta: 27.7m
step 01517/03814 (39.77%) | loss: 2.997952 | lrm: 0.93 | dt: 717.87ms | tok/sec: 91,292 | bf16_mfu: 0.00 | epoch: 1 pq: 1 rg: 50 | total time: 18.18m | eta: 27.7m
step 01518/03814 (39.80%) | loss: 2.997421 | lrm: 0.93 | dt: 719.76ms | tok/sec: 91,052 | bf16_mfu: 0.00 | epoch: 1 pq: 1 rg: 50 | total time: 18.19m | eta: 27.7m
step 01519/03814 (39.83%) | loss: 3.004213 | lrm: 0.93 | dt: 716.31ms | tok/sec: 91,491 | bf16_mfu: 0.00 | epoch: 1 pq: 1 rg: 50 | total time: 18.20m | eta: 27.7m
step 01520/03814 (39.85%) | loss: 2.989196 | lrm: 0.93 | dt: 730.47ms | tok/sec: 89,717 | bf16_mfu: 0.00 | epoch: 1 pq: 1 rg: 50 | total time: 18.21m | eta: 27.7m
step 01521/03814 (39.88%) | loss: 2.982702 | lrm: 0.93 | dt: 717.98ms | tok/sec: 91,278 | bf16_mfu: 0.00 | epoch: 1 pq: 1 rg: 50 | total time: 18.22m | eta: 27.7m
step 01522/03814 (39.91%) | loss: 2.990159 | lrm: 0.93 | dt: 717.98ms | tok/sec: 91,278 | bf16_mfu: 0.00 | epoch: 1 pq: 1 rg: 50 | total time: 18.24m | eta: 27.6m
step 01523/03814 (39.93%) | loss: 2.974567 | lrm: 0.93 | dt: 719.69ms | tok/sec: 91,061 | bf16_mfu: 0.00 | epoch: 1 pq: 1 rg: 50 | total time: 18.25m | eta: 27.6m
step 01524/03814 (39.96%) | loss: 2.974089 | lrm: 0.93 | dt: 726.26ms | tok/sec: 90,237 | bf16_mfu: 0.00 | epoch: 1 pq: 1 rg: 50 | total time: 18.26m | eta: 27.6m
step 01525/03814 (39.98%) | loss: 2.998070 | lrm: 0.93 | dt: 726.87ms | tok/sec: 90,161 | bf16_mfu: 0.00 | epoch: 1 pq: 1 rg: 51 | total time: 18.27m | eta: 27.6m
step 01526/03814 (40.01%) | loss: 2.991558 | lrm: 0.93 | dt: 726.60ms | tok/sec: 90,195 | bf16_mfu: 0.00 | epoch: 1 pq: 1 rg: 51 | total time: 18.29m | eta: 27.6m
step 01527/03814 (40.04%) | loss: 2.985130 | lrm: 0.93 | dt: 725.43ms | tok/sec: 90,340 | bf16_mfu: 0.00 | epoch: 1 pq: 1 rg: 51 | total time: 18.30m | eta: 27.6m
step 01528/03814 (40.06%) | loss: 2.984666 | lrm: 0.93 | dt: 720.33ms | tok/sec: 90,980 | bf16_mfu: 0.00 | epoch: 1 pq: 1 rg: 51 | total time: 18.31m | eta: 27.6m
step 01529/03814 (40.09%) | loss: 2.991236 | lrm: 0.93 | dt: 726.36ms | tok/sec: 90,225 | bf16_mfu: 0.00 | epoch: 1 pq: 1 rg: 51 | total time: 18.32m | eta: 27.6m
step 01530/03814 (40.12%) | loss: 2.986733 | lrm: 0.93 | dt: 724.28ms | tok/sec: 90,484 | bf16_mfu: 0.00 | epoch: 1 pq: 1 rg: 51 | total time: 18.33m | eta: 27.5m
step 01531/03814 (40.14%) | loss: 2.983767 | lrm: 0.92 | dt: 733.47ms | tok/sec: 89,350 | bf16_mfu: 0.00 | epoch: 1 pq: 1 rg: 51 | total time: 18.35m | eta: 27.5m
step 01532/03814 (40.17%) | loss: 3.002341 | lrm: 0.92 | dt: 727.24ms | tok/sec: 90,116 | bf16_mfu: 0.00 | epoch: 1 pq: 1 rg: 51 | total time: 18.36m | eta: 27.5m
step 01533/03814 (40.19%) | loss: 2.991721 | lrm: 0.92 | dt: 728.58ms | tok/sec: 89,950 | bf16_mfu: 0.00 | epoch: 1 pq: 1 rg: 51 | total time: 18.37m | eta: 27.5m
step 01534/03814 (40.22%) | loss: 3.005012 | lrm: 0.92 | dt: 730.15ms | tok/sec: 89,756 | bf16_mfu: 0.00 | epoch: 1 pq: 1 rg: 51 | total time: 18.38m | eta: 27.5m
step 01535/03814 (40.25%) | loss: 3.011932 | lrm: 0.92 | dt: 730.49ms | tok/sec: 89,715 | bf16_mfu: 0.00 | epoch: 1 pq: 1 rg: 51 | total time: 18.39m | eta: 27.5m
step 01536/03814 (40.27%) | loss: 2.998198 | lrm: 0.92 | dt: 727.31ms | tok/sec: 90,107 | bf16_mfu: 0.00 | epoch: 1 pq: 1 rg: 52 | total time: 18.41m | eta: 27.5m
step 01537/03814 (40.30%) | loss: 2.990122 | lrm: 0.92 | dt: 727.46ms | tok/sec: 90,089 | bf16_mfu: 0.00 | epoch: 1 pq: 1 rg: 52 | total time: 18.42m | eta: 27.5m
step 01538/03814 (40.33%) | loss: 3.001338 | lrm: 0.92 | dt: 730.98ms | tok/sec: 89,654 | bf16_mfu: 0.00 | epoch: 1 pq: 1 rg: 52 | total time: 18.43m | eta: 27.5m
step 01539/03814 (40.35%) | loss: 2.992866 | lrm: 0.92 | dt: 727.45ms | tok/sec: 90,090 | bf16_mfu: 0.00 | epoch: 1 pq: 1 rg: 52 | total time: 18.44m | eta: 27.4m
step 01540/03814 (40.38%) | loss: 2.995345 | lrm: 0.92 | dt: 727.17ms | tok/sec: 90,124 | bf16_mfu: 0.00 | epoch: 1 pq: 1 rg: 52 | total time: 18.45m | eta: 27.4m
step 01541/03814 (40.40%) | loss: 2.985431 | lrm: 0.92 | dt: 737.46ms | tok/sec: 88,867 | bf16_mfu: 0.00 | epoch: 1 pq: 1 rg: 52 | total time: 18.47m | eta: 27.4m
step 01542/03814 (40.43%) | loss: 2.980562 | lrm: 0.92 | dt: 722.28ms | tok/sec: 90,734 | bf16_mfu: 0.00 | epoch: 1 pq: 1 rg: 52 | total time: 18.48m | eta: 27.4m
step 01543/03814 (40.46%) | loss: 2.973915 | lrm: 0.92 | dt: 725.73ms | tok/sec: 90,303 | bf16_mfu: 0.00 | epoch: 1 pq: 1 rg: 52 | total time: 18.49m | eta: 27.4m
step 01544/03814 (40.48%) | loss: 2.970466 | lrm: 0.92 | dt: 728.49ms | tok/sec: 89,961 | bf16_mfu: 0.00 | epoch: 1 pq: 1 rg: 52 | total time: 18.50m | eta: 27.4m
step 01545/03814 (40.51%) | loss: 2.984458 | lrm: 0.92 | dt: 729.14ms | tok/sec: 89,880 | bf16_mfu: 0.00 | epoch: 1 pq: 1 rg: 52 | total time: 18.52m | eta: 27.4m
step 01546/03814 (40.53%) | loss: 2.964474 | lrm: 0.92 | dt: 724.33ms | tok/sec: 90,477 | bf16_mfu: 0.00 | epoch: 1 pq: 1 rg: 52 | total time: 18.53m | eta: 27.4m
step 01547/03814 (40.56%) | loss: 2.967470 | lrm: 0.92 | dt: 718.81ms | tok/sec: 91,173 | bf16_mfu: 0.00 | epoch: 1 pq: 1 rg: 52 | total time: 18.54m | eta: 27.3m
step 01548/03814 (40.59%) | loss: 2.978991 | lrm: 0.92 | dt: 722.24ms | tok/sec: 90,740 | bf16_mfu: 0.00 | epoch: 1 pq: 1 rg: 53 | total time: 18.55m | eta: 27.3m
step 01549/03814 (40.61%) | loss: 2.956734 | lrm: 0.92 | dt: 730.39ms | tok/sec: 89,726 | bf16_mfu: 0.00 | epoch: 1 pq: 1 rg: 53 | total time: 18.56m | eta: 27.3m
step 01550/03814 (40.64%) | loss: 2.965341 | lrm: 0.92 | dt: 728.29ms | tok/sec: 89,986 | bf16_mfu: 0.00 | epoch: 1 pq: 1 rg: 53 | total time: 18.58m | eta: 27.3m
step 01551/03814 (40.67%) | loss: 2.966415 | lrm: 0.92 | dt: 725.40ms | tok/sec: 90,344 | bf16_mfu: 0.00 | epoch: 1 pq: 1 rg: 53 | total time: 18.59m | eta: 27.3m
step 01552/03814 (40.69%) | loss: 2.959166 | lrm: 0.92 | dt: 724.57ms | tok/sec: 90,448 | bf16_mfu: 0.00 | epoch: 1 pq: 1 rg: 53 | total time: 18.60m | eta: 27.3m
step 01553/03814 (40.72%) | loss: 2.973534 | lrm: 0.92 | dt: 720.28ms | tok/sec: 90,986 | bf16_mfu: 0.00 | epoch: 1 pq: 1 rg: 53 | total time: 18.61m | eta: 27.3m
step 01554/03814 (40.74%) | loss: 2.988964 | lrm: 0.92 | dt: 722.57ms | tok/sec: 90,698 | bf16_mfu: 0.00 | epoch: 1 pq: 1 rg: 53 | total time: 18.62m | eta: 27.3m
step 01555/03814 (40.77%) | loss: 2.993227 | lrm: 0.92 | dt: 720.91ms | tok/sec: 90,907 | bf16_mfu: 0.00 | epoch: 1 pq: 1 rg: 53 | total time: 18.64m | eta: 27.2m
step 01556/03814 (40.80%) | loss: 2.996467 | lrm: 0.92 | dt: 719.45ms | tok/sec: 91,091 | bf16_mfu: 0.00 | epoch: 1 pq: 1 rg: 53 | total time: 18.65m | eta: 27.2m
step 01557/03814 (40.82%) | loss: 2.996137 | lrm: 0.91 | dt: 715.73ms | tok/sec: 91,565 | bf16_mfu: 0.00 | epoch: 1 pq: 1 rg: 53 | total time: 18.66m | eta: 27.2m
step 01558/03814 (40.85%) | loss: 2.979177 | lrm: 0.91 | dt: 725.50ms | tok/sec: 90,332 | bf16_mfu: 0.00 | epoch: 1 pq: 1 rg: 53 | total time: 18.67m | eta: 27.2m
step 01559/03814 (40.88%) | loss: 2.987296 | lrm: 0.91 | dt: 721.52ms | tok/sec: 90,830 | bf16_mfu: 0.00 | epoch: 1 pq: 1 rg: 53 | total time: 18.68m | eta: 27.2m
step 01560/03814 (40.90%) | loss: 2.993760 | lrm: 0.91 | dt: 827.57ms | tok/sec: 79,191 | bf16_mfu: 0.00 | epoch: 1 pq: 1 rg: 54 | total time: 18.70m | eta: 27.2m
step 01561/03814 (40.93%) | loss: 2.992158 | lrm: 0.91 | dt: 722.26ms | tok/sec: 90,737 | bf16_mfu: 0.00 | epoch: 1 pq: 1 rg: 54 | total time: 18.71m | eta: 27.2m
step 01562/03814 (40.95%) | loss: 3.000209 | lrm: 0.91 | dt: 715.34ms | tok/sec: 91,614 | bf16_mfu: 0.00 | epoch: 1 pq: 1 rg: 54 | total time: 18.72m | eta: 27.2m
step 01563/03814 (40.98%) | loss: 3.009897 | lrm: 0.91 | dt: 715.44ms | tok/sec: 91,601 | bf16_mfu: 0.00 | epoch: 1 pq: 1 rg: 54 | total time: 18.73m | eta: 27.2m
step 01564/03814 (41.01%) | loss: 2.989511 | lrm: 0.91 | dt: 1018.70ms | tok/sec: 64,333 | bf16_mfu: 0.00 | epoch: 1 pq: 1 rg: 54 | total time: 18.75m | eta: 27.1m
step 01565/03814 (41.03%) | loss: 2.981882 | lrm: 0.91 | dt: 713.74ms | tok/sec: 91,820 | bf16_mfu: 0.00 | epoch: 1 pq: 1 rg: 54 | total time: 18.76m | eta: 27.1m
step 01566/03814 (41.06%) | loss: 2.990877 | lrm: 0.91 | dt: 714.49ms | tok/sec: 91,723 | bf16_mfu: 0.00 | epoch: 1 pq: 1 rg: 54 | total time: 18.77m | eta: 27.1m
step 01567/03814 (41.09%) | loss: 2.964874 | lrm: 0.91 | dt: 719.83ms | tok/sec: 91,043 | bf16_mfu: 0.00 | epoch: 1 pq: 1 rg: 54 | total time: 18.79m | eta: 27.1m
step 01568/03814 (41.11%) | loss: 2.961223 | lrm: 0.91 | dt: 713.14ms | tok/sec: 91,897 | bf16_mfu: 0.00 | epoch: 1 pq: 1 rg: 54 | total time: 18.80m | eta: 27.1m
step 01569/03814 (41.14%) | loss: 2.962363 | lrm: 0.91 | dt: 817.89ms | tok/sec: 80,128 | bf16_mfu: 0.00 | epoch: 1 pq: 1 rg: 54 | total time: 18.81m | eta: 27.1m
step 01570/03814 (41.16%) | loss: 2.972525 | lrm: 0.91 | dt: 717.24ms | tok/sec: 91,372 | bf16_mfu: 0.00 | epoch: 1 pq: 1 rg: 54 | total time: 18.82m | eta: 27.1m
step 01571/03814 (41.19%) | loss: 2.971103 | lrm: 0.91 | dt: 712.92ms | tok/sec: 91,925 | bf16_mfu: 0.00 | epoch: 1 pq: 1 rg: 54 | total time: 18.84m | eta: 27.1m
step 01572/03814 (41.22%) | loss: 2.975112 | lrm: 0.91 | dt: 714.16ms | tok/sec: 91,766 | bf16_mfu: 0.00 | epoch: 1 pq: 1 rg: 55 | total time: 18.85m | eta: 27.1m
step 01573/03814 (41.24%) | loss: 2.970173 | lrm: 0.91 | dt: 710.20ms | tok/sec: 92,278 | bf16_mfu: 0.00 | epoch: 1 pq: 1 rg: 55 | total time: 18.86m | eta: 27.0m
step 01574/03814 (41.27%) | loss: 2.962073 | lrm: 0.91 | dt: 709.54ms | tok/sec: 92,364 | bf16_mfu: 0.00 | epoch: 1 pq: 1 rg: 55 | total time: 18.87m | eta: 27.0m
step 01575/03814 (41.30%) | loss: 2.975680 | lrm: 0.91 | dt: 712.76ms | tok/sec: 91,947 | bf16_mfu: 0.00 | epoch: 1 pq: 1 rg: 55 | total time: 18.88m | eta: 27.0m
step 01576/03814 (41.32%) | loss: 2.984186 | lrm: 0.91 | dt: 725.73ms | tok/sec: 90,304 | bf16_mfu: 0.00 | epoch: 1 pq: 1 rg: 55 | total time: 18.90m | eta: 27.0m
step 01577/03814 (41.35%) | loss: 2.964455 | lrm: 0.91 | dt: 712.21ms | tok/sec: 92,018 | bf16_mfu: 0.00 | epoch: 1 pq: 1 rg: 55 | total time: 18.91m | eta: 27.0m
step 01578/03814 (41.37%) | loss: 2.976133 | lrm: 0.91 | dt: 709.30ms | tok/sec: 92,395 | bf16_mfu: 0.00 | epoch: 1 pq: 1 rg: 55 | total time: 18.92m | eta: 27.0m
step 01579/03814 (41.40%) | loss: 2.973453 | lrm: 0.91 | dt: 762.99ms | tok/sec: 85,893 | bf16_mfu: 0.00 | epoch: 1 pq: 1 rg: 55 | total time: 18.93m | eta: 27.0m
step 01580/03814 (41.43%) | loss: 2.973771 | lrm: 0.91 | dt: 715.93ms | tok/sec: 91,539 | bf16_mfu: 0.00 | epoch: 1 pq: 1 rg: 55 | total time: 18.94m | eta: 27.0m
step 01581/03814 (41.45%) | loss: 2.995609 | lrm: 0.91 | dt: 739.40ms | tok/sec: 88,633 | bf16_mfu: 0.00 | epoch: 1 pq: 1 rg: 55 | total time: 18.96m | eta: 26.9m
step 01582/03814 (41.48%) | loss: 2.980298 | lrm: 0.91 | dt: 709.63ms | tok/sec: 92,352 | bf16_mfu: 0.00 | epoch: 1 pq: 1 rg: 55 | total time: 18.97m | eta: 26.9m
step 01583/03814 (41.50%) | loss: 2.984714 | lrm: 0.90 | dt: 709.44ms | tok/sec: 92,377 | bf16_mfu: 0.00 | epoch: 1 pq: 1 rg: 55 | total time: 18.98m | eta: 26.9m
step 01584/03814 (41.53%) | loss: 2.997472 | lrm: 0.90 | dt: 707.96ms | tok/sec: 92,570 | bf16_mfu: 0.00 | epoch: 1 pq: 1 rg: 56 | total time: 18.99m | eta: 26.9m
step 01585/03814 (41.56%) | loss: 2.977141 | lrm: 0.90 | dt: 723.43ms | tok/sec: 90,590 | bf16_mfu: 0.00 | epoch: 1 pq: 1 rg: 56 | total time: 19.00m | eta: 26.9m
step 01586/03814 (41.58%) | loss: 2.974332 | lrm: 0.90 | dt: 708.65ms | tok/sec: 92,479 | bf16_mfu: 0.00 | epoch: 1 pq: 1 rg: 56 | total time: 19.02m | eta: 26.9m
step 01587/03814 (41.61%) | loss: 2.981527 | lrm: 0.90 | dt: 717.59ms | tok/sec: 91,328 | bf16_mfu: 0.00 | epoch: 1 pq: 1 rg: 56 | total time: 19.03m | eta: 26.9m
step 01588/03814 (41.64%) | loss: 2.973827 | lrm: 0.90 | dt: 718.11ms | tok/sec: 91,261 | bf16_mfu: 0.00 | epoch: 1 pq: 1 rg: 56 | total time: 19.04m | eta: 26.9m
step 01589/03814 (41.66%) | loss: 2.976551 | lrm: 0.90 | dt: 708.14ms | tok/sec: 92,546 | bf16_mfu: 0.00 | epoch: 1 pq: 1 rg: 56 | total time: 19.05m | eta: 26.8m
step 01590/03814 (41.69%) | loss: 2.964254 | lrm: 0.90 | dt: 709.00ms | tok/sec: 92,434 | bf16_mfu: 0.00 | epoch: 1 pq: 1 rg: 56 | total time: 19.06m | eta: 26.8m
step 01591/03814 (41.71%) | loss: 2.967587 | lrm: 0.90 | dt: 733.95ms | tok/sec: 89,292 | bf16_mfu: 0.00 | epoch: 1 pq: 1 rg: 56 | total time: 19.08m | eta: 26.8m
step 01592/03814 (41.74%) | loss: 2.961306 | lrm: 0.90 | dt: 709.31ms | tok/sec: 92,393 | bf16_mfu: 0.00 | epoch: 1 pq: 1 rg: 56 | total time: 19.09m | eta: 26.8m
step 01593/03814 (41.77%) | loss: 2.962536 | lrm: 0.90 | dt: 707.87ms | tok/sec: 92,581 | bf16_mfu: 0.00 | epoch: 1 pq: 1 rg: 56 | total time: 19.10m | eta: 26.8m
step 01594/03814 (41.79%) | loss: 2.957955 | lrm: 0.90 | dt: 708.69ms | tok/sec: 92,474 | bf16_mfu: 0.00 | epoch: 1 pq: 1 rg: 56 | total time: 19.11m | eta: 26.8m
step 01595/03814 (41.82%) | loss: 2.972212 | lrm: 0.90 | dt: 709.14ms | tok/sec: 92,416 | bf16_mfu: 0.00 | epoch: 1 pq: 1 rg: 56 | total time: 19.12m | eta: 26.8m
step 01596/03814 (41.85%) | loss: 2.960664 | lrm: 0.90 | dt: 710.39ms | tok/sec: 92,253 | bf16_mfu: 0.00 | epoch: 1 pq: 1 rg: 57 | total time: 19.13m | eta: 26.8m
step 01597/03814 (41.87%) | loss: 2.937736 | lrm: 0.90 | dt: 713.45ms | tok/sec: 91,858 | bf16_mfu: 0.00 | epoch: 1 pq: 1 rg: 57 | total time: 19.15m | eta: 26.7m
step 01598/03814 (41.90%) | loss: 2.946442 | lrm: 0.90 | dt: 711.58ms | tok/sec: 92,099 | bf16_mfu: 0.00 | epoch: 1 pq: 1 rg: 57 | total time: 19.16m | eta: 26.7m
step 01599/03814 (41.92%) | loss: 2.935438 | lrm: 0.90 | dt: 710.73ms | tok/sec: 92,208 | bf16_mfu: 0.00 | epoch: 1 pq: 1 rg: 57 | total time: 19.17m | eta: 26.7m
step 01600/03814 (41.95%) | loss: 2.918700 | lrm: 0.90 | dt: 707.10ms | tok/sec: 92,683 | bf16_mfu: 0.00 | epoch: 1 pq: 1 rg: 57 | total time: 19.18m | eta: 26.7m
step 01601/03814 (41.98%) | loss: 2.923728 | lrm: 0.90 | dt: 711.57ms | tok/sec: 92,100 | bf16_mfu: 0.00 | epoch: 1 pq: 1 rg: 57 | total time: 19.19m | eta: 26.7m
step 01602/03814 (42.00%) | loss: 2.916526 | lrm: 0.90 | dt: 715.85ms | tok/sec: 91,549 | bf16_mfu: 0.00 | epoch: 1 pq: 1 rg: 57 | total time: 19.21m | eta: 26.7m
step 01603/03814 (42.03%) | loss: 2.914975 | lrm: 0.90 | dt: 717.54ms | tok/sec: 91,334 | bf16_mfu: 0.00 | epoch: 1 pq: 1 rg: 57 | total time: 19.22m | eta: 26.7m
step 01604/03814 (42.06%) | loss: 2.910411 | lrm: 0.90 | dt: 710.23ms | tok/sec: 92,273 | bf16_mfu: 0.00 | epoch: 1 pq: 1 rg: 57 | total time: 19.23m | eta: 26.7m
step 01605/03814 (42.08%) | loss: 2.923549 | lrm: 0.90 | dt: 715.34ms | tok/sec: 91,615 | bf16_mfu: 0.00 | epoch: 1 pq: 1 rg: 57 | total time: 19.24m | eta: 26.6m
step 01606/03814 (42.11%) | loss: 2.922216 | lrm: 0.90 | dt: 708.34ms | tok/sec: 92,520 | bf16_mfu: 0.00 | epoch: 1 pq: 1 rg: 57 | total time: 19.25m | eta: 26.6m
step 01607/03814 (42.13%) | loss: 2.918416 | lrm: 0.90 | dt: 715.49ms | tok/sec: 91,595 | bf16_mfu: 0.00 | epoch: 1 pq: 1 rg: 57 | total time: 19.27m | eta: 26.6m
step 01608/03814 (42.16%) | loss: 2.938683 | lrm: 0.90 | dt: 763.07ms | tok/sec: 85,884 | bf16_mfu: 0.00 | epoch: 1 pq: 1 rg: 58 | total time: 19.28m | eta: 26.6m
step 01609/03814 (42.19%) | loss: 2.946096 | lrm: 0.89 | dt: 710.25ms | tok/sec: 92,271 | bf16_mfu: 0.00 | epoch: 1 pq: 1 rg: 58 | total time: 19.29m | eta: 26.6m
step 01610/03814 (42.21%) | loss: 2.938855 | lrm: 0.89 | dt: 707.69ms | tok/sec: 92,605 | bf16_mfu: 0.00 | epoch: 1 pq: 1 rg: 58 | total time: 19.30m | eta: 26.6m
step 01611/03814 (42.24%) | loss: 2.954270 | lrm: 0.89 | dt: 714.05ms | tok/sec: 91,780 | bf16_mfu: 0.00 | epoch: 1 pq: 1 rg: 58 | total time: 19.31m | eta: 26.6m
step 01612/03814 (42.27%) | loss: 2.974587 | lrm: 0.89 | dt: 774.03ms | tok/sec: 84,668 | bf16_mfu: 0.00 | epoch: 1 pq: 1 rg: 58 | total time: 19.33m | eta: 26.6m
step 01613/03814 (42.29%) | loss: 2.955440 | lrm: 0.89 | dt: 716.31ms | tok/sec: 91,491 | bf16_mfu: 0.00 | epoch: 1 pq: 1 rg: 58 | total time: 19.34m | eta: 26.6m
step 01614/03814 (42.32%) | loss: 2.941521 | lrm: 0.89 | dt: 718.50ms | tok/sec: 91,211 | bf16_mfu: 0.00 | epoch: 1 pq: 1 rg: 58 | total time: 19.35m | eta: 26.5m
step 01615/03814 (42.34%) | loss: 2.958238 | lrm: 0.89 | dt: 752.40ms | tok/sec: 87,102 | bf16_mfu: 0.00 | epoch: 1 pq: 1 rg: 58 | total time: 19.36m | eta: 26.5m
step 01616/03814 (42.37%) | loss: 2.943608 | lrm: 0.89 | dt: 717.15ms | tok/sec: 91,383 | bf16_mfu: 0.00 | epoch: 1 pq: 1 rg: 58 | total time: 19.37m | eta: 26.5m
step 01617/03814 (42.40%) | loss: 2.947958 | lrm: 0.89 | dt: 713.46ms | tok/sec: 91,856 | bf16_mfu: 0.00 | epoch: 1 pq: 1 rg: 58 | total time: 19.39m | eta: 26.5m
step 01618/03814 (42.42%) | loss: 2.939944 | lrm: 0.89 | dt: 718.28ms | tok/sec: 91,240 | bf16_mfu: 0.00 | epoch: 1 pq: 1 rg: 58 | total time: 19.40m | eta: 26.5m
step 01619/03814 (42.45%) | loss: 2.926000 | lrm: 0.89 | dt: 714.99ms | tok/sec: 91,660 | bf16_mfu: 0.00 | epoch: 1 pq: 1 rg: 59 | total time: 19.41m | eta: 26.5m
step 01620/03814 (42.48%) | loss: 2.936089 | lrm: 0.89 | dt: 719.07ms | tok/sec: 91,140 | bf16_mfu: 0.00 | epoch: 1 pq: 1 rg: 59 | total time: 19.42m | eta: 26.5m
step 01621/03814 (42.50%) | loss: 2.927568 | lrm: 0.89 | dt: 716.39ms | tok/sec: 91,481 | bf16_mfu: 0.00 | epoch: 1 pq: 1 rg: 59 | total time: 19.43m | eta: 26.5m
step 01622/03814 (42.53%) | loss: 2.911608 | lrm: 0.89 | dt: 717.63ms | tok/sec: 91,323 | bf16_mfu: 0.00 | epoch: 1 pq: 1 rg: 59 | total time: 19.45m | eta: 26.4m
step 01623/03814 (42.55%) | loss: 2.927236 | lrm: 0.89 | dt: 713.49ms | tok/sec: 91,852 | bf16_mfu: 0.00 | epoch: 1 pq: 1 rg: 59 | total time: 19.46m | eta: 26.4m
step 01624/03814 (42.58%) | loss: 2.933431 | lrm: 0.89 | dt: 718.15ms | tok/sec: 91,256 | bf16_mfu: 0.00 | epoch: 1 pq: 1 rg: 59 | total time: 19.47m | eta: 26.4m
step 01625/03814 (42.61%) | loss: 2.909761 | lrm: 0.89 | dt: 718.03ms | tok/sec: 91,271 | bf16_mfu: 0.00 | epoch: 1 pq: 1 rg: 59 | total time: 19.48m | eta: 26.4m
step 01626/03814 (42.63%) | loss: 2.911344 | lrm: 0.89 | dt: 716.23ms | tok/sec: 91,501 | bf16_mfu: 0.00 | epoch: 1 pq: 1 rg: 59 | total time: 19.49m | eta: 26.4m
step 01627/03814 (42.66%) | loss: 2.915033 | lrm: 0.89 | dt: 720.19ms | tok/sec: 90,997 | bf16_mfu: 0.00 | epoch: 1 pq: 1 rg: 59 | total time: 19.51m | eta: 26.4m
step 01628/03814 (42.68%) | loss: 2.907504 | lrm: 0.89 | dt: 715.29ms | tok/sec: 91,620 | bf16_mfu: 0.00 | epoch: 1 pq: 1 rg: 59 | total time: 19.52m | eta: 26.4m
step 01629/03814 (42.71%) | loss: 2.893750 | lrm: 0.89 | dt: 719.96ms | tok/sec: 91,027 | bf16_mfu: 0.00 | epoch: 1 pq: 1 rg: 59 | total time: 19.53m | eta: 26.4m
step 01630/03814 (42.74%) | loss: 2.898294 | lrm: 0.89 | dt: 713.16ms | tok/sec: 91,894 | bf16_mfu: 0.00 | epoch: 1 pq: 1 rg: 59 | total time: 19.54m | eta: 26.3m
step 01631/03814 (42.76%) | loss: 2.899225 | lrm: 0.89 | dt: 717.14ms | tok/sec: 91,384 | bf16_mfu: 0.00 | epoch: 1 pq: 1 rg: 60 | total time: 19.55m | eta: 26.3m
step 01632/03814 (42.79%) | loss: 2.890121 | lrm: 0.89 | dt: 719.07ms | tok/sec: 91,139 | bf16_mfu: 0.00 | epoch: 1 pq: 1 rg: 60 | total time: 19.57m | eta: 26.3m
step 01633/03814 (42.82%) | loss: 2.913353 | lrm: 0.89 | dt: 722.60ms | tok/sec: 90,694 | bf16_mfu: 0.00 | epoch: 1 pq: 1 rg: 60 | total time: 19.58m | eta: 26.3m
step 01634/03814 (42.84%) | loss: 2.918703 | lrm: 0.89 | dt: 714.76ms | tok/sec: 91,689 | bf16_mfu: 0.00 | epoch: 1 pq: 1 rg: 60 | total time: 19.59m | eta: 26.3m
step 01635/03814 (42.87%) | loss: 2.909038 | lrm: 0.89 | dt: 715.79ms | tok/sec: 91,557 | bf16_mfu: 0.00 | epoch: 1 pq: 1 rg: 60 | total time: 19.60m | eta: 26.3m
step 01636/03814 (42.89%) | loss: 2.904036 | lrm: 0.88 | dt: 720.56ms | tok/sec: 90,951 | bf16_mfu: 0.00 | epoch: 1 pq: 1 rg: 60 | total time: 19.61m | eta: 26.3m
step 01637/03814 (42.92%) | loss: 2.903374 | lrm: 0.88 | dt: 726.63ms | tok/sec: 90,191 | bf16_mfu: 0.00 | epoch: 1 pq: 1 rg: 60 | total time: 19.63m | eta: 26.3m
step 01638/03814 (42.95%) | loss: 2.890554 | lrm: 0.88 | dt: 718.09ms | tok/sec: 91,264 | bf16_mfu: 0.00 | epoch: 1 pq: 1 rg: 60 | total time: 19.64m | eta: 26.2m
step 01639/03814 (42.97%) | loss: 2.860308 | lrm: 0.88 | dt: 718.86ms | tok/sec: 91,166 | bf16_mfu: 0.00 | epoch: 1 pq: 1 rg: 60 | total time: 19.65m | eta: 26.2m
step 01640/03814 (43.00%) | loss: 2.861328 | lrm: 0.88 | dt: 720.13ms | tok/sec: 91,006 | bf16_mfu: 0.00 | epoch: 1 pq: 1 rg: 60 | total time: 19.66m | eta: 26.2m
step 01641/03814 (43.03%) | loss: 2.866519 | lrm: 0.88 | dt: 719.93ms | tok/sec: 91,030 | bf16_mfu: 0.00 | epoch: 1 pq: 1 rg: 60 | total time: 19.67m | eta: 26.2m
step 01642/03814 (43.05%) | loss: 2.873910 | lrm: 0.88 | dt: 933.37ms | tok/sec: 70,214 | bf16_mfu: 0.00 | epoch: 1 pq: 1 rg: 61 | total time: 19.69m | eta: 26.2m
step 01643/03814 (43.08%) | loss: 2.869331 | lrm: 0.88 | dt: 720.18ms | tok/sec: 90,999 | bf16_mfu: 0.00 | epoch: 1 pq: 1 rg: 61 | total time: 19.70m | eta: 26.2m
step 01644/03814 (43.10%) | loss: 2.897942 | lrm: 0.88 | dt: 721.49ms | tok/sec: 90,834 | bf16_mfu: 0.00 | epoch: 1 pq: 1 rg: 61 | total time: 19.71m | eta: 26.2m
step 01645/03814 (43.13%) | loss: 2.899746 | lrm: 0.88 | dt: 743.86ms | tok/sec: 88,102 | bf16_mfu: 0.00 | epoch: 1 pq: 1 rg: 61 | total time: 19.73m | eta: 26.2m
step 01646/03814 (43.16%) | loss: 2.900238 | lrm: 0.88 | dt: 723.47ms | tok/sec: 90,585 | bf16_mfu: 0.00 | epoch: 1 pq: 1 rg: 61 | total time: 19.74m | eta: 26.2m
step 01647/03814 (43.18%) | loss: 2.912413 | lrm: 0.88 | dt: 716.63ms | tok/sec: 91,450 | bf16_mfu: 0.00 | epoch: 1 pq: 1 rg: 61 | total time: 19.75m | eta: 26.1m
step 01648/03814 (43.21%) | loss: 2.900915 | lrm: 0.88 | dt: 722.52ms | tok/sec: 90,705 | bf16_mfu: 0.00 | epoch: 1 pq: 1 rg: 61 | total time: 19.76m | eta: 26.1m
step 01649/03814 (43.24%) | loss: 2.894223 | lrm: 0.88 | dt: 718.35ms | tok/sec: 91,231 | bf16_mfu: 0.00 | epoch: 1 pq: 1 rg: 61 | total time: 19.77m | eta: 26.1m
step 01650/03814 (43.26%) | loss: 2.901950 | lrm: 0.88 | dt: 722.37ms | tok/sec: 90,723 | bf16_mfu: 0.00 | epoch: 1 pq: 1 rg: 61 | total time: 19.79m | eta: 26.1m
step 01651/03814 (43.29%) | loss: 2.895028 | lrm: 0.88 | dt: 721.12ms | tok/sec: 90,881 | bf16_mfu: 0.00 | epoch: 1 pq: 1 rg: 61 | total time: 19.80m | eta: 26.1m
step 01652/03814 (43.31%) | loss: 2.882926 | lrm: 0.88 | dt: 719.33ms | tok/sec: 91,107 | bf16_mfu: 0.00 | epoch: 1 pq: 1 rg: 61 | total time: 19.81m | eta: 26.1m
step 01653/03814 (43.34%) | loss: 2.888189 | lrm: 0.88 | dt: 723.97ms | tok/sec: 90,523 | bf16_mfu: 0.00 | epoch: 1 pq: 1 rg: 61 | total time: 19.82m | eta: 26.1m
step 01654/03814 (43.37%) | loss: 2.886018 | lrm: 0.88 | dt: 758.08ms | tok/sec: 86,449 | bf16_mfu: 0.00 | epoch: 1 pq: 1 rg: 62 | total time: 19.83m | eta: 26.1m
step 01655/03814 (43.39%) | loss: 2.873309 | lrm: 0.88 | dt: 718.13ms | tok/sec: 91,259 | bf16_mfu: 0.00 | epoch: 1 pq: 1 rg: 62 | total time: 19.85m | eta: 26.0m
step 01656/03814 (43.42%) | loss: 2.880863 | lrm: 0.88 | dt: 721.38ms | tok/sec: 90,848 | bf16_mfu: 0.00 | epoch: 1 pq: 1 rg: 62 | total time: 19.86m | eta: 26.0m
step 01657/03814 (43.45%) | loss: 2.887770 | lrm: 0.88 | dt: 726.45ms | tok/sec: 90,213 | bf16_mfu: 0.00 | epoch: 1 pq: 1 rg: 62 | total time: 19.87m | eta: 26.0m
step 01658/03814 (43.47%) | loss: 2.893842 | lrm: 0.88 | dt: 718.44ms | tok/sec: 91,220 | bf16_mfu: 0.00 | epoch: 1 pq: 1 rg: 62 | total time: 19.88m | eta: 26.0m
step 01659/03814 (43.50%) | loss: 2.890355 | lrm: 0.88 | dt: 722.82ms | tok/sec: 90,667 | bf16_mfu: 0.00 | epoch: 1 pq: 1 rg: 62 | total time: 19.89m | eta: 26.0m
step 01660/03814 (43.52%) | loss: 2.905888 | lrm: 0.88 | dt: 718.70ms | tok/sec: 91,186 | bf16_mfu: 0.00 | epoch: 1 pq: 1 rg: 62 | total time: 19.91m | eta: 26.0m
step 01661/03814 (43.55%) | loss: 2.905543 | lrm: 0.88 | dt: 720.63ms | tok/sec: 90,942 | bf16_mfu: 0.00 | epoch: 1 pq: 1 rg: 62 | total time: 19.92m | eta: 26.0m
step 01662/03814 (43.58%) | loss: 2.897552 | lrm: 0.87 | dt: 716.76ms | tok/sec: 91,434 | bf16_mfu: 0.00 | epoch: 1 pq: 1 rg: 62 | total time: 19.93m | eta: 26.0m
step 01663/03814 (43.60%) | loss: 2.904848 | lrm: 0.87 | dt: 721.80ms | tok/sec: 90,795 | bf16_mfu: 0.00 | epoch: 1 pq: 1 rg: 62 | total time: 19.94m | eta: 26.0m
step 01664/03814 (43.63%) | loss: 2.908974 | lrm: 0.87 | dt: 719.30ms | tok/sec: 91,110 | bf16_mfu: 0.00 | epoch: 1 pq: 1 rg: 62 | total time: 19.95m | eta: 25.9m
step 01665/03814 (43.65%) | loss: 2.905606 | lrm: 0.87 | dt: 762.79ms | tok/sec: 85,916 | bf16_mfu: 0.00 | epoch: 1 pq: 1 rg: 63 | total time: 19.97m | eta: 25.9m
step 01666/03814 (43.68%) | loss: 2.909408 | lrm: 0.87 | dt: 723.90ms | tok/sec: 90,531 | bf16_mfu: 0.00 | epoch: 1 pq: 1 rg: 63 | total time: 19.98m | eta: 25.9m
step 01667/03814 (43.71%) | loss: 2.898777 | lrm: 0.87 | dt: 720.97ms | tok/sec: 90,899 | bf16_mfu: 0.00 | epoch: 1 pq: 1 rg: 63 | total time: 19.99m | eta: 25.9m
step 01668/03814 (43.73%) | loss: 2.899305 | lrm: 0.87 | dt: 720.62ms | tok/sec: 90,943 | bf16_mfu: 0.00 | epoch: 1 pq: 1 rg: 63 | total time: 20.00m | eta: 25.9m
step 01669/03814 (43.76%) | loss: 2.904522 | lrm: 0.87 | dt: 723.58ms | tok/sec: 90,571 | bf16_mfu: 0.00 | epoch: 1 pq: 1 rg: 63 | total time: 20.02m | eta: 25.9m
step 01670/03814 (43.79%) | loss: 2.912711 | lrm: 0.87 | dt: 723.11ms | tok/sec: 90,630 | bf16_mfu: 0.00 | epoch: 1 pq: 1 rg: 63 | total time: 20.03m | eta: 25.9m
step 01671/03814 (43.81%) | loss: 2.894199 | lrm: 0.87 | dt: 710.82ms | tok/sec: 92,198 | bf16_mfu: 0.00 | epoch: 1 pq: 1 rg: 63 | total time: 20.04m | eta: 25.9m
step 01672/03814 (43.84%) | loss: 2.889754 | lrm: 0.87 | dt: 717.19ms | tok/sec: 91,378 | bf16_mfu: 0.00 | epoch: 1 pq: 1 rg: 63 | total time: 20.05m | eta: 25.8m
step 01673/03814 (43.86%) | loss: 2.892160 | lrm: 0.87 | dt: 716.36ms | tok/sec: 91,485 | bf16_mfu: 0.00 | epoch: 1 pq: 1 rg: 63 | total time: 20.06m | eta: 25.8m
step 01674/03814 (43.89%) | loss: 2.896923 | lrm: 0.87 | dt: 716.82ms | tok/sec: 91,425 | bf16_mfu: 0.00 | epoch: 1 pq: 1 rg: 63 | total time: 20.08m | eta: 25.8m
step 01675/03814 (43.92%) | loss: 2.876559 | lrm: 0.87 | dt: 726.04ms | tok/sec: 90,265 | bf16_mfu: 0.00 | epoch: 1 pq: 1 rg: 63 | total time: 20.09m | eta: 25.8m
step 01676/03814 (43.94%) | loss: 2.882511 | lrm: 0.87 | dt: 712.24ms | tok/sec: 92,014 | bf16_mfu: 0.00 | epoch: 1 pq: 1 rg: 63 | total time: 20.10m | eta: 25.8m
step 01677/03814 (43.97%) | loss: 2.898542 | lrm: 0.87 | dt: 786.58ms | tok/sec: 83,317 | bf16_mfu: 0.00 | epoch: 1 pq: 1 rg: 64 | total time: 20.11m | eta: 25.8m
step 01678/03814 (44.00%) | loss: 2.889074 | lrm: 0.87 | dt: 720.45ms | tok/sec: 90,965 | bf16_mfu: 0.00 | epoch: 1 pq: 1 rg: 64 | total time: 20.12m | eta: 25.8m
step 01679/03814 (44.02%) | loss: 2.887856 | lrm: 0.87 | dt: 717.66ms | tok/sec: 91,319 | bf16_mfu: 0.00 | epoch: 1 pq: 1 rg: 64 | total time: 20.14m | eta: 25.8m
step 01680/03814 (44.05%) | loss: 2.893056 | lrm: 0.87 | dt: 718.51ms | tok/sec: 91,211 | bf16_mfu: 0.00 | epoch: 1 pq: 1 rg: 64 | total time: 20.15m | eta: 25.7m
step 01681/03814 (44.07%) | loss: 2.875841 | lrm: 0.87 | dt: 714.89ms | tok/sec: 91,672 | bf16_mfu: 0.00 | epoch: 1 pq: 1 rg: 64 | total time: 20.16m | eta: 25.7m
step 01682/03814 (44.10%) | loss: 2.861044 | lrm: 0.87 | dt: 717.63ms | tok/sec: 91,322 | bf16_mfu: 0.00 | epoch: 1 pq: 1 rg: 64 | total time: 20.17m | eta: 25.7m
step 01683/03814 (44.13%) | loss: 2.868280 | lrm: 0.87 | dt: 717.73ms | tok/sec: 91,309 | bf16_mfu: 0.00 | epoch: 1 pq: 1 rg: 64 | total time: 20.18m | eta: 25.7m
step 01684/03814 (44.15%) | loss: 2.874023 | lrm: 0.87 | dt: 726.27ms | tok/sec: 90,236 | bf16_mfu: 0.00 | epoch: 1 pq: 1 rg: 64 | total time: 20.20m | eta: 25.7m
step 01685/03814 (44.18%) | loss: 2.866489 | lrm: 0.87 | dt: 715.18ms | tok/sec: 91,635 | bf16_mfu: 0.00 | epoch: 1 pq: 1 rg: 64 | total time: 20.21m | eta: 25.7m
step 01686/03814 (44.21%) | loss: 2.870159 | lrm: 0.87 | dt: 719.97ms | tok/sec: 91,026 | bf16_mfu: 0.00 | epoch: 1 pq: 1 rg: 64 | total time: 20.22m | eta: 25.7m
step 01687/03814 (44.23%) | loss: 2.881813 | lrm: 0.87 | dt: 713.08ms | tok/sec: 91,905 | bf16_mfu: 0.00 | epoch: 1 pq: 1 rg: 64 | total time: 20.23m | eta: 25.7m
step 01688/03814 (44.26%) | loss: 2.861313 | lrm: 0.86 | dt: 716.53ms | tok/sec: 91,462 | bf16_mfu: 0.00 | epoch: 1 pq: 1 rg: 65 | total time: 20.24m | eta: 25.6m
step 01689/03814 (44.28%) | loss: 2.860375 | lrm: 0.86 | dt: 716.41ms | tok/sec: 91,478 | bf16_mfu: 0.00 | epoch: 1 pq: 1 rg: 65 | total time: 20.26m | eta: 25.6m
step 01690/03814 (44.31%) | loss: 2.876973 | lrm: 0.86 | dt: 713.46ms | tok/sec: 91,856 | bf16_mfu: 0.00 | epoch: 1 pq: 1 rg: 65 | total time: 20.27m | eta: 25.6m
step 01691/03814 (44.34%) | loss: 2.884715 | lrm: 0.86 | dt: 716.82ms | tok/sec: 91,425 | bf16_mfu: 0.00 | epoch: 1 pq: 1 rg: 65 | total time: 20.28m | eta: 25.6m
step 01692/03814 (44.36%) | loss: 2.875065 | lrm: 0.86 | dt: 718.05ms | tok/sec: 91,270 | bf16_mfu: 0.00 | epoch: 1 pq: 1 rg: 65 | total time: 20.29m | eta: 25.6m
step 01693/03814 (44.39%) | loss: 2.865554 | lrm: 0.86 | dt: 717.38ms | tok/sec: 91,354 | bf16_mfu: 0.00 | epoch: 1 pq: 1 rg: 65 | total time: 20.30m | eta: 25.6m
step 01694/03814 (44.42%) | loss: 2.864271 | lrm: 0.86 | dt: 722.19ms | tok/sec: 90,746 | bf16_mfu: 0.00 | epoch: 1 pq: 1 rg: 65 | total time: 20.32m | eta: 25.6m
step 01695/03814 (44.44%) | loss: 2.855885 | lrm: 0.86 | dt: 717.43ms | tok/sec: 91,347 | bf16_mfu: 0.00 | epoch: 1 pq: 1 rg: 65 | total time: 20.33m | eta: 25.6m
step 01696/03814 (44.47%) | loss: 2.854391 | lrm: 0.86 | dt: 715.46ms | tok/sec: 91,599 | bf16_mfu: 0.00 | epoch: 1 pq: 1 rg: 65 | total time: 20.34m | eta: 25.6m
step 01697/03814 (44.49%) | loss: 2.843497 | lrm: 0.86 | dt: 712.09ms | tok/sec: 92,033 | bf16_mfu: 0.00 | epoch: 1 pq: 1 rg: 65 | total time: 20.35m | eta: 25.5m
step 01698/03814 (44.52%) | loss: 2.839730 | lrm: 0.86 | dt: 715.83ms | tok/sec: 91,552 | bf16_mfu: 0.00 | epoch: 1 pq: 1 rg: 65 | total time: 20.36m | eta: 25.5m
step 01699/03814 (44.55%) | loss: 2.845320 | lrm: 0.86 | dt: 711.64ms | tok/sec: 92,092 | bf16_mfu: 0.00 | epoch: 1 pq: 1 rg: 65 | total time: 20.38m | eta: 25.5m
step 01700/03814 (44.57%) | loss: 2.835572 | lrm: 0.86 | dt: 738.16ms | tok/sec: 88,783 | bf16_mfu: 0.00 | epoch: 1 pq: 1 rg: 66 | total time: 20.39m | eta: 25.5m
step 01701/03814 (44.60%) | loss: 2.819514 | lrm: 0.86 | dt: 714.67ms | tok/sec: 91,701 | bf16_mfu: 0.00 | epoch: 1 pq: 1 rg: 66 | total time: 20.40m | eta: 25.5m
step 01702/03814 (44.63%) | loss: 2.819452 | lrm: 0.86 | dt: 716.41ms | tok/sec: 91,478 | bf16_mfu: 0.00 | epoch: 1 pq: 1 rg: 66 | total time: 20.41m | eta: 25.5m
step 01703/03814 (44.65%) | loss: 2.831011 | lrm: 0.86 | dt: 714.39ms | tok/sec: 91,737 | bf16_mfu: 0.00 | epoch: 1 pq: 1 rg: 66 | total time: 20.42m | eta: 25.5m
step 01704/03814 (44.68%) | loss: 2.808316 | lrm: 0.86 | dt: 714.04ms | tok/sec: 91,782 | bf16_mfu: 0.00 | epoch: 1 pq: 1 rg: 66 | total time: 20.44m | eta: 25.5m
step 01705/03814 (44.70%) | loss: 2.809389 | lrm: 0.86 | dt: 713.98ms | tok/sec: 91,790 | bf16_mfu: 0.00 | epoch: 1 pq: 1 rg: 66 | total time: 20.45m | eta: 25.4m
step 01706/03814 (44.73%) | loss: 2.831874 | lrm: 0.86 | dt: 715.35ms | tok/sec: 91,613 | bf16_mfu: 0.00 | epoch: 1 pq: 1 rg: 66 | total time: 20.46m | eta: 25.4m
step 01707/03814 (44.76%) | loss: 2.845260 | lrm: 0.86 | dt: 716.81ms | tok/sec: 91,426 | bf16_mfu: 0.00 | epoch: 1 pq: 1 rg: 66 | total time: 20.47m | eta: 25.4m
step 01708/03814 (44.78%) | loss: 2.825794 | lrm: 0.86 | dt: 710.71ms | tok/sec: 92,211 | bf16_mfu: 0.00 | epoch: 1 pq: 1 rg: 66 | total time: 20.48m | eta: 25.4m
step 01709/03814 (44.81%) | loss: 2.842293 | lrm: 0.86 | dt: 718.60ms | tok/sec: 91,199 | bf16_mfu: 0.00 | epoch: 1 pq: 1 rg: 66 | total time: 20.49m | eta: 25.4m
step 01710/03814 (44.83%) | loss: 2.823359 | lrm: 0.86 | dt: 716.48ms | tok/sec: 91,469 | bf16_mfu: 0.00 | epoch: 1 pq: 1 rg: 66 | total time: 20.51m | eta: 25.4m
step 01711/03814 (44.86%) | loss: 2.803289 | lrm: 0.86 | dt: 708.58ms | tok/sec: 92,489 | bf16_mfu: 0.00 | epoch: 1 pq: 1 rg: 67 | total time: 20.52m | eta: 25.4m
step 01712/03814 (44.89%) | loss: 2.813872 | lrm: 0.86 | dt: 709.61ms | tok/sec: 92,355 | bf16_mfu: 0.00 | epoch: 1 pq: 1 rg: 67 | total time: 20.53m | eta: 25.4m
step 01713/03814 (44.91%) | loss: 2.812181 | lrm: 0.86 | dt: 711.71ms | tok/sec: 92,082 | bf16_mfu: 0.00 | epoch: 1 pq: 1 rg: 67 | total time: 20.54m | eta: 25.3m
step 01714/03814 (44.94%) | loss: 2.792173 | lrm: 0.85 | dt: 715.10ms | tok/sec: 91,646 | bf16_mfu: 0.00 | epoch: 1 pq: 1 rg: 67 | total time: 20.55m | eta: 25.3m
step 01715/03814 (44.97%) | loss: 2.794301 | lrm: 0.85 | dt: 712.96ms | tok/sec: 91,920 | bf16_mfu: 0.00 | epoch: 1 pq: 1 rg: 67 | total time: 20.57m | eta: 25.3m
step 01716/03814 (44.99%) | loss: 2.807603 | lrm: 0.85 | dt: 715.35ms | tok/sec: 91,613 | bf16_mfu: 0.00 | epoch: 1 pq: 1 rg: 67 | total time: 20.58m | eta: 25.3m
step 01717/03814 (45.02%) | loss: 2.816033 | lrm: 0.85 | dt: 715.19ms | tok/sec: 91,634 | bf16_mfu: 0.00 | epoch: 1 pq: 1 rg: 67 | total time: 20.59m | eta: 25.3m
step 01718/03814 (45.04%) | loss: 2.823933 | lrm: 0.85 | dt: 710.46ms | tok/sec: 92,243 | bf16_mfu: 0.00 | epoch: 1 pq: 1 rg: 67 | total time: 20.60m | eta: 25.3m
step 01719/03814 (45.07%) | loss: 2.826839 | lrm: 0.85 | dt: 713.57ms | tok/sec: 91,842 | bf16_mfu: 0.00 | epoch: 1 pq: 1 rg: 67 | total time: 20.61m | eta: 25.3m
step 01720/03814 (45.10%) | loss: 2.833257 | lrm: 0.85 | dt: 713.41ms | tok/sec: 91,862 | bf16_mfu: 0.00 | epoch: 1 pq: 1 rg: 67 | total time: 20.63m | eta: 25.3m
step 01721/03814 (45.12%) | loss: 2.821753 | lrm: 0.85 | dt: 714.31ms | tok/sec: 91,747 | bf16_mfu: 0.00 | epoch: 1 pq: 1 rg: 67 | total time: 20.64m | eta: 25.2m
step 01722/03814 (45.15%) | loss: 2.826558 | lrm: 0.85 | dt: 715.03ms | tok/sec: 91,654 | bf16_mfu: 0.00 | epoch: 1 pq: 1 rg: 67 | total time: 20.65m | eta: 25.2m
step 01723/03814 (45.18%) | loss: 2.827607 | lrm: 0.85 | dt: 725.97ms | tok/sec: 90,273 | bf16_mfu: 0.00 | epoch: 1 pq: 1 rg: 68 | total time: 20.66m | eta: 25.2m
step 01724/03814 (45.20%) | loss: 2.831059 | lrm: 0.85 | dt: 717.19ms | tok/sec: 91,378 | bf16_mfu: 0.00 | epoch: 1 pq: 1 rg: 68 | total time: 20.67m | eta: 25.2m
step 01725/03814 (45.23%) | loss: 2.844094 | lrm: 0.85 | dt: 711.84ms | tok/sec: 92,064 | bf16_mfu: 0.00 | epoch: 1 pq: 1 rg: 68 | total time: 20.69m | eta: 25.2m
step 01726/03814 (45.25%) | loss: 2.860291 | lrm: 0.85 | dt: 728.75ms | tok/sec: 89,929 | bf16_mfu: 0.00 | epoch: 1 pq: 1 rg: 68 | total time: 20.70m | eta: 25.2m
step 01727/03814 (45.28%) | loss: 2.853443 | lrm: 0.85 | dt: 715.15ms | tok/sec: 91,638 | bf16_mfu: 0.00 | epoch: 1 pq: 1 rg: 68 | total time: 20.71m | eta: 25.2m
step 01728/03814 (45.31%) | loss: 2.861749 | lrm: 0.85 | dt: 712.72ms | tok/sec: 91,951 | bf16_mfu: 0.00 | epoch: 1 pq: 1 rg: 68 | total time: 20.72m | eta: 25.2m
step 01729/03814 (45.33%) | loss: 2.881048 | lrm: 0.85 | dt: 714.45ms | tok/sec: 91,729 | bf16_mfu: 0.00 | epoch: 1 pq: 1 rg: 68 | total time: 20.73m | eta: 25.1m
step 01730/03814 (45.36%) | loss: 2.865384 | lrm: 0.85 | dt: 715.51ms | tok/sec: 91,592 | bf16_mfu: 0.00 | epoch: 1 pq: 1 rg: 68 | total time: 20.74m | eta: 25.1m
step 01731/03814 (45.39%) | loss: 2.867779 | lrm: 0.85 | dt: 714.85ms | tok/sec: 91,677 | bf16_mfu: 0.00 | epoch: 1 pq: 1 rg: 68 | total time: 20.76m | eta: 25.1m
step 01732/03814 (45.41%) | loss: 2.878352 | lrm: 0.85 | dt: 715.80ms | tok/sec: 91,556 | bf16_mfu: 0.00 | epoch: 1 pq: 1 rg: 68 | total time: 20.77m | eta: 25.1m
step 01733/03814 (45.44%) | loss: 2.865764 | lrm: 0.85 | dt: 712.52ms | tok/sec: 91,977 | bf16_mfu: 0.00 | epoch: 1 pq: 1 rg: 68 | total time: 20.78m | eta: 25.1m
step 01734/03814 (45.46%) | loss: 2.868336 | lrm: 0.85 | dt: 717.47ms | tok/sec: 91,343 | bf16_mfu: 0.00 | epoch: 1 pq: 1 rg: 69 | total time: 20.79m | eta: 25.1m
step 01735/03814 (45.49%) | loss: 2.868395 | lrm: 0.85 | dt: 714.01ms | tok/sec: 91,786 | bf16_mfu: 0.00 | epoch: 1 pq: 1 rg: 69 | total time: 20.80m | eta: 25.1m
step 01736/03814 (45.52%) | loss: 2.876970 | lrm: 0.85 | dt: 712.11ms | tok/sec: 92,030 | bf16_mfu: 0.00 | epoch: 1 pq: 1 rg: 69 | total time: 20.82m | eta: 25.1m
step 01737/03814 (45.54%) | loss: 2.877614 | lrm: 0.85 | dt: 711.38ms | tok/sec: 92,125 | bf16_mfu: 0.00 | epoch: 1 pq: 1 rg: 69 | total time: 20.83m | eta: 25.0m
step 01738/03814 (45.57%) | loss: 2.879350 | lrm: 0.85 | dt: 715.34ms | tok/sec: 91,615 | bf16_mfu: 0.00 | epoch: 1 pq: 1 rg: 69 | total time: 20.84m | eta: 25.0m
step 01739/03814 (45.60%) | loss: 2.886709 | lrm: 0.85 | dt: 712.28ms | tok/sec: 92,009 | bf16_mfu: 0.00 | epoch: 1 pq: 1 rg: 69 | total time: 20.85m | eta: 25.0m
step 01740/03814 (45.62%) | loss: 2.868773 | lrm: 0.84 | dt: 714.15ms | tok/sec: 91,767 | bf16_mfu: 0.00 | epoch: 1 pq: 1 rg: 69 | total time: 20.86m | eta: 25.0m
step 01741/03814 (45.65%) | loss: 2.860744 | lrm: 0.84 | dt: 711.28ms | tok/sec: 92,138 | bf16_mfu: 0.00 | epoch: 1 pq: 1 rg: 69 | total time: 20.88m | eta: 25.0m
step 01742/03814 (45.67%) | loss: 2.877456 | lrm: 0.84 | dt: 714.08ms | tok/sec: 91,776 | bf16_mfu: 0.00 | epoch: 1 pq: 1 rg: 69 | total time: 20.89m | eta: 25.0m
step 01743/03814 (45.70%) | loss: 2.882470 | lrm: 0.84 | dt: 715.43ms | tok/sec: 91,603 | bf16_mfu: 0.00 | epoch: 1 pq: 1 rg: 69 | total time: 20.90m | eta: 25.0m
step 01744/03814 (45.73%) | loss: 2.882107 | lrm: 0.84 | dt: 712.68ms | tok/sec: 91,956 | bf16_mfu: 0.00 | epoch: 1 pq: 1 rg: 69 | total time: 20.91m | eta: 25.0m
step 01745/03814 (45.75%) | loss: 2.894996 | lrm: 0.84 | dt: 716.85ms | tok/sec: 91,422 | bf16_mfu: 0.00 | epoch: 1 pq: 1 rg: 69 | total time: 20.92m | eta: 25.0m
step 01746/03814 (45.78%) | loss: 2.897712 | lrm: 0.84 | dt: 720.87ms | tok/sec: 90,912 | bf16_mfu: 0.00 | epoch: 1 pq: 1 rg: 70 | total time: 20.94m | eta: 24.9m
step 01747/03814 (45.80%) | loss: 2.897324 | lrm: 0.84 | dt: 713.66ms | tok/sec: 91,830 | bf16_mfu: 0.00 | epoch: 1 pq: 1 rg: 70 | total time: 20.95m | eta: 24.9m
step 01748/03814 (45.83%) | loss: 2.881452 | lrm: 0.84 | dt: 715.62ms | tok/sec: 91,579 | bf16_mfu: 0.00 | epoch: 1 pq: 1 rg: 70 | total time: 20.96m | eta: 24.9m
step 01749/03814 (45.86%) | loss: 2.866931 | lrm: 0.84 | dt: 709.96ms | tok/sec: 92,309 | bf16_mfu: 0.00 | epoch: 1 pq: 1 rg: 70 | total time: 20.97m | eta: 24.9m
step 01750/03814 (45.88%) | loss: 2.850019 | lrm: 0.84 | dt: 708.75ms | tok/sec: 92,466 | bf16_mfu: 0.00 | epoch: 1 pq: 1 rg: 70 | total time: 20.98m | eta: 24.9m
step 01751/03814 (45.91%) | loss: 2.908141 | lrm: 0.84 | dt: 708.88ms | tok/sec: 92,449 | bf16_mfu: 0.00 | epoch: 1 pq: 1 rg: 70 | total time: 20.99m | eta: 24.9m
step 01752/03814 (45.94%) | loss: 2.973400 | lrm: 0.84 | dt: 723.47ms | tok/sec: 90,585 | bf16_mfu: 0.00 | epoch: 1 pq: 1 rg: 70 | total time: 21.01m | eta: 24.9m
step 01753/03814 (45.96%) | loss: 3.045317 | lrm: 0.84 | dt: 714.96ms | tok/sec: 91,663 | bf16_mfu: 0.00 | epoch: 1 pq: 1 rg: 70 | total time: 21.02m | eta: 24.9m
step 01754/03814 (45.99%) | loss: 3.112327 | lrm: 0.84 | dt: 720.47ms | tok/sec: 90,962 | bf16_mfu: 0.00 | epoch: 1 pq: 1 rg: 70 | total time: 21.03m | eta: 24.8m
step 01755/03814 (46.01%) | loss: 3.158099 | lrm: 0.84 | dt: 713.49ms | tok/sec: 91,852 | bf16_mfu: 0.00 | epoch: 1 pq: 1 rg: 70 | total time: 21.04m | eta: 24.8m
step 01756/03814 (46.04%) | loss: 3.187380 | lrm: 0.84 | dt: 716.70ms | tok/sec: 91,441 | bf16_mfu: 0.00 | epoch: 1 pq: 1 rg: 70 | total time: 21.05m | eta: 24.8m
step 01757/03814 (46.07%) | loss: 3.212741 | lrm: 0.84 | dt: 716.36ms | tok/sec: 91,484 | bf16_mfu: 0.00 | epoch: 1 pq: 1 rg: 71 | total time: 21.07m | eta: 24.8m
step 01758/03814 (46.09%) | loss: 3.244474 | lrm: 0.84 | dt: 715.04ms | tok/sec: 91,653 | bf16_mfu: 0.00 | epoch: 1 pq: 1 rg: 71 | total time: 21.08m | eta: 24.8m
step 01759/03814 (46.12%) | loss: 3.285203 | lrm: 0.84 | dt: 711.83ms | tok/sec: 92,066 | bf16_mfu: 0.00 | epoch: 1 pq: 1 rg: 71 | total time: 21.09m | eta: 24.8m
step 01760/03814 (46.15%) | loss: 3.317055 | lrm: 0.84 | dt: 716.71ms | tok/sec: 91,439 | bf16_mfu: 0.00 | epoch: 1 pq: 1 rg: 71 | total time: 21.10m | eta: 24.8m
step 01761/03814 (46.17%) | loss: 3.350071 | lrm: 0.84 | dt: 848.65ms | tok/sec: 77,223 | bf16_mfu: 0.00 | epoch: 1 pq: 1 rg: 71 | total time: 21.12m | eta: 24.8m
step 01762/03814 (46.20%) | loss: 3.372662 | lrm: 0.84 | dt: 972.56ms | tok/sec: 67,384 | bf16_mfu: 0.00 | epoch: 1 pq: 1 rg: 71 | total time: 21.13m | eta: 24.8m
step 01763/03814 (46.22%) | loss: 3.390435 | lrm: 0.84 | dt: 720.34ms | tok/sec: 90,979 | bf16_mfu: 0.00 | epoch: 1 pq: 1 rg: 71 | total time: 21.14m | eta: 24.7m
step 01764/03814 (46.25%) | loss: 3.386240 | lrm: 0.84 | dt: 713.80ms | tok/sec: 91,812 | bf16_mfu: 0.00 | epoch: 1 pq: 1 rg: 71 | total time: 21.16m | eta: 24.7m
step 01765/03814 (46.28%) | loss: 3.383112 | lrm: 0.84 | dt: 711.69ms | tok/sec: 92,085 | bf16_mfu: 0.00 | epoch: 1 pq: 1 rg: 71 | total time: 21.17m | eta: 24.7m
step 01766/03814 (46.30%) | loss: 3.397867 | lrm: 0.83 | dt: 766.36ms | tok/sec: 85,515 | bf16_mfu: 0.00 | epoch: 1 pq: 1 rg: 71 | total time: 21.18m | eta: 24.7m
step 01767/03814 (46.33%) | loss: 3.421360 | lrm: 0.83 | dt: 768.13ms | tok/sec: 85,318 | bf16_mfu: 0.00 | epoch: 1 pq: 1 rg: 72 | total time: 21.19m | eta: 24.7m
step 01768/03814 (46.36%) | loss: 3.437797 | lrm: 0.83 | dt: 711.48ms | tok/sec: 92,112 | bf16_mfu: 0.00 | epoch: 1 pq: 1 rg: 72 | total time: 21.21m | eta: 24.7m
step 01769/03814 (46.38%) | loss: 3.437313 | lrm: 0.83 | dt: 731.55ms | tok/sec: 89,585 | bf16_mfu: 0.00 | epoch: 1 pq: 1 rg: 72 | total time: 21.22m | eta: 24.7m
step 01770/03814 (46.41%) | loss: 3.434084 | lrm: 0.83 | dt: 714.98ms | tok/sec: 91,660 | bf16_mfu: 0.00 | epoch: 1 pq: 1 rg: 72 | total time: 21.23m | eta: 24.7m
step 01771/03814 (46.43%) | loss: 3.427576 | lrm: 0.83 | dt: 717.89ms | tok/sec: 91,290 | bf16_mfu: 0.00 | epoch: 1 pq: 1 rg: 72 | total time: 21.24m | eta: 24.6m
step 01772/03814 (46.46%) | loss: 3.442539 | lrm: 0.83 | dt: 711.79ms | tok/sec: 92,071 | bf16_mfu: 0.00 | epoch: 1 pq: 1 rg: 72 | total time: 21.25m | eta: 24.6m
step 01773/03814 (46.49%) | loss: 3.466196 | lrm: 0.83 | dt: 716.83ms | tok/sec: 91,424 | bf16_mfu: 0.00 | epoch: 1 pq: 1 rg: 72 | total time: 21.27m | eta: 24.6m
step 01774/03814 (46.51%) | loss: 3.456750 | lrm: 0.83 | dt: 717.31ms | tok/sec: 91,364 | bf16_mfu: 0.00 | epoch: 1 pq: 1 rg: 72 | total time: 21.28m | eta: 24.6m
step 01775/03814 (46.54%) | loss: 3.465821 | lrm: 0.83 | dt: 710.18ms | tok/sec: 92,280 | bf16_mfu: 0.00 | epoch: 1 pq: 1 rg: 72 | total time: 21.29m | eta: 24.6m
step 01776/03814 (46.57%) | loss: 3.466636 | lrm: 0.83 | dt: 714.45ms | tok/sec: 91,729 | bf16_mfu: 0.00 | epoch: 1 pq: 1 rg: 72 | total time: 21.30m | eta: 24.6m
step 01777/03814 (46.59%) | loss: 3.485633 | lrm: 0.83 | dt: 720.03ms | tok/sec: 91,017 | bf16_mfu: 0.00 | epoch: 1 pq: 1 rg: 73 | total time: 21.31m | eta: 24.6m
step 01778/03814 (46.62%) | loss: 3.497521 | lrm: 0.83 | dt: 712.40ms | tok/sec: 91,993 | bf16_mfu: 0.00 | epoch: 1 pq: 1 rg: 73 | total time: 21.33m | eta: 24.6m
step 01779/03814 (46.64%) | loss: 3.490651 | lrm: 0.83 | dt: 715.35ms | tok/sec: 91,614 | bf16_mfu: 0.00 | epoch: 1 pq: 1 rg: 73 | total time: 21.34m | eta: 24.5m
step 01780/03814 (46.67%) | loss: 3.482722 | lrm: 0.83 | dt: 714.13ms | tok/sec: 91,770 | bf16_mfu: 0.00 | epoch: 1 pq: 1 rg: 73 | total time: 21.35m | eta: 24.5m
step 01781/03814 (46.70%) | loss: 3.472167 | lrm: 0.83 | dt: 713.90ms | tok/sec: 91,800 | bf16_mfu: 0.00 | epoch: 1 pq: 1 rg: 73 | total time: 21.36m | eta: 24.5m
step 01782/03814 (46.72%) | loss: 3.479136 | lrm: 0.83 | dt: 717.03ms | tok/sec: 91,399 | bf16_mfu: 0.00 | epoch: 1 pq: 1 rg: 73 | total time: 21.37m | eta: 24.5m
step 01783/03814 (46.75%) | loss: 3.486135 | lrm: 0.83 | dt: 717.06ms | tok/sec: 91,395 | bf16_mfu: 0.00 | epoch: 1 pq: 1 rg: 73 | total time: 21.38m | eta: 24.5m
step 01784/03814 (46.78%) | loss: 3.480148 | lrm: 0.83 | dt: 712.77ms | tok/sec: 91,945 | bf16_mfu: 0.00 | epoch: 1 pq: 1 rg: 73 | total time: 21.40m | eta: 24.5m
step 01785/03814 (46.80%) | loss: 3.483498 | lrm: 0.83 | dt: 715.65ms | tok/sec: 91,575 | bf16_mfu: 0.00 | epoch: 1 pq: 1 rg: 73 | total time: 21.41m | eta: 24.5m
step 01786/03814 (46.83%) | loss: 3.472648 | lrm: 0.83 | dt: 719.62ms | tok/sec: 91,069 | bf16_mfu: 0.00 | epoch: 1 pq: 1 rg: 73 | total time: 21.42m | eta: 24.5m
step 01787/03814 (46.85%) | loss: 3.471166 | lrm: 0.83 | dt: 762.33ms | tok/sec: 85,967 | bf16_mfu: 0.00 | epoch: 1 pq: 1 rg: 74 | total time: 21.43m | eta: 24.4m
step 01788/03814 (46.88%) | loss: 3.462708 | lrm: 0.83 | dt: 717.90ms | tok/sec: 91,288 | bf16_mfu: 0.00 | epoch: 1 pq: 1 rg: 74 | total time: 21.45m | eta: 24.4m
step 01789/03814 (46.91%) | loss: 3.464438 | lrm: 0.83 | dt: 715.00ms | tok/sec: 91,659 | bf16_mfu: 0.00 | epoch: 1 pq: 1 rg: 74 | total time: 21.46m | eta: 24.4m
step 01790/03814 (46.93%) | loss: 3.462391 | lrm: 0.83 | dt: 712.52ms | tok/sec: 91,977 | bf16_mfu: 0.00 | epoch: 1 pq: 1 rg: 74 | total time: 21.47m | eta: 24.4m
step 01791/03814 (46.96%) | loss: 3.480127 | lrm: 0.83 | dt: 735.25ms | tok/sec: 89,134 | bf16_mfu: 0.00 | epoch: 1 pq: 1 rg: 74 | total time: 21.48m | eta: 24.4m
step 01792/03814 (46.98%) | loss: 3.471589 | lrm: 0.82 | dt: 715.34ms | tok/sec: 91,615 | bf16_mfu: 0.00 | epoch: 1 pq: 1 rg: 74 | total time: 21.49m | eta: 24.4m
step 01793/03814 (47.01%) | loss: 3.459278 | lrm: 0.82 | dt: 713.85ms | tok/sec: 91,806 | bf16_mfu: 0.00 | epoch: 1 pq: 1 rg: 74 | total time: 21.51m | eta: 24.4m
step 01794/03814 (47.04%) | loss: 3.460578 | lrm: 0.82 | dt: 715.48ms | tok/sec: 91,597 | bf16_mfu: 0.00 | epoch: 1 pq: 1 rg: 74 | total time: 21.52m | eta: 24.4m
step 01795/03814 (47.06%) | loss: 3.443591 | lrm: 0.82 | dt: 747.62ms | tok/sec: 87,658 | bf16_mfu: 0.00 | epoch: 1 pq: 1 rg: 74 | total time: 21.53m | eta: 24.4m
step 01796/03814 (47.09%) | loss: 3.451183 | lrm: 0.82 | dt: 719.51ms | tok/sec: 91,084 | bf16_mfu: 0.00 | epoch: 1 pq: 1 rg: 74 | total time: 21.54m | eta: 24.3m
step 01797/03814 (47.12%) | loss: 3.465279 | lrm: 0.82 | dt: 785.64ms | tok/sec: 83,417 | bf16_mfu: 0.00 | epoch: 1 pq: 1 rg: 75 | total time: 21.55m | eta: 24.3m
step 01798/03814 (47.14%) | loss: 3.467671 | lrm: 0.82 | dt: 720.97ms | tok/sec: 90,899 | bf16_mfu: 0.00 | epoch: 1 pq: 1 rg: 75 | total time: 21.57m | eta: 24.3m
step 01799/03814 (47.17%) | loss: 3.459361 | lrm: 0.82 | dt: 715.85ms | tok/sec: 91,550 | bf16_mfu: 0.00 | epoch: 1 pq: 1 rg: 75 | total time: 21.58m | eta: 24.3m
step 01800/03814 (47.19%) | loss: 3.477978 | lrm: 0.82 | dt: 723.34ms | tok/sec: 90,602 | bf16_mfu: 0.00 | epoch: 1 pq: 1 rg: 75 | total time: 21.59m | eta: 24.3m
step 01801/03814 (47.22%) | loss: 3.478599 | lrm: 0.82 | dt: 714.33ms | tok/sec: 91,745 | bf16_mfu: 0.00 | epoch: 1 pq: 1 rg: 75 | total time: 21.60m | eta: 24.3m
step 01802/03814 (47.25%) | loss: 3.468956 | lrm: 0.82 | dt: 721.12ms | tok/sec: 90,881 | bf16_mfu: 0.00 | epoch: 1 pq: 1 rg: 75 | total time: 21.61m | eta: 24.3m
step 01803/03814 (47.27%) | loss: 3.463406 | lrm: 0.82 | dt: 712.99ms | tok/sec: 91,916 | bf16_mfu: 0.00 | epoch: 1 pq: 1 rg: 75 | total time: 21.63m | eta: 24.3m
step 01804/03814 (47.30%) | loss: 3.458812 | lrm: 0.82 | dt: 717.10ms | tok/sec: 91,390 | bf16_mfu: 0.00 | epoch: 1 pq: 1 rg: 75 | total time: 21.64m | eta: 24.2m
step 01805/03814 (47.33%) | loss: 3.462902 | lrm: 0.82 | dt: 717.20ms | tok/sec: 91,377 | bf16_mfu: 0.00 | epoch: 1 pq: 1 rg: 75 | total time: 21.65m | eta: 24.2m
step 01806/03814 (47.35%) | loss: 3.468415 | lrm: 0.82 | dt: 717.78ms | tok/sec: 91,303 | bf16_mfu: 0.00 | epoch: 1 pq: 1 rg: 75 | total time: 21.66m | eta: 24.2m
step 01807/03814 (47.38%) | loss: 3.465170 | lrm: 0.82 | dt: 781.81ms | tok/sec: 83,825 | bf16_mfu: 0.00 | epoch: 1 pq: 1 rg: 76 | total time: 21.68m | eta: 24.2m
step 01808/03814 (47.40%) | loss: 3.465820 | lrm: 0.82 | dt: 738.99ms | tok/sec: 88,683 | bf16_mfu: 0.00 | epoch: 1 pq: 1 rg: 76 | total time: 21.69m | eta: 24.2m
step 01809/03814 (47.43%) | loss: 3.455190 | lrm: 0.82 | dt: 716.59ms | tok/sec: 91,454 | bf16_mfu: 0.00 | epoch: 1 pq: 1 rg: 76 | total time: 21.70m | eta: 24.2m
step 01810/03814 (47.46%) | loss: 3.429551 | lrm: 0.82 | dt: 714.48ms | tok/sec: 91,724 | bf16_mfu: 0.00 | epoch: 1 pq: 1 rg: 76 | total time: 21.71m | eta: 24.2m
step 01811/03814 (47.48%) | loss: 3.432148 | lrm: 0.82 | dt: 781.65ms | tok/sec: 83,843 | bf16_mfu: 0.00 | epoch: 1 pq: 1 rg: 76 | total time: 21.72m | eta: 24.2m
step 01812/03814 (47.51%) | loss: 3.431195 | lrm: 0.82 | dt: 715.86ms | tok/sec: 91,548 | bf16_mfu: 0.00 | epoch: 1 pq: 1 rg: 76 | total time: 21.74m | eta: 24.1m
step 01813/03814 (47.54%) | loss: 3.433614 | lrm: 0.82 | dt: 745.74ms | tok/sec: 87,880 | bf16_mfu: 0.00 | epoch: 1 pq: 1 rg: 76 | total time: 21.75m | eta: 24.1m
step 01814/03814 (47.56%) | loss: 3.454889 | lrm: 0.82 | dt: 716.95ms | tok/sec: 91,409 | bf16_mfu: 0.00 | epoch: 1 pq: 1 rg: 76 | total time: 21.76m | eta: 24.1m
step 01815/03814 (47.59%) | loss: 3.454490 | lrm: 0.82 | dt: 719.13ms | tok/sec: 91,131 | bf16_mfu: 0.00 | epoch: 1 pq: 1 rg: 76 | total time: 21.77m | eta: 24.1m
step 01816/03814 (47.61%) | loss: 3.448293 | lrm: 0.82 | dt: 717.75ms | tok/sec: 91,307 | bf16_mfu: 0.00 | epoch: 1 pq: 1 rg: 76 | total time: 21.78m | eta: 24.1m
step 01817/03814 (47.64%) | loss: 3.438269 | lrm: 0.82 | dt: 741.37ms | tok/sec: 88,398 | bf16_mfu: 0.00 | epoch: 1 pq: 1 rg: 77 | total time: 21.80m | eta: 24.1m
step 01818/03814 (47.67%) | loss: 3.446467 | lrm: 0.81 | dt: 718.51ms | tok/sec: 91,210 | bf16_mfu: 0.00 | epoch: 1 pq: 1 rg: 77 | total time: 21.81m | eta: 24.1m
step 01819/03814 (47.69%) | loss: 3.433641 | lrm: 0.81 | dt: 717.80ms | tok/sec: 91,301 | bf16_mfu: 0.00 | epoch: 1 pq: 1 rg: 77 | total time: 21.82m | eta: 24.1m
step 01820/03814 (47.72%) | loss: 3.446688 | lrm: 0.81 | dt: 718.23ms | tok/sec: 91,246 | bf16_mfu: 0.00 | epoch: 1 pq: 1 rg: 77 | total time: 21.83m | eta: 24.1m
step 01821/03814 (47.75%) | loss: 3.430056 | lrm: 0.81 | dt: 719.04ms | tok/sec: 91,143 | bf16_mfu: 0.00 | epoch: 1 pq: 1 rg: 77 | total time: 21.85m | eta: 24.0m
step 01822/03814 (47.77%) | loss: 3.408421 | lrm: 0.81 | dt: 718.04ms | tok/sec: 91,270 | bf16_mfu: 0.00 | epoch: 1 pq: 1 rg: 77 | total time: 21.86m | eta: 24.0m
step 01823/03814 (47.80%) | loss: 3.405570 | lrm: 0.81 | dt: 764.20ms | tok/sec: 85,757 | bf16_mfu: 0.00 | epoch: 1 pq: 1 rg: 77 | total time: 21.87m | eta: 24.0m
step 01824/03814 (47.82%) | loss: 3.414449 | lrm: 0.81 | dt: 857.67ms | tok/sec: 76,411 | bf16_mfu: 0.00 | epoch: 1 pq: 1 rg: 77 | total time: 21.88m | eta: 24.0m
step 01825/03814 (47.85%) | loss: 3.431105 | lrm: 0.81 | dt: 721.59ms | tok/sec: 90,821 | bf16_mfu: 0.00 | epoch: 1 pq: 1 rg: 77 | total time: 21.90m | eta: 24.0m
step 01826/03814 (47.88%) | loss: 3.441721 | lrm: 0.81 | dt: 725.89ms | tok/sec: 90,283 | bf16_mfu: 0.00 | epoch: 1 pq: 2 rg: 0 | total time: 21.91m | eta: 24.0m
step 01827/03814 (47.90%) | loss: 3.448154 | lrm: 0.81 | dt: 715.35ms | tok/sec: 91,613 | bf16_mfu: 0.00 | epoch: 1 pq: 2 rg: 0 | total time: 21.92m | eta: 24.0m
step 01828/03814 (47.93%) | loss: 3.441565 | lrm: 0.81 | dt: 708.33ms | tok/sec: 92,522 | bf16_mfu: 0.00 | epoch: 1 pq: 2 rg: 0 | total time: 21.93m | eta: 24.0m
step 01829/03814 (47.95%) | loss: 3.452446 | lrm: 0.81 | dt: 711.77ms | tok/sec: 92,074 | bf16_mfu: 0.00 | epoch: 1 pq: 2 rg: 0 | total time: 21.94m | eta: 23.9m
step 01830/03814 (47.98%) | loss: 3.455414 | lrm: 0.81 | dt: 717.13ms | tok/sec: 91,386 | bf16_mfu: 0.00 | epoch: 1 pq: 2 rg: 0 | total time: 21.96m | eta: 23.9m
step 01831/03814 (48.01%) | loss: 3.455313 | lrm: 0.81 | dt: 760.20ms | tok/sec: 86,209 | bf16_mfu: 0.00 | epoch: 1 pq: 2 rg: 0 | total time: 21.97m | eta: 23.9m
step 01832/03814 (48.03%) | loss: 3.454347 | lrm: 0.81 | dt: 719.97ms | tok/sec: 91,026 | bf16_mfu: 0.00 | epoch: 1 pq: 2 rg: 0 | total time: 21.98m | eta: 23.9m
step 01833/03814 (48.06%) | loss: 3.441048 | lrm: 0.81 | dt: 716.21ms | tok/sec: 91,503 | bf16_mfu: 0.00 | epoch: 1 pq: 2 rg: 0 | total time: 21.99m | eta: 23.9m
step 01834/03814 (48.09%) | loss: 3.443271 | lrm: 0.81 | dt: 719.08ms | tok/sec: 91,138 | bf16_mfu: 0.00 | epoch: 1 pq: 2 rg: 0 | total time: 22.00m | eta: 23.9m
step 01835/03814 (48.11%) | loss: 3.429254 | lrm: 0.81 | dt: 713.37ms | tok/sec: 91,867 | bf16_mfu: 0.00 | epoch: 1 pq: 2 rg: 0 | total time: 22.02m | eta: 23.9m
step 01836/03814 (48.14%) | loss: 3.426136 | lrm: 0.81 | dt: 777.91ms | tok/sec: 84,246 | bf16_mfu: 0.00 | epoch: 1 pq: 2 rg: 1 | total time: 22.03m | eta: 23.9m
step 01837/03814 (48.16%) | loss: 3.427892 | lrm: 0.81 | dt: 718.76ms | tok/sec: 91,178 | bf16_mfu: 0.00 | epoch: 1 pq: 2 rg: 1 | total time: 22.04m | eta: 23.9m
step 01838/03814 (48.19%) | loss: 3.412203 | lrm: 0.81 | dt: 870.67ms | tok/sec: 75,270 | bf16_mfu: 0.00 | epoch: 1 pq: 2 rg: 1 | total time: 22.06m | eta: 23.8m
step 01839/03814 (48.22%) | loss: 3.413542 | lrm: 0.81 | dt: 716.95ms | tok/sec: 91,409 | bf16_mfu: 0.00 | epoch: 1 pq: 2 rg: 1 | total time: 22.07m | eta: 23.8m
step 01840/03814 (48.24%) | loss: 3.406497 | lrm: 0.81 | dt: 717.89ms | tok/sec: 91,290 | bf16_mfu: 0.00 | epoch: 1 pq: 2 rg: 1 | total time: 22.08m | eta: 23.8m
step 01841/03814 (48.27%) | loss: 3.379939 | lrm: 0.81 | dt: 788.76ms | tok/sec: 83,087 | bf16_mfu: 0.00 | epoch: 1 pq: 2 rg: 1 | total time: 22.09m | eta: 23.8m
step 01842/03814 (48.30%) | loss: 3.371758 | lrm: 0.81 | dt: 715.20ms | tok/sec: 91,633 | bf16_mfu: 0.00 | epoch: 1 pq: 2 rg: 1 | total time: 22.10m | eta: 23.8m
step 01843/03814 (48.32%) | loss: 3.369183 | lrm: 0.81 | dt: 718.76ms | tok/sec: 91,179 | bf16_mfu: 0.00 | epoch: 1 pq: 2 rg: 1 | total time: 22.12m | eta: 23.8m
step 01844/03814 (48.35%) | loss: 3.364565 | lrm: 0.80 | dt: 717.52ms | tok/sec: 91,336 | bf16_mfu: 0.00 | epoch: 1 pq: 2 rg: 1 | total time: 22.13m | eta: 23.8m
step 01845/03814 (48.37%) | loss: 3.388335 | lrm: 0.80 | dt: 717.79ms | tok/sec: 91,302 | bf16_mfu: 0.00 | epoch: 1 pq: 2 rg: 1 | total time: 22.14m | eta: 23.8m
step 01846/03814 (48.40%) | loss: 3.403098 | lrm: 0.80 | dt: 807.09ms | tok/sec: 81,200 | bf16_mfu: 0.00 | epoch: 1 pq: 2 rg: 2 | total time: 22.15m | eta: 23.7m
step 01847/03814 (48.43%) | loss: 3.398276 | lrm: 0.80 | dt: 718.19ms | tok/sec: 91,251 | bf16_mfu: 0.00 | epoch: 1 pq: 2 rg: 2 | total time: 22.17m | eta: 23.7m
step 01848/03814 (48.45%) | loss: 3.382263 | lrm: 0.80 | dt: 719.30ms | tok/sec: 91,111 | bf16_mfu: 0.00 | epoch: 1 pq: 2 rg: 2 | total time: 22.18m | eta: 23.7m
step 01849/03814 (48.48%) | loss: 3.379811 | lrm: 0.80 | dt: 717.71ms | tok/sec: 91,313 | bf16_mfu: 0.00 | epoch: 1 pq: 2 rg: 2 | total time: 22.19m | eta: 23.7m
step 01850/03814 (48.51%) | loss: 3.397503 | lrm: 0.80 | dt: 717.26ms | tok/sec: 91,369 | bf16_mfu: 0.00 | epoch: 1 pq: 2 rg: 2 | total time: 22.20m | eta: 23.7m
step 01851/03814 (48.53%) | loss: 3.408953 | lrm: 0.80 | dt: 715.92ms | tok/sec: 91,541 | bf16_mfu: 0.00 | epoch: 1 pq: 2 rg: 2 | total time: 22.21m | eta: 23.7m
step 01852/03814 (48.56%) | loss: 3.424466 | lrm: 0.80 | dt: 714.92ms | tok/sec: 91,669 | bf16_mfu: 0.00 | epoch: 1 pq: 2 rg: 2 | total time: 22.23m | eta: 23.7m
step 01853/03814 (48.58%) | loss: 3.397353 | lrm: 0.80 | dt: 714.93ms | tok/sec: 91,668 | bf16_mfu: 0.00 | epoch: 1 pq: 2 rg: 2 | total time: 22.24m | eta: 23.7m
step 01854/03814 (48.61%) | loss: 3.395594 | lrm: 0.80 | dt: 716.40ms | tok/sec: 91,479 | bf16_mfu: 0.00 | epoch: 1 pq: 2 rg: 2 | total time: 22.25m | eta: 23.6m
step 01855/03814 (48.64%) | loss: 3.365250 | lrm: 0.80 | dt: 724.96ms | tok/sec: 90,400 | bf16_mfu: 0.00 | epoch: 1 pq: 2 rg: 3 | total time: 22.26m | eta: 23.6m
step 01856/03814 (48.66%) | loss: 3.349309 | lrm: 0.80 | dt: 716.20ms | tok/sec: 91,504 | bf16_mfu: 0.00 | epoch: 1 pq: 2 rg: 3 | total time: 22.27m | eta: 23.6m
step 01857/03814 (48.69%) | loss: 3.341858 | lrm: 0.80 | dt: 721.98ms | tok/sec: 90,773 | bf16_mfu: 0.00 | epoch: 1 pq: 2 rg: 3 | total time: 22.29m | eta: 23.6m
step 01858/03814 (48.72%) | loss: 3.367737 | lrm: 0.80 | dt: 716.48ms | tok/sec: 91,469 | bf16_mfu: 0.00 | epoch: 1 pq: 2 rg: 3 | total time: 22.30m | eta: 23.6m
step 01859/03814 (48.74%) | loss: 3.393166 | lrm: 0.80 | dt: 717.98ms | tok/sec: 91,278 | bf16_mfu: 0.00 | epoch: 1 pq: 2 rg: 3 | total time: 22.31m | eta: 23.6m
step 01860/03814 (48.77%) | loss: 3.401539 | lrm: 0.80 | dt: 719.37ms | tok/sec: 91,101 | bf16_mfu: 0.00 | epoch: 1 pq: 2 rg: 3 | total time: 22.32m | eta: 23.6m
step 01861/03814 (48.79%) | loss: 3.395078 | lrm: 0.80 | dt: 715.48ms | tok/sec: 91,597 | bf16_mfu: 0.00 | epoch: 1 pq: 2 rg: 3 | total time: 22.33m | eta: 23.6m
step 01862/03814 (48.82%) | loss: 3.374175 | lrm: 0.80 | dt: 718.58ms | tok/sec: 91,201 | bf16_mfu: 0.00 | epoch: 1 pq: 2 rg: 3 | total time: 22.35m | eta: 23.6m
step 01863/03814 (48.85%) | loss: 3.366938 | lrm: 0.80 | dt: 719.89ms | tok/sec: 91,036 | bf16_mfu: 0.00 | epoch: 1 pq: 2 rg: 3 | total time: 22.36m | eta: 23.5m
step 01864/03814 (48.87%) | loss: 3.352381 | lrm: 0.80 | dt: 720.22ms | tok/sec: 90,994 | bf16_mfu: 0.00 | epoch: 1 pq: 2 rg: 3 | total time: 22.37m | eta: 23.5m
step 01865/03814 (48.90%) | loss: 3.338109 | lrm: 0.80 | dt: 718.39ms | tok/sec: 91,226 | bf16_mfu: 0.00 | epoch: 1 pq: 2 rg: 4 | total time: 22.38m | eta: 23.5m
step 01866/03814 (48.93%) | loss: 3.361350 | lrm: 0.80 | dt: 721.32ms | tok/sec: 90,855 | bf16_mfu: 0.00 | epoch: 1 pq: 2 rg: 4 | total time: 22.39m | eta: 23.5m
step 01867/03814 (48.95%) | loss: 3.360514 | lrm: 0.80 | dt: 716.87ms | tok/sec: 91,419 | bf16_mfu: 0.00 | epoch: 1 pq: 2 rg: 4 | total time: 22.41m | eta: 23.5m
step 01868/03814 (48.98%) | loss: 3.385105 | lrm: 0.80 | dt: 718.83ms | tok/sec: 91,170 | bf16_mfu: 0.00 | epoch: 1 pq: 2 rg: 4 | total time: 22.42m | eta: 23.5m
step 01869/03814 (49.00%) | loss: 3.378118 | lrm: 0.80 | dt: 717.37ms | tok/sec: 91,356 | bf16_mfu: 0.00 | epoch: 1 pq: 2 rg: 4 | total time: 22.43m | eta: 23.5m
step 01870/03814 (49.03%) | loss: 3.373319 | lrm: 0.79 | dt: 720.80ms | tok/sec: 90,921 | bf16_mfu: 0.00 | epoch: 1 pq: 2 rg: 4 | total time: 22.44m | eta: 23.5m
step 01871/03814 (49.06%) | loss: 3.362999 | lrm: 0.79 | dt: 717.60ms | tok/sec: 91,326 | bf16_mfu: 0.00 | epoch: 1 pq: 2 rg: 4 | total time: 22.45m | eta: 23.4m
step 01872/03814 (49.08%) | loss: 3.376529 | lrm: 0.79 | dt: 719.67ms | tok/sec: 91,064 | bf16_mfu: 0.00 | epoch: 1 pq: 2 rg: 4 | total time: 22.47m | eta: 23.4m
step 01873/03814 (49.11%) | loss: 3.393099 | lrm: 0.79 | dt: 714.13ms | tok/sec: 91,770 | bf16_mfu: 0.00 | epoch: 1 pq: 2 rg: 4 | total time: 22.48m | eta: 23.4m
step 01874/03814 (49.13%) | loss: 3.419043 | lrm: 0.79 | dt: 721.85ms | tok/sec: 90,789 | bf16_mfu: 0.00 | epoch: 1 pq: 2 rg: 5 | total time: 22.49m | eta: 23.4m
step 01875/03814 (49.16%) | loss: 3.428754 | lrm: 0.79 | dt: 718.68ms | tok/sec: 91,188 | bf16_mfu: 0.00 | epoch: 1 pq: 2 rg: 5 | total time: 22.50m | eta: 23.4m
step 01876/03814 (49.19%) | loss: 3.421375 | lrm: 0.79 | dt: 719.52ms | tok/sec: 91,083 | bf16_mfu: 0.00 | epoch: 1 pq: 2 rg: 5 | total time: 22.51m | eta: 23.4m
step 01877/03814 (49.21%) | loss: 3.412636 | lrm: 0.79 | dt: 715.69ms | tok/sec: 91,570 | bf16_mfu: 0.00 | epoch: 1 pq: 2 rg: 5 | total time: 22.53m | eta: 23.4m
step 01878/03814 (49.24%) | loss: 3.396874 | lrm: 0.79 | dt: 720.28ms | tok/sec: 90,986 | bf16_mfu: 0.00 | epoch: 1 pq: 2 rg: 5 | total time: 22.54m | eta: 23.4m
step 01879/03814 (49.27%) | loss: 3.376732 | lrm: 0.79 | dt: 719.27ms | tok/sec: 91,114 | bf16_mfu: 0.00 | epoch: 1 pq: 2 rg: 5 | total time: 22.55m | eta: 23.3m
step 01880/03814 (49.29%) | loss: 3.394865 | lrm: 0.79 | dt: 780.95ms | tok/sec: 83,918 | bf16_mfu: 0.00 | epoch: 1 pq: 2 rg: 5 | total time: 22.56m | eta: 23.3m
step 01881/03814 (49.32%) | loss: 3.428167 | lrm: 0.79 | dt: 725.51ms | tok/sec: 90,330 | bf16_mfu: 0.00 | epoch: 1 pq: 2 rg: 5 | total time: 22.57m | eta: 23.3m
step 01882/03814 (49.34%) | loss: 3.423654 | lrm: 0.79 | dt: 717.65ms | tok/sec: 91,320 | bf16_mfu: 0.00 | epoch: 1 pq: 2 rg: 5 | total time: 22.59m | eta: 23.3m
step 01883/03814 (49.37%) | loss: 3.419912 | lrm: 0.79 | dt: 723.61ms | tok/sec: 90,568 | bf16_mfu: 0.00 | epoch: 1 pq: 2 rg: 6 | total time: 22.60m | eta: 23.3m
step 01884/03814 (49.40%) | loss: 3.401223 | lrm: 0.79 | dt: 717.87ms | tok/sec: 91,292 | bf16_mfu: 0.00 | epoch: 1 pq: 2 rg: 6 | total time: 22.61m | eta: 23.3m
step 01885/03814 (49.42%) | loss: 3.399917 | lrm: 0.79 | dt: 719.99ms | tok/sec: 91,023 | bf16_mfu: 0.00 | epoch: 1 pq: 2 rg: 6 | total time: 22.62m | eta: 23.3m
step 01886/03814 (49.45%) | loss: 3.389688 | lrm: 0.79 | dt: 722.19ms | tok/sec: 90,746 | bf16_mfu: 0.00 | epoch: 1 pq: 2 rg: 6 | total time: 22.63m | eta: 23.3m
step 01887/03814 (49.48%) | loss: 3.411721 | lrm: 0.79 | dt: 717.94ms | tok/sec: 91,282 | bf16_mfu: 0.00 | epoch: 1 pq: 2 rg: 6 | total time: 22.65m | eta: 23.2m
step 01888/03814 (49.50%) | loss: 3.410694 | lrm: 0.79 | dt: 816.09ms | tok/sec: 80,304 | bf16_mfu: 0.00 | epoch: 1 pq: 2 rg: 6 | total time: 22.66m | eta: 23.2m
step 01889/03814 (49.53%) | loss: 3.392693 | lrm: 0.79 | dt: 720.96ms | tok/sec: 90,901 | bf16_mfu: 0.00 | epoch: 1 pq: 2 rg: 6 | total time: 22.67m | eta: 23.2m
step 01890/03814 (49.55%) | loss: 3.366227 | lrm: 0.79 | dt: 723.36ms | tok/sec: 90,598 | bf16_mfu: 0.00 | epoch: 1 pq: 2 rg: 6 | total time: 22.68m | eta: 23.2m
step 01891/03814 (49.58%) | loss: 3.355637 | lrm: 0.79 | dt: 717.78ms | tok/sec: 91,304 | bf16_mfu: 0.00 | epoch: 1 pq: 2 rg: 6 | total time: 22.70m | eta: 23.2m
step 01892/03814 (49.61%) | loss: 3.336038 | lrm: 0.79 | dt: 719.85ms | tok/sec: 91,041 | bf16_mfu: 0.00 | epoch: 1 pq: 2 rg: 6 | total time: 22.71m | eta: 23.2m
step 01893/03814 (49.63%) | loss: 3.332192 | lrm: 0.79 | dt: 719.96ms | tok/sec: 91,027 | bf16_mfu: 0.00 | epoch: 1 pq: 2 rg: 7 | total time: 22.72m | eta: 23.2m
step 01894/03814 (49.66%) | loss: 3.331494 | lrm: 0.79 | dt: 720.44ms | tok/sec: 90,966 | bf16_mfu: 0.00 | epoch: 1 pq: 2 rg: 7 | total time: 22.73m | eta: 23.2m
step 01895/03814 (49.69%) | loss: 3.357528 | lrm: 0.79 | dt: 717.30ms | tok/sec: 91,364 | bf16_mfu: 0.00 | epoch: 1 pq: 2 rg: 7 | total time: 22.74m | eta: 23.2m
step 01896/03814 (49.71%) | loss: 3.355644 | lrm: 0.79 | dt: 723.08ms | tok/sec: 90,635 | bf16_mfu: 0.00 | epoch: 1 pq: 2 rg: 7 | total time: 22.76m | eta: 23.1m
step 01897/03814 (49.74%) | loss: 3.361656 | lrm: 0.78 | dt: 725.44ms | tok/sec: 90,339 | bf16_mfu: 0.00 | epoch: 1 pq: 2 rg: 7 | total time: 22.77m | eta: 23.1m
step 01898/03814 (49.76%) | loss: 3.336770 | lrm: 0.78 | dt: 717.64ms | tok/sec: 91,321 | bf16_mfu: 0.00 | epoch: 1 pq: 2 rg: 7 | total time: 22.78m | eta: 23.1m
step 01899/03814 (49.79%) | loss: 3.317377 | lrm: 0.78 | dt: 720.06ms | tok/sec: 91,015 | bf16_mfu: 0.00 | epoch: 1 pq: 2 rg: 7 | total time: 22.79m | eta: 23.1m
step 01900/03814 (49.82%) | loss: 3.329986 | lrm: 0.78 | dt: 719.78ms | tok/sec: 91,050 | bf16_mfu: 0.00 | epoch: 1 pq: 2 rg: 7 | total time: 22.80m | eta: 23.1m
step 01901/03814 (49.84%) | loss: 3.317121 | lrm: 0.78 | dt: 720.79ms | tok/sec: 90,921 | bf16_mfu: 0.00 | epoch: 1 pq: 2 rg: 7 | total time: 22.82m | eta: 23.1m
step 01902/03814 (49.87%) | loss: 3.325438 | lrm: 0.78 | dt: 722.78ms | tok/sec: 90,672 | bf16_mfu: 0.00 | epoch: 1 pq: 2 rg: 8 | total time: 22.83m | eta: 23.1m
step 01903/03814 (49.90%) | loss: 3.329970 | lrm: 0.78 | dt: 717.07ms | tok/sec: 91,393 | bf16_mfu: 0.00 | epoch: 1 pq: 2 rg: 8 | total time: 22.84m | eta: 23.1m
step 01904/03814 (49.92%) | loss: 3.336972 | lrm: 0.78 | dt: 722.14ms | tok/sec: 90,751 | bf16_mfu: 0.00 | epoch: 1 pq: 2 rg: 8 | total time: 22.85m | eta: 23.0m
step 01905/03814 (49.95%) | loss: 3.312819 | lrm: 0.78 | dt: 713.65ms | tok/sec: 91,832 | bf16_mfu: 0.00 | epoch: 1 pq: 2 rg: 8 | total time: 22.86m | eta: 23.0m
step 01906/03814 (49.97%) | loss: 3.298910 | lrm: 0.78 | dt: 720.93ms | tok/sec: 90,905 | bf16_mfu: 0.00 | epoch: 1 pq: 2 rg: 8 | total time: 22.88m | eta: 23.0m
step 01907/03814 (50.00%) | loss: 3.294397 | lrm: 0.78 | dt: 716.71ms | tok/sec: 91,440 | bf16_mfu: 0.00 | epoch: 1 pq: 2 rg: 8 | total time: 22.89m | eta: 23.0m
step 01908/03814 (50.03%) | loss: 3.288806 | lrm: 0.78 | dt: 723.22ms | tok/sec: 90,616 | bf16_mfu: 0.00 | epoch: 1 pq: 2 rg: 8 | total time: 22.90m | eta: 23.0m
step 01909/03814 (50.05%) | loss: 3.308103 | lrm: 0.78 | dt: 721.19ms | tok/sec: 90,871 | bf16_mfu: 0.00 | epoch: 1 pq: 2 rg: 8 | total time: 22.91m | eta: 23.0m
step 01910/03814 (50.08%) | loss: 3.329261 | lrm: 0.78 | dt: 719.42ms | tok/sec: 91,095 | bf16_mfu: 0.00 | epoch: 1 pq: 2 rg: 8 | total time: 22.92m | eta: 23.0m
step 01911/03814 (50.10%) | loss: 3.338270 | lrm: 0.78 | dt: 719.31ms | tok/sec: 91,109 | bf16_mfu: 0.00 | epoch: 1 pq: 2 rg: 9 | total time: 22.94m | eta: 23.0m
step 01912/03814 (50.13%) | loss: 3.338380 | lrm: 0.78 | dt: 717.93ms | tok/sec: 91,284 | bf16_mfu: 0.00 | epoch: 1 pq: 2 rg: 9 | total time: 22.95m | eta: 22.9m
step 01913/03814 (50.16%) | loss: 3.331345 | lrm: 0.78 | dt: 736.26ms | tok/sec: 89,011 | bf16_mfu: 0.00 | epoch: 1 pq: 2 rg: 9 | total time: 22.96m | eta: 22.9m
step 01914/03814 (50.18%) | loss: 3.307547 | lrm: 0.78 | dt: 720.51ms | tok/sec: 90,957 | bf16_mfu: 0.00 | epoch: 1 pq: 2 rg: 9 | total time: 22.97m | eta: 22.9m
step 01915/03814 (50.21%) | loss: 3.298756 | lrm: 0.78 | dt: 717.58ms | tok/sec: 91,329 | bf16_mfu: 0.00 | epoch: 1 pq: 2 rg: 9 | total time: 22.98m | eta: 22.9m
step 01916/03814 (50.24%) | loss: 3.288391 | lrm: 0.78 | dt: 719.39ms | tok/sec: 91,098 | bf16_mfu: 0.00 | epoch: 1 pq: 2 rg: 9 | total time: 23.00m | eta: 22.9m
step 01917/03814 (50.26%) | loss: 3.306660 | lrm: 0.78 | dt: 723.52ms | tok/sec: 90,580 | bf16_mfu: 0.00 | epoch: 1 pq: 2 rg: 9 | total time: 23.01m | eta: 22.9m
step 01918/03814 (50.29%) | loss: 3.322187 | lrm: 0.78 | dt: 736.77ms | tok/sec: 88,950 | bf16_mfu: 0.00 | epoch: 1 pq: 2 rg: 9 | total time: 23.02m | eta: 22.9m
step 01919/03814 (50.31%) | loss: 3.337593 | lrm: 0.78 | dt: 722.71ms | tok/sec: 90,681 | bf16_mfu: 0.00 | epoch: 1 pq: 2 rg: 9 | total time: 23.03m | eta: 22.9m
step 01920/03814 (50.34%) | loss: 3.335019 | lrm: 0.78 | dt: 720.56ms | tok/sec: 90,950 | bf16_mfu: 0.00 | epoch: 1 pq: 2 rg: 9 | total time: 23.04m | eta: 22.9m
step 01921/03814 (50.37%) | loss: 3.331242 | lrm: 0.78 | dt: 721.17ms | tok/sec: 90,874 | bf16_mfu: 0.00 | epoch: 1 pq: 2 rg: 10 | total time: 23.06m | eta: 22.8m
step 01922/03814 (50.39%) | loss: 3.337990 | lrm: 0.78 | dt: 734.78ms | tok/sec: 89,190 | bf16_mfu: 0.00 | epoch: 1 pq: 2 rg: 10 | total time: 23.07m | eta: 22.8m
step 01923/03814 (50.42%) | loss: 3.363937 | lrm: 0.77 | dt: 722.20ms | tok/sec: 90,744 | bf16_mfu: 0.00 | epoch: 1 pq: 2 rg: 10 | total time: 23.08m | eta: 22.8m
step 01924/03814 (50.45%) | loss: 3.358097 | lrm: 0.77 | dt: 725.23ms | tok/sec: 90,366 | bf16_mfu: 0.00 | epoch: 1 pq: 2 rg: 10 | total time: 23.09m | eta: 22.8m
step 01925/03814 (50.47%) | loss: 3.328589 | lrm: 0.77 | dt: 716.04ms | tok/sec: 91,525 | bf16_mfu: 0.00 | epoch: 1 pq: 2 rg: 10 | total time: 23.10m | eta: 22.8m
step 01926/03814 (50.50%) | loss: 3.311166 | lrm: 0.77 | dt: 724.76ms | tok/sec: 90,424 | bf16_mfu: 0.00 | epoch: 1 pq: 2 rg: 10 | total time: 23.12m | eta: 22.8m
step 01927/03814 (50.52%) | loss: 3.298542 | lrm: 0.77 | dt: 722.40ms | tok/sec: 90,719 | bf16_mfu: 0.00 | epoch: 1 pq: 2 rg: 10 | total time: 23.13m | eta: 22.8m
step 01928/03814 (50.55%) | loss: 3.293935 | lrm: 0.77 | dt: 720.40ms | tok/sec: 90,971 | bf16_mfu: 0.00 | epoch: 1 pq: 2 rg: 10 | total time: 23.14m | eta: 22.8m
step 01929/03814 (50.58%) | loss: 3.309057 | lrm: 0.77 | dt: 722.26ms | tok/sec: 90,737 | bf16_mfu: 0.00 | epoch: 1 pq: 2 rg: 10 | total time: 23.15m | eta: 22.7m
step 01930/03814 (50.60%) | loss: 3.326621 | lrm: 0.77 | dt: 719.23ms | tok/sec: 91,119 | bf16_mfu: 0.00 | epoch: 1 pq: 2 rg: 11 | total time: 23.16m | eta: 22.7m
step 01931/03814 (50.63%) | loss: 3.349589 | lrm: 0.77 | dt: 718.91ms | tok/sec: 91,160 | bf16_mfu: 0.00 | epoch: 1 pq: 2 rg: 11 | total time: 23.18m | eta: 22.7m
step 01932/03814 (50.66%) | loss: 3.348626 | lrm: 0.77 | dt: 718.52ms | tok/sec: 91,209 | bf16_mfu: 0.00 | epoch: 1 pq: 2 rg: 11 | total time: 23.19m | eta: 22.7m
step 01933/03814 (50.68%) | loss: 3.341999 | lrm: 0.77 | dt: 721.49ms | tok/sec: 90,834 | bf16_mfu: 0.00 | epoch: 1 pq: 2 rg: 11 | total time: 23.20m | eta: 22.7m
step 01934/03814 (50.71%) | loss: 3.329835 | lrm: 0.77 | dt: 719.39ms | tok/sec: 91,099 | bf16_mfu: 0.00 | epoch: 1 pq: 2 rg: 11 | total time: 23.21m | eta: 22.7m
step 01935/03814 (50.73%) | loss: 3.322319 | lrm: 0.77 | dt: 721.45ms | tok/sec: 90,839 | bf16_mfu: 0.00 | epoch: 1 pq: 2 rg: 11 | total time: 23.22m | eta: 22.7m
step 01936/03814 (50.76%) | loss: 3.327342 | lrm: 0.77 | dt: 715.81ms | tok/sec: 91,555 | bf16_mfu: 0.00 | epoch: 1 pq: 2 rg: 11 | total time: 23.24m | eta: 22.7m
step 01937/03814 (50.79%) | loss: 3.350169 | lrm: 0.77 | dt: 725.92ms | tok/sec: 90,280 | bf16_mfu: 0.00 | epoch: 1 pq: 2 rg: 11 | total time: 23.25m | eta: 22.6m
step 01938/03814 (50.81%) | loss: 3.356350 | lrm: 0.77 | dt: 717.98ms | tok/sec: 91,278 | bf16_mfu: 0.00 | epoch: 1 pq: 2 rg: 11 | total time: 23.26m | eta: 22.6m
step 01939/03814 (50.84%) | loss: 3.333763 | lrm: 0.77 | dt: 991.41ms | tok/sec: 66,103 | bf16_mfu: 0.00 | epoch: 1 pq: 2 rg: 12 | total time: 23.28m | eta: 22.6m
step 01940/03814 (50.87%) | loss: 3.322798 | lrm: 0.77 | dt: 718.65ms | tok/sec: 91,193 | bf16_mfu: 0.00 | epoch: 1 pq: 2 rg: 12 | total time: 23.29m | eta: 22.6m
step 01941/03814 (50.89%) | loss: 3.310161 | lrm: 0.77 | dt: 720.20ms | tok/sec: 90,997 | bf16_mfu: 0.00 | epoch: 1 pq: 2 rg: 12 | total time: 23.30m | eta: 22.6m
step 01942/03814 (50.92%) | loss: 3.320707 | lrm: 0.77 | dt: 719.43ms | tok/sec: 91,093 | bf16_mfu: 0.00 | epoch: 1 pq: 2 rg: 12 | total time: 23.31m | eta: 22.6m
step 01943/03814 (50.94%) | loss: 3.343104 | lrm: 0.77 | dt: 717.42ms | tok/sec: 91,349 | bf16_mfu: 0.00 | epoch: 1 pq: 2 rg: 12 | total time: 23.33m | eta: 22.6m
step 01944/03814 (50.97%) | loss: 3.346620 | lrm: 0.77 | dt: 724.88ms | tok/sec: 90,408 | bf16_mfu: 0.00 | epoch: 1 pq: 2 rg: 12 | total time: 23.34m | eta: 22.6m
step 01945/03814 (51.00%) | loss: 3.331865 | lrm: 0.77 | dt: 719.30ms | tok/sec: 91,111 | bf16_mfu: 0.00 | epoch: 1 pq: 2 rg: 12 | total time: 23.35m | eta: 22.6m
step 01946/03814 (51.02%) | loss: 3.320371 | lrm: 0.77 | dt: 724.82ms | tok/sec: 90,416 | bf16_mfu: 0.00 | epoch: 1 pq: 2 rg: 12 | total time: 23.36m | eta: 22.5m
step 01947/03814 (51.05%) | loss: 3.305698 | lrm: 0.77 | dt: 724.73ms | tok/sec: 90,428 | bf16_mfu: 0.00 | epoch: 1 pq: 2 rg: 12 | total time: 23.37m | eta: 22.5m
step 01948/03814 (51.07%) | loss: 3.325664 | lrm: 0.77 | dt: 716.57ms | tok/sec: 91,457 | bf16_mfu: 0.00 | epoch: 1 pq: 2 rg: 12 | total time: 23.39m | eta: 22.5m
step 01949/03814 (51.10%) | loss: 3.342705 | lrm: 0.76 | dt: 720.38ms | tok/sec: 90,974 | bf16_mfu: 0.00 | epoch: 1 pq: 2 rg: 13 | total time: 23.40m | eta: 22.5m
step 01950/03814 (51.13%) | loss: 3.350022 | lrm: 0.76 | dt: 715.87ms | tok/sec: 91,547 | bf16_mfu: 0.00 | epoch: 1 pq: 2 rg: 13 | total time: 23.41m | eta: 22.5m
step 01951/03814 (51.15%) | loss: 3.354331 | lrm: 0.76 | dt: 717.42ms | tok/sec: 91,350 | bf16_mfu: 0.00 | epoch: 1 pq: 2 rg: 13 | total time: 23.42m | eta: 22.5m
step 01952/03814 (51.18%) | loss: 3.323628 | lrm: 0.76 | dt: 719.93ms | tok/sec: 91,030 | bf16_mfu: 0.00 | epoch: 1 pq: 2 rg: 13 | total time: 23.43m | eta: 22.5m
step 01953/03814 (51.21%) | loss: 3.308867 | lrm: 0.76 | dt: 721.33ms | tok/sec: 90,854 | bf16_mfu: 0.00 | epoch: 1 pq: 2 rg: 13 | total time: 23.45m | eta: 22.5m
step 01954/03814 (51.23%) | loss: 3.282498 | lrm: 0.76 | dt: 719.95ms | tok/sec: 91,028 | bf16_mfu: 0.00 | epoch: 1 pq: 2 rg: 13 | total time: 23.46m | eta: 22.4m
step 01955/03814 (51.26%) | loss: 3.288518 | lrm: 0.76 | dt: 723.83ms | tok/sec: 90,540 | bf16_mfu: 0.00 | epoch: 1 pq: 2 rg: 13 | total time: 23.47m | eta: 22.4m
step 01956/03814 (51.28%) | loss: 3.292009 | lrm: 0.76 | dt: 716.07ms | tok/sec: 91,521 | bf16_mfu: 0.00 | epoch: 1 pq: 2 rg: 13 | total time: 23.48m | eta: 22.4m
step 01957/03814 (51.31%) | loss: 3.318409 | lrm: 0.76 | dt: 772.57ms | tok/sec: 84,828 | bf16_mfu: 0.00 | epoch: 1 pq: 2 rg: 13 | total time: 23.49m | eta: 22.4m
step 01958/03814 (51.34%) | loss: 3.337934 | lrm: 0.76 | dt: 723.09ms | tok/sec: 90,633 | bf16_mfu: 0.00 | epoch: 1 pq: 2 rg: 14 | total time: 23.51m | eta: 22.4m
step 01959/03814 (51.36%) | loss: 3.321076 | lrm: 0.76 | dt: 717.34ms | tok/sec: 91,359 | bf16_mfu: 0.00 | epoch: 1 pq: 2 rg: 14 | total time: 23.52m | eta: 22.4m
step 01960/03814 (51.39%) | loss: 3.307463 | lrm: 0.76 | dt: 719.58ms | tok/sec: 91,074 | bf16_mfu: 0.00 | epoch: 1 pq: 2 rg: 14 | total time: 23.53m | eta: 22.4m
step 01961/03814 (51.42%) | loss: 3.319673 | lrm: 0.76 | dt: 722.13ms | tok/sec: 90,753 | bf16_mfu: 0.00 | epoch: 1 pq: 2 rg: 14 | total time: 23.54m | eta: 22.4m
step 01962/03814 (51.44%) | loss: 3.338004 | lrm: 0.76 | dt: 718.07ms | tok/sec: 91,267 | bf16_mfu: 0.00 | epoch: 1 pq: 2 rg: 14 | total time: 23.55m | eta: 22.3m
step 01963/03814 (51.47%) | loss: 3.337412 | lrm: 0.76 | dt: 722.06ms | tok/sec: 90,762 | bf16_mfu: 0.00 | epoch: 1 pq: 2 rg: 14 | total time: 23.57m | eta: 22.3m
step 01964/03814 (51.49%) | loss: 3.324086 | lrm: 0.76 | dt: 715.87ms | tok/sec: 91,547 | bf16_mfu: 0.00 | epoch: 1 pq: 2 rg: 14 | total time: 23.58m | eta: 22.3m
step 01965/03814 (51.52%) | loss: 3.315246 | lrm: 0.76 | dt: 722.68ms | tok/sec: 90,684 | bf16_mfu: 0.00 | epoch: 1 pq: 2 rg: 14 | total time: 23.59m | eta: 22.3m
step 01966/03814 (51.55%) | loss: 3.302848 | lrm: 0.76 | dt: 717.28ms | tok/sec: 91,367 | bf16_mfu: 0.00 | epoch: 1 pq: 2 rg: 14 | total time: 23.60m | eta: 22.3m
step 01967/03814 (51.57%) | loss: 3.297731 | lrm: 0.76 | dt: 720.94ms | tok/sec: 90,903 | bf16_mfu: 0.00 | epoch: 1 pq: 2 rg: 14 | total time: 23.61m | eta: 22.3m
step 01968/03814 (51.60%) | loss: 3.309727 | lrm: 0.76 | dt: 716.13ms | tok/sec: 91,513 | bf16_mfu: 0.00 | epoch: 1 pq: 2 rg: 15 | total time: 23.63m | eta: 22.3m
step 01969/03814 (51.63%) | loss: 3.348012 | lrm: 0.76 | dt: 720.99ms | tok/sec: 90,896 | bf16_mfu: 0.00 | epoch: 1 pq: 2 rg: 15 | total time: 23.64m | eta: 22.3m
step 01970/03814 (51.65%) | loss: 3.348599 | lrm: 0.76 | dt: 719.33ms | tok/sec: 91,107 | bf16_mfu: 0.00 | epoch: 1 pq: 2 rg: 15 | total time: 23.65m | eta: 22.3m
step 01971/03814 (51.68%) | loss: 3.346418 | lrm: 0.76 | dt: 787.12ms | tok/sec: 83,260 | bf16_mfu: 0.00 | epoch: 1 pq: 2 rg: 15 | total time: 23.66m | eta: 22.2m
step 01972/03814 (51.70%) | loss: 3.337328 | lrm: 0.76 | dt: 721.66ms | tok/sec: 90,812 | bf16_mfu: 0.00 | epoch: 1 pq: 2 rg: 15 | total time: 23.68m | eta: 22.2m
step 01973/03814 (51.73%) | loss: 3.314324 | lrm: 0.76 | dt: 720.90ms | tok/sec: 90,908 | bf16_mfu: 0.00 | epoch: 1 pq: 2 rg: 15 | total time: 23.69m | eta: 22.2m
step 01974/03814 (51.76%) | loss: 3.312513 | lrm: 0.76 | dt: 860.73ms | tok/sec: 76,140 | bf16_mfu: 0.00 | epoch: 1 pq: 2 rg: 15 | total time: 23.70m | eta: 22.2m
step 01975/03814 (51.78%) | loss: 3.323428 | lrm: 0.75 | dt: 723.62ms | tok/sec: 90,566 | bf16_mfu: 0.00 | epoch: 1 pq: 2 rg: 15 | total time: 23.71m | eta: 22.2m
step 01976/03814 (51.81%) | loss: 3.351967 | lrm: 0.75 | dt: 718.86ms | tok/sec: 91,166 | bf16_mfu: 0.00 | epoch: 1 pq: 2 rg: 15 | total time: 23.73m | eta: 22.2m
step 01977/03814 (51.84%) | loss: 3.360086 | lrm: 0.75 | dt: 718.90ms | tok/sec: 91,161 | bf16_mfu: 0.00 | epoch: 1 pq: 2 rg: 16 | total time: 23.74m | eta: 22.2m
step 01978/03814 (51.86%) | loss: 3.332297 | lrm: 0.75 | dt: 717.79ms | tok/sec: 91,302 | bf16_mfu: 0.00 | epoch: 1 pq: 2 rg: 16 | total time: 23.75m | eta: 22.2m
step 01979/03814 (51.89%) | loss: 3.323142 | lrm: 0.75 | dt: 878.41ms | tok/sec: 74,607 | bf16_mfu: 0.00 | epoch: 1 pq: 2 rg: 16 | total time: 23.76m | eta: 22.1m
step 01980/03814 (51.91%) | loss: 3.324272 | lrm: 0.75 | dt: 719.28ms | tok/sec: 91,112 | bf16_mfu: 0.00 | epoch: 1 pq: 2 rg: 16 | total time: 23.78m | eta: 22.1m
step 01981/03814 (51.94%) | loss: 3.302095 | lrm: 0.75 | dt: 722.16ms | tok/sec: 90,749 | bf16_mfu: 0.00 | epoch: 1 pq: 2 rg: 16 | total time: 23.79m | eta: 22.1m
step 01982/03814 (51.97%) | loss: 3.305979 | lrm: 0.75 | dt: 716.24ms | tok/sec: 91,500 | bf16_mfu: 0.00 | epoch: 1 pq: 2 rg: 16 | total time: 23.80m | eta: 22.1m
step 01983/03814 (51.99%) | loss: 3.308224 | lrm: 0.75 | dt: 718.34ms | tok/sec: 91,232 | bf16_mfu: 0.00 | epoch: 1 pq: 2 rg: 16 | total time: 23.81m | eta: 22.1m
step 01984/03814 (52.02%) | loss: 3.313776 | lrm: 0.75 | dt: 716.46ms | tok/sec: 91,471 | bf16_mfu: 0.00 | epoch: 1 pq: 2 rg: 16 | total time: 23.82m | eta: 22.1m
step 01985/03814 (52.05%) | loss: 3.335783 | lrm: 0.75 | dt: 1017.25ms | tok/sec: 64,424 | bf16_mfu: 0.00 | epoch: 1 pq: 2 rg: 16 | total time: 23.84m | eta: 22.1m
step 01986/03814 (52.07%) | loss: 3.327082 | lrm: 0.75 | dt: 881.19ms | tok/sec: 74,371 | bf16_mfu: 0.00 | epoch: 1 pq: 2 rg: 17 | total time: 23.86m | eta: 22.1m
step 01987/03814 (52.10%) | loss: 3.310982 | lrm: 0.75 | dt: 722.68ms | tok/sec: 90,684 | bf16_mfu: 0.00 | epoch: 1 pq: 2 rg: 17 | total time: 23.87m | eta: 22.1m
step 01988/03814 (52.12%) | loss: 3.306679 | lrm: 0.75 | dt: 714.98ms | tok/sec: 91,661 | bf16_mfu: 0.00 | epoch: 1 pq: 2 rg: 17 | total time: 23.88m | eta: 22.0m
step 01989/03814 (52.15%) | loss: 3.302808 | lrm: 0.75 | dt: 719.51ms | tok/sec: 91,083 | bf16_mfu: 0.00 | epoch: 1 pq: 2 rg: 17 | total time: 23.89m | eta: 22.0m
step 01990/03814 (52.18%) | loss: 3.310848 | lrm: 0.75 | dt: 717.44ms | tok/sec: 91,347 | bf16_mfu: 0.00 | epoch: 1 pq: 2 rg: 17 | total time: 23.90m | eta: 22.0m
step 01991/03814 (52.20%) | loss: 3.322856 | lrm: 0.75 | dt: 873.87ms | tok/sec: 74,995 | bf16_mfu: 0.00 | epoch: 1 pq: 2 rg: 17 | total time: 23.92m | eta: 22.0m
step 01992/03814 (52.23%) | loss: 3.310376 | lrm: 0.75 | dt: 716.98ms | tok/sec: 91,405 | bf16_mfu: 0.00 | epoch: 1 pq: 2 rg: 17 | total time: 23.93m | eta: 22.0m
step 01993/03814 (52.25%) | loss: 3.299482 | lrm: 0.75 | dt: 716.20ms | tok/sec: 91,505 | bf16_mfu: 0.00 | epoch: 1 pq: 2 rg: 17 | total time: 23.94m | eta: 22.0m
step 01994/03814 (52.28%) | loss: 3.284215 | lrm: 0.75 | dt: 719.41ms | tok/sec: 91,097 | bf16_mfu: 0.00 | epoch: 1 pq: 2 rg: 17 | total time: 23.95m | eta: 22.0m
step 01995/03814 (52.31%) | loss: 3.281988 | lrm: 0.75 | dt: 720.48ms | tok/sec: 90,961 | bf16_mfu: 0.00 | epoch: 1 pq: 2 rg: 17 | total time: 23.97m | eta: 22.0m
step 01996/03814 (52.33%) | loss: 3.285637 | lrm: 0.75 | dt: 786.80ms | tok/sec: 83,293 | bf16_mfu: 0.00 | epoch: 1 pq: 2 rg: 18 | total time: 23.98m | eta: 22.0m
step 01997/03814 (52.36%) | loss: 3.298849 | lrm: 0.75 | dt: 718.07ms | tok/sec: 91,266 | bf16_mfu: 0.00 | epoch: 1 pq: 2 rg: 18 | total time: 23.99m | eta: 21.9m
step 01998/03814 (52.39%) | loss: 3.314630 | lrm: 0.75 | dt: 715.59ms | tok/sec: 91,583 | bf16_mfu: 0.00 | epoch: 1 pq: 2 rg: 18 | total time: 24.00m | eta: 21.9m
step 01999/03814 (52.41%) | loss: 3.322408 | lrm: 0.75 | dt: 716.08ms | tok/sec: 91,520 | bf16_mfu: 0.00 | epoch: 1 pq: 2 rg: 18 | total time: 24.02m | eta: 21.9m
Step 02000 | Validation bpb: 0.862599
step 02000/03814 (52.44%) | loss: 3.331899 | lrm: 0.75 | dt: 701.57ms | tok/sec: 93,412 | bf16_mfu: 0.00 | epoch: 1 pq: 2 rg: 18 | total time: 24.03m | eta: 21.9m
step 02001/03814 (52.46%) | loss: 3.311211 | lrm: 0.74 | dt: 738.74ms | tok/sec: 88,713 | bf16_mfu: 0.00 | epoch: 1 pq: 2 rg: 18 | total time: 24.04m | eta: 21.9m
step 02002/03814 (52.49%) | loss: 3.303204 | lrm: 0.74 | dt: 701.46ms | tok/sec: 93,428 | bf16_mfu: 0.00 | epoch: 1 pq: 2 rg: 18 | total time: 24.05m | eta: 21.9m
step 02003/03814 (52.52%) | loss: 3.287561 | lrm: 0.74 | dt: 703.85ms | tok/sec: 93,110 | bf16_mfu: 0.00 | epoch: 1 pq: 2 rg: 18 | total time: 24.06m | eta: 21.9m
step 02004/03814 (52.54%) | loss: 3.303600 | lrm: 0.74 | dt: 705.40ms | tok/sec: 92,906 | bf16_mfu: 0.00 | epoch: 1 pq: 2 rg: 18 | total time: 24.07m | eta: 21.9m
step 02005/03814 (52.57%) | loss: 3.321380 | lrm: 0.74 | dt: 708.23ms | tok/sec: 92,534 | bf16_mfu: 0.00 | epoch: 1 pq: 2 rg: 19 | total time: 24.09m | eta: 21.8m
step 02006/03814 (52.60%) | loss: 3.343018 | lrm: 0.74 | dt: 708.53ms | tok/sec: 92,495 | bf16_mfu: 0.00 | epoch: 1 pq: 2 rg: 19 | total time: 24.10m | eta: 21.8m
step 02007/03814 (52.62%) | loss: 3.334344 | lrm: 0.74 | dt: 709.98ms | tok/sec: 92,307 | bf16_mfu: 0.00 | epoch: 1 pq: 2 rg: 19 | total time: 24.11m | eta: 21.8m
step 02008/03814 (52.65%) | loss: 3.324035 | lrm: 0.74 | dt: 711.43ms | tok/sec: 92,118 | bf16_mfu: 0.00 | epoch: 1 pq: 2 rg: 19 | total time: 24.12m | eta: 21.8m
step 02009/03814 (52.67%) | loss: 3.306463 | lrm: 0.74 | dt: 708.60ms | tok/sec: 92,487 | bf16_mfu: 0.00 | epoch: 1 pq: 2 rg: 19 | total time: 24.13m | eta: 21.8m
step 02010/03814 (52.70%) | loss: 3.287226 | lrm: 0.74 | dt: 708.57ms | tok/sec: 92,489 | bf16_mfu: 0.00 | epoch: 1 pq: 2 rg: 19 | total time: 24.15m | eta: 21.8m
step 02011/03814 (52.73%) | loss: 3.303476 | lrm: 0.74 | dt: 737.94ms | tok/sec: 88,808 | bf16_mfu: 0.00 | epoch: 1 pq: 2 rg: 19 | total time: 24.16m | eta: 21.8m
step 02012/03814 (52.75%) | loss: 3.356936 | lrm: 0.74 | dt: 711.03ms | tok/sec: 92,171 | bf16_mfu: 0.00 | epoch: 1 pq: 2 rg: 19 | total time: 24.17m | eta: 21.8m
step 02013/03814 (52.78%) | loss: 3.349679 | lrm: 0.74 | dt: 711.01ms | tok/sec: 92,173 | bf16_mfu: 0.00 | epoch: 1 pq: 2 rg: 19 | total time: 24.18m | eta: 21.7m
step 02014/03814 (52.81%) | loss: 3.331185 | lrm: 0.74 | dt: 709.67ms | tok/sec: 92,347 | bf16_mfu: 0.00 | epoch: 1 pq: 2 rg: 20 | total time: 24.19m | eta: 21.7m
step 02015/03814 (52.83%) | loss: 3.309162 | lrm: 0.74 | dt: 710.47ms | tok/sec: 92,242 | bf16_mfu: 0.00 | epoch: 1 pq: 2 rg: 20 | total time: 24.20m | eta: 21.7m
step 02016/03814 (52.86%) | loss: 3.324696 | lrm: 0.74 | dt: 721.13ms | tok/sec: 90,879 | bf16_mfu: 0.00 | epoch: 1 pq: 2 rg: 20 | total time: 24.22m | eta: 21.7m
step 02017/03814 (52.88%) | loss: 3.349772 | lrm: 0.74 | dt: 712.08ms | tok/sec: 92,034 | bf16_mfu: 0.00 | epoch: 1 pq: 2 rg: 20 | total time: 24.23m | eta: 21.7m
step 02018/03814 (52.91%) | loss: 3.357725 | lrm: 0.74 | dt: 713.74ms | tok/sec: 91,821 | bf16_mfu: 0.00 | epoch: 1 pq: 2 rg: 20 | total time: 24.24m | eta: 21.7m
step 02019/03814 (52.94%) | loss: 3.373504 | lrm: 0.74 | dt: 714.78ms | tok/sec: 91,687 | bf16_mfu: 0.00 | epoch: 1 pq: 2 rg: 20 | total time: 24.25m | eta: 21.7m
step 02020/03814 (52.96%) | loss: 3.347232 | lrm: 0.74 | dt: 717.65ms | tok/sec: 91,319 | bf16_mfu: 0.00 | epoch: 1 pq: 2 rg: 20 | total time: 24.26m | eta: 21.7m
step 02021/03814 (52.99%) | loss: 3.345267 | lrm: 0.74 | dt: 725.95ms | tok/sec: 90,276 | bf16_mfu: 0.00 | epoch: 1 pq: 2 rg: 20 | total time: 24.28m | eta: 21.6m
step 02022/03814 (53.02%) | loss: 3.328444 | lrm: 0.74 | dt: 714.91ms | tok/sec: 91,670 | bf16_mfu: 0.00 | epoch: 1 pq: 2 rg: 20 | total time: 24.29m | eta: 21.6m
step 02023/03814 (53.04%) | loss: 3.358801 | lrm: 0.74 | dt: 718.63ms | tok/sec: 91,195 | bf16_mfu: 0.00 | epoch: 1 pq: 2 rg: 20 | total time: 24.30m | eta: 21.6m
step 02024/03814 (53.07%) | loss: 3.349948 | lrm: 0.74 | dt: 719.83ms | tok/sec: 91,043 | bf16_mfu: 0.00 | epoch: 1 pq: 2 rg: 21 | total time: 24.31m | eta: 21.6m
step 02025/03814 (53.09%) | loss: 3.345739 | lrm: 0.74 | dt: 716.73ms | tok/sec: 91,437 | bf16_mfu: 0.00 | epoch: 1 pq: 2 rg: 21 | total time: 24.32m | eta: 21.6m
step 02026/03814 (53.12%) | loss: 3.356711 | lrm: 0.74 | dt: 722.67ms | tok/sec: 90,685 | bf16_mfu: 0.00 | epoch: 1 pq: 2 rg: 21 | total time: 24.34m | eta: 21.6m
step 02027/03814 (53.15%) | loss: 3.335374 | lrm: 0.73 | dt: 717.27ms | tok/sec: 91,369 | bf16_mfu: 0.00 | epoch: 1 pq: 2 rg: 21 | total time: 24.35m | eta: 21.6m
step 02028/03814 (53.17%) | loss: 3.317033 | lrm: 0.73 | dt: 719.32ms | tok/sec: 91,107 | bf16_mfu: 0.00 | epoch: 1 pq: 2 rg: 21 | total time: 24.36m | eta: 21.6m
step 02029/03814 (53.20%) | loss: 3.334045 | lrm: 0.73 | dt: 719.12ms | tok/sec: 91,133 | bf16_mfu: 0.00 | epoch: 1 pq: 2 rg: 21 | total time: 24.37m | eta: 21.5m
step 02030/03814 (53.22%) | loss: 3.353492 | lrm: 0.73 | dt: 721.22ms | tok/sec: 90,867 | bf16_mfu: 0.00 | epoch: 1 pq: 2 rg: 21 | total time: 24.38m | eta: 21.5m
step 02031/03814 (53.25%) | loss: 3.365561 | lrm: 0.73 | dt: 724.17ms | tok/sec: 90,497 | bf16_mfu: 0.00 | epoch: 1 pq: 2 rg: 21 | total time: 24.40m | eta: 21.5m
step 02032/03814 (53.28%) | loss: 3.367961 | lrm: 0.73 | dt: 720.88ms | tok/sec: 90,910 | bf16_mfu: 0.00 | epoch: 1 pq: 2 rg: 21 | total time: 24.41m | eta: 21.5m
step 02033/03814 (53.30%) | loss: 3.349722 | lrm: 0.73 | dt: 759.10ms | tok/sec: 86,333 | bf16_mfu: 0.00 | epoch: 1 pq: 2 rg: 22 | total time: 24.42m | eta: 21.5m
step 02034/03814 (53.33%) | loss: 3.326288 | lrm: 0.73 | dt: 731.01ms | tok/sec: 89,651 | bf16_mfu: 0.00 | epoch: 1 pq: 2 rg: 22 | total time: 24.43m | eta: 21.5m
step 02035/03814 (53.36%) | loss: 3.369569 | lrm: 0.73 | dt: 727.37ms | tok/sec: 90,099 | bf16_mfu: 0.00 | epoch: 1 pq: 2 rg: 22 | total time: 24.45m | eta: 21.5m
step 02036/03814 (53.38%) | loss: 3.371595 | lrm: 0.73 | dt: 725.03ms | tok/sec: 90,390 | bf16_mfu: 0.00 | epoch: 1 pq: 2 rg: 22 | total time: 24.46m | eta: 21.5m
step 02037/03814 (53.41%) | loss: 3.350280 | lrm: 0.73 | dt: 722.39ms | tok/sec: 90,720 | bf16_mfu: 0.00 | epoch: 1 pq: 2 rg: 22 | total time: 24.47m | eta: 21.5m
step 02038/03814 (53.43%) | loss: 3.324466 | lrm: 0.73 | dt: 720.98ms | tok/sec: 90,898 | bf16_mfu: 0.00 | epoch: 1 pq: 2 rg: 22 | total time: 24.48m | eta: 21.4m
step 02039/03814 (53.46%) | loss: 3.343334 | lrm: 0.73 | dt: 727.57ms | tok/sec: 90,075 | bf16_mfu: 0.00 | epoch: 1 pq: 2 rg: 22 | total time: 24.49m | eta: 21.4m
step 02040/03814 (53.49%) | loss: 3.369621 | lrm: 0.73 | dt: 719.45ms | tok/sec: 91,092 | bf16_mfu: 0.00 | epoch: 1 pq: 2 rg: 22 | total time: 24.51m | eta: 21.4m
step 02041/03814 (53.51%) | loss: 3.359761 | lrm: 0.73 | dt: 720.95ms | tok/sec: 90,902 | bf16_mfu: 0.00 | epoch: 1 pq: 2 rg: 22 | total time: 24.52m | eta: 21.4m
step 02042/03814 (53.54%) | loss: 3.335486 | lrm: 0.73 | dt: 722.51ms | tok/sec: 90,705 | bf16_mfu: 0.00 | epoch: 1 pq: 2 rg: 22 | total time: 24.53m | eta: 21.4m
step 02043/03814 (53.57%) | loss: 3.324031 | lrm: 0.73 | dt: 719.84ms | tok/sec: 91,042 | bf16_mfu: 0.00 | epoch: 1 pq: 2 rg: 22 | total time: 24.54m | eta: 21.4m
step 02044/03814 (53.59%) | loss: 3.335345 | lrm: 0.73 | dt: 720.58ms | tok/sec: 90,948 | bf16_mfu: 0.00 | epoch: 1 pq: 2 rg: 23 | total time: 24.55m | eta: 21.4m
step 02045/03814 (53.62%) | loss: 3.325654 | lrm: 0.73 | dt: 718.80ms | tok/sec: 91,174 | bf16_mfu: 0.00 | epoch: 1 pq: 2 rg: 23 | total time: 24.57m | eta: 21.4m
step 02046/03814 (53.64%) | loss: 3.355181 | lrm: 0.73 | dt: 963.61ms | tok/sec: 68,010 | bf16_mfu: 0.00 | epoch: 1 pq: 2 rg: 23 | total time: 24.58m | eta: 21.3m
step 02047/03814 (53.67%) | loss: 3.348955 | lrm: 0.73 | dt: 727.29ms | tok/sec: 90,109 | bf16_mfu: 0.00 | epoch: 1 pq: 2 rg: 23 | total time: 24.59m | eta: 21.3m
step 02048/03814 (53.70%) | loss: 3.323117 | lrm: 0.73 | dt: 715.23ms | tok/sec: 91,629 | bf16_mfu: 0.00 | epoch: 1 pq: 2 rg: 23 | total time: 24.61m | eta: 21.3m
step 02049/03814 (53.72%) | loss: 3.298105 | lrm: 0.73 | dt: 721.86ms | tok/sec: 90,787 | bf16_mfu: 0.00 | epoch: 1 pq: 2 rg: 23 | total time: 24.62m | eta: 21.3m
step 02050/03814 (53.75%) | loss: 3.272766 | lrm: 0.73 | dt: 717.56ms | tok/sec: 91,331 | bf16_mfu: 0.00 | epoch: 1 pq: 2 rg: 23 | total time: 24.63m | eta: 21.3m
step 02051/03814 (53.78%) | loss: 3.276760 | lrm: 0.73 | dt: 720.08ms | tok/sec: 91,011 | bf16_mfu: 0.00 | epoch: 1 pq: 2 rg: 23 | total time: 24.64m | eta: 21.3m
step 02052/03814 (53.80%) | loss: 3.302247 | lrm: 0.73 | dt: 718.51ms | tok/sec: 91,211 | bf16_mfu: 0.00 | epoch: 1 pq: 2 rg: 23 | total time: 24.65m | eta: 21.3m
step 02053/03814 (53.83%) | loss: 3.286929 | lrm: 0.72 | dt: 718.64ms | tok/sec: 91,194 | bf16_mfu: 0.00 | epoch: 1 pq: 2 rg: 24 | total time: 24.67m | eta: 21.3m
step 02054/03814 (53.85%) | loss: 3.265352 | lrm: 0.72 | dt: 718.70ms | tok/sec: 91,187 | bf16_mfu: 0.00 | epoch: 1 pq: 2 rg: 24 | total time: 24.68m | eta: 21.2m
step 02055/03814 (53.88%) | loss: 3.246320 | lrm: 0.72 | dt: 720.70ms | tok/sec: 90,933 | bf16_mfu: 0.00 | epoch: 1 pq: 2 rg: 24 | total time: 24.69m | eta: 21.2m
step 02056/03814 (53.91%) | loss: 3.237282 | lrm: 0.72 | dt: 724.71ms | tok/sec: 90,430 | bf16_mfu: 0.00 | epoch: 1 pq: 2 rg: 24 | total time: 24.70m | eta: 21.2m
step 02057/03814 (53.93%) | loss: 3.252519 | lrm: 0.72 | dt: 751.20ms | tok/sec: 87,241 | bf16_mfu: 0.00 | epoch: 1 pq: 2 rg: 24 | total time: 24.71m | eta: 21.2m
step 02058/03814 (53.96%) | loss: 3.283655 | lrm: 0.72 | dt: 719.46ms | tok/sec: 91,090 | bf16_mfu: 0.00 | epoch: 1 pq: 2 rg: 24 | total time: 24.73m | eta: 21.2m
step 02059/03814 (53.99%) | loss: 3.285552 | lrm: 0.72 | dt: 717.92ms | tok/sec: 91,285 | bf16_mfu: 0.00 | epoch: 1 pq: 2 rg: 24 | total time: 24.74m | eta: 21.2m
step 02060/03814 (54.01%) | loss: 3.256629 | lrm: 0.72 | dt: 716.42ms | tok/sec: 91,477 | bf16_mfu: 0.00 | epoch: 1 pq: 2 rg: 24 | total time: 24.75m | eta: 21.2m
step 02061/03814 (54.04%) | loss: 3.251084 | lrm: 0.72 | dt: 864.06ms | tok/sec: 75,846 | bf16_mfu: 0.00 | epoch: 1 pq: 2 rg: 24 | total time: 24.76m | eta: 21.2m
step 02062/03814 (54.06%) | loss: 3.248689 | lrm: 0.72 | dt: 723.01ms | tok/sec: 90,642 | bf16_mfu: 0.00 | epoch: 1 pq: 2 rg: 24 | total time: 24.78m | eta: 21.2m
step 02063/03814 (54.09%) | loss: 3.267598 | lrm: 0.72 | dt: 738.27ms | tok/sec: 88,769 | bf16_mfu: 0.00 | epoch: 1 pq: 2 rg: 25 | total time: 24.79m | eta: 21.1m
step 02064/03814 (54.12%) | loss: 3.289444 | lrm: 0.72 | dt: 723.74ms | tok/sec: 90,551 | bf16_mfu: 0.00 | epoch: 1 pq: 2 rg: 25 | total time: 24.80m | eta: 21.1m
step 02065/03814 (54.14%) | loss: 3.303370 | lrm: 0.72 | dt: 718.30ms | tok/sec: 91,237 | bf16_mfu: 0.00 | epoch: 1 pq: 2 rg: 25 | total time: 24.81m | eta: 21.1m
step 02066/03814 (54.17%) | loss: 3.287695 | lrm: 0.72 | dt: 717.13ms | tok/sec: 91,386 | bf16_mfu: 0.00 | epoch: 1 pq: 2 rg: 25 | total time: 24.83m | eta: 21.1m
step 02067/03814 (54.20%) | loss: 3.251575 | lrm: 0.72 | dt: 715.81ms | tok/sec: 91,554 | bf16_mfu: 0.00 | epoch: 1 pq: 2 rg: 25 | total time: 24.84m | eta: 21.1m
step 02068/03814 (54.22%) | loss: 3.241256 | lrm: 0.72 | dt: 721.51ms | tok/sec: 90,831 | bf16_mfu: 0.00 | epoch: 1 pq: 2 rg: 25 | total time: 24.85m | eta: 21.1m
step 02069/03814 (54.25%) | loss: 3.261256 | lrm: 0.72 | dt: 727.83ms | tok/sec: 90,042 | bf16_mfu: 0.00 | epoch: 1 pq: 2 rg: 25 | total time: 24.86m | eta: 21.1m
step 02070/03814 (54.27%) | loss: 3.286386 | lrm: 0.72 | dt: 713.00ms | tok/sec: 91,915 | bf16_mfu: 0.00 | epoch: 1 pq: 2 rg: 25 | total time: 24.87m | eta: 21.1m
step 02071/03814 (54.30%) | loss: 3.266268 | lrm: 0.72 | dt: 745.48ms | tok/sec: 87,911 | bf16_mfu: 0.00 | epoch: 1 pq: 2 rg: 25 | total time: 24.89m | eta: 21.0m
step 02072/03814 (54.33%) | loss: 3.247175 | lrm: 0.72 | dt: 722.92ms | tok/sec: 90,654 | bf16_mfu: 0.00 | epoch: 1 pq: 2 rg: 25 | total time: 24.90m | eta: 21.0m
step 02073/03814 (54.35%) | loss: 3.208547 | lrm: 0.72 | dt: 716.52ms | tok/sec: 91,463 | bf16_mfu: 0.00 | epoch: 1 pq: 2 rg: 26 | total time: 24.91m | eta: 21.0m
step 02074/03814 (54.38%) | loss: 3.202584 | lrm: 0.72 | dt: 719.22ms | tok/sec: 91,121 | bf16_mfu: 0.00 | epoch: 1 pq: 2 rg: 26 | total time: 24.92m | eta: 21.0m
step 02075/03814 (54.40%) | loss: 3.230548 | lrm: 0.72 | dt: 715.59ms | tok/sec: 91,582 | bf16_mfu: 0.00 | epoch: 1 pq: 2 rg: 26 | total time: 24.93m | eta: 21.0m
step 02076/03814 (54.43%) | loss: 3.230621 | lrm: 0.72 | dt: 715.07ms | tok/sec: 91,650 | bf16_mfu: 0.00 | epoch: 1 pq: 2 rg: 26 | total time: 24.95m | eta: 21.0m
step 02077/03814 (54.46%) | loss: 3.230095 | lrm: 0.72 | dt: 715.84ms | tok/sec: 91,551 | bf16_mfu: 0.00 | epoch: 1 pq: 2 rg: 26 | total time: 24.96m | eta: 21.0m
step 02078/03814 (54.48%) | loss: 3.223469 | lrm: 0.72 | dt: 719.97ms | tok/sec: 91,025 | bf16_mfu: 0.00 | epoch: 1 pq: 2 rg: 26 | total time: 24.97m | eta: 21.0m
step 02079/03814 (54.51%) | loss: 3.236203 | lrm: 0.71 | dt: 745.45ms | tok/sec: 87,914 | bf16_mfu: 0.00 | epoch: 1 pq: 2 rg: 26 | total time: 24.98m | eta: 20.9m
step 02080/03814 (54.54%) | loss: 3.258330 | lrm: 0.71 | dt: 718.46ms | tok/sec: 91,217 | bf16_mfu: 0.00 | epoch: 1 pq: 2 rg: 26 | total time: 24.99m | eta: 20.9m
step 02081/03814 (54.56%) | loss: 3.277019 | lrm: 0.71 | dt: 719.09ms | tok/sec: 91,137 | bf16_mfu: 0.00 | epoch: 1 pq: 2 rg: 26 | total time: 25.01m | eta: 20.9m
step 02082/03814 (54.59%) | loss: 3.257685 | lrm: 0.71 | dt: 718.41ms | tok/sec: 91,224 | bf16_mfu: 0.00 | epoch: 1 pq: 2 rg: 27 | total time: 25.02m | eta: 20.9m
step 02083/03814 (54.61%) | loss: 3.243892 | lrm: 0.71 | dt: 717.00ms | tok/sec: 91,403 | bf16_mfu: 0.00 | epoch: 1 pq: 2 rg: 27 | total time: 25.03m | eta: 20.9m
step 02084/03814 (54.64%) | loss: 3.235160 | lrm: 0.71 | dt: 715.75ms | tok/sec: 91,562 | bf16_mfu: 0.00 | epoch: 1 pq: 2 rg: 27 | total time: 25.04m | eta: 20.9m
step 02085/03814 (54.67%) | loss: 3.228602 | lrm: 0.71 | dt: 720.31ms | tok/sec: 90,983 | bf16_mfu: 0.00 | epoch: 1 pq: 2 rg: 27 | total time: 25.05m | eta: 20.9m
step 02086/03814 (54.69%) | loss: 3.259097 | lrm: 0.71 | dt: 722.07ms | tok/sec: 90,761 | bf16_mfu: 0.00 | epoch: 1 pq: 2 rg: 27 | total time: 25.07m | eta: 20.9m
step 02087/03814 (54.72%) | loss: 3.261793 | lrm: 0.71 | dt: 716.85ms | tok/sec: 91,421 | bf16_mfu: 0.00 | epoch: 1 pq: 2 rg: 27 | total time: 25.08m | eta: 20.9m
step 02088/03814 (54.75%) | loss: 3.259132 | lrm: 0.71 | dt: 722.96ms | tok/sec: 90,649 | bf16_mfu: 0.00 | epoch: 1 pq: 2 rg: 27 | total time: 25.09m | eta: 20.8m
step 02089/03814 (54.77%) | loss: 3.238954 | lrm: 0.71 | dt: 712.90ms | tok/sec: 91,929 | bf16_mfu: 0.00 | epoch: 1 pq: 2 rg: 27 | total time: 25.10m | eta: 20.8m
step 02090/03814 (54.80%) | loss: 3.220870 | lrm: 0.71 | dt: 723.64ms | tok/sec: 90,564 | bf16_mfu: 0.00 | epoch: 1 pq: 2 rg: 27 | total time: 25.11m | eta: 20.8m
step 02091/03814 (54.82%) | loss: 3.234892 | lrm: 0.71 | dt: 717.49ms | tok/sec: 91,340 | bf16_mfu: 0.00 | epoch: 1 pq: 2 rg: 27 | total time: 25.13m | eta: 20.8m
step 02092/03814 (54.85%) | loss: 3.217839 | lrm: 0.71 | dt: 716.62ms | tok/sec: 91,451 | bf16_mfu: 0.00 | epoch: 1 pq: 2 rg: 28 | total time: 25.14m | eta: 20.8m
step 02093/03814 (54.88%) | loss: 3.225733 | lrm: 0.71 | dt: 788.32ms | tok/sec: 83,134 | bf16_mfu: 0.00 | epoch: 1 pq: 2 rg: 28 | total time: 25.15m | eta: 20.8m
step 02094/03814 (54.90%) | loss: 3.234010 | lrm: 0.71 | dt: 723.09ms | tok/sec: 90,633 | bf16_mfu: 0.00 | epoch: 1 pq: 2 rg: 28 | total time: 25.16m | eta: 20.8m
step 02095/03814 (54.93%) | loss: 3.224233 | lrm: 0.71 | dt: 721.45ms | tok/sec: 90,839 | bf16_mfu: 0.00 | epoch: 1 pq: 2 rg: 28 | total time: 25.17m | eta: 20.8m
step 02096/03814 (54.96%) | loss: 3.210753 | lrm: 0.71 | dt: 716.19ms | tok/sec: 91,506 | bf16_mfu: 0.00 | epoch: 1 pq: 2 rg: 28 | total time: 25.19m | eta: 20.7m
step 02097/03814 (54.98%) | loss: 3.230546 | lrm: 0.71 | dt: 719.16ms | tok/sec: 91,129 | bf16_mfu: 0.00 | epoch: 1 pq: 2 rg: 28 | total time: 25.20m | eta: 20.7m
step 02098/03814 (55.01%) | loss: 3.250234 | lrm: 0.71 | dt: 718.85ms | tok/sec: 91,167 | bf16_mfu: 0.00 | epoch: 1 pq: 2 rg: 28 | total time: 25.21m | eta: 20.7m
step 02099/03814 (55.03%) | loss: 3.238551 | lrm: 0.71 | dt: 717.22ms | tok/sec: 91,375 | bf16_mfu: 0.00 | epoch: 1 pq: 2 rg: 28 | total time: 25.22m | eta: 20.7m
step 02100/03814 (55.06%) | loss: 3.231619 | lrm: 0.71 | dt: 714.99ms | tok/sec: 91,660 | bf16_mfu: 0.00 | epoch: 1 pq: 2 rg: 28 | total time: 25.23m | eta: 20.7m
step 02101/03814 (55.09%) | loss: 3.212235 | lrm: 0.71 | dt: 718.36ms | tok/sec: 91,229 | bf16_mfu: 0.00 | epoch: 1 pq: 2 rg: 28 | total time: 25.25m | eta: 20.7m
step 02102/03814 (55.11%) | loss: 3.241695 | lrm: 0.71 | dt: 719.56ms | tok/sec: 91,078 | bf16_mfu: 0.00 | epoch: 1 pq: 2 rg: 29 | total time: 25.26m | eta: 20.7m
step 02103/03814 (55.14%) | loss: 3.247039 | lrm: 0.71 | dt: 719.41ms | tok/sec: 91,096 | bf16_mfu: 0.00 | epoch: 1 pq: 2 rg: 29 | total time: 25.27m | eta: 20.7m
step 02104/03814 (55.17%) | loss: 3.250823 | lrm: 0.71 | dt: 716.88ms | tok/sec: 91,418 | bf16_mfu: 0.00 | epoch: 1 pq: 2 rg: 29 | total time: 25.28m | eta: 20.6m
step 02105/03814 (55.19%) | loss: 3.247874 | lrm: 0.70 | dt: 722.52ms | tok/sec: 90,704 | bf16_mfu: 0.00 | epoch: 1 pq: 2 rg: 29 | total time: 25.29m | eta: 20.6m
step 02106/03814 (55.22%) | loss: 3.222739 | lrm: 0.70 | dt: 718.91ms | tok/sec: 91,160 | bf16_mfu: 0.00 | epoch: 1 pq: 2 rg: 29 | total time: 25.31m | eta: 20.6m
step 02107/03814 (55.24%) | loss: 3.210293 | lrm: 0.70 | dt: 718.05ms | tok/sec: 91,268 | bf16_mfu: 0.00 | epoch: 1 pq: 2 rg: 29 | total time: 25.32m | eta: 20.6m
step 02108/03814 (55.27%) | loss: 3.214850 | lrm: 0.70 | dt: 712.49ms | tok/sec: 91,981 | bf16_mfu: 0.00 | epoch: 1 pq: 2 rg: 29 | total time: 25.33m | eta: 20.6m
step 02109/03814 (55.30%) | loss: 3.219586 | lrm: 0.70 | dt: 715.52ms | tok/sec: 91,592 | bf16_mfu: 0.00 | epoch: 1 pq: 2 rg: 29 | total time: 25.34m | eta: 20.6m
step 02110/03814 (55.32%) | loss: 3.250524 | lrm: 0.70 | dt: 721.94ms | tok/sec: 90,778 | bf16_mfu: 0.00 | epoch: 1 pq: 2 rg: 29 | total time: 25.35m | eta: 20.6m
step 02111/03814 (55.35%) | loss: 3.280902 | lrm: 0.70 | dt: 715.78ms | tok/sec: 91,559 | bf16_mfu: 0.00 | epoch: 1 pq: 2 rg: 30 | total time: 25.37m | eta: 20.6m
step 02112/03814 (55.37%) | loss: 3.261610 | lrm: 0.70 | dt: 718.96ms | tok/sec: 91,153 | bf16_mfu: 0.00 | epoch: 1 pq: 2 rg: 30 | total time: 25.38m | eta: 20.5m
step 02113/03814 (55.40%) | loss: 3.239140 | lrm: 0.70 | dt: 713.74ms | tok/sec: 91,821 | bf16_mfu: 0.00 | epoch: 1 pq: 2 rg: 30 | total time: 25.39m | eta: 20.5m
step 02114/03814 (55.43%) | loss: 3.236793 | lrm: 0.70 | dt: 713.37ms | tok/sec: 91,867 | bf16_mfu: 0.00 | epoch: 1 pq: 2 rg: 30 | total time: 25.40m | eta: 20.5m
step 02115/03814 (55.45%) | loss: 3.258019 | lrm: 0.70 | dt: 710.14ms | tok/sec: 92,286 | bf16_mfu: 0.00 | epoch: 1 pq: 2 rg: 30 | total time: 25.41m | eta: 20.5m
step 02116/03814 (55.48%) | loss: 3.263056 | lrm: 0.70 | dt: 720.10ms | tok/sec: 91,009 | bf16_mfu: 0.00 | epoch: 1 pq: 2 rg: 30 | total time: 25.43m | eta: 20.5m
step 02117/03814 (55.51%) | loss: 3.256229 | lrm: 0.70 | dt: 714.82ms | tok/sec: 91,681 | bf16_mfu: 0.00 | epoch: 1 pq: 2 rg: 30 | total time: 25.44m | eta: 20.5m
step 02118/03814 (55.53%) | loss: 3.235156 | lrm: 0.70 | dt: 715.79ms | tok/sec: 91,557 | bf16_mfu: 0.00 | epoch: 1 pq: 2 rg: 30 | total time: 25.45m | eta: 20.5m
step 02119/03814 (55.56%) | loss: 3.237697 | lrm: 0.70 | dt: 719.90ms | tok/sec: 91,034 | bf16_mfu: 0.00 | epoch: 1 pq: 2 rg: 30 | total time: 25.46m | eta: 20.5m
step 02120/03814 (55.58%) | loss: 3.246156 | lrm: 0.70 | dt: 711.16ms | tok/sec: 92,154 | bf16_mfu: 0.00 | epoch: 1 pq: 2 rg: 30 | total time: 25.47m | eta: 20.5m
step 02121/03814 (55.61%) | loss: 3.259161 | lrm: 0.70 | dt: 718.06ms | tok/sec: 91,267 | bf16_mfu: 0.00 | epoch: 1 pq: 2 rg: 31 | total time: 25.49m | eta: 20.4m
step 02122/03814 (55.64%) | loss: 3.256548 | lrm: 0.70 | dt: 718.66ms | tok/sec: 91,191 | bf16_mfu: 0.00 | epoch: 1 pq: 2 rg: 31 | total time: 25.50m | eta: 20.4m
step 02123/03814 (55.66%) | loss: 3.248272 | lrm: 0.70 | dt: 714.14ms | tok/sec: 91,768 | bf16_mfu: 0.00 | epoch: 1 pq: 2 rg: 31 | total time: 25.51m | eta: 20.4m
step 02124/03814 (55.69%) | loss: 3.227489 | lrm: 0.70 | dt: 723.66ms | tok/sec: 90,562 | bf16_mfu: 0.00 | epoch: 1 pq: 2 rg: 31 | total time: 25.52m | eta: 20.4m
step 02125/03814 (55.72%) | loss: 3.271095 | lrm: 0.70 | dt: 714.80ms | tok/sec: 91,684 | bf16_mfu: 0.00 | epoch: 1 pq: 2 rg: 31 | total time: 25.53m | eta: 20.4m
step 02126/03814 (55.74%) | loss: 3.278676 | lrm: 0.70 | dt: 719.69ms | tok/sec: 91,061 | bf16_mfu: 0.00 | epoch: 1 pq: 2 rg: 31 | total time: 25.55m | eta: 20.4m
step 02127/03814 (55.77%) | loss: 3.265115 | lrm: 0.70 | dt: 716.79ms | tok/sec: 91,429 | bf16_mfu: 0.00 | epoch: 1 pq: 2 rg: 31 | total time: 25.56m | eta: 20.4m
step 02128/03814 (55.79%) | loss: 3.250816 | lrm: 0.70 | dt: 720.57ms | tok/sec: 90,949 | bf16_mfu: 0.00 | epoch: 1 pq: 2 rg: 31 | total time: 25.57m | eta: 20.4m
step 02129/03814 (55.82%) | loss: 3.242602 | lrm: 0.70 | dt: 715.05ms | tok/sec: 91,652 | bf16_mfu: 0.00 | epoch: 1 pq: 2 rg: 31 | total time: 25.58m | eta: 20.3m
step 02130/03814 (55.85%) | loss: 3.223863 | lrm: 0.70 | dt: 719.75ms | tok/sec: 91,053 | bf16_mfu: 0.00 | epoch: 1 pq: 2 rg: 31 | total time: 25.59m | eta: 20.3m
step 02131/03814 (55.87%) | loss: 3.258713 | lrm: 0.69 | dt: 716.36ms | tok/sec: 91,484 | bf16_mfu: 0.00 | epoch: 1 pq: 2 rg: 32 | total time: 25.60m | eta: 20.3m
step 02132/03814 (55.90%) | loss: 3.254278 | lrm: 0.69 | dt: 713.99ms | tok/sec: 91,788 | bf16_mfu: 0.00 | epoch: 1 pq: 2 rg: 32 | total time: 25.62m | eta: 20.3m
step 02133/03814 (55.93%) | loss: 3.238423 | lrm: 0.69 | dt: 715.38ms | tok/sec: 91,609 | bf16_mfu: 0.00 | epoch: 1 pq: 2 rg: 32 | total time: 25.63m | eta: 20.3m
step 02134/03814 (55.95%) | loss: 3.222078 | lrm: 0.69 | dt: 713.21ms | tok/sec: 91,889 | bf16_mfu: 0.00 | epoch: 1 pq: 2 rg: 32 | total time: 25.64m | eta: 20.3m
step 02135/03814 (55.98%) | loss: 3.231557 | lrm: 0.69 | dt: 713.67ms | tok/sec: 91,829 | bf16_mfu: 0.00 | epoch: 1 pq: 2 rg: 32 | total time: 25.65m | eta: 20.3m
step 02136/03814 (56.00%) | loss: 3.236376 | lrm: 0.69 | dt: 718.43ms | tok/sec: 91,221 | bf16_mfu: 0.00 | epoch: 1 pq: 2 rg: 32 | total time: 25.66m | eta: 20.3m
step 02137/03814 (56.03%) | loss: 3.217061 | lrm: 0.69 | dt: 715.14ms | tok/sec: 91,640 | bf16_mfu: 0.00 | epoch: 1 pq: 2 rg: 32 | total time: 25.68m | eta: 20.2m
step 02138/03814 (56.06%) | loss: 3.206562 | lrm: 0.69 | dt: 715.42ms | tok/sec: 91,605 | bf16_mfu: 0.00 | epoch: 1 pq: 2 rg: 32 | total time: 25.69m | eta: 20.2m
step 02139/03814 (56.08%) | loss: 3.177119 | lrm: 0.69 | dt: 715.75ms | tok/sec: 91,562 | bf16_mfu: 0.00 | epoch: 1 pq: 2 rg: 32 | total time: 25.70m | eta: 20.2m
step 02140/03814 (56.11%) | loss: 3.171320 | lrm: 0.69 | dt: 715.89ms | tok/sec: 91,545 | bf16_mfu: 0.00 | epoch: 1 pq: 2 rg: 32 | total time: 25.71m | eta: 20.2m
step 02141/03814 (56.14%) | loss: 3.187007 | lrm: 0.69 | dt: 711.30ms | tok/sec: 92,135 | bf16_mfu: 0.00 | epoch: 1 pq: 2 rg: 33 | total time: 25.72m | eta: 20.2m
step 02142/03814 (56.16%) | loss: 3.213953 | lrm: 0.69 | dt: 720.39ms | tok/sec: 90,972 | bf16_mfu: 0.00 | epoch: 1 pq: 2 rg: 33 | total time: 25.74m | eta: 20.2m
step 02143/03814 (56.19%) | loss: 3.202994 | lrm: 0.69 | dt: 713.66ms | tok/sec: 91,830 | bf16_mfu: 0.00 | epoch: 1 pq: 2 rg: 33 | total time: 25.75m | eta: 20.2m
step 02144/03814 (56.21%) | loss: 3.176932 | lrm: 0.69 | dt: 712.47ms | tok/sec: 91,983 | bf16_mfu: 0.00 | epoch: 1 pq: 2 rg: 33 | total time: 25.76m | eta: 20.2m
step 02145/03814 (56.24%) | loss: 3.177175 | lrm: 0.69 | dt: 717.67ms | tok/sec: 91,317 | bf16_mfu: 0.00 | epoch: 1 pq: 2 rg: 33 | total time: 25.77m | eta: 20.1m
step 02146/03814 (56.27%) | loss: 3.199697 | lrm: 0.69 | dt: 1050.93ms | tok/sec: 62,360 | bf16_mfu: 0.00 | epoch: 1 pq: 2 rg: 33 | total time: 25.79m | eta: 20.1m
step 02147/03814 (56.29%) | loss: 3.211475 | lrm: 0.69 | dt: 713.53ms | tok/sec: 91,847 | bf16_mfu: 0.00 | epoch: 1 pq: 2 rg: 33 | total time: 25.80m | eta: 20.1m
step 02148/03814 (56.32%) | loss: 3.206615 | lrm: 0.69 | dt: 714.05ms | tok/sec: 91,780 | bf16_mfu: 0.00 | epoch: 1 pq: 2 rg: 33 | total time: 25.81m | eta: 20.1m
step 02149/03814 (56.35%) | loss: 3.192400 | lrm: 0.69 | dt: 716.53ms | tok/sec: 91,462 | bf16_mfu: 0.00 | epoch: 1 pq: 2 rg: 33 | total time: 25.83m | eta: 20.1m
step 02150/03814 (56.37%) | loss: 3.180298 | lrm: 0.69 | dt: 715.44ms | tok/sec: 91,602 | bf16_mfu: 0.00 | epoch: 1 pq: 2 rg: 33 | total time: 25.84m | eta: 20.1m
step 02151/03814 (56.40%) | loss: 3.186398 | lrm: 0.69 | dt: 714.19ms | tok/sec: 91,762 | bf16_mfu: 0.00 | epoch: 1 pq: 2 rg: 34 | total time: 25.85m | eta: 20.1m
step 02152/03814 (56.42%) | loss: 3.216089 | lrm: 0.69 | dt: 715.97ms | tok/sec: 91,534 | bf16_mfu: 0.00 | epoch: 1 pq: 2 rg: 34 | total time: 25.86m | eta: 20.1m
step 02153/03814 (56.45%) | loss: 3.215317 | lrm: 0.69 | dt: 712.34ms | tok/sec: 92,000 | bf16_mfu: 0.00 | epoch: 1 pq: 2 rg: 34 | total time: 25.87m | eta: 20.1m
step 02154/03814 (56.48%) | loss: 3.211678 | lrm: 0.69 | dt: 713.69ms | tok/sec: 91,827 | bf16_mfu: 0.00 | epoch: 1 pq: 2 rg: 34 | total time: 25.88m | eta: 20.0m
step 02155/03814 (56.50%) | loss: 3.195943 | lrm: 0.69 | dt: 712.11ms | tok/sec: 92,031 | bf16_mfu: 0.00 | epoch: 1 pq: 2 rg: 34 | total time: 25.90m | eta: 20.0m
step 02156/03814 (56.53%) | loss: 3.192818 | lrm: 0.69 | dt: 715.15ms | tok/sec: 91,638 | bf16_mfu: 0.00 | epoch: 1 pq: 2 rg: 34 | total time: 25.91m | eta: 20.0m
step 02157/03814 (56.55%) | loss: 3.236230 | lrm: 0.68 | dt: 710.45ms | tok/sec: 92,245 | bf16_mfu: 0.00 | epoch: 1 pq: 2 rg: 34 | total time: 25.92m | eta: 20.0m
step 02158/03814 (56.58%) | loss: 3.211448 | lrm: 0.68 | dt: 715.64ms | tok/sec: 91,577 | bf16_mfu: 0.00 | epoch: 1 pq: 2 rg: 34 | total time: 25.93m | eta: 20.0m
step 02159/03814 (56.61%) | loss: 3.192185 | lrm: 0.68 | dt: 717.45ms | tok/sec: 91,345 | bf16_mfu: 0.00 | epoch: 1 pq: 2 rg: 34 | total time: 25.94m | eta: 20.0m
step 02160/03814 (56.63%) | loss: 3.184915 | lrm: 0.68 | dt: 713.83ms | tok/sec: 91,808 | bf16_mfu: 0.00 | epoch: 1 pq: 2 rg: 34 | total time: 25.96m | eta: 20.0m
step 02161/03814 (56.66%) | loss: 3.188835 | lrm: 0.68 | dt: 714.21ms | tok/sec: 91,760 | bf16_mfu: 0.00 | epoch: 1 pq: 2 rg: 35 | total time: 25.97m | eta: 20.0m
step 02162/03814 (56.69%) | loss: 3.203761 | lrm: 0.68 | dt: 710.89ms | tok/sec: 92,188 | bf16_mfu: 0.00 | epoch: 1 pq: 2 rg: 35 | total time: 25.98m | eta: 19.9m
step 02163/03814 (56.71%) | loss: 3.209295 | lrm: 0.68 | dt: 720.30ms | tok/sec: 90,984 | bf16_mfu: 0.00 | epoch: 1 pq: 2 rg: 35 | total time: 25.99m | eta: 19.9m
step 02164/03814 (56.74%) | loss: 3.210126 | lrm: 0.68 | dt: 717.20ms | tok/sec: 91,376 | bf16_mfu: 0.00 | epoch: 1 pq: 2 rg: 35 | total time: 26.00m | eta: 19.9m
step 02165/03814 (56.76%) | loss: 3.197776 | lrm: 0.68 | dt: 718.56ms | tok/sec: 91,204 | bf16_mfu: 0.00 | epoch: 1 pq: 2 rg: 35 | total time: 26.02m | eta: 19.9m
step 02166/03814 (56.79%) | loss: 3.181054 | lrm: 0.68 | dt: 715.17ms | tok/sec: 91,636 | bf16_mfu: 0.00 | epoch: 1 pq: 2 rg: 35 | total time: 26.03m | eta: 19.9m
step 02167/03814 (56.82%) | loss: 3.213908 | lrm: 0.68 | dt: 720.80ms | tok/sec: 90,921 | bf16_mfu: 0.00 | epoch: 1 pq: 2 rg: 35 | total time: 26.04m | eta: 19.9m
step 02168/03814 (56.84%) | loss: 3.242392 | lrm: 0.68 | dt: 714.88ms | tok/sec: 91,674 | bf16_mfu: 0.00 | epoch: 1 pq: 2 rg: 35 | total time: 26.05m | eta: 19.9m
step 02169/03814 (56.87%) | loss: 3.224767 | lrm: 0.68 | dt: 714.06ms | tok/sec: 91,778 | bf16_mfu: 0.00 | epoch: 1 pq: 2 rg: 35 | total time: 26.06m | eta: 19.9m
step 02170/03814 (56.90%) | loss: 3.223781 | lrm: 0.68 | dt: 719.54ms | tok/sec: 91,080 | bf16_mfu: 0.00 | epoch: 1 pq: 2 rg: 36 | total time: 26.08m | eta: 19.8m
step 02171/03814 (56.92%) | loss: 3.200955 | lrm: 0.68 | dt: 715.91ms | tok/sec: 91,542 | bf16_mfu: 0.00 | epoch: 1 pq: 2 rg: 36 | total time: 26.09m | eta: 19.8m
step 02172/03814 (56.95%) | loss: 3.186611 | lrm: 0.68 | dt: 719.55ms | tok/sec: 91,078 | bf16_mfu: 0.00 | epoch: 1 pq: 2 rg: 36 | total time: 26.10m | eta: 19.8m
step 02173/03814 (56.97%) | loss: 3.205795 | lrm: 0.68 | dt: 723.43ms | tok/sec: 90,591 | bf16_mfu: 0.00 | epoch: 1 pq: 2 rg: 36 | total time: 26.11m | eta: 19.8m
step 02174/03814 (57.00%) | loss: 3.221099 | lrm: 0.68 | dt: 721.15ms | tok/sec: 90,877 | bf16_mfu: 0.00 | epoch: 1 pq: 2 rg: 36 | total time: 26.12m | eta: 19.8m
step 02175/03814 (57.03%) | loss: 3.222887 | lrm: 0.68 | dt: 718.50ms | tok/sec: 91,212 | bf16_mfu: 0.00 | epoch: 1 pq: 2 rg: 36 | total time: 26.14m | eta: 19.8m
step 02176/03814 (57.05%) | loss: 3.208135 | lrm: 0.68 | dt: 715.73ms | tok/sec: 91,565 | bf16_mfu: 0.00 | epoch: 1 pq: 2 rg: 36 | total time: 26.15m | eta: 19.8m
step 02177/03814 (57.08%) | loss: 3.193439 | lrm: 0.68 | dt: 722.96ms | tok/sec: 90,649 | bf16_mfu: 0.00 | epoch: 1 pq: 2 rg: 36 | total time: 26.16m | eta: 19.8m
step 02178/03814 (57.11%) | loss: 3.209902 | lrm: 0.68 | dt: 714.81ms | tok/sec: 91,683 | bf16_mfu: 0.00 | epoch: 1 pq: 2 rg: 36 | total time: 26.17m | eta: 19.7m
step 02179/03814 (57.13%) | loss: 3.210176 | lrm: 0.68 | dt: 713.77ms | tok/sec: 91,816 | bf16_mfu: 0.00 | epoch: 1 pq: 2 rg: 36 | total time: 26.18m | eta: 19.7m
step 02180/03814 (57.16%) | loss: 3.185561 | lrm: 0.68 | dt: 715.40ms | tok/sec: 91,607 | bf16_mfu: 0.00 | epoch: 1 pq: 2 rg: 37 | total time: 26.20m | eta: 19.7m
step 02181/03814 (57.18%) | loss: 3.167489 | lrm: 0.68 | dt: 717.16ms | tok/sec: 91,382 | bf16_mfu: 0.00 | epoch: 1 pq: 2 rg: 37 | total time: 26.21m | eta: 19.7m
step 02182/03814 (57.21%) | loss: 3.153991 | lrm: 0.68 | dt: 715.68ms | tok/sec: 91,571 | bf16_mfu: 0.00 | epoch: 1 pq: 2 rg: 37 | total time: 26.22m | eta: 19.7m
step 02183/03814 (57.24%) | loss: 3.147340 | lrm: 0.68 | dt: 719.87ms | tok/sec: 91,038 | bf16_mfu: 0.00 | epoch: 1 pq: 2 rg: 37 | total time: 26.23m | eta: 19.7m
step 02184/03814 (57.26%) | loss: 3.176893 | lrm: 0.67 | dt: 717.18ms | tok/sec: 91,380 | bf16_mfu: 0.00 | epoch: 1 pq: 2 rg: 37 | total time: 26.24m | eta: 19.7m
step 02185/03814 (57.29%) | loss: 3.183759 | lrm: 0.67 | dt: 722.14ms | tok/sec: 90,752 | bf16_mfu: 0.00 | epoch: 1 pq: 2 rg: 37 | total time: 26.26m | eta: 19.7m
step 02186/03814 (57.32%) | loss: 3.188910 | lrm: 0.67 | dt: 723.97ms | tok/sec: 90,523 | bf16_mfu: 0.00 | epoch: 1 pq: 2 rg: 37 | total time: 26.27m | eta: 19.7m
step 02187/03814 (57.34%) | loss: 3.175715 | lrm: 0.67 | dt: 715.89ms | tok/sec: 91,544 | bf16_mfu: 0.00 | epoch: 1 pq: 2 rg: 37 | total time: 26.28m | eta: 19.6m
step 02188/03814 (57.37%) | loss: 3.169596 | lrm: 0.67 | dt: 717.68ms | tok/sec: 91,316 | bf16_mfu: 0.00 | epoch: 1 pq: 2 rg: 37 | total time: 26.29m | eta: 19.6m
step 02189/03814 (57.39%) | loss: 3.176907 | lrm: 0.67 | dt: 720.18ms | tok/sec: 91,000 | bf16_mfu: 0.00 | epoch: 1 pq: 2 rg: 37 | total time: 26.30m | eta: 19.6m
step 02190/03814 (57.42%) | loss: 3.169937 | lrm: 0.67 | dt: 715.26ms | tok/sec: 91,625 | bf16_mfu: 0.00 | epoch: 1 pq: 2 rg: 38 | total time: 26.31m | eta: 19.6m
step 02191/03814 (57.45%) | loss: 3.158178 | lrm: 0.67 | dt: 722.08ms | tok/sec: 90,760 | bf16_mfu: 0.00 | epoch: 1 pq: 2 rg: 38 | total time: 26.33m | eta: 19.6m
step 02192/03814 (57.47%) | loss: 3.140246 | lrm: 0.67 | dt: 714.63ms | tok/sec: 91,705 | bf16_mfu: 0.00 | epoch: 1 pq: 2 rg: 38 | total time: 26.34m | eta: 19.6m
step 02193/03814 (57.50%) | loss: 3.126085 | lrm: 0.67 | dt: 718.67ms | tok/sec: 91,190 | bf16_mfu: 0.00 | epoch: 1 pq: 2 rg: 38 | total time: 26.35m | eta: 19.6m
step 02194/03814 (57.52%) | loss: 3.149540 | lrm: 0.67 | dt: 717.89ms | tok/sec: 91,290 | bf16_mfu: 0.00 | epoch: 1 pq: 2 rg: 38 | total time: 26.36m | eta: 19.6m
step 02195/03814 (57.55%) | loss: 3.171056 | lrm: 0.67 | dt: 724.62ms | tok/sec: 90,441 | bf16_mfu: 0.00 | epoch: 1 pq: 2 rg: 38 | total time: 26.37m | eta: 19.5m
step 02196/03814 (57.58%) | loss: 3.192909 | lrm: 0.67 | dt: 717.03ms | tok/sec: 91,399 | bf16_mfu: 0.00 | epoch: 1 pq: 2 rg: 38 | total time: 26.39m | eta: 19.5m
step 02197/03814 (57.60%) | loss: 3.168044 | lrm: 0.67 | dt: 721.09ms | tok/sec: 90,885 | bf16_mfu: 0.00 | epoch: 1 pq: 2 rg: 38 | total time: 26.40m | eta: 19.5m
step 02198/03814 (57.63%) | loss: 3.187951 | lrm: 0.67 | dt: 719.06ms | tok/sec: 91,140 | bf16_mfu: 0.00 | epoch: 1 pq: 2 rg: 38 | total time: 26.41m | eta: 19.5m
step 02199/03814 (57.66%) | loss: 3.195607 | lrm: 0.67 | dt: 715.53ms | tok/sec: 91,591 | bf16_mfu: 0.00 | epoch: 1 pq: 2 rg: 38 | total time: 26.42m | eta: 19.5m
step 02200/03814 (57.68%) | loss: 3.196213 | lrm: 0.67 | dt: 718.00ms | tok/sec: 91,275 | bf16_mfu: 0.00 | epoch: 1 pq: 2 rg: 39 | total time: 26.43m | eta: 19.5m
step 02201/03814 (57.71%) | loss: 3.173735 | lrm: 0.67 | dt: 716.03ms | tok/sec: 91,526 | bf16_mfu: 0.00 | epoch: 1 pq: 2 rg: 39 | total time: 26.45m | eta: 19.5m
step 02202/03814 (57.73%) | loss: 3.161268 | lrm: 0.67 | dt: 718.32ms | tok/sec: 91,234 | bf16_mfu: 0.00 | epoch: 1 pq: 2 rg: 39 | total time: 26.46m | eta: 19.5m
step 02203/03814 (57.76%) | loss: 3.165471 | lrm: 0.67 | dt: 719.83ms | tok/sec: 91,044 | bf16_mfu: 0.00 | epoch: 1 pq: 2 rg: 39 | total time: 26.47m | eta: 19.4m
step 02204/03814 (57.79%) | loss: 3.168687 | lrm: 0.67 | dt: 719.08ms | tok/sec: 91,138 | bf16_mfu: 0.00 | epoch: 1 pq: 2 rg: 39 | total time: 26.48m | eta: 19.4m
step 02205/03814 (57.81%) | loss: 3.165379 | lrm: 0.67 | dt: 718.06ms | tok/sec: 91,267 | bf16_mfu: 0.00 | epoch: 1 pq: 2 rg: 39 | total time: 26.49m | eta: 19.4m
step 02206/03814 (57.84%) | loss: 3.149679 | lrm: 0.67 | dt: 720.11ms | tok/sec: 91,008 | bf16_mfu: 0.00 | epoch: 1 pq: 2 rg: 39 | total time: 26.51m | eta: 19.4m
step 02207/03814 (57.87%) | loss: 3.133826 | lrm: 0.67 | dt: 719.35ms | tok/sec: 91,104 | bf16_mfu: 0.00 | epoch: 1 pq: 2 rg: 39 | total time: 26.52m | eta: 19.4m
step 02208/03814 (57.89%) | loss: 3.153606 | lrm: 0.67 | dt: 720.12ms | tok/sec: 91,006 | bf16_mfu: 0.00 | epoch: 1 pq: 2 rg: 39 | total time: 26.53m | eta: 19.4m
step 02209/03814 (57.92%) | loss: 3.158589 | lrm: 0.67 | dt: 720.02ms | tok/sec: 91,019 | bf16_mfu: 0.00 | epoch: 1 pq: 2 rg: 39 | total time: 26.54m | eta: 19.4m
step 02210/03814 (57.94%) | loss: 3.171486 | lrm: 0.66 | dt: 723.39ms | tok/sec: 90,595 | bf16_mfu: 0.00 | epoch: 1 pq: 2 rg: 40 | total time: 26.55m | eta: 19.4m
step 02211/03814 (57.97%) | loss: 3.155843 | lrm: 0.66 | dt: 715.43ms | tok/sec: 91,603 | bf16_mfu: 0.00 | epoch: 1 pq: 2 rg: 40 | total time: 26.57m | eta: 19.3m
step 02212/03814 (58.00%) | loss: 3.138672 | lrm: 0.66 | dt: 724.76ms | tok/sec: 90,424 | bf16_mfu: 0.00 | epoch: 1 pq: 2 rg: 40 | total time: 26.58m | eta: 19.3m
step 02213/03814 (58.02%) | loss: 3.127879 | lrm: 0.66 | dt: 718.77ms | tok/sec: 91,177 | bf16_mfu: 0.00 | epoch: 1 pq: 2 rg: 40 | total time: 26.59m | eta: 19.3m
step 02214/03814 (58.05%) | loss: 3.133507 | lrm: 0.66 | dt: 719.82ms | tok/sec: 91,045 | bf16_mfu: 0.00 | epoch: 1 pq: 2 rg: 40 | total time: 26.60m | eta: 19.3m
step 02215/03814 (58.08%) | loss: 3.139651 | lrm: 0.66 | dt: 717.09ms | tok/sec: 91,391 | bf16_mfu: 0.00 | epoch: 1 pq: 2 rg: 40 | total time: 26.61m | eta: 19.3m
step 02216/03814 (58.10%) | loss: 3.145797 | lrm: 0.66 | dt: 720.79ms | tok/sec: 90,922 | bf16_mfu: 0.00 | epoch: 1 pq: 2 rg: 40 | total time: 26.63m | eta: 19.3m
step 02217/03814 (58.13%) | loss: 3.151671 | lrm: 0.66 | dt: 717.75ms | tok/sec: 91,307 | bf16_mfu: 0.00 | epoch: 1 pq: 2 rg: 40 | total time: 26.64m | eta: 19.3m
step 02218/03814 (58.15%) | loss: 3.137138 | lrm: 0.66 | dt: 722.98ms | tok/sec: 90,646 | bf16_mfu: 0.00 | epoch: 1 pq: 2 rg: 40 | total time: 26.65m | eta: 19.3m
step 02219/03814 (58.18%) | loss: 3.139467 | lrm: 0.66 | dt: 718.66ms | tok/sec: 91,192 | bf16_mfu: 0.00 | epoch: 1 pq: 2 rg: 40 | total time: 26.66m | eta: 19.3m
step 02220/03814 (58.21%) | loss: 3.142014 | lrm: 0.66 | dt: 720.02ms | tok/sec: 91,020 | bf16_mfu: 0.00 | epoch: 1 pq: 2 rg: 41 | total time: 26.67m | eta: 19.2m
step 02221/03814 (58.23%) | loss: 3.139588 | lrm: 0.66 | dt: 723.15ms | tok/sec: 90,625 | bf16_mfu: 0.00 | epoch: 1 pq: 2 rg: 41 | total time: 26.69m | eta: 19.2m
step 02222/03814 (58.26%) | loss: 3.141689 | lrm: 0.66 | dt: 717.03ms | tok/sec: 91,399 | bf16_mfu: 0.00 | epoch: 1 pq: 2 rg: 41 | total time: 26.70m | eta: 19.2m
step 02223/03814 (58.29%) | loss: 3.136170 | lrm: 0.66 | dt: 721.93ms | tok/sec: 90,779 | bf16_mfu: 0.00 | epoch: 1 pq: 2 rg: 41 | total time: 26.71m | eta: 19.2m
step 02224/03814 (58.31%) | loss: 3.130095 | lrm: 0.66 | dt: 718.89ms | tok/sec: 91,162 | bf16_mfu: 0.00 | epoch: 1 pq: 2 rg: 41 | total time: 26.72m | eta: 19.2m
step 02225/03814 (58.34%) | loss: 3.132685 | lrm: 0.66 | dt: 722.68ms | tok/sec: 90,684 | bf16_mfu: 0.00 | epoch: 1 pq: 2 rg: 41 | total time: 26.73m | eta: 19.2m
step 02226/03814 (58.36%) | loss: 3.153949 | lrm: 0.66 | dt: 718.11ms | tok/sec: 91,262 | bf16_mfu: 0.00 | epoch: 1 pq: 2 rg: 41 | total time: 26.75m | eta: 19.2m
step 02227/03814 (58.39%) | loss: 3.158989 | lrm: 0.66 | dt: 721.42ms | tok/sec: 90,842 | bf16_mfu: 0.00 | epoch: 1 pq: 2 rg: 41 | total time: 26.76m | eta: 19.2m
step 02228/03814 (58.42%) | loss: 3.149580 | lrm: 0.66 | dt: 719.45ms | tok/sec: 91,091 | bf16_mfu: 0.00 | epoch: 1 pq: 2 rg: 41 | total time: 26.77m | eta: 19.1m
step 02229/03814 (58.44%) | loss: 3.132687 | lrm: 0.66 | dt: 721.00ms | tok/sec: 90,896 | bf16_mfu: 0.00 | epoch: 1 pq: 2 rg: 41 | total time: 26.78m | eta: 19.1m
step 02230/03814 (58.47%) | loss: 3.146385 | lrm: 0.66 | dt: 723.75ms | tok/sec: 90,550 | bf16_mfu: 0.00 | epoch: 1 pq: 2 rg: 42 | total time: 26.79m | eta: 19.1m
step 02231/03814 (58.50%) | loss: 3.155757 | lrm: 0.66 | dt: 725.55ms | tok/sec: 90,326 | bf16_mfu: 0.00 | epoch: 1 pq: 2 rg: 42 | total time: 26.81m | eta: 19.1m
step 02232/03814 (58.52%) | loss: 3.172003 | lrm: 0.66 | dt: 716.23ms | tok/sec: 91,501 | bf16_mfu: 0.00 | epoch: 1 pq: 2 rg: 42 | total time: 26.82m | eta: 19.1m
step 02233/03814 (58.55%) | loss: 3.151578 | lrm: 0.66 | dt: 723.65ms | tok/sec: 90,563 | bf16_mfu: 0.00 | epoch: 1 pq: 2 rg: 42 | total time: 26.83m | eta: 19.1m
step 02234/03814 (58.57%) | loss: 3.129544 | lrm: 0.66 | dt: 718.32ms | tok/sec: 91,235 | bf16_mfu: 0.00 | epoch: 1 pq: 2 rg: 42 | total time: 26.84m | eta: 19.1m
step 02235/03814 (58.60%) | loss: 3.153340 | lrm: 0.66 | dt: 721.17ms | tok/sec: 90,874 | bf16_mfu: 0.00 | epoch: 1 pq: 2 rg: 42 | total time: 26.85m | eta: 19.1m
step 02236/03814 (58.63%) | loss: 3.172960 | lrm: 0.65 | dt: 724.57ms | tok/sec: 90,447 | bf16_mfu: 0.00 | epoch: 1 pq: 2 rg: 42 | total time: 26.87m | eta: 19.0m
step 02237/03814 (58.65%) | loss: 3.154636 | lrm: 0.65 | dt: 715.52ms | tok/sec: 91,592 | bf16_mfu: 0.00 | epoch: 1 pq: 2 rg: 42 | total time: 26.88m | eta: 19.0m
step 02238/03814 (58.68%) | loss: 3.139257 | lrm: 0.65 | dt: 724.62ms | tok/sec: 90,441 | bf16_mfu: 0.00 | epoch: 1 pq: 2 rg: 42 | total time: 26.89m | eta: 19.0m
step 02239/03814 (58.70%) | loss: 3.133285 | lrm: 0.65 | dt: 722.35ms | tok/sec: 90,726 | bf16_mfu: 0.00 | epoch: 1 pq: 2 rg: 42 | total time: 26.90m | eta: 19.0m
step 02240/03814 (58.73%) | loss: 3.150684 | lrm: 0.65 | dt: 719.45ms | tok/sec: 91,092 | bf16_mfu: 0.00 | epoch: 1 pq: 2 rg: 43 | total time: 26.91m | eta: 19.0m
step 02241/03814 (58.76%) | loss: 3.163176 | lrm: 0.65 | dt: 720.34ms | tok/sec: 90,978 | bf16_mfu: 0.00 | epoch: 1 pq: 2 rg: 43 | total time: 26.93m | eta: 19.0m
step 02242/03814 (58.78%) | loss: 3.148024 | lrm: 0.65 | dt: 717.57ms | tok/sec: 91,329 | bf16_mfu: 0.00 | epoch: 1 pq: 2 rg: 43 | total time: 26.94m | eta: 19.0m
step 02243/03814 (58.81%) | loss: 3.134418 | lrm: 0.65 | dt: 722.48ms | tok/sec: 90,709 | bf16_mfu: 0.00 | epoch: 1 pq: 2 rg: 43 | total time: 26.95m | eta: 19.0m
step 02244/03814 (58.84%) | loss: 3.130021 | lrm: 0.65 | dt: 719.11ms | tok/sec: 91,134 | bf16_mfu: 0.00 | epoch: 1 pq: 2 rg: 43 | total time: 26.96m | eta: 18.9m
step 02245/03814 (58.86%) | loss: 3.136409 | lrm: 0.65 | dt: 720.11ms | tok/sec: 91,008 | bf16_mfu: 0.00 | epoch: 1 pq: 2 rg: 43 | total time: 26.97m | eta: 18.9m
step 02246/03814 (58.89%) | loss: 3.158998 | lrm: 0.65 | dt: 724.37ms | tok/sec: 90,473 | bf16_mfu: 0.00 | epoch: 1 pq: 2 rg: 43 | total time: 26.99m | eta: 18.9m
step 02247/03814 (58.91%) | loss: 3.154517 | lrm: 0.65 | dt: 720.20ms | tok/sec: 90,997 | bf16_mfu: 0.00 | epoch: 1 pq: 2 rg: 43 | total time: 27.00m | eta: 18.9m
step 02248/03814 (58.94%) | loss: 3.134216 | lrm: 0.65 | dt: 722.92ms | tok/sec: 90,654 | bf16_mfu: 0.00 | epoch: 1 pq: 2 rg: 43 | total time: 27.01m | eta: 18.9m
step 02249/03814 (58.97%) | loss: 3.140673 | lrm: 0.65 | dt: 725.52ms | tok/sec: 90,329 | bf16_mfu: 0.00 | epoch: 1 pq: 2 rg: 43 | total time: 27.02m | eta: 18.9m
step 02250/03814 (58.99%) | loss: 3.158305 | lrm: 0.65 | dt: 718.31ms | tok/sec: 91,236 | bf16_mfu: 0.00 | epoch: 1 pq: 2 rg: 44 | total time: 27.04m | eta: 18.9m
step 02251/03814 (59.02%) | loss: 3.181155 | lrm: 0.65 | dt: 720.30ms | tok/sec: 90,983 | bf16_mfu: 0.00 | epoch: 1 pq: 2 rg: 44 | total time: 27.05m | eta: 18.9m
step 02252/03814 (59.05%) | loss: 3.175813 | lrm: 0.65 | dt: 718.99ms | tok/sec: 91,149 | bf16_mfu: 0.00 | epoch: 1 pq: 2 rg: 44 | total time: 27.06m | eta: 18.9m
step 02253/03814 (59.07%) | loss: 3.161266 | lrm: 0.65 | dt: 719.31ms | tok/sec: 91,109 | bf16_mfu: 0.00 | epoch: 1 pq: 2 rg: 44 | total time: 27.07m | eta: 18.8m
step 02254/03814 (59.10%) | loss: 3.133915 | lrm: 0.65 | dt: 725.87ms | tok/sec: 90,286 | bf16_mfu: 0.00 | epoch: 1 pq: 2 rg: 44 | total time: 27.08m | eta: 18.8m
step 02255/03814 (59.12%) | loss: 3.164018 | lrm: 0.65 | dt: 715.68ms | tok/sec: 91,572 | bf16_mfu: 0.00 | epoch: 1 pq: 2 rg: 44 | total time: 27.10m | eta: 18.8m
step 02256/03814 (59.15%) | loss: 3.150153 | lrm: 0.65 | dt: 725.26ms | tok/sec: 90,362 | bf16_mfu: 0.00 | epoch: 1 pq: 2 rg: 44 | total time: 27.11m | eta: 18.8m
step 02257/03814 (59.18%) | loss: 3.159285 | lrm: 0.65 | dt: 736.08ms | tok/sec: 89,033 | bf16_mfu: 0.00 | epoch: 1 pq: 2 rg: 44 | total time: 27.12m | eta: 18.8m
step 02258/03814 (59.20%) | loss: 3.148856 | lrm: 0.65 | dt: 723.23ms | tok/sec: 90,615 | bf16_mfu: 0.00 | epoch: 1 pq: 2 rg: 44 | total time: 27.13m | eta: 18.8m
step 02259/03814 (59.23%) | loss: 3.141840 | lrm: 0.65 | dt: 721.91ms | tok/sec: 90,781 | bf16_mfu: 0.00 | epoch: 1 pq: 2 rg: 44 | total time: 27.14m | eta: 18.8m
step 02260/03814 (59.26%) | loss: 3.148005 | lrm: 0.65 | dt: 719.02ms | tok/sec: 91,145 | bf16_mfu: 0.00 | epoch: 1 pq: 2 rg: 45 | total time: 27.16m | eta: 18.8m
step 02261/03814 (59.28%) | loss: 3.157075 | lrm: 0.65 | dt: 723.03ms | tok/sec: 90,640 | bf16_mfu: 0.00 | epoch: 1 pq: 2 rg: 45 | total time: 27.17m | eta: 18.7m
step 02262/03814 (59.31%) | loss: 3.142824 | lrm: 0.64 | dt: 729.46ms | tok/sec: 89,841 | bf16_mfu: 0.00 | epoch: 1 pq: 2 rg: 45 | total time: 27.18m | eta: 18.7m
step 02263/03814 (59.33%) | loss: 3.151643 | lrm: 0.64 | dt: 722.17ms | tok/sec: 90,749 | bf16_mfu: 0.00 | epoch: 1 pq: 2 rg: 45 | total time: 27.19m | eta: 18.7m
step 02264/03814 (59.36%) | loss: 3.134846 | lrm: 0.64 | dt: 721.06ms | tok/sec: 90,888 | bf16_mfu: 0.00 | epoch: 1 pq: 2 rg: 45 | total time: 27.20m | eta: 18.7m
step 02265/03814 (59.39%) | loss: 3.131146 | lrm: 0.64 | dt: 722.22ms | tok/sec: 90,742 | bf16_mfu: 0.00 | epoch: 1 pq: 2 rg: 45 | total time: 27.22m | eta: 18.7m
step 02266/03814 (59.41%) | loss: 3.136754 | lrm: 0.64 | dt: 725.75ms | tok/sec: 90,300 | bf16_mfu: 0.00 | epoch: 1 pq: 2 rg: 45 | total time: 27.23m | eta: 18.7m
step 02267/03814 (59.44%) | loss: 3.134370 | lrm: 0.64 | dt: 728.81ms | tok/sec: 89,921 | bf16_mfu: 0.00 | epoch: 1 pq: 2 rg: 45 | total time: 27.24m | eta: 18.7m
step 02268/03814 (59.47%) | loss: 3.108973 | lrm: 0.64 | dt: 721.94ms | tok/sec: 90,777 | bf16_mfu: 0.00 | epoch: 1 pq: 2 rg: 45 | total time: 27.25m | eta: 18.7m
step 02269/03814 (59.49%) | loss: 3.095256 | lrm: 0.64 | dt: 719.01ms | tok/sec: 91,147 | bf16_mfu: 0.00 | epoch: 1 pq: 2 rg: 45 | total time: 27.26m | eta: 18.6m
step 02270/03814 (59.52%) | loss: 3.083946 | lrm: 0.64 | dt: 725.96ms | tok/sec: 90,274 | bf16_mfu: 0.00 | epoch: 1 pq: 2 rg: 46 | total time: 27.28m | eta: 18.6m
step 02271/03814 (59.54%) | loss: 3.107368 | lrm: 0.64 | dt: 727.71ms | tok/sec: 90,057 | bf16_mfu: 0.00 | epoch: 1 pq: 2 rg: 46 | total time: 27.29m | eta: 18.6m
step 02272/03814 (59.57%) | loss: 3.104241 | lrm: 0.64 | dt: 728.39ms | tok/sec: 89,973 | bf16_mfu: 0.00 | epoch: 1 pq: 2 rg: 46 | total time: 27.30m | eta: 18.6m
step 02273/03814 (59.60%) | loss: 3.101990 | lrm: 0.64 | dt: 726.47ms | tok/sec: 90,211 | bf16_mfu: 0.00 | epoch: 1 pq: 2 rg: 46 | total time: 27.31m | eta: 18.6m
step 02274/03814 (59.62%) | loss: 3.086695 | lrm: 0.64 | dt: 718.72ms | tok/sec: 91,184 | bf16_mfu: 0.00 | epoch: 1 pq: 2 rg: 46 | total time: 27.32m | eta: 18.6m
step 02275/03814 (59.65%) | loss: 3.078728 | lrm: 0.64 | dt: 722.47ms | tok/sec: 90,711 | bf16_mfu: 0.00 | epoch: 1 pq: 2 rg: 46 | total time: 27.34m | eta: 18.6m
step 02276/03814 (59.67%) | loss: 3.097774 | lrm: 0.64 | dt: 728.45ms | tok/sec: 89,966 | bf16_mfu: 0.00 | epoch: 1 pq: 2 rg: 46 | total time: 27.35m | eta: 18.6m
step 02277/03814 (59.70%) | loss: 3.125197 | lrm: 0.64 | dt: 721.70ms | tok/sec: 90,808 | bf16_mfu: 0.00 | epoch: 1 pq: 2 rg: 46 | total time: 27.36m | eta: 18.6m
step 02278/03814 (59.73%) | loss: 3.116782 | lrm: 0.64 | dt: 720.47ms | tok/sec: 90,962 | bf16_mfu: 0.00 | epoch: 1 pq: 2 rg: 46 | total time: 27.37m | eta: 18.5m
step 02279/03814 (59.75%) | loss: 3.111044 | lrm: 0.64 | dt: 726.51ms | tok/sec: 90,206 | bf16_mfu: 0.00 | epoch: 1 pq: 2 rg: 46 | total time: 27.38m | eta: 18.5m
step 02280/03814 (59.78%) | loss: 3.097691 | lrm: 0.64 | dt: 724.40ms | tok/sec: 90,469 | bf16_mfu: 0.00 | epoch: 1 pq: 2 rg: 47 | total time: 27.40m | eta: 18.5m
step 02281/03814 (59.81%) | loss: 3.120347 | lrm: 0.64 | dt: 719.56ms | tok/sec: 91,078 | bf16_mfu: 0.00 | epoch: 1 pq: 2 rg: 47 | total time: 27.41m | eta: 18.5m
step 02282/03814 (59.83%) | loss: 3.121494 | lrm: 0.64 | dt: 724.35ms | tok/sec: 90,475 | bf16_mfu: 0.00 | epoch: 1 pq: 2 rg: 47 | total time: 27.42m | eta: 18.5m
step 02283/03814 (59.86%) | loss: 3.115130 | lrm: 0.64 | dt: 724.67ms | tok/sec: 90,435 | bf16_mfu: 0.00 | epoch: 1 pq: 2 rg: 47 | total time: 27.43m | eta: 18.5m
step 02284/03814 (59.88%) | loss: 3.109707 | lrm: 0.64 | dt: 720.04ms | tok/sec: 91,016 | bf16_mfu: 0.00 | epoch: 1 pq: 2 rg: 47 | total time: 27.45m | eta: 18.5m
step 02285/03814 (59.91%) | loss: 3.090931 | lrm: 0.64 | dt: 724.61ms | tok/sec: 90,442 | bf16_mfu: 0.00 | epoch: 1 pq: 2 rg: 47 | total time: 27.46m | eta: 18.5m
step 02286/03814 (59.94%) | loss: 3.087384 | lrm: 0.64 | dt: 722.79ms | tok/sec: 90,671 | bf16_mfu: 0.00 | epoch: 1 pq: 2 rg: 47 | total time: 27.47m | eta: 18.4m
step 02287/03814 (59.96%) | loss: 3.105412 | lrm: 0.64 | dt: 721.65ms | tok/sec: 90,813 | bf16_mfu: 0.00 | epoch: 1 pq: 2 rg: 47 | total time: 27.48m | eta: 18.4m
step 02288/03814 (59.99%) | loss: 3.099037 | lrm: 0.63 | dt: 723.84ms | tok/sec: 90,539 | bf16_mfu: 0.00 | epoch: 1 pq: 2 rg: 47 | total time: 27.49m | eta: 18.4m
step 02289/03814 (60.02%) | loss: 3.093369 | lrm: 0.63 | dt: 721.58ms | tok/sec: 90,823 | bf16_mfu: 0.00 | epoch: 1 pq: 2 rg: 48 | total time: 27.51m | eta: 18.4m
step 02290/03814 (60.04%) | loss: 3.091077 | lrm: 0.63 | dt: 719.63ms | tok/sec: 91,068 | bf16_mfu: 0.00 | epoch: 1 pq: 2 rg: 48 | total time: 27.52m | eta: 18.4m
step 02291/03814 (60.07%) | loss: 3.107089 | lrm: 0.63 | dt: 728.23ms | tok/sec: 89,993 | bf16_mfu: 0.00 | epoch: 1 pq: 2 rg: 48 | total time: 27.53m | eta: 18.4m
step 02292/03814 (60.09%) | loss: 3.091108 | lrm: 0.63 | dt: 724.12ms | tok/sec: 90,503 | bf16_mfu: 0.00 | epoch: 1 pq: 2 rg: 48 | total time: 27.54m | eta: 18.4m
step 02293/03814 (60.12%) | loss: 3.090352 | lrm: 0.63 | dt: 720.42ms | tok/sec: 90,968 | bf16_mfu: 0.00 | epoch: 1 pq: 2 rg: 48 | total time: 27.55m | eta: 18.4m
step 02294/03814 (60.15%) | loss: 3.088634 | lrm: 0.63 | dt: 723.24ms | tok/sec: 90,614 | bf16_mfu: 0.00 | epoch: 1 pq: 2 rg: 48 | total time: 27.57m | eta: 18.3m
step 02295/03814 (60.17%) | loss: 3.084080 | lrm: 0.63 | dt: 722.14ms | tok/sec: 90,753 | bf16_mfu: 0.00 | epoch: 1 pq: 2 rg: 48 | total time: 27.58m | eta: 18.3m
step 02296/03814 (60.20%) | loss: 3.076266 | lrm: 0.63 | dt: 717.83ms | tok/sec: 91,297 | bf16_mfu: 0.00 | epoch: 1 pq: 2 rg: 48 | total time: 27.59m | eta: 18.3m
step 02297/03814 (60.23%) | loss: 3.081329 | lrm: 0.63 | dt: 723.73ms | tok/sec: 90,552 | bf16_mfu: 0.00 | epoch: 1 pq: 2 rg: 48 | total time: 27.60m | eta: 18.3m
step 02298/03814 (60.25%) | loss: 3.071646 | lrm: 0.63 | dt: 718.43ms | tok/sec: 91,221 | bf16_mfu: 0.00 | epoch: 1 pq: 2 rg: 48 | total time: 27.61m | eta: 18.3m
step 02299/03814 (60.28%) | loss: 3.053491 | lrm: 0.63 | dt: 723.52ms | tok/sec: 90,579 | bf16_mfu: 0.00 | epoch: 1 pq: 2 rg: 49 | total time: 27.63m | eta: 18.3m
step 02300/03814 (60.30%) | loss: 3.048292 | lrm: 0.63 | dt: 718.28ms | tok/sec: 91,239 | bf16_mfu: 0.00 | epoch: 1 pq: 2 rg: 49 | total time: 27.64m | eta: 18.3m
step 02301/03814 (60.33%) | loss: 3.056865 | lrm: 0.63 | dt: 723.04ms | tok/sec: 90,639 | bf16_mfu: 0.00 | epoch: 1 pq: 2 rg: 49 | total time: 27.65m | eta: 18.3m
step 02302/03814 (60.36%) | loss: 3.048740 | lrm: 0.63 | dt: 721.84ms | tok/sec: 90,790 | bf16_mfu: 0.00 | epoch: 1 pq: 2 rg: 49 | total time: 27.66m | eta: 18.2m
step 02303/03814 (60.38%) | loss: 3.080887 | lrm: 0.63 | dt: 719.15ms | tok/sec: 91,130 | bf16_mfu: 0.00 | epoch: 1 pq: 2 rg: 49 | total time: 27.67m | eta: 18.2m
step 02304/03814 (60.41%) | loss: 3.086266 | lrm: 0.63 | dt: 715.23ms | tok/sec: 91,628 | bf16_mfu: 0.00 | epoch: 1 pq: 2 rg: 49 | total time: 27.69m | eta: 18.2m
step 02305/03814 (60.44%) | loss: 3.064278 | lrm: 0.63 | dt: 721.02ms | tok/sec: 90,893 | bf16_mfu: 0.00 | epoch: 1 pq: 2 rg: 49 | total time: 27.70m | eta: 18.2m
step 02306/03814 (60.46%) | loss: 3.060813 | lrm: 0.63 | dt: 717.77ms | tok/sec: 91,305 | bf16_mfu: 0.00 | epoch: 1 pq: 2 rg: 49 | total time: 27.71m | eta: 18.2m
step 02307/03814 (60.49%) | loss: 3.060438 | lrm: 0.63 | dt: 725.20ms | tok/sec: 90,369 | bf16_mfu: 0.00 | epoch: 1 pq: 2 rg: 49 | total time: 27.72m | eta: 18.2m
step 02308/03814 (60.51%) | loss: 3.075274 | lrm: 0.63 | dt: 719.41ms | tok/sec: 91,096 | bf16_mfu: 0.00 | epoch: 1 pq: 2 rg: 49 | total time: 27.73m | eta: 18.2m
step 02309/03814 (60.54%) | loss: 3.075643 | lrm: 0.63 | dt: 717.72ms | tok/sec: 91,311 | bf16_mfu: 0.00 | epoch: 1 pq: 2 rg: 50 | total time: 27.75m | eta: 18.2m
step 02310/03814 (60.57%) | loss: 3.060125 | lrm: 0.63 | dt: 719.46ms | tok/sec: 91,090 | bf16_mfu: 0.00 | epoch: 1 pq: 2 rg: 50 | total time: 27.76m | eta: 18.2m
step 02311/03814 (60.59%) | loss: 3.049999 | lrm: 0.63 | dt: 718.95ms | tok/sec: 91,155 | bf16_mfu: 0.00 | epoch: 1 pq: 2 rg: 50 | total time: 27.77m | eta: 18.1m
step 02312/03814 (60.62%) | loss: 3.050878 | lrm: 0.63 | dt: 717.03ms | tok/sec: 91,398 | bf16_mfu: 0.00 | epoch: 1 pq: 2 rg: 50 | total time: 27.78m | eta: 18.1m
step 02313/03814 (60.64%) | loss: 3.058355 | lrm: 0.63 | dt: 717.60ms | tok/sec: 91,327 | bf16_mfu: 0.00 | epoch: 1 pq: 2 rg: 50 | total time: 27.79m | eta: 18.1m
step 02314/03814 (60.67%) | loss: 3.059733 | lrm: 0.62 | dt: 714.48ms | tok/sec: 91,725 | bf16_mfu: 0.00 | epoch: 1 pq: 2 rg: 50 | total time: 27.81m | eta: 18.1m
step 02315/03814 (60.70%) | loss: 3.041048 | lrm: 0.62 | dt: 719.83ms | tok/sec: 91,044 | bf16_mfu: 0.00 | epoch: 1 pq: 2 rg: 50 | total time: 27.82m | eta: 18.1m
step 02316/03814 (60.72%) | loss: 3.025707 | lrm: 0.62 | dt: 722.13ms | tok/sec: 90,754 | bf16_mfu: 0.00 | epoch: 1 pq: 2 rg: 50 | total time: 27.83m | eta: 18.1m
step 02317/03814 (60.75%) | loss: 3.018752 | lrm: 0.62 | dt: 718.33ms | tok/sec: 91,233 | bf16_mfu: 0.00 | epoch: 1 pq: 2 rg: 50 | total time: 27.84m | eta: 18.1m
step 02318/03814 (60.78%) | loss: 3.032906 | lrm: 0.62 | dt: 720.17ms | tok/sec: 91,000 | bf16_mfu: 0.00 | epoch: 1 pq: 2 rg: 50 | total time: 27.85m | eta: 18.1m
step 02319/03814 (60.80%) | loss: 3.049106 | lrm: 0.62 | dt: 719.09ms | tok/sec: 91,137 | bf16_mfu: 0.00 | epoch: 1 pq: 2 rg: 51 | total time: 27.87m | eta: 18.0m
step 02320/03814 (60.83%) | loss: 3.045157 | lrm: 0.62 | dt: 722.40ms | tok/sec: 90,719 | bf16_mfu: 0.00 | epoch: 1 pq: 2 rg: 51 | total time: 27.88m | eta: 18.0m
step 02321/03814 (60.85%) | loss: 3.025458 | lrm: 0.62 | dt: 717.06ms | tok/sec: 91,394 | bf16_mfu: 0.00 | epoch: 1 pq: 2 rg: 51 | total time: 27.89m | eta: 18.0m
step 02322/03814 (60.88%) | loss: 3.009175 | lrm: 0.62 | dt: 718.62ms | tok/sec: 91,197 | bf16_mfu: 0.00 | epoch: 1 pq: 2 rg: 51 | total time: 27.90m | eta: 18.0m
step 02323/03814 (60.91%) | loss: 3.014147 | lrm: 0.62 | dt: 716.06ms | tok/sec: 91,522 | bf16_mfu: 0.00 | epoch: 1 pq: 2 rg: 51 | total time: 27.91m | eta: 18.0m
step 02324/03814 (60.93%) | loss: 3.026292 | lrm: 0.62 | dt: 718.49ms | tok/sec: 91,213 | bf16_mfu: 0.00 | epoch: 1 pq: 2 rg: 51 | total time: 27.93m | eta: 18.0m
step 02325/03814 (60.96%) | loss: 3.064149 | lrm: 0.62 | dt: 715.48ms | tok/sec: 91,596 | bf16_mfu: 0.00 | epoch: 1 pq: 2 rg: 51 | total time: 27.94m | eta: 18.0m
step 02326/03814 (60.99%) | loss: 3.085086 | lrm: 0.62 | dt: 718.17ms | tok/sec: 91,254 | bf16_mfu: 0.00 | epoch: 1 pq: 2 rg: 51 | total time: 27.95m | eta: 18.0m
step 02327/03814 (61.01%) | loss: 3.076559 | lrm: 0.62 | dt: 717.85ms | tok/sec: 91,295 | bf16_mfu: 0.00 | epoch: 1 pq: 2 rg: 51 | total time: 27.96m | eta: 17.9m
step 02328/03814 (61.04%) | loss: 3.073444 | lrm: 0.62 | dt: 718.36ms | tok/sec: 91,230 | bf16_mfu: 0.00 | epoch: 1 pq: 2 rg: 51 | total time: 27.97m | eta: 17.9m
step 02329/03814 (61.06%) | loss: 3.072352 | lrm: 0.62 | dt: 718.55ms | tok/sec: 91,206 | bf16_mfu: 0.00 | epoch: 1 pq: 2 rg: 52 | total time: 27.99m | eta: 17.9m
step 02330/03814 (61.09%) | loss: 3.081751 | lrm: 0.62 | dt: 713.91ms | tok/sec: 91,798 | bf16_mfu: 0.00 | epoch: 1 pq: 2 rg: 52 | total time: 28.00m | eta: 17.9m
step 02331/03814 (61.12%) | loss: 3.072704 | lrm: 0.62 | dt: 719.23ms | tok/sec: 91,119 | bf16_mfu: 0.00 | epoch: 1 pq: 2 rg: 52 | total time: 28.01m | eta: 17.9m
step 02332/03814 (61.14%) | loss: 3.050958 | lrm: 0.62 | dt: 714.33ms | tok/sec: 91,744 | bf16_mfu: 0.00 | epoch: 1 pq: 2 rg: 52 | total time: 28.02m | eta: 17.9m
step 02333/03814 (61.17%) | loss: 3.059461 | lrm: 0.62 | dt: 717.10ms | tok/sec: 91,390 | bf16_mfu: 0.00 | epoch: 1 pq: 2 rg: 52 | total time: 28.03m | eta: 17.9m
step 02334/03814 (61.20%) | loss: 3.078155 | lrm: 0.62 | dt: 718.14ms | tok/sec: 91,257 | bf16_mfu: 0.00 | epoch: 1 pq: 2 rg: 52 | total time: 28.04m | eta: 17.9m
step 02335/03814 (61.22%) | loss: 3.087403 | lrm: 0.62 | dt: 717.54ms | tok/sec: 91,334 | bf16_mfu: 0.00 | epoch: 1 pq: 2 rg: 52 | total time: 28.06m | eta: 17.8m
step 02336/03814 (61.25%) | loss: 3.090440 | lrm: 0.62 | dt: 718.89ms | tok/sec: 91,162 | bf16_mfu: 0.00 | epoch: 1 pq: 2 rg: 52 | total time: 28.07m | eta: 17.8m
step 02337/03814 (61.27%) | loss: 3.072526 | lrm: 0.62 | dt: 721.70ms | tok/sec: 90,807 | bf16_mfu: 0.00 | epoch: 1 pq: 2 rg: 52 | total time: 28.08m | eta: 17.8m
step 02338/03814 (61.30%) | loss: 3.074617 | lrm: 0.62 | dt: 716.83ms | tok/sec: 91,425 | bf16_mfu: 0.00 | epoch: 1 pq: 2 rg: 52 | total time: 28.09m | eta: 17.8m
step 02339/03814 (61.33%) | loss: 3.099233 | lrm: 0.62 | dt: 717.16ms | tok/sec: 91,383 | bf16_mfu: 0.00 | epoch: 1 pq: 2 rg: 53 | total time: 28.10m | eta: 17.8m
step 02340/03814 (61.35%) | loss: 3.137691 | lrm: 0.61 | dt: 716.81ms | tok/sec: 91,427 | bf16_mfu: 0.00 | epoch: 1 pq: 2 rg: 53 | total time: 28.12m | eta: 17.8m
step 02341/03814 (61.38%) | loss: 3.130097 | lrm: 0.61 | dt: 714.26ms | tok/sec: 91,754 | bf16_mfu: 0.00 | epoch: 1 pq: 2 rg: 53 | total time: 28.13m | eta: 17.8m
step 02342/03814 (61.41%) | loss: 3.113883 | lrm: 0.61 | dt: 716.07ms | tok/sec: 91,522 | bf16_mfu: 0.00 | epoch: 1 pq: 2 rg: 53 | total time: 28.14m | eta: 17.8m
step 02343/03814 (61.43%) | loss: 3.102561 | lrm: 0.61 | dt: 715.51ms | tok/sec: 91,593 | bf16_mfu: 0.00 | epoch: 1 pq: 2 rg: 53 | total time: 28.15m | eta: 17.8m
step 02344/03814 (61.46%) | loss: 3.117478 | lrm: 0.61 | dt: 717.57ms | tok/sec: 91,330 | bf16_mfu: 0.00 | epoch: 1 pq: 2 rg: 53 | total time: 28.16m | eta: 17.7m
step 02345/03814 (61.48%) | loss: 3.126644 | lrm: 0.61 | dt: 718.02ms | tok/sec: 91,273 | bf16_mfu: 0.00 | epoch: 1 pq: 2 rg: 53 | total time: 28.18m | eta: 17.7m
step 02346/03814 (61.51%) | loss: 3.124935 | lrm: 0.61 | dt: 712.79ms | tok/sec: 91,942 | bf16_mfu: 0.00 | epoch: 1 pq: 2 rg: 53 | total time: 28.19m | eta: 17.7m
step 02347/03814 (61.54%) | loss: 3.107159 | lrm: 0.61 | dt: 714.18ms | tok/sec: 91,763 | bf16_mfu: 0.00 | epoch: 1 pq: 2 rg: 53 | total time: 28.20m | eta: 17.7m
step 02348/03814 (61.56%) | loss: 3.110911 | lrm: 0.61 | dt: 710.40ms | tok/sec: 92,252 | bf16_mfu: 0.00 | epoch: 1 pq: 2 rg: 53 | total time: 28.21m | eta: 17.7m
step 02349/03814 (61.59%) | loss: 3.112850 | lrm: 0.61 | dt: 718.38ms | tok/sec: 91,228 | bf16_mfu: 0.00 | epoch: 1 pq: 2 rg: 54 | total time: 28.22m | eta: 17.7m
step 02350/03814 (61.62%) | loss: 3.122482 | lrm: 0.61 | dt: 716.04ms | tok/sec: 91,525 | bf16_mfu: 0.00 | epoch: 1 pq: 2 rg: 54 | total time: 28.24m | eta: 17.7m
step 02351/03814 (61.64%) | loss: 3.106886 | lrm: 0.61 | dt: 716.60ms | tok/sec: 91,454 | bf16_mfu: 0.00 | epoch: 1 pq: 2 rg: 54 | total time: 28.25m | eta: 17.7m
step 02352/03814 (61.67%) | loss: 3.089281 | lrm: 0.61 | dt: 715.68ms | tok/sec: 91,572 | bf16_mfu: 0.00 | epoch: 1 pq: 2 rg: 54 | total time: 28.26m | eta: 17.6m
step 02353/03814 (61.69%) | loss: 3.078273 | lrm: 0.61 | dt: 715.61ms | tok/sec: 91,580 | bf16_mfu: 0.00 | epoch: 1 pq: 2 rg: 54 | total time: 28.27m | eta: 17.6m
step 02354/03814 (61.72%) | loss: 3.077958 | lrm: 0.61 | dt: 834.32ms | tok/sec: 78,550 | bf16_mfu: 0.00 | epoch: 1 pq: 2 rg: 54 | total time: 28.29m | eta: 17.6m
step 02355/03814 (61.75%) | loss: 3.086402 | lrm: 0.61 | dt: 715.95ms | tok/sec: 91,537 | bf16_mfu: 0.00 | epoch: 1 pq: 2 rg: 54 | total time: 28.30m | eta: 17.6m
step 02356/03814 (61.77%) | loss: 3.072238 | lrm: 0.61 | dt: 711.96ms | tok/sec: 92,049 | bf16_mfu: 0.00 | epoch: 1 pq: 2 rg: 54 | total time: 28.31m | eta: 17.6m
step 02357/03814 (61.80%) | loss: 3.074658 | lrm: 0.61 | dt: 715.50ms | tok/sec: 91,594 | bf16_mfu: 0.00 | epoch: 1 pq: 2 rg: 54 | total time: 28.32m | eta: 17.6m
step 02358/03814 (61.82%) | loss: 3.068989 | lrm: 0.61 | dt: 717.08ms | tok/sec: 91,393 | bf16_mfu: 0.00 | epoch: 1 pq: 2 rg: 54 | total time: 28.33m | eta: 17.6m
step 02359/03814 (61.85%) | loss: 3.073345 | lrm: 0.61 | dt: 714.82ms | tok/sec: 91,681 | bf16_mfu: 0.00 | epoch: 1 pq: 2 rg: 55 | total time: 28.35m | eta: 17.6m
step 02360/03814 (61.88%) | loss: 3.081177 | lrm: 0.61 | dt: 713.82ms | tok/sec: 91,810 | bf16_mfu: 0.00 | epoch: 1 pq: 2 rg: 55 | total time: 28.36m | eta: 17.5m
step 02361/03814 (61.90%) | loss: 3.065456 | lrm: 0.61 | dt: 715.25ms | tok/sec: 91,626 | bf16_mfu: 0.00 | epoch: 1 pq: 2 rg: 55 | total time: 28.37m | eta: 17.5m
step 02362/03814 (61.93%) | loss: 3.056407 | lrm: 0.61 | dt: 711.97ms | tok/sec: 92,048 | bf16_mfu: 0.00 | epoch: 1 pq: 2 rg: 55 | total time: 28.38m | eta: 17.5m
step 02363/03814 (61.96%) | loss: 3.043865 | lrm: 0.61 | dt: 713.83ms | tok/sec: 91,809 | bf16_mfu: 0.00 | epoch: 1 pq: 2 rg: 55 | total time: 28.39m | eta: 17.5m
step 02364/03814 (61.98%) | loss: 3.047170 | lrm: 0.61 | dt: 712.23ms | tok/sec: 92,014 | bf16_mfu: 0.00 | epoch: 1 pq: 2 rg: 55 | total time: 28.40m | eta: 17.5m
step 02365/03814 (62.01%) | loss: 3.075182 | lrm: 0.61 | dt: 716.10ms | tok/sec: 91,518 | bf16_mfu: 0.00 | epoch: 1 pq: 2 rg: 55 | total time: 28.42m | eta: 17.5m
step 02366/03814 (62.03%) | loss: 3.084642 | lrm: 0.60 | dt: 714.50ms | tok/sec: 91,722 | bf16_mfu: 0.00 | epoch: 1 pq: 2 rg: 55 | total time: 28.43m | eta: 17.5m
step 02367/03814 (62.06%) | loss: 3.080234 | lrm: 0.60 | dt: 714.59ms | tok/sec: 91,711 | bf16_mfu: 0.00 | epoch: 1 pq: 2 rg: 55 | total time: 28.44m | eta: 17.5m
step 02368/03814 (62.09%) | loss: 3.071638 | lrm: 0.60 | dt: 718.08ms | tok/sec: 91,266 | bf16_mfu: 0.00 | epoch: 1 pq: 2 rg: 55 | total time: 28.45m | eta: 17.4m
step 02369/03814 (62.11%) | loss: 3.075789 | lrm: 0.60 | dt: 711.46ms | tok/sec: 92,115 | bf16_mfu: 0.00 | epoch: 1 pq: 2 rg: 56 | total time: 28.46m | eta: 17.4m
step 02370/03814 (62.14%) | loss: 3.079220 | lrm: 0.60 | dt: 715.81ms | tok/sec: 91,554 | bf16_mfu: 0.00 | epoch: 1 pq: 2 rg: 56 | total time: 28.48m | eta: 17.4m
step 02371/03814 (62.17%) | loss: 3.071588 | lrm: 0.60 | dt: 720.17ms | tok/sec: 91,000 | bf16_mfu: 0.00 | epoch: 1 pq: 2 rg: 56 | total time: 28.49m | eta: 17.4m
step 02372/03814 (62.19%) | loss: 3.071902 | lrm: 0.60 | dt: 718.70ms | tok/sec: 91,186 | bf16_mfu: 0.00 | epoch: 1 pq: 2 rg: 56 | total time: 28.50m | eta: 17.4m
step 02373/03814 (62.22%) | loss: 3.066930 | lrm: 0.60 | dt: 708.49ms | tok/sec: 92,500 | bf16_mfu: 0.00 | epoch: 1 pq: 2 rg: 56 | total time: 28.51m | eta: 17.4m
step 02374/03814 (62.24%) | loss: 3.068182 | lrm: 0.60 | dt: 718.38ms | tok/sec: 91,227 | bf16_mfu: 0.00 | epoch: 1 pq: 2 rg: 56 | total time: 28.52m | eta: 17.4m
step 02375/03814 (62.27%) | loss: 3.086779 | lrm: 0.60 | dt: 712.35ms | tok/sec: 91,999 | bf16_mfu: 0.00 | epoch: 1 pq: 2 rg: 56 | total time: 28.54m | eta: 17.4m
step 02376/03814 (62.30%) | loss: 3.082451 | lrm: 0.60 | dt: 722.24ms | tok/sec: 90,740 | bf16_mfu: 0.00 | epoch: 1 pq: 2 rg: 56 | total time: 28.55m | eta: 17.4m
step 02377/03814 (62.32%) | loss: 3.065802 | lrm: 0.60 | dt: 713.62ms | tok/sec: 91,835 | bf16_mfu: 0.00 | epoch: 1 pq: 2 rg: 56 | total time: 28.56m | eta: 17.3m
step 02378/03814 (62.35%) | loss: 3.055037 | lrm: 0.60 | dt: 718.66ms | tok/sec: 91,192 | bf16_mfu: 0.00 | epoch: 1 pq: 2 rg: 56 | total time: 28.57m | eta: 17.3m
step 02379/03814 (62.38%) | loss: 3.081335 | lrm: 0.60 | dt: 719.06ms | tok/sec: 91,141 | bf16_mfu: 0.00 | epoch: 1 pq: 2 rg: 57 | total time: 28.58m | eta: 17.3m
step 02380/03814 (62.40%) | loss: 3.096856 | lrm: 0.60 | dt: 732.43ms | tok/sec: 89,478 | bf16_mfu: 0.00 | epoch: 1 pq: 2 rg: 57 | total time: 28.60m | eta: 17.3m
step 02381/03814 (62.43%) | loss: 3.084346 | lrm: 0.60 | dt: 718.24ms | tok/sec: 91,245 | bf16_mfu: 0.00 | epoch: 1 pq: 2 rg: 57 | total time: 28.61m | eta: 17.3m
step 02382/03814 (62.45%) | loss: 3.074058 | lrm: 0.60 | dt: 717.98ms | tok/sec: 91,278 | bf16_mfu: 0.00 | epoch: 1 pq: 2 rg: 57 | total time: 28.62m | eta: 17.3m
step 02383/03814 (62.48%) | loss: 3.069640 | lrm: 0.60 | dt: 713.93ms | tok/sec: 91,796 | bf16_mfu: 0.00 | epoch: 1 pq: 2 rg: 57 | total time: 28.63m | eta: 17.3m
step 02384/03814 (62.51%) | loss: 3.083795 | lrm: 0.60 | dt: 717.14ms | tok/sec: 91,385 | bf16_mfu: 0.00 | epoch: 1 pq: 2 rg: 57 | total time: 28.64m | eta: 17.3m
step 02385/03814 (62.53%) | loss: 3.119567 | lrm: 0.60 | dt: 713.96ms | tok/sec: 91,792 | bf16_mfu: 0.00 | epoch: 1 pq: 2 rg: 57 | total time: 28.66m | eta: 17.2m
step 02386/03814 (62.56%) | loss: 3.098225 | lrm: 0.60 | dt: 714.12ms | tok/sec: 91,771 | bf16_mfu: 0.00 | epoch: 1 pq: 2 rg: 57 | total time: 28.67m | eta: 17.2m
step 02387/03814 (62.59%) | loss: 3.091276 | lrm: 0.60 | dt: 718.74ms | tok/sec: 91,181 | bf16_mfu: 0.00 | epoch: 1 pq: 2 rg: 57 | total time: 28.68m | eta: 17.2m
step 02388/03814 (62.61%) | loss: 3.077572 | lrm: 0.60 | dt: 715.34ms | tok/sec: 91,614 | bf16_mfu: 0.00 | epoch: 1 pq: 2 rg: 57 | total time: 28.69m | eta: 17.2m
step 02389/03814 (62.64%) | loss: 3.085282 | lrm: 0.60 | dt: 718.30ms | tok/sec: 91,237 | bf16_mfu: 0.00 | epoch: 1 pq: 2 rg: 58 | total time: 28.70m | eta: 17.2m
step 02390/03814 (62.66%) | loss: 3.097457 | lrm: 0.60 | dt: 718.84ms | tok/sec: 91,169 | bf16_mfu: 0.00 | epoch: 1 pq: 2 rg: 58 | total time: 28.72m | eta: 17.2m
step 02391/03814 (62.69%) | loss: 3.084510 | lrm: 0.60 | dt: 717.57ms | tok/sec: 91,331 | bf16_mfu: 0.00 | epoch: 1 pq: 2 rg: 58 | total time: 28.73m | eta: 17.2m
step 02392/03814 (62.72%) | loss: 3.064099 | lrm: 0.59 | dt: 718.10ms | tok/sec: 91,263 | bf16_mfu: 0.00 | epoch: 1 pq: 2 rg: 58 | total time: 28.74m | eta: 17.2m
step 02393/03814 (62.74%) | loss: 3.057073 | lrm: 0.59 | dt: 720.34ms | tok/sec: 90,979 | bf16_mfu: 0.00 | epoch: 1 pq: 2 rg: 58 | total time: 28.75m | eta: 17.1m
step 02394/03814 (62.77%) | loss: 3.079925 | lrm: 0.59 | dt: 714.75ms | tok/sec: 91,690 | bf16_mfu: 0.00 | epoch: 1 pq: 2 rg: 58 | total time: 28.76m | eta: 17.1m
step 02395/03814 (62.79%) | loss: 3.082720 | lrm: 0.59 | dt: 717.13ms | tok/sec: 91,386 | bf16_mfu: 0.00 | epoch: 1 pq: 2 rg: 58 | total time: 28.78m | eta: 17.1m
step 02396/03814 (62.82%) | loss: 3.074460 | lrm: 0.59 | dt: 716.18ms | tok/sec: 91,507 | bf16_mfu: 0.00 | epoch: 1 pq: 2 rg: 58 | total time: 28.79m | eta: 17.1m
step 02397/03814 (62.85%) | loss: 3.062731 | lrm: 0.59 | dt: 714.96ms | tok/sec: 91,664 | bf16_mfu: 0.00 | epoch: 1 pq: 2 rg: 58 | total time: 28.80m | eta: 17.1m
step 02398/03814 (62.87%) | loss: 3.065616 | lrm: 0.59 | dt: 721.71ms | tok/sec: 90,806 | bf16_mfu: 0.00 | epoch: 1 pq: 2 rg: 58 | total time: 28.81m | eta: 17.1m
step 02399/03814 (62.90%) | loss: 3.080299 | lrm: 0.59 | dt: 715.03ms | tok/sec: 91,654 | bf16_mfu: 0.00 | epoch: 1 pq: 2 rg: 59 | total time: 28.82m | eta: 17.1m
step 02400/03814 (62.93%) | loss: 3.075905 | lrm: 0.59 | dt: 714.80ms | tok/sec: 91,684 | bf16_mfu: 0.00 | epoch: 1 pq: 2 rg: 59 | total time: 28.83m | eta: 17.1m
step 02401/03814 (62.95%) | loss: 3.058688 | lrm: 0.59 | dt: 718.63ms | tok/sec: 91,195 | bf16_mfu: 0.00 | epoch: 1 pq: 2 rg: 59 | total time: 28.85m | eta: 17.0m
step 02402/03814 (62.98%) | loss: 3.044843 | lrm: 0.59 | dt: 716.39ms | tok/sec: 91,480 | bf16_mfu: 0.00 | epoch: 1 pq: 2 rg: 59 | total time: 28.86m | eta: 17.0m
step 02403/03814 (63.00%) | loss: 3.026221 | lrm: 0.59 | dt: 719.97ms | tok/sec: 91,025 | bf16_mfu: 0.00 | epoch: 1 pq: 2 rg: 59 | total time: 28.87m | eta: 17.0m
step 02404/03814 (63.03%) | loss: 3.031297 | lrm: 0.59 | dt: 718.11ms | tok/sec: 91,261 | bf16_mfu: 0.00 | epoch: 1 pq: 2 rg: 59 | total time: 28.88m | eta: 17.0m
step 02405/03814 (63.06%) | loss: 3.025118 | lrm: 0.59 | dt: 717.12ms | tok/sec: 91,387 | bf16_mfu: 0.00 | epoch: 1 pq: 2 rg: 59 | total time: 28.89m | eta: 17.0m
step 02406/03814 (63.08%) | loss: 3.015166 | lrm: 0.59 | dt: 718.78ms | tok/sec: 91,176 | bf16_mfu: 0.00 | epoch: 1 pq: 2 rg: 59 | total time: 28.91m | eta: 17.0m
step 02407/03814 (63.11%) | loss: 3.021853 | lrm: 0.59 | dt: 719.45ms | tok/sec: 91,091 | bf16_mfu: 0.00 | epoch: 1 pq: 2 rg: 59 | total time: 28.92m | eta: 17.0m
step 02408/03814 (63.14%) | loss: 3.022986 | lrm: 0.59 | dt: 716.07ms | tok/sec: 91,521 | bf16_mfu: 0.00 | epoch: 1 pq: 2 rg: 59 | total time: 28.93m | eta: 17.0m
step 02409/03814 (63.16%) | loss: 3.041143 | lrm: 0.59 | dt: 827.99ms | tok/sec: 79,150 | bf16_mfu: 0.00 | epoch: 1 pq: 2 rg: 60 | total time: 28.94m | eta: 17.0m
step 02410/03814 (63.19%) | loss: 3.029337 | lrm: 0.59 | dt: 714.87ms | tok/sec: 91,675 | bf16_mfu: 0.00 | epoch: 1 pq: 2 rg: 60 | total time: 28.96m | eta: 16.9m
step 02411/03814 (63.21%) | loss: 3.030783 | lrm: 0.59 | dt: 716.74ms | tok/sec: 91,436 | bf16_mfu: 0.00 | epoch: 1 pq: 2 rg: 60 | total time: 28.97m | eta: 16.9m
step 02412/03814 (63.24%) | loss: 3.013640 | lrm: 0.59 | dt: 717.45ms | tok/sec: 91,345 | bf16_mfu: 0.00 | epoch: 1 pq: 2 rg: 60 | total time: 28.98m | eta: 16.9m
step 02413/03814 (63.27%) | loss: 3.013703 | lrm: 0.59 | dt: 722.56ms | tok/sec: 90,699 | bf16_mfu: 0.00 | epoch: 1 pq: 2 rg: 60 | total time: 28.99m | eta: 16.9m
step 02414/03814 (63.29%) | loss: 3.029859 | lrm: 0.59 | dt: 716.76ms | tok/sec: 91,433 | bf16_mfu: 0.00 | epoch: 1 pq: 2 rg: 60 | total time: 29.00m | eta: 16.9m
step 02415/03814 (63.32%) | loss: 3.016777 | lrm: 0.59 | dt: 722.11ms | tok/sec: 90,755 | bf16_mfu: 0.00 | epoch: 1 pq: 2 rg: 60 | total time: 29.02m | eta: 16.9m
step 02416/03814 (63.35%) | loss: 3.006227 | lrm: 0.59 | dt: 714.48ms | tok/sec: 91,725 | bf16_mfu: 0.00 | epoch: 1 pq: 2 rg: 60 | total time: 29.03m | eta: 16.9m
step 02417/03814 (63.37%) | loss: 3.005786 | lrm: 0.59 | dt: 720.37ms | tok/sec: 90,974 | bf16_mfu: 0.00 | epoch: 1 pq: 2 rg: 60 | total time: 29.04m | eta: 16.9m
step 02418/03814 (63.40%) | loss: 2.998576 | lrm: 0.58 | dt: 717.11ms | tok/sec: 91,389 | bf16_mfu: 0.00 | epoch: 1 pq: 2 rg: 60 | total time: 29.05m | eta: 16.8m
step 02419/03814 (63.42%) | loss: 3.023558 | lrm: 0.58 | dt: 718.62ms | tok/sec: 91,197 | bf16_mfu: 0.00 | epoch: 1 pq: 2 rg: 61 | total time: 29.06m | eta: 16.8m
step 02420/03814 (63.45%) | loss: 3.024516 | lrm: 0.58 | dt: 719.66ms | tok/sec: 91,065 | bf16_mfu: 0.00 | epoch: 1 pq: 2 rg: 61 | total time: 29.08m | eta: 16.8m
step 02421/03814 (63.48%) | loss: 3.029211 | lrm: 0.58 | dt: 720.57ms | tok/sec: 90,949 | bf16_mfu: 0.00 | epoch: 1 pq: 2 rg: 61 | total time: 29.09m | eta: 16.8m
step 02422/03814 (63.50%) | loss: 3.028061 | lrm: 0.58 | dt: 716.44ms | tok/sec: 91,474 | bf16_mfu: 0.00 | epoch: 1 pq: 2 rg: 61 | total time: 29.10m | eta: 16.8m
step 02423/03814 (63.53%) | loss: 3.036010 | lrm: 0.58 | dt: 721.48ms | tok/sec: 90,835 | bf16_mfu: 0.00 | epoch: 1 pq: 2 rg: 61 | total time: 29.11m | eta: 16.8m
step 02424/03814 (63.56%) | loss: 3.051139 | lrm: 0.58 | dt: 715.40ms | tok/sec: 91,607 | bf16_mfu: 0.00 | epoch: 1 pq: 2 rg: 61 | total time: 29.12m | eta: 16.8m
step 02425/03814 (63.58%) | loss: 3.037598 | lrm: 0.58 | dt: 721.36ms | tok/sec: 90,851 | bf16_mfu: 0.00 | epoch: 1 pq: 2 rg: 61 | total time: 29.14m | eta: 16.8m
step 02426/03814 (63.61%) | loss: 3.041229 | lrm: 0.58 | dt: 717.16ms | tok/sec: 91,382 | bf16_mfu: 0.00 | epoch: 1 pq: 2 rg: 61 | total time: 29.15m | eta: 16.7m
step 02427/03814 (63.63%) | loss: 3.061514 | lrm: 0.58 | dt: 721.62ms | tok/sec: 90,817 | bf16_mfu: 0.00 | epoch: 1 pq: 2 rg: 61 | total time: 29.16m | eta: 16.7m
step 02428/03814 (63.66%) | loss: 3.059849 | lrm: 0.58 | dt: 724.44ms | tok/sec: 90,463 | bf16_mfu: 0.00 | epoch: 1 pq: 2 rg: 61 | total time: 29.17m | eta: 16.7m
step 02429/03814 (63.69%) | loss: 3.064569 | lrm: 0.58 | dt: 715.07ms | tok/sec: 91,649 | bf16_mfu: 0.00 | epoch: 1 pq: 2 rg: 62 | total time: 29.18m | eta: 16.7m
step 02430/03814 (63.71%) | loss: 3.045884 | lrm: 0.58 | dt: 724.24ms | tok/sec: 90,489 | bf16_mfu: 0.00 | epoch: 1 pq: 2 rg: 62 | total time: 29.20m | eta: 16.7m
step 02431/03814 (63.74%) | loss: 3.049253 | lrm: 0.58 | dt: 715.81ms | tok/sec: 91,555 | bf16_mfu: 0.00 | epoch: 1 pq: 2 rg: 62 | total time: 29.21m | eta: 16.7m
step 02432/03814 (63.77%) | loss: 3.056587 | lrm: 0.58 | dt: 713.23ms | tok/sec: 91,886 | bf16_mfu: 0.00 | epoch: 1 pq: 2 rg: 62 | total time: 29.22m | eta: 16.7m
step 02433/03814 (63.79%) | loss: 3.062984 | lrm: 0.58 | dt: 719.48ms | tok/sec: 91,087 | bf16_mfu: 0.00 | epoch: 1 pq: 2 rg: 62 | total time: 29.23m | eta: 16.7m
step 02434/03814 (63.82%) | loss: 3.066580 | lrm: 0.58 | dt: 717.67ms | tok/sec: 91,317 | bf16_mfu: 0.00 | epoch: 1 pq: 2 rg: 62 | total time: 29.24m | eta: 16.6m
step 02435/03814 (63.84%) | loss: 3.060402 | lrm: 0.58 | dt: 719.92ms | tok/sec: 91,032 | bf16_mfu: 0.00 | epoch: 1 pq: 2 rg: 62 | total time: 29.26m | eta: 16.6m
step 02436/03814 (63.87%) | loss: 3.040731 | lrm: 0.58 | dt: 722.75ms | tok/sec: 90,676 | bf16_mfu: 0.00 | epoch: 1 pq: 2 rg: 62 | total time: 29.27m | eta: 16.6m
step 02437/03814 (63.90%) | loss: 3.057964 | lrm: 0.58 | dt: 718.25ms | tok/sec: 91,244 | bf16_mfu: 0.00 | epoch: 1 pq: 2 rg: 62 | total time: 29.28m | eta: 16.6m
step 02438/03814 (63.92%) | loss: 3.061695 | lrm: 0.58 | dt: 719.55ms | tok/sec: 91,078 | bf16_mfu: 0.00 | epoch: 1 pq: 2 rg: 62 | total time: 29.29m | eta: 16.6m
step 02439/03814 (63.95%) | loss: 3.060219 | lrm: 0.58 | dt: 718.65ms | tok/sec: 91,193 | bf16_mfu: 0.00 | epoch: 1 pq: 2 rg: 63 | total time: 29.30m | eta: 16.6m
step 02440/03814 (63.97%) | loss: 3.049118 | lrm: 0.58 | dt: 724.48ms | tok/sec: 90,459 | bf16_mfu: 0.00 | epoch: 1 pq: 2 rg: 63 | total time: 29.32m | eta: 16.6m
step 02441/03814 (64.00%) | loss: 3.037709 | lrm: 0.58 | dt: 723.74ms | tok/sec: 90,552 | bf16_mfu: 0.00 | epoch: 1 pq: 2 rg: 63 | total time: 29.33m | eta: 16.6m
step 02442/03814 (64.03%) | loss: 3.065290 | lrm: 0.58 | dt: 717.67ms | tok/sec: 91,317 | bf16_mfu: 0.00 | epoch: 1 pq: 2 rg: 63 | total time: 29.34m | eta: 16.6m
step 02443/03814 (64.05%) | loss: 3.051016 | lrm: 0.58 | dt: 724.24ms | tok/sec: 90,489 | bf16_mfu: 0.00 | epoch: 1 pq: 2 rg: 63 | total time: 29.35m | eta: 16.5m
step 02444/03814 (64.08%) | loss: 3.043567 | lrm: 0.58 | dt: 718.51ms | tok/sec: 91,211 | bf16_mfu: 0.00 | epoch: 1 pq: 2 rg: 63 | total time: 29.36m | eta: 16.5m
step 02445/03814 (64.11%) | loss: 3.040595 | lrm: 0.57 | dt: 718.59ms | tok/sec: 91,200 | bf16_mfu: 0.00 | epoch: 1 pq: 2 rg: 63 | total time: 29.38m | eta: 16.5m
step 02446/03814 (64.13%) | loss: 3.042293 | lrm: 0.57 | dt: 722.29ms | tok/sec: 90,733 | bf16_mfu: 0.00 | epoch: 1 pq: 2 rg: 63 | total time: 29.39m | eta: 16.5m
step 02447/03814 (64.16%) | loss: 3.054289 | lrm: 0.57 | dt: 715.94ms | tok/sec: 91,538 | bf16_mfu: 0.00 | epoch: 1 pq: 2 rg: 63 | total time: 29.40m | eta: 16.5m
step 02448/03814 (64.18%) | loss: 3.057250 | lrm: 0.57 | dt: 722.98ms | tok/sec: 90,646 | bf16_mfu: 0.00 | epoch: 1 pq: 2 rg: 63 | total time: 29.41m | eta: 16.5m
step 02449/03814 (64.21%) | loss: 3.051053 | lrm: 0.57 | dt: 721.13ms | tok/sec: 90,879 | bf16_mfu: 0.00 | epoch: 1 pq: 2 rg: 64 | total time: 29.42m | eta: 16.5m
step 02450/03814 (64.24%) | loss: 3.042676 | lrm: 0.57 | dt: 717.12ms | tok/sec: 91,387 | bf16_mfu: 0.00 | epoch: 1 pq: 2 rg: 64 | total time: 29.44m | eta: 16.5m
step 02451/03814 (64.26%) | loss: 3.043646 | lrm: 0.57 | dt: 714.78ms | tok/sec: 91,687 | bf16_mfu: 0.00 | epoch: 1 pq: 2 rg: 64 | total time: 29.45m | eta: 16.4m
step 02452/03814 (64.29%) | loss: 3.057518 | lrm: 0.57 | dt: 722.87ms | tok/sec: 90,661 | bf16_mfu: 0.00 | epoch: 1 pq: 2 rg: 64 | total time: 29.46m | eta: 16.4m
step 02453/03814 (64.32%) | loss: 3.041599 | lrm: 0.57 | dt: 717.55ms | tok/sec: 91,332 | bf16_mfu: 0.00 | epoch: 1 pq: 2 rg: 64 | total time: 29.47m | eta: 16.4m
step 02454/03814 (64.34%) | loss: 3.033625 | lrm: 0.57 | dt: 721.69ms | tok/sec: 90,808 | bf16_mfu: 0.00 | epoch: 1 pq: 2 rg: 64 | total time: 29.48m | eta: 16.4m
step 02455/03814 (64.37%) | loss: 3.041024 | lrm: 0.57 | dt: 716.58ms | tok/sec: 91,456 | bf16_mfu: 0.00 | epoch: 1 pq: 2 rg: 64 | total time: 29.50m | eta: 16.4m
step 02456/03814 (64.39%) | loss: 3.066530 | lrm: 0.57 | dt: 719.98ms | tok/sec: 91,025 | bf16_mfu: 0.00 | epoch: 1 pq: 2 rg: 64 | total time: 29.51m | eta: 16.4m
step 02457/03814 (64.42%) | loss: 3.071658 | lrm: 0.57 | dt: 717.59ms | tok/sec: 91,327 | bf16_mfu: 0.00 | epoch: 1 pq: 2 rg: 64 | total time: 29.52m | eta: 16.4m
step 02458/03814 (64.45%) | loss: 3.066155 | lrm: 0.57 | dt: 719.78ms | tok/sec: 91,049 | bf16_mfu: 0.00 | epoch: 1 pq: 2 rg: 64 | total time: 29.53m | eta: 16.4m
step 02459/03814 (64.47%) | loss: 3.060267 | lrm: 0.57 | dt: 716.28ms | tok/sec: 91,494 | bf16_mfu: 0.00 | epoch: 1 pq: 2 rg: 64 | total time: 29.54m | eta: 16.3m
step 02460/03814 (64.50%) | loss: 3.072854 | lrm: 0.57 | dt: 781.15ms | tok/sec: 83,896 | bf16_mfu: 0.00 | epoch: 1 pq: 2 rg: 65 | total time: 29.56m | eta: 16.3m
step 02461/03814 (64.53%) | loss: 3.084290 | lrm: 0.57 | dt: 718.46ms | tok/sec: 91,217 | bf16_mfu: 0.00 | epoch: 1 pq: 2 rg: 65 | total time: 29.57m | eta: 16.3m
step 02462/03814 (64.55%) | loss: 3.065106 | lrm: 0.57 | dt: 718.34ms | tok/sec: 91,232 | bf16_mfu: 0.00 | epoch: 1 pq: 2 rg: 65 | total time: 29.58m | eta: 16.3m
step 02463/03814 (64.58%) | loss: 3.055218 | lrm: 0.57 | dt: 713.49ms | tok/sec: 91,852 | bf16_mfu: 0.00 | epoch: 1 pq: 2 rg: 65 | total time: 29.59m | eta: 16.3m
step 02464/03814 (64.60%) | loss: 3.044712 | lrm: 0.57 | dt: 722.99ms | tok/sec: 90,646 | bf16_mfu: 0.00 | epoch: 1 pq: 2 rg: 65 | total time: 29.60m | eta: 16.3m
step 02465/03814 (64.63%) | loss: 3.079630 | lrm: 0.57 | dt: 716.40ms | tok/sec: 91,479 | bf16_mfu: 0.00 | epoch: 1 pq: 2 rg: 65 | total time: 29.62m | eta: 16.3m
step 02466/03814 (64.66%) | loss: 3.069293 | lrm: 0.57 | dt: 723.21ms | tok/sec: 90,617 | bf16_mfu: 0.00 | epoch: 1 pq: 2 rg: 65 | total time: 29.63m | eta: 16.3m
step 02467/03814 (64.68%) | loss: 3.077321 | lrm: 0.57 | dt: 721.32ms | tok/sec: 90,855 | bf16_mfu: 0.00 | epoch: 1 pq: 2 rg: 65 | total time: 29.64m | eta: 16.2m
step 02468/03814 (64.71%) | loss: 3.060862 | lrm: 0.57 | dt: 719.27ms | tok/sec: 91,115 | bf16_mfu: 0.00 | epoch: 1 pq: 2 rg: 65 | total time: 29.65m | eta: 16.2m
step 02469/03814 (64.74%) | loss: 3.054094 | lrm: 0.57 | dt: 719.72ms | tok/sec: 91,057 | bf16_mfu: 0.00 | epoch: 1 pq: 2 rg: 65 | total time: 29.66m | eta: 16.2m
step 02470/03814 (64.76%) | loss: 3.052916 | lrm: 0.57 | dt: 721.00ms | tok/sec: 90,895 | bf16_mfu: 0.00 | epoch: 1 pq: 2 rg: 66 | total time: 29.68m | eta: 16.2m
step 02471/03814 (64.79%) | loss: 3.046793 | lrm: 0.56 | dt: 725.30ms | tok/sec: 90,356 | bf16_mfu: 0.00 | epoch: 1 pq: 2 rg: 66 | total time: 29.69m | eta: 16.2m
step 02472/03814 (64.81%) | loss: 3.029603 | lrm: 0.56 | dt: 717.22ms | tok/sec: 91,374 | bf16_mfu: 0.00 | epoch: 1 pq: 2 rg: 66 | total time: 29.70m | eta: 16.2m
step 02473/03814 (64.84%) | loss: 3.029499 | lrm: 0.56 | dt: 717.62ms | tok/sec: 91,324 | bf16_mfu: 0.00 | epoch: 1 pq: 2 rg: 66 | total time: 29.71m | eta: 16.2m
step 02474/03814 (64.87%) | loss: 3.038054 | lrm: 0.56 | dt: 718.27ms | tok/sec: 91,241 | bf16_mfu: 0.00 | epoch: 1 pq: 2 rg: 66 | total time: 29.72m | eta: 16.2m
step 02475/03814 (64.89%) | loss: 3.034435 | lrm: 0.56 | dt: 716.64ms | tok/sec: 91,449 | bf16_mfu: 0.00 | epoch: 1 pq: 2 rg: 66 | total time: 29.74m | eta: 16.2m
step 02476/03814 (64.92%) | loss: 3.019388 | lrm: 0.56 | dt: 723.19ms | tok/sec: 90,621 | bf16_mfu: 0.00 | epoch: 1 pq: 2 rg: 66 | total time: 29.75m | eta: 16.1m
step 02477/03814 (64.94%) | loss: 3.013248 | lrm: 0.56 | dt: 716.76ms | tok/sec: 91,433 | bf16_mfu: 0.00 | epoch: 1 pq: 2 rg: 66 | total time: 29.76m | eta: 16.1m
step 02478/03814 (64.97%) | loss: 3.017963 | lrm: 0.56 | dt: 725.10ms | tok/sec: 90,381 | bf16_mfu: 0.00 | epoch: 1 pq: 2 rg: 66 | total time: 29.77m | eta: 16.1m
step 02479/03814 (65.00%) | loss: 3.030982 | lrm: 0.56 | dt: 728.86ms | tok/sec: 89,916 | bf16_mfu: 0.00 | epoch: 1 pq: 2 rg: 66 | total time: 29.78m | eta: 16.1m
step 02480/03814 (65.02%) | loss: 3.026934 | lrm: 0.56 | dt: 719.47ms | tok/sec: 91,089 | bf16_mfu: 0.00 | epoch: 1 pq: 2 rg: 67 | total time: 29.80m | eta: 16.1m
step 02481/03814 (65.05%) | loss: 3.015223 | lrm: 0.56 | dt: 719.55ms | tok/sec: 91,079 | bf16_mfu: 0.00 | epoch: 1 pq: 2 rg: 67 | total time: 29.81m | eta: 16.1m
step 02482/03814 (65.08%) | loss: 3.011095 | lrm: 0.56 | dt: 716.19ms | tok/sec: 91,505 | bf16_mfu: 0.00 | epoch: 1 pq: 2 rg: 67 | total time: 29.82m | eta: 16.1m
step 02483/03814 (65.10%) | loss: 3.001291 | lrm: 0.56 | dt: 715.39ms | tok/sec: 91,608 | bf16_mfu: 0.00 | epoch: 1 pq: 2 rg: 67 | total time: 29.83m | eta: 16.1m
step 02484/03814 (65.13%) | loss: 3.014235 | lrm: 0.56 | dt: 720.01ms | tok/sec: 91,021 | bf16_mfu: 0.00 | epoch: 1 pq: 2 rg: 67 | total time: 29.84m | eta: 16.0m
step 02485/03814 (65.15%) | loss: 3.009712 | lrm: 0.56 | dt: 720.12ms | tok/sec: 91,007 | bf16_mfu: 0.00 | epoch: 1 pq: 2 rg: 67 | total time: 29.86m | eta: 16.0m
step 02486/03814 (65.18%) | loss: 2.998076 | lrm: 0.56 | dt: 717.18ms | tok/sec: 91,380 | bf16_mfu: 0.00 | epoch: 1 pq: 2 rg: 67 | total time: 29.87m | eta: 16.0m
step 02487/03814 (65.21%) | loss: 2.996690 | lrm: 0.56 | dt: 718.99ms | tok/sec: 91,150 | bf16_mfu: 0.00 | epoch: 1 pq: 2 rg: 67 | total time: 29.88m | eta: 16.0m
step 02488/03814 (65.23%) | loss: 3.008969 | lrm: 0.56 | dt: 720.89ms | tok/sec: 90,909 | bf16_mfu: 0.00 | epoch: 1 pq: 2 rg: 67 | total time: 29.89m | eta: 16.0m
step 02489/03814 (65.26%) | loss: 3.016815 | lrm: 0.56 | dt: 714.59ms | tok/sec: 91,711 | bf16_mfu: 0.00 | epoch: 1 pq: 2 rg: 67 | total time: 29.90m | eta: 16.0m
step 02490/03814 (65.29%) | loss: 3.016650 | lrm: 0.56 | dt: 716.84ms | tok/sec: 91,423 | bf16_mfu: 0.00 | epoch: 1 pq: 2 rg: 68 | total time: 29.92m | eta: 16.0m
step 02491/03814 (65.31%) | loss: 3.016855 | lrm: 0.56 | dt: 716.38ms | tok/sec: 91,481 | bf16_mfu: 0.00 | epoch: 1 pq: 2 rg: 68 | total time: 29.93m | eta: 16.0m
step 02492/03814 (65.34%) | loss: 3.023055 | lrm: 0.56 | dt: 718.69ms | tok/sec: 91,187 | bf16_mfu: 0.00 | epoch: 1 pq: 2 rg: 68 | total time: 29.94m | eta: 15.9m
step 02493/03814 (65.36%) | loss: 3.017655 | lrm: 0.56 | dt: 721.01ms | tok/sec: 90,894 | bf16_mfu: 0.00 | epoch: 1 pq: 2 rg: 68 | total time: 29.95m | eta: 15.9m
step 02494/03814 (65.39%) | loss: 3.007004 | lrm: 0.56 | dt: 720.54ms | tok/sec: 90,953 | bf16_mfu: 0.00 | epoch: 1 pq: 2 rg: 68 | total time: 29.96m | eta: 15.9m
step 02495/03814 (65.42%) | loss: 2.999951 | lrm: 0.56 | dt: 718.66ms | tok/sec: 91,191 | bf16_mfu: 0.00 | epoch: 1 pq: 2 rg: 68 | total time: 29.98m | eta: 15.9m
step 02496/03814 (65.44%) | loss: 2.991723 | lrm: 0.56 | dt: 720.35ms | tok/sec: 90,978 | bf16_mfu: 0.00 | epoch: 1 pq: 2 rg: 68 | total time: 29.99m | eta: 15.9m
step 02497/03814 (65.47%) | loss: 3.003679 | lrm: 0.55 | dt: 789.92ms | tok/sec: 82,965 | bf16_mfu: 0.00 | epoch: 1 pq: 2 rg: 68 | total time: 30.00m | eta: 15.9m
step 02498/03814 (65.50%) | loss: 3.011517 | lrm: 0.55 | dt: 858.98ms | tok/sec: 76,295 | bf16_mfu: 0.00 | epoch: 1 pq: 2 rg: 68 | total time: 30.02m | eta: 15.9m
step 02499/03814 (65.52%) | loss: 2.994851 | lrm: 0.55 | dt: 727.16ms | tok/sec: 90,126 | bf16_mfu: 0.00 | epoch: 1 pq: 2 rg: 68 | total time: 30.03m | eta: 15.9m
Step 02500 | Validation bpb: 0.826877
step 02500/03814 (65.55%) | loss: 2.983328 | lrm: 0.55 | dt: 711.96ms | tok/sec: 92,049 | bf16_mfu: 0.00 | epoch: 1 pq: 2 rg: 69 | total time: 30.04m | eta: 15.9m
step 02501/03814 (65.57%) | loss: 2.980101 | lrm: 0.55 | dt: 709.74ms | tok/sec: 92,337 | bf16_mfu: 0.00 | epoch: 1 pq: 2 rg: 69 | total time: 30.05m | eta: 15.8m
step 02502/03814 (65.60%) | loss: 3.001911 | lrm: 0.55 | dt: 711.43ms | tok/sec: 92,118 | bf16_mfu: 0.00 | epoch: 1 pq: 2 rg: 69 | total time: 30.06m | eta: 15.8m
step 02503/03814 (65.63%) | loss: 3.008642 | lrm: 0.55 | dt: 718.16ms | tok/sec: 91,254 | bf16_mfu: 0.00 | epoch: 1 pq: 2 rg: 69 | total time: 30.08m | eta: 15.8m
step 02504/03814 (65.65%) | loss: 2.998957 | lrm: 0.55 | dt: 716.30ms | tok/sec: 91,492 | bf16_mfu: 0.00 | epoch: 1 pq: 2 rg: 69 | total time: 30.09m | eta: 15.8m
step 02505/03814 (65.68%) | loss: 2.994584 | lrm: 0.55 | dt: 719.97ms | tok/sec: 91,026 | bf16_mfu: 0.00 | epoch: 1 pq: 2 rg: 69 | total time: 30.10m | eta: 15.8m
step 02506/03814 (65.71%) | loss: 3.009910 | lrm: 0.55 | dt: 770.53ms | tok/sec: 85,052 | bf16_mfu: 0.00 | epoch: 1 pq: 2 rg: 69 | total time: 30.11m | eta: 15.8m
step 02507/03814 (65.73%) | loss: 3.004540 | lrm: 0.55 | dt: 718.24ms | tok/sec: 91,244 | bf16_mfu: 0.00 | epoch: 1 pq: 2 rg: 69 | total time: 30.12m | eta: 15.8m
step 02508/03814 (65.76%) | loss: 2.987255 | lrm: 0.55 | dt: 720.54ms | tok/sec: 90,953 | bf16_mfu: 0.00 | epoch: 1 pq: 2 rg: 69 | total time: 30.14m | eta: 15.8m
step 02509/03814 (65.78%) | loss: 2.984882 | lrm: 0.55 | dt: 725.72ms | tok/sec: 90,304 | bf16_mfu: 0.00 | epoch: 1 pq: 2 rg: 69 | total time: 30.15m | eta: 15.7m
step 02510/03814 (65.81%) | loss: 3.011595 | lrm: 0.55 | dt: 719.10ms | tok/sec: 91,135 | bf16_mfu: 0.00 | epoch: 1 pq: 2 rg: 69 | total time: 30.16m | eta: 15.7m
step 02511/03814 (65.84%) | loss: 3.023410 | lrm: 0.55 | dt: 720.14ms | tok/sec: 91,004 | bf16_mfu: 0.00 | epoch: 1 pq: 2 rg: 70 | total time: 30.17m | eta: 15.7m
step 02512/03814 (65.86%) | loss: 3.018258 | lrm: 0.55 | dt: 731.14ms | tok/sec: 89,635 | bf16_mfu: 0.00 | epoch: 1 pq: 2 rg: 70 | total time: 30.18m | eta: 15.7m
step 02513/03814 (65.89%) | loss: 3.008986 | lrm: 0.55 | dt: 726.81ms | tok/sec: 90,169 | bf16_mfu: 0.00 | epoch: 1 pq: 2 rg: 70 | total time: 30.20m | eta: 15.7m
step 02514/03814 (65.92%) | loss: 3.007145 | lrm: 0.55 | dt: 728.56ms | tok/sec: 89,953 | bf16_mfu: 0.00 | epoch: 1 pq: 2 rg: 70 | total time: 30.21m | eta: 15.7m
step 02515/03814 (65.94%) | loss: 3.027100 | lrm: 0.55 | dt: 730.06ms | tok/sec: 89,767 | bf16_mfu: 0.00 | epoch: 1 pq: 2 rg: 70 | total time: 30.22m | eta: 15.7m
step 02516/03814 (65.97%) | loss: 3.038354 | lrm: 0.55 | dt: 731.27ms | tok/sec: 89,619 | bf16_mfu: 0.00 | epoch: 1 pq: 2 rg: 70 | total time: 30.23m | eta: 15.7m
step 02517/03814 (65.99%) | loss: 3.024224 | lrm: 0.55 | dt: 730.12ms | tok/sec: 89,760 | bf16_mfu: 0.00 | epoch: 1 pq: 2 rg: 70 | total time: 30.25m | eta: 15.6m
step 02518/03814 (66.02%) | loss: 3.011713 | lrm: 0.55 | dt: 730.61ms | tok/sec: 89,700 | bf16_mfu: 0.00 | epoch: 1 pq: 2 rg: 70 | total time: 30.26m | eta: 15.6m
step 02519/03814 (66.05%) | loss: 3.001143 | lrm: 0.55 | dt: 729.14ms | tok/sec: 89,881 | bf16_mfu: 0.00 | epoch: 1 pq: 2 rg: 70 | total time: 30.27m | eta: 15.6m
step 02520/03814 (66.07%) | loss: 3.016331 | lrm: 0.55 | dt: 731.23ms | tok/sec: 89,623 | bf16_mfu: 0.00 | epoch: 1 pq: 2 rg: 70 | total time: 30.28m | eta: 15.6m
step 02521/03814 (66.10%) | loss: 3.009419 | lrm: 0.55 | dt: 730.68ms | tok/sec: 89,691 | bf16_mfu: 0.00 | epoch: 1 pq: 2 rg: 71 | total time: 30.29m | eta: 15.6m
step 02522/03814 (66.12%) | loss: 2.994595 | lrm: 0.55 | dt: 727.56ms | tok/sec: 90,076 | bf16_mfu: 0.00 | epoch: 1 pq: 2 rg: 71 | total time: 30.31m | eta: 15.6m
step 02523/03814 (66.15%) | loss: 2.986185 | lrm: 0.54 | dt: 730.02ms | tok/sec: 89,772 | bf16_mfu: 0.00 | epoch: 1 pq: 2 rg: 71 | total time: 30.32m | eta: 15.6m
step 02524/03814 (66.18%) | loss: 3.003676 | lrm: 0.54 | dt: 729.13ms | tok/sec: 89,882 | bf16_mfu: 0.00 | epoch: 1 pq: 2 rg: 71 | total time: 30.33m | eta: 15.6m
step 02525/03814 (66.20%) | loss: 3.018374 | lrm: 0.54 | dt: 730.63ms | tok/sec: 89,698 | bf16_mfu: 0.00 | epoch: 1 pq: 2 rg: 71 | total time: 30.34m | eta: 15.6m
step 02526/03814 (66.23%) | loss: 3.025991 | lrm: 0.54 | dt: 730.25ms | tok/sec: 89,744 | bf16_mfu: 0.00 | epoch: 1 pq: 2 rg: 71 | total time: 30.35m | eta: 15.5m
step 02527/03814 (66.26%) | loss: 3.017825 | lrm: 0.54 | dt: 737.31ms | tok/sec: 88,885 | bf16_mfu: 0.00 | epoch: 1 pq: 2 rg: 71 | total time: 30.37m | eta: 15.5m
step 02528/03814 (66.28%) | loss: 2.999523 | lrm: 0.54 | dt: 731.14ms | tok/sec: 89,635 | bf16_mfu: 0.00 | epoch: 1 pq: 2 rg: 71 | total time: 30.38m | eta: 15.5m
step 02529/03814 (66.31%) | loss: 2.985952 | lrm: 0.54 | dt: 733.64ms | tok/sec: 89,329 | bf16_mfu: 0.00 | epoch: 1 pq: 2 rg: 71 | total time: 30.39m | eta: 15.5m
step 02530/03814 (66.33%) | loss: 2.990793 | lrm: 0.54 | dt: 730.91ms | tok/sec: 89,663 | bf16_mfu: 0.00 | epoch: 1 pq: 2 rg: 71 | total time: 30.40m | eta: 15.5m
step 02531/03814 (66.36%) | loss: 2.993947 | lrm: 0.54 | dt: 731.14ms | tok/sec: 89,635 | bf16_mfu: 0.00 | epoch: 1 pq: 2 rg: 72 | total time: 30.42m | eta: 15.5m
step 02532/03814 (66.39%) | loss: 2.987429 | lrm: 0.54 | dt: 737.01ms | tok/sec: 88,921 | bf16_mfu: 0.00 | epoch: 1 pq: 2 rg: 72 | total time: 30.43m | eta: 15.5m
step 02533/03814 (66.41%) | loss: 2.999867 | lrm: 0.54 | dt: 733.60ms | tok/sec: 89,334 | bf16_mfu: 0.00 | epoch: 1 pq: 2 rg: 72 | total time: 30.44m | eta: 15.5m
step 02534/03814 (66.44%) | loss: 2.993506 | lrm: 0.54 | dt: 732.59ms | tok/sec: 89,458 | bf16_mfu: 0.00 | epoch: 1 pq: 2 rg: 72 | total time: 30.45m | eta: 15.4m
step 02535/03814 (66.47%) | loss: 2.992355 | lrm: 0.54 | dt: 734.36ms | tok/sec: 89,242 | bf16_mfu: 0.00 | epoch: 1 pq: 2 rg: 72 | total time: 30.46m | eta: 15.4m
step 02536/03814 (66.49%) | loss: 2.975108 | lrm: 0.54 | dt: 727.30ms | tok/sec: 90,108 | bf16_mfu: 0.00 | epoch: 1 pq: 2 rg: 72 | total time: 30.48m | eta: 15.4m
step 02537/03814 (66.52%) | loss: 2.969879 | lrm: 0.54 | dt: 725.94ms | tok/sec: 90,277 | bf16_mfu: 0.00 | epoch: 1 pq: 2 rg: 72 | total time: 30.49m | eta: 15.4m
step 02538/03814 (66.54%) | loss: 2.994644 | lrm: 0.54 | dt: 728.39ms | tok/sec: 89,974 | bf16_mfu: 0.00 | epoch: 1 pq: 2 rg: 72 | total time: 30.50m | eta: 15.4m
step 02539/03814 (66.57%) | loss: 2.988134 | lrm: 0.54 | dt: 732.20ms | tok/sec: 89,505 | bf16_mfu: 0.00 | epoch: 1 pq: 2 rg: 72 | total time: 30.51m | eta: 15.4m
step 02540/03814 (66.60%) | loss: 2.981449 | lrm: 0.54 | dt: 732.84ms | tok/sec: 89,427 | bf16_mfu: 0.00 | epoch: 1 pq: 2 rg: 72 | total time: 30.53m | eta: 15.4m
step 02541/03814 (66.62%) | loss: 2.980250 | lrm: 0.54 | dt: 737.65ms | tok/sec: 88,844 | bf16_mfu: 0.00 | epoch: 1 pq: 2 rg: 72 | total time: 30.54m | eta: 15.4m
step 02542/03814 (66.65%) | loss: 2.986092 | lrm: 0.54 | dt: 729.70ms | tok/sec: 89,812 | bf16_mfu: 0.00 | epoch: 1 pq: 2 rg: 73 | total time: 30.55m | eta: 15.3m
step 02543/03814 (66.68%) | loss: 2.995929 | lrm: 0.54 | dt: 729.16ms | tok/sec: 89,879 | bf16_mfu: 0.00 | epoch: 1 pq: 2 rg: 73 | total time: 30.56m | eta: 15.3m
step 02544/03814 (66.70%) | loss: 3.007206 | lrm: 0.54 | dt: 730.73ms | tok/sec: 89,686 | bf16_mfu: 0.00 | epoch: 1 pq: 2 rg: 73 | total time: 30.57m | eta: 15.3m
step 02545/03814 (66.73%) | loss: 2.995411 | lrm: 0.54 | dt: 729.90ms | tok/sec: 89,787 | bf16_mfu: 0.00 | epoch: 1 pq: 2 rg: 73 | total time: 30.59m | eta: 15.3m
step 02546/03814 (66.75%) | loss: 2.997336 | lrm: 0.54 | dt: 730.66ms | tok/sec: 89,694 | bf16_mfu: 0.00 | epoch: 1 pq: 2 rg: 73 | total time: 30.60m | eta: 15.3m
step 02547/03814 (66.78%) | loss: 3.017663 | lrm: 0.54 | dt: 727.16ms | tok/sec: 90,125 | bf16_mfu: 0.00 | epoch: 1 pq: 2 rg: 73 | total time: 30.61m | eta: 15.3m
step 02548/03814 (66.81%) | loss: 3.028852 | lrm: 0.54 | dt: 728.78ms | tok/sec: 89,925 | bf16_mfu: 0.00 | epoch: 1 pq: 2 rg: 73 | total time: 30.62m | eta: 15.3m
step 02549/03814 (66.83%) | loss: 3.015153 | lrm: 0.53 | dt: 728.84ms | tok/sec: 89,917 | bf16_mfu: 0.00 | epoch: 1 pq: 2 rg: 73 | total time: 30.64m | eta: 15.3m
step 02550/03814 (66.86%) | loss: 3.003154 | lrm: 0.53 | dt: 730.44ms | tok/sec: 89,721 | bf16_mfu: 0.00 | epoch: 1 pq: 2 rg: 73 | total time: 30.65m | eta: 15.3m
step 02551/03814 (66.89%) | loss: 2.988030 | lrm: 0.53 | dt: 729.75ms | tok/sec: 89,805 | bf16_mfu: 0.00 | epoch: 1 pq: 2 rg: 73 | total time: 30.66m | eta: 15.2m
step 02552/03814 (66.91%) | loss: 3.008052 | lrm: 0.53 | dt: 728.99ms | tok/sec: 89,899 | bf16_mfu: 0.00 | epoch: 1 pq: 2 rg: 74 | total time: 30.67m | eta: 15.2m
step 02553/03814 (66.94%) | loss: 3.000342 | lrm: 0.53 | dt: 727.28ms | tok/sec: 90,111 | bf16_mfu: 0.00 | epoch: 1 pq: 2 rg: 74 | total time: 30.68m | eta: 15.2m
step 02554/03814 (66.96%) | loss: 2.988823 | lrm: 0.53 | dt: 721.90ms | tok/sec: 90,783 | bf16_mfu: 0.00 | epoch: 1 pq: 2 rg: 74 | total time: 30.70m | eta: 15.2m
step 02555/03814 (66.99%) | loss: 2.989756 | lrm: 0.53 | dt: 719.83ms | tok/sec: 91,043 | bf16_mfu: 0.00 | epoch: 1 pq: 2 rg: 74 | total time: 30.71m | eta: 15.2m
step 02556/03814 (67.02%) | loss: 2.986418 | lrm: 0.53 | dt: 752.33ms | tok/sec: 87,110 | bf16_mfu: 0.00 | epoch: 1 pq: 2 rg: 74 | total time: 30.72m | eta: 15.2m
step 02557/03814 (67.04%) | loss: 2.979101 | lrm: 0.53 | dt: 719.25ms | tok/sec: 91,117 | bf16_mfu: 0.00 | epoch: 1 pq: 2 rg: 74 | total time: 30.73m | eta: 15.2m
step 02558/03814 (67.07%) | loss: 3.011173 | lrm: 0.53 | dt: 718.98ms | tok/sec: 91,150 | bf16_mfu: 0.00 | epoch: 1 pq: 2 rg: 74 | total time: 30.74m | eta: 15.2m
step 02559/03814 (67.09%) | loss: 3.019971 | lrm: 0.53 | dt: 718.38ms | tok/sec: 91,227 | bf16_mfu: 0.00 | epoch: 1 pq: 2 rg: 74 | total time: 30.76m | eta: 15.1m
step 02560/03814 (67.12%) | loss: 3.010011 | lrm: 0.53 | dt: 721.40ms | tok/sec: 90,845 | bf16_mfu: 0.00 | epoch: 1 pq: 2 rg: 74 | total time: 30.77m | eta: 15.1m
step 02561/03814 (67.15%) | loss: 3.037925 | lrm: 0.53 | dt: 719.83ms | tok/sec: 91,043 | bf16_mfu: 0.00 | epoch: 1 pq: 2 rg: 74 | total time: 30.78m | eta: 15.1m
step 02562/03814 (67.17%) | loss: 3.049789 | lrm: 0.53 | dt: 725.73ms | tok/sec: 90,303 | bf16_mfu: 0.00 | epoch: 1 pq: 2 rg: 75 | total time: 30.79m | eta: 15.1m
step 02563/03814 (67.20%) | loss: 3.033702 | lrm: 0.53 | dt: 719.41ms | tok/sec: 91,096 | bf16_mfu: 0.00 | epoch: 1 pq: 2 rg: 75 | total time: 30.80m | eta: 15.1m
step 02564/03814 (67.23%) | loss: 3.014455 | lrm: 0.53 | dt: 716.66ms | tok/sec: 91,446 | bf16_mfu: 0.00 | epoch: 1 pq: 2 rg: 75 | total time: 30.82m | eta: 15.1m
step 02565/03814 (67.25%) | loss: 3.031582 | lrm: 0.53 | dt: 712.09ms | tok/sec: 92,033 | bf16_mfu: 0.00 | epoch: 1 pq: 2 rg: 75 | total time: 30.83m | eta: 15.1m
step 02566/03814 (67.28%) | loss: 3.043240 | lrm: 0.53 | dt: 714.32ms | tok/sec: 91,745 | bf16_mfu: 0.00 | epoch: 1 pq: 2 rg: 75 | total time: 30.84m | eta: 15.1m
step 02567/03814 (67.30%) | loss: 3.022072 | lrm: 0.53 | dt: 717.05ms | tok/sec: 91,396 | bf16_mfu: 0.00 | epoch: 1 pq: 2 rg: 75 | total time: 30.85m | eta: 15.0m
step 02568/03814 (67.33%) | loss: 3.012899 | lrm: 0.53 | dt: 717.43ms | tok/sec: 91,348 | bf16_mfu: 0.00 | epoch: 1 pq: 2 rg: 75 | total time: 30.86m | eta: 15.0m
step 02569/03814 (67.36%) | loss: 3.014016 | lrm: 0.53 | dt: 718.89ms | tok/sec: 91,162 | bf16_mfu: 0.00 | epoch: 1 pq: 2 rg: 75 | total time: 30.88m | eta: 15.0m
step 02570/03814 (67.38%) | loss: 3.026080 | lrm: 0.53 | dt: 714.60ms | tok/sec: 91,710 | bf16_mfu: 0.00 | epoch: 1 pq: 2 rg: 75 | total time: 30.89m | eta: 15.0m
step 02571/03814 (67.41%) | loss: 3.026179 | lrm: 0.53 | dt: 717.74ms | tok/sec: 91,308 | bf16_mfu: 0.00 | epoch: 1 pq: 2 rg: 75 | total time: 30.90m | eta: 15.0m
step 02572/03814 (67.44%) | loss: 3.022462 | lrm: 0.53 | dt: 713.68ms | tok/sec: 91,827 | bf16_mfu: 0.00 | epoch: 1 pq: 2 rg: 76 | total time: 30.91m | eta: 15.0m
step 02573/03814 (67.46%) | loss: 3.007122 | lrm: 0.53 | dt: 707.91ms | tok/sec: 92,576 | bf16_mfu: 0.00 | epoch: 1 pq: 2 rg: 76 | total time: 30.92m | eta: 15.0m
step 02574/03814 (67.49%) | loss: 3.022358 | lrm: 0.53 | dt: 712.60ms | tok/sec: 91,967 | bf16_mfu: 0.00 | epoch: 1 pq: 2 rg: 76 | total time: 30.94m | eta: 15.0m
step 02575/03814 (67.51%) | loss: 3.047032 | lrm: 0.52 | dt: 716.41ms | tok/sec: 91,478 | bf16_mfu: 0.00 | epoch: 1 pq: 2 rg: 76 | total time: 30.95m | eta: 14.9m
step 02576/03814 (67.54%) | loss: 3.036261 | lrm: 0.52 | dt: 706.73ms | tok/sec: 92,731 | bf16_mfu: 0.00 | epoch: 1 pq: 2 rg: 76 | total time: 30.96m | eta: 14.9m
step 02577/03814 (67.57%) | loss: 3.027261 | lrm: 0.52 | dt: 711.04ms | tok/sec: 92,169 | bf16_mfu: 0.00 | epoch: 1 pq: 2 rg: 76 | total time: 30.97m | eta: 14.9m
step 02578/03814 (67.59%) | loss: 3.038765 | lrm: 0.52 | dt: 709.08ms | tok/sec: 92,423 | bf16_mfu: 0.00 | epoch: 1 pq: 2 rg: 76 | total time: 30.98m | eta: 14.9m
step 02579/03814 (67.62%) | loss: 3.046324 | lrm: 0.52 | dt: 707.15ms | tok/sec: 92,676 | bf16_mfu: 0.00 | epoch: 1 pq: 2 rg: 76 | total time: 30.99m | eta: 14.9m
step 02580/03814 (67.65%) | loss: 3.024699 | lrm: 0.52 | dt: 709.77ms | tok/sec: 92,334 | bf16_mfu: 0.00 | epoch: 1 pq: 2 rg: 76 | total time: 31.01m | eta: 14.9m
step 02581/03814 (67.67%) | loss: 3.027531 | lrm: 0.52 | dt: 710.46ms | tok/sec: 92,244 | bf16_mfu: 0.00 | epoch: 1 pq: 2 rg: 76 | total time: 31.02m | eta: 14.9m
step 02582/03814 (67.70%) | loss: 3.025402 | lrm: 0.52 | dt: 707.09ms | tok/sec: 92,684 | bf16_mfu: 0.00 | epoch: 1 pq: 2 rg: 76 | total time: 31.03m | eta: 14.9m
step 02583/03814 (67.72%) | loss: 3.029199 | lrm: 0.52 | dt: 711.63ms | tok/sec: 92,092 | bf16_mfu: 0.00 | epoch: 1 pq: 2 rg: 77 | total time: 31.04m | eta: 14.9m
step 02584/03814 (67.75%) | loss: 3.023859 | lrm: 0.52 | dt: 709.23ms | tok/sec: 92,405 | bf16_mfu: 0.00 | epoch: 1 pq: 2 rg: 77 | total time: 31.05m | eta: 14.8m
step 02585/03814 (67.78%) | loss: 3.013568 | lrm: 0.52 | dt: 707.14ms | tok/sec: 92,677 | bf16_mfu: 0.00 | epoch: 1 pq: 2 rg: 77 | total time: 31.07m | eta: 14.8m
step 02586/03814 (67.80%) | loss: 3.011173 | lrm: 0.52 | dt: 704.41ms | tok/sec: 93,037 | bf16_mfu: 0.00 | epoch: 1 pq: 2 rg: 77 | total time: 31.08m | eta: 14.8m
step 02587/03814 (67.83%) | loss: 3.000067 | lrm: 0.52 | dt: 712.29ms | tok/sec: 92,007 | bf16_mfu: 0.00 | epoch: 1 pq: 2 rg: 77 | total time: 31.09m | eta: 14.8m
step 02588/03814 (67.86%) | loss: 2.997810 | lrm: 0.52 | dt: 712.02ms | tok/sec: 92,041 | bf16_mfu: 0.00 | epoch: 1 pq: 2 rg: 77 | total time: 31.10m | eta: 14.8m
step 02589/03814 (67.88%) | loss: 2.976877 | lrm: 0.52 | dt: 711.21ms | tok/sec: 92,147 | bf16_mfu: 0.00 | epoch: 1 pq: 2 rg: 77 | total time: 31.11m | eta: 14.8m
step 02590/03814 (67.91%) | loss: 2.963597 | lrm: 0.52 | dt: 711.23ms | tok/sec: 92,145 | bf16_mfu: 0.00 | epoch: 1 pq: 2 rg: 77 | total time: 31.12m | eta: 14.8m
step 02591/03814 (67.93%) | loss: 2.964253 | lrm: 0.52 | dt: 710.13ms | tok/sec: 92,287 | bf16_mfu: 0.00 | epoch: 1 pq: 2 rg: 77 | total time: 31.14m | eta: 14.8m
step 02592/03814 (67.96%) | loss: 2.987940 | lrm: 0.52 | dt: 714.31ms | tok/sec: 91,747 | bf16_mfu: 0.00 | epoch: 1 pq: 2 rg: 77 | total time: 31.15m | eta: 14.7m
step 02593/03814 (67.99%) | loss: 2.966446 | lrm: 0.52 | dt: 712.02ms | tok/sec: 92,042 | bf16_mfu: 0.00 | epoch: 1 pq: 2 rg: 78 | total time: 31.16m | eta: 14.7m
step 02594/03814 (68.01%) | loss: 2.969443 | lrm: 0.52 | dt: 712.34ms | tok/sec: 92,000 | bf16_mfu: 0.00 | epoch: 1 pq: 2 rg: 78 | total time: 31.17m | eta: 14.7m
step 02595/03814 (68.04%) | loss: 2.976053 | lrm: 0.52 | dt: 706.13ms | tok/sec: 92,810 | bf16_mfu: 0.00 | epoch: 1 pq: 2 rg: 78 | total time: 31.18m | eta: 14.7m
step 02596/03814 (68.07%) | loss: 2.975372 | lrm: 0.52 | dt: 711.28ms | tok/sec: 92,138 | bf16_mfu: 0.00 | epoch: 1 pq: 2 rg: 78 | total time: 31.20m | eta: 14.7m
step 02597/03814 (68.09%) | loss: 2.979728 | lrm: 0.52 | dt: 714.53ms | tok/sec: 91,718 | bf16_mfu: 0.00 | epoch: 1 pq: 2 rg: 78 | total time: 31.21m | eta: 14.7m
step 02598/03814 (68.12%) | loss: 2.969788 | lrm: 0.52 | dt: 709.60ms | tok/sec: 92,356 | bf16_mfu: 0.00 | epoch: 1 pq: 2 rg: 78 | total time: 31.22m | eta: 14.7m
step 02599/03814 (68.14%) | loss: 2.968615 | lrm: 0.52 | dt: 712.08ms | tok/sec: 92,034 | bf16_mfu: 0.00 | epoch: 1 pq: 2 rg: 78 | total time: 31.23m | eta: 14.7m
step 02600/03814 (68.17%) | loss: 2.979997 | lrm: 0.52 | dt: 718.37ms | tok/sec: 91,228 | bf16_mfu: 0.00 | epoch: 1 pq: 2 rg: 78 | total time: 31.24m | eta: 14.6m
step 02601/03814 (68.20%) | loss: 2.993750 | lrm: 0.51 | dt: 716.63ms | tok/sec: 91,449 | bf16_mfu: 0.00 | epoch: 1 pq: 2 rg: 78 | total time: 31.26m | eta: 14.6m
step 02602/03814 (68.22%) | loss: 2.990971 | lrm: 0.51 | dt: 719.98ms | tok/sec: 91,025 | bf16_mfu: 0.00 | epoch: 1 pq: 2 rg: 78 | total time: 31.27m | eta: 14.6m
step 02603/03814 (68.25%) | loss: 2.974784 | lrm: 0.51 | dt: 713.38ms | tok/sec: 91,867 | bf16_mfu: 0.00 | epoch: 1 pq: 2 rg: 78 | total time: 31.28m | eta: 14.6m
step 02604/03814 (68.27%) | loss: 2.996077 | lrm: 0.51 | dt: 712.92ms | tok/sec: 91,925 | bf16_mfu: 0.00 | epoch: 1 pq: 2 rg: 79 | total time: 31.29m | eta: 14.6m
step 02605/03814 (68.30%) | loss: 3.022723 | lrm: 0.51 | dt: 714.67ms | tok/sec: 91,701 | bf16_mfu: 0.00 | epoch: 1 pq: 2 rg: 79 | total time: 31.30m | eta: 14.6m
step 02606/03814 (68.33%) | loss: 3.014485 | lrm: 0.51 | dt: 718.92ms | tok/sec: 91,158 | bf16_mfu: 0.00 | epoch: 1 pq: 2 rg: 79 | total time: 31.31m | eta: 14.6m
step 02607/03814 (68.35%) | loss: 3.007311 | lrm: 0.51 | dt: 714.57ms | tok/sec: 91,713 | bf16_mfu: 0.00 | epoch: 1 pq: 2 rg: 79 | total time: 31.33m | eta: 14.6m
step 02608/03814 (68.38%) | loss: 3.012992 | lrm: 0.51 | dt: 722.53ms | tok/sec: 90,703 | bf16_mfu: 0.00 | epoch: 1 pq: 2 rg: 79 | total time: 31.34m | eta: 14.5m
step 02609/03814 (68.41%) | loss: 3.014672 | lrm: 0.51 | dt: 718.88ms | tok/sec: 91,164 | bf16_mfu: 0.00 | epoch: 1 pq: 2 rg: 79 | total time: 31.35m | eta: 14.5m
step 02610/03814 (68.43%) | loss: 3.018783 | lrm: 0.51 | dt: 719.06ms | tok/sec: 91,141 | bf16_mfu: 0.00 | epoch: 1 pq: 2 rg: 79 | total time: 31.36m | eta: 14.5m
step 02611/03814 (68.46%) | loss: 3.001875 | lrm: 0.51 | dt: 719.29ms | tok/sec: 91,112 | bf16_mfu: 0.00 | epoch: 1 pq: 2 rg: 79 | total time: 31.37m | eta: 14.5m
step 02612/03814 (68.48%) | loss: 2.988890 | lrm: 0.51 | dt: 718.19ms | tok/sec: 91,251 | bf16_mfu: 0.00 | epoch: 1 pq: 2 rg: 79 | total time: 31.39m | eta: 14.5m
step 02613/03814 (68.51%) | loss: 3.012260 | lrm: 0.51 | dt: 720.63ms | tok/sec: 90,942 | bf16_mfu: 0.00 | epoch: 1 pq: 2 rg: 79 | total time: 31.40m | eta: 14.5m
step 02614/03814 (68.54%) | loss: 3.017430 | lrm: 0.51 | dt: 717.38ms | tok/sec: 91,355 | bf16_mfu: 0.00 | epoch: 1 pq: 2 rg: 80 | total time: 31.41m | eta: 14.5m
step 02615/03814 (68.56%) | loss: 3.011710 | lrm: 0.51 | dt: 717.71ms | tok/sec: 91,312 | bf16_mfu: 0.00 | epoch: 1 pq: 2 rg: 80 | total time: 31.42m | eta: 14.5m
step 02616/03814 (68.59%) | loss: 3.009218 | lrm: 0.51 | dt: 718.58ms | tok/sec: 91,201 | bf16_mfu: 0.00 | epoch: 1 pq: 2 rg: 80 | total time: 31.43m | eta: 14.5m
step 02617/03814 (68.62%) | loss: 3.005941 | lrm: 0.51 | dt: 718.48ms | tok/sec: 91,214 | bf16_mfu: 0.00 | epoch: 1 pq: 2 rg: 80 | total time: 31.45m | eta: 14.4m
step 02618/03814 (68.64%) | loss: 3.022009 | lrm: 0.51 | dt: 719.99ms | tok/sec: 91,022 | bf16_mfu: 0.00 | epoch: 1 pq: 2 rg: 80 | total time: 31.46m | eta: 14.4m
step 02619/03814 (68.67%) | loss: 3.014408 | lrm: 0.51 | dt: 725.19ms | tok/sec: 90,370 | bf16_mfu: 0.00 | epoch: 1 pq: 2 rg: 80 | total time: 31.47m | eta: 14.4m
step 02620/03814 (68.69%) | loss: 2.997840 | lrm: 0.51 | dt: 721.50ms | tok/sec: 90,833 | bf16_mfu: 0.00 | epoch: 1 pq: 2 rg: 80 | total time: 31.48m | eta: 14.4m
step 02621/03814 (68.72%) | loss: 2.990093 | lrm: 0.51 | dt: 718.30ms | tok/sec: 91,238 | bf16_mfu: 0.00 | epoch: 1 pq: 2 rg: 80 | total time: 31.49m | eta: 14.4m
step 02622/03814 (68.75%) | loss: 2.994592 | lrm: 0.51 | dt: 723.93ms | tok/sec: 90,527 | bf16_mfu: 0.00 | epoch: 1 pq: 2 rg: 80 | total time: 31.51m | eta: 14.4m
step 02623/03814 (68.77%) | loss: 2.985668 | lrm: 0.51 | dt: 718.59ms | tok/sec: 91,201 | bf16_mfu: 0.00 | epoch: 1 pq: 2 rg: 80 | total time: 31.52m | eta: 14.4m
step 02624/03814 (68.80%) | loss: 2.979506 | lrm: 0.51 | dt: 722.76ms | tok/sec: 90,674 | bf16_mfu: 0.00 | epoch: 1 pq: 2 rg: 80 | total time: 31.53m | eta: 14.4m
step 02625/03814 (68.83%) | loss: 2.978525 | lrm: 0.51 | dt: 722.48ms | tok/sec: 90,709 | bf16_mfu: 0.00 | epoch: 1 pq: 2 rg: 81 | total time: 31.54m | eta: 14.3m
step 02626/03814 (68.85%) | loss: 2.975708 | lrm: 0.51 | dt: 721.21ms | tok/sec: 90,869 | bf16_mfu: 0.00 | epoch: 1 pq: 2 rg: 81 | total time: 31.55m | eta: 14.3m
step 02627/03814 (68.88%) | loss: 2.982506 | lrm: 0.50 | dt: 722.41ms | tok/sec: 90,717 | bf16_mfu: 0.00 | epoch: 1 pq: 2 rg: 81 | total time: 31.57m | eta: 14.3m
step 02628/03814 (68.90%) | loss: 2.980009 | lrm: 0.50 | dt: 726.84ms | tok/sec: 90,165 | bf16_mfu: 0.00 | epoch: 1 pq: 2 rg: 81 | total time: 31.58m | eta: 14.3m
step 02629/03814 (68.93%) | loss: 3.001498 | lrm: 0.50 | dt: 719.48ms | tok/sec: 91,088 | bf16_mfu: 0.00 | epoch: 1 pq: 2 rg: 81 | total time: 31.59m | eta: 14.3m
step 02630/03814 (68.96%) | loss: 3.017624 | lrm: 0.50 | dt: 721.72ms | tok/sec: 90,805 | bf16_mfu: 0.00 | epoch: 1 pq: 2 rg: 81 | total time: 31.60m | eta: 14.3m
step 02631/03814 (68.98%) | loss: 3.020704 | lrm: 0.50 | dt: 726.20ms | tok/sec: 90,244 | bf16_mfu: 0.00 | epoch: 1 pq: 2 rg: 81 | total time: 31.62m | eta: 14.3m
step 02632/03814 (69.01%) | loss: 3.015967 | lrm: 0.50 | dt: 725.65ms | tok/sec: 90,313 | bf16_mfu: 0.00 | epoch: 1 pq: 2 rg: 81 | total time: 31.63m | eta: 14.3m
step 02633/03814 (69.04%) | loss: 3.024281 | lrm: 0.50 | dt: 720.42ms | tok/sec: 90,968 | bf16_mfu: 0.00 | epoch: 1 pq: 2 rg: 81 | total time: 31.64m | eta: 14.2m
step 02634/03814 (69.06%) | loss: 3.030778 | lrm: 0.50 | dt: 723.91ms | tok/sec: 90,530 | bf16_mfu: 0.00 | epoch: 1 pq: 2 rg: 81 | total time: 31.65m | eta: 14.2m
step 02635/03814 (69.09%) | loss: 3.025786 | lrm: 0.50 | dt: 724.92ms | tok/sec: 90,404 | bf16_mfu: 0.00 | epoch: 1 pq: 2 rg: 82 | total time: 31.66m | eta: 14.2m
step 02636/03814 (69.11%) | loss: 3.013154 | lrm: 0.50 | dt: 718.04ms | tok/sec: 91,270 | bf16_mfu: 0.00 | epoch: 1 pq: 2 rg: 82 | total time: 31.68m | eta: 14.2m
step 02637/03814 (69.14%) | loss: 3.024422 | lrm: 0.50 | dt: 721.80ms | tok/sec: 90,794 | bf16_mfu: 0.00 | epoch: 1 pq: 2 rg: 82 | total time: 31.69m | eta: 14.2m
step 02638/03814 (69.17%) | loss: 3.030805 | lrm: 0.50 | dt: 720.97ms | tok/sec: 90,900 | bf16_mfu: 0.00 | epoch: 1 pq: 2 rg: 82 | total time: 31.70m | eta: 14.2m
step 02639/03814 (69.19%) | loss: 3.027347 | lrm: 0.50 | dt: 722.78ms | tok/sec: 90,672 | bf16_mfu: 0.00 | epoch: 1 pq: 2 rg: 82 | total time: 31.71m | eta: 14.2m
step 02640/03814 (69.22%) | loss: 3.025135 | lrm: 0.50 | dt: 727.10ms | tok/sec: 90,133 | bf16_mfu: 0.00 | epoch: 1 pq: 2 rg: 82 | total time: 31.72m | eta: 14.2m
step 02641/03814 (69.24%) | loss: 3.008791 | lrm: 0.50 | dt: 717.05ms | tok/sec: 91,396 | bf16_mfu: 0.00 | epoch: 1 pq: 2 rg: 82 | total time: 31.74m | eta: 14.1m
step 02642/03814 (69.27%) | loss: 3.028030 | lrm: 0.50 | dt: 727.28ms | tok/sec: 90,111 | bf16_mfu: 0.00 | epoch: 1 pq: 2 rg: 82 | total time: 31.75m | eta: 14.1m
step 02643/03814 (69.30%) | loss: 3.026671 | lrm: 0.50 | dt: 726.70ms | tok/sec: 90,183 | bf16_mfu: 0.00 | epoch: 1 pq: 2 rg: 82 | total time: 31.76m | eta: 14.1m
step 02644/03814 (69.32%) | loss: 3.005412 | lrm: 0.50 | dt: 718.23ms | tok/sec: 91,246 | bf16_mfu: 0.00 | epoch: 1 pq: 2 rg: 82 | total time: 31.77m | eta: 14.1m
step 02645/03814 (69.35%) | loss: 2.991117 | lrm: 0.50 | dt: 725.64ms | tok/sec: 90,314 | bf16_mfu: 0.00 | epoch: 1 pq: 2 rg: 82 | total time: 31.78m | eta: 14.1m
step 02646/03814 (69.38%) | loss: 3.012844 | lrm: 0.50 | dt: 728.83ms | tok/sec: 89,919 | bf16_mfu: 0.00 | epoch: 1 pq: 2 rg: 83 | total time: 31.80m | eta: 14.1m
step 02647/03814 (69.40%) | loss: 3.035762 | lrm: 0.50 | dt: 730.24ms | tok/sec: 89,746 | bf16_mfu: 0.00 | epoch: 1 pq: 2 rg: 83 | total time: 31.81m | eta: 14.1m
step 02648/03814 (69.43%) | loss: 3.032620 | lrm: 0.50 | dt: 722.70ms | tok/sec: 90,681 | bf16_mfu: 0.00 | epoch: 1 pq: 2 rg: 83 | total time: 31.82m | eta: 14.1m
step 02649/03814 (69.45%) | loss: 3.012523 | lrm: 0.50 | dt: 721.44ms | tok/sec: 90,840 | bf16_mfu: 0.00 | epoch: 1 pq: 2 rg: 83 | total time: 31.83m | eta: 14.1m
step 02650/03814 (69.48%) | loss: 3.012428 | lrm: 0.50 | dt: 725.47ms | tok/sec: 90,336 | bf16_mfu: 0.00 | epoch: 1 pq: 2 rg: 83 | total time: 31.84m | eta: 14.0m
step 02651/03814 (69.51%) | loss: 3.018879 | lrm: 0.50 | dt: 728.29ms | tok/sec: 89,985 | bf16_mfu: 0.00 | epoch: 1 pq: 2 rg: 83 | total time: 31.86m | eta: 14.0m
step 02652/03814 (69.53%) | loss: 3.011370 | lrm: 0.50 | dt: 722.08ms | tok/sec: 90,759 | bf16_mfu: 0.00 | epoch: 1 pq: 2 rg: 83 | total time: 31.87m | eta: 14.0m
step 02653/03814 (69.56%) | loss: 3.008537 | lrm: 0.49 | dt: 720.03ms | tok/sec: 91,018 | bf16_mfu: 0.00 | epoch: 1 pq: 2 rg: 83 | total time: 31.88m | eta: 14.0m
step 02654/03814 (69.59%) | loss: 3.012410 | lrm: 0.49 | dt: 724.76ms | tok/sec: 90,424 | bf16_mfu: 0.00 | epoch: 1 pq: 2 rg: 83 | total time: 31.89m | eta: 14.0m
step 02655/03814 (69.61%) | loss: 3.042074 | lrm: 0.49 | dt: 723.53ms | tok/sec: 90,578 | bf16_mfu: 0.00 | epoch: 1 pq: 2 rg: 83 | total time: 31.90m | eta: 14.0m
step 02656/03814 (69.64%) | loss: 3.051093 | lrm: 0.49 | dt: 757.23ms | tok/sec: 86,547 | bf16_mfu: 0.00 | epoch: 1 pq: 2 rg: 84 | total time: 31.92m | eta: 14.0m
step 02657/03814 (69.66%) | loss: 3.032869 | lrm: 0.49 | dt: 727.77ms | tok/sec: 90,050 | bf16_mfu: 0.00 | epoch: 1 pq: 2 rg: 84 | total time: 31.93m | eta: 14.0m
step 02658/03814 (69.69%) | loss: 3.017387 | lrm: 0.49 | dt: 730.98ms | tok/sec: 89,655 | bf16_mfu: 0.00 | epoch: 1 pq: 2 rg: 84 | total time: 31.94m | eta: 13.9m
step 02659/03814 (69.72%) | loss: 3.031528 | lrm: 0.49 | dt: 719.95ms | tok/sec: 91,027 | bf16_mfu: 0.00 | epoch: 1 pq: 2 rg: 84 | total time: 31.95m | eta: 13.9m
step 02660/03814 (69.74%) | loss: 3.024845 | lrm: 0.49 | dt: 721.15ms | tok/sec: 90,877 | bf16_mfu: 0.00 | epoch: 1 pq: 2 rg: 84 | total time: 31.97m | eta: 13.9m
step 02661/03814 (69.77%) | loss: 3.009857 | lrm: 0.49 | dt: 725.51ms | tok/sec: 90,331 | bf16_mfu: 0.00 | epoch: 1 pq: 2 rg: 84 | total time: 31.98m | eta: 13.9m
step 02662/03814 (69.80%) | loss: 2.984770 | lrm: 0.49 | dt: 728.66ms | tok/sec: 89,940 | bf16_mfu: 0.00 | epoch: 1 pq: 2 rg: 84 | total time: 31.99m | eta: 13.9m
step 02663/03814 (69.82%) | loss: 2.995901 | lrm: 0.49 | dt: 718.44ms | tok/sec: 91,220 | bf16_mfu: 0.00 | epoch: 1 pq: 2 rg: 84 | total time: 32.00m | eta: 13.9m
step 02664/03814 (69.85%) | loss: 3.006141 | lrm: 0.49 | dt: 723.41ms | tok/sec: 90,593 | bf16_mfu: 0.00 | epoch: 1 pq: 2 rg: 84 | total time: 32.01m | eta: 13.9m
step 02665/03814 (69.87%) | loss: 2.993456 | lrm: 0.49 | dt: 729.44ms | tok/sec: 89,844 | bf16_mfu: 0.00 | epoch: 1 pq: 2 rg: 84 | total time: 32.03m | eta: 13.9m
step 02666/03814 (69.90%) | loss: 2.996198 | lrm: 0.49 | dt: 723.25ms | tok/sec: 90,613 | bf16_mfu: 0.00 | epoch: 1 pq: 2 rg: 84 | total time: 32.04m | eta: 13.8m
step 02667/03814 (69.93%) | loss: 3.005300 | lrm: 0.49 | dt: 719.40ms | tok/sec: 91,098 | bf16_mfu: 0.00 | epoch: 1 pq: 2 rg: 85 | total time: 32.05m | eta: 13.8m
step 02668/03814 (69.95%) | loss: 3.022891 | lrm: 0.49 | dt: 723.39ms | tok/sec: 90,595 | bf16_mfu: 0.00 | epoch: 1 pq: 2 rg: 85 | total time: 32.06m | eta: 13.8m
step 02669/03814 (69.98%) | loss: 3.000644 | lrm: 0.49 | dt: 728.18ms | tok/sec: 89,999 | bf16_mfu: 0.00 | epoch: 1 pq: 2 rg: 85 | total time: 32.07m | eta: 13.8m
step 02670/03814 (70.01%) | loss: 2.995507 | lrm: 0.49 | dt: 727.81ms | tok/sec: 90,044 | bf16_mfu: 0.00 | epoch: 1 pq: 2 rg: 85 | total time: 32.09m | eta: 13.8m
step 02671/03814 (70.03%) | loss: 2.975075 | lrm: 0.49 | dt: 726.98ms | tok/sec: 90,148 | bf16_mfu: 0.00 | epoch: 1 pq: 2 rg: 85 | total time: 32.10m | eta: 13.8m
step 02672/03814 (70.06%) | loss: 3.010300 | lrm: 0.49 | dt: 726.47ms | tok/sec: 90,211 | bf16_mfu: 0.00 | epoch: 1 pq: 2 rg: 85 | total time: 32.11m | eta: 13.8m
step 02673/03814 (70.08%) | loss: 3.005546 | lrm: 0.49 | dt: 720.68ms | tok/sec: 90,936 | bf16_mfu: 0.00 | epoch: 1 pq: 2 rg: 85 | total time: 32.12m | eta: 13.8m
step 02674/03814 (70.11%) | loss: 2.998821 | lrm: 0.49 | dt: 722.84ms | tok/sec: 90,665 | bf16_mfu: 0.00 | epoch: 1 pq: 2 rg: 85 | total time: 32.13m | eta: 13.8m
step 02675/03814 (70.14%) | loss: 2.981731 | lrm: 0.49 | dt: 720.10ms | tok/sec: 91,009 | bf16_mfu: 0.00 | epoch: 1 pq: 2 rg: 85 | total time: 32.15m | eta: 13.7m
step 02676/03814 (70.16%) | loss: 2.999925 | lrm: 0.49 | dt: 721.32ms | tok/sec: 90,855 | bf16_mfu: 0.00 | epoch: 1 pq: 2 rg: 85 | total time: 32.16m | eta: 13.7m
step 02677/03814 (70.19%) | loss: 2.988179 | lrm: 0.49 | dt: 727.37ms | tok/sec: 90,100 | bf16_mfu: 0.00 | epoch: 1 pq: 2 rg: 86 | total time: 32.17m | eta: 13.7m
step 02678/03814 (70.21%) | loss: 2.973008 | lrm: 0.49 | dt: 725.86ms | tok/sec: 90,287 | bf16_mfu: 0.00 | epoch: 1 pq: 2 rg: 86 | total time: 32.18m | eta: 13.7m
step 02679/03814 (70.24%) | loss: 2.968900 | lrm: 0.48 | dt: 748.65ms | tok/sec: 87,538 | bf16_mfu: 0.00 | epoch: 1 pq: 2 rg: 86 | total time: 32.20m | eta: 13.7m
step 02680/03814 (70.27%) | loss: 2.980305 | lrm: 0.48 | dt: 724.66ms | tok/sec: 90,436 | bf16_mfu: 0.00 | epoch: 1 pq: 2 rg: 86 | total time: 32.21m | eta: 13.7m
step 02681/03814 (70.29%) | loss: 2.987120 | lrm: 0.48 | dt: 725.90ms | tok/sec: 90,282 | bf16_mfu: 0.00 | epoch: 1 pq: 2 rg: 86 | total time: 32.22m | eta: 13.7m
step 02682/03814 (70.32%) | loss: 2.987519 | lrm: 0.48 | dt: 718.25ms | tok/sec: 91,244 | bf16_mfu: 0.00 | epoch: 1 pq: 2 rg: 86 | total time: 32.23m | eta: 13.7m
step 02683/03814 (70.35%) | loss: 2.981071 | lrm: 0.48 | dt: 722.28ms | tok/sec: 90,735 | bf16_mfu: 0.00 | epoch: 1 pq: 2 rg: 86 | total time: 32.24m | eta: 13.6m
step 02684/03814 (70.37%) | loss: 2.994296 | lrm: 0.48 | dt: 724.77ms | tok/sec: 90,423 | bf16_mfu: 0.00 | epoch: 1 pq: 2 rg: 86 | total time: 32.26m | eta: 13.6m
step 02685/03814 (70.40%) | loss: 3.001379 | lrm: 0.48 | dt: 722.25ms | tok/sec: 90,738 | bf16_mfu: 0.00 | epoch: 1 pq: 2 rg: 86 | total time: 32.27m | eta: 13.6m
step 02686/03814 (70.42%) | loss: 2.985751 | lrm: 0.48 | dt: 716.40ms | tok/sec: 91,480 | bf16_mfu: 0.00 | epoch: 1 pq: 2 rg: 86 | total time: 32.28m | eta: 13.6m
step 02687/03814 (70.45%) | loss: 2.986746 | lrm: 0.48 | dt: 718.37ms | tok/sec: 91,229 | bf16_mfu: 0.00 | epoch: 1 pq: 2 rg: 86 | total time: 32.29m | eta: 13.6m
step 02688/03814 (70.48%) | loss: 3.013479 | lrm: 0.48 | dt: 719.31ms | tok/sec: 91,109 | bf16_mfu: 0.00 | epoch: 1 pq: 2 rg: 87 | total time: 32.30m | eta: 13.6m
step 02689/03814 (70.50%) | loss: 3.045030 | lrm: 0.48 | dt: 722.94ms | tok/sec: 90,651 | bf16_mfu: 0.00 | epoch: 1 pq: 2 rg: 87 | total time: 32.32m | eta: 13.6m
step 02690/03814 (70.53%) | loss: 3.026282 | lrm: 0.48 | dt: 718.85ms | tok/sec: 91,167 | bf16_mfu: 0.00 | epoch: 1 pq: 2 rg: 87 | total time: 32.33m | eta: 13.6m
step 02691/03814 (70.56%) | loss: 3.015440 | lrm: 0.48 | dt: 722.74ms | tok/sec: 90,676 | bf16_mfu: 0.00 | epoch: 1 pq: 2 rg: 87 | total time: 32.34m | eta: 13.5m
step 02692/03814 (70.58%) | loss: 3.028735 | lrm: 0.48 | dt: 721.52ms | tok/sec: 90,830 | bf16_mfu: 0.00 | epoch: 1 pq: 2 rg: 87 | total time: 32.35m | eta: 13.5m
step 02693/03814 (70.61%) | loss: 3.033791 | lrm: 0.48 | dt: 718.42ms | tok/sec: 91,222 | bf16_mfu: 0.00 | epoch: 1 pq: 2 rg: 87 | total time: 32.36m | eta: 13.5m
step 02694/03814 (70.63%) | loss: 3.028220 | lrm: 0.48 | dt: 723.28ms | tok/sec: 90,609 | bf16_mfu: 0.00 | epoch: 1 pq: 2 rg: 87 | total time: 32.38m | eta: 13.5m
step 02695/03814 (70.66%) | loss: 3.013025 | lrm: 0.48 | dt: 717.65ms | tok/sec: 91,320 | bf16_mfu: 0.00 | epoch: 1 pq: 2 rg: 87 | total time: 32.39m | eta: 13.5m
step 02696/03814 (70.69%) | loss: 3.017754 | lrm: 0.48 | dt: 722.71ms | tok/sec: 90,680 | bf16_mfu: 0.00 | epoch: 1 pq: 2 rg: 87 | total time: 32.40m | eta: 13.5m
step 02697/03814 (70.71%) | loss: 3.022901 | lrm: 0.48 | dt: 719.93ms | tok/sec: 91,031 | bf16_mfu: 0.00 | epoch: 1 pq: 2 rg: 87 | total time: 32.41m | eta: 13.5m
step 02698/03814 (70.74%) | loss: 3.020831 | lrm: 0.48 | dt: 718.22ms | tok/sec: 91,247 | bf16_mfu: 0.00 | epoch: 1 pq: 2 rg: 88 | total time: 32.42m | eta: 13.5m
step 02699/03814 (70.77%) | loss: 3.009142 | lrm: 0.48 | dt: 721.90ms | tok/sec: 90,782 | bf16_mfu: 0.00 | epoch: 1 pq: 2 rg: 88 | total time: 32.44m | eta: 13.4m
step 02700/03814 (70.79%) | loss: 3.018276 | lrm: 0.48 | dt: 718.94ms | tok/sec: 91,155 | bf16_mfu: 0.00 | epoch: 1 pq: 2 rg: 88 | total time: 32.45m | eta: 13.4m
step 02701/03814 (70.82%) | loss: 3.014094 | lrm: 0.48 | dt: 723.24ms | tok/sec: 90,614 | bf16_mfu: 0.00 | epoch: 1 pq: 2 rg: 88 | total time: 32.46m | eta: 13.4m
step 02702/03814 (70.84%) | loss: 3.002140 | lrm: 0.48 | dt: 717.57ms | tok/sec: 91,331 | bf16_mfu: 0.00 | epoch: 1 pq: 2 rg: 88 | total time: 32.47m | eta: 13.4m
step 02703/03814 (70.87%) | loss: 2.994913 | lrm: 0.48 | dt: 720.45ms | tok/sec: 90,965 | bf16_mfu: 0.00 | epoch: 1 pq: 2 rg: 88 | total time: 32.48m | eta: 13.4m
step 02704/03814 (70.90%) | loss: 3.003076 | lrm: 0.48 | dt: 719.47ms | tok/sec: 91,089 | bf16_mfu: 0.00 | epoch: 1 pq: 2 rg: 88 | total time: 32.50m | eta: 13.4m
step 02705/03814 (70.92%) | loss: 3.009989 | lrm: 0.47 | dt: 719.87ms | tok/sec: 91,038 | bf16_mfu: 0.00 | epoch: 1 pq: 2 rg: 88 | total time: 32.51m | eta: 13.4m
step 02706/03814 (70.95%) | loss: 3.010286 | lrm: 0.47 | dt: 719.68ms | tok/sec: 91,062 | bf16_mfu: 0.00 | epoch: 1 pq: 2 rg: 88 | total time: 32.52m | eta: 13.4m
step 02707/03814 (70.98%) | loss: 3.003671 | lrm: 0.47 | dt: 716.67ms | tok/sec: 91,444 | bf16_mfu: 0.00 | epoch: 1 pq: 2 rg: 88 | total time: 32.53m | eta: 13.4m
step 02708/03814 (71.00%) | loss: 2.993941 | lrm: 0.47 | dt: 718.45ms | tok/sec: 91,218 | bf16_mfu: 0.00 | epoch: 1 pq: 2 rg: 88 | total time: 32.54m | eta: 13.3m
step 02709/03814 (71.03%) | loss: 3.012939 | lrm: 0.47 | dt: 759.17ms | tok/sec: 86,326 | bf16_mfu: 0.00 | epoch: 1 pq: 2 rg: 89 | total time: 32.56m | eta: 13.3m
step 02710/03814 (71.05%) | loss: 3.028808 | lrm: 0.47 | dt: 717.20ms | tok/sec: 91,377 | bf16_mfu: 0.00 | epoch: 1 pq: 2 rg: 89 | total time: 32.57m | eta: 13.3m
step 02711/03814 (71.08%) | loss: 3.008744 | lrm: 0.47 | dt: 724.22ms | tok/sec: 90,491 | bf16_mfu: 0.00 | epoch: 1 pq: 2 rg: 89 | total time: 32.58m | eta: 13.3m
step 02712/03814 (71.11%) | loss: 3.000740 | lrm: 0.47 | dt: 721.60ms | tok/sec: 90,820 | bf16_mfu: 0.00 | epoch: 1 pq: 2 rg: 89 | total time: 32.59m | eta: 13.3m
step 02713/03814 (71.13%) | loss: 3.029330 | lrm: 0.47 | dt: 720.27ms | tok/sec: 90,987 | bf16_mfu: 0.00 | epoch: 1 pq: 2 rg: 89 | total time: 32.60m | eta: 13.3m
step 02714/03814 (71.16%) | loss: 3.032516 | lrm: 0.47 | dt: 720.45ms | tok/sec: 90,965 | bf16_mfu: 0.00 | epoch: 1 pq: 2 rg: 89 | total time: 32.62m | eta: 13.3m
step 02715/03814 (71.19%) | loss: 3.034103 | lrm: 0.47 | dt: 722.89ms | tok/sec: 90,658 | bf16_mfu: 0.00 | epoch: 1 pq: 2 rg: 89 | total time: 32.63m | eta: 13.3m
step 02716/03814 (71.21%) | loss: 3.019404 | lrm: 0.47 | dt: 718.00ms | tok/sec: 91,276 | bf16_mfu: 0.00 | epoch: 1 pq: 2 rg: 89 | total time: 32.64m | eta: 13.2m
step 02717/03814 (71.24%) | loss: 3.032543 | lrm: 0.47 | dt: 722.74ms | tok/sec: 90,676 | bf16_mfu: 0.00 | epoch: 1 pq: 2 rg: 89 | total time: 32.65m | eta: 13.2m
step 02718/03814 (71.26%) | loss: 3.046926 | lrm: 0.47 | dt: 715.27ms | tok/sec: 91,623 | bf16_mfu: 0.00 | epoch: 1 pq: 2 rg: 89 | total time: 32.66m | eta: 13.2m
step 02719/03814 (71.29%) | loss: 3.046667 | lrm: 0.47 | dt: 722.40ms | tok/sec: 90,719 | bf16_mfu: 0.00 | epoch: 1 pq: 2 rg: 90 | total time: 32.68m | eta: 13.2m
step 02720/03814 (71.32%) | loss: 3.026221 | lrm: 0.47 | dt: 717.18ms | tok/sec: 91,379 | bf16_mfu: 0.00 | epoch: 1 pq: 2 rg: 90 | total time: 32.69m | eta: 13.2m
step 02721/03814 (71.34%) | loss: 3.022029 | lrm: 0.47 | dt: 719.97ms | tok/sec: 91,026 | bf16_mfu: 0.00 | epoch: 1 pq: 2 rg: 90 | total time: 32.70m | eta: 13.2m
step 02722/03814 (71.37%) | loss: 3.015708 | lrm: 0.47 | dt: 719.03ms | tok/sec: 91,145 | bf16_mfu: 0.00 | epoch: 1 pq: 2 rg: 90 | total time: 32.71m | eta: 13.2m
step 02723/03814 (71.39%) | loss: 3.012769 | lrm: 0.47 | dt: 720.65ms | tok/sec: 90,939 | bf16_mfu: 0.00 | epoch: 1 pq: 2 rg: 90 | total time: 32.72m | eta: 13.2m
step 02724/03814 (71.42%) | loss: 3.002843 | lrm: 0.47 | dt: 726.03ms | tok/sec: 90,266 | bf16_mfu: 0.00 | epoch: 1 pq: 2 rg: 90 | total time: 32.74m | eta: 13.1m
step 02725/03814 (71.45%) | loss: 2.992941 | lrm: 0.47 | dt: 713.12ms | tok/sec: 91,900 | bf16_mfu: 0.00 | epoch: 1 pq: 2 rg: 90 | total time: 32.75m | eta: 13.1m
step 02726/03814 (71.47%) | loss: 3.006090 | lrm: 0.47 | dt: 717.01ms | tok/sec: 91,401 | bf16_mfu: 0.00 | epoch: 1 pq: 2 rg: 90 | total time: 32.76m | eta: 13.1m
step 02727/03814 (71.50%) | loss: 2.997844 | lrm: 0.47 | dt: 717.93ms | tok/sec: 91,284 | bf16_mfu: 0.00 | epoch: 1 pq: 2 rg: 90 | total time: 32.77m | eta: 13.1m
step 02728/03814 (71.53%) | loss: 2.982235 | lrm: 0.47 | dt: 722.41ms | tok/sec: 90,718 | bf16_mfu: 0.00 | epoch: 1 pq: 2 rg: 90 | total time: 32.78m | eta: 13.1m
step 02729/03814 (71.55%) | loss: 2.976805 | lrm: 0.47 | dt: 718.83ms | tok/sec: 91,170 | bf16_mfu: 0.00 | epoch: 1 pq: 2 rg: 90 | total time: 32.80m | eta: 13.1m
step 02730/03814 (71.58%) | loss: 3.006621 | lrm: 0.47 | dt: 716.85ms | tok/sec: 91,422 | bf16_mfu: 0.00 | epoch: 1 pq: 2 rg: 91 | total time: 32.81m | eta: 13.1m
step 02731/03814 (71.60%) | loss: 3.006716 | lrm: 0.47 | dt: 800.34ms | tok/sec: 81,885 | bf16_mfu: 0.00 | epoch: 1 pq: 2 rg: 91 | total time: 32.82m | eta: 13.1m
step 02732/03814 (71.63%) | loss: 2.993435 | lrm: 0.46 | dt: 718.77ms | tok/sec: 91,177 | bf16_mfu: 0.00 | epoch: 1 pq: 2 rg: 91 | total time: 32.83m | eta: 13.1m
step 02733/03814 (71.66%) | loss: 2.996899 | lrm: 0.46 | dt: 719.16ms | tok/sec: 91,128 | bf16_mfu: 0.00 | epoch: 1 pq: 2 rg: 91 | total time: 32.85m | eta: 13.0m
step 02734/03814 (71.68%) | loss: 2.995714 | lrm: 0.46 | dt: 712.48ms | tok/sec: 91,983 | bf16_mfu: 0.00 | epoch: 1 pq: 2 rg: 91 | total time: 32.86m | eta: 13.0m
step 02735/03814 (71.71%) | loss: 2.988203 | lrm: 0.46 | dt: 715.21ms | tok/sec: 91,631 | bf16_mfu: 0.00 | epoch: 1 pq: 2 rg: 91 | total time: 32.87m | eta: 13.0m
step 02736/03814 (71.74%) | loss: 2.974796 | lrm: 0.46 | dt: 824.76ms | tok/sec: 79,460 | bf16_mfu: 0.00 | epoch: 1 pq: 2 rg: 91 | total time: 32.88m | eta: 13.0m
step 02737/03814 (71.76%) | loss: 2.972891 | lrm: 0.46 | dt: 716.67ms | tok/sec: 91,445 | bf16_mfu: 0.00 | epoch: 1 pq: 2 rg: 91 | total time: 32.89m | eta: 13.0m
step 02738/03814 (71.79%) | loss: 2.979754 | lrm: 0.46 | dt: 715.40ms | tok/sec: 91,607 | bf16_mfu: 0.00 | epoch: 1 pq: 2 rg: 91 | total time: 32.91m | eta: 13.0m
step 02739/03814 (71.81%) | loss: 2.999188 | lrm: 0.46 | dt: 714.59ms | tok/sec: 91,711 | bf16_mfu: 0.00 | epoch: 1 pq: 2 rg: 91 | total time: 32.92m | eta: 13.0m
step 02740/03814 (71.84%) | loss: 2.989207 | lrm: 0.46 | dt: 717.62ms | tok/sec: 91,324 | bf16_mfu: 0.00 | epoch: 1 pq: 2 rg: 92 | total time: 32.93m | eta: 13.0m
step 02741/03814 (71.87%) | loss: 2.977257 | lrm: 0.46 | dt: 718.30ms | tok/sec: 91,237 | bf16_mfu: 0.00 | epoch: 1 pq: 2 rg: 92 | total time: 32.94m | eta: 12.9m
step 02742/03814 (71.89%) | loss: 2.975526 | lrm: 0.46 | dt: 716.41ms | tok/sec: 91,478 | bf16_mfu: 0.00 | epoch: 1 pq: 2 rg: 92 | total time: 32.95m | eta: 12.9m
step 02743/03814 (71.92%) | loss: 2.975739 | lrm: 0.46 | dt: 714.15ms | tok/sec: 91,767 | bf16_mfu: 0.00 | epoch: 1 pq: 2 rg: 92 | total time: 32.97m | eta: 12.9m
step 02744/03814 (71.95%) | loss: 2.967821 | lrm: 0.46 | dt: 717.85ms | tok/sec: 91,295 | bf16_mfu: 0.00 | epoch: 1 pq: 2 rg: 92 | total time: 32.98m | eta: 12.9m
step 02745/03814 (71.97%) | loss: 2.957155 | lrm: 0.46 | dt: 714.41ms | tok/sec: 91,734 | bf16_mfu: 0.00 | epoch: 1 pq: 2 rg: 92 | total time: 32.99m | eta: 12.9m
step 02746/03814 (72.00%) | loss: 2.949895 | lrm: 0.46 | dt: 713.54ms | tok/sec: 91,846 | bf16_mfu: 0.00 | epoch: 1 pq: 2 rg: 92 | total time: 33.00m | eta: 12.9m
step 02747/03814 (72.02%) | loss: 2.965112 | lrm: 0.46 | dt: 715.06ms | tok/sec: 91,651 | bf16_mfu: 0.00 | epoch: 1 pq: 2 rg: 92 | total time: 33.01m | eta: 12.9m
step 02748/03814 (72.05%) | loss: 2.970278 | lrm: 0.46 | dt: 716.79ms | tok/sec: 91,429 | bf16_mfu: 0.00 | epoch: 1 pq: 2 rg: 92 | total time: 33.03m | eta: 12.9m
step 02749/03814 (72.08%) | loss: 2.954345 | lrm: 0.46 | dt: 717.77ms | tok/sec: 91,305 | bf16_mfu: 0.00 | epoch: 1 pq: 2 rg: 92 | total time: 33.04m | eta: 12.8m
step 02750/03814 (72.10%) | loss: 2.946283 | lrm: 0.46 | dt: 720.26ms | tok/sec: 90,989 | bf16_mfu: 0.00 | epoch: 1 pq: 2 rg: 92 | total time: 33.05m | eta: 12.8m
step 02751/03814 (72.13%) | loss: 2.966321 | lrm: 0.46 | dt: 711.94ms | tok/sec: 92,052 | bf16_mfu: 0.00 | epoch: 1 pq: 2 rg: 93 | total time: 33.06m | eta: 12.8m
step 02752/03814 (72.16%) | loss: 2.980687 | lrm: 0.46 | dt: 719.99ms | tok/sec: 91,023 | bf16_mfu: 0.00 | epoch: 1 pq: 2 rg: 93 | total time: 33.07m | eta: 12.8m
step 02753/03814 (72.18%) | loss: 2.967538 | lrm: 0.46 | dt: 714.49ms | tok/sec: 91,724 | bf16_mfu: 0.00 | epoch: 1 pq: 2 rg: 93 | total time: 33.09m | eta: 12.8m
step 02754/03814 (72.21%) | loss: 2.954257 | lrm: 0.46 | dt: 714.16ms | tok/sec: 91,766 | bf16_mfu: 0.00 | epoch: 1 pq: 2 rg: 93 | total time: 33.10m | eta: 12.8m
step 02755/03814 (72.23%) | loss: 2.981744 | lrm: 0.46 | dt: 714.96ms | tok/sec: 91,663 | bf16_mfu: 0.00 | epoch: 1 pq: 2 rg: 93 | total time: 33.11m | eta: 12.8m
step 02756/03814 (72.26%) | loss: 3.013215 | lrm: 0.46 | dt: 718.20ms | tok/sec: 91,249 | bf16_mfu: 0.00 | epoch: 1 pq: 2 rg: 93 | total time: 33.12m | eta: 12.8m
step 02757/03814 (72.29%) | loss: 2.995621 | lrm: 0.46 | dt: 712.96ms | tok/sec: 91,920 | bf16_mfu: 0.00 | epoch: 1 pq: 2 rg: 93 | total time: 33.13m | eta: 12.7m
step 02758/03814 (72.31%) | loss: 2.995038 | lrm: 0.45 | dt: 716.24ms | tok/sec: 91,499 | bf16_mfu: 0.00 | epoch: 1 pq: 2 rg: 93 | total time: 33.15m | eta: 12.7m
step 02759/03814 (72.34%) | loss: 2.997031 | lrm: 0.45 | dt: 709.73ms | tok/sec: 92,338 | bf16_mfu: 0.00 | epoch: 1 pq: 2 rg: 93 | total time: 33.16m | eta: 12.7m
step 02760/03814 (72.36%) | loss: 2.991333 | lrm: 0.45 | dt: 714.55ms | tok/sec: 91,717 | bf16_mfu: 0.00 | epoch: 1 pq: 2 rg: 93 | total time: 33.17m | eta: 12.7m
step 02761/03814 (72.39%) | loss: 2.968189 | lrm: 0.45 | dt: 713.59ms | tok/sec: 91,839 | bf16_mfu: 0.00 | epoch: 1 pq: 2 rg: 94 | total time: 33.18m | eta: 12.7m
step 02762/03814 (72.42%) | loss: 2.964746 | lrm: 0.45 | dt: 715.71ms | tok/sec: 91,567 | bf16_mfu: 0.00 | epoch: 1 pq: 2 rg: 94 | total time: 33.19m | eta: 12.7m
step 02763/03814 (72.44%) | loss: 2.952027 | lrm: 0.45 | dt: 714.48ms | tok/sec: 91,724 | bf16_mfu: 0.00 | epoch: 1 pq: 2 rg: 94 | total time: 33.20m | eta: 12.7m
step 02764/03814 (72.47%) | loss: 2.974939 | lrm: 0.45 | dt: 714.44ms | tok/sec: 91,730 | bf16_mfu: 0.00 | epoch: 1 pq: 2 rg: 94 | total time: 33.22m | eta: 12.7m
step 02765/03814 (72.50%) | loss: 2.987116 | lrm: 0.45 | dt: 716.51ms | tok/sec: 91,464 | bf16_mfu: 0.00 | epoch: 1 pq: 2 rg: 94 | total time: 33.23m | eta: 12.7m
step 02766/03814 (72.52%) | loss: 2.976490 | lrm: 0.45 | dt: 716.56ms | tok/sec: 91,459 | bf16_mfu: 0.00 | epoch: 1 pq: 2 rg: 94 | total time: 33.24m | eta: 12.6m
step 02767/03814 (72.55%) | loss: 2.969902 | lrm: 0.45 | dt: 718.37ms | tok/sec: 91,228 | bf16_mfu: 0.00 | epoch: 1 pq: 2 rg: 94 | total time: 33.25m | eta: 12.6m
step 02768/03814 (72.57%) | loss: 2.972368 | lrm: 0.45 | dt: 711.46ms | tok/sec: 92,114 | bf16_mfu: 0.00 | epoch: 1 pq: 2 rg: 94 | total time: 33.26m | eta: 12.6m
step 02769/03814 (72.60%) | loss: 2.973776 | lrm: 0.45 | dt: 717.45ms | tok/sec: 91,346 | bf16_mfu: 0.00 | epoch: 1 pq: 2 rg: 94 | total time: 33.28m | eta: 12.6m
step 02770/03814 (72.63%) | loss: 2.974962 | lrm: 0.45 | dt: 713.57ms | tok/sec: 91,842 | bf16_mfu: 0.00 | epoch: 1 pq: 2 rg: 94 | total time: 33.29m | eta: 12.6m
step 02771/03814 (72.65%) | loss: 2.965329 | lrm: 0.45 | dt: 713.05ms | tok/sec: 91,909 | bf16_mfu: 0.00 | epoch: 1 pq: 2 rg: 94 | total time: 33.30m | eta: 12.6m
step 02772/03814 (72.68%) | loss: 2.963691 | lrm: 0.45 | dt: 769.23ms | tok/sec: 85,196 | bf16_mfu: 0.00 | epoch: 1 pq: 2 rg: 95 | total time: 33.31m | eta: 12.6m
step 02773/03814 (72.71%) | loss: 3.006030 | lrm: 0.45 | dt: 715.57ms | tok/sec: 91,585 | bf16_mfu: 0.00 | epoch: 1 pq: 2 rg: 95 | total time: 33.33m | eta: 12.6m
step 02774/03814 (72.73%) | loss: 3.017259 | lrm: 0.45 | dt: 713.10ms | tok/sec: 91,902 | bf16_mfu: 0.00 | epoch: 1 pq: 2 rg: 95 | total time: 33.34m | eta: 12.5m
step 02775/03814 (72.76%) | loss: 3.001767 | lrm: 0.45 | dt: 713.80ms | tok/sec: 91,812 | bf16_mfu: 0.00 | epoch: 1 pq: 2 rg: 95 | total time: 33.35m | eta: 12.5m
step 02776/03814 (72.78%) | loss: 2.994813 | lrm: 0.45 | dt: 711.31ms | tok/sec: 92,134 | bf16_mfu: 0.00 | epoch: 1 pq: 3 rg: 0 | total time: 33.36m | eta: 12.5m
step 02777/03814 (72.81%) | loss: 2.993849 | lrm: 0.45 | dt: 719.08ms | tok/sec: 91,138 | bf16_mfu: 0.00 | epoch: 1 pq: 3 rg: 0 | total time: 33.37m | eta: 12.5m
step 02778/03814 (72.84%) | loss: 2.976086 | lrm: 0.45 | dt: 713.91ms | tok/sec: 91,798 | bf16_mfu: 0.00 | epoch: 1 pq: 3 rg: 0 | total time: 33.38m | eta: 12.5m
step 02779/03814 (72.86%) | loss: 2.978832 | lrm: 0.45 | dt: 711.56ms | tok/sec: 92,102 | bf16_mfu: 0.00 | epoch: 1 pq: 3 rg: 0 | total time: 33.40m | eta: 12.5m
step 02780/03814 (72.89%) | loss: 2.995334 | lrm: 0.45 | dt: 708.35ms | tok/sec: 92,519 | bf16_mfu: 0.00 | epoch: 1 pq: 3 rg: 0 | total time: 33.41m | eta: 12.5m
step 02781/03814 (72.92%) | loss: 3.024702 | lrm: 0.45 | dt: 708.21ms | tok/sec: 92,537 | bf16_mfu: 0.00 | epoch: 1 pq: 3 rg: 0 | total time: 33.42m | eta: 12.5m
step 02782/03814 (72.94%) | loss: 3.015202 | lrm: 0.45 | dt: 710.66ms | tok/sec: 92,217 | bf16_mfu: 0.00 | epoch: 1 pq: 3 rg: 0 | total time: 33.43m | eta: 12.4m
step 02783/03814 (72.97%) | loss: 3.005870 | lrm: 0.45 | dt: 716.27ms | tok/sec: 91,496 | bf16_mfu: 0.00 | epoch: 1 pq: 3 rg: 0 | total time: 33.44m | eta: 12.4m
step 02784/03814 (72.99%) | loss: 3.013738 | lrm: 0.44 | dt: 712.52ms | tok/sec: 91,978 | bf16_mfu: 0.00 | epoch: 1 pq: 3 rg: 0 | total time: 33.46m | eta: 12.4m
step 02785/03814 (73.02%) | loss: 3.016588 | lrm: 0.44 | dt: 715.39ms | tok/sec: 91,608 | bf16_mfu: 0.00 | epoch: 1 pq: 3 rg: 0 | total time: 33.47m | eta: 12.4m
step 02786/03814 (73.05%) | loss: 3.000377 | lrm: 0.44 | dt: 717.65ms | tok/sec: 91,320 | bf16_mfu: 0.00 | epoch: 1 pq: 3 rg: 1 | total time: 33.48m | eta: 12.4m
step 02787/03814 (73.07%) | loss: 2.984506 | lrm: 0.44 | dt: 714.08ms | tok/sec: 91,776 | bf16_mfu: 0.00 | epoch: 1 pq: 3 rg: 1 | total time: 33.49m | eta: 12.4m
step 02788/03814 (73.10%) | loss: 2.979742 | lrm: 0.44 | dt: 721.87ms | tok/sec: 90,786 | bf16_mfu: 0.00 | epoch: 1 pq: 3 rg: 1 | total time: 33.50m | eta: 12.4m
step 02789/03814 (73.13%) | loss: 2.973469 | lrm: 0.44 | dt: 715.08ms | tok/sec: 91,648 | bf16_mfu: 0.00 | epoch: 1 pq: 3 rg: 1 | total time: 33.52m | eta: 12.4m
step 02790/03814 (73.15%) | loss: 2.944681 | lrm: 0.44 | dt: 723.72ms | tok/sec: 90,554 | bf16_mfu: 0.00 | epoch: 1 pq: 3 rg: 1 | total time: 33.53m | eta: 12.3m
step 02791/03814 (73.18%) | loss: 2.944115 | lrm: 0.44 | dt: 717.52ms | tok/sec: 91,336 | bf16_mfu: 0.00 | epoch: 1 pq: 3 rg: 1 | total time: 33.54m | eta: 12.3m
step 02792/03814 (73.20%) | loss: 2.943846 | lrm: 0.44 | dt: 718.38ms | tok/sec: 91,227 | bf16_mfu: 0.00 | epoch: 1 pq: 3 rg: 1 | total time: 33.55m | eta: 12.3m
step 02793/03814 (73.23%) | loss: 2.954182 | lrm: 0.44 | dt: 716.61ms | tok/sec: 91,453 | bf16_mfu: 0.00 | epoch: 1 pq: 3 rg: 1 | total time: 33.56m | eta: 12.3m
step 02794/03814 (73.26%) | loss: 2.959436 | lrm: 0.44 | dt: 721.17ms | tok/sec: 90,874 | bf16_mfu: 0.00 | epoch: 1 pq: 3 rg: 1 | total time: 33.58m | eta: 12.3m
step 02795/03814 (73.28%) | loss: 2.958907 | lrm: 0.44 | dt: 714.48ms | tok/sec: 91,725 | bf16_mfu: 0.00 | epoch: 1 pq: 3 rg: 1 | total time: 33.59m | eta: 12.3m
step 02796/03814 (73.31%) | loss: 2.949306 | lrm: 0.44 | dt: 714.67ms | tok/sec: 91,701 | bf16_mfu: 0.00 | epoch: 1 pq: 3 rg: 1 | total time: 33.60m | eta: 12.3m
step 02797/03814 (73.34%) | loss: 2.958854 | lrm: 0.44 | dt: 719.16ms | tok/sec: 91,129 | bf16_mfu: 0.00 | epoch: 1 pq: 3 rg: 2 | total time: 33.61m | eta: 12.3m
step 02798/03814 (73.36%) | loss: 2.945994 | lrm: 0.44 | dt: 720.02ms | tok/sec: 91,019 | bf16_mfu: 0.00 | epoch: 1 pq: 3 rg: 2 | total time: 33.62m | eta: 12.3m
step 02799/03814 (73.39%) | loss: 2.938692 | lrm: 0.44 | dt: 720.11ms | tok/sec: 91,008 | bf16_mfu: 0.00 | epoch: 1 pq: 3 rg: 2 | total time: 33.64m | eta: 12.2m
step 02800/03814 (73.41%) | loss: 2.935855 | lrm: 0.44 | dt: 725.21ms | tok/sec: 90,367 | bf16_mfu: 0.00 | epoch: 1 pq: 3 rg: 2 | total time: 33.65m | eta: 12.2m
step 02801/03814 (73.44%) | loss: 2.958523 | lrm: 0.44 | dt: 717.23ms | tok/sec: 91,373 | bf16_mfu: 0.00 | epoch: 1 pq: 3 rg: 2 | total time: 33.66m | eta: 12.2m
step 02802/03814 (73.47%) | loss: 2.964660 | lrm: 0.44 | dt: 720.78ms | tok/sec: 90,923 | bf16_mfu: 0.00 | epoch: 1 pq: 3 rg: 2 | total time: 33.67m | eta: 12.2m
step 02803/03814 (73.49%) | loss: 2.960435 | lrm: 0.44 | dt: 718.93ms | tok/sec: 91,157 | bf16_mfu: 0.00 | epoch: 1 pq: 3 rg: 2 | total time: 33.68m | eta: 12.2m
step 02804/03814 (73.52%) | loss: 2.954985 | lrm: 0.44 | dt: 718.27ms | tok/sec: 91,241 | bf16_mfu: 0.00 | epoch: 1 pq: 3 rg: 2 | total time: 33.70m | eta: 12.2m
step 02805/03814 (73.54%) | loss: 2.962296 | lrm: 0.44 | dt: 725.29ms | tok/sec: 90,358 | bf16_mfu: 0.00 | epoch: 1 pq: 3 rg: 2 | total time: 33.71m | eta: 12.2m
step 02806/03814 (73.57%) | loss: 2.968183 | lrm: 0.44 | dt: 721.12ms | tok/sec: 90,880 | bf16_mfu: 0.00 | epoch: 1 pq: 3 rg: 2 | total time: 33.72m | eta: 12.2m
step 02807/03814 (73.60%) | loss: 2.963845 | lrm: 0.44 | dt: 721.84ms | tok/sec: 90,789 | bf16_mfu: 0.00 | epoch: 1 pq: 3 rg: 3 | total time: 33.73m | eta: 12.1m
step 02808/03814 (73.62%) | loss: 2.963473 | lrm: 0.44 | dt: 722.49ms | tok/sec: 90,708 | bf16_mfu: 0.00 | epoch: 1 pq: 3 rg: 3 | total time: 33.74m | eta: 12.1m
step 02809/03814 (73.65%) | loss: 2.971193 | lrm: 0.44 | dt: 715.77ms | tok/sec: 91,559 | bf16_mfu: 0.00 | epoch: 1 pq: 3 rg: 3 | total time: 33.76m | eta: 12.1m
step 02810/03814 (73.68%) | loss: 2.964651 | lrm: 0.43 | dt: 720.80ms | tok/sec: 90,921 | bf16_mfu: 0.00 | epoch: 1 pq: 3 rg: 3 | total time: 33.77m | eta: 12.1m
step 02811/03814 (73.70%) | loss: 2.950806 | lrm: 0.43 | dt: 717.34ms | tok/sec: 91,360 | bf16_mfu: 0.00 | epoch: 1 pq: 3 rg: 3 | total time: 33.78m | eta: 12.1m
step 02812/03814 (73.73%) | loss: 2.940181 | lrm: 0.43 | dt: 723.34ms | tok/sec: 90,602 | bf16_mfu: 0.00 | epoch: 1 pq: 3 rg: 3 | total time: 33.79m | eta: 12.1m
step 02813/03814 (73.75%) | loss: 2.946221 | lrm: 0.43 | dt: 727.81ms | tok/sec: 90,044 | bf16_mfu: 0.00 | epoch: 1 pq: 3 rg: 3 | total time: 33.80m | eta: 12.1m
step 02814/03814 (73.78%) | loss: 2.952179 | lrm: 0.43 | dt: 730.41ms | tok/sec: 89,724 | bf16_mfu: 0.00 | epoch: 1 pq: 3 rg: 3 | total time: 33.82m | eta: 12.1m
step 02815/03814 (73.81%) | loss: 2.951373 | lrm: 0.43 | dt: 727.71ms | tok/sec: 90,058 | bf16_mfu: 0.00 | epoch: 1 pq: 3 rg: 3 | total time: 33.83m | eta: 12.0m
step 02816/03814 (73.83%) | loss: 2.944851 | lrm: 0.43 | dt: 724.46ms | tok/sec: 90,461 | bf16_mfu: 0.00 | epoch: 1 pq: 3 rg: 3 | total time: 33.84m | eta: 12.0m
step 02817/03814 (73.86%) | loss: 2.974931 | lrm: 0.43 | dt: 720.81ms | tok/sec: 90,920 | bf16_mfu: 0.00 | epoch: 1 pq: 3 rg: 3 | total time: 33.85m | eta: 12.0m
step 02818/03814 (73.89%) | loss: 2.957656 | lrm: 0.43 | dt: 759.58ms | tok/sec: 86,278 | bf16_mfu: 0.00 | epoch: 1 pq: 3 rg: 4 | total time: 33.86m | eta: 12.0m
step 02819/03814 (73.91%) | loss: 2.956963 | lrm: 0.43 | dt: 731.81ms | tok/sec: 89,552 | bf16_mfu: 0.00 | epoch: 1 pq: 3 rg: 4 | total time: 33.88m | eta: 12.0m
step 02820/03814 (73.94%) | loss: 2.957780 | lrm: 0.43 | dt: 723.44ms | tok/sec: 90,589 | bf16_mfu: 0.00 | epoch: 1 pq: 3 rg: 4 | total time: 33.89m | eta: 12.0m
step 02821/03814 (73.96%) | loss: 2.962530 | lrm: 0.43 | dt: 720.05ms | tok/sec: 91,015 | bf16_mfu: 0.00 | epoch: 1 pq: 3 rg: 4 | total time: 33.90m | eta: 12.0m
step 02822/03814 (73.99%) | loss: 2.973620 | lrm: 0.43 | dt: 726.47ms | tok/sec: 90,211 | bf16_mfu: 0.00 | epoch: 1 pq: 3 rg: 4 | total time: 33.91m | eta: 12.0m
step 02823/03814 (74.02%) | loss: 2.962338 | lrm: 0.43 | dt: 716.77ms | tok/sec: 91,432 | bf16_mfu: 0.00 | epoch: 1 pq: 3 rg: 4 | total time: 33.92m | eta: 12.0m
step 02824/03814 (74.04%) | loss: 2.952203 | lrm: 0.43 | dt: 726.23ms | tok/sec: 90,241 | bf16_mfu: 0.00 | epoch: 1 pq: 3 rg: 4 | total time: 33.94m | eta: 11.9m
step 02825/03814 (74.07%) | loss: 2.962368 | lrm: 0.43 | dt: 721.36ms | tok/sec: 90,850 | bf16_mfu: 0.00 | epoch: 1 pq: 3 rg: 4 | total time: 33.95m | eta: 11.9m
step 02826/03814 (74.10%) | loss: 2.953122 | lrm: 0.43 | dt: 721.48ms | tok/sec: 90,835 | bf16_mfu: 0.00 | epoch: 1 pq: 3 rg: 4 | total time: 33.96m | eta: 11.9m
step 02827/03814 (74.12%) | loss: 2.964143 | lrm: 0.43 | dt: 726.83ms | tok/sec: 90,166 | bf16_mfu: 0.00 | epoch: 1 pq: 3 rg: 4 | total time: 33.97m | eta: 11.9m
step 02828/03814 (74.15%) | loss: 2.970100 | lrm: 0.43 | dt: 725.94ms | tok/sec: 90,277 | bf16_mfu: 0.00 | epoch: 1 pq: 3 rg: 4 | total time: 33.99m | eta: 11.9m
step 02829/03814 (74.17%) | loss: 2.997141 | lrm: 0.43 | dt: 720.08ms | tok/sec: 91,012 | bf16_mfu: 0.00 | epoch: 1 pq: 3 rg: 5 | total time: 34.00m | eta: 11.9m
step 02830/03814 (74.20%) | loss: 2.990407 | lrm: 0.43 | dt: 871.00ms | tok/sec: 75,242 | bf16_mfu: 0.00 | epoch: 1 pq: 3 rg: 5 | total time: 34.01m | eta: 11.9m
step 02831/03814 (74.23%) | loss: 2.977452 | lrm: 0.43 | dt: 723.66ms | tok/sec: 90,561 | bf16_mfu: 0.00 | epoch: 1 pq: 3 rg: 5 | total time: 34.02m | eta: 11.9m
step 02832/03814 (74.25%) | loss: 2.972162 | lrm: 0.43 | dt: 721.43ms | tok/sec: 90,841 | bf16_mfu: 0.00 | epoch: 1 pq: 3 rg: 5 | total time: 34.04m | eta: 11.8m
step 02833/03814 (74.28%) | loss: 2.981592 | lrm: 0.43 | dt: 721.16ms | tok/sec: 90,875 | bf16_mfu: 0.00 | epoch: 1 pq: 3 rg: 5 | total time: 34.05m | eta: 11.8m
step 02834/03814 (74.31%) | loss: 2.966757 | lrm: 0.43 | dt: 719.78ms | tok/sec: 91,050 | bf16_mfu: 0.00 | epoch: 1 pq: 3 rg: 5 | total time: 34.06m | eta: 11.8m
step 02835/03814 (74.33%) | loss: 2.962121 | lrm: 0.43 | dt: 720.83ms | tok/sec: 90,917 | bf16_mfu: 0.00 | epoch: 1 pq: 3 rg: 5 | total time: 34.07m | eta: 11.8m
step 02836/03814 (74.36%) | loss: 2.945277 | lrm: 0.42 | dt: 724.44ms | tok/sec: 90,464 | bf16_mfu: 0.00 | epoch: 1 pq: 3 rg: 5 | total time: 34.08m | eta: 11.8m
step 02837/03814 (74.38%) | loss: 2.942890 | lrm: 0.42 | dt: 720.42ms | tok/sec: 90,968 | bf16_mfu: 0.00 | epoch: 1 pq: 3 rg: 5 | total time: 34.10m | eta: 11.8m
step 02838/03814 (74.41%) | loss: 2.958431 | lrm: 0.42 | dt: 723.08ms | tok/sec: 90,634 | bf16_mfu: 0.00 | epoch: 1 pq: 3 rg: 5 | total time: 34.11m | eta: 11.8m
step 02839/03814 (74.44%) | loss: 2.954886 | lrm: 0.42 | dt: 725.29ms | tok/sec: 90,357 | bf16_mfu: 0.00 | epoch: 1 pq: 3 rg: 6 | total time: 34.12m | eta: 11.8m
step 02840/03814 (74.46%) | loss: 2.962622 | lrm: 0.42 | dt: 720.36ms | tok/sec: 90,976 | bf16_mfu: 0.00 | epoch: 1 pq: 3 rg: 6 | total time: 34.13m | eta: 11.7m
step 02841/03814 (74.49%) | loss: 2.987960 | lrm: 0.42 | dt: 725.29ms | tok/sec: 90,358 | bf16_mfu: 0.00 | epoch: 1 pq: 3 rg: 6 | total time: 34.14m | eta: 11.7m
step 02842/03814 (74.51%) | loss: 2.997728 | lrm: 0.42 | dt: 725.12ms | tok/sec: 90,380 | bf16_mfu: 0.00 | epoch: 1 pq: 3 rg: 6 | total time: 34.16m | eta: 11.7m
step 02843/03814 (74.54%) | loss: 2.992263 | lrm: 0.42 | dt: 720.17ms | tok/sec: 91,000 | bf16_mfu: 0.00 | epoch: 1 pq: 3 rg: 6 | total time: 34.17m | eta: 11.7m
step 02844/03814 (74.57%) | loss: 2.973941 | lrm: 0.42 | dt: 721.57ms | tok/sec: 90,823 | bf16_mfu: 0.00 | epoch: 1 pq: 3 rg: 6 | total time: 34.18m | eta: 11.7m
step 02845/03814 (74.59%) | loss: 2.978089 | lrm: 0.42 | dt: 726.82ms | tok/sec: 90,168 | bf16_mfu: 0.00 | epoch: 1 pq: 3 rg: 6 | total time: 34.19m | eta: 11.7m
step 02846/03814 (74.62%) | loss: 3.004264 | lrm: 0.42 | dt: 719.69ms | tok/sec: 91,061 | bf16_mfu: 0.00 | epoch: 1 pq: 3 rg: 6 | total time: 34.20m | eta: 11.7m
step 02847/03814 (74.65%) | loss: 2.988860 | lrm: 0.42 | dt: 740.77ms | tok/sec: 88,470 | bf16_mfu: 0.00 | epoch: 1 pq: 3 rg: 6 | total time: 34.22m | eta: 11.7m
step 02848/03814 (74.67%) | loss: 2.970386 | lrm: 0.42 | dt: 729.52ms | tok/sec: 89,834 | bf16_mfu: 0.00 | epoch: 1 pq: 3 rg: 6 | total time: 34.23m | eta: 11.7m
step 02849/03814 (74.70%) | loss: 2.969506 | lrm: 0.42 | dt: 721.40ms | tok/sec: 90,845 | bf16_mfu: 0.00 | epoch: 1 pq: 3 rg: 6 | total time: 34.24m | eta: 11.6m
step 02850/03814 (74.72%) | loss: 2.966559 | lrm: 0.42 | dt: 720.83ms | tok/sec: 90,917 | bf16_mfu: 0.00 | epoch: 1 pq: 3 rg: 7 | total time: 34.25m | eta: 11.6m
step 02851/03814 (74.75%) | loss: 2.942736 | lrm: 0.42 | dt: 719.69ms | tok/sec: 91,060 | bf16_mfu: 0.00 | epoch: 1 pq: 3 rg: 7 | total time: 34.26m | eta: 11.6m
step 02852/03814 (74.78%) | loss: 2.929740 | lrm: 0.42 | dt: 719.57ms | tok/sec: 91,076 | bf16_mfu: 0.00 | epoch: 1 pq: 3 rg: 7 | total time: 34.28m | eta: 11.6m
step 02853/03814 (74.80%) | loss: 2.926416 | lrm: 0.42 | dt: 723.63ms | tok/sec: 90,565 | bf16_mfu: 0.00 | epoch: 1 pq: 3 rg: 7 | total time: 34.29m | eta: 11.6m
step 02854/03814 (74.83%) | loss: 2.948249 | lrm: 0.42 | dt: 761.30ms | tok/sec: 86,084 | bf16_mfu: 0.00 | epoch: 1 pq: 3 rg: 7 | total time: 34.30m | eta: 11.6m
step 02855/03814 (74.86%) | loss: 2.940128 | lrm: 0.42 | dt: 722.25ms | tok/sec: 90,738 | bf16_mfu: 0.00 | epoch: 1 pq: 3 rg: 7 | total time: 34.31m | eta: 11.6m
step 02856/03814 (74.88%) | loss: 2.928605 | lrm: 0.42 | dt: 723.35ms | tok/sec: 90,600 | bf16_mfu: 0.00 | epoch: 1 pq: 3 rg: 7 | total time: 34.33m | eta: 11.6m
step 02857/03814 (74.91%) | loss: 2.937855 | lrm: 0.42 | dt: 722.83ms | tok/sec: 90,666 | bf16_mfu: 0.00 | epoch: 1 pq: 3 rg: 7 | total time: 34.34m | eta: 11.5m
step 02858/03814 (74.93%) | loss: 2.945990 | lrm: 0.42 | dt: 718.84ms | tok/sec: 91,169 | bf16_mfu: 0.00 | epoch: 1 pq: 3 rg: 7 | total time: 34.35m | eta: 11.5m
step 02859/03814 (74.96%) | loss: 2.943742 | lrm: 0.42 | dt: 721.05ms | tok/sec: 90,890 | bf16_mfu: 0.00 | epoch: 1 pq: 3 rg: 7 | total time: 34.36m | eta: 11.5m
step 02860/03814 (74.99%) | loss: 2.928677 | lrm: 0.42 | dt: 722.28ms | tok/sec: 90,734 | bf16_mfu: 0.00 | epoch: 1 pq: 3 rg: 7 | total time: 34.37m | eta: 11.5m
step 02861/03814 (75.01%) | loss: 2.931308 | lrm: 0.42 | dt: 718.90ms | tok/sec: 91,160 | bf16_mfu: 0.00 | epoch: 1 pq: 3 rg: 8 | total time: 34.39m | eta: 11.5m
step 02862/03814 (75.04%) | loss: 2.940658 | lrm: 0.41 | dt: 911.64ms | tok/sec: 71,887 | bf16_mfu: 0.00 | epoch: 1 pq: 3 rg: 8 | total time: 34.40m | eta: 11.5m
step 02863/03814 (75.07%) | loss: 2.928596 | lrm: 0.41 | dt: 728.01ms | tok/sec: 90,021 | bf16_mfu: 0.00 | epoch: 1 pq: 3 rg: 8 | total time: 34.41m | eta: 11.5m
step 02864/03814 (75.09%) | loss: 2.914182 | lrm: 0.41 | dt: 718.02ms | tok/sec: 91,272 | bf16_mfu: 0.00 | epoch: 1 pq: 3 rg: 8 | total time: 34.43m | eta: 11.5m
step 02865/03814 (75.12%) | loss: 2.917616 | lrm: 0.41 | dt: 719.33ms | tok/sec: 91,106 | bf16_mfu: 0.00 | epoch: 1 pq: 3 rg: 8 | total time: 34.44m | eta: 11.4m
step 02866/03814 (75.14%) | loss: 2.935202 | lrm: 0.41 | dt: 725.42ms | tok/sec: 90,342 | bf16_mfu: 0.00 | epoch: 1 pq: 3 rg: 8 | total time: 34.45m | eta: 11.4m
step 02867/03814 (75.17%) | loss: 2.931187 | lrm: 0.41 | dt: 718.75ms | tok/sec: 91,180 | bf16_mfu: 0.00 | epoch: 1 pq: 3 rg: 8 | total time: 34.46m | eta: 11.4m
step 02868/03814 (75.20%) | loss: 2.923327 | lrm: 0.41 | dt: 727.37ms | tok/sec: 90,100 | bf16_mfu: 0.00 | epoch: 1 pq: 3 rg: 8 | total time: 34.47m | eta: 11.4m
step 02869/03814 (75.22%) | loss: 2.915164 | lrm: 0.41 | dt: 721.48ms | tok/sec: 90,835 | bf16_mfu: 0.00 | epoch: 1 pq: 3 rg: 8 | total time: 34.49m | eta: 11.4m
step 02870/03814 (75.25%) | loss: 2.930458 | lrm: 0.41 | dt: 716.60ms | tok/sec: 91,453 | bf16_mfu: 0.00 | epoch: 1 pq: 3 rg: 8 | total time: 34.50m | eta: 11.4m
step 02871/03814 (75.28%) | loss: 2.949661 | lrm: 0.41 | dt: 718.75ms | tok/sec: 91,180 | bf16_mfu: 0.00 | epoch: 1 pq: 3 rg: 9 | total time: 34.51m | eta: 11.4m
step 02872/03814 (75.30%) | loss: 2.938816 | lrm: 0.41 | dt: 717.84ms | tok/sec: 91,296 | bf16_mfu: 0.00 | epoch: 1 pq: 3 rg: 9 | total time: 34.52m | eta: 11.4m
step 02873/03814 (75.33%) | loss: 2.933798 | lrm: 0.41 | dt: 720.90ms | tok/sec: 90,908 | bf16_mfu: 0.00 | epoch: 1 pq: 3 rg: 9 | total time: 34.53m | eta: 11.4m
step 02874/03814 (75.35%) | loss: 2.940341 | lrm: 0.41 | dt: 719.65ms | tok/sec: 91,066 | bf16_mfu: 0.00 | epoch: 1 pq: 3 rg: 9 | total time: 34.55m | eta: 11.3m
step 02875/03814 (75.38%) | loss: 2.929255 | lrm: 0.41 | dt: 719.78ms | tok/sec: 91,050 | bf16_mfu: 0.00 | epoch: 1 pq: 3 rg: 9 | total time: 34.56m | eta: 11.3m
step 02876/03814 (75.41%) | loss: 2.909838 | lrm: 0.41 | dt: 725.92ms | tok/sec: 90,279 | bf16_mfu: 0.00 | epoch: 1 pq: 3 rg: 9 | total time: 34.57m | eta: 11.3m
step 02877/03814 (75.43%) | loss: 2.911417 | lrm: 0.41 | dt: 719.08ms | tok/sec: 91,138 | bf16_mfu: 0.00 | epoch: 1 pq: 3 rg: 9 | total time: 34.58m | eta: 11.3m
step 02878/03814 (75.46%) | loss: 2.910025 | lrm: 0.41 | dt: 719.20ms | tok/sec: 91,123 | bf16_mfu: 0.00 | epoch: 1 pq: 3 rg: 9 | total time: 34.59m | eta: 11.3m
step 02879/03814 (75.49%) | loss: 2.912026 | lrm: 0.41 | dt: 715.48ms | tok/sec: 91,597 | bf16_mfu: 0.00 | epoch: 1 pq: 3 rg: 9 | total time: 34.61m | eta: 11.3m
step 02880/03814 (75.51%) | loss: 2.905907 | lrm: 0.41 | dt: 722.73ms | tok/sec: 90,678 | bf16_mfu: 0.00 | epoch: 1 pq: 3 rg: 9 | total time: 34.62m | eta: 11.3m
step 02881/03814 (75.54%) | loss: 2.892203 | lrm: 0.41 | dt: 720.34ms | tok/sec: 90,978 | bf16_mfu: 0.00 | epoch: 1 pq: 3 rg: 9 | total time: 34.63m | eta: 11.3m
step 02882/03814 (75.56%) | loss: 2.914032 | lrm: 0.41 | dt: 718.94ms | tok/sec: 91,156 | bf16_mfu: 0.00 | epoch: 1 pq: 3 rg: 10 | total time: 34.64m | eta: 11.2m
step 02883/03814 (75.59%) | loss: 2.917916 | lrm: 0.41 | dt: 723.32ms | tok/sec: 90,604 | bf16_mfu: 0.00 | epoch: 1 pq: 3 rg: 10 | total time: 34.65m | eta: 11.2m
step 02884/03814 (75.62%) | loss: 2.919799 | lrm: 0.41 | dt: 717.95ms | tok/sec: 91,281 | bf16_mfu: 0.00 | epoch: 1 pq: 3 rg: 10 | total time: 34.67m | eta: 11.2m
step 02885/03814 (75.64%) | loss: 2.926112 | lrm: 0.41 | dt: 722.19ms | tok/sec: 90,745 | bf16_mfu: 0.00 | epoch: 1 pq: 3 rg: 10 | total time: 34.68m | eta: 11.2m
step 02886/03814 (75.67%) | loss: 2.956549 | lrm: 0.41 | dt: 715.33ms | tok/sec: 91,617 | bf16_mfu: 0.00 | epoch: 1 pq: 3 rg: 10 | total time: 34.69m | eta: 11.2m
step 02887/03814 (75.69%) | loss: 2.967832 | lrm: 0.41 | dt: 721.17ms | tok/sec: 90,874 | bf16_mfu: 0.00 | epoch: 1 pq: 3 rg: 10 | total time: 34.70m | eta: 11.2m
step 02888/03814 (75.72%) | loss: 2.970355 | lrm: 0.40 | dt: 729.78ms | tok/sec: 89,801 | bf16_mfu: 0.00 | epoch: 1 pq: 3 rg: 10 | total time: 34.71m | eta: 11.2m
step 02889/03814 (75.75%) | loss: 2.950839 | lrm: 0.40 | dt: 716.89ms | tok/sec: 91,417 | bf16_mfu: 0.00 | epoch: 1 pq: 3 rg: 10 | total time: 34.73m | eta: 11.2m
step 02890/03814 (75.77%) | loss: 2.967219 | lrm: 0.40 | dt: 722.81ms | tok/sec: 90,668 | bf16_mfu: 0.00 | epoch: 1 pq: 3 rg: 10 | total time: 34.74m | eta: 11.1m
step 02891/03814 (75.80%) | loss: 2.965482 | lrm: 0.40 | dt: 722.13ms | tok/sec: 90,754 | bf16_mfu: 0.00 | epoch: 1 pq: 3 rg: 10 | total time: 34.75m | eta: 11.1m
step 02892/03814 (75.83%) | loss: 2.966496 | lrm: 0.40 | dt: 716.42ms | tok/sec: 91,476 | bf16_mfu: 0.00 | epoch: 1 pq: 3 rg: 11 | total time: 34.76m | eta: 11.1m
step 02893/03814 (75.85%) | loss: 2.950743 | lrm: 0.40 | dt: 717.49ms | tok/sec: 91,340 | bf16_mfu: 0.00 | epoch: 1 pq: 3 rg: 11 | total time: 34.77m | eta: 11.1m
step 02894/03814 (75.88%) | loss: 2.953519 | lrm: 0.40 | dt: 719.34ms | tok/sec: 91,105 | bf16_mfu: 0.00 | epoch: 1 pq: 3 rg: 11 | total time: 34.79m | eta: 11.1m
step 02895/03814 (75.90%) | loss: 2.964421 | lrm: 0.40 | dt: 718.85ms | tok/sec: 91,167 | bf16_mfu: 0.00 | epoch: 1 pq: 3 rg: 11 | total time: 34.80m | eta: 11.1m
step 02896/03814 (75.93%) | loss: 2.948179 | lrm: 0.40 | dt: 718.15ms | tok/sec: 91,256 | bf16_mfu: 0.00 | epoch: 1 pq: 3 rg: 11 | total time: 34.81m | eta: 11.1m
step 02897/03814 (75.96%) | loss: 2.940005 | lrm: 0.40 | dt: 717.03ms | tok/sec: 91,399 | bf16_mfu: 0.00 | epoch: 1 pq: 3 rg: 11 | total time: 34.82m | eta: 11.1m
step 02898/03814 (75.98%) | loss: 2.924683 | lrm: 0.40 | dt: 711.06ms | tok/sec: 92,166 | bf16_mfu: 0.00 | epoch: 1 pq: 3 rg: 11 | total time: 34.83m | eta: 11.0m
step 02899/03814 (76.01%) | loss: 2.943959 | lrm: 0.40 | dt: 716.61ms | tok/sec: 91,452 | bf16_mfu: 0.00 | epoch: 1 pq: 3 rg: 11 | total time: 34.85m | eta: 11.0m
step 02900/03814 (76.04%) | loss: 2.969039 | lrm: 0.40 | dt: 719.81ms | tok/sec: 91,046 | bf16_mfu: 0.00 | epoch: 1 pq: 3 rg: 11 | total time: 34.86m | eta: 11.0m
step 02901/03814 (76.06%) | loss: 2.965901 | lrm: 0.40 | dt: 720.54ms | tok/sec: 90,954 | bf16_mfu: 0.00 | epoch: 1 pq: 3 rg: 11 | total time: 34.87m | eta: 11.0m
step 02902/03814 (76.09%) | loss: 2.960527 | lrm: 0.40 | dt: 723.16ms | tok/sec: 90,624 | bf16_mfu: 0.00 | epoch: 1 pq: 3 rg: 11 | total time: 34.88m | eta: 11.0m
step 02903/03814 (76.11%) | loss: 2.967989 | lrm: 0.40 | dt: 712.42ms | tok/sec: 91,990 | bf16_mfu: 0.00 | epoch: 1 pq: 3 rg: 12 | total time: 34.89m | eta: 11.0m
step 02904/03814 (76.14%) | loss: 2.965013 | lrm: 0.40 | dt: 716.22ms | tok/sec: 91,501 | bf16_mfu: 0.00 | epoch: 1 pq: 3 rg: 12 | total time: 34.90m | eta: 11.0m
step 02905/03814 (76.17%) | loss: 2.970016 | lrm: 0.40 | dt: 718.66ms | tok/sec: 91,192 | bf16_mfu: 0.00 | epoch: 1 pq: 3 rg: 12 | total time: 34.92m | eta: 11.0m
step 02906/03814 (76.19%) | loss: 2.951819 | lrm: 0.40 | dt: 718.35ms | tok/sec: 91,230 | bf16_mfu: 0.00 | epoch: 1 pq: 3 rg: 12 | total time: 34.93m | eta: 11.0m
step 02907/03814 (76.22%) | loss: 2.957286 | lrm: 0.40 | dt: 718.61ms | tok/sec: 91,198 | bf16_mfu: 0.00 | epoch: 1 pq: 3 rg: 12 | total time: 34.94m | eta: 10.9m
step 02908/03814 (76.25%) | loss: 2.933574 | lrm: 0.40 | dt: 719.64ms | tok/sec: 91,067 | bf16_mfu: 0.00 | epoch: 1 pq: 3 rg: 12 | total time: 34.95m | eta: 10.9m
step 02909/03814 (76.27%) | loss: 2.915242 | lrm: 0.40 | dt: 719.67ms | tok/sec: 91,064 | bf16_mfu: 0.00 | epoch: 1 pq: 3 rg: 12 | total time: 34.96m | eta: 10.9m
step 02910/03814 (76.30%) | loss: 2.905465 | lrm: 0.40 | dt: 716.73ms | tok/sec: 91,437 | bf16_mfu: 0.00 | epoch: 1 pq: 3 rg: 12 | total time: 34.98m | eta: 10.9m
step 02911/03814 (76.32%) | loss: 2.903855 | lrm: 0.40 | dt: 719.76ms | tok/sec: 91,052 | bf16_mfu: 0.00 | epoch: 1 pq: 3 rg: 12 | total time: 34.99m | eta: 10.9m
step 02912/03814 (76.35%) | loss: 2.909341 | lrm: 0.40 | dt: 718.02ms | tok/sec: 91,272 | bf16_mfu: 0.00 | epoch: 1 pq: 3 rg: 12 | total time: 35.00m | eta: 10.9m
step 02913/03814 (76.38%) | loss: 2.899974 | lrm: 0.40 | dt: 718.92ms | tok/sec: 91,158 | bf16_mfu: 0.00 | epoch: 1 pq: 3 rg: 13 | total time: 35.01m | eta: 10.9m
step 02914/03814 (76.40%) | loss: 2.902424 | lrm: 0.39 | dt: 714.04ms | tok/sec: 91,782 | bf16_mfu: 0.00 | epoch: 1 pq: 3 rg: 13 | total time: 35.02m | eta: 10.9m
step 02915/03814 (76.43%) | loss: 2.907888 | lrm: 0.39 | dt: 719.52ms | tok/sec: 91,083 | bf16_mfu: 0.00 | epoch: 1 pq: 3 rg: 13 | total time: 35.04m | eta: 10.8m
step 02916/03814 (76.46%) | loss: 2.894651 | lrm: 0.39 | dt: 714.13ms | tok/sec: 91,770 | bf16_mfu: 0.00 | epoch: 1 pq: 3 rg: 13 | total time: 35.05m | eta: 10.8m
step 02917/03814 (76.48%) | loss: 2.903974 | lrm: 0.39 | dt: 722.71ms | tok/sec: 90,680 | bf16_mfu: 0.00 | epoch: 1 pq: 3 rg: 13 | total time: 35.06m | eta: 10.8m
step 02918/03814 (76.51%) | loss: 2.906918 | lrm: 0.39 | dt: 716.02ms | tok/sec: 91,527 | bf16_mfu: 0.00 | epoch: 1 pq: 3 rg: 13 | total time: 35.07m | eta: 10.8m
step 02919/03814 (76.53%) | loss: 2.912529 | lrm: 0.39 | dt: 716.08ms | tok/sec: 91,520 | bf16_mfu: 0.00 | epoch: 1 pq: 3 rg: 13 | total time: 35.08m | eta: 10.8m
step 02920/03814 (76.56%) | loss: 2.921057 | lrm: 0.39 | dt: 715.20ms | tok/sec: 91,632 | bf16_mfu: 0.00 | epoch: 1 pq: 3 rg: 13 | total time: 35.10m | eta: 10.8m
step 02921/03814 (76.59%) | loss: 2.936181 | lrm: 0.39 | dt: 715.66ms | tok/sec: 91,573 | bf16_mfu: 0.00 | epoch: 1 pq: 3 rg: 13 | total time: 35.11m | eta: 10.8m
step 02922/03814 (76.61%) | loss: 2.937879 | lrm: 0.39 | dt: 715.09ms | tok/sec: 91,646 | bf16_mfu: 0.00 | epoch: 1 pq: 3 rg: 13 | total time: 35.12m | eta: 10.8m
step 02923/03814 (76.64%) | loss: 2.931849 | lrm: 0.39 | dt: 712.69ms | tok/sec: 91,955 | bf16_mfu: 0.00 | epoch: 1 pq: 3 rg: 13 | total time: 35.13m | eta: 10.7m
step 02924/03814 (76.66%) | loss: 2.954960 | lrm: 0.39 | dt: 721.30ms | tok/sec: 90,857 | bf16_mfu: 0.00 | epoch: 1 pq: 3 rg: 14 | total time: 35.14m | eta: 10.7m
step 02925/03814 (76.69%) | loss: 2.946648 | lrm: 0.39 | dt: 714.36ms | tok/sec: 91,740 | bf16_mfu: 0.00 | epoch: 1 pq: 3 rg: 14 | total time: 35.16m | eta: 10.7m
step 02926/03814 (76.72%) | loss: 2.938745 | lrm: 0.39 | dt: 710.77ms | tok/sec: 92,204 | bf16_mfu: 0.00 | epoch: 1 pq: 3 rg: 14 | total time: 35.17m | eta: 10.7m
step 02927/03814 (76.74%) | loss: 2.940703 | lrm: 0.39 | dt: 720.31ms | tok/sec: 90,983 | bf16_mfu: 0.00 | epoch: 1 pq: 3 rg: 14 | total time: 35.18m | eta: 10.7m
step 02928/03814 (76.77%) | loss: 2.946724 | lrm: 0.39 | dt: 716.70ms | tok/sec: 91,441 | bf16_mfu: 0.00 | epoch: 1 pq: 3 rg: 14 | total time: 35.19m | eta: 10.7m
step 02929/03814 (76.80%) | loss: 2.942019 | lrm: 0.39 | dt: 713.64ms | tok/sec: 91,833 | bf16_mfu: 0.00 | epoch: 1 pq: 3 rg: 14 | total time: 35.20m | eta: 10.7m
step 02930/03814 (76.82%) | loss: 2.922930 | lrm: 0.39 | dt: 718.58ms | tok/sec: 91,201 | bf16_mfu: 0.00 | epoch: 1 pq: 3 rg: 14 | total time: 35.22m | eta: 10.7m
step 02931/03814 (76.85%) | loss: 2.921382 | lrm: 0.39 | dt: 711.21ms | tok/sec: 92,147 | bf16_mfu: 0.00 | epoch: 1 pq: 3 rg: 14 | total time: 35.23m | eta: 10.6m
step 02932/03814 (76.87%) | loss: 2.912523 | lrm: 0.39 | dt: 721.39ms | tok/sec: 90,846 | bf16_mfu: 0.00 | epoch: 1 pq: 3 rg: 14 | total time: 35.24m | eta: 10.6m
step 02933/03814 (76.90%) | loss: 2.899963 | lrm: 0.39 | dt: 714.43ms | tok/sec: 91,731 | bf16_mfu: 0.00 | epoch: 1 pq: 3 rg: 14 | total time: 35.25m | eta: 10.6m
step 02934/03814 (76.93%) | loss: 2.891069 | lrm: 0.39 | dt: 718.57ms | tok/sec: 91,203 | bf16_mfu: 0.00 | epoch: 1 pq: 3 rg: 14 | total time: 35.26m | eta: 10.6m
step 02935/03814 (76.95%) | loss: 2.897733 | lrm: 0.39 | dt: 713.56ms | tok/sec: 91,843 | bf16_mfu: 0.00 | epoch: 1 pq: 3 rg: 15 | total time: 35.28m | eta: 10.6m
step 02936/03814 (76.98%) | loss: 2.910363 | lrm: 0.39 | dt: 714.87ms | tok/sec: 91,675 | bf16_mfu: 0.00 | epoch: 1 pq: 3 rg: 15 | total time: 35.29m | eta: 10.6m
step 02937/03814 (77.01%) | loss: 2.916635 | lrm: 0.39 | dt: 712.18ms | tok/sec: 92,022 | bf16_mfu: 0.00 | epoch: 1 pq: 3 rg: 15 | total time: 35.30m | eta: 10.6m
step 02938/03814 (77.03%) | loss: 2.905019 | lrm: 0.39 | dt: 719.10ms | tok/sec: 91,136 | bf16_mfu: 0.00 | epoch: 1 pq: 3 rg: 15 | total time: 35.31m | eta: 10.6m
step 02939/03814 (77.06%) | loss: 2.894714 | lrm: 0.39 | dt: 713.41ms | tok/sec: 91,862 | bf16_mfu: 0.00 | epoch: 1 pq: 3 rg: 15 | total time: 35.32m | eta: 10.6m
step 02940/03814 (77.08%) | loss: 2.899617 | lrm: 0.38 | dt: 714.58ms | tok/sec: 91,712 | bf16_mfu: 0.00 | epoch: 1 pq: 3 rg: 15 | total time: 35.33m | eta: 10.5m
step 02941/03814 (77.11%) | loss: 2.897413 | lrm: 0.38 | dt: 715.18ms | tok/sec: 91,635 | bf16_mfu: 0.00 | epoch: 1 pq: 3 rg: 15 | total time: 35.35m | eta: 10.5m
step 02942/03814 (77.14%) | loss: 2.889885 | lrm: 0.38 | dt: 716.80ms | tok/sec: 91,428 | bf16_mfu: 0.00 | epoch: 1 pq: 3 rg: 15 | total time: 35.36m | eta: 10.5m
step 02943/03814 (77.16%) | loss: 2.880388 | lrm: 0.38 | dt: 717.03ms | tok/sec: 91,399 | bf16_mfu: 0.00 | epoch: 1 pq: 3 rg: 15 | total time: 35.37m | eta: 10.5m
step 02944/03814 (77.19%) | loss: 2.894966 | lrm: 0.38 | dt: 715.59ms | tok/sec: 91,583 | bf16_mfu: 0.00 | epoch: 1 pq: 3 rg: 15 | total time: 35.38m | eta: 10.5m
step 02945/03814 (77.22%) | loss: 2.890751 | lrm: 0.38 | dt: 714.16ms | tok/sec: 91,766 | bf16_mfu: 0.00 | epoch: 1 pq: 3 rg: 16 | total time: 35.39m | eta: 10.5m
step 02946/03814 (77.24%) | loss: 2.881901 | lrm: 0.38 | dt: 716.98ms | tok/sec: 91,405 | bf16_mfu: 0.00 | epoch: 1 pq: 3 rg: 16 | total time: 35.41m | eta: 10.5m
step 02947/03814 (77.27%) | loss: 2.895487 | lrm: 0.38 | dt: 715.30ms | tok/sec: 91,620 | bf16_mfu: 0.00 | epoch: 1 pq: 3 rg: 16 | total time: 35.42m | eta: 10.5m
step 02948/03814 (77.29%) | loss: 2.902549 | lrm: 0.38 | dt: 718.05ms | tok/sec: 91,270 | bf16_mfu: 0.00 | epoch: 1 pq: 3 rg: 16 | total time: 35.43m | eta: 10.4m
step 02949/03814 (77.32%) | loss: 2.897152 | lrm: 0.38 | dt: 715.62ms | tok/sec: 91,579 | bf16_mfu: 0.00 | epoch: 1 pq: 3 rg: 16 | total time: 35.44m | eta: 10.4m
step 02950/03814 (77.35%) | loss: 2.904503 | lrm: 0.38 | dt: 716.42ms | tok/sec: 91,477 | bf16_mfu: 0.00 | epoch: 1 pq: 3 rg: 16 | total time: 35.45m | eta: 10.4m
step 02951/03814 (77.37%) | loss: 2.914720 | lrm: 0.38 | dt: 715.73ms | tok/sec: 91,565 | bf16_mfu: 0.00 | epoch: 1 pq: 3 rg: 16 | total time: 35.47m | eta: 10.4m
step 02952/03814 (77.40%) | loss: 2.924781 | lrm: 0.38 | dt: 717.80ms | tok/sec: 91,301 | bf16_mfu: 0.00 | epoch: 1 pq: 3 rg: 16 | total time: 35.48m | eta: 10.4m
step 02953/03814 (77.43%) | loss: 2.940359 | lrm: 0.38 | dt: 713.41ms | tok/sec: 91,863 | bf16_mfu: 0.00 | epoch: 1 pq: 3 rg: 16 | total time: 35.49m | eta: 10.4m
step 02954/03814 (77.45%) | loss: 2.921677 | lrm: 0.38 | dt: 715.47ms | tok/sec: 91,598 | bf16_mfu: 0.00 | epoch: 1 pq: 3 rg: 16 | total time: 35.50m | eta: 10.4m
step 02955/03814 (77.48%) | loss: 2.913424 | lrm: 0.38 | dt: 718.50ms | tok/sec: 91,212 | bf16_mfu: 0.00 | epoch: 1 pq: 3 rg: 16 | total time: 35.51m | eta: 10.4m
step 02956/03814 (77.50%) | loss: 2.917368 | lrm: 0.38 | dt: 717.37ms | tok/sec: 91,355 | bf16_mfu: 0.00 | epoch: 1 pq: 3 rg: 17 | total time: 35.53m | eta: 10.3m
step 02957/03814 (77.53%) | loss: 2.922639 | lrm: 0.38 | dt: 718.13ms | tok/sec: 91,258 | bf16_mfu: 0.00 | epoch: 1 pq: 3 rg: 17 | total time: 35.54m | eta: 10.3m
step 02958/03814 (77.56%) | loss: 2.914412 | lrm: 0.38 | dt: 713.60ms | tok/sec: 91,839 | bf16_mfu: 0.00 | epoch: 1 pq: 3 rg: 17 | total time: 35.55m | eta: 10.3m
step 02959/03814 (77.58%) | loss: 2.921690 | lrm: 0.38 | dt: 715.12ms | tok/sec: 91,643 | bf16_mfu: 0.00 | epoch: 1 pq: 3 rg: 17 | total time: 35.56m | eta: 10.3m
step 02960/03814 (77.61%) | loss: 2.916351 | lrm: 0.38 | dt: 718.86ms | tok/sec: 91,166 | bf16_mfu: 0.00 | epoch: 1 pq: 3 rg: 17 | total time: 35.57m | eta: 10.3m
step 02961/03814 (77.64%) | loss: 2.906528 | lrm: 0.38 | dt: 717.30ms | tok/sec: 91,364 | bf16_mfu: 0.00 | epoch: 1 pq: 3 rg: 17 | total time: 35.59m | eta: 10.3m
step 02962/03814 (77.66%) | loss: 2.897753 | lrm: 0.38 | dt: 712.20ms | tok/sec: 92,018 | bf16_mfu: 0.00 | epoch: 1 pq: 3 rg: 17 | total time: 35.60m | eta: 10.3m
step 02963/03814 (77.69%) | loss: 2.914036 | lrm: 0.38 | dt: 718.68ms | tok/sec: 91,189 | bf16_mfu: 0.00 | epoch: 1 pq: 3 rg: 17 | total time: 35.61m | eta: 10.3m
step 02964/03814 (77.71%) | loss: 2.951311 | lrm: 0.38 | dt: 716.31ms | tok/sec: 91,491 | bf16_mfu: 0.00 | epoch: 1 pq: 3 rg: 17 | total time: 35.62m | eta: 10.2m
step 02965/03814 (77.74%) | loss: 2.942752 | lrm: 0.38 | dt: 716.74ms | tok/sec: 91,436 | bf16_mfu: 0.00 | epoch: 1 pq: 3 rg: 17 | total time: 35.63m | eta: 10.2m
step 02966/03814 (77.77%) | loss: 2.936366 | lrm: 0.37 | dt: 722.22ms | tok/sec: 90,741 | bf16_mfu: 0.00 | epoch: 1 pq: 3 rg: 18 | total time: 35.65m | eta: 10.2m
step 02967/03814 (77.79%) | loss: 2.931469 | lrm: 0.37 | dt: 715.80ms | tok/sec: 91,555 | bf16_mfu: 0.00 | epoch: 1 pq: 3 rg: 18 | total time: 35.66m | eta: 10.2m
step 02968/03814 (77.82%) | loss: 2.948930 | lrm: 0.37 | dt: 721.39ms | tok/sec: 90,846 | bf16_mfu: 0.00 | epoch: 1 pq: 3 rg: 18 | total time: 35.67m | eta: 10.2m
step 02969/03814 (77.84%) | loss: 2.972039 | lrm: 0.37 | dt: 717.39ms | tok/sec: 91,353 | bf16_mfu: 0.00 | epoch: 1 pq: 3 rg: 18 | total time: 35.68m | eta: 10.2m
step 02970/03814 (77.87%) | loss: 2.980041 | lrm: 0.37 | dt: 718.39ms | tok/sec: 91,225 | bf16_mfu: 0.00 | epoch: 1 pq: 3 rg: 18 | total time: 35.69m | eta: 10.2m
step 02971/03814 (77.90%) | loss: 2.961240 | lrm: 0.37 | dt: 718.29ms | tok/sec: 91,238 | bf16_mfu: 0.00 | epoch: 1 pq: 3 rg: 18 | total time: 35.71m | eta: 10.2m
step 02972/03814 (77.92%) | loss: 2.946634 | lrm: 0.37 | dt: 719.02ms | tok/sec: 91,145 | bf16_mfu: 0.00 | epoch: 1 pq: 3 rg: 18 | total time: 35.72m | eta: 10.2m
step 02973/03814 (77.95%) | loss: 2.944414 | lrm: 0.37 | dt: 718.08ms | tok/sec: 91,265 | bf16_mfu: 0.00 | epoch: 1 pq: 3 rg: 18 | total time: 35.73m | eta: 10.1m
step 02974/03814 (77.98%) | loss: 2.936072 | lrm: 0.37 | dt: 844.05ms | tok/sec: 77,644 | bf16_mfu: 0.00 | epoch: 1 pq: 3 rg: 18 | total time: 35.74m | eta: 10.1m
step 02975/03814 (78.00%) | loss: 2.926910 | lrm: 0.37 | dt: 725.16ms | tok/sec: 90,374 | bf16_mfu: 0.00 | epoch: 1 pq: 3 rg: 18 | total time: 35.76m | eta: 10.1m
step 02976/03814 (78.03%) | loss: 2.927641 | lrm: 0.37 | dt: 717.81ms | tok/sec: 91,299 | bf16_mfu: 0.00 | epoch: 1 pq: 3 rg: 18 | total time: 35.77m | eta: 10.1m
step 02977/03814 (78.05%) | loss: 2.935642 | lrm: 0.37 | dt: 714.43ms | tok/sec: 91,731 | bf16_mfu: 0.00 | epoch: 1 pq: 3 rg: 19 | total time: 35.78m | eta: 10.1m
step 02978/03814 (78.08%) | loss: 2.930720 | lrm: 0.37 | dt: 713.02ms | tok/sec: 91,913 | bf16_mfu: 0.00 | epoch: 1 pq: 3 rg: 19 | total time: 35.79m | eta: 10.1m
step 02979/03814 (78.11%) | loss: 2.931948 | lrm: 0.37 | dt: 716.87ms | tok/sec: 91,420 | bf16_mfu: 0.00 | epoch: 1 pq: 3 rg: 19 | total time: 35.80m | eta: 10.1m
step 02980/03814 (78.13%) | loss: 2.932805 | lrm: 0.37 | dt: 719.07ms | tok/sec: 91,139 | bf16_mfu: 0.00 | epoch: 1 pq: 3 rg: 19 | total time: 35.81m | eta: 10.1m
step 02981/03814 (78.16%) | loss: 2.940314 | lrm: 0.37 | dt: 721.00ms | tok/sec: 90,895 | bf16_mfu: 0.00 | epoch: 1 pq: 3 rg: 19 | total time: 35.83m | eta: 10.0m
step 02982/03814 (78.19%) | loss: 2.943061 | lrm: 0.37 | dt: 719.47ms | tok/sec: 91,089 | bf16_mfu: 0.00 | epoch: 1 pq: 3 rg: 19 | total time: 35.84m | eta: 10.0m
step 02983/03814 (78.21%) | loss: 2.947905 | lrm: 0.37 | dt: 722.36ms | tok/sec: 90,724 | bf16_mfu: 0.00 | epoch: 1 pq: 3 rg: 19 | total time: 35.85m | eta: 10.0m
step 02984/03814 (78.24%) | loss: 2.949497 | lrm: 0.37 | dt: 715.43ms | tok/sec: 91,603 | bf16_mfu: 0.00 | epoch: 1 pq: 3 rg: 19 | total time: 35.86m | eta: 10.0m
step 02985/03814 (78.26%) | loss: 2.968090 | lrm: 0.37 | dt: 718.57ms | tok/sec: 91,203 | bf16_mfu: 0.00 | epoch: 1 pq: 3 rg: 19 | total time: 35.87m | eta: 10.0m
step 02986/03814 (78.29%) | loss: 2.953270 | lrm: 0.37 | dt: 715.53ms | tok/sec: 91,590 | bf16_mfu: 0.00 | epoch: 1 pq: 3 rg: 19 | total time: 35.89m | eta: 10.0m
step 02987/03814 (78.32%) | loss: 2.943816 | lrm: 0.37 | dt: 716.74ms | tok/sec: 91,435 | bf16_mfu: 0.00 | epoch: 1 pq: 3 rg: 20 | total time: 35.90m | eta: 10.0m
step 02988/03814 (78.34%) | loss: 2.943460 | lrm: 0.37 | dt: 718.19ms | tok/sec: 91,251 | bf16_mfu: 0.00 | epoch: 1 pq: 3 rg: 20 | total time: 35.91m | eta: 10.0m
step 02989/03814 (78.37%) | loss: 2.945000 | lrm: 0.37 | dt: 713.23ms | tok/sec: 91,886 | bf16_mfu: 0.00 | epoch: 1 pq: 3 rg: 20 | total time: 35.92m | eta: 9.9m
step 02990/03814 (78.40%) | loss: 2.948743 | lrm: 0.37 | dt: 727.86ms | tok/sec: 90,039 | bf16_mfu: 0.00 | epoch: 1 pq: 3 rg: 20 | total time: 35.93m | eta: 9.9m
step 02991/03814 (78.42%) | loss: 2.949097 | lrm: 0.37 | dt: 720.35ms | tok/sec: 90,977 | bf16_mfu: 0.00 | epoch: 1 pq: 3 rg: 20 | total time: 35.95m | eta: 9.9m
step 02992/03814 (78.45%) | loss: 2.931393 | lrm: 0.37 | dt: 719.41ms | tok/sec: 91,096 | bf16_mfu: 0.00 | epoch: 1 pq: 3 rg: 20 | total time: 35.96m | eta: 9.9m
step 02993/03814 (78.47%) | loss: 2.940886 | lrm: 0.36 | dt: 849.26ms | tok/sec: 77,168 | bf16_mfu: 0.00 | epoch: 1 pq: 3 rg: 20 | total time: 35.97m | eta: 9.9m
step 02994/03814 (78.50%) | loss: 2.934032 | lrm: 0.36 | dt: 724.28ms | tok/sec: 90,484 | bf16_mfu: 0.00 | epoch: 1 pq: 3 rg: 20 | total time: 35.99m | eta: 9.9m
step 02995/03814 (78.53%) | loss: 2.920433 | lrm: 0.36 | dt: 715.96ms | tok/sec: 91,535 | bf16_mfu: 0.00 | epoch: 1 pq: 3 rg: 20 | total time: 36.00m | eta: 9.9m
step 02996/03814 (78.55%) | loss: 2.916051 | lrm: 0.36 | dt: 722.35ms | tok/sec: 90,726 | bf16_mfu: 0.00 | epoch: 1 pq: 3 rg: 20 | total time: 36.01m | eta: 9.9m
step 02997/03814 (78.58%) | loss: 2.930462 | lrm: 0.36 | dt: 717.05ms | tok/sec: 91,397 | bf16_mfu: 0.00 | epoch: 1 pq: 3 rg: 20 | total time: 36.02m | eta: 9.9m
step 02998/03814 (78.61%) | loss: 2.921238 | lrm: 0.36 | dt: 724.97ms | tok/sec: 90,398 | bf16_mfu: 0.00 | epoch: 1 pq: 3 rg: 21 | total time: 36.03m | eta: 9.8m
step 02999/03814 (78.63%) | loss: 2.920091 | lrm: 0.36 | dt: 721.59ms | tok/sec: 90,822 | bf16_mfu: 0.00 | epoch: 1 pq: 3 rg: 21 | total time: 36.05m | eta: 9.8m
Step 03000 | Validation bpb: 0.805970
step 03000/03814 (78.66%) | loss: 2.927221 | lrm: 0.36 | dt: 711.56ms | tok/sec: 92,102 | bf16_mfu: 0.00 | epoch: 1 pq: 3 rg: 21 | total time: 36.06m | eta: 9.8m
step 03001/03814 (78.68%) | loss: 2.913805 | lrm: 0.36 | dt: 709.60ms | tok/sec: 92,356 | bf16_mfu: 0.00 | epoch: 1 pq: 3 rg: 21 | total time: 36.07m | eta: 9.8m
step 03002/03814 (78.71%) | loss: 2.909204 | lrm: 0.36 | dt: 708.69ms | tok/sec: 92,475 | bf16_mfu: 0.00 | epoch: 1 pq: 3 rg: 21 | total time: 36.08m | eta: 9.8m
step 03003/03814 (78.74%) | loss: 2.898998 | lrm: 0.36 | dt: 710.16ms | tok/sec: 92,283 | bf16_mfu: 0.00 | epoch: 1 pq: 3 rg: 21 | total time: 36.09m | eta: 9.8m
step 03004/03814 (78.76%) | loss: 2.892113 | lrm: 0.36 | dt: 709.67ms | tok/sec: 92,347 | bf16_mfu: 0.00 | epoch: 1 pq: 3 rg: 21 | total time: 36.10m | eta: 9.8m
step 03005/03814 (78.79%) | loss: 2.894033 | lrm: 0.36 | dt: 709.89ms | tok/sec: 92,318 | bf16_mfu: 0.00 | epoch: 1 pq: 3 rg: 21 | total time: 36.12m | eta: 9.8m
step 03006/03814 (78.81%) | loss: 2.895463 | lrm: 0.36 | dt: 713.22ms | tok/sec: 91,887 | bf16_mfu: 0.00 | epoch: 1 pq: 3 rg: 21 | total time: 36.13m | eta: 9.7m
step 03007/03814 (78.84%) | loss: 2.890955 | lrm: 0.36 | dt: 707.98ms | tok/sec: 92,567 | bf16_mfu: 0.00 | epoch: 1 pq: 3 rg: 21 | total time: 36.14m | eta: 9.7m
step 03008/03814 (78.87%) | loss: 2.880776 | lrm: 0.36 | dt: 720.49ms | tok/sec: 90,959 | bf16_mfu: 0.00 | epoch: 1 pq: 3 rg: 21 | total time: 36.15m | eta: 9.7m
step 03009/03814 (78.89%) | loss: 2.890399 | lrm: 0.36 | dt: 718.83ms | tok/sec: 91,169 | bf16_mfu: 0.00 | epoch: 1 pq: 3 rg: 22 | total time: 36.16m | eta: 9.7m
step 03010/03814 (78.92%) | loss: 2.918617 | lrm: 0.36 | dt: 721.05ms | tok/sec: 90,889 | bf16_mfu: 0.00 | epoch: 1 pq: 3 rg: 22 | total time: 36.18m | eta: 9.7m
step 03011/03814 (78.95%) | loss: 2.914295 | lrm: 0.36 | dt: 718.63ms | tok/sec: 91,195 | bf16_mfu: 0.00 | epoch: 1 pq: 3 rg: 22 | total time: 36.19m | eta: 9.7m
step 03012/03814 (78.97%) | loss: 2.908187 | lrm: 0.36 | dt: 719.98ms | tok/sec: 91,025 | bf16_mfu: 0.00 | epoch: 1 pq: 3 rg: 22 | total time: 36.20m | eta: 9.7m
step 03013/03814 (79.00%) | loss: 2.901489 | lrm: 0.36 | dt: 718.37ms | tok/sec: 91,228 | bf16_mfu: 0.00 | epoch: 1 pq: 3 rg: 22 | total time: 36.21m | eta: 9.7m
step 03014/03814 (79.02%) | loss: 2.892583 | lrm: 0.36 | dt: 724.23ms | tok/sec: 90,490 | bf16_mfu: 0.00 | epoch: 1 pq: 3 rg: 22 | total time: 36.22m | eta: 9.6m
step 03015/03814 (79.05%) | loss: 2.886010 | lrm: 0.36 | dt: 722.91ms | tok/sec: 90,655 | bf16_mfu: 0.00 | epoch: 1 pq: 3 rg: 22 | total time: 36.24m | eta: 9.6m
step 03016/03814 (79.08%) | loss: 2.871818 | lrm: 0.36 | dt: 720.19ms | tok/sec: 90,998 | bf16_mfu: 0.00 | epoch: 1 pq: 3 rg: 22 | total time: 36.25m | eta: 9.6m
step 03017/03814 (79.10%) | loss: 2.874820 | lrm: 0.36 | dt: 725.41ms | tok/sec: 90,343 | bf16_mfu: 0.00 | epoch: 1 pq: 3 rg: 22 | total time: 36.26m | eta: 9.6m
step 03018/03814 (79.13%) | loss: 2.897947 | lrm: 0.36 | dt: 728.26ms | tok/sec: 89,990 | bf16_mfu: 0.00 | epoch: 1 pq: 3 rg: 22 | total time: 36.27m | eta: 9.6m
step 03019/03814 (79.16%) | loss: 2.894554 | lrm: 0.35 | dt: 727.59ms | tok/sec: 90,072 | bf16_mfu: 0.00 | epoch: 1 pq: 3 rg: 23 | total time: 36.28m | eta: 9.6m
step 03020/03814 (79.18%) | loss: 2.877910 | lrm: 0.35 | dt: 726.30ms | tok/sec: 90,232 | bf16_mfu: 0.00 | epoch: 1 pq: 3 rg: 23 | total time: 36.30m | eta: 9.6m
step 03021/03814 (79.21%) | loss: 2.874642 | lrm: 0.35 | dt: 975.19ms | tok/sec: 67,203 | bf16_mfu: 0.00 | epoch: 1 pq: 3 rg: 23 | total time: 36.31m | eta: 9.6m
step 03022/03814 (79.23%) | loss: 2.890961 | lrm: 0.35 | dt: 727.64ms | tok/sec: 90,067 | bf16_mfu: 0.00 | epoch: 1 pq: 3 rg: 23 | total time: 36.32m | eta: 9.6m
step 03023/03814 (79.26%) | loss: 2.898188 | lrm: 0.35 | dt: 729.08ms | tok/sec: 89,888 | bf16_mfu: 0.00 | epoch: 1 pq: 3 rg: 23 | total time: 36.34m | eta: 9.5m
step 03024/03814 (79.29%) | loss: 2.882548 | lrm: 0.35 | dt: 727.72ms | tok/sec: 90,057 | bf16_mfu: 0.00 | epoch: 1 pq: 3 rg: 23 | total time: 36.35m | eta: 9.5m
step 03025/03814 (79.31%) | loss: 2.901195 | lrm: 0.35 | dt: 731.58ms | tok/sec: 89,581 | bf16_mfu: 0.00 | epoch: 1 pq: 3 rg: 23 | total time: 36.36m | eta: 9.5m
step 03026/03814 (79.34%) | loss: 2.910430 | lrm: 0.35 | dt: 729.00ms | tok/sec: 89,898 | bf16_mfu: 0.00 | epoch: 1 pq: 3 rg: 23 | total time: 36.37m | eta: 9.5m
step 03027/03814 (79.37%) | loss: 2.907805 | lrm: 0.35 | dt: 727.69ms | tok/sec: 90,060 | bf16_mfu: 0.00 | epoch: 1 pq: 3 rg: 23 | total time: 36.39m | eta: 9.5m
step 03028/03814 (79.39%) | loss: 2.903515 | lrm: 0.35 | dt: 730.39ms | tok/sec: 89,726 | bf16_mfu: 0.00 | epoch: 1 pq: 3 rg: 23 | total time: 36.40m | eta: 9.5m
step 03029/03814 (79.42%) | loss: 2.899460 | lrm: 0.35 | dt: 725.47ms | tok/sec: 90,335 | bf16_mfu: 0.00 | epoch: 1 pq: 3 rg: 23 | total time: 36.41m | eta: 9.5m
step 03030/03814 (79.44%) | loss: 2.900623 | lrm: 0.35 | dt: 749.18ms | tok/sec: 87,477 | bf16_mfu: 0.00 | epoch: 1 pq: 3 rg: 24 | total time: 36.42m | eta: 9.5m
step 03031/03814 (79.47%) | loss: 2.919310 | lrm: 0.35 | dt: 731.79ms | tok/sec: 89,555 | bf16_mfu: 0.00 | epoch: 1 pq: 3 rg: 24 | total time: 36.43m | eta: 9.4m
step 03032/03814 (79.50%) | loss: 2.901656 | lrm: 0.35 | dt: 726.86ms | tok/sec: 90,163 | bf16_mfu: 0.00 | epoch: 1 pq: 3 rg: 24 | total time: 36.45m | eta: 9.4m
step 03033/03814 (79.52%) | loss: 2.908094 | lrm: 0.35 | dt: 732.09ms | tok/sec: 89,518 | bf16_mfu: 0.00 | epoch: 1 pq: 3 rg: 24 | total time: 36.46m | eta: 9.4m
step 03034/03814 (79.55%) | loss: 2.918949 | lrm: 0.35 | dt: 726.90ms | tok/sec: 90,158 | bf16_mfu: 0.00 | epoch: 1 pq: 3 rg: 24 | total time: 36.47m | eta: 9.4m
step 03035/03814 (79.58%) | loss: 2.917205 | lrm: 0.35 | dt: 728.44ms | tok/sec: 89,967 | bf16_mfu: 0.00 | epoch: 1 pq: 3 rg: 24 | total time: 36.48m | eta: 9.4m
step 03036/03814 (79.60%) | loss: 2.903358 | lrm: 0.35 | dt: 727.78ms | tok/sec: 90,048 | bf16_mfu: 0.00 | epoch: 1 pq: 3 rg: 24 | total time: 36.50m | eta: 9.4m
step 03037/03814 (79.63%) | loss: 2.901484 | lrm: 0.35 | dt: 727.64ms | tok/sec: 90,066 | bf16_mfu: 0.00 | epoch: 1 pq: 3 rg: 24 | total time: 36.51m | eta: 9.4m
step 03038/03814 (79.65%) | loss: 2.917519 | lrm: 0.35 | dt: 728.66ms | tok/sec: 89,940 | bf16_mfu: 0.00 | epoch: 1 pq: 3 rg: 24 | total time: 36.52m | eta: 9.4m
step 03039/03814 (79.68%) | loss: 2.935759 | lrm: 0.35 | dt: 731.04ms | tok/sec: 89,647 | bf16_mfu: 0.00 | epoch: 1 pq: 3 rg: 24 | total time: 36.53m | eta: 9.3m
step 03040/03814 (79.71%) | loss: 2.927719 | lrm: 0.35 | dt: 725.77ms | tok/sec: 90,298 | bf16_mfu: 0.00 | epoch: 1 pq: 3 rg: 25 | total time: 36.54m | eta: 9.3m
step 03041/03814 (79.73%) | loss: 2.915496 | lrm: 0.35 | dt: 729.58ms | tok/sec: 89,826 | bf16_mfu: 0.00 | epoch: 1 pq: 3 rg: 25 | total time: 36.56m | eta: 9.3m
step 03042/03814 (79.76%) | loss: 2.898811 | lrm: 0.35 | dt: 730.65ms | tok/sec: 89,695 | bf16_mfu: 0.00 | epoch: 1 pq: 3 rg: 25 | total time: 36.57m | eta: 9.3m
step 03043/03814 (79.79%) | loss: 2.898581 | lrm: 0.35 | dt: 729.27ms | tok/sec: 89,864 | bf16_mfu: 0.00 | epoch: 1 pq: 3 rg: 25 | total time: 36.58m | eta: 9.3m
step 03044/03814 (79.81%) | loss: 2.895720 | lrm: 0.35 | dt: 728.87ms | tok/sec: 89,914 | bf16_mfu: 0.00 | epoch: 1 pq: 3 rg: 25 | total time: 36.59m | eta: 9.3m
step 03045/03814 (79.84%) | loss: 2.893529 | lrm: 0.34 | dt: 729.08ms | tok/sec: 89,888 | bf16_mfu: 0.00 | epoch: 1 pq: 3 rg: 25 | total time: 36.60m | eta: 9.3m
step 03046/03814 (79.86%) | loss: 2.922562 | lrm: 0.34 | dt: 727.48ms | tok/sec: 90,086 | bf16_mfu: 0.00 | epoch: 1 pq: 3 rg: 25 | total time: 36.62m | eta: 9.3m
step 03047/03814 (79.89%) | loss: 2.930343 | lrm: 0.34 | dt: 729.94ms | tok/sec: 89,782 | bf16_mfu: 0.00 | epoch: 1 pq: 3 rg: 25 | total time: 36.63m | eta: 9.3m
step 03048/03814 (79.92%) | loss: 2.938054 | lrm: 0.34 | dt: 727.47ms | tok/sec: 90,087 | bf16_mfu: 0.00 | epoch: 1 pq: 3 rg: 25 | total time: 36.64m | eta: 9.2m
step 03049/03814 (79.94%) | loss: 2.929610 | lrm: 0.34 | dt: 722.99ms | tok/sec: 90,645 | bf16_mfu: 0.00 | epoch: 1 pq: 3 rg: 25 | total time: 36.65m | eta: 9.2m
step 03050/03814 (79.97%) | loss: 2.931197 | lrm: 0.34 | dt: 721.37ms | tok/sec: 90,849 | bf16_mfu: 0.00 | epoch: 1 pq: 3 rg: 25 | total time: 36.66m | eta: 9.2m
step 03051/03814 (79.99%) | loss: 2.920526 | lrm: 0.34 | dt: 725.57ms | tok/sec: 90,323 | bf16_mfu: 0.00 | epoch: 1 pq: 3 rg: 26 | total time: 36.68m | eta: 9.2m
step 03052/03814 (80.02%) | loss: 2.912909 | lrm: 0.34 | dt: 724.80ms | tok/sec: 90,419 | bf16_mfu: 0.00 | epoch: 1 pq: 3 rg: 26 | total time: 36.69m | eta: 9.2m
step 03053/03814 (80.05%) | loss: 2.913729 | lrm: 0.34 | dt: 724.90ms | tok/sec: 90,406 | bf16_mfu: 0.00 | epoch: 1 pq: 3 rg: 26 | total time: 36.70m | eta: 9.2m
step 03054/03814 (80.07%) | loss: 2.923244 | lrm: 0.34 | dt: 737.25ms | tok/sec: 88,892 | bf16_mfu: 0.00 | epoch: 1 pq: 3 rg: 26 | total time: 36.71m | eta: 9.2m
step 03055/03814 (80.10%) | loss: 2.988308 | lrm: 0.34 | dt: 722.08ms | tok/sec: 90,759 | bf16_mfu: 0.00 | epoch: 1 pq: 3 rg: 26 | total time: 36.73m | eta: 9.2m
step 03056/03814 (80.13%) | loss: 2.985780 | lrm: 0.34 | dt: 717.07ms | tok/sec: 91,393 | bf16_mfu: 0.00 | epoch: 1 pq: 3 rg: 26 | total time: 36.74m | eta: 9.1m
step 03057/03814 (80.15%) | loss: 2.983186 | lrm: 0.34 | dt: 725.95ms | tok/sec: 90,276 | bf16_mfu: 0.00 | epoch: 1 pq: 3 rg: 26 | total time: 36.75m | eta: 9.1m
step 03058/03814 (80.18%) | loss: 2.974326 | lrm: 0.34 | dt: 723.73ms | tok/sec: 90,553 | bf16_mfu: 0.00 | epoch: 1 pq: 3 rg: 26 | total time: 36.76m | eta: 9.1m
step 03059/03814 (80.20%) | loss: 2.968527 | lrm: 0.34 | dt: 716.08ms | tok/sec: 91,520 | bf16_mfu: 0.00 | epoch: 1 pq: 3 rg: 26 | total time: 36.77m | eta: 9.1m
step 03060/03814 (80.23%) | loss: 2.965005 | lrm: 0.34 | dt: 714.59ms | tok/sec: 91,711 | bf16_mfu: 0.00 | epoch: 1 pq: 3 rg: 26 | total time: 36.79m | eta: 9.1m
step 03061/03814 (80.26%) | loss: 2.958040 | lrm: 0.34 | dt: 719.69ms | tok/sec: 91,061 | bf16_mfu: 0.00 | epoch: 1 pq: 3 rg: 26 | total time: 36.80m | eta: 9.1m
step 03062/03814 (80.28%) | loss: 2.968056 | lrm: 0.34 | dt: 717.60ms | tok/sec: 91,326 | bf16_mfu: 0.00 | epoch: 1 pq: 3 rg: 27 | total time: 36.81m | eta: 9.1m
step 03063/03814 (80.31%) | loss: 2.961888 | lrm: 0.34 | dt: 718.79ms | tok/sec: 91,176 | bf16_mfu: 0.00 | epoch: 1 pq: 3 rg: 27 | total time: 36.82m | eta: 9.1m
step 03064/03814 (80.34%) | loss: 2.943903 | lrm: 0.34 | dt: 718.54ms | tok/sec: 91,206 | bf16_mfu: 0.00 | epoch: 1 pq: 3 rg: 27 | total time: 36.83m | eta: 9.0m
step 03065/03814 (80.36%) | loss: 2.925396 | lrm: 0.34 | dt: 717.80ms | tok/sec: 91,300 | bf16_mfu: 0.00 | epoch: 1 pq: 3 rg: 27 | total time: 36.85m | eta: 9.0m
step 03066/03814 (80.39%) | loss: 2.942089 | lrm: 0.34 | dt: 717.81ms | tok/sec: 91,299 | bf16_mfu: 0.00 | epoch: 1 pq: 3 rg: 27 | total time: 36.86m | eta: 9.0m
step 03067/03814 (80.41%) | loss: 2.931576 | lrm: 0.34 | dt: 720.20ms | tok/sec: 90,997 | bf16_mfu: 0.00 | epoch: 1 pq: 3 rg: 27 | total time: 36.87m | eta: 9.0m
step 03068/03814 (80.44%) | loss: 2.935170 | lrm: 0.34 | dt: 717.98ms | tok/sec: 91,278 | bf16_mfu: 0.00 | epoch: 1 pq: 3 rg: 27 | total time: 36.88m | eta: 9.0m
step 03069/03814 (80.47%) | loss: 2.937132 | lrm: 0.34 | dt: 717.33ms | tok/sec: 91,361 | bf16_mfu: 0.00 | epoch: 1 pq: 3 rg: 27 | total time: 36.89m | eta: 9.0m
step 03070/03814 (80.49%) | loss: 2.956455 | lrm: 0.34 | dt: 717.78ms | tok/sec: 91,304 | bf16_mfu: 0.00 | epoch: 1 pq: 3 rg: 27 | total time: 36.91m | eta: 9.0m
step 03071/03814 (80.52%) | loss: 2.988309 | lrm: 0.33 | dt: 716.06ms | tok/sec: 91,523 | bf16_mfu: 0.00 | epoch: 1 pq: 3 rg: 27 | total time: 36.92m | eta: 9.0m
step 03072/03814 (80.55%) | loss: 2.975126 | lrm: 0.33 | dt: 717.18ms | tok/sec: 91,379 | bf16_mfu: 0.00 | epoch: 1 pq: 3 rg: 28 | total time: 36.93m | eta: 8.9m
step 03073/03814 (80.57%) | loss: 2.956251 | lrm: 0.33 | dt: 716.82ms | tok/sec: 91,425 | bf16_mfu: 0.00 | epoch: 1 pq: 3 rg: 28 | total time: 36.94m | eta: 8.9m
step 03074/03814 (80.60%) | loss: 2.962954 | lrm: 0.33 | dt: 710.72ms | tok/sec: 92,211 | bf16_mfu: 0.00 | epoch: 1 pq: 3 rg: 28 | total time: 36.95m | eta: 8.9m
step 03075/03814 (80.62%) | loss: 2.942513 | lrm: 0.33 | dt: 717.67ms | tok/sec: 91,318 | bf16_mfu: 0.00 | epoch: 1 pq: 3 rg: 28 | total time: 36.96m | eta: 8.9m
step 03076/03814 (80.65%) | loss: 2.943121 | lrm: 0.33 | dt: 716.45ms | tok/sec: 91,472 | bf16_mfu: 0.00 | epoch: 1 pq: 3 rg: 28 | total time: 36.98m | eta: 8.9m
step 03077/03814 (80.68%) | loss: 2.933137 | lrm: 0.33 | dt: 711.69ms | tok/sec: 92,085 | bf16_mfu: 0.00 | epoch: 1 pq: 3 rg: 28 | total time: 36.99m | eta: 8.9m
step 03078/03814 (80.70%) | loss: 2.914313 | lrm: 0.33 | dt: 715.05ms | tok/sec: 91,652 | bf16_mfu: 0.00 | epoch: 1 pq: 3 rg: 28 | total time: 37.00m | eta: 8.9m
step 03079/03814 (80.73%) | loss: 2.929584 | lrm: 0.33 | dt: 715.51ms | tok/sec: 91,593 | bf16_mfu: 0.00 | epoch: 1 pq: 3 rg: 28 | total time: 37.01m | eta: 8.9m
step 03080/03814 (80.76%) | loss: 2.919334 | lrm: 0.33 | dt: 713.72ms | tok/sec: 91,822 | bf16_mfu: 0.00 | epoch: 1 pq: 3 rg: 28 | total time: 37.02m | eta: 8.9m
step 03081/03814 (80.78%) | loss: 2.928144 | lrm: 0.33 | dt: 710.79ms | tok/sec: 92,201 | bf16_mfu: 0.00 | epoch: 1 pq: 3 rg: 28 | total time: 37.04m | eta: 8.8m
step 03082/03814 (80.81%) | loss: 2.933017 | lrm: 0.33 | dt: 713.17ms | tok/sec: 91,893 | bf16_mfu: 0.00 | epoch: 1 pq: 3 rg: 28 | total time: 37.05m | eta: 8.8m
step 03083/03814 (80.83%) | loss: 2.927201 | lrm: 0.33 | dt: 707.72ms | tok/sec: 92,601 | bf16_mfu: 0.00 | epoch: 1 pq: 3 rg: 29 | total time: 37.06m | eta: 8.8m
step 03084/03814 (80.86%) | loss: 2.932897 | lrm: 0.33 | dt: 706.60ms | tok/sec: 92,747 | bf16_mfu: 0.00 | epoch: 1 pq: 3 rg: 29 | total time: 37.07m | eta: 8.8m
step 03085/03814 (80.89%) | loss: 2.944575 | lrm: 0.33 | dt: 707.87ms | tok/sec: 92,581 | bf16_mfu: 0.00 | epoch: 1 pq: 3 rg: 29 | total time: 37.08m | eta: 8.8m
step 03086/03814 (80.91%) | loss: 2.948280 | lrm: 0.33 | dt: 711.18ms | tok/sec: 92,150 | bf16_mfu: 0.00 | epoch: 1 pq: 3 rg: 29 | total time: 37.10m | eta: 8.8m
step 03087/03814 (80.94%) | loss: 2.951664 | lrm: 0.33 | dt: 715.09ms | tok/sec: 91,647 | bf16_mfu: 0.00 | epoch: 1 pq: 3 rg: 29 | total time: 37.11m | eta: 8.8m
step 03088/03814 (80.96%) | loss: 2.935624 | lrm: 0.33 | dt: 714.57ms | tok/sec: 91,713 | bf16_mfu: 0.00 | epoch: 1 pq: 3 rg: 29 | total time: 37.12m | eta: 8.8m
step 03089/03814 (80.99%) | loss: 2.937469 | lrm: 0.33 | dt: 712.18ms | tok/sec: 92,021 | bf16_mfu: 0.00 | epoch: 1 pq: 3 rg: 29 | total time: 37.13m | eta: 8.7m
step 03090/03814 (81.02%) | loss: 2.931971 | lrm: 0.33 | dt: 711.99ms | tok/sec: 92,046 | bf16_mfu: 0.00 | epoch: 1 pq: 3 rg: 29 | total time: 37.14m | eta: 8.7m
step 03091/03814 (81.04%) | loss: 2.921449 | lrm: 0.33 | dt: 715.59ms | tok/sec: 91,582 | bf16_mfu: 0.00 | epoch: 1 pq: 3 rg: 29 | total time: 37.15m | eta: 8.7m
step 03092/03814 (81.07%) | loss: 2.921112 | lrm: 0.33 | dt: 709.09ms | tok/sec: 92,423 | bf16_mfu: 0.00 | epoch: 1 pq: 3 rg: 29 | total time: 37.17m | eta: 8.7m
step 03093/03814 (81.10%) | loss: 2.952271 | lrm: 0.33 | dt: 707.20ms | tok/sec: 92,669 | bf16_mfu: 0.00 | epoch: 1 pq: 3 rg: 29 | total time: 37.18m | eta: 8.7m
step 03094/03814 (81.12%) | loss: 2.942345 | lrm: 0.33 | dt: 712.03ms | tok/sec: 92,041 | bf16_mfu: 0.00 | epoch: 1 pq: 3 rg: 30 | total time: 37.19m | eta: 8.7m
step 03095/03814 (81.15%) | loss: 2.927451 | lrm: 0.33 | dt: 709.21ms | tok/sec: 92,407 | bf16_mfu: 0.00 | epoch: 1 pq: 3 rg: 30 | total time: 37.20m | eta: 8.7m
step 03096/03814 (81.17%) | loss: 2.914456 | lrm: 0.33 | dt: 717.41ms | tok/sec: 91,350 | bf16_mfu: 0.00 | epoch: 1 pq: 3 rg: 30 | total time: 37.21m | eta: 8.7m
step 03097/03814 (81.20%) | loss: 2.922671 | lrm: 0.32 | dt: 713.69ms | tok/sec: 91,826 | bf16_mfu: 0.00 | epoch: 1 pq: 3 rg: 30 | total time: 37.23m | eta: 8.6m
step 03098/03814 (81.23%) | loss: 2.918398 | lrm: 0.32 | dt: 715.55ms | tok/sec: 91,587 | bf16_mfu: 0.00 | epoch: 1 pq: 3 rg: 30 | total time: 37.24m | eta: 8.6m
step 03099/03814 (81.25%) | loss: 2.915612 | lrm: 0.32 | dt: 716.18ms | tok/sec: 91,508 | bf16_mfu: 0.00 | epoch: 1 pq: 3 rg: 30 | total time: 37.25m | eta: 8.6m
step 03100/03814 (81.28%) | loss: 2.903981 | lrm: 0.32 | dt: 714.01ms | tok/sec: 91,785 | bf16_mfu: 0.00 | epoch: 1 pq: 3 rg: 30 | total time: 37.26m | eta: 8.6m
step 03101/03814 (81.31%) | loss: 2.901182 | lrm: 0.32 | dt: 714.23ms | tok/sec: 91,757 | bf16_mfu: 0.00 | epoch: 1 pq: 3 rg: 30 | total time: 37.27m | eta: 8.6m
step 03102/03814 (81.33%) | loss: 2.897792 | lrm: 0.32 | dt: 725.19ms | tok/sec: 90,370 | bf16_mfu: 0.00 | epoch: 1 pq: 3 rg: 30 | total time: 37.29m | eta: 8.6m
step 03103/03814 (81.36%) | loss: 2.892042 | lrm: 0.32 | dt: 714.63ms | tok/sec: 91,706 | bf16_mfu: 0.00 | epoch: 1 pq: 3 rg: 30 | total time: 37.30m | eta: 8.6m
step 03104/03814 (81.38%) | loss: 2.875123 | lrm: 0.32 | dt: 713.02ms | tok/sec: 91,912 | bf16_mfu: 0.00 | epoch: 1 pq: 3 rg: 30 | total time: 37.31m | eta: 8.6m
step 03105/03814 (81.41%) | loss: 2.871380 | lrm: 0.32 | dt: 738.86ms | tok/sec: 88,699 | bf16_mfu: 0.00 | epoch: 1 pq: 3 rg: 31 | total time: 37.32m | eta: 8.5m
step 03106/03814 (81.44%) | loss: 2.861239 | lrm: 0.32 | dt: 716.71ms | tok/sec: 91,440 | bf16_mfu: 0.00 | epoch: 1 pq: 3 rg: 31 | total time: 37.33m | eta: 8.5m
step 03107/03814 (81.46%) | loss: 2.856754 | lrm: 0.32 | dt: 712.78ms | tok/sec: 91,944 | bf16_mfu: 0.00 | epoch: 1 pq: 3 rg: 31 | total time: 37.35m | eta: 8.5m
step 03108/03814 (81.49%) | loss: 2.868777 | lrm: 0.32 | dt: 712.19ms | tok/sec: 92,019 | bf16_mfu: 0.00 | epoch: 1 pq: 3 rg: 31 | total time: 37.36m | eta: 8.5m
step 03109/03814 (81.52%) | loss: 2.854994 | lrm: 0.32 | dt: 716.71ms | tok/sec: 91,439 | bf16_mfu: 0.00 | epoch: 1 pq: 3 rg: 31 | total time: 37.37m | eta: 8.5m
step 03110/03814 (81.54%) | loss: 2.850861 | lrm: 0.32 | dt: 716.74ms | tok/sec: 91,435 | bf16_mfu: 0.00 | epoch: 1 pq: 3 rg: 31 | total time: 37.38m | eta: 8.5m
step 03111/03814 (81.57%) | loss: 2.852025 | lrm: 0.32 | dt: 719.20ms | tok/sec: 91,123 | bf16_mfu: 0.00 | epoch: 1 pq: 3 rg: 31 | total time: 37.39m | eta: 8.5m
step 03112/03814 (81.59%) | loss: 2.865882 | lrm: 0.32 | dt: 711.75ms | tok/sec: 92,077 | bf16_mfu: 0.00 | epoch: 1 pq: 3 rg: 31 | total time: 37.41m | eta: 8.5m
step 03113/03814 (81.62%) | loss: 2.883779 | lrm: 0.32 | dt: 711.12ms | tok/sec: 92,158 | bf16_mfu: 0.00 | epoch: 1 pq: 3 rg: 31 | total time: 37.42m | eta: 8.5m
step 03114/03814 (81.65%) | loss: 2.864580 | lrm: 0.32 | dt: 718.60ms | tok/sec: 91,198 | bf16_mfu: 0.00 | epoch: 1 pq: 3 rg: 31 | total time: 37.43m | eta: 8.4m
step 03115/03814 (81.67%) | loss: 2.869534 | lrm: 0.32 | dt: 715.70ms | tok/sec: 91,568 | bf16_mfu: 0.00 | epoch: 1 pq: 3 rg: 31 | total time: 37.44m | eta: 8.4m
step 03116/03814 (81.70%) | loss: 2.867043 | lrm: 0.32 | dt: 710.95ms | tok/sec: 92,181 | bf16_mfu: 0.00 | epoch: 1 pq: 3 rg: 32 | total time: 37.45m | eta: 8.4m
step 03117/03814 (81.73%) | loss: 2.867321 | lrm: 0.32 | dt: 716.06ms | tok/sec: 91,522 | bf16_mfu: 0.00 | epoch: 1 pq: 3 rg: 32 | total time: 37.46m | eta: 8.4m
step 03118/03814 (81.75%) | loss: 2.865923 | lrm: 0.32 | dt: 719.51ms | tok/sec: 91,084 | bf16_mfu: 0.00 | epoch: 1 pq: 3 rg: 32 | total time: 37.48m | eta: 8.4m
step 03119/03814 (81.78%) | loss: 2.870979 | lrm: 0.32 | dt: 713.65ms | tok/sec: 91,832 | bf16_mfu: 0.00 | epoch: 1 pq: 3 rg: 32 | total time: 37.49m | eta: 8.4m
step 03120/03814 (81.80%) | loss: 2.886341 | lrm: 0.32 | dt: 718.81ms | tok/sec: 91,172 | bf16_mfu: 0.00 | epoch: 1 pq: 3 rg: 32 | total time: 37.50m | eta: 8.4m
step 03121/03814 (81.83%) | loss: 2.877663 | lrm: 0.32 | dt: 715.81ms | tok/sec: 91,554 | bf16_mfu: 0.00 | epoch: 1 pq: 3 rg: 32 | total time: 37.51m | eta: 8.4m
step 03122/03814 (81.86%) | loss: 2.857667 | lrm: 0.32 | dt: 717.71ms | tok/sec: 91,312 | bf16_mfu: 0.00 | epoch: 1 pq: 3 rg: 32 | total time: 37.52m | eta: 8.3m
step 03123/03814 (81.88%) | loss: 2.870251 | lrm: 0.31 | dt: 712.01ms | tok/sec: 92,044 | bf16_mfu: 0.00 | epoch: 1 pq: 3 rg: 32 | total time: 37.54m | eta: 8.3m
step 03124/03814 (81.91%) | loss: 2.882278 | lrm: 0.31 | dt: 717.77ms | tok/sec: 91,305 | bf16_mfu: 0.00 | epoch: 1 pq: 3 rg: 32 | total time: 37.55m | eta: 8.3m
step 03125/03814 (81.93%) | loss: 2.881900 | lrm: 0.31 | dt: 717.15ms | tok/sec: 91,383 | bf16_mfu: 0.00 | epoch: 1 pq: 3 rg: 32 | total time: 37.56m | eta: 8.3m
step 03126/03814 (81.96%) | loss: 2.882285 | lrm: 0.31 | dt: 719.96ms | tok/sec: 91,027 | bf16_mfu: 0.00 | epoch: 1 pq: 3 rg: 32 | total time: 37.57m | eta: 8.3m
step 03127/03814 (81.99%) | loss: 2.870429 | lrm: 0.31 | dt: 717.16ms | tok/sec: 91,382 | bf16_mfu: 0.00 | epoch: 1 pq: 3 rg: 33 | total time: 37.58m | eta: 8.3m
step 03128/03814 (82.01%) | loss: 2.867052 | lrm: 0.31 | dt: 720.33ms | tok/sec: 90,980 | bf16_mfu: 0.00 | epoch: 1 pq: 3 rg: 33 | total time: 37.60m | eta: 8.3m
step 03129/03814 (82.04%) | loss: 2.860435 | lrm: 0.31 | dt: 719.31ms | tok/sec: 91,109 | bf16_mfu: 0.00 | epoch: 1 pq: 3 rg: 33 | total time: 37.61m | eta: 8.3m
step 03130/03814 (82.07%) | loss: 2.850328 | lrm: 0.31 | dt: 718.55ms | tok/sec: 91,205 | bf16_mfu: 0.00 | epoch: 1 pq: 3 rg: 33 | total time: 37.62m | eta: 8.2m
step 03131/03814 (82.09%) | loss: 2.845948 | lrm: 0.31 | dt: 755.35ms | tok/sec: 86,762 | bf16_mfu: 0.00 | epoch: 1 pq: 3 rg: 33 | total time: 37.63m | eta: 8.2m
step 03132/03814 (82.12%) | loss: 2.866847 | lrm: 0.31 | dt: 722.26ms | tok/sec: 90,737 | bf16_mfu: 0.00 | epoch: 1 pq: 3 rg: 33 | total time: 37.64m | eta: 8.2m
step 03133/03814 (82.14%) | loss: 2.857215 | lrm: 0.31 | dt: 722.44ms | tok/sec: 90,714 | bf16_mfu: 0.00 | epoch: 1 pq: 3 rg: 33 | total time: 37.66m | eta: 8.2m
step 03134/03814 (82.17%) | loss: 2.861685 | lrm: 0.31 | dt: 716.71ms | tok/sec: 91,440 | bf16_mfu: 0.00 | epoch: 1 pq: 3 rg: 33 | total time: 37.67m | eta: 8.2m
step 03135/03814 (82.20%) | loss: 2.864142 | lrm: 0.31 | dt: 722.93ms | tok/sec: 90,653 | bf16_mfu: 0.00 | epoch: 1 pq: 3 rg: 33 | total time: 37.68m | eta: 8.2m
step 03136/03814 (82.22%) | loss: 2.838022 | lrm: 0.31 | dt: 716.04ms | tok/sec: 91,524 | bf16_mfu: 0.00 | epoch: 1 pq: 3 rg: 33 | total time: 37.69m | eta: 8.2m
step 03137/03814 (82.25%) | loss: 2.835103 | lrm: 0.31 | dt: 723.32ms | tok/sec: 90,604 | bf16_mfu: 0.00 | epoch: 1 pq: 3 rg: 34 | total time: 37.70m | eta: 8.2m
step 03138/03814 (82.28%) | loss: 2.840457 | lrm: 0.31 | dt: 717.33ms | tok/sec: 91,361 | bf16_mfu: 0.00 | epoch: 1 pq: 3 rg: 34 | total time: 37.72m | eta: 8.2m
step 03139/03814 (82.30%) | loss: 2.856810 | lrm: 0.31 | dt: 721.37ms | tok/sec: 90,849 | bf16_mfu: 0.00 | epoch: 1 pq: 3 rg: 34 | total time: 37.73m | eta: 8.1m
step 03140/03814 (82.33%) | loss: 2.872783 | lrm: 0.31 | dt: 718.50ms | tok/sec: 91,211 | bf16_mfu: 0.00 | epoch: 1 pq: 3 rg: 34 | total time: 37.74m | eta: 8.1m
step 03141/03814 (82.35%) | loss: 2.875834 | lrm: 0.31 | dt: 721.86ms | tok/sec: 90,787 | bf16_mfu: 0.00 | epoch: 1 pq: 3 rg: 34 | total time: 37.75m | eta: 8.1m
step 03142/03814 (82.38%) | loss: 2.863115 | lrm: 0.31 | dt: 720.71ms | tok/sec: 90,932 | bf16_mfu: 0.00 | epoch: 1 pq: 3 rg: 34 | total time: 37.76m | eta: 8.1m
step 03143/03814 (82.41%) | loss: 2.857456 | lrm: 0.31 | dt: 717.60ms | tok/sec: 91,326 | bf16_mfu: 0.00 | epoch: 1 pq: 3 rg: 34 | total time: 37.78m | eta: 8.1m
step 03144/03814 (82.43%) | loss: 2.862818 | lrm: 0.31 | dt: 728.39ms | tok/sec: 89,974 | bf16_mfu: 0.00 | epoch: 1 pq: 3 rg: 34 | total time: 37.79m | eta: 8.1m
step 03145/03814 (82.46%) | loss: 2.858096 | lrm: 0.31 | dt: 723.18ms | tok/sec: 90,622 | bf16_mfu: 0.00 | epoch: 1 pq: 3 rg: 34 | total time: 37.80m | eta: 8.1m
step 03146/03814 (82.49%) | loss: 2.853254 | lrm: 0.31 | dt: 719.13ms | tok/sec: 91,132 | bf16_mfu: 0.00 | epoch: 1 pq: 3 rg: 34 | total time: 37.81m | eta: 8.1m
step 03147/03814 (82.51%) | loss: 2.866160 | lrm: 0.31 | dt: 723.64ms | tok/sec: 90,564 | bf16_mfu: 0.00 | epoch: 1 pq: 3 rg: 34 | total time: 37.83m | eta: 8.0m
step 03148/03814 (82.54%) | loss: 2.865582 | lrm: 0.31 | dt: 728.60ms | tok/sec: 89,948 | bf16_mfu: 0.00 | epoch: 1 pq: 3 rg: 35 | total time: 37.84m | eta: 8.0m
step 03149/03814 (82.56%) | loss: 2.861805 | lrm: 0.30 | dt: 715.87ms | tok/sec: 91,547 | bf16_mfu: 0.00 | epoch: 1 pq: 3 rg: 35 | total time: 37.85m | eta: 8.0m
step 03150/03814 (82.59%) | loss: 2.896787 | lrm: 0.30 | dt: 722.42ms | tok/sec: 90,717 | bf16_mfu: 0.00 | epoch: 1 pq: 3 rg: 35 | total time: 37.86m | eta: 8.0m
step 03151/03814 (82.62%) | loss: 2.892562 | lrm: 0.30 | dt: 720.14ms | tok/sec: 91,004 | bf16_mfu: 0.00 | epoch: 1 pq: 3 rg: 35 | total time: 37.87m | eta: 8.0m
step 03152/03814 (82.64%) | loss: 2.889326 | lrm: 0.30 | dt: 721.94ms | tok/sec: 90,777 | bf16_mfu: 0.00 | epoch: 1 pq: 3 rg: 35 | total time: 37.89m | eta: 8.0m
step 03153/03814 (82.67%) | loss: 2.883451 | lrm: 0.30 | dt: 719.17ms | tok/sec: 91,127 | bf16_mfu: 0.00 | epoch: 1 pq: 3 rg: 35 | total time: 37.90m | eta: 8.0m
step 03154/03814 (82.70%) | loss: 2.896682 | lrm: 0.30 | dt: 719.58ms | tok/sec: 91,075 | bf16_mfu: 0.00 | epoch: 1 pq: 3 rg: 35 | total time: 37.91m | eta: 8.0m
step 03155/03814 (82.72%) | loss: 2.891514 | lrm: 0.30 | dt: 719.19ms | tok/sec: 91,124 | bf16_mfu: 0.00 | epoch: 1 pq: 3 rg: 35 | total time: 37.92m | eta: 7.9m
step 03156/03814 (82.75%) | loss: 2.888242 | lrm: 0.30 | dt: 722.56ms | tok/sec: 90,699 | bf16_mfu: 0.00 | epoch: 1 pq: 3 rg: 35 | total time: 37.93m | eta: 7.9m
step 03157/03814 (82.77%) | loss: 2.878424 | lrm: 0.30 | dt: 718.45ms | tok/sec: 91,219 | bf16_mfu: 0.00 | epoch: 1 pq: 3 rg: 35 | total time: 37.95m | eta: 7.9m
step 03158/03814 (82.80%) | loss: 2.892035 | lrm: 0.30 | dt: 724.73ms | tok/sec: 90,428 | bf16_mfu: 0.00 | epoch: 1 pq: 3 rg: 35 | total time: 37.96m | eta: 7.9m
step 03159/03814 (82.83%) | loss: 2.879013 | lrm: 0.30 | dt: 718.25ms | tok/sec: 91,244 | bf16_mfu: 0.00 | epoch: 1 pq: 3 rg: 36 | total time: 37.97m | eta: 7.9m
step 03160/03814 (82.85%) | loss: 2.879821 | lrm: 0.30 | dt: 720.60ms | tok/sec: 90,946 | bf16_mfu: 0.00 | epoch: 1 pq: 3 rg: 36 | total time: 37.98m | eta: 7.9m
step 03161/03814 (82.88%) | loss: 2.887633 | lrm: 0.30 | dt: 725.04ms | tok/sec: 90,389 | bf16_mfu: 0.00 | epoch: 1 pq: 3 rg: 36 | total time: 37.99m | eta: 7.9m
step 03162/03814 (82.91%) | loss: 2.890332 | lrm: 0.30 | dt: 721.49ms | tok/sec: 90,834 | bf16_mfu: 0.00 | epoch: 1 pq: 3 rg: 36 | total time: 38.01m | eta: 7.9m
step 03163/03814 (82.93%) | loss: 2.915244 | lrm: 0.30 | dt: 722.24ms | tok/sec: 90,739 | bf16_mfu: 0.00 | epoch: 1 pq: 3 rg: 36 | total time: 38.02m | eta: 7.8m
step 03164/03814 (82.96%) | loss: 2.921299 | lrm: 0.30 | dt: 720.97ms | tok/sec: 90,900 | bf16_mfu: 0.00 | epoch: 1 pq: 3 rg: 36 | total time: 38.03m | eta: 7.8m
step 03165/03814 (82.98%) | loss: 2.914409 | lrm: 0.30 | dt: 719.75ms | tok/sec: 91,053 | bf16_mfu: 0.00 | epoch: 1 pq: 3 rg: 36 | total time: 38.04m | eta: 7.8m
step 03166/03814 (83.01%) | loss: 2.913340 | lrm: 0.30 | dt: 722.39ms | tok/sec: 90,721 | bf16_mfu: 0.00 | epoch: 1 pq: 3 rg: 36 | total time: 38.05m | eta: 7.8m
step 03167/03814 (83.04%) | loss: 2.927577 | lrm: 0.30 | dt: 722.40ms | tok/sec: 90,719 | bf16_mfu: 0.00 | epoch: 1 pq: 3 rg: 36 | total time: 38.07m | eta: 7.8m
step 03168/03814 (83.06%) | loss: 2.929367 | lrm: 0.30 | dt: 720.45ms | tok/sec: 90,964 | bf16_mfu: 0.00 | epoch: 1 pq: 3 rg: 36 | total time: 38.08m | eta: 7.8m
step 03169/03814 (83.09%) | loss: 2.917729 | lrm: 0.30 | dt: 723.47ms | tok/sec: 90,585 | bf16_mfu: 0.00 | epoch: 1 pq: 3 rg: 36 | total time: 38.09m | eta: 7.8m
step 03170/03814 (83.11%) | loss: 2.927976 | lrm: 0.30 | dt: 720.89ms | tok/sec: 90,909 | bf16_mfu: 0.00 | epoch: 1 pq: 3 rg: 37 | total time: 38.10m | eta: 7.8m
step 03171/03814 (83.14%) | loss: 2.916800 | lrm: 0.30 | dt: 721.06ms | tok/sec: 90,888 | bf16_mfu: 0.00 | epoch: 1 pq: 3 rg: 37 | total time: 38.11m | eta: 7.8m
step 03172/03814 (83.17%) | loss: 2.913858 | lrm: 0.30 | dt: 723.09ms | tok/sec: 90,633 | bf16_mfu: 0.00 | epoch: 1 pq: 3 rg: 37 | total time: 38.13m | eta: 7.7m
step 03173/03814 (83.19%) | loss: 2.909645 | lrm: 0.30 | dt: 726.15ms | tok/sec: 90,251 | bf16_mfu: 0.00 | epoch: 1 pq: 3 rg: 37 | total time: 38.14m | eta: 7.7m
step 03174/03814 (83.22%) | loss: 2.908830 | lrm: 0.30 | dt: 716.13ms | tok/sec: 91,514 | bf16_mfu: 0.00 | epoch: 1 pq: 3 rg: 37 | total time: 38.15m | eta: 7.7m
step 03175/03814 (83.25%) | loss: 2.912480 | lrm: 0.29 | dt: 721.02ms | tok/sec: 90,892 | bf16_mfu: 0.00 | epoch: 1 pq: 3 rg: 37 | total time: 38.16m | eta: 7.7m
step 03176/03814 (83.27%) | loss: 2.902164 | lrm: 0.29 | dt: 725.11ms | tok/sec: 90,380 | bf16_mfu: 0.00 | epoch: 1 pq: 3 rg: 37 | total time: 38.17m | eta: 7.7m
step 03177/03814 (83.30%) | loss: 2.902833 | lrm: 0.29 | dt: 725.31ms | tok/sec: 90,355 | bf16_mfu: 0.00 | epoch: 1 pq: 3 rg: 37 | total time: 38.19m | eta: 7.7m
step 03178/03814 (83.32%) | loss: 2.906519 | lrm: 0.29 | dt: 723.92ms | tok/sec: 90,528 | bf16_mfu: 0.00 | epoch: 1 pq: 3 rg: 37 | total time: 38.20m | eta: 7.7m
step 03179/03814 (83.35%) | loss: 2.914659 | lrm: 0.29 | dt: 727.18ms | tok/sec: 90,123 | bf16_mfu: 0.00 | epoch: 1 pq: 3 rg: 37 | total time: 38.21m | eta: 7.7m
step 03180/03814 (83.38%) | loss: 2.901716 | lrm: 0.29 | dt: 720.57ms | tok/sec: 90,950 | bf16_mfu: 0.00 | epoch: 1 pq: 3 rg: 38 | total time: 38.22m | eta: 7.6m
step 03181/03814 (83.40%) | loss: 2.896088 | lrm: 0.29 | dt: 720.83ms | tok/sec: 90,916 | bf16_mfu: 0.00 | epoch: 1 pq: 3 rg: 38 | total time: 38.23m | eta: 7.6m
step 03182/03814 (83.43%) | loss: 2.909126 | lrm: 0.29 | dt: 722.89ms | tok/sec: 90,658 | bf16_mfu: 0.00 | epoch: 1 pq: 3 rg: 38 | total time: 38.25m | eta: 7.6m
step 03183/03814 (83.46%) | loss: 2.920074 | lrm: 0.29 | dt: 720.23ms | tok/sec: 90,993 | bf16_mfu: 0.00 | epoch: 1 pq: 3 rg: 38 | total time: 38.26m | eta: 7.6m
step 03184/03814 (83.48%) | loss: 2.914870 | lrm: 0.29 | dt: 721.49ms | tok/sec: 90,834 | bf16_mfu: 0.00 | epoch: 1 pq: 3 rg: 38 | total time: 38.27m | eta: 7.6m
step 03185/03814 (83.51%) | loss: 2.922292 | lrm: 0.29 | dt: 719.76ms | tok/sec: 91,053 | bf16_mfu: 0.00 | epoch: 1 pq: 3 rg: 38 | total time: 38.28m | eta: 7.6m
step 03186/03814 (83.53%) | loss: 2.937539 | lrm: 0.29 | dt: 723.78ms | tok/sec: 90,547 | bf16_mfu: 0.00 | epoch: 1 pq: 3 rg: 38 | total time: 38.29m | eta: 7.6m
step 03187/03814 (83.56%) | loss: 2.955751 | lrm: 0.29 | dt: 724.34ms | tok/sec: 90,476 | bf16_mfu: 0.00 | epoch: 1 pq: 3 rg: 38 | total time: 38.31m | eta: 7.6m
step 03188/03814 (83.59%) | loss: 2.944839 | lrm: 0.29 | dt: 718.86ms | tok/sec: 91,166 | bf16_mfu: 0.00 | epoch: 1 pq: 3 rg: 38 | total time: 38.32m | eta: 7.5m
step 03189/03814 (83.61%) | loss: 2.940156 | lrm: 0.29 | dt: 726.01ms | tok/sec: 90,269 | bf16_mfu: 0.00 | epoch: 1 pq: 3 rg: 38 | total time: 38.33m | eta: 7.5m
step 03190/03814 (83.64%) | loss: 2.933388 | lrm: 0.29 | dt: 719.12ms | tok/sec: 91,134 | bf16_mfu: 0.00 | epoch: 1 pq: 3 rg: 38 | total time: 38.34m | eta: 7.5m
step 03191/03814 (83.67%) | loss: 2.923385 | lrm: 0.29 | dt: 864.35ms | tok/sec: 75,820 | bf16_mfu: 0.00 | epoch: 1 pq: 3 rg: 39 | total time: 38.36m | eta: 7.5m
step 03192/03814 (83.69%) | loss: 2.919894 | lrm: 0.29 | dt: 722.73ms | tok/sec: 90,677 | bf16_mfu: 0.00 | epoch: 1 pq: 3 rg: 39 | total time: 38.37m | eta: 7.5m
step 03193/03814 (83.72%) | loss: 2.907208 | lrm: 0.29 | dt: 719.11ms | tok/sec: 91,134 | bf16_mfu: 0.00 | epoch: 1 pq: 3 rg: 39 | total time: 38.38m | eta: 7.5m
step 03194/03814 (83.74%) | loss: 2.920412 | lrm: 0.29 | dt: 726.18ms | tok/sec: 90,248 | bf16_mfu: 0.00 | epoch: 1 pq: 3 rg: 39 | total time: 38.39m | eta: 7.5m
step 03195/03814 (83.77%) | loss: 2.928976 | lrm: 0.29 | dt: 719.70ms | tok/sec: 91,059 | bf16_mfu: 0.00 | epoch: 1 pq: 3 rg: 39 | total time: 38.40m | eta: 7.5m
step 03196/03814 (83.80%) | loss: 2.913057 | lrm: 0.29 | dt: 721.88ms | tok/sec: 90,785 | bf16_mfu: 0.00 | epoch: 1 pq: 3 rg: 39 | total time: 38.42m | eta: 7.5m
step 03197/03814 (83.82%) | loss: 2.906840 | lrm: 0.29 | dt: 721.40ms | tok/sec: 90,845 | bf16_mfu: 0.00 | epoch: 1 pq: 3 rg: 39 | total time: 38.43m | eta: 7.4m
step 03198/03814 (83.85%) | loss: 2.927627 | lrm: 0.29 | dt: 718.51ms | tok/sec: 91,211 | bf16_mfu: 0.00 | epoch: 1 pq: 3 rg: 39 | total time: 38.44m | eta: 7.4m
step 03199/03814 (83.88%) | loss: 2.945786 | lrm: 0.29 | dt: 724.74ms | tok/sec: 90,427 | bf16_mfu: 0.00 | epoch: 1 pq: 3 rg: 39 | total time: 38.45m | eta: 7.4m
step 03200/03814 (83.90%) | loss: 2.938094 | lrm: 0.29 | dt: 721.31ms | tok/sec: 90,857 | bf16_mfu: 0.00 | epoch: 1 pq: 3 rg: 39 | total time: 38.47m | eta: 7.4m
step 03201/03814 (83.93%) | loss: 2.916914 | lrm: 0.28 | dt: 721.84ms | tok/sec: 90,790 | bf16_mfu: 0.00 | epoch: 1 pq: 3 rg: 40 | total time: 38.48m | eta: 7.4m
step 03202/03814 (83.95%) | loss: 2.908691 | lrm: 0.28 | dt: 723.94ms | tok/sec: 90,526 | bf16_mfu: 0.00 | epoch: 1 pq: 3 rg: 40 | total time: 38.49m | eta: 7.4m
step 03203/03814 (83.98%) | loss: 2.917457 | lrm: 0.28 | dt: 722.23ms | tok/sec: 90,740 | bf16_mfu: 0.00 | epoch: 1 pq: 3 rg: 40 | total time: 38.50m | eta: 7.4m
step 03204/03814 (84.01%) | loss: 2.905780 | lrm: 0.28 | dt: 790.36ms | tok/sec: 82,918 | bf16_mfu: 0.00 | epoch: 1 pq: 3 rg: 40 | total time: 38.51m | eta: 7.4m
step 03205/03814 (84.03%) | loss: 2.891169 | lrm: 0.28 | dt: 719.18ms | tok/sec: 91,125 | bf16_mfu: 0.00 | epoch: 1 pq: 3 rg: 40 | total time: 38.53m | eta: 7.3m
step 03206/03814 (84.06%) | loss: 2.872534 | lrm: 0.28 | dt: 722.96ms | tok/sec: 90,648 | bf16_mfu: 0.00 | epoch: 1 pq: 3 rg: 40 | total time: 38.54m | eta: 7.3m
step 03207/03814 (84.08%) | loss: 2.899567 | lrm: 0.28 | dt: 719.05ms | tok/sec: 91,142 | bf16_mfu: 0.00 | epoch: 1 pq: 3 rg: 40 | total time: 38.55m | eta: 7.3m
step 03208/03814 (84.11%) | loss: 2.893098 | lrm: 0.28 | dt: 723.61ms | tok/sec: 90,568 | bf16_mfu: 0.00 | epoch: 1 pq: 3 rg: 40 | total time: 38.56m | eta: 7.3m
step 03209/03814 (84.14%) | loss: 2.892160 | lrm: 0.28 | dt: 725.26ms | tok/sec: 90,362 | bf16_mfu: 0.00 | epoch: 1 pq: 3 rg: 40 | total time: 38.57m | eta: 7.3m
step 03210/03814 (84.16%) | loss: 2.906810 | lrm: 0.28 | dt: 715.12ms | tok/sec: 91,643 | bf16_mfu: 0.00 | epoch: 1 pq: 3 rg: 40 | total time: 38.59m | eta: 7.3m
step 03211/03814 (84.19%) | loss: 2.905706 | lrm: 0.28 | dt: 724.77ms | tok/sec: 90,422 | bf16_mfu: 0.00 | epoch: 1 pq: 3 rg: 40 | total time: 38.60m | eta: 7.3m
step 03212/03814 (84.22%) | loss: 2.910829 | lrm: 0.28 | dt: 726.85ms | tok/sec: 90,164 | bf16_mfu: 0.00 | epoch: 1 pq: 3 rg: 41 | total time: 38.61m | eta: 7.3m
step 03213/03814 (84.24%) | loss: 2.907475 | lrm: 0.28 | dt: 726.51ms | tok/sec: 90,206 | bf16_mfu: 0.00 | epoch: 1 pq: 3 rg: 41 | total time: 38.62m | eta: 7.2m
step 03214/03814 (84.27%) | loss: 2.904343 | lrm: 0.28 | dt: 716.90ms | tok/sec: 91,415 | bf16_mfu: 0.00 | epoch: 1 pq: 3 rg: 41 | total time: 38.63m | eta: 7.2m
step 03215/03814 (84.29%) | loss: 2.907907 | lrm: 0.28 | dt: 725.43ms | tok/sec: 90,340 | bf16_mfu: 0.00 | epoch: 1 pq: 3 rg: 41 | total time: 38.65m | eta: 7.2m
step 03216/03814 (84.32%) | loss: 2.893896 | lrm: 0.28 | dt: 724.10ms | tok/sec: 90,507 | bf16_mfu: 0.00 | epoch: 1 pq: 3 rg: 41 | total time: 38.66m | eta: 7.2m
step 03217/03814 (84.35%) | loss: 2.901941 | lrm: 0.28 | dt: 762.81ms | tok/sec: 85,914 | bf16_mfu: 0.00 | epoch: 1 pq: 3 rg: 41 | total time: 38.67m | eta: 7.2m
step 03218/03814 (84.37%) | loss: 2.916955 | lrm: 0.28 | dt: 720.35ms | tok/sec: 90,978 | bf16_mfu: 0.00 | epoch: 1 pq: 3 rg: 41 | total time: 38.68m | eta: 7.2m
step 03219/03814 (84.40%) | loss: 2.913912 | lrm: 0.28 | dt: 724.35ms | tok/sec: 90,475 | bf16_mfu: 0.00 | epoch: 1 pq: 3 rg: 41 | total time: 38.70m | eta: 7.2m
step 03220/03814 (84.43%) | loss: 2.903925 | lrm: 0.28 | dt: 721.55ms | tok/sec: 90,826 | bf16_mfu: 0.00 | epoch: 1 pq: 3 rg: 41 | total time: 38.71m | eta: 7.2m
step 03221/03814 (84.45%) | loss: 2.908339 | lrm: 0.28 | dt: 719.12ms | tok/sec: 91,133 | bf16_mfu: 0.00 | epoch: 1 pq: 3 rg: 41 | total time: 38.72m | eta: 7.2m
step 03222/03814 (84.48%) | loss: 2.928790 | lrm: 0.28 | dt: 724.07ms | tok/sec: 90,510 | bf16_mfu: 0.00 | epoch: 1 pq: 3 rg: 41 | total time: 38.73m | eta: 7.1m
step 03223/03814 (84.50%) | loss: 2.912055 | lrm: 0.28 | dt: 719.78ms | tok/sec: 91,049 | bf16_mfu: 0.00 | epoch: 1 pq: 3 rg: 42 | total time: 38.74m | eta: 7.1m
step 03224/03814 (84.53%) | loss: 2.897465 | lrm: 0.28 | dt: 720.35ms | tok/sec: 90,977 | bf16_mfu: 0.00 | epoch: 1 pq: 3 rg: 42 | total time: 38.76m | eta: 7.1m
step 03225/03814 (84.56%) | loss: 2.902720 | lrm: 0.28 | dt: 725.84ms | tok/sec: 90,290 | bf16_mfu: 0.00 | epoch: 1 pq: 3 rg: 42 | total time: 38.77m | eta: 7.1m
step 03226/03814 (84.58%) | loss: 2.918065 | lrm: 0.28 | dt: 725.90ms | tok/sec: 90,281 | bf16_mfu: 0.00 | epoch: 1 pq: 3 rg: 42 | total time: 38.78m | eta: 7.1m
step 03227/03814 (84.61%) | loss: 2.896183 | lrm: 0.27 | dt: 719.41ms | tok/sec: 91,096 | bf16_mfu: 0.00 | epoch: 1 pq: 3 rg: 42 | total time: 38.79m | eta: 7.1m
step 03228/03814 (84.64%) | loss: 2.881946 | lrm: 0.27 | dt: 721.08ms | tok/sec: 90,886 | bf16_mfu: 0.00 | epoch: 1 pq: 3 rg: 42 | total time: 38.80m | eta: 7.1m
step 03229/03814 (84.66%) | loss: 2.872963 | lrm: 0.27 | dt: 726.35ms | tok/sec: 90,225 | bf16_mfu: 0.00 | epoch: 1 pq: 3 rg: 42 | total time: 38.82m | eta: 7.1m
step 03230/03814 (84.69%) | loss: 2.881121 | lrm: 0.27 | dt: 718.59ms | tok/sec: 91,200 | bf16_mfu: 0.00 | epoch: 1 pq: 3 rg: 42 | total time: 38.83m | eta: 7.0m
step 03231/03814 (84.71%) | loss: 2.878196 | lrm: 0.27 | dt: 721.53ms | tok/sec: 90,828 | bf16_mfu: 0.00 | epoch: 1 pq: 3 rg: 42 | total time: 38.84m | eta: 7.0m
step 03232/03814 (84.74%) | loss: 2.903893 | lrm: 0.27 | dt: 719.69ms | tok/sec: 91,060 | bf16_mfu: 0.00 | epoch: 1 pq: 3 rg: 42 | total time: 38.85m | eta: 7.0m
step 03233/03814 (84.77%) | loss: 2.883530 | lrm: 0.27 | dt: 717.90ms | tok/sec: 91,288 | bf16_mfu: 0.00 | epoch: 1 pq: 3 rg: 42 | total time: 38.86m | eta: 7.0m
step 03234/03814 (84.79%) | loss: 2.892730 | lrm: 0.27 | dt: 810.26ms | tok/sec: 80,882 | bf16_mfu: 0.00 | epoch: 1 pq: 3 rg: 43 | total time: 38.88m | eta: 7.0m
step 03235/03814 (84.82%) | loss: 2.885335 | lrm: 0.27 | dt: 729.14ms | tok/sec: 89,881 | bf16_mfu: 0.00 | epoch: 1 pq: 3 rg: 43 | total time: 38.89m | eta: 7.0m
step 03236/03814 (84.85%) | loss: 2.917135 | lrm: 0.27 | dt: 755.10ms | tok/sec: 86,791 | bf16_mfu: 0.00 | epoch: 1 pq: 3 rg: 43 | total time: 38.90m | eta: 7.0m
step 03237/03814 (84.87%) | loss: 2.908421 | lrm: 0.27 | dt: 719.63ms | tok/sec: 91,069 | bf16_mfu: 0.00 | epoch: 1 pq: 3 rg: 43 | total time: 38.91m | eta: 7.0m
step 03238/03814 (84.90%) | loss: 2.900790 | lrm: 0.27 | dt: 717.74ms | tok/sec: 91,308 | bf16_mfu: 0.00 | epoch: 1 pq: 3 rg: 43 | total time: 38.93m | eta: 6.9m
step 03239/03814 (84.92%) | loss: 2.881248 | lrm: 0.27 | dt: 723.76ms | tok/sec: 90,549 | bf16_mfu: 0.00 | epoch: 1 pq: 3 rg: 43 | total time: 38.94m | eta: 6.9m
step 03240/03814 (84.95%) | loss: 2.882880 | lrm: 0.27 | dt: 723.25ms | tok/sec: 90,613 | bf16_mfu: 0.00 | epoch: 1 pq: 3 rg: 43 | total time: 38.95m | eta: 6.9m
step 03241/03814 (84.98%) | loss: 2.865797 | lrm: 0.27 | dt: 720.88ms | tok/sec: 90,911 | bf16_mfu: 0.00 | epoch: 1 pq: 3 rg: 43 | total time: 38.96m | eta: 6.9m
step 03242/03814 (85.00%) | loss: 2.863611 | lrm: 0.27 | dt: 723.74ms | tok/sec: 90,552 | bf16_mfu: 0.00 | epoch: 1 pq: 3 rg: 43 | total time: 38.97m | eta: 6.9m
step 03243/03814 (85.03%) | loss: 2.859915 | lrm: 0.27 | dt: 724.90ms | tok/sec: 90,406 | bf16_mfu: 0.00 | epoch: 1 pq: 3 rg: 43 | total time: 38.99m | eta: 6.9m
step 03244/03814 (85.06%) | loss: 2.860377 | lrm: 0.27 | dt: 751.84ms | tok/sec: 87,167 | bf16_mfu: 0.00 | epoch: 1 pq: 3 rg: 43 | total time: 39.00m | eta: 6.9m
step 03245/03814 (85.08%) | loss: 2.865345 | lrm: 0.27 | dt: 727.77ms | tok/sec: 90,050 | bf16_mfu: 0.00 | epoch: 1 pq: 3 rg: 44 | total time: 39.01m | eta: 6.9m
step 03246/03814 (85.11%) | loss: 2.848352 | lrm: 0.27 | dt: 721.55ms | tok/sec: 90,827 | bf16_mfu: 0.00 | epoch: 1 pq: 3 rg: 44 | total time: 39.02m | eta: 6.8m
step 03247/03814 (85.13%) | loss: 2.847202 | lrm: 0.27 | dt: 719.79ms | tok/sec: 91,048 | bf16_mfu: 0.00 | epoch: 1 pq: 3 rg: 44 | total time: 39.04m | eta: 6.8m
step 03248/03814 (85.16%) | loss: 2.837549 | lrm: 0.27 | dt: 724.27ms | tok/sec: 90,485 | bf16_mfu: 0.00 | epoch: 1 pq: 3 rg: 44 | total time: 39.05m | eta: 6.8m
step 03249/03814 (85.19%) | loss: 2.826967 | lrm: 0.27 | dt: 725.24ms | tok/sec: 90,364 | bf16_mfu: 0.00 | epoch: 1 pq: 3 rg: 44 | total time: 39.06m | eta: 6.8m
step 03250/03814 (85.21%) | loss: 2.805537 | lrm: 0.27 | dt: 718.72ms | tok/sec: 91,184 | bf16_mfu: 0.00 | epoch: 1 pq: 3 rg: 44 | total time: 39.07m | eta: 6.8m
step 03251/03814 (85.24%) | loss: 2.812921 | lrm: 0.27 | dt: 723.78ms | tok/sec: 90,547 | bf16_mfu: 0.00 | epoch: 1 pq: 3 rg: 44 | total time: 39.08m | eta: 6.8m
step 03252/03814 (85.26%) | loss: 2.829909 | lrm: 0.27 | dt: 720.91ms | tok/sec: 90,906 | bf16_mfu: 0.00 | epoch: 1 pq: 3 rg: 44 | total time: 39.10m | eta: 6.8m
step 03253/03814 (85.29%) | loss: 2.820447 | lrm: 0.26 | dt: 720.89ms | tok/sec: 90,910 | bf16_mfu: 0.00 | epoch: 1 pq: 3 rg: 44 | total time: 39.11m | eta: 6.8m
step 03254/03814 (85.32%) | loss: 2.816192 | lrm: 0.26 | dt: 727.31ms | tok/sec: 90,107 | bf16_mfu: 0.00 | epoch: 1 pq: 3 rg: 44 | total time: 39.12m | eta: 6.8m
step 03255/03814 (85.34%) | loss: 2.807796 | lrm: 0.26 | dt: 795.64ms | tok/sec: 82,368 | bf16_mfu: 0.00 | epoch: 1 pq: 3 rg: 44 | total time: 39.13m | eta: 6.7m
step 03256/03814 (85.37%) | loss: 2.810399 | lrm: 0.26 | dt: 724.41ms | tok/sec: 90,468 | bf16_mfu: 0.00 | epoch: 1 pq: 3 rg: 45 | total time: 39.14m | eta: 6.7m
step 03257/03814 (85.40%) | loss: 2.800281 | lrm: 0.26 | dt: 722.66ms | tok/sec: 90,686 | bf16_mfu: 0.00 | epoch: 1 pq: 3 rg: 45 | total time: 39.16m | eta: 6.7m
step 03258/03814 (85.42%) | loss: 2.792928 | lrm: 0.26 | dt: 718.07ms | tok/sec: 91,266 | bf16_mfu: 0.00 | epoch: 1 pq: 3 rg: 45 | total time: 39.17m | eta: 6.7m
step 03259/03814 (85.45%) | loss: 2.787719 | lrm: 0.26 | dt: 722.51ms | tok/sec: 90,705 | bf16_mfu: 0.00 | epoch: 1 pq: 3 rg: 45 | total time: 39.18m | eta: 6.7m
step 03260/03814 (85.47%) | loss: 2.792315 | lrm: 0.26 | dt: 718.04ms | tok/sec: 91,270 | bf16_mfu: 0.00 | epoch: 1 pq: 3 rg: 45 | total time: 39.19m | eta: 6.7m
step 03261/03814 (85.50%) | loss: 2.790613 | lrm: 0.26 | dt: 721.54ms | tok/sec: 90,827 | bf16_mfu: 0.00 | epoch: 1 pq: 3 rg: 45 | total time: 39.20m | eta: 6.7m
step 03262/03814 (85.53%) | loss: 2.791346 | lrm: 0.26 | dt: 719.30ms | tok/sec: 91,110 | bf16_mfu: 0.00 | epoch: 1 pq: 3 rg: 45 | total time: 39.22m | eta: 6.7m
step 03263/03814 (85.55%) | loss: 2.803630 | lrm: 0.26 | dt: 737.04ms | tok/sec: 88,917 | bf16_mfu: 0.00 | epoch: 1 pq: 3 rg: 45 | total time: 39.23m | eta: 6.6m
step 03264/03814 (85.58%) | loss: 2.783914 | lrm: 0.26 | dt: 718.70ms | tok/sec: 91,186 | bf16_mfu: 0.00 | epoch: 1 pq: 3 rg: 45 | total time: 39.24m | eta: 6.6m
step 03265/03814 (85.61%) | loss: 2.784825 | lrm: 0.26 | dt: 720.77ms | tok/sec: 90,924 | bf16_mfu: 0.00 | epoch: 1 pq: 3 rg: 45 | total time: 39.25m | eta: 6.6m
step 03266/03814 (85.63%) | loss: 2.797257 | lrm: 0.26 | dt: 727.24ms | tok/sec: 90,116 | bf16_mfu: 0.00 | epoch: 1 pq: 3 rg: 45 | total time: 39.27m | eta: 6.6m
step 03267/03814 (85.66%) | loss: 2.802005 | lrm: 0.26 | dt: 719.89ms | tok/sec: 91,035 | bf16_mfu: 0.00 | epoch: 1 pq: 3 rg: 46 | total time: 39.28m | eta: 6.6m
step 03268/03814 (85.68%) | loss: 2.798837 | lrm: 0.26 | dt: 721.23ms | tok/sec: 90,867 | bf16_mfu: 0.00 | epoch: 1 pq: 3 rg: 46 | total time: 39.29m | eta: 6.6m
step 03269/03814 (85.71%) | loss: 2.802559 | lrm: 0.26 | dt: 718.35ms | tok/sec: 91,231 | bf16_mfu: 0.00 | epoch: 1 pq: 3 rg: 46 | total time: 39.30m | eta: 6.6m
step 03270/03814 (85.74%) | loss: 2.813650 | lrm: 0.26 | dt: 720.18ms | tok/sec: 90,999 | bf16_mfu: 0.00 | epoch: 1 pq: 3 rg: 46 | total time: 39.31m | eta: 6.6m
step 03271/03814 (85.76%) | loss: 2.832436 | lrm: 0.26 | dt: 720.10ms | tok/sec: 91,009 | bf16_mfu: 0.00 | epoch: 1 pq: 3 rg: 46 | total time: 39.33m | eta: 6.5m
step 03272/03814 (85.79%) | loss: 2.821857 | lrm: 0.26 | dt: 719.46ms | tok/sec: 91,089 | bf16_mfu: 0.00 | epoch: 1 pq: 3 rg: 46 | total time: 39.34m | eta: 6.5m
step 03273/03814 (85.82%) | loss: 2.829137 | lrm: 0.26 | dt: 727.86ms | tok/sec: 90,039 | bf16_mfu: 0.00 | epoch: 1 pq: 3 rg: 46 | total time: 39.35m | eta: 6.5m
step 03274/03814 (85.84%) | loss: 2.837664 | lrm: 0.26 | dt: 721.03ms | tok/sec: 90,891 | bf16_mfu: 0.00 | epoch: 1 pq: 3 rg: 46 | total time: 39.36m | eta: 6.5m
step 03275/03814 (85.87%) | loss: 2.836773 | lrm: 0.26 | dt: 720.43ms | tok/sec: 90,967 | bf16_mfu: 0.00 | epoch: 1 pq: 3 rg: 46 | total time: 39.37m | eta: 6.5m
step 03276/03814 (85.89%) | loss: 2.831455 | lrm: 0.26 | dt: 723.68ms | tok/sec: 90,558 | bf16_mfu: 0.00 | epoch: 1 pq: 3 rg: 46 | total time: 39.39m | eta: 6.5m
step 03277/03814 (85.92%) | loss: 2.846890 | lrm: 0.26 | dt: 718.56ms | tok/sec: 91,204 | bf16_mfu: 0.00 | epoch: 1 pq: 3 rg: 46 | total time: 39.40m | eta: 6.5m
step 03278/03814 (85.95%) | loss: 2.855595 | lrm: 0.26 | dt: 722.28ms | tok/sec: 90,735 | bf16_mfu: 0.00 | epoch: 1 pq: 3 rg: 47 | total time: 39.41m | eta: 6.5m
step 03279/03814 (85.97%) | loss: 2.850231 | lrm: 0.26 | dt: 719.36ms | tok/sec: 91,103 | bf16_mfu: 0.00 | epoch: 1 pq: 3 rg: 47 | total time: 39.42m | eta: 6.5m
step 03280/03814 (86.00%) | loss: 2.854867 | lrm: 0.25 | dt: 720.88ms | tok/sec: 90,911 | bf16_mfu: 0.00 | epoch: 1 pq: 3 rg: 47 | total time: 39.43m | eta: 6.4m
step 03281/03814 (86.03%) | loss: 2.850482 | lrm: 0.25 | dt: 720.84ms | tok/sec: 90,916 | bf16_mfu: 0.00 | epoch: 1 pq: 3 rg: 47 | total time: 39.45m | eta: 6.4m
step 03282/03814 (86.05%) | loss: 2.854509 | lrm: 0.25 | dt: 721.85ms | tok/sec: 90,788 | bf16_mfu: 0.00 | epoch: 1 pq: 3 rg: 47 | total time: 39.46m | eta: 6.4m
step 03283/03814 (86.08%) | loss: 2.850430 | lrm: 0.25 | dt: 727.43ms | tok/sec: 90,092 | bf16_mfu: 0.00 | epoch: 1 pq: 3 rg: 47 | total time: 39.47m | eta: 6.4m
step 03284/03814 (86.10%) | loss: 2.845690 | lrm: 0.25 | dt: 723.62ms | tok/sec: 90,567 | bf16_mfu: 0.00 | epoch: 1 pq: 3 rg: 47 | total time: 39.48m | eta: 6.4m
step 03285/03814 (86.13%) | loss: 2.857262 | lrm: 0.25 | dt: 716.22ms | tok/sec: 91,502 | bf16_mfu: 0.00 | epoch: 1 pq: 3 rg: 47 | total time: 39.49m | eta: 6.4m
step 03286/03814 (86.16%) | loss: 2.874628 | lrm: 0.25 | dt: 725.82ms | tok/sec: 90,292 | bf16_mfu: 0.00 | epoch: 1 pq: 3 rg: 47 | total time: 39.51m | eta: 6.4m
step 03287/03814 (86.18%) | loss: 2.860858 | lrm: 0.25 | dt: 716.65ms | tok/sec: 91,447 | bf16_mfu: 0.00 | epoch: 1 pq: 3 rg: 47 | total time: 39.52m | eta: 6.4m
step 03288/03814 (86.21%) | loss: 2.862821 | lrm: 0.25 | dt: 733.04ms | tok/sec: 89,402 | bf16_mfu: 0.00 | epoch: 1 pq: 3 rg: 48 | total time: 39.53m | eta: 6.3m
step 03289/03814 (86.23%) | loss: 2.854149 | lrm: 0.25 | dt: 727.42ms | tok/sec: 90,093 | bf16_mfu: 0.00 | epoch: 1 pq: 3 rg: 48 | total time: 39.54m | eta: 6.3m
step 03290/03814 (86.26%) | loss: 2.884652 | lrm: 0.25 | dt: 721.22ms | tok/sec: 90,868 | bf16_mfu: 0.00 | epoch: 1 pq: 3 rg: 48 | total time: 39.55m | eta: 6.3m
step 03291/03814 (86.29%) | loss: 2.871466 | lrm: 0.25 | dt: 718.59ms | tok/sec: 91,201 | bf16_mfu: 0.00 | epoch: 1 pq: 3 rg: 48 | total time: 39.57m | eta: 6.3m
step 03292/03814 (86.31%) | loss: 2.856290 | lrm: 0.25 | dt: 723.23ms | tok/sec: 90,616 | bf16_mfu: 0.00 | epoch: 1 pq: 3 rg: 48 | total time: 39.58m | eta: 6.3m
step 03293/03814 (86.34%) | loss: 2.863798 | lrm: 0.25 | dt: 721.37ms | tok/sec: 90,849 | bf16_mfu: 0.00 | epoch: 1 pq: 3 rg: 48 | total time: 39.59m | eta: 6.3m
step 03294/03814 (86.37%) | loss: 2.880863 | lrm: 0.25 | dt: 720.25ms | tok/sec: 90,990 | bf16_mfu: 0.00 | epoch: 1 pq: 3 rg: 48 | total time: 39.60m | eta: 6.3m
step 03295/03814 (86.39%) | loss: 2.887101 | lrm: 0.25 | dt: 724.56ms | tok/sec: 90,449 | bf16_mfu: 0.00 | epoch: 1 pq: 3 rg: 48 | total time: 39.61m | eta: 6.3m
step 03296/03814 (86.42%) | loss: 2.881313 | lrm: 0.25 | dt: 718.41ms | tok/sec: 91,224 | bf16_mfu: 0.00 | epoch: 1 pq: 3 rg: 48 | total time: 39.63m | eta: 6.2m
step 03297/03814 (86.44%) | loss: 2.865842 | lrm: 0.25 | dt: 723.20ms | tok/sec: 90,619 | bf16_mfu: 0.00 | epoch: 1 pq: 3 rg: 48 | total time: 39.64m | eta: 6.2m
step 03298/03814 (86.47%) | loss: 2.867922 | lrm: 0.25 | dt: 720.83ms | tok/sec: 90,917 | bf16_mfu: 0.00 | epoch: 1 pq: 3 rg: 48 | total time: 39.65m | eta: 6.2m
step 03299/03814 (86.50%) | loss: 2.859754 | lrm: 0.25 | dt: 718.61ms | tok/sec: 91,198 | bf16_mfu: 0.00 | epoch: 1 pq: 3 rg: 49 | total time: 39.66m | eta: 6.2m
step 03300/03814 (86.52%) | loss: 2.847202 | lrm: 0.25 | dt: 718.50ms | tok/sec: 91,212 | bf16_mfu: 0.00 | epoch: 1 pq: 3 rg: 49 | total time: 39.67m | eta: 6.2m
step 03301/03814 (86.55%) | loss: 2.860526 | lrm: 0.25 | dt: 722.02ms | tok/sec: 90,767 | bf16_mfu: 0.00 | epoch: 1 pq: 3 rg: 49 | total time: 39.69m | eta: 6.2m
step 03302/03814 (86.58%) | loss: 2.858684 | lrm: 0.25 | dt: 715.27ms | tok/sec: 91,623 | bf16_mfu: 0.00 | epoch: 1 pq: 3 rg: 49 | total time: 39.70m | eta: 6.2m
step 03303/03814 (86.60%) | loss: 2.859872 | lrm: 0.25 | dt: 719.52ms | tok/sec: 91,082 | bf16_mfu: 0.00 | epoch: 1 pq: 3 rg: 49 | total time: 39.71m | eta: 6.2m
step 03304/03814 (86.63%) | loss: 2.857001 | lrm: 0.25 | dt: 721.31ms | tok/sec: 90,857 | bf16_mfu: 0.00 | epoch: 1 pq: 3 rg: 49 | total time: 39.72m | eta: 6.2m
step 03305/03814 (86.65%) | loss: 2.894876 | lrm: 0.25 | dt: 724.21ms | tok/sec: 90,493 | bf16_mfu: 0.00 | epoch: 1 pq: 3 rg: 49 | total time: 39.73m | eta: 6.1m
step 03306/03814 (86.68%) | loss: 2.880140 | lrm: 0.24 | dt: 720.39ms | tok/sec: 90,973 | bf16_mfu: 0.00 | epoch: 1 pq: 3 rg: 49 | total time: 39.75m | eta: 6.1m
step 03307/03814 (86.71%) | loss: 2.890805 | lrm: 0.24 | dt: 718.04ms | tok/sec: 91,271 | bf16_mfu: 0.00 | epoch: 1 pq: 3 rg: 49 | total time: 39.76m | eta: 6.1m
step 03308/03814 (86.73%) | loss: 2.887008 | lrm: 0.24 | dt: 723.56ms | tok/sec: 90,574 | bf16_mfu: 0.00 | epoch: 1 pq: 3 rg: 49 | total time: 39.77m | eta: 6.1m
step 03309/03814 (86.76%) | loss: 2.892100 | lrm: 0.24 | dt: 718.72ms | tok/sec: 91,184 | bf16_mfu: 0.00 | epoch: 1 pq: 3 rg: 49 | total time: 39.78m | eta: 6.1m
step 03310/03814 (86.79%) | loss: 2.891129 | lrm: 0.24 | dt: 718.23ms | tok/sec: 91,246 | bf16_mfu: 0.00 | epoch: 1 pq: 3 rg: 50 | total time: 39.79m | eta: 6.1m
step 03311/03814 (86.81%) | loss: 2.878693 | lrm: 0.24 | dt: 723.64ms | tok/sec: 90,564 | bf16_mfu: 0.00 | epoch: 1 pq: 3 rg: 50 | total time: 39.81m | eta: 6.1m
step 03312/03814 (86.84%) | loss: 2.868442 | lrm: 0.24 | dt: 718.64ms | tok/sec: 91,194 | bf16_mfu: 0.00 | epoch: 1 pq: 3 rg: 50 | total time: 39.82m | eta: 6.1m
step 03313/03814 (86.86%) | loss: 2.881672 | lrm: 0.24 | dt: 722.44ms | tok/sec: 90,714 | bf16_mfu: 0.00 | epoch: 1 pq: 3 rg: 50 | total time: 39.83m | eta: 6.0m
step 03314/03814 (86.89%) | loss: 2.886525 | lrm: 0.24 | dt: 722.76ms | tok/sec: 90,675 | bf16_mfu: 0.00 | epoch: 1 pq: 3 rg: 50 | total time: 39.84m | eta: 6.0m
step 03315/03814 (86.92%) | loss: 2.882514 | lrm: 0.24 | dt: 720.24ms | tok/sec: 90,992 | bf16_mfu: 0.00 | epoch: 1 pq: 3 rg: 50 | total time: 39.85m | eta: 6.0m
step 03316/03814 (86.94%) | loss: 2.887380 | lrm: 0.24 | dt: 734.52ms | tok/sec: 89,223 | bf16_mfu: 0.00 | epoch: 1 pq: 3 rg: 50 | total time: 39.87m | eta: 6.0m
step 03317/03814 (86.97%) | loss: 2.890867 | lrm: 0.24 | dt: 720.06ms | tok/sec: 91,014 | bf16_mfu: 0.00 | epoch: 1 pq: 3 rg: 50 | total time: 39.88m | eta: 6.0m
step 03318/03814 (87.00%) | loss: 2.876547 | lrm: 0.24 | dt: 716.58ms | tok/sec: 91,456 | bf16_mfu: 0.00 | epoch: 1 pq: 3 rg: 50 | total time: 39.89m | eta: 6.0m
step 03319/03814 (87.02%) | loss: 2.873463 | lrm: 0.24 | dt: 721.50ms | tok/sec: 90,833 | bf16_mfu: 0.00 | epoch: 1 pq: 3 rg: 50 | total time: 39.90m | eta: 6.0m
step 03320/03814 (87.05%) | loss: 2.870654 | lrm: 0.24 | dt: 722.12ms | tok/sec: 90,755 | bf16_mfu: 0.00 | epoch: 1 pq: 3 rg: 50 | total time: 39.91m | eta: 6.0m
step 03321/03814 (87.07%) | loss: 2.855672 | lrm: 0.24 | dt: 716.77ms | tok/sec: 91,432 | bf16_mfu: 0.00 | epoch: 1 pq: 3 rg: 51 | total time: 39.93m | eta: 5.9m
step 03322/03814 (87.10%) | loss: 2.847386 | lrm: 0.24 | dt: 721.20ms | tok/sec: 90,870 | bf16_mfu: 0.00 | epoch: 1 pq: 3 rg: 51 | total time: 39.94m | eta: 5.9m
step 03323/03814 (87.13%) | loss: 2.833634 | lrm: 0.24 | dt: 722.43ms | tok/sec: 90,715 | bf16_mfu: 0.00 | epoch: 1 pq: 3 rg: 51 | total time: 39.95m | eta: 5.9m
step 03324/03814 (87.15%) | loss: 2.843150 | lrm: 0.24 | dt: 718.99ms | tok/sec: 91,150 | bf16_mfu: 0.00 | epoch: 1 pq: 3 rg: 51 | total time: 39.96m | eta: 5.9m
step 03325/03814 (87.18%) | loss: 2.847131 | lrm: 0.24 | dt: 717.20ms | tok/sec: 91,377 | bf16_mfu: 0.00 | epoch: 1 pq: 3 rg: 51 | total time: 39.97m | eta: 5.9m
step 03326/03814 (87.21%) | loss: 2.838171 | lrm: 0.24 | dt: 720.50ms | tok/sec: 90,959 | bf16_mfu: 0.00 | epoch: 1 pq: 3 rg: 51 | total time: 39.99m | eta: 5.9m
step 03327/03814 (87.23%) | loss: 2.839858 | lrm: 0.24 | dt: 723.13ms | tok/sec: 90,627 | bf16_mfu: 0.00 | epoch: 1 pq: 3 rg: 51 | total time: 40.00m | eta: 5.9m
step 03328/03814 (87.26%) | loss: 2.837976 | lrm: 0.24 | dt: 718.50ms | tok/sec: 91,212 | bf16_mfu: 0.00 | epoch: 1 pq: 3 rg: 51 | total time: 40.01m | eta: 5.9m
step 03329/03814 (87.28%) | loss: 2.841576 | lrm: 0.24 | dt: 724.48ms | tok/sec: 90,459 | bf16_mfu: 0.00 | epoch: 1 pq: 3 rg: 51 | total time: 40.02m | eta: 5.8m
step 03330/03814 (87.31%) | loss: 2.845386 | lrm: 0.24 | dt: 719.57ms | tok/sec: 91,076 | bf16_mfu: 0.00 | epoch: 1 pq: 3 rg: 51 | total time: 40.03m | eta: 5.8m
step 03331/03814 (87.34%) | loss: 2.856346 | lrm: 0.24 | dt: 718.68ms | tok/sec: 91,188 | bf16_mfu: 0.00 | epoch: 1 pq: 3 rg: 51 | total time: 40.05m | eta: 5.8m
step 03332/03814 (87.36%) | loss: 2.840398 | lrm: 0.23 | dt: 756.34ms | tok/sec: 86,648 | bf16_mfu: 0.00 | epoch: 1 pq: 3 rg: 52 | total time: 40.06m | eta: 5.8m
step 03333/03814 (87.39%) | loss: 2.847065 | lrm: 0.23 | dt: 720.93ms | tok/sec: 90,904 | bf16_mfu: 0.00 | epoch: 1 pq: 3 rg: 52 | total time: 40.07m | eta: 5.8m
step 03334/03814 (87.41%) | loss: 2.848941 | lrm: 0.23 | dt: 719.54ms | tok/sec: 91,079 | bf16_mfu: 0.00 | epoch: 1 pq: 3 rg: 52 | total time: 40.08m | eta: 5.8m
step 03335/03814 (87.44%) | loss: 2.856773 | lrm: 0.23 | dt: 718.64ms | tok/sec: 91,193 | bf16_mfu: 0.00 | epoch: 1 pq: 3 rg: 52 | total time: 40.10m | eta: 5.8m
step 03336/03814 (87.47%) | loss: 2.860333 | lrm: 0.23 | dt: 726.42ms | tok/sec: 90,217 | bf16_mfu: 0.00 | epoch: 1 pq: 3 rg: 52 | total time: 40.11m | eta: 5.8m
step 03337/03814 (87.49%) | loss: 2.859130 | lrm: 0.23 | dt: 723.03ms | tok/sec: 90,640 | bf16_mfu: 0.00 | epoch: 1 pq: 3 rg: 52 | total time: 40.12m | eta: 5.8m
step 03338/03814 (87.52%) | loss: 2.871986 | lrm: 0.23 | dt: 721.71ms | tok/sec: 90,806 | bf16_mfu: 0.00 | epoch: 1 pq: 3 rg: 52 | total time: 40.13m | eta: 5.7m
step 03339/03814 (87.55%) | loss: 2.855629 | lrm: 0.23 | dt: 720.29ms | tok/sec: 90,985 | bf16_mfu: 0.00 | epoch: 1 pq: 3 rg: 52 | total time: 40.14m | eta: 5.7m
step 03340/03814 (87.57%) | loss: 2.861788 | lrm: 0.23 | dt: 721.96ms | tok/sec: 90,775 | bf16_mfu: 0.00 | epoch: 1 pq: 3 rg: 52 | total time: 40.16m | eta: 5.7m
step 03341/03814 (87.60%) | loss: 2.865960 | lrm: 0.23 | dt: 719.29ms | tok/sec: 91,111 | bf16_mfu: 0.00 | epoch: 1 pq: 3 rg: 52 | total time: 40.17m | eta: 5.7m
step 03342/03814 (87.62%) | loss: 2.874380 | lrm: 0.23 | dt: 914.19ms | tok/sec: 71,687 | bf16_mfu: 0.00 | epoch: 1 pq: 3 rg: 52 | total time: 40.18m | eta: 5.7m
step 03343/03814 (87.65%) | loss: 2.877174 | lrm: 0.23 | dt: 724.04ms | tok/sec: 90,513 | bf16_mfu: 0.00 | epoch: 1 pq: 3 rg: 53 | total time: 40.19m | eta: 5.7m
step 03344/03814 (87.68%) | loss: 2.873598 | lrm: 0.23 | dt: 718.02ms | tok/sec: 91,273 | bf16_mfu: 0.00 | epoch: 1 pq: 3 rg: 53 | total time: 40.21m | eta: 5.7m
step 03345/03814 (87.70%) | loss: 2.881307 | lrm: 0.23 | dt: 719.09ms | tok/sec: 91,136 | bf16_mfu: 0.00 | epoch: 1 pq: 3 rg: 53 | total time: 40.22m | eta: 5.7m
step 03346/03814 (87.73%) | loss: 2.892988 | lrm: 0.23 | dt: 720.29ms | tok/sec: 90,985 | bf16_mfu: 0.00 | epoch: 1 pq: 3 rg: 53 | total time: 40.23m | eta: 5.6m
step 03347/03814 (87.76%) | loss: 2.889478 | lrm: 0.23 | dt: 718.90ms | tok/sec: 91,162 | bf16_mfu: 0.00 | epoch: 1 pq: 3 rg: 53 | total time: 40.24m | eta: 5.6m
step 03348/03814 (87.78%) | loss: 2.871297 | lrm: 0.23 | dt: 723.80ms | tok/sec: 90,544 | bf16_mfu: 0.00 | epoch: 1 pq: 3 rg: 53 | total time: 40.25m | eta: 5.6m
step 03349/03814 (87.81%) | loss: 2.861882 | lrm: 0.23 | dt: 731.60ms | tok/sec: 89,578 | bf16_mfu: 0.00 | epoch: 1 pq: 3 rg: 53 | total time: 40.27m | eta: 5.6m
step 03350/03814 (87.83%) | loss: 2.855681 | lrm: 0.23 | dt: 717.78ms | tok/sec: 91,303 | bf16_mfu: 0.00 | epoch: 1 pq: 3 rg: 53 | total time: 40.28m | eta: 5.6m
step 03351/03814 (87.86%) | loss: 2.858289 | lrm: 0.23 | dt: 720.85ms | tok/sec: 90,914 | bf16_mfu: 0.00 | epoch: 1 pq: 3 rg: 53 | total time: 40.29m | eta: 5.6m
step 03352/03814 (87.89%) | loss: 2.862532 | lrm: 0.23 | dt: 725.02ms | tok/sec: 90,392 | bf16_mfu: 0.00 | epoch: 1 pq: 3 rg: 53 | total time: 40.30m | eta: 5.6m
step 03353/03814 (87.91%) | loss: 2.859671 | lrm: 0.23 | dt: 718.61ms | tok/sec: 91,198 | bf16_mfu: 0.00 | epoch: 1 pq: 3 rg: 53 | total time: 40.31m | eta: 5.6m
step 03354/03814 (87.94%) | loss: 2.871891 | lrm: 0.23 | dt: 719.20ms | tok/sec: 91,123 | bf16_mfu: 0.00 | epoch: 1 pq: 3 rg: 54 | total time: 40.33m | eta: 5.5m
step 03355/03814 (87.97%) | loss: 2.859761 | lrm: 0.23 | dt: 719.73ms | tok/sec: 91,056 | bf16_mfu: 0.00 | epoch: 1 pq: 3 rg: 54 | total time: 40.34m | eta: 5.5m
step 03356/03814 (87.99%) | loss: 2.849235 | lrm: 0.23 | dt: 716.60ms | tok/sec: 91,454 | bf16_mfu: 0.00 | epoch: 1 pq: 3 rg: 54 | total time: 40.35m | eta: 5.5m
step 03357/03814 (88.02%) | loss: 2.858591 | lrm: 0.23 | dt: 725.86ms | tok/sec: 90,287 | bf16_mfu: 0.00 | epoch: 1 pq: 3 rg: 54 | total time: 40.36m | eta: 5.5m
step 03358/03814 (88.04%) | loss: 2.868148 | lrm: 0.22 | dt: 716.34ms | tok/sec: 91,486 | bf16_mfu: 0.00 | epoch: 1 pq: 3 rg: 54 | total time: 40.37m | eta: 5.5m
step 03359/03814 (88.07%) | loss: 2.856809 | lrm: 0.22 | dt: 721.41ms | tok/sec: 90,844 | bf16_mfu: 0.00 | epoch: 1 pq: 3 rg: 54 | total time: 40.39m | eta: 5.5m
step 03360/03814 (88.10%) | loss: 2.853316 | lrm: 0.22 | dt: 722.31ms | tok/sec: 90,730 | bf16_mfu: 0.00 | epoch: 1 pq: 3 rg: 54 | total time: 40.40m | eta: 5.5m
step 03361/03814 (88.12%) | loss: 2.846772 | lrm: 0.22 | dt: 717.82ms | tok/sec: 91,298 | bf16_mfu: 0.00 | epoch: 1 pq: 3 rg: 54 | total time: 40.41m | eta: 5.5m
step 03362/03814 (88.15%) | loss: 2.834074 | lrm: 0.22 | dt: 725.04ms | tok/sec: 90,389 | bf16_mfu: 0.00 | epoch: 1 pq: 3 rg: 54 | total time: 40.42m | eta: 5.5m
step 03363/03814 (88.18%) | loss: 2.833858 | lrm: 0.22 | dt: 718.38ms | tok/sec: 91,227 | bf16_mfu: 0.00 | epoch: 1 pq: 3 rg: 54 | total time: 40.43m | eta: 5.4m
step 03364/03814 (88.20%) | loss: 2.841881 | lrm: 0.22 | dt: 721.54ms | tok/sec: 90,828 | bf16_mfu: 0.00 | epoch: 1 pq: 3 rg: 54 | total time: 40.45m | eta: 5.4m
step 03365/03814 (88.23%) | loss: 2.848311 | lrm: 0.22 | dt: 747.39ms | tok/sec: 87,686 | bf16_mfu: 0.00 | epoch: 1 pq: 3 rg: 55 | total time: 40.46m | eta: 5.4m
step 03366/03814 (88.25%) | loss: 2.848522 | lrm: 0.22 | dt: 718.58ms | tok/sec: 91,202 | bf16_mfu: 0.00 | epoch: 1 pq: 3 rg: 55 | total time: 40.47m | eta: 5.4m
step 03367/03814 (88.28%) | loss: 2.852221 | lrm: 0.22 | dt: 719.35ms | tok/sec: 91,104 | bf16_mfu: 0.00 | epoch: 1 pq: 3 rg: 55 | total time: 40.48m | eta: 5.4m
step 03368/03814 (88.31%) | loss: 2.856928 | lrm: 0.22 | dt: 721.73ms | tok/sec: 90,803 | bf16_mfu: 0.00 | epoch: 1 pq: 3 rg: 55 | total time: 40.50m | eta: 5.4m
step 03369/03814 (88.33%) | loss: 2.852356 | lrm: 0.22 | dt: 714.54ms | tok/sec: 91,717 | bf16_mfu: 0.00 | epoch: 1 pq: 3 rg: 55 | total time: 40.51m | eta: 5.4m
step 03370/03814 (88.36%) | loss: 2.848218 | lrm: 0.22 | dt: 722.19ms | tok/sec: 90,746 | bf16_mfu: 0.00 | epoch: 1 pq: 3 rg: 55 | total time: 40.52m | eta: 5.4m
step 03371/03814 (88.38%) | loss: 2.862837 | lrm: 0.22 | dt: 723.46ms | tok/sec: 90,586 | bf16_mfu: 0.00 | epoch: 1 pq: 3 rg: 55 | total time: 40.53m | eta: 5.3m
step 03372/03814 (88.41%) | loss: 2.841873 | lrm: 0.22 | dt: 717.27ms | tok/sec: 91,369 | bf16_mfu: 0.00 | epoch: 1 pq: 3 rg: 55 | total time: 40.54m | eta: 5.3m
step 03373/03814 (88.44%) | loss: 2.850122 | lrm: 0.22 | dt: 714.10ms | tok/sec: 91,774 | bf16_mfu: 0.00 | epoch: 1 pq: 3 rg: 55 | total time: 40.56m | eta: 5.3m
step 03374/03814 (88.46%) | loss: 2.863689 | lrm: 0.22 | dt: 723.26ms | tok/sec: 90,611 | bf16_mfu: 0.00 | epoch: 1 pq: 3 rg: 55 | total time: 40.57m | eta: 5.3m
step 03375/03814 (88.49%) | loss: 2.897401 | lrm: 0.22 | dt: 718.15ms | tok/sec: 91,256 | bf16_mfu: 0.00 | epoch: 1 pq: 3 rg: 55 | total time: 40.58m | eta: 5.3m
step 03376/03814 (88.52%) | loss: 2.886867 | lrm: 0.22 | dt: 725.32ms | tok/sec: 90,355 | bf16_mfu: 0.00 | epoch: 1 pq: 3 rg: 56 | total time: 40.59m | eta: 5.3m
step 03377/03814 (88.54%) | loss: 2.889785 | lrm: 0.22 | dt: 717.50ms | tok/sec: 91,338 | bf16_mfu: 0.00 | epoch: 1 pq: 3 rg: 56 | total time: 40.60m | eta: 5.3m
step 03378/03814 (88.57%) | loss: 2.898786 | lrm: 0.22 | dt: 917.41ms | tok/sec: 71,435 | bf16_mfu: 0.00 | epoch: 1 pq: 3 rg: 56 | total time: 40.62m | eta: 5.3m
step 03379/03814 (88.59%) | loss: 2.908382 | lrm: 0.22 | dt: 725.07ms | tok/sec: 90,385 | bf16_mfu: 0.00 | epoch: 1 pq: 3 rg: 56 | total time: 40.63m | eta: 5.2m
step 03380/03814 (88.62%) | loss: 2.910706 | lrm: 0.22 | dt: 720.05ms | tok/sec: 91,015 | bf16_mfu: 0.00 | epoch: 1 pq: 3 rg: 56 | total time: 40.64m | eta: 5.2m
step 03381/03814 (88.65%) | loss: 2.912348 | lrm: 0.22 | dt: 723.45ms | tok/sec: 90,588 | bf16_mfu: 0.00 | epoch: 1 pq: 3 rg: 56 | total time: 40.65m | eta: 5.2m
step 03382/03814 (88.67%) | loss: 2.922085 | lrm: 0.22 | dt: 717.55ms | tok/sec: 91,332 | bf16_mfu: 0.00 | epoch: 1 pq: 3 rg: 56 | total time: 40.67m | eta: 5.2m
step 03383/03814 (88.70%) | loss: 2.908044 | lrm: 0.22 | dt: 716.00ms | tok/sec: 91,531 | bf16_mfu: 0.00 | epoch: 1 pq: 3 rg: 56 | total time: 40.68m | eta: 5.2m
step 03384/03814 (88.73%) | loss: 2.913854 | lrm: 0.21 | dt: 721.71ms | tok/sec: 90,807 | bf16_mfu: 0.00 | epoch: 1 pq: 3 rg: 56 | total time: 40.69m | eta: 5.2m
step 03385/03814 (88.75%) | loss: 2.921475 | lrm: 0.21 | dt: 716.42ms | tok/sec: 91,477 | bf16_mfu: 0.00 | epoch: 1 pq: 3 rg: 56 | total time: 40.70m | eta: 5.2m
step 03386/03814 (88.78%) | loss: 2.923455 | lrm: 0.21 | dt: 718.23ms | tok/sec: 91,246 | bf16_mfu: 0.00 | epoch: 1 pq: 3 rg: 56 | total time: 40.71m | eta: 5.2m
step 03387/03814 (88.80%) | loss: 2.936278 | lrm: 0.21 | dt: 765.06ms | tok/sec: 85,661 | bf16_mfu: 0.00 | epoch: 1 pq: 3 rg: 57 | total time: 40.73m | eta: 5.1m
step 03388/03814 (88.83%) | loss: 2.924548 | lrm: 0.21 | dt: 723.06ms | tok/sec: 90,637 | bf16_mfu: 0.00 | epoch: 1 pq: 3 rg: 57 | total time: 40.74m | eta: 5.1m
step 03389/03814 (88.86%) | loss: 2.923519 | lrm: 0.21 | dt: 715.95ms | tok/sec: 91,537 | bf16_mfu: 0.00 | epoch: 1 pq: 3 rg: 57 | total time: 40.75m | eta: 5.1m
step 03390/03814 (88.88%) | loss: 2.944356 | lrm: 0.21 | dt: 712.26ms | tok/sec: 92,011 | bf16_mfu: 0.00 | epoch: 1 pq: 3 rg: 57 | total time: 40.76m | eta: 5.1m
step 03391/03814 (88.91%) | loss: 2.950742 | lrm: 0.21 | dt: 717.25ms | tok/sec: 91,371 | bf16_mfu: 0.00 | epoch: 1 pq: 3 rg: 57 | total time: 40.78m | eta: 5.1m
step 03392/03814 (88.94%) | loss: 2.944956 | lrm: 0.21 | dt: 720.76ms | tok/sec: 90,925 | bf16_mfu: 0.00 | epoch: 1 pq: 3 rg: 57 | total time: 40.79m | eta: 5.1m
step 03393/03814 (88.96%) | loss: 2.947650 | lrm: 0.21 | dt: 719.22ms | tok/sec: 91,120 | bf16_mfu: 0.00 | epoch: 1 pq: 3 rg: 57 | total time: 40.80m | eta: 5.1m
step 03394/03814 (88.99%) | loss: 2.932324 | lrm: 0.21 | dt: 719.23ms | tok/sec: 91,120 | bf16_mfu: 0.00 | epoch: 1 pq: 3 rg: 57 | total time: 40.81m | eta: 5.1m
step 03395/03814 (89.01%) | loss: 2.936007 | lrm: 0.21 | dt: 716.53ms | tok/sec: 91,462 | bf16_mfu: 0.00 | epoch: 1 pq: 3 rg: 57 | total time: 40.82m | eta: 5.1m
step 03396/03814 (89.04%) | loss: 2.944544 | lrm: 0.21 | dt: 716.40ms | tok/sec: 91,479 | bf16_mfu: 0.00 | epoch: 1 pq: 3 rg: 57 | total time: 40.84m | eta: 5.0m
step 03397/03814 (89.07%) | loss: 2.939138 | lrm: 0.21 | dt: 718.35ms | tok/sec: 91,230 | bf16_mfu: 0.00 | epoch: 1 pq: 3 rg: 57 | total time: 40.85m | eta: 5.0m
step 03398/03814 (89.09%) | loss: 2.936666 | lrm: 0.21 | dt: 713.26ms | tok/sec: 91,881 | bf16_mfu: 0.00 | epoch: 1 pq: 3 rg: 58 | total time: 40.86m | eta: 5.0m
step 03399/03814 (89.12%) | loss: 2.928994 | lrm: 0.21 | dt: 715.33ms | tok/sec: 91,616 | bf16_mfu: 0.00 | epoch: 1 pq: 3 rg: 58 | total time: 40.87m | eta: 5.0m
step 03400/03814 (89.15%) | loss: 2.940382 | lrm: 0.21 | dt: 716.53ms | tok/sec: 91,462 | bf16_mfu: 0.00 | epoch: 1 pq: 3 rg: 58 | total time: 40.88m | eta: 5.0m
step 03401/03814 (89.17%) | loss: 2.932093 | lrm: 0.21 | dt: 712.67ms | tok/sec: 91,958 | bf16_mfu: 0.00 | epoch: 1 pq: 3 rg: 58 | total time: 40.89m | eta: 5.0m
step 03402/03814 (89.20%) | loss: 2.927552 | lrm: 0.21 | dt: 716.81ms | tok/sec: 91,427 | bf16_mfu: 0.00 | epoch: 1 pq: 3 rg: 58 | total time: 40.91m | eta: 5.0m
step 03403/03814 (89.22%) | loss: 2.911463 | lrm: 0.21 | dt: 720.02ms | tok/sec: 91,019 | bf16_mfu: 0.00 | epoch: 1 pq: 3 rg: 58 | total time: 40.92m | eta: 5.0m
step 03404/03814 (89.25%) | loss: 2.914780 | lrm: 0.21 | dt: 718.80ms | tok/sec: 91,174 | bf16_mfu: 0.00 | epoch: 1 pq: 3 rg: 58 | total time: 40.93m | eta: 4.9m
step 03405/03814 (89.28%) | loss: 2.904527 | lrm: 0.21 | dt: 715.37ms | tok/sec: 91,610 | bf16_mfu: 0.00 | epoch: 1 pq: 3 rg: 58 | total time: 40.94m | eta: 4.9m
step 03406/03814 (89.30%) | loss: 2.894351 | lrm: 0.21 | dt: 714.32ms | tok/sec: 91,745 | bf16_mfu: 0.00 | epoch: 1 pq: 3 rg: 58 | total time: 40.95m | eta: 4.9m
step 03407/03814 (89.33%) | loss: 2.902622 | lrm: 0.21 | dt: 729.23ms | tok/sec: 89,870 | bf16_mfu: 0.00 | epoch: 1 pq: 3 rg: 58 | total time: 40.97m | eta: 4.9m
step 03408/03814 (89.36%) | loss: 2.911385 | lrm: 0.21 | dt: 713.82ms | tok/sec: 91,810 | bf16_mfu: 0.00 | epoch: 1 pq: 3 rg: 58 | total time: 40.98m | eta: 4.9m
step 03409/03814 (89.38%) | loss: 2.911401 | lrm: 0.21 | dt: 717.91ms | tok/sec: 91,287 | bf16_mfu: 0.00 | epoch: 1 pq: 3 rg: 58 | total time: 40.99m | eta: 4.9m
step 03410/03814 (89.41%) | loss: 2.903535 | lrm: 0.20 | dt: 748.68ms | tok/sec: 87,535 | bf16_mfu: 0.00 | epoch: 1 pq: 3 rg: 59 | total time: 41.00m | eta: 4.9m
step 03411/03814 (89.43%) | loss: 2.893547 | lrm: 0.20 | dt: 714.30ms | tok/sec: 91,748 | bf16_mfu: 0.00 | epoch: 1 pq: 3 rg: 59 | total time: 41.01m | eta: 4.9m
step 03412/03814 (89.46%) | loss: 2.893643 | lrm: 0.20 | dt: 718.85ms | tok/sec: 91,167 | bf16_mfu: 0.00 | epoch: 1 pq: 3 rg: 59 | total time: 41.03m | eta: 4.8m
step 03413/03814 (89.49%) | loss: 2.875337 | lrm: 0.20 | dt: 714.42ms | tok/sec: 91,732 | bf16_mfu: 0.00 | epoch: 1 pq: 3 rg: 59 | total time: 41.04m | eta: 4.8m
step 03414/03814 (89.51%) | loss: 2.873152 | lrm: 0.20 | dt: 716.14ms | tok/sec: 91,512 | bf16_mfu: 0.00 | epoch: 1 pq: 3 rg: 59 | total time: 41.05m | eta: 4.8m
step 03415/03814 (89.54%) | loss: 2.878600 | lrm: 0.20 | dt: 710.78ms | tok/sec: 92,202 | bf16_mfu: 0.00 | epoch: 1 pq: 3 rg: 59 | total time: 41.06m | eta: 4.8m
step 03416/03814 (89.56%) | loss: 2.862055 | lrm: 0.20 | dt: 714.02ms | tok/sec: 91,784 | bf16_mfu: 0.00 | epoch: 1 pq: 3 rg: 59 | total time: 41.07m | eta: 4.8m
step 03417/03814 (89.59%) | loss: 2.859468 | lrm: 0.20 | dt: 718.98ms | tok/sec: 91,150 | bf16_mfu: 0.00 | epoch: 1 pq: 3 rg: 59 | total time: 41.09m | eta: 4.8m
step 03418/03814 (89.62%) | loss: 2.862402 | lrm: 0.20 | dt: 713.66ms | tok/sec: 91,830 | bf16_mfu: 0.00 | epoch: 1 pq: 3 rg: 59 | total time: 41.10m | eta: 4.8m
step 03419/03814 (89.64%) | loss: 2.842894 | lrm: 0.20 | dt: 736.69ms | tok/sec: 88,959 | bf16_mfu: 0.00 | epoch: 1 pq: 3 rg: 59 | total time: 41.11m | eta: 4.8m
step 03420/03814 (89.67%) | loss: 2.843457 | lrm: 0.20 | dt: 720.93ms | tok/sec: 90,904 | bf16_mfu: 0.00 | epoch: 1 pq: 3 rg: 59 | total time: 41.12m | eta: 4.8m
step 03421/03814 (89.70%) | loss: 2.854367 | lrm: 0.20 | dt: 714.81ms | tok/sec: 91,683 | bf16_mfu: 0.00 | epoch: 1 pq: 3 rg: 60 | total time: 41.13m | eta: 4.7m
step 03422/03814 (89.72%) | loss: 2.867602 | lrm: 0.20 | dt: 715.83ms | tok/sec: 91,552 | bf16_mfu: 0.00 | epoch: 1 pq: 3 rg: 60 | total time: 41.15m | eta: 4.7m
step 03423/03814 (89.75%) | loss: 2.873741 | lrm: 0.20 | dt: 721.17ms | tok/sec: 90,874 | bf16_mfu: 0.00 | epoch: 1 pq: 3 rg: 60 | total time: 41.16m | eta: 4.7m
step 03424/03814 (89.77%) | loss: 2.880063 | lrm: 0.20 | dt: 717.88ms | tok/sec: 91,291 | bf16_mfu: 0.00 | epoch: 1 pq: 3 rg: 60 | total time: 41.17m | eta: 4.7m
step 03425/03814 (89.80%) | loss: 2.856701 | lrm: 0.20 | dt: 720.62ms | tok/sec: 90,943 | bf16_mfu: 0.00 | epoch: 1 pq: 3 rg: 60 | total time: 41.18m | eta: 4.7m
step 03426/03814 (89.83%) | loss: 2.844953 | lrm: 0.20 | dt: 719.27ms | tok/sec: 91,114 | bf16_mfu: 0.00 | epoch: 1 pq: 3 rg: 60 | total time: 41.19m | eta: 4.7m
step 03427/03814 (89.85%) | loss: 2.848464 | lrm: 0.20 | dt: 717.60ms | tok/sec: 91,326 | bf16_mfu: 0.00 | epoch: 1 pq: 3 rg: 60 | total time: 41.21m | eta: 4.7m
step 03428/03814 (89.88%) | loss: 2.857179 | lrm: 0.20 | dt: 719.96ms | tok/sec: 91,027 | bf16_mfu: 0.00 | epoch: 1 pq: 3 rg: 60 | total time: 41.22m | eta: 4.7m
step 03429/03814 (89.91%) | loss: 2.856172 | lrm: 0.20 | dt: 717.01ms | tok/sec: 91,401 | bf16_mfu: 0.00 | epoch: 1 pq: 3 rg: 60 | total time: 41.23m | eta: 4.6m
step 03430/03814 (89.93%) | loss: 2.836772 | lrm: 0.20 | dt: 715.85ms | tok/sec: 91,550 | bf16_mfu: 0.00 | epoch: 1 pq: 3 rg: 60 | total time: 41.24m | eta: 4.6m
step 03431/03814 (89.96%) | loss: 2.835402 | lrm: 0.20 | dt: 713.96ms | tok/sec: 91,792 | bf16_mfu: 0.00 | epoch: 1 pq: 3 rg: 60 | total time: 41.25m | eta: 4.6m
step 03432/03814 (89.98%) | loss: 2.851262 | lrm: 0.20 | dt: 717.34ms | tok/sec: 91,360 | bf16_mfu: 0.00 | epoch: 1 pq: 3 rg: 61 | total time: 41.27m | eta: 4.6m
step 03433/03814 (90.01%) | loss: 2.831109 | lrm: 0.20 | dt: 713.02ms | tok/sec: 91,913 | bf16_mfu: 0.00 | epoch: 1 pq: 3 rg: 61 | total time: 41.28m | eta: 4.6m
step 03434/03814 (90.04%) | loss: 2.829391 | lrm: 0.20 | dt: 723.98ms | tok/sec: 90,521 | bf16_mfu: 0.00 | epoch: 1 pq: 3 rg: 61 | total time: 41.29m | eta: 4.6m
step 03435/03814 (90.06%) | loss: 2.826271 | lrm: 0.20 | dt: 712.57ms | tok/sec: 91,971 | bf16_mfu: 0.00 | epoch: 1 pq: 3 rg: 61 | total time: 41.30m | eta: 4.6m
step 03436/03814 (90.09%) | loss: 2.832340 | lrm: 0.19 | dt: 722.42ms | tok/sec: 90,717 | bf16_mfu: 0.00 | epoch: 1 pq: 3 rg: 61 | total time: 41.31m | eta: 4.6m
step 03437/03814 (90.12%) | loss: 2.840091 | lrm: 0.19 | dt: 717.00ms | tok/sec: 91,403 | bf16_mfu: 0.00 | epoch: 1 pq: 3 rg: 61 | total time: 41.33m | eta: 4.5m
step 03438/03814 (90.14%) | loss: 2.848591 | lrm: 0.19 | dt: 722.40ms | tok/sec: 90,719 | bf16_mfu: 0.00 | epoch: 1 pq: 3 rg: 61 | total time: 41.34m | eta: 4.5m
step 03439/03814 (90.17%) | loss: 2.849955 | lrm: 0.19 | dt: 715.97ms | tok/sec: 91,534 | bf16_mfu: 0.00 | epoch: 1 pq: 3 rg: 61 | total time: 41.35m | eta: 4.5m
step 03440/03814 (90.19%) | loss: 2.857764 | lrm: 0.19 | dt: 722.49ms | tok/sec: 90,708 | bf16_mfu: 0.00 | epoch: 1 pq: 3 rg: 61 | total time: 41.36m | eta: 4.5m
step 03441/03814 (90.22%) | loss: 2.850533 | lrm: 0.19 | dt: 717.50ms | tok/sec: 91,339 | bf16_mfu: 0.00 | epoch: 1 pq: 3 rg: 61 | total time: 41.37m | eta: 4.5m
step 03442/03814 (90.25%) | loss: 2.851585 | lrm: 0.19 | dt: 718.66ms | tok/sec: 91,192 | bf16_mfu: 0.00 | epoch: 1 pq: 3 rg: 61 | total time: 41.39m | eta: 4.5m
step 03443/03814 (90.27%) | loss: 2.844365 | lrm: 0.19 | dt: 711.61ms | tok/sec: 92,095 | bf16_mfu: 0.00 | epoch: 1 pq: 3 rg: 62 | total time: 41.40m | eta: 4.5m
step 03444/03814 (90.30%) | loss: 2.843878 | lrm: 0.19 | dt: 717.82ms | tok/sec: 91,298 | bf16_mfu: 0.00 | epoch: 1 pq: 3 rg: 62 | total time: 41.41m | eta: 4.5m
step 03445/03814 (90.33%) | loss: 2.843463 | lrm: 0.19 | dt: 717.99ms | tok/sec: 91,277 | bf16_mfu: 0.00 | epoch: 1 pq: 3 rg: 62 | total time: 41.42m | eta: 4.4m
step 03446/03814 (90.35%) | loss: 2.843816 | lrm: 0.19 | dt: 728.26ms | tok/sec: 89,990 | bf16_mfu: 0.00 | epoch: 1 pq: 3 rg: 62 | total time: 41.43m | eta: 4.4m
step 03447/03814 (90.38%) | loss: 2.860773 | lrm: 0.19 | dt: 718.53ms | tok/sec: 91,208 | bf16_mfu: 0.00 | epoch: 1 pq: 3 rg: 62 | total time: 41.45m | eta: 4.4m
step 03448/03814 (90.40%) | loss: 2.880561 | lrm: 0.19 | dt: 719.76ms | tok/sec: 91,052 | bf16_mfu: 0.00 | epoch: 1 pq: 3 rg: 62 | total time: 41.46m | eta: 4.4m
step 03449/03814 (90.43%) | loss: 2.864642 | lrm: 0.19 | dt: 715.81ms | tok/sec: 91,554 | bf16_mfu: 0.00 | epoch: 1 pq: 3 rg: 62 | total time: 41.47m | eta: 4.4m
step 03450/03814 (90.46%) | loss: 2.856409 | lrm: 0.19 | dt: 714.60ms | tok/sec: 91,709 | bf16_mfu: 0.00 | epoch: 1 pq: 3 rg: 62 | total time: 41.48m | eta: 4.4m
step 03451/03814 (90.48%) | loss: 2.873876 | lrm: 0.19 | dt: 715.38ms | tok/sec: 91,609 | bf16_mfu: 0.00 | epoch: 1 pq: 3 rg: 62 | total time: 41.49m | eta: 4.4m
step 03452/03814 (90.51%) | loss: 2.866314 | lrm: 0.19 | dt: 721.43ms | tok/sec: 90,841 | bf16_mfu: 0.00 | epoch: 1 pq: 3 rg: 62 | total time: 41.51m | eta: 4.4m
step 03453/03814 (90.53%) | loss: 2.865738 | lrm: 0.19 | dt: 717.04ms | tok/sec: 91,398 | bf16_mfu: 0.00 | epoch: 1 pq: 3 rg: 62 | total time: 41.52m | eta: 4.4m
step 03454/03814 (90.56%) | loss: 2.896158 | lrm: 0.19 | dt: 802.15ms | tok/sec: 81,700 | bf16_mfu: 0.00 | epoch: 1 pq: 3 rg: 63 | total time: 41.53m | eta: 4.3m
step 03455/03814 (90.59%) | loss: 2.904427 | lrm: 0.19 | dt: 720.27ms | tok/sec: 90,988 | bf16_mfu: 0.00 | epoch: 1 pq: 3 rg: 63 | total time: 41.54m | eta: 4.3m
step 03456/03814 (90.61%) | loss: 2.892420 | lrm: 0.19 | dt: 723.25ms | tok/sec: 90,613 | bf16_mfu: 0.00 | epoch: 1 pq: 3 rg: 63 | total time: 41.55m | eta: 4.3m
step 03457/03814 (90.64%) | loss: 2.876509 | lrm: 0.19 | dt: 722.99ms | tok/sec: 90,645 | bf16_mfu: 0.00 | epoch: 1 pq: 3 rg: 63 | total time: 41.57m | eta: 4.3m
step 03458/03814 (90.67%) | loss: 2.876993 | lrm: 0.19 | dt: 716.81ms | tok/sec: 91,427 | bf16_mfu: 0.00 | epoch: 1 pq: 3 rg: 63 | total time: 41.58m | eta: 4.3m
step 03459/03814 (90.69%) | loss: 2.865798 | lrm: 0.19 | dt: 721.03ms | tok/sec: 90,892 | bf16_mfu: 0.00 | epoch: 1 pq: 3 rg: 63 | total time: 41.59m | eta: 4.3m
step 03460/03814 (90.72%) | loss: 2.850216 | lrm: 0.19 | dt: 719.79ms | tok/sec: 91,048 | bf16_mfu: 0.00 | epoch: 1 pq: 3 rg: 63 | total time: 41.60m | eta: 4.3m
step 03461/03814 (90.74%) | loss: 2.853210 | lrm: 0.19 | dt: 720.90ms | tok/sec: 90,909 | bf16_mfu: 0.00 | epoch: 1 pq: 3 rg: 63 | total time: 41.61m | eta: 4.3m
step 03462/03814 (90.77%) | loss: 2.848940 | lrm: 0.18 | dt: 718.79ms | tok/sec: 91,175 | bf16_mfu: 0.00 | epoch: 1 pq: 3 rg: 63 | total time: 41.63m | eta: 4.2m
step 03463/03814 (90.80%) | loss: 2.843714 | lrm: 0.18 | dt: 714.08ms | tok/sec: 91,776 | bf16_mfu: 0.00 | epoch: 1 pq: 3 rg: 63 | total time: 41.64m | eta: 4.2m
step 03464/03814 (90.82%) | loss: 2.856921 | lrm: 0.18 | dt: 747.27ms | tok/sec: 87,700 | bf16_mfu: 0.00 | epoch: 1 pq: 3 rg: 63 | total time: 41.65m | eta: 4.2m
step 03465/03814 (90.85%) | loss: 2.859059 | lrm: 0.18 | dt: 722.56ms | tok/sec: 90,699 | bf16_mfu: 0.00 | epoch: 1 pq: 3 rg: 64 | total time: 41.66m | eta: 4.2m
step 03466/03814 (90.88%) | loss: 2.850414 | lrm: 0.18 | dt: 719.73ms | tok/sec: 91,055 | bf16_mfu: 0.00 | epoch: 1 pq: 3 rg: 64 | total time: 41.68m | eta: 4.2m
step 03467/03814 (90.90%) | loss: 2.840040 | lrm: 0.18 | dt: 717.22ms | tok/sec: 91,375 | bf16_mfu: 0.00 | epoch: 1 pq: 3 rg: 64 | total time: 41.69m | eta: 4.2m
step 03468/03814 (90.93%) | loss: 2.880732 | lrm: 0.18 | dt: 716.76ms | tok/sec: 91,433 | bf16_mfu: 0.00 | epoch: 1 pq: 3 rg: 64 | total time: 41.70m | eta: 4.2m
step 03469/03814 (90.95%) | loss: 2.877869 | lrm: 0.18 | dt: 722.99ms | tok/sec: 90,646 | bf16_mfu: 0.00 | epoch: 1 pq: 3 rg: 64 | total time: 41.71m | eta: 4.2m
step 03470/03814 (90.98%) | loss: 2.869349 | lrm: 0.18 | dt: 716.08ms | tok/sec: 91,520 | bf16_mfu: 0.00 | epoch: 1 pq: 3 rg: 64 | total time: 41.72m | eta: 4.1m
step 03471/03814 (91.01%) | loss: 2.870276 | lrm: 0.18 | dt: 721.84ms | tok/sec: 90,790 | bf16_mfu: 0.00 | epoch: 1 pq: 3 rg: 64 | total time: 41.74m | eta: 4.1m
step 03472/03814 (91.03%) | loss: 2.849941 | lrm: 0.18 | dt: 719.33ms | tok/sec: 91,106 | bf16_mfu: 0.00 | epoch: 1 pq: 3 rg: 64 | total time: 41.75m | eta: 4.1m
step 03473/03814 (91.06%) | loss: 2.857625 | lrm: 0.18 | dt: 721.59ms | tok/sec: 90,821 | bf16_mfu: 0.00 | epoch: 1 pq: 3 rg: 64 | total time: 41.76m | eta: 4.1m
step 03474/03814 (91.09%) | loss: 2.854298 | lrm: 0.18 | dt: 720.45ms | tok/sec: 90,965 | bf16_mfu: 0.00 | epoch: 1 pq: 3 rg: 64 | total time: 41.77m | eta: 4.1m
step 03475/03814 (91.11%) | loss: 2.868978 | lrm: 0.18 | dt: 719.71ms | tok/sec: 91,059 | bf16_mfu: 0.00 | epoch: 1 pq: 3 rg: 64 | total time: 41.78m | eta: 4.1m
step 03476/03814 (91.14%) | loss: 2.863812 | lrm: 0.18 | dt: 719.85ms | tok/sec: 91,041 | bf16_mfu: 0.00 | epoch: 1 pq: 3 rg: 64 | total time: 41.80m | eta: 4.1m
step 03477/03814 (91.16%) | loss: 2.848568 | lrm: 0.18 | dt: 718.71ms | tok/sec: 91,185 | bf16_mfu: 0.00 | epoch: 1 pq: 3 rg: 65 | total time: 41.81m | eta: 4.1m
step 03478/03814 (91.19%) | loss: 2.862633 | lrm: 0.18 | dt: 723.90ms | tok/sec: 90,531 | bf16_mfu: 0.00 | epoch: 1 pq: 3 rg: 65 | total time: 41.82m | eta: 4.1m
step 03479/03814 (91.22%) | loss: 2.861535 | lrm: 0.18 | dt: 725.91ms | tok/sec: 90,281 | bf16_mfu: 0.00 | epoch: 1 pq: 3 rg: 65 | total time: 41.83m | eta: 4.0m
step 03480/03814 (91.24%) | loss: 2.848417 | lrm: 0.18 | dt: 718.33ms | tok/sec: 91,233 | bf16_mfu: 0.00 | epoch: 1 pq: 3 rg: 65 | total time: 41.84m | eta: 4.0m
step 03481/03814 (91.27%) | loss: 2.860300 | lrm: 0.18 | dt: 718.98ms | tok/sec: 91,151 | bf16_mfu: 0.00 | epoch: 1 pq: 3 rg: 65 | total time: 41.86m | eta: 4.0m
step 03482/03814 (91.30%) | loss: 2.886367 | lrm: 0.18 | dt: 722.28ms | tok/sec: 90,735 | bf16_mfu: 0.00 | epoch: 1 pq: 3 rg: 65 | total time: 41.87m | eta: 4.0m
step 03483/03814 (91.32%) | loss: 2.878581 | lrm: 0.18 | dt: 721.62ms | tok/sec: 90,817 | bf16_mfu: 0.00 | epoch: 1 pq: 3 rg: 65 | total time: 41.88m | eta: 4.0m
step 03484/03814 (91.35%) | loss: 2.882449 | lrm: 0.18 | dt: 719.36ms | tok/sec: 91,103 | bf16_mfu: 0.00 | epoch: 1 pq: 3 rg: 65 | total time: 41.89m | eta: 4.0m
step 03485/03814 (91.37%) | loss: 2.882820 | lrm: 0.18 | dt: 723.04ms | tok/sec: 90,639 | bf16_mfu: 0.00 | epoch: 1 pq: 3 rg: 65 | total time: 41.90m | eta: 4.0m
step 03486/03814 (91.40%) | loss: 2.883079 | lrm: 0.18 | dt: 724.73ms | tok/sec: 90,427 | bf16_mfu: 0.00 | epoch: 1 pq: 3 rg: 65 | total time: 41.92m | eta: 4.0m
step 03487/03814 (91.43%) | loss: 2.882919 | lrm: 0.18 | dt: 715.45ms | tok/sec: 91,601 | bf16_mfu: 0.00 | epoch: 1 pq: 3 rg: 65 | total time: 41.93m | eta: 3.9m
step 03488/03814 (91.45%) | loss: 2.883182 | lrm: 0.17 | dt: 721.44ms | tok/sec: 90,840 | bf16_mfu: 0.00 | epoch: 1 pq: 3 rg: 66 | total time: 41.94m | eta: 3.9m
step 03489/03814 (91.48%) | loss: 2.890754 | lrm: 0.17 | dt: 716.89ms | tok/sec: 91,416 | bf16_mfu: 0.00 | epoch: 1 pq: 3 rg: 66 | total time: 41.95m | eta: 3.9m
step 03490/03814 (91.50%) | loss: 2.883012 | lrm: 0.17 | dt: 722.17ms | tok/sec: 90,748 | bf16_mfu: 0.00 | epoch: 1 pq: 3 rg: 66 | total time: 41.96m | eta: 3.9m
step 03491/03814 (91.53%) | loss: 2.897901 | lrm: 0.17 | dt: 720.11ms | tok/sec: 91,008 | bf16_mfu: 0.00 | epoch: 1 pq: 3 rg: 66 | total time: 41.98m | eta: 3.9m
step 03492/03814 (91.56%) | loss: 2.905473 | lrm: 0.17 | dt: 721.54ms | tok/sec: 90,827 | bf16_mfu: 0.00 | epoch: 1 pq: 3 rg: 66 | total time: 41.99m | eta: 3.9m
step 03493/03814 (91.58%) | loss: 2.901335 | lrm: 0.17 | dt: 719.35ms | tok/sec: 91,104 | bf16_mfu: 0.00 | epoch: 1 pq: 3 rg: 66 | total time: 42.00m | eta: 3.9m
step 03494/03814 (91.61%) | loss: 2.895040 | lrm: 0.17 | dt: 718.42ms | tok/sec: 91,223 | bf16_mfu: 0.00 | epoch: 1 pq: 3 rg: 66 | total time: 42.01m | eta: 3.9m
step 03495/03814 (91.64%) | loss: 2.906457 | lrm: 0.17 | dt: 718.32ms | tok/sec: 91,235 | bf16_mfu: 0.00 | epoch: 1 pq: 3 rg: 66 | total time: 42.02m | eta: 3.8m
step 03496/03814 (91.66%) | loss: 2.897151 | lrm: 0.17 | dt: 719.64ms | tok/sec: 91,067 | bf16_mfu: 0.00 | epoch: 1 pq: 3 rg: 66 | total time: 42.04m | eta: 3.8m
step 03497/03814 (91.69%) | loss: 2.888770 | lrm: 0.17 | dt: 717.23ms | tok/sec: 91,374 | bf16_mfu: 0.00 | epoch: 1 pq: 3 rg: 66 | total time: 42.05m | eta: 3.8m
step 03498/03814 (91.71%) | loss: 2.870536 | lrm: 0.17 | dt: 719.99ms | tok/sec: 91,023 | bf16_mfu: 0.00 | epoch: 1 pq: 3 rg: 66 | total time: 42.06m | eta: 3.8m
step 03499/03814 (91.74%) | loss: 2.895022 | lrm: 0.17 | dt: 728.38ms | tok/sec: 89,974 | bf16_mfu: 0.00 | epoch: 1 pq: 3 rg: 67 | total time: 42.07m | eta: 3.8m
Step 03500 | Validation bpb: 0.792870
step 03500/03814 (91.77%) | loss: 2.898124 | lrm: 0.17 | dt: 715.34ms | tok/sec: 91,615 | bf16_mfu: 0.00 | epoch: 1 pq: 3 rg: 67 | total time: 42.08m | eta: 3.8m
step 03501/03814 (91.79%) | loss: 2.894434 | lrm: 0.17 | dt: 708.99ms | tok/sec: 92,435 | bf16_mfu: 0.00 | epoch: 1 pq: 3 rg: 67 | total time: 42.10m | eta: 3.8m
step 03502/03814 (91.82%) | loss: 2.902471 | lrm: 0.17 | dt: 712.95ms | tok/sec: 91,922 | bf16_mfu: 0.00 | epoch: 1 pq: 3 rg: 67 | total time: 42.11m | eta: 3.8m
step 03503/03814 (91.85%) | loss: 2.900314 | lrm: 0.17 | dt: 714.78ms | tok/sec: 91,686 | bf16_mfu: 0.00 | epoch: 1 pq: 3 rg: 67 | total time: 42.12m | eta: 3.8m
step 03504/03814 (91.87%) | loss: 2.900373 | lrm: 0.17 | dt: 715.29ms | tok/sec: 91,621 | bf16_mfu: 0.00 | epoch: 1 pq: 3 rg: 67 | total time: 42.13m | eta: 3.7m
step 03505/03814 (91.90%) | loss: 2.897634 | lrm: 0.17 | dt: 718.86ms | tok/sec: 91,166 | bf16_mfu: 0.00 | epoch: 1 pq: 3 rg: 67 | total time: 42.14m | eta: 3.7m
step 03506/03814 (91.92%) | loss: 2.884252 | lrm: 0.17 | dt: 715.49ms | tok/sec: 91,595 | bf16_mfu: 0.00 | epoch: 1 pq: 3 rg: 67 | total time: 42.15m | eta: 3.7m
step 03507/03814 (91.95%) | loss: 2.860580 | lrm: 0.17 | dt: 721.63ms | tok/sec: 90,817 | bf16_mfu: 0.00 | epoch: 1 pq: 3 rg: 67 | total time: 42.17m | eta: 3.7m
step 03508/03814 (91.98%) | loss: 2.853138 | lrm: 0.17 | dt: 714.10ms | tok/sec: 91,774 | bf16_mfu: 0.00 | epoch: 1 pq: 3 rg: 67 | total time: 42.18m | eta: 3.7m
step 03509/03814 (92.00%) | loss: 2.867492 | lrm: 0.17 | dt: 723.06ms | tok/sec: 90,636 | bf16_mfu: 0.00 | epoch: 1 pq: 3 rg: 67 | total time: 42.19m | eta: 3.7m
step 03510/03814 (92.03%) | loss: 2.854204 | lrm: 0.17 | dt: 724.61ms | tok/sec: 90,443 | bf16_mfu: 0.00 | epoch: 1 pq: 3 rg: 68 | total time: 42.20m | eta: 3.7m
step 03511/03814 (92.06%) | loss: 2.849976 | lrm: 0.17 | dt: 722.04ms | tok/sec: 90,765 | bf16_mfu: 0.00 | epoch: 1 pq: 3 rg: 68 | total time: 42.21m | eta: 3.7m
step 03512/03814 (92.08%) | loss: 2.867281 | lrm: 0.17 | dt: 722.58ms | tok/sec: 90,697 | bf16_mfu: 0.00 | epoch: 1 pq: 3 rg: 68 | total time: 42.23m | eta: 3.6m
step 03513/03814 (92.11%) | loss: 2.858141 | lrm: 0.17 | dt: 727.71ms | tok/sec: 90,057 | bf16_mfu: 0.00 | epoch: 1 pq: 3 rg: 68 | total time: 42.24m | eta: 3.6m
step 03514/03814 (92.13%) | loss: 2.863880 | lrm: 0.16 | dt: 812.50ms | tok/sec: 80,659 | bf16_mfu: 0.00 | epoch: 1 pq: 3 rg: 68 | total time: 42.25m | eta: 3.6m
step 03515/03814 (92.16%) | loss: 2.860046 | lrm: 0.16 | dt: 726.50ms | tok/sec: 90,208 | bf16_mfu: 0.00 | epoch: 1 pq: 3 rg: 68 | total time: 42.26m | eta: 3.6m
step 03516/03814 (92.19%) | loss: 2.865603 | lrm: 0.16 | dt: 772.07ms | tok/sec: 84,883 | bf16_mfu: 0.00 | epoch: 1 pq: 3 rg: 68 | total time: 42.28m | eta: 3.6m
step 03517/03814 (92.21%) | loss: 2.870098 | lrm: 0.16 | dt: 728.26ms | tok/sec: 89,989 | bf16_mfu: 0.00 | epoch: 1 pq: 3 rg: 68 | total time: 42.29m | eta: 3.6m
step 03518/03814 (92.24%) | loss: 2.841587 | lrm: 0.16 | dt: 726.43ms | tok/sec: 90,216 | bf16_mfu: 0.00 | epoch: 1 pq: 3 rg: 68 | total time: 42.30m | eta: 3.6m
step 03519/03814 (92.27%) | loss: 2.841854 | lrm: 0.16 | dt: 729.70ms | tok/sec: 89,812 | bf16_mfu: 0.00 | epoch: 1 pq: 3 rg: 68 | total time: 42.31m | eta: 3.6m
step 03520/03814 (92.29%) | loss: 2.837845 | lrm: 0.16 | dt: 731.22ms | tok/sec: 89,625 | bf16_mfu: 0.00 | epoch: 1 pq: 3 rg: 68 | total time: 42.33m | eta: 3.5m
step 03521/03814 (92.32%) | loss: 2.829648 | lrm: 0.16 | dt: 725.87ms | tok/sec: 90,285 | bf16_mfu: 0.00 | epoch: 1 pq: 3 rg: 68 | total time: 42.34m | eta: 3.5m
step 03522/03814 (92.34%) | loss: 2.845578 | lrm: 0.16 | dt: 915.16ms | tok/sec: 71,611 | bf16_mfu: 0.00 | epoch: 1 pq: 3 rg: 69 | total time: 42.35m | eta: 3.5m
step 03523/03814 (92.37%) | loss: 2.853201 | lrm: 0.16 | dt: 728.74ms | tok/sec: 89,930 | bf16_mfu: 0.00 | epoch: 1 pq: 3 rg: 69 | total time: 42.37m | eta: 3.5m
step 03524/03814 (92.40%) | loss: 2.833393 | lrm: 0.16 | dt: 727.92ms | tok/sec: 90,031 | bf16_mfu: 0.00 | epoch: 1 pq: 3 rg: 69 | total time: 42.38m | eta: 3.5m
step 03525/03814 (92.42%) | loss: 2.819494 | lrm: 0.16 | dt: 726.93ms | tok/sec: 90,154 | bf16_mfu: 0.00 | epoch: 1 pq: 3 rg: 69 | total time: 42.39m | eta: 3.5m
step 03526/03814 (92.45%) | loss: 2.819465 | lrm: 0.16 | dt: 733.69ms | tok/sec: 89,324 | bf16_mfu: 0.00 | epoch: 1 pq: 3 rg: 69 | total time: 42.40m | eta: 3.5m
step 03527/03814 (92.48%) | loss: 2.816078 | lrm: 0.16 | dt: 728.91ms | tok/sec: 89,909 | bf16_mfu: 0.00 | epoch: 1 pq: 3 rg: 69 | total time: 42.41m | eta: 3.5m
step 03528/03814 (92.50%) | loss: 2.819443 | lrm: 0.16 | dt: 727.69ms | tok/sec: 90,060 | bf16_mfu: 0.00 | epoch: 1 pq: 3 rg: 69 | total time: 42.43m | eta: 3.4m
step 03529/03814 (92.53%) | loss: 2.844790 | lrm: 0.16 | dt: 729.67ms | tok/sec: 89,815 | bf16_mfu: 0.00 | epoch: 1 pq: 3 rg: 69 | total time: 42.44m | eta: 3.4m
step 03530/03814 (92.55%) | loss: 2.852413 | lrm: 0.16 | dt: 730.01ms | tok/sec: 89,774 | bf16_mfu: 0.00 | epoch: 1 pq: 3 rg: 69 | total time: 42.45m | eta: 3.4m
step 03531/03814 (92.58%) | loss: 2.845737 | lrm: 0.16 | dt: 731.02ms | tok/sec: 89,649 | bf16_mfu: 0.00 | epoch: 1 pq: 3 rg: 69 | total time: 42.46m | eta: 3.4m
step 03532/03814 (92.61%) | loss: 2.842125 | lrm: 0.16 | dt: 731.16ms | tok/sec: 89,632 | bf16_mfu: 0.00 | epoch: 1 pq: 3 rg: 69 | total time: 42.48m | eta: 3.4m
step 03533/03814 (92.63%) | loss: 2.836331 | lrm: 0.16 | dt: 727.85ms | tok/sec: 90,040 | bf16_mfu: 0.00 | epoch: 1 pq: 3 rg: 70 | total time: 42.49m | eta: 3.4m
step 03534/03814 (92.66%) | loss: 2.820492 | lrm: 0.16 | dt: 727.45ms | tok/sec: 90,089 | bf16_mfu: 0.00 | epoch: 1 pq: 3 rg: 70 | total time: 42.50m | eta: 3.4m
step 03535/03814 (92.68%) | loss: 2.824875 | lrm: 0.16 | dt: 733.42ms | tok/sec: 89,356 | bf16_mfu: 0.00 | epoch: 1 pq: 3 rg: 70 | total time: 42.51m | eta: 3.4m
step 03536/03814 (92.71%) | loss: 2.821386 | lrm: 0.16 | dt: 732.93ms | tok/sec: 89,416 | bf16_mfu: 0.00 | epoch: 1 pq: 3 rg: 70 | total time: 42.52m | eta: 3.4m
step 03537/03814 (92.74%) | loss: 2.831240 | lrm: 0.16 | dt: 728.07ms | tok/sec: 90,013 | bf16_mfu: 0.00 | epoch: 1 pq: 3 rg: 70 | total time: 42.54m | eta: 3.3m
step 03538/03814 (92.76%) | loss: 2.826498 | lrm: 0.16 | dt: 725.83ms | tok/sec: 90,290 | bf16_mfu: 0.00 | epoch: 1 pq: 3 rg: 70 | total time: 42.55m | eta: 3.3m
step 03539/03814 (92.79%) | loss: 2.829770 | lrm: 0.16 | dt: 731.48ms | tok/sec: 89,594 | bf16_mfu: 0.00 | epoch: 1 pq: 3 rg: 70 | total time: 42.56m | eta: 3.3m
step 03540/03814 (92.82%) | loss: 2.816589 | lrm: 0.16 | dt: 729.58ms | tok/sec: 89,826 | bf16_mfu: 0.00 | epoch: 1 pq: 3 rg: 70 | total time: 42.57m | eta: 3.3m
step 03541/03814 (92.84%) | loss: 2.807435 | lrm: 0.15 | dt: 1038.08ms | tok/sec: 63,131 | bf16_mfu: 0.00 | epoch: 1 pq: 3 rg: 70 | total time: 42.59m | eta: 3.3m
step 03542/03814 (92.87%) | loss: 2.806062 | lrm: 0.15 | dt: 725.73ms | tok/sec: 90,303 | bf16_mfu: 0.00 | epoch: 1 pq: 3 rg: 70 | total time: 42.60m | eta: 3.3m
step 03543/03814 (92.89%) | loss: 2.823945 | lrm: 0.15 | dt: 728.12ms | tok/sec: 90,007 | bf16_mfu: 0.00 | epoch: 1 pq: 3 rg: 70 | total time: 42.61m | eta: 3.3m
step 03544/03814 (92.92%) | loss: 2.822486 | lrm: 0.15 | dt: 764.91ms | tok/sec: 85,678 | bf16_mfu: 0.00 | epoch: 1 pq: 3 rg: 71 | total time: 42.63m | eta: 3.3m
step 03545/03814 (92.95%) | loss: 2.813744 | lrm: 0.15 | dt: 731.20ms | tok/sec: 89,628 | bf16_mfu: 0.00 | epoch: 1 pq: 3 rg: 71 | total time: 42.64m | eta: 3.2m
step 03546/03814 (92.97%) | loss: 2.812599 | lrm: 0.15 | dt: 728.26ms | tok/sec: 89,990 | bf16_mfu: 0.00 | epoch: 1 pq: 3 rg: 71 | total time: 42.65m | eta: 3.2m
step 03547/03814 (93.00%) | loss: 2.819107 | lrm: 0.15 | dt: 729.50ms | tok/sec: 89,836 | bf16_mfu: 0.00 | epoch: 1 pq: 3 rg: 71 | total time: 42.66m | eta: 3.2m
step 03548/03814 (93.03%) | loss: 2.793837 | lrm: 0.15 | dt: 729.93ms | tok/sec: 89,784 | bf16_mfu: 0.00 | epoch: 1 pq: 3 rg: 71 | total time: 42.68m | eta: 3.2m
step 03549/03814 (93.05%) | loss: 2.797807 | lrm: 0.15 | dt: 727.36ms | tok/sec: 90,101 | bf16_mfu: 0.00 | epoch: 1 pq: 3 rg: 71 | total time: 42.69m | eta: 3.2m
step 03550/03814 (93.08%) | loss: 2.799721 | lrm: 0.15 | dt: 739.31ms | tok/sec: 88,644 | bf16_mfu: 0.00 | epoch: 1 pq: 3 rg: 71 | total time: 42.70m | eta: 3.2m
step 03551/03814 (93.10%) | loss: 2.800832 | lrm: 0.15 | dt: 731.46ms | tok/sec: 89,595 | bf16_mfu: 0.00 | epoch: 1 pq: 3 rg: 71 | total time: 42.71m | eta: 3.2m
step 03552/03814 (93.13%) | loss: 2.808627 | lrm: 0.15 | dt: 722.73ms | tok/sec: 90,678 | bf16_mfu: 0.00 | epoch: 1 pq: 3 rg: 71 | total time: 42.72m | eta: 3.2m
step 03553/03814 (93.16%) | loss: 2.809910 | lrm: 0.15 | dt: 728.32ms | tok/sec: 89,981 | bf16_mfu: 0.00 | epoch: 1 pq: 3 rg: 71 | total time: 42.74m | eta: 3.1m
step 03554/03814 (93.18%) | loss: 2.817794 | lrm: 0.15 | dt: 718.29ms | tok/sec: 91,238 | bf16_mfu: 0.00 | epoch: 1 pq: 3 rg: 71 | total time: 42.75m | eta: 3.1m
step 03555/03814 (93.21%) | loss: 2.828791 | lrm: 0.15 | dt: 722.53ms | tok/sec: 90,704 | bf16_mfu: 0.00 | epoch: 1 pq: 3 rg: 72 | total time: 42.76m | eta: 3.1m
step 03556/03814 (93.24%) | loss: 2.828156 | lrm: 0.15 | dt: 725.12ms | tok/sec: 90,379 | bf16_mfu: 0.00 | epoch: 1 pq: 3 rg: 72 | total time: 42.77m | eta: 3.1m
step 03557/03814 (93.26%) | loss: 2.843798 | lrm: 0.15 | dt: 723.21ms | tok/sec: 90,618 | bf16_mfu: 0.00 | epoch: 1 pq: 3 rg: 72 | total time: 42.78m | eta: 3.1m
step 03558/03814 (93.29%) | loss: 2.848016 | lrm: 0.15 | dt: 719.51ms | tok/sec: 91,084 | bf16_mfu: 0.00 | epoch: 1 pq: 3 rg: 72 | total time: 42.80m | eta: 3.1m
step 03559/03814 (93.31%) | loss: 2.843825 | lrm: 0.15 | dt: 720.46ms | tok/sec: 90,964 | bf16_mfu: 0.00 | epoch: 1 pq: 3 rg: 72 | total time: 42.81m | eta: 3.1m
step 03560/03814 (93.34%) | loss: 2.832517 | lrm: 0.15 | dt: 718.25ms | tok/sec: 91,244 | bf16_mfu: 0.00 | epoch: 1 pq: 3 rg: 72 | total time: 42.82m | eta: 3.1m
step 03561/03814 (93.37%) | loss: 2.834033 | lrm: 0.15 | dt: 720.16ms | tok/sec: 91,001 | bf16_mfu: 0.00 | epoch: 1 pq: 3 rg: 72 | total time: 42.83m | eta: 3.1m
step 03562/03814 (93.39%) | loss: 2.832119 | lrm: 0.15 | dt: 724.38ms | tok/sec: 90,471 | bf16_mfu: 0.00 | epoch: 1 pq: 3 rg: 72 | total time: 42.84m | eta: 3.0m
step 03563/03814 (93.42%) | loss: 2.836505 | lrm: 0.15 | dt: 715.81ms | tok/sec: 91,555 | bf16_mfu: 0.00 | epoch: 1 pq: 3 rg: 72 | total time: 42.86m | eta: 3.0m
step 03564/03814 (93.45%) | loss: 2.842551 | lrm: 0.15 | dt: 717.33ms | tok/sec: 91,361 | bf16_mfu: 0.00 | epoch: 1 pq: 3 rg: 72 | total time: 42.87m | eta: 3.0m
step 03565/03814 (93.47%) | loss: 2.847592 | lrm: 0.15 | dt: 719.24ms | tok/sec: 91,118 | bf16_mfu: 0.00 | epoch: 1 pq: 3 rg: 72 | total time: 42.88m | eta: 3.0m
step 03566/03814 (93.50%) | loss: 2.851302 | lrm: 0.15 | dt: 712.29ms | tok/sec: 92,007 | bf16_mfu: 0.00 | epoch: 1 pq: 3 rg: 72 | total time: 42.89m | eta: 3.0m
step 03567/03814 (93.52%) | loss: 2.843073 | lrm: 0.14 | dt: 726.30ms | tok/sec: 90,233 | bf16_mfu: 0.00 | epoch: 1 pq: 3 rg: 73 | total time: 42.90m | eta: 3.0m
step 03568/03814 (93.55%) | loss: 2.831670 | lrm: 0.14 | dt: 716.52ms | tok/sec: 91,463 | bf16_mfu: 0.00 | epoch: 1 pq: 3 rg: 73 | total time: 42.92m | eta: 3.0m
step 03569/03814 (93.58%) | loss: 2.831719 | lrm: 0.14 | dt: 713.39ms | tok/sec: 91,865 | bf16_mfu: 0.00 | epoch: 1 pq: 3 rg: 73 | total time: 42.93m | eta: 3.0m
step 03570/03814 (93.60%) | loss: 2.821307 | lrm: 0.14 | dt: 716.52ms | tok/sec: 91,464 | bf16_mfu: 0.00 | epoch: 1 pq: 3 rg: 73 | total time: 42.94m | eta: 2.9m
step 03571/03814 (93.63%) | loss: 2.843373 | lrm: 0.14 | dt: 714.94ms | tok/sec: 91,666 | bf16_mfu: 0.00 | epoch: 1 pq: 3 rg: 73 | total time: 42.95m | eta: 2.9m
step 03572/03814 (93.65%) | loss: 2.858545 | lrm: 0.14 | dt: 711.62ms | tok/sec: 92,093 | bf16_mfu: 0.00 | epoch: 1 pq: 3 rg: 73 | total time: 42.96m | eta: 2.9m
step 03573/03814 (93.68%) | loss: 2.852450 | lrm: 0.14 | dt: 717.94ms | tok/sec: 91,282 | bf16_mfu: 0.00 | epoch: 1 pq: 3 rg: 73 | total time: 42.98m | eta: 2.9m
step 03574/03814 (93.71%) | loss: 2.835948 | lrm: 0.14 | dt: 710.09ms | tok/sec: 92,291 | bf16_mfu: 0.00 | epoch: 1 pq: 3 rg: 73 | total time: 42.99m | eta: 2.9m
step 03575/03814 (93.73%) | loss: 2.827058 | lrm: 0.14 | dt: 709.90ms | tok/sec: 92,317 | bf16_mfu: 0.00 | epoch: 1 pq: 3 rg: 73 | total time: 43.00m | eta: 2.9m
step 03576/03814 (93.76%) | loss: 2.843975 | lrm: 0.14 | dt: 714.11ms | tok/sec: 91,772 | bf16_mfu: 0.00 | epoch: 1 pq: 3 rg: 73 | total time: 43.01m | eta: 2.9m
step 03577/03814 (93.79%) | loss: 2.837224 | lrm: 0.14 | dt: 723.13ms | tok/sec: 90,627 | bf16_mfu: 0.00 | epoch: 1 pq: 3 rg: 74 | total time: 43.02m | eta: 2.9m
step 03578/03814 (93.81%) | loss: 2.828519 | lrm: 0.14 | dt: 712.54ms | tok/sec: 91,975 | bf16_mfu: 0.00 | epoch: 1 pq: 3 rg: 74 | total time: 43.04m | eta: 2.8m
step 03579/03814 (93.84%) | loss: 2.836271 | lrm: 0.14 | dt: 710.78ms | tok/sec: 92,202 | bf16_mfu: 0.00 | epoch: 1 pq: 3 rg: 74 | total time: 43.05m | eta: 2.8m
step 03580/03814 (93.86%) | loss: 2.849743 | lrm: 0.14 | dt: 708.14ms | tok/sec: 92,547 | bf16_mfu: 0.00 | epoch: 1 pq: 3 rg: 74 | total time: 43.06m | eta: 2.8m
step 03581/03814 (93.89%) | loss: 2.840697 | lrm: 0.14 | dt: 707.27ms | tok/sec: 92,660 | bf16_mfu: 0.00 | epoch: 1 pq: 3 rg: 74 | total time: 43.07m | eta: 2.8m
step 03582/03814 (93.92%) | loss: 2.853941 | lrm: 0.14 | dt: 907.21ms | tok/sec: 72,238 | bf16_mfu: 0.00 | epoch: 1 pq: 3 rg: 74 | total time: 43.09m | eta: 2.8m
step 03583/03814 (93.94%) | loss: 2.857935 | lrm: 0.14 | dt: 710.92ms | tok/sec: 92,184 | bf16_mfu: 0.00 | epoch: 1 pq: 3 rg: 74 | total time: 43.10m | eta: 2.8m
step 03584/03814 (93.97%) | loss: 2.838601 | lrm: 0.14 | dt: 707.73ms | tok/sec: 92,600 | bf16_mfu: 0.00 | epoch: 1 pq: 3 rg: 74 | total time: 43.11m | eta: 2.8m
step 03585/03814 (94.00%) | loss: 2.832909 | lrm: 0.14 | dt: 708.59ms | tok/sec: 92,488 | bf16_mfu: 0.00 | epoch: 1 pq: 3 rg: 74 | total time: 43.12m | eta: 2.8m
step 03586/03814 (94.02%) | loss: 2.843522 | lrm: 0.14 | dt: 710.28ms | tok/sec: 92,267 | bf16_mfu: 0.00 | epoch: 1 pq: 3 rg: 74 | total time: 43.13m | eta: 2.8m
step 03587/03814 (94.05%) | loss: 2.840829 | lrm: 0.14 | dt: 708.23ms | tok/sec: 92,535 | bf16_mfu: 0.00 | epoch: 1 pq: 3 rg: 74 | total time: 43.14m | eta: 2.7m
step 03588/03814 (94.07%) | loss: 2.831087 | lrm: 0.14 | dt: 710.77ms | tok/sec: 92,203 | bf16_mfu: 0.00 | epoch: 1 pq: 3 rg: 74 | total time: 43.16m | eta: 2.7m
step 03589/03814 (94.10%) | loss: 2.818526 | lrm: 0.14 | dt: 705.59ms | tok/sec: 92,881 | bf16_mfu: 0.00 | epoch: 1 pq: 3 rg: 75 | total time: 43.17m | eta: 2.7m
step 03590/03814 (94.13%) | loss: 2.833677 | lrm: 0.14 | dt: 708.82ms | tok/sec: 92,458 | bf16_mfu: 0.00 | epoch: 1 pq: 3 rg: 75 | total time: 43.18m | eta: 2.7m
step 03591/03814 (94.15%) | loss: 2.853002 | lrm: 0.14 | dt: 712.37ms | tok/sec: 91,997 | bf16_mfu: 0.00 | epoch: 1 pq: 3 rg: 75 | total time: 43.19m | eta: 2.7m
step 03592/03814 (94.18%) | loss: 2.855254 | lrm: 0.14 | dt: 708.32ms | tok/sec: 92,523 | bf16_mfu: 0.00 | epoch: 1 pq: 3 rg: 75 | total time: 43.20m | eta: 2.7m
step 03593/03814 (94.21%) | loss: 2.866909 | lrm: 0.13 | dt: 710.45ms | tok/sec: 92,245 | bf16_mfu: 0.00 | epoch: 1 pq: 3 rg: 75 | total time: 43.22m | eta: 2.7m
step 03594/03814 (94.23%) | loss: 2.857466 | lrm: 0.13 | dt: 713.79ms | tok/sec: 91,814 | bf16_mfu: 0.00 | epoch: 1 pq: 3 rg: 75 | total time: 43.23m | eta: 2.7m
step 03595/03814 (94.26%) | loss: 2.850738 | lrm: 0.13 | dt: 708.35ms | tok/sec: 92,519 | bf16_mfu: 0.00 | epoch: 1 pq: 3 rg: 75 | total time: 43.24m | eta: 2.6m
step 03596/03814 (94.28%) | loss: 2.851332 | lrm: 0.13 | dt: 707.84ms | tok/sec: 92,585 | bf16_mfu: 0.00 | epoch: 1 pq: 3 rg: 75 | total time: 43.25m | eta: 2.6m
step 03597/03814 (94.31%) | loss: 2.852359 | lrm: 0.13 | dt: 711.24ms | tok/sec: 92,143 | bf16_mfu: 0.00 | epoch: 1 pq: 3 rg: 75 | total time: 43.26m | eta: 2.6m
step 03598/03814 (94.34%) | loss: 2.851593 | lrm: 0.13 | dt: 712.98ms | tok/sec: 91,918 | bf16_mfu: 0.00 | epoch: 1 pq: 3 rg: 75 | total time: 43.28m | eta: 2.6m
step 03599/03814 (94.36%) | loss: 2.857467 | lrm: 0.13 | dt: 711.30ms | tok/sec: 92,134 | bf16_mfu: 0.00 | epoch: 1 pq: 3 rg: 75 | total time: 43.29m | eta: 2.6m
step 03600/03814 (94.39%) | loss: 2.862682 | lrm: 0.13 | dt: 718.06ms | tok/sec: 91,267 | bf16_mfu: 0.00 | epoch: 1 pq: 3 rg: 76 | total time: 43.30m | eta: 2.6m
step 03601/03814 (94.42%) | loss: 2.869002 | lrm: 0.13 | dt: 713.36ms | tok/sec: 91,869 | bf16_mfu: 0.00 | epoch: 1 pq: 3 rg: 76 | total time: 43.31m | eta: 2.6m
step 03602/03814 (94.44%) | loss: 2.877468 | lrm: 0.13 | dt: 713.21ms | tok/sec: 91,888 | bf16_mfu: 0.00 | epoch: 1 pq: 3 rg: 76 | total time: 43.32m | eta: 2.6m
step 03603/03814 (94.47%) | loss: 2.862412 | lrm: 0.13 | dt: 716.18ms | tok/sec: 91,507 | bf16_mfu: 0.00 | epoch: 1 pq: 3 rg: 76 | total time: 43.33m | eta: 2.5m
step 03604/03814 (94.49%) | loss: 2.869849 | lrm: 0.13 | dt: 711.46ms | tok/sec: 92,114 | bf16_mfu: 0.00 | epoch: 1 pq: 3 rg: 76 | total time: 43.35m | eta: 2.5m
step 03605/03814 (94.52%) | loss: 2.862597 | lrm: 0.13 | dt: 732.35ms | tok/sec: 89,487 | bf16_mfu: 0.00 | epoch: 1 pq: 3 rg: 76 | total time: 43.36m | eta: 2.5m
step 03606/03814 (94.55%) | loss: 2.856397 | lrm: 0.13 | dt: 719.95ms | tok/sec: 91,029 | bf16_mfu: 0.00 | epoch: 1 pq: 3 rg: 76 | total time: 43.37m | eta: 2.5m
step 03607/03814 (94.57%) | loss: 2.858382 | lrm: 0.13 | dt: 713.27ms | tok/sec: 91,881 | bf16_mfu: 0.00 | epoch: 1 pq: 3 rg: 76 | total time: 43.38m | eta: 2.5m
step 03608/03814 (94.60%) | loss: 2.843972 | lrm: 0.13 | dt: 712.50ms | tok/sec: 91,979 | bf16_mfu: 0.00 | epoch: 1 pq: 3 rg: 76 | total time: 43.39m | eta: 2.5m
step 03609/03814 (94.63%) | loss: 2.846646 | lrm: 0.13 | dt: 716.35ms | tok/sec: 91,485 | bf16_mfu: 0.00 | epoch: 1 pq: 3 rg: 76 | total time: 43.41m | eta: 2.5m
step 03610/03814 (94.65%) | loss: 2.846084 | lrm: 0.13 | dt: 718.97ms | tok/sec: 91,152 | bf16_mfu: 0.00 | epoch: 1 pq: 3 rg: 76 | total time: 43.42m | eta: 2.5m
step 03611/03814 (94.68%) | loss: 2.826517 | lrm: 0.13 | dt: 724.18ms | tok/sec: 90,497 | bf16_mfu: 0.00 | epoch: 1 pq: 3 rg: 77 | total time: 43.43m | eta: 2.4m
step 03612/03814 (94.70%) | loss: 2.824207 | lrm: 0.13 | dt: 719.12ms | tok/sec: 91,133 | bf16_mfu: 0.00 | epoch: 1 pq: 3 rg: 77 | total time: 43.44m | eta: 2.4m
step 03613/03814 (94.73%) | loss: 2.831269 | lrm: 0.13 | dt: 721.56ms | tok/sec: 90,825 | bf16_mfu: 0.00 | epoch: 1 pq: 3 rg: 77 | total time: 43.45m | eta: 2.4m
step 03614/03814 (94.76%) | loss: 2.821962 | lrm: 0.13 | dt: 715.46ms | tok/sec: 91,599 | bf16_mfu: 0.00 | epoch: 1 pq: 3 rg: 77 | total time: 43.47m | eta: 2.4m
step 03615/03814 (94.78%) | loss: 2.810337 | lrm: 0.13 | dt: 722.26ms | tok/sec: 90,737 | bf16_mfu: 0.00 | epoch: 1 pq: 3 rg: 77 | total time: 43.48m | eta: 2.4m
step 03616/03814 (94.81%) | loss: 2.813984 | lrm: 0.13 | dt: 718.81ms | tok/sec: 91,172 | bf16_mfu: 0.00 | epoch: 1 pq: 3 rg: 77 | total time: 43.49m | eta: 2.4m
step 03617/03814 (94.83%) | loss: 2.829232 | lrm: 0.13 | dt: 717.06ms | tok/sec: 91,395 | bf16_mfu: 0.00 | epoch: 1 pq: 3 rg: 77 | total time: 43.50m | eta: 2.4m
step 03618/03814 (94.86%) | loss: 2.820866 | lrm: 0.13 | dt: 718.95ms | tok/sec: 91,155 | bf16_mfu: 0.00 | epoch: 1 pq: 3 rg: 77 | total time: 43.51m | eta: 2.4m
step 03619/03814 (94.89%) | loss: 2.835740 | lrm: 0.12 | dt: 720.07ms | tok/sec: 91,013 | bf16_mfu: 0.00 | epoch: 1 pq: 3 rg: 77 | total time: 43.53m | eta: 2.4m
step 03620/03814 (94.91%) | loss: 2.852750 | lrm: 0.12 | dt: 726.48ms | tok/sec: 90,210 | bf16_mfu: 0.00 | epoch: 1 pq: 3 rg: 77 | total time: 43.54m | eta: 2.3m
step 03621/03814 (94.94%) | loss: 2.859479 | lrm: 0.12 | dt: 748.26ms | tok/sec: 87,584 | bf16_mfu: 0.00 | epoch: 1 pq: 3 rg: 77 | total time: 43.55m | eta: 2.3m
step 03622/03814 (94.97%) | loss: 2.851347 | lrm: 0.12 | dt: 729.91ms | tok/sec: 89,786 | bf16_mfu: 0.00 | epoch: 1 pq: 3 rg: 78 | total time: 43.56m | eta: 2.3m
step 03623/03814 (94.99%) | loss: 2.845915 | lrm: 0.12 | dt: 722.08ms | tok/sec: 90,759 | bf16_mfu: 0.00 | epoch: 1 pq: 3 rg: 78 | total time: 43.58m | eta: 2.3m
step 03624/03814 (95.02%) | loss: 2.852957 | lrm: 0.12 | dt: 720.96ms | tok/sec: 90,901 | bf16_mfu: 0.00 | epoch: 1 pq: 3 rg: 78 | total time: 43.59m | eta: 2.3m
step 03625/03814 (95.04%) | loss: 2.844035 | lrm: 0.12 | dt: 727.56ms | tok/sec: 90,076 | bf16_mfu: 0.00 | epoch: 1 pq: 3 rg: 78 | total time: 43.60m | eta: 2.3m
step 03626/03814 (95.07%) | loss: 2.822062 | lrm: 0.12 | dt: 722.86ms | tok/sec: 90,661 | bf16_mfu: 0.00 | epoch: 1 pq: 3 rg: 78 | total time: 43.61m | eta: 2.3m
step 03627/03814 (95.10%) | loss: 2.829546 | lrm: 0.12 | dt: 722.41ms | tok/sec: 90,718 | bf16_mfu: 0.00 | epoch: 1 pq: 3 rg: 78 | total time: 43.62m | eta: 2.3m
step 03628/03814 (95.12%) | loss: 2.823836 | lrm: 0.12 | dt: 724.45ms | tok/sec: 90,462 | bf16_mfu: 0.00 | epoch: 1 pq: 3 rg: 78 | total time: 43.64m | eta: 2.2m
step 03629/03814 (95.15%) | loss: 2.821901 | lrm: 0.12 | dt: 719.43ms | tok/sec: 91,094 | bf16_mfu: 0.00 | epoch: 1 pq: 3 rg: 78 | total time: 43.65m | eta: 2.2m
step 03630/03814 (95.18%) | loss: 2.816917 | lrm: 0.12 | dt: 719.50ms | tok/sec: 91,085 | bf16_mfu: 0.00 | epoch: 1 pq: 3 rg: 78 | total time: 43.66m | eta: 2.2m
step 03631/03814 (95.20%) | loss: 2.817580 | lrm: 0.12 | dt: 726.33ms | tok/sec: 90,229 | bf16_mfu: 0.00 | epoch: 1 pq: 3 rg: 78 | total time: 43.67m | eta: 2.2m
step 03632/03814 (95.23%) | loss: 2.799999 | lrm: 0.12 | dt: 723.43ms | tok/sec: 90,591 | bf16_mfu: 0.00 | epoch: 1 pq: 3 rg: 78 | total time: 43.68m | eta: 2.2m
step 03633/03814 (95.25%) | loss: 2.810192 | lrm: 0.12 | dt: 722.19ms | tok/sec: 90,746 | bf16_mfu: 0.00 | epoch: 1 pq: 3 rg: 78 | total time: 43.70m | eta: 2.2m
step 03634/03814 (95.28%) | loss: 2.827755 | lrm: 0.12 | dt: 730.81ms | tok/sec: 89,676 | bf16_mfu: 0.00 | epoch: 1 pq: 3 rg: 79 | total time: 43.71m | eta: 2.2m
step 03635/03814 (95.31%) | loss: 2.816330 | lrm: 0.12 | dt: 729.38ms | tok/sec: 89,851 | bf16_mfu: 0.00 | epoch: 1 pq: 3 rg: 79 | total time: 43.72m | eta: 2.2m
step 03636/03814 (95.33%) | loss: 2.824596 | lrm: 0.12 | dt: 730.62ms | tok/sec: 89,698 | bf16_mfu: 0.00 | epoch: 1 pq: 3 rg: 79 | total time: 43.73m | eta: 2.1m
step 03637/03814 (95.36%) | loss: 2.838954 | lrm: 0.12 | dt: 727.54ms | tok/sec: 90,078 | bf16_mfu: 0.00 | epoch: 1 pq: 3 rg: 79 | total time: 43.74m | eta: 2.1m
step 03638/03814 (95.39%) | loss: 2.819660 | lrm: 0.12 | dt: 724.70ms | tok/sec: 90,431 | bf16_mfu: 0.00 | epoch: 1 pq: 3 rg: 79 | total time: 43.76m | eta: 2.1m
step 03639/03814 (95.41%) | loss: 2.811038 | lrm: 0.12 | dt: 729.77ms | tok/sec: 89,803 | bf16_mfu: 0.00 | epoch: 1 pq: 3 rg: 79 | total time: 43.77m | eta: 2.1m
step 03640/03814 (95.44%) | loss: 2.840931 | lrm: 0.12 | dt: 734.07ms | tok/sec: 89,277 | bf16_mfu: 0.00 | epoch: 1 pq: 3 rg: 79 | total time: 43.78m | eta: 2.1m
step 03641/03814 (95.46%) | loss: 2.837843 | lrm: 0.12 | dt: 728.51ms | tok/sec: 89,958 | bf16_mfu: 0.00 | epoch: 1 pq: 3 rg: 79 | total time: 43.79m | eta: 2.1m
step 03642/03814 (95.49%) | loss: 2.822722 | lrm: 0.12 | dt: 730.28ms | tok/sec: 89,740 | bf16_mfu: 0.00 | epoch: 1 pq: 3 rg: 79 | total time: 43.81m | eta: 2.1m
step 03643/03814 (95.52%) | loss: 2.826318 | lrm: 0.12 | dt: 727.68ms | tok/sec: 90,061 | bf16_mfu: 0.00 | epoch: 1 pq: 3 rg: 79 | total time: 43.82m | eta: 2.1m
step 03644/03814 (95.54%) | loss: 2.817765 | lrm: 0.12 | dt: 731.40ms | tok/sec: 89,603 | bf16_mfu: 0.00 | epoch: 1 pq: 3 rg: 79 | total time: 43.83m | eta: 2.1m
step 03645/03814 (95.57%) | loss: 2.821436 | lrm: 0.11 | dt: 723.01ms | tok/sec: 90,643 | bf16_mfu: 0.00 | epoch: 1 pq: 3 rg: 80 | total time: 43.84m | eta: 2.0m
step 03646/03814 (95.60%) | loss: 2.825396 | lrm: 0.11 | dt: 721.23ms | tok/sec: 90,866 | bf16_mfu: 0.00 | epoch: 1 pq: 3 rg: 80 | total time: 43.85m | eta: 2.0m
step 03647/03814 (95.62%) | loss: 2.826594 | lrm: 0.11 | dt: 724.01ms | tok/sec: 90,518 | bf16_mfu: 0.00 | epoch: 1 pq: 3 rg: 80 | total time: 43.87m | eta: 2.0m
step 03648/03814 (95.65%) | loss: 2.822478 | lrm: 0.11 | dt: 730.50ms | tok/sec: 89,714 | bf16_mfu: 0.00 | epoch: 1 pq: 3 rg: 80 | total time: 43.88m | eta: 2.0m
step 03649/03814 (95.67%) | loss: 2.823027 | lrm: 0.11 | dt: 726.29ms | tok/sec: 90,233 | bf16_mfu: 0.00 | epoch: 1 pq: 3 rg: 80 | total time: 43.89m | eta: 2.0m
step 03650/03814 (95.70%) | loss: 2.820791 | lrm: 0.11 | dt: 727.32ms | tok/sec: 90,106 | bf16_mfu: 0.00 | epoch: 1 pq: 3 rg: 80 | total time: 43.90m | eta: 2.0m
step 03651/03814 (95.73%) | loss: 2.821001 | lrm: 0.11 | dt: 723.07ms | tok/sec: 90,635 | bf16_mfu: 0.00 | epoch: 1 pq: 3 rg: 80 | total time: 43.91m | eta: 2.0m
step 03652/03814 (95.75%) | loss: 2.834538 | lrm: 0.11 | dt: 719.57ms | tok/sec: 91,077 | bf16_mfu: 0.00 | epoch: 1 pq: 3 rg: 80 | total time: 43.93m | eta: 2.0m
step 03653/03814 (95.78%) | loss: 2.827236 | lrm: 0.11 | dt: 726.54ms | tok/sec: 90,202 | bf16_mfu: 0.00 | epoch: 1 pq: 3 rg: 80 | total time: 43.94m | eta: 1.9m
step 03654/03814 (95.80%) | loss: 2.833629 | lrm: 0.11 | dt: 727.62ms | tok/sec: 90,069 | bf16_mfu: 0.00 | epoch: 1 pq: 3 rg: 80 | total time: 43.95m | eta: 1.9m
step 03655/03814 (95.83%) | loss: 2.843688 | lrm: 0.11 | dt: 722.47ms | tok/sec: 90,710 | bf16_mfu: 0.00 | epoch: 1 pq: 3 rg: 80 | total time: 43.96m | eta: 1.9m
step 03656/03814 (95.86%) | loss: 2.838749 | lrm: 0.11 | dt: 718.28ms | tok/sec: 91,239 | bf16_mfu: 0.00 | epoch: 1 pq: 3 rg: 80 | total time: 43.97m | eta: 1.9m
step 03657/03814 (95.88%) | loss: 2.825974 | lrm: 0.11 | dt: 731.43ms | tok/sec: 89,599 | bf16_mfu: 0.00 | epoch: 1 pq: 3 rg: 81 | total time: 43.99m | eta: 1.9m
step 03658/03814 (95.91%) | loss: 2.824957 | lrm: 0.11 | dt: 719.24ms | tok/sec: 91,118 | bf16_mfu: 0.00 | epoch: 1 pq: 3 rg: 81 | total time: 44.00m | eta: 1.9m
step 03659/03814 (95.94%) | loss: 2.820084 | lrm: 0.11 | dt: 720.33ms | tok/sec: 90,980 | bf16_mfu: 0.00 | epoch: 1 pq: 3 rg: 81 | total time: 44.01m | eta: 1.9m
step 03660/03814 (95.96%) | loss: 2.816411 | lrm: 0.11 | dt: 727.26ms | tok/sec: 90,113 | bf16_mfu: 0.00 | epoch: 1 pq: 3 rg: 81 | total time: 44.02m | eta: 1.9m
step 03661/03814 (95.99%) | loss: 2.808972 | lrm: 0.11 | dt: 855.33ms | tok/sec: 76,620 | bf16_mfu: 0.00 | epoch: 1 pq: 3 rg: 81 | total time: 44.04m | eta: 1.8m
step 03662/03814 (96.01%) | loss: 2.813558 | lrm: 0.11 | dt: 725.00ms | tok/sec: 90,394 | bf16_mfu: 0.00 | epoch: 1 pq: 3 rg: 81 | total time: 44.05m | eta: 1.8m
step 03663/03814 (96.04%) | loss: 2.815934 | lrm: 0.11 | dt: 723.72ms | tok/sec: 90,554 | bf16_mfu: 0.00 | epoch: 1 pq: 3 rg: 81 | total time: 44.06m | eta: 1.8m
step 03664/03814 (96.07%) | loss: 2.811722 | lrm: 0.11 | dt: 715.77ms | tok/sec: 91,560 | bf16_mfu: 0.00 | epoch: 1 pq: 3 rg: 81 | total time: 44.07m | eta: 1.8m
step 03665/03814 (96.09%) | loss: 2.822098 | lrm: 0.11 | dt: 723.31ms | tok/sec: 90,606 | bf16_mfu: 0.00 | epoch: 1 pq: 3 rg: 81 | total time: 44.08m | eta: 1.8m
step 03666/03814 (96.12%) | loss: 2.821045 | lrm: 0.11 | dt: 717.63ms | tok/sec: 91,322 | bf16_mfu: 0.00 | epoch: 1 pq: 3 rg: 81 | total time: 44.10m | eta: 1.8m
step 03667/03814 (96.15%) | loss: 2.799726 | lrm: 0.11 | dt: 722.26ms | tok/sec: 90,737 | bf16_mfu: 0.00 | epoch: 1 pq: 3 rg: 81 | total time: 44.11m | eta: 1.8m
step 03668/03814 (96.17%) | loss: 2.801423 | lrm: 0.11 | dt: 716.47ms | tok/sec: 91,470 | bf16_mfu: 0.00 | epoch: 1 pq: 3 rg: 82 | total time: 44.12m | eta: 1.8m
step 03669/03814 (96.20%) | loss: 2.791980 | lrm: 0.11 | dt: 719.23ms | tok/sec: 91,120 | bf16_mfu: 0.00 | epoch: 1 pq: 3 rg: 82 | total time: 44.13m | eta: 1.7m
step 03670/03814 (96.22%) | loss: 2.791912 | lrm: 0.11 | dt: 719.61ms | tok/sec: 91,072 | bf16_mfu: 0.00 | epoch: 1 pq: 3 rg: 82 | total time: 44.14m | eta: 1.7m
step 03671/03814 (96.25%) | loss: 2.786239 | lrm: 0.10 | dt: 716.88ms | tok/sec: 91,418 | bf16_mfu: 0.00 | epoch: 1 pq: 3 rg: 82 | total time: 44.16m | eta: 1.7m
step 03672/03814 (96.28%) | loss: 2.782708 | lrm: 0.10 | dt: 716.10ms | tok/sec: 91,518 | bf16_mfu: 0.00 | epoch: 1 pq: 3 rg: 82 | total time: 44.17m | eta: 1.7m
step 03673/03814 (96.30%) | loss: 2.779404 | lrm: 0.10 | dt: 722.38ms | tok/sec: 90,722 | bf16_mfu: 0.00 | epoch: 1 pq: 3 rg: 82 | total time: 44.18m | eta: 1.7m
step 03674/03814 (96.33%) | loss: 2.780876 | lrm: 0.10 | dt: 717.54ms | tok/sec: 91,333 | bf16_mfu: 0.00 | epoch: 1 pq: 3 rg: 82 | total time: 44.19m | eta: 1.7m
step 03675/03814 (96.36%) | loss: 2.779304 | lrm: 0.10 | dt: 718.17ms | tok/sec: 91,253 | bf16_mfu: 0.00 | epoch: 1 pq: 3 rg: 82 | total time: 44.20m | eta: 1.7m
step 03676/03814 (96.38%) | loss: 2.762910 | lrm: 0.10 | dt: 713.19ms | tok/sec: 91,891 | bf16_mfu: 0.00 | epoch: 1 pq: 3 rg: 82 | total time: 44.22m | eta: 1.7m
step 03677/03814 (96.41%) | loss: 2.761524 | lrm: 0.10 | dt: 727.01ms | tok/sec: 90,144 | bf16_mfu: 0.00 | epoch: 1 pq: 3 rg: 82 | total time: 44.23m | eta: 1.7m
step 03678/03814 (96.43%) | loss: 2.769802 | lrm: 0.10 | dt: 716.44ms | tok/sec: 91,474 | bf16_mfu: 0.00 | epoch: 1 pq: 3 rg: 82 | total time: 44.24m | eta: 1.6m
step 03679/03814 (96.46%) | loss: 2.780029 | lrm: 0.10 | dt: 718.43ms | tok/sec: 91,221 | bf16_mfu: 0.00 | epoch: 1 pq: 3 rg: 83 | total time: 44.25m | eta: 1.6m
step 03680/03814 (96.49%) | loss: 2.787340 | lrm: 0.10 | dt: 791.53ms | tok/sec: 82,796 | bf16_mfu: 0.00 | epoch: 1 pq: 3 rg: 83 | total time: 44.27m | eta: 1.6m
step 03681/03814 (96.51%) | loss: 2.775501 | lrm: 0.10 | dt: 716.99ms | tok/sec: 91,404 | bf16_mfu: 0.00 | epoch: 1 pq: 3 rg: 83 | total time: 44.28m | eta: 1.6m
step 03682/03814 (96.54%) | loss: 2.782885 | lrm: 0.10 | dt: 709.63ms | tok/sec: 92,351 | bf16_mfu: 0.00 | epoch: 1 pq: 3 rg: 83 | total time: 44.29m | eta: 1.6m
step 03683/03814 (96.57%) | loss: 2.794246 | lrm: 0.10 | dt: 719.33ms | tok/sec: 91,107 | bf16_mfu: 0.00 | epoch: 1 pq: 3 rg: 83 | total time: 44.30m | eta: 1.6m
step 03684/03814 (96.59%) | loss: 2.793972 | lrm: 0.10 | dt: 717.28ms | tok/sec: 91,367 | bf16_mfu: 0.00 | epoch: 1 pq: 3 rg: 83 | total time: 44.31m | eta: 1.6m
step 03685/03814 (96.62%) | loss: 2.803215 | lrm: 0.10 | dt: 716.86ms | tok/sec: 91,421 | bf16_mfu: 0.00 | epoch: 1 pq: 3 rg: 83 | total time: 44.33m | eta: 1.6m
step 03686/03814 (96.64%) | loss: 2.793734 | lrm: 0.10 | dt: 712.26ms | tok/sec: 92,011 | bf16_mfu: 0.00 | epoch: 1 pq: 3 rg: 83 | total time: 44.34m | eta: 1.5m
step 03687/03814 (96.67%) | loss: 2.807825 | lrm: 0.10 | dt: 714.06ms | tok/sec: 91,778 | bf16_mfu: 0.00 | epoch: 1 pq: 3 rg: 83 | total time: 44.35m | eta: 1.5m
step 03688/03814 (96.70%) | loss: 2.788327 | lrm: 0.10 | dt: 711.21ms | tok/sec: 92,146 | bf16_mfu: 0.00 | epoch: 1 pq: 3 rg: 83 | total time: 44.36m | eta: 1.5m
step 03689/03814 (96.72%) | loss: 2.791385 | lrm: 0.10 | dt: 715.93ms | tok/sec: 91,539 | bf16_mfu: 0.00 | epoch: 1 pq: 3 rg: 83 | total time: 44.37m | eta: 1.5m
step 03690/03814 (96.75%) | loss: 2.780345 | lrm: 0.10 | dt: 798.89ms | tok/sec: 82,034 | bf16_mfu: 0.00 | epoch: 1 pq: 3 rg: 84 | total time: 44.39m | eta: 1.5m
step 03691/03814 (96.78%) | loss: 2.772471 | lrm: 0.10 | dt: 717.27ms | tok/sec: 91,368 | bf16_mfu: 0.00 | epoch: 1 pq: 3 rg: 84 | total time: 44.40m | eta: 1.5m
step 03692/03814 (96.80%) | loss: 2.784265 | lrm: 0.10 | dt: 712.78ms | tok/sec: 91,944 | bf16_mfu: 0.00 | epoch: 1 pq: 3 rg: 84 | total time: 44.41m | eta: 1.5m
step 03693/03814 (96.83%) | loss: 2.797921 | lrm: 0.10 | dt: 716.06ms | tok/sec: 91,522 | bf16_mfu: 0.00 | epoch: 1 pq: 3 rg: 84 | total time: 44.42m | eta: 1.5m
step 03694/03814 (96.85%) | loss: 2.780926 | lrm: 0.10 | dt: 719.06ms | tok/sec: 91,140 | bf16_mfu: 0.00 | epoch: 1 pq: 3 rg: 84 | total time: 44.43m | eta: 1.4m
step 03695/03814 (96.88%) | loss: 2.777598 | lrm: 0.10 | dt: 714.47ms | tok/sec: 91,726 | bf16_mfu: 0.00 | epoch: 1 pq: 3 rg: 84 | total time: 44.45m | eta: 1.4m
step 03696/03814 (96.91%) | loss: 2.786459 | lrm: 0.10 | dt: 713.96ms | tok/sec: 91,792 | bf16_mfu: 0.00 | epoch: 1 pq: 3 rg: 84 | total time: 44.46m | eta: 1.4m
step 03697/03814 (96.93%) | loss: 2.794723 | lrm: 0.09 | dt: 716.66ms | tok/sec: 91,446 | bf16_mfu: 0.00 | epoch: 1 pq: 3 rg: 84 | total time: 44.47m | eta: 1.4m
step 03698/03814 (96.96%) | loss: 2.776438 | lrm: 0.09 | dt: 718.09ms | tok/sec: 91,263 | bf16_mfu: 0.00 | epoch: 1 pq: 3 rg: 84 | total time: 44.48m | eta: 1.4m
step 03699/03814 (96.98%) | loss: 2.785178 | lrm: 0.09 | dt: 714.62ms | tok/sec: 91,707 | bf16_mfu: 0.00 | epoch: 1 pq: 3 rg: 84 | total time: 44.49m | eta: 1.4m
step 03700/03814 (97.01%) | loss: 2.803360 | lrm: 0.09 | dt: 715.66ms | tok/sec: 91,574 | bf16_mfu: 0.00 | epoch: 1 pq: 3 rg: 84 | total time: 44.51m | eta: 1.4m
step 03701/03814 (97.04%) | loss: 2.795360 | lrm: 0.09 | dt: 721.30ms | tok/sec: 90,858 | bf16_mfu: 0.00 | epoch: 1 pq: 3 rg: 85 | total time: 44.52m | eta: 1.4m
step 03702/03814 (97.06%) | loss: 2.801081 | lrm: 0.09 | dt: 714.71ms | tok/sec: 91,695 | bf16_mfu: 0.00 | epoch: 1 pq: 3 rg: 85 | total time: 44.53m | eta: 1.4m
step 03703/03814 (97.09%) | loss: 2.805149 | lrm: 0.09 | dt: 730.04ms | tok/sec: 89,770 | bf16_mfu: 0.00 | epoch: 1 pq: 3 rg: 85 | total time: 44.54m | eta: 1.3m
step 03704/03814 (97.12%) | loss: 2.830693 | lrm: 0.09 | dt: 716.40ms | tok/sec: 91,479 | bf16_mfu: 0.00 | epoch: 1 pq: 3 rg: 85 | total time: 44.55m | eta: 1.3m
step 03705/03814 (97.14%) | loss: 2.829035 | lrm: 0.09 | dt: 717.73ms | tok/sec: 91,310 | bf16_mfu: 0.00 | epoch: 1 pq: 3 rg: 85 | total time: 44.57m | eta: 1.3m
step 03706/03814 (97.17%) | loss: 2.838845 | lrm: 0.09 | dt: 717.70ms | tok/sec: 91,314 | bf16_mfu: 0.00 | epoch: 1 pq: 3 rg: 85 | total time: 44.58m | eta: 1.3m
step 03707/03814 (97.19%) | loss: 2.843765 | lrm: 0.09 | dt: 720.55ms | tok/sec: 90,952 | bf16_mfu: 0.00 | epoch: 1 pq: 3 rg: 85 | total time: 44.59m | eta: 1.3m
step 03708/03814 (97.22%) | loss: 2.830283 | lrm: 0.09 | dt: 716.97ms | tok/sec: 91,406 | bf16_mfu: 0.00 | epoch: 1 pq: 3 rg: 85 | total time: 44.60m | eta: 1.3m
step 03709/03814 (97.25%) | loss: 2.821311 | lrm: 0.09 | dt: 717.60ms | tok/sec: 91,326 | bf16_mfu: 0.00 | epoch: 1 pq: 3 rg: 85 | total time: 44.61m | eta: 1.3m
step 03710/03814 (97.27%) | loss: 2.821119 | lrm: 0.09 | dt: 714.23ms | tok/sec: 91,757 | bf16_mfu: 0.00 | epoch: 1 pq: 3 rg: 85 | total time: 44.63m | eta: 1.3m
step 03711/03814 (97.30%) | loss: 2.812221 | lrm: 0.09 | dt: 715.41ms | tok/sec: 91,605 | bf16_mfu: 0.00 | epoch: 1 pq: 3 rg: 85 | total time: 44.64m | eta: 1.2m
step 03712/03814 (97.33%) | loss: 2.795552 | lrm: 0.09 | dt: 719.40ms | tok/sec: 91,097 | bf16_mfu: 0.00 | epoch: 1 pq: 3 rg: 85 | total time: 44.65m | eta: 1.2m
step 03713/03814 (97.35%) | loss: 2.789273 | lrm: 0.09 | dt: 716.20ms | tok/sec: 91,505 | bf16_mfu: 0.00 | epoch: 1 pq: 3 rg: 86 | total time: 44.66m | eta: 1.2m
step 03714/03814 (97.38%) | loss: 2.796479 | lrm: 0.09 | dt: 719.92ms | tok/sec: 91,032 | bf16_mfu: 0.00 | epoch: 1 pq: 3 rg: 86 | total time: 44.67m | eta: 1.2m
step 03715/03814 (97.40%) | loss: 2.792000 | lrm: 0.09 | dt: 712.78ms | tok/sec: 91,944 | bf16_mfu: 0.00 | epoch: 1 pq: 3 rg: 86 | total time: 44.69m | eta: 1.2m
step 03716/03814 (97.43%) | loss: 2.783375 | lrm: 0.09 | dt: 714.37ms | tok/sec: 91,739 | bf16_mfu: 0.00 | epoch: 1 pq: 3 rg: 86 | total time: 44.70m | eta: 1.2m
step 03717/03814 (97.46%) | loss: 2.778848 | lrm: 0.09 | dt: 720.63ms | tok/sec: 90,942 | bf16_mfu: 0.00 | epoch: 1 pq: 3 rg: 86 | total time: 44.71m | eta: 1.2m
step 03718/03814 (97.48%) | loss: 2.781362 | lrm: 0.09 | dt: 716.12ms | tok/sec: 91,514 | bf16_mfu: 0.00 | epoch: 1 pq: 3 rg: 86 | total time: 44.72m | eta: 1.2m
step 03719/03814 (97.51%) | loss: 2.773551 | lrm: 0.09 | dt: 716.24ms | tok/sec: 91,499 | bf16_mfu: 0.00 | epoch: 1 pq: 3 rg: 86 | total time: 44.73m | eta: 1.1m
step 03720/03814 (97.54%) | loss: 2.769397 | lrm: 0.09 | dt: 719.68ms | tok/sec: 91,062 | bf16_mfu: 0.00 | epoch: 1 pq: 3 rg: 86 | total time: 44.74m | eta: 1.1m
step 03721/03814 (97.56%) | loss: 2.780198 | lrm: 0.09 | dt: 716.39ms | tok/sec: 91,480 | bf16_mfu: 0.00 | epoch: 1 pq: 3 rg: 86 | total time: 44.76m | eta: 1.1m
step 03722/03814 (97.59%) | loss: 2.769165 | lrm: 0.09 | dt: 715.18ms | tok/sec: 91,635 | bf16_mfu: 0.00 | epoch: 1 pq: 3 rg: 86 | total time: 44.77m | eta: 1.1m
step 03723/03814 (97.61%) | loss: 2.776369 | lrm: 0.08 | dt: 713.36ms | tok/sec: 91,870 | bf16_mfu: 0.00 | epoch: 1 pq: 3 rg: 86 | total time: 44.78m | eta: 1.1m
step 03724/03814 (97.64%) | loss: 2.799681 | lrm: 0.08 | dt: 719.89ms | tok/sec: 91,035 | bf16_mfu: 0.00 | epoch: 1 pq: 3 rg: 87 | total time: 44.79m | eta: 1.1m
step 03725/03814 (97.67%) | loss: 2.796853 | lrm: 0.08 | dt: 721.76ms | tok/sec: 90,799 | bf16_mfu: 0.00 | epoch: 1 pq: 3 rg: 87 | total time: 44.80m | eta: 1.1m
step 03726/03814 (97.69%) | loss: 2.806086 | lrm: 0.08 | dt: 717.85ms | tok/sec: 91,295 | bf16_mfu: 0.00 | epoch: 1 pq: 3 rg: 87 | total time: 44.82m | eta: 1.1m
step 03727/03814 (97.72%) | loss: 2.838577 | lrm: 0.08 | dt: 720.58ms | tok/sec: 90,948 | bf16_mfu: 0.00 | epoch: 1 pq: 3 rg: 87 | total time: 44.83m | eta: 1.0m
step 03728/03814 (97.75%) | loss: 2.857998 | lrm: 0.08 | dt: 715.06ms | tok/sec: 91,650 | bf16_mfu: 0.00 | epoch: 1 pq: 4 rg: 0 | total time: 44.84m | eta: 1.0m
step 03729/03814 (97.77%) | loss: 2.849641 | lrm: 0.08 | dt: 715.49ms | tok/sec: 91,596 | bf16_mfu: 0.00 | epoch: 1 pq: 4 rg: 0 | total time: 44.85m | eta: 1.0m
step 03730/03814 (97.80%) | loss: 2.839843 | lrm: 0.08 | dt: 719.46ms | tok/sec: 91,091 | bf16_mfu: 0.00 | epoch: 1 pq: 4 rg: 0 | total time: 44.86m | eta: 1.0m
step 03731/03814 (97.82%) | loss: 2.853631 | lrm: 0.08 | dt: 713.13ms | tok/sec: 91,899 | bf16_mfu: 0.00 | epoch: 1 pq: 4 rg: 0 | total time: 44.88m | eta: 1.0m
step 03732/03814 (97.85%) | loss: 2.829814 | lrm: 0.08 | dt: 722.59ms | tok/sec: 90,696 | bf16_mfu: 0.00 | epoch: 1 pq: 4 rg: 0 | total time: 44.89m | eta: 1.0m
step 03733/03814 (97.88%) | loss: 2.829264 | lrm: 0.08 | dt: 715.06ms | tok/sec: 91,651 | bf16_mfu: 0.00 | epoch: 1 pq: 4 rg: 0 | total time: 44.90m | eta: 1.0m
step 03734/03814 (97.90%) | loss: 2.836911 | lrm: 0.08 | dt: 714.97ms | tok/sec: 91,662 | bf16_mfu: 0.00 | epoch: 1 pq: 4 rg: 0 | total time: 44.91m | eta: 1.0m
step 03735/03814 (97.93%) | loss: 2.832203 | lrm: 0.08 | dt: 719.77ms | tok/sec: 91,051 | bf16_mfu: 0.00 | epoch: 1 pq: 4 rg: 0 | total time: 44.92m | eta: 1.0m
step 03736/03814 (97.95%) | loss: 2.847632 | lrm: 0.08 | dt: 716.04ms | tok/sec: 91,525 | bf16_mfu: 0.00 | epoch: 1 pq: 4 rg: 0 | total time: 44.94m | eta: 0.9m
step 03737/03814 (97.98%) | loss: 2.850243 | lrm: 0.08 | dt: 723.70ms | tok/sec: 90,556 | bf16_mfu: 0.00 | epoch: 1 pq: 4 rg: 0 | total time: 44.95m | eta: 0.9m
step 03738/03814 (98.01%) | loss: 2.856731 | lrm: 0.08 | dt: 717.33ms | tok/sec: 91,360 | bf16_mfu: 0.00 | epoch: 1 pq: 4 rg: 0 | total time: 44.96m | eta: 0.9m
step 03739/03814 (98.03%) | loss: 2.846825 | lrm: 0.08 | dt: 738.90ms | tok/sec: 88,694 | bf16_mfu: 0.00 | epoch: 1 pq: 4 rg: 1 | total time: 44.97m | eta: 0.9m
step 03740/03814 (98.06%) | loss: 2.840715 | lrm: 0.08 | dt: 714.69ms | tok/sec: 91,698 | bf16_mfu: 0.00 | epoch: 1 pq: 4 rg: 1 | total time: 44.98m | eta: 0.9m
step 03741/03814 (98.09%) | loss: 2.840962 | lrm: 0.08 | dt: 717.56ms | tok/sec: 91,331 | bf16_mfu: 0.00 | epoch: 1 pq: 4 rg: 1 | total time: 45.00m | eta: 0.9m
step 03742/03814 (98.11%) | loss: 2.830715 | lrm: 0.08 | dt: 721.64ms | tok/sec: 90,815 | bf16_mfu: 0.00 | epoch: 1 pq: 4 rg: 1 | total time: 45.01m | eta: 0.9m
step 03743/03814 (98.14%) | loss: 2.825262 | lrm: 0.08 | dt: 724.73ms | tok/sec: 90,428 | bf16_mfu: 0.00 | epoch: 1 pq: 4 rg: 1 | total time: 45.02m | eta: 0.9m
step 03744/03814 (98.16%) | loss: 2.831622 | lrm: 0.08 | dt: 716.78ms | tok/sec: 91,430 | bf16_mfu: 0.00 | epoch: 1 pq: 4 rg: 1 | total time: 45.03m | eta: 0.8m
step 03745/03814 (98.19%) | loss: 2.826890 | lrm: 0.08 | dt: 720.40ms | tok/sec: 90,971 | bf16_mfu: 0.00 | epoch: 1 pq: 4 rg: 1 | total time: 45.04m | eta: 0.8m
step 03746/03814 (98.22%) | loss: 2.816131 | lrm: 0.08 | dt: 721.81ms | tok/sec: 90,793 | bf16_mfu: 0.00 | epoch: 1 pq: 4 rg: 1 | total time: 45.06m | eta: 0.8m
step 03747/03814 (98.24%) | loss: 2.823393 | lrm: 0.08 | dt: 717.52ms | tok/sec: 91,336 | bf16_mfu: 0.00 | epoch: 1 pq: 4 rg: 1 | total time: 45.07m | eta: 0.8m
step 03748/03814 (98.27%) | loss: 2.842696 | lrm: 0.08 | dt: 717.00ms | tok/sec: 91,403 | bf16_mfu: 0.00 | epoch: 1 pq: 4 rg: 1 | total time: 45.08m | eta: 0.8m
step 03749/03814 (98.30%) | loss: 2.852650 | lrm: 0.07 | dt: 717.73ms | tok/sec: 91,309 | bf16_mfu: 0.00 | epoch: 1 pq: 4 rg: 1 | total time: 45.09m | eta: 0.8m
step 03750/03814 (98.32%) | loss: 2.840344 | lrm: 0.07 | dt: 718.09ms | tok/sec: 91,264 | bf16_mfu: 0.00 | epoch: 1 pq: 4 rg: 1 | total time: 45.10m | eta: 0.8m
step 03751/03814 (98.35%) | loss: 2.833164 | lrm: 0.07 | dt: 783.41ms | tok/sec: 83,655 | bf16_mfu: 0.00 | epoch: 1 pq: 4 rg: 2 | total time: 45.12m | eta: 0.8m
step 03752/03814 (98.37%) | loss: 2.829452 | lrm: 0.07 | dt: 717.14ms | tok/sec: 91,385 | bf16_mfu: 0.00 | epoch: 1 pq: 4 rg: 2 | total time: 45.13m | eta: 0.7m
step 03753/03814 (98.40%) | loss: 2.812867 | lrm: 0.07 | dt: 717.56ms | tok/sec: 91,332 | bf16_mfu: 0.00 | epoch: 1 pq: 4 rg: 2 | total time: 45.14m | eta: 0.7m
step 03754/03814 (98.43%) | loss: 2.817209 | lrm: 0.07 | dt: 721.07ms | tok/sec: 90,887 | bf16_mfu: 0.00 | epoch: 1 pq: 4 rg: 2 | total time: 45.15m | eta: 0.7m
step 03755/03814 (98.45%) | loss: 2.812651 | lrm: 0.07 | dt: 717.51ms | tok/sec: 91,338 | bf16_mfu: 0.00 | epoch: 1 pq: 4 rg: 2 | total time: 45.17m | eta: 0.7m
step 03756/03814 (98.48%) | loss: 2.811132 | lrm: 0.07 | dt: 722.68ms | tok/sec: 90,684 | bf16_mfu: 0.00 | epoch: 1 pq: 4 rg: 2 | total time: 45.18m | eta: 0.7m
step 03757/03814 (98.51%) | loss: 2.825560 | lrm: 0.07 | dt: 717.66ms | tok/sec: 91,318 | bf16_mfu: 0.00 | epoch: 1 pq: 4 rg: 2 | total time: 45.19m | eta: 0.7m
step 03758/03814 (98.53%) | loss: 2.818177 | lrm: 0.07 | dt: 721.21ms | tok/sec: 90,869 | bf16_mfu: 0.00 | epoch: 1 pq: 4 rg: 2 | total time: 45.20m | eta: 0.7m
step 03759/03814 (98.56%) | loss: 2.827127 | lrm: 0.07 | dt: 717.02ms | tok/sec: 91,400 | bf16_mfu: 0.00 | epoch: 1 pq: 4 rg: 2 | total time: 45.21m | eta: 0.7m
step 03760/03814 (98.58%) | loss: 2.805704 | lrm: 0.07 | dt: 785.41ms | tok/sec: 83,441 | bf16_mfu: 0.00 | epoch: 1 pq: 4 rg: 2 | total time: 45.23m | eta: 0.7m
step 03761/03814 (98.61%) | loss: 2.799494 | lrm: 0.07 | dt: 721.29ms | tok/sec: 90,859 | bf16_mfu: 0.00 | epoch: 1 pq: 4 rg: 2 | total time: 45.24m | eta: 0.6m
step 03762/03814 (98.64%) | loss: 2.815586 | lrm: 0.07 | dt: 717.39ms | tok/sec: 91,353 | bf16_mfu: 0.00 | epoch: 1 pq: 4 rg: 3 | total time: 45.25m | eta: 0.6m
step 03763/03814 (98.66%) | loss: 2.803406 | lrm: 0.07 | dt: 722.98ms | tok/sec: 90,647 | bf16_mfu: 0.00 | epoch: 1 pq: 4 rg: 3 | total time: 45.26m | eta: 0.6m
step 03764/03814 (98.69%) | loss: 2.808062 | lrm: 0.07 | dt: 720.93ms | tok/sec: 90,904 | bf16_mfu: 0.00 | epoch: 1 pq: 4 rg: 3 | total time: 45.27m | eta: 0.6m
step 03765/03814 (98.72%) | loss: 2.821245 | lrm: 0.07 | dt: 720.47ms | tok/sec: 90,963 | bf16_mfu: 0.00 | epoch: 1 pq: 4 rg: 3 | total time: 45.29m | eta: 0.6m
step 03766/03814 (98.74%) | loss: 2.802548 | lrm: 0.07 | dt: 715.74ms | tok/sec: 91,563 | bf16_mfu: 0.00 | epoch: 1 pq: 4 rg: 3 | total time: 45.30m | eta: 0.6m
step 03767/03814 (98.77%) | loss: 2.807959 | lrm: 0.07 | dt: 719.44ms | tok/sec: 91,092 | bf16_mfu: 0.00 | epoch: 1 pq: 4 rg: 3 | total time: 45.31m | eta: 0.6m
step 03768/03814 (98.79%) | loss: 2.818434 | lrm: 0.07 | dt: 719.65ms | tok/sec: 91,066 | bf16_mfu: 0.00 | epoch: 1 pq: 4 rg: 3 | total time: 45.32m | eta: 0.6m
step 03769/03814 (98.82%) | loss: 2.801566 | lrm: 0.07 | dt: 715.46ms | tok/sec: 91,600 | bf16_mfu: 0.00 | epoch: 1 pq: 4 rg: 3 | total time: 45.33m | eta: 0.5m
step 03770/03814 (98.85%) | loss: 2.789943 | lrm: 0.07 | dt: 715.41ms | tok/sec: 91,605 | bf16_mfu: 0.00 | epoch: 1 pq: 4 rg: 3 | total time: 45.35m | eta: 0.5m
step 03771/03814 (98.87%) | loss: 2.791475 | lrm: 0.07 | dt: 724.01ms | tok/sec: 90,518 | bf16_mfu: 0.00 | epoch: 1 pq: 4 rg: 3 | total time: 45.36m | eta: 0.5m
step 03772/03814 (98.90%) | loss: 2.795069 | lrm: 0.07 | dt: 722.29ms | tok/sec: 90,733 | bf16_mfu: 0.00 | epoch: 1 pq: 4 rg: 3 | total time: 45.37m | eta: 0.5m
step 03773/03814 (98.93%) | loss: 2.783225 | lrm: 0.07 | dt: 725.16ms | tok/sec: 90,374 | bf16_mfu: 0.00 | epoch: 1 pq: 4 rg: 4 | total time: 45.38m | eta: 0.5m
step 03774/03814 (98.95%) | loss: 2.787089 | lrm: 0.07 | dt: 718.13ms | tok/sec: 91,259 | bf16_mfu: 0.00 | epoch: 1 pq: 4 rg: 4 | total time: 45.39m | eta: 0.5m
step 03775/03814 (98.98%) | loss: 2.784985 | lrm: 0.06 | dt: 716.34ms | tok/sec: 91,487 | bf16_mfu: 0.00 | epoch: 1 pq: 4 rg: 4 | total time: 45.41m | eta: 0.5m
step 03776/03814 (99.00%) | loss: 2.781412 | lrm: 0.06 | dt: 718.93ms | tok/sec: 91,158 | bf16_mfu: 0.00 | epoch: 1 pq: 4 rg: 4 | total time: 45.42m | eta: 0.5m
step 03777/03814 (99.03%) | loss: 2.785086 | lrm: 0.06 | dt: 720.54ms | tok/sec: 90,954 | bf16_mfu: 0.00 | epoch: 1 pq: 4 rg: 4 | total time: 45.43m | eta: 0.4m
step 03778/03814 (99.06%) | loss: 2.788835 | lrm: 0.06 | dt: 718.59ms | tok/sec: 91,201 | bf16_mfu: 0.00 | epoch: 1 pq: 4 rg: 4 | total time: 45.44m | eta: 0.4m
step 03779/03814 (99.08%) | loss: 2.800115 | lrm: 0.06 | dt: 724.08ms | tok/sec: 90,509 | bf16_mfu: 0.00 | epoch: 1 pq: 4 rg: 4 | total time: 45.45m | eta: 0.4m
step 03780/03814 (99.11%) | loss: 2.793609 | lrm: 0.06 | dt: 716.08ms | tok/sec: 91,520 | bf16_mfu: 0.00 | epoch: 1 pq: 4 rg: 4 | total time: 45.47m | eta: 0.4m
step 03781/03814 (99.13%) | loss: 2.784854 | lrm: 0.06 | dt: 727.75ms | tok/sec: 90,053 | bf16_mfu: 0.00 | epoch: 1 pq: 4 rg: 4 | total time: 45.48m | eta: 0.4m
step 03782/03814 (99.16%) | loss: 2.798644 | lrm: 0.06 | dt: 717.79ms | tok/sec: 91,302 | bf16_mfu: 0.00 | epoch: 1 pq: 4 rg: 4 | total time: 45.49m | eta: 0.4m
step 03783/03814 (99.19%) | loss: 2.798691 | lrm: 0.06 | dt: 718.49ms | tok/sec: 91,214 | bf16_mfu: 0.00 | epoch: 1 pq: 4 rg: 4 | total time: 45.50m | eta: 0.4m
step 03784/03814 (99.21%) | loss: 2.785184 | lrm: 0.06 | dt: 719.73ms | tok/sec: 91,056 | bf16_mfu: 0.00 | epoch: 1 pq: 4 rg: 4 | total time: 45.51m | eta: 0.4m
step 03785/03814 (99.24%) | loss: 2.786943 | lrm: 0.06 | dt: 719.62ms | tok/sec: 91,070 | bf16_mfu: 0.00 | epoch: 1 pq: 4 rg: 5 | total time: 45.53m | eta: 0.3m
step 03786/03814 (99.27%) | loss: 2.777275 | lrm: 0.06 | dt: 726.20ms | tok/sec: 90,245 | bf16_mfu: 0.00 | epoch: 1 pq: 4 rg: 5 | total time: 45.54m | eta: 0.3m
step 03787/03814 (99.29%) | loss: 2.776120 | lrm: 0.06 | dt: 722.86ms | tok/sec: 90,662 | bf16_mfu: 0.00 | epoch: 1 pq: 4 rg: 5 | total time: 45.55m | eta: 0.3m
step 03788/03814 (99.32%) | loss: 2.780053 | lrm: 0.06 | dt: 719.90ms | tok/sec: 91,034 | bf16_mfu: 0.00 | epoch: 1 pq: 4 rg: 5 | total time: 45.56m | eta: 0.3m
step 03789/03814 (99.34%) | loss: 2.781568 | lrm: 0.06 | dt: 723.56ms | tok/sec: 90,574 | bf16_mfu: 0.00 | epoch: 1 pq: 4 rg: 5 | total time: 45.57m | eta: 0.3m
step 03790/03814 (99.37%) | loss: 2.777185 | lrm: 0.06 | dt: 1092.69ms | tok/sec: 59,976 | bf16_mfu: 0.00 | epoch: 1 pq: 4 rg: 5 | total time: 45.59m | eta: 0.3m
step 03791/03814 (99.40%) | loss: 2.785789 | lrm: 0.06 | dt: 717.84ms | tok/sec: 91,296 | bf16_mfu: 0.00 | epoch: 1 pq: 4 rg: 5 | total time: 45.60m | eta: 0.3m
step 03792/03814 (99.42%) | loss: 2.790070 | lrm: 0.06 | dt: 716.51ms | tok/sec: 91,465 | bf16_mfu: 0.00 | epoch: 1 pq: 4 rg: 5 | total time: 45.62m | eta: 0.3m
step 03793/03814 (99.45%) | loss: 2.762386 | lrm: 0.06 | dt: 719.24ms | tok/sec: 91,118 | bf16_mfu: 0.00 | epoch: 1 pq: 4 rg: 5 | total time: 45.63m | eta: 0.3m
step 03794/03814 (99.48%) | loss: 2.771455 | lrm: 0.06 | dt: 718.53ms | tok/sec: 91,209 | bf16_mfu: 0.00 | epoch: 1 pq: 4 rg: 5 | total time: 45.64m | eta: 0.2m
step 03795/03814 (99.50%) | loss: 2.772869 | lrm: 0.06 | dt: 723.67ms | tok/sec: 90,560 | bf16_mfu: 0.00 | epoch: 1 pq: 4 rg: 5 | total time: 45.65m | eta: 0.2m
step 03796/03814 (99.53%) | loss: 2.755422 | lrm: 0.06 | dt: 764.01ms | tok/sec: 85,778 | bf16_mfu: 0.00 | epoch: 1 pq: 4 rg: 6 | total time: 45.67m | eta: 0.2m
step 03797/03814 (99.55%) | loss: 2.751669 | lrm: 0.06 | dt: 718.76ms | tok/sec: 91,179 | bf16_mfu: 0.00 | epoch: 1 pq: 4 rg: 6 | total time: 45.68m | eta: 0.2m
step 03798/03814 (99.58%) | loss: 2.752783 | lrm: 0.06 | dt: 721.98ms | tok/sec: 90,772 | bf16_mfu: 0.00 | epoch: 1 pq: 4 rg: 6 | total time: 45.69m | eta: 0.2m
step 03799/03814 (99.61%) | loss: 2.777716 | lrm: 0.06 | dt: 720.03ms | tok/sec: 91,018 | bf16_mfu: 0.00 | epoch: 1 pq: 4 rg: 6 | total time: 45.70m | eta: 0.2m
step 03800/03814 (99.63%) | loss: 2.770636 | lrm: 0.06 | dt: 723.54ms | tok/sec: 90,576 | bf16_mfu: 0.00 | epoch: 1 pq: 4 rg: 6 | total time: 45.71m | eta: 0.2m
step 03801/03814 (99.66%) | loss: 2.772831 | lrm: 0.05 | dt: 719.02ms | tok/sec: 91,145 | bf16_mfu: 0.00 | epoch: 1 pq: 4 rg: 6 | total time: 45.73m | eta: 0.2m
step 03802/03814 (99.69%) | loss: 2.769966 | lrm: 0.05 | dt: 720.67ms | tok/sec: 90,937 | bf16_mfu: 0.00 | epoch: 1 pq: 4 rg: 6 | total time: 45.74m | eta: 0.1m
step 03803/03814 (99.71%) | loss: 2.760792 | lrm: 0.05 | dt: 719.96ms | tok/sec: 91,027 | bf16_mfu: 0.00 | epoch: 1 pq: 4 rg: 6 | total time: 45.75m | eta: 0.1m
step 03804/03814 (99.74%) | loss: 2.765548 | lrm: 0.05 | dt: 718.55ms | tok/sec: 91,205 | bf16_mfu: 0.00 | epoch: 1 pq: 4 rg: 6 | total time: 45.76m | eta: 0.1m
step 03805/03814 (99.76%) | loss: 2.769599 | lrm: 0.05 | dt: 724.81ms | tok/sec: 90,417 | bf16_mfu: 0.00 | epoch: 1 pq: 4 rg: 6 | total time: 45.77m | eta: 0.1m
step 03806/03814 (99.79%) | loss: 2.763082 | lrm: 0.05 | dt: 718.39ms | tok/sec: 91,225 | bf16_mfu: 0.00 | epoch: 1 pq: 4 rg: 6 | total time: 45.79m | eta: 0.1m
step 03807/03814 (99.82%) | loss: 2.769417 | lrm: 0.05 | dt: 719.03ms | tok/sec: 91,145 | bf16_mfu: 0.00 | epoch: 1 pq: 4 rg: 6 | total time: 45.80m | eta: 0.1m
step 03808/03814 (99.84%) | loss: 2.785982 | lrm: 0.05 | dt: 820.58ms | tok/sec: 79,865 | bf16_mfu: 0.00 | epoch: 1 pq: 4 rg: 7 | total time: 45.81m | eta: 0.1m2026-09-16 03:05:29,448 - nanochat.checkpoint_manager - [32m[1mINFO[0m - Saved model parameters to: /kaggle/working/runs/bpe-nfc_d6_s0/base_checkpoints/d6/model_003814.pt
2026-09-16 03:05:29,449 - nanochat.checkpoint_manager - [32m[1mINFO[0m - Saved metadata to: /kaggle/working/runs/bpe-nfc_d6_s0/base_checkpoints/d6/meta_003814.json
2026-09-16 03:05:29,813 - nanochat.checkpoint_manager - [32m[1mINFO[0m - Saved optimizer state to: /kaggle/working/runs/bpe-nfc_d6_s0/base_checkpoints/d6/optim_003814_rank0.pt

step 03809/03814 (99.87%) | loss: 2.777835 | lrm: 0.05 | dt: 728.39ms | tok/sec: 89,973 | bf16_mfu: 0.00 | epoch: 1 pq: 4 rg: 7 | total time: 45.82m | eta: 0.1m
step 03810/03814 (99.90%) | loss: 2.754335 | lrm: 0.05 | dt: 724.18ms | tok/sec: 90,496 | bf16_mfu: 0.00 | epoch: 1 pq: 4 rg: 7 | total time: 45.84m | eta: 0.0m
step 03811/03814 (99.92%) | loss: 2.740290 | lrm: 0.05 | dt: 719.64ms | tok/sec: 91,067 | bf16_mfu: 0.00 | epoch: 1 pq: 4 rg: 7 | total time: 45.85m | eta: 0.0m
step 03812/03814 (99.95%) | loss: 2.720073 | lrm: 0.05 | dt: 718.75ms | tok/sec: 91,180 | bf16_mfu: 0.00 | epoch: 1 pq: 4 rg: 7 | total time: 45.86m | eta: 0.0m
step 03813/03814 (99.97%) | loss: 2.718099 | lrm: 0.05 | dt: 729.54ms | tok/sec: 89,832 | bf16_mfu: 0.00 | epoch: 1 pq: 4 rg: 7 | total time: 45.87m | eta: 0.0m
Step 03814 | Validation bpb: 0.786224
Peak memory usage: 6398.95MiB
Total training time: 45.87m
Minimum validation bpb: 0.786224
