2026-09-16 05:11:17,808 - nanochat.common - [32m[1mINFO[0m - Distributed world size: 1
2026-09-16 05:11:17,809 - nanochat.common - [33m[1mWARNING[0m - Peak flops undefined for: Tesla T4, MFU will show as 0%
W0916 05:11:38.347000 87 torch/_inductor/utils.py:1679] [0/0] Not enough SMs to use max_autotune_gemm mode

                                                       █████                █████
                                                      ░░███                ░░███
     ████████    ██████   ████████    ██████   ██████  ░███████    ██████  ███████
    ░░███░░███  ░░░░░███ ░░███░░███  ███░░███ ███░░███ ░███░░███  ░░░░░███░░░███░
     ░███ ░███   ███████  ░███ ░███ ░███ ░███░███ ░░░  ░███ ░███   ███████  ░███
     ░███ ░███  ███░░███  ░███ ░███ ░███ ░███░███  ███ ░███ ░███  ███░░███  ░███ ███
     ████ █████░░████████ ████ █████░░██████ ░░██████  ████ █████░░███████  ░░█████
    ░░░░ ░░░░░  ░░░░░░░░ ░░░░ ░░░░░  ░░░░░░   ░░░░░░  ░░░░ ░░░░░  ░░░░░░░░   ░░░░░
    
Autodetected device type: cuda
GPU: Tesla T4 | Peak FLOPS (BF16): inf
COMPUTE_DTYPE: torch.float16 (set via NANOCHAT_DTYPE=float16)
!!!!!!!!!!!!!!!!!!!!!!!!!!!!!!!!!!!!!!!!!!!!!!!!!!!!!!!!!!!!!!!!!!!!!!!!!!!!!!!!
WARNING: Flash Attention 3 not available, using PyTorch SDPA fallback
WARNING: Training will be less efficient without FA3
!!!!!!!!!!!!!!!!!!!!!!!!!!!!!!!!!!!!!!!!!!!!!!!!!!!!!!!!!!!!!!!!!!!!!!!!!!!!!!!!
Vocab size: 16,009
Padding vocab_size from 16009 to 16064 for efficiency
Model config:
{
  "sequence_len": 1024,
  "vocab_size": 16009,
  "n_layer": 6,
  "n_head": 3,
  "n_kv_head": 3,
  "n_embd": 384,
  "window_pattern": "L"
}
Parameter counts:
wte                     : 6,168,576
value_embeds            : 18,505,728
lm_head                 : 6,168,576
transformer_matrices    : 10,616,940
scalars                 : 38
total                   : 41,459,858
Estimated FLOPs per token: 1.290248e+08
Padding vocab_size from 16009 to 16064 for efficiency
Scaling LRs by 0.3536 for batch size 65,536 (reference: 524,288)
Scaling weight decay from 0.280000 to 0.573677 for depth 6
Scaling the LR for the AdamW parameters ∝1/√(384/768) = 1.414214
GradScaler enabled for fp16 training
Using user-provided number of iterations: 3,814
Total number of training tokens: 249,954,304
Tokens : Scaling params ratio: 14.89
Total training FLOPs estimate: 3.225030e+16
Tokens / micro-batch / rank: 32 x 1024 = 32,768
Tokens / micro-batch: 32,768
Total batch size 65,536 => gradient accumulation steps: 2
Step 00000 | Validation bpb: 2.725540
step 00000/03814 (0.00%) | loss: 9.681330 | lrm: 0.03 | dt: 66119.12ms | tok/sec: 991 | bf16_mfu: 0.00 | epoch: 1 pq: 0 rg: 1 | total time: 0.00m
step 00001/03814 (0.03%) | loss: 9.678066 | lrm: 0.05 | dt: 648.89ms | tok/sec: 100,997 | bf16_mfu: 0.00 | epoch: 1 pq: 0 rg: 1 | total time: 0.00m
step 00002/03814 (0.05%) | loss: 9.672340 | lrm: 0.07 | dt: 584.35ms | tok/sec: 112,151 | bf16_mfu: 0.00 | epoch: 1 pq: 0 rg: 1 | total time: 0.00m
step 00003/03814 (0.08%) | loss: 9.663615 | lrm: 0.10 | dt: 592.35ms | tok/sec: 110,637 | bf16_mfu: 0.00 | epoch: 1 pq: 0 rg: 1 | total time: 0.00m
step 00004/03814 (0.10%) | loss: 9.651874 | lrm: 0.12 | dt: 598.85ms | tok/sec: 109,436 | bf16_mfu: 0.00 | epoch: 1 pq: 0 rg: 1 | total time: 0.00m
step 00005/03814 (0.13%) | loss: 9.636702 | lrm: 0.15 | dt: 607.22ms | tok/sec: 107,927 | bf16_mfu: 0.00 | epoch: 1 pq: 0 rg: 1 | total time: 0.00m
step 00006/03814 (0.16%) | loss: 9.615875 | lrm: 0.17 | dt: 603.28ms | tok/sec: 108,632 | bf16_mfu: 0.00 | epoch: 1 pq: 0 rg: 1 | total time: 0.00m
step 00007/03814 (0.18%) | loss: 9.587314 | lrm: 0.20 | dt: 683.35ms | tok/sec: 95,904 | bf16_mfu: 0.00 | epoch: 1 pq: 0 rg: 2 | total time: 0.00m
step 00008/03814 (0.21%) | loss: 9.548710 | lrm: 0.23 | dt: 599.78ms | tok/sec: 109,267 | bf16_mfu: 0.00 | epoch: 1 pq: 0 rg: 2 | total time: 0.00m
step 00009/03814 (0.24%) | loss: 9.492352 | lrm: 0.25 | dt: 730.00ms | tok/sec: 89,775 | bf16_mfu: 0.00 | epoch: 1 pq: 0 rg: 2 | total time: 0.00m
step 00010/03814 (0.26%) | loss: 9.420329 | lrm: 0.28 | dt: 599.54ms | tok/sec: 109,310 | bf16_mfu: 0.00 | epoch: 1 pq: 0 rg: 2 | total time: 0.00m
step 00011/03814 (0.29%) | loss: 9.316378 | lrm: 0.30 | dt: 601.49ms | tok/sec: 108,956 | bf16_mfu: 0.00 | epoch: 1 pq: 0 rg: 2 | total time: 0.01m | eta: 38.1m
step 00012/03814 (0.31%) | loss: 9.176320 | lrm: 0.33 | dt: 610.80ms | tok/sec: 107,294 | bf16_mfu: 0.00 | epoch: 1 pq: 0 rg: 2 | total time: 0.02m | eta: 38.4m
step 00013/03814 (0.34%) | loss: 9.000659 | lrm: 0.35 | dt: 602.26ms | tok/sec: 108,816 | bf16_mfu: 0.00 | epoch: 1 pq: 0 rg: 2 | total time: 0.03m | eta: 38.3m
step 00014/03814 (0.37%) | loss: 8.793921 | lrm: 0.38 | dt: 614.99ms | tok/sec: 106,564 | bf16_mfu: 0.00 | epoch: 1 pq: 0 rg: 2 | total time: 0.04m | eta: 38.5m
step 00015/03814 (0.39%) | loss: 8.634105 | lrm: 0.40 | dt: 637.69ms | tok/sec: 102,770 | bf16_mfu: 0.00 | epoch: 1 pq: 0 rg: 3 | total time: 0.05m | eta: 38.8m
step 00016/03814 (0.42%) | loss: 8.492307 | lrm: 0.42 | dt: 589.91ms | tok/sec: 111,095 | bf16_mfu: 0.00 | epoch: 1 pq: 0 rg: 3 | total time: 0.06m | eta: 38.6m
step 00017/03814 (0.45%) | loss: 8.343068 | lrm: 0.45 | dt: 599.48ms | tok/sec: 109,322 | bf16_mfu: 0.00 | epoch: 1 pq: 0 rg: 3 | total time: 0.07m | eta: 38.5m
step 00018/03814 (0.47%) | loss: 8.204550 | lrm: 0.47 | dt: 597.95ms | tok/sec: 109,600 | bf16_mfu: 0.00 | epoch: 1 pq: 0 rg: 3 | total time: 0.08m | eta: 38.4m
step 00019/03814 (0.50%) | loss: 8.066402 | lrm: 0.50 | dt: 604.32ms | tok/sec: 108,445 | bf16_mfu: 0.00 | epoch: 1 pq: 0 rg: 3 | total time: 0.09m | eta: 38.4m
step 00020/03814 (0.52%) | loss: 7.931151 | lrm: 0.53 | dt: 604.39ms | tok/sec: 108,433 | bf16_mfu: 0.00 | epoch: 1 pq: 0 rg: 3 | total time: 0.10m | eta: 38.3m
step 00021/03814 (0.55%) | loss: 7.796060 | lrm: 0.55 | dt: 599.93ms | tok/sec: 109,239 | bf16_mfu: 0.00 | epoch: 1 pq: 0 rg: 3 | total time: 0.11m | eta: 38.3m
step 00022/03814 (0.58%) | loss: 7.672644 | lrm: 0.57 | dt: 605.93ms | tok/sec: 108,157 | bf16_mfu: 0.00 | epoch: 1 pq: 0 rg: 3 | total time: 0.12m | eta: 38.3m
step 00023/03814 (0.60%) | loss: 7.540847 | lrm: 0.60 | dt: 613.43ms | tok/sec: 106,836 | bf16_mfu: 0.00 | epoch: 1 pq: 0 rg: 3 | total time: 0.13m | eta: 38.3m
step 00024/03814 (0.63%) | loss: 7.418015 | lrm: 0.62 | dt: 643.99ms | tok/sec: 101,766 | bf16_mfu: 0.00 | epoch: 1 pq: 0 rg: 3 | total time: 0.14m | eta: 38.5m
step 00025/03814 (0.66%) | loss: 7.287660 | lrm: 0.65 | dt: 642.89ms | tok/sec: 101,939 | bf16_mfu: 0.00 | epoch: 1 pq: 0 rg: 4 | total time: 0.15m | eta: 38.6m
step 00026/03814 (0.68%) | loss: 7.185522 | lrm: 0.68 | dt: 603.71ms | tok/sec: 108,555 | bf16_mfu: 0.00 | epoch: 1 pq: 0 rg: 4 | total time: 0.16m | eta: 38.6m
step 00027/03814 (0.71%) | loss: 7.075973 | lrm: 0.70 | dt: 613.29ms | tok/sec: 106,859 | bf16_mfu: 0.00 | epoch: 1 pq: 0 rg: 4 | total time: 0.17m | eta: 38.6m
step 00028/03814 (0.73%) | loss: 6.981812 | lrm: 0.72 | dt: 617.89ms | tok/sec: 106,063 | bf16_mfu: 0.00 | epoch: 1 pq: 0 rg: 4 | total time: 0.18m | eta: 38.6m
step 00029/03814 (0.76%) | loss: 6.888288 | lrm: 0.75 | dt: 629.13ms | tok/sec: 104,169 | bf16_mfu: 0.00 | epoch: 1 pq: 0 rg: 4 | total time: 0.19m | eta: 38.6m
step 00030/03814 (0.79%) | loss: 6.795523 | lrm: 0.78 | dt: 612.31ms | tok/sec: 107,031 | bf16_mfu: 0.00 | epoch: 1 pq: 0 rg: 4 | total time: 0.20m | eta: 38.6m
step 00031/03814 (0.81%) | loss: 6.703510 | lrm: 0.80 | dt: 610.30ms | tok/sec: 107,383 | bf16_mfu: 0.00 | epoch: 1 pq: 0 rg: 4 | total time: 0.21m | eta: 38.6m
step 00032/03814 (0.84%) | loss: 6.604883 | lrm: 0.82 | dt: 636.31ms | tok/sec: 102,993 | bf16_mfu: 0.00 | epoch: 1 pq: 0 rg: 4 | total time: 0.22m | eta: 38.7m
step 00033/03814 (0.87%) | loss: 6.513605 | lrm: 0.85 | dt: 612.98ms | tok/sec: 106,914 | bf16_mfu: 0.00 | epoch: 1 pq: 0 rg: 4 | total time: 0.24m | eta: 38.6m
step 00034/03814 (0.89%) | loss: 6.426837 | lrm: 0.88 | dt: 617.67ms | tok/sec: 106,101 | bf16_mfu: 0.00 | epoch: 1 pq: 0 rg: 4 | total time: 0.25m | eta: 38.6m
step 00035/03814 (0.92%) | loss: 6.344408 | lrm: 0.90 | dt: 615.56ms | tok/sec: 106,464 | bf16_mfu: 0.00 | epoch: 1 pq: 0 rg: 4 | total time: 0.26m | eta: 38.6m
step 00036/03814 (0.94%) | loss: 6.274944 | lrm: 0.93 | dt: 623.38ms | tok/sec: 105,129 | bf16_mfu: 0.00 | epoch: 1 pq: 0 rg: 5 | total time: 0.27m | eta: 38.7m
step 00037/03814 (0.97%) | loss: 6.227114 | lrm: 0.95 | dt: 685.43ms | tok/sec: 95,613 | bf16_mfu: 0.00 | epoch: 1 pq: 0 rg: 5 | total time: 0.28m | eta: 38.8m
step 00038/03814 (1.00%) | loss: 6.163840 | lrm: 0.97 | dt: 614.97ms | tok/sec: 106,568 | bf16_mfu: 0.00 | epoch: 1 pq: 0 rg: 5 | total time: 0.29m | eta: 38.8m
step 00039/03814 (1.02%) | loss: 6.107577 | lrm: 1.00 | dt: 616.31ms | tok/sec: 106,335 | bf16_mfu: 0.00 | epoch: 1 pq: 0 rg: 5 | total time: 0.30m | eta: 38.8m
step 00040/03814 (1.05%) | loss: 6.045105 | lrm: 1.00 | dt: 615.18ms | tok/sec: 106,530 | bf16_mfu: 0.00 | epoch: 1 pq: 0 rg: 5 | total time: 0.31m | eta: 38.8m
step 00041/03814 (1.07%) | loss: 5.990096 | lrm: 1.00 | dt: 617.77ms | tok/sec: 106,084 | bf16_mfu: 0.00 | epoch: 1 pq: 0 rg: 5 | total time: 0.32m | eta: 38.8m
step 00042/03814 (1.10%) | loss: 5.943814 | lrm: 1.00 | dt: 615.40ms | tok/sec: 106,493 | bf16_mfu: 0.00 | epoch: 1 pq: 0 rg: 5 | total time: 0.33m | eta: 38.8m
step 00043/03814 (1.13%) | loss: 5.900252 | lrm: 1.00 | dt: 614.21ms | tok/sec: 106,698 | bf16_mfu: 0.00 | epoch: 1 pq: 0 rg: 5 | total time: 0.34m | eta: 38.7m
step 00044/03814 (1.15%) | loss: 5.836356 | lrm: 1.00 | dt: 620.16ms | tok/sec: 105,676 | bf16_mfu: 0.00 | epoch: 1 pq: 0 rg: 5 | total time: 0.35m | eta: 38.7m
step 00045/03814 (1.18%) | loss: 5.819008 | lrm: 1.00 | dt: 615.38ms | tok/sec: 106,496 | bf16_mfu: 0.00 | epoch: 1 pq: 0 rg: 5 | total time: 0.36m | eta: 38.7m
step 00046/03814 (1.21%) | loss: 5.782333 | lrm: 1.00 | dt: 752.61ms | tok/sec: 87,078 | bf16_mfu: 0.00 | epoch: 1 pq: 0 rg: 6 | total time: 0.37m | eta: 39.0m
step 00047/03814 (1.23%) | loss: 5.744304 | lrm: 1.00 | dt: 645.48ms | tok/sec: 101,530 | bf16_mfu: 0.00 | epoch: 1 pq: 0 rg: 6 | total time: 0.38m | eta: 39.0m
step 00048/03814 (1.26%) | loss: 5.708124 | lrm: 1.00 | dt: 624.11ms | tok/sec: 105,007 | bf16_mfu: 0.00 | epoch: 1 pq: 0 rg: 6 | total time: 0.39m | eta: 39.0m
step 00049/03814 (1.28%) | loss: 5.678324 | lrm: 1.00 | dt: 619.60ms | tok/sec: 105,771 | bf16_mfu: 0.00 | epoch: 1 pq: 0 rg: 6 | total time: 0.40m | eta: 39.0m
step 00050/03814 (1.31%) | loss: 5.643294 | lrm: 1.00 | dt: 621.65ms | tok/sec: 105,422 | bf16_mfu: 0.00 | epoch: 1 pq: 0 rg: 6 | total time: 0.41m | eta: 39.0m
step 00051/03814 (1.34%) | loss: 5.607771 | lrm: 1.00 | dt: 644.50ms | tok/sec: 101,684 | bf16_mfu: 0.00 | epoch: 1 pq: 0 rg: 6 | total time: 0.42m | eta: 39.0m
step 00052/03814 (1.36%) | loss: 5.577981 | lrm: 1.00 | dt: 646.08ms | tok/sec: 101,436 | bf16_mfu: 0.00 | epoch: 1 pq: 0 rg: 6 | total time: 0.44m | eta: 39.0m
step 00053/03814 (1.39%) | loss: 5.547509 | lrm: 1.00 | dt: 740.07ms | tok/sec: 88,553 | bf16_mfu: 0.00 | epoch: 1 pq: 0 rg: 6 | total time: 0.45m | eta: 39.2m
step 00054/03814 (1.42%) | loss: 5.528911 | lrm: 1.00 | dt: 624.85ms | tok/sec: 104,882 | bf16_mfu: 0.00 | epoch: 1 pq: 0 rg: 6 | total time: 0.46m | eta: 39.2m
step 00055/03814 (1.44%) | loss: 5.495712 | lrm: 1.00 | dt: 625.34ms | tok/sec: 104,801 | bf16_mfu: 0.00 | epoch: 1 pq: 0 rg: 6 | total time: 0.47m | eta: 39.2m
step 00056/03814 (1.47%) | loss: 5.480645 | lrm: 1.00 | dt: 680.83ms | tok/sec: 96,259 | bf16_mfu: 0.00 | epoch: 1 pq: 0 rg: 7 | total time: 0.48m | eta: 39.2m
step 00057/03814 (1.49%) | loss: 5.461276 | lrm: 1.00 | dt: 636.54ms | tok/sec: 102,957 | bf16_mfu: 0.00 | epoch: 1 pq: 0 rg: 7 | total time: 0.49m | eta: 39.2m
step 00058/03814 (1.52%) | loss: 5.438815 | lrm: 1.00 | dt: 664.92ms | tok/sec: 98,562 | bf16_mfu: 0.00 | epoch: 1 pq: 0 rg: 7 | total time: 0.50m | eta: 39.3m
step 00059/03814 (1.55%) | loss: 5.411124 | lrm: 1.00 | dt: 648.66ms | tok/sec: 101,033 | bf16_mfu: 0.00 | epoch: 1 pq: 0 rg: 7 | total time: 0.51m | eta: 39.3m
step 00060/03814 (1.57%) | loss: 5.388433 | lrm: 1.00 | dt: 629.35ms | tok/sec: 104,132 | bf16_mfu: 0.00 | epoch: 1 pq: 0 rg: 7 | total time: 0.52m | eta: 39.3m
step 00061/03814 (1.60%) | loss: 5.367030 | lrm: 1.00 | dt: 631.12ms | tok/sec: 103,840 | bf16_mfu: 0.00 | epoch: 1 pq: 0 rg: 7 | total time: 0.53m | eta: 39.3m
step 00062/03814 (1.63%) | loss: 5.344109 | lrm: 1.00 | dt: 635.05ms | tok/sec: 103,198 | bf16_mfu: 0.00 | epoch: 1 pq: 0 rg: 7 | total time: 0.54m | eta: 39.3m
step 00063/03814 (1.65%) | loss: 5.344747 | lrm: 1.00 | dt: 629.79ms | tok/sec: 104,059 | bf16_mfu: 0.00 | epoch: 1 pq: 0 rg: 7 | total time: 0.55m | eta: 39.3m
step 00064/03814 (1.68%) | loss: 5.335761 | lrm: 1.00 | dt: 637.64ms | tok/sec: 102,778 | bf16_mfu: 0.00 | epoch: 1 pq: 0 rg: 7 | total time: 0.57m | eta: 39.3m
step 00065/03814 (1.70%) | loss: 5.321967 | lrm: 1.00 | dt: 632.41ms | tok/sec: 103,628 | bf16_mfu: 0.00 | epoch: 1 pq: 0 rg: 7 | total time: 0.58m | eta: 39.2m
step 00066/03814 (1.73%) | loss: 5.306207 | lrm: 1.00 | dt: 634.90ms | tok/sec: 103,223 | bf16_mfu: 0.00 | epoch: 1 pq: 0 rg: 7 | total time: 0.59m | eta: 39.2m
step 00067/03814 (1.76%) | loss: 5.296395 | lrm: 1.00 | dt: 781.57ms | tok/sec: 83,851 | bf16_mfu: 0.00 | epoch: 1 pq: 0 rg: 8 | total time: 0.60m | eta: 39.4m
step 00068/03814 (1.78%) | loss: 5.279989 | lrm: 1.00 | dt: 633.31ms | tok/sec: 103,481 | bf16_mfu: 0.00 | epoch: 1 pq: 0 rg: 8 | total time: 0.61m | eta: 39.4m
step 00069/03814 (1.81%) | loss: 5.268036 | lrm: 1.00 | dt: 643.10ms | tok/sec: 101,906 | bf16_mfu: 0.00 | epoch: 1 pq: 0 rg: 8 | total time: 0.62m | eta: 39.4m
step 00070/03814 (1.84%) | loss: 5.252428 | lrm: 1.00 | dt: 637.92ms | tok/sec: 102,733 | bf16_mfu: 0.00 | epoch: 1 pq: 0 rg: 8 | total time: 0.63m | eta: 39.4m
step 00071/03814 (1.86%) | loss: 5.242967 | lrm: 1.00 | dt: 640.71ms | tok/sec: 102,285 | bf16_mfu: 0.00 | epoch: 1 pq: 0 rg: 8 | total time: 0.64m | eta: 39.4m
step 00072/03814 (1.89%) | loss: 5.233092 | lrm: 1.00 | dt: 669.63ms | tok/sec: 97,868 | bf16_mfu: 0.00 | epoch: 1 pq: 0 rg: 8 | total time: 0.65m | eta: 39.4m
step 00073/03814 (1.91%) | loss: 5.220418 | lrm: 1.00 | dt: 641.78ms | tok/sec: 102,115 | bf16_mfu: 0.00 | epoch: 1 pq: 0 rg: 8 | total time: 0.66m | eta: 39.4m
step 00074/03814 (1.94%) | loss: 5.196429 | lrm: 1.00 | dt: 645.88ms | tok/sec: 101,467 | bf16_mfu: 0.00 | epoch: 1 pq: 0 rg: 8 | total time: 0.67m | eta: 39.4m
step 00075/03814 (1.97%) | loss: 5.194488 | lrm: 1.00 | dt: 639.93ms | tok/sec: 102,411 | bf16_mfu: 0.00 | epoch: 1 pq: 0 rg: 8 | total time: 0.69m | eta: 39.4m
step 00076/03814 (1.99%) | loss: 5.194515 | lrm: 1.00 | dt: 641.46ms | tok/sec: 102,166 | bf16_mfu: 0.00 | epoch: 1 pq: 0 rg: 8 | total time: 0.70m | eta: 39.4m
step 00077/03814 (2.02%) | loss: 5.172552 | lrm: 1.00 | dt: 648.16ms | tok/sec: 101,110 | bf16_mfu: 0.00 | epoch: 1 pq: 0 rg: 9 | total time: 0.71m | eta: 39.4m
step 00078/03814 (2.05%) | loss: 5.155092 | lrm: 1.00 | dt: 644.41ms | tok/sec: 101,699 | bf16_mfu: 0.00 | epoch: 1 pq: 0 rg: 9 | total time: 0.72m | eta: 39.4m
step 00079/03814 (2.07%) | loss: 5.160287 | lrm: 1.00 | dt: 647.02ms | tok/sec: 101,288 | bf16_mfu: 0.00 | epoch: 1 pq: 0 rg: 9 | total time: 0.73m | eta: 39.4m
step 00080/03814 (2.10%) | loss: 5.169072 | lrm: 1.00 | dt: 648.14ms | tok/sec: 101,114 | bf16_mfu: 0.00 | epoch: 1 pq: 0 rg: 9 | total time: 0.74m | eta: 39.4m
step 00081/03814 (2.12%) | loss: 5.173896 | lrm: 1.00 | dt: 730.40ms | tok/sec: 89,726 | bf16_mfu: 0.00 | epoch: 1 pq: 0 rg: 9 | total time: 0.75m | eta: 39.5m
step 00082/03814 (2.15%) | loss: 5.163269 | lrm: 1.00 | dt: 650.39ms | tok/sec: 100,763 | bf16_mfu: 0.00 | epoch: 1 pq: 0 rg: 9 | total time: 0.76m | eta: 39.5m
step 00083/03814 (2.18%) | loss: 5.147540 | lrm: 1.00 | dt: 657.02ms | tok/sec: 99,746 | bf16_mfu: 0.00 | epoch: 1 pq: 0 rg: 9 | total time: 0.77m | eta: 39.5m
step 00084/03814 (2.20%) | loss: 5.142158 | lrm: 1.00 | dt: 653.58ms | tok/sec: 100,272 | bf16_mfu: 0.00 | epoch: 1 pq: 0 rg: 9 | total time: 0.78m | eta: 39.5m
step 00085/03814 (2.23%) | loss: 5.144520 | lrm: 1.00 | dt: 652.10ms | tok/sec: 100,500 | bf16_mfu: 0.00 | epoch: 1 pq: 0 rg: 9 | total time: 0.79m | eta: 39.5m
step 00086/03814 (2.25%) | loss: 5.133680 | lrm: 1.00 | dt: 648.20ms | tok/sec: 101,104 | bf16_mfu: 0.00 | epoch: 1 pq: 0 rg: 9 | total time: 0.81m | eta: 39.5m
step 00087/03814 (2.28%) | loss: 5.119725 | lrm: 1.00 | dt: 649.81ms | tok/sec: 100,853 | bf16_mfu: 0.00 | epoch: 1 pq: 0 rg: 9 | total time: 0.82m | eta: 39.5m
step 00088/03814 (2.31%) | loss: 5.109769 | lrm: 1.00 | dt: 670.58ms | tok/sec: 97,729 | bf16_mfu: 0.00 | epoch: 1 pq: 0 rg: 10 | total time: 0.83m | eta: 39.5m
step 00089/03814 (2.33%) | loss: 5.096636 | lrm: 1.00 | dt: 663.92ms | tok/sec: 98,711 | bf16_mfu: 0.00 | epoch: 1 pq: 0 rg: 10 | total time: 0.84m | eta: 39.5m
step 00090/03814 (2.36%) | loss: 5.090917 | lrm: 1.00 | dt: 668.18ms | tok/sec: 98,081 | bf16_mfu: 0.00 | epoch: 1 pq: 0 rg: 10 | total time: 0.85m | eta: 39.6m
step 00091/03814 (2.39%) | loss: 5.078254 | lrm: 1.00 | dt: 659.32ms | tok/sec: 99,399 | bf16_mfu: 0.00 | epoch: 1 pq: 0 rg: 10 | total time: 0.86m | eta: 39.6m
step 00092/03814 (2.41%) | loss: 5.071934 | lrm: 1.00 | dt: 650.71ms | tok/sec: 100,714 | bf16_mfu: 0.00 | epoch: 1 pq: 0 rg: 10 | total time: 0.87m | eta: 39.6m
step 00093/03814 (2.44%) | loss: 5.082518 | lrm: 1.00 | dt: 656.12ms | tok/sec: 99,883 | bf16_mfu: 0.00 | epoch: 1 pq: 0 rg: 10 | total time: 0.88m | eta: 39.6m
step 00094/03814 (2.46%) | loss: 5.064967 | lrm: 1.00 | dt: 655.23ms | tok/sec: 100,020 | bf16_mfu: 0.00 | epoch: 1 pq: 0 rg: 10 | total time: 0.89m | eta: 39.6m
step 00095/03814 (2.49%) | loss: 5.055938 | lrm: 1.00 | dt: 654.36ms | tok/sec: 100,153 | bf16_mfu: 0.00 | epoch: 1 pq: 0 rg: 10 | total time: 0.90m | eta: 39.6m
step 00096/03814 (2.52%) | loss: 5.055877 | lrm: 1.00 | dt: 651.97ms | tok/sec: 100,520 | bf16_mfu: 0.00 | epoch: 1 pq: 0 rg: 10 | total time: 0.92m | eta: 39.6m
step 00097/03814 (2.54%) | loss: 5.046267 | lrm: 1.00 | dt: 658.18ms | tok/sec: 99,571 | bf16_mfu: 0.00 | epoch: 1 pq: 0 rg: 10 | total time: 0.93m | eta: 39.6m
step 00098/03814 (2.57%) | loss: 5.033690 | lrm: 1.00 | dt: 691.60ms | tok/sec: 94,760 | bf16_mfu: 0.00 | epoch: 1 pq: 0 rg: 11 | total time: 0.94m | eta: 39.6m
step 00099/03814 (2.60%) | loss: 5.014887 | lrm: 1.00 | dt: 660.08ms | tok/sec: 99,285 | bf16_mfu: 0.00 | epoch: 1 pq: 0 rg: 11 | total time: 0.95m | eta: 39.6m
step 00100/03814 (2.62%) | loss: 5.017427 | lrm: 1.00 | dt: 670.15ms | tok/sec: 97,792 | bf16_mfu: 0.00 | epoch: 1 pq: 0 rg: 11 | total time: 0.96m | eta: 39.6m
step 00101/03814 (2.65%) | loss: 5.007248 | lrm: 1.00 | dt: 663.66ms | tok/sec: 98,749 | bf16_mfu: 0.00 | epoch: 1 pq: 0 rg: 11 | total time: 0.97m | eta: 39.6m
step 00102/03814 (2.67%) | loss: 4.995630 | lrm: 1.00 | dt: 666.50ms | tok/sec: 98,328 | bf16_mfu: 0.00 | epoch: 1 pq: 0 rg: 11 | total time: 0.98m | eta: 39.6m
step 00103/03814 (2.70%) | loss: 4.983516 | lrm: 1.00 | dt: 665.10ms | tok/sec: 98,535 | bf16_mfu: 0.00 | epoch: 1 pq: 0 rg: 11 | total time: 0.99m | eta: 39.6m
step 00104/03814 (2.73%) | loss: 4.976930 | lrm: 1.00 | dt: 663.05ms | tok/sec: 98,840 | bf16_mfu: 0.00 | epoch: 1 pq: 0 rg: 11 | total time: 1.00m | eta: 39.6m
step 00105/03814 (2.75%) | loss: 4.968021 | lrm: 1.00 | dt: 663.34ms | tok/sec: 98,797 | bf16_mfu: 0.00 | epoch: 1 pq: 0 rg: 11 | total time: 1.02m | eta: 39.6m
step 00106/03814 (2.78%) | loss: 4.964872 | lrm: 1.00 | dt: 668.58ms | tok/sec: 98,022 | bf16_mfu: 0.00 | epoch: 1 pq: 0 rg: 11 | total time: 1.03m | eta: 39.6m
step 00107/03814 (2.81%) | loss: 4.957904 | lrm: 1.00 | dt: 664.88ms | tok/sec: 98,567 | bf16_mfu: 0.00 | epoch: 1 pq: 0 rg: 11 | total time: 1.04m | eta: 39.7m
step 00108/03814 (2.83%) | loss: 4.940748 | lrm: 1.00 | dt: 667.31ms | tok/sec: 98,209 | bf16_mfu: 0.00 | epoch: 1 pq: 0 rg: 11 | total time: 1.05m | eta: 39.7m
step 00109/03814 (2.86%) | loss: 4.942513 | lrm: 1.00 | dt: 686.33ms | tok/sec: 95,487 | bf16_mfu: 0.00 | epoch: 1 pq: 0 rg: 12 | total time: 1.06m | eta: 39.7m
step 00110/03814 (2.88%) | loss: 4.943981 | lrm: 1.00 | dt: 667.62ms | tok/sec: 98,163 | bf16_mfu: 0.00 | epoch: 1 pq: 0 rg: 12 | total time: 1.07m | eta: 39.7m
step 00111/03814 (2.91%) | loss: 4.941723 | lrm: 1.00 | dt: 670.54ms | tok/sec: 97,735 | bf16_mfu: 0.00 | epoch: 1 pq: 0 rg: 12 | total time: 1.08m | eta: 39.7m
step 00112/03814 (2.94%) | loss: 4.931921 | lrm: 1.00 | dt: 673.23ms | tok/sec: 97,346 | bf16_mfu: 0.00 | epoch: 1 pq: 0 rg: 12 | total time: 1.09m | eta: 39.7m
step 00113/03814 (2.96%) | loss: 4.927461 | lrm: 1.00 | dt: 674.20ms | tok/sec: 97,205 | bf16_mfu: 0.00 | epoch: 1 pq: 0 rg: 12 | total time: 1.10m | eta: 39.7m
step 00114/03814 (2.99%) | loss: 4.917330 | lrm: 1.00 | dt: 675.54ms | tok/sec: 97,013 | bf16_mfu: 0.00 | epoch: 1 pq: 0 rg: 12 | total time: 1.12m | eta: 39.7m
step 00115/03814 (3.02%) | loss: 4.910047 | lrm: 1.00 | dt: 677.61ms | tok/sec: 96,716 | bf16_mfu: 0.00 | epoch: 1 pq: 0 rg: 12 | total time: 1.13m | eta: 39.7m
step 00116/03814 (3.04%) | loss: 4.908452 | lrm: 1.00 | dt: 684.05ms | tok/sec: 95,805 | bf16_mfu: 0.00 | epoch: 1 pq: 0 rg: 12 | total time: 1.14m | eta: 39.7m
step 00117/03814 (3.07%) | loss: 4.908907 | lrm: 1.00 | dt: 681.98ms | tok/sec: 96,096 | bf16_mfu: 0.00 | epoch: 1 pq: 0 rg: 12 | total time: 1.15m | eta: 39.7m
step 00118/03814 (3.09%) | loss: 4.903609 | lrm: 1.00 | dt: 673.76ms | tok/sec: 97,268 | bf16_mfu: 0.00 | epoch: 1 pq: 0 rg: 12 | total time: 1.16m | eta: 39.7m
step 00119/03814 (3.12%) | loss: 4.878260 | lrm: 1.00 | dt: 682.61ms | tok/sec: 96,008 | bf16_mfu: 0.00 | epoch: 1 pq: 0 rg: 13 | total time: 1.17m | eta: 39.8m
step 00120/03814 (3.15%) | loss: 4.872454 | lrm: 1.00 | dt: 674.57ms | tok/sec: 97,152 | bf16_mfu: 0.00 | epoch: 1 pq: 0 rg: 13 | total time: 1.18m | eta: 39.8m
step 00121/03814 (3.17%) | loss: 4.856722 | lrm: 1.00 | dt: 681.11ms | tok/sec: 96,219 | bf16_mfu: 0.00 | epoch: 1 pq: 0 rg: 13 | total time: 1.20m | eta: 39.8m
step 00122/03814 (3.20%) | loss: 4.831211 | lrm: 1.00 | dt: 713.26ms | tok/sec: 91,882 | bf16_mfu: 0.00 | epoch: 1 pq: 0 rg: 13 | total time: 1.21m | eta: 39.8m
step 00123/03814 (3.22%) | loss: 4.816252 | lrm: 1.00 | dt: 672.48ms | tok/sec: 97,454 | bf16_mfu: 0.00 | epoch: 1 pq: 0 rg: 13 | total time: 1.22m | eta: 39.8m
step 00124/03814 (3.25%) | loss: 4.799982 | lrm: 1.00 | dt: 674.32ms | tok/sec: 97,187 | bf16_mfu: 0.00 | epoch: 1 pq: 0 rg: 13 | total time: 1.23m | eta: 39.8m
step 00125/03814 (3.28%) | loss: 4.800166 | lrm: 1.00 | dt: 672.65ms | tok/sec: 97,429 | bf16_mfu: 0.00 | epoch: 1 pq: 0 rg: 13 | total time: 1.24m | eta: 39.8m
step 00126/03814 (3.30%) | loss: 4.810633 | lrm: 1.00 | dt: 675.50ms | tok/sec: 97,018 | bf16_mfu: 0.00 | epoch: 1 pq: 0 rg: 13 | total time: 1.25m | eta: 39.8m
step 00127/03814 (3.33%) | loss: 4.804071 | lrm: 1.00 | dt: 674.33ms | tok/sec: 97,187 | bf16_mfu: 0.00 | epoch: 1 pq: 0 rg: 13 | total time: 1.26m | eta: 39.8m
step 00128/03814 (3.36%) | loss: 4.796922 | lrm: 1.00 | dt: 669.58ms | tok/sec: 97,876 | bf16_mfu: 0.00 | epoch: 1 pq: 0 rg: 13 | total time: 1.27m | eta: 39.8m
step 00129/03814 (3.38%) | loss: 4.793632 | lrm: 1.00 | dt: 670.28ms | tok/sec: 97,774 | bf16_mfu: 0.00 | epoch: 1 pq: 0 rg: 13 | total time: 1.29m | eta: 39.8m
step 00130/03814 (3.41%) | loss: 4.791474 | lrm: 1.00 | dt: 671.60ms | tok/sec: 97,582 | bf16_mfu: 0.00 | epoch: 1 pq: 0 rg: 14 | total time: 1.30m | eta: 39.8m
step 00131/03814 (3.43%) | loss: 4.787266 | lrm: 1.00 | dt: 667.81ms | tok/sec: 98,136 | bf16_mfu: 0.00 | epoch: 1 pq: 0 rg: 14 | total time: 1.31m | eta: 39.8m
step 00132/03814 (3.46%) | loss: 4.774817 | lrm: 1.00 | dt: 667.91ms | tok/sec: 98,120 | bf16_mfu: 0.00 | epoch: 1 pq: 0 rg: 14 | total time: 1.32m | eta: 39.8m
step 00133/03814 (3.49%) | loss: 4.767571 | lrm: 1.00 | dt: 659.02ms | tok/sec: 99,445 | bf16_mfu: 0.00 | epoch: 1 pq: 0 rg: 14 | total time: 1.33m | eta: 39.8m
step 00134/03814 (3.51%) | loss: 4.784818 | lrm: 1.00 | dt: 664.06ms | tok/sec: 98,690 | bf16_mfu: 0.00 | epoch: 1 pq: 0 rg: 14 | total time: 1.34m | eta: 39.8m
step 00135/03814 (3.54%) | loss: 4.790188 | lrm: 1.00 | dt: 664.50ms | tok/sec: 98,624 | bf16_mfu: 0.00 | epoch: 1 pq: 0 rg: 14 | total time: 1.35m | eta: 39.8m
step 00136/03814 (3.57%) | loss: 4.776611 | lrm: 1.00 | dt: 709.43ms | tok/sec: 92,378 | bf16_mfu: 0.00 | epoch: 1 pq: 0 rg: 14 | total time: 1.36m | eta: 39.8m
step 00137/03814 (3.59%) | loss: 4.783682 | lrm: 1.00 | dt: 660.17ms | tok/sec: 99,271 | bf16_mfu: 0.00 | epoch: 1 pq: 0 rg: 14 | total time: 1.38m | eta: 39.8m
step 00138/03814 (3.62%) | loss: 4.775299 | lrm: 1.00 | dt: 665.50ms | tok/sec: 98,475 | bf16_mfu: 0.00 | epoch: 1 pq: 0 rg: 14 | total time: 1.39m | eta: 39.8m
step 00139/03814 (3.64%) | loss: 4.777341 | lrm: 1.00 | dt: 660.67ms | tok/sec: 99,196 | bf16_mfu: 0.00 | epoch: 1 pq: 0 rg: 14 | total time: 1.40m | eta: 39.8m
step 00140/03814 (3.67%) | loss: 4.754084 | lrm: 1.00 | dt: 658.23ms | tok/sec: 99,563 | bf16_mfu: 0.00 | epoch: 1 pq: 0 rg: 15 | total time: 1.41m | eta: 39.8m
step 00141/03814 (3.70%) | loss: 4.735812 | lrm: 1.00 | dt: 655.71ms | tok/sec: 99,946 | bf16_mfu: 0.00 | epoch: 1 pq: 0 rg: 15 | total time: 1.42m | eta: 39.8m
step 00142/03814 (3.72%) | loss: 4.715845 | lrm: 1.00 | dt: 653.00ms | tok/sec: 100,362 | bf16_mfu: 0.00 | epoch: 1 pq: 0 rg: 15 | total time: 1.43m | eta: 39.8m
step 00143/03814 (3.75%) | loss: 4.695567 | lrm: 1.00 | dt: 652.61ms | tok/sec: 100,421 | bf16_mfu: 0.00 | epoch: 1 pq: 0 rg: 15 | total time: 1.44m | eta: 39.8m
step 00144/03814 (3.78%) | loss: 4.701145 | lrm: 1.00 | dt: 653.42ms | tok/sec: 100,296 | bf16_mfu: 0.00 | epoch: 1 pq: 0 rg: 15 | total time: 1.45m | eta: 39.8m
step 00145/03814 (3.80%) | loss: 4.686719 | lrm: 1.00 | dt: 657.68ms | tok/sec: 99,647 | bf16_mfu: 0.00 | epoch: 1 pq: 0 rg: 15 | total time: 1.46m | eta: 39.8m
step 00146/03814 (3.83%) | loss: 4.678778 | lrm: 1.00 | dt: 650.88ms | tok/sec: 100,688 | bf16_mfu: 0.00 | epoch: 1 pq: 0 rg: 15 | total time: 1.47m | eta: 39.7m
step 00147/03814 (3.85%) | loss: 4.679752 | lrm: 1.00 | dt: 648.59ms | tok/sec: 101,043 | bf16_mfu: 0.00 | epoch: 1 pq: 0 rg: 15 | total time: 1.48m | eta: 39.7m
step 00148/03814 (3.88%) | loss: 4.673226 | lrm: 1.00 | dt: 651.06ms | tok/sec: 100,661 | bf16_mfu: 0.00 | epoch: 1 pq: 0 rg: 15 | total time: 1.50m | eta: 39.7m
step 00149/03814 (3.91%) | loss: 4.676866 | lrm: 1.00 | dt: 654.71ms | tok/sec: 100,099 | bf16_mfu: 0.00 | epoch: 1 pq: 0 rg: 15 | total time: 1.51m | eta: 39.7m
step 00150/03814 (3.93%) | loss: 4.687421 | lrm: 1.00 | dt: 648.78ms | tok/sec: 101,014 | bf16_mfu: 0.00 | epoch: 1 pq: 0 rg: 15 | total time: 1.52m | eta: 39.7m
step 00151/03814 (3.96%) | loss: 4.690885 | lrm: 1.00 | dt: 648.51ms | tok/sec: 101,055 | bf16_mfu: 0.00 | epoch: 1 pq: 0 rg: 16 | total time: 1.53m | eta: 39.7m
step 00152/03814 (3.99%) | loss: 4.688771 | lrm: 1.00 | dt: 648.00ms | tok/sec: 101,136 | bf16_mfu: 0.00 | epoch: 1 pq: 0 rg: 16 | total time: 1.54m | eta: 39.7m
step 00153/03814 (4.01%) | loss: 4.672747 | lrm: 1.00 | dt: 651.10ms | tok/sec: 100,654 | bf16_mfu: 0.00 | epoch: 1 pq: 0 rg: 16 | total time: 1.55m | eta: 39.7m
step 00154/03814 (4.04%) | loss: 4.658240 | lrm: 1.00 | dt: 654.42ms | tok/sec: 100,144 | bf16_mfu: 0.00 | epoch: 1 pq: 0 rg: 16 | total time: 1.56m | eta: 39.7m
step 00155/03814 (4.06%) | loss: 4.644328 | lrm: 1.00 | dt: 648.96ms | tok/sec: 100,986 | bf16_mfu: 0.00 | epoch: 1 pq: 0 rg: 16 | total time: 1.57m | eta: 39.6m
step 00156/03814 (4.09%) | loss: 4.635953 | lrm: 1.00 | dt: 645.94ms | tok/sec: 101,458 | bf16_mfu: 0.00 | epoch: 1 pq: 0 rg: 16 | total time: 1.58m | eta: 39.6m
step 00157/03814 (4.12%) | loss: 4.611054 | lrm: 1.00 | dt: 679.46ms | tok/sec: 96,452 | bf16_mfu: 0.00 | epoch: 1 pq: 0 rg: 16 | total time: 1.59m | eta: 39.6m
step 00158/03814 (4.14%) | loss: 4.607895 | lrm: 1.00 | dt: 673.45ms | tok/sec: 97,314 | bf16_mfu: 0.00 | epoch: 1 pq: 0 rg: 16 | total time: 1.60m | eta: 39.6m
step 00159/03814 (4.17%) | loss: 4.596659 | lrm: 1.00 | dt: 653.94ms | tok/sec: 100,217 | bf16_mfu: 0.00 | epoch: 1 pq: 0 rg: 16 | total time: 1.62m | eta: 39.6m
step 00160/03814 (4.20%) | loss: 4.609088 | lrm: 1.00 | dt: 646.02ms | tok/sec: 101,445 | bf16_mfu: 0.00 | epoch: 1 pq: 0 rg: 16 | total time: 1.63m | eta: 39.6m
step 00161/03814 (4.22%) | loss: 4.605473 | lrm: 1.00 | dt: 645.26ms | tok/sec: 101,565 | bf16_mfu: 0.00 | epoch: 1 pq: 0 rg: 17 | total time: 1.64m | eta: 39.6m
step 00162/03814 (4.25%) | loss: 4.598838 | lrm: 1.00 | dt: 644.92ms | tok/sec: 101,619 | bf16_mfu: 0.00 | epoch: 1 pq: 0 rg: 17 | total time: 1.65m | eta: 39.6m
step 00163/03814 (4.27%) | loss: 4.583080 | lrm: 1.00 | dt: 648.83ms | tok/sec: 101,005 | bf16_mfu: 0.00 | epoch: 1 pq: 0 rg: 17 | total time: 1.66m | eta: 39.6m
step 00164/03814 (4.30%) | loss: 4.572343 | lrm: 1.00 | dt: 706.60ms | tok/sec: 92,747 | bf16_mfu: 0.00 | epoch: 1 pq: 0 rg: 17 | total time: 1.67m | eta: 39.6m
step 00165/03814 (4.33%) | loss: 4.592646 | lrm: 1.00 | dt: 645.33ms | tok/sec: 101,553 | bf16_mfu: 0.00 | epoch: 1 pq: 0 rg: 17 | total time: 1.68m | eta: 39.6m
step 00166/03814 (4.35%) | loss: 4.586471 | lrm: 1.00 | dt: 652.73ms | tok/sec: 100,402 | bf16_mfu: 0.00 | epoch: 1 pq: 0 rg: 17 | total time: 1.69m | eta: 39.6m
step 00167/03814 (4.38%) | loss: 4.567066 | lrm: 1.00 | dt: 647.78ms | tok/sec: 101,169 | bf16_mfu: 0.00 | epoch: 1 pq: 0 rg: 17 | total time: 1.70m | eta: 39.6m
step 00168/03814 (4.40%) | loss: 4.545057 | lrm: 1.00 | dt: 642.17ms | tok/sec: 102,053 | bf16_mfu: 0.00 | epoch: 1 pq: 0 rg: 17 | total time: 1.71m | eta: 39.5m
step 00169/03814 (4.43%) | loss: 4.553450 | lrm: 1.00 | dt: 646.93ms | tok/sec: 101,303 | bf16_mfu: 0.00 | epoch: 1 pq: 0 rg: 17 | total time: 1.72m | eta: 39.5m
step 00170/03814 (4.46%) | loss: 4.563770 | lrm: 1.00 | dt: 699.21ms | tok/sec: 93,728 | bf16_mfu: 0.00 | epoch: 1 pq: 0 rg: 17 | total time: 1.74m | eta: 39.5m
step 00171/03814 (4.48%) | loss: 4.564113 | lrm: 1.00 | dt: 694.10ms | tok/sec: 94,418 | bf16_mfu: 0.00 | epoch: 1 pq: 0 rg: 18 | total time: 1.75m | eta: 39.5m
step 00172/03814 (4.51%) | loss: 4.550301 | lrm: 1.00 | dt: 648.81ms | tok/sec: 101,008 | bf16_mfu: 0.00 | epoch: 1 pq: 0 rg: 18 | total time: 1.76m | eta: 39.5m
step 00173/03814 (4.54%) | loss: 4.552540 | lrm: 1.00 | dt: 669.06ms | tok/sec: 97,952 | bf16_mfu: 0.00 | epoch: 1 pq: 0 rg: 18 | total time: 1.77m | eta: 39.5m
step 00174/03814 (4.56%) | loss: 4.538627 | lrm: 1.00 | dt: 655.37ms | tok/sec: 99,999 | bf16_mfu: 0.00 | epoch: 1 pq: 0 rg: 18 | total time: 1.78m | eta: 39.5m
step 00175/03814 (4.59%) | loss: 4.510729 | lrm: 1.00 | dt: 650.68ms | tok/sec: 100,719 | bf16_mfu: 0.00 | epoch: 1 pq: 0 rg: 18 | total time: 1.79m | eta: 39.5m
step 00176/03814 (4.61%) | loss: 4.491085 | lrm: 1.00 | dt: 648.05ms | tok/sec: 101,128 | bf16_mfu: 0.00 | epoch: 1 pq: 0 rg: 18 | total time: 1.80m | eta: 39.5m
step 00177/03814 (4.64%) | loss: 4.505428 | lrm: 1.00 | dt: 649.60ms | tok/sec: 100,886 | bf16_mfu: 0.00 | epoch: 1 pq: 0 rg: 18 | total time: 1.81m | eta: 39.5m
step 00178/03814 (4.67%) | loss: 4.504200 | lrm: 1.00 | dt: 669.51ms | tok/sec: 97,886 | bf16_mfu: 0.00 | epoch: 1 pq: 0 rg: 18 | total time: 1.82m | eta: 39.5m
step 00179/03814 (4.69%) | loss: 4.479830 | lrm: 1.00 | dt: 649.92ms | tok/sec: 100,837 | bf16_mfu: 0.00 | epoch: 1 pq: 0 rg: 18 | total time: 1.83m | eta: 39.5m
step 00180/03814 (4.72%) | loss: 4.462328 | lrm: 1.00 | dt: 653.04ms | tok/sec: 100,355 | bf16_mfu: 0.00 | epoch: 1 pq: 0 rg: 18 | total time: 1.85m | eta: 39.5m
step 00181/03814 (4.75%) | loss: 4.464392 | lrm: 1.00 | dt: 655.07ms | tok/sec: 100,043 | bf16_mfu: 0.00 | epoch: 1 pq: 0 rg: 18 | total time: 1.86m | eta: 39.4m
step 00182/03814 (4.77%) | loss: 4.470684 | lrm: 1.00 | dt: 655.94ms | tok/sec: 99,911 | bf16_mfu: 0.00 | epoch: 1 pq: 0 rg: 19 | total time: 1.87m | eta: 39.4m
step 00183/03814 (4.80%) | loss: 4.458680 | lrm: 1.00 | dt: 650.65ms | tok/sec: 100,723 | bf16_mfu: 0.00 | epoch: 1 pq: 0 rg: 19 | total time: 1.88m | eta: 39.4m
step 00184/03814 (4.82%) | loss: 4.445881 | lrm: 1.00 | dt: 648.86ms | tok/sec: 101,002 | bf16_mfu: 0.00 | epoch: 1 pq: 0 rg: 19 | total time: 1.89m | eta: 39.4m
step 00185/03814 (4.85%) | loss: 4.444747 | lrm: 1.00 | dt: 650.04ms | tok/sec: 100,817 | bf16_mfu: 0.00 | epoch: 1 pq: 0 rg: 19 | total time: 1.90m | eta: 39.4m
step 00186/03814 (4.88%) | loss: 4.440344 | lrm: 1.00 | dt: 650.58ms | tok/sec: 100,734 | bf16_mfu: 0.00 | epoch: 1 pq: 0 rg: 19 | total time: 1.91m | eta: 39.4m
step 00187/03814 (4.90%) | loss: 4.419133 | lrm: 1.00 | dt: 649.44ms | tok/sec: 100,911 | bf16_mfu: 0.00 | epoch: 1 pq: 0 rg: 19 | total time: 1.92m | eta: 39.4m
step 00188/03814 (4.93%) | loss: 4.404179 | lrm: 1.00 | dt: 652.52ms | tok/sec: 100,435 | bf16_mfu: 0.00 | epoch: 1 pq: 0 rg: 19 | total time: 1.93m | eta: 39.4m
step 00189/03814 (4.96%) | loss: 4.401606 | lrm: 1.00 | dt: 652.75ms | tok/sec: 100,399 | bf16_mfu: 0.00 | epoch: 1 pq: 0 rg: 19 | total time: 1.94m | eta: 39.4m
step 00190/03814 (4.98%) | loss: 4.393283 | lrm: 1.00 | dt: 685.43ms | tok/sec: 95,612 | bf16_mfu: 0.00 | epoch: 1 pq: 0 rg: 19 | total time: 1.95m | eta: 39.4m
step 00191/03814 (5.01%) | loss: 4.381789 | lrm: 1.00 | dt: 655.00ms | tok/sec: 100,054 | bf16_mfu: 0.00 | epoch: 1 pq: 0 rg: 19 | total time: 1.97m | eta: 39.3m
step 00192/03814 (5.03%) | loss: 4.381356 | lrm: 1.00 | dt: 648.21ms | tok/sec: 101,103 | bf16_mfu: 0.00 | epoch: 1 pq: 0 rg: 19 | total time: 1.98m | eta: 39.3m
step 00193/03814 (5.06%) | loss: 4.366263 | lrm: 1.00 | dt: 695.50ms | tok/sec: 94,228 | bf16_mfu: 0.00 | epoch: 1 pq: 0 rg: 20 | total time: 1.99m | eta: 39.3m
step 00194/03814 (5.09%) | loss: 4.388711 | lrm: 1.00 | dt: 651.96ms | tok/sec: 100,521 | bf16_mfu: 0.00 | epoch: 1 pq: 0 rg: 20 | total time: 2.00m | eta: 39.3m
step 00195/03814 (5.11%) | loss: 4.367564 | lrm: 1.00 | dt: 654.61ms | tok/sec: 100,114 | bf16_mfu: 0.00 | epoch: 1 pq: 0 rg: 20 | total time: 2.01m | eta: 39.3m
step 00196/03814 (5.14%) | loss: 4.350961 | lrm: 1.00 | dt: 653.71ms | tok/sec: 100,252 | bf16_mfu: 0.00 | epoch: 1 pq: 0 rg: 20 | total time: 2.02m | eta: 39.3m
step 00197/03814 (5.17%) | loss: 4.361482 | lrm: 1.00 | dt: 673.25ms | tok/sec: 97,342 | bf16_mfu: 0.00 | epoch: 1 pq: 0 rg: 20 | total time: 2.03m | eta: 39.3m
step 00198/03814 (5.19%) | loss: 4.349814 | lrm: 1.00 | dt: 658.31ms | tok/sec: 99,551 | bf16_mfu: 0.00 | epoch: 1 pq: 0 rg: 20 | total time: 2.04m | eta: 39.3m
step 00199/03814 (5.22%) | loss: 4.340148 | lrm: 1.00 | dt: 660.75ms | tok/sec: 99,184 | bf16_mfu: 0.00 | epoch: 1 pq: 0 rg: 20 | total time: 2.05m | eta: 39.3m
step 00200/03814 (5.24%) | loss: 4.330439 | lrm: 1.00 | dt: 657.18ms | tok/sec: 99,723 | bf16_mfu: 0.00 | epoch: 1 pq: 0 rg: 20 | total time: 2.06m | eta: 39.3m
step 00201/03814 (5.27%) | loss: 4.330499 | lrm: 1.00 | dt: 655.45ms | tok/sec: 99,986 | bf16_mfu: 0.00 | epoch: 1 pq: 0 rg: 20 | total time: 2.08m | eta: 39.3m
step 00202/03814 (5.30%) | loss: 4.346608 | lrm: 1.00 | dt: 657.83ms | tok/sec: 99,624 | bf16_mfu: 0.00 | epoch: 1 pq: 0 rg: 20 | total time: 2.09m | eta: 39.3m
step 00203/03814 (5.32%) | loss: 4.352094 | lrm: 1.00 | dt: 658.85ms | tok/sec: 99,470 | bf16_mfu: 0.00 | epoch: 1 pq: 0 rg: 21 | total time: 2.10m | eta: 39.3m
step 00204/03814 (5.35%) | loss: 4.340121 | lrm: 1.00 | dt: 658.53ms | tok/sec: 99,518 | bf16_mfu: 0.00 | epoch: 1 pq: 0 rg: 21 | total time: 2.11m | eta: 39.2m
step 00205/03814 (5.37%) | loss: 4.328215 | lrm: 1.00 | dt: 661.91ms | tok/sec: 99,009 | bf16_mfu: 0.00 | epoch: 1 pq: 0 rg: 21 | total time: 2.12m | eta: 39.2m
step 00206/03814 (5.40%) | loss: 4.338404 | lrm: 1.00 | dt: 659.21ms | tok/sec: 99,416 | bf16_mfu: 0.00 | epoch: 1 pq: 0 rg: 21 | total time: 2.13m | eta: 39.2m
step 00207/03814 (5.43%) | loss: 4.345693 | lrm: 1.00 | dt: 693.62ms | tok/sec: 94,483 | bf16_mfu: 0.00 | epoch: 1 pq: 0 rg: 21 | total time: 2.14m | eta: 39.2m
step 00208/03814 (5.45%) | loss: 4.343836 | lrm: 1.00 | dt: 687.60ms | tok/sec: 95,311 | bf16_mfu: 0.00 | epoch: 1 pq: 0 rg: 21 | total time: 2.15m | eta: 39.2m
step 00209/03814 (5.48%) | loss: 4.328985 | lrm: 1.00 | dt: 656.76ms | tok/sec: 99,787 | bf16_mfu: 0.00 | epoch: 1 pq: 0 rg: 21 | total time: 2.16m | eta: 39.2m
step 00210/03814 (5.51%) | loss: 4.334065 | lrm: 1.00 | dt: 662.51ms | tok/sec: 98,920 | bf16_mfu: 0.00 | epoch: 1 pq: 0 rg: 21 | total time: 2.18m | eta: 39.2m
step 00211/03814 (5.53%) | loss: 4.308135 | lrm: 1.00 | dt: 661.58ms | tok/sec: 99,059 | bf16_mfu: 0.00 | epoch: 1 pq: 0 rg: 21 | total time: 2.19m | eta: 39.2m
step 00212/03814 (5.56%) | loss: 4.308003 | lrm: 1.00 | dt: 660.03ms | tok/sec: 99,292 | bf16_mfu: 0.00 | epoch: 1 pq: 0 rg: 21 | total time: 2.20m | eta: 39.2m
step 00213/03814 (5.58%) | loss: 4.290204 | lrm: 1.00 | dt: 667.37ms | tok/sec: 98,200 | bf16_mfu: 0.00 | epoch: 1 pq: 0 rg: 21 | total time: 2.21m | eta: 39.2m
step 00214/03814 (5.61%) | loss: 4.284243 | lrm: 1.00 | dt: 759.99ms | tok/sec: 86,232 | bf16_mfu: 0.00 | epoch: 1 pq: 0 rg: 22 | total time: 2.22m | eta: 39.2m
step 00215/03814 (5.64%) | loss: 4.312840 | lrm: 1.00 | dt: 763.37ms | tok/sec: 85,850 | bf16_mfu: 0.00 | epoch: 1 pq: 0 rg: 22 | total time: 2.23m | eta: 39.2m
step 00216/03814 (5.66%) | loss: 4.295111 | lrm: 1.00 | dt: 663.07ms | tok/sec: 98,836 | bf16_mfu: 0.00 | epoch: 1 pq: 0 rg: 22 | total time: 2.25m | eta: 39.2m
step 00217/03814 (5.69%) | loss: 4.278975 | lrm: 1.00 | dt: 666.01ms | tok/sec: 98,401 | bf16_mfu: 0.00 | epoch: 1 pq: 0 rg: 22 | total time: 2.26m | eta: 39.2m
step 00218/03814 (5.72%) | loss: 4.264055 | lrm: 1.00 | dt: 663.02ms | tok/sec: 98,844 | bf16_mfu: 0.00 | epoch: 1 pq: 0 rg: 22 | total time: 2.27m | eta: 39.2m
step 00219/03814 (5.74%) | loss: 4.270192 | lrm: 1.00 | dt: 662.30ms | tok/sec: 98,952 | bf16_mfu: 0.00 | epoch: 1 pq: 0 rg: 22 | total time: 2.28m | eta: 39.2m
step 00220/03814 (5.77%) | loss: 4.272965 | lrm: 1.00 | dt: 668.58ms | tok/sec: 98,023 | bf16_mfu: 0.00 | epoch: 1 pq: 0 rg: 22 | total time: 2.29m | eta: 39.2m
step 00221/03814 (5.79%) | loss: 4.262215 | lrm: 1.00 | dt: 664.87ms | tok/sec: 98,569 | bf16_mfu: 0.00 | epoch: 1 pq: 0 rg: 22 | total time: 2.30m | eta: 39.2m
step 00222/03814 (5.82%) | loss: 4.246110 | lrm: 1.00 | dt: 663.28ms | tok/sec: 98,806 | bf16_mfu: 0.00 | epoch: 1 pq: 0 rg: 22 | total time: 2.31m | eta: 39.2m
step 00223/03814 (5.85%) | loss: 4.245655 | lrm: 1.00 | dt: 658.43ms | tok/sec: 99,533 | bf16_mfu: 0.00 | epoch: 1 pq: 0 rg: 22 | total time: 2.32m | eta: 39.2m
step 00224/03814 (5.87%) | loss: 4.239412 | lrm: 1.00 | dt: 664.71ms | tok/sec: 98,593 | bf16_mfu: 0.00 | epoch: 1 pq: 0 rg: 23 | total time: 2.33m | eta: 39.2m
step 00225/03814 (5.90%) | loss: 4.224145 | lrm: 1.00 | dt: 660.54ms | tok/sec: 99,216 | bf16_mfu: 0.00 | epoch: 1 pq: 0 rg: 23 | total time: 2.34m | eta: 39.1m
step 00226/03814 (5.93%) | loss: 4.211692 | lrm: 1.00 | dt: 662.35ms | tok/sec: 98,944 | bf16_mfu: 0.00 | epoch: 1 pq: 0 rg: 23 | total time: 2.36m | eta: 39.1m
step 00227/03814 (5.95%) | loss: 4.225240 | lrm: 1.00 | dt: 666.37ms | tok/sec: 98,348 | bf16_mfu: 0.00 | epoch: 1 pq: 0 rg: 23 | total time: 2.37m | eta: 39.1m
step 00228/03814 (5.98%) | loss: 4.231422 | lrm: 1.00 | dt: 667.12ms | tok/sec: 98,237 | bf16_mfu: 0.00 | epoch: 1 pq: 0 rg: 23 | total time: 2.38m | eta: 39.1m
step 00229/03814 (6.00%) | loss: 4.228291 | lrm: 1.00 | dt: 665.00ms | tok/sec: 98,550 | bf16_mfu: 0.00 | epoch: 1 pq: 0 rg: 23 | total time: 2.39m | eta: 39.1m
step 00230/03814 (6.03%) | loss: 4.211288 | lrm: 1.00 | dt: 658.09ms | tok/sec: 99,584 | bf16_mfu: 0.00 | epoch: 1 pq: 0 rg: 23 | total time: 2.40m | eta: 39.1m
step 00231/03814 (6.06%) | loss: 4.215947 | lrm: 1.00 | dt: 664.69ms | tok/sec: 98,596 | bf16_mfu: 0.00 | epoch: 1 pq: 0 rg: 23 | total time: 2.41m | eta: 39.1m
step 00232/03814 (6.08%) | loss: 4.231724 | lrm: 1.00 | dt: 661.73ms | tok/sec: 99,037 | bf16_mfu: 0.00 | epoch: 1 pq: 0 rg: 23 | total time: 2.42m | eta: 39.1m
step 00233/03814 (6.11%) | loss: 4.208078 | lrm: 1.00 | dt: 660.17ms | tok/sec: 99,271 | bf16_mfu: 0.00 | epoch: 1 pq: 0 rg: 23 | total time: 2.43m | eta: 39.1m
step 00234/03814 (6.14%) | loss: 4.193855 | lrm: 1.00 | dt: 665.77ms | tok/sec: 98,437 | bf16_mfu: 0.00 | epoch: 1 pq: 0 rg: 23 | total time: 2.44m | eta: 39.1m
step 00235/03814 (6.16%) | loss: 4.208713 | lrm: 1.00 | dt: 667.21ms | tok/sec: 98,224 | bf16_mfu: 0.00 | epoch: 1 pq: 0 rg: 24 | total time: 2.46m | eta: 39.1m
step 00236/03814 (6.19%) | loss: 4.216381 | lrm: 1.00 | dt: 665.13ms | tok/sec: 98,531 | bf16_mfu: 0.00 | epoch: 1 pq: 0 rg: 24 | total time: 2.47m | eta: 39.1m
step 00237/03814 (6.21%) | loss: 4.205151 | lrm: 1.00 | dt: 665.99ms | tok/sec: 98,403 | bf16_mfu: 0.00 | epoch: 1 pq: 0 rg: 24 | total time: 2.48m | eta: 39.0m
step 00238/03814 (6.24%) | loss: 4.186439 | lrm: 1.00 | dt: 660.99ms | tok/sec: 99,148 | bf16_mfu: 0.00 | epoch: 1 pq: 0 rg: 24 | total time: 2.49m | eta: 39.0m
step 00239/03814 (6.27%) | loss: 4.160718 | lrm: 1.00 | dt: 705.43ms | tok/sec: 92,902 | bf16_mfu: 0.00 | epoch: 1 pq: 0 rg: 24 | total time: 2.50m | eta: 39.0m
step 00240/03814 (6.29%) | loss: 4.173782 | lrm: 1.00 | dt: 663.75ms | tok/sec: 98,736 | bf16_mfu: 0.00 | epoch: 1 pq: 0 rg: 24 | total time: 2.51m | eta: 39.0m
step 00241/03814 (6.32%) | loss: 4.153623 | lrm: 1.00 | dt: 655.77ms | tok/sec: 99,938 | bf16_mfu: 0.00 | epoch: 1 pq: 0 rg: 24 | total time: 2.52m | eta: 39.0m
step 00242/03814 (6.35%) | loss: 4.132102 | lrm: 1.00 | dt: 660.59ms | tok/sec: 99,207 | bf16_mfu: 0.00 | epoch: 1 pq: 0 rg: 24 | total time: 2.53m | eta: 39.0m
step 00243/03814 (6.37%) | loss: 4.130588 | lrm: 1.00 | dt: 660.37ms | tok/sec: 99,240 | bf16_mfu: 0.00 | epoch: 1 pq: 0 rg: 24 | total time: 2.54m | eta: 39.0m
step 00244/03814 (6.40%) | loss: 4.132015 | lrm: 1.00 | dt: 663.51ms | tok/sec: 98,771 | bf16_mfu: 0.00 | epoch: 1 pq: 0 rg: 24 | total time: 2.56m | eta: 39.0m
step 00245/03814 (6.42%) | loss: 4.127306 | lrm: 1.00 | dt: 664.75ms | tok/sec: 98,588 | bf16_mfu: 0.00 | epoch: 1 pq: 0 rg: 25 | total time: 2.57m | eta: 39.0m
step 00246/03814 (6.45%) | loss: 4.121449 | lrm: 1.00 | dt: 654.87ms | tok/sec: 100,074 | bf16_mfu: 0.00 | epoch: 1 pq: 0 rg: 25 | total time: 2.58m | eta: 39.0m
step 00247/03814 (6.48%) | loss: 4.115485 | lrm: 1.00 | dt: 663.38ms | tok/sec: 98,791 | bf16_mfu: 0.00 | epoch: 1 pq: 0 rg: 25 | total time: 2.59m | eta: 39.0m
step 00248/03814 (6.50%) | loss: 4.130231 | lrm: 1.00 | dt: 660.09ms | tok/sec: 99,283 | bf16_mfu: 0.00 | epoch: 1 pq: 0 rg: 25 | total time: 2.60m | eta: 39.0m
step 00249/03814 (6.53%) | loss: 4.138673 | lrm: 1.00 | dt: 760.61ms | tok/sec: 86,161 | bf16_mfu: 0.00 | epoch: 1 pq: 0 rg: 25 | total time: 2.61m | eta: 39.0m
step 00250/03814 (6.55%) | loss: 4.129301 | lrm: 1.00 | dt: 664.31ms | tok/sec: 98,652 | bf16_mfu: 0.00 | epoch: 1 pq: 0 rg: 25 | total time: 2.62m | eta: 39.0m
step 00251/03814 (6.58%) | loss: 4.122114 | lrm: 1.00 | dt: 654.45ms | tok/sec: 100,139 | bf16_mfu: 0.00 | epoch: 1 pq: 0 rg: 25 | total time: 2.63m | eta: 38.9m
step 00252/03814 (6.61%) | loss: 4.113854 | lrm: 1.00 | dt: 657.47ms | tok/sec: 99,679 | bf16_mfu: 0.00 | epoch: 1 pq: 0 rg: 25 | total time: 2.65m | eta: 38.9m
step 00253/03814 (6.63%) | loss: 4.107256 | lrm: 1.00 | dt: 656.34ms | tok/sec: 99,850 | bf16_mfu: 0.00 | epoch: 1 pq: 0 rg: 25 | total time: 2.66m | eta: 38.9m
step 00254/03814 (6.66%) | loss: 4.083700 | lrm: 1.00 | dt: 659.55ms | tok/sec: 99,365 | bf16_mfu: 0.00 | epoch: 1 pq: 0 rg: 25 | total time: 2.67m | eta: 38.9m
step 00255/03814 (6.69%) | loss: 4.075152 | lrm: 1.00 | dt: 672.51ms | tok/sec: 97,449 | bf16_mfu: 0.00 | epoch: 1 pq: 0 rg: 25 | total time: 2.68m | eta: 38.9m
step 00256/03814 (6.71%) | loss: 4.068741 | lrm: 1.00 | dt: 658.15ms | tok/sec: 99,575 | bf16_mfu: 0.00 | epoch: 1 pq: 0 rg: 26 | total time: 2.69m | eta: 38.9m
step 00257/03814 (6.74%) | loss: 4.053422 | lrm: 1.00 | dt: 664.45ms | tok/sec: 98,631 | bf16_mfu: 0.00 | epoch: 1 pq: 0 rg: 26 | total time: 2.70m | eta: 38.9m
step 00258/03814 (6.76%) | loss: 4.041865 | lrm: 1.00 | dt: 658.20ms | tok/sec: 99,568 | bf16_mfu: 0.00 | epoch: 1 pq: 0 rg: 26 | total time: 2.71m | eta: 38.9m
step 00259/03814 (6.79%) | loss: 4.064291 | lrm: 1.00 | dt: 658.16ms | tok/sec: 99,575 | bf16_mfu: 0.00 | epoch: 1 pq: 0 rg: 26 | total time: 2.72m | eta: 38.9m
step 00260/03814 (6.82%) | loss: 4.049918 | lrm: 1.00 | dt: 663.27ms | tok/sec: 98,806 | bf16_mfu: 0.00 | epoch: 1 pq: 0 rg: 26 | total time: 2.73m | eta: 38.9m
step 00261/03814 (6.84%) | loss: 4.046404 | lrm: 1.00 | dt: 655.09ms | tok/sec: 100,041 | bf16_mfu: 0.00 | epoch: 1 pq: 0 rg: 26 | total time: 2.74m | eta: 38.8m
step 00262/03814 (6.87%) | loss: 4.043568 | lrm: 1.00 | dt: 657.66ms | tok/sec: 99,650 | bf16_mfu: 0.00 | epoch: 1 pq: 0 rg: 26 | total time: 2.76m | eta: 38.8m
step 00263/03814 (6.90%) | loss: 4.061352 | lrm: 1.00 | dt: 658.12ms | tok/sec: 99,580 | bf16_mfu: 0.00 | epoch: 1 pq: 0 rg: 26 | total time: 2.77m | eta: 38.8m
step 00264/03814 (6.92%) | loss: 4.069371 | lrm: 1.00 | dt: 662.28ms | tok/sec: 98,954 | bf16_mfu: 0.00 | epoch: 1 pq: 0 rg: 26 | total time: 2.78m | eta: 38.8m
step 00265/03814 (6.95%) | loss: 4.070299 | lrm: 1.00 | dt: 662.81ms | tok/sec: 98,875 | bf16_mfu: 0.00 | epoch: 1 pq: 0 rg: 26 | total time: 2.79m | eta: 38.8m
step 00266/03814 (6.97%) | loss: 4.048279 | lrm: 1.00 | dt: 658.55ms | tok/sec: 99,515 | bf16_mfu: 0.00 | epoch: 1 pq: 0 rg: 26 | total time: 2.80m | eta: 38.8m
step 00267/03814 (7.00%) | loss: 4.053555 | lrm: 1.00 | dt: 683.94ms | tok/sec: 95,820 | bf16_mfu: 0.00 | epoch: 1 pq: 0 rg: 27 | total time: 2.81m | eta: 38.8m
step 00268/03814 (7.03%) | loss: 4.068658 | lrm: 1.00 | dt: 657.88ms | tok/sec: 99,616 | bf16_mfu: 0.00 | epoch: 1 pq: 0 rg: 27 | total time: 2.82m | eta: 38.8m
step 00269/03814 (7.05%) | loss: 4.055805 | lrm: 1.00 | dt: 662.18ms | tok/sec: 98,970 | bf16_mfu: 0.00 | epoch: 1 pq: 0 rg: 27 | total time: 2.83m | eta: 38.8m
step 00270/03814 (7.08%) | loss: 4.028530 | lrm: 1.00 | dt: 657.13ms | tok/sec: 99,731 | bf16_mfu: 0.00 | epoch: 1 pq: 0 rg: 27 | total time: 2.84m | eta: 38.8m
step 00271/03814 (7.11%) | loss: 4.018531 | lrm: 1.00 | dt: 713.74ms | tok/sec: 91,819 | bf16_mfu: 0.00 | epoch: 1 pq: 0 rg: 27 | total time: 2.86m | eta: 38.8m
step 00272/03814 (7.13%) | loss: 4.015560 | lrm: 1.00 | dt: 666.41ms | tok/sec: 98,342 | bf16_mfu: 0.00 | epoch: 1 pq: 0 rg: 27 | total time: 2.87m | eta: 38.8m
step 00273/03814 (7.16%) | loss: 4.000807 | lrm: 1.00 | dt: 651.79ms | tok/sec: 100,548 | bf16_mfu: 0.00 | epoch: 1 pq: 0 rg: 27 | total time: 2.88m | eta: 38.7m
step 00274/03814 (7.18%) | loss: 3.985332 | lrm: 1.00 | dt: 651.20ms | tok/sec: 100,638 | bf16_mfu: 0.00 | epoch: 1 pq: 0 rg: 27 | total time: 2.89m | eta: 38.7m
step 00275/03814 (7.21%) | loss: 3.969669 | lrm: 1.00 | dt: 656.47ms | tok/sec: 99,831 | bf16_mfu: 0.00 | epoch: 1 pq: 0 rg: 27 | total time: 2.90m | eta: 38.7m
step 00276/03814 (7.24%) | loss: 3.992203 | lrm: 1.00 | dt: 654.41ms | tok/sec: 100,145 | bf16_mfu: 0.00 | epoch: 1 pq: 0 rg: 27 | total time: 2.91m | eta: 38.7m
step 00277/03814 (7.26%) | loss: 3.996319 | lrm: 1.00 | dt: 712.97ms | tok/sec: 91,919 | bf16_mfu: 0.00 | epoch: 1 pq: 0 rg: 28 | total time: 2.92m | eta: 38.7m
step 00278/03814 (7.29%) | loss: 3.993598 | lrm: 1.00 | dt: 659.34ms | tok/sec: 99,397 | bf16_mfu: 0.00 | epoch: 1 pq: 0 rg: 28 | total time: 2.93m | eta: 38.7m
step 00279/03814 (7.32%) | loss: 3.980829 | lrm: 1.00 | dt: 654.90ms | tok/sec: 100,070 | bf16_mfu: 0.00 | epoch: 1 pq: 0 rg: 28 | total time: 2.94m | eta: 38.7m
step 00280/03814 (7.34%) | loss: 3.977187 | lrm: 1.00 | dt: 657.26ms | tok/sec: 99,710 | bf16_mfu: 0.00 | epoch: 1 pq: 0 rg: 28 | total time: 2.96m | eta: 38.7m
step 00281/03814 (7.37%) | loss: 3.974509 | lrm: 1.00 | dt: 735.53ms | tok/sec: 89,100 | bf16_mfu: 0.00 | epoch: 1 pq: 0 rg: 28 | total time: 2.97m | eta: 38.7m
step 00282/03814 (7.39%) | loss: 3.976577 | lrm: 1.00 | dt: 651.04ms | tok/sec: 100,663 | bf16_mfu: 0.00 | epoch: 1 pq: 0 rg: 28 | total time: 2.98m | eta: 38.7m
step 00283/03814 (7.42%) | loss: 3.966810 | lrm: 1.00 | dt: 655.38ms | tok/sec: 99,996 | bf16_mfu: 0.00 | epoch: 1 pq: 0 rg: 28 | total time: 2.99m | eta: 38.7m
step 00284/03814 (7.45%) | loss: 3.949364 | lrm: 1.00 | dt: 652.90ms | tok/sec: 100,377 | bf16_mfu: 0.00 | epoch: 1 pq: 0 rg: 28 | total time: 3.00m | eta: 38.6m
step 00285/03814 (7.47%) | loss: 3.964214 | lrm: 1.00 | dt: 654.41ms | tok/sec: 100,144 | bf16_mfu: 0.00 | epoch: 1 pq: 0 rg: 28 | total time: 3.01m | eta: 38.6m
step 00286/03814 (7.50%) | loss: 3.943079 | lrm: 1.00 | dt: 656.64ms | tok/sec: 99,804 | bf16_mfu: 0.00 | epoch: 1 pq: 0 rg: 28 | total time: 3.02m | eta: 38.6m
step 00287/03814 (7.52%) | loss: 3.929707 | lrm: 1.00 | dt: 652.93ms | tok/sec: 100,372 | bf16_mfu: 0.00 | epoch: 1 pq: 0 rg: 28 | total time: 3.03m | eta: 38.6m
step 00288/03814 (7.55%) | loss: 3.921997 | lrm: 1.00 | dt: 794.04ms | tok/sec: 82,534 | bf16_mfu: 0.00 | epoch: 1 pq: 0 rg: 29 | total time: 3.05m | eta: 38.6m
step 00289/03814 (7.58%) | loss: 3.931691 | lrm: 1.00 | dt: 653.68ms | tok/sec: 100,257 | bf16_mfu: 0.00 | epoch: 1 pq: 0 rg: 29 | total time: 3.06m | eta: 38.6m
step 00290/03814 (7.60%) | loss: 3.924942 | lrm: 1.00 | dt: 656.63ms | tok/sec: 99,806 | bf16_mfu: 0.00 | epoch: 1 pq: 0 rg: 29 | total time: 3.07m | eta: 38.6m
step 00291/03814 (7.63%) | loss: 3.908249 | lrm: 1.00 | dt: 657.85ms | tok/sec: 99,621 | bf16_mfu: 0.00 | epoch: 1 pq: 0 rg: 29 | total time: 3.08m | eta: 38.6m
step 00292/03814 (7.66%) | loss: 3.899034 | lrm: 1.00 | dt: 671.30ms | tok/sec: 97,625 | bf16_mfu: 0.00 | epoch: 1 pq: 0 rg: 29 | total time: 3.09m | eta: 38.6m
step 00293/03814 (7.68%) | loss: 3.912130 | lrm: 1.00 | dt: 662.97ms | tok/sec: 98,851 | bf16_mfu: 0.00 | epoch: 1 pq: 0 rg: 29 | total time: 3.10m | eta: 38.6m
step 00294/03814 (7.71%) | loss: 3.907926 | lrm: 1.00 | dt: 700.19ms | tok/sec: 93,597 | bf16_mfu: 0.00 | epoch: 1 pq: 0 rg: 29 | total time: 3.11m | eta: 38.6m
step 00295/03814 (7.73%) | loss: 3.888087 | lrm: 1.00 | dt: 651.74ms | tok/sec: 100,554 | bf16_mfu: 0.00 | epoch: 1 pq: 0 rg: 29 | total time: 3.12m | eta: 38.6m
step 00296/03814 (7.76%) | loss: 3.893619 | lrm: 1.00 | dt: 653.64ms | tok/sec: 100,262 | bf16_mfu: 0.00 | epoch: 1 pq: 0 rg: 29 | total time: 3.13m | eta: 38.6m
step 00297/03814 (7.79%) | loss: 3.878875 | lrm: 1.00 | dt: 654.37ms | tok/sec: 100,150 | bf16_mfu: 0.00 | epoch: 1 pq: 0 rg: 29 | total time: 3.15m | eta: 38.5m
step 00298/03814 (7.81%) | loss: 3.861867 | lrm: 1.00 | dt: 659.09ms | tok/sec: 99,434 | bf16_mfu: 0.00 | epoch: 1 pq: 0 rg: 30 | total time: 3.16m | eta: 38.5m
step 00299/03814 (7.84%) | loss: 3.859033 | lrm: 1.00 | dt: 659.89ms | tok/sec: 99,313 | bf16_mfu: 0.00 | epoch: 1 pq: 0 rg: 30 | total time: 3.17m | eta: 38.5m
step 00300/03814 (7.87%) | loss: 3.867210 | lrm: 1.00 | dt: 670.72ms | tok/sec: 97,709 | bf16_mfu: 0.00 | epoch: 1 pq: 0 rg: 30 | total time: 3.18m | eta: 38.5m
step 00301/03814 (7.89%) | loss: 3.874682 | lrm: 1.00 | dt: 705.43ms | tok/sec: 92,902 | bf16_mfu: 0.00 | epoch: 1 pq: 0 rg: 30 | total time: 3.19m | eta: 38.5m
step 00302/03814 (7.92%) | loss: 3.861809 | lrm: 1.00 | dt: 668.92ms | tok/sec: 97,972 | bf16_mfu: 0.00 | epoch: 1 pq: 0 rg: 30 | total time: 3.20m | eta: 38.5m
step 00303/03814 (7.94%) | loss: 3.850438 | lrm: 1.00 | dt: 655.89ms | tok/sec: 99,919 | bf16_mfu: 0.00 | epoch: 1 pq: 0 rg: 30 | total time: 3.21m | eta: 38.5m
step 00304/03814 (7.97%) | loss: 3.862683 | lrm: 1.00 | dt: 655.25ms | tok/sec: 100,016 | bf16_mfu: 0.00 | epoch: 1 pq: 0 rg: 30 | total time: 3.22m | eta: 38.5m
step 00305/03814 (8.00%) | loss: 3.886494 | lrm: 1.00 | dt: 653.56ms | tok/sec: 100,275 | bf16_mfu: 0.00 | epoch: 1 pq: 0 rg: 30 | total time: 3.23m | eta: 38.5m
step 00306/03814 (8.02%) | loss: 3.884843 | lrm: 1.00 | dt: 691.09ms | tok/sec: 94,830 | bf16_mfu: 0.00 | epoch: 1 pq: 0 rg: 30 | total time: 3.25m | eta: 38.5m
step 00307/03814 (8.05%) | loss: 3.877201 | lrm: 1.00 | dt: 655.10ms | tok/sec: 100,039 | bf16_mfu: 0.00 | epoch: 1 pq: 0 rg: 30 | total time: 3.26m | eta: 38.5m
step 00308/03814 (8.08%) | loss: 3.873555 | lrm: 1.00 | dt: 661.72ms | tok/sec: 99,039 | bf16_mfu: 0.00 | epoch: 1 pq: 0 rg: 30 | total time: 3.27m | eta: 38.4m
step 00309/03814 (8.10%) | loss: 3.855153 | lrm: 1.00 | dt: 693.64ms | tok/sec: 94,480 | bf16_mfu: 0.00 | epoch: 1 pq: 0 rg: 31 | total time: 3.28m | eta: 38.4m
step 00310/03814 (8.13%) | loss: 3.855437 | lrm: 1.00 | dt: 655.39ms | tok/sec: 99,994 | bf16_mfu: 0.00 | epoch: 1 pq: 0 rg: 31 | total time: 3.29m | eta: 38.4m
step 00311/03814 (8.15%) | loss: 3.834394 | lrm: 1.00 | dt: 652.83ms | tok/sec: 100,387 | bf16_mfu: 0.00 | epoch: 1 pq: 0 rg: 31 | total time: 3.30m | eta: 38.4m
step 00312/03814 (8.18%) | loss: 3.822749 | lrm: 1.00 | dt: 656.64ms | tok/sec: 99,805 | bf16_mfu: 0.00 | epoch: 1 pq: 0 rg: 31 | total time: 3.31m | eta: 38.4m
step 00313/03814 (8.21%) | loss: 3.821917 | lrm: 1.00 | dt: 657.00ms | tok/sec: 99,750 | bf16_mfu: 0.00 | epoch: 1 pq: 0 rg: 31 | total time: 3.32m | eta: 38.4m
step 00314/03814 (8.23%) | loss: 3.817376 | lrm: 1.00 | dt: 658.06ms | tok/sec: 99,589 | bf16_mfu: 0.00 | epoch: 1 pq: 0 rg: 31 | total time: 3.33m | eta: 38.4m
step 00315/03814 (8.26%) | loss: 3.800738 | lrm: 1.00 | dt: 728.27ms | tok/sec: 89,988 | bf16_mfu: 0.00 | epoch: 1 pq: 0 rg: 31 | total time: 3.35m | eta: 38.4m
step 00316/03814 (8.29%) | loss: 3.786532 | lrm: 1.00 | dt: 658.08ms | tok/sec: 99,587 | bf16_mfu: 0.00 | epoch: 1 pq: 0 rg: 31 | total time: 3.36m | eta: 38.4m
step 00317/03814 (8.31%) | loss: 3.790502 | lrm: 1.00 | dt: 663.68ms | tok/sec: 98,746 | bf16_mfu: 0.00 | epoch: 1 pq: 0 rg: 31 | total time: 3.37m | eta: 38.4m
step 00318/03814 (8.34%) | loss: 3.795468 | lrm: 1.00 | dt: 655.43ms | tok/sec: 99,988 | bf16_mfu: 0.00 | epoch: 1 pq: 0 rg: 31 | total time: 3.38m | eta: 38.4m
step 00319/03814 (8.36%) | loss: 3.793510 | lrm: 1.00 | dt: 660.58ms | tok/sec: 99,209 | bf16_mfu: 0.00 | epoch: 1 pq: 0 rg: 32 | total time: 3.39m | eta: 38.3m
step 00320/03814 (8.39%) | loss: 3.789951 | lrm: 1.00 | dt: 653.18ms | tok/sec: 100,333 | bf16_mfu: 0.00 | epoch: 1 pq: 0 rg: 32 | total time: 3.40m | eta: 38.3m
step 00321/03814 (8.42%) | loss: 3.787400 | lrm: 1.00 | dt: 679.84ms | tok/sec: 96,398 | bf16_mfu: 0.00 | epoch: 1 pq: 0 rg: 32 | total time: 3.41m | eta: 38.3m
step 00322/03814 (8.44%) | loss: 3.772286 | lrm: 1.00 | dt: 662.42ms | tok/sec: 98,934 | bf16_mfu: 0.00 | epoch: 1 pq: 0 rg: 32 | total time: 3.42m | eta: 38.3m
step 00323/03814 (8.47%) | loss: 3.771321 | lrm: 1.00 | dt: 657.22ms | tok/sec: 99,716 | bf16_mfu: 0.00 | epoch: 1 pq: 0 rg: 32 | total time: 3.43m | eta: 38.3m
step 00324/03814 (8.50%) | loss: 3.745954 | lrm: 1.00 | dt: 655.60ms | tok/sec: 99,963 | bf16_mfu: 0.00 | epoch: 1 pq: 0 rg: 32 | total time: 3.45m | eta: 38.3m
step 00325/03814 (8.52%) | loss: 3.735981 | lrm: 1.00 | dt: 660.47ms | tok/sec: 99,225 | bf16_mfu: 0.00 | epoch: 1 pq: 0 rg: 32 | total time: 3.46m | eta: 38.3m
step 00326/03814 (8.55%) | loss: 3.752921 | lrm: 1.00 | dt: 653.28ms | tok/sec: 100,318 | bf16_mfu: 0.00 | epoch: 1 pq: 0 rg: 32 | total time: 3.47m | eta: 38.3m
step 00327/03814 (8.57%) | loss: 3.750695 | lrm: 1.00 | dt: 658.85ms | tok/sec: 99,471 | bf16_mfu: 0.00 | epoch: 1 pq: 0 rg: 32 | total time: 3.48m | eta: 38.3m
step 00328/03814 (8.60%) | loss: 3.746826 | lrm: 1.00 | dt: 656.53ms | tok/sec: 99,821 | bf16_mfu: 0.00 | epoch: 1 pq: 0 rg: 32 | total time: 3.49m | eta: 38.2m
step 00329/03814 (8.63%) | loss: 3.735998 | lrm: 1.00 | dt: 658.26ms | tok/sec: 99,559 | bf16_mfu: 0.00 | epoch: 1 pq: 0 rg: 33 | total time: 3.50m | eta: 38.2m
step 00330/03814 (8.65%) | loss: 3.726853 | lrm: 1.00 | dt: 656.48ms | tok/sec: 99,829 | bf16_mfu: 0.00 | epoch: 1 pq: 0 rg: 33 | total time: 3.51m | eta: 38.2m
step 00331/03814 (8.68%) | loss: 3.718163 | lrm: 1.00 | dt: 670.23ms | tok/sec: 97,781 | bf16_mfu: 0.00 | epoch: 1 pq: 0 rg: 33 | total time: 3.52m | eta: 38.2m
step 00332/03814 (8.70%) | loss: 3.704902 | lrm: 1.00 | dt: 657.99ms | tok/sec: 99,600 | bf16_mfu: 0.00 | epoch: 1 pq: 0 rg: 33 | total time: 3.53m | eta: 38.2m
step 00333/03814 (8.73%) | loss: 3.707472 | lrm: 1.00 | dt: 662.78ms | tok/sec: 98,881 | bf16_mfu: 0.00 | epoch: 1 pq: 0 rg: 33 | total time: 3.54m | eta: 38.2m
step 00334/03814 (8.76%) | loss: 3.695565 | lrm: 1.00 | dt: 654.38ms | tok/sec: 100,150 | bf16_mfu: 0.00 | epoch: 1 pq: 0 rg: 33 | total time: 3.55m | eta: 38.2m
step 00335/03814 (8.78%) | loss: 3.700258 | lrm: 1.00 | dt: 657.45ms | tok/sec: 99,682 | bf16_mfu: 0.00 | epoch: 1 pq: 0 rg: 33 | total time: 3.57m | eta: 38.2m
step 00336/03814 (8.81%) | loss: 3.689222 | lrm: 1.00 | dt: 656.40ms | tok/sec: 99,841 | bf16_mfu: 0.00 | epoch: 1 pq: 0 rg: 33 | total time: 3.58m | eta: 38.2m
step 00337/03814 (8.84%) | loss: 3.696491 | lrm: 1.00 | dt: 653.07ms | tok/sec: 100,350 | bf16_mfu: 0.00 | epoch: 1 pq: 0 rg: 33 | total time: 3.59m | eta: 38.1m
step 00338/03814 (8.86%) | loss: 3.687940 | lrm: 1.00 | dt: 649.81ms | tok/sec: 100,854 | bf16_mfu: 0.00 | epoch: 1 pq: 0 rg: 33 | total time: 3.60m | eta: 38.1m
step 00339/03814 (8.89%) | loss: 3.677288 | lrm: 1.00 | dt: 657.41ms | tok/sec: 99,688 | bf16_mfu: 0.00 | epoch: 1 pq: 0 rg: 33 | total time: 3.61m | eta: 38.1m
step 00340/03814 (8.91%) | loss: 3.669978 | lrm: 1.00 | dt: 660.50ms | tok/sec: 99,221 | bf16_mfu: 0.00 | epoch: 1 pq: 0 rg: 34 | total time: 3.62m | eta: 38.1m
step 00341/03814 (8.94%) | loss: 3.650635 | lrm: 1.00 | dt: 666.82ms | tok/sec: 98,281 | bf16_mfu: 0.00 | epoch: 1 pq: 0 rg: 34 | total time: 3.63m | eta: 38.1m
step 00342/03814 (8.97%) | loss: 3.660736 | lrm: 1.00 | dt: 655.07ms | tok/sec: 100,044 | bf16_mfu: 0.00 | epoch: 1 pq: 0 rg: 34 | total time: 3.64m | eta: 38.1m
step 00343/03814 (8.99%) | loss: 3.662798 | lrm: 1.00 | dt: 661.45ms | tok/sec: 99,078 | bf16_mfu: 0.00 | epoch: 1 pq: 0 rg: 34 | total time: 3.65m | eta: 38.1m
step 00344/03814 (9.02%) | loss: 3.666468 | lrm: 1.00 | dt: 651.82ms | tok/sec: 100,543 | bf16_mfu: 0.00 | epoch: 1 pq: 0 rg: 34 | total time: 3.66m | eta: 38.1m
step 00345/03814 (9.05%) | loss: 3.656051 | lrm: 1.00 | dt: 657.54ms | tok/sec: 99,667 | bf16_mfu: 0.00 | epoch: 1 pq: 0 rg: 34 | total time: 3.68m | eta: 38.1m
step 00346/03814 (9.07%) | loss: 3.642210 | lrm: 1.00 | dt: 658.49ms | tok/sec: 99,524 | bf16_mfu: 0.00 | epoch: 1 pq: 0 rg: 34 | total time: 3.69m | eta: 38.0m
step 00347/03814 (9.10%) | loss: 3.633557 | lrm: 1.00 | dt: 654.64ms | tok/sec: 100,110 | bf16_mfu: 0.00 | epoch: 1 pq: 0 rg: 34 | total time: 3.70m | eta: 38.0m
step 00348/03814 (9.12%) | loss: 3.639609 | lrm: 1.00 | dt: 658.84ms | tok/sec: 99,471 | bf16_mfu: 0.00 | epoch: 1 pq: 0 rg: 34 | total time: 3.71m | eta: 38.0m
step 00349/03814 (9.15%) | loss: 3.631471 | lrm: 1.00 | dt: 655.59ms | tok/sec: 99,965 | bf16_mfu: 0.00 | epoch: 1 pq: 0 rg: 34 | total time: 3.72m | eta: 38.0m
step 00350/03814 (9.18%) | loss: 3.630132 | lrm: 1.00 | dt: 656.44ms | tok/sec: 99,835 | bf16_mfu: 0.00 | epoch: 1 pq: 0 rg: 34 | total time: 3.73m | eta: 38.0m
step 00351/03814 (9.20%) | loss: 3.637577 | lrm: 1.00 | dt: 664.60ms | tok/sec: 98,610 | bf16_mfu: 0.00 | epoch: 1 pq: 0 rg: 35 | total time: 3.74m | eta: 38.0m
step 00352/03814 (9.23%) | loss: 3.652910 | lrm: 1.00 | dt: 655.33ms | tok/sec: 100,004 | bf16_mfu: 0.00 | epoch: 1 pq: 0 rg: 35 | total time: 3.75m | eta: 38.0m
step 00353/03814 (9.26%) | loss: 3.638971 | lrm: 1.00 | dt: 655.63ms | tok/sec: 99,959 | bf16_mfu: 0.00 | epoch: 1 pq: 0 rg: 35 | total time: 3.76m | eta: 38.0m
step 00354/03814 (9.28%) | loss: 3.642217 | lrm: 1.00 | dt: 658.22ms | tok/sec: 99,566 | bf16_mfu: 0.00 | epoch: 1 pq: 0 rg: 35 | total time: 3.77m | eta: 38.0m
step 00355/03814 (9.31%) | loss: 3.630413 | lrm: 1.00 | dt: 660.95ms | tok/sec: 99,153 | bf16_mfu: 0.00 | epoch: 1 pq: 0 rg: 35 | total time: 3.78m | eta: 37.9m
step 00356/03814 (9.33%) | loss: 3.633813 | lrm: 1.00 | dt: 658.26ms | tok/sec: 99,558 | bf16_mfu: 0.00 | epoch: 1 pq: 0 rg: 35 | total time: 3.80m | eta: 37.9m
step 00357/03814 (9.36%) | loss: 3.637204 | lrm: 1.00 | dt: 658.29ms | tok/sec: 99,555 | bf16_mfu: 0.00 | epoch: 1 pq: 0 rg: 35 | total time: 3.81m | eta: 37.9m
step 00358/03814 (9.39%) | loss: 3.655077 | lrm: 1.00 | dt: 657.88ms | tok/sec: 99,617 | bf16_mfu: 0.00 | epoch: 1 pq: 0 rg: 35 | total time: 3.82m | eta: 37.9m
step 00359/03814 (9.41%) | loss: 3.641166 | lrm: 1.00 | dt: 660.39ms | tok/sec: 99,238 | bf16_mfu: 0.00 | epoch: 1 pq: 0 rg: 35 | total time: 3.83m | eta: 37.9m
step 00360/03814 (9.44%) | loss: 3.647126 | lrm: 1.00 | dt: 657.97ms | tok/sec: 99,603 | bf16_mfu: 0.00 | epoch: 1 pq: 0 rg: 35 | total time: 3.84m | eta: 37.9m
step 00361/03814 (9.47%) | loss: 3.673615 | lrm: 1.00 | dt: 672.60ms | tok/sec: 97,437 | bf16_mfu: 0.00 | epoch: 1 pq: 0 rg: 36 | total time: 3.85m | eta: 37.9m
step 00362/03814 (9.49%) | loss: 3.664955 | lrm: 1.00 | dt: 663.42ms | tok/sec: 98,785 | bf16_mfu: 0.00 | epoch: 1 pq: 0 rg: 36 | total time: 3.86m | eta: 37.9m
step 00363/03814 (9.52%) | loss: 3.663034 | lrm: 1.00 | dt: 651.78ms | tok/sec: 100,548 | bf16_mfu: 0.00 | epoch: 1 pq: 0 rg: 36 | total time: 3.87m | eta: 37.9m
step 00364/03814 (9.54%) | loss: 3.671615 | lrm: 1.00 | dt: 660.60ms | tok/sec: 99,207 | bf16_mfu: 0.00 | epoch: 1 pq: 0 rg: 36 | total time: 3.88m | eta: 37.9m
step 00365/03814 (9.57%) | loss: 3.678263 | lrm: 1.00 | dt: 657.10ms | tok/sec: 99,735 | bf16_mfu: 0.00 | epoch: 1 pq: 0 rg: 36 | total time: 3.89m | eta: 37.8m
step 00366/03814 (9.60%) | loss: 3.663581 | lrm: 1.00 | dt: 660.44ms | tok/sec: 99,230 | bf16_mfu: 0.00 | epoch: 1 pq: 0 rg: 36 | total time: 3.91m | eta: 37.8m
step 00367/03814 (9.62%) | loss: 3.654448 | lrm: 1.00 | dt: 655.98ms | tok/sec: 99,905 | bf16_mfu: 0.00 | epoch: 1 pq: 0 rg: 36 | total time: 3.92m | eta: 37.8m
step 00368/03814 (9.65%) | loss: 3.652145 | lrm: 1.00 | dt: 658.53ms | tok/sec: 99,518 | bf16_mfu: 0.00 | epoch: 1 pq: 0 rg: 36 | total time: 3.93m | eta: 37.8m
step 00369/03814 (9.67%) | loss: 3.671056 | lrm: 1.00 | dt: 656.69ms | tok/sec: 99,797 | bf16_mfu: 0.00 | epoch: 1 pq: 0 rg: 36 | total time: 3.94m | eta: 37.8m
step 00370/03814 (9.70%) | loss: 3.657936 | lrm: 1.00 | dt: 671.43ms | tok/sec: 97,606 | bf16_mfu: 0.00 | epoch: 1 pq: 0 rg: 36 | total time: 3.95m | eta: 37.8m
step 00371/03814 (9.73%) | loss: 3.656135 | lrm: 1.00 | dt: 660.63ms | tok/sec: 99,201 | bf16_mfu: 0.00 | epoch: 1 pq: 0 rg: 37 | total time: 3.96m | eta: 37.8m
step 00372/03814 (9.75%) | loss: 3.653328 | lrm: 1.00 | dt: 656.32ms | tok/sec: 99,853 | bf16_mfu: 0.00 | epoch: 1 pq: 0 rg: 37 | total time: 3.97m | eta: 37.8m
step 00373/03814 (9.78%) | loss: 3.669290 | lrm: 1.00 | dt: 658.39ms | tok/sec: 99,539 | bf16_mfu: 0.00 | epoch: 1 pq: 0 rg: 37 | total time: 3.98m | eta: 37.8m
step 00374/03814 (9.81%) | loss: 3.667979 | lrm: 1.00 | dt: 710.59ms | tok/sec: 92,227 | bf16_mfu: 0.00 | epoch: 1 pq: 0 rg: 37 | total time: 3.99m | eta: 37.8m
step 00375/03814 (9.83%) | loss: 3.650174 | lrm: 1.00 | dt: 667.35ms | tok/sec: 98,203 | bf16_mfu: 0.00 | epoch: 1 pq: 0 rg: 37 | total time: 4.01m | eta: 37.7m
step 00376/03814 (9.86%) | loss: 3.657167 | lrm: 1.00 | dt: 657.20ms | tok/sec: 99,720 | bf16_mfu: 0.00 | epoch: 1 pq: 0 rg: 37 | total time: 4.02m | eta: 37.7m
step 00377/03814 (9.88%) | loss: 3.651416 | lrm: 1.00 | dt: 658.43ms | tok/sec: 99,533 | bf16_mfu: 0.00 | epoch: 1 pq: 0 rg: 37 | total time: 4.03m | eta: 37.7m
step 00378/03814 (9.91%) | loss: 3.662055 | lrm: 1.00 | dt: 663.87ms | tok/sec: 98,717 | bf16_mfu: 0.00 | epoch: 1 pq: 0 rg: 37 | total time: 4.04m | eta: 37.7m
step 00379/03814 (9.94%) | loss: 3.662577 | lrm: 1.00 | dt: 655.55ms | tok/sec: 99,970 | bf16_mfu: 0.00 | epoch: 1 pq: 0 rg: 37 | total time: 4.05m | eta: 37.7m
step 00380/03814 (9.96%) | loss: 3.654172 | lrm: 1.00 | dt: 657.78ms | tok/sec: 99,631 | bf16_mfu: 0.00 | epoch: 1 pq: 0 rg: 37 | total time: 4.06m | eta: 37.7m
step 00381/03814 (9.99%) | loss: 3.646544 | lrm: 1.00 | dt: 652.28ms | tok/sec: 100,471 | bf16_mfu: 0.00 | epoch: 1 pq: 0 rg: 37 | total time: 4.07m | eta: 37.7m
step 00382/03814 (10.02%) | loss: 3.673739 | lrm: 1.00 | dt: 666.64ms | tok/sec: 98,307 | bf16_mfu: 0.00 | epoch: 1 pq: 0 rg: 38 | total time: 4.08m | eta: 37.7m
step 00383/03814 (10.04%) | loss: 3.674504 | lrm: 1.00 | dt: 655.03ms | tok/sec: 100,050 | bf16_mfu: 0.00 | epoch: 1 pq: 0 rg: 38 | total time: 4.09m | eta: 37.7m
step 00384/03814 (10.07%) | loss: 3.667261 | lrm: 1.00 | dt: 684.00ms | tok/sec: 95,813 | bf16_mfu: 0.00 | epoch: 1 pq: 0 rg: 38 | total time: 4.11m | eta: 37.6m
step 00385/03814 (10.09%) | loss: 3.660895 | lrm: 1.00 | dt: 658.73ms | tok/sec: 99,488 | bf16_mfu: 0.00 | epoch: 1 pq: 0 rg: 38 | total time: 4.12m | eta: 37.6m
step 00386/03814 (10.12%) | loss: 3.679740 | lrm: 1.00 | dt: 659.95ms | tok/sec: 99,304 | bf16_mfu: 0.00 | epoch: 1 pq: 0 rg: 38 | total time: 4.13m | eta: 37.6m
step 00387/03814 (10.15%) | loss: 3.684621 | lrm: 1.00 | dt: 658.22ms | tok/sec: 99,565 | bf16_mfu: 0.00 | epoch: 1 pq: 0 rg: 38 | total time: 4.14m | eta: 37.6m
step 00388/03814 (10.17%) | loss: 3.670173 | lrm: 1.00 | dt: 654.19ms | tok/sec: 100,179 | bf16_mfu: 0.00 | epoch: 1 pq: 0 rg: 38 | total time: 4.15m | eta: 37.6m
step 00389/03814 (10.20%) | loss: 3.658098 | lrm: 1.00 | dt: 666.31ms | tok/sec: 98,355 | bf16_mfu: 0.00 | epoch: 1 pq: 0 rg: 38 | total time: 4.16m | eta: 37.6m
step 00390/03814 (10.23%) | loss: 3.670145 | lrm: 1.00 | dt: 656.12ms | tok/sec: 99,884 | bf16_mfu: 0.00 | epoch: 1 pq: 0 rg: 38 | total time: 4.17m | eta: 37.6m
step 00391/03814 (10.25%) | loss: 3.668747 | lrm: 1.00 | dt: 683.53ms | tok/sec: 95,879 | bf16_mfu: 0.00 | epoch: 1 pq: 0 rg: 38 | total time: 4.18m | eta: 37.6m
step 00392/03814 (10.28%) | loss: 3.662038 | lrm: 1.00 | dt: 666.13ms | tok/sec: 98,383 | bf16_mfu: 0.00 | epoch: 1 pq: 0 rg: 39 | total time: 4.19m | eta: 37.6m
step 00393/03814 (10.30%) | loss: 3.647007 | lrm: 1.00 | dt: 658.71ms | tok/sec: 99,492 | bf16_mfu: 0.00 | epoch: 1 pq: 0 rg: 39 | total time: 4.20m | eta: 37.6m
step 00394/03814 (10.33%) | loss: 3.652724 | lrm: 1.00 | dt: 677.60ms | tok/sec: 96,717 | bf16_mfu: 0.00 | epoch: 1 pq: 0 rg: 39 | total time: 4.22m | eta: 37.5m
step 00395/03814 (10.36%) | loss: 3.661242 | lrm: 1.00 | dt: 657.02ms | tok/sec: 99,747 | bf16_mfu: 0.00 | epoch: 1 pq: 0 rg: 39 | total time: 4.23m | eta: 37.5m
step 00396/03814 (10.38%) | loss: 3.658863 | lrm: 1.00 | dt: 654.97ms | tok/sec: 100,059 | bf16_mfu: 0.00 | epoch: 1 pq: 0 rg: 39 | total time: 4.24m | eta: 37.5m
step 00397/03814 (10.41%) | loss: 3.650611 | lrm: 1.00 | dt: 653.96ms | tok/sec: 100,214 | bf16_mfu: 0.00 | epoch: 1 pq: 0 rg: 39 | total time: 4.25m | eta: 37.5m
step 00398/03814 (10.44%) | loss: 3.639568 | lrm: 1.00 | dt: 656.79ms | tok/sec: 99,782 | bf16_mfu: 0.00 | epoch: 1 pq: 0 rg: 39 | total time: 4.26m | eta: 37.5m
step 00399/03814 (10.46%) | loss: 3.625169 | lrm: 1.00 | dt: 659.82ms | tok/sec: 99,324 | bf16_mfu: 0.00 | epoch: 1 pq: 0 rg: 39 | total time: 4.27m | eta: 37.5m
step 00400/03814 (10.49%) | loss: 3.623229 | lrm: 1.00 | dt: 655.92ms | tok/sec: 99,914 | bf16_mfu: 0.00 | epoch: 1 pq: 0 rg: 39 | total time: 4.28m | eta: 37.5m
step 00401/03814 (10.51%) | loss: 3.611696 | lrm: 1.00 | dt: 658.18ms | tok/sec: 99,571 | bf16_mfu: 0.00 | epoch: 1 pq: 0 rg: 39 | total time: 4.29m | eta: 37.5m
step 00402/03814 (10.54%) | loss: 3.614910 | lrm: 1.00 | dt: 652.92ms | tok/sec: 100,374 | bf16_mfu: 0.00 | epoch: 1 pq: 0 rg: 39 | total time: 4.30m | eta: 37.5m
step 00403/03814 (10.57%) | loss: 3.612243 | lrm: 1.00 | dt: 658.08ms | tok/sec: 99,587 | bf16_mfu: 0.00 | epoch: 1 pq: 0 rg: 40 | total time: 4.31m | eta: 37.4m
step 00404/03814 (10.59%) | loss: 3.601352 | lrm: 1.00 | dt: 654.27ms | tok/sec: 100,166 | bf16_mfu: 0.00 | epoch: 1 pq: 0 rg: 40 | total time: 4.33m | eta: 37.4m
step 00405/03814 (10.62%) | loss: 3.586806 | lrm: 1.00 | dt: 695.61ms | tok/sec: 94,213 | bf16_mfu: 0.00 | epoch: 1 pq: 0 rg: 40 | total time: 4.34m | eta: 37.4m
step 00406/03814 (10.64%) | loss: 3.584852 | lrm: 1.00 | dt: 660.79ms | tok/sec: 99,178 | bf16_mfu: 0.00 | epoch: 1 pq: 0 rg: 40 | total time: 4.35m | eta: 37.4m
step 00407/03814 (10.67%) | loss: 3.578917 | lrm: 1.00 | dt: 687.96ms | tok/sec: 95,261 | bf16_mfu: 0.00 | epoch: 1 pq: 0 rg: 40 | total time: 4.36m | eta: 37.4m
step 00408/03814 (10.70%) | loss: 3.598791 | lrm: 1.00 | dt: 652.76ms | tok/sec: 100,398 | bf16_mfu: 0.00 | epoch: 1 pq: 0 rg: 40 | total time: 4.37m | eta: 37.4m
step 00409/03814 (10.72%) | loss: 3.582869 | lrm: 1.00 | dt: 655.44ms | tok/sec: 99,987 | bf16_mfu: 0.00 | epoch: 1 pq: 0 rg: 40 | total time: 4.38m | eta: 37.4m
step 00410/03814 (10.75%) | loss: 3.564400 | lrm: 1.00 | dt: 655.94ms | tok/sec: 99,911 | bf16_mfu: 0.00 | epoch: 1 pq: 0 rg: 40 | total time: 4.39m | eta: 37.4m
step 00411/03814 (10.78%) | loss: 3.561435 | lrm: 1.00 | dt: 656.50ms | tok/sec: 99,826 | bf16_mfu: 0.00 | epoch: 1 pq: 0 rg: 40 | total time: 4.40m | eta: 37.4m
step 00412/03814 (10.80%) | loss: 3.569936 | lrm: 1.00 | dt: 649.60ms | tok/sec: 100,886 | bf16_mfu: 0.00 | epoch: 1 pq: 0 rg: 40 | total time: 4.41m | eta: 37.4m
step 00413/03814 (10.83%) | loss: 3.572450 | lrm: 1.00 | dt: 731.61ms | tok/sec: 89,578 | bf16_mfu: 0.00 | epoch: 1 pq: 0 rg: 41 | total time: 4.43m | eta: 37.4m
step 00414/03814 (10.85%) | loss: 3.564941 | lrm: 1.00 | dt: 654.96ms | tok/sec: 100,060 | bf16_mfu: 0.00 | epoch: 1 pq: 0 rg: 41 | total time: 4.44m | eta: 37.3m
step 00415/03814 (10.88%) | loss: 3.562260 | lrm: 1.00 | dt: 656.99ms | tok/sec: 99,752 | bf16_mfu: 0.00 | epoch: 1 pq: 0 rg: 41 | total time: 4.45m | eta: 37.3m
step 00416/03814 (10.91%) | loss: 3.558743 | lrm: 1.00 | dt: 658.71ms | tok/sec: 99,491 | bf16_mfu: 0.00 | epoch: 1 pq: 0 rg: 41 | total time: 4.46m | eta: 37.3m
step 00417/03814 (10.93%) | loss: 3.579452 | lrm: 1.00 | dt: 656.76ms | tok/sec: 99,787 | bf16_mfu: 0.00 | epoch: 1 pq: 0 rg: 41 | total time: 4.47m | eta: 37.3m
step 00418/03814 (10.96%) | loss: 3.564835 | lrm: 1.00 | dt: 653.25ms | tok/sec: 100,322 | bf16_mfu: 0.00 | epoch: 1 pq: 0 rg: 41 | total time: 4.48m | eta: 37.3m
step 00419/03814 (10.99%) | loss: 3.569683 | lrm: 1.00 | dt: 655.97ms | tok/sec: 99,906 | bf16_mfu: 0.00 | epoch: 1 pq: 0 rg: 41 | total time: 4.49m | eta: 37.3m
step 00420/03814 (11.01%) | loss: 3.579863 | lrm: 1.00 | dt: 655.42ms | tok/sec: 99,991 | bf16_mfu: 0.00 | epoch: 1 pq: 0 rg: 41 | total time: 4.50m | eta: 37.3m
step 00421/03814 (11.04%) | loss: 3.582652 | lrm: 1.00 | dt: 654.14ms | tok/sec: 100,186 | bf16_mfu: 0.00 | epoch: 1 pq: 0 rg: 41 | total time: 4.51m | eta: 37.3m
step 00422/03814 (11.06%) | loss: 3.583737 | lrm: 1.00 | dt: 654.54ms | tok/sec: 100,124 | bf16_mfu: 0.00 | epoch: 1 pq: 0 rg: 41 | total time: 4.52m | eta: 37.2m
step 00423/03814 (11.09%) | loss: 3.582884 | lrm: 1.00 | dt: 668.04ms | tok/sec: 98,101 | bf16_mfu: 0.00 | epoch: 1 pq: 0 rg: 42 | total time: 4.54m | eta: 37.2m
step 00424/03814 (11.12%) | loss: 3.591888 | lrm: 1.00 | dt: 654.84ms | tok/sec: 100,079 | bf16_mfu: 0.00 | epoch: 1 pq: 0 rg: 42 | total time: 4.55m | eta: 37.2m
step 00425/03814 (11.14%) | loss: 3.598622 | lrm: 1.00 | dt: 656.19ms | tok/sec: 99,873 | bf16_mfu: 0.00 | epoch: 1 pq: 0 rg: 42 | total time: 4.56m | eta: 37.2m
step 00426/03814 (11.17%) | loss: 3.585986 | lrm: 1.00 | dt: 652.08ms | tok/sec: 100,502 | bf16_mfu: 0.00 | epoch: 1 pq: 0 rg: 42 | total time: 4.57m | eta: 37.2m
step 00427/03814 (11.20%) | loss: 3.578412 | lrm: 1.00 | dt: 716.11ms | tok/sec: 91,516 | bf16_mfu: 0.00 | epoch: 1 pq: 0 rg: 42 | total time: 4.58m | eta: 37.2m
step 00428/03814 (11.22%) | loss: 3.574010 | lrm: 1.00 | dt: 657.19ms | tok/sec: 99,722 | bf16_mfu: 0.00 | epoch: 1 pq: 0 rg: 42 | total time: 4.59m | eta: 37.2m
step 00429/03814 (11.25%) | loss: 3.566536 | lrm: 1.00 | dt: 670.69ms | tok/sec: 97,713 | bf16_mfu: 0.00 | epoch: 1 pq: 0 rg: 42 | total time: 4.60m | eta: 37.2m
step 00430/03814 (11.27%) | loss: 3.596830 | lrm: 1.00 | dt: 658.84ms | tok/sec: 99,471 | bf16_mfu: 0.00 | epoch: 1 pq: 0 rg: 42 | total time: 4.61m | eta: 37.2m
step 00431/03814 (11.30%) | loss: 3.594879 | lrm: 1.00 | dt: 654.80ms | tok/sec: 100,085 | bf16_mfu: 0.00 | epoch: 1 pq: 0 rg: 42 | total time: 4.62m | eta: 37.2m
step 00432/03814 (11.33%) | loss: 3.586698 | lrm: 1.00 | dt: 655.48ms | tok/sec: 99,981 | bf16_mfu: 0.00 | epoch: 1 pq: 0 rg: 42 | total time: 4.63m | eta: 37.1m
step 00433/03814 (11.35%) | loss: 3.588370 | lrm: 1.00 | dt: 687.83ms | tok/sec: 95,279 | bf16_mfu: 0.00 | epoch: 1 pq: 0 rg: 42 | total time: 4.65m | eta: 37.1m
step 00434/03814 (11.38%) | loss: 3.594563 | lrm: 1.00 | dt: 764.72ms | tok/sec: 85,699 | bf16_mfu: 0.00 | epoch: 1 pq: 0 rg: 43 | total time: 4.66m | eta: 37.1m
step 00435/03814 (11.41%) | loss: 3.602028 | lrm: 1.00 | dt: 653.90ms | tok/sec: 100,223 | bf16_mfu: 0.00 | epoch: 1 pq: 0 rg: 43 | total time: 4.67m | eta: 37.1m
step 00436/03814 (11.43%) | loss: 3.604789 | lrm: 1.00 | dt: 655.53ms | tok/sec: 99,973 | bf16_mfu: 0.00 | epoch: 1 pq: 0 rg: 43 | total time: 4.68m | eta: 37.1m
step 00437/03814 (11.46%) | loss: 3.596213 | lrm: 1.00 | dt: 667.81ms | tok/sec: 98,135 | bf16_mfu: 0.00 | epoch: 1 pq: 0 rg: 43 | total time: 4.69m | eta: 37.1m
step 00438/03814 (11.48%) | loss: 3.597595 | lrm: 1.00 | dt: 651.06ms | tok/sec: 100,660 | bf16_mfu: 0.00 | epoch: 1 pq: 0 rg: 43 | total time: 4.70m | eta: 37.1m
step 00439/03814 (11.51%) | loss: 3.606736 | lrm: 1.00 | dt: 656.25ms | tok/sec: 99,864 | bf16_mfu: 0.00 | epoch: 1 pq: 0 rg: 43 | total time: 4.71m | eta: 37.1m
step 00440/03814 (11.54%) | loss: 3.585256 | lrm: 1.00 | dt: 650.39ms | tok/sec: 100,763 | bf16_mfu: 0.00 | epoch: 1 pq: 0 rg: 43 | total time: 4.72m | eta: 37.1m
step 00441/03814 (11.56%) | loss: 3.582534 | lrm: 1.00 | dt: 653.37ms | tok/sec: 100,304 | bf16_mfu: 0.00 | epoch: 1 pq: 0 rg: 43 | total time: 4.74m | eta: 37.1m
step 00442/03814 (11.59%) | loss: 3.587964 | lrm: 1.00 | dt: 654.27ms | tok/sec: 100,165 | bf16_mfu: 0.00 | epoch: 1 pq: 0 rg: 43 | total time: 4.75m | eta: 37.0m
step 00443/03814 (11.62%) | loss: 3.573532 | lrm: 1.00 | dt: 650.52ms | tok/sec: 100,744 | bf16_mfu: 0.00 | epoch: 1 pq: 0 rg: 43 | total time: 4.76m | eta: 37.0m
step 00444/03814 (11.64%) | loss: 3.560223 | lrm: 1.00 | dt: 666.51ms | tok/sec: 98,326 | bf16_mfu: 0.00 | epoch: 1 pq: 0 rg: 44 | total time: 4.77m | eta: 37.0m
step 00445/03814 (11.67%) | loss: 3.544383 | lrm: 1.00 | dt: 654.15ms | tok/sec: 100,185 | bf16_mfu: 0.00 | epoch: 1 pq: 0 rg: 44 | total time: 4.78m | eta: 37.0m
step 00446/03814 (11.69%) | loss: 3.539234 | lrm: 1.00 | dt: 657.40ms | tok/sec: 99,689 | bf16_mfu: 0.00 | epoch: 1 pq: 0 rg: 44 | total time: 4.79m | eta: 37.0m
step 00447/03814 (11.72%) | loss: 3.550970 | lrm: 1.00 | dt: 654.75ms | tok/sec: 100,093 | bf16_mfu: 0.00 | epoch: 1 pq: 0 rg: 44 | total time: 4.80m | eta: 37.0m
step 00448/03814 (11.75%) | loss: 3.524167 | lrm: 1.00 | dt: 653.66ms | tok/sec: 100,259 | bf16_mfu: 0.00 | epoch: 1 pq: 0 rg: 44 | total time: 4.81m | eta: 37.0m
step 00449/03814 (11.77%) | loss: 3.513933 | lrm: 1.00 | dt: 656.15ms | tok/sec: 99,879 | bf16_mfu: 0.00 | epoch: 1 pq: 0 rg: 44 | total time: 4.82m | eta: 37.0m
step 00450/03814 (11.80%) | loss: 3.539306 | lrm: 1.00 | dt: 676.94ms | tok/sec: 96,812 | bf16_mfu: 0.00 | epoch: 1 pq: 0 rg: 44 | total time: 4.83m | eta: 37.0m
step 00451/03814 (11.82%) | loss: 3.543989 | lrm: 1.00 | dt: 654.39ms | tok/sec: 100,148 | bf16_mfu: 0.00 | epoch: 1 pq: 0 rg: 44 | total time: 4.85m | eta: 36.9m
step 00452/03814 (11.85%) | loss: 3.545582 | lrm: 1.00 | dt: 656.73ms | tok/sec: 99,791 | bf16_mfu: 0.00 | epoch: 1 pq: 0 rg: 44 | total time: 4.86m | eta: 36.9m
step 00453/03814 (11.88%) | loss: 3.535060 | lrm: 1.00 | dt: 656.83ms | tok/sec: 99,776 | bf16_mfu: 0.00 | epoch: 1 pq: 0 rg: 44 | total time: 4.87m | eta: 36.9m
step 00454/03814 (11.90%) | loss: 3.534077 | lrm: 1.00 | dt: 657.87ms | tok/sec: 99,619 | bf16_mfu: 0.00 | epoch: 1 pq: 0 rg: 44 | total time: 4.88m | eta: 36.9m
step 00455/03814 (11.93%) | loss: 3.539371 | lrm: 1.00 | dt: 658.00ms | tok/sec: 99,599 | bf16_mfu: 0.00 | epoch: 1 pq: 0 rg: 45 | total time: 4.89m | eta: 36.9m
step 00456/03814 (11.96%) | loss: 3.529361 | lrm: 1.00 | dt: 656.56ms | tok/sec: 99,816 | bf16_mfu: 0.00 | epoch: 1 pq: 0 rg: 45 | total time: 4.90m | eta: 36.9m
step 00457/03814 (11.98%) | loss: 3.523296 | lrm: 1.00 | dt: 661.11ms | tok/sec: 99,130 | bf16_mfu: 0.00 | epoch: 1 pq: 0 rg: 45 | total time: 4.91m | eta: 36.9m
step 00458/03814 (12.01%) | loss: 3.526458 | lrm: 1.00 | dt: 686.30ms | tok/sec: 95,491 | bf16_mfu: 0.00 | epoch: 1 pq: 0 rg: 45 | total time: 4.92m | eta: 36.9m
step 00459/03814 (12.03%) | loss: 3.534957 | lrm: 1.00 | dt: 661.07ms | tok/sec: 99,136 | bf16_mfu: 0.00 | epoch: 1 pq: 0 rg: 45 | total time: 4.93m | eta: 36.9m
step 00460/03814 (12.06%) | loss: 3.520293 | lrm: 1.00 | dt: 657.25ms | tok/sec: 99,712 | bf16_mfu: 0.00 | epoch: 1 pq: 0 rg: 45 | total time: 4.94m | eta: 36.9m
step 00461/03814 (12.09%) | loss: 3.506959 | lrm: 1.00 | dt: 662.31ms | tok/sec: 98,951 | bf16_mfu: 0.00 | epoch: 1 pq: 0 rg: 45 | total time: 4.96m | eta: 36.8m
step 00462/03814 (12.11%) | loss: 3.495022 | lrm: 1.00 | dt: 658.06ms | tok/sec: 99,590 | bf16_mfu: 0.00 | epoch: 1 pq: 0 rg: 45 | total time: 4.97m | eta: 36.8m
step 00463/03814 (12.14%) | loss: 3.494187 | lrm: 1.00 | dt: 665.61ms | tok/sec: 98,460 | bf16_mfu: 0.00 | epoch: 1 pq: 0 rg: 45 | total time: 4.98m | eta: 36.8m
step 00464/03814 (12.17%) | loss: 3.487750 | lrm: 1.00 | dt: 666.51ms | tok/sec: 98,326 | bf16_mfu: 0.00 | epoch: 1 pq: 0 rg: 45 | total time: 4.99m | eta: 36.8m
step 00465/03814 (12.19%) | loss: 3.492577 | lrm: 1.00 | dt: 667.80ms | tok/sec: 98,136 | bf16_mfu: 0.00 | epoch: 1 pq: 0 rg: 45 | total time: 5.00m | eta: 36.8m
step 00466/03814 (12.22%) | loss: 3.493691 | lrm: 1.00 | dt: 710.78ms | tok/sec: 92,203 | bf16_mfu: 0.00 | epoch: 1 pq: 0 rg: 46 | total time: 5.01m | eta: 36.8m
step 00467/03814 (12.24%) | loss: 3.498614 | lrm: 1.00 | dt: 667.08ms | tok/sec: 98,242 | bf16_mfu: 0.00 | epoch: 1 pq: 0 rg: 46 | total time: 5.02m | eta: 36.8m
step 00468/03814 (12.27%) | loss: 3.508743 | lrm: 1.00 | dt: 669.16ms | tok/sec: 97,937 | bf16_mfu: 0.00 | epoch: 1 pq: 0 rg: 46 | total time: 5.03m | eta: 36.8m
step 00469/03814 (12.30%) | loss: 3.502279 | lrm: 1.00 | dt: 668.82ms | tok/sec: 97,987 | bf16_mfu: 0.00 | epoch: 1 pq: 0 rg: 46 | total time: 5.05m | eta: 36.8m
step 00470/03814 (12.32%) | loss: 3.503778 | lrm: 1.00 | dt: 667.54ms | tok/sec: 98,175 | bf16_mfu: 0.00 | epoch: 1 pq: 0 rg: 46 | total time: 5.06m | eta: 36.8m
step 00471/03814 (12.35%) | loss: 3.512807 | lrm: 1.00 | dt: 691.33ms | tok/sec: 94,796 | bf16_mfu: 0.00 | epoch: 1 pq: 0 rg: 46 | total time: 5.07m | eta: 36.7m
step 00472/03814 (12.38%) | loss: 3.509550 | lrm: 1.00 | dt: 668.83ms | tok/sec: 97,986 | bf16_mfu: 0.00 | epoch: 1 pq: 0 rg: 46 | total time: 5.08m | eta: 36.7m
step 00473/03814 (12.40%) | loss: 3.500682 | lrm: 1.00 | dt: 669.92ms | tok/sec: 97,826 | bf16_mfu: 0.00 | epoch: 1 pq: 0 rg: 46 | total time: 5.09m | eta: 36.7m
step 00474/03814 (12.43%) | loss: 3.490319 | lrm: 1.00 | dt: 672.21ms | tok/sec: 97,493 | bf16_mfu: 0.00 | epoch: 1 pq: 0 rg: 46 | total time: 5.10m | eta: 36.7m
step 00475/03814 (12.45%) | loss: 3.504264 | lrm: 1.00 | dt: 676.58ms | tok/sec: 96,862 | bf16_mfu: 0.00 | epoch: 1 pq: 0 rg: 46 | total time: 5.11m | eta: 36.7m
step 00476/03814 (12.48%) | loss: 3.503444 | lrm: 1.00 | dt: 746.32ms | tok/sec: 87,812 | bf16_mfu: 0.00 | epoch: 1 pq: 0 rg: 47 | total time: 5.12m | eta: 36.7m
step 00477/03814 (12.51%) | loss: 3.483774 | lrm: 1.00 | dt: 675.51ms | tok/sec: 97,017 | bf16_mfu: 0.00 | epoch: 1 pq: 0 rg: 47 | total time: 5.14m | eta: 36.7m
step 00478/03814 (12.53%) | loss: 3.495574 | lrm: 1.00 | dt: 678.90ms | tok/sec: 96,532 | bf16_mfu: 0.00 | epoch: 1 pq: 0 rg: 47 | total time: 5.15m | eta: 36.7m
step 00479/03814 (12.56%) | loss: 3.514139 | lrm: 1.00 | dt: 678.38ms | tok/sec: 96,606 | bf16_mfu: 0.00 | epoch: 1 pq: 0 rg: 47 | total time: 5.16m | eta: 36.7m
step 00480/03814 (12.59%) | loss: 3.507428 | lrm: 1.00 | dt: 675.79ms | tok/sec: 96,977 | bf16_mfu: 0.00 | epoch: 1 pq: 0 rg: 47 | total time: 5.17m | eta: 36.7m
step 00481/03814 (12.61%) | loss: 3.496277 | lrm: 1.00 | dt: 680.53ms | tok/sec: 96,302 | bf16_mfu: 0.00 | epoch: 1 pq: 0 rg: 47 | total time: 5.18m | eta: 36.7m
step 00482/03814 (12.64%) | loss: 3.480673 | lrm: 1.00 | dt: 683.85ms | tok/sec: 95,834 | bf16_mfu: 0.00 | epoch: 1 pq: 0 rg: 47 | total time: 5.19m | eta: 36.7m
step 00483/03814 (12.66%) | loss: 3.492973 | lrm: 1.00 | dt: 677.71ms | tok/sec: 96,702 | bf16_mfu: 0.00 | epoch: 1 pq: 0 rg: 47 | total time: 5.20m | eta: 36.6m
step 00484/03814 (12.69%) | loss: 3.483742 | lrm: 1.00 | dt: 682.65ms | tok/sec: 96,002 | bf16_mfu: 0.00 | epoch: 1 pq: 0 rg: 47 | total time: 5.22m | eta: 36.6m
step 00485/03814 (12.72%) | loss: 3.476775 | lrm: 1.00 | dt: 677.05ms | tok/sec: 96,796 | bf16_mfu: 0.00 | epoch: 1 pq: 0 rg: 47 | total time: 5.23m | eta: 36.6m
step 00486/03814 (12.74%) | loss: 3.467238 | lrm: 1.00 | dt: 680.42ms | tok/sec: 96,316 | bf16_mfu: 0.00 | epoch: 1 pq: 0 rg: 47 | total time: 5.24m | eta: 36.6m
step 00487/03814 (12.77%) | loss: 3.469996 | lrm: 1.00 | dt: 682.34ms | tok/sec: 96,045 | bf16_mfu: 0.00 | epoch: 1 pq: 0 rg: 48 | total time: 5.25m | eta: 36.6m
step 00488/03814 (12.79%) | loss: 3.486627 | lrm: 1.00 | dt: 672.33ms | tok/sec: 97,475 | bf16_mfu: 0.00 | epoch: 1 pq: 0 rg: 48 | total time: 5.26m | eta: 36.6m
step 00489/03814 (12.82%) | loss: 3.479682 | lrm: 1.00 | dt: 683.57ms | tok/sec: 95,873 | bf16_mfu: 0.00 | epoch: 1 pq: 0 rg: 48 | total time: 5.27m | eta: 36.6m
step 00490/03814 (12.85%) | loss: 3.475780 | lrm: 1.00 | dt: 673.69ms | tok/sec: 97,279 | bf16_mfu: 0.00 | epoch: 1 pq: 0 rg: 48 | total time: 5.28m | eta: 36.6m
step 00491/03814 (12.87%) | loss: 3.478793 | lrm: 1.00 | dt: 673.35ms | tok/sec: 97,328 | bf16_mfu: 0.00 | epoch: 1 pq: 0 rg: 48 | total time: 5.29m | eta: 36.6m
step 00492/03814 (12.90%) | loss: 3.486098 | lrm: 1.00 | dt: 676.44ms | tok/sec: 96,883 | bf16_mfu: 0.00 | epoch: 1 pq: 0 rg: 48 | total time: 5.31m | eta: 36.6m
step 00493/03814 (12.93%) | loss: 3.477320 | lrm: 1.00 | dt: 674.42ms | tok/sec: 97,173 | bf16_mfu: 0.00 | epoch: 1 pq: 0 rg: 48 | total time: 5.32m | eta: 36.6m
step 00494/03814 (12.95%) | loss: 3.471253 | lrm: 1.00 | dt: 671.91ms | tok/sec: 97,537 | bf16_mfu: 0.00 | epoch: 1 pq: 0 rg: 48 | total time: 5.33m | eta: 36.5m
step 00495/03814 (12.98%) | loss: 3.462209 | lrm: 1.00 | dt: 667.34ms | tok/sec: 98,204 | bf16_mfu: 0.00 | epoch: 1 pq: 0 rg: 48 | total time: 5.34m | eta: 36.5m
step 00496/03814 (13.00%) | loss: 3.456793 | lrm: 1.00 | dt: 668.48ms | tok/sec: 98,036 | bf16_mfu: 0.00 | epoch: 1 pq: 0 rg: 48 | total time: 5.35m | eta: 36.5m
step 00497/03814 (13.03%) | loss: 3.449159 | lrm: 1.00 | dt: 1281.43ms | tok/sec: 51,142 | bf16_mfu: 0.00 | epoch: 1 pq: 0 rg: 49 | total time: 5.37m | eta: 36.6m
step 00498/03814 (13.06%) | loss: 3.452740 | lrm: 1.00 | dt: 673.61ms | tok/sec: 97,291 | bf16_mfu: 0.00 | epoch: 1 pq: 0 rg: 49 | total time: 5.38m | eta: 36.6m
step 00499/03814 (13.08%) | loss: 3.429382 | lrm: 1.00 | dt: 668.04ms | tok/sec: 98,101 | bf16_mfu: 0.00 | epoch: 1 pq: 0 rg: 49 | total time: 5.39m | eta: 36.6m
Step 00500 | Validation bpb: 0.962655
step 00500/03814 (13.11%) | loss: 3.417126 | lrm: 1.00 | dt: 649.83ms | tok/sec: 100,850 | bf16_mfu: 0.00 | epoch: 1 pq: 0 rg: 49 | total time: 5.41m | eta: 36.6m
step 00501/03814 (13.14%) | loss: 3.418053 | lrm: 1.00 | dt: 641.49ms | tok/sec: 102,161 | bf16_mfu: 0.00 | epoch: 1 pq: 0 rg: 49 | total time: 5.42m | eta: 36.5m
step 00502/03814 (13.16%) | loss: 3.408617 | lrm: 1.00 | dt: 643.74ms | tok/sec: 101,804 | bf16_mfu: 0.00 | epoch: 1 pq: 0 rg: 49 | total time: 5.43m | eta: 36.5m
step 00503/03814 (13.19%) | loss: 3.410620 | lrm: 1.00 | dt: 643.23ms | tok/sec: 101,885 | bf16_mfu: 0.00 | epoch: 1 pq: 0 rg: 49 | total time: 5.44m | eta: 36.5m
step 00504/03814 (13.21%) | loss: 3.423428 | lrm: 1.00 | dt: 642.82ms | tok/sec: 101,950 | bf16_mfu: 0.00 | epoch: 1 pq: 0 rg: 49 | total time: 5.45m | eta: 36.5m
step 00505/03814 (13.24%) | loss: 3.446010 | lrm: 1.00 | dt: 643.97ms | tok/sec: 101,768 | bf16_mfu: 0.00 | epoch: 1 pq: 0 rg: 49 | total time: 5.46m | eta: 36.5m
step 00506/03814 (13.27%) | loss: 3.476162 | lrm: 1.00 | dt: 642.32ms | tok/sec: 102,030 | bf16_mfu: 0.00 | epoch: 1 pq: 0 rg: 49 | total time: 5.47m | eta: 36.5m
step 00507/03814 (13.29%) | loss: 3.478039 | lrm: 1.00 | dt: 738.81ms | tok/sec: 88,704 | bf16_mfu: 0.00 | epoch: 1 pq: 0 rg: 50 | total time: 5.48m | eta: 36.5m
step 00508/03814 (13.32%) | loss: 3.472927 | lrm: 1.00 | dt: 641.85ms | tok/sec: 102,105 | bf16_mfu: 0.00 | epoch: 1 pq: 0 rg: 50 | total time: 5.49m | eta: 36.5m
step 00509/03814 (13.35%) | loss: 3.475388 | lrm: 1.00 | dt: 682.74ms | tok/sec: 95,990 | bf16_mfu: 0.00 | epoch: 1 pq: 0 rg: 50 | total time: 5.50m | eta: 36.5m
step 00510/03814 (13.37%) | loss: 3.485715 | lrm: 1.00 | dt: 641.30ms | tok/sec: 102,192 | bf16_mfu: 0.00 | epoch: 1 pq: 0 rg: 50 | total time: 5.51m | eta: 36.4m
step 00511/03814 (13.40%) | loss: 3.466732 | lrm: 1.00 | dt: 648.23ms | tok/sec: 101,099 | bf16_mfu: 0.00 | epoch: 1 pq: 0 rg: 50 | total time: 5.53m | eta: 36.4m
step 00512/03814 (13.42%) | loss: 3.455200 | lrm: 1.00 | dt: 640.51ms | tok/sec: 102,318 | bf16_mfu: 0.00 | epoch: 1 pq: 0 rg: 50 | total time: 5.54m | eta: 36.4m
step 00513/03814 (13.45%) | loss: 3.461030 | lrm: 1.00 | dt: 646.41ms | tok/sec: 101,384 | bf16_mfu: 0.00 | epoch: 1 pq: 0 rg: 50 | total time: 5.55m | eta: 36.4m
step 00514/03814 (13.48%) | loss: 3.458110 | lrm: 1.00 | dt: 640.99ms | tok/sec: 102,241 | bf16_mfu: 0.00 | epoch: 1 pq: 0 rg: 50 | total time: 5.56m | eta: 36.4m
step 00515/03814 (13.50%) | loss: 3.450737 | lrm: 1.00 | dt: 650.31ms | tok/sec: 100,777 | bf16_mfu: 0.00 | epoch: 1 pq: 0 rg: 50 | total time: 5.57m | eta: 36.4m
step 00516/03814 (13.53%) | loss: 3.453735 | lrm: 1.00 | dt: 640.67ms | tok/sec: 102,292 | bf16_mfu: 0.00 | epoch: 1 pq: 0 rg: 50 | total time: 5.58m | eta: 36.4m
step 00517/03814 (13.56%) | loss: 3.448311 | lrm: 1.00 | dt: 644.14ms | tok/sec: 101,741 | bf16_mfu: 0.00 | epoch: 1 pq: 0 rg: 50 | total time: 5.59m | eta: 36.3m
step 00518/03814 (13.58%) | loss: 3.445008 | lrm: 1.00 | dt: 673.48ms | tok/sec: 97,309 | bf16_mfu: 0.00 | epoch: 1 pq: 0 rg: 51 | total time: 5.60m | eta: 36.3m
step 00519/03814 (13.61%) | loss: 3.436804 | lrm: 1.00 | dt: 648.92ms | tok/sec: 100,993 | bf16_mfu: 0.00 | epoch: 1 pq: 0 rg: 51 | total time: 5.61m | eta: 36.3m
step 00520/03814 (13.63%) | loss: 3.430154 | lrm: 1.00 | dt: 645.22ms | tok/sec: 101,571 | bf16_mfu: 0.00 | epoch: 1 pq: 0 rg: 51 | total time: 5.62m | eta: 36.3m
step 00521/03814 (13.66%) | loss: 3.439468 | lrm: 1.00 | dt: 644.05ms | tok/sec: 101,755 | bf16_mfu: 0.00 | epoch: 1 pq: 0 rg: 51 | total time: 5.63m | eta: 36.3m
step 00522/03814 (13.69%) | loss: 3.451602 | lrm: 1.00 | dt: 667.58ms | tok/sec: 98,169 | bf16_mfu: 0.00 | epoch: 1 pq: 0 rg: 51 | total time: 5.64m | eta: 36.3m
step 00523/03814 (13.71%) | loss: 3.439288 | lrm: 1.00 | dt: 637.96ms | tok/sec: 102,726 | bf16_mfu: 0.00 | epoch: 1 pq: 0 rg: 51 | total time: 5.65m | eta: 36.3m
step 00524/03814 (13.74%) | loss: 3.440351 | lrm: 1.00 | dt: 642.11ms | tok/sec: 102,063 | bf16_mfu: 0.00 | epoch: 1 pq: 0 rg: 51 | total time: 5.67m | eta: 36.3m
step 00525/03814 (13.77%) | loss: 3.454860 | lrm: 1.00 | dt: 651.52ms | tok/sec: 100,589 | bf16_mfu: 0.00 | epoch: 1 pq: 0 rg: 51 | total time: 5.68m | eta: 36.3m
step 00526/03814 (13.79%) | loss: 3.431910 | lrm: 1.00 | dt: 646.70ms | tok/sec: 101,339 | bf16_mfu: 0.00 | epoch: 1 pq: 0 rg: 51 | total time: 5.69m | eta: 36.2m
step 00527/03814 (13.82%) | loss: 3.420792 | lrm: 1.00 | dt: 643.93ms | tok/sec: 101,775 | bf16_mfu: 0.00 | epoch: 1 pq: 0 rg: 51 | total time: 5.70m | eta: 36.2m
step 00528/03814 (13.84%) | loss: 3.422744 | lrm: 1.00 | dt: 641.62ms | tok/sec: 102,141 | bf16_mfu: 0.00 | epoch: 1 pq: 0 rg: 51 | total time: 5.71m | eta: 36.2m
step 00529/03814 (13.87%) | loss: 3.421553 | lrm: 1.00 | dt: 644.23ms | tok/sec: 101,727 | bf16_mfu: 0.00 | epoch: 1 pq: 0 rg: 52 | total time: 5.72m | eta: 36.2m
step 00530/03814 (13.90%) | loss: 3.401640 | lrm: 1.00 | dt: 645.28ms | tok/sec: 101,561 | bf16_mfu: 0.00 | epoch: 1 pq: 0 rg: 52 | total time: 5.73m | eta: 36.2m
step 00531/03814 (13.92%) | loss: 3.395361 | lrm: 1.00 | dt: 639.31ms | tok/sec: 102,510 | bf16_mfu: 0.00 | epoch: 1 pq: 0 rg: 52 | total time: 5.74m | eta: 36.2m
step 00532/03814 (13.95%) | loss: 3.403181 | lrm: 1.00 | dt: 658.63ms | tok/sec: 99,503 | bf16_mfu: 0.00 | epoch: 1 pq: 0 rg: 52 | total time: 5.75m | eta: 36.2m
step 00533/03814 (13.97%) | loss: 3.427448 | lrm: 1.00 | dt: 650.34ms | tok/sec: 100,771 | bf16_mfu: 0.00 | epoch: 1 pq: 0 rg: 52 | total time: 5.76m | eta: 36.2m
step 00534/03814 (14.00%) | loss: 3.418611 | lrm: 1.00 | dt: 646.31ms | tok/sec: 101,399 | bf16_mfu: 0.00 | epoch: 1 pq: 0 rg: 52 | total time: 5.77m | eta: 36.1m
step 00535/03814 (14.03%) | loss: 3.408119 | lrm: 1.00 | dt: 643.11ms | tok/sec: 101,905 | bf16_mfu: 0.00 | epoch: 1 pq: 0 rg: 52 | total time: 5.78m | eta: 36.1m
step 00536/03814 (14.05%) | loss: 3.440021 | lrm: 1.00 | dt: 651.10ms | tok/sec: 100,654 | bf16_mfu: 0.00 | epoch: 1 pq: 0 rg: 52 | total time: 5.79m | eta: 36.1m
step 00537/03814 (14.08%) | loss: 3.434237 | lrm: 1.00 | dt: 648.52ms | tok/sec: 101,054 | bf16_mfu: 0.00 | epoch: 1 pq: 0 rg: 52 | total time: 5.81m | eta: 36.1m
step 00538/03814 (14.11%) | loss: 3.435386 | lrm: 1.00 | dt: 648.22ms | tok/sec: 101,101 | bf16_mfu: 0.00 | epoch: 1 pq: 0 rg: 52 | total time: 5.82m | eta: 36.1m
step 00539/03814 (14.13%) | loss: 3.443742 | lrm: 1.00 | dt: 648.09ms | tok/sec: 101,121 | bf16_mfu: 0.00 | epoch: 1 pq: 0 rg: 52 | total time: 5.83m | eta: 36.1m
step 00540/03814 (14.16%) | loss: 3.435589 | lrm: 1.00 | dt: 851.68ms | tok/sec: 76,948 | bf16_mfu: 0.00 | epoch: 1 pq: 0 rg: 53 | total time: 5.84m | eta: 36.1m
step 00541/03814 (14.18%) | loss: 3.430373 | lrm: 1.00 | dt: 646.44ms | tok/sec: 101,379 | bf16_mfu: 0.00 | epoch: 1 pq: 0 rg: 53 | total time: 5.85m | eta: 36.1m
step 00542/03814 (14.21%) | loss: 3.414987 | lrm: 1.00 | dt: 650.23ms | tok/sec: 100,789 | bf16_mfu: 0.00 | epoch: 1 pq: 0 rg: 53 | total time: 5.86m | eta: 36.1m
step 00543/03814 (14.24%) | loss: 3.415580 | lrm: 1.00 | dt: 648.48ms | tok/sec: 101,061 | bf16_mfu: 0.00 | epoch: 1 pq: 0 rg: 53 | total time: 5.87m | eta: 36.0m
step 00544/03814 (14.26%) | loss: 3.431796 | lrm: 1.00 | dt: 650.45ms | tok/sec: 100,754 | bf16_mfu: 0.00 | epoch: 1 pq: 0 rg: 53 | total time: 5.88m | eta: 36.0m
step 00545/03814 (14.29%) | loss: 3.421869 | lrm: 1.00 | dt: 702.65ms | tok/sec: 93,269 | bf16_mfu: 0.00 | epoch: 1 pq: 0 rg: 53 | total time: 5.90m | eta: 36.0m
step 00546/03814 (14.32%) | loss: 3.431929 | lrm: 1.00 | dt: 646.82ms | tok/sec: 101,319 | bf16_mfu: 0.00 | epoch: 1 pq: 0 rg: 53 | total time: 5.91m | eta: 36.0m
step 00547/03814 (14.34%) | loss: 3.415627 | lrm: 1.00 | dt: 651.54ms | tok/sec: 100,586 | bf16_mfu: 0.00 | epoch: 1 pq: 0 rg: 53 | total time: 5.92m | eta: 36.0m
step 00548/03814 (14.37%) | loss: 3.414089 | lrm: 1.00 | dt: 649.88ms | tok/sec: 100,843 | bf16_mfu: 0.00 | epoch: 1 pq: 0 rg: 53 | total time: 5.93m | eta: 36.0m
step 00549/03814 (14.39%) | loss: 3.419924 | lrm: 1.00 | dt: 704.16ms | tok/sec: 93,070 | bf16_mfu: 0.00 | epoch: 1 pq: 0 rg: 53 | total time: 5.94m | eta: 36.0m
step 00550/03814 (14.42%) | loss: 3.410603 | lrm: 1.00 | dt: 815.89ms | tok/sec: 80,324 | bf16_mfu: 0.00 | epoch: 1 pq: 0 rg: 54 | total time: 5.95m | eta: 36.0m
step 00551/03814 (14.45%) | loss: 3.412895 | lrm: 1.00 | dt: 650.64ms | tok/sec: 100,725 | bf16_mfu: 0.00 | epoch: 1 pq: 0 rg: 54 | total time: 5.97m | eta: 36.0m
step 00552/03814 (14.47%) | loss: 3.416526 | lrm: 1.00 | dt: 649.75ms | tok/sec: 100,863 | bf16_mfu: 0.00 | epoch: 1 pq: 0 rg: 54 | total time: 5.98m | eta: 36.0m
step 00553/03814 (14.50%) | loss: 3.405214 | lrm: 1.00 | dt: 650.06ms | tok/sec: 100,815 | bf16_mfu: 0.00 | epoch: 1 pq: 0 rg: 54 | total time: 5.99m | eta: 36.0m
step 00554/03814 (14.53%) | loss: 3.386017 | lrm: 1.00 | dt: 646.21ms | tok/sec: 101,416 | bf16_mfu: 0.00 | epoch: 1 pq: 0 rg: 54 | total time: 6.00m | eta: 35.9m
step 00555/03814 (14.55%) | loss: 3.392501 | lrm: 1.00 | dt: 648.61ms | tok/sec: 101,040 | bf16_mfu: 0.00 | epoch: 1 pq: 0 rg: 54 | total time: 6.01m | eta: 35.9m
step 00556/03814 (14.58%) | loss: 3.397364 | lrm: 1.00 | dt: 647.59ms | tok/sec: 101,199 | bf16_mfu: 0.00 | epoch: 1 pq: 0 rg: 54 | total time: 6.02m | eta: 35.9m
step 00557/03814 (14.60%) | loss: 3.387917 | lrm: 1.00 | dt: 652.43ms | tok/sec: 100,448 | bf16_mfu: 0.00 | epoch: 1 pq: 0 rg: 54 | total time: 6.03m | eta: 35.9m
step 00558/03814 (14.63%) | loss: 3.400219 | lrm: 1.00 | dt: 652.25ms | tok/sec: 100,476 | bf16_mfu: 0.00 | epoch: 1 pq: 0 rg: 54 | total time: 6.04m | eta: 35.9m
step 00559/03814 (14.66%) | loss: 3.399999 | lrm: 1.00 | dt: 650.99ms | tok/sec: 100,671 | bf16_mfu: 0.00 | epoch: 1 pq: 0 rg: 54 | total time: 6.05m | eta: 35.9m
step 00560/03814 (14.68%) | loss: 3.395037 | lrm: 1.00 | dt: 651.95ms | tok/sec: 100,523 | bf16_mfu: 0.00 | epoch: 1 pq: 0 rg: 54 | total time: 6.06m | eta: 35.9m
step 00561/03814 (14.71%) | loss: 3.408223 | lrm: 1.00 | dt: 652.51ms | tok/sec: 100,436 | bf16_mfu: 0.00 | epoch: 1 pq: 0 rg: 55 | total time: 6.07m | eta: 35.9m
step 00562/03814 (14.74%) | loss: 3.411614 | lrm: 1.00 | dt: 653.38ms | tok/sec: 100,303 | bf16_mfu: 0.00 | epoch: 1 pq: 0 rg: 55 | total time: 6.08m | eta: 35.8m
step 00563/03814 (14.76%) | loss: 3.400864 | lrm: 1.00 | dt: 655.25ms | tok/sec: 100,016 | bf16_mfu: 0.00 | epoch: 1 pq: 0 rg: 55 | total time: 6.10m | eta: 35.8m
step 00564/03814 (14.79%) | loss: 3.419606 | lrm: 1.00 | dt: 657.62ms | tok/sec: 99,656 | bf16_mfu: 0.00 | epoch: 1 pq: 0 rg: 55 | total time: 6.11m | eta: 35.8m
step 00565/03814 (14.81%) | loss: 3.419871 | lrm: 1.00 | dt: 666.51ms | tok/sec: 98,326 | bf16_mfu: 0.00 | epoch: 1 pq: 0 rg: 55 | total time: 6.12m | eta: 35.8m
step 00566/03814 (14.84%) | loss: 3.409643 | lrm: 1.00 | dt: 660.19ms | tok/sec: 99,269 | bf16_mfu: 0.00 | epoch: 1 pq: 0 rg: 55 | total time: 6.13m | eta: 35.8m
step 00567/03814 (14.87%) | loss: 3.410222 | lrm: 1.00 | dt: 658.62ms | tok/sec: 99,505 | bf16_mfu: 0.00 | epoch: 1 pq: 0 rg: 55 | total time: 6.14m | eta: 35.8m
step 00568/03814 (14.89%) | loss: 3.409870 | lrm: 1.00 | dt: 654.34ms | tok/sec: 100,155 | bf16_mfu: 0.00 | epoch: 1 pq: 0 rg: 55 | total time: 6.15m | eta: 35.8m
step 00569/03814 (14.92%) | loss: 3.450276 | lrm: 1.00 | dt: 650.30ms | tok/sec: 100,778 | bf16_mfu: 0.00 | epoch: 1 pq: 0 rg: 55 | total time: 6.16m | eta: 35.8m
step 00570/03814 (14.94%) | loss: 3.453487 | lrm: 1.00 | dt: 659.49ms | tok/sec: 99,373 | bf16_mfu: 0.00 | epoch: 1 pq: 0 rg: 55 | total time: 6.17m | eta: 35.8m
step 00571/03814 (14.97%) | loss: 3.452394 | lrm: 1.00 | dt: 657.33ms | tok/sec: 99,699 | bf16_mfu: 0.00 | epoch: 1 pq: 0 rg: 55 | total time: 6.18m | eta: 35.7m
step 00572/03814 (15.00%) | loss: 3.459623 | lrm: 1.00 | dt: 802.88ms | tok/sec: 81,626 | bf16_mfu: 0.00 | epoch: 1 pq: 0 rg: 56 | total time: 6.20m | eta: 35.7m
step 00573/03814 (15.02%) | loss: 3.449289 | lrm: 1.00 | dt: 667.56ms | tok/sec: 98,172 | bf16_mfu: 0.00 | epoch: 1 pq: 0 rg: 56 | total time: 6.21m | eta: 35.7m
step 00574/03814 (15.05%) | loss: 3.426904 | lrm: 1.00 | dt: 656.18ms | tok/sec: 99,874 | bf16_mfu: 0.00 | epoch: 1 pq: 0 rg: 56 | total time: 6.22m | eta: 35.7m
step 00575/03814 (15.08%) | loss: 3.415086 | lrm: 1.00 | dt: 652.45ms | tok/sec: 100,446 | bf16_mfu: 0.00 | epoch: 1 pq: 0 rg: 56 | total time: 6.23m | eta: 35.7m
step 00576/03814 (15.10%) | loss: 3.411267 | lrm: 1.00 | dt: 654.66ms | tok/sec: 100,106 | bf16_mfu: 0.00 | epoch: 1 pq: 0 rg: 56 | total time: 6.24m | eta: 35.7m
step 00577/03814 (15.13%) | loss: 3.405918 | lrm: 1.00 | dt: 652.67ms | tok/sec: 100,411 | bf16_mfu: 0.00 | epoch: 1 pq: 0 rg: 56 | total time: 6.25m | eta: 35.7m
step 00578/03814 (15.15%) | loss: 3.404640 | lrm: 1.00 | dt: 654.42ms | tok/sec: 100,143 | bf16_mfu: 0.00 | epoch: 1 pq: 0 rg: 56 | total time: 6.26m | eta: 35.7m
step 00579/03814 (15.18%) | loss: 3.403647 | lrm: 1.00 | dt: 655.37ms | tok/sec: 99,998 | bf16_mfu: 0.00 | epoch: 1 pq: 0 rg: 56 | total time: 6.27m | eta: 35.7m
step 00580/03814 (15.21%) | loss: 3.389847 | lrm: 1.00 | dt: 652.89ms | tok/sec: 100,378 | bf16_mfu: 0.00 | epoch: 1 pq: 0 rg: 56 | total time: 6.28m | eta: 35.7m
step 00581/03814 (15.23%) | loss: 3.411719 | lrm: 1.00 | dt: 654.67ms | tok/sec: 100,104 | bf16_mfu: 0.00 | epoch: 1 pq: 0 rg: 56 | total time: 6.29m | eta: 35.6m
step 00582/03814 (15.26%) | loss: 3.398760 | lrm: 1.00 | dt: 692.89ms | tok/sec: 94,583 | bf16_mfu: 0.00 | epoch: 1 pq: 0 rg: 57 | total time: 6.31m | eta: 35.6m
step 00583/03814 (15.29%) | loss: 3.394124 | lrm: 1.00 | dt: 657.39ms | tok/sec: 99,691 | bf16_mfu: 0.00 | epoch: 1 pq: 0 rg: 57 | total time: 6.32m | eta: 35.6m
step 00584/03814 (15.31%) | loss: 3.406657 | lrm: 1.00 | dt: 652.65ms | tok/sec: 100,415 | bf16_mfu: 0.00 | epoch: 1 pq: 0 rg: 57 | total time: 6.33m | eta: 35.6m
step 00585/03814 (15.34%) | loss: 3.416737 | lrm: 1.00 | dt: 655.35ms | tok/sec: 100,002 | bf16_mfu: 0.00 | epoch: 1 pq: 0 rg: 57 | total time: 6.34m | eta: 35.6m
step 00586/03814 (15.36%) | loss: 3.403358 | lrm: 1.00 | dt: 652.53ms | tok/sec: 100,433 | bf16_mfu: 0.00 | epoch: 1 pq: 0 rg: 57 | total time: 6.35m | eta: 35.6m
step 00587/03814 (15.39%) | loss: 3.394155 | lrm: 1.00 | dt: 656.10ms | tok/sec: 99,887 | bf16_mfu: 0.00 | epoch: 1 pq: 0 rg: 57 | total time: 6.36m | eta: 35.6m
step 00588/03814 (15.42%) | loss: 3.404204 | lrm: 1.00 | dt: 649.09ms | tok/sec: 100,966 | bf16_mfu: 0.00 | epoch: 1 pq: 0 rg: 57 | total time: 6.37m | eta: 35.6m
step 00589/03814 (15.44%) | loss: 3.422588 | lrm: 1.00 | dt: 648.81ms | tok/sec: 101,010 | bf16_mfu: 0.00 | epoch: 1 pq: 0 rg: 57 | total time: 6.38m | eta: 35.6m
step 00590/03814 (15.47%) | loss: 3.422571 | lrm: 1.00 | dt: 654.22ms | tok/sec: 100,174 | bf16_mfu: 0.00 | epoch: 1 pq: 0 rg: 57 | total time: 6.39m | eta: 35.5m
step 00591/03814 (15.50%) | loss: 3.419544 | lrm: 1.00 | dt: 651.13ms | tok/sec: 100,650 | bf16_mfu: 0.00 | epoch: 1 pq: 0 rg: 57 | total time: 6.40m | eta: 35.5m
step 00592/03814 (15.52%) | loss: 3.414433 | lrm: 1.00 | dt: 648.92ms | tok/sec: 100,992 | bf16_mfu: 0.00 | epoch: 1 pq: 0 rg: 57 | total time: 6.42m | eta: 35.5m
step 00593/03814 (15.55%) | loss: 3.401950 | lrm: 1.00 | dt: 675.96ms | tok/sec: 96,952 | bf16_mfu: 0.00 | epoch: 1 pq: 0 rg: 58 | total time: 6.43m | eta: 35.5m
step 00594/03814 (15.57%) | loss: 3.396599 | lrm: 1.00 | dt: 666.82ms | tok/sec: 98,281 | bf16_mfu: 0.00 | epoch: 1 pq: 0 rg: 58 | total time: 6.44m | eta: 35.5m
step 00595/03814 (15.60%) | loss: 3.393250 | lrm: 1.00 | dt: 651.37ms | tok/sec: 100,612 | bf16_mfu: 0.00 | epoch: 1 pq: 0 rg: 58 | total time: 6.45m | eta: 35.5m
step 00596/03814 (15.63%) | loss: 3.397695 | lrm: 1.00 | dt: 647.39ms | tok/sec: 101,231 | bf16_mfu: 0.00 | epoch: 1 pq: 0 rg: 58 | total time: 6.46m | eta: 35.5m
step 00597/03814 (15.65%) | loss: 3.416696 | lrm: 1.00 | dt: 655.16ms | tok/sec: 100,030 | bf16_mfu: 0.00 | epoch: 1 pq: 0 rg: 58 | total time: 6.47m | eta: 35.5m
step 00598/03814 (15.68%) | loss: 3.408859 | lrm: 1.00 | dt: 691.56ms | tok/sec: 94,765 | bf16_mfu: 0.00 | epoch: 1 pq: 0 rg: 58 | total time: 6.48m | eta: 35.5m
step 00599/03814 (15.71%) | loss: 3.400460 | lrm: 1.00 | dt: 656.65ms | tok/sec: 99,803 | bf16_mfu: 0.00 | epoch: 1 pq: 0 rg: 58 | total time: 6.49m | eta: 35.4m
step 00600/03814 (15.73%) | loss: 3.409440 | lrm: 1.00 | dt: 652.05ms | tok/sec: 100,507 | bf16_mfu: 0.00 | epoch: 1 pq: 0 rg: 58 | total time: 6.50m | eta: 35.4m
step 00601/03814 (15.76%) | loss: 3.417825 | lrm: 1.00 | dt: 649.06ms | tok/sec: 100,970 | bf16_mfu: 0.00 | epoch: 1 pq: 0 rg: 58 | total time: 6.51m | eta: 35.4m
step 00602/03814 (15.78%) | loss: 3.416157 | lrm: 1.00 | dt: 654.55ms | tok/sec: 100,123 | bf16_mfu: 0.00 | epoch: 1 pq: 0 rg: 58 | total time: 6.53m | eta: 35.4m
step 00603/03814 (15.81%) | loss: 3.404449 | lrm: 1.00 | dt: 650.00ms | tok/sec: 100,825 | bf16_mfu: 0.00 | epoch: 1 pq: 0 rg: 58 | total time: 6.54m | eta: 35.4m
step 00604/03814 (15.84%) | loss: 3.406851 | lrm: 1.00 | dt: 658.05ms | tok/sec: 99,591 | bf16_mfu: 0.00 | epoch: 1 pq: 0 rg: 59 | total time: 6.55m | eta: 35.4m
step 00605/03814 (15.86%) | loss: 3.411584 | lrm: 1.00 | dt: 648.62ms | tok/sec: 101,039 | bf16_mfu: 0.00 | epoch: 1 pq: 0 rg: 59 | total time: 6.56m | eta: 35.4m
step 00606/03814 (15.89%) | loss: 3.401677 | lrm: 1.00 | dt: 735.58ms | tok/sec: 89,094 | bf16_mfu: 0.00 | epoch: 1 pq: 0 rg: 59 | total time: 6.57m | eta: 35.4m
step 00607/03814 (15.92%) | loss: 3.404204 | lrm: 1.00 | dt: 651.66ms | tok/sec: 100,567 | bf16_mfu: 0.00 | epoch: 1 pq: 0 rg: 59 | total time: 6.58m | eta: 35.4m
step 00608/03814 (15.94%) | loss: 3.396643 | lrm: 1.00 | dt: 935.78ms | tok/sec: 70,033 | bf16_mfu: 0.00 | epoch: 1 pq: 0 rg: 59 | total time: 6.60m | eta: 35.4m
step 00609/03814 (15.97%) | loss: 3.393533 | lrm: 1.00 | dt: 655.82ms | tok/sec: 99,930 | bf16_mfu: 0.00 | epoch: 1 pq: 0 rg: 59 | total time: 6.61m | eta: 35.4m
step 00610/03814 (15.99%) | loss: 3.399562 | lrm: 1.00 | dt: 647.06ms | tok/sec: 101,283 | bf16_mfu: 0.00 | epoch: 1 pq: 0 rg: 59 | total time: 6.62m | eta: 35.3m
step 00611/03814 (16.02%) | loss: 3.403099 | lrm: 1.00 | dt: 647.62ms | tok/sec: 101,194 | bf16_mfu: 0.00 | epoch: 1 pq: 0 rg: 59 | total time: 6.63m | eta: 35.3m
step 00612/03814 (16.05%) | loss: 3.406971 | lrm: 1.00 | dt: 650.24ms | tok/sec: 100,787 | bf16_mfu: 0.00 | epoch: 1 pq: 0 rg: 59 | total time: 6.64m | eta: 35.3m
step 00613/03814 (16.07%) | loss: 3.404999 | lrm: 1.00 | dt: 648.73ms | tok/sec: 101,022 | bf16_mfu: 0.00 | epoch: 1 pq: 0 rg: 59 | total time: 6.65m | eta: 35.3m
step 00614/03814 (16.10%) | loss: 3.402895 | lrm: 1.00 | dt: 1090.17ms | tok/sec: 60,115 | bf16_mfu: 0.00 | epoch: 1 pq: 0 rg: 60 | total time: 6.67m | eta: 35.3m
step 00615/03814 (16.12%) | loss: 3.410259 | lrm: 1.00 | dt: 649.97ms | tok/sec: 100,829 | bf16_mfu: 0.00 | epoch: 1 pq: 0 rg: 60 | total time: 6.68m | eta: 35.3m
step 00616/03814 (16.15%) | loss: 3.404296 | lrm: 1.00 | dt: 648.00ms | tok/sec: 101,135 | bf16_mfu: 0.00 | epoch: 1 pq: 0 rg: 60 | total time: 6.69m | eta: 35.3m
step 00617/03814 (16.18%) | loss: 3.399438 | lrm: 1.00 | dt: 648.97ms | tok/sec: 100,984 | bf16_mfu: 0.00 | epoch: 1 pq: 0 rg: 60 | total time: 6.70m | eta: 35.3m
step 00618/03814 (16.20%) | loss: 3.425473 | lrm: 1.00 | dt: 646.05ms | tok/sec: 101,440 | bf16_mfu: 0.00 | epoch: 1 pq: 0 rg: 60 | total time: 6.71m | eta: 35.3m
step 00619/03814 (16.23%) | loss: 3.440870 | lrm: 1.00 | dt: 1037.74ms | tok/sec: 63,152 | bf16_mfu: 0.00 | epoch: 1 pq: 0 rg: 60 | total time: 6.73m | eta: 35.3m
step 00620/03814 (16.26%) | loss: 3.429684 | lrm: 1.00 | dt: 643.50ms | tok/sec: 101,842 | bf16_mfu: 0.00 | epoch: 1 pq: 0 rg: 60 | total time: 6.74m | eta: 35.3m
step 00621/03814 (16.28%) | loss: 3.434513 | lrm: 1.00 | dt: 649.21ms | tok/sec: 100,946 | bf16_mfu: 0.00 | epoch: 1 pq: 0 rg: 60 | total time: 6.75m | eta: 35.3m
step 00622/03814 (16.31%) | loss: 3.443489 | lrm: 1.00 | dt: 648.73ms | tok/sec: 101,021 | bf16_mfu: 0.00 | epoch: 1 pq: 0 rg: 60 | total time: 6.76m | eta: 35.3m
step 00623/03814 (16.33%) | loss: 3.454848 | lrm: 1.00 | dt: 647.91ms | tok/sec: 101,149 | bf16_mfu: 0.00 | epoch: 1 pq: 0 rg: 60 | total time: 6.77m | eta: 35.3m
step 00624/03814 (16.36%) | loss: 3.448743 | lrm: 1.00 | dt: 648.21ms | tok/sec: 101,103 | bf16_mfu: 0.00 | epoch: 1 pq: 0 rg: 60 | total time: 6.78m | eta: 35.2m
step 00625/03814 (16.39%) | loss: 3.453648 | lrm: 1.00 | dt: 720.35ms | tok/sec: 90,978 | bf16_mfu: 0.00 | epoch: 1 pq: 0 rg: 61 | total time: 6.80m | eta: 35.2m
step 00626/03814 (16.41%) | loss: 3.441752 | lrm: 1.00 | dt: 648.20ms | tok/sec: 101,105 | bf16_mfu: 0.00 | epoch: 1 pq: 0 rg: 61 | total time: 6.81m | eta: 35.2m
step 00627/03814 (16.44%) | loss: 3.427610 | lrm: 1.00 | dt: 644.02ms | tok/sec: 101,760 | bf16_mfu: 0.00 | epoch: 1 pq: 0 rg: 61 | total time: 6.82m | eta: 35.2m
step 00628/03814 (16.47%) | loss: 3.419379 | lrm: 1.00 | dt: 644.26ms | tok/sec: 101,722 | bf16_mfu: 0.00 | epoch: 1 pq: 0 rg: 61 | total time: 6.83m | eta: 35.2m
step 00629/03814 (16.49%) | loss: 3.411059 | lrm: 1.00 | dt: 643.26ms | tok/sec: 101,881 | bf16_mfu: 0.00 | epoch: 1 pq: 0 rg: 61 | total time: 6.84m | eta: 35.2m
step 00630/03814 (16.52%) | loss: 3.410197 | lrm: 1.00 | dt: 664.51ms | tok/sec: 98,622 | bf16_mfu: 0.00 | epoch: 1 pq: 0 rg: 61 | total time: 6.85m | eta: 35.2m
step 00631/03814 (16.54%) | loss: 3.425266 | lrm: 1.00 | dt: 650.83ms | tok/sec: 100,696 | bf16_mfu: 0.00 | epoch: 1 pq: 0 rg: 61 | total time: 6.86m | eta: 35.2m
step 00632/03814 (16.57%) | loss: 3.431648 | lrm: 1.00 | dt: 679.39ms | tok/sec: 96,463 | bf16_mfu: 0.00 | epoch: 1 pq: 0 rg: 61 | total time: 6.87m | eta: 35.2m
step 00633/03814 (16.60%) | loss: 3.423075 | lrm: 1.00 | dt: 649.11ms | tok/sec: 100,963 | bf16_mfu: 0.00 | epoch: 1 pq: 0 rg: 61 | total time: 6.88m | eta: 35.1m
step 00634/03814 (16.62%) | loss: 3.421792 | lrm: 1.00 | dt: 643.40ms | tok/sec: 101,859 | bf16_mfu: 0.00 | epoch: 1 pq: 0 rg: 61 | total time: 6.89m | eta: 35.1m
step 00635/03814 (16.65%) | loss: 3.408957 | lrm: 1.00 | dt: 658.30ms | tok/sec: 99,554 | bf16_mfu: 0.00 | epoch: 1 pq: 0 rg: 62 | total time: 6.90m | eta: 35.1m
step 00636/03814 (16.68%) | loss: 3.390380 | lrm: 1.00 | dt: 650.61ms | tok/sec: 100,729 | bf16_mfu: 0.00 | epoch: 1 pq: 0 rg: 62 | total time: 6.91m | eta: 35.1m
step 00637/03814 (16.70%) | loss: 3.385526 | lrm: 1.00 | dt: 648.01ms | tok/sec: 101,134 | bf16_mfu: 0.00 | epoch: 1 pq: 0 rg: 62 | total time: 6.93m | eta: 35.1m
step 00638/03814 (16.73%) | loss: 3.395326 | lrm: 1.00 | dt: 673.48ms | tok/sec: 97,309 | bf16_mfu: 0.00 | epoch: 1 pq: 0 rg: 62 | total time: 6.94m | eta: 35.1m
step 00639/03814 (16.75%) | loss: 3.394460 | lrm: 1.00 | dt: 644.46ms | tok/sec: 101,691 | bf16_mfu: 0.00 | epoch: 1 pq: 0 rg: 62 | total time: 6.95m | eta: 35.1m
step 00640/03814 (16.78%) | loss: 3.395527 | lrm: 1.00 | dt: 650.49ms | tok/sec: 100,749 | bf16_mfu: 0.00 | epoch: 1 pq: 0 rg: 62 | total time: 6.96m | eta: 35.1m
step 00641/03814 (16.81%) | loss: 3.372121 | lrm: 1.00 | dt: 646.53ms | tok/sec: 101,366 | bf16_mfu: 0.00 | epoch: 1 pq: 0 rg: 62 | total time: 6.97m | eta: 35.0m
step 00642/03814 (16.83%) | loss: 3.380875 | lrm: 1.00 | dt: 648.96ms | tok/sec: 100,985 | bf16_mfu: 0.00 | epoch: 1 pq: 0 rg: 62 | total time: 6.98m | eta: 35.0m
step 00643/03814 (16.86%) | loss: 3.361496 | lrm: 1.00 | dt: 649.41ms | tok/sec: 100,916 | bf16_mfu: 0.00 | epoch: 1 pq: 0 rg: 62 | total time: 6.99m | eta: 35.0m
step 00644/03814 (16.89%) | loss: 3.351779 | lrm: 1.00 | dt: 647.59ms | tok/sec: 101,200 | bf16_mfu: 0.00 | epoch: 1 pq: 0 rg: 62 | total time: 7.00m | eta: 35.0m
step 00645/03814 (16.91%) | loss: 3.344111 | lrm: 1.00 | dt: 650.71ms | tok/sec: 100,714 | bf16_mfu: 0.00 | epoch: 1 pq: 0 rg: 62 | total time: 7.01m | eta: 35.0m
step 00646/03814 (16.94%) | loss: 3.363725 | lrm: 1.00 | dt: 650.95ms | tok/sec: 100,677 | bf16_mfu: 0.00 | epoch: 1 pq: 0 rg: 63 | total time: 7.02m | eta: 35.0m
step 00647/03814 (16.96%) | loss: 3.370836 | lrm: 1.00 | dt: 657.50ms | tok/sec: 99,675 | bf16_mfu: 0.00 | epoch: 1 pq: 0 rg: 63 | total time: 7.03m | eta: 35.0m
step 00648/03814 (16.99%) | loss: 3.363153 | lrm: 1.00 | dt: 646.59ms | tok/sec: 101,357 | bf16_mfu: 0.00 | epoch: 1 pq: 0 rg: 63 | total time: 7.05m | eta: 35.0m
step 00649/03814 (17.02%) | loss: 3.355766 | lrm: 1.00 | dt: 645.41ms | tok/sec: 101,542 | bf16_mfu: 0.00 | epoch: 1 pq: 0 rg: 63 | total time: 7.06m | eta: 34.9m
step 00650/03814 (17.04%) | loss: 3.354341 | lrm: 1.00 | dt: 665.60ms | tok/sec: 98,461 | bf16_mfu: 0.00 | epoch: 1 pq: 0 rg: 63 | total time: 7.07m | eta: 34.9m
step 00651/03814 (17.07%) | loss: 3.352738 | lrm: 1.00 | dt: 651.49ms | tok/sec: 100,594 | bf16_mfu: 0.00 | epoch: 1 pq: 0 rg: 63 | total time: 7.08m | eta: 34.9m
step 00652/03814 (17.09%) | loss: 3.349195 | lrm: 1.00 | dt: 651.39ms | tok/sec: 100,609 | bf16_mfu: 0.00 | epoch: 1 pq: 0 rg: 63 | total time: 7.09m | eta: 34.9m
step 00653/03814 (17.12%) | loss: 3.352854 | lrm: 1.00 | dt: 649.61ms | tok/sec: 100,884 | bf16_mfu: 0.00 | epoch: 1 pq: 0 rg: 63 | total time: 7.10m | eta: 34.9m
step 00654/03814 (17.15%) | loss: 3.338218 | lrm: 1.00 | dt: 648.18ms | tok/sec: 101,108 | bf16_mfu: 0.00 | epoch: 1 pq: 0 rg: 63 | total time: 7.11m | eta: 34.9m
step 00655/03814 (17.17%) | loss: 3.320244 | lrm: 1.00 | dt: 648.16ms | tok/sec: 101,110 | bf16_mfu: 0.00 | epoch: 1 pq: 0 rg: 63 | total time: 7.12m | eta: 34.9m
step 00656/03814 (17.20%) | loss: 3.298338 | lrm: 1.00 | dt: 719.87ms | tok/sec: 91,038 | bf16_mfu: 0.00 | epoch: 1 pq: 0 rg: 64 | total time: 7.13m | eta: 34.9m
step 00657/03814 (17.23%) | loss: 3.298263 | lrm: 1.00 | dt: 651.04ms | tok/sec: 100,663 | bf16_mfu: 0.00 | epoch: 1 pq: 0 rg: 64 | total time: 7.14m | eta: 34.9m
step 00658/03814 (17.25%) | loss: 3.298531 | lrm: 1.00 | dt: 646.73ms | tok/sec: 101,334 | bf16_mfu: 0.00 | epoch: 1 pq: 0 rg: 64 | total time: 7.15m | eta: 34.8m
step 00659/03814 (17.28%) | loss: 3.310163 | lrm: 1.00 | dt: 649.03ms | tok/sec: 100,975 | bf16_mfu: 0.00 | epoch: 1 pq: 0 rg: 64 | total time: 7.17m | eta: 34.8m
step 00660/03814 (17.30%) | loss: 3.315767 | lrm: 1.00 | dt: 656.60ms | tok/sec: 99,811 | bf16_mfu: 0.00 | epoch: 1 pq: 0 rg: 64 | total time: 7.18m | eta: 34.8m
step 00661/03814 (17.33%) | loss: 3.330755 | lrm: 1.00 | dt: 651.32ms | tok/sec: 100,619 | bf16_mfu: 0.00 | epoch: 1 pq: 0 rg: 64 | total time: 7.19m | eta: 34.8m
step 00662/03814 (17.36%) | loss: 3.342843 | lrm: 1.00 | dt: 651.86ms | tok/sec: 100,536 | bf16_mfu: 0.00 | epoch: 1 pq: 0 rg: 64 | total time: 7.20m | eta: 34.8m
step 00663/03814 (17.38%) | loss: 3.355343 | lrm: 1.00 | dt: 651.49ms | tok/sec: 100,593 | bf16_mfu: 0.00 | epoch: 1 pq: 0 rg: 64 | total time: 7.21m | eta: 34.8m
step 00664/03814 (17.41%) | loss: 3.348561 | lrm: 1.00 | dt: 647.48ms | tok/sec: 101,217 | bf16_mfu: 0.00 | epoch: 1 pq: 0 rg: 64 | total time: 7.22m | eta: 34.8m
step 00665/03814 (17.44%) | loss: 3.334436 | lrm: 1.00 | dt: 645.85ms | tok/sec: 101,472 | bf16_mfu: 0.00 | epoch: 1 pq: 0 rg: 64 | total time: 7.23m | eta: 34.8m
step 00666/03814 (17.46%) | loss: 3.353716 | lrm: 1.00 | dt: 652.78ms | tok/sec: 100,395 | bf16_mfu: 0.00 | epoch: 1 pq: 0 rg: 64 | total time: 7.24m | eta: 34.8m
step 00667/03814 (17.49%) | loss: 3.353466 | lrm: 1.00 | dt: 652.09ms | tok/sec: 100,501 | bf16_mfu: 0.00 | epoch: 1 pq: 0 rg: 65 | total time: 7.25m | eta: 34.7m
step 00668/03814 (17.51%) | loss: 3.343272 | lrm: 1.00 | dt: 651.16ms | tok/sec: 100,644 | bf16_mfu: 0.00 | epoch: 1 pq: 0 rg: 65 | total time: 7.26m | eta: 34.7m
step 00669/03814 (17.54%) | loss: 3.354793 | lrm: 1.00 | dt: 655.99ms | tok/sec: 99,904 | bf16_mfu: 0.00 | epoch: 1 pq: 0 rg: 65 | total time: 7.27m | eta: 34.7m
step 00670/03814 (17.57%) | loss: 3.361365 | lrm: 1.00 | dt: 756.83ms | tok/sec: 86,592 | bf16_mfu: 0.00 | epoch: 1 pq: 0 rg: 65 | total time: 7.29m | eta: 34.7m
step 00671/03814 (17.59%) | loss: 3.349145 | lrm: 1.00 | dt: 649.63ms | tok/sec: 100,881 | bf16_mfu: 0.00 | epoch: 1 pq: 0 rg: 65 | total time: 7.30m | eta: 34.7m
step 00672/03814 (17.62%) | loss: 3.347744 | lrm: 1.00 | dt: 648.33ms | tok/sec: 101,083 | bf16_mfu: 0.00 | epoch: 1 pq: 0 rg: 65 | total time: 7.31m | eta: 34.7m
step 00673/03814 (17.65%) | loss: 3.329712 | lrm: 1.00 | dt: 646.74ms | tok/sec: 101,333 | bf16_mfu: 0.00 | epoch: 1 pq: 0 rg: 65 | total time: 7.32m | eta: 34.7m
step 00674/03814 (17.67%) | loss: 3.340466 | lrm: 1.00 | dt: 647.97ms | tok/sec: 101,139 | bf16_mfu: 0.00 | epoch: 1 pq: 0 rg: 65 | total time: 7.33m | eta: 34.7m
step 00675/03814 (17.70%) | loss: 3.327650 | lrm: 1.00 | dt: 647.42ms | tok/sec: 101,225 | bf16_mfu: 0.00 | epoch: 1 pq: 0 rg: 65 | total time: 7.34m | eta: 34.7m
step 00676/03814 (17.72%) | loss: 3.343176 | lrm: 1.00 | dt: 650.99ms | tok/sec: 100,671 | bf16_mfu: 0.00 | epoch: 1 pq: 0 rg: 65 | total time: 7.35m | eta: 34.6m
step 00677/03814 (17.75%) | loss: 3.358219 | lrm: 1.00 | dt: 655.25ms | tok/sec: 100,016 | bf16_mfu: 0.00 | epoch: 1 pq: 0 rg: 65 | total time: 7.36m | eta: 34.6m
step 00678/03814 (17.78%) | loss: 3.376632 | lrm: 1.00 | dt: 650.77ms | tok/sec: 100,704 | bf16_mfu: 0.00 | epoch: 1 pq: 0 rg: 66 | total time: 7.37m | eta: 34.6m
step 00679/03814 (17.80%) | loss: 3.366220 | lrm: 1.00 | dt: 650.81ms | tok/sec: 100,698 | bf16_mfu: 0.00 | epoch: 1 pq: 0 rg: 66 | total time: 7.38m | eta: 34.6m
step 00680/03814 (17.83%) | loss: 3.347207 | lrm: 1.00 | dt: 660.96ms | tok/sec: 99,152 | bf16_mfu: 0.00 | epoch: 1 pq: 0 rg: 66 | total time: 7.40m | eta: 34.6m
step 00681/03814 (17.86%) | loss: 3.340523 | lrm: 1.00 | dt: 653.44ms | tok/sec: 100,293 | bf16_mfu: 0.00 | epoch: 1 pq: 0 rg: 66 | total time: 7.41m | eta: 34.6m
step 00682/03814 (17.88%) | loss: 3.354761 | lrm: 1.00 | dt: 709.03ms | tok/sec: 92,430 | bf16_mfu: 0.00 | epoch: 1 pq: 0 rg: 66 | total time: 7.42m | eta: 34.6m
step 00683/03814 (17.91%) | loss: 3.345296 | lrm: 1.00 | dt: 698.83ms | tok/sec: 93,780 | bf16_mfu: 0.00 | epoch: 1 pq: 0 rg: 66 | total time: 7.43m | eta: 34.6m
step 00684/03814 (17.93%) | loss: 3.334736 | lrm: 1.00 | dt: 653.00ms | tok/sec: 100,360 | bf16_mfu: 0.00 | epoch: 1 pq: 0 rg: 66 | total time: 7.44m | eta: 34.6m
step 00685/03814 (17.96%) | loss: 3.335326 | lrm: 1.00 | dt: 653.38ms | tok/sec: 100,303 | bf16_mfu: 0.00 | epoch: 1 pq: 0 rg: 66 | total time: 7.45m | eta: 34.5m
step 00686/03814 (17.99%) | loss: 3.336110 | lrm: 1.00 | dt: 649.05ms | tok/sec: 100,971 | bf16_mfu: 0.00 | epoch: 1 pq: 0 rg: 66 | total time: 7.46m | eta: 34.5m
step 00687/03814 (18.01%) | loss: 3.324978 | lrm: 1.00 | dt: 674.16ms | tok/sec: 97,211 | bf16_mfu: 0.00 | epoch: 1 pq: 0 rg: 66 | total time: 7.47m | eta: 34.5m
step 00688/03814 (18.04%) | loss: 3.320025 | lrm: 1.00 | dt: 658.52ms | tok/sec: 99,520 | bf16_mfu: 0.00 | epoch: 1 pq: 0 rg: 67 | total time: 7.48m | eta: 34.5m
step 00689/03814 (18.07%) | loss: 3.323675 | lrm: 1.00 | dt: 651.40ms | tok/sec: 100,607 | bf16_mfu: 0.00 | epoch: 1 pq: 0 rg: 67 | total time: 7.50m | eta: 34.5m
step 00690/03814 (18.09%) | loss: 3.339973 | lrm: 1.00 | dt: 649.36ms | tok/sec: 100,924 | bf16_mfu: 0.00 | epoch: 1 pq: 0 rg: 67 | total time: 7.51m | eta: 34.5m
step 00691/03814 (18.12%) | loss: 3.337579 | lrm: 1.00 | dt: 649.15ms | tok/sec: 100,956 | bf16_mfu: 0.00 | epoch: 1 pq: 0 rg: 67 | total time: 7.52m | eta: 34.5m
step 00692/03814 (18.14%) | loss: 3.322899 | lrm: 1.00 | dt: 654.57ms | tok/sec: 100,119 | bf16_mfu: 0.00 | epoch: 1 pq: 0 rg: 67 | total time: 7.53m | eta: 34.5m
step 00693/03814 (18.17%) | loss: 3.323512 | lrm: 1.00 | dt: 650.06ms | tok/sec: 100,815 | bf16_mfu: 0.00 | epoch: 1 pq: 0 rg: 67 | total time: 7.54m | eta: 34.4m
step 00694/03814 (18.20%) | loss: 3.325044 | lrm: 1.00 | dt: 649.89ms | tok/sec: 100,842 | bf16_mfu: 0.00 | epoch: 1 pq: 0 rg: 67 | total time: 7.55m | eta: 34.4m
step 00695/03814 (18.22%) | loss: 3.321118 | lrm: 1.00 | dt: 655.43ms | tok/sec: 99,989 | bf16_mfu: 0.00 | epoch: 1 pq: 0 rg: 67 | total time: 7.56m | eta: 34.4m
step 00696/03814 (18.25%) | loss: 3.313450 | lrm: 1.00 | dt: 651.10ms | tok/sec: 100,655 | bf16_mfu: 0.00 | epoch: 1 pq: 0 rg: 67 | total time: 7.57m | eta: 34.4m
step 00697/03814 (18.27%) | loss: 3.320104 | lrm: 1.00 | dt: 654.37ms | tok/sec: 100,151 | bf16_mfu: 0.00 | epoch: 1 pq: 0 rg: 67 | total time: 7.58m | eta: 34.4m
step 00698/03814 (18.30%) | loss: 3.318916 | lrm: 1.00 | dt: 648.57ms | tok/sec: 101,046 | bf16_mfu: 0.00 | epoch: 1 pq: 0 rg: 67 | total time: 7.59m | eta: 34.4m
step 00699/03814 (18.33%) | loss: 3.324482 | lrm: 1.00 | dt: 648.40ms | tok/sec: 101,074 | bf16_mfu: 0.00 | epoch: 1 pq: 0 rg: 68 | total time: 7.60m | eta: 34.4m
step 00700/03814 (18.35%) | loss: 3.313376 | lrm: 1.00 | dt: 653.69ms | tok/sec: 100,255 | bf16_mfu: 0.00 | epoch: 1 pq: 0 rg: 68 | total time: 7.61m | eta: 34.4m
step 00701/03814 (18.38%) | loss: 3.300066 | lrm: 1.00 | dt: 651.58ms | tok/sec: 100,579 | bf16_mfu: 0.00 | epoch: 1 pq: 0 rg: 68 | total time: 7.63m | eta: 34.4m
step 00702/03814 (18.41%) | loss: 3.290828 | lrm: 1.00 | dt: 664.04ms | tok/sec: 98,692 | bf16_mfu: 0.00 | epoch: 1 pq: 0 rg: 68 | total time: 7.64m | eta: 34.3m
step 00703/03814 (18.43%) | loss: 3.290709 | lrm: 1.00 | dt: 652.25ms | tok/sec: 100,476 | bf16_mfu: 0.00 | epoch: 1 pq: 0 rg: 68 | total time: 7.65m | eta: 34.3m
step 00704/03814 (18.46%) | loss: 3.284706 | lrm: 1.00 | dt: 650.93ms | tok/sec: 100,681 | bf16_mfu: 0.00 | epoch: 1 pq: 0 rg: 68 | total time: 7.66m | eta: 34.3m
step 00705/03814 (18.48%) | loss: 3.296853 | lrm: 1.00 | dt: 652.95ms | tok/sec: 100,368 | bf16_mfu: 0.00 | epoch: 1 pq: 0 rg: 68 | total time: 7.67m | eta: 34.3m
step 00706/03814 (18.51%) | loss: 3.287162 | lrm: 1.00 | dt: 651.45ms | tok/sec: 100,599 | bf16_mfu: 0.00 | epoch: 1 pq: 0 rg: 68 | total time: 7.68m | eta: 34.3m
step 00707/03814 (18.54%) | loss: 3.277607 | lrm: 1.00 | dt: 663.06ms | tok/sec: 98,838 | bf16_mfu: 0.00 | epoch: 1 pq: 0 rg: 68 | total time: 7.69m | eta: 34.3m
step 00708/03814 (18.56%) | loss: 3.289156 | lrm: 1.00 | dt: 652.80ms | tok/sec: 100,391 | bf16_mfu: 0.00 | epoch: 1 pq: 0 rg: 68 | total time: 7.70m | eta: 34.3m
step 00709/03814 (18.59%) | loss: 3.292767 | lrm: 1.00 | dt: 649.58ms | tok/sec: 100,889 | bf16_mfu: 0.00 | epoch: 1 pq: 0 rg: 68 | total time: 7.71m | eta: 34.3m
step 00710/03814 (18.62%) | loss: 3.300588 | lrm: 1.00 | dt: 649.49ms | tok/sec: 100,904 | bf16_mfu: 0.00 | epoch: 1 pq: 0 rg: 69 | total time: 7.72m | eta: 34.2m
step 00711/03814 (18.64%) | loss: 3.310268 | lrm: 1.00 | dt: 649.91ms | tok/sec: 100,839 | bf16_mfu: 0.00 | epoch: 1 pq: 0 rg: 69 | total time: 7.73m | eta: 34.2m
step 00712/03814 (18.67%) | loss: 3.313656 | lrm: 1.00 | dt: 650.65ms | tok/sec: 100,724 | bf16_mfu: 0.00 | epoch: 1 pq: 0 rg: 69 | total time: 7.75m | eta: 34.2m
step 00713/03814 (18.69%) | loss: 3.322284 | lrm: 1.00 | dt: 651.61ms | tok/sec: 100,575 | bf16_mfu: 0.00 | epoch: 1 pq: 0 rg: 69 | total time: 7.76m | eta: 34.2m
step 00714/03814 (18.72%) | loss: 3.307877 | lrm: 1.00 | dt: 727.47ms | tok/sec: 90,087 | bf16_mfu: 0.00 | epoch: 1 pq: 0 rg: 69 | total time: 7.77m | eta: 34.2m
step 00715/03814 (18.75%) | loss: 3.292268 | lrm: 1.00 | dt: 670.92ms | tok/sec: 97,680 | bf16_mfu: 0.00 | epoch: 1 pq: 0 rg: 69 | total time: 7.78m | eta: 34.2m
step 00716/03814 (18.77%) | loss: 3.300252 | lrm: 1.00 | dt: 651.85ms | tok/sec: 100,537 | bf16_mfu: 0.00 | epoch: 1 pq: 0 rg: 69 | total time: 7.79m | eta: 34.2m
step 00717/03814 (18.80%) | loss: 3.311254 | lrm: 1.00 | dt: 656.91ms | tok/sec: 99,763 | bf16_mfu: 0.00 | epoch: 1 pq: 0 rg: 69 | total time: 7.80m | eta: 34.2m
step 00718/03814 (18.83%) | loss: 3.303556 | lrm: 1.00 | dt: 654.01ms | tok/sec: 100,205 | bf16_mfu: 0.00 | epoch: 1 pq: 0 rg: 69 | total time: 7.81m | eta: 34.2m
step 00719/03814 (18.85%) | loss: 3.299539 | lrm: 1.00 | dt: 650.48ms | tok/sec: 100,750 | bf16_mfu: 0.00 | epoch: 1 pq: 0 rg: 69 | total time: 7.82m | eta: 34.2m
step 00720/03814 (18.88%) | loss: 3.312365 | lrm: 1.00 | dt: 650.53ms | tok/sec: 100,742 | bf16_mfu: 0.00 | epoch: 1 pq: 0 rg: 69 | total time: 7.83m | eta: 34.1m
step 00721/03814 (18.90%) | loss: 3.334099 | lrm: 1.00 | dt: 647.00ms | tok/sec: 101,292 | bf16_mfu: 0.00 | epoch: 1 pq: 0 rg: 70 | total time: 7.84m | eta: 34.1m
step 00722/03814 (18.93%) | loss: 3.326566 | lrm: 1.00 | dt: 649.15ms | tok/sec: 100,956 | bf16_mfu: 0.00 | epoch: 1 pq: 0 rg: 70 | total time: 7.86m | eta: 34.1m
step 00723/03814 (18.96%) | loss: 3.329693 | lrm: 1.00 | dt: 651.11ms | tok/sec: 100,653 | bf16_mfu: 0.00 | epoch: 1 pq: 0 rg: 70 | total time: 7.87m | eta: 34.1m
step 00724/03814 (18.98%) | loss: 3.342204 | lrm: 1.00 | dt: 690.95ms | tok/sec: 94,849 | bf16_mfu: 0.00 | epoch: 1 pq: 0 rg: 70 | total time: 7.88m | eta: 34.1m
step 00725/03814 (19.01%) | loss: 3.330476 | lrm: 1.00 | dt: 649.01ms | tok/sec: 100,977 | bf16_mfu: 0.00 | epoch: 1 pq: 0 rg: 70 | total time: 7.89m | eta: 34.1m
step 00726/03814 (19.04%) | loss: 3.340183 | lrm: 1.00 | dt: 653.22ms | tok/sec: 100,327 | bf16_mfu: 0.00 | epoch: 1 pq: 0 rg: 70 | total time: 7.90m | eta: 34.1m
step 00727/03814 (19.06%) | loss: 3.342519 | lrm: 1.00 | dt: 657.02ms | tok/sec: 99,747 | bf16_mfu: 0.00 | epoch: 1 pq: 0 rg: 70 | total time: 7.91m | eta: 34.1m
step 00728/03814 (19.09%) | loss: 3.353904 | lrm: 1.00 | dt: 673.77ms | tok/sec: 97,268 | bf16_mfu: 0.00 | epoch: 1 pq: 0 rg: 70 | total time: 7.92m | eta: 34.0m
step 00729/03814 (19.11%) | loss: 3.349436 | lrm: 1.00 | dt: 655.06ms | tok/sec: 100,046 | bf16_mfu: 0.00 | epoch: 1 pq: 0 rg: 70 | total time: 7.93m | eta: 34.0m
step 00730/03814 (19.14%) | loss: 3.331573 | lrm: 1.00 | dt: 652.01ms | tok/sec: 100,513 | bf16_mfu: 0.00 | epoch: 1 pq: 0 rg: 70 | total time: 7.94m | eta: 34.0m
step 00731/03814 (19.17%) | loss: 3.328426 | lrm: 1.00 | dt: 653.26ms | tok/sec: 100,321 | bf16_mfu: 0.00 | epoch: 1 pq: 0 rg: 70 | total time: 7.95m | eta: 34.0m
step 00732/03814 (19.19%) | loss: 3.324084 | lrm: 1.00 | dt: 674.65ms | tok/sec: 97,140 | bf16_mfu: 0.00 | epoch: 1 pq: 0 rg: 71 | total time: 7.97m | eta: 34.0m
step 00733/03814 (19.22%) | loss: 3.350636 | lrm: 1.00 | dt: 651.60ms | tok/sec: 100,577 | bf16_mfu: 0.00 | epoch: 1 pq: 0 rg: 71 | total time: 7.98m | eta: 34.0m
step 00734/03814 (19.24%) | loss: 3.335962 | lrm: 1.00 | dt: 655.80ms | tok/sec: 99,933 | bf16_mfu: 0.00 | epoch: 1 pq: 0 rg: 71 | total time: 7.99m | eta: 34.0m
step 00735/03814 (19.27%) | loss: 3.325869 | lrm: 1.00 | dt: 651.26ms | tok/sec: 100,629 | bf16_mfu: 0.00 | epoch: 1 pq: 0 rg: 71 | total time: 8.00m | eta: 34.0m
step 00736/03814 (19.30%) | loss: 3.324569 | lrm: 1.00 | dt: 651.91ms | tok/sec: 100,529 | bf16_mfu: 0.00 | epoch: 1 pq: 0 rg: 71 | total time: 8.01m | eta: 34.0m
step 00737/03814 (19.32%) | loss: 3.318918 | lrm: 1.00 | dt: 712.78ms | tok/sec: 91,943 | bf16_mfu: 0.00 | epoch: 1 pq: 0 rg: 71 | total time: 8.02m | eta: 33.9m
step 00738/03814 (19.35%) | loss: 3.327251 | lrm: 1.00 | dt: 683.54ms | tok/sec: 95,877 | bf16_mfu: 0.00 | epoch: 1 pq: 0 rg: 71 | total time: 8.03m | eta: 33.9m
step 00739/03814 (19.38%) | loss: 3.342195 | lrm: 1.00 | dt: 654.30ms | tok/sec: 100,161 | bf16_mfu: 0.00 | epoch: 1 pq: 0 rg: 71 | total time: 8.04m | eta: 33.9m
step 00740/03814 (19.40%) | loss: 3.335138 | lrm: 1.00 | dt: 652.17ms | tok/sec: 100,489 | bf16_mfu: 0.00 | epoch: 1 pq: 0 rg: 71 | total time: 8.05m | eta: 33.9m
step 00741/03814 (19.43%) | loss: 3.335221 | lrm: 1.00 | dt: 649.12ms | tok/sec: 100,960 | bf16_mfu: 0.00 | epoch: 1 pq: 0 rg: 71 | total time: 8.07m | eta: 33.9m
step 00742/03814 (19.45%) | loss: 3.326134 | lrm: 1.00 | dt: 656.70ms | tok/sec: 99,795 | bf16_mfu: 0.00 | epoch: 1 pq: 0 rg: 71 | total time: 8.08m | eta: 33.9m
step 00743/03814 (19.48%) | loss: 3.320598 | lrm: 1.00 | dt: 649.93ms | tok/sec: 100,835 | bf16_mfu: 0.00 | epoch: 1 pq: 0 rg: 72 | total time: 8.09m | eta: 33.9m
step 00744/03814 (19.51%) | loss: 3.323889 | lrm: 1.00 | dt: 732.47ms | tok/sec: 89,472 | bf16_mfu: 0.00 | epoch: 1 pq: 0 rg: 72 | total time: 8.10m | eta: 33.9m
step 00745/03814 (19.53%) | loss: 3.326807 | lrm: 1.00 | dt: 654.50ms | tok/sec: 100,131 | bf16_mfu: 0.00 | epoch: 1 pq: 0 rg: 72 | total time: 8.11m | eta: 33.9m
step 00746/03814 (19.56%) | loss: 3.315265 | lrm: 1.00 | dt: 655.29ms | tok/sec: 100,011 | bf16_mfu: 0.00 | epoch: 1 pq: 0 rg: 72 | total time: 8.12m | eta: 33.9m
step 00747/03814 (19.59%) | loss: 3.327289 | lrm: 1.00 | dt: 668.39ms | tok/sec: 98,050 | bf16_mfu: 0.00 | epoch: 1 pq: 0 rg: 72 | total time: 8.13m | eta: 33.8m
step 00748/03814 (19.61%) | loss: 3.331365 | lrm: 1.00 | dt: 670.60ms | tok/sec: 97,727 | bf16_mfu: 0.00 | epoch: 1 pq: 0 rg: 72 | total time: 8.14m | eta: 33.8m
step 00749/03814 (19.64%) | loss: 3.327917 | lrm: 1.00 | dt: 652.53ms | tok/sec: 100,433 | bf16_mfu: 0.00 | epoch: 1 pq: 0 rg: 72 | total time: 8.15m | eta: 33.8m
step 00750/03814 (19.66%) | loss: 3.320629 | lrm: 1.00 | dt: 654.60ms | tok/sec: 100,115 | bf16_mfu: 0.00 | epoch: 1 pq: 0 rg: 72 | total time: 8.16m | eta: 33.8m
step 00751/03814 (19.69%) | loss: 3.317861 | lrm: 1.00 | dt: 651.42ms | tok/sec: 100,604 | bf16_mfu: 0.00 | epoch: 1 pq: 0 rg: 72 | total time: 8.18m | eta: 33.8m
step 00752/03814 (19.72%) | loss: 3.329962 | lrm: 1.00 | dt: 653.62ms | tok/sec: 100,265 | bf16_mfu: 0.00 | epoch: 1 pq: 0 rg: 72 | total time: 8.19m | eta: 33.8m
step 00753/03814 (19.74%) | loss: 3.313994 | lrm: 1.00 | dt: 646.69ms | tok/sec: 101,340 | bf16_mfu: 0.00 | epoch: 1 pq: 0 rg: 73 | total time: 8.20m | eta: 33.8m
step 00754/03814 (19.77%) | loss: 3.311524 | lrm: 1.00 | dt: 649.13ms | tok/sec: 100,959 | bf16_mfu: 0.00 | epoch: 1 pq: 0 rg: 73 | total time: 8.21m | eta: 33.8m
step 00755/03814 (19.80%) | loss: 3.319775 | lrm: 1.00 | dt: 651.34ms | tok/sec: 100,616 | bf16_mfu: 0.00 | epoch: 1 pq: 0 rg: 73 | total time: 8.22m | eta: 33.7m
step 00756/03814 (19.82%) | loss: 3.346344 | lrm: 1.00 | dt: 651.81ms | tok/sec: 100,543 | bf16_mfu: 0.00 | epoch: 1 pq: 0 rg: 73 | total time: 8.23m | eta: 33.7m
step 00757/03814 (19.85%) | loss: 3.341837 | lrm: 1.00 | dt: 651.06ms | tok/sec: 100,659 | bf16_mfu: 0.00 | epoch: 1 pq: 0 rg: 73 | total time: 8.24m | eta: 33.7m
step 00758/03814 (19.87%) | loss: 3.344846 | lrm: 1.00 | dt: 718.94ms | tok/sec: 91,156 | bf16_mfu: 0.00 | epoch: 1 pq: 0 rg: 73 | total time: 8.25m | eta: 33.7m
step 00759/03814 (19.90%) | loss: 3.358034 | lrm: 1.00 | dt: 647.29ms | tok/sec: 101,245 | bf16_mfu: 0.00 | epoch: 1 pq: 0 rg: 73 | total time: 8.26m | eta: 33.7m
step 00760/03814 (19.93%) | loss: 3.327305 | lrm: 1.00 | dt: 648.90ms | tok/sec: 100,996 | bf16_mfu: 0.00 | epoch: 1 pq: 0 rg: 73 | total time: 8.27m | eta: 33.7m
step 00761/03814 (19.95%) | loss: 3.319260 | lrm: 1.00 | dt: 653.50ms | tok/sec: 100,285 | bf16_mfu: 0.00 | epoch: 1 pq: 0 rg: 73 | total time: 8.29m | eta: 33.7m
step 00762/03814 (19.98%) | loss: 3.316157 | lrm: 1.00 | dt: 651.56ms | tok/sec: 100,582 | bf16_mfu: 0.00 | epoch: 1 pq: 0 rg: 73 | total time: 8.30m | eta: 33.7m
step 00763/03814 (20.01%) | loss: 3.308523 | lrm: 1.00 | dt: 647.96ms | tok/sec: 101,142 | bf16_mfu: 0.00 | epoch: 1 pq: 0 rg: 73 | total time: 8.31m | eta: 33.7m
step 00764/03814 (20.03%) | loss: 3.302214 | lrm: 1.00 | dt: 653.78ms | tok/sec: 100,241 | bf16_mfu: 0.00 | epoch: 1 pq: 0 rg: 73 | total time: 8.32m | eta: 33.6m
step 00765/03814 (20.06%) | loss: 3.306827 | lrm: 1.00 | dt: 651.57ms | tok/sec: 100,582 | bf16_mfu: 0.00 | epoch: 1 pq: 0 rg: 74 | total time: 8.33m | eta: 33.6m
step 00766/03814 (20.08%) | loss: 3.286611 | lrm: 1.00 | dt: 647.74ms | tok/sec: 101,176 | bf16_mfu: 0.00 | epoch: 1 pq: 0 rg: 74 | total time: 8.34m | eta: 33.6m
step 00767/03814 (20.11%) | loss: 3.278089 | lrm: 1.00 | dt: 649.64ms | tok/sec: 100,880 | bf16_mfu: 0.00 | epoch: 1 pq: 0 rg: 74 | total time: 8.35m | eta: 33.6m
step 00768/03814 (20.14%) | loss: 3.270508 | lrm: 1.00 | dt: 646.41ms | tok/sec: 101,384 | bf16_mfu: 0.00 | epoch: 1 pq: 0 rg: 74 | total time: 8.36m | eta: 33.6m
step 00769/03814 (20.16%) | loss: 3.277379 | lrm: 1.00 | dt: 646.67ms | tok/sec: 101,343 | bf16_mfu: 0.00 | epoch: 1 pq: 0 rg: 74 | total time: 8.37m | eta: 33.6m
step 00770/03814 (20.19%) | loss: 3.290307 | lrm: 1.00 | dt: 650.46ms | tok/sec: 100,753 | bf16_mfu: 0.00 | epoch: 1 pq: 0 rg: 74 | total time: 8.38m | eta: 33.6m
step 00771/03814 (20.21%) | loss: 3.267158 | lrm: 1.00 | dt: 652.63ms | tok/sec: 100,417 | bf16_mfu: 0.00 | epoch: 1 pq: 0 rg: 74 | total time: 8.39m | eta: 33.6m
step 00772/03814 (20.24%) | loss: 3.274300 | lrm: 1.00 | dt: 651.25ms | tok/sec: 100,630 | bf16_mfu: 0.00 | epoch: 1 pq: 0 rg: 74 | total time: 8.40m | eta: 33.6m
step 00773/03814 (20.27%) | loss: 3.292767 | lrm: 1.00 | dt: 649.45ms | tok/sec: 100,910 | bf16_mfu: 0.00 | epoch: 1 pq: 0 rg: 74 | total time: 8.42m | eta: 33.5m
step 00774/03814 (20.29%) | loss: 3.302511 | lrm: 1.00 | dt: 647.08ms | tok/sec: 101,279 | bf16_mfu: 0.00 | epoch: 1 pq: 0 rg: 74 | total time: 8.43m | eta: 33.5m
step 00775/03814 (20.32%) | loss: 3.302271 | lrm: 1.00 | dt: 650.16ms | tok/sec: 100,800 | bf16_mfu: 0.00 | epoch: 1 pq: 0 rg: 74 | total time: 8.44m | eta: 33.5m
step 00776/03814 (20.35%) | loss: 3.289568 | lrm: 1.00 | dt: 668.77ms | tok/sec: 97,995 | bf16_mfu: 0.00 | epoch: 1 pq: 0 rg: 75 | total time: 8.45m | eta: 33.5m
step 00777/03814 (20.37%) | loss: 3.294551 | lrm: 1.00 | dt: 655.52ms | tok/sec: 99,975 | bf16_mfu: 0.00 | epoch: 1 pq: 0 rg: 75 | total time: 8.46m | eta: 33.5m
step 00778/03814 (20.40%) | loss: 3.293518 | lrm: 1.00 | dt: 650.45ms | tok/sec: 100,754 | bf16_mfu: 0.00 | epoch: 1 pq: 0 rg: 75 | total time: 8.47m | eta: 33.5m
step 00779/03814 (20.42%) | loss: 3.289845 | lrm: 1.00 | dt: 645.73ms | tok/sec: 101,490 | bf16_mfu: 0.00 | epoch: 1 pq: 0 rg: 75 | total time: 8.48m | eta: 33.5m
step 00780/03814 (20.45%) | loss: 3.287734 | lrm: 1.00 | dt: 650.11ms | tok/sec: 100,807 | bf16_mfu: 0.00 | epoch: 1 pq: 0 rg: 75 | total time: 8.49m | eta: 33.5m
step 00781/03814 (20.48%) | loss: 3.278483 | lrm: 1.00 | dt: 647.51ms | tok/sec: 101,211 | bf16_mfu: 0.00 | epoch: 1 pq: 0 rg: 75 | total time: 8.50m | eta: 33.4m
step 00782/03814 (20.50%) | loss: 3.274257 | lrm: 1.00 | dt: 648.10ms | tok/sec: 101,119 | bf16_mfu: 0.00 | epoch: 1 pq: 0 rg: 75 | total time: 8.51m | eta: 33.4m
step 00783/03814 (20.53%) | loss: 3.288061 | lrm: 1.00 | dt: 648.67ms | tok/sec: 101,031 | bf16_mfu: 0.00 | epoch: 1 pq: 0 rg: 75 | total time: 8.52m | eta: 33.4m
step 00784/03814 (20.56%) | loss: 3.309449 | lrm: 1.00 | dt: 648.90ms | tok/sec: 100,995 | bf16_mfu: 0.00 | epoch: 1 pq: 0 rg: 75 | total time: 8.53m | eta: 33.4m
step 00785/03814 (20.58%) | loss: 3.309054 | lrm: 1.00 | dt: 650.27ms | tok/sec: 100,782 | bf16_mfu: 0.00 | epoch: 1 pq: 0 rg: 75 | total time: 8.55m | eta: 33.4m
step 00786/03814 (20.61%) | loss: 3.293762 | lrm: 1.00 | dt: 652.85ms | tok/sec: 100,384 | bf16_mfu: 0.00 | epoch: 1 pq: 0 rg: 75 | total time: 8.56m | eta: 33.4m
step 00787/03814 (20.63%) | loss: 3.287548 | lrm: 1.00 | dt: 650.87ms | tok/sec: 100,690 | bf16_mfu: 0.00 | epoch: 1 pq: 0 rg: 76 | total time: 8.57m | eta: 33.4m
step 00788/03814 (20.66%) | loss: 3.269943 | lrm: 1.00 | dt: 649.20ms | tok/sec: 100,949 | bf16_mfu: 0.00 | epoch: 1 pq: 0 rg: 76 | total time: 8.58m | eta: 33.4m
step 00789/03814 (20.69%) | loss: 3.251802 | lrm: 1.00 | dt: 650.78ms | tok/sec: 100,704 | bf16_mfu: 0.00 | epoch: 1 pq: 0 rg: 76 | total time: 8.59m | eta: 33.4m
step 00790/03814 (20.71%) | loss: 3.257653 | lrm: 1.00 | dt: 656.12ms | tok/sec: 99,884 | bf16_mfu: 0.00 | epoch: 1 pq: 0 rg: 76 | total time: 8.60m | eta: 33.3m
step 00791/03814 (20.74%) | loss: 3.274137 | lrm: 1.00 | dt: 731.63ms | tok/sec: 89,575 | bf16_mfu: 0.00 | epoch: 1 pq: 0 rg: 76 | total time: 8.61m | eta: 33.3m
step 00792/03814 (20.77%) | loss: 3.288492 | lrm: 1.00 | dt: 655.26ms | tok/sec: 100,016 | bf16_mfu: 0.00 | epoch: 1 pq: 0 rg: 76 | total time: 8.62m | eta: 33.3m
step 00793/03814 (20.79%) | loss: 3.261155 | lrm: 1.00 | dt: 1041.05ms | tok/sec: 62,952 | bf16_mfu: 0.00 | epoch: 1 pq: 0 rg: 76 | total time: 8.64m | eta: 33.3m
step 00794/03814 (20.82%) | loss: 3.264811 | lrm: 1.00 | dt: 653.46ms | tok/sec: 100,290 | bf16_mfu: 0.00 | epoch: 1 pq: 0 rg: 76 | total time: 8.65m | eta: 33.3m
step 00795/03814 (20.84%) | loss: 3.304620 | lrm: 1.00 | dt: 650.13ms | tok/sec: 100,804 | bf16_mfu: 0.00 | epoch: 1 pq: 0 rg: 76 | total time: 8.66m | eta: 33.3m
step 00796/03814 (20.87%) | loss: 3.294884 | lrm: 1.00 | dt: 688.73ms | tok/sec: 95,154 | bf16_mfu: 0.00 | epoch: 1 pq: 0 rg: 76 | total time: 8.67m | eta: 33.3m
step 00797/03814 (20.90%) | loss: 3.280728 | lrm: 1.00 | dt: 648.24ms | tok/sec: 101,099 | bf16_mfu: 0.00 | epoch: 1 pq: 0 rg: 76 | total time: 8.68m | eta: 33.3m
step 00798/03814 (20.92%) | loss: 3.293876 | lrm: 1.00 | dt: 710.63ms | tok/sec: 92,222 | bf16_mfu: 0.00 | epoch: 1 pq: 0 rg: 77 | total time: 8.70m | eta: 33.3m
step 00799/03814 (20.95%) | loss: 3.307909 | lrm: 1.00 | dt: 648.85ms | tok/sec: 101,003 | bf16_mfu: 0.00 | epoch: 1 pq: 0 rg: 77 | total time: 8.71m | eta: 33.3m
step 00800/03814 (20.98%) | loss: 3.309395 | lrm: 1.00 | dt: 647.03ms | tok/sec: 101,286 | bf16_mfu: 0.00 | epoch: 1 pq: 0 rg: 77 | total time: 8.72m | eta: 33.3m
step 00801/03814 (21.00%) | loss: 3.302335 | lrm: 1.00 | dt: 870.61ms | tok/sec: 75,275 | bf16_mfu: 0.00 | epoch: 1 pq: 0 rg: 77 | total time: 8.73m | eta: 33.3m
step 00802/03814 (21.03%) | loss: 3.320756 | lrm: 1.00 | dt: 648.53ms | tok/sec: 101,052 | bf16_mfu: 0.00 | epoch: 1 pq: 0 rg: 77 | total time: 8.74m | eta: 33.3m
step 00803/03814 (21.05%) | loss: 3.331919 | lrm: 1.00 | dt: 656.46ms | tok/sec: 99,833 | bf16_mfu: 0.00 | epoch: 1 pq: 0 rg: 77 | total time: 8.75m | eta: 33.2m
step 00804/03814 (21.08%) | loss: 3.335474 | lrm: 1.00 | dt: 647.86ms | tok/sec: 101,157 | bf16_mfu: 0.00 | epoch: 1 pq: 0 rg: 77 | total time: 8.76m | eta: 33.2m
step 00805/03814 (21.11%) | loss: 3.327716 | lrm: 1.00 | dt: 653.46ms | tok/sec: 100,290 | bf16_mfu: 0.00 | epoch: 1 pq: 0 rg: 77 | total time: 8.78m | eta: 33.2m
step 00806/03814 (21.13%) | loss: 3.327827 | lrm: 1.00 | dt: 649.53ms | tok/sec: 100,897 | bf16_mfu: 0.00 | epoch: 1 pq: 0 rg: 77 | total time: 8.79m | eta: 33.2m
step 00807/03814 (21.16%) | loss: 3.330547 | lrm: 1.00 | dt: 650.09ms | tok/sec: 100,810 | bf16_mfu: 0.00 | epoch: 1 pq: 0 rg: 77 | total time: 8.80m | eta: 33.2m
step 00808/03814 (21.19%) | loss: 3.321179 | lrm: 1.00 | dt: 648.74ms | tok/sec: 101,020 | bf16_mfu: 0.00 | epoch: 1 pq: 0 rg: 77 | total time: 8.81m | eta: 33.2m
step 00809/03814 (21.21%) | loss: 3.337449 | lrm: 1.00 | dt: 650.03ms | tok/sec: 100,820 | bf16_mfu: 0.00 | epoch: 1 pq: 0 rg: 78 | total time: 8.82m | eta: 33.2m
step 00810/03814 (21.24%) | loss: 3.328474 | lrm: 1.00 | dt: 647.72ms | tok/sec: 101,180 | bf16_mfu: 0.00 | epoch: 1 pq: 0 rg: 78 | total time: 8.83m | eta: 33.2m
step 00811/03814 (21.26%) | loss: 3.303445 | lrm: 1.00 | dt: 649.17ms | tok/sec: 100,953 | bf16_mfu: 0.00 | epoch: 1 pq: 0 rg: 78 | total time: 8.84m | eta: 33.1m
step 00812/03814 (21.29%) | loss: 3.300560 | lrm: 1.00 | dt: 649.38ms | tok/sec: 100,920 | bf16_mfu: 0.00 | epoch: 1 pq: 0 rg: 78 | total time: 8.85m | eta: 33.1m
step 00813/03814 (21.32%) | loss: 3.309944 | lrm: 1.00 | dt: 648.41ms | tok/sec: 101,072 | bf16_mfu: 0.00 | epoch: 1 pq: 0 rg: 78 | total time: 8.86m | eta: 33.1m
step 00814/03814 (21.34%) | loss: 3.298469 | lrm: 1.00 | dt: 651.71ms | tok/sec: 100,560 | bf16_mfu: 0.00 | epoch: 1 pq: 0 rg: 78 | total time: 8.87m | eta: 33.1m
step 00815/03814 (21.37%) | loss: 3.295267 | lrm: 1.00 | dt: 653.92ms | tok/sec: 100,219 | bf16_mfu: 0.00 | epoch: 1 pq: 0 rg: 78 | total time: 8.88m | eta: 33.1m
step 00816/03814 (21.39%) | loss: 3.306632 | lrm: 1.00 | dt: 650.74ms | tok/sec: 100,710 | bf16_mfu: 0.00 | epoch: 1 pq: 0 rg: 78 | total time: 8.89m | eta: 33.1m
step 00817/03814 (21.42%) | loss: 3.326555 | lrm: 1.00 | dt: 659.17ms | tok/sec: 99,422 | bf16_mfu: 0.00 | epoch: 1 pq: 0 rg: 78 | total time: 8.91m | eta: 33.1m
step 00818/03814 (21.45%) | loss: 3.340037 | lrm: 1.00 | dt: 650.09ms | tok/sec: 100,810 | bf16_mfu: 0.00 | epoch: 1 pq: 0 rg: 78 | total time: 8.92m | eta: 33.1m
step 00819/03814 (21.47%) | loss: 3.325136 | lrm: 1.00 | dt: 647.02ms | tok/sec: 101,289 | bf16_mfu: 0.00 | epoch: 1 pq: 0 rg: 78 | total time: 8.93m | eta: 33.1m
step 00820/03814 (21.50%) | loss: 3.318074 | lrm: 1.00 | dt: 745.91ms | tok/sec: 87,860 | bf16_mfu: 0.00 | epoch: 1 pq: 0 rg: 79 | total time: 8.94m | eta: 33.0m
step 00821/03814 (21.53%) | loss: 3.305073 | lrm: 1.00 | dt: 651.33ms | tok/sec: 100,618 | bf16_mfu: 0.00 | epoch: 1 pq: 0 rg: 79 | total time: 8.95m | eta: 33.0m
step 00822/03814 (21.55%) | loss: 3.313593 | lrm: 1.00 | dt: 649.76ms | tok/sec: 100,861 | bf16_mfu: 0.00 | epoch: 1 pq: 0 rg: 79 | total time: 8.96m | eta: 33.0m
step 00823/03814 (21.58%) | loss: 3.315391 | lrm: 1.00 | dt: 693.63ms | tok/sec: 94,482 | bf16_mfu: 0.00 | epoch: 1 pq: 0 rg: 79 | total time: 8.97m | eta: 33.0m
step 00824/03814 (21.60%) | loss: 3.299447 | lrm: 1.00 | dt: 661.60ms | tok/sec: 99,056 | bf16_mfu: 0.00 | epoch: 1 pq: 0 rg: 79 | total time: 8.98m | eta: 33.0m
step 00825/03814 (21.63%) | loss: 3.289803 | lrm: 1.00 | dt: 649.93ms | tok/sec: 100,835 | bf16_mfu: 0.00 | epoch: 1 pq: 0 rg: 79 | total time: 9.00m | eta: 33.0m
step 00826/03814 (21.66%) | loss: 3.310241 | lrm: 1.00 | dt: 650.58ms | tok/sec: 100,734 | bf16_mfu: 0.00 | epoch: 1 pq: 0 rg: 79 | total time: 9.01m | eta: 33.0m
step 00827/03814 (21.68%) | loss: 3.297486 | lrm: 1.00 | dt: 653.23ms | tok/sec: 100,326 | bf16_mfu: 0.00 | epoch: 1 pq: 0 rg: 79 | total time: 9.02m | eta: 33.0m
step 00828/03814 (21.71%) | loss: 3.295560 | lrm: 1.00 | dt: 650.87ms | tok/sec: 100,690 | bf16_mfu: 0.00 | epoch: 1 pq: 0 rg: 79 | total time: 9.03m | eta: 33.0m
step 00829/03814 (21.74%) | loss: 3.291870 | lrm: 1.00 | dt: 653.97ms | tok/sec: 100,212 | bf16_mfu: 0.00 | epoch: 1 pq: 0 rg: 79 | total time: 9.04m | eta: 32.9m
step 00830/03814 (21.76%) | loss: 3.320885 | lrm: 1.00 | dt: 651.56ms | tok/sec: 100,582 | bf16_mfu: 0.00 | epoch: 1 pq: 0 rg: 79 | total time: 9.05m | eta: 32.9m
step 00831/03814 (21.79%) | loss: 3.321934 | lrm: 1.00 | dt: 713.62ms | tok/sec: 91,835 | bf16_mfu: 0.00 | epoch: 1 pq: 0 rg: 80 | total time: 9.06m | eta: 32.9m
step 00832/03814 (21.81%) | loss: 3.311953 | lrm: 1.00 | dt: 663.35ms | tok/sec: 98,795 | bf16_mfu: 0.00 | epoch: 1 pq: 0 rg: 80 | total time: 9.07m | eta: 32.9m
step 00833/03814 (21.84%) | loss: 3.317879 | lrm: 1.00 | dt: 653.92ms | tok/sec: 100,220 | bf16_mfu: 0.00 | epoch: 1 pq: 0 rg: 80 | total time: 9.08m | eta: 32.9m
step 00834/03814 (21.87%) | loss: 3.316302 | lrm: 1.00 | dt: 647.35ms | tok/sec: 101,237 | bf16_mfu: 0.00 | epoch: 1 pq: 0 rg: 80 | total time: 9.09m | eta: 32.9m
step 00835/03814 (21.89%) | loss: 3.319351 | lrm: 1.00 | dt: 650.77ms | tok/sec: 100,705 | bf16_mfu: 0.00 | epoch: 1 pq: 0 rg: 80 | total time: 9.10m | eta: 32.9m
step 00836/03814 (21.92%) | loss: 3.312078 | lrm: 1.00 | dt: 649.04ms | tok/sec: 100,973 | bf16_mfu: 0.00 | epoch: 1 pq: 0 rg: 80 | total time: 9.12m | eta: 32.9m
step 00837/03814 (21.95%) | loss: 3.314730 | lrm: 1.00 | dt: 675.57ms | tok/sec: 97,009 | bf16_mfu: 0.00 | epoch: 1 pq: 0 rg: 80 | total time: 9.13m | eta: 32.9m
step 00838/03814 (21.97%) | loss: 3.333343 | lrm: 1.00 | dt: 682.35ms | tok/sec: 96,044 | bf16_mfu: 0.00 | epoch: 1 pq: 0 rg: 80 | total time: 9.14m | eta: 32.8m
step 00839/03814 (22.00%) | loss: 3.330039 | lrm: 1.00 | dt: 663.58ms | tok/sec: 98,761 | bf16_mfu: 0.00 | epoch: 1 pq: 0 rg: 80 | total time: 9.15m | eta: 32.8m
step 00840/03814 (22.02%) | loss: 3.331575 | lrm: 1.00 | dt: 649.93ms | tok/sec: 100,835 | bf16_mfu: 0.00 | epoch: 1 pq: 0 rg: 80 | total time: 9.16m | eta: 32.8m
step 00841/03814 (22.05%) | loss: 3.337997 | lrm: 1.00 | dt: 651.95ms | tok/sec: 100,522 | bf16_mfu: 0.00 | epoch: 1 pq: 0 rg: 80 | total time: 9.17m | eta: 32.8m
step 00842/03814 (22.08%) | loss: 3.331868 | lrm: 1.00 | dt: 727.78ms | tok/sec: 90,048 | bf16_mfu: 0.00 | epoch: 1 pq: 0 rg: 81 | total time: 9.18m | eta: 32.8m
step 00843/03814 (22.10%) | loss: 3.322179 | lrm: 1.00 | dt: 653.66ms | tok/sec: 100,259 | bf16_mfu: 0.00 | epoch: 1 pq: 0 rg: 81 | total time: 9.19m | eta: 32.8m
step 00844/03814 (22.13%) | loss: 3.322729 | lrm: 1.00 | dt: 647.76ms | tok/sec: 101,172 | bf16_mfu: 0.00 | epoch: 1 pq: 0 rg: 81 | total time: 9.20m | eta: 32.8m
step 00845/03814 (22.16%) | loss: 3.341034 | lrm: 1.00 | dt: 647.82ms | tok/sec: 101,163 | bf16_mfu: 0.00 | epoch: 1 pq: 0 rg: 81 | total time: 9.22m | eta: 32.8m
step 00846/03814 (22.18%) | loss: 3.350999 | lrm: 1.00 | dt: 649.99ms | tok/sec: 100,826 | bf16_mfu: 0.00 | epoch: 1 pq: 0 rg: 81 | total time: 9.23m | eta: 32.8m
step 00847/03814 (22.21%) | loss: 3.334393 | lrm: 1.00 | dt: 647.79ms | tok/sec: 101,168 | bf16_mfu: 0.00 | epoch: 1 pq: 0 rg: 81 | total time: 9.24m | eta: 32.7m
step 00848/03814 (22.23%) | loss: 3.361842 | lrm: 1.00 | dt: 720.82ms | tok/sec: 90,918 | bf16_mfu: 0.00 | epoch: 1 pq: 0 rg: 81 | total time: 9.25m | eta: 32.7m
step 00849/03814 (22.26%) | loss: 3.358727 | lrm: 1.00 | dt: 654.00ms | tok/sec: 100,207 | bf16_mfu: 0.00 | epoch: 1 pq: 0 rg: 81 | total time: 9.26m | eta: 32.7m
step 00850/03814 (22.29%) | loss: 3.338272 | lrm: 1.00 | dt: 651.73ms | tok/sec: 100,557 | bf16_mfu: 0.00 | epoch: 1 pq: 0 rg: 81 | total time: 9.27m | eta: 32.7m
step 00851/03814 (22.31%) | loss: 3.330732 | lrm: 1.00 | dt: 653.55ms | tok/sec: 100,277 | bf16_mfu: 0.00 | epoch: 1 pq: 0 rg: 81 | total time: 9.28m | eta: 32.7m
step 00852/03814 (22.34%) | loss: 3.344992 | lrm: 1.00 | dt: 652.52ms | tok/sec: 100,434 | bf16_mfu: 0.00 | epoch: 1 pq: 0 rg: 81 | total time: 9.29m | eta: 32.7m
step 00853/03814 (22.36%) | loss: 3.358238 | lrm: 1.00 | dt: 676.54ms | tok/sec: 96,869 | bf16_mfu: 0.00 | epoch: 1 pq: 0 rg: 82 | total time: 9.30m | eta: 32.7m
step 00854/03814 (22.39%) | loss: 3.353898 | lrm: 1.00 | dt: 654.84ms | tok/sec: 100,080 | bf16_mfu: 0.00 | epoch: 1 pq: 0 rg: 82 | total time: 9.32m | eta: 32.7m
step 00855/03814 (22.42%) | loss: 3.355640 | lrm: 1.00 | dt: 652.45ms | tok/sec: 100,446 | bf16_mfu: 0.00 | epoch: 1 pq: 0 rg: 82 | total time: 9.33m | eta: 32.7m
step 00856/03814 (22.44%) | loss: 3.356377 | lrm: 1.00 | dt: 646.87ms | tok/sec: 101,312 | bf16_mfu: 0.00 | epoch: 1 pq: 0 rg: 82 | total time: 9.34m | eta: 32.6m
step 00857/03814 (22.47%) | loss: 3.342127 | lrm: 1.00 | dt: 646.62ms | tok/sec: 101,352 | bf16_mfu: 0.00 | epoch: 1 pq: 0 rg: 82 | total time: 9.35m | eta: 32.6m
step 00858/03814 (22.50%) | loss: 3.344843 | lrm: 1.00 | dt: 647.86ms | tok/sec: 101,157 | bf16_mfu: 0.00 | epoch: 1 pq: 0 rg: 82 | total time: 9.36m | eta: 32.6m
step 00859/03814 (22.52%) | loss: 3.355280 | lrm: 1.00 | dt: 683.79ms | tok/sec: 95,842 | bf16_mfu: 0.00 | epoch: 1 pq: 0 rg: 82 | total time: 9.37m | eta: 32.6m
step 00860/03814 (22.55%) | loss: 3.345480 | lrm: 1.00 | dt: 681.76ms | tok/sec: 96,127 | bf16_mfu: 0.00 | epoch: 1 pq: 0 rg: 82 | total time: 9.38m | eta: 32.6m
step 00861/03814 (22.57%) | loss: 3.362009 | lrm: 1.00 | dt: 654.17ms | tok/sec: 100,182 | bf16_mfu: 0.00 | epoch: 1 pq: 0 rg: 82 | total time: 9.39m | eta: 32.6m
step 00862/03814 (22.60%) | loss: 3.360498 | lrm: 1.00 | dt: 650.39ms | tok/sec: 100,763 | bf16_mfu: 0.00 | epoch: 1 pq: 0 rg: 82 | total time: 9.40m | eta: 32.6m
step 00863/03814 (22.63%) | loss: 3.342736 | lrm: 1.00 | dt: 703.58ms | tok/sec: 93,146 | bf16_mfu: 0.00 | epoch: 1 pq: 0 rg: 82 | total time: 9.41m | eta: 32.6m
step 00864/03814 (22.65%) | loss: 3.325736 | lrm: 1.00 | dt: 696.19ms | tok/sec: 94,134 | bf16_mfu: 0.00 | epoch: 1 pq: 0 rg: 83 | total time: 9.43m | eta: 32.6m
step 00865/03814 (22.68%) | loss: 3.311078 | lrm: 1.00 | dt: 649.08ms | tok/sec: 100,967 | bf16_mfu: 0.00 | epoch: 1 pq: 0 rg: 83 | total time: 9.44m | eta: 32.5m
step 00866/03814 (22.71%) | loss: 3.310561 | lrm: 1.00 | dt: 649.75ms | tok/sec: 100,862 | bf16_mfu: 0.00 | epoch: 1 pq: 0 rg: 83 | total time: 9.45m | eta: 32.5m
step 00867/03814 (22.73%) | loss: 3.311394 | lrm: 1.00 | dt: 814.55ms | tok/sec: 80,457 | bf16_mfu: 0.00 | epoch: 1 pq: 0 rg: 83 | total time: 9.46m | eta: 32.5m
step 00868/03814 (22.76%) | loss: 3.304918 | lrm: 1.00 | dt: 652.96ms | tok/sec: 100,366 | bf16_mfu: 0.00 | epoch: 1 pq: 0 rg: 83 | total time: 9.47m | eta: 32.5m
step 00869/03814 (22.78%) | loss: 3.311512 | lrm: 1.00 | dt: 649.10ms | tok/sec: 100,964 | bf16_mfu: 0.00 | epoch: 1 pq: 0 rg: 83 | total time: 9.48m | eta: 32.5m
step 00870/03814 (22.81%) | loss: 3.316921 | lrm: 1.00 | dt: 666.45ms | tok/sec: 98,335 | bf16_mfu: 0.00 | epoch: 1 pq: 0 rg: 83 | total time: 9.49m | eta: 32.5m
step 00871/03814 (22.84%) | loss: 3.283440 | lrm: 1.00 | dt: 648.41ms | tok/sec: 101,071 | bf16_mfu: 0.00 | epoch: 1 pq: 0 rg: 83 | total time: 9.50m | eta: 32.5m
step 00872/03814 (22.86%) | loss: 3.281438 | lrm: 1.00 | dt: 647.93ms | tok/sec: 101,146 | bf16_mfu: 0.00 | epoch: 1 pq: 0 rg: 83 | total time: 9.52m | eta: 32.5m
step 00873/03814 (22.89%) | loss: 3.292060 | lrm: 1.00 | dt: 647.56ms | tok/sec: 101,204 | bf16_mfu: 0.00 | epoch: 1 pq: 0 rg: 83 | total time: 9.53m | eta: 32.5m
step 00874/03814 (22.92%) | loss: 3.279480 | lrm: 1.00 | dt: 665.86ms | tok/sec: 98,422 | bf16_mfu: 0.00 | epoch: 1 pq: 0 rg: 83 | total time: 9.54m | eta: 32.5m
step 00875/03814 (22.94%) | loss: 3.271971 | lrm: 1.00 | dt: 650.16ms | tok/sec: 100,800 | bf16_mfu: 0.00 | epoch: 1 pq: 0 rg: 83 | total time: 9.55m | eta: 32.4m
step 00876/03814 (22.97%) | loss: 3.260132 | lrm: 1.00 | dt: 783.50ms | tok/sec: 83,645 | bf16_mfu: 0.00 | epoch: 1 pq: 0 rg: 84 | total time: 9.56m | eta: 32.4m
step 00877/03814 (22.99%) | loss: 3.248821 | lrm: 1.00 | dt: 656.55ms | tok/sec: 99,817 | bf16_mfu: 0.00 | epoch: 1 pq: 0 rg: 84 | total time: 9.57m | eta: 32.4m
step 00878/03814 (23.02%) | loss: 3.255918 | lrm: 1.00 | dt: 703.59ms | tok/sec: 93,145 | bf16_mfu: 0.00 | epoch: 1 pq: 0 rg: 84 | total time: 9.58m | eta: 32.4m
step 00879/03814 (23.05%) | loss: 3.251251 | lrm: 1.00 | dt: 650.76ms | tok/sec: 100,706 | bf16_mfu: 0.00 | epoch: 1 pq: 0 rg: 84 | total time: 9.60m | eta: 32.4m
step 00880/03814 (23.07%) | loss: 3.253793 | lrm: 1.00 | dt: 662.99ms | tok/sec: 98,848 | bf16_mfu: 0.00 | epoch: 1 pq: 0 rg: 84 | total time: 9.61m | eta: 32.4m
step 00881/03814 (23.10%) | loss: 3.243231 | lrm: 1.00 | dt: 651.40ms | tok/sec: 100,607 | bf16_mfu: 0.00 | epoch: 1 pq: 0 rg: 84 | total time: 9.62m | eta: 32.4m
step 00882/03814 (23.13%) | loss: 3.249594 | lrm: 1.00 | dt: 676.19ms | tok/sec: 96,918 | bf16_mfu: 0.00 | epoch: 1 pq: 0 rg: 84 | total time: 9.63m | eta: 32.4m
step 00883/03814 (23.15%) | loss: 3.240755 | lrm: 1.00 | dt: 655.96ms | tok/sec: 99,908 | bf16_mfu: 0.00 | epoch: 1 pq: 0 rg: 84 | total time: 9.64m | eta: 32.4m
step 00884/03814 (23.18%) | loss: 3.257059 | lrm: 1.00 | dt: 690.57ms | tok/sec: 94,901 | bf16_mfu: 0.00 | epoch: 1 pq: 0 rg: 84 | total time: 9.65m | eta: 32.4m
step 00885/03814 (23.20%) | loss: 3.242249 | lrm: 1.00 | dt: 651.86ms | tok/sec: 100,536 | bf16_mfu: 0.00 | epoch: 1 pq: 0 rg: 84 | total time: 9.66m | eta: 32.3m
step 00886/03814 (23.23%) | loss: 3.252009 | lrm: 1.00 | dt: 719.95ms | tok/sec: 91,028 | bf16_mfu: 0.00 | epoch: 1 pq: 0 rg: 85 | total time: 9.67m | eta: 32.3m
step 00887/03814 (23.26%) | loss: 3.248437 | lrm: 1.00 | dt: 656.90ms | tok/sec: 99,765 | bf16_mfu: 0.00 | epoch: 1 pq: 0 rg: 85 | total time: 9.68m | eta: 32.3m
step 00888/03814 (23.28%) | loss: 3.278752 | lrm: 1.00 | dt: 662.64ms | tok/sec: 98,901 | bf16_mfu: 0.00 | epoch: 1 pq: 0 rg: 85 | total time: 9.70m | eta: 32.3m
step 00889/03814 (23.31%) | loss: 3.305584 | lrm: 1.00 | dt: 654.09ms | tok/sec: 100,193 | bf16_mfu: 0.00 | epoch: 1 pq: 0 rg: 85 | total time: 9.71m | eta: 32.3m
step 00890/03814 (23.34%) | loss: 3.306945 | lrm: 1.00 | dt: 651.91ms | tok/sec: 100,529 | bf16_mfu: 0.00 | epoch: 1 pq: 0 rg: 85 | total time: 9.72m | eta: 32.3m
step 00891/03814 (23.36%) | loss: 3.327083 | lrm: 1.00 | dt: 655.07ms | tok/sec: 100,044 | bf16_mfu: 0.00 | epoch: 1 pq: 0 rg: 85 | total time: 9.73m | eta: 32.3m
step 00892/03814 (23.39%) | loss: 3.340926 | lrm: 1.00 | dt: 1187.73ms | tok/sec: 55,177 | bf16_mfu: 0.00 | epoch: 1 pq: 0 rg: 85 | total time: 9.75m | eta: 32.3m
step 00893/03814 (23.41%) | loss: 3.343772 | lrm: 1.00 | dt: 661.70ms | tok/sec: 99,042 | bf16_mfu: 0.00 | epoch: 1 pq: 0 rg: 85 | total time: 9.76m | eta: 32.3m
step 00894/03814 (23.44%) | loss: 3.337453 | lrm: 1.00 | dt: 654.11ms | tok/sec: 100,191 | bf16_mfu: 0.00 | epoch: 1 pq: 0 rg: 85 | total time: 9.77m | eta: 32.3m
step 00895/03814 (23.47%) | loss: 3.335850 | lrm: 1.00 | dt: 673.73ms | tok/sec: 97,273 | bf16_mfu: 0.00 | epoch: 1 pq: 0 rg: 85 | total time: 9.78m | eta: 32.3m
step 00896/03814 (23.49%) | loss: 3.316655 | lrm: 1.00 | dt: 655.53ms | tok/sec: 99,973 | bf16_mfu: 0.00 | epoch: 1 pq: 0 rg: 85 | total time: 9.79m | eta: 32.2m
step 00897/03814 (23.52%) | loss: 3.310110 | lrm: 1.00 | dt: 655.66ms | tok/sec: 99,954 | bf16_mfu: 0.00 | epoch: 1 pq: 0 rg: 85 | total time: 9.80m | eta: 32.2m
step 00898/03814 (23.54%) | loss: 3.312917 | lrm: 1.00 | dt: 660.12ms | tok/sec: 99,279 | bf16_mfu: 0.00 | epoch: 1 pq: 0 rg: 86 | total time: 9.81m | eta: 32.2m
step 00899/03814 (23.57%) | loss: 3.311684 | lrm: 1.00 | dt: 657.99ms | tok/sec: 99,600 | bf16_mfu: 0.00 | epoch: 1 pq: 0 rg: 86 | total time: 9.82m | eta: 32.2m
step 00900/03814 (23.60%) | loss: 3.305542 | lrm: 1.00 | dt: 660.84ms | tok/sec: 99,171 | bf16_mfu: 0.00 | epoch: 1 pq: 0 rg: 86 | total time: 9.84m | eta: 32.2m
step 00901/03814 (23.62%) | loss: 3.299871 | lrm: 1.00 | dt: 683.75ms | tok/sec: 95,847 | bf16_mfu: 0.00 | epoch: 1 pq: 0 rg: 86 | total time: 9.85m | eta: 32.2m
step 00902/03814 (23.65%) | loss: 3.285299 | lrm: 1.00 | dt: 667.98ms | tok/sec: 98,110 | bf16_mfu: 0.00 | epoch: 1 pq: 0 rg: 86 | total time: 9.86m | eta: 32.2m
step 00903/03814 (23.68%) | loss: 3.269634 | lrm: 1.00 | dt: 666.96ms | tok/sec: 98,261 | bf16_mfu: 0.00 | epoch: 1 pq: 0 rg: 86 | total time: 9.87m | eta: 32.2m
step 00904/03814 (23.70%) | loss: 3.270669 | lrm: 1.00 | dt: 675.87ms | tok/sec: 96,965 | bf16_mfu: 0.00 | epoch: 1 pq: 0 rg: 86 | total time: 9.88m | eta: 32.2m
step 00905/03814 (23.73%) | loss: 3.259752 | lrm: 1.00 | dt: 663.05ms | tok/sec: 98,840 | bf16_mfu: 0.00 | epoch: 1 pq: 0 rg: 86 | total time: 9.89m | eta: 32.2m
step 00906/03814 (23.75%) | loss: 3.246339 | lrm: 1.00 | dt: 666.81ms | tok/sec: 98,283 | bf16_mfu: 0.00 | epoch: 1 pq: 0 rg: 86 | total time: 9.90m | eta: 32.1m
step 00907/03814 (23.78%) | loss: 3.246469 | lrm: 1.00 | dt: 669.74ms | tok/sec: 97,853 | bf16_mfu: 0.00 | epoch: 1 pq: 0 rg: 86 | total time: 9.91m | eta: 32.1m
step 00908/03814 (23.81%) | loss: 3.254788 | lrm: 1.00 | dt: 669.30ms | tok/sec: 97,916 | bf16_mfu: 0.00 | epoch: 1 pq: 0 rg: 87 | total time: 9.93m | eta: 32.1m
step 00909/03814 (23.83%) | loss: 3.251472 | lrm: 1.00 | dt: 668.29ms | tok/sec: 98,065 | bf16_mfu: 0.00 | epoch: 1 pq: 0 rg: 87 | total time: 9.94m | eta: 32.1m
step 00910/03814 (23.86%) | loss: 3.257816 | lrm: 1.00 | dt: 674.35ms | tok/sec: 97,183 | bf16_mfu: 0.00 | epoch: 1 pq: 0 rg: 87 | total time: 9.95m | eta: 32.1m
step 00911/03814 (23.89%) | loss: 3.262569 | lrm: 1.00 | dt: 666.96ms | tok/sec: 98,261 | bf16_mfu: 0.00 | epoch: 1 pq: 0 rg: 87 | total time: 9.96m | eta: 32.1m
step 00912/03814 (23.91%) | loss: 3.242954 | lrm: 1.00 | dt: 672.71ms | tok/sec: 97,420 | bf16_mfu: 0.00 | epoch: 1 pq: 0 rg: 87 | total time: 9.97m | eta: 32.1m
step 00913/03814 (23.94%) | loss: 3.255889 | lrm: 1.00 | dt: 687.64ms | tok/sec: 95,306 | bf16_mfu: 0.00 | epoch: 1 pq: 0 rg: 87 | total time: 9.98m | eta: 32.1m
step 00914/03814 (23.96%) | loss: 3.262549 | lrm: 1.00 | dt: 683.54ms | tok/sec: 95,876 | bf16_mfu: 0.00 | epoch: 1 pq: 0 rg: 87 | total time: 9.99m | eta: 32.1m
step 00915/03814 (23.99%) | loss: 3.272302 | lrm: 1.00 | dt: 675.20ms | tok/sec: 97,061 | bf16_mfu: 0.00 | epoch: 1 pq: 0 rg: 87 | total time: 10.00m | eta: 32.0m
step 00916/03814 (24.02%) | loss: 3.271832 | lrm: 1.00 | dt: 679.08ms | tok/sec: 96,506 | bf16_mfu: 0.00 | epoch: 1 pq: 0 rg: 87 | total time: 10.02m | eta: 32.0m
step 00917/03814 (24.04%) | loss: 3.268571 | lrm: 1.00 | dt: 679.79ms | tok/sec: 96,406 | bf16_mfu: 0.00 | epoch: 1 pq: 0 rg: 87 | total time: 10.03m | eta: 32.0m
step 00918/03814 (24.07%) | loss: 3.275193 | lrm: 1.00 | dt: 675.17ms | tok/sec: 97,066 | bf16_mfu: 0.00 | epoch: 1 pq: 0 rg: 87 | total time: 10.04m | eta: 32.0m
step 00919/03814 (24.10%) | loss: 3.266509 | lrm: 1.00 | dt: 675.10ms | tok/sec: 97,075 | bf16_mfu: 0.00 | epoch: 1 pq: 0 rg: 87 | total time: 10.05m | eta: 32.0m
step 00920/03814 (24.12%) | loss: 3.256088 | lrm: 1.00 | dt: 677.19ms | tok/sec: 96,776 | bf16_mfu: 0.00 | epoch: 1 pq: 0 rg: 88 | total time: 10.06m | eta: 32.0m
step 00921/03814 (24.15%) | loss: 3.259249 | lrm: 1.00 | dt: 680.12ms | tok/sec: 96,359 | bf16_mfu: 0.00 | epoch: 1 pq: 0 rg: 88 | total time: 10.07m | eta: 32.0m
step 00922/03814 (24.17%) | loss: 3.269127 | lrm: 1.00 | dt: 673.52ms | tok/sec: 97,303 | bf16_mfu: 0.00 | epoch: 1 pq: 0 rg: 88 | total time: 10.08m | eta: 32.0m
step 00923/03814 (24.20%) | loss: 3.274082 | lrm: 1.00 | dt: 700.89ms | tok/sec: 93,503 | bf16_mfu: 0.00 | epoch: 1 pq: 0 rg: 88 | total time: 10.09m | eta: 32.0m
step 00924/03814 (24.23%) | loss: 3.259437 | lrm: 1.00 | dt: 676.91ms | tok/sec: 96,817 | bf16_mfu: 0.00 | epoch: 1 pq: 0 rg: 88 | total time: 10.11m | eta: 32.0m
step 00925/03814 (24.25%) | loss: 3.298702 | lrm: 1.00 | dt: 678.60ms | tok/sec: 96,575 | bf16_mfu: 0.00 | epoch: 1 pq: 0 rg: 88 | total time: 10.12m | eta: 31.9m
step 00926/03814 (24.28%) | loss: 3.305858 | lrm: 1.00 | dt: 663.80ms | tok/sec: 98,728 | bf16_mfu: 0.00 | epoch: 1 pq: 0 rg: 88 | total time: 10.13m | eta: 31.9m
step 00927/03814 (24.31%) | loss: 3.300455 | lrm: 1.00 | dt: 667.40ms | tok/sec: 98,195 | bf16_mfu: 0.00 | epoch: 1 pq: 0 rg: 88 | total time: 10.14m | eta: 31.9m
step 00928/03814 (24.33%) | loss: 3.309672 | lrm: 1.00 | dt: 664.62ms | tok/sec: 98,607 | bf16_mfu: 0.00 | epoch: 1 pq: 0 rg: 88 | total time: 10.15m | eta: 31.9m
step 00929/03814 (24.36%) | loss: 3.325927 | lrm: 1.00 | dt: 668.84ms | tok/sec: 97,983 | bf16_mfu: 0.00 | epoch: 1 pq: 0 rg: 88 | total time: 10.16m | eta: 31.9m
step 00930/03814 (24.38%) | loss: 3.309195 | lrm: 1.00 | dt: 704.11ms | tok/sec: 93,076 | bf16_mfu: 0.00 | epoch: 1 pq: 0 rg: 89 | total time: 10.17m | eta: 31.9m
step 00931/03814 (24.41%) | loss: 3.293509 | lrm: 1.00 | dt: 666.13ms | tok/sec: 98,383 | bf16_mfu: 0.00 | epoch: 1 pq: 0 rg: 89 | total time: 10.18m | eta: 31.9m
step 00932/03814 (24.44%) | loss: 3.297615 | lrm: 1.00 | dt: 662.90ms | tok/sec: 98,862 | bf16_mfu: 0.00 | epoch: 1 pq: 0 rg: 89 | total time: 10.20m | eta: 31.9m
step 00933/03814 (24.46%) | loss: 3.282712 | lrm: 1.00 | dt: 704.71ms | tok/sec: 92,997 | bf16_mfu: 0.00 | epoch: 1 pq: 0 rg: 89 | total time: 10.21m | eta: 31.9m
step 00934/03814 (24.49%) | loss: 3.271523 | lrm: 1.00 | dt: 661.07ms | tok/sec: 99,136 | bf16_mfu: 0.00 | epoch: 1 pq: 0 rg: 89 | total time: 10.22m | eta: 31.8m
step 00935/03814 (24.51%) | loss: 3.253778 | lrm: 1.00 | dt: 672.03ms | tok/sec: 97,519 | bf16_mfu: 0.00 | epoch: 1 pq: 0 rg: 89 | total time: 10.23m | eta: 31.8m
step 00936/03814 (24.54%) | loss: 3.278272 | lrm: 1.00 | dt: 655.08ms | tok/sec: 100,042 | bf16_mfu: 0.00 | epoch: 1 pq: 0 rg: 89 | total time: 10.24m | eta: 31.8m
step 00937/03814 (24.57%) | loss: 3.257461 | lrm: 1.00 | dt: 655.76ms | tok/sec: 99,938 | bf16_mfu: 0.00 | epoch: 1 pq: 0 rg: 89 | total time: 10.25m | eta: 31.8m
step 00938/03814 (24.59%) | loss: 3.279440 | lrm: 1.00 | dt: 660.11ms | tok/sec: 99,280 | bf16_mfu: 0.00 | epoch: 1 pq: 0 rg: 89 | total time: 10.26m | eta: 31.8m
step 00939/03814 (24.62%) | loss: 3.266483 | lrm: 1.00 | dt: 663.97ms | tok/sec: 98,702 | bf16_mfu: 0.00 | epoch: 1 pq: 0 rg: 89 | total time: 10.27m | eta: 31.8m
step 00940/03814 (24.65%) | loss: 3.280457 | lrm: 1.00 | dt: 780.17ms | tok/sec: 84,002 | bf16_mfu: 0.00 | epoch: 1 pq: 1 rg: 0 | total time: 10.29m | eta: 31.8m
step 00941/03814 (24.67%) | loss: 3.261581 | lrm: 1.00 | dt: 657.96ms | tok/sec: 99,605 | bf16_mfu: 0.00 | epoch: 1 pq: 1 rg: 0 | total time: 10.30m | eta: 31.8m
step 00942/03814 (24.70%) | loss: 3.265765 | lrm: 1.00 | dt: 657.93ms | tok/sec: 99,609 | bf16_mfu: 0.00 | epoch: 1 pq: 1 rg: 0 | total time: 10.31m | eta: 31.8m
step 00943/03814 (24.72%) | loss: 3.264623 | lrm: 1.00 | dt: 711.07ms | tok/sec: 92,165 | bf16_mfu: 0.00 | epoch: 1 pq: 1 rg: 0 | total time: 10.32m | eta: 31.8m
step 00944/03814 (24.75%) | loss: 3.291831 | lrm: 1.00 | dt: 658.33ms | tok/sec: 99,548 | bf16_mfu: 0.00 | epoch: 1 pq: 1 rg: 0 | total time: 10.33m | eta: 31.7m
step 00945/03814 (24.78%) | loss: 3.278592 | lrm: 1.00 | dt: 653.56ms | tok/sec: 100,275 | bf16_mfu: 0.00 | epoch: 1 pq: 1 rg: 0 | total time: 10.34m | eta: 31.7m
step 00946/03814 (24.80%) | loss: 3.280844 | lrm: 1.00 | dt: 648.83ms | tok/sec: 101,006 | bf16_mfu: 0.00 | epoch: 1 pq: 1 rg: 0 | total time: 10.35m | eta: 31.7m
step 00947/03814 (24.83%) | loss: 3.285721 | lrm: 1.00 | dt: 649.12ms | tok/sec: 100,961 | bf16_mfu: 0.00 | epoch: 1 pq: 1 rg: 0 | total time: 10.36m | eta: 31.7m
step 00948/03814 (24.86%) | loss: 3.276316 | lrm: 1.00 | dt: 648.17ms | tok/sec: 101,109 | bf16_mfu: 0.00 | epoch: 1 pq: 1 rg: 0 | total time: 10.37m | eta: 31.7m
step 00949/03814 (24.88%) | loss: 3.272916 | lrm: 1.00 | dt: 649.00ms | tok/sec: 100,980 | bf16_mfu: 0.00 | epoch: 1 pq: 1 rg: 0 | total time: 10.39m | eta: 31.7m
step 00950/03814 (24.91%) | loss: 3.299590 | lrm: 1.00 | dt: 659.19ms | tok/sec: 99,419 | bf16_mfu: 0.00 | epoch: 1 pq: 1 rg: 0 | total time: 10.40m | eta: 31.7m
step 00951/03814 (24.93%) | loss: 3.290624 | lrm: 1.00 | dt: 780.14ms | tok/sec: 84,005 | bf16_mfu: 0.00 | epoch: 1 pq: 1 rg: 1 | total time: 10.41m | eta: 31.7m
step 00952/03814 (24.96%) | loss: 3.297807 | lrm: 1.00 | dt: 652.76ms | tok/sec: 100,398 | bf16_mfu: 0.00 | epoch: 1 pq: 1 rg: 1 | total time: 10.42m | eta: 31.7m
step 00953/03814 (24.99%) | loss: 3.295881 | lrm: 1.00 | dt: 651.99ms | tok/sec: 100,517 | bf16_mfu: 0.00 | epoch: 1 pq: 1 rg: 1 | total time: 10.43m | eta: 31.6m
step 00954/03814 (25.01%) | loss: 3.295012 | lrm: 1.00 | dt: 653.55ms | tok/sec: 100,277 | bf16_mfu: 0.00 | epoch: 1 pq: 1 rg: 1 | total time: 10.44m | eta: 31.6m
step 00955/03814 (25.04%) | loss: 3.270051 | lrm: 1.00 | dt: 649.93ms | tok/sec: 100,835 | bf16_mfu: 0.00 | epoch: 1 pq: 1 rg: 1 | total time: 10.45m | eta: 31.6m
step 00956/03814 (25.07%) | loss: 3.292142 | lrm: 1.00 | dt: 648.56ms | tok/sec: 101,047 | bf16_mfu: 0.00 | epoch: 1 pq: 1 rg: 1 | total time: 10.46m | eta: 31.6m
step 00957/03814 (25.09%) | loss: 3.307078 | lrm: 1.00 | dt: 703.45ms | tok/sec: 93,164 | bf16_mfu: 0.00 | epoch: 1 pq: 1 rg: 1 | total time: 10.48m | eta: 31.6m
step 00958/03814 (25.12%) | loss: 3.297510 | lrm: 1.00 | dt: 649.94ms | tok/sec: 100,834 | bf16_mfu: 0.00 | epoch: 1 pq: 1 rg: 1 | total time: 10.49m | eta: 31.6m
step 00959/03814 (25.14%) | loss: 3.285509 | lrm: 1.00 | dt: 646.48ms | tok/sec: 101,373 | bf16_mfu: 0.00 | epoch: 1 pq: 1 rg: 1 | total time: 10.50m | eta: 31.6m
step 00960/03814 (25.17%) | loss: 3.301107 | lrm: 1.00 | dt: 648.89ms | tok/sec: 100,997 | bf16_mfu: 0.00 | epoch: 1 pq: 1 rg: 1 | total time: 10.51m | eta: 31.6m
step 00961/03814 (25.20%) | loss: 3.285207 | lrm: 1.00 | dt: 650.27ms | tok/sec: 100,783 | bf16_mfu: 0.00 | epoch: 1 pq: 1 rg: 1 | total time: 10.52m | eta: 31.6m
step 00962/03814 (25.22%) | loss: 3.266334 | lrm: 1.00 | dt: 649.06ms | tok/sec: 100,970 | bf16_mfu: 0.00 | epoch: 1 pq: 1 rg: 1 | total time: 10.53m | eta: 31.5m
step 00963/03814 (25.25%) | loss: 3.254299 | lrm: 1.00 | dt: 648.89ms | tok/sec: 100,996 | bf16_mfu: 0.00 | epoch: 1 pq: 1 rg: 2 | total time: 10.54m | eta: 31.5m
step 00964/03814 (25.28%) | loss: 3.259508 | lrm: 1.00 | dt: 649.58ms | tok/sec: 100,889 | bf16_mfu: 0.00 | epoch: 1 pq: 1 rg: 2 | total time: 10.55m | eta: 31.5m
step 00965/03814 (25.30%) | loss: 3.255639 | lrm: 1.00 | dt: 647.54ms | tok/sec: 101,208 | bf16_mfu: 0.00 | epoch: 1 pq: 1 rg: 2 | total time: 10.56m | eta: 31.5m
step 00966/03814 (25.33%) | loss: 3.252164 | lrm: 1.00 | dt: 649.67ms | tok/sec: 100,875 | bf16_mfu: 0.00 | epoch: 1 pq: 1 rg: 2 | total time: 10.57m | eta: 31.5m
step 00967/03814 (25.35%) | loss: 3.241756 | lrm: 1.00 | dt: 650.73ms | tok/sec: 100,711 | bf16_mfu: 0.00 | epoch: 1 pq: 1 rg: 2 | total time: 10.58m | eta: 31.5m
step 00968/03814 (25.38%) | loss: 3.234717 | lrm: 1.00 | dt: 646.37ms | tok/sec: 101,390 | bf16_mfu: 0.00 | epoch: 1 pq: 1 rg: 2 | total time: 10.59m | eta: 31.5m
step 00969/03814 (25.41%) | loss: 3.246301 | lrm: 1.00 | dt: 648.16ms | tok/sec: 101,111 | bf16_mfu: 0.00 | epoch: 1 pq: 1 rg: 2 | total time: 10.61m | eta: 31.5m
step 00970/03814 (25.43%) | loss: 3.228239 | lrm: 1.00 | dt: 668.46ms | tok/sec: 98,040 | bf16_mfu: 0.00 | epoch: 1 pq: 1 rg: 2 | total time: 10.62m | eta: 31.5m
step 00971/03814 (25.46%) | loss: 3.214815 | lrm: 1.00 | dt: 663.95ms | tok/sec: 98,706 | bf16_mfu: 0.00 | epoch: 1 pq: 1 rg: 2 | total time: 10.63m | eta: 31.4m
step 00972/03814 (25.49%) | loss: 3.208222 | lrm: 1.00 | dt: 650.86ms | tok/sec: 100,691 | bf16_mfu: 0.00 | epoch: 1 pq: 1 rg: 2 | total time: 10.64m | eta: 31.4m
step 00973/03814 (25.51%) | loss: 3.223702 | lrm: 1.00 | dt: 647.84ms | tok/sec: 101,160 | bf16_mfu: 0.00 | epoch: 1 pq: 1 rg: 2 | total time: 10.65m | eta: 31.4m
step 00974/03814 (25.54%) | loss: 3.213140 | lrm: 1.00 | dt: 667.97ms | tok/sec: 98,112 | bf16_mfu: 0.00 | epoch: 1 pq: 1 rg: 3 | total time: 10.66m | eta: 31.4m
step 00975/03814 (25.56%) | loss: 3.199831 | lrm: 1.00 | dt: 647.23ms | tok/sec: 101,256 | bf16_mfu: 0.00 | epoch: 1 pq: 1 rg: 3 | total time: 10.67m | eta: 31.4m
step 00976/03814 (25.59%) | loss: 3.196269 | lrm: 1.00 | dt: 647.09ms | tok/sec: 101,277 | bf16_mfu: 0.00 | epoch: 1 pq: 1 rg: 3 | total time: 10.68m | eta: 31.4m
step 00977/03814 (25.62%) | loss: 3.199803 | lrm: 1.00 | dt: 648.40ms | tok/sec: 101,073 | bf16_mfu: 0.00 | epoch: 1 pq: 1 rg: 3 | total time: 10.69m | eta: 31.4m
step 00978/03814 (25.64%) | loss: 3.215279 | lrm: 1.00 | dt: 647.12ms | tok/sec: 101,273 | bf16_mfu: 0.00 | epoch: 1 pq: 1 rg: 3 | total time: 10.70m | eta: 31.4m
step 00979/03814 (25.67%) | loss: 3.207388 | lrm: 1.00 | dt: 647.25ms | tok/sec: 101,252 | bf16_mfu: 0.00 | epoch: 1 pq: 1 rg: 3 | total time: 10.71m | eta: 31.3m
step 00980/03814 (25.69%) | loss: 3.203083 | lrm: 1.00 | dt: 688.74ms | tok/sec: 95,153 | bf16_mfu: 0.00 | epoch: 1 pq: 1 rg: 3 | total time: 10.73m | eta: 31.3m
step 00981/03814 (25.72%) | loss: 3.205322 | lrm: 1.00 | dt: 647.78ms | tok/sec: 101,170 | bf16_mfu: 0.00 | epoch: 1 pq: 1 rg: 3 | total time: 10.74m | eta: 31.3m
step 00982/03814 (25.75%) | loss: 3.200771 | lrm: 1.00 | dt: 648.28ms | tok/sec: 101,092 | bf16_mfu: 0.00 | epoch: 1 pq: 1 rg: 3 | total time: 10.75m | eta: 31.3m
step 00983/03814 (25.77%) | loss: 3.192927 | lrm: 1.00 | dt: 647.68ms | tok/sec: 101,185 | bf16_mfu: 0.00 | epoch: 1 pq: 1 rg: 3 | total time: 10.76m | eta: 31.3m
step 00984/03814 (25.80%) | loss: 3.191037 | lrm: 1.00 | dt: 646.96ms | tok/sec: 101,298 | bf16_mfu: 0.00 | epoch: 1 pq: 1 rg: 3 | total time: 10.77m | eta: 31.3m
step 00985/03814 (25.83%) | loss: 3.200606 | lrm: 1.00 | dt: 665.79ms | tok/sec: 98,432 | bf16_mfu: 0.00 | epoch: 1 pq: 1 rg: 4 | total time: 10.78m | eta: 31.3m
step 00986/03814 (25.85%) | loss: 3.195729 | lrm: 1.00 | dt: 649.81ms | tok/sec: 100,854 | bf16_mfu: 0.00 | epoch: 1 pq: 1 rg: 4 | total time: 10.79m | eta: 31.3m
step 00987/03814 (25.88%) | loss: 3.206278 | lrm: 1.00 | dt: 660.55ms | tok/sec: 99,214 | bf16_mfu: 0.00 | epoch: 1 pq: 1 rg: 4 | total time: 10.80m | eta: 31.3m
step 00988/03814 (25.90%) | loss: 3.225510 | lrm: 1.00 | dt: 647.29ms | tok/sec: 101,245 | bf16_mfu: 0.00 | epoch: 1 pq: 1 rg: 4 | total time: 10.81m | eta: 31.2m
step 00989/03814 (25.93%) | loss: 3.234659 | lrm: 1.00 | dt: 653.07ms | tok/sec: 100,350 | bf16_mfu: 0.00 | epoch: 1 pq: 1 rg: 4 | total time: 10.82m | eta: 31.2m
step 00990/03814 (25.96%) | loss: 3.233039 | lrm: 1.00 | dt: 652.45ms | tok/sec: 100,445 | bf16_mfu: 0.00 | epoch: 1 pq: 1 rg: 4 | total time: 10.83m | eta: 31.2m
step 00991/03814 (25.98%) | loss: 3.253710 | lrm: 1.00 | dt: 688.74ms | tok/sec: 95,152 | bf16_mfu: 0.00 | epoch: 1 pq: 1 rg: 4 | total time: 10.85m | eta: 31.2m
step 00992/03814 (26.01%) | loss: 3.269732 | lrm: 1.00 | dt: 650.32ms | tok/sec: 100,775 | bf16_mfu: 0.00 | epoch: 1 pq: 1 rg: 4 | total time: 10.86m | eta: 31.2m
step 00993/03814 (26.04%) | loss: 3.251875 | lrm: 1.00 | dt: 653.40ms | tok/sec: 100,299 | bf16_mfu: 0.00 | epoch: 1 pq: 1 rg: 4 | total time: 10.87m | eta: 31.2m
step 00994/03814 (26.06%) | loss: 3.247231 | lrm: 1.00 | dt: 651.58ms | tok/sec: 100,580 | bf16_mfu: 0.00 | epoch: 1 pq: 1 rg: 4 | total time: 10.88m | eta: 31.2m
step 00995/03814 (26.09%) | loss: 3.274490 | lrm: 1.00 | dt: 649.67ms | tok/sec: 100,875 | bf16_mfu: 0.00 | epoch: 1 pq: 1 rg: 4 | total time: 10.89m | eta: 31.2m
step 00996/03814 (26.11%) | loss: 3.279559 | lrm: 1.00 | dt: 654.39ms | tok/sec: 100,148 | bf16_mfu: 0.00 | epoch: 1 pq: 1 rg: 5 | total time: 10.90m | eta: 31.2m
step 00997/03814 (26.14%) | loss: 3.278145 | lrm: 1.00 | dt: 650.20ms | tok/sec: 100,793 | bf16_mfu: 0.00 | epoch: 1 pq: 1 rg: 5 | total time: 10.91m | eta: 31.1m
step 00998/03814 (26.17%) | loss: 3.284158 | lrm: 1.00 | dt: 653.17ms | tok/sec: 100,335 | bf16_mfu: 0.00 | epoch: 1 pq: 1 rg: 5 | total time: 10.92m | eta: 31.1m
step 00999/03814 (26.19%) | loss: 3.282151 | lrm: 1.00 | dt: 653.37ms | tok/sec: 100,304 | bf16_mfu: 0.00 | epoch: 1 pq: 1 rg: 5 | total time: 10.93m | eta: 31.1m
Step 01000 | Validation bpb: 0.907386
step 01000/03814 (26.22%) | loss: 3.261775 | lrm: 1.00 | dt: 655.93ms | tok/sec: 99,913 | bf16_mfu: 0.00 | epoch: 1 pq: 1 rg: 5 | total time: 10.94m | eta: 31.1m
step 01001/03814 (26.25%) | loss: 3.264797 | lrm: 1.00 | dt: 646.70ms | tok/sec: 101,338 | bf16_mfu: 0.00 | epoch: 1 pq: 1 rg: 5 | total time: 10.95m | eta: 31.1m
step 01002/03814 (26.27%) | loss: 3.251001 | lrm: 1.00 | dt: 646.23ms | tok/sec: 101,412 | bf16_mfu: 0.00 | epoch: 1 pq: 1 rg: 5 | total time: 10.97m | eta: 31.1m
step 01003/03814 (26.30%) | loss: 3.256925 | lrm: 1.00 | dt: 683.66ms | tok/sec: 95,860 | bf16_mfu: 0.00 | epoch: 1 pq: 1 rg: 5 | total time: 10.98m | eta: 31.1m
step 01004/03814 (26.32%) | loss: 3.239677 | lrm: 1.00 | dt: 644.95ms | tok/sec: 101,614 | bf16_mfu: 0.00 | epoch: 1 pq: 1 rg: 5 | total time: 10.99m | eta: 31.1m
step 01005/03814 (26.35%) | loss: 3.244553 | lrm: 1.00 | dt: 674.89ms | tok/sec: 97,106 | bf16_mfu: 0.00 | epoch: 1 pq: 1 rg: 5 | total time: 11.00m | eta: 31.1m
step 01006/03814 (26.38%) | loss: 3.249095 | lrm: 1.00 | dt: 667.64ms | tok/sec: 98,161 | bf16_mfu: 0.00 | epoch: 1 pq: 1 rg: 5 | total time: 11.01m | eta: 31.0m
step 01007/03814 (26.40%) | loss: 3.242661 | lrm: 1.00 | dt: 686.44ms | tok/sec: 95,472 | bf16_mfu: 0.00 | epoch: 1 pq: 1 rg: 6 | total time: 11.02m | eta: 31.0m
step 01008/03814 (26.43%) | loss: 3.236086 | lrm: 1.00 | dt: 646.01ms | tok/sec: 101,446 | bf16_mfu: 0.00 | epoch: 1 pq: 1 rg: 6 | total time: 11.03m | eta: 31.0m
step 01009/03814 (26.46%) | loss: 3.223322 | lrm: 1.00 | dt: 647.27ms | tok/sec: 101,249 | bf16_mfu: 0.00 | epoch: 1 pq: 1 rg: 6 | total time: 11.04m | eta: 31.0m
step 01010/03814 (26.48%) | loss: 3.206757 | lrm: 1.00 | dt: 650.01ms | tok/sec: 100,823 | bf16_mfu: 0.00 | epoch: 1 pq: 1 rg: 6 | total time: 11.05m | eta: 31.0m
step 01011/03814 (26.51%) | loss: 3.210400 | lrm: 1.00 | dt: 645.68ms | tok/sec: 101,499 | bf16_mfu: 0.00 | epoch: 1 pq: 1 rg: 6 | total time: 11.06m | eta: 31.0m
step 01012/03814 (26.53%) | loss: 3.207371 | lrm: 1.00 | dt: 695.27ms | tok/sec: 94,259 | bf16_mfu: 0.00 | epoch: 1 pq: 1 rg: 6 | total time: 11.08m | eta: 31.0m
step 01013/03814 (26.56%) | loss: 3.213657 | lrm: 1.00 | dt: 702.39ms | tok/sec: 93,304 | bf16_mfu: 0.00 | epoch: 1 pq: 1 rg: 6 | total time: 11.09m | eta: 31.0m
step 01014/03814 (26.59%) | loss: 3.197000 | lrm: 1.00 | dt: 651.91ms | tok/sec: 100,529 | bf16_mfu: 0.00 | epoch: 1 pq: 1 rg: 6 | total time: 11.10m | eta: 31.0m
step 01015/03814 (26.61%) | loss: 3.185446 | lrm: 1.00 | dt: 649.23ms | tok/sec: 100,944 | bf16_mfu: 0.00 | epoch: 1 pq: 1 rg: 6 | total time: 11.11m | eta: 30.9m
step 01016/03814 (26.64%) | loss: 3.179688 | lrm: 1.00 | dt: 650.88ms | tok/sec: 100,688 | bf16_mfu: 0.00 | epoch: 1 pq: 1 rg: 6 | total time: 11.12m | eta: 30.9m
step 01017/03814 (26.66%) | loss: 3.176393 | lrm: 1.00 | dt: 648.10ms | tok/sec: 101,120 | bf16_mfu: 0.00 | epoch: 1 pq: 1 rg: 6 | total time: 11.13m | eta: 30.9m
step 01018/03814 (26.69%) | loss: 3.172771 | lrm: 1.00 | dt: 645.52ms | tok/sec: 101,524 | bf16_mfu: 0.00 | epoch: 1 pq: 1 rg: 6 | total time: 11.14m | eta: 30.9m
step 01019/03814 (26.72%) | loss: 3.176277 | lrm: 1.00 | dt: 683.92ms | tok/sec: 95,823 | bf16_mfu: 0.00 | epoch: 1 pq: 1 rg: 7 | total time: 11.15m | eta: 30.9m
step 01020/03814 (26.74%) | loss: 3.170888 | lrm: 1.00 | dt: 647.61ms | tok/sec: 101,196 | bf16_mfu: 0.00 | epoch: 1 pq: 1 rg: 7 | total time: 11.16m | eta: 30.9m
step 01021/03814 (26.77%) | loss: 3.175404 | lrm: 1.00 | dt: 655.44ms | tok/sec: 99,987 | bf16_mfu: 0.00 | epoch: 1 pq: 1 rg: 7 | total time: 11.17m | eta: 30.9m
step 01022/03814 (26.80%) | loss: 3.176918 | lrm: 1.00 | dt: 646.32ms | tok/sec: 101,398 | bf16_mfu: 0.00 | epoch: 1 pq: 1 rg: 7 | total time: 11.19m | eta: 30.9m
step 01023/03814 (26.82%) | loss: 3.181012 | lrm: 1.00 | dt: 730.10ms | tok/sec: 89,762 | bf16_mfu: 0.00 | epoch: 1 pq: 1 rg: 7 | total time: 11.20m | eta: 30.9m
step 01024/03814 (26.85%) | loss: 3.196511 | lrm: 1.00 | dt: 646.82ms | tok/sec: 101,319 | bf16_mfu: 0.00 | epoch: 1 pq: 1 rg: 7 | total time: 11.21m | eta: 30.8m
step 01025/03814 (26.87%) | loss: 3.202604 | lrm: 1.00 | dt: 648.13ms | tok/sec: 101,115 | bf16_mfu: 0.00 | epoch: 1 pq: 1 rg: 7 | total time: 11.22m | eta: 30.8m
step 01026/03814 (26.90%) | loss: 3.204364 | lrm: 1.00 | dt: 647.74ms | tok/sec: 101,176 | bf16_mfu: 0.00 | epoch: 1 pq: 1 rg: 7 | total time: 11.23m | eta: 30.8m
step 01027/03814 (26.93%) | loss: 3.217082 | lrm: 1.00 | dt: 647.45ms | tok/sec: 101,222 | bf16_mfu: 0.00 | epoch: 1 pq: 1 rg: 7 | total time: 11.24m | eta: 30.8m
step 01028/03814 (26.95%) | loss: 3.233930 | lrm: 1.00 | dt: 677.09ms | tok/sec: 96,790 | bf16_mfu: 0.00 | epoch: 1 pq: 1 rg: 7 | total time: 11.25m | eta: 30.8m
step 01029/03814 (26.98%) | loss: 3.230874 | lrm: 1.00 | dt: 650.24ms | tok/sec: 100,787 | bf16_mfu: 0.00 | epoch: 1 pq: 1 rg: 7 | total time: 11.26m | eta: 30.8m
step 01030/03814 (27.01%) | loss: 3.223017 | lrm: 1.00 | dt: 724.73ms | tok/sec: 90,428 | bf16_mfu: 0.00 | epoch: 1 pq: 1 rg: 8 | total time: 11.28m | eta: 30.8m
step 01031/03814 (27.03%) | loss: 3.245432 | lrm: 1.00 | dt: 652.22ms | tok/sec: 100,481 | bf16_mfu: 0.00 | epoch: 1 pq: 1 rg: 8 | total time: 11.29m | eta: 30.8m
step 01032/03814 (27.06%) | loss: 3.241763 | lrm: 1.00 | dt: 645.42ms | tok/sec: 101,540 | bf16_mfu: 0.00 | epoch: 1 pq: 1 rg: 8 | total time: 11.30m | eta: 30.8m
step 01033/03814 (27.08%) | loss: 3.229799 | lrm: 1.00 | dt: 646.21ms | tok/sec: 101,415 | bf16_mfu: 0.00 | epoch: 1 pq: 1 rg: 8 | total time: 11.31m | eta: 30.7m
step 01034/03814 (27.11%) | loss: 3.229161 | lrm: 1.00 | dt: 646.33ms | tok/sec: 101,397 | bf16_mfu: 0.00 | epoch: 1 pq: 1 rg: 8 | total time: 11.32m | eta: 30.7m
step 01035/03814 (27.14%) | loss: 3.228294 | lrm: 1.00 | dt: 644.21ms | tok/sec: 101,731 | bf16_mfu: 0.00 | epoch: 1 pq: 1 rg: 8 | total time: 11.33m | eta: 30.7m
step 01036/03814 (27.16%) | loss: 3.219802 | lrm: 1.00 | dt: 648.76ms | tok/sec: 101,017 | bf16_mfu: 0.00 | epoch: 1 pq: 1 rg: 8 | total time: 11.34m | eta: 30.7m
step 01037/03814 (27.19%) | loss: 3.235594 | lrm: 1.00 | dt: 688.86ms | tok/sec: 95,136 | bf16_mfu: 0.00 | epoch: 1 pq: 1 rg: 8 | total time: 11.35m | eta: 30.7m
step 01038/03814 (27.22%) | loss: 3.231735 | lrm: 1.00 | dt: 647.05ms | tok/sec: 101,284 | bf16_mfu: 0.00 | epoch: 1 pq: 1 rg: 8 | total time: 11.36m | eta: 30.7m
step 01039/03814 (27.24%) | loss: 3.222589 | lrm: 1.00 | dt: 839.69ms | tok/sec: 78,048 | bf16_mfu: 0.00 | epoch: 1 pq: 1 rg: 8 | total time: 11.38m | eta: 30.7m
step 01040/03814 (27.27%) | loss: 3.219291 | lrm: 1.00 | dt: 655.56ms | tok/sec: 99,969 | bf16_mfu: 0.00 | epoch: 1 pq: 1 rg: 8 | total time: 11.39m | eta: 30.7m
step 01041/03814 (27.29%) | loss: 3.221015 | lrm: 1.00 | dt: 647.16ms | tok/sec: 101,266 | bf16_mfu: 0.00 | epoch: 1 pq: 1 rg: 9 | total time: 11.40m | eta: 30.7m
step 01042/03814 (27.32%) | loss: 3.209279 | lrm: 1.00 | dt: 647.46ms | tok/sec: 101,219 | bf16_mfu: 0.00 | epoch: 1 pq: 1 rg: 9 | total time: 11.41m | eta: 30.6m
step 01043/03814 (27.35%) | loss: 3.209871 | lrm: 1.00 | dt: 646.62ms | tok/sec: 101,350 | bf16_mfu: 0.00 | epoch: 1 pq: 1 rg: 9 | total time: 11.42m | eta: 30.6m
step 01044/03814 (27.37%) | loss: 3.206407 | lrm: 1.00 | dt: 661.88ms | tok/sec: 99,014 | bf16_mfu: 0.00 | epoch: 1 pq: 1 rg: 9 | total time: 11.43m | eta: 30.6m
step 01045/03814 (27.40%) | loss: 3.193677 | lrm: 1.00 | dt: 644.51ms | tok/sec: 101,683 | bf16_mfu: 0.00 | epoch: 1 pq: 1 rg: 9 | total time: 11.44m | eta: 30.6m
step 01046/03814 (27.43%) | loss: 3.186165 | lrm: 1.00 | dt: 650.24ms | tok/sec: 100,787 | bf16_mfu: 0.00 | epoch: 1 pq: 1 rg: 9 | total time: 11.45m | eta: 30.6m
step 01047/03814 (27.45%) | loss: 3.199075 | lrm: 1.00 | dt: 643.56ms | tok/sec: 101,832 | bf16_mfu: 0.00 | epoch: 1 pq: 1 rg: 9 | total time: 11.46m | eta: 30.6m
step 01048/03814 (27.48%) | loss: 3.224773 | lrm: 1.00 | dt: 740.74ms | tok/sec: 88,474 | bf16_mfu: 0.00 | epoch: 1 pq: 1 rg: 9 | total time: 11.48m | eta: 30.6m
step 01049/03814 (27.50%) | loss: 3.223056 | lrm: 1.00 | dt: 646.57ms | tok/sec: 101,360 | bf16_mfu: 0.00 | epoch: 1 pq: 1 rg: 9 | total time: 11.49m | eta: 30.6m
step 01050/03814 (27.53%) | loss: 3.215025 | lrm: 1.00 | dt: 647.31ms | tok/sec: 101,243 | bf16_mfu: 0.00 | epoch: 1 pq: 1 rg: 9 | total time: 11.50m | eta: 30.6m
step 01051/03814 (27.56%) | loss: 3.211190 | lrm: 1.00 | dt: 649.09ms | tok/sec: 100,966 | bf16_mfu: 0.00 | epoch: 1 pq: 1 rg: 9 | total time: 11.51m | eta: 30.5m
step 01052/03814 (27.58%) | loss: 3.207973 | lrm: 1.00 | dt: 727.70ms | tok/sec: 90,059 | bf16_mfu: 0.00 | epoch: 1 pq: 1 rg: 10 | total time: 11.52m | eta: 30.5m
step 01053/03814 (27.61%) | loss: 3.214239 | lrm: 1.00 | dt: 651.66ms | tok/sec: 100,567 | bf16_mfu: 0.00 | epoch: 1 pq: 1 rg: 10 | total time: 11.53m | eta: 30.5m
step 01054/03814 (27.64%) | loss: 3.216482 | lrm: 1.00 | dt: 649.82ms | tok/sec: 100,853 | bf16_mfu: 0.00 | epoch: 1 pq: 1 rg: 10 | total time: 11.54m | eta: 30.5m
step 01055/03814 (27.66%) | loss: 3.242125 | lrm: 1.00 | dt: 645.76ms | tok/sec: 101,487 | bf16_mfu: 0.00 | epoch: 1 pq: 1 rg: 10 | total time: 11.55m | eta: 30.5m
step 01056/03814 (27.69%) | loss: 3.239574 | lrm: 1.00 | dt: 646.77ms | tok/sec: 101,328 | bf16_mfu: 0.00 | epoch: 1 pq: 1 rg: 10 | total time: 11.56m | eta: 30.5m
step 01057/03814 (27.71%) | loss: 3.235263 | lrm: 1.00 | dt: 646.53ms | tok/sec: 101,365 | bf16_mfu: 0.00 | epoch: 1 pq: 1 rg: 10 | total time: 11.57m | eta: 30.5m
step 01058/03814 (27.74%) | loss: 3.232630 | lrm: 1.00 | dt: 647.32ms | tok/sec: 101,242 | bf16_mfu: 0.00 | epoch: 1 pq: 1 rg: 10 | total time: 11.58m | eta: 30.5m
step 01059/03814 (27.77%) | loss: 3.229080 | lrm: 1.00 | dt: 645.21ms | tok/sec: 101,572 | bf16_mfu: 0.00 | epoch: 1 pq: 1 rg: 10 | total time: 11.60m | eta: 30.5m
step 01060/03814 (27.79%) | loss: 3.228085 | lrm: 1.00 | dt: 645.18ms | tok/sec: 101,577 | bf16_mfu: 0.00 | epoch: 1 pq: 1 rg: 10 | total time: 11.61m | eta: 30.4m
step 01061/03814 (27.82%) | loss: 3.233235 | lrm: 1.00 | dt: 649.36ms | tok/sec: 100,923 | bf16_mfu: 0.00 | epoch: 1 pq: 1 rg: 10 | total time: 11.62m | eta: 30.4m
step 01062/03814 (27.84%) | loss: 3.230358 | lrm: 1.00 | dt: 646.28ms | tok/sec: 101,404 | bf16_mfu: 0.00 | epoch: 1 pq: 1 rg: 10 | total time: 11.63m | eta: 30.4m
step 01063/03814 (27.87%) | loss: 3.245844 | lrm: 1.00 | dt: 656.53ms | tok/sec: 99,822 | bf16_mfu: 0.00 | epoch: 1 pq: 1 rg: 11 | total time: 11.64m | eta: 30.4m
step 01064/03814 (27.90%) | loss: 3.233283 | lrm: 1.00 | dt: 646.87ms | tok/sec: 101,313 | bf16_mfu: 0.00 | epoch: 1 pq: 1 rg: 11 | total time: 11.65m | eta: 30.4m
step 01065/03814 (27.92%) | loss: 3.229678 | lrm: 1.00 | dt: 708.27ms | tok/sec: 92,530 | bf16_mfu: 0.00 | epoch: 1 pq: 1 rg: 11 | total time: 11.66m | eta: 30.4m
step 01066/03814 (27.95%) | loss: 3.227871 | lrm: 1.00 | dt: 646.75ms | tok/sec: 101,330 | bf16_mfu: 0.00 | epoch: 1 pq: 1 rg: 11 | total time: 11.67m | eta: 30.4m
step 01067/03814 (27.98%) | loss: 3.214827 | lrm: 1.00 | dt: 649.64ms | tok/sec: 100,880 | bf16_mfu: 0.00 | epoch: 1 pq: 1 rg: 11 | total time: 11.68m | eta: 30.4m
step 01068/03814 (28.00%) | loss: 3.221820 | lrm: 1.00 | dt: 648.07ms | tok/sec: 101,124 | bf16_mfu: 0.00 | epoch: 1 pq: 1 rg: 11 | total time: 11.69m | eta: 30.4m
step 01069/03814 (28.03%) | loss: 3.207305 | lrm: 1.00 | dt: 682.04ms | tok/sec: 96,088 | bf16_mfu: 0.00 | epoch: 1 pq: 1 rg: 11 | total time: 11.70m | eta: 30.3m
step 01070/03814 (28.05%) | loss: 3.203610 | lrm: 1.00 | dt: 764.63ms | tok/sec: 85,709 | bf16_mfu: 0.00 | epoch: 1 pq: 1 rg: 11 | total time: 11.72m | eta: 30.3m
step 01071/03814 (28.08%) | loss: 3.202165 | lrm: 1.00 | dt: 643.90ms | tok/sec: 101,779 | bf16_mfu: 0.00 | epoch: 1 pq: 1 rg: 11 | total time: 11.73m | eta: 30.3m
step 01072/03814 (28.11%) | loss: 3.212684 | lrm: 1.00 | dt: 646.50ms | tok/sec: 101,369 | bf16_mfu: 0.00 | epoch: 1 pq: 1 rg: 11 | total time: 11.74m | eta: 30.3m
step 01073/03814 (28.13%) | loss: 3.215437 | lrm: 1.00 | dt: 644.82ms | tok/sec: 101,635 | bf16_mfu: 0.00 | epoch: 1 pq: 1 rg: 11 | total time: 11.75m | eta: 30.3m
step 01074/03814 (28.16%) | loss: 3.215764 | lrm: 1.00 | dt: 660.47ms | tok/sec: 99,225 | bf16_mfu: 0.00 | epoch: 1 pq: 1 rg: 12 | total time: 11.76m | eta: 30.3m
step 01075/03814 (28.19%) | loss: 3.210697 | lrm: 1.00 | dt: 645.80ms | tok/sec: 101,480 | bf16_mfu: 0.00 | epoch: 1 pq: 1 rg: 12 | total time: 11.77m | eta: 30.3m
step 01076/03814 (28.21%) | loss: 3.214418 | lrm: 1.00 | dt: 739.02ms | tok/sec: 88,679 | bf16_mfu: 0.00 | epoch: 1 pq: 1 rg: 12 | total time: 11.78m | eta: 30.3m
step 01077/03814 (28.24%) | loss: 3.224079 | lrm: 1.00 | dt: 647.05ms | tok/sec: 101,284 | bf16_mfu: 0.00 | epoch: 1 pq: 1 rg: 12 | total time: 11.79m | eta: 30.3m
step 01078/03814 (28.26%) | loss: 3.218817 | lrm: 1.00 | dt: 647.26ms | tok/sec: 101,250 | bf16_mfu: 0.00 | epoch: 1 pq: 1 rg: 12 | total time: 11.81m | eta: 30.2m
step 01079/03814 (28.29%) | loss: 3.205794 | lrm: 1.00 | dt: 642.67ms | tok/sec: 101,974 | bf16_mfu: 0.00 | epoch: 1 pq: 1 rg: 12 | total time: 11.82m | eta: 30.2m
step 01080/03814 (28.32%) | loss: 3.213141 | lrm: 1.00 | dt: 647.50ms | tok/sec: 101,213 | bf16_mfu: 0.00 | epoch: 1 pq: 1 rg: 12 | total time: 11.83m | eta: 30.2m
step 01081/03814 (28.34%) | loss: 3.226419 | lrm: 1.00 | dt: 648.21ms | tok/sec: 101,102 | bf16_mfu: 0.00 | epoch: 1 pq: 1 rg: 12 | total time: 11.84m | eta: 30.2m
step 01082/03814 (28.37%) | loss: 3.220182 | lrm: 1.00 | dt: 645.48ms | tok/sec: 101,530 | bf16_mfu: 0.00 | epoch: 1 pq: 1 rg: 12 | total time: 11.85m | eta: 30.2m
step 01083/03814 (28.40%) | loss: 3.227670 | lrm: 1.00 | dt: 645.88ms | tok/sec: 101,468 | bf16_mfu: 0.00 | epoch: 1 pq: 1 rg: 12 | total time: 11.86m | eta: 30.2m
step 01084/03814 (28.42%) | loss: 3.211384 | lrm: 1.00 | dt: 667.75ms | tok/sec: 98,144 | bf16_mfu: 0.00 | epoch: 1 pq: 1 rg: 12 | total time: 11.87m | eta: 30.2m
step 01085/03814 (28.45%) | loss: 3.202285 | lrm: 1.00 | dt: 646.59ms | tok/sec: 101,356 | bf16_mfu: 0.00 | epoch: 1 pq: 1 rg: 12 | total time: 11.88m | eta: 30.2m
step 01086/03814 (28.47%) | loss: 3.214939 | lrm: 1.00 | dt: 658.86ms | tok/sec: 99,469 | bf16_mfu: 0.00 | epoch: 1 pq: 1 rg: 13 | total time: 11.89m | eta: 30.2m
step 01087/03814 (28.50%) | loss: 3.222707 | lrm: 1.00 | dt: 651.54ms | tok/sec: 100,585 | bf16_mfu: 0.00 | epoch: 1 pq: 1 rg: 13 | total time: 11.90m | eta: 30.1m
step 01088/03814 (28.53%) | loss: 3.192212 | lrm: 1.00 | dt: 661.52ms | tok/sec: 99,068 | bf16_mfu: 0.00 | epoch: 1 pq: 1 rg: 13 | total time: 11.91m | eta: 30.1m
step 01089/03814 (28.55%) | loss: 3.209846 | lrm: 1.00 | dt: 650.18ms | tok/sec: 100,797 | bf16_mfu: 0.00 | epoch: 1 pq: 1 rg: 13 | total time: 11.92m | eta: 30.1m
step 01090/03814 (28.58%) | loss: 3.214729 | lrm: 1.00 | dt: 701.31ms | tok/sec: 93,448 | bf16_mfu: 0.00 | epoch: 1 pq: 1 rg: 13 | total time: 11.94m | eta: 30.1m
step 01091/03814 (28.61%) | loss: 3.223000 | lrm: 1.00 | dt: 647.43ms | tok/sec: 101,225 | bf16_mfu: 0.00 | epoch: 1 pq: 1 rg: 13 | total time: 11.95m | eta: 30.1m
step 01092/03814 (28.63%) | loss: 3.227783 | lrm: 1.00 | dt: 642.51ms | tok/sec: 102,000 | bf16_mfu: 0.00 | epoch: 1 pq: 1 rg: 13 | total time: 11.96m | eta: 30.1m
step 01093/03814 (28.66%) | loss: 3.223576 | lrm: 1.00 | dt: 645.21ms | tok/sec: 101,573 | bf16_mfu: 0.00 | epoch: 1 pq: 1 rg: 13 | total time: 11.97m | eta: 30.1m
step 01094/03814 (28.68%) | loss: 3.202863 | lrm: 1.00 | dt: 647.05ms | tok/sec: 101,284 | bf16_mfu: 0.00 | epoch: 1 pq: 1 rg: 13 | total time: 11.98m | eta: 30.1m
step 01095/03814 (28.71%) | loss: 3.211604 | lrm: 1.00 | dt: 648.18ms | tok/sec: 101,107 | bf16_mfu: 0.00 | epoch: 1 pq: 1 rg: 13 | total time: 11.99m | eta: 30.0m
step 01096/03814 (28.74%) | loss: 3.208690 | lrm: 1.00 | dt: 648.78ms | tok/sec: 101,013 | bf16_mfu: 0.00 | epoch: 1 pq: 1 rg: 13 | total time: 12.00m | eta: 30.0m
step 01097/03814 (28.76%) | loss: 3.195265 | lrm: 1.00 | dt: 648.65ms | tok/sec: 101,033 | bf16_mfu: 0.00 | epoch: 1 pq: 1 rg: 14 | total time: 12.01m | eta: 30.0m
step 01098/03814 (28.79%) | loss: 3.196269 | lrm: 1.00 | dt: 652.30ms | tok/sec: 100,468 | bf16_mfu: 0.00 | epoch: 1 pq: 1 rg: 14 | total time: 12.02m | eta: 30.0m
step 01099/03814 (28.81%) | loss: 3.189253 | lrm: 1.00 | dt: 648.54ms | tok/sec: 101,051 | bf16_mfu: 0.00 | epoch: 1 pq: 1 rg: 14 | total time: 12.03m | eta: 30.0m
step 01100/03814 (28.84%) | loss: 3.192293 | lrm: 1.00 | dt: 668.10ms | tok/sec: 98,093 | bf16_mfu: 0.00 | epoch: 1 pq: 1 rg: 14 | total time: 12.04m | eta: 30.0m
step 01101/03814 (28.87%) | loss: 3.167276 | lrm: 1.00 | dt: 645.99ms | tok/sec: 101,450 | bf16_mfu: 0.00 | epoch: 1 pq: 1 rg: 14 | total time: 12.06m | eta: 30.0m
step 01102/03814 (28.89%) | loss: 3.138877 | lrm: 1.00 | dt: 650.02ms | tok/sec: 100,821 | bf16_mfu: 0.00 | epoch: 1 pq: 1 rg: 14 | total time: 12.07m | eta: 30.0m
step 01103/03814 (28.92%) | loss: 3.137337 | lrm: 1.00 | dt: 645.75ms | tok/sec: 101,488 | bf16_mfu: 0.00 | epoch: 1 pq: 1 rg: 14 | total time: 12.08m | eta: 30.0m
step 01104/03814 (28.95%) | loss: 3.156733 | lrm: 1.00 | dt: 647.09ms | tok/sec: 101,278 | bf16_mfu: 0.00 | epoch: 1 pq: 1 rg: 14 | total time: 12.09m | eta: 29.9m
step 01105/03814 (28.97%) | loss: 3.157408 | lrm: 1.00 | dt: 641.84ms | tok/sec: 102,105 | bf16_mfu: 0.00 | epoch: 1 pq: 1 rg: 14 | total time: 12.10m | eta: 29.9m
step 01106/03814 (29.00%) | loss: 3.152830 | lrm: 1.00 | dt: 643.47ms | tok/sec: 101,848 | bf16_mfu: 0.00 | epoch: 1 pq: 1 rg: 14 | total time: 12.11m | eta: 29.9m
step 01107/03814 (29.02%) | loss: 3.158210 | lrm: 1.00 | dt: 648.05ms | tok/sec: 101,128 | bf16_mfu: 0.00 | epoch: 1 pq: 1 rg: 14 | total time: 12.12m | eta: 29.9m
step 01108/03814 (29.05%) | loss: 3.174684 | lrm: 1.00 | dt: 821.30ms | tok/sec: 79,795 | bf16_mfu: 0.00 | epoch: 1 pq: 1 rg: 15 | total time: 12.13m | eta: 29.9m
step 01109/03814 (29.08%) | loss: 3.168780 | lrm: 1.00 | dt: 647.82ms | tok/sec: 101,164 | bf16_mfu: 0.00 | epoch: 1 pq: 1 rg: 15 | total time: 12.14m | eta: 29.9m
step 01110/03814 (29.10%) | loss: 3.160659 | lrm: 1.00 | dt: 643.58ms | tok/sec: 101,830 | bf16_mfu: 0.00 | epoch: 1 pq: 1 rg: 15 | total time: 12.16m | eta: 29.9m
step 01111/03814 (29.13%) | loss: 3.153773 | lrm: 1.00 | dt: 678.07ms | tok/sec: 96,651 | bf16_mfu: 0.00 | epoch: 1 pq: 1 rg: 15 | total time: 12.17m | eta: 29.9m
step 01112/03814 (29.16%) | loss: 3.141877 | lrm: 1.00 | dt: 681.61ms | tok/sec: 96,149 | bf16_mfu: 0.00 | epoch: 1 pq: 1 rg: 15 | total time: 12.18m | eta: 29.9m
step 01113/03814 (29.18%) | loss: 3.142805 | lrm: 1.00 | dt: 644.07ms | tok/sec: 101,752 | bf16_mfu: 0.00 | epoch: 1 pq: 1 rg: 15 | total time: 12.19m | eta: 29.8m
step 01114/03814 (29.21%) | loss: 3.126895 | lrm: 1.00 | dt: 648.79ms | tok/sec: 101,012 | bf16_mfu: 0.00 | epoch: 1 pq: 1 rg: 15 | total time: 12.20m | eta: 29.8m
step 01115/03814 (29.23%) | loss: 3.122545 | lrm: 1.00 | dt: 646.22ms | tok/sec: 101,415 | bf16_mfu: 0.00 | epoch: 1 pq: 1 rg: 15 | total time: 12.21m | eta: 29.8m
step 01116/03814 (29.26%) | loss: 3.121204 | lrm: 1.00 | dt: 650.80ms | tok/sec: 100,700 | bf16_mfu: 0.00 | epoch: 1 pq: 1 rg: 15 | total time: 12.22m | eta: 29.8m
step 01117/03814 (29.29%) | loss: 3.136406 | lrm: 1.00 | dt: 648.52ms | tok/sec: 101,054 | bf16_mfu: 0.00 | epoch: 1 pq: 1 rg: 15 | total time: 12.23m | eta: 29.8m
step 01118/03814 (29.31%) | loss: 3.124994 | lrm: 1.00 | dt: 646.62ms | tok/sec: 101,351 | bf16_mfu: 0.00 | epoch: 1 pq: 1 rg: 15 | total time: 12.24m | eta: 29.8m
step 01119/03814 (29.34%) | loss: 3.119559 | lrm: 1.00 | dt: 757.06ms | tok/sec: 86,566 | bf16_mfu: 0.00 | epoch: 1 pq: 1 rg: 16 | total time: 12.26m | eta: 29.8m
step 01120/03814 (29.37%) | loss: 3.144442 | lrm: 1.00 | dt: 645.66ms | tok/sec: 101,502 | bf16_mfu: 0.00 | epoch: 1 pq: 1 rg: 16 | total time: 12.27m | eta: 29.8m
step 01121/03814 (29.39%) | loss: 3.146869 | lrm: 1.00 | dt: 715.92ms | tok/sec: 91,540 | bf16_mfu: 0.00 | epoch: 1 pq: 1 rg: 16 | total time: 12.28m | eta: 29.8m
step 01122/03814 (29.42%) | loss: 3.152029 | lrm: 1.00 | dt: 651.68ms | tok/sec: 100,564 | bf16_mfu: 0.00 | epoch: 1 pq: 1 rg: 16 | total time: 12.29m | eta: 29.8m
step 01123/03814 (29.44%) | loss: 3.141618 | lrm: 1.00 | dt: 710.30ms | tok/sec: 92,265 | bf16_mfu: 0.00 | epoch: 1 pq: 1 rg: 16 | total time: 12.30m | eta: 29.7m
step 01124/03814 (29.47%) | loss: 3.145727 | lrm: 1.00 | dt: 651.69ms | tok/sec: 100,562 | bf16_mfu: 0.00 | epoch: 1 pq: 1 rg: 16 | total time: 12.31m | eta: 29.7m
step 01125/03814 (29.50%) | loss: 3.180430 | lrm: 1.00 | dt: 701.90ms | tok/sec: 93,369 | bf16_mfu: 0.00 | epoch: 1 pq: 1 rg: 16 | total time: 12.32m | eta: 29.7m
step 01126/03814 (29.52%) | loss: 3.182950 | lrm: 1.00 | dt: 686.70ms | tok/sec: 95,436 | bf16_mfu: 0.00 | epoch: 1 pq: 1 rg: 16 | total time: 12.33m | eta: 29.7m
step 01127/03814 (29.55%) | loss: 3.193588 | lrm: 1.00 | dt: 644.54ms | tok/sec: 101,679 | bf16_mfu: 0.00 | epoch: 1 pq: 1 rg: 16 | total time: 12.35m | eta: 29.7m
step 01128/03814 (29.58%) | loss: 3.194761 | lrm: 1.00 | dt: 646.63ms | tok/sec: 101,350 | bf16_mfu: 0.00 | epoch: 1 pq: 1 rg: 16 | total time: 12.36m | eta: 29.7m
step 01129/03814 (29.60%) | loss: 3.185552 | lrm: 1.00 | dt: 674.77ms | tok/sec: 97,122 | bf16_mfu: 0.00 | epoch: 1 pq: 1 rg: 16 | total time: 12.37m | eta: 29.7m
step 01130/03814 (29.63%) | loss: 3.178611 | lrm: 1.00 | dt: 647.09ms | tok/sec: 101,278 | bf16_mfu: 0.00 | epoch: 1 pq: 1 rg: 16 | total time: 12.38m | eta: 29.7m
step 01131/03814 (29.65%) | loss: 3.206719 | lrm: 1.00 | dt: 778.17ms | tok/sec: 84,217 | bf16_mfu: 0.00 | epoch: 1 pq: 1 rg: 17 | total time: 12.39m | eta: 29.7m
step 01132/03814 (29.68%) | loss: 3.190820 | lrm: 1.00 | dt: 731.36ms | tok/sec: 89,608 | bf16_mfu: 0.00 | epoch: 1 pq: 1 rg: 17 | total time: 12.40m | eta: 29.6m
step 01133/03814 (29.71%) | loss: 3.184547 | lrm: 1.00 | dt: 644.26ms | tok/sec: 101,722 | bf16_mfu: 0.00 | epoch: 1 pq: 1 rg: 17 | total time: 12.41m | eta: 29.6m
step 01134/03814 (29.73%) | loss: 3.185928 | lrm: 1.00 | dt: 810.25ms | tok/sec: 80,883 | bf16_mfu: 0.00 | epoch: 1 pq: 1 rg: 17 | total time: 12.43m | eta: 29.6m
step 01135/03814 (29.76%) | loss: 3.200582 | lrm: 1.00 | dt: 652.94ms | tok/sec: 100,371 | bf16_mfu: 0.00 | epoch: 1 pq: 1 rg: 17 | total time: 12.44m | eta: 29.6m
step 01136/03814 (29.79%) | loss: 3.179434 | lrm: 1.00 | dt: 642.79ms | tok/sec: 101,955 | bf16_mfu: 0.00 | epoch: 1 pq: 1 rg: 17 | total time: 12.45m | eta: 29.6m
step 01137/03814 (29.81%) | loss: 3.176217 | lrm: 1.00 | dt: 648.19ms | tok/sec: 101,105 | bf16_mfu: 0.00 | epoch: 1 pq: 1 rg: 17 | total time: 12.46m | eta: 29.6m
step 01138/03814 (29.84%) | loss: 3.182392 | lrm: 1.00 | dt: 645.58ms | tok/sec: 101,515 | bf16_mfu: 0.00 | epoch: 1 pq: 1 rg: 17 | total time: 12.47m | eta: 29.6m
step 01139/03814 (29.86%) | loss: 3.171413 | lrm: 1.00 | dt: 647.34ms | tok/sec: 101,238 | bf16_mfu: 0.00 | epoch: 1 pq: 1 rg: 17 | total time: 12.48m | eta: 29.6m
step 01140/03814 (29.89%) | loss: 3.168196 | lrm: 1.00 | dt: 647.58ms | tok/sec: 101,201 | bf16_mfu: 0.00 | epoch: 1 pq: 1 rg: 17 | total time: 12.49m | eta: 29.6m
step 01141/03814 (29.92%) | loss: 3.171282 | lrm: 1.00 | dt: 652.65ms | tok/sec: 100,414 | bf16_mfu: 0.00 | epoch: 1 pq: 1 rg: 17 | total time: 12.50m | eta: 29.6m
step 01142/03814 (29.94%) | loss: 3.154679 | lrm: 1.00 | dt: 836.78ms | tok/sec: 78,319 | bf16_mfu: 0.00 | epoch: 1 pq: 1 rg: 18 | total time: 12.52m | eta: 29.5m
step 01143/03814 (29.97%) | loss: 3.153971 | lrm: 1.00 | dt: 674.96ms | tok/sec: 97,095 | bf16_mfu: 0.00 | epoch: 1 pq: 1 rg: 18 | total time: 12.53m | eta: 29.5m
step 01144/03814 (29.99%) | loss: 3.141039 | lrm: 1.00 | dt: 652.66ms | tok/sec: 100,414 | bf16_mfu: 0.00 | epoch: 1 pq: 1 rg: 18 | total time: 12.54m | eta: 29.5m
step 01145/03814 (30.02%) | loss: 3.150553 | lrm: 1.00 | dt: 654.72ms | tok/sec: 100,098 | bf16_mfu: 0.00 | epoch: 1 pq: 1 rg: 18 | total time: 12.55m | eta: 29.5m
step 01146/03814 (30.05%) | loss: 3.158845 | lrm: 1.00 | dt: 649.49ms | tok/sec: 100,903 | bf16_mfu: 0.00 | epoch: 1 pq: 1 rg: 18 | total time: 12.56m | eta: 29.5m
step 01147/03814 (30.07%) | loss: 3.146487 | lrm: 1.00 | dt: 647.16ms | tok/sec: 101,266 | bf16_mfu: 0.00 | epoch: 1 pq: 1 rg: 18 | total time: 12.57m | eta: 29.5m
step 01148/03814 (30.10%) | loss: 3.163760 | lrm: 1.00 | dt: 649.41ms | tok/sec: 100,915 | bf16_mfu: 0.00 | epoch: 1 pq: 1 rg: 18 | total time: 12.58m | eta: 29.5m
step 01149/03814 (30.13%) | loss: 3.161531 | lrm: 1.00 | dt: 646.63ms | tok/sec: 101,349 | bf16_mfu: 0.00 | epoch: 1 pq: 1 rg: 18 | total time: 12.59m | eta: 29.5m
step 01150/03814 (30.15%) | loss: 3.165028 | lrm: 1.00 | dt: 645.95ms | tok/sec: 101,457 | bf16_mfu: 0.00 | epoch: 1 pq: 1 rg: 18 | total time: 12.60m | eta: 29.5m
step 01151/03814 (30.18%) | loss: 3.171193 | lrm: 1.00 | dt: 646.07ms | tok/sec: 101,437 | bf16_mfu: 0.00 | epoch: 1 pq: 1 rg: 18 | total time: 12.62m | eta: 29.4m
step 01152/03814 (30.20%) | loss: 3.159776 | lrm: 1.00 | dt: 645.82ms | tok/sec: 101,477 | bf16_mfu: 0.00 | epoch: 1 pq: 1 rg: 18 | total time: 12.63m | eta: 29.4m
step 01153/03814 (30.23%) | loss: 3.146193 | lrm: 1.00 | dt: 729.92ms | tok/sec: 89,784 | bf16_mfu: 0.00 | epoch: 1 pq: 1 rg: 19 | total time: 12.64m | eta: 29.4m
step 01154/03814 (30.26%) | loss: 3.139030 | lrm: 1.00 | dt: 642.57ms | tok/sec: 101,990 | bf16_mfu: 0.00 | epoch: 1 pq: 1 rg: 19 | total time: 12.65m | eta: 29.4m
step 01155/03814 (30.28%) | loss: 3.145346 | lrm: 1.00 | dt: 648.33ms | tok/sec: 101,084 | bf16_mfu: 0.00 | epoch: 1 pq: 1 rg: 19 | total time: 12.66m | eta: 29.4m
step 01156/03814 (30.31%) | loss: 3.138981 | lrm: 1.00 | dt: 649.75ms | tok/sec: 100,863 | bf16_mfu: 0.00 | epoch: 1 pq: 1 rg: 19 | total time: 12.67m | eta: 29.4m
step 01157/03814 (30.34%) | loss: 3.129235 | lrm: 1.00 | dt: 644.00ms | tok/sec: 101,764 | bf16_mfu: 0.00 | epoch: 1 pq: 1 rg: 19 | total time: 12.68m | eta: 29.4m
step 01158/03814 (30.36%) | loss: 3.134215 | lrm: 1.00 | dt: 649.02ms | tok/sec: 100,976 | bf16_mfu: 0.00 | epoch: 1 pq: 1 rg: 19 | total time: 12.69m | eta: 29.4m
step 01159/03814 (30.39%) | loss: 3.131377 | lrm: 1.00 | dt: 657.92ms | tok/sec: 99,610 | bf16_mfu: 0.00 | epoch: 1 pq: 1 rg: 19 | total time: 12.70m | eta: 29.4m
step 01160/03814 (30.41%) | loss: 3.129708 | lrm: 1.00 | dt: 646.00ms | tok/sec: 101,449 | bf16_mfu: 0.00 | epoch: 1 pq: 1 rg: 19 | total time: 12.71m | eta: 29.3m
step 01161/03814 (30.44%) | loss: 3.131785 | lrm: 1.00 | dt: 646.29ms | tok/sec: 101,403 | bf16_mfu: 0.00 | epoch: 1 pq: 1 rg: 19 | total time: 12.72m | eta: 29.3m
step 01162/03814 (30.47%) | loss: 3.144906 | lrm: 1.00 | dt: 654.59ms | tok/sec: 100,117 | bf16_mfu: 0.00 | epoch: 1 pq: 1 rg: 19 | total time: 12.74m | eta: 29.3m
step 01163/03814 (30.49%) | loss: 3.144925 | lrm: 1.00 | dt: 646.42ms | tok/sec: 101,382 | bf16_mfu: 0.00 | epoch: 1 pq: 1 rg: 19 | total time: 12.75m | eta: 29.3m
step 01164/03814 (30.52%) | loss: 3.136131 | lrm: 1.00 | dt: 648.06ms | tok/sec: 101,126 | bf16_mfu: 0.00 | epoch: 1 pq: 1 rg: 19 | total time: 12.76m | eta: 29.3m
step 01165/03814 (30.55%) | loss: 3.135486 | lrm: 1.00 | dt: 675.00ms | tok/sec: 97,090 | bf16_mfu: 0.00 | epoch: 1 pq: 1 rg: 20 | total time: 12.77m | eta: 29.3m
step 01166/03814 (30.57%) | loss: 3.147174 | lrm: 1.00 | dt: 648.65ms | tok/sec: 101,034 | bf16_mfu: 0.00 | epoch: 1 pq: 1 rg: 20 | total time: 12.78m | eta: 29.3m
step 01167/03814 (30.60%) | loss: 3.137528 | lrm: 1.00 | dt: 648.22ms | tok/sec: 101,101 | bf16_mfu: 0.00 | epoch: 1 pq: 1 rg: 20 | total time: 12.79m | eta: 29.3m
step 01168/03814 (30.62%) | loss: 3.145850 | lrm: 1.00 | dt: 648.40ms | tok/sec: 101,074 | bf16_mfu: 0.00 | epoch: 1 pq: 1 rg: 20 | total time: 12.80m | eta: 29.2m
step 01169/03814 (30.65%) | loss: 3.160101 | lrm: 1.00 | dt: 683.72ms | tok/sec: 95,852 | bf16_mfu: 0.00 | epoch: 1 pq: 1 rg: 20 | total time: 12.81m | eta: 29.2m
step 01170/03814 (30.68%) | loss: 3.159668 | lrm: 1.00 | dt: 731.15ms | tok/sec: 89,633 | bf16_mfu: 0.00 | epoch: 1 pq: 1 rg: 20 | total time: 12.82m | eta: 29.2m
step 01171/03814 (30.70%) | loss: 3.156617 | lrm: 1.00 | dt: 697.65ms | tok/sec: 93,938 | bf16_mfu: 0.00 | epoch: 1 pq: 1 rg: 20 | total time: 12.84m | eta: 29.2m
step 01172/03814 (30.73%) | loss: 3.147441 | lrm: 1.00 | dt: 646.51ms | tok/sec: 101,368 | bf16_mfu: 0.00 | epoch: 1 pq: 1 rg: 20 | total time: 12.85m | eta: 29.2m
step 01173/03814 (30.76%) | loss: 3.164047 | lrm: 1.00 | dt: 679.30ms | tok/sec: 96,475 | bf16_mfu: 0.00 | epoch: 1 pq: 1 rg: 20 | total time: 12.86m | eta: 29.2m
step 01174/03814 (30.78%) | loss: 3.143923 | lrm: 1.00 | dt: 723.61ms | tok/sec: 90,568 | bf16_mfu: 0.00 | epoch: 1 pq: 1 rg: 20 | total time: 12.87m | eta: 29.2m
step 01175/03814 (30.81%) | loss: 3.149714 | lrm: 1.00 | dt: 650.12ms | tok/sec: 100,805 | bf16_mfu: 0.00 | epoch: 1 pq: 1 rg: 20 | total time: 12.88m | eta: 29.2m
step 01176/03814 (30.83%) | loss: 3.165484 | lrm: 1.00 | dt: 715.45ms | tok/sec: 91,600 | bf16_mfu: 0.00 | epoch: 1 pq: 1 rg: 21 | total time: 12.89m | eta: 29.2m
step 01177/03814 (30.86%) | loss: 3.175488 | lrm: 1.00 | dt: 649.81ms | tok/sec: 100,853 | bf16_mfu: 0.00 | epoch: 1 pq: 1 rg: 21 | total time: 12.90m | eta: 29.2m
step 01178/03814 (30.89%) | loss: 3.169648 | lrm: 1.00 | dt: 651.07ms | tok/sec: 100,658 | bf16_mfu: 0.00 | epoch: 1 pq: 1 rg: 21 | total time: 12.91m | eta: 29.1m
step 01179/03814 (30.91%) | loss: 3.160965 | lrm: 1.00 | dt: 647.52ms | tok/sec: 101,210 | bf16_mfu: 0.00 | epoch: 1 pq: 1 rg: 21 | total time: 12.93m | eta: 29.1m
step 01180/03814 (30.94%) | loss: 3.175576 | lrm: 1.00 | dt: 647.20ms | tok/sec: 101,260 | bf16_mfu: 0.00 | epoch: 1 pq: 1 rg: 21 | total time: 12.94m | eta: 29.1m
step 01181/03814 (30.96%) | loss: 3.171473 | lrm: 1.00 | dt: 694.90ms | tok/sec: 94,310 | bf16_mfu: 0.00 | epoch: 1 pq: 1 rg: 21 | total time: 12.95m | eta: 29.1m
step 01182/03814 (30.99%) | loss: 3.144646 | lrm: 1.00 | dt: 651.78ms | tok/sec: 100,548 | bf16_mfu: 0.00 | epoch: 1 pq: 1 rg: 21 | total time: 12.96m | eta: 29.1m
step 01183/03814 (31.02%) | loss: 3.139685 | lrm: 1.00 | dt: 761.10ms | tok/sec: 86,106 | bf16_mfu: 0.00 | epoch: 1 pq: 1 rg: 21 | total time: 12.97m | eta: 29.1m
step 01184/03814 (31.04%) | loss: 3.145082 | lrm: 1.00 | dt: 717.37ms | tok/sec: 91,356 | bf16_mfu: 0.00 | epoch: 1 pq: 1 rg: 21 | total time: 12.98m | eta: 29.1m
step 01185/03814 (31.07%) | loss: 3.149801 | lrm: 1.00 | dt: 652.55ms | tok/sec: 100,430 | bf16_mfu: 0.00 | epoch: 1 pq: 1 rg: 21 | total time: 12.99m | eta: 29.1m
step 01186/03814 (31.10%) | loss: 3.156547 | lrm: 1.00 | dt: 648.05ms | tok/sec: 101,127 | bf16_mfu: 0.00 | epoch: 1 pq: 1 rg: 21 | total time: 13.00m | eta: 29.1m
step 01187/03814 (31.12%) | loss: 3.153152 | lrm: 1.00 | dt: 755.80ms | tok/sec: 86,711 | bf16_mfu: 0.00 | epoch: 1 pq: 1 rg: 22 | total time: 13.02m | eta: 29.1m
step 01188/03814 (31.15%) | loss: 3.156428 | lrm: 1.00 | dt: 649.10ms | tok/sec: 100,964 | bf16_mfu: 0.00 | epoch: 1 pq: 1 rg: 22 | total time: 13.03m | eta: 29.0m
step 01189/03814 (31.17%) | loss: 3.150950 | lrm: 1.00 | dt: 648.40ms | tok/sec: 101,073 | bf16_mfu: 0.00 | epoch: 1 pq: 1 rg: 22 | total time: 13.04m | eta: 29.0m
step 01190/03814 (31.20%) | loss: 3.145875 | lrm: 1.00 | dt: 644.62ms | tok/sec: 101,666 | bf16_mfu: 0.00 | epoch: 1 pq: 1 rg: 22 | total time: 13.05m | eta: 29.0m
step 01191/03814 (31.23%) | loss: 3.144350 | lrm: 1.00 | dt: 647.87ms | tok/sec: 101,155 | bf16_mfu: 0.00 | epoch: 1 pq: 1 rg: 22 | total time: 13.06m | eta: 29.0m
step 01192/03814 (31.25%) | loss: 3.146531 | lrm: 1.00 | dt: 873.24ms | tok/sec: 75,048 | bf16_mfu: 0.00 | epoch: 1 pq: 1 rg: 22 | total time: 13.08m | eta: 29.0m
step 01193/03814 (31.28%) | loss: 3.146135 | lrm: 1.00 | dt: 650.13ms | tok/sec: 100,804 | bf16_mfu: 0.00 | epoch: 1 pq: 1 rg: 22 | total time: 13.09m | eta: 29.0m
step 01194/03814 (31.31%) | loss: 3.152133 | lrm: 1.00 | dt: 664.42ms | tok/sec: 98,635 | bf16_mfu: 0.00 | epoch: 1 pq: 1 rg: 22 | total time: 13.10m | eta: 29.0m
step 01195/03814 (31.33%) | loss: 3.130953 | lrm: 1.00 | dt: 650.35ms | tok/sec: 100,770 | bf16_mfu: 0.00 | epoch: 1 pq: 1 rg: 22 | total time: 13.11m | eta: 29.0m
step 01196/03814 (31.36%) | loss: 3.132380 | lrm: 1.00 | dt: 648.48ms | tok/sec: 101,060 | bf16_mfu: 0.00 | epoch: 1 pq: 1 rg: 22 | total time: 13.12m | eta: 29.0m
step 01197/03814 (31.38%) | loss: 3.154024 | lrm: 1.00 | dt: 647.35ms | tok/sec: 101,237 | bf16_mfu: 0.00 | epoch: 1 pq: 1 rg: 22 | total time: 13.13m | eta: 28.9m
step 01198/03814 (31.41%) | loss: 3.158952 | lrm: 1.00 | dt: 711.12ms | tok/sec: 92,158 | bf16_mfu: 0.00 | epoch: 1 pq: 1 rg: 23 | total time: 13.14m | eta: 28.9m
step 01199/03814 (31.44%) | loss: 3.159793 | lrm: 1.00 | dt: 646.64ms | tok/sec: 101,348 | bf16_mfu: 0.00 | epoch: 1 pq: 1 rg: 23 | total time: 13.15m | eta: 28.9m
step 01200/03814 (31.46%) | loss: 3.154754 | lrm: 1.00 | dt: 651.53ms | tok/sec: 100,587 | bf16_mfu: 0.00 | epoch: 1 pq: 1 rg: 23 | total time: 13.16m | eta: 28.9m
step 01201/03814 (31.49%) | loss: 3.150565 | lrm: 1.00 | dt: 651.07ms | tok/sec: 100,658 | bf16_mfu: 0.00 | epoch: 1 pq: 1 rg: 23 | total time: 13.17m | eta: 28.9m
step 01202/03814 (31.52%) | loss: 3.124149 | lrm: 1.00 | dt: 803.08ms | tok/sec: 81,606 | bf16_mfu: 0.00 | epoch: 1 pq: 1 rg: 23 | total time: 13.19m | eta: 28.9m
step 01203/03814 (31.54%) | loss: 3.114788 | lrm: 1.00 | dt: 649.96ms | tok/sec: 100,830 | bf16_mfu: 0.00 | epoch: 1 pq: 1 rg: 23 | total time: 13.20m | eta: 28.9m
step 01204/03814 (31.57%) | loss: 3.134423 | lrm: 1.00 | dt: 692.08ms | tok/sec: 94,694 | bf16_mfu: 0.00 | epoch: 1 pq: 1 rg: 23 | total time: 13.21m | eta: 28.9m
step 01205/03814 (31.59%) | loss: 3.110333 | lrm: 1.00 | dt: 707.27ms | tok/sec: 92,660 | bf16_mfu: 0.00 | epoch: 1 pq: 1 rg: 23 | total time: 13.22m | eta: 28.9m
step 01206/03814 (31.62%) | loss: 3.116945 | lrm: 1.00 | dt: 654.07ms | tok/sec: 100,196 | bf16_mfu: 0.00 | epoch: 1 pq: 1 rg: 23 | total time: 13.23m | eta: 28.9m
step 01207/03814 (31.65%) | loss: 3.128085 | lrm: 1.00 | dt: 649.78ms | tok/sec: 100,858 | bf16_mfu: 0.00 | epoch: 1 pq: 1 rg: 23 | total time: 13.24m | eta: 28.8m
step 01208/03814 (31.67%) | loss: 3.130516 | lrm: 1.00 | dt: 708.32ms | tok/sec: 92,523 | bf16_mfu: 0.00 | epoch: 1 pq: 1 rg: 23 | total time: 13.25m | eta: 28.8m
step 01209/03814 (31.70%) | loss: 3.119344 | lrm: 1.00 | dt: 674.62ms | tok/sec: 97,145 | bf16_mfu: 0.00 | epoch: 1 pq: 1 rg: 24 | total time: 13.27m | eta: 28.8m
step 01210/03814 (31.73%) | loss: 3.123345 | lrm: 1.00 | dt: 653.79ms | tok/sec: 100,240 | bf16_mfu: 0.00 | epoch: 1 pq: 1 rg: 24 | total time: 13.28m | eta: 28.8m
step 01211/03814 (31.75%) | loss: 3.123894 | lrm: 1.00 | dt: 648.81ms | tok/sec: 101,009 | bf16_mfu: 0.00 | epoch: 1 pq: 1 rg: 24 | total time: 13.29m | eta: 28.8m
step 01212/03814 (31.78%) | loss: 3.104378 | lrm: 1.00 | dt: 647.31ms | tok/sec: 101,243 | bf16_mfu: 0.00 | epoch: 1 pq: 1 rg: 24 | total time: 13.30m | eta: 28.8m
step 01213/03814 (31.80%) | loss: 3.110239 | lrm: 1.00 | dt: 650.23ms | tok/sec: 100,788 | bf16_mfu: 0.00 | epoch: 1 pq: 1 rg: 24 | total time: 13.31m | eta: 28.8m
step 01214/03814 (31.83%) | loss: 3.131252 | lrm: 1.00 | dt: 648.66ms | tok/sec: 101,032 | bf16_mfu: 0.00 | epoch: 1 pq: 1 rg: 24 | total time: 13.32m | eta: 28.8m
step 01215/03814 (31.86%) | loss: 3.144179 | lrm: 1.00 | dt: 647.80ms | tok/sec: 101,166 | bf16_mfu: 0.00 | epoch: 1 pq: 1 rg: 24 | total time: 13.33m | eta: 28.8m
step 01216/03814 (31.88%) | loss: 3.137062 | lrm: 1.00 | dt: 648.07ms | tok/sec: 101,124 | bf16_mfu: 0.00 | epoch: 1 pq: 1 rg: 24 | total time: 13.34m | eta: 28.7m
step 01217/03814 (31.91%) | loss: 3.156087 | lrm: 1.00 | dt: 647.55ms | tok/sec: 101,205 | bf16_mfu: 0.00 | epoch: 1 pq: 1 rg: 24 | total time: 13.35m | eta: 28.7m
step 01218/03814 (31.93%) | loss: 3.139896 | lrm: 1.00 | dt: 647.68ms | tok/sec: 101,185 | bf16_mfu: 0.00 | epoch: 1 pq: 1 rg: 24 | total time: 13.36m | eta: 28.7m
step 01219/03814 (31.96%) | loss: 3.135275 | lrm: 1.00 | dt: 652.49ms | tok/sec: 100,440 | bf16_mfu: 0.00 | epoch: 1 pq: 1 rg: 24 | total time: 13.37m | eta: 28.7m
step 01220/03814 (31.99%) | loss: 3.138873 | lrm: 1.00 | dt: 652.77ms | tok/sec: 100,396 | bf16_mfu: 0.00 | epoch: 1 pq: 1 rg: 24 | total time: 13.39m | eta: 28.7m
step 01221/03814 (32.01%) | loss: 3.151899 | lrm: 1.00 | dt: 818.45ms | tok/sec: 80,073 | bf16_mfu: 0.00 | epoch: 1 pq: 1 rg: 25 | total time: 13.40m | eta: 28.7m
step 01222/03814 (32.04%) | loss: 3.149998 | lrm: 1.00 | dt: 704.11ms | tok/sec: 93,076 | bf16_mfu: 0.00 | epoch: 1 pq: 1 rg: 25 | total time: 13.41m | eta: 28.7m
step 01223/03814 (32.07%) | loss: 3.140745 | lrm: 1.00 | dt: 652.01ms | tok/sec: 100,513 | bf16_mfu: 0.00 | epoch: 1 pq: 1 rg: 25 | total time: 13.42m | eta: 28.7m
step 01224/03814 (32.09%) | loss: 3.150739 | lrm: 1.00 | dt: 649.19ms | tok/sec: 100,951 | bf16_mfu: 0.00 | epoch: 1 pq: 1 rg: 25 | total time: 13.43m | eta: 28.7m
step 01225/03814 (32.12%) | loss: 3.157662 | lrm: 1.00 | dt: 647.35ms | tok/sec: 101,237 | bf16_mfu: 0.00 | epoch: 1 pq: 1 rg: 25 | total time: 13.44m | eta: 28.6m
step 01226/03814 (32.14%) | loss: 3.144493 | lrm: 1.00 | dt: 646.67ms | tok/sec: 101,344 | bf16_mfu: 0.00 | epoch: 1 pq: 1 rg: 25 | total time: 13.45m | eta: 28.6m
step 01227/03814 (32.17%) | loss: 3.154418 | lrm: 1.00 | dt: 672.06ms | tok/sec: 97,515 | bf16_mfu: 0.00 | epoch: 1 pq: 1 rg: 25 | total time: 13.47m | eta: 28.6m
step 01228/03814 (32.20%) | loss: 3.154816 | lrm: 1.00 | dt: 656.62ms | tok/sec: 99,808 | bf16_mfu: 0.00 | epoch: 1 pq: 1 rg: 25 | total time: 13.48m | eta: 28.6m
step 01229/03814 (32.22%) | loss: 3.138163 | lrm: 1.00 | dt: 649.00ms | tok/sec: 100,980 | bf16_mfu: 0.00 | epoch: 1 pq: 1 rg: 25 | total time: 13.49m | eta: 28.6m
step 01230/03814 (32.25%) | loss: 3.139878 | lrm: 1.00 | dt: 648.93ms | tok/sec: 100,990 | bf16_mfu: 0.00 | epoch: 1 pq: 1 rg: 25 | total time: 13.50m | eta: 28.6m
step 01231/03814 (32.28%) | loss: 3.155292 | lrm: 1.00 | dt: 678.36ms | tok/sec: 96,609 | bf16_mfu: 0.00 | epoch: 1 pq: 1 rg: 25 | total time: 13.51m | eta: 28.6m
step 01232/03814 (32.30%) | loss: 3.144995 | lrm: 1.00 | dt: 767.93ms | tok/sec: 85,341 | bf16_mfu: 0.00 | epoch: 1 pq: 1 rg: 26 | total time: 13.52m | eta: 28.6m
step 01233/03814 (32.33%) | loss: 3.148728 | lrm: 1.00 | dt: 654.38ms | tok/sec: 100,149 | bf16_mfu: 0.00 | epoch: 1 pq: 1 rg: 26 | total time: 13.53m | eta: 28.6m
step 01234/03814 (32.35%) | loss: 3.152622 | lrm: 1.00 | dt: 700.22ms | tok/sec: 93,593 | bf16_mfu: 0.00 | epoch: 1 pq: 1 rg: 26 | total time: 13.54m | eta: 28.5m
step 01235/03814 (32.38%) | loss: 3.148113 | lrm: 1.00 | dt: 751.04ms | tok/sec: 87,260 | bf16_mfu: 0.00 | epoch: 1 pq: 1 rg: 26 | total time: 13.56m | eta: 28.5m
step 01236/03814 (32.41%) | loss: 3.146591 | lrm: 1.00 | dt: 655.15ms | tok/sec: 100,031 | bf16_mfu: 0.00 | epoch: 1 pq: 1 rg: 26 | total time: 13.57m | eta: 28.5m
step 01237/03814 (32.43%) | loss: 3.142569 | lrm: 1.00 | dt: 732.11ms | tok/sec: 89,516 | bf16_mfu: 0.00 | epoch: 1 pq: 1 rg: 26 | total time: 13.58m | eta: 28.5m
step 01238/03814 (32.46%) | loss: 3.131479 | lrm: 1.00 | dt: 649.32ms | tok/sec: 100,930 | bf16_mfu: 0.00 | epoch: 1 pq: 1 rg: 26 | total time: 13.59m | eta: 28.5m
step 01239/03814 (32.49%) | loss: 3.140558 | lrm: 1.00 | dt: 648.81ms | tok/sec: 101,010 | bf16_mfu: 0.00 | epoch: 1 pq: 1 rg: 26 | total time: 13.60m | eta: 28.5m
step 01240/03814 (32.51%) | loss: 3.151130 | lrm: 1.00 | dt: 654.43ms | tok/sec: 100,142 | bf16_mfu: 0.00 | epoch: 1 pq: 1 rg: 26 | total time: 13.61m | eta: 28.5m
step 01241/03814 (32.54%) | loss: 3.121707 | lrm: 1.00 | dt: 749.39ms | tok/sec: 87,452 | bf16_mfu: 0.00 | epoch: 1 pq: 1 rg: 26 | total time: 13.63m | eta: 28.5m
step 01242/03814 (32.56%) | loss: 3.124754 | lrm: 1.00 | dt: 655.58ms | tok/sec: 99,966 | bf16_mfu: 0.00 | epoch: 1 pq: 1 rg: 26 | total time: 13.64m | eta: 28.5m
step 01243/03814 (32.59%) | loss: 3.131387 | lrm: 1.00 | dt: 689.56ms | tok/sec: 95,040 | bf16_mfu: 0.00 | epoch: 1 pq: 1 rg: 26 | total time: 13.65m | eta: 28.5m
step 01244/03814 (32.62%) | loss: 3.122941 | lrm: 1.00 | dt: 739.48ms | tok/sec: 88,624 | bf16_mfu: 0.00 | epoch: 1 pq: 1 rg: 27 | total time: 13.66m | eta: 28.4m
step 01245/03814 (32.64%) | loss: 3.121602 | lrm: 1.00 | dt: 650.17ms | tok/sec: 100,798 | bf16_mfu: 0.00 | epoch: 1 pq: 1 rg: 27 | total time: 13.67m | eta: 28.4m
step 01246/03814 (32.67%) | loss: 3.148980 | lrm: 1.00 | dt: 757.97ms | tok/sec: 86,462 | bf16_mfu: 0.00 | epoch: 1 pq: 1 rg: 27 | total time: 13.68m | eta: 28.4m
step 01247/03814 (32.70%) | loss: 3.165879 | lrm: 1.00 | dt: 648.22ms | tok/sec: 101,101 | bf16_mfu: 0.00 | epoch: 1 pq: 1 rg: 27 | total time: 13.69m | eta: 28.4m
step 01248/03814 (32.72%) | loss: 3.161181 | lrm: 1.00 | dt: 648.99ms | tok/sec: 100,981 | bf16_mfu: 0.00 | epoch: 1 pq: 1 rg: 27 | total time: 13.70m | eta: 28.4m
step 01249/03814 (32.75%) | loss: 3.164010 | lrm: 1.00 | dt: 648.29ms | tok/sec: 101,090 | bf16_mfu: 0.00 | epoch: 1 pq: 1 rg: 27 | total time: 13.72m | eta: 28.4m
step 01250/03814 (32.77%) | loss: 3.160783 | lrm: 1.00 | dt: 649.84ms | tok/sec: 100,850 | bf16_mfu: 0.00 | epoch: 1 pq: 1 rg: 27 | total time: 13.73m | eta: 28.4m
step 01251/03814 (32.80%) | loss: 3.134643 | lrm: 1.00 | dt: 651.95ms | tok/sec: 100,523 | bf16_mfu: 0.00 | epoch: 1 pq: 1 rg: 27 | total time: 13.74m | eta: 28.4m
step 01252/03814 (32.83%) | loss: 3.133086 | lrm: 1.00 | dt: 651.28ms | tok/sec: 100,626 | bf16_mfu: 0.00 | epoch: 1 pq: 1 rg: 27 | total time: 13.75m | eta: 28.4m
step 01253/03814 (32.85%) | loss: 3.145340 | lrm: 1.00 | dt: 770.06ms | tok/sec: 85,105 | bf16_mfu: 0.00 | epoch: 1 pq: 1 rg: 27 | total time: 13.76m | eta: 28.4m
step 01254/03814 (32.88%) | loss: 3.130053 | lrm: 1.00 | dt: 760.03ms | tok/sec: 86,227 | bf16_mfu: 0.00 | epoch: 1 pq: 1 rg: 27 | total time: 13.77m | eta: 28.3m
step 01255/03814 (32.91%) | loss: 3.126594 | lrm: 1.00 | dt: 654.34ms | tok/sec: 100,155 | bf16_mfu: 0.00 | epoch: 1 pq: 1 rg: 27 | total time: 13.78m | eta: 28.3m
step 01256/03814 (32.93%) | loss: 3.125382 | lrm: 1.00 | dt: 781.06ms | tok/sec: 83,906 | bf16_mfu: 0.00 | epoch: 1 pq: 1 rg: 28 | total time: 13.80m | eta: 28.3m
step 01257/03814 (32.96%) | loss: 3.121349 | lrm: 1.00 | dt: 649.20ms | tok/sec: 100,949 | bf16_mfu: 0.00 | epoch: 1 pq: 1 rg: 28 | total time: 13.81m | eta: 28.3m
step 01258/03814 (32.98%) | loss: 3.126693 | lrm: 1.00 | dt: 648.99ms | tok/sec: 100,981 | bf16_mfu: 0.00 | epoch: 1 pq: 1 rg: 28 | total time: 13.82m | eta: 28.3m
step 01259/03814 (33.01%) | loss: 3.131288 | lrm: 1.00 | dt: 651.38ms | tok/sec: 100,611 | bf16_mfu: 0.00 | epoch: 1 pq: 1 rg: 28 | total time: 13.83m | eta: 28.3m
step 01260/03814 (33.04%) | loss: 3.130086 | lrm: 1.00 | dt: 653.97ms | tok/sec: 100,211 | bf16_mfu: 0.00 | epoch: 1 pq: 1 rg: 28 | total time: 13.84m | eta: 28.3m
step 01261/03814 (33.06%) | loss: 3.114280 | lrm: 1.00 | dt: 816.20ms | tok/sec: 80,294 | bf16_mfu: 0.00 | epoch: 1 pq: 1 rg: 28 | total time: 13.85m | eta: 28.3m
step 01262/03814 (33.09%) | loss: 3.112538 | lrm: 1.00 | dt: 649.98ms | tok/sec: 100,828 | bf16_mfu: 0.00 | epoch: 1 pq: 1 rg: 28 | total time: 13.87m | eta: 28.3m
step 01263/03814 (33.11%) | loss: 3.112778 | lrm: 1.00 | dt: 711.19ms | tok/sec: 92,150 | bf16_mfu: 0.00 | epoch: 1 pq: 1 rg: 28 | total time: 13.88m | eta: 28.3m
step 01264/03814 (33.14%) | loss: 3.098650 | lrm: 1.00 | dt: 678.78ms | tok/sec: 96,549 | bf16_mfu: 0.00 | epoch: 1 pq: 1 rg: 28 | total time: 13.89m | eta: 28.2m
step 01265/03814 (33.17%) | loss: 3.098515 | lrm: 1.00 | dt: 656.71ms | tok/sec: 99,793 | bf16_mfu: 0.00 | epoch: 1 pq: 1 rg: 28 | total time: 13.90m | eta: 28.2m
step 01266/03814 (33.19%) | loss: 3.109403 | lrm: 1.00 | dt: 665.18ms | tok/sec: 98,524 | bf16_mfu: 0.00 | epoch: 1 pq: 1 rg: 28 | total time: 13.91m | eta: 28.2m
step 01267/03814 (33.22%) | loss: 3.101029 | lrm: 1.00 | dt: 713.81ms | tok/sec: 91,811 | bf16_mfu: 0.00 | epoch: 1 pq: 1 rg: 29 | total time: 13.92m | eta: 28.2m
step 01268/03814 (33.25%) | loss: 3.105448 | lrm: 1.00 | dt: 657.30ms | tok/sec: 99,705 | bf16_mfu: 0.00 | epoch: 1 pq: 1 rg: 29 | total time: 13.93m | eta: 28.2m
step 01269/03814 (33.27%) | loss: 3.104143 | lrm: 1.00 | dt: 654.51ms | tok/sec: 100,130 | bf16_mfu: 0.00 | epoch: 1 pq: 1 rg: 29 | total time: 13.94m | eta: 28.2m
step 01270/03814 (33.30%) | loss: 3.112149 | lrm: 1.00 | dt: 649.99ms | tok/sec: 100,826 | bf16_mfu: 0.00 | epoch: 1 pq: 1 rg: 29 | total time: 13.96m | eta: 28.2m
step 01271/03814 (33.32%) | loss: 3.095880 | lrm: 1.00 | dt: 658.65ms | tok/sec: 99,500 | bf16_mfu: 0.00 | epoch: 1 pq: 1 rg: 29 | total time: 13.97m | eta: 28.2m
step 01272/03814 (33.35%) | loss: 3.111076 | lrm: 1.00 | dt: 656.20ms | tok/sec: 99,872 | bf16_mfu: 0.00 | epoch: 1 pq: 1 rg: 29 | total time: 13.98m | eta: 28.2m
step 01273/03814 (33.38%) | loss: 3.119982 | lrm: 1.00 | dt: 765.18ms | tok/sec: 85,647 | bf16_mfu: 0.00 | epoch: 1 pq: 1 rg: 29 | total time: 13.99m | eta: 28.1m
step 01274/03814 (33.40%) | loss: 3.138095 | lrm: 1.00 | dt: 765.39ms | tok/sec: 85,623 | bf16_mfu: 0.00 | epoch: 1 pq: 1 rg: 29 | total time: 14.00m | eta: 28.1m
step 01275/03814 (33.43%) | loss: 3.134895 | lrm: 1.00 | dt: 657.53ms | tok/sec: 99,669 | bf16_mfu: 0.00 | epoch: 1 pq: 1 rg: 29 | total time: 14.01m | eta: 28.1m
step 01276/03814 (33.46%) | loss: 3.143004 | lrm: 1.00 | dt: 646.40ms | tok/sec: 101,385 | bf16_mfu: 0.00 | epoch: 1 pq: 1 rg: 29 | total time: 14.02m | eta: 28.1m
step 01277/03814 (33.48%) | loss: 3.138910 | lrm: 1.00 | dt: 862.58ms | tok/sec: 75,976 | bf16_mfu: 0.00 | epoch: 1 pq: 1 rg: 29 | total time: 14.04m | eta: 28.1m
step 01278/03814 (33.51%) | loss: 3.117625 | lrm: 1.00 | dt: 746.32ms | tok/sec: 87,812 | bf16_mfu: 0.00 | epoch: 1 pq: 1 rg: 30 | total time: 14.05m | eta: 28.1m
step 01279/03814 (33.53%) | loss: 3.106739 | lrm: 1.00 | dt: 655.18ms | tok/sec: 100,027 | bf16_mfu: 0.00 | epoch: 1 pq: 1 rg: 30 | total time: 14.06m | eta: 28.1m
step 01280/03814 (33.56%) | loss: 3.111546 | lrm: 1.00 | dt: 723.99ms | tok/sec: 90,520 | bf16_mfu: 0.00 | epoch: 1 pq: 1 rg: 30 | total time: 14.07m | eta: 28.1m
step 01281/03814 (33.59%) | loss: 3.108490 | lrm: 1.00 | dt: 660.85ms | tok/sec: 99,168 | bf16_mfu: 0.00 | epoch: 1 pq: 1 rg: 30 | total time: 14.09m | eta: 28.1m
step 01282/03814 (33.61%) | loss: 3.114415 | lrm: 1.00 | dt: 651.40ms | tok/sec: 100,608 | bf16_mfu: 0.00 | epoch: 1 pq: 1 rg: 30 | total time: 14.10m | eta: 28.1m
step 01283/03814 (33.64%) | loss: 3.122515 | lrm: 1.00 | dt: 668.45ms | tok/sec: 98,042 | bf16_mfu: 0.00 | epoch: 1 pq: 1 rg: 30 | total time: 14.11m | eta: 28.0m
step 01284/03814 (33.67%) | loss: 3.118131 | lrm: 1.00 | dt: 772.62ms | tok/sec: 84,822 | bf16_mfu: 0.00 | epoch: 1 pq: 1 rg: 30 | total time: 14.12m | eta: 28.0m
step 01285/03814 (33.69%) | loss: 3.106466 | lrm: 1.00 | dt: 654.75ms | tok/sec: 100,092 | bf16_mfu: 0.00 | epoch: 1 pq: 1 rg: 30 | total time: 14.13m | eta: 28.0m
step 01286/03814 (33.72%) | loss: 3.109873 | lrm: 1.00 | dt: 648.94ms | tok/sec: 100,989 | bf16_mfu: 0.00 | epoch: 1 pq: 1 rg: 30 | total time: 14.14m | eta: 28.0m
step 01287/03814 (33.74%) | loss: 3.112172 | lrm: 1.00 | dt: 647.65ms | tok/sec: 101,190 | bf16_mfu: 0.00 | epoch: 1 pq: 1 rg: 30 | total time: 14.15m | eta: 28.0m
step 01288/03814 (33.77%) | loss: 3.118236 | lrm: 1.00 | dt: 718.65ms | tok/sec: 91,192 | bf16_mfu: 0.00 | epoch: 1 pq: 1 rg: 30 | total time: 14.16m | eta: 28.0m
step 01289/03814 (33.80%) | loss: 3.115798 | lrm: 1.00 | dt: 649.07ms | tok/sec: 100,969 | bf16_mfu: 0.00 | epoch: 1 pq: 1 rg: 30 | total time: 14.18m | eta: 28.0m
step 01290/03814 (33.82%) | loss: 3.123631 | lrm: 1.00 | dt: 997.26ms | tok/sec: 65,716 | bf16_mfu: 0.00 | epoch: 1 pq: 1 rg: 31 | total time: 14.19m | eta: 28.0m
step 01291/03814 (33.85%) | loss: 3.121646 | lrm: 1.00 | dt: 649.01ms | tok/sec: 100,978 | bf16_mfu: 0.00 | epoch: 1 pq: 1 rg: 31 | total time: 14.20m | eta: 28.0m
step 01292/03814 (33.88%) | loss: 3.112418 | lrm: 1.00 | dt: 751.40ms | tok/sec: 87,218 | bf16_mfu: 0.00 | epoch: 1 pq: 1 rg: 31 | total time: 14.22m | eta: 28.0m
step 01293/03814 (33.90%) | loss: 3.114374 | lrm: 1.00 | dt: 650.33ms | tok/sec: 100,772 | bf16_mfu: 0.00 | epoch: 1 pq: 1 rg: 31 | total time: 14.23m | eta: 28.0m
step 01294/03814 (33.93%) | loss: 3.115947 | lrm: 1.00 | dt: 709.75ms | tok/sec: 92,336 | bf16_mfu: 0.00 | epoch: 1 pq: 1 rg: 31 | total time: 14.24m | eta: 27.9m
step 01295/03814 (33.95%) | loss: 3.111066 | lrm: 1.00 | dt: 666.70ms | tok/sec: 98,298 | bf16_mfu: 0.00 | epoch: 1 pq: 1 rg: 31 | total time: 14.25m | eta: 27.9m
step 01296/03814 (33.98%) | loss: 3.108878 | lrm: 1.00 | dt: 653.13ms | tok/sec: 100,340 | bf16_mfu: 0.00 | epoch: 1 pq: 1 rg: 31 | total time: 14.26m | eta: 27.9m
step 01297/03814 (34.01%) | loss: 3.112595 | lrm: 1.00 | dt: 909.83ms | tok/sec: 72,031 | bf16_mfu: 0.00 | epoch: 1 pq: 1 rg: 31 | total time: 14.28m | eta: 27.9m
step 01298/03814 (34.03%) | loss: 3.096212 | lrm: 1.00 | dt: 720.90ms | tok/sec: 90,908 | bf16_mfu: 0.00 | epoch: 1 pq: 1 rg: 31 | total time: 14.29m | eta: 27.9m
step 01299/03814 (34.06%) | loss: 3.096178 | lrm: 1.00 | dt: 650.52ms | tok/sec: 100,743 | bf16_mfu: 0.00 | epoch: 1 pq: 1 rg: 31 | total time: 14.30m | eta: 27.9m
step 01300/03814 (34.08%) | loss: 3.092671 | lrm: 1.00 | dt: 663.52ms | tok/sec: 98,770 | bf16_mfu: 0.00 | epoch: 1 pq: 1 rg: 31 | total time: 14.31m | eta: 27.9m
step 01301/03814 (34.11%) | loss: 3.092504 | lrm: 1.00 | dt: 775.15ms | tok/sec: 84,546 | bf16_mfu: 0.00 | epoch: 1 pq: 1 rg: 32 | total time: 14.32m | eta: 27.9m
step 01302/03814 (34.14%) | loss: 3.082315 | lrm: 1.00 | dt: 649.11ms | tok/sec: 100,963 | bf16_mfu: 0.00 | epoch: 1 pq: 1 rg: 32 | total time: 14.33m | eta: 27.9m
step 01303/03814 (34.16%) | loss: 3.117749 | lrm: 1.00 | dt: 757.51ms | tok/sec: 86,515 | bf16_mfu: 0.00 | epoch: 1 pq: 1 rg: 32 | total time: 14.35m | eta: 27.9m
step 01304/03814 (34.19%) | loss: 3.115127 | lrm: 1.00 | dt: 775.43ms | tok/sec: 84,515 | bf16_mfu: 0.00 | epoch: 1 pq: 1 rg: 32 | total time: 14.36m | eta: 27.9m
step 01305/03814 (34.22%) | loss: 3.094849 | lrm: 1.00 | dt: 645.99ms | tok/sec: 101,450 | bf16_mfu: 0.00 | epoch: 1 pq: 1 rg: 32 | total time: 14.37m | eta: 27.8m
step 01306/03814 (34.24%) | loss: 3.105047 | lrm: 1.00 | dt: 706.90ms | tok/sec: 92,708 | bf16_mfu: 0.00 | epoch: 1 pq: 1 rg: 32 | total time: 14.38m | eta: 27.8m
step 01307/03814 (34.27%) | loss: 3.098510 | lrm: 1.00 | dt: 716.99ms | tok/sec: 91,404 | bf16_mfu: 0.00 | epoch: 1 pq: 1 rg: 32 | total time: 14.39m | eta: 27.8m
step 01308/03814 (34.29%) | loss: 3.094706 | lrm: 1.00 | dt: 720.10ms | tok/sec: 91,009 | bf16_mfu: 0.00 | epoch: 1 pq: 1 rg: 32 | total time: 14.40m | eta: 27.8m
step 01309/03814 (34.32%) | loss: 3.096607 | lrm: 1.00 | dt: 649.63ms | tok/sec: 100,882 | bf16_mfu: 0.00 | epoch: 1 pq: 1 rg: 32 | total time: 14.42m | eta: 27.8m
step 01310/03814 (34.35%) | loss: 3.092985 | lrm: 1.00 | dt: 720.95ms | tok/sec: 90,902 | bf16_mfu: 0.00 | epoch: 1 pq: 1 rg: 32 | total time: 14.43m | eta: 27.8m
step 01311/03814 (34.37%) | loss: 3.091717 | lrm: 1.00 | dt: 648.93ms | tok/sec: 100,990 | bf16_mfu: 0.00 | epoch: 1 pq: 1 rg: 32 | total time: 14.44m | eta: 27.8m
step 01312/03814 (34.40%) | loss: 3.098232 | lrm: 1.00 | dt: 649.68ms | tok/sec: 100,874 | bf16_mfu: 0.00 | epoch: 1 pq: 1 rg: 32 | total time: 14.45m | eta: 27.8m
step 01313/03814 (34.43%) | loss: 3.103697 | lrm: 1.00 | dt: 830.58ms | tok/sec: 78,903 | bf16_mfu: 0.00 | epoch: 1 pq: 1 rg: 33 | total time: 14.46m | eta: 27.8m
step 01314/03814 (34.45%) | loss: 3.104555 | lrm: 1.00 | dt: 689.67ms | tok/sec: 95,025 | bf16_mfu: 0.00 | epoch: 1 pq: 1 rg: 33 | total time: 14.47m | eta: 27.8m
step 01315/03814 (34.48%) | loss: 3.107683 | lrm: 1.00 | dt: 651.50ms | tok/sec: 100,592 | bf16_mfu: 0.00 | epoch: 1 pq: 1 rg: 33 | total time: 14.49m | eta: 27.7m
step 01316/03814 (34.50%) | loss: 3.135985 | lrm: 1.00 | dt: 758.35ms | tok/sec: 86,418 | bf16_mfu: 0.00 | epoch: 1 pq: 1 rg: 33 | total time: 14.50m | eta: 27.7m
step 01317/03814 (34.53%) | loss: 3.117823 | lrm: 1.00 | dt: 732.93ms | tok/sec: 89,416 | bf16_mfu: 0.00 | epoch: 1 pq: 1 rg: 33 | total time: 14.51m | eta: 27.7m
step 01318/03814 (34.56%) | loss: 3.114687 | lrm: 1.00 | dt: 651.99ms | tok/sec: 100,516 | bf16_mfu: 0.00 | epoch: 1 pq: 1 rg: 33 | total time: 14.52m | eta: 27.7m
step 01319/03814 (34.58%) | loss: 3.103066 | lrm: 1.00 | dt: 676.19ms | tok/sec: 96,919 | bf16_mfu: 0.00 | epoch: 1 pq: 1 rg: 33 | total time: 14.53m | eta: 27.7m
step 01320/03814 (34.61%) | loss: 3.091433 | lrm: 1.00 | dt: 681.37ms | tok/sec: 96,182 | bf16_mfu: 0.00 | epoch: 1 pq: 1 rg: 33 | total time: 14.54m | eta: 27.7m
step 01321/03814 (34.64%) | loss: 3.100673 | lrm: 1.00 | dt: 653.74ms | tok/sec: 100,248 | bf16_mfu: 0.00 | epoch: 1 pq: 1 rg: 33 | total time: 14.55m | eta: 27.7m
step 01322/03814 (34.66%) | loss: 3.096135 | lrm: 1.00 | dt: 706.01ms | tok/sec: 92,825 | bf16_mfu: 0.00 | epoch: 1 pq: 1 rg: 33 | total time: 14.57m | eta: 27.7m
step 01323/03814 (34.69%) | loss: 3.092473 | lrm: 1.00 | dt: 715.80ms | tok/sec: 91,556 | bf16_mfu: 0.00 | epoch: 1 pq: 1 rg: 33 | total time: 14.58m | eta: 27.7m
step 01324/03814 (34.71%) | loss: 3.082721 | lrm: 1.00 | dt: 656.41ms | tok/sec: 99,840 | bf16_mfu: 0.00 | epoch: 1 pq: 1 rg: 33 | total time: 14.59m | eta: 27.6m
step 01325/03814 (34.74%) | loss: 3.098766 | lrm: 1.00 | dt: 869.20ms | tok/sec: 75,398 | bf16_mfu: 0.00 | epoch: 1 pq: 1 rg: 34 | total time: 14.60m | eta: 27.6m
step 01326/03814 (34.77%) | loss: 3.093962 | lrm: 1.00 | dt: 653.84ms | tok/sec: 100,233 | bf16_mfu: 0.00 | epoch: 1 pq: 1 rg: 34 | total time: 14.61m | eta: 27.6m
step 01327/03814 (34.79%) | loss: 3.097393 | lrm: 1.00 | dt: 657.55ms | tok/sec: 99,667 | bf16_mfu: 0.00 | epoch: 1 pq: 1 rg: 34 | total time: 14.63m | eta: 27.6m
step 01328/03814 (34.82%) | loss: 3.090451 | lrm: 1.00 | dt: 658.20ms | tok/sec: 99,567 | bf16_mfu: 0.00 | epoch: 1 pq: 1 rg: 34 | total time: 14.64m | eta: 27.6m
step 01329/03814 (34.85%) | loss: 3.108549 | lrm: 1.00 | dt: 655.38ms | tok/sec: 99,996 | bf16_mfu: 0.00 | epoch: 1 pq: 1 rg: 34 | total time: 14.65m | eta: 27.6m
step 01330/03814 (34.87%) | loss: 3.096451 | lrm: 1.00 | dt: 661.18ms | tok/sec: 99,120 | bf16_mfu: 0.00 | epoch: 1 pq: 1 rg: 34 | total time: 14.66m | eta: 27.6m
step 01331/03814 (34.90%) | loss: 3.109914 | lrm: 1.00 | dt: 676.28ms | tok/sec: 96,906 | bf16_mfu: 0.00 | epoch: 1 pq: 1 rg: 34 | total time: 14.67m | eta: 27.6m
step 01332/03814 (34.92%) | loss: 3.111871 | lrm: 1.00 | dt: 679.63ms | tok/sec: 96,429 | bf16_mfu: 0.00 | epoch: 1 pq: 1 rg: 34 | total time: 14.68m | eta: 27.6m
step 01333/03814 (34.95%) | loss: 3.097839 | lrm: 1.00 | dt: 688.10ms | tok/sec: 95,242 | bf16_mfu: 0.00 | epoch: 1 pq: 1 rg: 34 | total time: 14.69m | eta: 27.6m
step 01334/03814 (34.98%) | loss: 3.095122 | lrm: 1.00 | dt: 667.78ms | tok/sec: 98,139 | bf16_mfu: 0.00 | epoch: 1 pq: 1 rg: 34 | total time: 14.70m | eta: 27.5m
step 01335/03814 (35.00%) | loss: 3.098708 | lrm: 1.00 | dt: 667.69ms | tok/sec: 98,152 | bf16_mfu: 0.00 | epoch: 1 pq: 1 rg: 34 | total time: 14.72m | eta: 27.5m
step 01336/03814 (35.03%) | loss: 3.081331 | lrm: 1.00 | dt: 751.81ms | tok/sec: 87,171 | bf16_mfu: 0.00 | epoch: 1 pq: 1 rg: 35 | total time: 14.73m | eta: 27.5m
step 01337/03814 (35.06%) | loss: 3.080289 | lrm: 1.00 | dt: 668.76ms | tok/sec: 97,996 | bf16_mfu: 0.00 | epoch: 1 pq: 1 rg: 35 | total time: 14.74m | eta: 27.5m
step 01338/03814 (35.08%) | loss: 3.104899 | lrm: 1.00 | dt: 856.93ms | tok/sec: 76,477 | bf16_mfu: 0.00 | epoch: 1 pq: 1 rg: 35 | total time: 14.75m | eta: 27.5m
step 01339/03814 (35.11%) | loss: 3.099654 | lrm: 1.00 | dt: 738.08ms | tok/sec: 88,792 | bf16_mfu: 0.00 | epoch: 1 pq: 1 rg: 35 | total time: 14.77m | eta: 27.5m
step 01340/03814 (35.13%) | loss: 3.115822 | lrm: 1.00 | dt: 673.88ms | tok/sec: 97,252 | bf16_mfu: 0.00 | epoch: 1 pq: 1 rg: 35 | total time: 14.78m | eta: 27.5m
step 01341/03814 (35.16%) | loss: 3.114966 | lrm: 1.00 | dt: 670.46ms | tok/sec: 97,747 | bf16_mfu: 0.00 | epoch: 1 pq: 1 rg: 35 | total time: 14.79m | eta: 27.5m
step 01342/03814 (35.19%) | loss: 3.107151 | lrm: 1.00 | dt: 671.39ms | tok/sec: 97,611 | bf16_mfu: 0.00 | epoch: 1 pq: 1 rg: 35 | total time: 14.80m | eta: 27.5m
step 01343/03814 (35.21%) | loss: 3.091382 | lrm: 1.00 | dt: 674.24ms | tok/sec: 97,199 | bf16_mfu: 0.00 | epoch: 1 pq: 1 rg: 35 | total time: 14.81m | eta: 27.5m
step 01344/03814 (35.24%) | loss: 3.100875 | lrm: 1.00 | dt: 675.40ms | tok/sec: 97,033 | bf16_mfu: 0.00 | epoch: 1 pq: 1 rg: 35 | total time: 14.82m | eta: 27.4m
step 01345/03814 (35.26%) | loss: 3.097630 | lrm: 1.00 | dt: 686.34ms | tok/sec: 95,485 | bf16_mfu: 0.00 | epoch: 1 pq: 1 rg: 35 | total time: 14.83m | eta: 27.4m
step 01346/03814 (35.29%) | loss: 3.098891 | lrm: 1.00 | dt: 678.29ms | tok/sec: 96,619 | bf16_mfu: 0.00 | epoch: 1 pq: 1 rg: 35 | total time: 14.84m | eta: 27.4m
step 01347/03814 (35.32%) | loss: 3.102586 | lrm: 1.00 | dt: 687.35ms | tok/sec: 95,345 | bf16_mfu: 0.00 | epoch: 1 pq: 1 rg: 35 | total time: 14.86m | eta: 27.4m
step 01348/03814 (35.34%) | loss: 3.098534 | lrm: 1.00 | dt: 690.06ms | tok/sec: 94,971 | bf16_mfu: 0.00 | epoch: 1 pq: 1 rg: 36 | total time: 14.87m | eta: 27.4m
step 01349/03814 (35.37%) | loss: 3.097654 | lrm: 0.99 | dt: 677.71ms | tok/sec: 96,702 | bf16_mfu: 0.00 | epoch: 1 pq: 1 rg: 36 | total time: 14.88m | eta: 27.4m
step 01350/03814 (35.40%) | loss: 3.103586 | lrm: 0.99 | dt: 689.03ms | tok/sec: 95,113 | bf16_mfu: 0.00 | epoch: 1 pq: 1 rg: 36 | total time: 14.89m | eta: 27.4m
step 01351/03814 (35.42%) | loss: 3.112826 | lrm: 0.99 | dt: 681.37ms | tok/sec: 96,183 | bf16_mfu: 0.00 | epoch: 1 pq: 1 rg: 36 | total time: 14.90m | eta: 27.4m
step 01352/03814 (35.45%) | loss: 3.099561 | lrm: 0.99 | dt: 687.19ms | tok/sec: 95,368 | bf16_mfu: 0.00 | epoch: 1 pq: 1 rg: 36 | total time: 14.91m | eta: 27.4m
step 01353/03814 (35.47%) | loss: 3.093384 | lrm: 0.99 | dt: 690.16ms | tok/sec: 94,957 | bf16_mfu: 0.00 | epoch: 1 pq: 1 rg: 36 | total time: 14.92m | eta: 27.3m
step 01354/03814 (35.50%) | loss: 3.078462 | lrm: 0.99 | dt: 683.98ms | tok/sec: 95,815 | bf16_mfu: 0.00 | epoch: 1 pq: 1 rg: 36 | total time: 14.94m | eta: 27.3m
step 01355/03814 (35.53%) | loss: 3.065539 | lrm: 0.99 | dt: 705.47ms | tok/sec: 92,897 | bf16_mfu: 0.00 | epoch: 1 pq: 1 rg: 36 | total time: 14.95m | eta: 27.3m
step 01356/03814 (35.55%) | loss: 3.069015 | lrm: 0.99 | dt: 681.46ms | tok/sec: 96,169 | bf16_mfu: 0.00 | epoch: 1 pq: 1 rg: 36 | total time: 14.96m | eta: 27.3m
step 01357/03814 (35.58%) | loss: 3.093932 | lrm: 0.99 | dt: 767.33ms | tok/sec: 85,407 | bf16_mfu: 0.00 | epoch: 1 pq: 1 rg: 36 | total time: 14.97m | eta: 27.3m
step 01358/03814 (35.61%) | loss: 3.079782 | lrm: 0.99 | dt: 753.75ms | tok/sec: 86,946 | bf16_mfu: 0.00 | epoch: 1 pq: 1 rg: 36 | total time: 14.98m | eta: 27.3m
step 01359/03814 (35.63%) | loss: 3.088432 | lrm: 0.99 | dt: 679.03ms | tok/sec: 96,513 | bf16_mfu: 0.00 | epoch: 1 pq: 1 rg: 36 | total time: 15.00m | eta: 27.3m
step 01360/03814 (35.66%) | loss: 3.082532 | lrm: 0.99 | dt: 779.28ms | tok/sec: 84,097 | bf16_mfu: 0.00 | epoch: 1 pq: 1 rg: 37 | total time: 15.01m | eta: 27.3m
step 01361/03814 (35.68%) | loss: 3.094364 | lrm: 0.99 | dt: 668.68ms | tok/sec: 98,007 | bf16_mfu: 0.00 | epoch: 1 pq: 1 rg: 37 | total time: 15.02m | eta: 27.3m
step 01362/03814 (35.71%) | loss: 3.076638 | lrm: 0.99 | dt: 669.39ms | tok/sec: 97,904 | bf16_mfu: 0.00 | epoch: 1 pq: 1 rg: 37 | total time: 15.03m | eta: 27.3m
step 01363/03814 (35.74%) | loss: 3.082173 | lrm: 0.99 | dt: 667.12ms | tok/sec: 98,237 | bf16_mfu: 0.00 | epoch: 1 pq: 1 rg: 37 | total time: 15.04m | eta: 27.2m
step 01364/03814 (35.76%) | loss: 3.080156 | lrm: 0.99 | dt: 668.40ms | tok/sec: 98,048 | bf16_mfu: 0.00 | epoch: 1 pq: 1 rg: 37 | total time: 15.05m | eta: 27.2m
step 01365/03814 (35.79%) | loss: 3.076313 | lrm: 0.99 | dt: 762.72ms | tok/sec: 85,924 | bf16_mfu: 0.00 | epoch: 1 pq: 1 rg: 37 | total time: 15.07m | eta: 27.2m
step 01366/03814 (35.82%) | loss: 3.067362 | lrm: 0.99 | dt: 667.59ms | tok/sec: 98,167 | bf16_mfu: 0.00 | epoch: 1 pq: 1 rg: 37 | total time: 15.08m | eta: 27.2m
step 01367/03814 (35.84%) | loss: 3.070996 | lrm: 0.99 | dt: 673.06ms | tok/sec: 97,369 | bf16_mfu: 0.00 | epoch: 1 pq: 1 rg: 37 | total time: 15.09m | eta: 27.2m
step 01368/03814 (35.87%) | loss: 3.078705 | lrm: 0.99 | dt: 661.55ms | tok/sec: 99,064 | bf16_mfu: 0.00 | epoch: 1 pq: 1 rg: 37 | total time: 15.10m | eta: 27.2m
step 01369/03814 (35.89%) | loss: 3.070211 | lrm: 0.99 | dt: 660.25ms | tok/sec: 99,259 | bf16_mfu: 0.00 | epoch: 1 pq: 1 rg: 37 | total time: 15.11m | eta: 27.2m
step 01370/03814 (35.92%) | loss: 3.084432 | lrm: 0.99 | dt: 660.12ms | tok/sec: 99,278 | bf16_mfu: 0.00 | epoch: 1 pq: 1 rg: 37 | total time: 15.12m | eta: 27.2m
step 01371/03814 (35.95%) | loss: 3.068709 | lrm: 0.99 | dt: 697.94ms | tok/sec: 93,899 | bf16_mfu: 0.00 | epoch: 1 pq: 1 rg: 38 | total time: 15.13m | eta: 27.2m
step 01372/03814 (35.97%) | loss: 3.056937 | lrm: 0.99 | dt: 657.30ms | tok/sec: 99,704 | bf16_mfu: 0.00 | epoch: 1 pq: 1 rg: 38 | total time: 15.14m | eta: 27.2m
step 01373/03814 (36.00%) | loss: 3.076445 | lrm: 0.99 | dt: 666.40ms | tok/sec: 98,343 | bf16_mfu: 0.00 | epoch: 1 pq: 1 rg: 38 | total time: 15.15m | eta: 27.1m
step 01374/03814 (36.03%) | loss: 3.081245 | lrm: 0.99 | dt: 690.11ms | tok/sec: 94,964 | bf16_mfu: 0.00 | epoch: 1 pq: 1 rg: 38 | total time: 15.17m | eta: 27.1m
step 01375/03814 (36.05%) | loss: 3.074850 | lrm: 0.98 | dt: 656.83ms | tok/sec: 99,775 | bf16_mfu: 0.00 | epoch: 1 pq: 1 rg: 38 | total time: 15.18m | eta: 27.1m
step 01376/03814 (36.08%) | loss: 3.065951 | lrm: 0.98 | dt: 709.03ms | tok/sec: 92,431 | bf16_mfu: 0.00 | epoch: 1 pq: 1 rg: 38 | total time: 15.19m | eta: 27.1m
step 01377/03814 (36.10%) | loss: 3.050461 | lrm: 0.98 | dt: 659.50ms | tok/sec: 99,372 | bf16_mfu: 0.00 | epoch: 1 pq: 1 rg: 38 | total time: 15.20m | eta: 27.1m
step 01378/03814 (36.13%) | loss: 3.040476 | lrm: 0.98 | dt: 654.08ms | tok/sec: 100,195 | bf16_mfu: 0.00 | epoch: 1 pq: 1 rg: 38 | total time: 15.21m | eta: 27.1m
step 01379/03814 (36.16%) | loss: 3.048843 | lrm: 0.98 | dt: 651.32ms | tok/sec: 100,620 | bf16_mfu: 0.00 | epoch: 1 pq: 1 rg: 38 | total time: 15.22m | eta: 27.1m
step 01380/03814 (36.18%) | loss: 3.043050 | lrm: 0.98 | dt: 653.96ms | tok/sec: 100,214 | bf16_mfu: 0.00 | epoch: 1 pq: 1 rg: 38 | total time: 15.23m | eta: 27.1m
step 01381/03814 (36.21%) | loss: 3.031229 | lrm: 0.98 | dt: 650.98ms | tok/sec: 100,673 | bf16_mfu: 0.00 | epoch: 1 pq: 1 rg: 38 | total time: 15.24m | eta: 27.1m
step 01382/03814 (36.23%) | loss: 3.034902 | lrm: 0.98 | dt: 652.72ms | tok/sec: 100,403 | bf16_mfu: 0.00 | epoch: 1 pq: 1 rg: 38 | total time: 15.25m | eta: 27.0m
step 01383/03814 (36.26%) | loss: 3.038803 | lrm: 0.98 | dt: 801.02ms | tok/sec: 81,816 | bf16_mfu: 0.00 | epoch: 1 pq: 1 rg: 39 | total time: 15.27m | eta: 27.0m
step 01384/03814 (36.29%) | loss: 3.029578 | lrm: 0.98 | dt: 751.83ms | tok/sec: 87,168 | bf16_mfu: 0.00 | epoch: 1 pq: 1 rg: 39 | total time: 15.28m | eta: 27.0m
step 01385/03814 (36.31%) | loss: 3.030927 | lrm: 0.98 | dt: 659.55ms | tok/sec: 99,364 | bf16_mfu: 0.00 | epoch: 1 pq: 1 rg: 39 | total time: 15.29m | eta: 27.0m
step 01386/03814 (36.34%) | loss: 3.036336 | lrm: 0.98 | dt: 675.51ms | tok/sec: 97,017 | bf16_mfu: 0.00 | epoch: 1 pq: 1 rg: 39 | total time: 15.30m | eta: 27.0m
step 01387/03814 (36.37%) | loss: 3.020876 | lrm: 0.98 | dt: 649.92ms | tok/sec: 100,836 | bf16_mfu: 0.00 | epoch: 1 pq: 1 rg: 39 | total time: 15.31m | eta: 27.0m
step 01388/03814 (36.39%) | loss: 3.022952 | lrm: 0.98 | dt: 648.94ms | tok/sec: 100,988 | bf16_mfu: 0.00 | epoch: 1 pq: 1 rg: 39 | total time: 15.32m | eta: 27.0m
step 01389/03814 (36.42%) | loss: 3.040501 | lrm: 0.98 | dt: 650.47ms | tok/sec: 100,751 | bf16_mfu: 0.00 | epoch: 1 pq: 1 rg: 39 | total time: 15.33m | eta: 27.0m
step 01390/03814 (36.44%) | loss: 3.027992 | lrm: 0.98 | dt: 649.99ms | tok/sec: 100,826 | bf16_mfu: 0.00 | epoch: 1 pq: 1 rg: 39 | total time: 15.35m | eta: 27.0m
step 01391/03814 (36.47%) | loss: 3.038597 | lrm: 0.98 | dt: 646.84ms | tok/sec: 101,316 | bf16_mfu: 0.00 | epoch: 1 pq: 1 rg: 39 | total time: 15.36m | eta: 26.9m
step 01392/03814 (36.50%) | loss: 3.049955 | lrm: 0.98 | dt: 687.79ms | tok/sec: 95,285 | bf16_mfu: 0.00 | epoch: 1 pq: 1 rg: 39 | total time: 15.37m | eta: 26.9m
step 01393/03814 (36.52%) | loss: 3.064899 | lrm: 0.98 | dt: 743.05ms | tok/sec: 88,198 | bf16_mfu: 0.00 | epoch: 1 pq: 1 rg: 39 | total time: 15.38m | eta: 26.9m
step 01394/03814 (36.55%) | loss: 3.042550 | lrm: 0.98 | dt: 649.22ms | tok/sec: 100,945 | bf16_mfu: 0.00 | epoch: 1 pq: 1 rg: 39 | total time: 15.39m | eta: 26.9m
step 01395/03814 (36.58%) | loss: 3.049939 | lrm: 0.98 | dt: 801.94ms | tok/sec: 81,721 | bf16_mfu: 0.00 | epoch: 1 pq: 1 rg: 40 | total time: 15.40m | eta: 26.9m
step 01396/03814 (36.60%) | loss: 3.039942 | lrm: 0.98 | dt: 648.74ms | tok/sec: 101,020 | bf16_mfu: 0.00 | epoch: 1 pq: 1 rg: 40 | total time: 15.42m | eta: 26.9m
step 01397/03814 (36.63%) | loss: 3.031841 | lrm: 0.98 | dt: 648.80ms | tok/sec: 101,011 | bf16_mfu: 0.00 | epoch: 1 pq: 1 rg: 40 | total time: 15.43m | eta: 26.9m
step 01398/03814 (36.65%) | loss: 3.045683 | lrm: 0.98 | dt: 679.61ms | tok/sec: 96,432 | bf16_mfu: 0.00 | epoch: 1 pq: 1 rg: 40 | total time: 15.44m | eta: 26.9m
step 01399/03814 (36.68%) | loss: 3.051332 | lrm: 0.98 | dt: 645.11ms | tok/sec: 101,589 | bf16_mfu: 0.00 | epoch: 1 pq: 1 rg: 40 | total time: 15.45m | eta: 26.9m
step 01400/03814 (36.71%) | loss: 3.058590 | lrm: 0.98 | dt: 646.24ms | tok/sec: 101,410 | bf16_mfu: 0.00 | epoch: 1 pq: 1 rg: 40 | total time: 15.46m | eta: 26.8m
step 01401/03814 (36.73%) | loss: 3.058984 | lrm: 0.97 | dt: 646.00ms | tok/sec: 101,449 | bf16_mfu: 0.00 | epoch: 1 pq: 1 rg: 40 | total time: 15.47m | eta: 26.8m
step 01402/03814 (36.76%) | loss: 3.062957 | lrm: 0.97 | dt: 787.57ms | tok/sec: 83,212 | bf16_mfu: 0.00 | epoch: 1 pq: 1 rg: 40 | total time: 15.48m | eta: 26.8m
step 01403/03814 (36.79%) | loss: 3.034248 | lrm: 0.97 | dt: 642.67ms | tok/sec: 101,974 | bf16_mfu: 0.00 | epoch: 1 pq: 1 rg: 40 | total time: 15.49m | eta: 26.8m
step 01404/03814 (36.81%) | loss: 3.045534 | lrm: 0.97 | dt: 759.73ms | tok/sec: 86,262 | bf16_mfu: 0.00 | epoch: 1 pq: 1 rg: 40 | total time: 15.51m | eta: 26.8m
step 01405/03814 (36.84%) | loss: 3.027708 | lrm: 0.97 | dt: 720.79ms | tok/sec: 90,922 | bf16_mfu: 0.00 | epoch: 1 pq: 1 rg: 40 | total time: 15.52m | eta: 26.8m
step 01406/03814 (36.86%) | loss: 3.017620 | lrm: 0.97 | dt: 764.32ms | tok/sec: 85,744 | bf16_mfu: 0.00 | epoch: 1 pq: 1 rg: 41 | total time: 15.53m | eta: 26.8m
step 01407/03814 (36.89%) | loss: 3.025138 | lrm: 0.97 | dt: 649.60ms | tok/sec: 100,887 | bf16_mfu: 0.00 | epoch: 1 pq: 1 rg: 41 | total time: 15.54m | eta: 26.8m
step 01408/03814 (36.92%) | loss: 3.035937 | lrm: 0.97 | dt: 662.47ms | tok/sec: 98,926 | bf16_mfu: 0.00 | epoch: 1 pq: 1 rg: 41 | total time: 15.55m | eta: 26.8m
step 01409/03814 (36.94%) | loss: 3.047568 | lrm: 0.97 | dt: 673.15ms | tok/sec: 97,357 | bf16_mfu: 0.00 | epoch: 1 pq: 1 rg: 41 | total time: 15.56m | eta: 26.8m
step 01410/03814 (36.97%) | loss: 3.036702 | lrm: 0.97 | dt: 645.47ms | tok/sec: 101,531 | bf16_mfu: 0.00 | epoch: 1 pq: 1 rg: 41 | total time: 15.57m | eta: 26.7m
step 01411/03814 (37.00%) | loss: 3.045989 | lrm: 0.97 | dt: 739.58ms | tok/sec: 88,612 | bf16_mfu: 0.00 | epoch: 1 pq: 1 rg: 41 | total time: 15.59m | eta: 26.7m
step 01412/03814 (37.02%) | loss: 3.035681 | lrm: 0.97 | dt: 796.43ms | tok/sec: 82,286 | bf16_mfu: 0.00 | epoch: 1 pq: 1 rg: 41 | total time: 15.60m | eta: 26.7m
step 01413/03814 (37.05%) | loss: 3.040016 | lrm: 0.97 | dt: 650.08ms | tok/sec: 100,812 | bf16_mfu: 0.00 | epoch: 1 pq: 1 rg: 41 | total time: 15.61m | eta: 26.7m
step 01414/03814 (37.07%) | loss: 3.055136 | lrm: 0.97 | dt: 727.28ms | tok/sec: 90,111 | bf16_mfu: 0.00 | epoch: 1 pq: 1 rg: 41 | total time: 15.62m | eta: 26.7m
step 01415/03814 (37.10%) | loss: 3.037745 | lrm: 0.97 | dt: 648.62ms | tok/sec: 101,039 | bf16_mfu: 0.00 | epoch: 1 pq: 1 rg: 41 | total time: 15.63m | eta: 26.7m
step 01416/03814 (37.13%) | loss: 3.045073 | lrm: 0.97 | dt: 650.14ms | tok/sec: 100,802 | bf16_mfu: 0.00 | epoch: 1 pq: 1 rg: 41 | total time: 15.65m | eta: 26.7m
step 01417/03814 (37.15%) | loss: 3.048032 | lrm: 0.97 | dt: 648.22ms | tok/sec: 101,101 | bf16_mfu: 0.00 | epoch: 1 pq: 1 rg: 41 | total time: 15.66m | eta: 26.7m
step 01418/03814 (37.18%) | loss: 3.026835 | lrm: 0.97 | dt: 858.56ms | tok/sec: 76,332 | bf16_mfu: 0.00 | epoch: 1 pq: 1 rg: 42 | total time: 15.67m | eta: 26.7m
step 01419/03814 (37.21%) | loss: 3.030677 | lrm: 0.97 | dt: 643.50ms | tok/sec: 101,843 | bf16_mfu: 0.00 | epoch: 1 pq: 1 rg: 42 | total time: 15.68m | eta: 26.7m
step 01420/03814 (37.23%) | loss: 3.032581 | lrm: 0.97 | dt: 799.85ms | tok/sec: 81,934 | bf16_mfu: 0.00 | epoch: 1 pq: 1 rg: 42 | total time: 15.69m | eta: 26.6m
step 01421/03814 (37.26%) | loss: 3.032180 | lrm: 0.97 | dt: 657.75ms | tok/sec: 99,636 | bf16_mfu: 0.00 | epoch: 1 pq: 1 rg: 42 | total time: 15.71m | eta: 26.6m
step 01422/03814 (37.28%) | loss: 3.036742 | lrm: 0.97 | dt: 648.31ms | tok/sec: 101,087 | bf16_mfu: 0.00 | epoch: 1 pq: 1 rg: 42 | total time: 15.72m | eta: 26.6m
step 01423/03814 (37.31%) | loss: 3.049621 | lrm: 0.97 | dt: 650.81ms | tok/sec: 100,699 | bf16_mfu: 0.00 | epoch: 1 pq: 1 rg: 42 | total time: 15.73m | eta: 26.6m
step 01424/03814 (37.34%) | loss: 3.061919 | lrm: 0.97 | dt: 648.08ms | tok/sec: 101,123 | bf16_mfu: 0.00 | epoch: 1 pq: 1 rg: 42 | total time: 15.74m | eta: 26.6m
step 01425/03814 (37.36%) | loss: 3.058982 | lrm: 0.97 | dt: 645.70ms | tok/sec: 101,495 | bf16_mfu: 0.00 | epoch: 1 pq: 1 rg: 42 | total time: 15.75m | eta: 26.6m
step 01426/03814 (37.39%) | loss: 3.060584 | lrm: 0.97 | dt: 850.41ms | tok/sec: 77,063 | bf16_mfu: 0.00 | epoch: 1 pq: 1 rg: 42 | total time: 15.76m | eta: 26.6m
step 01427/03814 (37.41%) | loss: 3.075296 | lrm: 0.96 | dt: 648.39ms | tok/sec: 101,075 | bf16_mfu: 0.00 | epoch: 1 pq: 1 rg: 42 | total time: 15.77m | eta: 26.6m
step 01428/03814 (37.44%) | loss: 3.069507 | lrm: 0.96 | dt: 658.11ms | tok/sec: 99,582 | bf16_mfu: 0.00 | epoch: 1 pq: 1 rg: 42 | total time: 15.78m | eta: 26.6m
step 01429/03814 (37.47%) | loss: 3.072770 | lrm: 0.96 | dt: 646.48ms | tok/sec: 101,374 | bf16_mfu: 0.00 | epoch: 1 pq: 1 rg: 42 | total time: 15.80m | eta: 26.5m
step 01430/03814 (37.49%) | loss: 3.099698 | lrm: 0.96 | dt: 689.02ms | tok/sec: 95,114 | bf16_mfu: 0.00 | epoch: 1 pq: 1 rg: 43 | total time: 15.81m | eta: 26.5m
step 01431/03814 (37.52%) | loss: 3.088370 | lrm: 0.96 | dt: 652.72ms | tok/sec: 100,404 | bf16_mfu: 0.00 | epoch: 1 pq: 1 rg: 43 | total time: 15.82m | eta: 26.5m
step 01432/03814 (37.55%) | loss: 3.077238 | lrm: 0.96 | dt: 648.95ms | tok/sec: 100,988 | bf16_mfu: 0.00 | epoch: 1 pq: 1 rg: 43 | total time: 15.83m | eta: 26.5m
step 01433/03814 (37.57%) | loss: 3.076428 | lrm: 0.96 | dt: 674.38ms | tok/sec: 97,179 | bf16_mfu: 0.00 | epoch: 1 pq: 1 rg: 43 | total time: 15.84m | eta: 26.5m
step 01434/03814 (37.60%) | loss: 3.063174 | lrm: 0.96 | dt: 705.57ms | tok/sec: 92,883 | bf16_mfu: 0.00 | epoch: 1 pq: 1 rg: 43 | total time: 15.85m | eta: 26.5m
step 01435/03814 (37.62%) | loss: 3.061333 | lrm: 0.96 | dt: 652.89ms | tok/sec: 100,378 | bf16_mfu: 0.00 | epoch: 1 pq: 1 rg: 43 | total time: 15.86m | eta: 26.5m
step 01436/03814 (37.65%) | loss: 3.074675 | lrm: 0.96 | dt: 652.35ms | tok/sec: 100,461 | bf16_mfu: 0.00 | epoch: 1 pq: 1 rg: 43 | total time: 15.87m | eta: 26.5m
step 01437/03814 (37.68%) | loss: 3.052031 | lrm: 0.96 | dt: 649.55ms | tok/sec: 100,894 | bf16_mfu: 0.00 | epoch: 1 pq: 1 rg: 43 | total time: 15.88m | eta: 26.5m
step 01438/03814 (37.70%) | loss: 3.051154 | lrm: 0.96 | dt: 648.73ms | tok/sec: 101,021 | bf16_mfu: 0.00 | epoch: 1 pq: 1 rg: 43 | total time: 15.89m | eta: 26.4m
step 01439/03814 (37.73%) | loss: 3.057820 | lrm: 0.96 | dt: 787.59ms | tok/sec: 83,210 | bf16_mfu: 0.00 | epoch: 1 pq: 1 rg: 43 | total time: 15.91m | eta: 26.4m
step 01440/03814 (37.76%) | loss: 3.043798 | lrm: 0.96 | dt: 748.35ms | tok/sec: 87,573 | bf16_mfu: 0.00 | epoch: 1 pq: 1 rg: 43 | total time: 15.92m | eta: 26.4m
step 01441/03814 (37.78%) | loss: 3.031388 | lrm: 0.96 | dt: 660.28ms | tok/sec: 99,254 | bf16_mfu: 0.00 | epoch: 1 pq: 1 rg: 43 | total time: 15.93m | eta: 26.4m
step 01442/03814 (37.81%) | loss: 3.039711 | lrm: 0.96 | dt: 683.61ms | tok/sec: 95,868 | bf16_mfu: 0.00 | epoch: 1 pq: 1 rg: 44 | total time: 15.94m | eta: 26.4m
step 01443/03814 (37.83%) | loss: 3.043060 | lrm: 0.96 | dt: 656.81ms | tok/sec: 99,779 | bf16_mfu: 0.00 | epoch: 1 pq: 1 rg: 44 | total time: 15.95m | eta: 26.4m
step 01444/03814 (37.86%) | loss: 3.040271 | lrm: 0.96 | dt: 655.25ms | tok/sec: 100,017 | bf16_mfu: 0.00 | epoch: 1 pq: 1 rg: 44 | total time: 15.96m | eta: 26.4m
step 01445/03814 (37.89%) | loss: 3.047775 | lrm: 0.96 | dt: 656.76ms | tok/sec: 99,786 | bf16_mfu: 0.00 | epoch: 1 pq: 1 rg: 44 | total time: 15.98m | eta: 26.4m
step 01446/03814 (37.91%) | loss: 3.041127 | lrm: 0.96 | dt: 789.33ms | tok/sec: 83,027 | bf16_mfu: 0.00 | epoch: 1 pq: 1 rg: 44 | total time: 15.99m | eta: 26.4m
step 01447/03814 (37.94%) | loss: 3.029581 | lrm: 0.96 | dt: 657.95ms | tok/sec: 99,606 | bf16_mfu: 0.00 | epoch: 1 pq: 1 rg: 44 | total time: 16.00m | eta: 26.4m
step 01448/03814 (37.97%) | loss: 3.031028 | lrm: 0.96 | dt: 668.74ms | tok/sec: 97,998 | bf16_mfu: 0.00 | epoch: 1 pq: 1 rg: 44 | total time: 16.01m | eta: 26.3m
step 01449/03814 (37.99%) | loss: 3.028706 | lrm: 0.96 | dt: 679.45ms | tok/sec: 96,454 | bf16_mfu: 0.00 | epoch: 1 pq: 1 rg: 44 | total time: 16.02m | eta: 26.3m
step 01450/03814 (38.02%) | loss: 3.007668 | lrm: 0.96 | dt: 657.09ms | tok/sec: 99,737 | bf16_mfu: 0.00 | epoch: 1 pq: 1 rg: 44 | total time: 16.03m | eta: 26.3m
step 01451/03814 (38.04%) | loss: 3.045360 | lrm: 0.96 | dt: 667.60ms | tok/sec: 98,166 | bf16_mfu: 0.00 | epoch: 1 pq: 1 rg: 44 | total time: 16.04m | eta: 26.3m
step 01452/03814 (38.07%) | loss: 3.040257 | lrm: 0.96 | dt: 668.11ms | tok/sec: 98,091 | bf16_mfu: 0.00 | epoch: 1 pq: 1 rg: 44 | total time: 16.06m | eta: 26.3m
step 01453/03814 (38.10%) | loss: 3.029925 | lrm: 0.95 | dt: 658.14ms | tok/sec: 99,577 | bf16_mfu: 0.00 | epoch: 1 pq: 1 rg: 44 | total time: 16.07m | eta: 26.3m
step 01454/03814 (38.12%) | loss: 3.028237 | lrm: 0.95 | dt: 743.89ms | tok/sec: 88,099 | bf16_mfu: 0.00 | epoch: 1 pq: 1 rg: 45 | total time: 16.08m | eta: 26.3m
step 01455/03814 (38.15%) | loss: 3.026738 | lrm: 0.95 | dt: 656.48ms | tok/sec: 99,829 | bf16_mfu: 0.00 | epoch: 1 pq: 1 rg: 45 | total time: 16.09m | eta: 26.3m
step 01456/03814 (38.18%) | loss: 3.014941 | lrm: 0.95 | dt: 657.38ms | tok/sec: 99,692 | bf16_mfu: 0.00 | epoch: 1 pq: 1 rg: 45 | total time: 16.10m | eta: 26.3m
step 01457/03814 (38.20%) | loss: 3.015229 | lrm: 0.95 | dt: 730.01ms | tok/sec: 89,773 | bf16_mfu: 0.00 | epoch: 1 pq: 1 rg: 45 | total time: 16.11m | eta: 26.2m
step 01458/03814 (38.23%) | loss: 3.032509 | lrm: 0.95 | dt: 720.56ms | tok/sec: 90,951 | bf16_mfu: 0.00 | epoch: 1 pq: 1 rg: 45 | total time: 16.12m | eta: 26.2m
step 01459/03814 (38.25%) | loss: 3.015360 | lrm: 0.95 | dt: 664.15ms | tok/sec: 98,675 | bf16_mfu: 0.00 | epoch: 1 pq: 1 rg: 45 | total time: 16.14m | eta: 26.2m
step 01460/03814 (38.28%) | loss: 3.022328 | lrm: 0.95 | dt: 656.21ms | tok/sec: 99,870 | bf16_mfu: 0.00 | epoch: 1 pq: 1 rg: 45 | total time: 16.15m | eta: 26.2m
step 01461/03814 (38.31%) | loss: 3.023897 | lrm: 0.95 | dt: 692.84ms | tok/sec: 94,590 | bf16_mfu: 0.00 | epoch: 1 pq: 1 rg: 45 | total time: 16.16m | eta: 26.2m
step 01462/03814 (38.33%) | loss: 3.001672 | lrm: 0.95 | dt: 698.09ms | tok/sec: 93,878 | bf16_mfu: 0.00 | epoch: 1 pq: 1 rg: 45 | total time: 16.17m | eta: 26.2m
step 01463/03814 (38.36%) | loss: 3.000573 | lrm: 0.95 | dt: 661.26ms | tok/sec: 99,107 | bf16_mfu: 0.00 | epoch: 1 pq: 1 rg: 45 | total time: 16.18m | eta: 26.2m
step 01464/03814 (38.38%) | loss: 3.011456 | lrm: 0.95 | dt: 678.91ms | tok/sec: 96,530 | bf16_mfu: 0.00 | epoch: 1 pq: 1 rg: 45 | total time: 16.19m | eta: 26.2m
step 01465/03814 (38.41%) | loss: 2.989149 | lrm: 0.95 | dt: 866.92ms | tok/sec: 75,595 | bf16_mfu: 0.00 | epoch: 1 pq: 1 rg: 46 | total time: 16.21m | eta: 26.2m
step 01466/03814 (38.44%) | loss: 2.990137 | lrm: 0.95 | dt: 658.62ms | tok/sec: 99,505 | bf16_mfu: 0.00 | epoch: 1 pq: 1 rg: 46 | total time: 16.22m | eta: 26.2m
step 01467/03814 (38.46%) | loss: 3.024815 | lrm: 0.95 | dt: 720.09ms | tok/sec: 91,011 | bf16_mfu: 0.00 | epoch: 1 pq: 1 rg: 46 | total time: 16.23m | eta: 26.1m
step 01468/03814 (38.49%) | loss: 3.014242 | lrm: 0.95 | dt: 663.48ms | tok/sec: 98,775 | bf16_mfu: 0.00 | epoch: 1 pq: 1 rg: 46 | total time: 16.24m | eta: 26.1m
step 01469/03814 (38.52%) | loss: 3.014784 | lrm: 0.95 | dt: 652.76ms | tok/sec: 100,398 | bf16_mfu: 0.00 | epoch: 1 pq: 1 rg: 46 | total time: 16.25m | eta: 26.1m
step 01470/03814 (38.54%) | loss: 3.027074 | lrm: 0.95 | dt: 664.69ms | tok/sec: 98,596 | bf16_mfu: 0.00 | epoch: 1 pq: 1 rg: 46 | total time: 16.26m | eta: 26.1m
step 01471/03814 (38.57%) | loss: 3.011519 | lrm: 0.95 | dt: 659.05ms | tok/sec: 99,440 | bf16_mfu: 0.00 | epoch: 1 pq: 1 rg: 46 | total time: 16.27m | eta: 26.1m
step 01472/03814 (38.59%) | loss: 3.008568 | lrm: 0.95 | dt: 654.26ms | tok/sec: 100,167 | bf16_mfu: 0.00 | epoch: 1 pq: 1 rg: 46 | total time: 16.28m | eta: 26.1m
step 01473/03814 (38.62%) | loss: 3.039848 | lrm: 0.95 | dt: 754.71ms | tok/sec: 86,836 | bf16_mfu: 0.00 | epoch: 1 pq: 1 rg: 46 | total time: 16.30m | eta: 26.1m
step 01474/03814 (38.65%) | loss: 3.042520 | lrm: 0.95 | dt: 676.68ms | tok/sec: 96,849 | bf16_mfu: 0.00 | epoch: 1 pq: 1 rg: 46 | total time: 16.31m | eta: 26.1m
step 01475/03814 (38.67%) | loss: 3.034440 | lrm: 0.95 | dt: 653.60ms | tok/sec: 100,269 | bf16_mfu: 0.00 | epoch: 1 pq: 1 rg: 46 | total time: 16.32m | eta: 26.1m
step 01476/03814 (38.70%) | loss: 3.046333 | lrm: 0.95 | dt: 653.18ms | tok/sec: 100,333 | bf16_mfu: 0.00 | epoch: 1 pq: 1 rg: 46 | total time: 16.33m | eta: 26.0m
step 01477/03814 (38.73%) | loss: 3.048568 | lrm: 0.95 | dt: 712.39ms | tok/sec: 91,994 | bf16_mfu: 0.00 | epoch: 1 pq: 1 rg: 47 | total time: 16.34m | eta: 26.0m
step 01478/03814 (38.75%) | loss: 3.032872 | lrm: 0.95 | dt: 665.15ms | tok/sec: 98,528 | bf16_mfu: 0.00 | epoch: 1 pq: 1 rg: 47 | total time: 16.35m | eta: 26.0m
step 01479/03814 (38.78%) | loss: 3.040082 | lrm: 0.94 | dt: 656.67ms | tok/sec: 99,799 | bf16_mfu: 0.00 | epoch: 1 pq: 1 rg: 47 | total time: 16.36m | eta: 26.0m
step 01480/03814 (38.80%) | loss: 3.013311 | lrm: 0.94 | dt: 668.47ms | tok/sec: 98,038 | bf16_mfu: 0.00 | epoch: 1 pq: 1 rg: 47 | total time: 16.38m | eta: 26.0m
step 01481/03814 (38.83%) | loss: 3.007497 | lrm: 0.94 | dt: 653.15ms | tok/sec: 100,338 | bf16_mfu: 0.00 | epoch: 1 pq: 1 rg: 47 | total time: 16.39m | eta: 26.0m
step 01482/03814 (38.86%) | loss: 3.007512 | lrm: 0.94 | dt: 656.98ms | tok/sec: 99,754 | bf16_mfu: 0.00 | epoch: 1 pq: 1 rg: 47 | total time: 16.40m | eta: 26.0m
step 01483/03814 (38.88%) | loss: 2.987262 | lrm: 0.94 | dt: 652.29ms | tok/sec: 100,471 | bf16_mfu: 0.00 | epoch: 1 pq: 1 rg: 47 | total time: 16.41m | eta: 26.0m
step 01484/03814 (38.91%) | loss: 2.972510 | lrm: 0.94 | dt: 657.56ms | tok/sec: 99,665 | bf16_mfu: 0.00 | epoch: 1 pq: 1 rg: 47 | total time: 16.42m | eta: 26.0m
step 01485/03814 (38.94%) | loss: 2.989541 | lrm: 0.94 | dt: 654.36ms | tok/sec: 100,152 | bf16_mfu: 0.00 | epoch: 1 pq: 1 rg: 47 | total time: 16.43m | eta: 25.9m
step 01486/03814 (38.96%) | loss: 2.992003 | lrm: 0.94 | dt: 867.28ms | tok/sec: 75,564 | bf16_mfu: 0.00 | epoch: 1 pq: 1 rg: 47 | total time: 16.44m | eta: 25.9m
step 01487/03814 (38.99%) | loss: 2.998696 | lrm: 0.94 | dt: 654.66ms | tok/sec: 100,106 | bf16_mfu: 0.00 | epoch: 1 pq: 1 rg: 47 | total time: 16.46m | eta: 25.9m
step 01488/03814 (39.01%) | loss: 2.989555 | lrm: 0.94 | dt: 723.89ms | tok/sec: 90,533 | bf16_mfu: 0.00 | epoch: 1 pq: 1 rg: 47 | total time: 16.47m | eta: 25.9m
step 01489/03814 (39.04%) | loss: 2.968797 | lrm: 0.94 | dt: 746.04ms | tok/sec: 87,844 | bf16_mfu: 0.00 | epoch: 1 pq: 1 rg: 48 | total time: 16.48m | eta: 25.9m
step 01490/03814 (39.07%) | loss: 2.954931 | lrm: 0.94 | dt: 652.32ms | tok/sec: 100,465 | bf16_mfu: 0.00 | epoch: 1 pq: 1 rg: 48 | total time: 16.49m | eta: 25.9m
step 01491/03814 (39.09%) | loss: 2.958322 | lrm: 0.94 | dt: 770.44ms | tok/sec: 85,063 | bf16_mfu: 0.00 | epoch: 1 pq: 1 rg: 48 | total time: 16.50m | eta: 25.9m
step 01492/03814 (39.12%) | loss: 2.984358 | lrm: 0.94 | dt: 811.21ms | tok/sec: 80,787 | bf16_mfu: 0.00 | epoch: 1 pq: 1 rg: 48 | total time: 16.52m | eta: 25.9m
step 01493/03814 (39.15%) | loss: 2.964568 | lrm: 0.94 | dt: 654.82ms | tok/sec: 100,081 | bf16_mfu: 0.00 | epoch: 1 pq: 1 rg: 48 | total time: 16.53m | eta: 25.9m
step 01494/03814 (39.17%) | loss: 2.990383 | lrm: 0.94 | dt: 652.57ms | tok/sec: 100,427 | bf16_mfu: 0.00 | epoch: 1 pq: 1 rg: 48 | total time: 16.54m | eta: 25.9m
step 01495/03814 (39.20%) | loss: 2.995227 | lrm: 0.94 | dt: 750.33ms | tok/sec: 87,343 | bf16_mfu: 0.00 | epoch: 1 pq: 1 rg: 48 | total time: 16.55m | eta: 25.8m
step 01496/03814 (39.22%) | loss: 2.985855 | lrm: 0.94 | dt: 650.19ms | tok/sec: 100,795 | bf16_mfu: 0.00 | epoch: 1 pq: 1 rg: 48 | total time: 16.56m | eta: 25.8m
step 01497/03814 (39.25%) | loss: 2.985571 | lrm: 0.94 | dt: 669.49ms | tok/sec: 97,890 | bf16_mfu: 0.00 | epoch: 1 pq: 1 rg: 48 | total time: 16.57m | eta: 25.8m
step 01498/03814 (39.28%) | loss: 2.976264 | lrm: 0.94 | dt: 727.00ms | tok/sec: 90,146 | bf16_mfu: 0.00 | epoch: 1 pq: 1 rg: 48 | total time: 16.59m | eta: 25.8m
step 01499/03814 (39.30%) | loss: 2.974705 | lrm: 0.94 | dt: 650.11ms | tok/sec: 100,807 | bf16_mfu: 0.00 | epoch: 1 pq: 1 rg: 48 | total time: 16.60m | eta: 25.8m
Step 01500 | Validation bpb: 0.885835
step 01500/03814 (39.33%) | loss: 2.986665 | lrm: 0.94 | dt: 664.26ms | tok/sec: 98,660 | bf16_mfu: 0.00 | epoch: 1 pq: 1 rg: 48 | total time: 16.61m | eta: 25.8m
step 01501/03814 (39.36%) | loss: 3.001154 | lrm: 0.94 | dt: 727.56ms | tok/sec: 90,076 | bf16_mfu: 0.00 | epoch: 1 pq: 1 rg: 49 | total time: 16.62m | eta: 25.8m
step 01502/03814 (39.38%) | loss: 2.979910 | lrm: 0.94 | dt: 641.24ms | tok/sec: 102,202 | bf16_mfu: 0.00 | epoch: 1 pq: 1 rg: 49 | total time: 16.63m | eta: 25.8m
step 01503/03814 (39.41%) | loss: 2.988324 | lrm: 0.94 | dt: 634.00ms | tok/sec: 103,369 | bf16_mfu: 0.00 | epoch: 1 pq: 1 rg: 49 | total time: 16.64m | eta: 25.8m
step 01504/03814 (39.43%) | loss: 2.981068 | lrm: 0.94 | dt: 637.99ms | tok/sec: 102,723 | bf16_mfu: 0.00 | epoch: 1 pq: 1 rg: 49 | total time: 16.65m | eta: 25.7m
step 01505/03814 (39.46%) | loss: 2.993600 | lrm: 0.93 | dt: 653.14ms | tok/sec: 100,340 | bf16_mfu: 0.00 | epoch: 1 pq: 1 rg: 49 | total time: 16.66m | eta: 25.7m
step 01506/03814 (39.49%) | loss: 3.006022 | lrm: 0.93 | dt: 635.57ms | tok/sec: 103,114 | bf16_mfu: 0.00 | epoch: 1 pq: 1 rg: 49 | total time: 16.67m | eta: 25.7m
step 01507/03814 (39.51%) | loss: 3.008716 | lrm: 0.93 | dt: 644.53ms | tok/sec: 101,680 | bf16_mfu: 0.00 | epoch: 1 pq: 1 rg: 49 | total time: 16.68m | eta: 25.7m
step 01508/03814 (39.54%) | loss: 3.001468 | lrm: 0.93 | dt: 633.78ms | tok/sec: 103,405 | bf16_mfu: 0.00 | epoch: 1 pq: 1 rg: 49 | total time: 16.69m | eta: 25.7m
step 01509/03814 (39.56%) | loss: 3.004760 | lrm: 0.93 | dt: 640.41ms | tok/sec: 102,333 | bf16_mfu: 0.00 | epoch: 1 pq: 1 rg: 49 | total time: 16.70m | eta: 25.7m
step 01510/03814 (39.59%) | loss: 2.992447 | lrm: 0.93 | dt: 738.56ms | tok/sec: 88,734 | bf16_mfu: 0.00 | epoch: 1 pq: 1 rg: 49 | total time: 16.72m | eta: 25.7m
step 01511/03814 (39.62%) | loss: 2.983917 | lrm: 0.93 | dt: 638.58ms | tok/sec: 102,627 | bf16_mfu: 0.00 | epoch: 1 pq: 1 rg: 49 | total time: 16.73m | eta: 25.7m
step 01512/03814 (39.64%) | loss: 2.982940 | lrm: 0.93 | dt: 636.99ms | tok/sec: 102,883 | bf16_mfu: 0.00 | epoch: 1 pq: 1 rg: 49 | total time: 16.74m | eta: 25.7m
step 01513/03814 (39.67%) | loss: 2.978457 | lrm: 0.93 | dt: 797.49ms | tok/sec: 82,177 | bf16_mfu: 0.00 | epoch: 1 pq: 1 rg: 50 | total time: 16.75m | eta: 25.6m
step 01514/03814 (39.70%) | loss: 2.952587 | lrm: 0.93 | dt: 711.16ms | tok/sec: 92,153 | bf16_mfu: 0.00 | epoch: 1 pq: 1 rg: 50 | total time: 16.76m | eta: 25.6m
step 01515/03814 (39.72%) | loss: 2.958487 | lrm: 0.93 | dt: 649.11ms | tok/sec: 100,962 | bf16_mfu: 0.00 | epoch: 1 pq: 1 rg: 50 | total time: 16.77m | eta: 25.6m
step 01516/03814 (39.75%) | loss: 2.968407 | lrm: 0.93 | dt: 648.73ms | tok/sec: 101,022 | bf16_mfu: 0.00 | epoch: 1 pq: 1 rg: 50 | total time: 16.79m | eta: 25.6m
step 01517/03814 (39.77%) | loss: 2.994648 | lrm: 0.93 | dt: 644.87ms | tok/sec: 101,626 | bf16_mfu: 0.00 | epoch: 1 pq: 1 rg: 50 | total time: 16.80m | eta: 25.6m
step 01518/03814 (39.80%) | loss: 2.994483 | lrm: 0.93 | dt: 640.06ms | tok/sec: 102,390 | bf16_mfu: 0.00 | epoch: 1 pq: 1 rg: 50 | total time: 16.81m | eta: 25.6m
step 01519/03814 (39.83%) | loss: 3.002472 | lrm: 0.93 | dt: 692.83ms | tok/sec: 94,591 | bf16_mfu: 0.00 | epoch: 1 pq: 1 rg: 50 | total time: 16.82m | eta: 25.6m
step 01520/03814 (39.85%) | loss: 2.987719 | lrm: 0.93 | dt: 747.11ms | tok/sec: 87,719 | bf16_mfu: 0.00 | epoch: 1 pq: 1 rg: 50 | total time: 16.83m | eta: 25.6m
step 01521/03814 (39.88%) | loss: 2.981472 | lrm: 0.93 | dt: 640.11ms | tok/sec: 102,382 | bf16_mfu: 0.00 | epoch: 1 pq: 1 rg: 50 | total time: 16.84m | eta: 25.6m
step 01522/03814 (39.91%) | loss: 2.988691 | lrm: 0.93 | dt: 691.16ms | tok/sec: 94,819 | bf16_mfu: 0.00 | epoch: 1 pq: 1 rg: 50 | total time: 16.85m | eta: 25.5m
step 01523/03814 (39.93%) | loss: 2.972844 | lrm: 0.93 | dt: 638.61ms | tok/sec: 102,623 | bf16_mfu: 0.00 | epoch: 1 pq: 1 rg: 50 | total time: 16.86m | eta: 25.5m
step 01524/03814 (39.96%) | loss: 2.972535 | lrm: 0.93 | dt: 644.00ms | tok/sec: 101,764 | bf16_mfu: 0.00 | epoch: 1 pq: 1 rg: 50 | total time: 16.87m | eta: 25.5m
step 01525/03814 (39.98%) | loss: 2.995796 | lrm: 0.93 | dt: 778.43ms | tok/sec: 84,190 | bf16_mfu: 0.00 | epoch: 1 pq: 1 rg: 51 | total time: 16.89m | eta: 25.5m
step 01526/03814 (40.01%) | loss: 2.988717 | lrm: 0.93 | dt: 821.36ms | tok/sec: 79,789 | bf16_mfu: 0.00 | epoch: 1 pq: 1 rg: 51 | total time: 16.90m | eta: 25.5m
step 01527/03814 (40.04%) | loss: 2.983376 | lrm: 0.93 | dt: 644.89ms | tok/sec: 101,624 | bf16_mfu: 0.00 | epoch: 1 pq: 1 rg: 51 | total time: 16.91m | eta: 25.5m
step 01528/03814 (40.06%) | loss: 2.983619 | lrm: 0.93 | dt: 639.01ms | tok/sec: 102,557 | bf16_mfu: 0.00 | epoch: 1 pq: 1 rg: 51 | total time: 16.92m | eta: 25.5m
step 01529/03814 (40.09%) | loss: 2.990845 | lrm: 0.93 | dt: 665.91ms | tok/sec: 98,416 | bf16_mfu: 0.00 | epoch: 1 pq: 1 rg: 51 | total time: 16.93m | eta: 25.5m
step 01530/03814 (40.12%) | loss: 2.985911 | lrm: 0.93 | dt: 746.83ms | tok/sec: 87,752 | bf16_mfu: 0.00 | epoch: 1 pq: 1 rg: 51 | total time: 16.95m | eta: 25.5m
step 01531/03814 (40.14%) | loss: 2.983025 | lrm: 0.92 | dt: 642.70ms | tok/sec: 101,969 | bf16_mfu: 0.00 | epoch: 1 pq: 1 rg: 51 | total time: 16.96m | eta: 25.5m
step 01532/03814 (40.17%) | loss: 3.001274 | lrm: 0.92 | dt: 781.52ms | tok/sec: 83,856 | bf16_mfu: 0.00 | epoch: 1 pq: 1 rg: 51 | total time: 16.97m | eta: 25.4m
step 01533/03814 (40.19%) | loss: 2.990104 | lrm: 0.92 | dt: 732.40ms | tok/sec: 89,481 | bf16_mfu: 0.00 | epoch: 1 pq: 1 rg: 51 | total time: 16.98m | eta: 25.4m
step 01534/03814 (40.22%) | loss: 3.002930 | lrm: 0.92 | dt: 641.79ms | tok/sec: 102,114 | bf16_mfu: 0.00 | epoch: 1 pq: 1 rg: 51 | total time: 16.99m | eta: 25.4m
step 01535/03814 (40.25%) | loss: 3.010413 | lrm: 0.92 | dt: 736.00ms | tok/sec: 89,043 | bf16_mfu: 0.00 | epoch: 1 pq: 1 rg: 51 | total time: 17.00m | eta: 25.4m
step 01536/03814 (40.27%) | loss: 2.996029 | lrm: 0.92 | dt: 728.38ms | tok/sec: 89,975 | bf16_mfu: 0.00 | epoch: 1 pq: 1 rg: 52 | total time: 17.02m | eta: 25.4m
step 01537/03814 (40.30%) | loss: 2.988537 | lrm: 0.92 | dt: 642.96ms | tok/sec: 101,928 | bf16_mfu: 0.00 | epoch: 1 pq: 1 rg: 52 | total time: 17.03m | eta: 25.4m
step 01538/03814 (40.33%) | loss: 3.000059 | lrm: 0.92 | dt: 746.61ms | tok/sec: 87,778 | bf16_mfu: 0.00 | epoch: 1 pq: 1 rg: 52 | total time: 17.04m | eta: 25.4m
step 01539/03814 (40.35%) | loss: 2.991463 | lrm: 0.92 | dt: 700.88ms | tok/sec: 93,504 | bf16_mfu: 0.00 | epoch: 1 pq: 1 rg: 52 | total time: 17.05m | eta: 25.4m
step 01540/03814 (40.38%) | loss: 2.993650 | lrm: 0.92 | dt: 649.09ms | tok/sec: 100,966 | bf16_mfu: 0.00 | epoch: 1 pq: 1 rg: 52 | total time: 17.06m | eta: 25.4m
step 01541/03814 (40.40%) | loss: 2.983358 | lrm: 0.92 | dt: 666.72ms | tok/sec: 98,295 | bf16_mfu: 0.00 | epoch: 1 pq: 1 rg: 52 | total time: 17.07m | eta: 25.3m
step 01542/03814 (40.43%) | loss: 2.979284 | lrm: 0.92 | dt: 640.46ms | tok/sec: 102,326 | bf16_mfu: 0.00 | epoch: 1 pq: 1 rg: 52 | total time: 17.08m | eta: 25.3m
step 01543/03814 (40.46%) | loss: 2.972925 | lrm: 0.92 | dt: 643.74ms | tok/sec: 101,804 | bf16_mfu: 0.00 | epoch: 1 pq: 1 rg: 52 | total time: 17.09m | eta: 25.3m
step 01544/03814 (40.48%) | loss: 2.969959 | lrm: 0.92 | dt: 727.93ms | tok/sec: 90,030 | bf16_mfu: 0.00 | epoch: 1 pq: 1 rg: 52 | total time: 17.11m | eta: 25.3m
step 01545/03814 (40.51%) | loss: 2.984438 | lrm: 0.92 | dt: 648.02ms | tok/sec: 101,133 | bf16_mfu: 0.00 | epoch: 1 pq: 1 rg: 52 | total time: 17.12m | eta: 25.3m
step 01546/03814 (40.53%) | loss: 2.964207 | lrm: 0.92 | dt: 643.81ms | tok/sec: 101,794 | bf16_mfu: 0.00 | epoch: 1 pq: 1 rg: 52 | total time: 17.13m | eta: 25.3m
step 01547/03814 (40.56%) | loss: 2.967968 | lrm: 0.92 | dt: 666.70ms | tok/sec: 98,298 | bf16_mfu: 0.00 | epoch: 1 pq: 1 rg: 52 | total time: 17.14m | eta: 25.3m
step 01548/03814 (40.59%) | loss: 2.979200 | lrm: 0.92 | dt: 824.46ms | tok/sec: 79,489 | bf16_mfu: 0.00 | epoch: 1 pq: 1 rg: 53 | total time: 17.15m | eta: 25.3m
step 01549/03814 (40.61%) | loss: 2.956404 | lrm: 0.92 | dt: 704.49ms | tok/sec: 93,026 | bf16_mfu: 0.00 | epoch: 1 pq: 1 rg: 53 | total time: 17.17m | eta: 25.3m
step 01550/03814 (40.64%) | loss: 2.963990 | lrm: 0.92 | dt: 646.29ms | tok/sec: 101,403 | bf16_mfu: 0.00 | epoch: 1 pq: 1 rg: 53 | total time: 17.18m | eta: 25.3m
step 01551/03814 (40.67%) | loss: 2.964230 | lrm: 0.92 | dt: 774.68ms | tok/sec: 84,597 | bf16_mfu: 0.00 | epoch: 1 pq: 1 rg: 53 | total time: 17.19m | eta: 25.2m
step 01552/03814 (40.69%) | loss: 2.956920 | lrm: 0.92 | dt: 643.36ms | tok/sec: 101,865 | bf16_mfu: 0.00 | epoch: 1 pq: 1 rg: 53 | total time: 17.20m | eta: 25.2m
step 01553/03814 (40.72%) | loss: 2.971199 | lrm: 0.92 | dt: 728.20ms | tok/sec: 89,997 | bf16_mfu: 0.00 | epoch: 1 pq: 1 rg: 53 | total time: 17.21m | eta: 25.2m
step 01554/03814 (40.74%) | loss: 2.987036 | lrm: 0.92 | dt: 729.90ms | tok/sec: 89,788 | bf16_mfu: 0.00 | epoch: 1 pq: 1 rg: 53 | total time: 17.22m | eta: 25.2m
step 01555/03814 (40.77%) | loss: 2.991440 | lrm: 0.92 | dt: 693.75ms | tok/sec: 94,465 | bf16_mfu: 0.00 | epoch: 1 pq: 1 rg: 53 | total time: 17.24m | eta: 25.2m
step 01556/03814 (40.80%) | loss: 2.994747 | lrm: 0.92 | dt: 641.30ms | tok/sec: 102,192 | bf16_mfu: 0.00 | epoch: 1 pq: 1 rg: 53 | total time: 17.25m | eta: 25.2m
step 01557/03814 (40.82%) | loss: 2.994649 | lrm: 0.91 | dt: 807.15ms | tok/sec: 81,194 | bf16_mfu: 0.00 | epoch: 1 pq: 1 rg: 53 | total time: 17.26m | eta: 25.2m
step 01558/03814 (40.85%) | loss: 2.976436 | lrm: 0.91 | dt: 691.56ms | tok/sec: 94,764 | bf16_mfu: 0.00 | epoch: 1 pq: 1 rg: 53 | total time: 17.27m | eta: 25.2m
step 01559/03814 (40.88%) | loss: 2.984048 | lrm: 0.91 | dt: 647.33ms | tok/sec: 101,239 | bf16_mfu: 0.00 | epoch: 1 pq: 1 rg: 53 | total time: 17.28m | eta: 25.2m
step 01560/03814 (40.90%) | loss: 2.991338 | lrm: 0.91 | dt: 978.81ms | tok/sec: 66,955 | bf16_mfu: 0.00 | epoch: 1 pq: 1 rg: 54 | total time: 17.30m | eta: 25.2m
step 01561/03814 (40.93%) | loss: 2.990451 | lrm: 0.91 | dt: 643.46ms | tok/sec: 101,848 | bf16_mfu: 0.00 | epoch: 1 pq: 1 rg: 54 | total time: 17.31m | eta: 25.1m
step 01562/03814 (40.95%) | loss: 2.998815 | lrm: 0.91 | dt: 646.58ms | tok/sec: 101,358 | bf16_mfu: 0.00 | epoch: 1 pq: 1 rg: 54 | total time: 17.32m | eta: 25.1m
step 01563/03814 (40.98%) | loss: 3.008774 | lrm: 0.91 | dt: 655.31ms | tok/sec: 100,006 | bf16_mfu: 0.00 | epoch: 1 pq: 1 rg: 54 | total time: 17.33m | eta: 25.1m
step 01564/03814 (41.01%) | loss: 2.988566 | lrm: 0.91 | dt: 1141.67ms | tok/sec: 57,403 | bf16_mfu: 0.00 | epoch: 1 pq: 1 rg: 54 | total time: 17.35m | eta: 25.1m
step 01565/03814 (41.03%) | loss: 2.980874 | lrm: 0.91 | dt: 643.87ms | tok/sec: 101,784 | bf16_mfu: 0.00 | epoch: 1 pq: 1 rg: 54 | total time: 17.36m | eta: 25.1m
step 01566/03814 (41.06%) | loss: 2.990345 | lrm: 0.91 | dt: 682.88ms | tok/sec: 95,970 | bf16_mfu: 0.00 | epoch: 1 pq: 1 rg: 54 | total time: 17.37m | eta: 25.1m
step 01567/03814 (41.09%) | loss: 2.964741 | lrm: 0.91 | dt: 643.65ms | tok/sec: 101,820 | bf16_mfu: 0.00 | epoch: 1 pq: 1 rg: 54 | total time: 17.38m | eta: 25.1m
step 01568/03814 (41.11%) | loss: 2.960512 | lrm: 0.91 | dt: 646.70ms | tok/sec: 101,339 | bf16_mfu: 0.00 | epoch: 1 pq: 1 rg: 54 | total time: 17.39m | eta: 25.1m
step 01569/03814 (41.14%) | loss: 2.961624 | lrm: 0.91 | dt: 826.79ms | tok/sec: 79,265 | bf16_mfu: 0.00 | epoch: 1 pq: 1 rg: 54 | total time: 17.41m | eta: 25.1m
step 01570/03814 (41.16%) | loss: 2.971639 | lrm: 0.91 | dt: 645.89ms | tok/sec: 101,465 | bf16_mfu: 0.00 | epoch: 1 pq: 1 rg: 54 | total time: 17.42m | eta: 25.1m
step 01571/03814 (41.19%) | loss: 2.970610 | lrm: 0.91 | dt: 643.34ms | tok/sec: 101,868 | bf16_mfu: 0.00 | epoch: 1 pq: 1 rg: 54 | total time: 17.43m | eta: 25.0m
step 01572/03814 (41.22%) | loss: 2.974366 | lrm: 0.91 | dt: 842.87ms | tok/sec: 77,753 | bf16_mfu: 0.00 | epoch: 1 pq: 1 rg: 55 | total time: 17.44m | eta: 25.0m
step 01573/03814 (41.24%) | loss: 2.970047 | lrm: 0.91 | dt: 765.03ms | tok/sec: 85,665 | bf16_mfu: 0.00 | epoch: 1 pq: 1 rg: 55 | total time: 17.46m | eta: 25.0m
step 01574/03814 (41.27%) | loss: 2.961168 | lrm: 0.91 | dt: 645.88ms | tok/sec: 101,467 | bf16_mfu: 0.00 | epoch: 1 pq: 1 rg: 55 | total time: 17.47m | eta: 25.0m
step 01575/03814 (41.30%) | loss: 2.975202 | lrm: 0.91 | dt: 711.38ms | tok/sec: 92,125 | bf16_mfu: 0.00 | epoch: 1 pq: 1 rg: 55 | total time: 17.48m | eta: 25.0m
step 01576/03814 (41.32%) | loss: 2.984009 | lrm: 0.91 | dt: 702.08ms | tok/sec: 93,345 | bf16_mfu: 0.00 | epoch: 1 pq: 1 rg: 55 | total time: 17.49m | eta: 25.0m
step 01577/03814 (41.35%) | loss: 2.964445 | lrm: 0.91 | dt: 647.84ms | tok/sec: 101,161 | bf16_mfu: 0.00 | epoch: 1 pq: 1 rg: 55 | total time: 17.50m | eta: 25.0m
step 01578/03814 (41.37%) | loss: 2.976481 | lrm: 0.91 | dt: 708.80ms | tok/sec: 92,459 | bf16_mfu: 0.00 | epoch: 1 pq: 1 rg: 55 | total time: 17.51m | eta: 25.0m
step 01579/03814 (41.40%) | loss: 2.973920 | lrm: 0.91 | dt: 702.64ms | tok/sec: 93,270 | bf16_mfu: 0.00 | epoch: 1 pq: 1 rg: 55 | total time: 17.52m | eta: 25.0m
step 01580/03814 (41.43%) | loss: 2.974365 | lrm: 0.91 | dt: 651.48ms | tok/sec: 100,596 | bf16_mfu: 0.00 | epoch: 1 pq: 1 rg: 55 | total time: 17.53m | eta: 25.0m
step 01581/03814 (41.45%) | loss: 2.996330 | lrm: 0.91 | dt: 733.08ms | tok/sec: 89,398 | bf16_mfu: 0.00 | epoch: 1 pq: 1 rg: 55 | total time: 17.55m | eta: 24.9m
step 01582/03814 (41.48%) | loss: 2.981192 | lrm: 0.91 | dt: 765.58ms | tok/sec: 85,602 | bf16_mfu: 0.00 | epoch: 1 pq: 1 rg: 55 | total time: 17.56m | eta: 24.9m
step 01583/03814 (41.50%) | loss: 2.985019 | lrm: 0.90 | dt: 646.39ms | tok/sec: 101,388 | bf16_mfu: 0.00 | epoch: 1 pq: 1 rg: 55 | total time: 17.57m | eta: 24.9m
step 01584/03814 (41.53%) | loss: 2.997983 | lrm: 0.90 | dt: 692.49ms | tok/sec: 94,637 | bf16_mfu: 0.00 | epoch: 1 pq: 1 rg: 56 | total time: 17.58m | eta: 24.9m
step 01585/03814 (41.56%) | loss: 2.977105 | lrm: 0.90 | dt: 646.23ms | tok/sec: 101,412 | bf16_mfu: 0.00 | epoch: 1 pq: 1 rg: 56 | total time: 17.59m | eta: 24.9m
step 01586/03814 (41.58%) | loss: 2.973749 | lrm: 0.90 | dt: 647.37ms | tok/sec: 101,234 | bf16_mfu: 0.00 | epoch: 1 pq: 1 rg: 56 | total time: 17.60m | eta: 24.9m
step 01587/03814 (41.61%) | loss: 2.980205 | lrm: 0.90 | dt: 692.97ms | tok/sec: 94,573 | bf16_mfu: 0.00 | epoch: 1 pq: 1 rg: 56 | total time: 17.62m | eta: 24.9m
step 01588/03814 (41.64%) | loss: 2.972267 | lrm: 0.90 | dt: 732.20ms | tok/sec: 89,505 | bf16_mfu: 0.00 | epoch: 1 pq: 1 rg: 56 | total time: 17.63m | eta: 24.9m
step 01589/03814 (41.66%) | loss: 2.975298 | lrm: 0.90 | dt: 651.59ms | tok/sec: 100,578 | bf16_mfu: 0.00 | epoch: 1 pq: 1 rg: 56 | total time: 17.64m | eta: 24.9m
step 01590/03814 (41.69%) | loss: 2.962903 | lrm: 0.90 | dt: 687.91ms | tok/sec: 95,268 | bf16_mfu: 0.00 | epoch: 1 pq: 1 rg: 56 | total time: 17.65m | eta: 24.8m
step 01591/03814 (41.71%) | loss: 2.965814 | lrm: 0.90 | dt: 728.55ms | tok/sec: 89,953 | bf16_mfu: 0.00 | epoch: 1 pq: 1 rg: 56 | total time: 17.66m | eta: 24.8m
step 01592/03814 (41.74%) | loss: 2.958865 | lrm: 0.90 | dt: 649.50ms | tok/sec: 100,902 | bf16_mfu: 0.00 | epoch: 1 pq: 1 rg: 56 | total time: 17.67m | eta: 24.8m
step 01593/03814 (41.77%) | loss: 2.960858 | lrm: 0.90 | dt: 718.94ms | tok/sec: 91,156 | bf16_mfu: 0.00 | epoch: 1 pq: 1 rg: 56 | total time: 17.68m | eta: 24.8m
step 01594/03814 (41.79%) | loss: 2.956804 | lrm: 0.90 | dt: 645.89ms | tok/sec: 101,465 | bf16_mfu: 0.00 | epoch: 1 pq: 1 rg: 56 | total time: 17.70m | eta: 24.8m
step 01595/03814 (41.82%) | loss: 2.970423 | lrm: 0.90 | dt: 647.67ms | tok/sec: 101,186 | bf16_mfu: 0.00 | epoch: 1 pq: 1 rg: 56 | total time: 17.71m | eta: 24.8m
step 01596/03814 (41.85%) | loss: 2.959398 | lrm: 0.90 | dt: 743.47ms | tok/sec: 88,148 | bf16_mfu: 0.00 | epoch: 1 pq: 1 rg: 57 | total time: 17.72m | eta: 24.8m
step 01597/03814 (41.87%) | loss: 2.937334 | lrm: 0.90 | dt: 644.96ms | tok/sec: 101,612 | bf16_mfu: 0.00 | epoch: 1 pq: 1 rg: 57 | total time: 17.73m | eta: 24.8m
step 01598/03814 (41.90%) | loss: 2.945650 | lrm: 0.90 | dt: 650.02ms | tok/sec: 100,820 | bf16_mfu: 0.00 | epoch: 1 pq: 1 rg: 57 | total time: 17.74m | eta: 24.8m
step 01599/03814 (41.92%) | loss: 2.934969 | lrm: 0.90 | dt: 753.80ms | tok/sec: 86,941 | bf16_mfu: 0.00 | epoch: 1 pq: 1 rg: 57 | total time: 17.75m | eta: 24.7m
step 01600/03814 (41.95%) | loss: 2.918763 | lrm: 0.90 | dt: 656.25ms | tok/sec: 99,864 | bf16_mfu: 0.00 | epoch: 1 pq: 1 rg: 57 | total time: 17.76m | eta: 24.7m
step 01601/03814 (41.98%) | loss: 2.923736 | lrm: 0.90 | dt: 645.40ms | tok/sec: 101,543 | bf16_mfu: 0.00 | epoch: 1 pq: 1 rg: 57 | total time: 17.77m | eta: 24.7m
step 01602/03814 (42.00%) | loss: 2.916567 | lrm: 0.90 | dt: 654.22ms | tok/sec: 100,174 | bf16_mfu: 0.00 | epoch: 1 pq: 1 rg: 57 | total time: 17.79m | eta: 24.7m
step 01603/03814 (42.03%) | loss: 2.914666 | lrm: 0.90 | dt: 650.16ms | tok/sec: 100,800 | bf16_mfu: 0.00 | epoch: 1 pq: 1 rg: 57 | total time: 17.80m | eta: 24.7m
step 01604/03814 (42.06%) | loss: 2.909342 | lrm: 0.90 | dt: 647.07ms | tok/sec: 101,280 | bf16_mfu: 0.00 | epoch: 1 pq: 1 rg: 57 | total time: 17.81m | eta: 24.7m
step 01605/03814 (42.08%) | loss: 2.922442 | lrm: 0.90 | dt: 730.40ms | tok/sec: 89,725 | bf16_mfu: 0.00 | epoch: 1 pq: 1 rg: 57 | total time: 17.82m | eta: 24.7m
step 01606/03814 (42.11%) | loss: 2.920706 | lrm: 0.90 | dt: 648.52ms | tok/sec: 101,055 | bf16_mfu: 0.00 | epoch: 1 pq: 1 rg: 57 | total time: 17.83m | eta: 24.7m
step 01607/03814 (42.13%) | loss: 2.916242 | lrm: 0.90 | dt: 647.96ms | tok/sec: 101,142 | bf16_mfu: 0.00 | epoch: 1 pq: 1 rg: 57 | total time: 17.84m | eta: 24.7m
step 01608/03814 (42.16%) | loss: 2.936554 | lrm: 0.90 | dt: 781.69ms | tok/sec: 83,838 | bf16_mfu: 0.00 | epoch: 1 pq: 1 rg: 58 | total time: 17.85m | eta: 24.6m
step 01609/03814 (42.19%) | loss: 2.944467 | lrm: 0.89 | dt: 687.88ms | tok/sec: 95,272 | bf16_mfu: 0.00 | epoch: 1 pq: 1 rg: 58 | total time: 17.87m | eta: 24.6m
step 01610/03814 (42.21%) | loss: 2.937327 | lrm: 0.89 | dt: 646.78ms | tok/sec: 101,326 | bf16_mfu: 0.00 | epoch: 1 pq: 1 rg: 58 | total time: 17.88m | eta: 24.6m
step 01611/03814 (42.24%) | loss: 2.952747 | lrm: 0.89 | dt: 647.01ms | tok/sec: 101,290 | bf16_mfu: 0.00 | epoch: 1 pq: 1 rg: 58 | total time: 17.89m | eta: 24.6m
step 01612/03814 (42.27%) | loss: 2.973487 | lrm: 0.89 | dt: 739.53ms | tok/sec: 88,618 | bf16_mfu: 0.00 | epoch: 1 pq: 1 rg: 58 | total time: 17.90m | eta: 24.6m
step 01613/03814 (42.29%) | loss: 2.954139 | lrm: 0.89 | dt: 668.37ms | tok/sec: 98,053 | bf16_mfu: 0.00 | epoch: 1 pq: 1 rg: 58 | total time: 17.91m | eta: 24.6m
step 01614/03814 (42.32%) | loss: 2.940265 | lrm: 0.89 | dt: 648.75ms | tok/sec: 101,018 | bf16_mfu: 0.00 | epoch: 1 pq: 1 rg: 58 | total time: 17.92m | eta: 24.6m
step 01615/03814 (42.34%) | loss: 2.956987 | lrm: 0.89 | dt: 742.15ms | tok/sec: 88,305 | bf16_mfu: 0.00 | epoch: 1 pq: 1 rg: 58 | total time: 17.93m | eta: 24.6m
step 01616/03814 (42.37%) | loss: 2.941694 | lrm: 0.89 | dt: 721.26ms | tok/sec: 90,863 | bf16_mfu: 0.00 | epoch: 1 pq: 1 rg: 58 | total time: 17.95m | eta: 24.6m
step 01617/03814 (42.40%) | loss: 2.945128 | lrm: 0.89 | dt: 646.71ms | tok/sec: 101,336 | bf16_mfu: 0.00 | epoch: 1 pq: 1 rg: 58 | total time: 17.96m | eta: 24.5m
step 01618/03814 (42.42%) | loss: 2.937481 | lrm: 0.89 | dt: 699.40ms | tok/sec: 93,702 | bf16_mfu: 0.00 | epoch: 1 pq: 1 rg: 58 | total time: 17.97m | eta: 24.5m
step 01619/03814 (42.45%) | loss: 2.923762 | lrm: 0.89 | dt: 700.60ms | tok/sec: 93,542 | bf16_mfu: 0.00 | epoch: 1 pq: 1 rg: 59 | total time: 17.98m | eta: 24.5m
step 01620/03814 (42.48%) | loss: 2.932872 | lrm: 0.89 | dt: 651.69ms | tok/sec: 100,563 | bf16_mfu: 0.00 | epoch: 1 pq: 1 rg: 59 | total time: 17.99m | eta: 24.5m
step 01621/03814 (42.50%) | loss: 2.924440 | lrm: 0.89 | dt: 695.59ms | tok/sec: 94,216 | bf16_mfu: 0.00 | epoch: 1 pq: 1 rg: 59 | total time: 18.00m | eta: 24.5m
step 01622/03814 (42.53%) | loss: 2.908835 | lrm: 0.89 | dt: 712.29ms | tok/sec: 92,007 | bf16_mfu: 0.00 | epoch: 1 pq: 1 rg: 59 | total time: 18.01m | eta: 24.5m
step 01623/03814 (42.55%) | loss: 2.924524 | lrm: 0.89 | dt: 648.58ms | tok/sec: 101,045 | bf16_mfu: 0.00 | epoch: 1 pq: 1 rg: 59 | total time: 18.02m | eta: 24.5m
step 01624/03814 (42.58%) | loss: 2.931082 | lrm: 0.89 | dt: 707.21ms | tok/sec: 92,668 | bf16_mfu: 0.00 | epoch: 1 pq: 1 rg: 59 | total time: 18.04m | eta: 24.5m
step 01625/03814 (42.61%) | loss: 2.906743 | lrm: 0.89 | dt: 643.35ms | tok/sec: 101,866 | bf16_mfu: 0.00 | epoch: 1 pq: 1 rg: 59 | total time: 18.05m | eta: 24.5m
step 01626/03814 (42.63%) | loss: 2.908789 | lrm: 0.89 | dt: 647.69ms | tok/sec: 101,184 | bf16_mfu: 0.00 | epoch: 1 pq: 1 rg: 59 | total time: 18.06m | eta: 24.5m
step 01627/03814 (42.66%) | loss: 2.913303 | lrm: 0.89 | dt: 708.52ms | tok/sec: 92,496 | bf16_mfu: 0.00 | epoch: 1 pq: 1 rg: 59 | total time: 18.07m | eta: 24.4m
step 01628/03814 (42.68%) | loss: 2.905370 | lrm: 0.89 | dt: 659.08ms | tok/sec: 99,435 | bf16_mfu: 0.00 | epoch: 1 pq: 1 rg: 59 | total time: 18.08m | eta: 24.4m
step 01629/03814 (42.71%) | loss: 2.891250 | lrm: 0.89 | dt: 650.42ms | tok/sec: 100,759 | bf16_mfu: 0.00 | epoch: 1 pq: 1 rg: 59 | total time: 18.09m | eta: 24.4m
step 01630/03814 (42.74%) | loss: 2.896215 | lrm: 0.89 | dt: 648.59ms | tok/sec: 101,043 | bf16_mfu: 0.00 | epoch: 1 pq: 1 rg: 59 | total time: 18.10m | eta: 24.4m
step 01631/03814 (42.76%) | loss: 2.897760 | lrm: 0.89 | dt: 679.73ms | tok/sec: 96,415 | bf16_mfu: 0.00 | epoch: 1 pq: 1 rg: 60 | total time: 18.11m | eta: 24.4m
step 01632/03814 (42.79%) | loss: 2.888404 | lrm: 0.89 | dt: 657.47ms | tok/sec: 99,679 | bf16_mfu: 0.00 | epoch: 1 pq: 1 rg: 60 | total time: 18.12m | eta: 24.4m
step 01633/03814 (42.82%) | loss: 2.910778 | lrm: 0.89 | dt: 649.41ms | tok/sec: 100,915 | bf16_mfu: 0.00 | epoch: 1 pq: 1 rg: 60 | total time: 18.14m | eta: 24.4m
step 01634/03814 (42.84%) | loss: 2.916866 | lrm: 0.89 | dt: 648.60ms | tok/sec: 101,041 | bf16_mfu: 0.00 | epoch: 1 pq: 1 rg: 60 | total time: 18.15m | eta: 24.4m
step 01635/03814 (42.87%) | loss: 2.906750 | lrm: 0.89 | dt: 648.71ms | tok/sec: 101,024 | bf16_mfu: 0.00 | epoch: 1 pq: 1 rg: 60 | total time: 18.16m | eta: 24.3m
step 01636/03814 (42.89%) | loss: 2.900844 | lrm: 0.88 | dt: 649.74ms | tok/sec: 100,865 | bf16_mfu: 0.00 | epoch: 1 pq: 1 rg: 60 | total time: 18.17m | eta: 24.3m
step 01637/03814 (42.92%) | loss: 2.900459 | lrm: 0.88 | dt: 651.14ms | tok/sec: 100,648 | bf16_mfu: 0.00 | epoch: 1 pq: 1 rg: 60 | total time: 18.18m | eta: 24.3m
step 01638/03814 (42.95%) | loss: 2.887476 | lrm: 0.88 | dt: 647.51ms | tok/sec: 101,212 | bf16_mfu: 0.00 | epoch: 1 pq: 1 rg: 60 | total time: 18.19m | eta: 24.3m
step 01639/03814 (42.97%) | loss: 2.857598 | lrm: 0.88 | dt: 698.86ms | tok/sec: 93,775 | bf16_mfu: 0.00 | epoch: 1 pq: 1 rg: 60 | total time: 18.20m | eta: 24.3m
step 01640/03814 (43.00%) | loss: 2.859123 | lrm: 0.88 | dt: 652.15ms | tok/sec: 100,492 | bf16_mfu: 0.00 | epoch: 1 pq: 1 rg: 60 | total time: 18.21m | eta: 24.3m
step 01641/03814 (43.03%) | loss: 2.864664 | lrm: 0.88 | dt: 647.44ms | tok/sec: 101,223 | bf16_mfu: 0.00 | epoch: 1 pq: 1 rg: 60 | total time: 18.22m | eta: 24.3m
step 01642/03814 (43.05%) | loss: 2.872379 | lrm: 0.88 | dt: 773.95ms | tok/sec: 84,677 | bf16_mfu: 0.00 | epoch: 1 pq: 1 rg: 61 | total time: 18.24m | eta: 24.3m
step 01643/03814 (43.08%) | loss: 2.867656 | lrm: 0.88 | dt: 646.53ms | tok/sec: 101,366 | bf16_mfu: 0.00 | epoch: 1 pq: 1 rg: 61 | total time: 18.25m | eta: 24.3m
step 01644/03814 (43.10%) | loss: 2.896396 | lrm: 0.88 | dt: 647.34ms | tok/sec: 101,238 | bf16_mfu: 0.00 | epoch: 1 pq: 1 rg: 61 | total time: 18.26m | eta: 24.2m
step 01645/03814 (43.13%) | loss: 2.897606 | lrm: 0.88 | dt: 664.61ms | tok/sec: 98,608 | bf16_mfu: 0.00 | epoch: 1 pq: 1 rg: 61 | total time: 18.27m | eta: 24.2m
step 01646/03814 (43.16%) | loss: 2.896695 | lrm: 0.88 | dt: 650.98ms | tok/sec: 100,672 | bf16_mfu: 0.00 | epoch: 1 pq: 1 rg: 61 | total time: 18.28m | eta: 24.2m
step 01647/03814 (43.18%) | loss: 2.908747 | lrm: 0.88 | dt: 649.31ms | tok/sec: 100,931 | bf16_mfu: 0.00 | epoch: 1 pq: 1 rg: 61 | total time: 18.29m | eta: 24.2m
step 01648/03814 (43.21%) | loss: 2.897568 | lrm: 0.88 | dt: 646.20ms | tok/sec: 101,416 | bf16_mfu: 0.00 | epoch: 1 pq: 1 rg: 61 | total time: 18.30m | eta: 24.2m
step 01649/03814 (43.24%) | loss: 2.891720 | lrm: 0.88 | dt: 649.89ms | tok/sec: 100,841 | bf16_mfu: 0.00 | epoch: 1 pq: 1 rg: 61 | total time: 18.31m | eta: 24.2m
step 01650/03814 (43.26%) | loss: 2.899451 | lrm: 0.88 | dt: 648.00ms | tok/sec: 101,135 | bf16_mfu: 0.00 | epoch: 1 pq: 1 rg: 61 | total time: 18.32m | eta: 24.2m
step 01651/03814 (43.29%) | loss: 2.892739 | lrm: 0.88 | dt: 647.83ms | tok/sec: 101,162 | bf16_mfu: 0.00 | epoch: 1 pq: 1 rg: 61 | total time: 18.33m | eta: 24.2m
step 01652/03814 (43.31%) | loss: 2.880012 | lrm: 0.88 | dt: 697.11ms | tok/sec: 94,010 | bf16_mfu: 0.00 | epoch: 1 pq: 1 rg: 61 | total time: 18.35m | eta: 24.2m
step 01653/03814 (43.34%) | loss: 2.885763 | lrm: 0.88 | dt: 650.74ms | tok/sec: 100,710 | bf16_mfu: 0.00 | epoch: 1 pq: 1 rg: 61 | total time: 18.36m | eta: 24.1m
step 01654/03814 (43.37%) | loss: 2.883922 | lrm: 0.88 | dt: 758.81ms | tok/sec: 86,367 | bf16_mfu: 0.00 | epoch: 1 pq: 1 rg: 62 | total time: 18.37m | eta: 24.1m
step 01655/03814 (43.39%) | loss: 2.871638 | lrm: 0.88 | dt: 661.62ms | tok/sec: 99,053 | bf16_mfu: 0.00 | epoch: 1 pq: 1 rg: 62 | total time: 18.38m | eta: 24.1m
step 01656/03814 (43.42%) | loss: 2.879508 | lrm: 0.88 | dt: 646.15ms | tok/sec: 101,425 | bf16_mfu: 0.00 | epoch: 1 pq: 1 rg: 62 | total time: 18.39m | eta: 24.1m
step 01657/03814 (43.45%) | loss: 2.887939 | lrm: 0.88 | dt: 647.09ms | tok/sec: 101,277 | bf16_mfu: 0.00 | epoch: 1 pq: 1 rg: 62 | total time: 18.40m | eta: 24.1m
step 01658/03814 (43.47%) | loss: 2.893543 | lrm: 0.88 | dt: 650.11ms | tok/sec: 100,807 | bf16_mfu: 0.00 | epoch: 1 pq: 1 rg: 62 | total time: 18.41m | eta: 24.1m
step 01659/03814 (43.50%) | loss: 2.890205 | lrm: 0.88 | dt: 647.16ms | tok/sec: 101,267 | bf16_mfu: 0.00 | epoch: 1 pq: 1 rg: 62 | total time: 18.42m | eta: 24.1m
step 01660/03814 (43.52%) | loss: 2.906073 | lrm: 0.88 | dt: 671.29ms | tok/sec: 97,627 | bf16_mfu: 0.00 | epoch: 1 pq: 1 rg: 62 | total time: 18.43m | eta: 24.1m
step 01661/03814 (43.55%) | loss: 2.904526 | lrm: 0.88 | dt: 645.76ms | tok/sec: 101,486 | bf16_mfu: 0.00 | epoch: 1 pq: 1 rg: 62 | total time: 18.44m | eta: 24.1m
step 01662/03814 (43.58%) | loss: 2.896670 | lrm: 0.87 | dt: 648.54ms | tok/sec: 101,050 | bf16_mfu: 0.00 | epoch: 1 pq: 1 rg: 62 | total time: 18.46m | eta: 24.0m
step 01663/03814 (43.60%) | loss: 2.903764 | lrm: 0.87 | dt: 649.25ms | tok/sec: 100,941 | bf16_mfu: 0.00 | epoch: 1 pq: 1 rg: 62 | total time: 18.47m | eta: 24.0m
step 01664/03814 (43.63%) | loss: 2.907905 | lrm: 0.87 | dt: 671.82ms | tok/sec: 97,549 | bf16_mfu: 0.00 | epoch: 1 pq: 1 rg: 62 | total time: 18.48m | eta: 24.0m
step 01665/03814 (43.65%) | loss: 2.904995 | lrm: 0.87 | dt: 819.30ms | tok/sec: 79,990 | bf16_mfu: 0.00 | epoch: 1 pq: 1 rg: 63 | total time: 18.49m | eta: 24.0m
step 01666/03814 (43.68%) | loss: 2.908165 | lrm: 0.87 | dt: 645.39ms | tok/sec: 101,545 | bf16_mfu: 0.00 | epoch: 1 pq: 1 rg: 63 | total time: 18.50m | eta: 24.0m
step 01667/03814 (43.71%) | loss: 2.898127 | lrm: 0.87 | dt: 648.67ms | tok/sec: 101,031 | bf16_mfu: 0.00 | epoch: 1 pq: 1 rg: 63 | total time: 18.51m | eta: 24.0m
step 01668/03814 (43.73%) | loss: 2.897905 | lrm: 0.87 | dt: 647.72ms | tok/sec: 101,180 | bf16_mfu: 0.00 | epoch: 1 pq: 1 rg: 63 | total time: 18.52m | eta: 24.0m
step 01669/03814 (43.76%) | loss: 2.903056 | lrm: 0.87 | dt: 647.65ms | tok/sec: 101,190 | bf16_mfu: 0.00 | epoch: 1 pq: 1 rg: 63 | total time: 18.53m | eta: 24.0m
step 01670/03814 (43.79%) | loss: 2.911345 | lrm: 0.87 | dt: 649.00ms | tok/sec: 100,980 | bf16_mfu: 0.00 | epoch: 1 pq: 1 rg: 63 | total time: 18.55m | eta: 24.0m
step 01671/03814 (43.81%) | loss: 2.892751 | lrm: 0.87 | dt: 648.32ms | tok/sec: 101,086 | bf16_mfu: 0.00 | epoch: 1 pq: 1 rg: 63 | total time: 18.56m | eta: 23.9m
step 01672/03814 (43.84%) | loss: 2.887755 | lrm: 0.87 | dt: 720.08ms | tok/sec: 91,012 | bf16_mfu: 0.00 | epoch: 1 pq: 1 rg: 63 | total time: 18.57m | eta: 23.9m
step 01673/03814 (43.86%) | loss: 2.890330 | lrm: 0.87 | dt: 657.17ms | tok/sec: 99,724 | bf16_mfu: 0.00 | epoch: 1 pq: 1 rg: 63 | total time: 18.58m | eta: 23.9m
step 01674/03814 (43.89%) | loss: 2.895649 | lrm: 0.87 | dt: 695.12ms | tok/sec: 94,280 | bf16_mfu: 0.00 | epoch: 1 pq: 1 rg: 63 | total time: 18.59m | eta: 23.9m
step 01675/03814 (43.92%) | loss: 2.875433 | lrm: 0.87 | dt: 647.76ms | tok/sec: 101,173 | bf16_mfu: 0.00 | epoch: 1 pq: 1 rg: 63 | total time: 18.60m | eta: 23.9m
step 01676/03814 (43.94%) | loss: 2.880292 | lrm: 0.87 | dt: 646.95ms | tok/sec: 101,299 | bf16_mfu: 0.00 | epoch: 1 pq: 1 rg: 63 | total time: 18.61m | eta: 23.9m
step 01677/03814 (43.97%) | loss: 2.896193 | lrm: 0.87 | dt: 780.03ms | tok/sec: 84,017 | bf16_mfu: 0.00 | epoch: 1 pq: 1 rg: 64 | total time: 18.63m | eta: 23.9m
step 01678/03814 (44.00%) | loss: 2.886703 | lrm: 0.87 | dt: 644.96ms | tok/sec: 101,612 | bf16_mfu: 0.00 | epoch: 1 pq: 1 rg: 64 | total time: 18.64m | eta: 23.9m
step 01679/03814 (44.02%) | loss: 2.884486 | lrm: 0.87 | dt: 644.84ms | tok/sec: 101,631 | bf16_mfu: 0.00 | epoch: 1 pq: 1 rg: 64 | total time: 18.65m | eta: 23.9m
step 01680/03814 (44.05%) | loss: 2.889537 | lrm: 0.87 | dt: 724.03ms | tok/sec: 90,515 | bf16_mfu: 0.00 | epoch: 1 pq: 1 rg: 64 | total time: 18.66m | eta: 23.8m
step 01681/03814 (44.07%) | loss: 2.872662 | lrm: 0.87 | dt: 676.52ms | tok/sec: 96,872 | bf16_mfu: 0.00 | epoch: 1 pq: 1 rg: 64 | total time: 18.67m | eta: 23.8m
step 01682/03814 (44.10%) | loss: 2.857891 | lrm: 0.87 | dt: 644.33ms | tok/sec: 101,712 | bf16_mfu: 0.00 | epoch: 1 pq: 1 rg: 64 | total time: 18.68m | eta: 23.8m
step 01683/03814 (44.13%) | loss: 2.866197 | lrm: 0.87 | dt: 648.56ms | tok/sec: 101,047 | bf16_mfu: 0.00 | epoch: 1 pq: 1 rg: 64 | total time: 18.69m | eta: 23.8m
step 01684/03814 (44.15%) | loss: 2.871761 | lrm: 0.87 | dt: 648.18ms | tok/sec: 101,108 | bf16_mfu: 0.00 | epoch: 1 pq: 1 rg: 64 | total time: 18.70m | eta: 23.8m
step 01685/03814 (44.18%) | loss: 2.864163 | lrm: 0.87 | dt: 687.05ms | tok/sec: 95,387 | bf16_mfu: 0.00 | epoch: 1 pq: 1 rg: 64 | total time: 18.71m | eta: 23.8m
step 01686/03814 (44.21%) | loss: 2.868056 | lrm: 0.87 | dt: 649.10ms | tok/sec: 100,964 | bf16_mfu: 0.00 | epoch: 1 pq: 1 rg: 64 | total time: 18.72m | eta: 23.8m
step 01687/03814 (44.23%) | loss: 2.878877 | lrm: 0.87 | dt: 650.82ms | tok/sec: 100,697 | bf16_mfu: 0.00 | epoch: 1 pq: 1 rg: 64 | total time: 18.74m | eta: 23.8m
step 01688/03814 (44.26%) | loss: 2.858021 | lrm: 0.86 | dt: 694.23ms | tok/sec: 94,400 | bf16_mfu: 0.00 | epoch: 1 pq: 1 rg: 65 | total time: 18.75m | eta: 23.8m
step 01689/03814 (44.28%) | loss: 2.857410 | lrm: 0.86 | dt: 650.49ms | tok/sec: 100,748 | bf16_mfu: 0.00 | epoch: 1 pq: 1 rg: 65 | total time: 18.76m | eta: 23.7m
step 01690/03814 (44.31%) | loss: 2.873810 | lrm: 0.86 | dt: 647.50ms | tok/sec: 101,214 | bf16_mfu: 0.00 | epoch: 1 pq: 1 rg: 65 | total time: 18.77m | eta: 23.7m
step 01691/03814 (44.34%) | loss: 2.880399 | lrm: 0.86 | dt: 645.16ms | tok/sec: 101,581 | bf16_mfu: 0.00 | epoch: 1 pq: 1 rg: 65 | total time: 18.78m | eta: 23.7m
step 01692/03814 (44.36%) | loss: 2.870273 | lrm: 0.86 | dt: 647.77ms | tok/sec: 101,171 | bf16_mfu: 0.00 | epoch: 1 pq: 1 rg: 65 | total time: 18.79m | eta: 23.7m
step 01693/03814 (44.39%) | loss: 2.861064 | lrm: 0.86 | dt: 677.03ms | tok/sec: 96,799 | bf16_mfu: 0.00 | epoch: 1 pq: 1 rg: 65 | total time: 18.80m | eta: 23.7m
step 01694/03814 (44.42%) | loss: 2.860452 | lrm: 0.86 | dt: 649.22ms | tok/sec: 100,945 | bf16_mfu: 0.00 | epoch: 1 pq: 1 rg: 65 | total time: 18.81m | eta: 23.7m
step 01695/03814 (44.44%) | loss: 2.851174 | lrm: 0.86 | dt: 646.28ms | tok/sec: 101,404 | bf16_mfu: 0.00 | epoch: 1 pq: 1 rg: 65 | total time: 18.82m | eta: 23.7m
step 01696/03814 (44.47%) | loss: 2.849952 | lrm: 0.86 | dt: 646.75ms | tok/sec: 101,330 | bf16_mfu: 0.00 | epoch: 1 pq: 1 rg: 65 | total time: 18.83m | eta: 23.7m
step 01697/03814 (44.49%) | loss: 2.839412 | lrm: 0.86 | dt: 669.44ms | tok/sec: 97,896 | bf16_mfu: 0.00 | epoch: 1 pq: 1 rg: 65 | total time: 18.85m | eta: 23.6m
step 01698/03814 (44.52%) | loss: 2.835896 | lrm: 0.86 | dt: 650.25ms | tok/sec: 100,785 | bf16_mfu: 0.00 | epoch: 1 pq: 1 rg: 65 | total time: 18.86m | eta: 23.6m
step 01699/03814 (44.55%) | loss: 2.841524 | lrm: 0.86 | dt: 651.03ms | tok/sec: 100,665 | bf16_mfu: 0.00 | epoch: 1 pq: 1 rg: 65 | total time: 18.87m | eta: 23.6m
step 01700/03814 (44.57%) | loss: 2.832272 | lrm: 0.86 | dt: 790.31ms | tok/sec: 82,924 | bf16_mfu: 0.00 | epoch: 1 pq: 1 rg: 66 | total time: 18.88m | eta: 23.6m
step 01701/03814 (44.60%) | loss: 2.815692 | lrm: 0.86 | dt: 656.64ms | tok/sec: 99,804 | bf16_mfu: 0.00 | epoch: 1 pq: 1 rg: 66 | total time: 18.89m | eta: 23.6m
step 01702/03814 (44.63%) | loss: 2.815111 | lrm: 0.86 | dt: 649.11ms | tok/sec: 100,962 | bf16_mfu: 0.00 | epoch: 1 pq: 1 rg: 66 | total time: 18.90m | eta: 23.6m
step 01703/03814 (44.65%) | loss: 2.826588 | lrm: 0.86 | dt: 678.80ms | tok/sec: 96,546 | bf16_mfu: 0.00 | epoch: 1 pq: 1 rg: 66 | total time: 18.91m | eta: 23.6m
step 01704/03814 (44.68%) | loss: 2.804378 | lrm: 0.86 | dt: 710.88ms | tok/sec: 92,190 | bf16_mfu: 0.00 | epoch: 1 pq: 1 rg: 66 | total time: 18.92m | eta: 23.6m
step 01705/03814 (44.70%) | loss: 2.806006 | lrm: 0.86 | dt: 714.32ms | tok/sec: 91,745 | bf16_mfu: 0.00 | epoch: 1 pq: 1 rg: 66 | total time: 18.94m | eta: 23.6m
step 01706/03814 (44.73%) | loss: 2.828007 | lrm: 0.86 | dt: 648.17ms | tok/sec: 101,108 | bf16_mfu: 0.00 | epoch: 1 pq: 1 rg: 66 | total time: 18.95m | eta: 23.6m
step 01707/03814 (44.76%) | loss: 2.842241 | lrm: 0.86 | dt: 646.13ms | tok/sec: 101,428 | bf16_mfu: 0.00 | epoch: 1 pq: 1 rg: 66 | total time: 18.96m | eta: 23.5m
step 01708/03814 (44.78%) | loss: 2.823155 | lrm: 0.86 | dt: 650.32ms | tok/sec: 100,774 | bf16_mfu: 0.00 | epoch: 1 pq: 1 rg: 66 | total time: 18.97m | eta: 23.5m
step 01709/03814 (44.81%) | loss: 2.839686 | lrm: 0.86 | dt: 646.12ms | tok/sec: 101,430 | bf16_mfu: 0.00 | epoch: 1 pq: 1 rg: 66 | total time: 18.98m | eta: 23.5m
step 01710/03814 (44.83%) | loss: 2.819841 | lrm: 0.86 | dt: 645.82ms | tok/sec: 101,477 | bf16_mfu: 0.00 | epoch: 1 pq: 1 rg: 66 | total time: 18.99m | eta: 23.5m
step 01711/03814 (44.86%) | loss: 2.800112 | lrm: 0.86 | dt: 769.83ms | tok/sec: 85,130 | bf16_mfu: 0.00 | epoch: 1 pq: 1 rg: 67 | total time: 19.00m | eta: 23.5m
step 01712/03814 (44.89%) | loss: 2.810432 | lrm: 0.86 | dt: 647.04ms | tok/sec: 101,286 | bf16_mfu: 0.00 | epoch: 1 pq: 1 rg: 67 | total time: 19.01m | eta: 23.5m
step 01713/03814 (44.91%) | loss: 2.809763 | lrm: 0.86 | dt: 644.79ms | tok/sec: 101,639 | bf16_mfu: 0.00 | epoch: 1 pq: 1 rg: 67 | total time: 19.03m | eta: 23.5m
step 01714/03814 (44.94%) | loss: 2.789115 | lrm: 0.85 | dt: 644.28ms | tok/sec: 101,719 | bf16_mfu: 0.00 | epoch: 1 pq: 1 rg: 67 | total time: 19.04m | eta: 23.5m
step 01715/03814 (44.97%) | loss: 2.791994 | lrm: 0.85 | dt: 644.29ms | tok/sec: 101,718 | bf16_mfu: 0.00 | epoch: 1 pq: 1 rg: 67 | total time: 19.05m | eta: 23.4m
step 01716/03814 (44.99%) | loss: 2.806189 | lrm: 0.85 | dt: 661.10ms | tok/sec: 99,132 | bf16_mfu: 0.00 | epoch: 1 pq: 1 rg: 67 | total time: 19.06m | eta: 23.4m
step 01717/03814 (45.02%) | loss: 2.814757 | lrm: 0.85 | dt: 649.31ms | tok/sec: 100,931 | bf16_mfu: 0.00 | epoch: 1 pq: 1 rg: 67 | total time: 19.07m | eta: 23.4m
step 01718/03814 (45.04%) | loss: 2.822132 | lrm: 0.85 | dt: 648.38ms | tok/sec: 101,076 | bf16_mfu: 0.00 | epoch: 1 pq: 1 rg: 67 | total time: 19.08m | eta: 23.4m
step 01719/03814 (45.07%) | loss: 2.825246 | lrm: 0.85 | dt: 707.24ms | tok/sec: 92,663 | bf16_mfu: 0.00 | epoch: 1 pq: 1 rg: 67 | total time: 19.09m | eta: 23.4m
step 01720/03814 (45.10%) | loss: 2.831295 | lrm: 0.85 | dt: 647.62ms | tok/sec: 101,194 | bf16_mfu: 0.00 | epoch: 1 pq: 1 rg: 67 | total time: 19.10m | eta: 23.4m
step 01721/03814 (45.12%) | loss: 2.819569 | lrm: 0.85 | dt: 653.01ms | tok/sec: 100,360 | bf16_mfu: 0.00 | epoch: 1 pq: 1 rg: 67 | total time: 19.11m | eta: 23.4m
step 01722/03814 (45.15%) | loss: 2.824554 | lrm: 0.85 | dt: 648.00ms | tok/sec: 101,136 | bf16_mfu: 0.00 | epoch: 1 pq: 1 rg: 67 | total time: 19.12m | eta: 23.4m
step 01723/03814 (45.18%) | loss: 2.825553 | lrm: 0.85 | dt: 746.98ms | tok/sec: 87,734 | bf16_mfu: 0.00 | epoch: 1 pq: 1 rg: 68 | total time: 19.14m | eta: 23.4m
step 01724/03814 (45.20%) | loss: 2.828769 | lrm: 0.85 | dt: 647.17ms | tok/sec: 101,264 | bf16_mfu: 0.00 | epoch: 1 pq: 1 rg: 68 | total time: 19.15m | eta: 23.3m
step 01725/03814 (45.23%) | loss: 2.841326 | lrm: 0.85 | dt: 649.20ms | tok/sec: 100,948 | bf16_mfu: 0.00 | epoch: 1 pq: 1 rg: 68 | total time: 19.16m | eta: 23.3m
step 01726/03814 (45.25%) | loss: 2.857507 | lrm: 0.85 | dt: 731.01ms | tok/sec: 89,651 | bf16_mfu: 0.00 | epoch: 1 pq: 1 rg: 68 | total time: 19.17m | eta: 23.3m
step 01727/03814 (45.28%) | loss: 2.850901 | lrm: 0.85 | dt: 648.68ms | tok/sec: 101,030 | bf16_mfu: 0.00 | epoch: 1 pq: 1 rg: 68 | total time: 19.18m | eta: 23.3m
step 01728/03814 (45.31%) | loss: 2.858797 | lrm: 0.85 | dt: 649.11ms | tok/sec: 100,962 | bf16_mfu: 0.00 | epoch: 1 pq: 1 rg: 68 | total time: 19.19m | eta: 23.3m
step 01729/03814 (45.33%) | loss: 2.877922 | lrm: 0.85 | dt: 706.35ms | tok/sec: 92,781 | bf16_mfu: 0.00 | epoch: 1 pq: 1 rg: 68 | total time: 19.20m | eta: 23.3m
step 01730/03814 (45.36%) | loss: 2.862274 | lrm: 0.85 | dt: 710.42ms | tok/sec: 92,249 | bf16_mfu: 0.00 | epoch: 1 pq: 1 rg: 68 | total time: 19.21m | eta: 23.3m
step 01731/03814 (45.39%) | loss: 2.864728 | lrm: 0.85 | dt: 650.33ms | tok/sec: 100,773 | bf16_mfu: 0.00 | epoch: 1 pq: 1 rg: 68 | total time: 19.23m | eta: 23.3m
step 01732/03814 (45.41%) | loss: 2.874426 | lrm: 0.85 | dt: 666.15ms | tok/sec: 98,380 | bf16_mfu: 0.00 | epoch: 1 pq: 1 rg: 68 | total time: 19.24m | eta: 23.3m
step 01733/03814 (45.44%) | loss: 2.861139 | lrm: 0.85 | dt: 661.88ms | tok/sec: 99,014 | bf16_mfu: 0.00 | epoch: 1 pq: 1 rg: 68 | total time: 19.25m | eta: 23.2m
step 01734/03814 (45.46%) | loss: 2.864137 | lrm: 0.85 | dt: 656.86ms | tok/sec: 99,771 | bf16_mfu: 0.00 | epoch: 1 pq: 1 rg: 69 | total time: 19.26m | eta: 23.2m
step 01735/03814 (45.49%) | loss: 2.865105 | lrm: 0.85 | dt: 646.93ms | tok/sec: 101,303 | bf16_mfu: 0.00 | epoch: 1 pq: 1 rg: 69 | total time: 19.27m | eta: 23.2m
step 01736/03814 (45.52%) | loss: 2.873090 | lrm: 0.85 | dt: 649.11ms | tok/sec: 100,962 | bf16_mfu: 0.00 | epoch: 1 pq: 1 rg: 69 | total time: 19.28m | eta: 23.2m
step 01737/03814 (45.54%) | loss: 2.873958 | lrm: 0.85 | dt: 775.66ms | tok/sec: 84,490 | bf16_mfu: 0.00 | epoch: 1 pq: 1 rg: 69 | total time: 19.29m | eta: 23.2m
step 01738/03814 (45.57%) | loss: 2.876123 | lrm: 0.85 | dt: 647.39ms | tok/sec: 101,230 | bf16_mfu: 0.00 | epoch: 1 pq: 1 rg: 69 | total time: 19.30m | eta: 23.2m
step 01739/03814 (45.60%) | loss: 2.883920 | lrm: 0.85 | dt: 649.03ms | tok/sec: 100,975 | bf16_mfu: 0.00 | epoch: 1 pq: 1 rg: 69 | total time: 19.31m | eta: 23.2m
step 01740/03814 (45.62%) | loss: 2.866460 | lrm: 0.84 | dt: 739.03ms | tok/sec: 88,678 | bf16_mfu: 0.00 | epoch: 1 pq: 1 rg: 69 | total time: 19.33m | eta: 23.2m
step 01741/03814 (45.65%) | loss: 2.858520 | lrm: 0.84 | dt: 650.88ms | tok/sec: 100,687 | bf16_mfu: 0.00 | epoch: 1 pq: 1 rg: 69 | total time: 19.34m | eta: 23.2m
step 01742/03814 (45.67%) | loss: 2.874980 | lrm: 0.84 | dt: 703.27ms | tok/sec: 93,187 | bf16_mfu: 0.00 | epoch: 1 pq: 1 rg: 69 | total time: 19.35m | eta: 23.1m
step 01743/03814 (45.70%) | loss: 2.879668 | lrm: 0.84 | dt: 701.24ms | tok/sec: 93,456 | bf16_mfu: 0.00 | epoch: 1 pq: 1 rg: 69 | total time: 19.36m | eta: 23.1m
step 01744/03814 (45.73%) | loss: 2.880187 | lrm: 0.84 | dt: 652.22ms | tok/sec: 100,480 | bf16_mfu: 0.00 | epoch: 1 pq: 1 rg: 69 | total time: 19.37m | eta: 23.1m
step 01745/03814 (45.75%) | loss: 2.892924 | lrm: 0.84 | dt: 647.03ms | tok/sec: 101,287 | bf16_mfu: 0.00 | epoch: 1 pq: 1 rg: 69 | total time: 19.38m | eta: 23.1m
step 01746/03814 (45.78%) | loss: 2.895859 | lrm: 0.84 | dt: 827.30ms | tok/sec: 79,217 | bf16_mfu: 0.00 | epoch: 1 pq: 1 rg: 70 | total time: 19.40m | eta: 23.1m
step 01747/03814 (45.80%) | loss: 2.895688 | lrm: 0.84 | dt: 648.92ms | tok/sec: 100,993 | bf16_mfu: 0.00 | epoch: 1 pq: 1 rg: 70 | total time: 19.41m | eta: 23.1m
step 01748/03814 (45.83%) | loss: 2.879189 | lrm: 0.84 | dt: 676.08ms | tok/sec: 96,934 | bf16_mfu: 0.00 | epoch: 1 pq: 1 rg: 70 | total time: 19.42m | eta: 23.1m
step 01749/03814 (45.86%) | loss: 2.864938 | lrm: 0.84 | dt: 681.18ms | tok/sec: 96,210 | bf16_mfu: 0.00 | epoch: 1 pq: 1 rg: 70 | total time: 19.43m | eta: 23.1m
step 01750/03814 (45.88%) | loss: 2.848973 | lrm: 0.84 | dt: 658.43ms | tok/sec: 99,533 | bf16_mfu: 0.00 | epoch: 1 pq: 1 rg: 70 | total time: 19.44m | eta: 23.1m
step 01751/03814 (45.91%) | loss: 2.907309 | lrm: 0.84 | dt: 648.73ms | tok/sec: 101,022 | bf16_mfu: 0.00 | epoch: 1 pq: 1 rg: 70 | total time: 19.45m | eta: 23.0m
step 01752/03814 (45.94%) | loss: 2.972885 | lrm: 0.84 | dt: 694.19ms | tok/sec: 94,406 | bf16_mfu: 0.00 | epoch: 1 pq: 1 rg: 70 | total time: 19.46m | eta: 23.0m
step 01753/03814 (45.96%) | loss: 3.044098 | lrm: 0.84 | dt: 725.79ms | tok/sec: 90,295 | bf16_mfu: 0.00 | epoch: 1 pq: 1 rg: 70 | total time: 19.48m | eta: 23.0m
step 01754/03814 (45.99%) | loss: 3.111401 | lrm: 0.84 | dt: 753.12ms | tok/sec: 87,019 | bf16_mfu: 0.00 | epoch: 1 pq: 1 rg: 70 | total time: 19.49m | eta: 23.0m
step 01755/03814 (46.01%) | loss: 3.156250 | lrm: 0.84 | dt: 657.98ms | tok/sec: 99,601 | bf16_mfu: 0.00 | epoch: 1 pq: 1 rg: 70 | total time: 19.50m | eta: 23.0m
step 01756/03814 (46.04%) | loss: 3.185662 | lrm: 0.84 | dt: 654.30ms | tok/sec: 100,162 | bf16_mfu: 0.00 | epoch: 1 pq: 1 rg: 70 | total time: 19.51m | eta: 23.0m
step 01757/03814 (46.07%) | loss: 3.212084 | lrm: 0.84 | dt: 734.52ms | tok/sec: 89,222 | bf16_mfu: 0.00 | epoch: 1 pq: 1 rg: 71 | total time: 19.52m | eta: 23.0m
step 01758/03814 (46.09%) | loss: 3.243682 | lrm: 0.84 | dt: 671.51ms | tok/sec: 97,595 | bf16_mfu: 0.00 | epoch: 1 pq: 1 rg: 71 | total time: 19.53m | eta: 23.0m
step 01759/03814 (46.12%) | loss: 3.283867 | lrm: 0.84 | dt: 652.61ms | tok/sec: 100,421 | bf16_mfu: 0.00 | epoch: 1 pq: 1 rg: 71 | total time: 19.54m | eta: 23.0m
step 01760/03814 (46.15%) | loss: 3.315316 | lrm: 0.84 | dt: 654.85ms | tok/sec: 100,078 | bf16_mfu: 0.00 | epoch: 1 pq: 1 rg: 71 | total time: 19.56m | eta: 23.0m
step 01761/03814 (46.17%) | loss: 3.348158 | lrm: 0.84 | dt: 963.51ms | tok/sec: 68,017 | bf16_mfu: 0.00 | epoch: 1 pq: 1 rg: 71 | total time: 19.57m | eta: 22.9m
step 01762/03814 (46.20%) | loss: 3.370946 | lrm: 0.84 | dt: 1078.36ms | tok/sec: 60,773 | bf16_mfu: 0.00 | epoch: 1 pq: 1 rg: 71 | total time: 19.59m | eta: 22.9m
step 01763/03814 (46.22%) | loss: 3.388797 | lrm: 0.84 | dt: 664.89ms | tok/sec: 98,566 | bf16_mfu: 0.00 | epoch: 1 pq: 1 rg: 71 | total time: 19.60m | eta: 22.9m
step 01764/03814 (46.25%) | loss: 3.384650 | lrm: 0.84 | dt: 706.86ms | tok/sec: 92,714 | bf16_mfu: 0.00 | epoch: 1 pq: 1 rg: 71 | total time: 19.61m | eta: 22.9m
step 01765/03814 (46.28%) | loss: 3.381996 | lrm: 0.84 | dt: 660.47ms | tok/sec: 99,227 | bf16_mfu: 0.00 | epoch: 1 pq: 1 rg: 71 | total time: 19.62m | eta: 22.9m
step 01766/03814 (46.30%) | loss: 3.396723 | lrm: 0.83 | dt: 712.22ms | tok/sec: 92,016 | bf16_mfu: 0.00 | epoch: 1 pq: 1 rg: 71 | total time: 19.64m | eta: 22.9m
step 01767/03814 (46.33%) | loss: 3.420609 | lrm: 0.83 | dt: 759.07ms | tok/sec: 86,336 | bf16_mfu: 0.00 | epoch: 1 pq: 1 rg: 72 | total time: 19.65m | eta: 22.9m
step 01768/03814 (46.36%) | loss: 3.436428 | lrm: 0.83 | dt: 700.24ms | tok/sec: 93,591 | bf16_mfu: 0.00 | epoch: 1 pq: 1 rg: 72 | total time: 19.66m | eta: 22.9m
step 01769/03814 (46.38%) | loss: 3.435295 | lrm: 0.83 | dt: 775.17ms | tok/sec: 84,544 | bf16_mfu: 0.00 | epoch: 1 pq: 1 rg: 72 | total time: 19.67m | eta: 22.9m
step 01770/03814 (46.41%) | loss: 3.431939 | lrm: 0.83 | dt: 666.84ms | tok/sec: 98,278 | bf16_mfu: 0.00 | epoch: 1 pq: 1 rg: 72 | total time: 19.68m | eta: 22.9m
step 01771/03814 (46.43%) | loss: 3.425003 | lrm: 0.83 | dt: 661.46ms | tok/sec: 99,078 | bf16_mfu: 0.00 | epoch: 1 pq: 1 rg: 72 | total time: 19.69m | eta: 22.8m
step 01772/03814 (46.46%) | loss: 3.440711 | lrm: 0.83 | dt: 668.50ms | tok/sec: 98,034 | bf16_mfu: 0.00 | epoch: 1 pq: 1 rg: 72 | total time: 19.71m | eta: 22.8m
step 01773/03814 (46.49%) | loss: 3.464077 | lrm: 0.83 | dt: 693.63ms | tok/sec: 94,483 | bf16_mfu: 0.00 | epoch: 1 pq: 1 rg: 72 | total time: 19.72m | eta: 22.8m
step 01774/03814 (46.51%) | loss: 3.454625 | lrm: 0.83 | dt: 673.81ms | tok/sec: 97,261 | bf16_mfu: 0.00 | epoch: 1 pq: 1 rg: 72 | total time: 19.73m | eta: 22.8m
step 01775/03814 (46.54%) | loss: 3.463593 | lrm: 0.83 | dt: 673.79ms | tok/sec: 97,265 | bf16_mfu: 0.00 | epoch: 1 pq: 1 rg: 72 | total time: 19.74m | eta: 22.8m
step 01776/03814 (46.57%) | loss: 3.464429 | lrm: 0.83 | dt: 672.98ms | tok/sec: 97,381 | bf16_mfu: 0.00 | epoch: 1 pq: 1 rg: 72 | total time: 19.75m | eta: 22.8m
step 01777/03814 (46.59%) | loss: 3.483107 | lrm: 0.83 | dt: 708.43ms | tok/sec: 92,508 | bf16_mfu: 0.00 | epoch: 1 pq: 1 rg: 73 | total time: 19.76m | eta: 22.8m
step 01778/03814 (46.62%) | loss: 3.494358 | lrm: 0.83 | dt: 808.79ms | tok/sec: 81,029 | bf16_mfu: 0.00 | epoch: 1 pq: 1 rg: 73 | total time: 19.78m | eta: 22.8m
step 01779/03814 (46.64%) | loss: 3.487515 | lrm: 0.83 | dt: 690.93ms | tok/sec: 94,851 | bf16_mfu: 0.00 | epoch: 1 pq: 1 rg: 73 | total time: 19.79m | eta: 22.8m
step 01780/03814 (46.67%) | loss: 3.480010 | lrm: 0.83 | dt: 679.61ms | tok/sec: 96,431 | bf16_mfu: 0.00 | epoch: 1 pq: 1 rg: 73 | total time: 19.80m | eta: 22.8m
step 01781/03814 (46.70%) | loss: 3.469379 | lrm: 0.83 | dt: 757.56ms | tok/sec: 86,509 | bf16_mfu: 0.00 | epoch: 1 pq: 1 rg: 73 | total time: 19.81m | eta: 22.7m
step 01782/03814 (46.72%) | loss: 3.476041 | lrm: 0.83 | dt: 775.41ms | tok/sec: 84,517 | bf16_mfu: 0.00 | epoch: 1 pq: 1 rg: 73 | total time: 19.82m | eta: 22.7m
step 01783/03814 (46.75%) | loss: 3.483338 | lrm: 0.83 | dt: 743.83ms | tok/sec: 88,106 | bf16_mfu: 0.00 | epoch: 1 pq: 1 rg: 73 | total time: 19.84m | eta: 22.7m
step 01784/03814 (46.78%) | loss: 3.476978 | lrm: 0.83 | dt: 681.98ms | tok/sec: 96,096 | bf16_mfu: 0.00 | epoch: 1 pq: 1 rg: 73 | total time: 19.85m | eta: 22.7m
step 01785/03814 (46.80%) | loss: 3.480476 | lrm: 0.83 | dt: 680.90ms | tok/sec: 96,248 | bf16_mfu: 0.00 | epoch: 1 pq: 1 rg: 73 | total time: 19.86m | eta: 22.7m
step 01786/03814 (46.83%) | loss: 3.470048 | lrm: 0.83 | dt: 737.65ms | tok/sec: 88,844 | bf16_mfu: 0.00 | epoch: 1 pq: 1 rg: 73 | total time: 19.87m | eta: 22.7m
step 01787/03814 (46.85%) | loss: 3.469729 | lrm: 0.83 | dt: 745.95ms | tok/sec: 87,855 | bf16_mfu: 0.00 | epoch: 1 pq: 1 rg: 74 | total time: 19.88m | eta: 22.7m
step 01788/03814 (46.88%) | loss: 3.461413 | lrm: 0.83 | dt: 695.99ms | tok/sec: 94,162 | bf16_mfu: 0.00 | epoch: 1 pq: 1 rg: 74 | total time: 19.90m | eta: 22.7m
step 01789/03814 (46.91%) | loss: 3.463856 | lrm: 0.83 | dt: 675.48ms | tok/sec: 97,020 | bf16_mfu: 0.00 | epoch: 1 pq: 1 rg: 74 | total time: 19.91m | eta: 22.7m
step 01790/03814 (46.93%) | loss: 3.461519 | lrm: 0.83 | dt: 711.54ms | tok/sec: 92,104 | bf16_mfu: 0.00 | epoch: 1 pq: 1 rg: 74 | total time: 19.92m | eta: 22.6m
step 01791/03814 (46.96%) | loss: 3.479292 | lrm: 0.83 | dt: 680.64ms | tok/sec: 96,285 | bf16_mfu: 0.00 | epoch: 1 pq: 1 rg: 74 | total time: 19.93m | eta: 22.6m
step 01792/03814 (46.98%) | loss: 3.469656 | lrm: 0.82 | dt: 672.67ms | tok/sec: 97,426 | bf16_mfu: 0.00 | epoch: 1 pq: 1 rg: 74 | total time: 19.94m | eta: 22.6m
step 01793/03814 (47.01%) | loss: 3.457141 | lrm: 0.82 | dt: 751.64ms | tok/sec: 87,190 | bf16_mfu: 0.00 | epoch: 1 pq: 1 rg: 74 | total time: 19.95m | eta: 22.6m
step 01794/03814 (47.04%) | loss: 3.459133 | lrm: 0.82 | dt: 675.24ms | tok/sec: 97,055 | bf16_mfu: 0.00 | epoch: 1 pq: 1 rg: 74 | total time: 19.97m | eta: 22.6m
step 01795/03814 (47.06%) | loss: 3.442834 | lrm: 0.82 | dt: 665.76ms | tok/sec: 98,438 | bf16_mfu: 0.00 | epoch: 1 pq: 1 rg: 74 | total time: 19.98m | eta: 22.6m
step 01796/03814 (47.09%) | loss: 3.449815 | lrm: 0.82 | dt: 666.70ms | tok/sec: 98,299 | bf16_mfu: 0.00 | epoch: 1 pq: 1 rg: 74 | total time: 19.99m | eta: 22.6m
step 01797/03814 (47.12%) | loss: 3.463965 | lrm: 0.82 | dt: 703.62ms | tok/sec: 93,140 | bf16_mfu: 0.00 | epoch: 1 pq: 1 rg: 75 | total time: 20.00m | eta: 22.6m
step 01798/03814 (47.14%) | loss: 3.465155 | lrm: 0.82 | dt: 723.12ms | tok/sec: 90,629 | bf16_mfu: 0.00 | epoch: 1 pq: 1 rg: 75 | total time: 20.01m | eta: 22.6m
step 01799/03814 (47.17%) | loss: 3.457488 | lrm: 0.82 | dt: 665.16ms | tok/sec: 98,526 | bf16_mfu: 0.00 | epoch: 1 pq: 1 rg: 75 | total time: 20.02m | eta: 22.6m
step 01800/03814 (47.19%) | loss: 3.476274 | lrm: 0.82 | dt: 660.57ms | tok/sec: 99,210 | bf16_mfu: 0.00 | epoch: 1 pq: 1 rg: 75 | total time: 20.03m | eta: 22.5m
step 01801/03814 (47.22%) | loss: 3.476385 | lrm: 0.82 | dt: 663.88ms | tok/sec: 98,717 | bf16_mfu: 0.00 | epoch: 1 pq: 1 rg: 75 | total time: 20.04m | eta: 22.5m
step 01802/03814 (47.25%) | loss: 3.466594 | lrm: 0.82 | dt: 662.41ms | tok/sec: 98,935 | bf16_mfu: 0.00 | epoch: 1 pq: 1 rg: 75 | total time: 20.06m | eta: 22.5m
step 01803/03814 (47.27%) | loss: 3.460135 | lrm: 0.82 | dt: 659.83ms | tok/sec: 99,322 | bf16_mfu: 0.00 | epoch: 1 pq: 1 rg: 75 | total time: 20.07m | eta: 22.5m
step 01804/03814 (47.30%) | loss: 3.455093 | lrm: 0.82 | dt: 653.48ms | tok/sec: 100,287 | bf16_mfu: 0.00 | epoch: 1 pq: 1 rg: 75 | total time: 20.08m | eta: 22.5m
step 01805/03814 (47.33%) | loss: 3.459608 | lrm: 0.82 | dt: 656.30ms | tok/sec: 99,856 | bf16_mfu: 0.00 | epoch: 1 pq: 1 rg: 75 | total time: 20.09m | eta: 22.5m
step 01806/03814 (47.35%) | loss: 3.464813 | lrm: 0.82 | dt: 748.08ms | tok/sec: 87,605 | bf16_mfu: 0.00 | epoch: 1 pq: 1 rg: 75 | total time: 20.10m | eta: 22.5m
step 01807/03814 (47.38%) | loss: 3.461579 | lrm: 0.82 | dt: 761.90ms | tok/sec: 86,016 | bf16_mfu: 0.00 | epoch: 1 pq: 1 rg: 76 | total time: 20.11m | eta: 22.5m
step 01808/03814 (47.40%) | loss: 3.462423 | lrm: 0.82 | dt: 800.53ms | tok/sec: 81,865 | bf16_mfu: 0.00 | epoch: 1 pq: 1 rg: 76 | total time: 20.13m | eta: 22.5m
step 01809/03814 (47.43%) | loss: 3.451472 | lrm: 0.82 | dt: 680.67ms | tok/sec: 96,281 | bf16_mfu: 0.00 | epoch: 1 pq: 1 rg: 76 | total time: 20.14m | eta: 22.4m
step 01810/03814 (47.46%) | loss: 3.426568 | lrm: 0.82 | dt: 652.53ms | tok/sec: 100,433 | bf16_mfu: 0.00 | epoch: 1 pq: 1 rg: 76 | total time: 20.15m | eta: 22.4m
step 01811/03814 (47.48%) | loss: 3.429855 | lrm: 0.82 | dt: 719.58ms | tok/sec: 91,075 | bf16_mfu: 0.00 | epoch: 1 pq: 1 rg: 76 | total time: 20.16m | eta: 22.4m
step 01812/03814 (47.51%) | loss: 3.428506 | lrm: 0.82 | dt: 658.28ms | tok/sec: 99,555 | bf16_mfu: 0.00 | epoch: 1 pq: 1 rg: 76 | total time: 20.17m | eta: 22.4m
step 01813/03814 (47.54%) | loss: 3.431021 | lrm: 0.82 | dt: 723.04ms | tok/sec: 90,639 | bf16_mfu: 0.00 | epoch: 1 pq: 1 rg: 76 | total time: 20.18m | eta: 22.4m
step 01814/03814 (47.56%) | loss: 3.453211 | lrm: 0.82 | dt: 652.38ms | tok/sec: 100,457 | bf16_mfu: 0.00 | epoch: 1 pq: 1 rg: 76 | total time: 20.20m | eta: 22.4m
step 01815/03814 (47.59%) | loss: 3.451944 | lrm: 0.82 | dt: 648.80ms | tok/sec: 101,010 | bf16_mfu: 0.00 | epoch: 1 pq: 1 rg: 76 | total time: 20.21m | eta: 22.4m
step 01816/03814 (47.61%) | loss: 3.445188 | lrm: 0.82 | dt: 649.30ms | tok/sec: 100,933 | bf16_mfu: 0.00 | epoch: 1 pq: 1 rg: 76 | total time: 20.22m | eta: 22.4m
step 01817/03814 (47.64%) | loss: 3.435341 | lrm: 0.82 | dt: 650.34ms | tok/sec: 100,772 | bf16_mfu: 0.00 | epoch: 1 pq: 1 rg: 77 | total time: 20.23m | eta: 22.4m
step 01818/03814 (47.67%) | loss: 3.442686 | lrm: 0.81 | dt: 705.38ms | tok/sec: 92,908 | bf16_mfu: 0.00 | epoch: 1 pq: 1 rg: 77 | total time: 20.24m | eta: 22.3m
step 01819/03814 (47.69%) | loss: 3.430229 | lrm: 0.81 | dt: 680.88ms | tok/sec: 96,251 | bf16_mfu: 0.00 | epoch: 1 pq: 1 rg: 77 | total time: 20.25m | eta: 22.3m
step 01820/03814 (47.72%) | loss: 3.443192 | lrm: 0.81 | dt: 672.30ms | tok/sec: 97,480 | bf16_mfu: 0.00 | epoch: 1 pq: 1 rg: 77 | total time: 20.26m | eta: 22.3m
step 01821/03814 (47.75%) | loss: 3.426500 | lrm: 0.81 | dt: 645.74ms | tok/sec: 101,489 | bf16_mfu: 0.00 | epoch: 1 pq: 1 rg: 77 | total time: 20.27m | eta: 22.3m
step 01822/03814 (47.77%) | loss: 3.405465 | lrm: 0.81 | dt: 648.50ms | tok/sec: 101,057 | bf16_mfu: 0.00 | epoch: 1 pq: 1 rg: 77 | total time: 20.28m | eta: 22.3m
step 01823/03814 (47.80%) | loss: 3.402660 | lrm: 0.81 | dt: 762.40ms | tok/sec: 85,959 | bf16_mfu: 0.00 | epoch: 1 pq: 1 rg: 77 | total time: 20.30m | eta: 22.3m
step 01824/03814 (47.82%) | loss: 3.410653 | lrm: 0.81 | dt: 833.26ms | tok/sec: 78,649 | bf16_mfu: 0.00 | epoch: 1 pq: 1 rg: 77 | total time: 20.31m | eta: 22.3m
step 01825/03814 (47.85%) | loss: 3.427030 | lrm: 0.81 | dt: 646.79ms | tok/sec: 101,324 | bf16_mfu: 0.00 | epoch: 1 pq: 1 rg: 77 | total time: 20.32m | eta: 22.3m
step 01826/03814 (47.88%) | loss: 3.438103 | lrm: 0.81 | dt: 672.10ms | tok/sec: 97,508 | bf16_mfu: 0.00 | epoch: 1 pq: 2 rg: 0 | total time: 20.33m | eta: 22.3m
step 01827/03814 (47.90%) | loss: 3.444461 | lrm: 0.81 | dt: 715.48ms | tok/sec: 91,596 | bf16_mfu: 0.00 | epoch: 1 pq: 2 rg: 0 | total time: 20.34m | eta: 22.2m
step 01828/03814 (47.93%) | loss: 3.437997 | lrm: 0.81 | dt: 650.20ms | tok/sec: 100,793 | bf16_mfu: 0.00 | epoch: 1 pq: 2 rg: 0 | total time: 20.35m | eta: 22.2m
step 01829/03814 (47.95%) | loss: 3.448989 | lrm: 0.81 | dt: 646.58ms | tok/sec: 101,358 | bf16_mfu: 0.00 | epoch: 1 pq: 2 rg: 0 | total time: 20.37m | eta: 22.2m
step 01830/03814 (47.98%) | loss: 3.452328 | lrm: 0.81 | dt: 853.33ms | tok/sec: 76,800 | bf16_mfu: 0.00 | epoch: 1 pq: 2 rg: 0 | total time: 20.38m | eta: 22.2m
step 01831/03814 (48.01%) | loss: 3.452111 | lrm: 0.81 | dt: 706.85ms | tok/sec: 92,716 | bf16_mfu: 0.00 | epoch: 1 pq: 2 rg: 0 | total time: 20.39m | eta: 22.2m
step 01832/03814 (48.03%) | loss: 3.451271 | lrm: 0.81 | dt: 658.92ms | tok/sec: 99,460 | bf16_mfu: 0.00 | epoch: 1 pq: 2 rg: 0 | total time: 20.40m | eta: 22.2m
step 01833/03814 (48.06%) | loss: 3.438345 | lrm: 0.81 | dt: 645.82ms | tok/sec: 101,477 | bf16_mfu: 0.00 | epoch: 1 pq: 2 rg: 0 | total time: 20.41m | eta: 22.2m
step 01834/03814 (48.09%) | loss: 3.440891 | lrm: 0.81 | dt: 699.24ms | tok/sec: 93,724 | bf16_mfu: 0.00 | epoch: 1 pq: 2 rg: 0 | total time: 20.43m | eta: 22.2m
step 01835/03814 (48.11%) | loss: 3.426703 | lrm: 0.81 | dt: 729.62ms | tok/sec: 89,821 | bf16_mfu: 0.00 | epoch: 1 pq: 2 rg: 0 | total time: 20.44m | eta: 22.2m
step 01836/03814 (48.14%) | loss: 3.423555 | lrm: 0.81 | dt: 796.71ms | tok/sec: 82,258 | bf16_mfu: 0.00 | epoch: 1 pq: 2 rg: 1 | total time: 20.45m | eta: 22.2m
step 01837/03814 (48.16%) | loss: 3.425577 | lrm: 0.81 | dt: 646.57ms | tok/sec: 101,359 | bf16_mfu: 0.00 | epoch: 1 pq: 2 rg: 1 | total time: 20.46m | eta: 22.1m
step 01838/03814 (48.19%) | loss: 3.409116 | lrm: 0.81 | dt: 1034.57ms | tok/sec: 63,346 | bf16_mfu: 0.00 | epoch: 1 pq: 2 rg: 1 | total time: 20.48m | eta: 22.1m
step 01839/03814 (48.22%) | loss: 3.410020 | lrm: 0.81 | dt: 673.68ms | tok/sec: 97,280 | bf16_mfu: 0.00 | epoch: 1 pq: 2 rg: 1 | total time: 20.49m | eta: 22.1m
step 01840/03814 (48.24%) | loss: 3.402517 | lrm: 0.81 | dt: 705.53ms | tok/sec: 92,889 | bf16_mfu: 0.00 | epoch: 1 pq: 2 rg: 1 | total time: 20.50m | eta: 22.1m
step 01841/03814 (48.27%) | loss: 3.376647 | lrm: 0.81 | dt: 787.17ms | tok/sec: 83,255 | bf16_mfu: 0.00 | epoch: 1 pq: 2 rg: 1 | total time: 20.51m | eta: 22.1m
step 01842/03814 (48.30%) | loss: 3.368666 | lrm: 0.81 | dt: 646.31ms | tok/sec: 101,399 | bf16_mfu: 0.00 | epoch: 1 pq: 2 rg: 1 | total time: 20.53m | eta: 22.1m
step 01843/03814 (48.32%) | loss: 3.365854 | lrm: 0.81 | dt: 649.04ms | tok/sec: 100,974 | bf16_mfu: 0.00 | epoch: 1 pq: 2 rg: 1 | total time: 20.54m | eta: 22.1m
step 01844/03814 (48.35%) | loss: 3.360740 | lrm: 0.80 | dt: 646.02ms | tok/sec: 101,446 | bf16_mfu: 0.00 | epoch: 1 pq: 2 rg: 1 | total time: 20.55m | eta: 22.1m
step 01845/03814 (48.37%) | loss: 3.384523 | lrm: 0.80 | dt: 663.60ms | tok/sec: 98,758 | bf16_mfu: 0.00 | epoch: 1 pq: 2 rg: 1 | total time: 20.56m | eta: 22.1m
step 01846/03814 (48.40%) | loss: 3.399540 | lrm: 0.80 | dt: 818.80ms | tok/sec: 80,039 | bf16_mfu: 0.00 | epoch: 1 pq: 2 rg: 2 | total time: 20.57m | eta: 22.1m
step 01847/03814 (48.43%) | loss: 3.395054 | lrm: 0.80 | dt: 707.12ms | tok/sec: 92,680 | bf16_mfu: 0.00 | epoch: 1 pq: 2 rg: 2 | total time: 20.58m | eta: 22.0m
step 01848/03814 (48.45%) | loss: 3.378577 | lrm: 0.80 | dt: 642.03ms | tok/sec: 102,076 | bf16_mfu: 0.00 | epoch: 1 pq: 2 rg: 2 | total time: 20.59m | eta: 22.0m
step 01849/03814 (48.48%) | loss: 3.377106 | lrm: 0.80 | dt: 648.23ms | tok/sec: 101,100 | bf16_mfu: 0.00 | epoch: 1 pq: 2 rg: 2 | total time: 20.61m | eta: 22.0m
step 01850/03814 (48.51%) | loss: 3.393944 | lrm: 0.80 | dt: 658.94ms | tok/sec: 99,456 | bf16_mfu: 0.00 | epoch: 1 pq: 2 rg: 2 | total time: 20.62m | eta: 22.0m
step 01851/03814 (48.53%) | loss: 3.405630 | lrm: 0.80 | dt: 647.48ms | tok/sec: 101,216 | bf16_mfu: 0.00 | epoch: 1 pq: 2 rg: 2 | total time: 20.63m | eta: 22.0m
step 01852/03814 (48.56%) | loss: 3.421953 | lrm: 0.80 | dt: 648.79ms | tok/sec: 101,012 | bf16_mfu: 0.00 | epoch: 1 pq: 2 rg: 2 | total time: 20.64m | eta: 22.0m
step 01853/03814 (48.58%) | loss: 3.395135 | lrm: 0.80 | dt: 720.76ms | tok/sec: 90,925 | bf16_mfu: 0.00 | epoch: 1 pq: 2 rg: 2 | total time: 20.65m | eta: 22.0m
step 01854/03814 (48.61%) | loss: 3.394150 | lrm: 0.80 | dt: 647.78ms | tok/sec: 101,170 | bf16_mfu: 0.00 | epoch: 1 pq: 2 rg: 2 | total time: 20.66m | eta: 22.0m
step 01855/03814 (48.64%) | loss: 3.363720 | lrm: 0.80 | dt: 751.64ms | tok/sec: 87,191 | bf16_mfu: 0.00 | epoch: 1 pq: 2 rg: 3 | total time: 20.67m | eta: 22.0m
step 01856/03814 (48.66%) | loss: 3.348317 | lrm: 0.80 | dt: 645.92ms | tok/sec: 101,461 | bf16_mfu: 0.00 | epoch: 1 pq: 2 rg: 3 | total time: 20.68m | eta: 21.9m
step 01857/03814 (48.69%) | loss: 3.340749 | lrm: 0.80 | dt: 644.49ms | tok/sec: 101,686 | bf16_mfu: 0.00 | epoch: 1 pq: 2 rg: 3 | total time: 20.69m | eta: 21.9m
step 01858/03814 (48.72%) | loss: 3.365845 | lrm: 0.80 | dt: 659.64ms | tok/sec: 99,351 | bf16_mfu: 0.00 | epoch: 1 pq: 2 rg: 3 | total time: 20.71m | eta: 21.9m
step 01859/03814 (48.74%) | loss: 3.389986 | lrm: 0.80 | dt: 644.38ms | tok/sec: 101,704 | bf16_mfu: 0.00 | epoch: 1 pq: 2 rg: 3 | total time: 20.72m | eta: 21.9m
step 01860/03814 (48.77%) | loss: 3.398878 | lrm: 0.80 | dt: 647.23ms | tok/sec: 101,255 | bf16_mfu: 0.00 | epoch: 1 pq: 2 rg: 3 | total time: 20.73m | eta: 21.9m
step 01861/03814 (48.79%) | loss: 3.391991 | lrm: 0.80 | dt: 648.84ms | tok/sec: 101,005 | bf16_mfu: 0.00 | epoch: 1 pq: 2 rg: 3 | total time: 20.74m | eta: 21.9m
step 01862/03814 (48.82%) | loss: 3.370821 | lrm: 0.80 | dt: 649.25ms | tok/sec: 100,940 | bf16_mfu: 0.00 | epoch: 1 pq: 2 rg: 3 | total time: 20.75m | eta: 21.9m
step 01863/03814 (48.85%) | loss: 3.362710 | lrm: 0.80 | dt: 648.82ms | tok/sec: 101,007 | bf16_mfu: 0.00 | epoch: 1 pq: 2 rg: 3 | total time: 20.76m | eta: 21.9m
step 01864/03814 (48.87%) | loss: 3.348319 | lrm: 0.80 | dt: 649.99ms | tok/sec: 100,826 | bf16_mfu: 0.00 | epoch: 1 pq: 2 rg: 3 | total time: 20.77m | eta: 21.8m
step 01865/03814 (48.90%) | loss: 3.334620 | lrm: 0.80 | dt: 661.42ms | tok/sec: 99,084 | bf16_mfu: 0.00 | epoch: 1 pq: 2 rg: 4 | total time: 20.78m | eta: 21.8m
step 01866/03814 (48.93%) | loss: 3.358352 | lrm: 0.80 | dt: 650.08ms | tok/sec: 100,812 | bf16_mfu: 0.00 | epoch: 1 pq: 2 rg: 4 | total time: 20.79m | eta: 21.8m
step 01867/03814 (48.95%) | loss: 3.357414 | lrm: 0.80 | dt: 652.18ms | tok/sec: 100,487 | bf16_mfu: 0.00 | epoch: 1 pq: 2 rg: 4 | total time: 20.80m | eta: 21.8m
step 01868/03814 (48.98%) | loss: 3.381771 | lrm: 0.80 | dt: 651.77ms | tok/sec: 100,550 | bf16_mfu: 0.00 | epoch: 1 pq: 2 rg: 4 | total time: 20.81m | eta: 21.8m
step 01869/03814 (49.00%) | loss: 3.375593 | lrm: 0.80 | dt: 649.81ms | tok/sec: 100,853 | bf16_mfu: 0.00 | epoch: 1 pq: 2 rg: 4 | total time: 20.82m | eta: 21.8m
step 01870/03814 (49.03%) | loss: 3.371032 | lrm: 0.79 | dt: 652.08ms | tok/sec: 100,503 | bf16_mfu: 0.00 | epoch: 1 pq: 2 rg: 4 | total time: 20.84m | eta: 21.8m
step 01871/03814 (49.06%) | loss: 3.360902 | lrm: 0.79 | dt: 654.00ms | tok/sec: 100,208 | bf16_mfu: 0.00 | epoch: 1 pq: 2 rg: 4 | total time: 20.85m | eta: 21.8m
step 01872/03814 (49.08%) | loss: 3.373131 | lrm: 0.79 | dt: 647.53ms | tok/sec: 101,208 | bf16_mfu: 0.00 | epoch: 1 pq: 2 rg: 4 | total time: 20.86m | eta: 21.8m
step 01873/03814 (49.11%) | loss: 3.390015 | lrm: 0.79 | dt: 729.69ms | tok/sec: 89,813 | bf16_mfu: 0.00 | epoch: 1 pq: 2 rg: 4 | total time: 20.87m | eta: 21.7m
step 01874/03814 (49.13%) | loss: 3.415938 | lrm: 0.79 | dt: 734.06ms | tok/sec: 89,278 | bf16_mfu: 0.00 | epoch: 1 pq: 2 rg: 5 | total time: 20.88m | eta: 21.7m
step 01875/03814 (49.16%) | loss: 3.426258 | lrm: 0.79 | dt: 652.49ms | tok/sec: 100,439 | bf16_mfu: 0.00 | epoch: 1 pq: 2 rg: 5 | total time: 20.89m | eta: 21.7m
step 01876/03814 (49.19%) | loss: 3.419228 | lrm: 0.79 | dt: 732.21ms | tok/sec: 89,504 | bf16_mfu: 0.00 | epoch: 1 pq: 2 rg: 5 | total time: 20.90m | eta: 21.7m
step 01877/03814 (49.21%) | loss: 3.410291 | lrm: 0.79 | dt: 692.20ms | tok/sec: 94,677 | bf16_mfu: 0.00 | epoch: 1 pq: 2 rg: 5 | total time: 20.92m | eta: 21.7m
step 01878/03814 (49.24%) | loss: 3.395100 | lrm: 0.79 | dt: 751.21ms | tok/sec: 87,240 | bf16_mfu: 0.00 | epoch: 1 pq: 2 rg: 5 | total time: 20.93m | eta: 21.7m
step 01879/03814 (49.27%) | loss: 3.376125 | lrm: 0.79 | dt: 651.23ms | tok/sec: 100,634 | bf16_mfu: 0.00 | epoch: 1 pq: 2 rg: 5 | total time: 20.94m | eta: 21.7m
step 01880/03814 (49.29%) | loss: 3.394122 | lrm: 0.79 | dt: 823.47ms | tok/sec: 79,584 | bf16_mfu: 0.00 | epoch: 1 pq: 2 rg: 5 | total time: 20.95m | eta: 21.7m
step 01881/03814 (49.32%) | loss: 3.426241 | lrm: 0.79 | dt: 656.72ms | tok/sec: 99,792 | bf16_mfu: 0.00 | epoch: 1 pq: 2 rg: 5 | total time: 20.96m | eta: 21.7m
step 01882/03814 (49.34%) | loss: 3.421309 | lrm: 0.79 | dt: 653.24ms | tok/sec: 100,324 | bf16_mfu: 0.00 | epoch: 1 pq: 2 rg: 5 | total time: 20.98m | eta: 21.6m
step 01883/03814 (49.37%) | loss: 3.418107 | lrm: 0.79 | dt: 692.15ms | tok/sec: 94,684 | bf16_mfu: 0.00 | epoch: 1 pq: 2 rg: 6 | total time: 20.99m | eta: 21.6m
step 01884/03814 (49.40%) | loss: 3.399000 | lrm: 0.79 | dt: 661.77ms | tok/sec: 99,030 | bf16_mfu: 0.00 | epoch: 1 pq: 2 rg: 6 | total time: 21.00m | eta: 21.6m
step 01885/03814 (49.42%) | loss: 3.398192 | lrm: 0.79 | dt: 657.99ms | tok/sec: 99,600 | bf16_mfu: 0.00 | epoch: 1 pq: 2 rg: 6 | total time: 21.01m | eta: 21.6m
step 01886/03814 (49.45%) | loss: 3.387854 | lrm: 0.79 | dt: 656.80ms | tok/sec: 99,780 | bf16_mfu: 0.00 | epoch: 1 pq: 2 rg: 6 | total time: 21.02m | eta: 21.6m
step 01887/03814 (49.48%) | loss: 3.409706 | lrm: 0.79 | dt: 656.94ms | tok/sec: 99,758 | bf16_mfu: 0.00 | epoch: 1 pq: 2 rg: 6 | total time: 21.03m | eta: 21.6m
step 01888/03814 (49.50%) | loss: 3.408906 | lrm: 0.79 | dt: 779.64ms | tok/sec: 84,059 | bf16_mfu: 0.00 | epoch: 1 pq: 2 rg: 6 | total time: 21.04m | eta: 21.6m
step 01889/03814 (49.53%) | loss: 3.391017 | lrm: 0.79 | dt: 658.19ms | tok/sec: 99,569 | bf16_mfu: 0.00 | epoch: 1 pq: 2 rg: 6 | total time: 21.05m | eta: 21.6m
step 01890/03814 (49.55%) | loss: 3.364972 | lrm: 0.79 | dt: 657.80ms | tok/sec: 99,628 | bf16_mfu: 0.00 | epoch: 1 pq: 2 rg: 6 | total time: 21.07m | eta: 21.6m
step 01891/03814 (49.58%) | loss: 3.355299 | lrm: 0.79 | dt: 658.08ms | tok/sec: 99,587 | bf16_mfu: 0.00 | epoch: 1 pq: 2 rg: 6 | total time: 21.08m | eta: 21.5m
step 01892/03814 (49.61%) | loss: 3.334822 | lrm: 0.79 | dt: 659.74ms | tok/sec: 99,335 | bf16_mfu: 0.00 | epoch: 1 pq: 2 rg: 6 | total time: 21.09m | eta: 21.5m
step 01893/03814 (49.63%) | loss: 3.331070 | lrm: 0.79 | dt: 656.55ms | tok/sec: 99,818 | bf16_mfu: 0.00 | epoch: 1 pq: 2 rg: 7 | total time: 21.10m | eta: 21.5m
step 01894/03814 (49.66%) | loss: 3.330410 | lrm: 0.79 | dt: 656.50ms | tok/sec: 99,826 | bf16_mfu: 0.00 | epoch: 1 pq: 2 rg: 7 | total time: 21.11m | eta: 21.5m
step 01895/03814 (49.69%) | loss: 3.357195 | lrm: 0.79 | dt: 653.31ms | tok/sec: 100,314 | bf16_mfu: 0.00 | epoch: 1 pq: 2 rg: 7 | total time: 21.12m | eta: 21.5m
step 01896/03814 (49.71%) | loss: 3.355190 | lrm: 0.79 | dt: 654.72ms | tok/sec: 100,097 | bf16_mfu: 0.00 | epoch: 1 pq: 2 rg: 7 | total time: 21.13m | eta: 21.5m
step 01897/03814 (49.74%) | loss: 3.360705 | lrm: 0.78 | dt: 682.26ms | tok/sec: 96,057 | bf16_mfu: 0.00 | epoch: 1 pq: 2 rg: 7 | total time: 21.14m | eta: 21.5m
step 01898/03814 (49.76%) | loss: 3.336088 | lrm: 0.78 | dt: 657.43ms | tok/sec: 99,684 | bf16_mfu: 0.00 | epoch: 1 pq: 2 rg: 7 | total time: 21.15m | eta: 21.5m
step 01899/03814 (49.79%) | loss: 3.317501 | lrm: 0.78 | dt: 654.02ms | tok/sec: 100,205 | bf16_mfu: 0.00 | epoch: 1 pq: 2 rg: 7 | total time: 21.16m | eta: 21.5m
step 01900/03814 (49.82%) | loss: 3.330875 | lrm: 0.78 | dt: 656.35ms | tok/sec: 99,849 | bf16_mfu: 0.00 | epoch: 1 pq: 2 rg: 7 | total time: 21.18m | eta: 21.4m
step 01901/03814 (49.84%) | loss: 3.317125 | lrm: 0.78 | dt: 693.03ms | tok/sec: 94,564 | bf16_mfu: 0.00 | epoch: 1 pq: 2 rg: 7 | total time: 21.19m | eta: 21.4m
step 01902/03814 (49.87%) | loss: 3.325066 | lrm: 0.78 | dt: 738.77ms | tok/sec: 88,709 | bf16_mfu: 0.00 | epoch: 1 pq: 2 rg: 8 | total time: 21.20m | eta: 21.4m
step 01903/03814 (49.90%) | loss: 3.330142 | lrm: 0.78 | dt: 707.10ms | tok/sec: 92,683 | bf16_mfu: 0.00 | epoch: 1 pq: 2 rg: 8 | total time: 21.21m | eta: 21.4m
step 01904/03814 (49.92%) | loss: 3.336832 | lrm: 0.78 | dt: 663.14ms | tok/sec: 98,827 | bf16_mfu: 0.00 | epoch: 1 pq: 2 rg: 8 | total time: 21.22m | eta: 21.4m
step 01905/03814 (49.95%) | loss: 3.312642 | lrm: 0.78 | dt: 652.73ms | tok/sec: 100,403 | bf16_mfu: 0.00 | epoch: 1 pq: 2 rg: 8 | total time: 21.23m | eta: 21.4m
step 01906/03814 (49.97%) | loss: 3.297985 | lrm: 0.78 | dt: 652.82ms | tok/sec: 100,389 | bf16_mfu: 0.00 | epoch: 1 pq: 2 rg: 8 | total time: 21.24m | eta: 21.4m
step 01907/03814 (50.00%) | loss: 3.292770 | lrm: 0.78 | dt: 708.22ms | tok/sec: 92,535 | bf16_mfu: 0.00 | epoch: 1 pq: 2 rg: 8 | total time: 21.26m | eta: 21.4m
step 01908/03814 (50.03%) | loss: 3.287973 | lrm: 0.78 | dt: 731.11ms | tok/sec: 89,639 | bf16_mfu: 0.00 | epoch: 1 pq: 2 rg: 8 | total time: 21.27m | eta: 21.4m
step 01909/03814 (50.05%) | loss: 3.307523 | lrm: 0.78 | dt: 654.68ms | tok/sec: 100,103 | bf16_mfu: 0.00 | epoch: 1 pq: 2 rg: 8 | total time: 21.28m | eta: 21.3m
step 01910/03814 (50.08%) | loss: 3.328698 | lrm: 0.78 | dt: 653.03ms | tok/sec: 100,356 | bf16_mfu: 0.00 | epoch: 1 pq: 2 rg: 8 | total time: 21.29m | eta: 21.3m
step 01911/03814 (50.10%) | loss: 3.336544 | lrm: 0.78 | dt: 656.38ms | tok/sec: 99,844 | bf16_mfu: 0.00 | epoch: 1 pq: 2 rg: 9 | total time: 21.30m | eta: 21.3m
step 01912/03814 (50.13%) | loss: 3.336303 | lrm: 0.78 | dt: 659.38ms | tok/sec: 99,391 | bf16_mfu: 0.00 | epoch: 1 pq: 2 rg: 9 | total time: 21.31m | eta: 21.3m
step 01913/03814 (50.16%) | loss: 3.328946 | lrm: 0.78 | dt: 883.44ms | tok/sec: 74,182 | bf16_mfu: 0.00 | epoch: 1 pq: 2 rg: 9 | total time: 21.33m | eta: 21.3m
step 01914/03814 (50.18%) | loss: 3.305274 | lrm: 0.78 | dt: 653.15ms | tok/sec: 100,338 | bf16_mfu: 0.00 | epoch: 1 pq: 2 rg: 9 | total time: 21.34m | eta: 21.3m
step 01915/03814 (50.21%) | loss: 3.297069 | lrm: 0.78 | dt: 648.71ms | tok/sec: 101,025 | bf16_mfu: 0.00 | epoch: 1 pq: 2 rg: 9 | total time: 21.35m | eta: 21.3m
step 01916/03814 (50.24%) | loss: 3.286700 | lrm: 0.78 | dt: 654.95ms | tok/sec: 100,062 | bf16_mfu: 0.00 | epoch: 1 pq: 2 rg: 9 | total time: 21.36m | eta: 21.3m
step 01917/03814 (50.26%) | loss: 3.304801 | lrm: 0.78 | dt: 653.24ms | tok/sec: 100,324 | bf16_mfu: 0.00 | epoch: 1 pq: 2 rg: 9 | total time: 21.37m | eta: 21.3m
step 01918/03814 (50.29%) | loss: 3.319224 | lrm: 0.78 | dt: 683.74ms | tok/sec: 95,848 | bf16_mfu: 0.00 | epoch: 1 pq: 2 rg: 9 | total time: 21.38m | eta: 21.2m
step 01919/03814 (50.31%) | loss: 3.335603 | lrm: 0.78 | dt: 662.56ms | tok/sec: 98,913 | bf16_mfu: 0.00 | epoch: 1 pq: 2 rg: 9 | total time: 21.39m | eta: 21.2m
step 01920/03814 (50.34%) | loss: 3.331941 | lrm: 0.78 | dt: 651.81ms | tok/sec: 100,544 | bf16_mfu: 0.00 | epoch: 1 pq: 2 rg: 9 | total time: 21.40m | eta: 21.2m
step 01921/03814 (50.37%) | loss: 3.329260 | lrm: 0.78 | dt: 730.54ms | tok/sec: 89,709 | bf16_mfu: 0.00 | epoch: 1 pq: 2 rg: 10 | total time: 21.42m | eta: 21.2m
step 01922/03814 (50.39%) | loss: 3.336262 | lrm: 0.78 | dt: 800.17ms | tok/sec: 81,902 | bf16_mfu: 0.00 | epoch: 1 pq: 2 rg: 10 | total time: 21.43m | eta: 21.2m
step 01923/03814 (50.42%) | loss: 3.362025 | lrm: 0.77 | dt: 653.55ms | tok/sec: 100,277 | bf16_mfu: 0.00 | epoch: 1 pq: 2 rg: 10 | total time: 21.44m | eta: 21.2m
step 01924/03814 (50.45%) | loss: 3.356248 | lrm: 0.77 | dt: 651.86ms | tok/sec: 100,536 | bf16_mfu: 0.00 | epoch: 1 pq: 2 rg: 10 | total time: 21.45m | eta: 21.2m
step 01925/03814 (50.47%) | loss: 3.326379 | lrm: 0.77 | dt: 658.67ms | tok/sec: 99,497 | bf16_mfu: 0.00 | epoch: 1 pq: 2 rg: 10 | total time: 21.46m | eta: 21.2m
step 01926/03814 (50.50%) | loss: 3.308776 | lrm: 0.77 | dt: 650.67ms | tok/sec: 100,720 | bf16_mfu: 0.00 | epoch: 1 pq: 2 rg: 10 | total time: 21.47m | eta: 21.2m
step 01927/03814 (50.52%) | loss: 3.295781 | lrm: 0.77 | dt: 651.61ms | tok/sec: 100,574 | bf16_mfu: 0.00 | epoch: 1 pq: 2 rg: 10 | total time: 21.48m | eta: 21.1m
step 01928/03814 (50.55%) | loss: 3.291472 | lrm: 0.77 | dt: 653.21ms | tok/sec: 100,329 | bf16_mfu: 0.00 | epoch: 1 pq: 2 rg: 10 | total time: 21.49m | eta: 21.1m
step 01929/03814 (50.58%) | loss: 3.306516 | lrm: 0.77 | dt: 652.91ms | tok/sec: 100,375 | bf16_mfu: 0.00 | epoch: 1 pq: 2 rg: 10 | total time: 21.50m | eta: 21.1m
step 01930/03814 (50.60%) | loss: 3.323934 | lrm: 0.77 | dt: 646.39ms | tok/sec: 101,387 | bf16_mfu: 0.00 | epoch: 1 pq: 2 rg: 11 | total time: 21.52m | eta: 21.1m
step 01931/03814 (50.63%) | loss: 3.348006 | lrm: 0.77 | dt: 649.15ms | tok/sec: 100,956 | bf16_mfu: 0.00 | epoch: 1 pq: 2 rg: 11 | total time: 21.53m | eta: 21.1m
step 01932/03814 (50.66%) | loss: 3.346721 | lrm: 0.77 | dt: 653.49ms | tok/sec: 100,285 | bf16_mfu: 0.00 | epoch: 1 pq: 2 rg: 11 | total time: 21.54m | eta: 21.1m
step 01933/03814 (50.68%) | loss: 3.339401 | lrm: 0.77 | dt: 649.90ms | tok/sec: 100,840 | bf16_mfu: 0.00 | epoch: 1 pq: 2 rg: 11 | total time: 21.55m | eta: 21.1m
step 01934/03814 (50.71%) | loss: 3.327346 | lrm: 0.77 | dt: 649.78ms | tok/sec: 100,858 | bf16_mfu: 0.00 | epoch: 1 pq: 2 rg: 11 | total time: 21.56m | eta: 21.1m
step 01935/03814 (50.73%) | loss: 3.320401 | lrm: 0.77 | dt: 646.92ms | tok/sec: 101,304 | bf16_mfu: 0.00 | epoch: 1 pq: 2 rg: 11 | total time: 21.57m | eta: 21.1m
step 01936/03814 (50.76%) | loss: 3.325133 | lrm: 0.77 | dt: 649.63ms | tok/sec: 100,881 | bf16_mfu: 0.00 | epoch: 1 pq: 2 rg: 11 | total time: 21.58m | eta: 21.0m
step 01937/03814 (50.79%) | loss: 3.348011 | lrm: 0.77 | dt: 651.00ms | tok/sec: 100,670 | bf16_mfu: 0.00 | epoch: 1 pq: 2 rg: 11 | total time: 21.59m | eta: 21.0m
step 01938/03814 (50.81%) | loss: 3.354359 | lrm: 0.77 | dt: 655.05ms | tok/sec: 100,047 | bf16_mfu: 0.00 | epoch: 1 pq: 2 rg: 11 | total time: 21.60m | eta: 21.0m
step 01939/03814 (50.84%) | loss: 3.331005 | lrm: 0.77 | dt: 1081.38ms | tok/sec: 60,603 | bf16_mfu: 0.00 | epoch: 1 pq: 2 rg: 12 | total time: 21.62m | eta: 21.0m
step 01940/03814 (50.87%) | loss: 3.321172 | lrm: 0.77 | dt: 651.22ms | tok/sec: 100,635 | bf16_mfu: 0.00 | epoch: 1 pq: 2 rg: 12 | total time: 21.63m | eta: 21.0m
step 01941/03814 (50.89%) | loss: 3.308308 | lrm: 0.77 | dt: 650.91ms | tok/sec: 100,683 | bf16_mfu: 0.00 | epoch: 1 pq: 2 rg: 12 | total time: 21.64m | eta: 21.0m
step 01942/03814 (50.92%) | loss: 3.319007 | lrm: 0.77 | dt: 648.86ms | tok/sec: 101,001 | bf16_mfu: 0.00 | epoch: 1 pq: 2 rg: 12 | total time: 21.65m | eta: 21.0m
step 01943/03814 (50.94%) | loss: 3.341187 | lrm: 0.77 | dt: 651.09ms | tok/sec: 100,655 | bf16_mfu: 0.00 | epoch: 1 pq: 2 rg: 12 | total time: 21.66m | eta: 21.0m
step 01944/03814 (50.97%) | loss: 3.344482 | lrm: 0.77 | dt: 658.27ms | tok/sec: 99,557 | bf16_mfu: 0.00 | epoch: 1 pq: 2 rg: 12 | total time: 21.67m | eta: 21.0m
step 01945/03814 (51.00%) | loss: 3.330536 | lrm: 0.77 | dt: 647.24ms | tok/sec: 101,255 | bf16_mfu: 0.00 | epoch: 1 pq: 2 rg: 12 | total time: 21.69m | eta: 20.9m
step 01946/03814 (51.02%) | loss: 3.318750 | lrm: 0.77 | dt: 646.77ms | tok/sec: 101,327 | bf16_mfu: 0.00 | epoch: 1 pq: 2 rg: 12 | total time: 21.70m | eta: 20.9m
step 01947/03814 (51.05%) | loss: 3.304012 | lrm: 0.77 | dt: 682.03ms | tok/sec: 96,090 | bf16_mfu: 0.00 | epoch: 1 pq: 2 rg: 12 | total time: 21.71m | eta: 20.9m
step 01948/03814 (51.07%) | loss: 3.324705 | lrm: 0.77 | dt: 653.81ms | tok/sec: 100,237 | bf16_mfu: 0.00 | epoch: 1 pq: 2 rg: 12 | total time: 21.72m | eta: 20.9m
step 01949/03814 (51.10%) | loss: 3.342634 | lrm: 0.76 | dt: 740.04ms | tok/sec: 88,557 | bf16_mfu: 0.00 | epoch: 1 pq: 2 rg: 13 | total time: 21.73m | eta: 20.9m
step 01950/03814 (51.13%) | loss: 3.349405 | lrm: 0.76 | dt: 718.81ms | tok/sec: 91,173 | bf16_mfu: 0.00 | epoch: 1 pq: 2 rg: 13 | total time: 21.74m | eta: 20.9m
step 01951/03814 (51.15%) | loss: 3.354454 | lrm: 0.76 | dt: 666.18ms | tok/sec: 98,375 | bf16_mfu: 0.00 | epoch: 1 pq: 2 rg: 13 | total time: 21.75m | eta: 20.9m
step 01952/03814 (51.18%) | loss: 3.324161 | lrm: 0.76 | dt: 648.07ms | tok/sec: 101,125 | bf16_mfu: 0.00 | epoch: 1 pq: 2 rg: 13 | total time: 21.76m | eta: 20.9m
step 01953/03814 (51.21%) | loss: 3.309204 | lrm: 0.76 | dt: 649.45ms | tok/sec: 100,910 | bf16_mfu: 0.00 | epoch: 1 pq: 2 rg: 13 | total time: 21.78m | eta: 20.9m
step 01954/03814 (51.23%) | loss: 3.281975 | lrm: 0.76 | dt: 647.56ms | tok/sec: 101,205 | bf16_mfu: 0.00 | epoch: 1 pq: 2 rg: 13 | total time: 21.79m | eta: 20.8m
step 01955/03814 (51.26%) | loss: 3.288582 | lrm: 0.76 | dt: 648.64ms | tok/sec: 101,036 | bf16_mfu: 0.00 | epoch: 1 pq: 2 rg: 13 | total time: 21.80m | eta: 20.8m
step 01956/03814 (51.28%) | loss: 3.291386 | lrm: 0.76 | dt: 647.82ms | tok/sec: 101,163 | bf16_mfu: 0.00 | epoch: 1 pq: 2 rg: 13 | total time: 21.81m | eta: 20.8m
step 01957/03814 (51.31%) | loss: 3.318271 | lrm: 0.76 | dt: 852.38ms | tok/sec: 76,886 | bf16_mfu: 0.00 | epoch: 1 pq: 2 rg: 13 | total time: 21.82m | eta: 20.8m
step 01958/03814 (51.34%) | loss: 3.337746 | lrm: 0.76 | dt: 701.26ms | tok/sec: 93,454 | bf16_mfu: 0.00 | epoch: 1 pq: 2 rg: 14 | total time: 21.83m | eta: 20.8m
step 01959/03814 (51.36%) | loss: 3.320372 | lrm: 0.76 | dt: 671.17ms | tok/sec: 97,644 | bf16_mfu: 0.00 | epoch: 1 pq: 2 rg: 14 | total time: 21.85m | eta: 20.8m
step 01960/03814 (51.39%) | loss: 3.306863 | lrm: 0.76 | dt: 647.84ms | tok/sec: 101,160 | bf16_mfu: 0.00 | epoch: 1 pq: 2 rg: 14 | total time: 21.86m | eta: 20.8m
step 01961/03814 (51.42%) | loss: 3.319044 | lrm: 0.76 | dt: 648.69ms | tok/sec: 101,028 | bf16_mfu: 0.00 | epoch: 1 pq: 2 rg: 14 | total time: 21.87m | eta: 20.8m
step 01962/03814 (51.44%) | loss: 3.336142 | lrm: 0.76 | dt: 647.28ms | tok/sec: 101,247 | bf16_mfu: 0.00 | epoch: 1 pq: 2 rg: 14 | total time: 21.88m | eta: 20.8m
step 01963/03814 (51.47%) | loss: 3.334912 | lrm: 0.76 | dt: 650.26ms | tok/sec: 100,784 | bf16_mfu: 0.00 | epoch: 1 pq: 2 rg: 14 | total time: 21.89m | eta: 20.7m
step 01964/03814 (51.49%) | loss: 3.322208 | lrm: 0.76 | dt: 648.16ms | tok/sec: 101,111 | bf16_mfu: 0.00 | epoch: 1 pq: 2 rg: 14 | total time: 21.90m | eta: 20.7m
step 01965/03814 (51.52%) | loss: 3.313441 | lrm: 0.76 | dt: 649.32ms | tok/sec: 100,930 | bf16_mfu: 0.00 | epoch: 1 pq: 2 rg: 14 | total time: 21.91m | eta: 20.7m
step 01966/03814 (51.55%) | loss: 3.301005 | lrm: 0.76 | dt: 653.25ms | tok/sec: 100,323 | bf16_mfu: 0.00 | epoch: 1 pq: 2 rg: 14 | total time: 21.92m | eta: 20.7m
step 01967/03814 (51.57%) | loss: 3.295320 | lrm: 0.76 | dt: 646.25ms | tok/sec: 101,410 | bf16_mfu: 0.00 | epoch: 1 pq: 2 rg: 14 | total time: 21.93m | eta: 20.7m
step 01968/03814 (51.60%) | loss: 3.307317 | lrm: 0.76 | dt: 724.77ms | tok/sec: 90,423 | bf16_mfu: 0.00 | epoch: 1 pq: 2 rg: 15 | total time: 21.94m | eta: 20.7m
step 01969/03814 (51.63%) | loss: 3.345662 | lrm: 0.76 | dt: 651.63ms | tok/sec: 100,571 | bf16_mfu: 0.00 | epoch: 1 pq: 2 rg: 15 | total time: 21.95m | eta: 20.7m
step 01970/03814 (51.65%) | loss: 3.345798 | lrm: 0.76 | dt: 648.33ms | tok/sec: 101,084 | bf16_mfu: 0.00 | epoch: 1 pq: 2 rg: 15 | total time: 21.97m | eta: 20.7m
step 01971/03814 (51.68%) | loss: 3.343315 | lrm: 0.76 | dt: 747.67ms | tok/sec: 87,653 | bf16_mfu: 0.00 | epoch: 1 pq: 2 rg: 15 | total time: 21.98m | eta: 20.7m
step 01972/03814 (51.70%) | loss: 3.334751 | lrm: 0.76 | dt: 650.42ms | tok/sec: 100,759 | bf16_mfu: 0.00 | epoch: 1 pq: 2 rg: 15 | total time: 21.99m | eta: 20.6m
step 01973/03814 (51.73%) | loss: 3.312220 | lrm: 0.76 | dt: 647.87ms | tok/sec: 101,155 | bf16_mfu: 0.00 | epoch: 1 pq: 2 rg: 15 | total time: 22.00m | eta: 20.6m
step 01974/03814 (51.76%) | loss: 3.310037 | lrm: 0.76 | dt: 942.00ms | tok/sec: 69,571 | bf16_mfu: 0.00 | epoch: 1 pq: 2 rg: 15 | total time: 22.02m | eta: 20.6m
step 01975/03814 (51.78%) | loss: 3.319957 | lrm: 0.75 | dt: 652.93ms | tok/sec: 100,372 | bf16_mfu: 0.00 | epoch: 1 pq: 2 rg: 15 | total time: 22.03m | eta: 20.6m
step 01976/03814 (51.81%) | loss: 3.347267 | lrm: 0.75 | dt: 660.34ms | tok/sec: 99,246 | bf16_mfu: 0.00 | epoch: 1 pq: 2 rg: 15 | total time: 22.04m | eta: 20.6m
step 01977/03814 (51.84%) | loss: 3.355858 | lrm: 0.75 | dt: 645.05ms | tok/sec: 101,598 | bf16_mfu: 0.00 | epoch: 1 pq: 2 rg: 16 | total time: 22.05m | eta: 20.6m
step 01978/03814 (51.86%) | loss: 3.328200 | lrm: 0.75 | dt: 645.27ms | tok/sec: 101,564 | bf16_mfu: 0.00 | epoch: 1 pq: 2 rg: 16 | total time: 22.06m | eta: 20.6m
step 01979/03814 (51.89%) | loss: 3.319134 | lrm: 0.75 | dt: 873.47ms | tok/sec: 75,029 | bf16_mfu: 0.00 | epoch: 1 pq: 2 rg: 16 | total time: 22.07m | eta: 20.6m
step 01980/03814 (51.91%) | loss: 3.320617 | lrm: 0.75 | dt: 650.26ms | tok/sec: 100,784 | bf16_mfu: 0.00 | epoch: 1 pq: 2 rg: 16 | total time: 22.08m | eta: 20.6m
step 01981/03814 (51.94%) | loss: 3.298667 | lrm: 0.75 | dt: 648.47ms | tok/sec: 101,062 | bf16_mfu: 0.00 | epoch: 1 pq: 2 rg: 16 | total time: 22.09m | eta: 20.5m
step 01982/03814 (51.97%) | loss: 3.302721 | lrm: 0.75 | dt: 647.54ms | tok/sec: 101,207 | bf16_mfu: 0.00 | epoch: 1 pq: 2 rg: 16 | total time: 22.11m | eta: 20.5m
step 01983/03814 (51.99%) | loss: 3.305263 | lrm: 0.75 | dt: 647.84ms | tok/sec: 101,160 | bf16_mfu: 0.00 | epoch: 1 pq: 2 rg: 16 | total time: 22.12m | eta: 20.5m
step 01984/03814 (52.02%) | loss: 3.309846 | lrm: 0.75 | dt: 648.34ms | tok/sec: 101,082 | bf16_mfu: 0.00 | epoch: 1 pq: 2 rg: 16 | total time: 22.13m | eta: 20.5m
step 01985/03814 (52.05%) | loss: 3.331861 | lrm: 0.75 | dt: 1135.55ms | tok/sec: 57,713 | bf16_mfu: 0.00 | epoch: 1 pq: 2 rg: 16 | total time: 22.15m | eta: 20.5m
step 01986/03814 (52.07%) | loss: 3.322105 | lrm: 0.75 | dt: 996.79ms | tok/sec: 65,747 | bf16_mfu: 0.00 | epoch: 1 pq: 2 rg: 17 | total time: 22.16m | eta: 20.5m
step 01987/03814 (52.10%) | loss: 3.305496 | lrm: 0.75 | dt: 654.45ms | tok/sec: 100,139 | bf16_mfu: 0.00 | epoch: 1 pq: 2 rg: 17 | total time: 22.17m | eta: 20.5m
step 01988/03814 (52.12%) | loss: 3.301308 | lrm: 0.75 | dt: 647.53ms | tok/sec: 101,209 | bf16_mfu: 0.00 | epoch: 1 pq: 2 rg: 17 | total time: 22.18m | eta: 20.5m
step 01989/03814 (52.15%) | loss: 3.298160 | lrm: 0.75 | dt: 647.10ms | tok/sec: 101,276 | bf16_mfu: 0.00 | epoch: 1 pq: 2 rg: 17 | total time: 22.20m | eta: 20.5m
step 01990/03814 (52.18%) | loss: 3.306485 | lrm: 0.75 | dt: 648.65ms | tok/sec: 101,033 | bf16_mfu: 0.00 | epoch: 1 pq: 2 rg: 17 | total time: 22.21m | eta: 20.5m
step 01991/03814 (52.20%) | loss: 3.318703 | lrm: 0.75 | dt: 905.65ms | tok/sec: 72,363 | bf16_mfu: 0.00 | epoch: 1 pq: 2 rg: 17 | total time: 22.22m | eta: 20.4m
step 01992/03814 (52.23%) | loss: 3.306262 | lrm: 0.75 | dt: 712.87ms | tok/sec: 91,932 | bf16_mfu: 0.00 | epoch: 1 pq: 2 rg: 17 | total time: 22.23m | eta: 20.4m
step 01993/03814 (52.25%) | loss: 3.295184 | lrm: 0.75 | dt: 649.73ms | tok/sec: 100,866 | bf16_mfu: 0.00 | epoch: 1 pq: 2 rg: 17 | total time: 22.24m | eta: 20.4m
step 01994/03814 (52.28%) | loss: 3.280352 | lrm: 0.75 | dt: 647.67ms | tok/sec: 101,187 | bf16_mfu: 0.00 | epoch: 1 pq: 2 rg: 17 | total time: 22.25m | eta: 20.4m
step 01995/03814 (52.31%) | loss: 3.277928 | lrm: 0.75 | dt: 648.21ms | tok/sec: 101,103 | bf16_mfu: 0.00 | epoch: 1 pq: 2 rg: 17 | total time: 22.27m | eta: 20.4m
step 01996/03814 (52.33%) | loss: 3.281541 | lrm: 0.75 | dt: 790.39ms | tok/sec: 82,916 | bf16_mfu: 0.00 | epoch: 1 pq: 2 rg: 18 | total time: 22.28m | eta: 20.4m
step 01997/03814 (52.36%) | loss: 3.294492 | lrm: 0.75 | dt: 648.23ms | tok/sec: 101,099 | bf16_mfu: 0.00 | epoch: 1 pq: 2 rg: 18 | total time: 22.29m | eta: 20.4m
step 01998/03814 (52.39%) | loss: 3.310293 | lrm: 0.75 | dt: 648.83ms | tok/sec: 101,006 | bf16_mfu: 0.00 | epoch: 1 pq: 2 rg: 18 | total time: 22.30m | eta: 20.4m
step 01999/03814 (52.41%) | loss: 3.318959 | lrm: 0.75 | dt: 646.25ms | tok/sec: 101,409 | bf16_mfu: 0.00 | epoch: 1 pq: 2 rg: 18 | total time: 22.31m | eta: 20.4m
Step 02000 | Validation bpb: 0.862274
step 02000/03814 (52.44%) | loss: 3.329147 | lrm: 0.75 | dt: 640.12ms | tok/sec: 102,380 | bf16_mfu: 0.00 | epoch: 1 pq: 2 rg: 18 | total time: 22.32m | eta: 20.3m
step 02001/03814 (52.46%) | loss: 3.309579 | lrm: 0.74 | dt: 834.26ms | tok/sec: 78,555 | bf16_mfu: 0.00 | epoch: 1 pq: 2 rg: 18 | total time: 22.34m | eta: 20.3m
step 02002/03814 (52.49%) | loss: 3.301189 | lrm: 0.74 | dt: 670.20ms | tok/sec: 97,785 | bf16_mfu: 0.00 | epoch: 1 pq: 2 rg: 18 | total time: 22.35m | eta: 20.3m
step 02003/03814 (52.52%) | loss: 3.285106 | lrm: 0.74 | dt: 640.17ms | tok/sec: 102,373 | bf16_mfu: 0.00 | epoch: 1 pq: 2 rg: 18 | total time: 22.36m | eta: 20.3m
step 02004/03814 (52.54%) | loss: 3.301471 | lrm: 0.74 | dt: 651.02ms | tok/sec: 100,666 | bf16_mfu: 0.00 | epoch: 1 pq: 2 rg: 18 | total time: 22.37m | eta: 20.3m
step 02005/03814 (52.57%) | loss: 3.319518 | lrm: 0.74 | dt: 673.89ms | tok/sec: 97,250 | bf16_mfu: 0.00 | epoch: 1 pq: 2 rg: 19 | total time: 22.38m | eta: 20.3m
step 02006/03814 (52.60%) | loss: 3.341039 | lrm: 0.74 | dt: 690.51ms | tok/sec: 94,910 | bf16_mfu: 0.00 | epoch: 1 pq: 2 rg: 19 | total time: 22.39m | eta: 20.3m
step 02007/03814 (52.62%) | loss: 3.331933 | lrm: 0.74 | dt: 639.64ms | tok/sec: 102,457 | bf16_mfu: 0.00 | epoch: 1 pq: 2 rg: 19 | total time: 22.40m | eta: 20.3m
step 02008/03814 (52.65%) | loss: 3.322324 | lrm: 0.74 | dt: 637.21ms | tok/sec: 102,848 | bf16_mfu: 0.00 | epoch: 1 pq: 2 rg: 19 | total time: 22.41m | eta: 20.3m
step 02009/03814 (52.67%) | loss: 3.304999 | lrm: 0.74 | dt: 638.37ms | tok/sec: 102,661 | bf16_mfu: 0.00 | epoch: 1 pq: 2 rg: 19 | total time: 22.42m | eta: 20.2m
step 02010/03814 (52.70%) | loss: 3.285728 | lrm: 0.74 | dt: 644.01ms | tok/sec: 101,762 | bf16_mfu: 0.00 | epoch: 1 pq: 2 rg: 19 | total time: 22.43m | eta: 20.2m
step 02011/03814 (52.73%) | loss: 3.301926 | lrm: 0.74 | dt: 711.68ms | tok/sec: 92,086 | bf16_mfu: 0.00 | epoch: 1 pq: 2 rg: 19 | total time: 22.45m | eta: 20.2m
step 02012/03814 (52.75%) | loss: 3.354968 | lrm: 0.74 | dt: 659.51ms | tok/sec: 99,370 | bf16_mfu: 0.00 | epoch: 1 pq: 2 rg: 19 | total time: 22.46m | eta: 20.2m
step 02013/03814 (52.78%) | loss: 3.347171 | lrm: 0.74 | dt: 660.95ms | tok/sec: 99,154 | bf16_mfu: 0.00 | epoch: 1 pq: 2 rg: 19 | total time: 22.47m | eta: 20.2m
step 02014/03814 (52.81%) | loss: 3.328717 | lrm: 0.74 | dt: 682.17ms | tok/sec: 96,069 | bf16_mfu: 0.00 | epoch: 1 pq: 2 rg: 20 | total time: 22.48m | eta: 20.2m
step 02015/03814 (52.83%) | loss: 3.306844 | lrm: 0.74 | dt: 647.74ms | tok/sec: 101,175 | bf16_mfu: 0.00 | epoch: 1 pq: 2 rg: 20 | total time: 22.49m | eta: 20.2m
step 02016/03814 (52.86%) | loss: 3.321369 | lrm: 0.74 | dt: 639.78ms | tok/sec: 102,434 | bf16_mfu: 0.00 | epoch: 1 pq: 2 rg: 20 | total time: 22.50m | eta: 20.2m
step 02017/03814 (52.88%) | loss: 3.346089 | lrm: 0.74 | dt: 642.66ms | tok/sec: 101,976 | bf16_mfu: 0.00 | epoch: 1 pq: 2 rg: 20 | total time: 22.51m | eta: 20.2m
step 02018/03814 (52.91%) | loss: 3.353470 | lrm: 0.74 | dt: 644.10ms | tok/sec: 101,747 | bf16_mfu: 0.00 | epoch: 1 pq: 2 rg: 20 | total time: 22.52m | eta: 20.1m
step 02019/03814 (52.94%) | loss: 3.369921 | lrm: 0.74 | dt: 646.50ms | tok/sec: 101,370 | bf16_mfu: 0.00 | epoch: 1 pq: 2 rg: 20 | total time: 22.53m | eta: 20.1m
step 02020/03814 (52.96%) | loss: 3.344668 | lrm: 0.74 | dt: 643.27ms | tok/sec: 101,880 | bf16_mfu: 0.00 | epoch: 1 pq: 2 rg: 20 | total time: 22.54m | eta: 20.1m
step 02021/03814 (52.99%) | loss: 3.342550 | lrm: 0.74 | dt: 643.03ms | tok/sec: 101,917 | bf16_mfu: 0.00 | epoch: 1 pq: 2 rg: 20 | total time: 22.55m | eta: 20.1m
step 02022/03814 (53.02%) | loss: 3.325789 | lrm: 0.74 | dt: 641.31ms | tok/sec: 102,190 | bf16_mfu: 0.00 | epoch: 1 pq: 2 rg: 20 | total time: 22.56m | eta: 20.1m
step 02023/03814 (53.04%) | loss: 3.355750 | lrm: 0.74 | dt: 643.40ms | tok/sec: 101,858 | bf16_mfu: 0.00 | epoch: 1 pq: 2 rg: 20 | total time: 22.58m | eta: 20.1m
step 02024/03814 (53.07%) | loss: 3.346030 | lrm: 0.74 | dt: 828.11ms | tok/sec: 79,139 | bf16_mfu: 0.00 | epoch: 1 pq: 2 rg: 21 | total time: 22.59m | eta: 20.1m
step 02025/03814 (53.09%) | loss: 3.342352 | lrm: 0.74 | dt: 672.83ms | tok/sec: 97,403 | bf16_mfu: 0.00 | epoch: 1 pq: 2 rg: 21 | total time: 22.60m | eta: 20.1m
step 02026/03814 (53.12%) | loss: 3.354409 | lrm: 0.74 | dt: 651.55ms | tok/sec: 100,584 | bf16_mfu: 0.00 | epoch: 1 pq: 2 rg: 21 | total time: 22.61m | eta: 20.1m
step 02027/03814 (53.15%) | loss: 3.332656 | lrm: 0.73 | dt: 641.15ms | tok/sec: 102,216 | bf16_mfu: 0.00 | epoch: 1 pq: 2 rg: 21 | total time: 22.62m | eta: 20.0m
step 02028/03814 (53.17%) | loss: 3.314508 | lrm: 0.73 | dt: 648.30ms | tok/sec: 101,088 | bf16_mfu: 0.00 | epoch: 1 pq: 2 rg: 21 | total time: 22.63m | eta: 20.0m
step 02029/03814 (53.20%) | loss: 3.331229 | lrm: 0.73 | dt: 641.40ms | tok/sec: 102,177 | bf16_mfu: 0.00 | epoch: 1 pq: 2 rg: 21 | total time: 22.64m | eta: 20.0m
step 02030/03814 (53.22%) | loss: 3.350236 | lrm: 0.73 | dt: 677.60ms | tok/sec: 96,717 | bf16_mfu: 0.00 | epoch: 1 pq: 2 rg: 21 | total time: 22.65m | eta: 20.0m
step 02031/03814 (53.25%) | loss: 3.363068 | lrm: 0.73 | dt: 670.33ms | tok/sec: 97,767 | bf16_mfu: 0.00 | epoch: 1 pq: 2 rg: 21 | total time: 22.67m | eta: 20.0m
step 02032/03814 (53.28%) | loss: 3.365163 | lrm: 0.73 | dt: 644.76ms | tok/sec: 101,644 | bf16_mfu: 0.00 | epoch: 1 pq: 2 rg: 21 | total time: 22.68m | eta: 20.0m
step 02033/03814 (53.30%) | loss: 3.346594 | lrm: 0.73 | dt: 722.42ms | tok/sec: 90,716 | bf16_mfu: 0.00 | epoch: 1 pq: 2 rg: 22 | total time: 22.69m | eta: 20.0m
step 02034/03814 (53.33%) | loss: 3.323305 | lrm: 0.73 | dt: 647.10ms | tok/sec: 101,275 | bf16_mfu: 0.00 | epoch: 1 pq: 2 rg: 22 | total time: 22.70m | eta: 20.0m
step 02035/03814 (53.36%) | loss: 3.366743 | lrm: 0.73 | dt: 700.85ms | tok/sec: 93,508 | bf16_mfu: 0.00 | epoch: 1 pq: 2 rg: 22 | total time: 22.71m | eta: 20.0m
step 02036/03814 (53.38%) | loss: 3.369612 | lrm: 0.73 | dt: 761.29ms | tok/sec: 86,085 | bf16_mfu: 0.00 | epoch: 1 pq: 2 rg: 22 | total time: 22.72m | eta: 19.9m
step 02037/03814 (53.41%) | loss: 3.348856 | lrm: 0.73 | dt: 673.28ms | tok/sec: 97,338 | bf16_mfu: 0.00 | epoch: 1 pq: 2 rg: 22 | total time: 22.73m | eta: 19.9m
step 02038/03814 (53.43%) | loss: 3.323014 | lrm: 0.73 | dt: 642.59ms | tok/sec: 101,987 | bf16_mfu: 0.00 | epoch: 1 pq: 2 rg: 22 | total time: 22.75m | eta: 19.9m
step 02039/03814 (53.46%) | loss: 3.341914 | lrm: 0.73 | dt: 645.19ms | tok/sec: 101,575 | bf16_mfu: 0.00 | epoch: 1 pq: 2 rg: 22 | total time: 22.76m | eta: 19.9m
step 02040/03814 (53.49%) | loss: 3.368101 | lrm: 0.73 | dt: 710.00ms | tok/sec: 92,304 | bf16_mfu: 0.00 | epoch: 1 pq: 2 rg: 22 | total time: 22.77m | eta: 19.9m
step 02041/03814 (53.51%) | loss: 3.358792 | lrm: 0.73 | dt: 648.28ms | tok/sec: 101,092 | bf16_mfu: 0.00 | epoch: 1 pq: 2 rg: 22 | total time: 22.78m | eta: 19.9m
step 02042/03814 (53.54%) | loss: 3.334291 | lrm: 0.73 | dt: 645.14ms | tok/sec: 101,583 | bf16_mfu: 0.00 | epoch: 1 pq: 2 rg: 22 | total time: 22.79m | eta: 19.9m
step 02043/03814 (53.57%) | loss: 3.323026 | lrm: 0.73 | dt: 655.43ms | tok/sec: 99,989 | bf16_mfu: 0.00 | epoch: 1 pq: 2 rg: 22 | total time: 22.80m | eta: 19.9m
step 02044/03814 (53.59%) | loss: 3.335333 | lrm: 0.73 | dt: 646.93ms | tok/sec: 101,303 | bf16_mfu: 0.00 | epoch: 1 pq: 2 rg: 23 | total time: 22.81m | eta: 19.9m
step 02045/03814 (53.62%) | loss: 3.325152 | lrm: 0.73 | dt: 653.82ms | tok/sec: 100,236 | bf16_mfu: 0.00 | epoch: 1 pq: 2 rg: 23 | total time: 22.82m | eta: 19.8m
step 02046/03814 (53.64%) | loss: 3.354769 | lrm: 0.73 | dt: 1064.10ms | tok/sec: 61,588 | bf16_mfu: 0.00 | epoch: 1 pq: 2 rg: 23 | total time: 22.84m | eta: 19.8m
step 02047/03814 (53.67%) | loss: 3.349006 | lrm: 0.73 | dt: 663.04ms | tok/sec: 98,842 | bf16_mfu: 0.00 | epoch: 1 pq: 2 rg: 23 | total time: 22.85m | eta: 19.8m
step 02048/03814 (53.70%) | loss: 3.323952 | lrm: 0.73 | dt: 642.92ms | tok/sec: 101,935 | bf16_mfu: 0.00 | epoch: 1 pq: 2 rg: 23 | total time: 22.86m | eta: 19.8m
step 02049/03814 (53.72%) | loss: 3.298955 | lrm: 0.73 | dt: 642.20ms | tok/sec: 102,048 | bf16_mfu: 0.00 | epoch: 1 pq: 2 rg: 23 | total time: 22.87m | eta: 19.8m
step 02050/03814 (53.75%) | loss: 3.273026 | lrm: 0.73 | dt: 643.87ms | tok/sec: 101,784 | bf16_mfu: 0.00 | epoch: 1 pq: 2 rg: 23 | total time: 22.88m | eta: 19.8m
step 02051/03814 (53.78%) | loss: 3.276924 | lrm: 0.73 | dt: 640.22ms | tok/sec: 102,364 | bf16_mfu: 0.00 | epoch: 1 pq: 2 rg: 23 | total time: 22.89m | eta: 19.8m
step 02052/03814 (53.80%) | loss: 3.302301 | lrm: 0.73 | dt: 682.63ms | tok/sec: 96,004 | bf16_mfu: 0.00 | epoch: 1 pq: 2 rg: 23 | total time: 22.91m | eta: 19.8m
step 02053/03814 (53.83%) | loss: 3.287121 | lrm: 0.72 | dt: 642.69ms | tok/sec: 101,971 | bf16_mfu: 0.00 | epoch: 1 pq: 2 rg: 24 | total time: 22.92m | eta: 19.8m
step 02054/03814 (53.85%) | loss: 3.265371 | lrm: 0.72 | dt: 644.06ms | tok/sec: 101,754 | bf16_mfu: 0.00 | epoch: 1 pq: 2 rg: 24 | total time: 22.93m | eta: 19.7m
step 02055/03814 (53.88%) | loss: 3.246730 | lrm: 0.72 | dt: 641.34ms | tok/sec: 102,185 | bf16_mfu: 0.00 | epoch: 1 pq: 2 rg: 24 | total time: 22.94m | eta: 19.7m
step 02056/03814 (53.91%) | loss: 3.237418 | lrm: 0.72 | dt: 646.14ms | tok/sec: 101,427 | bf16_mfu: 0.00 | epoch: 1 pq: 2 rg: 24 | total time: 22.95m | eta: 19.7m
step 02057/03814 (53.93%) | loss: 3.253291 | lrm: 0.72 | dt: 808.98ms | tok/sec: 81,010 | bf16_mfu: 0.00 | epoch: 1 pq: 2 rg: 24 | total time: 22.96m | eta: 19.7m
step 02058/03814 (53.96%) | loss: 3.284026 | lrm: 0.72 | dt: 646.86ms | tok/sec: 101,314 | bf16_mfu: 0.00 | epoch: 1 pq: 2 rg: 24 | total time: 22.97m | eta: 19.7m
step 02059/03814 (53.99%) | loss: 3.285071 | lrm: 0.72 | dt: 647.65ms | tok/sec: 101,190 | bf16_mfu: 0.00 | epoch: 1 pq: 2 rg: 24 | total time: 22.98m | eta: 19.7m
step 02060/03814 (54.01%) | loss: 3.256429 | lrm: 0.72 | dt: 647.23ms | tok/sec: 101,256 | bf16_mfu: 0.00 | epoch: 1 pq: 2 rg: 24 | total time: 22.99m | eta: 19.7m
step 02061/03814 (54.04%) | loss: 3.250998 | lrm: 0.72 | dt: 926.10ms | tok/sec: 70,765 | bf16_mfu: 0.00 | epoch: 1 pq: 2 rg: 24 | total time: 23.01m | eta: 19.7m
step 02062/03814 (54.06%) | loss: 3.247921 | lrm: 0.72 | dt: 645.80ms | tok/sec: 101,480 | bf16_mfu: 0.00 | epoch: 1 pq: 2 rg: 24 | total time: 23.02m | eta: 19.7m
step 02063/03814 (54.09%) | loss: 3.267001 | lrm: 0.72 | dt: 748.70ms | tok/sec: 87,532 | bf16_mfu: 0.00 | epoch: 1 pq: 2 rg: 25 | total time: 23.03m | eta: 19.6m
step 02064/03814 (54.12%) | loss: 3.289050 | lrm: 0.72 | dt: 644.69ms | tok/sec: 101,654 | bf16_mfu: 0.00 | epoch: 1 pq: 2 rg: 25 | total time: 23.04m | eta: 19.6m
step 02065/03814 (54.14%) | loss: 3.302822 | lrm: 0.72 | dt: 642.99ms | tok/sec: 101,924 | bf16_mfu: 0.00 | epoch: 1 pq: 2 rg: 25 | total time: 23.05m | eta: 19.6m
step 02066/03814 (54.17%) | loss: 3.287398 | lrm: 0.72 | dt: 694.54ms | tok/sec: 94,358 | bf16_mfu: 0.00 | epoch: 1 pq: 2 rg: 25 | total time: 23.07m | eta: 19.6m
step 02067/03814 (54.20%) | loss: 3.251521 | lrm: 0.72 | dt: 645.15ms | tok/sec: 101,581 | bf16_mfu: 0.00 | epoch: 1 pq: 2 rg: 25 | total time: 23.08m | eta: 19.6m
step 02068/03814 (54.22%) | loss: 3.241130 | lrm: 0.72 | dt: 647.64ms | tok/sec: 101,192 | bf16_mfu: 0.00 | epoch: 1 pq: 2 rg: 25 | total time: 23.09m | eta: 19.6m
step 02069/03814 (54.25%) | loss: 3.261538 | lrm: 0.72 | dt: 642.86ms | tok/sec: 101,944 | bf16_mfu: 0.00 | epoch: 1 pq: 2 rg: 25 | total time: 23.10m | eta: 19.6m
step 02070/03814 (54.27%) | loss: 3.286273 | lrm: 0.72 | dt: 647.30ms | tok/sec: 101,245 | bf16_mfu: 0.00 | epoch: 1 pq: 2 rg: 25 | total time: 23.11m | eta: 19.6m
step 02071/03814 (54.30%) | loss: 3.265972 | lrm: 0.72 | dt: 724.92ms | tok/sec: 90,404 | bf16_mfu: 0.00 | epoch: 1 pq: 2 rg: 25 | total time: 23.12m | eta: 19.6m
step 02072/03814 (54.33%) | loss: 3.246822 | lrm: 0.72 | dt: 649.87ms | tok/sec: 100,844 | bf16_mfu: 0.00 | epoch: 1 pq: 2 rg: 25 | total time: 23.13m | eta: 19.5m
step 02073/03814 (54.35%) | loss: 3.208162 | lrm: 0.72 | dt: 700.01ms | tok/sec: 93,622 | bf16_mfu: 0.00 | epoch: 1 pq: 2 rg: 26 | total time: 23.14m | eta: 19.5m
step 02074/03814 (54.38%) | loss: 3.202659 | lrm: 0.72 | dt: 730.10ms | tok/sec: 89,763 | bf16_mfu: 0.00 | epoch: 1 pq: 2 rg: 26 | total time: 23.16m | eta: 19.5m
step 02075/03814 (54.40%) | loss: 3.231157 | lrm: 0.72 | dt: 645.36ms | tok/sec: 101,548 | bf16_mfu: 0.00 | epoch: 1 pq: 2 rg: 26 | total time: 23.17m | eta: 19.5m
step 02076/03814 (54.43%) | loss: 3.230831 | lrm: 0.72 | dt: 644.42ms | tok/sec: 101,697 | bf16_mfu: 0.00 | epoch: 1 pq: 2 rg: 26 | total time: 23.18m | eta: 19.5m
step 02077/03814 (54.46%) | loss: 3.230381 | lrm: 0.72 | dt: 644.47ms | tok/sec: 101,689 | bf16_mfu: 0.00 | epoch: 1 pq: 2 rg: 26 | total time: 23.19m | eta: 19.5m
step 02078/03814 (54.48%) | loss: 3.223529 | lrm: 0.72 | dt: 646.66ms | tok/sec: 101,345 | bf16_mfu: 0.00 | epoch: 1 pq: 2 rg: 26 | total time: 23.20m | eta: 19.5m
step 02079/03814 (54.51%) | loss: 3.236289 | lrm: 0.71 | dt: 685.44ms | tok/sec: 95,611 | bf16_mfu: 0.00 | epoch: 1 pq: 2 rg: 26 | total time: 23.21m | eta: 19.5m
step 02080/03814 (54.54%) | loss: 3.258137 | lrm: 0.71 | dt: 647.08ms | tok/sec: 101,280 | bf16_mfu: 0.00 | epoch: 1 pq: 2 rg: 26 | total time: 23.22m | eta: 19.5m
step 02081/03814 (54.56%) | loss: 3.276608 | lrm: 0.71 | dt: 649.06ms | tok/sec: 100,970 | bf16_mfu: 0.00 | epoch: 1 pq: 2 rg: 26 | total time: 23.23m | eta: 19.4m
step 02082/03814 (54.59%) | loss: 3.257513 | lrm: 0.71 | dt: 707.67ms | tok/sec: 92,608 | bf16_mfu: 0.00 | epoch: 1 pq: 2 rg: 27 | total time: 23.24m | eta: 19.4m
step 02083/03814 (54.61%) | loss: 3.242499 | lrm: 0.71 | dt: 648.13ms | tok/sec: 101,114 | bf16_mfu: 0.00 | epoch: 1 pq: 2 rg: 27 | total time: 23.25m | eta: 19.4m
step 02084/03814 (54.64%) | loss: 3.234083 | lrm: 0.71 | dt: 647.76ms | tok/sec: 101,172 | bf16_mfu: 0.00 | epoch: 1 pq: 2 rg: 27 | total time: 23.27m | eta: 19.4m
step 02085/03814 (54.67%) | loss: 3.227167 | lrm: 0.71 | dt: 715.54ms | tok/sec: 91,589 | bf16_mfu: 0.00 | epoch: 1 pq: 2 rg: 27 | total time: 23.28m | eta: 19.4m
step 02086/03814 (54.69%) | loss: 3.257435 | lrm: 0.71 | dt: 696.36ms | tok/sec: 94,112 | bf16_mfu: 0.00 | epoch: 1 pq: 2 rg: 27 | total time: 23.29m | eta: 19.4m
step 02087/03814 (54.72%) | loss: 3.260025 | lrm: 0.71 | dt: 647.20ms | tok/sec: 101,260 | bf16_mfu: 0.00 | epoch: 1 pq: 2 rg: 27 | total time: 23.30m | eta: 19.4m
step 02088/03814 (54.75%) | loss: 3.257445 | lrm: 0.71 | dt: 646.05ms | tok/sec: 101,441 | bf16_mfu: 0.00 | epoch: 1 pq: 2 rg: 27 | total time: 23.31m | eta: 19.4m
step 02089/03814 (54.77%) | loss: 3.236785 | lrm: 0.71 | dt: 641.72ms | tok/sec: 102,126 | bf16_mfu: 0.00 | epoch: 1 pq: 2 rg: 27 | total time: 23.32m | eta: 19.3m
step 02090/03814 (54.80%) | loss: 3.217991 | lrm: 0.71 | dt: 645.30ms | tok/sec: 101,559 | bf16_mfu: 0.00 | epoch: 1 pq: 2 rg: 27 | total time: 23.33m | eta: 19.3m
step 02091/03814 (54.82%) | loss: 3.231706 | lrm: 0.71 | dt: 649.62ms | tok/sec: 100,883 | bf16_mfu: 0.00 | epoch: 1 pq: 2 rg: 27 | total time: 23.34m | eta: 19.3m
step 02092/03814 (54.85%) | loss: 3.214390 | lrm: 0.71 | dt: 645.13ms | tok/sec: 101,586 | bf16_mfu: 0.00 | epoch: 1 pq: 2 rg: 28 | total time: 23.35m | eta: 19.3m
step 02093/03814 (54.88%) | loss: 3.222740 | lrm: 0.71 | dt: 874.66ms | tok/sec: 74,927 | bf16_mfu: 0.00 | epoch: 1 pq: 2 rg: 28 | total time: 23.37m | eta: 19.3m
step 02094/03814 (54.90%) | loss: 3.231550 | lrm: 0.71 | dt: 648.84ms | tok/sec: 101,004 | bf16_mfu: 0.00 | epoch: 1 pq: 2 rg: 28 | total time: 23.38m | eta: 19.3m
step 02095/03814 (54.93%) | loss: 3.222091 | lrm: 0.71 | dt: 642.23ms | tok/sec: 102,044 | bf16_mfu: 0.00 | epoch: 1 pq: 2 rg: 28 | total time: 23.39m | eta: 19.3m
step 02096/03814 (54.96%) | loss: 3.209619 | lrm: 0.71 | dt: 645.85ms | tok/sec: 101,472 | bf16_mfu: 0.00 | epoch: 1 pq: 2 rg: 28 | total time: 23.40m | eta: 19.3m
step 02097/03814 (54.98%) | loss: 3.229217 | lrm: 0.71 | dt: 646.81ms | tok/sec: 101,322 | bf16_mfu: 0.00 | epoch: 1 pq: 2 rg: 28 | total time: 23.41m | eta: 19.3m
step 02098/03814 (55.01%) | loss: 3.248811 | lrm: 0.71 | dt: 647.42ms | tok/sec: 101,225 | bf16_mfu: 0.00 | epoch: 1 pq: 2 rg: 28 | total time: 23.42m | eta: 19.2m
step 02099/03814 (55.03%) | loss: 3.237082 | lrm: 0.71 | dt: 657.16ms | tok/sec: 99,726 | bf16_mfu: 0.00 | epoch: 1 pq: 2 rg: 28 | total time: 23.43m | eta: 19.2m
step 02100/03814 (55.06%) | loss: 3.230249 | lrm: 0.71 | dt: 695.59ms | tok/sec: 94,216 | bf16_mfu: 0.00 | epoch: 1 pq: 2 rg: 28 | total time: 23.44m | eta: 19.2m
step 02101/03814 (55.09%) | loss: 3.210597 | lrm: 0.71 | dt: 648.10ms | tok/sec: 101,119 | bf16_mfu: 0.00 | epoch: 1 pq: 2 rg: 28 | total time: 23.46m | eta: 19.2m
step 02102/03814 (55.11%) | loss: 3.240671 | lrm: 0.71 | dt: 660.43ms | tok/sec: 99,231 | bf16_mfu: 0.00 | epoch: 1 pq: 2 rg: 29 | total time: 23.47m | eta: 19.2m
step 02103/03814 (55.14%) | loss: 3.244822 | lrm: 0.71 | dt: 644.09ms | tok/sec: 101,749 | bf16_mfu: 0.00 | epoch: 1 pq: 2 rg: 29 | total time: 23.48m | eta: 19.2m
step 02104/03814 (55.17%) | loss: 3.248181 | lrm: 0.71 | dt: 651.20ms | tok/sec: 100,638 | bf16_mfu: 0.00 | epoch: 1 pq: 2 rg: 29 | total time: 23.49m | eta: 19.2m
step 02105/03814 (55.19%) | loss: 3.245362 | lrm: 0.70 | dt: 647.92ms | tok/sec: 101,147 | bf16_mfu: 0.00 | epoch: 1 pq: 2 rg: 29 | total time: 23.50m | eta: 19.2m
step 02106/03814 (55.22%) | loss: 3.220908 | lrm: 0.70 | dt: 648.56ms | tok/sec: 101,048 | bf16_mfu: 0.00 | epoch: 1 pq: 2 rg: 29 | total time: 23.51m | eta: 19.2m
step 02107/03814 (55.24%) | loss: 3.209321 | lrm: 0.70 | dt: 645.13ms | tok/sec: 101,585 | bf16_mfu: 0.00 | epoch: 1 pq: 2 rg: 29 | total time: 23.52m | eta: 19.1m
step 02108/03814 (55.27%) | loss: 3.213468 | lrm: 0.70 | dt: 644.78ms | tok/sec: 101,640 | bf16_mfu: 0.00 | epoch: 1 pq: 2 rg: 29 | total time: 23.53m | eta: 19.1m
step 02109/03814 (55.30%) | loss: 3.217832 | lrm: 0.70 | dt: 646.19ms | tok/sec: 101,418 | bf16_mfu: 0.00 | epoch: 1 pq: 2 rg: 29 | total time: 23.54m | eta: 19.1m
step 02110/03814 (55.32%) | loss: 3.248047 | lrm: 0.70 | dt: 645.38ms | tok/sec: 101,546 | bf16_mfu: 0.00 | epoch: 1 pq: 2 rg: 29 | total time: 23.55m | eta: 19.1m
step 02111/03814 (55.35%) | loss: 3.278649 | lrm: 0.70 | dt: 735.59ms | tok/sec: 89,093 | bf16_mfu: 0.00 | epoch: 1 pq: 2 rg: 30 | total time: 23.56m | eta: 19.1m
step 02112/03814 (55.37%) | loss: 3.258694 | lrm: 0.70 | dt: 718.15ms | tok/sec: 91,256 | bf16_mfu: 0.00 | epoch: 1 pq: 2 rg: 30 | total time: 23.58m | eta: 19.1m
step 02113/03814 (55.40%) | loss: 3.237049 | lrm: 0.70 | dt: 651.75ms | tok/sec: 100,553 | bf16_mfu: 0.00 | epoch: 1 pq: 2 rg: 30 | total time: 23.59m | eta: 19.1m
step 02114/03814 (55.43%) | loss: 3.234433 | lrm: 0.70 | dt: 647.06ms | tok/sec: 101,281 | bf16_mfu: 0.00 | epoch: 1 pq: 2 rg: 30 | total time: 23.60m | eta: 19.1m
step 02115/03814 (55.45%) | loss: 3.255336 | lrm: 0.70 | dt: 760.73ms | tok/sec: 86,149 | bf16_mfu: 0.00 | epoch: 1 pq: 2 rg: 30 | total time: 23.61m | eta: 19.1m
step 02116/03814 (55.48%) | loss: 3.260068 | lrm: 0.70 | dt: 646.31ms | tok/sec: 101,399 | bf16_mfu: 0.00 | epoch: 1 pq: 2 rg: 30 | total time: 23.62m | eta: 19.0m
step 02117/03814 (55.51%) | loss: 3.253144 | lrm: 0.70 | dt: 648.87ms | tok/sec: 101,000 | bf16_mfu: 0.00 | epoch: 1 pq: 2 rg: 30 | total time: 23.63m | eta: 19.0m
step 02118/03814 (55.53%) | loss: 3.232304 | lrm: 0.70 | dt: 648.51ms | tok/sec: 101,055 | bf16_mfu: 0.00 | epoch: 1 pq: 2 rg: 30 | total time: 23.64m | eta: 19.0m
step 02119/03814 (55.56%) | loss: 3.234896 | lrm: 0.70 | dt: 647.14ms | tok/sec: 101,269 | bf16_mfu: 0.00 | epoch: 1 pq: 2 rg: 30 | total time: 23.65m | eta: 19.0m
step 02120/03814 (55.58%) | loss: 3.243315 | lrm: 0.70 | dt: 649.84ms | tok/sec: 100,849 | bf16_mfu: 0.00 | epoch: 1 pq: 2 rg: 30 | total time: 23.66m | eta: 19.0m
step 02121/03814 (55.61%) | loss: 3.256301 | lrm: 0.70 | dt: 645.72ms | tok/sec: 101,492 | bf16_mfu: 0.00 | epoch: 1 pq: 2 rg: 31 | total time: 23.68m | eta: 19.0m
step 02122/03814 (55.64%) | loss: 3.253360 | lrm: 0.70 | dt: 713.70ms | tok/sec: 91,825 | bf16_mfu: 0.00 | epoch: 1 pq: 2 rg: 31 | total time: 23.69m | eta: 19.0m
step 02123/03814 (55.66%) | loss: 3.244710 | lrm: 0.70 | dt: 643.87ms | tok/sec: 101,784 | bf16_mfu: 0.00 | epoch: 1 pq: 2 rg: 31 | total time: 23.70m | eta: 19.0m
step 02124/03814 (55.69%) | loss: 3.223179 | lrm: 0.70 | dt: 647.96ms | tok/sec: 101,142 | bf16_mfu: 0.00 | epoch: 1 pq: 2 rg: 31 | total time: 23.71m | eta: 19.0m
step 02125/03814 (55.72%) | loss: 3.266270 | lrm: 0.70 | dt: 648.26ms | tok/sec: 101,094 | bf16_mfu: 0.00 | epoch: 1 pq: 2 rg: 31 | total time: 23.72m | eta: 18.9m
step 02126/03814 (55.74%) | loss: 3.273751 | lrm: 0.70 | dt: 649.05ms | tok/sec: 100,972 | bf16_mfu: 0.00 | epoch: 1 pq: 2 rg: 31 | total time: 23.73m | eta: 18.9m
step 02127/03814 (55.77%) | loss: 3.260894 | lrm: 0.70 | dt: 646.08ms | tok/sec: 101,436 | bf16_mfu: 0.00 | epoch: 1 pq: 2 rg: 31 | total time: 23.74m | eta: 18.9m
step 02128/03814 (55.79%) | loss: 3.246268 | lrm: 0.70 | dt: 648.63ms | tok/sec: 101,037 | bf16_mfu: 0.00 | epoch: 1 pq: 2 rg: 31 | total time: 23.75m | eta: 18.9m
step 02129/03814 (55.82%) | loss: 3.237672 | lrm: 0.70 | dt: 649.64ms | tok/sec: 100,880 | bf16_mfu: 0.00 | epoch: 1 pq: 2 rg: 31 | total time: 23.76m | eta: 18.9m
step 02130/03814 (55.85%) | loss: 3.218234 | lrm: 0.70 | dt: 647.64ms | tok/sec: 101,191 | bf16_mfu: 0.00 | epoch: 1 pq: 2 rg: 31 | total time: 23.77m | eta: 18.9m
step 02131/03814 (55.87%) | loss: 3.252416 | lrm: 0.69 | dt: 678.14ms | tok/sec: 96,641 | bf16_mfu: 0.00 | epoch: 1 pq: 2 rg: 32 | total time: 23.79m | eta: 18.9m
step 02132/03814 (55.90%) | loss: 3.248492 | lrm: 0.69 | dt: 665.88ms | tok/sec: 98,420 | bf16_mfu: 0.00 | epoch: 1 pq: 2 rg: 32 | total time: 23.80m | eta: 18.9m
step 02133/03814 (55.93%) | loss: 3.233482 | lrm: 0.69 | dt: 728.32ms | tok/sec: 89,982 | bf16_mfu: 0.00 | epoch: 1 pq: 2 rg: 32 | total time: 23.81m | eta: 18.9m
step 02134/03814 (55.95%) | loss: 3.217252 | lrm: 0.69 | dt: 644.22ms | tok/sec: 101,729 | bf16_mfu: 0.00 | epoch: 1 pq: 2 rg: 32 | total time: 23.82m | eta: 18.8m
step 02135/03814 (55.98%) | loss: 3.227303 | lrm: 0.69 | dt: 647.60ms | tok/sec: 101,197 | bf16_mfu: 0.00 | epoch: 1 pq: 2 rg: 32 | total time: 23.83m | eta: 18.8m
step 02136/03814 (56.00%) | loss: 3.232629 | lrm: 0.69 | dt: 680.08ms | tok/sec: 96,364 | bf16_mfu: 0.00 | epoch: 1 pq: 2 rg: 32 | total time: 23.84m | eta: 18.8m
step 02137/03814 (56.03%) | loss: 3.213746 | lrm: 0.69 | dt: 646.26ms | tok/sec: 101,407 | bf16_mfu: 0.00 | epoch: 1 pq: 2 rg: 32 | total time: 23.85m | eta: 18.8m
step 02138/03814 (56.06%) | loss: 3.203862 | lrm: 0.69 | dt: 649.58ms | tok/sec: 100,890 | bf16_mfu: 0.00 | epoch: 1 pq: 2 rg: 32 | total time: 23.86m | eta: 18.8m
step 02139/03814 (56.08%) | loss: 3.174649 | lrm: 0.69 | dt: 647.58ms | tok/sec: 101,202 | bf16_mfu: 0.00 | epoch: 1 pq: 2 rg: 32 | total time: 23.87m | eta: 18.8m
step 02140/03814 (56.11%) | loss: 3.169340 | lrm: 0.69 | dt: 731.64ms | tok/sec: 89,574 | bf16_mfu: 0.00 | epoch: 1 pq: 2 rg: 32 | total time: 23.89m | eta: 18.8m
step 02141/03814 (56.14%) | loss: 3.184700 | lrm: 0.69 | dt: 720.98ms | tok/sec: 90,898 | bf16_mfu: 0.00 | epoch: 1 pq: 2 rg: 33 | total time: 23.90m | eta: 18.8m
step 02142/03814 (56.16%) | loss: 3.210775 | lrm: 0.69 | dt: 648.16ms | tok/sec: 101,110 | bf16_mfu: 0.00 | epoch: 1 pq: 2 rg: 33 | total time: 23.91m | eta: 18.8m
step 02143/03814 (56.19%) | loss: 3.199102 | lrm: 0.69 | dt: 646.82ms | tok/sec: 101,320 | bf16_mfu: 0.00 | epoch: 1 pq: 2 rg: 33 | total time: 23.92m | eta: 18.7m
step 02144/03814 (56.21%) | loss: 3.173431 | lrm: 0.69 | dt: 646.10ms | tok/sec: 101,433 | bf16_mfu: 0.00 | epoch: 1 pq: 2 rg: 33 | total time: 23.93m | eta: 18.7m
step 02145/03814 (56.24%) | loss: 3.173482 | lrm: 0.69 | dt: 648.59ms | tok/sec: 101,043 | bf16_mfu: 0.00 | epoch: 1 pq: 2 rg: 33 | total time: 23.94m | eta: 18.7m
step 02146/03814 (56.27%) | loss: 3.196481 | lrm: 0.69 | dt: 1050.63ms | tok/sec: 62,377 | bf16_mfu: 0.00 | epoch: 1 pq: 2 rg: 33 | total time: 23.96m | eta: 18.7m
step 02147/03814 (56.29%) | loss: 3.208860 | lrm: 0.69 | dt: 668.97ms | tok/sec: 97,964 | bf16_mfu: 0.00 | epoch: 1 pq: 2 rg: 33 | total time: 23.97m | eta: 18.7m
step 02148/03814 (56.32%) | loss: 3.203920 | lrm: 0.69 | dt: 648.97ms | tok/sec: 100,984 | bf16_mfu: 0.00 | epoch: 1 pq: 2 rg: 33 | total time: 23.98m | eta: 18.7m
step 02149/03814 (56.35%) | loss: 3.190924 | lrm: 0.69 | dt: 648.16ms | tok/sec: 101,110 | bf16_mfu: 0.00 | epoch: 1 pq: 2 rg: 33 | total time: 23.99m | eta: 18.7m
step 02150/03814 (56.37%) | loss: 3.178404 | lrm: 0.69 | dt: 644.98ms | tok/sec: 101,608 | bf16_mfu: 0.00 | epoch: 1 pq: 2 rg: 33 | total time: 24.00m | eta: 18.7m
step 02151/03814 (56.40%) | loss: 3.184529 | lrm: 0.69 | dt: 757.06ms | tok/sec: 86,566 | bf16_mfu: 0.00 | epoch: 1 pq: 2 rg: 34 | total time: 24.01m | eta: 18.7m
step 02152/03814 (56.42%) | loss: 3.214090 | lrm: 0.69 | dt: 646.77ms | tok/sec: 101,327 | bf16_mfu: 0.00 | epoch: 1 pq: 2 rg: 34 | total time: 24.03m | eta: 18.6m
step 02153/03814 (56.45%) | loss: 3.213371 | lrm: 0.69 | dt: 648.38ms | tok/sec: 101,077 | bf16_mfu: 0.00 | epoch: 1 pq: 2 rg: 34 | total time: 24.04m | eta: 18.6m
step 02154/03814 (56.48%) | loss: 3.210425 | lrm: 0.69 | dt: 679.29ms | tok/sec: 96,477 | bf16_mfu: 0.00 | epoch: 1 pq: 2 rg: 34 | total time: 24.05m | eta: 18.6m
step 02155/03814 (56.50%) | loss: 3.195704 | lrm: 0.69 | dt: 649.74ms | tok/sec: 100,864 | bf16_mfu: 0.00 | epoch: 1 pq: 2 rg: 34 | total time: 24.06m | eta: 18.6m
step 02156/03814 (56.53%) | loss: 3.192248 | lrm: 0.69 | dt: 644.48ms | tok/sec: 101,687 | bf16_mfu: 0.00 | epoch: 1 pq: 2 rg: 34 | total time: 24.07m | eta: 18.6m
step 02157/03814 (56.55%) | loss: 3.235125 | lrm: 0.68 | dt: 642.76ms | tok/sec: 101,960 | bf16_mfu: 0.00 | epoch: 1 pq: 2 rg: 34 | total time: 24.08m | eta: 18.6m
step 02158/03814 (56.58%) | loss: 3.210539 | lrm: 0.68 | dt: 711.66ms | tok/sec: 92,089 | bf16_mfu: 0.00 | epoch: 1 pq: 2 rg: 34 | total time: 24.09m | eta: 18.6m
step 02159/03814 (56.61%) | loss: 3.190807 | lrm: 0.68 | dt: 707.50ms | tok/sec: 92,630 | bf16_mfu: 0.00 | epoch: 1 pq: 2 rg: 34 | total time: 24.10m | eta: 18.6m
step 02160/03814 (56.63%) | loss: 3.183325 | lrm: 0.68 | dt: 644.90ms | tok/sec: 101,621 | bf16_mfu: 0.00 | epoch: 1 pq: 2 rg: 34 | total time: 24.11m | eta: 18.6m
step 02161/03814 (56.66%) | loss: 3.187257 | lrm: 0.68 | dt: 649.14ms | tok/sec: 100,957 | bf16_mfu: 0.00 | epoch: 1 pq: 2 rg: 35 | total time: 24.13m | eta: 18.5m
step 02162/03814 (56.69%) | loss: 3.202395 | lrm: 0.68 | dt: 678.20ms | tok/sec: 96,631 | bf16_mfu: 0.00 | epoch: 1 pq: 2 rg: 35 | total time: 24.14m | eta: 18.5m
step 02163/03814 (56.71%) | loss: 3.207746 | lrm: 0.68 | dt: 660.77ms | tok/sec: 99,181 | bf16_mfu: 0.00 | epoch: 1 pq: 2 rg: 35 | total time: 24.15m | eta: 18.5m
step 02164/03814 (56.74%) | loss: 3.209052 | lrm: 0.68 | dt: 771.79ms | tok/sec: 84,913 | bf16_mfu: 0.00 | epoch: 1 pq: 2 rg: 35 | total time: 24.16m | eta: 18.5m
step 02165/03814 (56.76%) | loss: 3.196502 | lrm: 0.68 | dt: 643.99ms | tok/sec: 101,765 | bf16_mfu: 0.00 | epoch: 1 pq: 2 rg: 35 | total time: 24.17m | eta: 18.5m
step 02166/03814 (56.79%) | loss: 3.179772 | lrm: 0.68 | dt: 666.26ms | tok/sec: 98,364 | bf16_mfu: 0.00 | epoch: 1 pq: 2 rg: 35 | total time: 24.18m | eta: 18.5m
step 02167/03814 (56.82%) | loss: 3.213266 | lrm: 0.68 | dt: 650.54ms | tok/sec: 100,740 | bf16_mfu: 0.00 | epoch: 1 pq: 2 rg: 35 | total time: 24.19m | eta: 18.5m
step 02168/03814 (56.84%) | loss: 3.241460 | lrm: 0.68 | dt: 646.90ms | tok/sec: 101,307 | bf16_mfu: 0.00 | epoch: 1 pq: 2 rg: 35 | total time: 24.20m | eta: 18.5m
step 02169/03814 (56.87%) | loss: 3.224371 | lrm: 0.68 | dt: 665.05ms | tok/sec: 98,542 | bf16_mfu: 0.00 | epoch: 1 pq: 2 rg: 35 | total time: 24.21m | eta: 18.4m
step 02170/03814 (56.90%) | loss: 3.223054 | lrm: 0.68 | dt: 660.82ms | tok/sec: 99,174 | bf16_mfu: 0.00 | epoch: 1 pq: 2 rg: 36 | total time: 24.23m | eta: 18.4m
step 02171/03814 (56.92%) | loss: 3.200105 | lrm: 0.68 | dt: 646.37ms | tok/sec: 101,390 | bf16_mfu: 0.00 | epoch: 1 pq: 2 rg: 36 | total time: 24.24m | eta: 18.4m
step 02172/03814 (56.95%) | loss: 3.185191 | lrm: 0.68 | dt: 646.85ms | tok/sec: 101,315 | bf16_mfu: 0.00 | epoch: 1 pq: 2 rg: 36 | total time: 24.25m | eta: 18.4m
step 02173/03814 (56.97%) | loss: 3.203697 | lrm: 0.68 | dt: 831.29ms | tok/sec: 78,836 | bf16_mfu: 0.00 | epoch: 1 pq: 2 rg: 36 | total time: 24.26m | eta: 18.4m
step 02174/03814 (57.00%) | loss: 3.219299 | lrm: 0.68 | dt: 652.06ms | tok/sec: 100,505 | bf16_mfu: 0.00 | epoch: 1 pq: 2 rg: 36 | total time: 24.27m | eta: 18.4m
step 02175/03814 (57.03%) | loss: 3.220772 | lrm: 0.68 | dt: 648.92ms | tok/sec: 100,992 | bf16_mfu: 0.00 | epoch: 1 pq: 2 rg: 36 | total time: 24.28m | eta: 18.4m
step 02176/03814 (57.05%) | loss: 3.205880 | lrm: 0.68 | dt: 645.98ms | tok/sec: 101,452 | bf16_mfu: 0.00 | epoch: 1 pq: 2 rg: 36 | total time: 24.29m | eta: 18.4m
step 02177/03814 (57.08%) | loss: 3.190670 | lrm: 0.68 | dt: 670.03ms | tok/sec: 97,810 | bf16_mfu: 0.00 | epoch: 1 pq: 2 rg: 36 | total time: 24.30m | eta: 18.4m
step 02178/03814 (57.11%) | loss: 3.207077 | lrm: 0.68 | dt: 686.69ms | tok/sec: 95,437 | bf16_mfu: 0.00 | epoch: 1 pq: 2 rg: 36 | total time: 24.32m | eta: 18.3m
step 02179/03814 (57.13%) | loss: 3.206603 | lrm: 0.68 | dt: 647.65ms | tok/sec: 101,190 | bf16_mfu: 0.00 | epoch: 1 pq: 2 rg: 36 | total time: 24.33m | eta: 18.3m
step 02180/03814 (57.16%) | loss: 3.182096 | lrm: 0.68 | dt: 730.23ms | tok/sec: 89,746 | bf16_mfu: 0.00 | epoch: 1 pq: 2 rg: 37 | total time: 24.34m | eta: 18.3m
step 02181/03814 (57.18%) | loss: 3.164091 | lrm: 0.68 | dt: 653.18ms | tok/sec: 100,333 | bf16_mfu: 0.00 | epoch: 1 pq: 2 rg: 37 | total time: 24.35m | eta: 18.3m
step 02182/03814 (57.21%) | loss: 3.149851 | lrm: 0.68 | dt: 651.95ms | tok/sec: 100,523 | bf16_mfu: 0.00 | epoch: 1 pq: 2 rg: 37 | total time: 24.36m | eta: 18.3m
step 02183/03814 (57.24%) | loss: 3.143745 | lrm: 0.68 | dt: 653.36ms | tok/sec: 100,305 | bf16_mfu: 0.00 | epoch: 1 pq: 2 rg: 37 | total time: 24.37m | eta: 18.3m
step 02184/03814 (57.26%) | loss: 3.172921 | lrm: 0.67 | dt: 675.95ms | tok/sec: 96,953 | bf16_mfu: 0.00 | epoch: 1 pq: 2 rg: 37 | total time: 24.38m | eta: 18.3m
step 02185/03814 (57.29%) | loss: 3.180697 | lrm: 0.67 | dt: 667.94ms | tok/sec: 98,116 | bf16_mfu: 0.00 | epoch: 1 pq: 2 rg: 37 | total time: 24.39m | eta: 18.3m
step 02186/03814 (57.32%) | loss: 3.186802 | lrm: 0.67 | dt: 670.92ms | tok/sec: 97,681 | bf16_mfu: 0.00 | epoch: 1 pq: 2 rg: 37 | total time: 24.41m | eta: 18.3m
step 02187/03814 (57.34%) | loss: 3.173111 | lrm: 0.67 | dt: 662.25ms | tok/sec: 98,959 | bf16_mfu: 0.00 | epoch: 1 pq: 2 rg: 37 | total time: 24.42m | eta: 18.2m
step 02188/03814 (57.37%) | loss: 3.167828 | lrm: 0.67 | dt: 669.88ms | tok/sec: 97,831 | bf16_mfu: 0.00 | epoch: 1 pq: 2 rg: 37 | total time: 24.43m | eta: 18.2m
step 02189/03814 (57.39%) | loss: 3.174602 | lrm: 0.67 | dt: 657.49ms | tok/sec: 99,676 | bf16_mfu: 0.00 | epoch: 1 pq: 2 rg: 37 | total time: 24.44m | eta: 18.2m
step 02190/03814 (57.42%) | loss: 3.167226 | lrm: 0.67 | dt: 714.73ms | tok/sec: 91,692 | bf16_mfu: 0.00 | epoch: 1 pq: 2 rg: 38 | total time: 24.45m | eta: 18.2m
step 02191/03814 (57.45%) | loss: 3.155179 | lrm: 0.67 | dt: 665.26ms | tok/sec: 98,512 | bf16_mfu: 0.00 | epoch: 1 pq: 2 rg: 38 | total time: 24.46m | eta: 18.2m
step 02192/03814 (57.47%) | loss: 3.137488 | lrm: 0.67 | dt: 661.10ms | tok/sec: 99,132 | bf16_mfu: 0.00 | epoch: 1 pq: 2 rg: 38 | total time: 24.47m | eta: 18.2m
step 02193/03814 (57.50%) | loss: 3.123081 | lrm: 0.67 | dt: 722.55ms | tok/sec: 90,700 | bf16_mfu: 0.00 | epoch: 1 pq: 2 rg: 38 | total time: 24.48m | eta: 18.2m
step 02194/03814 (57.52%) | loss: 3.146314 | lrm: 0.67 | dt: 730.49ms | tok/sec: 89,715 | bf16_mfu: 0.00 | epoch: 1 pq: 2 rg: 38 | total time: 24.50m | eta: 18.2m
step 02195/03814 (57.55%) | loss: 3.167502 | lrm: 0.67 | dt: 692.04ms | tok/sec: 94,700 | bf16_mfu: 0.00 | epoch: 1 pq: 2 rg: 38 | total time: 24.51m | eta: 18.2m
step 02196/03814 (57.58%) | loss: 3.190222 | lrm: 0.67 | dt: 667.50ms | tok/sec: 98,181 | bf16_mfu: 0.00 | epoch: 1 pq: 2 rg: 38 | total time: 24.52m | eta: 18.1m
step 02197/03814 (57.60%) | loss: 3.165729 | lrm: 0.67 | dt: 669.95ms | tok/sec: 97,821 | bf16_mfu: 0.00 | epoch: 1 pq: 2 rg: 38 | total time: 24.53m | eta: 18.1m
step 02198/03814 (57.63%) | loss: 3.186474 | lrm: 0.67 | dt: 691.57ms | tok/sec: 94,764 | bf16_mfu: 0.00 | epoch: 1 pq: 2 rg: 38 | total time: 24.54m | eta: 18.1m
step 02199/03814 (57.66%) | loss: 3.195208 | lrm: 0.67 | dt: 667.84ms | tok/sec: 98,131 | bf16_mfu: 0.00 | epoch: 1 pq: 2 rg: 38 | total time: 24.55m | eta: 18.1m
step 02200/03814 (57.68%) | loss: 3.195680 | lrm: 0.67 | dt: 669.52ms | tok/sec: 97,885 | bf16_mfu: 0.00 | epoch: 1 pq: 2 rg: 39 | total time: 24.56m | eta: 18.1m
step 02201/03814 (57.71%) | loss: 3.173830 | lrm: 0.67 | dt: 670.26ms | tok/sec: 97,776 | bf16_mfu: 0.00 | epoch: 1 pq: 2 rg: 39 | total time: 24.58m | eta: 18.1m
step 02202/03814 (57.73%) | loss: 3.160935 | lrm: 0.67 | dt: 673.93ms | tok/sec: 97,243 | bf16_mfu: 0.00 | epoch: 1 pq: 2 rg: 39 | total time: 24.59m | eta: 18.1m
step 02203/03814 (57.76%) | loss: 3.164686 | lrm: 0.67 | dt: 677.01ms | tok/sec: 96,801 | bf16_mfu: 0.00 | epoch: 1 pq: 2 rg: 39 | total time: 24.60m | eta: 18.1m
step 02204/03814 (57.79%) | loss: 3.167568 | lrm: 0.67 | dt: 677.80ms | tok/sec: 96,689 | bf16_mfu: 0.00 | epoch: 1 pq: 2 rg: 39 | total time: 24.61m | eta: 18.1m
step 02205/03814 (57.81%) | loss: 3.163777 | lrm: 0.67 | dt: 679.72ms | tok/sec: 96,416 | bf16_mfu: 0.00 | epoch: 1 pq: 2 rg: 39 | total time: 24.62m | eta: 18.0m
step 02206/03814 (57.84%) | loss: 3.148195 | lrm: 0.67 | dt: 677.86ms | tok/sec: 96,680 | bf16_mfu: 0.00 | epoch: 1 pq: 2 rg: 39 | total time: 24.63m | eta: 18.0m
step 02207/03814 (57.87%) | loss: 3.132554 | lrm: 0.67 | dt: 676.60ms | tok/sec: 96,861 | bf16_mfu: 0.00 | epoch: 1 pq: 2 rg: 39 | total time: 24.64m | eta: 18.0m
step 02208/03814 (57.89%) | loss: 3.151401 | lrm: 0.67 | dt: 734.56ms | tok/sec: 89,218 | bf16_mfu: 0.00 | epoch: 1 pq: 2 rg: 39 | total time: 24.66m | eta: 18.0m
step 02209/03814 (57.92%) | loss: 3.155431 | lrm: 0.67 | dt: 684.40ms | tok/sec: 95,757 | bf16_mfu: 0.00 | epoch: 1 pq: 2 rg: 39 | total time: 24.67m | eta: 18.0m
step 02210/03814 (57.94%) | loss: 3.167071 | lrm: 0.66 | dt: 681.21ms | tok/sec: 96,205 | bf16_mfu: 0.00 | epoch: 1 pq: 2 rg: 40 | total time: 24.68m | eta: 18.0m
step 02211/03814 (57.97%) | loss: 3.152262 | lrm: 0.66 | dt: 727.17ms | tok/sec: 90,124 | bf16_mfu: 0.00 | epoch: 1 pq: 2 rg: 40 | total time: 24.69m | eta: 18.0m
step 02212/03814 (58.00%) | loss: 3.134746 | lrm: 0.66 | dt: 675.22ms | tok/sec: 97,059 | bf16_mfu: 0.00 | epoch: 1 pq: 2 rg: 40 | total time: 24.70m | eta: 18.0m
step 02213/03814 (58.02%) | loss: 3.123460 | lrm: 0.66 | dt: 680.17ms | tok/sec: 96,353 | bf16_mfu: 0.00 | epoch: 1 pq: 2 rg: 40 | total time: 24.71m | eta: 18.0m
step 02214/03814 (58.05%) | loss: 3.129869 | lrm: 0.66 | dt: 676.65ms | tok/sec: 96,853 | bf16_mfu: 0.00 | epoch: 1 pq: 2 rg: 40 | total time: 24.72m | eta: 17.9m
step 02215/03814 (58.08%) | loss: 3.136075 | lrm: 0.66 | dt: 682.01ms | tok/sec: 96,092 | bf16_mfu: 0.00 | epoch: 1 pq: 2 rg: 40 | total time: 24.74m | eta: 17.9m
step 02216/03814 (58.10%) | loss: 3.142570 | lrm: 0.66 | dt: 678.47ms | tok/sec: 96,593 | bf16_mfu: 0.00 | epoch: 1 pq: 2 rg: 40 | total time: 24.75m | eta: 17.9m
step 02217/03814 (58.13%) | loss: 3.148685 | lrm: 0.66 | dt: 675.04ms | tok/sec: 97,085 | bf16_mfu: 0.00 | epoch: 1 pq: 2 rg: 40 | total time: 24.76m | eta: 17.9m
step 02218/03814 (58.15%) | loss: 3.134507 | lrm: 0.66 | dt: 670.62ms | tok/sec: 97,723 | bf16_mfu: 0.00 | epoch: 1 pq: 2 rg: 40 | total time: 24.77m | eta: 17.9m
step 02219/03814 (58.18%) | loss: 3.137319 | lrm: 0.66 | dt: 671.48ms | tok/sec: 97,599 | bf16_mfu: 0.00 | epoch: 1 pq: 2 rg: 40 | total time: 24.78m | eta: 17.9m
step 02220/03814 (58.21%) | loss: 3.140175 | lrm: 0.66 | dt: 674.41ms | tok/sec: 97,175 | bf16_mfu: 0.00 | epoch: 1 pq: 2 rg: 41 | total time: 24.79m | eta: 17.9m
step 02221/03814 (58.23%) | loss: 3.138249 | lrm: 0.66 | dt: 667.90ms | tok/sec: 98,122 | bf16_mfu: 0.00 | epoch: 1 pq: 2 rg: 41 | total time: 24.80m | eta: 17.9m
step 02222/03814 (58.26%) | loss: 3.140872 | lrm: 0.66 | dt: 765.90ms | tok/sec: 85,567 | bf16_mfu: 0.00 | epoch: 1 pq: 2 rg: 41 | total time: 24.82m | eta: 17.9m
step 02223/03814 (58.29%) | loss: 3.134477 | lrm: 0.66 | dt: 667.50ms | tok/sec: 98,180 | bf16_mfu: 0.00 | epoch: 1 pq: 2 rg: 41 | total time: 24.83m | eta: 17.8m
step 02224/03814 (58.31%) | loss: 3.128425 | lrm: 0.66 | dt: 660.26ms | tok/sec: 99,258 | bf16_mfu: 0.00 | epoch: 1 pq: 2 rg: 41 | total time: 24.84m | eta: 17.8m
step 02225/03814 (58.34%) | loss: 3.130966 | lrm: 0.66 | dt: 662.54ms | tok/sec: 98,916 | bf16_mfu: 0.00 | epoch: 1 pq: 2 rg: 41 | total time: 24.85m | eta: 17.8m
step 02226/03814 (58.36%) | loss: 3.152621 | lrm: 0.66 | dt: 670.52ms | tok/sec: 97,738 | bf16_mfu: 0.00 | epoch: 1 pq: 2 rg: 41 | total time: 24.86m | eta: 17.8m
step 02227/03814 (58.39%) | loss: 3.158688 | lrm: 0.66 | dt: 657.71ms | tok/sec: 99,642 | bf16_mfu: 0.00 | epoch: 1 pq: 2 rg: 41 | total time: 24.87m | eta: 17.8m
step 02228/03814 (58.42%) | loss: 3.148994 | lrm: 0.66 | dt: 656.71ms | tok/sec: 99,793 | bf16_mfu: 0.00 | epoch: 1 pq: 2 rg: 41 | total time: 24.88m | eta: 17.8m
step 02229/03814 (58.44%) | loss: 3.133022 | lrm: 0.66 | dt: 662.09ms | tok/sec: 98,984 | bf16_mfu: 0.00 | epoch: 1 pq: 2 rg: 41 | total time: 24.89m | eta: 17.8m
step 02230/03814 (58.47%) | loss: 3.146884 | lrm: 0.66 | dt: 703.74ms | tok/sec: 93,124 | bf16_mfu: 0.00 | epoch: 1 pq: 2 rg: 42 | total time: 24.90m | eta: 17.8m
step 02231/03814 (58.50%) | loss: 3.156437 | lrm: 0.66 | dt: 655.92ms | tok/sec: 99,914 | bf16_mfu: 0.00 | epoch: 1 pq: 2 rg: 42 | total time: 24.92m | eta: 17.8m
step 02232/03814 (58.52%) | loss: 3.171959 | lrm: 0.66 | dt: 654.57ms | tok/sec: 100,120 | bf16_mfu: 0.00 | epoch: 1 pq: 2 rg: 42 | total time: 24.93m | eta: 17.7m
step 02233/03814 (58.55%) | loss: 3.151861 | lrm: 0.66 | dt: 741.57ms | tok/sec: 88,375 | bf16_mfu: 0.00 | epoch: 1 pq: 2 rg: 42 | total time: 24.94m | eta: 17.7m
step 02234/03814 (58.57%) | loss: 3.130421 | lrm: 0.66 | dt: 651.50ms | tok/sec: 100,592 | bf16_mfu: 0.00 | epoch: 1 pq: 2 rg: 42 | total time: 24.95m | eta: 17.7m
step 02235/03814 (58.60%) | loss: 3.154175 | lrm: 0.66 | dt: 650.57ms | tok/sec: 100,735 | bf16_mfu: 0.00 | epoch: 1 pq: 2 rg: 42 | total time: 24.96m | eta: 17.7m
step 02236/03814 (58.63%) | loss: 3.173120 | lrm: 0.65 | dt: 655.25ms | tok/sec: 100,016 | bf16_mfu: 0.00 | epoch: 1 pq: 2 rg: 42 | total time: 24.97m | eta: 17.7m
step 02237/03814 (58.65%) | loss: 3.154337 | lrm: 0.65 | dt: 759.58ms | tok/sec: 86,279 | bf16_mfu: 0.00 | epoch: 1 pq: 2 rg: 42 | total time: 24.98m | eta: 17.7m
step 02238/03814 (58.68%) | loss: 3.139134 | lrm: 0.65 | dt: 650.70ms | tok/sec: 100,715 | bf16_mfu: 0.00 | epoch: 1 pq: 2 rg: 42 | total time: 25.00m | eta: 17.7m
step 02239/03814 (58.70%) | loss: 3.133291 | lrm: 0.65 | dt: 650.48ms | tok/sec: 100,750 | bf16_mfu: 0.00 | epoch: 1 pq: 2 rg: 42 | total time: 25.01m | eta: 17.7m
step 02240/03814 (58.73%) | loss: 3.151034 | lrm: 0.65 | dt: 710.33ms | tok/sec: 92,261 | bf16_mfu: 0.00 | epoch: 1 pq: 2 rg: 43 | total time: 25.02m | eta: 17.7m
step 02241/03814 (58.76%) | loss: 3.163256 | lrm: 0.65 | dt: 646.31ms | tok/sec: 101,400 | bf16_mfu: 0.00 | epoch: 1 pq: 2 rg: 43 | total time: 25.03m | eta: 17.6m
step 02242/03814 (58.78%) | loss: 3.147186 | lrm: 0.65 | dt: 651.23ms | tok/sec: 100,633 | bf16_mfu: 0.00 | epoch: 1 pq: 2 rg: 43 | total time: 25.04m | eta: 17.6m
step 02243/03814 (58.81%) | loss: 3.133590 | lrm: 0.65 | dt: 647.74ms | tok/sec: 101,176 | bf16_mfu: 0.00 | epoch: 1 pq: 2 rg: 43 | total time: 25.05m | eta: 17.6m
step 02244/03814 (58.84%) | loss: 3.128900 | lrm: 0.65 | dt: 650.55ms | tok/sec: 100,739 | bf16_mfu: 0.00 | epoch: 1 pq: 2 rg: 43 | total time: 25.06m | eta: 17.6m
step 02245/03814 (58.86%) | loss: 3.135847 | lrm: 0.65 | dt: 648.55ms | tok/sec: 101,050 | bf16_mfu: 0.00 | epoch: 1 pq: 2 rg: 43 | total time: 25.07m | eta: 17.6m
step 02246/03814 (58.89%) | loss: 3.158172 | lrm: 0.65 | dt: 653.32ms | tok/sec: 100,312 | bf16_mfu: 0.00 | epoch: 1 pq: 2 rg: 43 | total time: 25.08m | eta: 17.6m
step 02247/03814 (58.91%) | loss: 3.152919 | lrm: 0.65 | dt: 649.80ms | tok/sec: 100,854 | bf16_mfu: 0.00 | epoch: 1 pq: 2 rg: 43 | total time: 25.09m | eta: 17.6m
step 02248/03814 (58.94%) | loss: 3.132949 | lrm: 0.65 | dt: 648.69ms | tok/sec: 101,028 | bf16_mfu: 0.00 | epoch: 1 pq: 2 rg: 43 | total time: 25.10m | eta: 17.6m
step 02249/03814 (58.97%) | loss: 3.139544 | lrm: 0.65 | dt: 652.41ms | tok/sec: 100,451 | bf16_mfu: 0.00 | epoch: 1 pq: 2 rg: 43 | total time: 25.12m | eta: 17.6m
step 02250/03814 (58.99%) | loss: 3.156613 | lrm: 0.65 | dt: 718.91ms | tok/sec: 91,159 | bf16_mfu: 0.00 | epoch: 1 pq: 2 rg: 44 | total time: 25.13m | eta: 17.5m
step 02251/03814 (59.02%) | loss: 3.178683 | lrm: 0.65 | dt: 657.97ms | tok/sec: 99,603 | bf16_mfu: 0.00 | epoch: 1 pq: 2 rg: 44 | total time: 25.14m | eta: 17.5m
step 02252/03814 (59.05%) | loss: 3.173502 | lrm: 0.65 | dt: 678.01ms | tok/sec: 96,658 | bf16_mfu: 0.00 | epoch: 1 pq: 2 rg: 44 | total time: 25.15m | eta: 17.5m
step 02253/03814 (59.07%) | loss: 3.158968 | lrm: 0.65 | dt: 661.16ms | tok/sec: 99,123 | bf16_mfu: 0.00 | epoch: 1 pq: 2 rg: 44 | total time: 25.16m | eta: 17.5m
step 02254/03814 (59.10%) | loss: 3.131804 | lrm: 0.65 | dt: 651.74ms | tok/sec: 100,556 | bf16_mfu: 0.00 | epoch: 1 pq: 2 rg: 44 | total time: 25.17m | eta: 17.5m
step 02255/03814 (59.12%) | loss: 3.162279 | lrm: 0.65 | dt: 647.50ms | tok/sec: 101,214 | bf16_mfu: 0.00 | epoch: 1 pq: 2 rg: 44 | total time: 25.18m | eta: 17.5m
step 02256/03814 (59.15%) | loss: 3.147760 | lrm: 0.65 | dt: 646.77ms | tok/sec: 101,327 | bf16_mfu: 0.00 | epoch: 1 pq: 2 rg: 44 | total time: 25.19m | eta: 17.5m
step 02257/03814 (59.18%) | loss: 3.156214 | lrm: 0.65 | dt: 649.26ms | tok/sec: 100,939 | bf16_mfu: 0.00 | epoch: 1 pq: 2 rg: 44 | total time: 25.20m | eta: 17.5m
step 02258/03814 (59.20%) | loss: 3.145255 | lrm: 0.65 | dt: 647.34ms | tok/sec: 101,238 | bf16_mfu: 0.00 | epoch: 1 pq: 2 rg: 44 | total time: 25.21m | eta: 17.5m
step 02259/03814 (59.23%) | loss: 3.138047 | lrm: 0.65 | dt: 647.80ms | tok/sec: 101,166 | bf16_mfu: 0.00 | epoch: 1 pq: 2 rg: 44 | total time: 25.23m | eta: 17.4m
step 02260/03814 (59.26%) | loss: 3.143824 | lrm: 0.65 | dt: 649.09ms | tok/sec: 100,965 | bf16_mfu: 0.00 | epoch: 1 pq: 2 rg: 45 | total time: 25.24m | eta: 17.4m
step 02261/03814 (59.28%) | loss: 3.152670 | lrm: 0.65 | dt: 649.68ms | tok/sec: 100,874 | bf16_mfu: 0.00 | epoch: 1 pq: 2 rg: 45 | total time: 25.25m | eta: 17.4m
step 02262/03814 (59.31%) | loss: 3.139268 | lrm: 0.64 | dt: 664.21ms | tok/sec: 98,667 | bf16_mfu: 0.00 | epoch: 1 pq: 2 rg: 45 | total time: 25.26m | eta: 17.4m
step 02263/03814 (59.33%) | loss: 3.148111 | lrm: 0.64 | dt: 648.99ms | tok/sec: 100,981 | bf16_mfu: 0.00 | epoch: 1 pq: 2 rg: 45 | total time: 25.27m | eta: 17.4m
step 02264/03814 (59.36%) | loss: 3.132006 | lrm: 0.64 | dt: 651.20ms | tok/sec: 100,638 | bf16_mfu: 0.00 | epoch: 1 pq: 2 rg: 45 | total time: 25.28m | eta: 17.4m
step 02265/03814 (59.39%) | loss: 3.127399 | lrm: 0.64 | dt: 645.73ms | tok/sec: 101,491 | bf16_mfu: 0.00 | epoch: 1 pq: 2 rg: 45 | total time: 25.29m | eta: 17.4m
step 02266/03814 (59.41%) | loss: 3.132785 | lrm: 0.64 | dt: 703.35ms | tok/sec: 93,177 | bf16_mfu: 0.00 | epoch: 1 pq: 2 rg: 45 | total time: 25.30m | eta: 17.4m
step 02267/03814 (59.44%) | loss: 3.130759 | lrm: 0.64 | dt: 647.72ms | tok/sec: 101,179 | bf16_mfu: 0.00 | epoch: 1 pq: 2 rg: 45 | total time: 25.31m | eta: 17.4m
step 02268/03814 (59.47%) | loss: 3.105554 | lrm: 0.64 | dt: 648.32ms | tok/sec: 101,085 | bf16_mfu: 0.00 | epoch: 1 pq: 2 rg: 45 | total time: 25.32m | eta: 17.3m
step 02269/03814 (59.49%) | loss: 3.092123 | lrm: 0.64 | dt: 648.16ms | tok/sec: 101,111 | bf16_mfu: 0.00 | epoch: 1 pq: 2 rg: 45 | total time: 25.33m | eta: 17.3m
step 02270/03814 (59.52%) | loss: 3.082156 | lrm: 0.64 | dt: 679.96ms | tok/sec: 96,382 | bf16_mfu: 0.00 | epoch: 1 pq: 2 rg: 46 | total time: 25.35m | eta: 17.3m
step 02271/03814 (59.54%) | loss: 3.105697 | lrm: 0.64 | dt: 650.04ms | tok/sec: 100,819 | bf16_mfu: 0.00 | epoch: 1 pq: 2 rg: 46 | total time: 25.36m | eta: 17.3m
step 02272/03814 (59.57%) | loss: 3.102014 | lrm: 0.64 | dt: 657.04ms | tok/sec: 99,744 | bf16_mfu: 0.00 | epoch: 1 pq: 2 rg: 46 | total time: 25.37m | eta: 17.3m
step 02273/03814 (59.60%) | loss: 3.099525 | lrm: 0.64 | dt: 651.92ms | tok/sec: 100,527 | bf16_mfu: 0.00 | epoch: 1 pq: 2 rg: 46 | total time: 25.38m | eta: 17.3m
step 02274/03814 (59.62%) | loss: 3.084576 | lrm: 0.64 | dt: 644.05ms | tok/sec: 101,756 | bf16_mfu: 0.00 | epoch: 1 pq: 2 rg: 46 | total time: 25.39m | eta: 17.3m
step 02275/03814 (59.65%) | loss: 3.077148 | lrm: 0.64 | dt: 661.97ms | tok/sec: 99,002 | bf16_mfu: 0.00 | epoch: 1 pq: 2 rg: 46 | total time: 25.40m | eta: 17.3m
step 02276/03814 (59.67%) | loss: 3.096182 | lrm: 0.64 | dt: 647.66ms | tok/sec: 101,189 | bf16_mfu: 0.00 | epoch: 1 pq: 2 rg: 46 | total time: 25.41m | eta: 17.2m
step 02277/03814 (59.70%) | loss: 3.123237 | lrm: 0.64 | dt: 650.14ms | tok/sec: 100,803 | bf16_mfu: 0.00 | epoch: 1 pq: 2 rg: 46 | total time: 25.42m | eta: 17.2m
step 02278/03814 (59.73%) | loss: 3.114074 | lrm: 0.64 | dt: 704.72ms | tok/sec: 92,995 | bf16_mfu: 0.00 | epoch: 1 pq: 2 rg: 46 | total time: 25.43m | eta: 17.2m
step 02279/03814 (59.75%) | loss: 3.108459 | lrm: 0.64 | dt: 653.06ms | tok/sec: 100,351 | bf16_mfu: 0.00 | epoch: 1 pq: 2 rg: 46 | total time: 25.44m | eta: 17.2m
step 02280/03814 (59.78%) | loss: 3.094393 | lrm: 0.64 | dt: 648.76ms | tok/sec: 101,017 | bf16_mfu: 0.00 | epoch: 1 pq: 2 rg: 47 | total time: 25.46m | eta: 17.2m
step 02281/03814 (59.81%) | loss: 3.116459 | lrm: 0.64 | dt: 648.00ms | tok/sec: 101,135 | bf16_mfu: 0.00 | epoch: 1 pq: 2 rg: 47 | total time: 25.47m | eta: 17.2m
step 02282/03814 (59.83%) | loss: 3.118147 | lrm: 0.64 | dt: 647.51ms | tok/sec: 101,213 | bf16_mfu: 0.00 | epoch: 1 pq: 2 rg: 47 | total time: 25.48m | eta: 17.2m
step 02283/03814 (59.86%) | loss: 3.110882 | lrm: 0.64 | dt: 647.95ms | tok/sec: 101,144 | bf16_mfu: 0.00 | epoch: 1 pq: 2 rg: 47 | total time: 25.49m | eta: 17.2m
step 02284/03814 (59.88%) | loss: 3.105864 | lrm: 0.64 | dt: 648.99ms | tok/sec: 100,981 | bf16_mfu: 0.00 | epoch: 1 pq: 2 rg: 47 | total time: 25.50m | eta: 17.2m
step 02285/03814 (59.91%) | loss: 3.086779 | lrm: 0.64 | dt: 648.18ms | tok/sec: 101,108 | bf16_mfu: 0.00 | epoch: 1 pq: 2 rg: 47 | total time: 25.51m | eta: 17.1m
step 02286/03814 (59.94%) | loss: 3.083996 | lrm: 0.64 | dt: 648.82ms | tok/sec: 101,008 | bf16_mfu: 0.00 | epoch: 1 pq: 2 rg: 47 | total time: 25.52m | eta: 17.1m
step 02287/03814 (59.96%) | loss: 3.102295 | lrm: 0.64 | dt: 644.78ms | tok/sec: 101,640 | bf16_mfu: 0.00 | epoch: 1 pq: 2 rg: 47 | total time: 25.53m | eta: 17.1m
step 02288/03814 (59.99%) | loss: 3.095928 | lrm: 0.63 | dt: 650.14ms | tok/sec: 100,803 | bf16_mfu: 0.00 | epoch: 1 pq: 2 rg: 47 | total time: 25.54m | eta: 17.1m
step 02289/03814 (60.02%) | loss: 3.091153 | lrm: 0.63 | dt: 656.09ms | tok/sec: 99,889 | bf16_mfu: 0.00 | epoch: 1 pq: 2 rg: 48 | total time: 25.55m | eta: 17.1m
step 02290/03814 (60.04%) | loss: 3.089575 | lrm: 0.63 | dt: 648.75ms | tok/sec: 101,019 | bf16_mfu: 0.00 | epoch: 1 pq: 2 rg: 48 | total time: 25.56m | eta: 17.1m
step 02291/03814 (60.07%) | loss: 3.105880 | lrm: 0.63 | dt: 652.92ms | tok/sec: 100,373 | bf16_mfu: 0.00 | epoch: 1 pq: 2 rg: 48 | total time: 25.57m | eta: 17.1m
step 02292/03814 (60.09%) | loss: 3.089351 | lrm: 0.63 | dt: 654.20ms | tok/sec: 100,176 | bf16_mfu: 0.00 | epoch: 1 pq: 2 rg: 48 | total time: 25.59m | eta: 17.1m
step 02293/03814 (60.12%) | loss: 3.088131 | lrm: 0.63 | dt: 647.73ms | tok/sec: 101,178 | bf16_mfu: 0.00 | epoch: 1 pq: 2 rg: 48 | total time: 25.60m | eta: 17.1m
step 02294/03814 (60.15%) | loss: 3.085844 | lrm: 0.63 | dt: 647.15ms | tok/sec: 101,268 | bf16_mfu: 0.00 | epoch: 1 pq: 2 rg: 48 | total time: 25.61m | eta: 17.0m
step 02295/03814 (60.17%) | loss: 3.081457 | lrm: 0.63 | dt: 648.76ms | tok/sec: 101,017 | bf16_mfu: 0.00 | epoch: 1 pq: 2 rg: 48 | total time: 25.62m | eta: 17.0m
step 02296/03814 (60.20%) | loss: 3.074196 | lrm: 0.63 | dt: 651.19ms | tok/sec: 100,640 | bf16_mfu: 0.00 | epoch: 1 pq: 2 rg: 48 | total time: 25.63m | eta: 17.0m
step 02297/03814 (60.23%) | loss: 3.078868 | lrm: 0.63 | dt: 651.75ms | tok/sec: 100,554 | bf16_mfu: 0.00 | epoch: 1 pq: 2 rg: 48 | total time: 25.64m | eta: 17.0m
step 02298/03814 (60.25%) | loss: 3.069030 | lrm: 0.63 | dt: 652.36ms | tok/sec: 100,459 | bf16_mfu: 0.00 | epoch: 1 pq: 2 rg: 48 | total time: 25.65m | eta: 17.0m
step 02299/03814 (60.28%) | loss: 3.050705 | lrm: 0.63 | dt: 647.45ms | tok/sec: 101,221 | bf16_mfu: 0.00 | epoch: 1 pq: 2 rg: 49 | total time: 25.66m | eta: 17.0m
step 02300/03814 (60.30%) | loss: 3.046451 | lrm: 0.63 | dt: 656.94ms | tok/sec: 99,760 | bf16_mfu: 0.00 | epoch: 1 pq: 2 rg: 49 | total time: 25.67m | eta: 17.0m
step 02301/03814 (60.33%) | loss: 3.055336 | lrm: 0.63 | dt: 649.37ms | tok/sec: 100,921 | bf16_mfu: 0.00 | epoch: 1 pq: 2 rg: 49 | total time: 25.68m | eta: 17.0m
step 02302/03814 (60.36%) | loss: 3.047949 | lrm: 0.63 | dt: 654.16ms | tok/sec: 100,183 | bf16_mfu: 0.00 | epoch: 1 pq: 2 rg: 49 | total time: 25.69m | eta: 16.9m
step 02303/03814 (60.38%) | loss: 3.079202 | lrm: 0.63 | dt: 654.38ms | tok/sec: 100,150 | bf16_mfu: 0.00 | epoch: 1 pq: 2 rg: 49 | total time: 25.70m | eta: 16.9m
step 02304/03814 (60.41%) | loss: 3.083874 | lrm: 0.63 | dt: 659.66ms | tok/sec: 99,348 | bf16_mfu: 0.00 | epoch: 1 pq: 2 rg: 49 | total time: 25.72m | eta: 16.9m
step 02305/03814 (60.44%) | loss: 3.061035 | lrm: 0.63 | dt: 649.68ms | tok/sec: 100,873 | bf16_mfu: 0.00 | epoch: 1 pq: 2 rg: 49 | total time: 25.73m | eta: 16.9m
step 02306/03814 (60.46%) | loss: 3.058334 | lrm: 0.63 | dt: 655.84ms | tok/sec: 99,926 | bf16_mfu: 0.00 | epoch: 1 pq: 2 rg: 49 | total time: 25.74m | eta: 16.9m
step 02307/03814 (60.49%) | loss: 3.057834 | lrm: 0.63 | dt: 655.15ms | tok/sec: 100,031 | bf16_mfu: 0.00 | epoch: 1 pq: 2 rg: 49 | total time: 25.75m | eta: 16.9m
step 02308/03814 (60.51%) | loss: 3.072027 | lrm: 0.63 | dt: 656.47ms | tok/sec: 99,831 | bf16_mfu: 0.00 | epoch: 1 pq: 2 rg: 49 | total time: 25.76m | eta: 16.9m
step 02309/03814 (60.54%) | loss: 3.071652 | lrm: 0.63 | dt: 651.55ms | tok/sec: 100,584 | bf16_mfu: 0.00 | epoch: 1 pq: 2 rg: 50 | total time: 25.77m | eta: 16.9m
step 02310/03814 (60.57%) | loss: 3.056240 | lrm: 0.63 | dt: 656.09ms | tok/sec: 99,889 | bf16_mfu: 0.00 | epoch: 1 pq: 2 rg: 50 | total time: 25.78m | eta: 16.9m
step 02311/03814 (60.59%) | loss: 3.046209 | lrm: 0.63 | dt: 656.81ms | tok/sec: 99,779 | bf16_mfu: 0.00 | epoch: 1 pq: 2 rg: 50 | total time: 25.79m | eta: 16.8m
step 02312/03814 (60.62%) | loss: 3.046878 | lrm: 0.63 | dt: 653.51ms | tok/sec: 100,282 | bf16_mfu: 0.00 | epoch: 1 pq: 2 rg: 50 | total time: 25.80m | eta: 16.8m
step 02313/03814 (60.64%) | loss: 3.054466 | lrm: 0.63 | dt: 657.67ms | tok/sec: 99,649 | bf16_mfu: 0.00 | epoch: 1 pq: 2 rg: 50 | total time: 25.81m | eta: 16.8m
step 02314/03814 (60.67%) | loss: 3.055453 | lrm: 0.62 | dt: 666.28ms | tok/sec: 98,360 | bf16_mfu: 0.00 | epoch: 1 pq: 2 rg: 50 | total time: 25.83m | eta: 16.8m
step 02315/03814 (60.70%) | loss: 3.037257 | lrm: 0.62 | dt: 656.61ms | tok/sec: 99,809 | bf16_mfu: 0.00 | epoch: 1 pq: 2 rg: 50 | total time: 25.84m | eta: 16.8m
step 02316/03814 (60.72%) | loss: 3.022514 | lrm: 0.62 | dt: 659.43ms | tok/sec: 99,382 | bf16_mfu: 0.00 | epoch: 1 pq: 2 rg: 50 | total time: 25.85m | eta: 16.8m
step 02317/03814 (60.75%) | loss: 3.016320 | lrm: 0.62 | dt: 656.88ms | tok/sec: 99,768 | bf16_mfu: 0.00 | epoch: 1 pq: 2 rg: 50 | total time: 25.86m | eta: 16.8m
step 02318/03814 (60.78%) | loss: 3.030272 | lrm: 0.62 | dt: 657.27ms | tok/sec: 99,709 | bf16_mfu: 0.00 | epoch: 1 pq: 2 rg: 50 | total time: 25.87m | eta: 16.8m
step 02319/03814 (60.80%) | loss: 3.046772 | lrm: 0.62 | dt: 658.85ms | tok/sec: 99,470 | bf16_mfu: 0.00 | epoch: 1 pq: 2 rg: 51 | total time: 25.88m | eta: 16.8m
step 02320/03814 (60.83%) | loss: 3.042837 | lrm: 0.62 | dt: 657.16ms | tok/sec: 99,726 | bf16_mfu: 0.00 | epoch: 1 pq: 2 rg: 51 | total time: 25.89m | eta: 16.7m
step 02321/03814 (60.85%) | loss: 3.023644 | lrm: 0.62 | dt: 656.65ms | tok/sec: 99,802 | bf16_mfu: 0.00 | epoch: 1 pq: 2 rg: 51 | total time: 25.90m | eta: 16.7m
step 02322/03814 (60.88%) | loss: 3.007409 | lrm: 0.62 | dt: 662.28ms | tok/sec: 98,954 | bf16_mfu: 0.00 | epoch: 1 pq: 2 rg: 51 | total time: 25.91m | eta: 16.7m
step 02323/03814 (60.91%) | loss: 3.012924 | lrm: 0.62 | dt: 656.94ms | tok/sec: 99,759 | bf16_mfu: 0.00 | epoch: 1 pq: 2 rg: 51 | total time: 25.92m | eta: 16.7m
step 02324/03814 (60.93%) | loss: 3.026240 | lrm: 0.62 | dt: 668.96ms | tok/sec: 97,967 | bf16_mfu: 0.00 | epoch: 1 pq: 2 rg: 51 | total time: 25.93m | eta: 16.7m
step 02325/03814 (60.96%) | loss: 3.064211 | lrm: 0.62 | dt: 652.41ms | tok/sec: 100,452 | bf16_mfu: 0.00 | epoch: 1 pq: 2 rg: 51 | total time: 25.95m | eta: 16.7m
step 02326/03814 (60.99%) | loss: 3.085170 | lrm: 0.62 | dt: 655.48ms | tok/sec: 99,981 | bf16_mfu: 0.00 | epoch: 1 pq: 2 rg: 51 | total time: 25.96m | eta: 16.7m
step 02327/03814 (61.01%) | loss: 3.076395 | lrm: 0.62 | dt: 666.38ms | tok/sec: 98,346 | bf16_mfu: 0.00 | epoch: 1 pq: 2 rg: 51 | total time: 25.97m | eta: 16.7m
step 02328/03814 (61.04%) | loss: 3.073164 | lrm: 0.62 | dt: 654.76ms | tok/sec: 100,091 | bf16_mfu: 0.00 | epoch: 1 pq: 2 rg: 51 | total time: 25.98m | eta: 16.7m
step 02329/03814 (61.06%) | loss: 3.071378 | lrm: 0.62 | dt: 655.11ms | tok/sec: 100,038 | bf16_mfu: 0.00 | epoch: 1 pq: 2 rg: 52 | total time: 25.99m | eta: 16.6m
step 02330/03814 (61.09%) | loss: 3.080565 | lrm: 0.62 | dt: 653.10ms | tok/sec: 100,345 | bf16_mfu: 0.00 | epoch: 1 pq: 2 rg: 52 | total time: 26.00m | eta: 16.6m
step 02331/03814 (61.12%) | loss: 3.071784 | lrm: 0.62 | dt: 655.59ms | tok/sec: 99,964 | bf16_mfu: 0.00 | epoch: 1 pq: 2 rg: 52 | total time: 26.01m | eta: 16.6m
step 02332/03814 (61.14%) | loss: 3.050189 | lrm: 0.62 | dt: 658.38ms | tok/sec: 99,540 | bf16_mfu: 0.00 | epoch: 1 pq: 2 rg: 52 | total time: 26.02m | eta: 16.6m
step 02333/03814 (61.17%) | loss: 3.059635 | lrm: 0.62 | dt: 658.86ms | tok/sec: 99,468 | bf16_mfu: 0.00 | epoch: 1 pq: 2 rg: 52 | total time: 26.03m | eta: 16.6m
step 02334/03814 (61.20%) | loss: 3.077948 | lrm: 0.62 | dt: 656.12ms | tok/sec: 99,883 | bf16_mfu: 0.00 | epoch: 1 pq: 2 rg: 52 | total time: 26.04m | eta: 16.6m
step 02335/03814 (61.22%) | loss: 3.085791 | lrm: 0.62 | dt: 653.05ms | tok/sec: 100,354 | bf16_mfu: 0.00 | epoch: 1 pq: 2 rg: 52 | total time: 26.06m | eta: 16.6m
step 02336/03814 (61.25%) | loss: 3.088603 | lrm: 0.62 | dt: 655.26ms | tok/sec: 100,015 | bf16_mfu: 0.00 | epoch: 1 pq: 2 rg: 52 | total time: 26.07m | eta: 16.6m
step 02337/03814 (61.27%) | loss: 3.069851 | lrm: 0.62 | dt: 658.26ms | tok/sec: 99,560 | bf16_mfu: 0.00 | epoch: 1 pq: 2 rg: 52 | total time: 26.08m | eta: 16.6m
step 02338/03814 (61.30%) | loss: 3.072020 | lrm: 0.62 | dt: 654.19ms | tok/sec: 100,179 | bf16_mfu: 0.00 | epoch: 1 pq: 2 rg: 52 | total time: 26.09m | eta: 16.5m
step 02339/03814 (61.33%) | loss: 3.097323 | lrm: 0.62 | dt: 724.56ms | tok/sec: 90,448 | bf16_mfu: 0.00 | epoch: 1 pq: 2 rg: 53 | total time: 26.10m | eta: 16.5m
step 02340/03814 (61.35%) | loss: 3.134629 | lrm: 0.61 | dt: 649.07ms | tok/sec: 100,969 | bf16_mfu: 0.00 | epoch: 1 pq: 2 rg: 53 | total time: 26.11m | eta: 16.5m
step 02341/03814 (61.38%) | loss: 3.127297 | lrm: 0.61 | dt: 650.61ms | tok/sec: 100,730 | bf16_mfu: 0.00 | epoch: 1 pq: 2 rg: 53 | total time: 26.12m | eta: 16.5m
step 02342/03814 (61.41%) | loss: 3.110721 | lrm: 0.61 | dt: 656.29ms | tok/sec: 99,859 | bf16_mfu: 0.00 | epoch: 1 pq: 2 rg: 53 | total time: 26.13m | eta: 16.5m
step 02343/03814 (61.43%) | loss: 3.099260 | lrm: 0.61 | dt: 652.60ms | tok/sec: 100,422 | bf16_mfu: 0.00 | epoch: 1 pq: 2 rg: 53 | total time: 26.14m | eta: 16.5m
step 02344/03814 (61.46%) | loss: 3.113850 | lrm: 0.61 | dt: 659.73ms | tok/sec: 99,337 | bf16_mfu: 0.00 | epoch: 1 pq: 2 rg: 53 | total time: 26.15m | eta: 16.5m
step 02345/03814 (61.48%) | loss: 3.123187 | lrm: 0.61 | dt: 654.92ms | tok/sec: 100,066 | bf16_mfu: 0.00 | epoch: 1 pq: 2 rg: 53 | total time: 26.17m | eta: 16.5m
step 02346/03814 (61.51%) | loss: 3.121553 | lrm: 0.61 | dt: 656.52ms | tok/sec: 99,822 | bf16_mfu: 0.00 | epoch: 1 pq: 2 rg: 53 | total time: 26.18m | eta: 16.4m
step 02347/03814 (61.54%) | loss: 3.105000 | lrm: 0.61 | dt: 649.89ms | tok/sec: 100,841 | bf16_mfu: 0.00 | epoch: 1 pq: 2 rg: 53 | total time: 26.19m | eta: 16.4m
step 02348/03814 (61.56%) | loss: 3.108243 | lrm: 0.61 | dt: 649.51ms | tok/sec: 100,900 | bf16_mfu: 0.00 | epoch: 1 pq: 2 rg: 53 | total time: 26.20m | eta: 16.4m
step 02349/03814 (61.59%) | loss: 3.110634 | lrm: 0.61 | dt: 693.57ms | tok/sec: 94,491 | bf16_mfu: 0.00 | epoch: 1 pq: 2 rg: 54 | total time: 26.21m | eta: 16.4m
step 02350/03814 (61.62%) | loss: 3.120329 | lrm: 0.61 | dt: 653.54ms | tok/sec: 100,277 | bf16_mfu: 0.00 | epoch: 1 pq: 2 rg: 54 | total time: 26.22m | eta: 16.4m
step 02351/03814 (61.64%) | loss: 3.103793 | lrm: 0.61 | dt: 655.25ms | tok/sec: 100,017 | bf16_mfu: 0.00 | epoch: 1 pq: 2 rg: 54 | total time: 26.23m | eta: 16.4m
step 02352/03814 (61.67%) | loss: 3.085816 | lrm: 0.61 | dt: 651.75ms | tok/sec: 100,554 | bf16_mfu: 0.00 | epoch: 1 pq: 2 rg: 54 | total time: 26.24m | eta: 16.4m
step 02353/03814 (61.69%) | loss: 3.075273 | lrm: 0.61 | dt: 656.05ms | tok/sec: 99,894 | bf16_mfu: 0.00 | epoch: 1 pq: 2 rg: 54 | total time: 26.25m | eta: 16.4m
step 02354/03814 (61.72%) | loss: 3.074927 | lrm: 0.61 | dt: 830.32ms | tok/sec: 78,928 | bf16_mfu: 0.00 | epoch: 1 pq: 2 rg: 54 | total time: 26.27m | eta: 16.4m
step 02355/03814 (61.75%) | loss: 3.083279 | lrm: 0.61 | dt: 657.23ms | tok/sec: 99,715 | bf16_mfu: 0.00 | epoch: 1 pq: 2 rg: 54 | total time: 26.28m | eta: 16.3m
step 02356/03814 (61.77%) | loss: 3.069046 | lrm: 0.61 | dt: 652.13ms | tok/sec: 100,495 | bf16_mfu: 0.00 | epoch: 1 pq: 2 rg: 54 | total time: 26.29m | eta: 16.3m
step 02357/03814 (61.80%) | loss: 3.071895 | lrm: 0.61 | dt: 653.28ms | tok/sec: 100,318 | bf16_mfu: 0.00 | epoch: 1 pq: 2 rg: 54 | total time: 26.30m | eta: 16.3m
step 02358/03814 (61.82%) | loss: 3.066579 | lrm: 0.61 | dt: 653.48ms | tok/sec: 100,288 | bf16_mfu: 0.00 | epoch: 1 pq: 2 rg: 54 | total time: 26.31m | eta: 16.3m
step 02359/03814 (61.85%) | loss: 3.071134 | lrm: 0.61 | dt: 658.01ms | tok/sec: 99,596 | bf16_mfu: 0.00 | epoch: 1 pq: 2 rg: 55 | total time: 26.32m | eta: 16.3m
step 02360/03814 (61.88%) | loss: 3.079088 | lrm: 0.61 | dt: 650.15ms | tok/sec: 100,800 | bf16_mfu: 0.00 | epoch: 1 pq: 2 rg: 55 | total time: 26.33m | eta: 16.3m
step 02361/03814 (61.90%) | loss: 3.063430 | lrm: 0.61 | dt: 652.79ms | tok/sec: 100,393 | bf16_mfu: 0.00 | epoch: 1 pq: 2 rg: 55 | total time: 26.34m | eta: 16.3m
step 02362/03814 (61.93%) | loss: 3.054457 | lrm: 0.61 | dt: 651.23ms | tok/sec: 100,634 | bf16_mfu: 0.00 | epoch: 1 pq: 2 rg: 55 | total time: 26.35m | eta: 16.3m
step 02363/03814 (61.96%) | loss: 3.041962 | lrm: 0.61 | dt: 651.08ms | tok/sec: 100,658 | bf16_mfu: 0.00 | epoch: 1 pq: 2 rg: 55 | total time: 26.37m | eta: 16.3m
step 02364/03814 (61.98%) | loss: 3.045563 | lrm: 0.61 | dt: 656.69ms | tok/sec: 99,797 | bf16_mfu: 0.00 | epoch: 1 pq: 2 rg: 55 | total time: 26.38m | eta: 16.2m
step 02365/03814 (62.01%) | loss: 3.073077 | lrm: 0.61 | dt: 648.79ms | tok/sec: 101,011 | bf16_mfu: 0.00 | epoch: 1 pq: 2 rg: 55 | total time: 26.39m | eta: 16.2m
step 02366/03814 (62.03%) | loss: 3.082369 | lrm: 0.60 | dt: 652.47ms | tok/sec: 100,442 | bf16_mfu: 0.00 | epoch: 1 pq: 2 rg: 55 | total time: 26.40m | eta: 16.2m
step 02367/03814 (62.06%) | loss: 3.078531 | lrm: 0.60 | dt: 653.00ms | tok/sec: 100,360 | bf16_mfu: 0.00 | epoch: 1 pq: 2 rg: 55 | total time: 26.41m | eta: 16.2m
step 02368/03814 (62.09%) | loss: 3.070494 | lrm: 0.60 | dt: 650.89ms | tok/sec: 100,687 | bf16_mfu: 0.00 | epoch: 1 pq: 2 rg: 55 | total time: 26.42m | eta: 16.2m
step 02369/03814 (62.11%) | loss: 3.075038 | lrm: 0.60 | dt: 659.55ms | tok/sec: 99,364 | bf16_mfu: 0.00 | epoch: 1 pq: 2 rg: 56 | total time: 26.43m | eta: 16.2m
step 02370/03814 (62.14%) | loss: 3.078199 | lrm: 0.60 | dt: 653.29ms | tok/sec: 100,316 | bf16_mfu: 0.00 | epoch: 1 pq: 2 rg: 56 | total time: 26.44m | eta: 16.2m
step 02371/03814 (62.17%) | loss: 3.070114 | lrm: 0.60 | dt: 649.17ms | tok/sec: 100,954 | bf16_mfu: 0.00 | epoch: 1 pq: 2 rg: 56 | total time: 26.45m | eta: 16.2m
step 02372/03814 (62.19%) | loss: 3.070186 | lrm: 0.60 | dt: 650.02ms | tok/sec: 100,821 | bf16_mfu: 0.00 | epoch: 1 pq: 2 rg: 56 | total time: 26.46m | eta: 16.2m
step 02373/03814 (62.22%) | loss: 3.064990 | lrm: 0.60 | dt: 653.75ms | tok/sec: 100,246 | bf16_mfu: 0.00 | epoch: 1 pq: 2 rg: 56 | total time: 26.47m | eta: 16.1m
step 02374/03814 (62.24%) | loss: 3.065704 | lrm: 0.60 | dt: 651.21ms | tok/sec: 100,637 | bf16_mfu: 0.00 | epoch: 1 pq: 2 rg: 56 | total time: 26.48m | eta: 16.1m
step 02375/03814 (62.27%) | loss: 3.083867 | lrm: 0.60 | dt: 652.01ms | tok/sec: 100,514 | bf16_mfu: 0.00 | epoch: 1 pq: 2 rg: 56 | total time: 26.50m | eta: 16.1m
step 02376/03814 (62.30%) | loss: 3.079831 | lrm: 0.60 | dt: 654.80ms | tok/sec: 100,084 | bf16_mfu: 0.00 | epoch: 1 pq: 2 rg: 56 | total time: 26.51m | eta: 16.1m
step 02377/03814 (62.32%) | loss: 3.062772 | lrm: 0.60 | dt: 678.96ms | tok/sec: 96,524 | bf16_mfu: 0.00 | epoch: 1 pq: 2 rg: 56 | total time: 26.52m | eta: 16.1m
step 02378/03814 (62.35%) | loss: 3.052071 | lrm: 0.60 | dt: 654.54ms | tok/sec: 100,125 | bf16_mfu: 0.00 | epoch: 1 pq: 2 rg: 56 | total time: 26.53m | eta: 16.1m
step 02379/03814 (62.38%) | loss: 3.078716 | lrm: 0.60 | dt: 665.37ms | tok/sec: 98,496 | bf16_mfu: 0.00 | epoch: 1 pq: 2 rg: 57 | total time: 26.54m | eta: 16.1m
step 02380/03814 (62.40%) | loss: 3.093784 | lrm: 0.60 | dt: 741.50ms | tok/sec: 88,382 | bf16_mfu: 0.00 | epoch: 1 pq: 2 rg: 57 | total time: 26.55m | eta: 16.1m
step 02381/03814 (62.43%) | loss: 3.081445 | lrm: 0.60 | dt: 652.69ms | tok/sec: 100,408 | bf16_mfu: 0.00 | epoch: 1 pq: 2 rg: 57 | total time: 26.56m | eta: 16.1m
step 02382/03814 (62.45%) | loss: 3.071087 | lrm: 0.60 | dt: 654.57ms | tok/sec: 100,120 | bf16_mfu: 0.00 | epoch: 1 pq: 2 rg: 57 | total time: 26.57m | eta: 16.0m
step 02383/03814 (62.48%) | loss: 3.066968 | lrm: 0.60 | dt: 649.55ms | tok/sec: 100,894 | bf16_mfu: 0.00 | epoch: 1 pq: 2 rg: 57 | total time: 26.58m | eta: 16.0m
step 02384/03814 (62.51%) | loss: 3.081238 | lrm: 0.60 | dt: 656.41ms | tok/sec: 99,839 | bf16_mfu: 0.00 | epoch: 1 pq: 2 rg: 57 | total time: 26.60m | eta: 16.0m
step 02385/03814 (62.53%) | loss: 3.116661 | lrm: 0.60 | dt: 652.25ms | tok/sec: 100,476 | bf16_mfu: 0.00 | epoch: 1 pq: 2 rg: 57 | total time: 26.61m | eta: 16.0m
step 02386/03814 (62.56%) | loss: 3.094569 | lrm: 0.60 | dt: 652.94ms | tok/sec: 100,370 | bf16_mfu: 0.00 | epoch: 1 pq: 2 rg: 57 | total time: 26.62m | eta: 16.0m
step 02387/03814 (62.59%) | loss: 3.087116 | lrm: 0.60 | dt: 649.06ms | tok/sec: 100,970 | bf16_mfu: 0.00 | epoch: 1 pq: 2 rg: 57 | total time: 26.63m | eta: 16.0m
step 02388/03814 (62.61%) | loss: 3.073796 | lrm: 0.60 | dt: 653.77ms | tok/sec: 100,243 | bf16_mfu: 0.00 | epoch: 1 pq: 2 rg: 57 | total time: 26.64m | eta: 16.0m
step 02389/03814 (62.64%) | loss: 3.082642 | lrm: 0.60 | dt: 651.14ms | tok/sec: 100,647 | bf16_mfu: 0.00 | epoch: 1 pq: 2 rg: 58 | total time: 26.65m | eta: 16.0m
step 02390/03814 (62.66%) | loss: 3.094758 | lrm: 0.60 | dt: 652.93ms | tok/sec: 100,371 | bf16_mfu: 0.00 | epoch: 1 pq: 2 rg: 58 | total time: 26.66m | eta: 16.0m
step 02391/03814 (62.69%) | loss: 3.081014 | lrm: 0.60 | dt: 666.62ms | tok/sec: 98,311 | bf16_mfu: 0.00 | epoch: 1 pq: 2 rg: 58 | total time: 26.67m | eta: 15.9m
step 02392/03814 (62.72%) | loss: 3.060283 | lrm: 0.59 | dt: 662.07ms | tok/sec: 98,985 | bf16_mfu: 0.00 | epoch: 1 pq: 2 rg: 58 | total time: 26.68m | eta: 15.9m
step 02393/03814 (62.74%) | loss: 3.052642 | lrm: 0.59 | dt: 652.64ms | tok/sec: 100,417 | bf16_mfu: 0.00 | epoch: 1 pq: 2 rg: 58 | total time: 26.69m | eta: 15.9m
step 02394/03814 (62.77%) | loss: 3.075312 | lrm: 0.59 | dt: 654.95ms | tok/sec: 100,062 | bf16_mfu: 0.00 | epoch: 1 pq: 2 rg: 58 | total time: 26.70m | eta: 15.9m
step 02395/03814 (62.79%) | loss: 3.077993 | lrm: 0.59 | dt: 658.17ms | tok/sec: 99,572 | bf16_mfu: 0.00 | epoch: 1 pq: 2 rg: 58 | total time: 26.72m | eta: 15.9m
step 02396/03814 (62.82%) | loss: 3.069862 | lrm: 0.59 | dt: 655.05ms | tok/sec: 100,048 | bf16_mfu: 0.00 | epoch: 1 pq: 2 rg: 58 | total time: 26.73m | eta: 15.9m
step 02397/03814 (62.85%) | loss: 3.058927 | lrm: 0.59 | dt: 652.33ms | tok/sec: 100,464 | bf16_mfu: 0.00 | epoch: 1 pq: 2 rg: 58 | total time: 26.74m | eta: 15.9m
step 02398/03814 (62.87%) | loss: 3.062782 | lrm: 0.59 | dt: 657.29ms | tok/sec: 99,706 | bf16_mfu: 0.00 | epoch: 1 pq: 2 rg: 58 | total time: 26.75m | eta: 15.9m
step 02399/03814 (62.90%) | loss: 3.076701 | lrm: 0.59 | dt: 653.64ms | tok/sec: 100,262 | bf16_mfu: 0.00 | epoch: 1 pq: 2 rg: 59 | total time: 26.76m | eta: 15.8m
step 02400/03814 (62.93%) | loss: 3.072591 | lrm: 0.59 | dt: 656.17ms | tok/sec: 99,875 | bf16_mfu: 0.00 | epoch: 1 pq: 2 rg: 59 | total time: 26.77m | eta: 15.8m
step 02401/03814 (62.95%) | loss: 3.055934 | lrm: 0.59 | dt: 654.35ms | tok/sec: 100,154 | bf16_mfu: 0.00 | epoch: 1 pq: 2 rg: 59 | total time: 26.78m | eta: 15.8m
step 02402/03814 (62.98%) | loss: 3.042409 | lrm: 0.59 | dt: 648.49ms | tok/sec: 101,058 | bf16_mfu: 0.00 | epoch: 1 pq: 2 rg: 59 | total time: 26.79m | eta: 15.8m
step 02403/03814 (63.00%) | loss: 3.023562 | lrm: 0.59 | dt: 652.38ms | tok/sec: 100,456 | bf16_mfu: 0.00 | epoch: 1 pq: 2 rg: 59 | total time: 26.80m | eta: 15.8m
step 02404/03814 (63.03%) | loss: 3.028230 | lrm: 0.59 | dt: 669.20ms | tok/sec: 97,932 | bf16_mfu: 0.00 | epoch: 1 pq: 2 rg: 59 | total time: 26.81m | eta: 15.8m
step 02405/03814 (63.06%) | loss: 3.021817 | lrm: 0.59 | dt: 651.05ms | tok/sec: 100,662 | bf16_mfu: 0.00 | epoch: 1 pq: 2 rg: 59 | total time: 26.83m | eta: 15.8m
step 02406/03814 (63.08%) | loss: 3.012365 | lrm: 0.59 | dt: 652.38ms | tok/sec: 100,457 | bf16_mfu: 0.00 | epoch: 1 pq: 2 rg: 59 | total time: 26.84m | eta: 15.8m
step 02407/03814 (63.11%) | loss: 3.018229 | lrm: 0.59 | dt: 652.16ms | tok/sec: 100,490 | bf16_mfu: 0.00 | epoch: 1 pq: 2 rg: 59 | total time: 26.85m | eta: 15.8m
step 02408/03814 (63.14%) | loss: 3.019536 | lrm: 0.59 | dt: 650.73ms | tok/sec: 100,712 | bf16_mfu: 0.00 | epoch: 1 pq: 2 rg: 59 | total time: 26.86m | eta: 15.7m
step 02409/03814 (63.16%) | loss: 3.037419 | lrm: 0.59 | dt: 753.42ms | tok/sec: 86,985 | bf16_mfu: 0.00 | epoch: 1 pq: 2 rg: 60 | total time: 26.87m | eta: 15.7m
step 02410/03814 (63.19%) | loss: 3.025724 | lrm: 0.59 | dt: 650.90ms | tok/sec: 100,684 | bf16_mfu: 0.00 | epoch: 1 pq: 2 rg: 60 | total time: 26.88m | eta: 15.7m
step 02411/03814 (63.21%) | loss: 3.027684 | lrm: 0.59 | dt: 651.91ms | tok/sec: 100,529 | bf16_mfu: 0.00 | epoch: 1 pq: 2 rg: 60 | total time: 26.89m | eta: 15.7m
step 02412/03814 (63.24%) | loss: 3.010866 | lrm: 0.59 | dt: 652.47ms | tok/sec: 100,442 | bf16_mfu: 0.00 | epoch: 1 pq: 2 rg: 60 | total time: 26.90m | eta: 15.7m
step 02413/03814 (63.27%) | loss: 3.011037 | lrm: 0.59 | dt: 736.76ms | tok/sec: 88,951 | bf16_mfu: 0.00 | epoch: 1 pq: 2 rg: 60 | total time: 26.92m | eta: 15.7m
step 02414/03814 (63.29%) | loss: 3.026662 | lrm: 0.59 | dt: 693.54ms | tok/sec: 94,494 | bf16_mfu: 0.00 | epoch: 1 pq: 2 rg: 60 | total time: 26.93m | eta: 15.7m
step 02415/03814 (63.32%) | loss: 3.013057 | lrm: 0.59 | dt: 648.08ms | tok/sec: 101,124 | bf16_mfu: 0.00 | epoch: 1 pq: 2 rg: 60 | total time: 26.94m | eta: 15.7m
step 02416/03814 (63.35%) | loss: 3.003174 | lrm: 0.59 | dt: 676.29ms | tok/sec: 96,904 | bf16_mfu: 0.00 | epoch: 1 pq: 2 rg: 60 | total time: 26.95m | eta: 15.7m
step 02417/03814 (63.37%) | loss: 3.003027 | lrm: 0.59 | dt: 651.84ms | tok/sec: 100,539 | bf16_mfu: 0.00 | epoch: 1 pq: 2 rg: 60 | total time: 26.96m | eta: 15.6m
step 02418/03814 (63.40%) | loss: 2.995700 | lrm: 0.58 | dt: 654.67ms | tok/sec: 100,105 | bf16_mfu: 0.00 | epoch: 1 pq: 2 rg: 60 | total time: 26.97m | eta: 15.6m
step 02419/03814 (63.42%) | loss: 3.020111 | lrm: 0.58 | dt: 688.51ms | tok/sec: 95,184 | bf16_mfu: 0.00 | epoch: 1 pq: 2 rg: 61 | total time: 26.98m | eta: 15.6m
step 02420/03814 (63.45%) | loss: 3.020885 | lrm: 0.58 | dt: 650.42ms | tok/sec: 100,759 | bf16_mfu: 0.00 | epoch: 1 pq: 2 rg: 61 | total time: 26.99m | eta: 15.6m
step 02421/03814 (63.48%) | loss: 3.025124 | lrm: 0.58 | dt: 648.09ms | tok/sec: 101,121 | bf16_mfu: 0.00 | epoch: 1 pq: 2 rg: 61 | total time: 27.00m | eta: 15.6m
step 02422/03814 (63.50%) | loss: 3.024696 | lrm: 0.58 | dt: 648.34ms | tok/sec: 101,082 | bf16_mfu: 0.00 | epoch: 1 pq: 2 rg: 61 | total time: 27.01m | eta: 15.6m
step 02423/03814 (63.53%) | loss: 3.032417 | lrm: 0.58 | dt: 654.23ms | tok/sec: 100,172 | bf16_mfu: 0.00 | epoch: 1 pq: 2 rg: 61 | total time: 27.03m | eta: 15.6m
step 02424/03814 (63.56%) | loss: 3.047499 | lrm: 0.58 | dt: 649.42ms | tok/sec: 100,915 | bf16_mfu: 0.00 | epoch: 1 pq: 2 rg: 61 | total time: 27.04m | eta: 15.6m
step 02425/03814 (63.58%) | loss: 3.035025 | lrm: 0.58 | dt: 653.98ms | tok/sec: 100,211 | bf16_mfu: 0.00 | epoch: 1 pq: 2 rg: 61 | total time: 27.05m | eta: 15.6m
step 02426/03814 (63.61%) | loss: 3.037744 | lrm: 0.58 | dt: 650.85ms | tok/sec: 100,692 | bf16_mfu: 0.00 | epoch: 1 pq: 2 rg: 61 | total time: 27.06m | eta: 15.5m
step 02427/03814 (63.63%) | loss: 3.057706 | lrm: 0.58 | dt: 651.00ms | tok/sec: 100,669 | bf16_mfu: 0.00 | epoch: 1 pq: 2 rg: 61 | total time: 27.07m | eta: 15.5m
step 02428/03814 (63.66%) | loss: 3.056656 | lrm: 0.58 | dt: 653.12ms | tok/sec: 100,343 | bf16_mfu: 0.00 | epoch: 1 pq: 2 rg: 61 | total time: 27.08m | eta: 15.5m
step 02429/03814 (63.69%) | loss: 3.061384 | lrm: 0.58 | dt: 653.48ms | tok/sec: 100,288 | bf16_mfu: 0.00 | epoch: 1 pq: 2 rg: 62 | total time: 27.09m | eta: 15.5m
step 02430/03814 (63.71%) | loss: 3.043376 | lrm: 0.58 | dt: 654.90ms | tok/sec: 100,070 | bf16_mfu: 0.00 | epoch: 1 pq: 2 rg: 62 | total time: 27.10m | eta: 15.5m
step 02431/03814 (63.74%) | loss: 3.047845 | lrm: 0.58 | dt: 650.49ms | tok/sec: 100,748 | bf16_mfu: 0.00 | epoch: 1 pq: 2 rg: 62 | total time: 27.11m | eta: 15.5m
step 02432/03814 (63.77%) | loss: 3.056359 | lrm: 0.58 | dt: 656.93ms | tok/sec: 99,761 | bf16_mfu: 0.00 | epoch: 1 pq: 2 rg: 62 | total time: 27.12m | eta: 15.5m
step 02433/03814 (63.79%) | loss: 3.062936 | lrm: 0.58 | dt: 649.73ms | tok/sec: 100,866 | bf16_mfu: 0.00 | epoch: 1 pq: 2 rg: 62 | total time: 27.13m | eta: 15.5m
step 02434/03814 (63.82%) | loss: 3.066769 | lrm: 0.58 | dt: 648.19ms | tok/sec: 101,106 | bf16_mfu: 0.00 | epoch: 1 pq: 2 rg: 62 | total time: 27.14m | eta: 15.5m
step 02435/03814 (63.84%) | loss: 3.061099 | lrm: 0.58 | dt: 660.13ms | tok/sec: 99,278 | bf16_mfu: 0.00 | epoch: 1 pq: 2 rg: 62 | total time: 27.16m | eta: 15.4m
step 02436/03814 (63.87%) | loss: 3.040511 | lrm: 0.58 | dt: 654.15ms | tok/sec: 100,185 | bf16_mfu: 0.00 | epoch: 1 pq: 2 rg: 62 | total time: 27.17m | eta: 15.4m
step 02437/03814 (63.90%) | loss: 3.057655 | lrm: 0.58 | dt: 652.99ms | tok/sec: 100,363 | bf16_mfu: 0.00 | epoch: 1 pq: 2 rg: 62 | total time: 27.18m | eta: 15.4m
step 02438/03814 (63.92%) | loss: 3.061696 | lrm: 0.58 | dt: 651.16ms | tok/sec: 100,645 | bf16_mfu: 0.00 | epoch: 1 pq: 2 rg: 62 | total time: 27.19m | eta: 15.4m
step 02439/03814 (63.95%) | loss: 3.059589 | lrm: 0.58 | dt: 654.35ms | tok/sec: 100,153 | bf16_mfu: 0.00 | epoch: 1 pq: 2 rg: 63 | total time: 27.20m | eta: 15.4m
step 02440/03814 (63.97%) | loss: 3.048886 | lrm: 0.58 | dt: 652.02ms | tok/sec: 100,511 | bf16_mfu: 0.00 | epoch: 1 pq: 2 rg: 63 | total time: 27.21m | eta: 15.4m
step 02441/03814 (64.00%) | loss: 3.036994 | lrm: 0.58 | dt: 705.99ms | tok/sec: 92,828 | bf16_mfu: 0.00 | epoch: 1 pq: 2 rg: 63 | total time: 27.22m | eta: 15.4m
step 02442/03814 (64.03%) | loss: 3.064245 | lrm: 0.58 | dt: 651.52ms | tok/sec: 100,589 | bf16_mfu: 0.00 | epoch: 1 pq: 2 rg: 63 | total time: 27.23m | eta: 15.4m
step 02443/03814 (64.05%) | loss: 3.049653 | lrm: 0.58 | dt: 654.00ms | tok/sec: 100,207 | bf16_mfu: 0.00 | epoch: 1 pq: 2 rg: 63 | total time: 27.24m | eta: 15.4m
step 02444/03814 (64.08%) | loss: 3.042146 | lrm: 0.58 | dt: 684.16ms | tok/sec: 95,790 | bf16_mfu: 0.00 | epoch: 1 pq: 2 rg: 63 | total time: 27.26m | eta: 15.3m
step 02445/03814 (64.11%) | loss: 3.040041 | lrm: 0.57 | dt: 650.52ms | tok/sec: 100,744 | bf16_mfu: 0.00 | epoch: 1 pq: 2 rg: 63 | total time: 27.27m | eta: 15.3m
step 02446/03814 (64.13%) | loss: 3.041333 | lrm: 0.57 | dt: 651.68ms | tok/sec: 100,564 | bf16_mfu: 0.00 | epoch: 1 pq: 2 rg: 63 | total time: 27.28m | eta: 15.3m
step 02447/03814 (64.16%) | loss: 3.053140 | lrm: 0.57 | dt: 673.02ms | tok/sec: 97,375 | bf16_mfu: 0.00 | epoch: 1 pq: 2 rg: 63 | total time: 27.29m | eta: 15.3m
step 02448/03814 (64.18%) | loss: 3.056136 | lrm: 0.57 | dt: 651.09ms | tok/sec: 100,655 | bf16_mfu: 0.00 | epoch: 1 pq: 2 rg: 63 | total time: 27.30m | eta: 15.3m
step 02449/03814 (64.21%) | loss: 3.049503 | lrm: 0.57 | dt: 728.57ms | tok/sec: 89,951 | bf16_mfu: 0.00 | epoch: 1 pq: 2 rg: 64 | total time: 27.31m | eta: 15.3m
step 02450/03814 (64.24%) | loss: 3.040998 | lrm: 0.57 | dt: 651.12ms | tok/sec: 100,651 | bf16_mfu: 0.00 | epoch: 1 pq: 2 rg: 64 | total time: 27.32m | eta: 15.3m
step 02451/03814 (64.26%) | loss: 3.042008 | lrm: 0.57 | dt: 648.92ms | tok/sec: 100,993 | bf16_mfu: 0.00 | epoch: 1 pq: 2 rg: 64 | total time: 27.33m | eta: 15.3m
step 02452/03814 (64.29%) | loss: 3.056494 | lrm: 0.57 | dt: 654.51ms | tok/sec: 100,129 | bf16_mfu: 0.00 | epoch: 1 pq: 2 rg: 64 | total time: 27.34m | eta: 15.3m
step 02453/03814 (64.32%) | loss: 3.040675 | lrm: 0.57 | dt: 652.16ms | tok/sec: 100,491 | bf16_mfu: 0.00 | epoch: 1 pq: 2 rg: 64 | total time: 27.35m | eta: 15.2m
step 02454/03814 (64.34%) | loss: 3.032809 | lrm: 0.57 | dt: 650.74ms | tok/sec: 100,709 | bf16_mfu: 0.00 | epoch: 1 pq: 2 rg: 64 | total time: 27.37m | eta: 15.2m
step 02455/03814 (64.37%) | loss: 3.039683 | lrm: 0.57 | dt: 655.79ms | tok/sec: 99,934 | bf16_mfu: 0.00 | epoch: 1 pq: 2 rg: 64 | total time: 27.38m | eta: 15.2m
step 02456/03814 (64.39%) | loss: 3.064710 | lrm: 0.57 | dt: 649.33ms | tok/sec: 100,929 | bf16_mfu: 0.00 | epoch: 1 pq: 2 rg: 64 | total time: 27.39m | eta: 15.2m
step 02457/03814 (64.42%) | loss: 3.070559 | lrm: 0.57 | dt: 653.23ms | tok/sec: 100,325 | bf16_mfu: 0.00 | epoch: 1 pq: 2 rg: 64 | total time: 27.40m | eta: 15.2m
step 02458/03814 (64.45%) | loss: 3.065431 | lrm: 0.57 | dt: 650.70ms | tok/sec: 100,716 | bf16_mfu: 0.00 | epoch: 1 pq: 2 rg: 64 | total time: 27.41m | eta: 15.2m
step 02459/03814 (64.47%) | loss: 3.060036 | lrm: 0.57 | dt: 650.96ms | tok/sec: 100,676 | bf16_mfu: 0.00 | epoch: 1 pq: 2 rg: 64 | total time: 27.42m | eta: 15.2m
step 02460/03814 (64.50%) | loss: 3.072756 | lrm: 0.57 | dt: 825.20ms | tok/sec: 79,418 | bf16_mfu: 0.00 | epoch: 1 pq: 2 rg: 65 | total time: 27.43m | eta: 15.2m
step 02461/03814 (64.53%) | loss: 3.084015 | lrm: 0.57 | dt: 648.75ms | tok/sec: 101,018 | bf16_mfu: 0.00 | epoch: 1 pq: 2 rg: 65 | total time: 27.44m | eta: 15.1m
step 02462/03814 (64.55%) | loss: 3.064493 | lrm: 0.57 | dt: 650.73ms | tok/sec: 100,711 | bf16_mfu: 0.00 | epoch: 1 pq: 2 rg: 65 | total time: 27.46m | eta: 15.1m
step 02463/03814 (64.58%) | loss: 3.054547 | lrm: 0.57 | dt: 654.92ms | tok/sec: 100,067 | bf16_mfu: 0.00 | epoch: 1 pq: 2 rg: 65 | total time: 27.47m | eta: 15.1m
step 02464/03814 (64.60%) | loss: 3.043089 | lrm: 0.57 | dt: 651.33ms | tok/sec: 100,619 | bf16_mfu: 0.00 | epoch: 1 pq: 2 rg: 65 | total time: 27.48m | eta: 15.1m
step 02465/03814 (64.63%) | loss: 3.078305 | lrm: 0.57 | dt: 651.53ms | tok/sec: 100,587 | bf16_mfu: 0.00 | epoch: 1 pq: 2 rg: 65 | total time: 27.49m | eta: 15.1m
step 02466/03814 (64.66%) | loss: 3.068819 | lrm: 0.57 | dt: 647.89ms | tok/sec: 101,153 | bf16_mfu: 0.00 | epoch: 1 pq: 2 rg: 65 | total time: 27.50m | eta: 15.1m
step 02467/03814 (64.68%) | loss: 3.075938 | lrm: 0.57 | dt: 649.23ms | tok/sec: 100,944 | bf16_mfu: 0.00 | epoch: 1 pq: 2 rg: 65 | total time: 27.51m | eta: 15.1m
step 02468/03814 (64.71%) | loss: 3.059823 | lrm: 0.57 | dt: 650.73ms | tok/sec: 100,711 | bf16_mfu: 0.00 | epoch: 1 pq: 2 rg: 65 | total time: 27.52m | eta: 15.1m
step 02469/03814 (64.74%) | loss: 3.052110 | lrm: 0.57 | dt: 650.81ms | tok/sec: 100,699 | bf16_mfu: 0.00 | epoch: 1 pq: 2 rg: 65 | total time: 27.53m | eta: 15.1m
step 02470/03814 (64.76%) | loss: 3.050862 | lrm: 0.57 | dt: 649.39ms | tok/sec: 100,918 | bf16_mfu: 0.00 | epoch: 1 pq: 2 rg: 66 | total time: 27.54m | eta: 15.0m
step 02471/03814 (64.79%) | loss: 3.044850 | lrm: 0.56 | dt: 664.74ms | tok/sec: 98,588 | bf16_mfu: 0.00 | epoch: 1 pq: 2 rg: 66 | total time: 27.55m | eta: 15.0m
step 02472/03814 (64.81%) | loss: 3.028209 | lrm: 0.56 | dt: 651.13ms | tok/sec: 100,649 | bf16_mfu: 0.00 | epoch: 1 pq: 2 rg: 66 | total time: 27.56m | eta: 15.0m
step 02473/03814 (64.84%) | loss: 3.028029 | lrm: 0.56 | dt: 649.29ms | tok/sec: 100,934 | bf16_mfu: 0.00 | epoch: 1 pq: 2 rg: 66 | total time: 27.57m | eta: 15.0m
step 02474/03814 (64.87%) | loss: 3.037013 | lrm: 0.56 | dt: 650.45ms | tok/sec: 100,754 | bf16_mfu: 0.00 | epoch: 1 pq: 2 rg: 66 | total time: 27.59m | eta: 15.0m
step 02475/03814 (64.89%) | loss: 3.033540 | lrm: 0.56 | dt: 655.31ms | tok/sec: 100,007 | bf16_mfu: 0.00 | epoch: 1 pq: 2 rg: 66 | total time: 27.60m | eta: 15.0m
step 02476/03814 (64.92%) | loss: 3.018011 | lrm: 0.56 | dt: 647.59ms | tok/sec: 101,199 | bf16_mfu: 0.00 | epoch: 1 pq: 2 rg: 66 | total time: 27.61m | eta: 15.0m
step 02477/03814 (64.94%) | loss: 3.011373 | lrm: 0.56 | dt: 652.09ms | tok/sec: 100,501 | bf16_mfu: 0.00 | epoch: 1 pq: 2 rg: 66 | total time: 27.62m | eta: 15.0m
step 02478/03814 (64.97%) | loss: 3.015804 | lrm: 0.56 | dt: 653.41ms | tok/sec: 100,298 | bf16_mfu: 0.00 | epoch: 1 pq: 2 rg: 66 | total time: 27.63m | eta: 15.0m
step 02479/03814 (65.00%) | loss: 3.029029 | lrm: 0.56 | dt: 648.41ms | tok/sec: 101,071 | bf16_mfu: 0.00 | epoch: 1 pq: 2 rg: 66 | total time: 27.64m | eta: 14.9m
step 02480/03814 (65.02%) | loss: 3.024547 | lrm: 0.56 | dt: 696.63ms | tok/sec: 94,076 | bf16_mfu: 0.00 | epoch: 1 pq: 2 rg: 67 | total time: 27.65m | eta: 14.9m
step 02481/03814 (65.05%) | loss: 3.013522 | lrm: 0.56 | dt: 655.37ms | tok/sec: 99,998 | bf16_mfu: 0.00 | epoch: 1 pq: 2 rg: 67 | total time: 27.66m | eta: 14.9m
step 02482/03814 (65.08%) | loss: 3.009377 | lrm: 0.56 | dt: 651.38ms | tok/sec: 100,610 | bf16_mfu: 0.00 | epoch: 1 pq: 2 rg: 67 | total time: 27.67m | eta: 14.9m
step 02483/03814 (65.10%) | loss: 3.000046 | lrm: 0.56 | dt: 704.79ms | tok/sec: 92,986 | bf16_mfu: 0.00 | epoch: 1 pq: 2 rg: 67 | total time: 27.68m | eta: 14.9m
step 02484/03814 (65.13%) | loss: 3.012456 | lrm: 0.56 | dt: 649.43ms | tok/sec: 100,912 | bf16_mfu: 0.00 | epoch: 1 pq: 2 rg: 67 | total time: 27.70m | eta: 14.9m
step 02485/03814 (65.15%) | loss: 3.007753 | lrm: 0.56 | dt: 647.85ms | tok/sec: 101,158 | bf16_mfu: 0.00 | epoch: 1 pq: 2 rg: 67 | total time: 27.71m | eta: 14.9m
step 02486/03814 (65.18%) | loss: 2.996245 | lrm: 0.56 | dt: 654.20ms | tok/sec: 100,177 | bf16_mfu: 0.00 | epoch: 1 pq: 2 rg: 67 | total time: 27.72m | eta: 14.9m
step 02487/03814 (65.21%) | loss: 2.994923 | lrm: 0.56 | dt: 646.88ms | tok/sec: 101,310 | bf16_mfu: 0.00 | epoch: 1 pq: 2 rg: 67 | total time: 27.73m | eta: 14.9m
step 02488/03814 (65.23%) | loss: 3.007240 | lrm: 0.56 | dt: 731.89ms | tok/sec: 89,543 | bf16_mfu: 0.00 | epoch: 1 pq: 2 rg: 67 | total time: 27.74m | eta: 14.8m
step 02489/03814 (65.26%) | loss: 3.015712 | lrm: 0.56 | dt: 651.71ms | tok/sec: 100,560 | bf16_mfu: 0.00 | epoch: 1 pq: 2 rg: 67 | total time: 27.75m | eta: 14.8m
step 02490/03814 (65.29%) | loss: 3.014723 | lrm: 0.56 | dt: 655.48ms | tok/sec: 99,981 | bf16_mfu: 0.00 | epoch: 1 pq: 2 rg: 68 | total time: 27.76m | eta: 14.8m
step 02491/03814 (65.31%) | loss: 3.014587 | lrm: 0.56 | dt: 652.30ms | tok/sec: 100,468 | bf16_mfu: 0.00 | epoch: 1 pq: 2 rg: 68 | total time: 27.77m | eta: 14.8m
step 02492/03814 (65.34%) | loss: 3.020926 | lrm: 0.56 | dt: 648.85ms | tok/sec: 101,003 | bf16_mfu: 0.00 | epoch: 1 pq: 2 rg: 68 | total time: 27.78m | eta: 14.8m
step 02493/03814 (65.36%) | loss: 3.015510 | lrm: 0.56 | dt: 647.62ms | tok/sec: 101,195 | bf16_mfu: 0.00 | epoch: 1 pq: 2 rg: 68 | total time: 27.79m | eta: 14.8m
step 02494/03814 (65.39%) | loss: 3.004503 | lrm: 0.56 | dt: 649.93ms | tok/sec: 100,835 | bf16_mfu: 0.00 | epoch: 1 pq: 2 rg: 68 | total time: 27.81m | eta: 14.8m
step 02495/03814 (65.42%) | loss: 2.998336 | lrm: 0.56 | dt: 647.02ms | tok/sec: 101,289 | bf16_mfu: 0.00 | epoch: 1 pq: 2 rg: 68 | total time: 27.82m | eta: 14.8m
step 02496/03814 (65.44%) | loss: 2.990288 | lrm: 0.56 | dt: 647.93ms | tok/sec: 101,146 | bf16_mfu: 0.00 | epoch: 1 pq: 2 rg: 68 | total time: 27.83m | eta: 14.8m
step 02497/03814 (65.47%) | loss: 3.002728 | lrm: 0.55 | dt: 778.26ms | tok/sec: 84,208 | bf16_mfu: 0.00 | epoch: 1 pq: 2 rg: 68 | total time: 27.84m | eta: 14.7m
step 02498/03814 (65.50%) | loss: 3.010686 | lrm: 0.55 | dt: 951.36ms | tok/sec: 68,886 | bf16_mfu: 0.00 | epoch: 1 pq: 2 rg: 68 | total time: 27.86m | eta: 14.7m
step 02499/03814 (65.52%) | loss: 2.994181 | lrm: 0.55 | dt: 647.22ms | tok/sec: 101,257 | bf16_mfu: 0.00 | epoch: 1 pq: 2 rg: 68 | total time: 27.87m | eta: 14.7m
Step 02500 | Validation bpb: 0.826428
step 02500/03814 (65.55%) | loss: 2.982651 | lrm: 0.55 | dt: 649.50ms | tok/sec: 100,902 | bf16_mfu: 0.00 | epoch: 1 pq: 2 rg: 69 | total time: 27.88m | eta: 14.7m
step 02501/03814 (65.57%) | loss: 2.978362 | lrm: 0.55 | dt: 641.52ms | tok/sec: 102,157 | bf16_mfu: 0.00 | epoch: 1 pq: 2 rg: 69 | total time: 27.89m | eta: 14.7m
step 02502/03814 (65.60%) | loss: 3.000399 | lrm: 0.55 | dt: 636.52ms | tok/sec: 102,959 | bf16_mfu: 0.00 | epoch: 1 pq: 2 rg: 69 | total time: 27.90m | eta: 14.7m
step 02503/03814 (65.63%) | loss: 3.006930 | lrm: 0.55 | dt: 644.70ms | tok/sec: 101,653 | bf16_mfu: 0.00 | epoch: 1 pq: 2 rg: 69 | total time: 27.91m | eta: 14.7m
step 02504/03814 (65.65%) | loss: 2.997003 | lrm: 0.55 | dt: 640.27ms | tok/sec: 102,357 | bf16_mfu: 0.00 | epoch: 1 pq: 2 rg: 69 | total time: 27.92m | eta: 14.7m
step 02505/03814 (65.68%) | loss: 2.992473 | lrm: 0.55 | dt: 639.58ms | tok/sec: 102,466 | bf16_mfu: 0.00 | epoch: 1 pq: 2 rg: 69 | total time: 27.93m | eta: 14.7m
step 02506/03814 (65.71%) | loss: 3.007510 | lrm: 0.55 | dt: 649.45ms | tok/sec: 100,909 | bf16_mfu: 0.00 | epoch: 1 pq: 2 rg: 69 | total time: 27.94m | eta: 14.6m
step 02507/03814 (65.73%) | loss: 3.002067 | lrm: 0.55 | dt: 642.19ms | tok/sec: 102,050 | bf16_mfu: 0.00 | epoch: 1 pq: 2 rg: 69 | total time: 27.95m | eta: 14.6m
step 02508/03814 (65.76%) | loss: 2.984781 | lrm: 0.55 | dt: 647.83ms | tok/sec: 101,162 | bf16_mfu: 0.00 | epoch: 1 pq: 2 rg: 69 | total time: 27.96m | eta: 14.6m
step 02509/03814 (65.78%) | loss: 2.982882 | lrm: 0.55 | dt: 638.22ms | tok/sec: 102,685 | bf16_mfu: 0.00 | epoch: 1 pq: 2 rg: 69 | total time: 27.97m | eta: 14.6m
step 02510/03814 (65.81%) | loss: 3.009324 | lrm: 0.55 | dt: 640.64ms | tok/sec: 102,298 | bf16_mfu: 0.00 | epoch: 1 pq: 2 rg: 69 | total time: 27.98m | eta: 14.6m
step 02511/03814 (65.84%) | loss: 3.021515 | lrm: 0.55 | dt: 641.97ms | tok/sec: 102,086 | bf16_mfu: 0.00 | epoch: 1 pq: 2 rg: 70 | total time: 28.00m | eta: 14.6m
step 02512/03814 (65.86%) | loss: 3.015815 | lrm: 0.55 | dt: 637.59ms | tok/sec: 102,786 | bf16_mfu: 0.00 | epoch: 1 pq: 2 rg: 70 | total time: 28.01m | eta: 14.6m
step 02513/03814 (65.89%) | loss: 3.006526 | lrm: 0.55 | dt: 640.59ms | tok/sec: 102,304 | bf16_mfu: 0.00 | epoch: 1 pq: 2 rg: 70 | total time: 28.02m | eta: 14.6m
step 02514/03814 (65.92%) | loss: 3.004771 | lrm: 0.55 | dt: 642.67ms | tok/sec: 101,974 | bf16_mfu: 0.00 | epoch: 1 pq: 2 rg: 70 | total time: 28.03m | eta: 14.6m
step 02515/03814 (65.94%) | loss: 3.025185 | lrm: 0.55 | dt: 677.38ms | tok/sec: 96,749 | bf16_mfu: 0.00 | epoch: 1 pq: 2 rg: 70 | total time: 28.04m | eta: 14.5m
step 02516/03814 (65.97%) | loss: 3.037689 | lrm: 0.55 | dt: 644.79ms | tok/sec: 101,638 | bf16_mfu: 0.00 | epoch: 1 pq: 2 rg: 70 | total time: 28.05m | eta: 14.5m
step 02517/03814 (65.99%) | loss: 3.024037 | lrm: 0.55 | dt: 641.85ms | tok/sec: 102,104 | bf16_mfu: 0.00 | epoch: 1 pq: 2 rg: 70 | total time: 28.06m | eta: 14.5m
step 02518/03814 (66.02%) | loss: 3.011479 | lrm: 0.55 | dt: 639.07ms | tok/sec: 102,549 | bf16_mfu: 0.00 | epoch: 1 pq: 2 rg: 70 | total time: 28.07m | eta: 14.5m
step 02519/03814 (66.05%) | loss: 3.001459 | lrm: 0.55 | dt: 644.41ms | tok/sec: 101,699 | bf16_mfu: 0.00 | epoch: 1 pq: 2 rg: 70 | total time: 28.08m | eta: 14.5m
step 02520/03814 (66.07%) | loss: 3.015437 | lrm: 0.55 | dt: 638.29ms | tok/sec: 102,674 | bf16_mfu: 0.00 | epoch: 1 pq: 2 rg: 70 | total time: 28.09m | eta: 14.5m
step 02521/03814 (66.10%) | loss: 3.008645 | lrm: 0.55 | dt: 639.00ms | tok/sec: 102,559 | bf16_mfu: 0.00 | epoch: 1 pq: 2 rg: 71 | total time: 28.10m | eta: 14.5m
step 02522/03814 (66.12%) | loss: 2.993556 | lrm: 0.55 | dt: 643.14ms | tok/sec: 101,899 | bf16_mfu: 0.00 | epoch: 1 pq: 2 rg: 71 | total time: 28.11m | eta: 14.5m
step 02523/03814 (66.15%) | loss: 2.984876 | lrm: 0.54 | dt: 675.86ms | tok/sec: 96,967 | bf16_mfu: 0.00 | epoch: 1 pq: 2 rg: 71 | total time: 28.12m | eta: 14.4m
step 02524/03814 (66.18%) | loss: 3.002424 | lrm: 0.54 | dt: 644.70ms | tok/sec: 101,654 | bf16_mfu: 0.00 | epoch: 1 pq: 2 rg: 71 | total time: 28.14m | eta: 14.4m
step 02525/03814 (66.20%) | loss: 3.016917 | lrm: 0.54 | dt: 637.02ms | tok/sec: 102,878 | bf16_mfu: 0.00 | epoch: 1 pq: 2 rg: 71 | total time: 28.15m | eta: 14.4m
step 02526/03814 (66.23%) | loss: 3.024446 | lrm: 0.54 | dt: 641.54ms | tok/sec: 102,153 | bf16_mfu: 0.00 | epoch: 1 pq: 2 rg: 71 | total time: 28.16m | eta: 14.4m
step 02527/03814 (66.26%) | loss: 3.015753 | lrm: 0.54 | dt: 642.60ms | tok/sec: 101,985 | bf16_mfu: 0.00 | epoch: 1 pq: 2 rg: 71 | total time: 28.17m | eta: 14.4m
step 02528/03814 (66.28%) | loss: 2.996848 | lrm: 0.54 | dt: 640.03ms | tok/sec: 102,395 | bf16_mfu: 0.00 | epoch: 1 pq: 2 rg: 71 | total time: 28.18m | eta: 14.4m
step 02529/03814 (66.31%) | loss: 2.983049 | lrm: 0.54 | dt: 647.77ms | tok/sec: 101,171 | bf16_mfu: 0.00 | epoch: 1 pq: 2 rg: 71 | total time: 28.19m | eta: 14.4m
step 02530/03814 (66.33%) | loss: 2.987750 | lrm: 0.54 | dt: 647.36ms | tok/sec: 101,235 | bf16_mfu: 0.00 | epoch: 1 pq: 2 rg: 71 | total time: 28.20m | eta: 14.4m
step 02531/03814 (66.36%) | loss: 2.991137 | lrm: 0.54 | dt: 706.83ms | tok/sec: 92,717 | bf16_mfu: 0.00 | epoch: 1 pq: 2 rg: 72 | total time: 28.21m | eta: 14.4m
step 02532/03814 (66.39%) | loss: 2.985140 | lrm: 0.54 | dt: 644.01ms | tok/sec: 101,762 | bf16_mfu: 0.00 | epoch: 1 pq: 2 rg: 72 | total time: 28.22m | eta: 14.3m
step 02533/03814 (66.41%) | loss: 2.997667 | lrm: 0.54 | dt: 639.22ms | tok/sec: 102,524 | bf16_mfu: 0.00 | epoch: 1 pq: 2 rg: 72 | total time: 28.23m | eta: 14.3m
step 02534/03814 (66.44%) | loss: 2.990767 | lrm: 0.54 | dt: 653.04ms | tok/sec: 100,355 | bf16_mfu: 0.00 | epoch: 1 pq: 2 rg: 72 | total time: 28.24m | eta: 14.3m
step 02535/03814 (66.47%) | loss: 2.989620 | lrm: 0.54 | dt: 640.27ms | tok/sec: 102,356 | bf16_mfu: 0.00 | epoch: 1 pq: 2 rg: 72 | total time: 28.25m | eta: 14.3m
step 02536/03814 (66.49%) | loss: 2.972691 | lrm: 0.54 | dt: 644.31ms | tok/sec: 101,714 | bf16_mfu: 0.00 | epoch: 1 pq: 2 rg: 72 | total time: 28.27m | eta: 14.3m
step 02537/03814 (66.52%) | loss: 2.967323 | lrm: 0.54 | dt: 777.65ms | tok/sec: 84,274 | bf16_mfu: 0.00 | epoch: 1 pq: 2 rg: 72 | total time: 28.28m | eta: 14.3m
step 02538/03814 (66.54%) | loss: 2.991814 | lrm: 0.54 | dt: 650.57ms | tok/sec: 100,736 | bf16_mfu: 0.00 | epoch: 1 pq: 2 rg: 72 | total time: 28.29m | eta: 14.3m
step 02539/03814 (66.57%) | loss: 2.984479 | lrm: 0.54 | dt: 642.16ms | tok/sec: 102,055 | bf16_mfu: 0.00 | epoch: 1 pq: 2 rg: 72 | total time: 28.30m | eta: 14.3m
step 02540/03814 (66.60%) | loss: 2.977465 | lrm: 0.54 | dt: 642.30ms | tok/sec: 102,034 | bf16_mfu: 0.00 | epoch: 1 pq: 2 rg: 72 | total time: 28.31m | eta: 14.3m
step 02541/03814 (66.62%) | loss: 2.976558 | lrm: 0.54 | dt: 642.19ms | tok/sec: 102,050 | bf16_mfu: 0.00 | epoch: 1 pq: 2 rg: 72 | total time: 28.32m | eta: 14.2m
step 02542/03814 (66.65%) | loss: 2.981840 | lrm: 0.54 | dt: 643.38ms | tok/sec: 101,861 | bf16_mfu: 0.00 | epoch: 1 pq: 2 rg: 73 | total time: 28.33m | eta: 14.2m
step 02543/03814 (66.68%) | loss: 2.992060 | lrm: 0.54 | dt: 645.71ms | tok/sec: 101,494 | bf16_mfu: 0.00 | epoch: 1 pq: 2 rg: 73 | total time: 28.34m | eta: 14.2m
step 02544/03814 (66.70%) | loss: 3.004326 | lrm: 0.54 | dt: 648.02ms | tok/sec: 101,133 | bf16_mfu: 0.00 | epoch: 1 pq: 2 rg: 73 | total time: 28.35m | eta: 14.2m
step 02545/03814 (66.73%) | loss: 2.991711 | lrm: 0.54 | dt: 647.72ms | tok/sec: 101,179 | bf16_mfu: 0.00 | epoch: 1 pq: 2 rg: 73 | total time: 28.36m | eta: 14.2m
step 02546/03814 (66.75%) | loss: 2.993834 | lrm: 0.54 | dt: 644.62ms | tok/sec: 101,666 | bf16_mfu: 0.00 | epoch: 1 pq: 2 rg: 73 | total time: 28.37m | eta: 14.2m
step 02547/03814 (66.78%) | loss: 3.014487 | lrm: 0.54 | dt: 642.37ms | tok/sec: 102,021 | bf16_mfu: 0.00 | epoch: 1 pq: 2 rg: 73 | total time: 28.39m | eta: 14.2m
step 02548/03814 (66.81%) | loss: 3.025260 | lrm: 0.54 | dt: 645.22ms | tok/sec: 101,571 | bf16_mfu: 0.00 | epoch: 1 pq: 2 rg: 73 | total time: 28.40m | eta: 14.2m
step 02549/03814 (66.83%) | loss: 3.011988 | lrm: 0.53 | dt: 647.49ms | tok/sec: 101,215 | bf16_mfu: 0.00 | epoch: 1 pq: 2 rg: 73 | total time: 28.41m | eta: 14.2m
step 02550/03814 (66.86%) | loss: 3.000007 | lrm: 0.53 | dt: 642.58ms | tok/sec: 101,988 | bf16_mfu: 0.00 | epoch: 1 pq: 2 rg: 73 | total time: 28.42m | eta: 14.1m
step 02551/03814 (66.89%) | loss: 2.985320 | lrm: 0.53 | dt: 652.08ms | tok/sec: 100,502 | bf16_mfu: 0.00 | epoch: 1 pq: 2 rg: 73 | total time: 28.43m | eta: 14.1m
step 02552/03814 (66.91%) | loss: 3.005466 | lrm: 0.53 | dt: 645.36ms | tok/sec: 101,549 | bf16_mfu: 0.00 | epoch: 1 pq: 2 rg: 74 | total time: 28.44m | eta: 14.1m
step 02553/03814 (66.94%) | loss: 2.998069 | lrm: 0.53 | dt: 645.42ms | tok/sec: 101,540 | bf16_mfu: 0.00 | epoch: 1 pq: 2 rg: 74 | total time: 28.45m | eta: 14.1m
step 02554/03814 (66.96%) | loss: 2.986938 | lrm: 0.53 | dt: 648.18ms | tok/sec: 101,107 | bf16_mfu: 0.00 | epoch: 1 pq: 2 rg: 74 | total time: 28.46m | eta: 14.1m
step 02555/03814 (66.99%) | loss: 2.987733 | lrm: 0.53 | dt: 647.28ms | tok/sec: 101,248 | bf16_mfu: 0.00 | epoch: 1 pq: 2 rg: 74 | total time: 28.47m | eta: 14.1m
step 02556/03814 (67.02%) | loss: 2.984181 | lrm: 0.53 | dt: 704.71ms | tok/sec: 92,996 | bf16_mfu: 0.00 | epoch: 1 pq: 2 rg: 74 | total time: 28.48m | eta: 14.1m
step 02557/03814 (67.04%) | loss: 2.976706 | lrm: 0.53 | dt: 642.46ms | tok/sec: 102,008 | bf16_mfu: 0.00 | epoch: 1 pq: 2 rg: 74 | total time: 28.49m | eta: 14.1m
step 02558/03814 (67.07%) | loss: 3.008448 | lrm: 0.53 | dt: 650.12ms | tok/sec: 100,806 | bf16_mfu: 0.00 | epoch: 1 pq: 2 rg: 74 | total time: 28.51m | eta: 14.1m
step 02559/03814 (67.09%) | loss: 3.017316 | lrm: 0.53 | dt: 647.88ms | tok/sec: 101,154 | bf16_mfu: 0.00 | epoch: 1 pq: 2 rg: 74 | total time: 28.52m | eta: 14.0m
step 02560/03814 (67.12%) | loss: 3.007370 | lrm: 0.53 | dt: 643.27ms | tok/sec: 101,879 | bf16_mfu: 0.00 | epoch: 1 pq: 2 rg: 74 | total time: 28.53m | eta: 14.0m
step 02561/03814 (67.15%) | loss: 3.035115 | lrm: 0.53 | dt: 715.59ms | tok/sec: 91,583 | bf16_mfu: 0.00 | epoch: 1 pq: 2 rg: 74 | total time: 28.54m | eta: 14.0m
step 02562/03814 (67.17%) | loss: 3.046566 | lrm: 0.53 | dt: 656.78ms | tok/sec: 99,784 | bf16_mfu: 0.00 | epoch: 1 pq: 2 rg: 75 | total time: 28.55m | eta: 14.0m
step 02563/03814 (67.20%) | loss: 3.031047 | lrm: 0.53 | dt: 647.56ms | tok/sec: 101,204 | bf16_mfu: 0.00 | epoch: 1 pq: 2 rg: 75 | total time: 28.56m | eta: 14.0m
step 02564/03814 (67.23%) | loss: 3.012664 | lrm: 0.53 | dt: 643.59ms | tok/sec: 101,828 | bf16_mfu: 0.00 | epoch: 1 pq: 2 rg: 75 | total time: 28.57m | eta: 14.0m
step 02565/03814 (67.25%) | loss: 3.029564 | lrm: 0.53 | dt: 648.15ms | tok/sec: 101,111 | bf16_mfu: 0.00 | epoch: 1 pq: 2 rg: 75 | total time: 28.58m | eta: 14.0m
step 02566/03814 (67.28%) | loss: 3.042402 | lrm: 0.53 | dt: 661.27ms | tok/sec: 99,106 | bf16_mfu: 0.00 | epoch: 1 pq: 2 rg: 75 | total time: 28.59m | eta: 14.0m
step 02567/03814 (67.30%) | loss: 3.020900 | lrm: 0.53 | dt: 643.70ms | tok/sec: 101,810 | bf16_mfu: 0.00 | epoch: 1 pq: 2 rg: 75 | total time: 28.60m | eta: 13.9m
step 02568/03814 (67.33%) | loss: 3.012308 | lrm: 0.53 | dt: 644.26ms | tok/sec: 101,722 | bf16_mfu: 0.00 | epoch: 1 pq: 2 rg: 75 | total time: 28.61m | eta: 13.9m
step 02569/03814 (67.36%) | loss: 3.013710 | lrm: 0.53 | dt: 646.51ms | tok/sec: 101,369 | bf16_mfu: 0.00 | epoch: 1 pq: 2 rg: 75 | total time: 28.63m | eta: 13.9m
step 02570/03814 (67.38%) | loss: 3.026014 | lrm: 0.53 | dt: 646.05ms | tok/sec: 101,440 | bf16_mfu: 0.00 | epoch: 1 pq: 2 rg: 75 | total time: 28.64m | eta: 13.9m
step 02571/03814 (67.41%) | loss: 3.026310 | lrm: 0.53 | dt: 645.86ms | tok/sec: 101,470 | bf16_mfu: 0.00 | epoch: 1 pq: 2 rg: 75 | total time: 28.65m | eta: 13.9m
step 02572/03814 (67.44%) | loss: 3.022862 | lrm: 0.53 | dt: 668.39ms | tok/sec: 98,050 | bf16_mfu: 0.00 | epoch: 1 pq: 2 rg: 76 | total time: 28.66m | eta: 13.9m
step 02573/03814 (67.46%) | loss: 3.007241 | lrm: 0.53 | dt: 648.79ms | tok/sec: 101,012 | bf16_mfu: 0.00 | epoch: 1 pq: 2 rg: 76 | total time: 28.67m | eta: 13.9m
step 02574/03814 (67.49%) | loss: 3.022007 | lrm: 0.53 | dt: 763.53ms | tok/sec: 85,833 | bf16_mfu: 0.00 | epoch: 1 pq: 2 rg: 76 | total time: 28.68m | eta: 13.9m
step 02575/03814 (67.51%) | loss: 3.046509 | lrm: 0.52 | dt: 645.83ms | tok/sec: 101,476 | bf16_mfu: 0.00 | epoch: 1 pq: 2 rg: 76 | total time: 28.69m | eta: 13.9m
step 02576/03814 (67.54%) | loss: 3.035158 | lrm: 0.52 | dt: 644.28ms | tok/sec: 101,719 | bf16_mfu: 0.00 | epoch: 1 pq: 2 rg: 76 | total time: 28.70m | eta: 13.8m
step 02577/03814 (67.57%) | loss: 3.026112 | lrm: 0.52 | dt: 647.35ms | tok/sec: 101,237 | bf16_mfu: 0.00 | epoch: 1 pq: 2 rg: 76 | total time: 28.71m | eta: 13.8m
step 02578/03814 (67.59%) | loss: 3.037519 | lrm: 0.52 | dt: 651.35ms | tok/sec: 100,615 | bf16_mfu: 0.00 | epoch: 1 pq: 2 rg: 76 | total time: 28.72m | eta: 13.8m
step 02579/03814 (67.62%) | loss: 3.044568 | lrm: 0.52 | dt: 647.05ms | tok/sec: 101,285 | bf16_mfu: 0.00 | epoch: 1 pq: 2 rg: 76 | total time: 28.74m | eta: 13.8m
step 02580/03814 (67.65%) | loss: 3.023048 | lrm: 0.52 | dt: 645.52ms | tok/sec: 101,524 | bf16_mfu: 0.00 | epoch: 1 pq: 2 rg: 76 | total time: 28.75m | eta: 13.8m
step 02581/03814 (67.67%) | loss: 3.025523 | lrm: 0.52 | dt: 649.49ms | tok/sec: 100,903 | bf16_mfu: 0.00 | epoch: 1 pq: 2 rg: 76 | total time: 28.76m | eta: 13.8m
step 02582/03814 (67.70%) | loss: 3.023019 | lrm: 0.52 | dt: 647.22ms | tok/sec: 101,257 | bf16_mfu: 0.00 | epoch: 1 pq: 2 rg: 76 | total time: 28.77m | eta: 13.8m
step 02583/03814 (67.72%) | loss: 3.027529 | lrm: 0.52 | dt: 646.56ms | tok/sec: 101,361 | bf16_mfu: 0.00 | epoch: 1 pq: 2 rg: 77 | total time: 28.78m | eta: 13.8m
step 02584/03814 (67.75%) | loss: 3.022037 | lrm: 0.52 | dt: 653.03ms | tok/sec: 100,357 | bf16_mfu: 0.00 | epoch: 1 pq: 2 rg: 77 | total time: 28.79m | eta: 13.8m
step 02585/03814 (67.78%) | loss: 3.011375 | lrm: 0.52 | dt: 648.93ms | tok/sec: 100,990 | bf16_mfu: 0.00 | epoch: 1 pq: 2 rg: 77 | total time: 28.80m | eta: 13.7m
step 02586/03814 (67.80%) | loss: 3.009547 | lrm: 0.52 | dt: 648.44ms | tok/sec: 101,066 | bf16_mfu: 0.00 | epoch: 1 pq: 2 rg: 77 | total time: 28.81m | eta: 13.7m
step 02587/03814 (67.83%) | loss: 2.998283 | lrm: 0.52 | dt: 774.30ms | tok/sec: 84,638 | bf16_mfu: 0.00 | epoch: 1 pq: 2 rg: 77 | total time: 28.82m | eta: 13.7m
step 02588/03814 (67.86%) | loss: 2.995712 | lrm: 0.52 | dt: 646.43ms | tok/sec: 101,380 | bf16_mfu: 0.00 | epoch: 1 pq: 2 rg: 77 | total time: 28.83m | eta: 13.7m
step 02589/03814 (67.88%) | loss: 2.974462 | lrm: 0.52 | dt: 647.08ms | tok/sec: 101,279 | bf16_mfu: 0.00 | epoch: 1 pq: 2 rg: 77 | total time: 28.85m | eta: 13.7m
step 02590/03814 (67.91%) | loss: 2.960724 | lrm: 0.52 | dt: 648.10ms | tok/sec: 101,120 | bf16_mfu: 0.00 | epoch: 1 pq: 2 rg: 77 | total time: 28.86m | eta: 13.7m
step 02591/03814 (67.93%) | loss: 2.961083 | lrm: 0.52 | dt: 677.02ms | tok/sec: 96,801 | bf16_mfu: 0.00 | epoch: 1 pq: 2 rg: 77 | total time: 28.87m | eta: 13.7m
step 02592/03814 (67.96%) | loss: 2.984404 | lrm: 0.52 | dt: 648.53ms | tok/sec: 101,053 | bf16_mfu: 0.00 | epoch: 1 pq: 2 rg: 77 | total time: 28.88m | eta: 13.7m
step 02593/03814 (67.99%) | loss: 2.963155 | lrm: 0.52 | dt: 818.50ms | tok/sec: 80,068 | bf16_mfu: 0.00 | epoch: 1 pq: 2 rg: 78 | total time: 28.89m | eta: 13.7m
step 02594/03814 (68.01%) | loss: 2.966493 | lrm: 0.52 | dt: 646.82ms | tok/sec: 101,321 | bf16_mfu: 0.00 | epoch: 1 pq: 2 rg: 78 | total time: 28.90m | eta: 13.6m
step 02595/03814 (68.04%) | loss: 2.973003 | lrm: 0.52 | dt: 665.12ms | tok/sec: 98,532 | bf16_mfu: 0.00 | epoch: 1 pq: 2 rg: 78 | total time: 28.91m | eta: 13.6m
step 02596/03814 (68.07%) | loss: 2.972619 | lrm: 0.52 | dt: 657.04ms | tok/sec: 99,743 | bf16_mfu: 0.00 | epoch: 1 pq: 2 rg: 78 | total time: 28.92m | eta: 13.6m
step 02597/03814 (68.09%) | loss: 2.976586 | lrm: 0.52 | dt: 649.04ms | tok/sec: 100,973 | bf16_mfu: 0.00 | epoch: 1 pq: 2 rg: 78 | total time: 28.94m | eta: 13.6m
step 02598/03814 (68.12%) | loss: 2.966764 | lrm: 0.52 | dt: 670.55ms | tok/sec: 97,734 | bf16_mfu: 0.00 | epoch: 1 pq: 2 rg: 78 | total time: 28.95m | eta: 13.6m
step 02599/03814 (68.14%) | loss: 2.965315 | lrm: 0.52 | dt: 650.50ms | tok/sec: 100,747 | bf16_mfu: 0.00 | epoch: 1 pq: 2 rg: 78 | total time: 28.96m | eta: 13.6m
step 02600/03814 (68.17%) | loss: 2.977211 | lrm: 0.52 | dt: 646.32ms | tok/sec: 101,398 | bf16_mfu: 0.00 | epoch: 1 pq: 2 rg: 78 | total time: 28.97m | eta: 13.6m
step 02601/03814 (68.20%) | loss: 2.991810 | lrm: 0.51 | dt: 665.68ms | tok/sec: 98,449 | bf16_mfu: 0.00 | epoch: 1 pq: 2 rg: 78 | total time: 28.98m | eta: 13.6m
step 02602/03814 (68.22%) | loss: 2.988831 | lrm: 0.51 | dt: 658.62ms | tok/sec: 99,505 | bf16_mfu: 0.00 | epoch: 1 pq: 2 rg: 78 | total time: 28.99m | eta: 13.6m
step 02603/03814 (68.25%) | loss: 2.972331 | lrm: 0.51 | dt: 647.66ms | tok/sec: 101,188 | bf16_mfu: 0.00 | epoch: 1 pq: 2 rg: 78 | total time: 29.00m | eta: 13.5m
step 02604/03814 (68.27%) | loss: 2.992909 | lrm: 0.51 | dt: 697.58ms | tok/sec: 93,947 | bf16_mfu: 0.00 | epoch: 1 pq: 2 rg: 79 | total time: 29.01m | eta: 13.5m
step 02605/03814 (68.30%) | loss: 3.019331 | lrm: 0.51 | dt: 647.64ms | tok/sec: 101,192 | bf16_mfu: 0.00 | epoch: 1 pq: 2 rg: 79 | total time: 29.02m | eta: 13.5m
step 02606/03814 (68.33%) | loss: 3.010889 | lrm: 0.51 | dt: 644.36ms | tok/sec: 101,706 | bf16_mfu: 0.00 | epoch: 1 pq: 2 rg: 79 | total time: 29.03m | eta: 13.5m
step 02607/03814 (68.35%) | loss: 3.004351 | lrm: 0.51 | dt: 647.30ms | tok/sec: 101,245 | bf16_mfu: 0.00 | epoch: 1 pq: 2 rg: 79 | total time: 29.05m | eta: 13.5m
step 02608/03814 (68.38%) | loss: 3.009725 | lrm: 0.51 | dt: 665.49ms | tok/sec: 98,477 | bf16_mfu: 0.00 | epoch: 1 pq: 2 rg: 79 | total time: 29.06m | eta: 13.5m
step 02609/03814 (68.41%) | loss: 3.010411 | lrm: 0.51 | dt: 649.59ms | tok/sec: 100,887 | bf16_mfu: 0.00 | epoch: 1 pq: 2 rg: 79 | total time: 29.07m | eta: 13.5m
step 02610/03814 (68.43%) | loss: 3.014030 | lrm: 0.51 | dt: 649.07ms | tok/sec: 100,968 | bf16_mfu: 0.00 | epoch: 1 pq: 2 rg: 79 | total time: 29.08m | eta: 13.5m
step 02611/03814 (68.46%) | loss: 2.996917 | lrm: 0.51 | dt: 692.10ms | tok/sec: 94,691 | bf16_mfu: 0.00 | epoch: 1 pq: 2 rg: 79 | total time: 29.09m | eta: 13.5m
step 02612/03814 (68.48%) | loss: 2.984084 | lrm: 0.51 | dt: 652.61ms | tok/sec: 100,420 | bf16_mfu: 0.00 | epoch: 1 pq: 2 rg: 79 | total time: 29.10m | eta: 13.4m
step 02613/03814 (68.51%) | loss: 3.008230 | lrm: 0.51 | dt: 651.97ms | tok/sec: 100,519 | bf16_mfu: 0.00 | epoch: 1 pq: 2 rg: 79 | total time: 29.11m | eta: 13.4m
step 02614/03814 (68.54%) | loss: 3.013157 | lrm: 0.51 | dt: 651.53ms | tok/sec: 100,587 | bf16_mfu: 0.00 | epoch: 1 pq: 2 rg: 80 | total time: 29.12m | eta: 13.4m
step 02615/03814 (68.56%) | loss: 3.007583 | lrm: 0.51 | dt: 649.27ms | tok/sec: 100,937 | bf16_mfu: 0.00 | epoch: 1 pq: 2 rg: 80 | total time: 29.13m | eta: 13.4m
step 02616/03814 (68.59%) | loss: 3.004541 | lrm: 0.51 | dt: 654.02ms | tok/sec: 100,204 | bf16_mfu: 0.00 | epoch: 1 pq: 2 rg: 80 | total time: 29.14m | eta: 13.4m
step 02617/03814 (68.62%) | loss: 3.001937 | lrm: 0.51 | dt: 650.12ms | tok/sec: 100,805 | bf16_mfu: 0.00 | epoch: 1 pq: 2 rg: 80 | total time: 29.15m | eta: 13.4m
step 02618/03814 (68.64%) | loss: 3.018097 | lrm: 0.51 | dt: 677.55ms | tok/sec: 96,724 | bf16_mfu: 0.00 | epoch: 1 pq: 2 rg: 80 | total time: 29.17m | eta: 13.4m
step 02619/03814 (68.67%) | loss: 3.010072 | lrm: 0.51 | dt: 647.81ms | tok/sec: 101,165 | bf16_mfu: 0.00 | epoch: 1 pq: 2 rg: 80 | total time: 29.18m | eta: 13.4m
step 02620/03814 (68.69%) | loss: 2.993617 | lrm: 0.51 | dt: 648.88ms | tok/sec: 100,999 | bf16_mfu: 0.00 | epoch: 1 pq: 2 rg: 80 | total time: 29.19m | eta: 13.4m
step 02621/03814 (68.72%) | loss: 2.986552 | lrm: 0.51 | dt: 654.61ms | tok/sec: 100,113 | bf16_mfu: 0.00 | epoch: 1 pq: 2 rg: 80 | total time: 29.20m | eta: 13.3m
step 02622/03814 (68.75%) | loss: 2.991408 | lrm: 0.51 | dt: 657.13ms | tok/sec: 99,731 | bf16_mfu: 0.00 | epoch: 1 pq: 2 rg: 80 | total time: 29.21m | eta: 13.3m
step 02623/03814 (68.77%) | loss: 2.982815 | lrm: 0.51 | dt: 656.11ms | tok/sec: 99,885 | bf16_mfu: 0.00 | epoch: 1 pq: 2 rg: 80 | total time: 29.22m | eta: 13.3m
step 02624/03814 (68.80%) | loss: 2.976529 | lrm: 0.51 | dt: 655.91ms | tok/sec: 99,916 | bf16_mfu: 0.00 | epoch: 1 pq: 2 rg: 80 | total time: 29.23m | eta: 13.3m
step 02625/03814 (68.83%) | loss: 2.975963 | lrm: 0.51 | dt: 720.37ms | tok/sec: 90,974 | bf16_mfu: 0.00 | epoch: 1 pq: 2 rg: 81 | total time: 29.24m | eta: 13.3m
step 02626/03814 (68.85%) | loss: 2.973429 | lrm: 0.51 | dt: 656.27ms | tok/sec: 99,861 | bf16_mfu: 0.00 | epoch: 1 pq: 2 rg: 81 | total time: 29.25m | eta: 13.3m
step 02627/03814 (68.88%) | loss: 2.980151 | lrm: 0.50 | dt: 662.25ms | tok/sec: 98,959 | bf16_mfu: 0.00 | epoch: 1 pq: 2 rg: 81 | total time: 29.27m | eta: 13.3m
step 02628/03814 (68.90%) | loss: 2.977325 | lrm: 0.50 | dt: 666.05ms | tok/sec: 98,395 | bf16_mfu: 0.00 | epoch: 1 pq: 2 rg: 81 | total time: 29.28m | eta: 13.3m
step 02629/03814 (68.93%) | loss: 2.998583 | lrm: 0.50 | dt: 658.84ms | tok/sec: 99,472 | bf16_mfu: 0.00 | epoch: 1 pq: 2 rg: 81 | total time: 29.29m | eta: 13.3m
step 02630/03814 (68.96%) | loss: 3.015147 | lrm: 0.50 | dt: 652.30ms | tok/sec: 100,469 | bf16_mfu: 0.00 | epoch: 1 pq: 2 rg: 81 | total time: 29.30m | eta: 13.2m
step 02631/03814 (68.98%) | loss: 3.018199 | lrm: 0.50 | dt: 664.40ms | tok/sec: 98,639 | bf16_mfu: 0.00 | epoch: 1 pq: 2 rg: 81 | total time: 29.31m | eta: 13.2m
step 02632/03814 (69.01%) | loss: 3.013209 | lrm: 0.50 | dt: 659.58ms | tok/sec: 99,360 | bf16_mfu: 0.00 | epoch: 1 pq: 2 rg: 81 | total time: 29.32m | eta: 13.2m
step 02633/03814 (69.04%) | loss: 3.021597 | lrm: 0.50 | dt: 665.03ms | tok/sec: 98,545 | bf16_mfu: 0.00 | epoch: 1 pq: 2 rg: 81 | total time: 29.33m | eta: 13.2m
step 02634/03814 (69.06%) | loss: 3.027038 | lrm: 0.50 | dt: 664.85ms | tok/sec: 98,572 | bf16_mfu: 0.00 | epoch: 1 pq: 2 rg: 81 | total time: 29.34m | eta: 13.2m
step 02635/03814 (69.09%) | loss: 3.021994 | lrm: 0.50 | dt: 719.41ms | tok/sec: 91,096 | bf16_mfu: 0.00 | epoch: 1 pq: 2 rg: 82 | total time: 29.35m | eta: 13.2m
step 02636/03814 (69.11%) | loss: 3.009387 | lrm: 0.50 | dt: 667.99ms | tok/sec: 98,108 | bf16_mfu: 0.00 | epoch: 1 pq: 2 rg: 82 | total time: 29.37m | eta: 13.2m
step 02637/03814 (69.14%) | loss: 3.020758 | lrm: 0.50 | dt: 698.15ms | tok/sec: 93,870 | bf16_mfu: 0.00 | epoch: 1 pq: 2 rg: 82 | total time: 29.38m | eta: 13.2m
step 02638/03814 (69.17%) | loss: 3.027352 | lrm: 0.50 | dt: 712.41ms | tok/sec: 91,991 | bf16_mfu: 0.00 | epoch: 1 pq: 2 rg: 82 | total time: 29.39m | eta: 13.2m
step 02639/03814 (69.19%) | loss: 3.024538 | lrm: 0.50 | dt: 672.81ms | tok/sec: 97,406 | bf16_mfu: 0.00 | epoch: 1 pq: 2 rg: 82 | total time: 29.40m | eta: 13.1m
step 02640/03814 (69.22%) | loss: 3.022760 | lrm: 0.50 | dt: 672.90ms | tok/sec: 97,392 | bf16_mfu: 0.00 | epoch: 1 pq: 2 rg: 82 | total time: 29.41m | eta: 13.1m
step 02641/03814 (69.24%) | loss: 3.005944 | lrm: 0.50 | dt: 680.31ms | tok/sec: 96,332 | bf16_mfu: 0.00 | epoch: 1 pq: 2 rg: 82 | total time: 29.42m | eta: 13.1m
step 02642/03814 (69.27%) | loss: 3.024808 | lrm: 0.50 | dt: 697.33ms | tok/sec: 93,980 | bf16_mfu: 0.00 | epoch: 1 pq: 2 rg: 82 | total time: 29.43m | eta: 13.1m
step 02643/03814 (69.30%) | loss: 3.023330 | lrm: 0.50 | dt: 674.35ms | tok/sec: 97,184 | bf16_mfu: 0.00 | epoch: 1 pq: 2 rg: 82 | total time: 29.45m | eta: 13.1m
step 02644/03814 (69.32%) | loss: 3.002217 | lrm: 0.50 | dt: 675.29ms | tok/sec: 97,048 | bf16_mfu: 0.00 | epoch: 1 pq: 2 rg: 82 | total time: 29.46m | eta: 13.1m
step 02645/03814 (69.35%) | loss: 2.988187 | lrm: 0.50 | dt: 680.21ms | tok/sec: 96,346 | bf16_mfu: 0.00 | epoch: 1 pq: 2 rg: 82 | total time: 29.47m | eta: 13.1m
step 02646/03814 (69.38%) | loss: 3.010361 | lrm: 0.50 | dt: 677.30ms | tok/sec: 96,761 | bf16_mfu: 0.00 | epoch: 1 pq: 2 rg: 83 | total time: 29.48m | eta: 13.1m
step 02647/03814 (69.40%) | loss: 3.032634 | lrm: 0.50 | dt: 687.11ms | tok/sec: 95,379 | bf16_mfu: 0.00 | epoch: 1 pq: 2 rg: 83 | total time: 29.49m | eta: 13.1m
step 02648/03814 (69.43%) | loss: 3.029566 | lrm: 0.50 | dt: 679.62ms | tok/sec: 96,429 | bf16_mfu: 0.00 | epoch: 1 pq: 2 rg: 83 | total time: 29.50m | eta: 13.0m
step 02649/03814 (69.45%) | loss: 3.009764 | lrm: 0.50 | dt: 679.93ms | tok/sec: 96,386 | bf16_mfu: 0.00 | epoch: 1 pq: 2 rg: 83 | total time: 29.51m | eta: 13.0m
step 02650/03814 (69.48%) | loss: 3.010153 | lrm: 0.50 | dt: 679.73ms | tok/sec: 96,414 | bf16_mfu: 0.00 | epoch: 1 pq: 2 rg: 83 | total time: 29.52m | eta: 13.0m
step 02651/03814 (69.51%) | loss: 3.016380 | lrm: 0.50 | dt: 674.57ms | tok/sec: 97,152 | bf16_mfu: 0.00 | epoch: 1 pq: 2 rg: 83 | total time: 29.54m | eta: 13.0m
step 02652/03814 (69.53%) | loss: 3.009812 | lrm: 0.50 | dt: 675.45ms | tok/sec: 97,025 | bf16_mfu: 0.00 | epoch: 1 pq: 2 rg: 83 | total time: 29.55m | eta: 13.0m
step 02653/03814 (69.56%) | loss: 3.007132 | lrm: 0.49 | dt: 675.72ms | tok/sec: 96,986 | bf16_mfu: 0.00 | epoch: 1 pq: 2 rg: 83 | total time: 29.56m | eta: 13.0m
step 02654/03814 (69.59%) | loss: 3.011714 | lrm: 0.49 | dt: 673.17ms | tok/sec: 97,354 | bf16_mfu: 0.00 | epoch: 1 pq: 2 rg: 83 | total time: 29.57m | eta: 13.0m
step 02655/03814 (69.61%) | loss: 3.040969 | lrm: 0.49 | dt: 751.90ms | tok/sec: 87,160 | bf16_mfu: 0.00 | epoch: 1 pq: 2 rg: 83 | total time: 29.58m | eta: 13.0m
step 02656/03814 (69.64%) | loss: 3.049840 | lrm: 0.49 | dt: 730.40ms | tok/sec: 89,726 | bf16_mfu: 0.00 | epoch: 1 pq: 2 rg: 84 | total time: 29.59m | eta: 13.0m
step 02657/03814 (69.66%) | loss: 3.031945 | lrm: 0.49 | dt: 680.01ms | tok/sec: 96,375 | bf16_mfu: 0.00 | epoch: 1 pq: 2 rg: 84 | total time: 29.61m | eta: 12.9m
step 02658/03814 (69.69%) | loss: 3.017372 | lrm: 0.49 | dt: 663.73ms | tok/sec: 98,738 | bf16_mfu: 0.00 | epoch: 1 pq: 2 rg: 84 | total time: 29.62m | eta: 12.9m
step 02659/03814 (69.72%) | loss: 3.030401 | lrm: 0.49 | dt: 668.14ms | tok/sec: 98,087 | bf16_mfu: 0.00 | epoch: 1 pq: 2 rg: 84 | total time: 29.63m | eta: 12.9m
step 02660/03814 (69.74%) | loss: 3.023723 | lrm: 0.49 | dt: 665.85ms | tok/sec: 98,425 | bf16_mfu: 0.00 | epoch: 1 pq: 2 rg: 84 | total time: 29.64m | eta: 12.9m
step 02661/03814 (69.77%) | loss: 3.008500 | lrm: 0.49 | dt: 659.41ms | tok/sec: 99,385 | bf16_mfu: 0.00 | epoch: 1 pq: 2 rg: 84 | total time: 29.65m | eta: 12.9m
step 02662/03814 (69.80%) | loss: 2.983828 | lrm: 0.49 | dt: 668.14ms | tok/sec: 98,087 | bf16_mfu: 0.00 | epoch: 1 pq: 2 rg: 84 | total time: 29.66m | eta: 12.9m
step 02663/03814 (69.82%) | loss: 2.994547 | lrm: 0.49 | dt: 675.73ms | tok/sec: 96,986 | bf16_mfu: 0.00 | epoch: 1 pq: 2 rg: 84 | total time: 29.67m | eta: 12.9m
step 02664/03814 (69.85%) | loss: 3.004852 | lrm: 0.49 | dt: 693.19ms | tok/sec: 94,542 | bf16_mfu: 0.00 | epoch: 1 pq: 2 rg: 84 | total time: 29.68m | eta: 12.9m
step 02665/03814 (69.87%) | loss: 2.991653 | lrm: 0.49 | dt: 662.78ms | tok/sec: 98,879 | bf16_mfu: 0.00 | epoch: 1 pq: 2 rg: 84 | total time: 29.70m | eta: 12.9m
step 02666/03814 (69.90%) | loss: 2.994318 | lrm: 0.49 | dt: 657.67ms | tok/sec: 99,649 | bf16_mfu: 0.00 | epoch: 1 pq: 2 rg: 84 | total time: 29.71m | eta: 12.8m
step 02667/03814 (69.93%) | loss: 3.002961 | lrm: 0.49 | dt: 656.29ms | tok/sec: 99,858 | bf16_mfu: 0.00 | epoch: 1 pq: 2 rg: 85 | total time: 29.72m | eta: 12.8m
step 02668/03814 (69.95%) | loss: 3.019833 | lrm: 0.49 | dt: 652.79ms | tok/sec: 100,393 | bf16_mfu: 0.00 | epoch: 1 pq: 2 rg: 85 | total time: 29.73m | eta: 12.8m
step 02669/03814 (69.98%) | loss: 2.997105 | lrm: 0.49 | dt: 658.16ms | tok/sec: 99,574 | bf16_mfu: 0.00 | epoch: 1 pq: 2 rg: 85 | total time: 29.74m | eta: 12.8m
step 02670/03814 (70.01%) | loss: 2.991795 | lrm: 0.49 | dt: 654.88ms | tok/sec: 100,073 | bf16_mfu: 0.00 | epoch: 1 pq: 2 rg: 85 | total time: 29.75m | eta: 12.8m
step 02671/03814 (70.03%) | loss: 2.971573 | lrm: 0.49 | dt: 655.11ms | tok/sec: 100,038 | bf16_mfu: 0.00 | epoch: 1 pq: 2 rg: 85 | total time: 29.76m | eta: 12.8m
step 02672/03814 (70.06%) | loss: 3.008219 | lrm: 0.49 | dt: 657.69ms | tok/sec: 99,645 | bf16_mfu: 0.00 | epoch: 1 pq: 2 rg: 85 | total time: 29.77m | eta: 12.8m
step 02673/03814 (70.08%) | loss: 3.003783 | lrm: 0.49 | dt: 734.93ms | tok/sec: 89,173 | bf16_mfu: 0.00 | epoch: 1 pq: 2 rg: 85 | total time: 29.78m | eta: 12.8m
step 02674/03814 (70.11%) | loss: 2.997395 | lrm: 0.49 | dt: 652.40ms | tok/sec: 100,454 | bf16_mfu: 0.00 | epoch: 1 pq: 2 rg: 85 | total time: 29.79m | eta: 12.8m
step 02675/03814 (70.14%) | loss: 2.979950 | lrm: 0.49 | dt: 655.14ms | tok/sec: 100,033 | bf16_mfu: 0.00 | epoch: 1 pq: 2 rg: 85 | total time: 29.81m | eta: 12.7m
step 02676/03814 (70.16%) | loss: 2.997714 | lrm: 0.49 | dt: 651.83ms | tok/sec: 100,541 | bf16_mfu: 0.00 | epoch: 1 pq: 2 rg: 85 | total time: 29.82m | eta: 12.7m
step 02677/03814 (70.19%) | loss: 2.986273 | lrm: 0.49 | dt: 649.96ms | tok/sec: 100,830 | bf16_mfu: 0.00 | epoch: 1 pq: 2 rg: 86 | total time: 29.83m | eta: 12.7m
step 02678/03814 (70.21%) | loss: 2.971351 | lrm: 0.49 | dt: 655.14ms | tok/sec: 100,033 | bf16_mfu: 0.00 | epoch: 1 pq: 2 rg: 86 | total time: 29.84m | eta: 12.7m
step 02679/03814 (70.24%) | loss: 2.967719 | lrm: 0.48 | dt: 688.35ms | tok/sec: 95,206 | bf16_mfu: 0.00 | epoch: 1 pq: 2 rg: 86 | total time: 29.85m | eta: 12.7m
step 02680/03814 (70.27%) | loss: 2.978977 | lrm: 0.48 | dt: 649.56ms | tok/sec: 100,892 | bf16_mfu: 0.00 | epoch: 1 pq: 2 rg: 86 | total time: 29.86m | eta: 12.7m
step 02681/03814 (70.29%) | loss: 2.985848 | lrm: 0.48 | dt: 653.29ms | tok/sec: 100,317 | bf16_mfu: 0.00 | epoch: 1 pq: 2 rg: 86 | total time: 29.87m | eta: 12.7m
step 02682/03814 (70.32%) | loss: 2.986396 | lrm: 0.48 | dt: 649.80ms | tok/sec: 100,855 | bf16_mfu: 0.00 | epoch: 1 pq: 2 rg: 86 | total time: 29.88m | eta: 12.7m
step 02683/03814 (70.35%) | loss: 2.979826 | lrm: 0.48 | dt: 693.04ms | tok/sec: 94,562 | bf16_mfu: 0.00 | epoch: 1 pq: 2 rg: 86 | total time: 29.89m | eta: 12.6m
step 02684/03814 (70.37%) | loss: 2.992569 | lrm: 0.48 | dt: 644.00ms | tok/sec: 101,763 | bf16_mfu: 0.00 | epoch: 1 pq: 2 rg: 86 | total time: 29.90m | eta: 12.6m
step 02685/03814 (70.40%) | loss: 2.999485 | lrm: 0.48 | dt: 646.55ms | tok/sec: 101,363 | bf16_mfu: 0.00 | epoch: 1 pq: 2 rg: 86 | total time: 29.92m | eta: 12.6m
step 02686/03814 (70.42%) | loss: 2.983772 | lrm: 0.48 | dt: 666.47ms | tok/sec: 98,332 | bf16_mfu: 0.00 | epoch: 1 pq: 2 rg: 86 | total time: 29.93m | eta: 12.6m
step 02687/03814 (70.45%) | loss: 2.983952 | lrm: 0.48 | dt: 650.94ms | tok/sec: 100,678 | bf16_mfu: 0.00 | epoch: 1 pq: 2 rg: 86 | total time: 29.94m | eta: 12.6m
step 02688/03814 (70.48%) | loss: 3.011163 | lrm: 0.48 | dt: 650.94ms | tok/sec: 100,679 | bf16_mfu: 0.00 | epoch: 1 pq: 2 rg: 87 | total time: 29.95m | eta: 12.6m
step 02689/03814 (70.50%) | loss: 3.042882 | lrm: 0.48 | dt: 649.18ms | tok/sec: 100,952 | bf16_mfu: 0.00 | epoch: 1 pq: 2 rg: 87 | total time: 29.96m | eta: 12.6m
step 02690/03814 (70.53%) | loss: 3.024217 | lrm: 0.48 | dt: 645.95ms | tok/sec: 101,457 | bf16_mfu: 0.00 | epoch: 1 pq: 2 rg: 87 | total time: 29.97m | eta: 12.6m
step 02691/03814 (70.56%) | loss: 3.012848 | lrm: 0.48 | dt: 647.99ms | tok/sec: 101,137 | bf16_mfu: 0.00 | epoch: 1 pq: 2 rg: 87 | total time: 29.98m | eta: 12.6m
step 02692/03814 (70.58%) | loss: 3.026568 | lrm: 0.48 | dt: 647.19ms | tok/sec: 101,261 | bf16_mfu: 0.00 | epoch: 1 pq: 2 rg: 87 | total time: 29.99m | eta: 12.5m
step 02693/03814 (70.61%) | loss: 3.032437 | lrm: 0.48 | dt: 647.58ms | tok/sec: 101,202 | bf16_mfu: 0.00 | epoch: 1 pq: 2 rg: 87 | total time: 30.00m | eta: 12.5m
step 02694/03814 (70.63%) | loss: 3.027303 | lrm: 0.48 | dt: 647.83ms | tok/sec: 101,162 | bf16_mfu: 0.00 | epoch: 1 pq: 2 rg: 87 | total time: 30.01m | eta: 12.5m
step 02695/03814 (70.66%) | loss: 3.011930 | lrm: 0.48 | dt: 648.25ms | tok/sec: 101,096 | bf16_mfu: 0.00 | epoch: 1 pq: 2 rg: 87 | total time: 30.02m | eta: 12.5m
step 02696/03814 (70.69%) | loss: 3.016583 | lrm: 0.48 | dt: 645.92ms | tok/sec: 101,461 | bf16_mfu: 0.00 | epoch: 1 pq: 2 rg: 87 | total time: 30.03m | eta: 12.5m
step 02697/03814 (70.71%) | loss: 3.021406 | lrm: 0.48 | dt: 648.48ms | tok/sec: 101,061 | bf16_mfu: 0.00 | epoch: 1 pq: 2 rg: 87 | total time: 30.05m | eta: 12.5m
step 02698/03814 (70.74%) | loss: 3.018993 | lrm: 0.48 | dt: 719.47ms | tok/sec: 91,089 | bf16_mfu: 0.00 | epoch: 1 pq: 2 rg: 88 | total time: 30.06m | eta: 12.5m
step 02699/03814 (70.77%) | loss: 3.007898 | lrm: 0.48 | dt: 647.04ms | tok/sec: 101,285 | bf16_mfu: 0.00 | epoch: 1 pq: 2 rg: 88 | total time: 30.07m | eta: 12.5m
step 02700/03814 (70.79%) | loss: 3.018012 | lrm: 0.48 | dt: 646.44ms | tok/sec: 101,380 | bf16_mfu: 0.00 | epoch: 1 pq: 2 rg: 88 | total time: 30.08m | eta: 12.5m
step 02701/03814 (70.82%) | loss: 3.014068 | lrm: 0.48 | dt: 646.09ms | tok/sec: 101,434 | bf16_mfu: 0.00 | epoch: 1 pq: 2 rg: 88 | total time: 30.09m | eta: 12.4m
step 02702/03814 (70.84%) | loss: 3.001436 | lrm: 0.48 | dt: 646.92ms | tok/sec: 101,304 | bf16_mfu: 0.00 | epoch: 1 pq: 2 rg: 88 | total time: 30.10m | eta: 12.4m
step 02703/03814 (70.87%) | loss: 2.994514 | lrm: 0.48 | dt: 647.49ms | tok/sec: 101,214 | bf16_mfu: 0.00 | epoch: 1 pq: 2 rg: 88 | total time: 30.11m | eta: 12.4m
step 02704/03814 (70.90%) | loss: 3.003123 | lrm: 0.48 | dt: 648.50ms | tok/sec: 101,058 | bf16_mfu: 0.00 | epoch: 1 pq: 2 rg: 88 | total time: 30.12m | eta: 12.4m
step 02705/03814 (70.92%) | loss: 3.009342 | lrm: 0.47 | dt: 656.39ms | tok/sec: 99,842 | bf16_mfu: 0.00 | epoch: 1 pq: 2 rg: 88 | total time: 30.13m | eta: 12.4m
step 02706/03814 (70.95%) | loss: 3.009849 | lrm: 0.47 | dt: 646.31ms | tok/sec: 101,400 | bf16_mfu: 0.00 | epoch: 1 pq: 2 rg: 88 | total time: 30.14m | eta: 12.4m
step 02707/03814 (70.98%) | loss: 3.003699 | lrm: 0.47 | dt: 676.43ms | tok/sec: 96,884 | bf16_mfu: 0.00 | epoch: 1 pq: 2 rg: 88 | total time: 30.16m | eta: 12.4m
step 02708/03814 (71.00%) | loss: 2.994168 | lrm: 0.47 | dt: 646.89ms | tok/sec: 101,308 | bf16_mfu: 0.00 | epoch: 1 pq: 2 rg: 88 | total time: 30.17m | eta: 12.4m
step 02709/03814 (71.03%) | loss: 3.013272 | lrm: 0.47 | dt: 697.89ms | tok/sec: 93,906 | bf16_mfu: 0.00 | epoch: 1 pq: 2 rg: 89 | total time: 30.18m | eta: 12.4m
step 02710/03814 (71.05%) | loss: 3.028231 | lrm: 0.47 | dt: 645.65ms | tok/sec: 101,503 | bf16_mfu: 0.00 | epoch: 1 pq: 2 rg: 89 | total time: 30.19m | eta: 12.3m
step 02711/03814 (71.08%) | loss: 3.007956 | lrm: 0.47 | dt: 682.32ms | tok/sec: 96,049 | bf16_mfu: 0.00 | epoch: 1 pq: 2 rg: 89 | total time: 30.20m | eta: 12.3m
step 02712/03814 (71.11%) | loss: 2.999876 | lrm: 0.47 | dt: 646.50ms | tok/sec: 101,370 | bf16_mfu: 0.00 | epoch: 1 pq: 2 rg: 89 | total time: 30.21m | eta: 12.3m
step 02713/03814 (71.13%) | loss: 3.027920 | lrm: 0.47 | dt: 761.13ms | tok/sec: 86,103 | bf16_mfu: 0.00 | epoch: 1 pq: 2 rg: 89 | total time: 30.22m | eta: 12.3m
step 02714/03814 (71.16%) | loss: 3.031177 | lrm: 0.47 | dt: 654.68ms | tok/sec: 100,104 | bf16_mfu: 0.00 | epoch: 1 pq: 2 rg: 89 | total time: 30.23m | eta: 12.3m
step 02715/03814 (71.19%) | loss: 3.033076 | lrm: 0.47 | dt: 647.82ms | tok/sec: 101,163 | bf16_mfu: 0.00 | epoch: 1 pq: 2 rg: 89 | total time: 30.24m | eta: 12.3m
step 02716/03814 (71.21%) | loss: 3.017588 | lrm: 0.47 | dt: 649.33ms | tok/sec: 100,929 | bf16_mfu: 0.00 | epoch: 1 pq: 2 rg: 89 | total time: 30.26m | eta: 12.3m
step 02717/03814 (71.24%) | loss: 3.030005 | lrm: 0.47 | dt: 649.55ms | tok/sec: 100,894 | bf16_mfu: 0.00 | epoch: 1 pq: 2 rg: 89 | total time: 30.27m | eta: 12.3m
step 02718/03814 (71.26%) | loss: 3.044343 | lrm: 0.47 | dt: 648.25ms | tok/sec: 101,097 | bf16_mfu: 0.00 | epoch: 1 pq: 2 rg: 89 | total time: 30.28m | eta: 12.3m
step 02719/03814 (71.29%) | loss: 3.043902 | lrm: 0.47 | dt: 654.44ms | tok/sec: 100,140 | bf16_mfu: 0.00 | epoch: 1 pq: 2 rg: 90 | total time: 30.29m | eta: 12.2m
step 02720/03814 (71.32%) | loss: 3.023066 | lrm: 0.47 | dt: 647.20ms | tok/sec: 101,260 | bf16_mfu: 0.00 | epoch: 1 pq: 2 rg: 90 | total time: 30.30m | eta: 12.2m
step 02721/03814 (71.34%) | loss: 3.018565 | lrm: 0.47 | dt: 700.08ms | tok/sec: 93,612 | bf16_mfu: 0.00 | epoch: 1 pq: 2 rg: 90 | total time: 30.31m | eta: 12.2m
step 02722/03814 (71.37%) | loss: 3.011073 | lrm: 0.47 | dt: 648.94ms | tok/sec: 100,989 | bf16_mfu: 0.00 | epoch: 1 pq: 2 rg: 90 | total time: 30.32m | eta: 12.2m
step 02723/03814 (71.39%) | loss: 3.008698 | lrm: 0.47 | dt: 738.97ms | tok/sec: 88,685 | bf16_mfu: 0.00 | epoch: 1 pq: 2 rg: 90 | total time: 30.33m | eta: 12.2m
step 02724/03814 (71.42%) | loss: 2.998839 | lrm: 0.47 | dt: 653.53ms | tok/sec: 100,279 | bf16_mfu: 0.00 | epoch: 1 pq: 2 rg: 90 | total time: 30.34m | eta: 12.2m
step 02725/03814 (71.45%) | loss: 2.989316 | lrm: 0.47 | dt: 667.83ms | tok/sec: 98,132 | bf16_mfu: 0.00 | epoch: 1 pq: 2 rg: 90 | total time: 30.36m | eta: 12.2m
step 02726/03814 (71.47%) | loss: 3.002642 | lrm: 0.47 | dt: 650.42ms | tok/sec: 100,759 | bf16_mfu: 0.00 | epoch: 1 pq: 2 rg: 90 | total time: 30.37m | eta: 12.2m
step 02727/03814 (71.50%) | loss: 2.994043 | lrm: 0.47 | dt: 650.88ms | tok/sec: 100,688 | bf16_mfu: 0.00 | epoch: 1 pq: 2 rg: 90 | total time: 30.38m | eta: 12.2m
step 02728/03814 (71.53%) | loss: 2.979396 | lrm: 0.47 | dt: 650.82ms | tok/sec: 100,697 | bf16_mfu: 0.00 | epoch: 1 pq: 2 rg: 90 | total time: 30.39m | eta: 12.1m
step 02729/03814 (71.55%) | loss: 2.974055 | lrm: 0.47 | dt: 739.95ms | tok/sec: 88,568 | bf16_mfu: 0.00 | epoch: 1 pq: 2 rg: 90 | total time: 30.40m | eta: 12.1m
step 02730/03814 (71.58%) | loss: 3.002750 | lrm: 0.47 | dt: 744.49ms | tok/sec: 88,028 | bf16_mfu: 0.00 | epoch: 1 pq: 2 rg: 91 | total time: 30.41m | eta: 12.1m
step 02731/03814 (71.60%) | loss: 3.003410 | lrm: 0.47 | dt: 919.52ms | tok/sec: 71,271 | bf16_mfu: 0.00 | epoch: 1 pq: 2 rg: 91 | total time: 30.43m | eta: 12.1m
step 02732/03814 (71.63%) | loss: 2.990562 | lrm: 0.46 | dt: 652.94ms | tok/sec: 100,371 | bf16_mfu: 0.00 | epoch: 1 pq: 2 rg: 91 | total time: 30.44m | eta: 12.1m
step 02733/03814 (71.66%) | loss: 2.994157 | lrm: 0.46 | dt: 651.82ms | tok/sec: 100,542 | bf16_mfu: 0.00 | epoch: 1 pq: 2 rg: 91 | total time: 30.45m | eta: 12.1m
step 02734/03814 (71.68%) | loss: 2.992329 | lrm: 0.46 | dt: 650.41ms | tok/sec: 100,761 | bf16_mfu: 0.00 | epoch: 1 pq: 2 rg: 91 | total time: 30.46m | eta: 12.1m
step 02735/03814 (71.71%) | loss: 2.984524 | lrm: 0.46 | dt: 652.37ms | tok/sec: 100,457 | bf16_mfu: 0.00 | epoch: 1 pq: 2 rg: 91 | total time: 30.47m | eta: 12.1m
step 02736/03814 (71.74%) | loss: 2.971823 | lrm: 0.46 | dt: 842.12ms | tok/sec: 77,822 | bf16_mfu: 0.00 | epoch: 1 pq: 2 rg: 91 | total time: 30.49m | eta: 12.1m
step 02737/03814 (71.76%) | loss: 2.970894 | lrm: 0.46 | dt: 655.30ms | tok/sec: 100,009 | bf16_mfu: 0.00 | epoch: 1 pq: 2 rg: 91 | total time: 30.50m | eta: 12.0m
step 02738/03814 (71.79%) | loss: 2.977724 | lrm: 0.46 | dt: 657.08ms | tok/sec: 99,737 | bf16_mfu: 0.00 | epoch: 1 pq: 2 rg: 91 | total time: 30.51m | eta: 12.0m
step 02739/03814 (71.81%) | loss: 2.997049 | lrm: 0.46 | dt: 650.01ms | tok/sec: 100,823 | bf16_mfu: 0.00 | epoch: 1 pq: 2 rg: 91 | total time: 30.52m | eta: 12.0m
step 02740/03814 (71.84%) | loss: 2.986852 | lrm: 0.46 | dt: 696.36ms | tok/sec: 94,112 | bf16_mfu: 0.00 | epoch: 1 pq: 2 rg: 92 | total time: 30.53m | eta: 12.0m
step 02741/03814 (71.87%) | loss: 2.974362 | lrm: 0.46 | dt: 651.92ms | tok/sec: 100,527 | bf16_mfu: 0.00 | epoch: 1 pq: 2 rg: 92 | total time: 30.54m | eta: 12.0m
step 02742/03814 (71.89%) | loss: 2.972554 | lrm: 0.46 | dt: 654.74ms | tok/sec: 100,094 | bf16_mfu: 0.00 | epoch: 1 pq: 2 rg: 92 | total time: 30.55m | eta: 12.0m
step 02743/03814 (71.92%) | loss: 2.973110 | lrm: 0.46 | dt: 655.18ms | tok/sec: 100,026 | bf16_mfu: 0.00 | epoch: 1 pq: 2 rg: 92 | total time: 30.56m | eta: 12.0m
step 02744/03814 (71.95%) | loss: 2.964686 | lrm: 0.46 | dt: 652.64ms | tok/sec: 100,416 | bf16_mfu: 0.00 | epoch: 1 pq: 2 rg: 92 | total time: 30.57m | eta: 12.0m
step 02745/03814 (71.97%) | loss: 2.954526 | lrm: 0.46 | dt: 651.65ms | tok/sec: 100,569 | bf16_mfu: 0.00 | epoch: 1 pq: 2 rg: 92 | total time: 30.58m | eta: 12.0m
step 02746/03814 (72.00%) | loss: 2.946998 | lrm: 0.46 | dt: 654.25ms | tok/sec: 100,170 | bf16_mfu: 0.00 | epoch: 1 pq: 2 rg: 92 | total time: 30.60m | eta: 11.9m
step 02747/03814 (72.02%) | loss: 2.962349 | lrm: 0.46 | dt: 651.58ms | tok/sec: 100,579 | bf16_mfu: 0.00 | epoch: 1 pq: 2 rg: 92 | total time: 30.61m | eta: 11.9m
step 02748/03814 (72.05%) | loss: 2.967726 | lrm: 0.46 | dt: 657.32ms | tok/sec: 99,701 | bf16_mfu: 0.00 | epoch: 1 pq: 2 rg: 92 | total time: 30.62m | eta: 11.9m
step 02749/03814 (72.08%) | loss: 2.952443 | lrm: 0.46 | dt: 653.97ms | tok/sec: 100,212 | bf16_mfu: 0.00 | epoch: 1 pq: 2 rg: 92 | total time: 30.63m | eta: 11.9m
step 02750/03814 (72.10%) | loss: 2.944476 | lrm: 0.46 | dt: 656.96ms | tok/sec: 99,755 | bf16_mfu: 0.00 | epoch: 1 pq: 2 rg: 92 | total time: 30.64m | eta: 11.9m
step 02751/03814 (72.13%) | loss: 2.964226 | lrm: 0.46 | dt: 654.47ms | tok/sec: 100,136 | bf16_mfu: 0.00 | epoch: 1 pq: 2 rg: 93 | total time: 30.65m | eta: 11.9m
step 02752/03814 (72.16%) | loss: 2.978724 | lrm: 0.46 | dt: 656.96ms | tok/sec: 99,757 | bf16_mfu: 0.00 | epoch: 1 pq: 2 rg: 93 | total time: 30.66m | eta: 11.9m
step 02753/03814 (72.18%) | loss: 2.966099 | lrm: 0.46 | dt: 651.48ms | tok/sec: 100,595 | bf16_mfu: 0.00 | epoch: 1 pq: 2 rg: 93 | total time: 30.67m | eta: 11.9m
step 02754/03814 (72.21%) | loss: 2.952604 | lrm: 0.46 | dt: 655.34ms | tok/sec: 100,002 | bf16_mfu: 0.00 | epoch: 1 pq: 2 rg: 93 | total time: 30.68m | eta: 11.9m
step 02755/03814 (72.23%) | loss: 2.979656 | lrm: 0.46 | dt: 656.28ms | tok/sec: 99,859 | bf16_mfu: 0.00 | epoch: 1 pq: 2 rg: 93 | total time: 30.69m | eta: 11.8m
step 02756/03814 (72.26%) | loss: 3.011013 | lrm: 0.46 | dt: 659.50ms | tok/sec: 99,371 | bf16_mfu: 0.00 | epoch: 1 pq: 2 rg: 93 | total time: 30.70m | eta: 11.8m
step 02757/03814 (72.29%) | loss: 2.993026 | lrm: 0.46 | dt: 653.73ms | tok/sec: 100,249 | bf16_mfu: 0.00 | epoch: 1 pq: 2 rg: 93 | total time: 30.72m | eta: 11.8m
step 02758/03814 (72.31%) | loss: 2.992826 | lrm: 0.45 | dt: 655.71ms | tok/sec: 99,946 | bf16_mfu: 0.00 | epoch: 1 pq: 2 rg: 93 | total time: 30.73m | eta: 11.8m
step 02759/03814 (72.34%) | loss: 2.995146 | lrm: 0.45 | dt: 657.78ms | tok/sec: 99,632 | bf16_mfu: 0.00 | epoch: 1 pq: 2 rg: 93 | total time: 30.74m | eta: 11.8m
step 02760/03814 (72.36%) | loss: 2.989098 | lrm: 0.45 | dt: 673.96ms | tok/sec: 97,240 | bf16_mfu: 0.00 | epoch: 1 pq: 2 rg: 93 | total time: 30.75m | eta: 11.8m
step 02761/03814 (72.39%) | loss: 2.966912 | lrm: 0.45 | dt: 663.99ms | tok/sec: 98,700 | bf16_mfu: 0.00 | epoch: 1 pq: 2 rg: 94 | total time: 30.76m | eta: 11.8m
step 02762/03814 (72.42%) | loss: 2.962763 | lrm: 0.45 | dt: 656.69ms | tok/sec: 99,797 | bf16_mfu: 0.00 | epoch: 1 pq: 2 rg: 94 | total time: 30.77m | eta: 11.8m
step 02763/03814 (72.44%) | loss: 2.949809 | lrm: 0.45 | dt: 656.70ms | tok/sec: 99,795 | bf16_mfu: 0.00 | epoch: 1 pq: 2 rg: 94 | total time: 30.78m | eta: 11.8m
step 02764/03814 (72.47%) | loss: 2.972723 | lrm: 0.45 | dt: 653.56ms | tok/sec: 100,274 | bf16_mfu: 0.00 | epoch: 1 pq: 2 rg: 94 | total time: 30.79m | eta: 11.7m
step 02765/03814 (72.50%) | loss: 2.984883 | lrm: 0.45 | dt: 686.33ms | tok/sec: 95,487 | bf16_mfu: 0.00 | epoch: 1 pq: 2 rg: 94 | total time: 30.80m | eta: 11.7m
step 02766/03814 (72.52%) | loss: 2.974948 | lrm: 0.45 | dt: 666.78ms | tok/sec: 98,287 | bf16_mfu: 0.00 | epoch: 1 pq: 2 rg: 94 | total time: 30.82m | eta: 11.7m
step 02767/03814 (72.55%) | loss: 2.968645 | lrm: 0.45 | dt: 655.28ms | tok/sec: 100,011 | bf16_mfu: 0.00 | epoch: 1 pq: 2 rg: 94 | total time: 30.83m | eta: 11.7m
step 02768/03814 (72.57%) | loss: 2.971386 | lrm: 0.45 | dt: 656.97ms | tok/sec: 99,754 | bf16_mfu: 0.00 | epoch: 1 pq: 2 rg: 94 | total time: 30.84m | eta: 11.7m
step 02769/03814 (72.60%) | loss: 2.972867 | lrm: 0.45 | dt: 684.75ms | tok/sec: 95,707 | bf16_mfu: 0.00 | epoch: 1 pq: 2 rg: 94 | total time: 30.85m | eta: 11.7m
step 02770/03814 (72.63%) | loss: 2.973736 | lrm: 0.45 | dt: 652.14ms | tok/sec: 100,494 | bf16_mfu: 0.00 | epoch: 1 pq: 2 rg: 94 | total time: 30.86m | eta: 11.7m
step 02771/03814 (72.65%) | loss: 2.964627 | lrm: 0.45 | dt: 657.80ms | tok/sec: 99,628 | bf16_mfu: 0.00 | epoch: 1 pq: 2 rg: 94 | total time: 30.87m | eta: 11.7m
step 02772/03814 (72.68%) | loss: 2.963505 | lrm: 0.45 | dt: 656.95ms | tok/sec: 99,757 | bf16_mfu: 0.00 | epoch: 1 pq: 2 rg: 95 | total time: 30.88m | eta: 11.7m
step 02773/03814 (72.71%) | loss: 3.005329 | lrm: 0.45 | dt: 663.82ms | tok/sec: 98,725 | bf16_mfu: 0.00 | epoch: 1 pq: 2 rg: 95 | total time: 30.89m | eta: 11.6m
step 02774/03814 (72.73%) | loss: 3.015977 | lrm: 0.45 | dt: 654.80ms | tok/sec: 100,086 | bf16_mfu: 0.00 | epoch: 1 pq: 2 rg: 95 | total time: 30.90m | eta: 11.6m
step 02775/03814 (72.76%) | loss: 2.999989 | lrm: 0.45 | dt: 656.91ms | tok/sec: 99,764 | bf16_mfu: 0.00 | epoch: 1 pq: 2 rg: 95 | total time: 30.91m | eta: 11.6m
step 02776/03814 (72.78%) | loss: 2.992503 | lrm: 0.45 | dt: 662.81ms | tok/sec: 98,876 | bf16_mfu: 0.00 | epoch: 1 pq: 3 rg: 0 | total time: 30.93m | eta: 11.6m
step 02777/03814 (72.81%) | loss: 2.991765 | lrm: 0.45 | dt: 654.68ms | tok/sec: 100,103 | bf16_mfu: 0.00 | epoch: 1 pq: 3 rg: 0 | total time: 30.94m | eta: 11.6m
step 02778/03814 (72.84%) | loss: 2.973982 | lrm: 0.45 | dt: 653.12ms | tok/sec: 100,343 | bf16_mfu: 0.00 | epoch: 1 pq: 3 rg: 0 | total time: 30.95m | eta: 11.6m
step 02779/03814 (72.86%) | loss: 2.976298 | lrm: 0.45 | dt: 653.02ms | tok/sec: 100,358 | bf16_mfu: 0.00 | epoch: 1 pq: 3 rg: 0 | total time: 30.96m | eta: 11.6m
step 02780/03814 (72.89%) | loss: 2.991874 | lrm: 0.45 | dt: 795.30ms | tok/sec: 82,403 | bf16_mfu: 0.00 | epoch: 1 pq: 3 rg: 0 | total time: 30.97m | eta: 11.6m
step 02781/03814 (72.92%) | loss: 3.021306 | lrm: 0.45 | dt: 654.38ms | tok/sec: 100,149 | bf16_mfu: 0.00 | epoch: 1 pq: 3 rg: 0 | total time: 30.98m | eta: 11.5m
step 02782/03814 (72.94%) | loss: 3.012132 | lrm: 0.45 | dt: 654.51ms | tok/sec: 100,130 | bf16_mfu: 0.00 | epoch: 1 pq: 3 rg: 0 | total time: 30.99m | eta: 11.5m
step 02783/03814 (72.97%) | loss: 3.002993 | lrm: 0.45 | dt: 648.49ms | tok/sec: 101,059 | bf16_mfu: 0.00 | epoch: 1 pq: 3 rg: 0 | total time: 31.00m | eta: 11.5m
step 02784/03814 (72.99%) | loss: 3.011044 | lrm: 0.44 | dt: 655.32ms | tok/sec: 100,006 | bf16_mfu: 0.00 | epoch: 1 pq: 3 rg: 0 | total time: 31.01m | eta: 11.5m
step 02785/03814 (73.02%) | loss: 3.013755 | lrm: 0.44 | dt: 653.78ms | tok/sec: 100,242 | bf16_mfu: 0.00 | epoch: 1 pq: 3 rg: 0 | total time: 31.03m | eta: 11.5m
step 02786/03814 (73.05%) | loss: 2.997779 | lrm: 0.44 | dt: 651.89ms | tok/sec: 100,531 | bf16_mfu: 0.00 | epoch: 1 pq: 3 rg: 1 | total time: 31.04m | eta: 11.5m
step 02787/03814 (73.07%) | loss: 2.981588 | lrm: 0.44 | dt: 649.32ms | tok/sec: 100,929 | bf16_mfu: 0.00 | epoch: 1 pq: 3 rg: 1 | total time: 31.05m | eta: 11.5m
step 02788/03814 (73.10%) | loss: 2.977388 | lrm: 0.44 | dt: 648.34ms | tok/sec: 101,083 | bf16_mfu: 0.00 | epoch: 1 pq: 3 rg: 1 | total time: 31.06m | eta: 11.5m
step 02789/03814 (73.13%) | loss: 2.971004 | lrm: 0.44 | dt: 655.39ms | tok/sec: 99,995 | bf16_mfu: 0.00 | epoch: 1 pq: 3 rg: 1 | total time: 31.07m | eta: 11.5m
step 02790/03814 (73.15%) | loss: 2.942921 | lrm: 0.44 | dt: 652.61ms | tok/sec: 100,421 | bf16_mfu: 0.00 | epoch: 1 pq: 3 rg: 1 | total time: 31.08m | eta: 11.4m
step 02791/03814 (73.18%) | loss: 2.941785 | lrm: 0.44 | dt: 656.51ms | tok/sec: 99,824 | bf16_mfu: 0.00 | epoch: 1 pq: 3 rg: 1 | total time: 31.09m | eta: 11.4m
step 02792/03814 (73.20%) | loss: 2.941895 | lrm: 0.44 | dt: 647.46ms | tok/sec: 101,219 | bf16_mfu: 0.00 | epoch: 1 pq: 3 rg: 1 | total time: 31.10m | eta: 11.4m
step 02793/03814 (73.23%) | loss: 2.952339 | lrm: 0.44 | dt: 653.10ms | tok/sec: 100,345 | bf16_mfu: 0.00 | epoch: 1 pq: 3 rg: 1 | total time: 31.11m | eta: 11.4m
step 02794/03814 (73.26%) | loss: 2.956609 | lrm: 0.44 | dt: 651.22ms | tok/sec: 100,636 | bf16_mfu: 0.00 | epoch: 1 pq: 3 rg: 1 | total time: 31.12m | eta: 11.4m
step 02795/03814 (73.28%) | loss: 2.956362 | lrm: 0.44 | dt: 651.24ms | tok/sec: 100,633 | bf16_mfu: 0.00 | epoch: 1 pq: 3 rg: 1 | total time: 31.13m | eta: 11.4m
step 02796/03814 (73.31%) | loss: 2.947325 | lrm: 0.44 | dt: 654.79ms | tok/sec: 100,087 | bf16_mfu: 0.00 | epoch: 1 pq: 3 rg: 1 | total time: 31.15m | eta: 11.4m
step 02797/03814 (73.34%) | loss: 2.957599 | lrm: 0.44 | dt: 660.02ms | tok/sec: 99,294 | bf16_mfu: 0.00 | epoch: 1 pq: 3 rg: 2 | total time: 31.16m | eta: 11.4m
step 02798/03814 (73.36%) | loss: 2.945224 | lrm: 0.44 | dt: 650.20ms | tok/sec: 100,793 | bf16_mfu: 0.00 | epoch: 1 pq: 3 rg: 2 | total time: 31.17m | eta: 11.4m
step 02799/03814 (73.39%) | loss: 2.937963 | lrm: 0.44 | dt: 652.42ms | tok/sec: 100,450 | bf16_mfu: 0.00 | epoch: 1 pq: 3 rg: 2 | total time: 31.18m | eta: 11.3m
step 02800/03814 (73.41%) | loss: 2.935560 | lrm: 0.44 | dt: 649.19ms | tok/sec: 100,950 | bf16_mfu: 0.00 | epoch: 1 pq: 3 rg: 2 | total time: 31.19m | eta: 11.3m
step 02801/03814 (73.44%) | loss: 2.957161 | lrm: 0.44 | dt: 648.79ms | tok/sec: 101,012 | bf16_mfu: 0.00 | epoch: 1 pq: 3 rg: 2 | total time: 31.20m | eta: 11.3m
step 02802/03814 (73.47%) | loss: 2.963599 | lrm: 0.44 | dt: 685.89ms | tok/sec: 95,549 | bf16_mfu: 0.00 | epoch: 1 pq: 3 rg: 2 | total time: 31.21m | eta: 11.3m
step 02803/03814 (73.49%) | loss: 2.958341 | lrm: 0.44 | dt: 649.68ms | tok/sec: 100,875 | bf16_mfu: 0.00 | epoch: 1 pq: 3 rg: 2 | total time: 31.22m | eta: 11.3m
step 02804/03814 (73.52%) | loss: 2.952179 | lrm: 0.44 | dt: 651.94ms | tok/sec: 100,524 | bf16_mfu: 0.00 | epoch: 1 pq: 3 rg: 2 | total time: 31.23m | eta: 11.3m
step 02805/03814 (73.54%) | loss: 2.959405 | lrm: 0.44 | dt: 653.37ms | tok/sec: 100,303 | bf16_mfu: 0.00 | epoch: 1 pq: 3 rg: 2 | total time: 31.24m | eta: 11.3m
step 02806/03814 (73.57%) | loss: 2.965097 | lrm: 0.44 | dt: 649.19ms | tok/sec: 100,949 | bf16_mfu: 0.00 | epoch: 1 pq: 3 rg: 2 | total time: 31.25m | eta: 11.3m
step 02807/03814 (73.60%) | loss: 2.960749 | lrm: 0.44 | dt: 652.97ms | tok/sec: 100,365 | bf16_mfu: 0.00 | epoch: 1 pq: 3 rg: 3 | total time: 31.27m | eta: 11.3m
step 02808/03814 (73.62%) | loss: 2.961075 | lrm: 0.44 | dt: 653.19ms | tok/sec: 100,331 | bf16_mfu: 0.00 | epoch: 1 pq: 3 rg: 3 | total time: 31.28m | eta: 11.2m
step 02809/03814 (73.65%) | loss: 2.969535 | lrm: 0.44 | dt: 658.75ms | tok/sec: 99,486 | bf16_mfu: 0.00 | epoch: 1 pq: 3 rg: 3 | total time: 31.29m | eta: 11.2m
step 02810/03814 (73.68%) | loss: 2.962830 | lrm: 0.43 | dt: 652.98ms | tok/sec: 100,364 | bf16_mfu: 0.00 | epoch: 1 pq: 3 rg: 3 | total time: 31.30m | eta: 11.2m
step 02811/03814 (73.70%) | loss: 2.949020 | lrm: 0.43 | dt: 651.13ms | tok/sec: 100,649 | bf16_mfu: 0.00 | epoch: 1 pq: 3 rg: 3 | total time: 31.31m | eta: 11.2m
step 02812/03814 (73.73%) | loss: 2.938544 | lrm: 0.43 | dt: 652.15ms | tok/sec: 100,491 | bf16_mfu: 0.00 | epoch: 1 pq: 3 rg: 3 | total time: 31.32m | eta: 11.2m
step 02813/03814 (73.75%) | loss: 2.944720 | lrm: 0.43 | dt: 650.27ms | tok/sec: 100,782 | bf16_mfu: 0.00 | epoch: 1 pq: 3 rg: 3 | total time: 31.33m | eta: 11.2m
step 02814/03814 (73.78%) | loss: 2.950747 | lrm: 0.43 | dt: 663.56ms | tok/sec: 98,764 | bf16_mfu: 0.00 | epoch: 1 pq: 3 rg: 3 | total time: 31.34m | eta: 11.2m
step 02815/03814 (73.81%) | loss: 2.950148 | lrm: 0.43 | dt: 650.91ms | tok/sec: 100,683 | bf16_mfu: 0.00 | epoch: 1 pq: 3 rg: 3 | total time: 31.35m | eta: 11.2m
step 02816/03814 (73.83%) | loss: 2.943376 | lrm: 0.43 | dt: 653.78ms | tok/sec: 100,242 | bf16_mfu: 0.00 | epoch: 1 pq: 3 rg: 3 | total time: 31.36m | eta: 11.2m
step 02817/03814 (73.86%) | loss: 2.973750 | lrm: 0.43 | dt: 656.39ms | tok/sec: 99,843 | bf16_mfu: 0.00 | epoch: 1 pq: 3 rg: 3 | total time: 31.37m | eta: 11.1m
step 02818/03814 (73.89%) | loss: 2.956678 | lrm: 0.43 | dt: 824.14ms | tok/sec: 79,520 | bf16_mfu: 0.00 | epoch: 1 pq: 3 rg: 4 | total time: 31.39m | eta: 11.1m
step 02819/03814 (73.91%) | loss: 2.956115 | lrm: 0.43 | dt: 647.71ms | tok/sec: 101,181 | bf16_mfu: 0.00 | epoch: 1 pq: 3 rg: 4 | total time: 31.40m | eta: 11.1m
step 02820/03814 (73.94%) | loss: 2.956799 | lrm: 0.43 | dt: 650.07ms | tok/sec: 100,814 | bf16_mfu: 0.00 | epoch: 1 pq: 3 rg: 4 | total time: 31.41m | eta: 11.1m
step 02821/03814 (73.96%) | loss: 2.960730 | lrm: 0.43 | dt: 659.13ms | tok/sec: 99,427 | bf16_mfu: 0.00 | epoch: 1 pq: 3 rg: 4 | total time: 31.42m | eta: 11.1m
step 02822/03814 (73.99%) | loss: 2.971676 | lrm: 0.43 | dt: 685.51ms | tok/sec: 95,602 | bf16_mfu: 0.00 | epoch: 1 pq: 3 rg: 4 | total time: 31.43m | eta: 11.1m
step 02823/03814 (74.02%) | loss: 2.960125 | lrm: 0.43 | dt: 652.25ms | tok/sec: 100,476 | bf16_mfu: 0.00 | epoch: 1 pq: 3 rg: 4 | total time: 31.44m | eta: 11.1m
step 02824/03814 (74.04%) | loss: 2.950732 | lrm: 0.43 | dt: 651.29ms | tok/sec: 100,625 | bf16_mfu: 0.00 | epoch: 1 pq: 3 rg: 4 | total time: 31.45m | eta: 11.1m
step 02825/03814 (74.07%) | loss: 2.960814 | lrm: 0.43 | dt: 650.80ms | tok/sec: 100,700 | bf16_mfu: 0.00 | epoch: 1 pq: 3 rg: 4 | total time: 31.46m | eta: 11.1m
step 02826/03814 (74.10%) | loss: 2.952103 | lrm: 0.43 | dt: 648.12ms | tok/sec: 101,117 | bf16_mfu: 0.00 | epoch: 1 pq: 3 rg: 4 | total time: 31.48m | eta: 11.0m
step 02827/03814 (74.12%) | loss: 2.962579 | lrm: 0.43 | dt: 650.85ms | tok/sec: 100,692 | bf16_mfu: 0.00 | epoch: 1 pq: 3 rg: 4 | total time: 31.49m | eta: 11.0m
step 02828/03814 (74.15%) | loss: 2.968580 | lrm: 0.43 | dt: 648.43ms | tok/sec: 101,069 | bf16_mfu: 0.00 | epoch: 1 pq: 3 rg: 4 | total time: 31.50m | eta: 11.0m
step 02829/03814 (74.17%) | loss: 2.995595 | lrm: 0.43 | dt: 652.85ms | tok/sec: 100,384 | bf16_mfu: 0.00 | epoch: 1 pq: 3 rg: 5 | total time: 31.51m | eta: 11.0m
step 02830/03814 (74.20%) | loss: 2.989543 | lrm: 0.43 | dt: 997.77ms | tok/sec: 65,682 | bf16_mfu: 0.00 | epoch: 1 pq: 3 rg: 5 | total time: 31.52m | eta: 11.0m
step 02831/03814 (74.23%) | loss: 2.977036 | lrm: 0.43 | dt: 647.97ms | tok/sec: 101,140 | bf16_mfu: 0.00 | epoch: 1 pq: 3 rg: 5 | total time: 31.54m | eta: 11.0m
step 02832/03814 (74.25%) | loss: 2.971226 | lrm: 0.43 | dt: 651.28ms | tok/sec: 100,626 | bf16_mfu: 0.00 | epoch: 1 pq: 3 rg: 5 | total time: 31.55m | eta: 11.0m
step 02833/03814 (74.28%) | loss: 2.981264 | lrm: 0.43 | dt: 649.16ms | tok/sec: 100,954 | bf16_mfu: 0.00 | epoch: 1 pq: 3 rg: 5 | total time: 31.56m | eta: 11.0m
step 02834/03814 (74.31%) | loss: 2.965801 | lrm: 0.43 | dt: 646.63ms | tok/sec: 101,349 | bf16_mfu: 0.00 | epoch: 1 pq: 3 rg: 5 | total time: 31.57m | eta: 11.0m
step 02835/03814 (74.33%) | loss: 2.961513 | lrm: 0.43 | dt: 654.40ms | tok/sec: 100,146 | bf16_mfu: 0.00 | epoch: 1 pq: 3 rg: 5 | total time: 31.58m | eta: 10.9m
step 02836/03814 (74.36%) | loss: 2.944473 | lrm: 0.42 | dt: 651.27ms | tok/sec: 100,628 | bf16_mfu: 0.00 | epoch: 1 pq: 3 rg: 5 | total time: 31.59m | eta: 10.9m
step 02837/03814 (74.38%) | loss: 2.942613 | lrm: 0.42 | dt: 651.42ms | tok/sec: 100,605 | bf16_mfu: 0.00 | epoch: 1 pq: 3 rg: 5 | total time: 31.60m | eta: 10.9m
step 02838/03814 (74.41%) | loss: 2.957623 | lrm: 0.42 | dt: 645.75ms | tok/sec: 101,488 | bf16_mfu: 0.00 | epoch: 1 pq: 3 rg: 5 | total time: 31.61m | eta: 10.9m
step 02839/03814 (74.44%) | loss: 2.953959 | lrm: 0.42 | dt: 688.06ms | tok/sec: 95,247 | bf16_mfu: 0.00 | epoch: 1 pq: 3 rg: 6 | total time: 31.62m | eta: 10.9m
step 02840/03814 (74.46%) | loss: 2.961513 | lrm: 0.42 | dt: 649.61ms | tok/sec: 100,884 | bf16_mfu: 0.00 | epoch: 1 pq: 3 rg: 6 | total time: 31.63m | eta: 10.9m
step 02841/03814 (74.49%) | loss: 2.986678 | lrm: 0.42 | dt: 647.73ms | tok/sec: 101,178 | bf16_mfu: 0.00 | epoch: 1 pq: 3 rg: 6 | total time: 31.64m | eta: 10.9m
step 02842/03814 (74.51%) | loss: 2.996845 | lrm: 0.42 | dt: 654.14ms | tok/sec: 100,186 | bf16_mfu: 0.00 | epoch: 1 pq: 3 rg: 6 | total time: 31.66m | eta: 10.9m
step 02843/03814 (74.54%) | loss: 2.990555 | lrm: 0.42 | dt: 652.82ms | tok/sec: 100,388 | bf16_mfu: 0.00 | epoch: 1 pq: 3 rg: 6 | total time: 31.67m | eta: 10.9m
step 02844/03814 (74.57%) | loss: 2.971651 | lrm: 0.42 | dt: 650.55ms | tok/sec: 100,740 | bf16_mfu: 0.00 | epoch: 1 pq: 3 rg: 6 | total time: 31.68m | eta: 10.8m
step 02845/03814 (74.59%) | loss: 2.975954 | lrm: 0.42 | dt: 647.11ms | tok/sec: 101,274 | bf16_mfu: 0.00 | epoch: 1 pq: 3 rg: 6 | total time: 31.69m | eta: 10.8m
step 02846/03814 (74.62%) | loss: 3.001859 | lrm: 0.42 | dt: 649.54ms | tok/sec: 100,896 | bf16_mfu: 0.00 | epoch: 1 pq: 3 rg: 6 | total time: 31.70m | eta: 10.8m
step 02847/03814 (74.65%) | loss: 2.986714 | lrm: 0.42 | dt: 867.69ms | tok/sec: 75,529 | bf16_mfu: 0.00 | epoch: 1 pq: 3 rg: 6 | total time: 31.71m | eta: 10.8m
step 02848/03814 (74.67%) | loss: 2.968384 | lrm: 0.42 | dt: 653.55ms | tok/sec: 100,277 | bf16_mfu: 0.00 | epoch: 1 pq: 3 rg: 6 | total time: 31.72m | eta: 10.8m
step 02849/03814 (74.70%) | loss: 2.967841 | lrm: 0.42 | dt: 652.12ms | tok/sec: 100,496 | bf16_mfu: 0.00 | epoch: 1 pq: 3 rg: 6 | total time: 31.73m | eta: 10.8m
step 02850/03814 (74.72%) | loss: 2.964420 | lrm: 0.42 | dt: 652.99ms | tok/sec: 100,362 | bf16_mfu: 0.00 | epoch: 1 pq: 3 rg: 7 | total time: 31.75m | eta: 10.8m
step 02851/03814 (74.75%) | loss: 2.940382 | lrm: 0.42 | dt: 647.19ms | tok/sec: 101,262 | bf16_mfu: 0.00 | epoch: 1 pq: 3 rg: 7 | total time: 31.76m | eta: 10.8m
step 02852/03814 (74.78%) | loss: 2.927048 | lrm: 0.42 | dt: 646.12ms | tok/sec: 101,430 | bf16_mfu: 0.00 | epoch: 1 pq: 3 rg: 7 | total time: 31.77m | eta: 10.8m
step 02853/03814 (74.80%) | loss: 2.923916 | lrm: 0.42 | dt: 648.17ms | tok/sec: 101,108 | bf16_mfu: 0.00 | epoch: 1 pq: 3 rg: 7 | total time: 31.78m | eta: 10.7m
step 02854/03814 (74.83%) | loss: 2.946431 | lrm: 0.42 | dt: 747.11ms | tok/sec: 87,719 | bf16_mfu: 0.00 | epoch: 1 pq: 3 rg: 7 | total time: 31.79m | eta: 10.7m
step 02855/03814 (74.86%) | loss: 2.938395 | lrm: 0.42 | dt: 688.23ms | tok/sec: 95,223 | bf16_mfu: 0.00 | epoch: 1 pq: 3 rg: 7 | total time: 31.80m | eta: 10.7m
step 02856/03814 (74.88%) | loss: 2.927156 | lrm: 0.42 | dt: 649.77ms | tok/sec: 100,859 | bf16_mfu: 0.00 | epoch: 1 pq: 3 rg: 7 | total time: 31.81m | eta: 10.7m
step 02857/03814 (74.91%) | loss: 2.936901 | lrm: 0.42 | dt: 644.80ms | tok/sec: 101,638 | bf16_mfu: 0.00 | epoch: 1 pq: 3 rg: 7 | total time: 31.82m | eta: 10.7m
step 02858/03814 (74.93%) | loss: 2.945422 | lrm: 0.42 | dt: 648.06ms | tok/sec: 101,126 | bf16_mfu: 0.00 | epoch: 1 pq: 3 rg: 7 | total time: 31.83m | eta: 10.7m
step 02859/03814 (74.96%) | loss: 2.942817 | lrm: 0.42 | dt: 648.34ms | tok/sec: 101,082 | bf16_mfu: 0.00 | epoch: 1 pq: 3 rg: 7 | total time: 31.85m | eta: 10.7m
step 02860/03814 (74.99%) | loss: 2.927515 | lrm: 0.42 | dt: 650.03ms | tok/sec: 100,819 | bf16_mfu: 0.00 | epoch: 1 pq: 3 rg: 7 | total time: 31.86m | eta: 10.7m
step 02861/03814 (75.01%) | loss: 2.930779 | lrm: 0.42 | dt: 758.09ms | tok/sec: 86,449 | bf16_mfu: 0.00 | epoch: 1 pq: 3 rg: 8 | total time: 31.87m | eta: 10.7m
step 02862/03814 (75.04%) | loss: 2.940734 | lrm: 0.41 | dt: 931.57ms | tok/sec: 70,350 | bf16_mfu: 0.00 | epoch: 1 pq: 3 rg: 8 | total time: 31.88m | eta: 10.6m
step 02863/03814 (75.07%) | loss: 2.928919 | lrm: 0.41 | dt: 646.20ms | tok/sec: 101,416 | bf16_mfu: 0.00 | epoch: 1 pq: 3 rg: 8 | total time: 31.89m | eta: 10.6m
step 02864/03814 (75.09%) | loss: 2.914647 | lrm: 0.41 | dt: 649.34ms | tok/sec: 100,927 | bf16_mfu: 0.00 | epoch: 1 pq: 3 rg: 8 | total time: 31.91m | eta: 10.6m
step 02865/03814 (75.12%) | loss: 2.917670 | lrm: 0.41 | dt: 647.69ms | tok/sec: 101,183 | bf16_mfu: 0.00 | epoch: 1 pq: 3 rg: 8 | total time: 31.92m | eta: 10.6m
step 02866/03814 (75.14%) | loss: 2.935491 | lrm: 0.41 | dt: 650.20ms | tok/sec: 100,793 | bf16_mfu: 0.00 | epoch: 1 pq: 3 rg: 8 | total time: 31.93m | eta: 10.6m
step 02867/03814 (75.17%) | loss: 2.931232 | lrm: 0.41 | dt: 679.59ms | tok/sec: 96,434 | bf16_mfu: 0.00 | epoch: 1 pq: 3 rg: 8 | total time: 31.94m | eta: 10.6m
step 02868/03814 (75.20%) | loss: 2.923399 | lrm: 0.41 | dt: 649.88ms | tok/sec: 100,842 | bf16_mfu: 0.00 | epoch: 1 pq: 3 rg: 8 | total time: 31.95m | eta: 10.6m
step 02869/03814 (75.22%) | loss: 2.914911 | lrm: 0.41 | dt: 649.95ms | tok/sec: 100,832 | bf16_mfu: 0.00 | epoch: 1 pq: 3 rg: 8 | total time: 31.96m | eta: 10.6m
step 02870/03814 (75.25%) | loss: 2.928585 | lrm: 0.41 | dt: 672.86ms | tok/sec: 97,399 | bf16_mfu: 0.00 | epoch: 1 pq: 3 rg: 8 | total time: 31.97m | eta: 10.6m
step 02871/03814 (75.28%) | loss: 2.948064 | lrm: 0.41 | dt: 649.97ms | tok/sec: 100,828 | bf16_mfu: 0.00 | epoch: 1 pq: 3 rg: 9 | total time: 31.98m | eta: 10.5m
step 02872/03814 (75.30%) | loss: 2.937523 | lrm: 0.41 | dt: 651.75ms | tok/sec: 100,554 | bf16_mfu: 0.00 | epoch: 1 pq: 3 rg: 9 | total time: 31.99m | eta: 10.5m
step 02873/03814 (75.33%) | loss: 2.932896 | lrm: 0.41 | dt: 649.36ms | tok/sec: 100,924 | bf16_mfu: 0.00 | epoch: 1 pq: 3 rg: 9 | total time: 32.00m | eta: 10.5m
step 02874/03814 (75.35%) | loss: 2.939681 | lrm: 0.41 | dt: 648.97ms | tok/sec: 100,984 | bf16_mfu: 0.00 | epoch: 1 pq: 3 rg: 9 | total time: 32.01m | eta: 10.5m
step 02875/03814 (75.38%) | loss: 2.928840 | lrm: 0.41 | dt: 651.37ms | tok/sec: 100,612 | bf16_mfu: 0.00 | epoch: 1 pq: 3 rg: 9 | total time: 32.03m | eta: 10.5m
step 02876/03814 (75.41%) | loss: 2.909420 | lrm: 0.41 | dt: 650.16ms | tok/sec: 100,799 | bf16_mfu: 0.00 | epoch: 1 pq: 3 rg: 9 | total time: 32.04m | eta: 10.5m
step 02877/03814 (75.43%) | loss: 2.910428 | lrm: 0.41 | dt: 651.51ms | tok/sec: 100,591 | bf16_mfu: 0.00 | epoch: 1 pq: 3 rg: 9 | total time: 32.05m | eta: 10.5m
step 02878/03814 (75.46%) | loss: 2.908795 | lrm: 0.41 | dt: 793.68ms | tok/sec: 82,572 | bf16_mfu: 0.00 | epoch: 1 pq: 3 rg: 9 | total time: 32.06m | eta: 10.5m
step 02879/03814 (75.49%) | loss: 2.911051 | lrm: 0.41 | dt: 647.71ms | tok/sec: 101,181 | bf16_mfu: 0.00 | epoch: 1 pq: 3 rg: 9 | total time: 32.07m | eta: 10.5m
step 02880/03814 (75.51%) | loss: 2.904649 | lrm: 0.41 | dt: 699.70ms | tok/sec: 93,662 | bf16_mfu: 0.00 | epoch: 1 pq: 3 rg: 9 | total time: 32.08m | eta: 10.4m
step 02881/03814 (75.54%) | loss: 2.890497 | lrm: 0.41 | dt: 649.87ms | tok/sec: 100,845 | bf16_mfu: 0.00 | epoch: 1 pq: 3 rg: 9 | total time: 32.09m | eta: 10.4m
step 02882/03814 (75.56%) | loss: 2.912772 | lrm: 0.41 | dt: 672.52ms | tok/sec: 97,447 | bf16_mfu: 0.00 | epoch: 1 pq: 3 rg: 10 | total time: 32.11m | eta: 10.4m
step 02883/03814 (75.59%) | loss: 2.917450 | lrm: 0.41 | dt: 651.60ms | tok/sec: 100,576 | bf16_mfu: 0.00 | epoch: 1 pq: 3 rg: 10 | total time: 32.12m | eta: 10.4m
step 02884/03814 (75.62%) | loss: 2.918762 | lrm: 0.41 | dt: 648.60ms | tok/sec: 101,041 | bf16_mfu: 0.00 | epoch: 1 pq: 3 rg: 10 | total time: 32.13m | eta: 10.4m
step 02885/03814 (75.64%) | loss: 2.925683 | lrm: 0.41 | dt: 652.00ms | tok/sec: 100,515 | bf16_mfu: 0.00 | epoch: 1 pq: 3 rg: 10 | total time: 32.14m | eta: 10.4m
step 02886/03814 (75.67%) | loss: 2.955544 | lrm: 0.41 | dt: 648.63ms | tok/sec: 101,036 | bf16_mfu: 0.00 | epoch: 1 pq: 3 rg: 10 | total time: 32.15m | eta: 10.4m
step 02887/03814 (75.69%) | loss: 2.967302 | lrm: 0.41 | dt: 652.88ms | tok/sec: 100,379 | bf16_mfu: 0.00 | epoch: 1 pq: 3 rg: 10 | total time: 32.16m | eta: 10.4m
step 02888/03814 (75.72%) | loss: 2.969534 | lrm: 0.40 | dt: 663.34ms | tok/sec: 98,796 | bf16_mfu: 0.00 | epoch: 1 pq: 3 rg: 10 | total time: 32.17m | eta: 10.4m
step 02889/03814 (75.75%) | loss: 2.950489 | lrm: 0.40 | dt: 651.02ms | tok/sec: 100,667 | bf16_mfu: 0.00 | epoch: 1 pq: 3 rg: 10 | total time: 32.18m | eta: 10.3m
step 02890/03814 (75.77%) | loss: 2.967037 | lrm: 0.40 | dt: 648.14ms | tok/sec: 101,113 | bf16_mfu: 0.00 | epoch: 1 pq: 3 rg: 10 | total time: 32.19m | eta: 10.3m
step 02891/03814 (75.80%) | loss: 2.965705 | lrm: 0.40 | dt: 651.75ms | tok/sec: 100,553 | bf16_mfu: 0.00 | epoch: 1 pq: 3 rg: 10 | total time: 32.20m | eta: 10.3m
step 02892/03814 (75.83%) | loss: 2.966011 | lrm: 0.40 | dt: 728.41ms | tok/sec: 89,970 | bf16_mfu: 0.00 | epoch: 1 pq: 3 rg: 11 | total time: 32.22m | eta: 10.3m
step 02893/03814 (75.85%) | loss: 2.949663 | lrm: 0.40 | dt: 654.66ms | tok/sec: 100,107 | bf16_mfu: 0.00 | epoch: 1 pq: 3 rg: 11 | total time: 32.23m | eta: 10.3m
step 02894/03814 (75.88%) | loss: 2.952195 | lrm: 0.40 | dt: 652.51ms | tok/sec: 100,437 | bf16_mfu: 0.00 | epoch: 1 pq: 3 rg: 11 | total time: 32.24m | eta: 10.3m
step 02895/03814 (75.90%) | loss: 2.962208 | lrm: 0.40 | dt: 649.46ms | tok/sec: 100,908 | bf16_mfu: 0.00 | epoch: 1 pq: 3 rg: 11 | total time: 32.25m | eta: 10.3m
step 02896/03814 (75.93%) | loss: 2.945753 | lrm: 0.40 | dt: 649.81ms | tok/sec: 100,853 | bf16_mfu: 0.00 | epoch: 1 pq: 3 rg: 11 | total time: 32.26m | eta: 10.3m
step 02897/03814 (75.96%) | loss: 2.937888 | lrm: 0.40 | dt: 664.08ms | tok/sec: 98,686 | bf16_mfu: 0.00 | epoch: 1 pq: 3 rg: 11 | total time: 32.27m | eta: 10.2m
step 02898/03814 (75.98%) | loss: 2.923116 | lrm: 0.40 | dt: 654.13ms | tok/sec: 100,188 | bf16_mfu: 0.00 | epoch: 1 pq: 3 rg: 11 | total time: 32.28m | eta: 10.2m
step 02899/03814 (76.01%) | loss: 2.942502 | lrm: 0.40 | dt: 648.58ms | tok/sec: 101,045 | bf16_mfu: 0.00 | epoch: 1 pq: 3 rg: 11 | total time: 32.29m | eta: 10.2m
step 02900/03814 (76.04%) | loss: 2.967359 | lrm: 0.40 | dt: 647.58ms | tok/sec: 101,200 | bf16_mfu: 0.00 | epoch: 1 pq: 3 rg: 11 | total time: 32.30m | eta: 10.2m
step 02901/03814 (76.06%) | loss: 2.963135 | lrm: 0.40 | dt: 646.73ms | tok/sec: 101,333 | bf16_mfu: 0.00 | epoch: 1 pq: 3 rg: 11 | total time: 32.31m | eta: 10.2m
step 02902/03814 (76.09%) | loss: 2.957232 | lrm: 0.40 | dt: 651.08ms | tok/sec: 100,658 | bf16_mfu: 0.00 | epoch: 1 pq: 3 rg: 11 | total time: 32.32m | eta: 10.2m
step 02903/03814 (76.11%) | loss: 2.964315 | lrm: 0.40 | dt: 652.13ms | tok/sec: 100,495 | bf16_mfu: 0.00 | epoch: 1 pq: 3 rg: 12 | total time: 32.33m | eta: 10.2m
step 02904/03814 (76.14%) | loss: 2.961821 | lrm: 0.40 | dt: 652.76ms | tok/sec: 100,397 | bf16_mfu: 0.00 | epoch: 1 pq: 3 rg: 12 | total time: 32.35m | eta: 10.2m
step 02905/03814 (76.17%) | loss: 2.967400 | lrm: 0.40 | dt: 652.24ms | tok/sec: 100,478 | bf16_mfu: 0.00 | epoch: 1 pq: 3 rg: 12 | total time: 32.36m | eta: 10.2m
step 02906/03814 (76.19%) | loss: 2.949414 | lrm: 0.40 | dt: 650.94ms | tok/sec: 100,679 | bf16_mfu: 0.00 | epoch: 1 pq: 3 rg: 12 | total time: 32.37m | eta: 10.1m
step 02907/03814 (76.22%) | loss: 2.954373 | lrm: 0.40 | dt: 658.12ms | tok/sec: 99,579 | bf16_mfu: 0.00 | epoch: 1 pq: 3 rg: 12 | total time: 32.38m | eta: 10.1m
step 02908/03814 (76.25%) | loss: 2.931086 | lrm: 0.40 | dt: 649.26ms | tok/sec: 100,939 | bf16_mfu: 0.00 | epoch: 1 pq: 3 rg: 12 | total time: 32.39m | eta: 10.1m
step 02909/03814 (76.27%) | loss: 2.912086 | lrm: 0.40 | dt: 647.91ms | tok/sec: 101,150 | bf16_mfu: 0.00 | epoch: 1 pq: 3 rg: 12 | total time: 32.40m | eta: 10.1m
step 02910/03814 (76.30%) | loss: 2.902453 | lrm: 0.40 | dt: 647.49ms | tok/sec: 101,215 | bf16_mfu: 0.00 | epoch: 1 pq: 3 rg: 12 | total time: 32.41m | eta: 10.1m
step 02911/03814 (76.32%) | loss: 2.900986 | lrm: 0.40 | dt: 648.57ms | tok/sec: 101,046 | bf16_mfu: 0.00 | epoch: 1 pq: 3 rg: 12 | total time: 32.42m | eta: 10.1m
step 02912/03814 (76.35%) | loss: 2.906618 | lrm: 0.40 | dt: 650.22ms | tok/sec: 100,790 | bf16_mfu: 0.00 | epoch: 1 pq: 3 rg: 12 | total time: 32.43m | eta: 10.1m
step 02913/03814 (76.38%) | loss: 2.896648 | lrm: 0.40 | dt: 651.77ms | tok/sec: 100,550 | bf16_mfu: 0.00 | epoch: 1 pq: 3 rg: 13 | total time: 32.44m | eta: 10.1m
step 02914/03814 (76.40%) | loss: 2.899409 | lrm: 0.39 | dt: 651.00ms | tok/sec: 100,669 | bf16_mfu: 0.00 | epoch: 1 pq: 3 rg: 13 | total time: 32.45m | eta: 10.1m
step 02915/03814 (76.43%) | loss: 2.905576 | lrm: 0.39 | dt: 648.01ms | tok/sec: 101,134 | bf16_mfu: 0.00 | epoch: 1 pq: 3 rg: 13 | total time: 32.46m | eta: 10.0m
step 02916/03814 (76.46%) | loss: 2.892310 | lrm: 0.39 | dt: 650.30ms | tok/sec: 100,777 | bf16_mfu: 0.00 | epoch: 1 pq: 3 rg: 13 | total time: 32.48m | eta: 10.0m
step 02917/03814 (76.48%) | loss: 2.901120 | lrm: 0.39 | dt: 649.19ms | tok/sec: 100,950 | bf16_mfu: 0.00 | epoch: 1 pq: 3 rg: 13 | total time: 32.49m | eta: 10.0m
step 02918/03814 (76.51%) | loss: 2.903819 | lrm: 0.39 | dt: 656.54ms | tok/sec: 99,819 | bf16_mfu: 0.00 | epoch: 1 pq: 3 rg: 13 | total time: 32.50m | eta: 10.0m
step 02919/03814 (76.53%) | loss: 2.909035 | lrm: 0.39 | dt: 659.15ms | tok/sec: 99,424 | bf16_mfu: 0.00 | epoch: 1 pq: 3 rg: 13 | total time: 32.51m | eta: 10.0m
step 02920/03814 (76.56%) | loss: 2.917606 | lrm: 0.39 | dt: 677.76ms | tok/sec: 96,694 | bf16_mfu: 0.00 | epoch: 1 pq: 3 rg: 13 | total time: 32.52m | eta: 10.0m
step 02921/03814 (76.59%) | loss: 2.932638 | lrm: 0.39 | dt: 657.45ms | tok/sec: 99,681 | bf16_mfu: 0.00 | epoch: 1 pq: 3 rg: 13 | total time: 32.53m | eta: 10.0m
step 02922/03814 (76.61%) | loss: 2.934362 | lrm: 0.39 | dt: 653.46ms | tok/sec: 100,290 | bf16_mfu: 0.00 | epoch: 1 pq: 3 rg: 13 | total time: 32.54m | eta: 10.0m
step 02923/03814 (76.64%) | loss: 2.928378 | lrm: 0.39 | dt: 656.17ms | tok/sec: 99,876 | bf16_mfu: 0.00 | epoch: 1 pq: 3 rg: 13 | total time: 32.55m | eta: 10.0m
step 02924/03814 (76.66%) | loss: 2.951558 | lrm: 0.39 | dt: 653.44ms | tok/sec: 100,293 | bf16_mfu: 0.00 | epoch: 1 pq: 3 rg: 14 | total time: 32.56m | eta: 9.9m
step 02925/03814 (76.69%) | loss: 2.943566 | lrm: 0.39 | dt: 654.06ms | tok/sec: 100,199 | bf16_mfu: 0.00 | epoch: 1 pq: 3 rg: 14 | total time: 32.57m | eta: 9.9m
step 02926/03814 (76.72%) | loss: 2.936376 | lrm: 0.39 | dt: 650.98ms | tok/sec: 100,672 | bf16_mfu: 0.00 | epoch: 1 pq: 3 rg: 14 | total time: 32.59m | eta: 9.9m
step 02927/03814 (76.74%) | loss: 2.938069 | lrm: 0.39 | dt: 649.88ms | tok/sec: 100,842 | bf16_mfu: 0.00 | epoch: 1 pq: 3 rg: 14 | total time: 32.60m | eta: 9.9m
step 02928/03814 (76.77%) | loss: 2.945283 | lrm: 0.39 | dt: 657.19ms | tok/sec: 99,721 | bf16_mfu: 0.00 | epoch: 1 pq: 3 rg: 14 | total time: 32.61m | eta: 9.9m
step 02929/03814 (76.80%) | loss: 2.940376 | lrm: 0.39 | dt: 676.40ms | tok/sec: 96,890 | bf16_mfu: 0.00 | epoch: 1 pq: 3 rg: 14 | total time: 32.62m | eta: 9.9m
step 02930/03814 (76.82%) | loss: 2.920787 | lrm: 0.39 | dt: 652.28ms | tok/sec: 100,472 | bf16_mfu: 0.00 | epoch: 1 pq: 3 rg: 14 | total time: 32.63m | eta: 9.9m
step 02931/03814 (76.85%) | loss: 2.918806 | lrm: 0.39 | dt: 650.96ms | tok/sec: 100,676 | bf16_mfu: 0.00 | epoch: 1 pq: 3 rg: 14 | total time: 32.64m | eta: 9.9m
step 02932/03814 (76.87%) | loss: 2.909141 | lrm: 0.39 | dt: 655.11ms | tok/sec: 100,038 | bf16_mfu: 0.00 | epoch: 1 pq: 3 rg: 14 | total time: 32.65m | eta: 9.9m
step 02933/03814 (76.90%) | loss: 2.897501 | lrm: 0.39 | dt: 650.83ms | tok/sec: 100,695 | bf16_mfu: 0.00 | epoch: 1 pq: 3 rg: 14 | total time: 32.66m | eta: 9.8m
step 02934/03814 (76.93%) | loss: 2.888235 | lrm: 0.39 | dt: 652.65ms | tok/sec: 100,415 | bf16_mfu: 0.00 | epoch: 1 pq: 3 rg: 14 | total time: 32.67m | eta: 9.8m
step 02935/03814 (76.95%) | loss: 2.895163 | lrm: 0.39 | dt: 679.35ms | tok/sec: 96,468 | bf16_mfu: 0.00 | epoch: 1 pq: 3 rg: 15 | total time: 32.68m | eta: 9.8m
step 02936/03814 (76.98%) | loss: 2.907332 | lrm: 0.39 | dt: 653.78ms | tok/sec: 100,241 | bf16_mfu: 0.00 | epoch: 1 pq: 3 rg: 15 | total time: 32.69m | eta: 9.8m
step 02937/03814 (77.01%) | loss: 2.913548 | lrm: 0.39 | dt: 652.60ms | tok/sec: 100,422 | bf16_mfu: 0.00 | epoch: 1 pq: 3 rg: 15 | total time: 32.71m | eta: 9.8m
step 02938/03814 (77.03%) | loss: 2.901886 | lrm: 0.39 | dt: 654.11ms | tok/sec: 100,191 | bf16_mfu: 0.00 | epoch: 1 pq: 3 rg: 15 | total time: 32.72m | eta: 9.8m
step 02939/03814 (77.06%) | loss: 2.891643 | lrm: 0.39 | dt: 651.88ms | tok/sec: 100,533 | bf16_mfu: 0.00 | epoch: 1 pq: 3 rg: 15 | total time: 32.73m | eta: 9.8m
step 02940/03814 (77.08%) | loss: 2.896280 | lrm: 0.38 | dt: 650.02ms | tok/sec: 100,822 | bf16_mfu: 0.00 | epoch: 1 pq: 3 rg: 15 | total time: 32.74m | eta: 9.8m
step 02941/03814 (77.11%) | loss: 2.894326 | lrm: 0.38 | dt: 655.74ms | tok/sec: 99,941 | bf16_mfu: 0.00 | epoch: 1 pq: 3 rg: 15 | total time: 32.75m | eta: 9.8m
step 02942/03814 (77.14%) | loss: 2.887196 | lrm: 0.38 | dt: 651.75ms | tok/sec: 100,554 | bf16_mfu: 0.00 | epoch: 1 pq: 3 rg: 15 | total time: 32.76m | eta: 9.7m
step 02943/03814 (77.16%) | loss: 2.877838 | lrm: 0.38 | dt: 653.40ms | tok/sec: 100,299 | bf16_mfu: 0.00 | epoch: 1 pq: 3 rg: 15 | total time: 32.77m | eta: 9.7m
step 02944/03814 (77.19%) | loss: 2.892529 | lrm: 0.38 | dt: 652.10ms | tok/sec: 100,499 | bf16_mfu: 0.00 | epoch: 1 pq: 3 rg: 15 | total time: 32.78m | eta: 9.7m
step 02945/03814 (77.22%) | loss: 2.888645 | lrm: 0.38 | dt: 657.83ms | tok/sec: 99,623 | bf16_mfu: 0.00 | epoch: 1 pq: 3 rg: 16 | total time: 32.79m | eta: 9.7m
step 02946/03814 (77.24%) | loss: 2.879541 | lrm: 0.38 | dt: 652.85ms | tok/sec: 100,384 | bf16_mfu: 0.00 | epoch: 1 pq: 3 rg: 16 | total time: 32.80m | eta: 9.7m
step 02947/03814 (77.27%) | loss: 2.893377 | lrm: 0.38 | dt: 658.78ms | tok/sec: 99,481 | bf16_mfu: 0.00 | epoch: 1 pq: 3 rg: 16 | total time: 32.81m | eta: 9.7m
step 02948/03814 (77.29%) | loss: 2.899983 | lrm: 0.38 | dt: 658.06ms | tok/sec: 99,589 | bf16_mfu: 0.00 | epoch: 1 pq: 3 rg: 16 | total time: 32.83m | eta: 9.7m
step 02949/03814 (77.32%) | loss: 2.893697 | lrm: 0.38 | dt: 653.95ms | tok/sec: 100,215 | bf16_mfu: 0.00 | epoch: 1 pq: 3 rg: 16 | total time: 32.84m | eta: 9.7m
step 02950/03814 (77.35%) | loss: 2.900872 | lrm: 0.38 | dt: 661.77ms | tok/sec: 99,031 | bf16_mfu: 0.00 | epoch: 1 pq: 3 rg: 16 | total time: 32.85m | eta: 9.7m
step 02951/03814 (77.37%) | loss: 2.910961 | lrm: 0.38 | dt: 649.65ms | tok/sec: 100,879 | bf16_mfu: 0.00 | epoch: 1 pq: 3 rg: 16 | total time: 32.86m | eta: 9.6m
step 02952/03814 (77.40%) | loss: 2.921303 | lrm: 0.38 | dt: 655.27ms | tok/sec: 100,014 | bf16_mfu: 0.00 | epoch: 1 pq: 3 rg: 16 | total time: 32.87m | eta: 9.6m
step 02953/03814 (77.43%) | loss: 2.937356 | lrm: 0.38 | dt: 651.58ms | tok/sec: 100,579 | bf16_mfu: 0.00 | epoch: 1 pq: 3 rg: 16 | total time: 32.88m | eta: 9.6m
step 02954/03814 (77.45%) | loss: 2.918572 | lrm: 0.38 | dt: 655.88ms | tok/sec: 99,921 | bf16_mfu: 0.00 | epoch: 1 pq: 3 rg: 16 | total time: 32.89m | eta: 9.6m
step 02955/03814 (77.48%) | loss: 2.910722 | lrm: 0.38 | dt: 655.02ms | tok/sec: 100,052 | bf16_mfu: 0.00 | epoch: 1 pq: 3 rg: 16 | total time: 32.90m | eta: 9.6m
step 02956/03814 (77.50%) | loss: 2.915806 | lrm: 0.38 | dt: 651.74ms | tok/sec: 100,555 | bf16_mfu: 0.00 | epoch: 1 pq: 3 rg: 17 | total time: 32.91m | eta: 9.6m
step 02957/03814 (77.53%) | loss: 2.921391 | lrm: 0.38 | dt: 655.83ms | tok/sec: 99,928 | bf16_mfu: 0.00 | epoch: 1 pq: 3 rg: 17 | total time: 32.92m | eta: 9.6m
step 02958/03814 (77.56%) | loss: 2.913012 | lrm: 0.38 | dt: 648.45ms | tok/sec: 101,065 | bf16_mfu: 0.00 | epoch: 1 pq: 3 rg: 17 | total time: 32.93m | eta: 9.6m
step 02959/03814 (77.58%) | loss: 2.920830 | lrm: 0.38 | dt: 653.74ms | tok/sec: 100,248 | bf16_mfu: 0.00 | epoch: 1 pq: 3 rg: 17 | total time: 32.95m | eta: 9.6m
step 02960/03814 (77.61%) | loss: 2.915880 | lrm: 0.38 | dt: 653.56ms | tok/sec: 100,274 | bf16_mfu: 0.00 | epoch: 1 pq: 3 rg: 17 | total time: 32.96m | eta: 9.5m
step 02961/03814 (77.64%) | loss: 2.905281 | lrm: 0.38 | dt: 650.66ms | tok/sec: 100,721 | bf16_mfu: 0.00 | epoch: 1 pq: 3 rg: 17 | total time: 32.97m | eta: 9.5m
step 02962/03814 (77.66%) | loss: 2.896691 | lrm: 0.38 | dt: 658.65ms | tok/sec: 99,500 | bf16_mfu: 0.00 | epoch: 1 pq: 3 rg: 17 | total time: 32.98m | eta: 9.5m
step 02963/03814 (77.69%) | loss: 2.912434 | lrm: 0.38 | dt: 652.31ms | tok/sec: 100,466 | bf16_mfu: 0.00 | epoch: 1 pq: 3 rg: 17 | total time: 32.99m | eta: 9.5m
step 02964/03814 (77.71%) | loss: 2.949748 | lrm: 0.38 | dt: 652.37ms | tok/sec: 100,458 | bf16_mfu: 0.00 | epoch: 1 pq: 3 rg: 17 | total time: 33.00m | eta: 9.5m
step 02965/03814 (77.74%) | loss: 2.940787 | lrm: 0.38 | dt: 655.85ms | tok/sec: 99,924 | bf16_mfu: 0.00 | epoch: 1 pq: 3 rg: 17 | total time: 33.01m | eta: 9.5m
step 02966/03814 (77.77%) | loss: 2.934419 | lrm: 0.37 | dt: 709.23ms | tok/sec: 92,404 | bf16_mfu: 0.00 | epoch: 1 pq: 3 rg: 18 | total time: 33.02m | eta: 9.5m
step 02967/03814 (77.79%) | loss: 2.929615 | lrm: 0.37 | dt: 663.03ms | tok/sec: 98,842 | bf16_mfu: 0.00 | epoch: 1 pq: 3 rg: 18 | total time: 33.03m | eta: 9.5m
step 02968/03814 (77.82%) | loss: 2.947002 | lrm: 0.37 | dt: 662.29ms | tok/sec: 98,953 | bf16_mfu: 0.00 | epoch: 1 pq: 3 rg: 18 | total time: 33.04m | eta: 9.5m
step 02969/03814 (77.84%) | loss: 2.969674 | lrm: 0.37 | dt: 652.07ms | tok/sec: 100,504 | bf16_mfu: 0.00 | epoch: 1 pq: 3 rg: 18 | total time: 33.06m | eta: 9.4m
step 02970/03814 (77.87%) | loss: 2.978304 | lrm: 0.37 | dt: 657.43ms | tok/sec: 99,684 | bf16_mfu: 0.00 | epoch: 1 pq: 3 rg: 18 | total time: 33.07m | eta: 9.4m
step 02971/03814 (77.90%) | loss: 2.959884 | lrm: 0.37 | dt: 656.38ms | tok/sec: 99,844 | bf16_mfu: 0.00 | epoch: 1 pq: 3 rg: 18 | total time: 33.08m | eta: 9.4m
step 02972/03814 (77.92%) | loss: 2.944568 | lrm: 0.37 | dt: 658.00ms | tok/sec: 99,598 | bf16_mfu: 0.00 | epoch: 1 pq: 3 rg: 18 | total time: 33.09m | eta: 9.4m
step 02973/03814 (77.95%) | loss: 2.942738 | lrm: 0.37 | dt: 658.12ms | tok/sec: 99,581 | bf16_mfu: 0.00 | epoch: 1 pq: 3 rg: 18 | total time: 33.10m | eta: 9.4m
step 02974/03814 (77.98%) | loss: 2.935553 | lrm: 0.37 | dt: 862.27ms | tok/sec: 76,003 | bf16_mfu: 0.00 | epoch: 1 pq: 3 rg: 18 | total time: 33.11m | eta: 9.4m
step 02975/03814 (78.00%) | loss: 2.925956 | lrm: 0.37 | dt: 654.77ms | tok/sec: 100,089 | bf16_mfu: 0.00 | epoch: 1 pq: 3 rg: 18 | total time: 33.12m | eta: 9.4m
step 02976/03814 (78.03%) | loss: 2.926641 | lrm: 0.37 | dt: 659.02ms | tok/sec: 99,445 | bf16_mfu: 0.00 | epoch: 1 pq: 3 rg: 18 | total time: 33.14m | eta: 9.4m
step 02977/03814 (78.05%) | loss: 2.934255 | lrm: 0.37 | dt: 654.41ms | tok/sec: 100,145 | bf16_mfu: 0.00 | epoch: 1 pq: 3 rg: 19 | total time: 33.15m | eta: 9.4m
step 02978/03814 (78.08%) | loss: 2.929290 | lrm: 0.37 | dt: 654.29ms | tok/sec: 100,163 | bf16_mfu: 0.00 | epoch: 1 pq: 3 rg: 19 | total time: 33.16m | eta: 9.3m
step 02979/03814 (78.11%) | loss: 2.929938 | lrm: 0.37 | dt: 654.24ms | tok/sec: 100,171 | bf16_mfu: 0.00 | epoch: 1 pq: 3 rg: 19 | total time: 33.17m | eta: 9.3m
step 02980/03814 (78.13%) | loss: 2.930050 | lrm: 0.37 | dt: 654.64ms | tok/sec: 100,109 | bf16_mfu: 0.00 | epoch: 1 pq: 3 rg: 19 | total time: 33.18m | eta: 9.3m
step 02981/03814 (78.16%) | loss: 2.937638 | lrm: 0.37 | dt: 654.02ms | tok/sec: 100,204 | bf16_mfu: 0.00 | epoch: 1 pq: 3 rg: 19 | total time: 33.19m | eta: 9.3m
step 02982/03814 (78.19%) | loss: 2.941343 | lrm: 0.37 | dt: 677.66ms | tok/sec: 96,708 | bf16_mfu: 0.00 | epoch: 1 pq: 3 rg: 19 | total time: 33.20m | eta: 9.3m
step 02983/03814 (78.21%) | loss: 2.946342 | lrm: 0.37 | dt: 656.40ms | tok/sec: 99,841 | bf16_mfu: 0.00 | epoch: 1 pq: 3 rg: 19 | total time: 33.21m | eta: 9.3m
step 02984/03814 (78.24%) | loss: 2.947434 | lrm: 0.37 | dt: 662.91ms | tok/sec: 98,860 | bf16_mfu: 0.00 | epoch: 1 pq: 3 rg: 19 | total time: 33.22m | eta: 9.3m
step 02985/03814 (78.26%) | loss: 2.965809 | lrm: 0.37 | dt: 655.41ms | tok/sec: 99,992 | bf16_mfu: 0.00 | epoch: 1 pq: 3 rg: 19 | total time: 33.23m | eta: 9.3m
step 02986/03814 (78.29%) | loss: 2.951285 | lrm: 0.37 | dt: 659.98ms | tok/sec: 99,299 | bf16_mfu: 0.00 | epoch: 1 pq: 3 rg: 19 | total time: 33.25m | eta: 9.2m
step 02987/03814 (78.32%) | loss: 2.941736 | lrm: 0.37 | dt: 656.45ms | tok/sec: 99,833 | bf16_mfu: 0.00 | epoch: 1 pq: 3 rg: 20 | total time: 33.26m | eta: 9.2m
step 02988/03814 (78.34%) | loss: 2.941519 | lrm: 0.37 | dt: 657.36ms | tok/sec: 99,695 | bf16_mfu: 0.00 | epoch: 1 pq: 3 rg: 20 | total time: 33.27m | eta: 9.2m
step 02989/03814 (78.37%) | loss: 2.943054 | lrm: 0.37 | dt: 654.40ms | tok/sec: 100,146 | bf16_mfu: 0.00 | epoch: 1 pq: 3 rg: 20 | total time: 33.28m | eta: 9.2m
step 02990/03814 (78.40%) | loss: 2.945950 | lrm: 0.37 | dt: 655.46ms | tok/sec: 99,985 | bf16_mfu: 0.00 | epoch: 1 pq: 3 rg: 20 | total time: 33.29m | eta: 9.2m
step 02991/03814 (78.42%) | loss: 2.946554 | lrm: 0.37 | dt: 657.93ms | tok/sec: 99,609 | bf16_mfu: 0.00 | epoch: 1 pq: 3 rg: 20 | total time: 33.30m | eta: 9.2m
step 02992/03814 (78.45%) | loss: 2.929251 | lrm: 0.37 | dt: 654.86ms | tok/sec: 100,076 | bf16_mfu: 0.00 | epoch: 1 pq: 3 rg: 20 | total time: 33.31m | eta: 9.2m
step 02993/03814 (78.47%) | loss: 2.938343 | lrm: 0.36 | dt: 940.92ms | tok/sec: 69,650 | bf16_mfu: 0.00 | epoch: 1 pq: 3 rg: 20 | total time: 33.33m | eta: 9.2m
step 02994/03814 (78.50%) | loss: 2.931574 | lrm: 0.36 | dt: 653.38ms | tok/sec: 100,302 | bf16_mfu: 0.00 | epoch: 1 pq: 3 rg: 20 | total time: 33.34m | eta: 9.2m
step 02995/03814 (78.53%) | loss: 2.918372 | lrm: 0.36 | dt: 654.67ms | tok/sec: 100,105 | bf16_mfu: 0.00 | epoch: 1 pq: 3 rg: 20 | total time: 33.35m | eta: 9.1m
step 02996/03814 (78.55%) | loss: 2.914063 | lrm: 0.36 | dt: 655.10ms | tok/sec: 100,040 | bf16_mfu: 0.00 | epoch: 1 pq: 3 rg: 20 | total time: 33.36m | eta: 9.1m
step 02997/03814 (78.58%) | loss: 2.929332 | lrm: 0.36 | dt: 653.62ms | tok/sec: 100,266 | bf16_mfu: 0.00 | epoch: 1 pq: 3 rg: 20 | total time: 33.37m | eta: 9.1m
step 02998/03814 (78.61%) | loss: 2.919867 | lrm: 0.36 | dt: 654.84ms | tok/sec: 100,079 | bf16_mfu: 0.00 | epoch: 1 pq: 3 rg: 21 | total time: 33.38m | eta: 9.1m
step 02999/03814 (78.63%) | loss: 2.918995 | lrm: 0.36 | dt: 666.45ms | tok/sec: 98,335 | bf16_mfu: 0.00 | epoch: 1 pq: 3 rg: 21 | total time: 33.39m | eta: 9.1m
Step 03000 | Validation bpb: 0.805725
step 03000/03814 (78.66%) | loss: 2.926115 | lrm: 0.36 | dt: 650.03ms | tok/sec: 100,819 | bf16_mfu: 0.00 | epoch: 1 pq: 3 rg: 21 | total time: 33.40m | eta: 9.1m
step 03001/03814 (78.68%) | loss: 2.913032 | lrm: 0.36 | dt: 641.40ms | tok/sec: 102,175 | bf16_mfu: 0.00 | epoch: 1 pq: 3 rg: 21 | total time: 33.41m | eta: 9.1m
step 03002/03814 (78.71%) | loss: 2.908630 | lrm: 0.36 | dt: 646.81ms | tok/sec: 101,321 | bf16_mfu: 0.00 | epoch: 1 pq: 3 rg: 21 | total time: 33.42m | eta: 9.1m
step 03003/03814 (78.74%) | loss: 2.898468 | lrm: 0.36 | dt: 654.86ms | tok/sec: 100,076 | bf16_mfu: 0.00 | epoch: 1 pq: 3 rg: 21 | total time: 33.44m | eta: 9.1m
step 03004/03814 (78.76%) | loss: 2.890809 | lrm: 0.36 | dt: 638.07ms | tok/sec: 102,709 | bf16_mfu: 0.00 | epoch: 1 pq: 3 rg: 21 | total time: 33.45m | eta: 9.0m
step 03005/03814 (78.79%) | loss: 2.893599 | lrm: 0.36 | dt: 639.90ms | tok/sec: 102,415 | bf16_mfu: 0.00 | epoch: 1 pq: 3 rg: 21 | total time: 33.46m | eta: 9.0m
step 03006/03814 (78.81%) | loss: 2.895459 | lrm: 0.36 | dt: 647.85ms | tok/sec: 101,159 | bf16_mfu: 0.00 | epoch: 1 pq: 3 rg: 21 | total time: 33.47m | eta: 9.0m
step 03007/03814 (78.84%) | loss: 2.890975 | lrm: 0.36 | dt: 636.28ms | tok/sec: 102,999 | bf16_mfu: 0.00 | epoch: 1 pq: 3 rg: 21 | total time: 33.48m | eta: 9.0m
step 03008/03814 (78.87%) | loss: 2.880731 | lrm: 0.36 | dt: 644.81ms | tok/sec: 101,636 | bf16_mfu: 0.00 | epoch: 1 pq: 3 rg: 21 | total time: 33.49m | eta: 9.0m
step 03009/03814 (78.89%) | loss: 2.889908 | lrm: 0.36 | dt: 650.20ms | tok/sec: 100,793 | bf16_mfu: 0.00 | epoch: 1 pq: 3 rg: 22 | total time: 33.50m | eta: 9.0m
step 03010/03814 (78.92%) | loss: 2.918602 | lrm: 0.36 | dt: 644.43ms | tok/sec: 101,696 | bf16_mfu: 0.00 | epoch: 1 pq: 3 rg: 22 | total time: 33.51m | eta: 9.0m
step 03011/03814 (78.95%) | loss: 2.914302 | lrm: 0.36 | dt: 643.09ms | tok/sec: 101,908 | bf16_mfu: 0.00 | epoch: 1 pq: 3 rg: 22 | total time: 33.52m | eta: 9.0m
step 03012/03814 (78.97%) | loss: 2.907941 | lrm: 0.36 | dt: 642.45ms | tok/sec: 102,008 | bf16_mfu: 0.00 | epoch: 1 pq: 3 rg: 22 | total time: 33.53m | eta: 9.0m
step 03013/03814 (79.00%) | loss: 2.900817 | lrm: 0.36 | dt: 649.93ms | tok/sec: 100,835 | bf16_mfu: 0.00 | epoch: 1 pq: 3 rg: 22 | total time: 33.54m | eta: 8.9m
step 03014/03814 (79.02%) | loss: 2.892827 | lrm: 0.36 | dt: 643.54ms | tok/sec: 101,836 | bf16_mfu: 0.00 | epoch: 1 pq: 3 rg: 22 | total time: 33.55m | eta: 8.9m
step 03015/03814 (79.05%) | loss: 2.886068 | lrm: 0.36 | dt: 649.45ms | tok/sec: 100,910 | bf16_mfu: 0.00 | epoch: 1 pq: 3 rg: 22 | total time: 33.56m | eta: 8.9m
step 03016/03814 (79.08%) | loss: 2.871733 | lrm: 0.36 | dt: 643.56ms | tok/sec: 101,833 | bf16_mfu: 0.00 | epoch: 1 pq: 3 rg: 22 | total time: 33.58m | eta: 8.9m
step 03017/03814 (79.10%) | loss: 2.874407 | lrm: 0.36 | dt: 639.19ms | tok/sec: 102,530 | bf16_mfu: 0.00 | epoch: 1 pq: 3 rg: 22 | total time: 33.59m | eta: 8.9m
step 03018/03814 (79.13%) | loss: 2.898070 | lrm: 0.36 | dt: 659.10ms | tok/sec: 99,432 | bf16_mfu: 0.00 | epoch: 1 pq: 3 rg: 22 | total time: 33.60m | eta: 8.9m
step 03019/03814 (79.16%) | loss: 2.895158 | lrm: 0.35 | dt: 671.85ms | tok/sec: 97,545 | bf16_mfu: 0.00 | epoch: 1 pq: 3 rg: 23 | total time: 33.61m | eta: 8.9m
step 03020/03814 (79.18%) | loss: 2.878192 | lrm: 0.35 | dt: 643.50ms | tok/sec: 101,843 | bf16_mfu: 0.00 | epoch: 1 pq: 3 rg: 23 | total time: 33.62m | eta: 8.9m
step 03021/03814 (79.21%) | loss: 2.874301 | lrm: 0.35 | dt: 879.77ms | tok/sec: 74,491 | bf16_mfu: 0.00 | epoch: 1 pq: 3 rg: 23 | total time: 33.63m | eta: 8.9m
step 03022/03814 (79.23%) | loss: 2.890142 | lrm: 0.35 | dt: 640.71ms | tok/sec: 102,287 | bf16_mfu: 0.00 | epoch: 1 pq: 3 rg: 23 | total time: 33.64m | eta: 8.8m
step 03023/03814 (79.26%) | loss: 2.897487 | lrm: 0.35 | dt: 641.16ms | tok/sec: 102,214 | bf16_mfu: 0.00 | epoch: 1 pq: 3 rg: 23 | total time: 33.65m | eta: 8.8m
step 03024/03814 (79.29%) | loss: 2.882066 | lrm: 0.35 | dt: 643.66ms | tok/sec: 101,817 | bf16_mfu: 0.00 | epoch: 1 pq: 3 rg: 23 | total time: 33.67m | eta: 8.8m
step 03025/03814 (79.31%) | loss: 2.899896 | lrm: 0.35 | dt: 645.21ms | tok/sec: 101,572 | bf16_mfu: 0.00 | epoch: 1 pq: 3 rg: 23 | total time: 33.68m | eta: 8.8m
step 03026/03814 (79.34%) | loss: 2.908877 | lrm: 0.35 | dt: 642.17ms | tok/sec: 102,054 | bf16_mfu: 0.00 | epoch: 1 pq: 3 rg: 23 | total time: 33.69m | eta: 8.8m
step 03027/03814 (79.37%) | loss: 2.906189 | lrm: 0.35 | dt: 688.04ms | tok/sec: 95,249 | bf16_mfu: 0.00 | epoch: 1 pq: 3 rg: 23 | total time: 33.70m | eta: 8.8m
step 03028/03814 (79.39%) | loss: 2.901921 | lrm: 0.35 | dt: 642.08ms | tok/sec: 102,068 | bf16_mfu: 0.00 | epoch: 1 pq: 3 rg: 23 | total time: 33.71m | eta: 8.8m
step 03029/03814 (79.42%) | loss: 2.897732 | lrm: 0.35 | dt: 645.50ms | tok/sec: 101,527 | bf16_mfu: 0.00 | epoch: 1 pq: 3 rg: 23 | total time: 33.72m | eta: 8.8m
step 03030/03814 (79.44%) | loss: 2.898554 | lrm: 0.35 | dt: 703.81ms | tok/sec: 93,116 | bf16_mfu: 0.00 | epoch: 1 pq: 3 rg: 24 | total time: 33.73m | eta: 8.8m
step 03031/03814 (79.47%) | loss: 2.916967 | lrm: 0.35 | dt: 690.81ms | tok/sec: 94,868 | bf16_mfu: 0.00 | epoch: 1 pq: 3 rg: 24 | total time: 33.74m | eta: 8.7m
step 03032/03814 (79.50%) | loss: 2.899384 | lrm: 0.35 | dt: 648.73ms | tok/sec: 101,022 | bf16_mfu: 0.00 | epoch: 1 pq: 3 rg: 24 | total time: 33.75m | eta: 8.7m
step 03033/03814 (79.52%) | loss: 2.905649 | lrm: 0.35 | dt: 646.52ms | tok/sec: 101,367 | bf16_mfu: 0.00 | epoch: 1 pq: 3 rg: 24 | total time: 33.76m | eta: 8.7m
step 03034/03814 (79.55%) | loss: 2.916333 | lrm: 0.35 | dt: 699.45ms | tok/sec: 93,696 | bf16_mfu: 0.00 | epoch: 1 pq: 3 rg: 24 | total time: 33.78m | eta: 8.7m
step 03035/03814 (79.58%) | loss: 2.915115 | lrm: 0.35 | dt: 644.30ms | tok/sec: 101,716 | bf16_mfu: 0.00 | epoch: 1 pq: 3 rg: 24 | total time: 33.79m | eta: 8.7m
step 03036/03814 (79.60%) | loss: 2.901351 | lrm: 0.35 | dt: 660.97ms | tok/sec: 99,150 | bf16_mfu: 0.00 | epoch: 1 pq: 3 rg: 24 | total time: 33.80m | eta: 8.7m
step 03037/03814 (79.63%) | loss: 2.899239 | lrm: 0.35 | dt: 645.66ms | tok/sec: 101,502 | bf16_mfu: 0.00 | epoch: 1 pq: 3 rg: 24 | total time: 33.81m | eta: 8.7m
step 03038/03814 (79.65%) | loss: 2.915768 | lrm: 0.35 | dt: 645.97ms | tok/sec: 101,453 | bf16_mfu: 0.00 | epoch: 1 pq: 3 rg: 24 | total time: 33.82m | eta: 8.7m
step 03039/03814 (79.68%) | loss: 2.934359 | lrm: 0.35 | dt: 677.61ms | tok/sec: 96,716 | bf16_mfu: 0.00 | epoch: 1 pq: 3 rg: 24 | total time: 33.83m | eta: 8.7m
step 03040/03814 (79.71%) | loss: 2.926212 | lrm: 0.35 | dt: 655.82ms | tok/sec: 99,929 | bf16_mfu: 0.00 | epoch: 1 pq: 3 rg: 25 | total time: 33.84m | eta: 8.6m
step 03041/03814 (79.73%) | loss: 2.913664 | lrm: 0.35 | dt: 645.21ms | tok/sec: 101,573 | bf16_mfu: 0.00 | epoch: 1 pq: 3 rg: 25 | total time: 33.85m | eta: 8.6m
step 03042/03814 (79.76%) | loss: 2.896835 | lrm: 0.35 | dt: 644.83ms | tok/sec: 101,633 | bf16_mfu: 0.00 | epoch: 1 pq: 3 rg: 25 | total time: 33.86m | eta: 8.6m
step 03043/03814 (79.79%) | loss: 2.896775 | lrm: 0.35 | dt: 647.93ms | tok/sec: 101,147 | bf16_mfu: 0.00 | epoch: 1 pq: 3 rg: 25 | total time: 33.87m | eta: 8.6m
step 03044/03814 (79.81%) | loss: 2.894679 | lrm: 0.35 | dt: 712.28ms | tok/sec: 92,009 | bf16_mfu: 0.00 | epoch: 1 pq: 3 rg: 25 | total time: 33.89m | eta: 8.6m
step 03045/03814 (79.84%) | loss: 2.892751 | lrm: 0.34 | dt: 648.14ms | tok/sec: 101,114 | bf16_mfu: 0.00 | epoch: 1 pq: 3 rg: 25 | total time: 33.90m | eta: 8.6m
step 03046/03814 (79.86%) | loss: 2.921467 | lrm: 0.34 | dt: 775.61ms | tok/sec: 84,495 | bf16_mfu: 0.00 | epoch: 1 pq: 3 rg: 25 | total time: 33.91m | eta: 8.6m
step 03047/03814 (79.89%) | loss: 2.929335 | lrm: 0.34 | dt: 668.86ms | tok/sec: 97,981 | bf16_mfu: 0.00 | epoch: 1 pq: 3 rg: 25 | total time: 33.92m | eta: 8.6m
step 03048/03814 (79.92%) | loss: 2.936913 | lrm: 0.34 | dt: 651.74ms | tok/sec: 100,556 | bf16_mfu: 0.00 | epoch: 1 pq: 3 rg: 25 | total time: 33.93m | eta: 8.6m
step 03049/03814 (79.94%) | loss: 2.928198 | lrm: 0.34 | dt: 650.44ms | tok/sec: 100,756 | bf16_mfu: 0.00 | epoch: 1 pq: 3 rg: 25 | total time: 33.94m | eta: 8.5m
step 03050/03814 (79.97%) | loss: 2.929589 | lrm: 0.34 | dt: 651.02ms | tok/sec: 100,666 | bf16_mfu: 0.00 | epoch: 1 pq: 3 rg: 25 | total time: 33.95m | eta: 8.5m
step 03051/03814 (79.99%) | loss: 2.919618 | lrm: 0.34 | dt: 668.10ms | tok/sec: 98,093 | bf16_mfu: 0.00 | epoch: 1 pq: 3 rg: 26 | total time: 33.96m | eta: 8.5m
step 03052/03814 (80.02%) | loss: 2.912016 | lrm: 0.34 | dt: 653.67ms | tok/sec: 100,259 | bf16_mfu: 0.00 | epoch: 1 pq: 3 rg: 26 | total time: 33.98m | eta: 8.5m
step 03053/03814 (80.05%) | loss: 2.913314 | lrm: 0.34 | dt: 654.14ms | tok/sec: 100,186 | bf16_mfu: 0.00 | epoch: 1 pq: 3 rg: 26 | total time: 33.99m | eta: 8.5m
step 03054/03814 (80.07%) | loss: 2.922451 | lrm: 0.34 | dt: 732.58ms | tok/sec: 89,459 | bf16_mfu: 0.00 | epoch: 1 pq: 3 rg: 26 | total time: 34.00m | eta: 8.5m
step 03055/03814 (80.10%) | loss: 2.986940 | lrm: 0.34 | dt: 657.85ms | tok/sec: 99,621 | bf16_mfu: 0.00 | epoch: 1 pq: 3 rg: 26 | total time: 34.01m | eta: 8.5m
step 03056/03814 (80.13%) | loss: 2.984468 | lrm: 0.34 | dt: 653.23ms | tok/sec: 100,325 | bf16_mfu: 0.00 | epoch: 1 pq: 3 rg: 26 | total time: 34.02m | eta: 8.5m
step 03057/03814 (80.15%) | loss: 2.982463 | lrm: 0.34 | dt: 785.20ms | tok/sec: 83,464 | bf16_mfu: 0.00 | epoch: 1 pq: 3 rg: 26 | total time: 34.03m | eta: 8.5m
step 03058/03814 (80.18%) | loss: 2.973420 | lrm: 0.34 | dt: 653.19ms | tok/sec: 100,331 | bf16_mfu: 0.00 | epoch: 1 pq: 3 rg: 26 | total time: 34.04m | eta: 8.4m
step 03059/03814 (80.20%) | loss: 2.966826 | lrm: 0.34 | dt: 655.43ms | tok/sec: 99,989 | bf16_mfu: 0.00 | epoch: 1 pq: 3 rg: 26 | total time: 34.06m | eta: 8.4m
step 03060/03814 (80.23%) | loss: 2.962594 | lrm: 0.34 | dt: 767.71ms | tok/sec: 85,365 | bf16_mfu: 0.00 | epoch: 1 pq: 3 rg: 26 | total time: 34.07m | eta: 8.4m
step 03061/03814 (80.26%) | loss: 2.955547 | lrm: 0.34 | dt: 662.17ms | tok/sec: 98,970 | bf16_mfu: 0.00 | epoch: 1 pq: 3 rg: 26 | total time: 34.08m | eta: 8.4m
step 03062/03814 (80.28%) | loss: 2.965135 | lrm: 0.34 | dt: 662.71ms | tok/sec: 98,890 | bf16_mfu: 0.00 | epoch: 1 pq: 3 rg: 27 | total time: 34.09m | eta: 8.4m
step 03063/03814 (80.31%) | loss: 2.958296 | lrm: 0.34 | dt: 662.58ms | tok/sec: 98,910 | bf16_mfu: 0.00 | epoch: 1 pq: 3 rg: 27 | total time: 34.10m | eta: 8.4m
step 03064/03814 (80.34%) | loss: 2.940957 | lrm: 0.34 | dt: 661.26ms | tok/sec: 99,107 | bf16_mfu: 0.00 | epoch: 1 pq: 3 rg: 27 | total time: 34.11m | eta: 8.4m
step 03065/03814 (80.36%) | loss: 2.922890 | lrm: 0.34 | dt: 660.95ms | tok/sec: 99,153 | bf16_mfu: 0.00 | epoch: 1 pq: 3 rg: 27 | total time: 34.12m | eta: 8.4m
step 03066/03814 (80.39%) | loss: 2.940135 | lrm: 0.34 | dt: 661.06ms | tok/sec: 99,137 | bf16_mfu: 0.00 | epoch: 1 pq: 3 rg: 27 | total time: 34.13m | eta: 8.4m
step 03067/03814 (80.41%) | loss: 2.929560 | lrm: 0.34 | dt: 668.42ms | tok/sec: 98,046 | bf16_mfu: 0.00 | epoch: 1 pq: 3 rg: 27 | total time: 34.15m | eta: 8.3m
step 03068/03814 (80.44%) | loss: 2.933623 | lrm: 0.34 | dt: 663.51ms | tok/sec: 98,771 | bf16_mfu: 0.00 | epoch: 1 pq: 3 rg: 27 | total time: 34.16m | eta: 8.3m
step 03069/03814 (80.47%) | loss: 2.935887 | lrm: 0.34 | dt: 668.35ms | tok/sec: 98,055 | bf16_mfu: 0.00 | epoch: 1 pq: 3 rg: 27 | total time: 34.17m | eta: 8.3m
step 03070/03814 (80.49%) | loss: 2.955233 | lrm: 0.34 | dt: 668.97ms | tok/sec: 97,965 | bf16_mfu: 0.00 | epoch: 1 pq: 3 rg: 27 | total time: 34.18m | eta: 8.3m
step 03071/03814 (80.52%) | loss: 2.986687 | lrm: 0.33 | dt: 670.12ms | tok/sec: 97,797 | bf16_mfu: 0.00 | epoch: 1 pq: 3 rg: 27 | total time: 34.19m | eta: 8.3m
step 03072/03814 (80.55%) | loss: 2.973498 | lrm: 0.33 | dt: 803.21ms | tok/sec: 81,592 | bf16_mfu: 0.00 | epoch: 1 pq: 3 rg: 28 | total time: 34.20m | eta: 8.3m
step 03073/03814 (80.57%) | loss: 2.954452 | lrm: 0.33 | dt: 671.82ms | tok/sec: 97,550 | bf16_mfu: 0.00 | epoch: 1 pq: 3 rg: 28 | total time: 34.21m | eta: 8.3m
step 03074/03814 (80.60%) | loss: 2.961291 | lrm: 0.33 | dt: 707.34ms | tok/sec: 92,651 | bf16_mfu: 0.00 | epoch: 1 pq: 3 rg: 28 | total time: 34.23m | eta: 8.3m
step 03075/03814 (80.62%) | loss: 2.941492 | lrm: 0.33 | dt: 668.95ms | tok/sec: 97,968 | bf16_mfu: 0.00 | epoch: 1 pq: 3 rg: 28 | total time: 34.24m | eta: 8.3m
step 03076/03814 (80.65%) | loss: 2.941298 | lrm: 0.33 | dt: 674.08ms | tok/sec: 97,223 | bf16_mfu: 0.00 | epoch: 1 pq: 3 rg: 28 | total time: 34.25m | eta: 8.2m
step 03077/03814 (80.68%) | loss: 2.931658 | lrm: 0.33 | dt: 674.00ms | tok/sec: 97,234 | bf16_mfu: 0.00 | epoch: 1 pq: 3 rg: 28 | total time: 34.26m | eta: 8.2m
step 03078/03814 (80.70%) | loss: 2.912994 | lrm: 0.33 | dt: 695.00ms | tok/sec: 94,296 | bf16_mfu: 0.00 | epoch: 1 pq: 3 rg: 28 | total time: 34.27m | eta: 8.2m
step 03079/03814 (80.73%) | loss: 2.927998 | lrm: 0.33 | dt: 725.26ms | tok/sec: 90,362 | bf16_mfu: 0.00 | epoch: 1 pq: 3 rg: 28 | total time: 34.28m | eta: 8.2m
step 03080/03814 (80.76%) | loss: 2.917230 | lrm: 0.33 | dt: 678.18ms | tok/sec: 96,634 | bf16_mfu: 0.00 | epoch: 1 pq: 3 rg: 28 | total time: 34.29m | eta: 8.2m
step 03081/03814 (80.78%) | loss: 2.925769 | lrm: 0.33 | dt: 673.08ms | tok/sec: 97,367 | bf16_mfu: 0.00 | epoch: 1 pq: 3 rg: 28 | total time: 34.31m | eta: 8.2m
step 03082/03814 (80.81%) | loss: 2.929773 | lrm: 0.33 | dt: 668.43ms | tok/sec: 98,044 | bf16_mfu: 0.00 | epoch: 1 pq: 3 rg: 28 | total time: 34.32m | eta: 8.2m
step 03083/03814 (80.83%) | loss: 2.923377 | lrm: 0.33 | dt: 670.03ms | tok/sec: 97,810 | bf16_mfu: 0.00 | epoch: 1 pq: 3 rg: 29 | total time: 34.33m | eta: 8.2m
step 03084/03814 (80.86%) | loss: 2.928888 | lrm: 0.33 | dt: 666.72ms | tok/sec: 98,296 | bf16_mfu: 0.00 | epoch: 1 pq: 3 rg: 29 | total time: 34.34m | eta: 8.2m
step 03085/03814 (80.89%) | loss: 2.940646 | lrm: 0.33 | dt: 676.53ms | tok/sec: 96,871 | bf16_mfu: 0.00 | epoch: 1 pq: 3 rg: 29 | total time: 34.35m | eta: 8.1m
step 03086/03814 (80.91%) | loss: 2.944799 | lrm: 0.33 | dt: 670.00ms | tok/sec: 97,814 | bf16_mfu: 0.00 | epoch: 1 pq: 3 rg: 29 | total time: 34.36m | eta: 8.1m
step 03087/03814 (80.94%) | loss: 2.947063 | lrm: 0.33 | dt: 672.08ms | tok/sec: 97,512 | bf16_mfu: 0.00 | epoch: 1 pq: 3 rg: 29 | total time: 34.37m | eta: 8.1m
step 03088/03814 (80.96%) | loss: 2.931181 | lrm: 0.33 | dt: 668.43ms | tok/sec: 98,044 | bf16_mfu: 0.00 | epoch: 1 pq: 3 rg: 29 | total time: 34.38m | eta: 8.1m
step 03089/03814 (80.99%) | loss: 2.932809 | lrm: 0.33 | dt: 687.42ms | tok/sec: 95,335 | bf16_mfu: 0.00 | epoch: 1 pq: 3 rg: 29 | total time: 34.40m | eta: 8.1m
step 03090/03814 (81.02%) | loss: 2.926878 | lrm: 0.33 | dt: 664.04ms | tok/sec: 98,692 | bf16_mfu: 0.00 | epoch: 1 pq: 3 rg: 29 | total time: 34.41m | eta: 8.1m
step 03091/03814 (81.04%) | loss: 2.916365 | lrm: 0.33 | dt: 691.32ms | tok/sec: 94,797 | bf16_mfu: 0.00 | epoch: 1 pq: 3 rg: 29 | total time: 34.42m | eta: 8.1m
step 03092/03814 (81.07%) | loss: 2.916335 | lrm: 0.33 | dt: 665.97ms | tok/sec: 98,406 | bf16_mfu: 0.00 | epoch: 1 pq: 3 rg: 29 | total time: 34.43m | eta: 8.1m
step 03093/03814 (81.10%) | loss: 2.947718 | lrm: 0.33 | dt: 660.67ms | tok/sec: 99,196 | bf16_mfu: 0.00 | epoch: 1 pq: 3 rg: 29 | total time: 34.44m | eta: 8.1m
step 03094/03814 (81.12%) | loss: 2.938303 | lrm: 0.33 | dt: 658.40ms | tok/sec: 99,538 | bf16_mfu: 0.00 | epoch: 1 pq: 3 rg: 30 | total time: 34.45m | eta: 8.0m
step 03095/03814 (81.15%) | loss: 2.923163 | lrm: 0.33 | dt: 660.10ms | tok/sec: 99,281 | bf16_mfu: 0.00 | epoch: 1 pq: 3 rg: 30 | total time: 34.46m | eta: 8.0m
step 03096/03814 (81.17%) | loss: 2.909331 | lrm: 0.33 | dt: 655.98ms | tok/sec: 99,906 | bf16_mfu: 0.00 | epoch: 1 pq: 3 rg: 30 | total time: 34.47m | eta: 8.0m
step 03097/03814 (81.20%) | loss: 2.918531 | lrm: 0.32 | dt: 656.26ms | tok/sec: 99,863 | bf16_mfu: 0.00 | epoch: 1 pq: 3 rg: 30 | total time: 34.48m | eta: 8.0m
step 03098/03814 (81.23%) | loss: 2.914895 | lrm: 0.32 | dt: 657.70ms | tok/sec: 99,644 | bf16_mfu: 0.00 | epoch: 1 pq: 3 rg: 30 | total time: 34.50m | eta: 8.0m
step 03099/03814 (81.25%) | loss: 2.912424 | lrm: 0.32 | dt: 656.08ms | tok/sec: 99,890 | bf16_mfu: 0.00 | epoch: 1 pq: 3 rg: 30 | total time: 34.51m | eta: 8.0m
step 03100/03814 (81.28%) | loss: 2.900809 | lrm: 0.32 | dt: 670.96ms | tok/sec: 97,674 | bf16_mfu: 0.00 | epoch: 1 pq: 3 rg: 30 | total time: 34.52m | eta: 8.0m
step 03101/03814 (81.31%) | loss: 2.897663 | lrm: 0.32 | dt: 689.72ms | tok/sec: 95,018 | bf16_mfu: 0.00 | epoch: 1 pq: 3 rg: 30 | total time: 34.53m | eta: 8.0m
step 03102/03814 (81.33%) | loss: 2.894223 | lrm: 0.32 | dt: 734.38ms | tok/sec: 89,239 | bf16_mfu: 0.00 | epoch: 1 pq: 3 rg: 30 | total time: 34.54m | eta: 8.0m
step 03103/03814 (81.36%) | loss: 2.888046 | lrm: 0.32 | dt: 656.65ms | tok/sec: 99,804 | bf16_mfu: 0.00 | epoch: 1 pq: 3 rg: 30 | total time: 34.55m | eta: 7.9m
step 03104/03814 (81.38%) | loss: 2.871866 | lrm: 0.32 | dt: 654.47ms | tok/sec: 100,136 | bf16_mfu: 0.00 | epoch: 1 pq: 3 rg: 30 | total time: 34.56m | eta: 7.9m
step 03105/03814 (81.41%) | loss: 2.868533 | lrm: 0.32 | dt: 652.66ms | tok/sec: 100,414 | bf16_mfu: 0.00 | epoch: 1 pq: 3 rg: 31 | total time: 34.57m | eta: 7.9m
step 03106/03814 (81.44%) | loss: 2.858923 | lrm: 0.32 | dt: 661.30ms | tok/sec: 99,102 | bf16_mfu: 0.00 | epoch: 1 pq: 3 rg: 31 | total time: 34.58m | eta: 7.9m
step 03107/03814 (81.46%) | loss: 2.854146 | lrm: 0.32 | dt: 653.26ms | tok/sec: 100,321 | bf16_mfu: 0.00 | epoch: 1 pq: 3 rg: 31 | total time: 34.60m | eta: 7.9m
step 03108/03814 (81.49%) | loss: 2.865386 | lrm: 0.32 | dt: 721.56ms | tok/sec: 90,825 | bf16_mfu: 0.00 | epoch: 1 pq: 3 rg: 31 | total time: 34.61m | eta: 7.9m
step 03109/03814 (81.52%) | loss: 2.851469 | lrm: 0.32 | dt: 653.85ms | tok/sec: 100,230 | bf16_mfu: 0.00 | epoch: 1 pq: 3 rg: 31 | total time: 34.62m | eta: 7.9m
step 03110/03814 (81.54%) | loss: 2.847352 | lrm: 0.32 | dt: 651.10ms | tok/sec: 100,653 | bf16_mfu: 0.00 | epoch: 1 pq: 3 rg: 31 | total time: 34.63m | eta: 7.9m
step 03111/03814 (81.57%) | loss: 2.848216 | lrm: 0.32 | dt: 651.13ms | tok/sec: 100,649 | bf16_mfu: 0.00 | epoch: 1 pq: 3 rg: 31 | total time: 34.64m | eta: 7.9m
step 03112/03814 (81.59%) | loss: 2.862340 | lrm: 0.32 | dt: 648.72ms | tok/sec: 101,024 | bf16_mfu: 0.00 | epoch: 1 pq: 3 rg: 31 | total time: 34.65m | eta: 7.8m
step 03113/03814 (81.62%) | loss: 2.881087 | lrm: 0.32 | dt: 656.60ms | tok/sec: 99,810 | bf16_mfu: 0.00 | epoch: 1 pq: 3 rg: 31 | total time: 34.66m | eta: 7.8m
step 03114/03814 (81.65%) | loss: 2.861843 | lrm: 0.32 | dt: 646.10ms | tok/sec: 101,433 | bf16_mfu: 0.00 | epoch: 1 pq: 3 rg: 31 | total time: 34.67m | eta: 7.8m
step 03115/03814 (81.67%) | loss: 2.866738 | lrm: 0.32 | dt: 651.02ms | tok/sec: 100,666 | bf16_mfu: 0.00 | epoch: 1 pq: 3 rg: 31 | total time: 34.68m | eta: 7.8m
step 03116/03814 (81.70%) | loss: 2.863712 | lrm: 0.32 | dt: 682.65ms | tok/sec: 96,002 | bf16_mfu: 0.00 | epoch: 1 pq: 3 rg: 32 | total time: 34.70m | eta: 7.8m
step 03117/03814 (81.73%) | loss: 2.864479 | lrm: 0.32 | dt: 649.80ms | tok/sec: 100,855 | bf16_mfu: 0.00 | epoch: 1 pq: 3 rg: 32 | total time: 34.71m | eta: 7.8m
step 03118/03814 (81.75%) | loss: 2.863398 | lrm: 0.32 | dt: 655.21ms | tok/sec: 100,023 | bf16_mfu: 0.00 | epoch: 1 pq: 3 rg: 32 | total time: 34.72m | eta: 7.8m
step 03119/03814 (81.78%) | loss: 2.869159 | lrm: 0.32 | dt: 650.95ms | tok/sec: 100,677 | bf16_mfu: 0.00 | epoch: 1 pq: 3 rg: 32 | total time: 34.73m | eta: 7.8m
step 03120/03814 (81.80%) | loss: 2.884439 | lrm: 0.32 | dt: 649.10ms | tok/sec: 100,964 | bf16_mfu: 0.00 | epoch: 1 pq: 3 rg: 32 | total time: 34.74m | eta: 7.8m
step 03121/03814 (81.83%) | loss: 2.875273 | lrm: 0.32 | dt: 648.92ms | tok/sec: 100,993 | bf16_mfu: 0.00 | epoch: 1 pq: 3 rg: 32 | total time: 34.75m | eta: 7.7m
step 03122/03814 (81.86%) | loss: 2.855683 | lrm: 0.32 | dt: 650.52ms | tok/sec: 100,743 | bf16_mfu: 0.00 | epoch: 1 pq: 3 rg: 32 | total time: 34.76m | eta: 7.7m
step 03123/03814 (81.88%) | loss: 2.867882 | lrm: 0.31 | dt: 656.04ms | tok/sec: 99,895 | bf16_mfu: 0.00 | epoch: 1 pq: 3 rg: 32 | total time: 34.77m | eta: 7.7m
step 03124/03814 (81.91%) | loss: 2.880147 | lrm: 0.31 | dt: 648.26ms | tok/sec: 101,094 | bf16_mfu: 0.00 | epoch: 1 pq: 3 rg: 32 | total time: 34.78m | eta: 7.7m
step 03125/03814 (81.93%) | loss: 2.880024 | lrm: 0.31 | dt: 648.28ms | tok/sec: 101,091 | bf16_mfu: 0.00 | epoch: 1 pq: 3 rg: 32 | total time: 34.79m | eta: 7.7m
step 03126/03814 (81.96%) | loss: 2.880351 | lrm: 0.31 | dt: 653.28ms | tok/sec: 100,317 | bf16_mfu: 0.00 | epoch: 1 pq: 3 rg: 32 | total time: 34.80m | eta: 7.7m
step 03127/03814 (81.99%) | loss: 2.868397 | lrm: 0.31 | dt: 647.68ms | tok/sec: 101,186 | bf16_mfu: 0.00 | epoch: 1 pq: 3 rg: 33 | total time: 34.81m | eta: 7.7m
step 03128/03814 (82.01%) | loss: 2.865173 | lrm: 0.31 | dt: 708.04ms | tok/sec: 92,559 | bf16_mfu: 0.00 | epoch: 1 pq: 3 rg: 33 | total time: 34.83m | eta: 7.7m
step 03129/03814 (82.04%) | loss: 2.858668 | lrm: 0.31 | dt: 644.03ms | tok/sec: 101,758 | bf16_mfu: 0.00 | epoch: 1 pq: 3 rg: 33 | total time: 34.84m | eta: 7.7m
step 03130/03814 (82.07%) | loss: 2.849166 | lrm: 0.31 | dt: 648.78ms | tok/sec: 101,013 | bf16_mfu: 0.00 | epoch: 1 pq: 3 rg: 33 | total time: 34.85m | eta: 7.6m
step 03131/03814 (82.09%) | loss: 2.845216 | lrm: 0.31 | dt: 768.13ms | tok/sec: 85,319 | bf16_mfu: 0.00 | epoch: 1 pq: 3 rg: 33 | total time: 34.86m | eta: 7.6m
step 03132/03814 (82.12%) | loss: 2.866157 | lrm: 0.31 | dt: 648.81ms | tok/sec: 101,009 | bf16_mfu: 0.00 | epoch: 1 pq: 3 rg: 33 | total time: 34.87m | eta: 7.6m
step 03133/03814 (82.14%) | loss: 2.856105 | lrm: 0.31 | dt: 687.65ms | tok/sec: 95,303 | bf16_mfu: 0.00 | epoch: 1 pq: 3 rg: 33 | total time: 34.88m | eta: 7.6m
step 03134/03814 (82.17%) | loss: 2.860771 | lrm: 0.31 | dt: 647.21ms | tok/sec: 101,259 | bf16_mfu: 0.00 | epoch: 1 pq: 3 rg: 33 | total time: 34.89m | eta: 7.6m
step 03135/03814 (82.20%) | loss: 2.863062 | lrm: 0.31 | dt: 690.35ms | tok/sec: 94,932 | bf16_mfu: 0.00 | epoch: 1 pq: 3 rg: 33 | total time: 34.91m | eta: 7.6m
step 03136/03814 (82.22%) | loss: 2.837228 | lrm: 0.31 | dt: 643.55ms | tok/sec: 101,835 | bf16_mfu: 0.00 | epoch: 1 pq: 3 rg: 33 | total time: 34.92m | eta: 7.6m
step 03137/03814 (82.25%) | loss: 2.833250 | lrm: 0.31 | dt: 683.79ms | tok/sec: 95,842 | bf16_mfu: 0.00 | epoch: 1 pq: 3 rg: 34 | total time: 34.93m | eta: 7.6m
step 03138/03814 (82.28%) | loss: 2.838563 | lrm: 0.31 | dt: 650.14ms | tok/sec: 100,803 | bf16_mfu: 0.00 | epoch: 1 pq: 3 rg: 34 | total time: 34.94m | eta: 7.6m
step 03139/03814 (82.30%) | loss: 2.854412 | lrm: 0.31 | dt: 649.22ms | tok/sec: 100,945 | bf16_mfu: 0.00 | epoch: 1 pq: 3 rg: 34 | total time: 34.95m | eta: 7.5m
step 03140/03814 (82.33%) | loss: 2.870421 | lrm: 0.31 | dt: 646.37ms | tok/sec: 101,390 | bf16_mfu: 0.00 | epoch: 1 pq: 3 rg: 34 | total time: 34.96m | eta: 7.5m
step 03141/03814 (82.35%) | loss: 2.873039 | lrm: 0.31 | dt: 683.64ms | tok/sec: 95,863 | bf16_mfu: 0.00 | epoch: 1 pq: 3 rg: 34 | total time: 34.97m | eta: 7.5m
step 03142/03814 (82.38%) | loss: 2.860504 | lrm: 0.31 | dt: 650.42ms | tok/sec: 100,758 | bf16_mfu: 0.00 | epoch: 1 pq: 3 rg: 34 | total time: 34.98m | eta: 7.5m
step 03143/03814 (82.41%) | loss: 2.854465 | lrm: 0.31 | dt: 650.64ms | tok/sec: 100,726 | bf16_mfu: 0.00 | epoch: 1 pq: 3 rg: 34 | total time: 34.99m | eta: 7.5m
step 03144/03814 (82.43%) | loss: 2.859948 | lrm: 0.31 | dt: 663.60ms | tok/sec: 98,758 | bf16_mfu: 0.00 | epoch: 1 pq: 3 rg: 34 | total time: 35.00m | eta: 7.5m
step 03145/03814 (82.46%) | loss: 2.855456 | lrm: 0.31 | dt: 646.39ms | tok/sec: 101,388 | bf16_mfu: 0.00 | epoch: 1 pq: 3 rg: 34 | total time: 35.01m | eta: 7.5m
step 03146/03814 (82.49%) | loss: 2.850749 | lrm: 0.31 | dt: 700.63ms | tok/sec: 93,538 | bf16_mfu: 0.00 | epoch: 1 pq: 3 rg: 34 | total time: 35.03m | eta: 7.5m
step 03147/03814 (82.51%) | loss: 2.863691 | lrm: 0.31 | dt: 644.86ms | tok/sec: 101,628 | bf16_mfu: 0.00 | epoch: 1 pq: 3 rg: 34 | total time: 35.04m | eta: 7.4m
step 03148/03814 (82.54%) | loss: 2.862718 | lrm: 0.31 | dt: 775.58ms | tok/sec: 84,498 | bf16_mfu: 0.00 | epoch: 1 pq: 3 rg: 35 | total time: 35.05m | eta: 7.4m
step 03149/03814 (82.56%) | loss: 2.858443 | lrm: 0.30 | dt: 654.14ms | tok/sec: 100,187 | bf16_mfu: 0.00 | epoch: 1 pq: 3 rg: 35 | total time: 35.06m | eta: 7.4m
step 03150/03814 (82.59%) | loss: 2.892866 | lrm: 0.30 | dt: 660.97ms | tok/sec: 99,151 | bf16_mfu: 0.00 | epoch: 1 pq: 3 rg: 35 | total time: 35.07m | eta: 7.4m
step 03151/03814 (82.62%) | loss: 2.888813 | lrm: 0.30 | dt: 655.33ms | tok/sec: 100,004 | bf16_mfu: 0.00 | epoch: 1 pq: 3 rg: 35 | total time: 35.08m | eta: 7.4m
step 03152/03814 (82.64%) | loss: 2.885961 | lrm: 0.30 | dt: 648.55ms | tok/sec: 101,049 | bf16_mfu: 0.00 | epoch: 1 pq: 3 rg: 35 | total time: 35.09m | eta: 7.4m
step 03153/03814 (82.67%) | loss: 2.881373 | lrm: 0.30 | dt: 650.73ms | tok/sec: 100,711 | bf16_mfu: 0.00 | epoch: 1 pq: 3 rg: 35 | total time: 35.10m | eta: 7.4m
step 03154/03814 (82.70%) | loss: 2.894412 | lrm: 0.30 | dt: 649.52ms | tok/sec: 100,899 | bf16_mfu: 0.00 | epoch: 1 pq: 3 rg: 35 | total time: 35.12m | eta: 7.4m
step 03155/03814 (82.72%) | loss: 2.889100 | lrm: 0.30 | dt: 652.58ms | tok/sec: 100,425 | bf16_mfu: 0.00 | epoch: 1 pq: 3 rg: 35 | total time: 35.13m | eta: 7.4m
step 03156/03814 (82.75%) | loss: 2.886106 | lrm: 0.30 | dt: 660.38ms | tok/sec: 99,239 | bf16_mfu: 0.00 | epoch: 1 pq: 3 rg: 35 | total time: 35.14m | eta: 7.3m
step 03157/03814 (82.77%) | loss: 2.875670 | lrm: 0.30 | dt: 655.16ms | tok/sec: 100,030 | bf16_mfu: 0.00 | epoch: 1 pq: 3 rg: 35 | total time: 35.15m | eta: 7.3m
step 03158/03814 (82.80%) | loss: 2.889189 | lrm: 0.30 | dt: 651.05ms | tok/sec: 100,661 | bf16_mfu: 0.00 | epoch: 1 pq: 3 rg: 35 | total time: 35.16m | eta: 7.3m
step 03159/03814 (82.83%) | loss: 2.876040 | lrm: 0.30 | dt: 661.60ms | tok/sec: 99,057 | bf16_mfu: 0.00 | epoch: 1 pq: 3 rg: 36 | total time: 35.17m | eta: 7.3m
step 03160/03814 (82.85%) | loss: 2.877371 | lrm: 0.30 | dt: 650.24ms | tok/sec: 100,787 | bf16_mfu: 0.00 | epoch: 1 pq: 3 rg: 36 | total time: 35.18m | eta: 7.3m
step 03161/03814 (82.88%) | loss: 2.885372 | lrm: 0.30 | dt: 649.36ms | tok/sec: 100,924 | bf16_mfu: 0.00 | epoch: 1 pq: 3 rg: 36 | total time: 35.19m | eta: 7.3m
step 03162/03814 (82.91%) | loss: 2.887154 | lrm: 0.30 | dt: 649.53ms | tok/sec: 100,897 | bf16_mfu: 0.00 | epoch: 1 pq: 3 rg: 36 | total time: 35.20m | eta: 7.3m
step 03163/03814 (82.93%) | loss: 2.912629 | lrm: 0.30 | dt: 663.98ms | tok/sec: 98,702 | bf16_mfu: 0.00 | epoch: 1 pq: 3 rg: 36 | total time: 35.21m | eta: 7.3m
step 03164/03814 (82.96%) | loss: 2.917981 | lrm: 0.30 | dt: 652.30ms | tok/sec: 100,469 | bf16_mfu: 0.00 | epoch: 1 pq: 3 rg: 36 | total time: 35.22m | eta: 7.3m
step 03165/03814 (82.98%) | loss: 2.910223 | lrm: 0.30 | dt: 648.96ms | tok/sec: 100,985 | bf16_mfu: 0.00 | epoch: 1 pq: 3 rg: 36 | total time: 35.24m | eta: 7.2m
step 03166/03814 (83.01%) | loss: 2.909003 | lrm: 0.30 | dt: 678.81ms | tok/sec: 96,545 | bf16_mfu: 0.00 | epoch: 1 pq: 3 rg: 36 | total time: 35.25m | eta: 7.2m
step 03167/03814 (83.04%) | loss: 2.923478 | lrm: 0.30 | dt: 652.70ms | tok/sec: 100,407 | bf16_mfu: 0.00 | epoch: 1 pq: 3 rg: 36 | total time: 35.26m | eta: 7.2m
step 03168/03814 (83.06%) | loss: 2.925633 | lrm: 0.30 | dt: 653.13ms | tok/sec: 100,340 | bf16_mfu: 0.00 | epoch: 1 pq: 3 rg: 36 | total time: 35.27m | eta: 7.2m
step 03169/03814 (83.09%) | loss: 2.914107 | lrm: 0.30 | dt: 654.37ms | tok/sec: 100,150 | bf16_mfu: 0.00 | epoch: 1 pq: 3 rg: 36 | total time: 35.28m | eta: 7.2m
step 03170/03814 (83.11%) | loss: 2.925287 | lrm: 0.30 | dt: 653.78ms | tok/sec: 100,242 | bf16_mfu: 0.00 | epoch: 1 pq: 3 rg: 37 | total time: 35.29m | eta: 7.2m
step 03171/03814 (83.14%) | loss: 2.914193 | lrm: 0.30 | dt: 657.38ms | tok/sec: 99,692 | bf16_mfu: 0.00 | epoch: 1 pq: 3 rg: 37 | total time: 35.30m | eta: 7.2m
step 03172/03814 (83.17%) | loss: 2.911083 | lrm: 0.30 | dt: 655.54ms | tok/sec: 99,972 | bf16_mfu: 0.00 | epoch: 1 pq: 3 rg: 37 | total time: 35.31m | eta: 7.2m
step 03173/03814 (83.19%) | loss: 2.906542 | lrm: 0.30 | dt: 658.65ms | tok/sec: 99,500 | bf16_mfu: 0.00 | epoch: 1 pq: 3 rg: 37 | total time: 35.32m | eta: 7.2m
step 03174/03814 (83.22%) | loss: 2.905855 | lrm: 0.30 | dt: 656.30ms | tok/sec: 99,856 | bf16_mfu: 0.00 | epoch: 1 pq: 3 rg: 37 | total time: 35.33m | eta: 7.1m
step 03175/03814 (83.25%) | loss: 2.908884 | lrm: 0.29 | dt: 651.42ms | tok/sec: 100,604 | bf16_mfu: 0.00 | epoch: 1 pq: 3 rg: 37 | total time: 35.34m | eta: 7.1m
step 03176/03814 (83.27%) | loss: 2.898057 | lrm: 0.29 | dt: 657.42ms | tok/sec: 99,687 | bf16_mfu: 0.00 | epoch: 1 pq: 3 rg: 37 | total time: 35.36m | eta: 7.1m
step 03177/03814 (83.30%) | loss: 2.898399 | lrm: 0.29 | dt: 653.61ms | tok/sec: 100,267 | bf16_mfu: 0.00 | epoch: 1 pq: 3 rg: 37 | total time: 35.37m | eta: 7.1m
step 03178/03814 (83.32%) | loss: 2.902053 | lrm: 0.29 | dt: 756.19ms | tok/sec: 86,666 | bf16_mfu: 0.00 | epoch: 1 pq: 3 rg: 37 | total time: 35.38m | eta: 7.1m
step 03179/03814 (83.35%) | loss: 2.910273 | lrm: 0.29 | dt: 653.61ms | tok/sec: 100,267 | bf16_mfu: 0.00 | epoch: 1 pq: 3 rg: 37 | total time: 35.39m | eta: 7.1m
step 03180/03814 (83.38%) | loss: 2.897827 | lrm: 0.29 | dt: 715.04ms | tok/sec: 91,653 | bf16_mfu: 0.00 | epoch: 1 pq: 3 rg: 38 | total time: 35.40m | eta: 7.1m
step 03181/03814 (83.40%) | loss: 2.892192 | lrm: 0.29 | dt: 660.00ms | tok/sec: 99,297 | bf16_mfu: 0.00 | epoch: 1 pq: 3 rg: 38 | total time: 35.41m | eta: 7.1m
step 03182/03814 (83.43%) | loss: 2.905045 | lrm: 0.29 | dt: 657.09ms | tok/sec: 99,737 | bf16_mfu: 0.00 | epoch: 1 pq: 3 rg: 38 | total time: 35.42m | eta: 7.1m
step 03183/03814 (83.46%) | loss: 2.915882 | lrm: 0.29 | dt: 655.21ms | tok/sec: 100,022 | bf16_mfu: 0.00 | epoch: 1 pq: 3 rg: 38 | total time: 35.43m | eta: 7.0m
step 03184/03814 (83.48%) | loss: 2.910855 | lrm: 0.29 | dt: 659.82ms | tok/sec: 99,323 | bf16_mfu: 0.00 | epoch: 1 pq: 3 rg: 38 | total time: 35.45m | eta: 7.0m
step 03185/03814 (83.51%) | loss: 2.919511 | lrm: 0.29 | dt: 654.00ms | tok/sec: 100,207 | bf16_mfu: 0.00 | epoch: 1 pq: 3 rg: 38 | total time: 35.46m | eta: 7.0m
step 03186/03814 (83.53%) | loss: 2.934892 | lrm: 0.29 | dt: 658.91ms | tok/sec: 99,460 | bf16_mfu: 0.00 | epoch: 1 pq: 3 rg: 38 | total time: 35.47m | eta: 7.0m
step 03187/03814 (83.56%) | loss: 2.953864 | lrm: 0.29 | dt: 659.84ms | tok/sec: 99,320 | bf16_mfu: 0.00 | epoch: 1 pq: 3 rg: 38 | total time: 35.48m | eta: 7.0m
step 03188/03814 (83.59%) | loss: 2.943609 | lrm: 0.29 | dt: 658.95ms | tok/sec: 99,455 | bf16_mfu: 0.00 | epoch: 1 pq: 3 rg: 38 | total time: 35.49m | eta: 7.0m
step 03189/03814 (83.61%) | loss: 2.938164 | lrm: 0.29 | dt: 656.81ms | tok/sec: 99,779 | bf16_mfu: 0.00 | epoch: 1 pq: 3 rg: 38 | total time: 35.50m | eta: 7.0m
step 03190/03814 (83.64%) | loss: 2.931589 | lrm: 0.29 | dt: 661.94ms | tok/sec: 99,006 | bf16_mfu: 0.00 | epoch: 1 pq: 3 rg: 38 | total time: 35.51m | eta: 7.0m
step 03191/03814 (83.67%) | loss: 2.921533 | lrm: 0.29 | dt: 734.87ms | tok/sec: 89,180 | bf16_mfu: 0.00 | epoch: 1 pq: 3 rg: 39 | total time: 35.52m | eta: 7.0m
step 03192/03814 (83.69%) | loss: 2.917783 | lrm: 0.29 | dt: 660.04ms | tok/sec: 99,291 | bf16_mfu: 0.00 | epoch: 1 pq: 3 rg: 39 | total time: 35.53m | eta: 6.9m
step 03193/03814 (83.72%) | loss: 2.905275 | lrm: 0.29 | dt: 651.54ms | tok/sec: 100,585 | bf16_mfu: 0.00 | epoch: 1 pq: 3 rg: 39 | total time: 35.55m | eta: 6.9m
step 03194/03814 (83.74%) | loss: 2.917266 | lrm: 0.29 | dt: 657.99ms | tok/sec: 99,599 | bf16_mfu: 0.00 | epoch: 1 pq: 3 rg: 39 | total time: 35.56m | eta: 6.9m
step 03195/03814 (83.77%) | loss: 2.925697 | lrm: 0.29 | dt: 659.60ms | tok/sec: 99,357 | bf16_mfu: 0.00 | epoch: 1 pq: 3 rg: 39 | total time: 35.57m | eta: 6.9m
step 03196/03814 (83.80%) | loss: 2.909887 | lrm: 0.29 | dt: 658.65ms | tok/sec: 99,500 | bf16_mfu: 0.00 | epoch: 1 pq: 3 rg: 39 | total time: 35.58m | eta: 6.9m
step 03197/03814 (83.82%) | loss: 2.903882 | lrm: 0.29 | dt: 657.20ms | tok/sec: 99,720 | bf16_mfu: 0.00 | epoch: 1 pq: 3 rg: 39 | total time: 35.59m | eta: 6.9m
step 03198/03814 (83.85%) | loss: 2.925648 | lrm: 0.29 | dt: 660.33ms | tok/sec: 99,246 | bf16_mfu: 0.00 | epoch: 1 pq: 3 rg: 39 | total time: 35.60m | eta: 6.9m
step 03199/03814 (83.88%) | loss: 2.944636 | lrm: 0.29 | dt: 655.87ms | tok/sec: 99,922 | bf16_mfu: 0.00 | epoch: 1 pq: 3 rg: 39 | total time: 35.61m | eta: 6.9m
step 03200/03814 (83.90%) | loss: 2.936631 | lrm: 0.29 | dt: 690.05ms | tok/sec: 94,972 | bf16_mfu: 0.00 | epoch: 1 pq: 3 rg: 39 | total time: 35.62m | eta: 6.9m
step 03201/03814 (83.93%) | loss: 2.915539 | lrm: 0.28 | dt: 658.41ms | tok/sec: 99,537 | bf16_mfu: 0.00 | epoch: 1 pq: 3 rg: 40 | total time: 35.63m | eta: 6.8m
step 03202/03814 (83.95%) | loss: 2.906955 | lrm: 0.28 | dt: 659.61ms | tok/sec: 99,355 | bf16_mfu: 0.00 | epoch: 1 pq: 3 rg: 40 | total time: 35.65m | eta: 6.8m
step 03203/03814 (83.98%) | loss: 2.915294 | lrm: 0.28 | dt: 657.09ms | tok/sec: 99,736 | bf16_mfu: 0.00 | epoch: 1 pq: 3 rg: 40 | total time: 35.66m | eta: 6.8m
step 03204/03814 (84.01%) | loss: 2.903668 | lrm: 0.28 | dt: 679.78ms | tok/sec: 96,407 | bf16_mfu: 0.00 | epoch: 1 pq: 3 rg: 40 | total time: 35.67m | eta: 6.8m
step 03205/03814 (84.03%) | loss: 2.889274 | lrm: 0.28 | dt: 657.17ms | tok/sec: 99,724 | bf16_mfu: 0.00 | epoch: 1 pq: 3 rg: 40 | total time: 35.68m | eta: 6.8m
step 03206/03814 (84.06%) | loss: 2.870858 | lrm: 0.28 | dt: 695.82ms | tok/sec: 94,184 | bf16_mfu: 0.00 | epoch: 1 pq: 3 rg: 40 | total time: 35.69m | eta: 6.8m
step 03207/03814 (84.08%) | loss: 2.898086 | lrm: 0.28 | dt: 655.68ms | tok/sec: 99,950 | bf16_mfu: 0.00 | epoch: 1 pq: 3 rg: 40 | total time: 35.70m | eta: 6.8m
step 03208/03814 (84.11%) | loss: 2.891631 | lrm: 0.28 | dt: 649.04ms | tok/sec: 100,973 | bf16_mfu: 0.00 | epoch: 1 pq: 3 rg: 40 | total time: 35.71m | eta: 6.8m
step 03209/03814 (84.14%) | loss: 2.890704 | lrm: 0.28 | dt: 653.60ms | tok/sec: 100,268 | bf16_mfu: 0.00 | epoch: 1 pq: 3 rg: 40 | total time: 35.72m | eta: 6.8m
step 03210/03814 (84.16%) | loss: 2.904757 | lrm: 0.28 | dt: 654.79ms | tok/sec: 100,086 | bf16_mfu: 0.00 | epoch: 1 pq: 3 rg: 40 | total time: 35.73m | eta: 6.7m
step 03211/03814 (84.19%) | loss: 2.904391 | lrm: 0.28 | dt: 657.10ms | tok/sec: 99,735 | bf16_mfu: 0.00 | epoch: 1 pq: 3 rg: 40 | total time: 35.74m | eta: 6.7m
step 03212/03814 (84.22%) | loss: 2.910315 | lrm: 0.28 | dt: 654.79ms | tok/sec: 100,086 | bf16_mfu: 0.00 | epoch: 1 pq: 3 rg: 41 | total time: 35.76m | eta: 6.7m
step 03213/03814 (84.24%) | loss: 2.907217 | lrm: 0.28 | dt: 656.07ms | tok/sec: 99,891 | bf16_mfu: 0.00 | epoch: 1 pq: 3 rg: 41 | total time: 35.77m | eta: 6.7m
step 03214/03814 (84.27%) | loss: 2.903656 | lrm: 0.28 | dt: 657.48ms | tok/sec: 99,676 | bf16_mfu: 0.00 | epoch: 1 pq: 3 rg: 41 | total time: 35.78m | eta: 6.7m
step 03215/03814 (84.29%) | loss: 2.907151 | lrm: 0.28 | dt: 701.11ms | tok/sec: 93,474 | bf16_mfu: 0.00 | epoch: 1 pq: 3 rg: 41 | total time: 35.79m | eta: 6.7m
step 03216/03814 (84.32%) | loss: 2.892447 | lrm: 0.28 | dt: 660.12ms | tok/sec: 99,278 | bf16_mfu: 0.00 | epoch: 1 pq: 3 rg: 41 | total time: 35.80m | eta: 6.7m
step 03217/03814 (84.35%) | loss: 2.900606 | lrm: 0.28 | dt: 736.63ms | tok/sec: 88,967 | bf16_mfu: 0.00 | epoch: 1 pq: 3 rg: 41 | total time: 35.81m | eta: 6.7m
step 03218/03814 (84.37%) | loss: 2.915090 | lrm: 0.28 | dt: 669.48ms | tok/sec: 97,890 | bf16_mfu: 0.00 | epoch: 1 pq: 3 rg: 41 | total time: 35.82m | eta: 6.7m
step 03219/03814 (84.40%) | loss: 2.911428 | lrm: 0.28 | dt: 657.92ms | tok/sec: 99,611 | bf16_mfu: 0.00 | epoch: 1 pq: 3 rg: 41 | total time: 35.83m | eta: 6.6m
step 03220/03814 (84.43%) | loss: 2.902477 | lrm: 0.28 | dt: 651.13ms | tok/sec: 100,649 | bf16_mfu: 0.00 | epoch: 1 pq: 3 rg: 41 | total time: 35.85m | eta: 6.6m
step 03221/03814 (84.45%) | loss: 2.906726 | lrm: 0.28 | dt: 653.44ms | tok/sec: 100,293 | bf16_mfu: 0.00 | epoch: 1 pq: 3 rg: 41 | total time: 35.86m | eta: 6.6m
step 03222/03814 (84.48%) | loss: 2.926853 | lrm: 0.28 | dt: 653.58ms | tok/sec: 100,271 | bf16_mfu: 0.00 | epoch: 1 pq: 3 rg: 41 | total time: 35.87m | eta: 6.6m
step 03223/03814 (84.50%) | loss: 2.909662 | lrm: 0.28 | dt: 655.64ms | tok/sec: 99,957 | bf16_mfu: 0.00 | epoch: 1 pq: 3 rg: 42 | total time: 35.88m | eta: 6.6m
step 03224/03814 (84.53%) | loss: 2.894598 | lrm: 0.28 | dt: 650.44ms | tok/sec: 100,756 | bf16_mfu: 0.00 | epoch: 1 pq: 3 rg: 42 | total time: 35.89m | eta: 6.6m
step 03225/03814 (84.56%) | loss: 2.899933 | lrm: 0.28 | dt: 650.28ms | tok/sec: 100,781 | bf16_mfu: 0.00 | epoch: 1 pq: 3 rg: 42 | total time: 35.90m | eta: 6.6m
step 03226/03814 (84.58%) | loss: 2.915820 | lrm: 0.28 | dt: 662.90ms | tok/sec: 98,863 | bf16_mfu: 0.00 | epoch: 1 pq: 3 rg: 42 | total time: 35.91m | eta: 6.6m
step 03227/03814 (84.61%) | loss: 2.893379 | lrm: 0.27 | dt: 654.61ms | tok/sec: 100,114 | bf16_mfu: 0.00 | epoch: 1 pq: 3 rg: 42 | total time: 35.92m | eta: 6.6m
step 03228/03814 (84.64%) | loss: 2.879149 | lrm: 0.27 | dt: 656.32ms | tok/sec: 99,853 | bf16_mfu: 0.00 | epoch: 1 pq: 3 rg: 42 | total time: 35.93m | eta: 6.5m
step 03229/03814 (84.66%) | loss: 2.869527 | lrm: 0.27 | dt: 652.23ms | tok/sec: 100,480 | bf16_mfu: 0.00 | epoch: 1 pq: 3 rg: 42 | total time: 35.94m | eta: 6.5m
step 03230/03814 (84.69%) | loss: 2.878390 | lrm: 0.27 | dt: 663.64ms | tok/sec: 98,752 | bf16_mfu: 0.00 | epoch: 1 pq: 3 rg: 42 | total time: 35.95m | eta: 6.5m
step 03231/03814 (84.71%) | loss: 2.875803 | lrm: 0.27 | dt: 652.68ms | tok/sec: 100,410 | bf16_mfu: 0.00 | epoch: 1 pq: 3 rg: 42 | total time: 35.97m | eta: 6.5m
step 03232/03814 (84.74%) | loss: 2.901096 | lrm: 0.27 | dt: 645.65ms | tok/sec: 101,504 | bf16_mfu: 0.00 | epoch: 1 pq: 3 rg: 42 | total time: 35.98m | eta: 6.5m
step 03233/03814 (84.77%) | loss: 2.880435 | lrm: 0.27 | dt: 648.89ms | tok/sec: 100,996 | bf16_mfu: 0.00 | epoch: 1 pq: 3 rg: 42 | total time: 35.99m | eta: 6.5m
step 03234/03814 (84.79%) | loss: 2.889809 | lrm: 0.27 | dt: 792.46ms | tok/sec: 82,698 | bf16_mfu: 0.00 | epoch: 1 pq: 3 rg: 43 | total time: 36.00m | eta: 6.5m
step 03235/03814 (84.82%) | loss: 2.882963 | lrm: 0.27 | dt: 654.08ms | tok/sec: 100,196 | bf16_mfu: 0.00 | epoch: 1 pq: 3 rg: 43 | total time: 36.01m | eta: 6.5m
step 03236/03814 (84.85%) | loss: 2.915693 | lrm: 0.27 | dt: 652.29ms | tok/sec: 100,470 | bf16_mfu: 0.00 | epoch: 1 pq: 3 rg: 43 | total time: 36.02m | eta: 6.5m
step 03237/03814 (84.87%) | loss: 2.906731 | lrm: 0.27 | dt: 662.62ms | tok/sec: 98,904 | bf16_mfu: 0.00 | epoch: 1 pq: 3 rg: 43 | total time: 36.03m | eta: 6.4m
step 03238/03814 (84.90%) | loss: 2.898885 | lrm: 0.27 | dt: 650.84ms | tok/sec: 100,694 | bf16_mfu: 0.00 | epoch: 1 pq: 3 rg: 43 | total time: 36.04m | eta: 6.4m
step 03239/03814 (84.92%) | loss: 2.879512 | lrm: 0.27 | dt: 653.37ms | tok/sec: 100,304 | bf16_mfu: 0.00 | epoch: 1 pq: 3 rg: 43 | total time: 36.05m | eta: 6.4m
step 03240/03814 (84.95%) | loss: 2.880806 | lrm: 0.27 | dt: 653.85ms | tok/sec: 100,230 | bf16_mfu: 0.00 | epoch: 1 pq: 3 rg: 43 | total time: 36.07m | eta: 6.4m
step 03241/03814 (84.98%) | loss: 2.863450 | lrm: 0.27 | dt: 652.98ms | tok/sec: 100,365 | bf16_mfu: 0.00 | epoch: 1 pq: 3 rg: 43 | total time: 36.08m | eta: 6.4m
step 03242/03814 (85.00%) | loss: 2.862249 | lrm: 0.27 | dt: 654.29ms | tok/sec: 100,164 | bf16_mfu: 0.00 | epoch: 1 pq: 3 rg: 43 | total time: 36.09m | eta: 6.4m
step 03243/03814 (85.03%) | loss: 2.858583 | lrm: 0.27 | dt: 659.67ms | tok/sec: 99,345 | bf16_mfu: 0.00 | epoch: 1 pq: 3 rg: 43 | total time: 36.10m | eta: 6.4m
step 03244/03814 (85.06%) | loss: 2.858649 | lrm: 0.27 | dt: 651.01ms | tok/sec: 100,667 | bf16_mfu: 0.00 | epoch: 1 pq: 3 rg: 43 | total time: 36.11m | eta: 6.4m
step 03245/03814 (85.08%) | loss: 2.863856 | lrm: 0.27 | dt: 657.19ms | tok/sec: 99,721 | bf16_mfu: 0.00 | epoch: 1 pq: 3 rg: 44 | total time: 36.12m | eta: 6.4m
step 03246/03814 (85.11%) | loss: 2.846731 | lrm: 0.27 | dt: 649.11ms | tok/sec: 100,963 | bf16_mfu: 0.00 | epoch: 1 pq: 3 rg: 44 | total time: 36.13m | eta: 6.3m
step 03247/03814 (85.13%) | loss: 2.845479 | lrm: 0.27 | dt: 685.79ms | tok/sec: 95,562 | bf16_mfu: 0.00 | epoch: 1 pq: 3 rg: 44 | total time: 36.14m | eta: 6.3m
step 03248/03814 (85.16%) | loss: 2.835166 | lrm: 0.27 | dt: 649.45ms | tok/sec: 100,910 | bf16_mfu: 0.00 | epoch: 1 pq: 3 rg: 44 | total time: 36.15m | eta: 6.3m
step 03249/03814 (85.19%) | loss: 2.824180 | lrm: 0.27 | dt: 655.41ms | tok/sec: 99,992 | bf16_mfu: 0.00 | epoch: 1 pq: 3 rg: 44 | total time: 36.16m | eta: 6.3m
step 03250/03814 (85.21%) | loss: 2.803294 | lrm: 0.27 | dt: 652.36ms | tok/sec: 100,460 | bf16_mfu: 0.00 | epoch: 1 pq: 3 rg: 44 | total time: 36.17m | eta: 6.3m
step 03251/03814 (85.24%) | loss: 2.810222 | lrm: 0.27 | dt: 685.03ms | tok/sec: 95,669 | bf16_mfu: 0.00 | epoch: 1 pq: 3 rg: 44 | total time: 36.19m | eta: 6.3m
step 03252/03814 (85.26%) | loss: 2.827527 | lrm: 0.27 | dt: 648.96ms | tok/sec: 100,986 | bf16_mfu: 0.00 | epoch: 1 pq: 3 rg: 44 | total time: 36.20m | eta: 6.3m
step 03253/03814 (85.29%) | loss: 2.818261 | lrm: 0.26 | dt: 648.43ms | tok/sec: 101,068 | bf16_mfu: 0.00 | epoch: 1 pq: 3 rg: 44 | total time: 36.21m | eta: 6.3m
step 03254/03814 (85.32%) | loss: 2.813972 | lrm: 0.26 | dt: 653.24ms | tok/sec: 100,323 | bf16_mfu: 0.00 | epoch: 1 pq: 3 rg: 44 | total time: 36.22m | eta: 6.3m
step 03255/03814 (85.34%) | loss: 2.805088 | lrm: 0.26 | dt: 663.34ms | tok/sec: 98,796 | bf16_mfu: 0.00 | epoch: 1 pq: 3 rg: 44 | total time: 36.23m | eta: 6.2m
step 03256/03814 (85.37%) | loss: 2.807477 | lrm: 0.26 | dt: 651.29ms | tok/sec: 100,624 | bf16_mfu: 0.00 | epoch: 1 pq: 3 rg: 45 | total time: 36.24m | eta: 6.2m
step 03257/03814 (85.40%) | loss: 2.797357 | lrm: 0.26 | dt: 651.66ms | tok/sec: 100,568 | bf16_mfu: 0.00 | epoch: 1 pq: 3 rg: 45 | total time: 36.25m | eta: 6.2m
step 03258/03814 (85.42%) | loss: 2.790020 | lrm: 0.26 | dt: 648.48ms | tok/sec: 101,061 | bf16_mfu: 0.00 | epoch: 1 pq: 3 rg: 45 | total time: 36.26m | eta: 6.2m
step 03259/03814 (85.45%) | loss: 2.785312 | lrm: 0.26 | dt: 650.09ms | tok/sec: 100,810 | bf16_mfu: 0.00 | epoch: 1 pq: 3 rg: 45 | total time: 36.27m | eta: 6.2m
step 03260/03814 (85.47%) | loss: 2.790046 | lrm: 0.26 | dt: 651.57ms | tok/sec: 100,582 | bf16_mfu: 0.00 | epoch: 1 pq: 3 rg: 45 | total time: 36.28m | eta: 6.2m
step 03261/03814 (85.50%) | loss: 2.788369 | lrm: 0.26 | dt: 650.00ms | tok/sec: 100,824 | bf16_mfu: 0.00 | epoch: 1 pq: 3 rg: 45 | total time: 36.29m | eta: 6.2m
step 03262/03814 (85.53%) | loss: 2.788698 | lrm: 0.26 | dt: 733.66ms | tok/sec: 89,327 | bf16_mfu: 0.00 | epoch: 1 pq: 3 rg: 45 | total time: 36.31m | eta: 6.2m
step 03263/03814 (85.55%) | loss: 2.800614 | lrm: 0.26 | dt: 653.11ms | tok/sec: 100,344 | bf16_mfu: 0.00 | epoch: 1 pq: 3 rg: 45 | total time: 36.32m | eta: 6.2m
step 03264/03814 (85.58%) | loss: 2.781223 | lrm: 0.26 | dt: 658.68ms | tok/sec: 99,496 | bf16_mfu: 0.00 | epoch: 1 pq: 3 rg: 45 | total time: 36.33m | eta: 6.1m
step 03265/03814 (85.61%) | loss: 2.782119 | lrm: 0.26 | dt: 654.15ms | tok/sec: 100,185 | bf16_mfu: 0.00 | epoch: 1 pq: 3 rg: 45 | total time: 36.34m | eta: 6.1m
step 03266/03814 (85.63%) | loss: 2.794204 | lrm: 0.26 | dt: 653.24ms | tok/sec: 100,325 | bf16_mfu: 0.00 | epoch: 1 pq: 3 rg: 45 | total time: 36.35m | eta: 6.1m
step 03267/03814 (85.66%) | loss: 2.799697 | lrm: 0.26 | dt: 727.18ms | tok/sec: 90,123 | bf16_mfu: 0.00 | epoch: 1 pq: 3 rg: 46 | total time: 36.36m | eta: 6.1m
step 03268/03814 (85.68%) | loss: 2.797029 | lrm: 0.26 | dt: 676.36ms | tok/sec: 96,895 | bf16_mfu: 0.00 | epoch: 1 pq: 3 rg: 46 | total time: 36.37m | eta: 6.1m
step 03269/03814 (85.71%) | loss: 2.801542 | lrm: 0.26 | dt: 649.02ms | tok/sec: 100,976 | bf16_mfu: 0.00 | epoch: 1 pq: 3 rg: 46 | total time: 36.39m | eta: 6.1m
step 03270/03814 (85.74%) | loss: 2.812248 | lrm: 0.26 | dt: 649.52ms | tok/sec: 100,899 | bf16_mfu: 0.00 | epoch: 1 pq: 3 rg: 46 | total time: 36.40m | eta: 6.1m
step 03271/03814 (85.76%) | loss: 2.830635 | lrm: 0.26 | dt: 650.06ms | tok/sec: 100,815 | bf16_mfu: 0.00 | epoch: 1 pq: 3 rg: 46 | total time: 36.41m | eta: 6.1m
step 03272/03814 (85.79%) | loss: 2.820409 | lrm: 0.26 | dt: 653.45ms | tok/sec: 100,292 | bf16_mfu: 0.00 | epoch: 1 pq: 3 rg: 46 | total time: 36.42m | eta: 6.1m
step 03273/03814 (85.82%) | loss: 2.827155 | lrm: 0.26 | dt: 649.91ms | tok/sec: 100,838 | bf16_mfu: 0.00 | epoch: 1 pq: 3 rg: 46 | total time: 36.43m | eta: 6.0m
step 03274/03814 (85.84%) | loss: 2.835215 | lrm: 0.26 | dt: 655.26ms | tok/sec: 100,015 | bf16_mfu: 0.00 | epoch: 1 pq: 3 rg: 46 | total time: 36.44m | eta: 6.0m
step 03275/03814 (85.87%) | loss: 2.834733 | lrm: 0.26 | dt: 651.20ms | tok/sec: 100,639 | bf16_mfu: 0.00 | epoch: 1 pq: 3 rg: 46 | total time: 36.45m | eta: 6.0m
step 03276/03814 (85.89%) | loss: 2.829484 | lrm: 0.26 | dt: 647.24ms | tok/sec: 101,254 | bf16_mfu: 0.00 | epoch: 1 pq: 3 rg: 46 | total time: 36.46m | eta: 6.0m
step 03277/03814 (85.92%) | loss: 2.844533 | lrm: 0.26 | dt: 712.04ms | tok/sec: 92,039 | bf16_mfu: 0.00 | epoch: 1 pq: 3 rg: 46 | total time: 36.47m | eta: 6.0m
step 03278/03814 (85.95%) | loss: 2.853317 | lrm: 0.26 | dt: 654.36ms | tok/sec: 100,152 | bf16_mfu: 0.00 | epoch: 1 pq: 3 rg: 47 | total time: 36.48m | eta: 6.0m
step 03279/03814 (85.97%) | loss: 2.847529 | lrm: 0.26 | dt: 649.14ms | tok/sec: 100,957 | bf16_mfu: 0.00 | epoch: 1 pq: 3 rg: 47 | total time: 36.49m | eta: 6.0m
step 03280/03814 (86.00%) | loss: 2.852580 | lrm: 0.25 | dt: 647.63ms | tok/sec: 101,193 | bf16_mfu: 0.00 | epoch: 1 pq: 3 rg: 47 | total time: 36.51m | eta: 6.0m
step 03281/03814 (86.03%) | loss: 2.847605 | lrm: 0.25 | dt: 648.17ms | tok/sec: 101,109 | bf16_mfu: 0.00 | epoch: 1 pq: 3 rg: 47 | total time: 36.52m | eta: 6.0m
step 03282/03814 (86.05%) | loss: 2.852760 | lrm: 0.25 | dt: 647.85ms | tok/sec: 101,158 | bf16_mfu: 0.00 | epoch: 1 pq: 3 rg: 47 | total time: 36.53m | eta: 5.9m
step 03283/03814 (86.08%) | loss: 2.848904 | lrm: 0.25 | dt: 647.73ms | tok/sec: 101,178 | bf16_mfu: 0.00 | epoch: 1 pq: 3 rg: 47 | total time: 36.54m | eta: 5.9m
step 03284/03814 (86.10%) | loss: 2.844627 | lrm: 0.25 | dt: 650.84ms | tok/sec: 100,694 | bf16_mfu: 0.00 | epoch: 1 pq: 3 rg: 47 | total time: 36.55m | eta: 5.9m
step 03285/03814 (86.13%) | loss: 2.856542 | lrm: 0.25 | dt: 651.91ms | tok/sec: 100,528 | bf16_mfu: 0.00 | epoch: 1 pq: 3 rg: 47 | total time: 36.56m | eta: 5.9m
step 03286/03814 (86.16%) | loss: 2.873730 | lrm: 0.25 | dt: 650.52ms | tok/sec: 100,743 | bf16_mfu: 0.00 | epoch: 1 pq: 3 rg: 47 | total time: 36.57m | eta: 5.9m
step 03287/03814 (86.18%) | loss: 2.860557 | lrm: 0.25 | dt: 648.80ms | tok/sec: 101,010 | bf16_mfu: 0.00 | epoch: 1 pq: 3 rg: 47 | total time: 36.58m | eta: 5.9m
step 03288/03814 (86.21%) | loss: 2.862793 | lrm: 0.25 | dt: 699.13ms | tok/sec: 93,739 | bf16_mfu: 0.00 | epoch: 1 pq: 3 rg: 48 | total time: 36.59m | eta: 5.9m
step 03289/03814 (86.23%) | loss: 2.853792 | lrm: 0.25 | dt: 650.77ms | tok/sec: 100,705 | bf16_mfu: 0.00 | epoch: 1 pq: 3 rg: 48 | total time: 36.60m | eta: 5.9m
step 03290/03814 (86.26%) | loss: 2.883377 | lrm: 0.25 | dt: 651.24ms | tok/sec: 100,632 | bf16_mfu: 0.00 | epoch: 1 pq: 3 rg: 48 | total time: 36.61m | eta: 5.8m
step 03291/03814 (86.29%) | loss: 2.870309 | lrm: 0.25 | dt: 652.81ms | tok/sec: 100,390 | bf16_mfu: 0.00 | epoch: 1 pq: 3 rg: 48 | total time: 36.63m | eta: 5.8m
step 03292/03814 (86.31%) | loss: 2.855347 | lrm: 0.25 | dt: 703.46ms | tok/sec: 93,162 | bf16_mfu: 0.00 | epoch: 1 pq: 3 rg: 48 | total time: 36.64m | eta: 5.8m
step 03293/03814 (86.34%) | loss: 2.862583 | lrm: 0.25 | dt: 652.21ms | tok/sec: 100,483 | bf16_mfu: 0.00 | epoch: 1 pq: 3 rg: 48 | total time: 36.65m | eta: 5.8m
step 03294/03814 (86.37%) | loss: 2.878941 | lrm: 0.25 | dt: 651.62ms | tok/sec: 100,574 | bf16_mfu: 0.00 | epoch: 1 pq: 3 rg: 48 | total time: 36.66m | eta: 5.8m
step 03295/03814 (86.39%) | loss: 2.884520 | lrm: 0.25 | dt: 652.84ms | tok/sec: 100,385 | bf16_mfu: 0.00 | epoch: 1 pq: 3 rg: 48 | total time: 36.67m | eta: 5.8m
step 03296/03814 (86.42%) | loss: 2.878898 | lrm: 0.25 | dt: 649.11ms | tok/sec: 100,962 | bf16_mfu: 0.00 | epoch: 1 pq: 3 rg: 48 | total time: 36.68m | eta: 5.8m
step 03297/03814 (86.44%) | loss: 2.863641 | lrm: 0.25 | dt: 649.72ms | tok/sec: 100,868 | bf16_mfu: 0.00 | epoch: 1 pq: 3 rg: 48 | total time: 36.69m | eta: 5.8m
step 03298/03814 (86.47%) | loss: 2.866790 | lrm: 0.25 | dt: 649.99ms | tok/sec: 100,826 | bf16_mfu: 0.00 | epoch: 1 pq: 3 rg: 48 | total time: 36.70m | eta: 5.8m
step 03299/03814 (86.50%) | loss: 2.858688 | lrm: 0.25 | dt: 652.98ms | tok/sec: 100,365 | bf16_mfu: 0.00 | epoch: 1 pq: 3 rg: 49 | total time: 36.71m | eta: 5.7m
step 03300/03814 (86.52%) | loss: 2.845509 | lrm: 0.25 | dt: 651.25ms | tok/sec: 100,630 | bf16_mfu: 0.00 | epoch: 1 pq: 3 rg: 49 | total time: 36.72m | eta: 5.7m
step 03301/03814 (86.55%) | loss: 2.858782 | lrm: 0.25 | dt: 649.09ms | tok/sec: 100,965 | bf16_mfu: 0.00 | epoch: 1 pq: 3 rg: 49 | total time: 36.73m | eta: 5.7m
step 03302/03814 (86.58%) | loss: 2.855897 | lrm: 0.25 | dt: 660.52ms | tok/sec: 99,218 | bf16_mfu: 0.00 | epoch: 1 pq: 3 rg: 49 | total time: 36.75m | eta: 5.7m
step 03303/03814 (86.60%) | loss: 2.857124 | lrm: 0.25 | dt: 653.34ms | tok/sec: 100,309 | bf16_mfu: 0.00 | epoch: 1 pq: 3 rg: 49 | total time: 36.76m | eta: 5.7m
step 03304/03814 (86.63%) | loss: 2.854123 | lrm: 0.25 | dt: 650.83ms | tok/sec: 100,696 | bf16_mfu: 0.00 | epoch: 1 pq: 3 rg: 49 | total time: 36.77m | eta: 5.7m
step 03305/03814 (86.65%) | loss: 2.891963 | lrm: 0.25 | dt: 650.52ms | tok/sec: 100,743 | bf16_mfu: 0.00 | epoch: 1 pq: 3 rg: 49 | total time: 36.78m | eta: 5.7m
step 03306/03814 (86.68%) | loss: 2.878118 | lrm: 0.24 | dt: 654.18ms | tok/sec: 100,179 | bf16_mfu: 0.00 | epoch: 1 pq: 3 rg: 49 | total time: 36.79m | eta: 5.7m
step 03307/03814 (86.71%) | loss: 2.888922 | lrm: 0.24 | dt: 655.08ms | tok/sec: 100,043 | bf16_mfu: 0.00 | epoch: 1 pq: 3 rg: 49 | total time: 36.80m | eta: 5.7m
step 03308/03814 (86.73%) | loss: 2.884913 | lrm: 0.24 | dt: 655.67ms | tok/sec: 99,952 | bf16_mfu: 0.00 | epoch: 1 pq: 3 rg: 49 | total time: 36.81m | eta: 5.6m
step 03309/03814 (86.76%) | loss: 2.889783 | lrm: 0.24 | dt: 651.66ms | tok/sec: 100,567 | bf16_mfu: 0.00 | epoch: 1 pq: 3 rg: 49 | total time: 36.82m | eta: 5.6m
step 03310/03814 (86.79%) | loss: 2.888977 | lrm: 0.24 | dt: 663.93ms | tok/sec: 98,709 | bf16_mfu: 0.00 | epoch: 1 pq: 3 rg: 50 | total time: 36.83m | eta: 5.6m
step 03311/03814 (86.81%) | loss: 2.876299 | lrm: 0.24 | dt: 715.70ms | tok/sec: 91,569 | bf16_mfu: 0.00 | epoch: 1 pq: 3 rg: 50 | total time: 36.84m | eta: 5.6m
step 03312/03814 (86.84%) | loss: 2.866377 | lrm: 0.24 | dt: 655.54ms | tok/sec: 99,971 | bf16_mfu: 0.00 | epoch: 1 pq: 3 rg: 50 | total time: 36.86m | eta: 5.6m
step 03313/03814 (86.86%) | loss: 2.879191 | lrm: 0.24 | dt: 653.82ms | tok/sec: 100,235 | bf16_mfu: 0.00 | epoch: 1 pq: 3 rg: 50 | total time: 36.87m | eta: 5.6m
step 03314/03814 (86.89%) | loss: 2.883833 | lrm: 0.24 | dt: 655.93ms | tok/sec: 99,912 | bf16_mfu: 0.00 | epoch: 1 pq: 3 rg: 50 | total time: 36.88m | eta: 5.6m
step 03315/03814 (86.92%) | loss: 2.880514 | lrm: 0.24 | dt: 653.48ms | tok/sec: 100,287 | bf16_mfu: 0.00 | epoch: 1 pq: 3 rg: 50 | total time: 36.89m | eta: 5.6m
step 03316/03814 (86.94%) | loss: 2.884825 | lrm: 0.24 | dt: 654.67ms | tok/sec: 100,105 | bf16_mfu: 0.00 | epoch: 1 pq: 3 rg: 50 | total time: 36.90m | eta: 5.6m
step 03317/03814 (86.97%) | loss: 2.887593 | lrm: 0.24 | dt: 652.88ms | tok/sec: 100,379 | bf16_mfu: 0.00 | epoch: 1 pq: 3 rg: 50 | total time: 36.91m | eta: 5.5m
step 03318/03814 (87.00%) | loss: 2.873077 | lrm: 0.24 | dt: 653.67ms | tok/sec: 100,258 | bf16_mfu: 0.00 | epoch: 1 pq: 3 rg: 50 | total time: 36.92m | eta: 5.5m
step 03319/03814 (87.02%) | loss: 2.870014 | lrm: 0.24 | dt: 654.61ms | tok/sec: 100,114 | bf16_mfu: 0.00 | epoch: 1 pq: 3 rg: 50 | total time: 36.93m | eta: 5.5m
step 03320/03814 (87.05%) | loss: 2.867703 | lrm: 0.24 | dt: 656.97ms | tok/sec: 99,755 | bf16_mfu: 0.00 | epoch: 1 pq: 3 rg: 50 | total time: 36.94m | eta: 5.5m
step 03321/03814 (87.07%) | loss: 2.852592 | lrm: 0.24 | dt: 653.41ms | tok/sec: 100,298 | bf16_mfu: 0.00 | epoch: 1 pq: 3 rg: 51 | total time: 36.95m | eta: 5.5m
step 03322/03814 (87.10%) | loss: 2.844651 | lrm: 0.24 | dt: 653.83ms | tok/sec: 100,234 | bf16_mfu: 0.00 | epoch: 1 pq: 3 rg: 51 | total time: 36.96m | eta: 5.5m
step 03323/03814 (87.13%) | loss: 2.831204 | lrm: 0.24 | dt: 655.10ms | tok/sec: 100,040 | bf16_mfu: 0.00 | epoch: 1 pq: 3 rg: 51 | total time: 36.98m | eta: 5.5m
step 03324/03814 (87.15%) | loss: 2.840920 | lrm: 0.24 | dt: 656.32ms | tok/sec: 99,854 | bf16_mfu: 0.00 | epoch: 1 pq: 3 rg: 51 | total time: 36.99m | eta: 5.5m
step 03325/03814 (87.18%) | loss: 2.844869 | lrm: 0.24 | dt: 702.47ms | tok/sec: 93,294 | bf16_mfu: 0.00 | epoch: 1 pq: 3 rg: 51 | total time: 37.00m | eta: 5.5m
step 03326/03814 (87.21%) | loss: 2.835933 | lrm: 0.24 | dt: 651.63ms | tok/sec: 100,571 | bf16_mfu: 0.00 | epoch: 1 pq: 3 rg: 51 | total time: 37.01m | eta: 5.4m
step 03327/03814 (87.23%) | loss: 2.837185 | lrm: 0.24 | dt: 658.26ms | tok/sec: 99,559 | bf16_mfu: 0.00 | epoch: 1 pq: 3 rg: 51 | total time: 37.02m | eta: 5.4m
step 03328/03814 (87.26%) | loss: 2.835493 | lrm: 0.24 | dt: 655.33ms | tok/sec: 100,004 | bf16_mfu: 0.00 | epoch: 1 pq: 3 rg: 51 | total time: 37.03m | eta: 5.4m
step 03329/03814 (87.28%) | loss: 2.838876 | lrm: 0.24 | dt: 650.37ms | tok/sec: 100,767 | bf16_mfu: 0.00 | epoch: 1 pq: 3 rg: 51 | total time: 37.04m | eta: 5.4m
step 03330/03814 (87.31%) | loss: 2.842802 | lrm: 0.24 | dt: 649.61ms | tok/sec: 100,885 | bf16_mfu: 0.00 | epoch: 1 pq: 3 rg: 51 | total time: 37.05m | eta: 5.4m
step 03331/03814 (87.34%) | loss: 2.854083 | lrm: 0.24 | dt: 656.37ms | tok/sec: 99,846 | bf16_mfu: 0.00 | epoch: 1 pq: 3 rg: 51 | total time: 37.06m | eta: 5.4m
step 03332/03814 (87.36%) | loss: 2.838556 | lrm: 0.23 | dt: 677.02ms | tok/sec: 96,800 | bf16_mfu: 0.00 | epoch: 1 pq: 3 rg: 52 | total time: 37.08m | eta: 5.4m
step 03333/03814 (87.39%) | loss: 2.844837 | lrm: 0.23 | dt: 659.05ms | tok/sec: 99,439 | bf16_mfu: 0.00 | epoch: 1 pq: 3 rg: 52 | total time: 37.09m | eta: 5.4m
step 03334/03814 (87.41%) | loss: 2.847289 | lrm: 0.23 | dt: 656.44ms | tok/sec: 99,835 | bf16_mfu: 0.00 | epoch: 1 pq: 3 rg: 52 | total time: 37.10m | eta: 5.4m
step 03335/03814 (87.44%) | loss: 2.855372 | lrm: 0.23 | dt: 800.20ms | tok/sec: 81,899 | bf16_mfu: 0.00 | epoch: 1 pq: 3 rg: 52 | total time: 37.11m | eta: 5.3m
step 03336/03814 (87.47%) | loss: 2.858590 | lrm: 0.23 | dt: 656.87ms | tok/sec: 99,770 | bf16_mfu: 0.00 | epoch: 1 pq: 3 rg: 52 | total time: 37.12m | eta: 5.3m
step 03337/03814 (87.49%) | loss: 2.857710 | lrm: 0.23 | dt: 659.63ms | tok/sec: 99,352 | bf16_mfu: 0.00 | epoch: 1 pq: 3 rg: 52 | total time: 37.13m | eta: 5.3m
step 03338/03814 (87.52%) | loss: 2.870386 | lrm: 0.23 | dt: 661.73ms | tok/sec: 99,037 | bf16_mfu: 0.00 | epoch: 1 pq: 3 rg: 52 | total time: 37.14m | eta: 5.3m
step 03339/03814 (87.55%) | loss: 2.853830 | lrm: 0.23 | dt: 661.80ms | tok/sec: 99,026 | bf16_mfu: 0.00 | epoch: 1 pq: 3 rg: 52 | total time: 37.15m | eta: 5.3m
step 03340/03814 (87.57%) | loss: 2.859830 | lrm: 0.23 | dt: 654.67ms | tok/sec: 100,105 | bf16_mfu: 0.00 | epoch: 1 pq: 3 rg: 52 | total time: 37.17m | eta: 5.3m
step 03341/03814 (87.60%) | loss: 2.863727 | lrm: 0.23 | dt: 719.21ms | tok/sec: 91,122 | bf16_mfu: 0.00 | epoch: 1 pq: 3 rg: 52 | total time: 37.18m | eta: 5.3m
step 03342/03814 (87.62%) | loss: 2.872325 | lrm: 0.23 | dt: 932.00ms | tok/sec: 70,317 | bf16_mfu: 0.00 | epoch: 1 pq: 3 rg: 52 | total time: 37.19m | eta: 5.3m
step 03343/03814 (87.65%) | loss: 2.874840 | lrm: 0.23 | dt: 699.14ms | tok/sec: 93,737 | bf16_mfu: 0.00 | epoch: 1 pq: 3 rg: 53 | total time: 37.20m | eta: 5.3m
step 03344/03814 (87.68%) | loss: 2.870945 | lrm: 0.23 | dt: 659.89ms | tok/sec: 99,313 | bf16_mfu: 0.00 | epoch: 1 pq: 3 rg: 53 | total time: 37.22m | eta: 5.2m
step 03345/03814 (87.70%) | loss: 2.878710 | lrm: 0.23 | dt: 659.42ms | tok/sec: 99,384 | bf16_mfu: 0.00 | epoch: 1 pq: 3 rg: 53 | total time: 37.23m | eta: 5.2m
step 03346/03814 (87.73%) | loss: 2.890251 | lrm: 0.23 | dt: 658.37ms | tok/sec: 99,543 | bf16_mfu: 0.00 | epoch: 1 pq: 3 rg: 53 | total time: 37.24m | eta: 5.2m
step 03347/03814 (87.76%) | loss: 2.886056 | lrm: 0.23 | dt: 662.95ms | tok/sec: 98,855 | bf16_mfu: 0.00 | epoch: 1 pq: 3 rg: 53 | total time: 37.25m | eta: 5.2m
step 03348/03814 (87.78%) | loss: 2.868219 | lrm: 0.23 | dt: 661.85ms | tok/sec: 99,018 | bf16_mfu: 0.00 | epoch: 1 pq: 3 rg: 53 | total time: 37.26m | eta: 5.2m
step 03349/03814 (87.81%) | loss: 2.859723 | lrm: 0.23 | dt: 658.67ms | tok/sec: 99,497 | bf16_mfu: 0.00 | epoch: 1 pq: 3 rg: 53 | total time: 37.27m | eta: 5.2m
step 03350/03814 (87.83%) | loss: 2.853522 | lrm: 0.23 | dt: 662.44ms | tok/sec: 98,931 | bf16_mfu: 0.00 | epoch: 1 pq: 3 rg: 53 | total time: 37.28m | eta: 5.2m
step 03351/03814 (87.86%) | loss: 2.856043 | lrm: 0.23 | dt: 664.21ms | tok/sec: 98,668 | bf16_mfu: 0.00 | epoch: 1 pq: 3 rg: 53 | total time: 37.29m | eta: 5.2m
step 03352/03814 (87.89%) | loss: 2.860366 | lrm: 0.23 | dt: 661.37ms | tok/sec: 99,090 | bf16_mfu: 0.00 | epoch: 1 pq: 3 rg: 53 | total time: 37.30m | eta: 5.2m
step 03353/03814 (87.91%) | loss: 2.857044 | lrm: 0.23 | dt: 662.46ms | tok/sec: 98,928 | bf16_mfu: 0.00 | epoch: 1 pq: 3 rg: 53 | total time: 37.31m | eta: 5.1m
step 03354/03814 (87.94%) | loss: 2.868404 | lrm: 0.23 | dt: 662.75ms | tok/sec: 98,884 | bf16_mfu: 0.00 | epoch: 1 pq: 3 rg: 54 | total time: 37.33m | eta: 5.1m
step 03355/03814 (87.97%) | loss: 2.856441 | lrm: 0.23 | dt: 669.03ms | tok/sec: 97,957 | bf16_mfu: 0.00 | epoch: 1 pq: 3 rg: 54 | total time: 37.34m | eta: 5.1m
step 03356/03814 (87.99%) | loss: 2.846021 | lrm: 0.23 | dt: 669.09ms | tok/sec: 97,948 | bf16_mfu: 0.00 | epoch: 1 pq: 3 rg: 54 | total time: 37.35m | eta: 5.1m
step 03357/03814 (88.02%) | loss: 2.855545 | lrm: 0.23 | dt: 666.78ms | tok/sec: 98,287 | bf16_mfu: 0.00 | epoch: 1 pq: 3 rg: 54 | total time: 37.36m | eta: 5.1m
step 03358/03814 (88.04%) | loss: 2.865179 | lrm: 0.22 | dt: 668.98ms | tok/sec: 97,964 | bf16_mfu: 0.00 | epoch: 1 pq: 3 rg: 54 | total time: 37.37m | eta: 5.1m
step 03359/03814 (88.07%) | loss: 2.854137 | lrm: 0.22 | dt: 674.45ms | tok/sec: 97,170 | bf16_mfu: 0.00 | epoch: 1 pq: 3 rg: 54 | total time: 37.38m | eta: 5.1m
step 03360/03814 (88.10%) | loss: 2.851007 | lrm: 0.22 | dt: 879.68ms | tok/sec: 74,499 | bf16_mfu: 0.00 | epoch: 1 pq: 3 rg: 54 | total time: 37.40m | eta: 5.1m
step 03361/03814 (88.12%) | loss: 2.844527 | lrm: 0.22 | dt: 809.10ms | tok/sec: 80,998 | bf16_mfu: 0.00 | epoch: 1 pq: 3 rg: 54 | total time: 37.41m | eta: 5.1m
step 03362/03814 (88.15%) | loss: 2.831564 | lrm: 0.22 | dt: 673.26ms | tok/sec: 97,341 | bf16_mfu: 0.00 | epoch: 1 pq: 3 rg: 54 | total time: 37.42m | eta: 5.0m
step 03363/03814 (88.18%) | loss: 2.830936 | lrm: 0.22 | dt: 678.71ms | tok/sec: 96,559 | bf16_mfu: 0.00 | epoch: 1 pq: 3 rg: 54 | total time: 37.43m | eta: 5.0m
step 03364/03814 (88.20%) | loss: 2.839318 | lrm: 0.22 | dt: 672.28ms | tok/sec: 97,483 | bf16_mfu: 0.00 | epoch: 1 pq: 3 rg: 54 | total time: 37.44m | eta: 5.0m
step 03365/03814 (88.23%) | loss: 2.845046 | lrm: 0.22 | dt: 676.34ms | tok/sec: 96,897 | bf16_mfu: 0.00 | epoch: 1 pq: 3 rg: 55 | total time: 37.45m | eta: 5.0m
step 03366/03814 (88.25%) | loss: 2.844296 | lrm: 0.22 | dt: 679.93ms | tok/sec: 96,386 | bf16_mfu: 0.00 | epoch: 1 pq: 3 rg: 55 | total time: 37.47m | eta: 5.0m
step 03367/03814 (88.28%) | loss: 2.848759 | lrm: 0.22 | dt: 682.02ms | tok/sec: 96,090 | bf16_mfu: 0.00 | epoch: 1 pq: 3 rg: 55 | total time: 37.48m | eta: 5.0m
step 03368/03814 (88.31%) | loss: 2.853600 | lrm: 0.22 | dt: 678.59ms | tok/sec: 96,576 | bf16_mfu: 0.00 | epoch: 1 pq: 3 rg: 55 | total time: 37.49m | eta: 5.0m
step 03369/03814 (88.33%) | loss: 2.848925 | lrm: 0.22 | dt: 686.41ms | tok/sec: 95,476 | bf16_mfu: 0.00 | epoch: 1 pq: 3 rg: 55 | total time: 37.50m | eta: 5.0m
step 03370/03814 (88.36%) | loss: 2.844596 | lrm: 0.22 | dt: 689.10ms | tok/sec: 95,104 | bf16_mfu: 0.00 | epoch: 1 pq: 3 rg: 55 | total time: 37.51m | eta: 5.0m
step 03371/03814 (88.38%) | loss: 2.859344 | lrm: 0.22 | dt: 692.96ms | tok/sec: 94,573 | bf16_mfu: 0.00 | epoch: 1 pq: 3 rg: 55 | total time: 37.52m | eta: 4.9m
step 03372/03814 (88.41%) | loss: 2.838991 | lrm: 0.22 | dt: 686.29ms | tok/sec: 95,493 | bf16_mfu: 0.00 | epoch: 1 pq: 3 rg: 55 | total time: 37.53m | eta: 4.9m
step 03373/03814 (88.44%) | loss: 2.847520 | lrm: 0.22 | dt: 688.67ms | tok/sec: 95,163 | bf16_mfu: 0.00 | epoch: 1 pq: 3 rg: 55 | total time: 37.55m | eta: 4.9m
step 03374/03814 (88.46%) | loss: 2.860896 | lrm: 0.22 | dt: 694.21ms | tok/sec: 94,403 | bf16_mfu: 0.00 | epoch: 1 pq: 3 rg: 55 | total time: 37.56m | eta: 4.9m
step 03375/03814 (88.49%) | loss: 2.894687 | lrm: 0.22 | dt: 902.25ms | tok/sec: 72,636 | bf16_mfu: 0.00 | epoch: 1 pq: 3 rg: 55 | total time: 37.57m | eta: 4.9m
step 03376/03814 (88.52%) | loss: 2.884266 | lrm: 0.22 | dt: 691.86ms | tok/sec: 94,724 | bf16_mfu: 0.00 | epoch: 1 pq: 3 rg: 56 | total time: 37.58m | eta: 4.9m
step 03377/03814 (88.54%) | loss: 2.886921 | lrm: 0.22 | dt: 690.85ms | tok/sec: 94,862 | bf16_mfu: 0.00 | epoch: 1 pq: 3 rg: 56 | total time: 37.60m | eta: 4.9m
step 03378/03814 (88.57%) | loss: 2.895983 | lrm: 0.22 | dt: 863.59ms | tok/sec: 75,887 | bf16_mfu: 0.00 | epoch: 1 pq: 3 rg: 56 | total time: 37.61m | eta: 4.9m
step 03379/03814 (88.59%) | loss: 2.905202 | lrm: 0.22 | dt: 691.03ms | tok/sec: 94,837 | bf16_mfu: 0.00 | epoch: 1 pq: 3 rg: 56 | total time: 37.62m | eta: 4.9m
step 03380/03814 (88.62%) | loss: 2.908368 | lrm: 0.22 | dt: 691.56ms | tok/sec: 94,764 | bf16_mfu: 0.00 | epoch: 1 pq: 3 rg: 56 | total time: 37.63m | eta: 4.8m
step 03381/03814 (88.65%) | loss: 2.909947 | lrm: 0.22 | dt: 686.75ms | tok/sec: 95,429 | bf16_mfu: 0.00 | epoch: 1 pq: 3 rg: 56 | total time: 37.64m | eta: 4.8m
step 03382/03814 (88.67%) | loss: 2.920166 | lrm: 0.22 | dt: 691.23ms | tok/sec: 94,811 | bf16_mfu: 0.00 | epoch: 1 pq: 3 rg: 56 | total time: 37.66m | eta: 4.8m
step 03383/03814 (88.70%) | loss: 2.905511 | lrm: 0.22 | dt: 687.99ms | tok/sec: 95,257 | bf16_mfu: 0.00 | epoch: 1 pq: 3 rg: 56 | total time: 37.67m | eta: 4.8m
step 03384/03814 (88.73%) | loss: 2.911710 | lrm: 0.21 | dt: 688.38ms | tok/sec: 95,203 | bf16_mfu: 0.00 | epoch: 1 pq: 3 rg: 56 | total time: 37.68m | eta: 4.8m
step 03385/03814 (88.75%) | loss: 2.919284 | lrm: 0.21 | dt: 689.60ms | tok/sec: 95,035 | bf16_mfu: 0.00 | epoch: 1 pq: 3 rg: 56 | total time: 37.69m | eta: 4.8m
step 03386/03814 (88.78%) | loss: 2.921338 | lrm: 0.21 | dt: 687.86ms | tok/sec: 95,275 | bf16_mfu: 0.00 | epoch: 1 pq: 3 rg: 56 | total time: 37.70m | eta: 4.8m
step 03387/03814 (88.80%) | loss: 2.933778 | lrm: 0.21 | dt: 687.45ms | tok/sec: 95,332 | bf16_mfu: 0.00 | epoch: 1 pq: 3 rg: 57 | total time: 37.71m | eta: 4.8m
step 03388/03814 (88.83%) | loss: 2.922361 | lrm: 0.21 | dt: 697.29ms | tok/sec: 93,986 | bf16_mfu: 0.00 | epoch: 1 pq: 3 rg: 57 | total time: 37.73m | eta: 4.8m
step 03389/03814 (88.86%) | loss: 2.921394 | lrm: 0.21 | dt: 938.13ms | tok/sec: 69,857 | bf16_mfu: 0.00 | epoch: 1 pq: 3 rg: 57 | total time: 37.74m | eta: 4.7m
step 03390/03814 (88.88%) | loss: 2.942184 | lrm: 0.21 | dt: 686.93ms | tok/sec: 95,403 | bf16_mfu: 0.00 | epoch: 1 pq: 3 rg: 57 | total time: 37.75m | eta: 4.7m
step 03391/03814 (88.91%) | loss: 2.948929 | lrm: 0.21 | dt: 688.24ms | tok/sec: 95,221 | bf16_mfu: 0.00 | epoch: 1 pq: 3 rg: 57 | total time: 37.76m | eta: 4.7m
step 03392/03814 (88.94%) | loss: 2.943180 | lrm: 0.21 | dt: 686.20ms | tok/sec: 95,505 | bf16_mfu: 0.00 | epoch: 1 pq: 3 rg: 57 | total time: 37.78m | eta: 4.7m
step 03393/03814 (88.96%) | loss: 2.945295 | lrm: 0.21 | dt: 687.61ms | tok/sec: 95,309 | bf16_mfu: 0.00 | epoch: 1 pq: 3 rg: 57 | total time: 37.79m | eta: 4.7m
step 03394/03814 (88.99%) | loss: 2.929976 | lrm: 0.21 | dt: 686.51ms | tok/sec: 95,462 | bf16_mfu: 0.00 | epoch: 1 pq: 3 rg: 57 | total time: 37.80m | eta: 4.7m
step 03395/03814 (89.01%) | loss: 2.934719 | lrm: 0.21 | dt: 687.09ms | tok/sec: 95,381 | bf16_mfu: 0.00 | epoch: 1 pq: 3 rg: 57 | total time: 37.81m | eta: 4.7m
step 03396/03814 (89.04%) | loss: 2.942969 | lrm: 0.21 | dt: 688.29ms | tok/sec: 95,215 | bf16_mfu: 0.00 | epoch: 1 pq: 3 rg: 57 | total time: 37.82m | eta: 4.7m
step 03397/03814 (89.07%) | loss: 2.937034 | lrm: 0.21 | dt: 689.14ms | tok/sec: 95,098 | bf16_mfu: 0.00 | epoch: 1 pq: 3 rg: 57 | total time: 37.83m | eta: 4.7m
step 03398/03814 (89.09%) | loss: 2.934962 | lrm: 0.21 | dt: 688.19ms | tok/sec: 95,229 | bf16_mfu: 0.00 | epoch: 1 pq: 3 rg: 58 | total time: 37.84m | eta: 4.6m
step 03399/03814 (89.12%) | loss: 2.927207 | lrm: 0.21 | dt: 683.96ms | tok/sec: 95,818 | bf16_mfu: 0.00 | epoch: 1 pq: 3 rg: 58 | total time: 37.86m | eta: 4.6m
step 03400/03814 (89.15%) | loss: 2.939125 | lrm: 0.21 | dt: 676.53ms | tok/sec: 96,870 | bf16_mfu: 0.00 | epoch: 1 pq: 3 rg: 58 | total time: 37.87m | eta: 4.6m
step 03401/03814 (89.17%) | loss: 2.930594 | lrm: 0.21 | dt: 683.74ms | tok/sec: 95,849 | bf16_mfu: 0.00 | epoch: 1 pq: 3 rg: 58 | total time: 37.88m | eta: 4.6m
step 03402/03814 (89.20%) | loss: 2.925410 | lrm: 0.21 | dt: 673.78ms | tok/sec: 97,266 | bf16_mfu: 0.00 | epoch: 1 pq: 3 rg: 58 | total time: 37.89m | eta: 4.6m
step 03403/03814 (89.22%) | loss: 2.909530 | lrm: 0.21 | dt: 735.60ms | tok/sec: 89,091 | bf16_mfu: 0.00 | epoch: 1 pq: 3 rg: 58 | total time: 37.90m | eta: 4.6m
step 03404/03814 (89.25%) | loss: 2.913418 | lrm: 0.21 | dt: 679.74ms | tok/sec: 96,413 | bf16_mfu: 0.00 | epoch: 1 pq: 3 rg: 58 | total time: 37.91m | eta: 4.6m
step 03405/03814 (89.28%) | loss: 2.902699 | lrm: 0.21 | dt: 674.40ms | tok/sec: 97,177 | bf16_mfu: 0.00 | epoch: 1 pq: 3 rg: 58 | total time: 37.92m | eta: 4.6m
step 03406/03814 (89.30%) | loss: 2.892479 | lrm: 0.21 | dt: 679.01ms | tok/sec: 96,516 | bf16_mfu: 0.00 | epoch: 1 pq: 3 rg: 58 | total time: 37.94m | eta: 4.6m
step 03407/03814 (89.33%) | loss: 2.899840 | lrm: 0.21 | dt: 675.60ms | tok/sec: 97,003 | bf16_mfu: 0.00 | epoch: 1 pq: 3 rg: 58 | total time: 37.95m | eta: 4.5m
step 03408/03814 (89.36%) | loss: 2.908504 | lrm: 0.21 | dt: 672.00ms | tok/sec: 97,524 | bf16_mfu: 0.00 | epoch: 1 pq: 3 rg: 58 | total time: 37.96m | eta: 4.5m
step 03409/03814 (89.38%) | loss: 2.908980 | lrm: 0.21 | dt: 671.65ms | tok/sec: 97,574 | bf16_mfu: 0.00 | epoch: 1 pq: 3 rg: 58 | total time: 37.97m | eta: 4.5m
step 03410/03814 (89.41%) | loss: 2.900901 | lrm: 0.20 | dt: 678.64ms | tok/sec: 96,569 | bf16_mfu: 0.00 | epoch: 1 pq: 3 rg: 59 | total time: 37.98m | eta: 4.5m
step 03411/03814 (89.43%) | loss: 2.891133 | lrm: 0.20 | dt: 664.78ms | tok/sec: 98,583 | bf16_mfu: 0.00 | epoch: 1 pq: 3 rg: 59 | total time: 37.99m | eta: 4.5m
step 03412/03814 (89.46%) | loss: 2.891060 | lrm: 0.20 | dt: 670.92ms | tok/sec: 97,680 | bf16_mfu: 0.00 | epoch: 1 pq: 3 rg: 59 | total time: 38.00m | eta: 4.5m
step 03413/03814 (89.49%) | loss: 2.873038 | lrm: 0.20 | dt: 671.51ms | tok/sec: 97,595 | bf16_mfu: 0.00 | epoch: 1 pq: 3 rg: 59 | total time: 38.01m | eta: 4.5m
step 03414/03814 (89.51%) | loss: 2.870901 | lrm: 0.20 | dt: 671.90ms | tok/sec: 97,538 | bf16_mfu: 0.00 | epoch: 1 pq: 3 rg: 59 | total time: 38.02m | eta: 4.5m
step 03415/03814 (89.54%) | loss: 2.876376 | lrm: 0.20 | dt: 671.97ms | tok/sec: 97,528 | bf16_mfu: 0.00 | epoch: 1 pq: 3 rg: 59 | total time: 38.04m | eta: 4.5m
step 03416/03814 (89.56%) | loss: 2.859860 | lrm: 0.20 | dt: 671.35ms | tok/sec: 97,617 | bf16_mfu: 0.00 | epoch: 1 pq: 3 rg: 59 | total time: 38.05m | eta: 4.4m
step 03417/03814 (89.59%) | loss: 2.856797 | lrm: 0.20 | dt: 669.36ms | tok/sec: 97,907 | bf16_mfu: 0.00 | epoch: 1 pq: 3 rg: 59 | total time: 38.06m | eta: 4.4m
step 03418/03814 (89.62%) | loss: 2.859542 | lrm: 0.20 | dt: 670.48ms | tok/sec: 97,744 | bf16_mfu: 0.00 | epoch: 1 pq: 3 rg: 59 | total time: 38.07m | eta: 4.4m
step 03419/03814 (89.64%) | loss: 2.840108 | lrm: 0.20 | dt: 668.94ms | tok/sec: 97,969 | bf16_mfu: 0.00 | epoch: 1 pq: 3 rg: 59 | total time: 38.08m | eta: 4.4m
step 03420/03814 (89.67%) | loss: 2.840673 | lrm: 0.20 | dt: 667.75ms | tok/sec: 98,145 | bf16_mfu: 0.00 | epoch: 1 pq: 3 rg: 59 | total time: 38.09m | eta: 4.4m
step 03421/03814 (89.70%) | loss: 2.851849 | lrm: 0.20 | dt: 667.78ms | tok/sec: 98,139 | bf16_mfu: 0.00 | epoch: 1 pq: 3 rg: 60 | total time: 38.10m | eta: 4.4m
step 03422/03814 (89.72%) | loss: 2.865034 | lrm: 0.20 | dt: 670.60ms | tok/sec: 97,727 | bf16_mfu: 0.00 | epoch: 1 pq: 3 rg: 60 | total time: 38.11m | eta: 4.4m
step 03423/03814 (89.75%) | loss: 2.871420 | lrm: 0.20 | dt: 666.73ms | tok/sec: 98,294 | bf16_mfu: 0.00 | epoch: 1 pq: 3 rg: 60 | total time: 38.13m | eta: 4.4m
step 03424/03814 (89.77%) | loss: 2.877292 | lrm: 0.20 | dt: 670.04ms | tok/sec: 97,809 | bf16_mfu: 0.00 | epoch: 1 pq: 3 rg: 60 | total time: 38.14m | eta: 4.4m
step 03425/03814 (89.80%) | loss: 2.854468 | lrm: 0.20 | dt: 667.64ms | tok/sec: 98,159 | bf16_mfu: 0.00 | epoch: 1 pq: 3 rg: 60 | total time: 38.15m | eta: 4.3m
step 03426/03814 (89.83%) | loss: 2.842629 | lrm: 0.20 | dt: 668.29ms | tok/sec: 98,064 | bf16_mfu: 0.00 | epoch: 1 pq: 3 rg: 60 | total time: 38.16m | eta: 4.3m
step 03427/03814 (89.85%) | loss: 2.845724 | lrm: 0.20 | dt: 666.14ms | tok/sec: 98,381 | bf16_mfu: 0.00 | epoch: 1 pq: 3 rg: 60 | total time: 38.17m | eta: 4.3m
step 03428/03814 (89.88%) | loss: 2.854480 | lrm: 0.20 | dt: 668.64ms | tok/sec: 98,013 | bf16_mfu: 0.00 | epoch: 1 pq: 3 rg: 60 | total time: 38.18m | eta: 4.3m
step 03429/03814 (89.91%) | loss: 2.853849 | lrm: 0.20 | dt: 664.78ms | tok/sec: 98,582 | bf16_mfu: 0.00 | epoch: 1 pq: 3 rg: 60 | total time: 38.19m | eta: 4.3m
step 03430/03814 (89.93%) | loss: 2.834250 | lrm: 0.20 | dt: 661.95ms | tok/sec: 99,004 | bf16_mfu: 0.00 | epoch: 1 pq: 3 rg: 60 | total time: 38.20m | eta: 4.3m
step 03431/03814 (89.96%) | loss: 2.833656 | lrm: 0.20 | dt: 666.30ms | tok/sec: 98,358 | bf16_mfu: 0.00 | epoch: 1 pq: 3 rg: 60 | total time: 38.21m | eta: 4.3m
step 03432/03814 (89.98%) | loss: 2.849314 | lrm: 0.20 | dt: 666.79ms | tok/sec: 98,286 | bf16_mfu: 0.00 | epoch: 1 pq: 3 rg: 61 | total time: 38.23m | eta: 4.3m
step 03433/03814 (90.01%) | loss: 2.829424 | lrm: 0.20 | dt: 672.38ms | tok/sec: 97,468 | bf16_mfu: 0.00 | epoch: 1 pq: 3 rg: 61 | total time: 38.24m | eta: 4.3m
step 03434/03814 (90.04%) | loss: 2.828327 | lrm: 0.20 | dt: 665.21ms | tok/sec: 98,519 | bf16_mfu: 0.00 | epoch: 1 pq: 3 rg: 61 | total time: 38.25m | eta: 4.2m
step 03435/03814 (90.06%) | loss: 2.825498 | lrm: 0.20 | dt: 668.84ms | tok/sec: 97,983 | bf16_mfu: 0.00 | epoch: 1 pq: 3 rg: 61 | total time: 38.26m | eta: 4.2m
step 03436/03814 (90.09%) | loss: 2.831400 | lrm: 0.19 | dt: 666.12ms | tok/sec: 98,385 | bf16_mfu: 0.00 | epoch: 1 pq: 3 rg: 61 | total time: 38.27m | eta: 4.2m
step 03437/03814 (90.12%) | loss: 2.839147 | lrm: 0.19 | dt: 664.63ms | tok/sec: 98,605 | bf16_mfu: 0.00 | epoch: 1 pq: 3 rg: 61 | total time: 38.28m | eta: 4.2m
step 03438/03814 (90.14%) | loss: 2.847041 | lrm: 0.19 | dt: 669.20ms | tok/sec: 97,931 | bf16_mfu: 0.00 | epoch: 1 pq: 3 rg: 61 | total time: 38.29m | eta: 4.2m
step 03439/03814 (90.17%) | loss: 2.848327 | lrm: 0.19 | dt: 664.77ms | tok/sec: 98,584 | bf16_mfu: 0.00 | epoch: 1 pq: 3 rg: 61 | total time: 38.30m | eta: 4.2m
step 03440/03814 (90.19%) | loss: 2.855879 | lrm: 0.19 | dt: 669.19ms | tok/sec: 97,933 | bf16_mfu: 0.00 | epoch: 1 pq: 3 rg: 61 | total time: 38.31m | eta: 4.2m
step 03441/03814 (90.22%) | loss: 2.848428 | lrm: 0.19 | dt: 667.89ms | tok/sec: 98,124 | bf16_mfu: 0.00 | epoch: 1 pq: 3 rg: 61 | total time: 38.33m | eta: 4.2m
step 03442/03814 (90.25%) | loss: 2.849779 | lrm: 0.19 | dt: 667.39ms | tok/sec: 98,197 | bf16_mfu: 0.00 | epoch: 1 pq: 3 rg: 61 | total time: 38.34m | eta: 4.2m
step 03443/03814 (90.27%) | loss: 2.842287 | lrm: 0.19 | dt: 666.28ms | tok/sec: 98,360 | bf16_mfu: 0.00 | epoch: 1 pq: 3 rg: 62 | total time: 38.35m | eta: 4.1m
step 03444/03814 (90.30%) | loss: 2.841421 | lrm: 0.19 | dt: 669.77ms | tok/sec: 97,848 | bf16_mfu: 0.00 | epoch: 1 pq: 3 rg: 62 | total time: 38.36m | eta: 4.1m
step 03445/03814 (90.33%) | loss: 2.842187 | lrm: 0.19 | dt: 666.72ms | tok/sec: 98,296 | bf16_mfu: 0.00 | epoch: 1 pq: 3 rg: 62 | total time: 38.37m | eta: 4.1m
step 03446/03814 (90.35%) | loss: 2.842383 | lrm: 0.19 | dt: 669.65ms | tok/sec: 97,866 | bf16_mfu: 0.00 | epoch: 1 pq: 3 rg: 62 | total time: 38.38m | eta: 4.1m
step 03447/03814 (90.38%) | loss: 2.859777 | lrm: 0.19 | dt: 669.97ms | tok/sec: 97,819 | bf16_mfu: 0.00 | epoch: 1 pq: 3 rg: 62 | total time: 38.39m | eta: 4.1m
step 03448/03814 (90.40%) | loss: 2.879818 | lrm: 0.19 | dt: 667.45ms | tok/sec: 98,188 | bf16_mfu: 0.00 | epoch: 1 pq: 3 rg: 62 | total time: 38.40m | eta: 4.1m
step 03449/03814 (90.43%) | loss: 2.864459 | lrm: 0.19 | dt: 665.24ms | tok/sec: 98,514 | bf16_mfu: 0.00 | epoch: 1 pq: 3 rg: 62 | total time: 38.41m | eta: 4.1m
step 03450/03814 (90.46%) | loss: 2.856499 | lrm: 0.19 | dt: 668.42ms | tok/sec: 98,045 | bf16_mfu: 0.00 | epoch: 1 pq: 3 rg: 62 | total time: 38.43m | eta: 4.1m
step 03451/03814 (90.48%) | loss: 2.874276 | lrm: 0.19 | dt: 668.88ms | tok/sec: 97,979 | bf16_mfu: 0.00 | epoch: 1 pq: 3 rg: 62 | total time: 38.44m | eta: 4.1m
step 03452/03814 (90.51%) | loss: 2.866276 | lrm: 0.19 | dt: 669.74ms | tok/sec: 97,853 | bf16_mfu: 0.00 | epoch: 1 pq: 3 rg: 62 | total time: 38.45m | eta: 4.0m
step 03453/03814 (90.53%) | loss: 2.865633 | lrm: 0.19 | dt: 666.29ms | tok/sec: 98,359 | bf16_mfu: 0.00 | epoch: 1 pq: 3 rg: 62 | total time: 38.46m | eta: 4.0m
step 03454/03814 (90.56%) | loss: 2.896505 | lrm: 0.19 | dt: 668.20ms | tok/sec: 98,077 | bf16_mfu: 0.00 | epoch: 1 pq: 3 rg: 63 | total time: 38.47m | eta: 4.0m
step 03455/03814 (90.59%) | loss: 2.904092 | lrm: 0.19 | dt: 668.43ms | tok/sec: 98,044 | bf16_mfu: 0.00 | epoch: 1 pq: 3 rg: 63 | total time: 38.48m | eta: 4.0m
step 03456/03814 (90.61%) | loss: 2.891930 | lrm: 0.19 | dt: 672.00ms | tok/sec: 97,523 | bf16_mfu: 0.00 | epoch: 1 pq: 3 rg: 63 | total time: 38.49m | eta: 4.0m
step 03457/03814 (90.64%) | loss: 2.875944 | lrm: 0.19 | dt: 669.32ms | tok/sec: 97,914 | bf16_mfu: 0.00 | epoch: 1 pq: 3 rg: 63 | total time: 38.50m | eta: 4.0m
step 03458/03814 (90.67%) | loss: 2.875890 | lrm: 0.19 | dt: 673.81ms | tok/sec: 97,262 | bf16_mfu: 0.00 | epoch: 1 pq: 3 rg: 63 | total time: 38.51m | eta: 4.0m
step 03459/03814 (90.69%) | loss: 2.864878 | lrm: 0.19 | dt: 671.82ms | tok/sec: 97,549 | bf16_mfu: 0.00 | epoch: 1 pq: 3 rg: 63 | total time: 38.53m | eta: 4.0m
step 03460/03814 (90.72%) | loss: 2.849211 | lrm: 0.19 | dt: 672.48ms | tok/sec: 97,454 | bf16_mfu: 0.00 | epoch: 1 pq: 3 rg: 63 | total time: 38.54m | eta: 4.0m
step 03461/03814 (90.74%) | loss: 2.851641 | lrm: 0.19 | dt: 669.25ms | tok/sec: 97,924 | bf16_mfu: 0.00 | epoch: 1 pq: 3 rg: 63 | total time: 38.55m | eta: 3.9m
step 03462/03814 (90.77%) | loss: 2.847257 | lrm: 0.18 | dt: 674.13ms | tok/sec: 97,215 | bf16_mfu: 0.00 | epoch: 1 pq: 3 rg: 63 | total time: 38.56m | eta: 3.9m
step 03463/03814 (90.80%) | loss: 2.843158 | lrm: 0.18 | dt: 669.72ms | tok/sec: 97,855 | bf16_mfu: 0.00 | epoch: 1 pq: 3 rg: 63 | total time: 38.57m | eta: 3.9m
step 03464/03814 (90.82%) | loss: 2.855859 | lrm: 0.18 | dt: 673.95ms | tok/sec: 97,240 | bf16_mfu: 0.00 | epoch: 1 pq: 3 rg: 63 | total time: 38.58m | eta: 3.9m
step 03465/03814 (90.85%) | loss: 2.857844 | lrm: 0.18 | dt: 672.40ms | tok/sec: 97,465 | bf16_mfu: 0.00 | epoch: 1 pq: 3 rg: 64 | total time: 38.59m | eta: 3.9m
step 03466/03814 (90.88%) | loss: 2.848592 | lrm: 0.18 | dt: 674.04ms | tok/sec: 97,229 | bf16_mfu: 0.00 | epoch: 1 pq: 3 rg: 64 | total time: 38.60m | eta: 3.9m
step 03467/03814 (90.90%) | loss: 2.836903 | lrm: 0.18 | dt: 672.30ms | tok/sec: 97,479 | bf16_mfu: 0.00 | epoch: 1 pq: 3 rg: 64 | total time: 38.62m | eta: 3.9m
step 03468/03814 (90.93%) | loss: 2.877867 | lrm: 0.18 | dt: 675.30ms | tok/sec: 97,046 | bf16_mfu: 0.00 | epoch: 1 pq: 3 rg: 64 | total time: 38.63m | eta: 3.9m
step 03469/03814 (90.95%) | loss: 2.875119 | lrm: 0.18 | dt: 671.41ms | tok/sec: 97,609 | bf16_mfu: 0.00 | epoch: 1 pq: 3 rg: 64 | total time: 38.64m | eta: 3.9m
step 03470/03814 (90.98%) | loss: 2.866994 | lrm: 0.18 | dt: 674.91ms | tok/sec: 97,103 | bf16_mfu: 0.00 | epoch: 1 pq: 3 rg: 64 | total time: 38.65m | eta: 3.8m
step 03471/03814 (91.01%) | loss: 2.867981 | lrm: 0.18 | dt: 674.48ms | tok/sec: 97,164 | bf16_mfu: 0.00 | epoch: 1 pq: 3 rg: 64 | total time: 38.66m | eta: 3.8m
step 03472/03814 (91.03%) | loss: 2.848291 | lrm: 0.18 | dt: 673.92ms | tok/sec: 97,245 | bf16_mfu: 0.00 | epoch: 1 pq: 3 rg: 64 | total time: 38.67m | eta: 3.8m
step 03473/03814 (91.06%) | loss: 2.855781 | lrm: 0.18 | dt: 673.03ms | tok/sec: 97,374 | bf16_mfu: 0.00 | epoch: 1 pq: 3 rg: 64 | total time: 38.68m | eta: 3.8m
step 03474/03814 (91.09%) | loss: 2.852401 | lrm: 0.18 | dt: 680.13ms | tok/sec: 96,358 | bf16_mfu: 0.00 | epoch: 1 pq: 3 rg: 64 | total time: 38.69m | eta: 3.8m
step 03475/03814 (91.11%) | loss: 2.867188 | lrm: 0.18 | dt: 673.15ms | tok/sec: 97,357 | bf16_mfu: 0.00 | epoch: 1 pq: 3 rg: 64 | total time: 38.71m | eta: 3.8m
step 03476/03814 (91.14%) | loss: 2.862657 | lrm: 0.18 | dt: 676.40ms | tok/sec: 96,889 | bf16_mfu: 0.00 | epoch: 1 pq: 3 rg: 64 | total time: 38.72m | eta: 3.8m
step 03477/03814 (91.16%) | loss: 2.846689 | lrm: 0.18 | dt: 679.20ms | tok/sec: 96,490 | bf16_mfu: 0.00 | epoch: 1 pq: 3 rg: 65 | total time: 38.73m | eta: 3.8m
step 03478/03814 (91.19%) | loss: 2.861542 | lrm: 0.18 | dt: 682.38ms | tok/sec: 96,039 | bf16_mfu: 0.00 | epoch: 1 pq: 3 rg: 65 | total time: 38.74m | eta: 3.8m
step 03479/03814 (91.22%) | loss: 2.860510 | lrm: 0.18 | dt: 673.24ms | tok/sec: 97,344 | bf16_mfu: 0.00 | epoch: 1 pq: 3 rg: 65 | total time: 38.75m | eta: 3.7m
step 03480/03814 (91.24%) | loss: 2.846605 | lrm: 0.18 | dt: 676.17ms | tok/sec: 96,921 | bf16_mfu: 0.00 | epoch: 1 pq: 3 rg: 65 | total time: 38.76m | eta: 3.7m
step 03481/03814 (91.27%) | loss: 2.858350 | lrm: 0.18 | dt: 680.09ms | tok/sec: 96,363 | bf16_mfu: 0.00 | epoch: 1 pq: 3 rg: 65 | total time: 38.77m | eta: 3.7m
step 03482/03814 (91.30%) | loss: 2.884862 | lrm: 0.18 | dt: 682.80ms | tok/sec: 95,981 | bf16_mfu: 0.00 | epoch: 1 pq: 3 rg: 65 | total time: 38.78m | eta: 3.7m
step 03483/03814 (91.32%) | loss: 2.876839 | lrm: 0.18 | dt: 673.76ms | tok/sec: 97,269 | bf16_mfu: 0.00 | epoch: 1 pq: 3 rg: 65 | total time: 38.80m | eta: 3.7m
step 03484/03814 (91.35%) | loss: 2.880812 | lrm: 0.18 | dt: 683.82ms | tok/sec: 95,838 | bf16_mfu: 0.00 | epoch: 1 pq: 3 rg: 65 | total time: 38.81m | eta: 3.7m
step 03485/03814 (91.37%) | loss: 2.881432 | lrm: 0.18 | dt: 676.34ms | tok/sec: 96,897 | bf16_mfu: 0.00 | epoch: 1 pq: 3 rg: 65 | total time: 38.82m | eta: 3.7m
step 03486/03814 (91.40%) | loss: 2.880763 | lrm: 0.18 | dt: 677.06ms | tok/sec: 96,794 | bf16_mfu: 0.00 | epoch: 1 pq: 3 rg: 65 | total time: 38.83m | eta: 3.7m
step 03487/03814 (91.43%) | loss: 2.880493 | lrm: 0.18 | dt: 675.69ms | tok/sec: 96,990 | bf16_mfu: 0.00 | epoch: 1 pq: 3 rg: 65 | total time: 38.84m | eta: 3.7m
step 03488/03814 (91.45%) | loss: 2.879993 | lrm: 0.17 | dt: 677.93ms | tok/sec: 96,670 | bf16_mfu: 0.00 | epoch: 1 pq: 3 rg: 66 | total time: 38.85m | eta: 3.6m
step 03489/03814 (91.48%) | loss: 2.888047 | lrm: 0.17 | dt: 678.81ms | tok/sec: 96,546 | bf16_mfu: 0.00 | epoch: 1 pq: 3 rg: 66 | total time: 38.86m | eta: 3.6m
step 03490/03814 (91.50%) | loss: 2.879831 | lrm: 0.17 | dt: 685.07ms | tok/sec: 95,663 | bf16_mfu: 0.00 | epoch: 1 pq: 3 rg: 66 | total time: 38.88m | eta: 3.6m
step 03491/03814 (91.53%) | loss: 2.895055 | lrm: 0.17 | dt: 676.88ms | tok/sec: 96,820 | bf16_mfu: 0.00 | epoch: 1 pq: 3 rg: 66 | total time: 38.89m | eta: 3.6m
step 03492/03814 (91.56%) | loss: 2.903450 | lrm: 0.17 | dt: 680.46ms | tok/sec: 96,310 | bf16_mfu: 0.00 | epoch: 1 pq: 3 rg: 66 | total time: 38.90m | eta: 3.6m
step 03493/03814 (91.58%) | loss: 2.899336 | lrm: 0.17 | dt: 684.23ms | tok/sec: 95,780 | bf16_mfu: 0.00 | epoch: 1 pq: 3 rg: 66 | total time: 38.91m | eta: 3.6m
step 03494/03814 (91.61%) | loss: 2.893021 | lrm: 0.17 | dt: 675.11ms | tok/sec: 97,074 | bf16_mfu: 0.00 | epoch: 1 pq: 3 rg: 66 | total time: 38.92m | eta: 3.6m
step 03495/03814 (91.64%) | loss: 2.904596 | lrm: 0.17 | dt: 682.47ms | tok/sec: 96,028 | bf16_mfu: 0.00 | epoch: 1 pq: 3 rg: 66 | total time: 38.93m | eta: 3.6m
step 03496/03814 (91.66%) | loss: 2.895601 | lrm: 0.17 | dt: 673.73ms | tok/sec: 97,273 | bf16_mfu: 0.00 | epoch: 1 pq: 3 rg: 66 | total time: 38.94m | eta: 3.6m
step 03497/03814 (91.69%) | loss: 2.887488 | lrm: 0.17 | dt: 678.25ms | tok/sec: 96,624 | bf16_mfu: 0.00 | epoch: 1 pq: 3 rg: 66 | total time: 38.95m | eta: 3.5m
step 03498/03814 (91.71%) | loss: 2.870474 | lrm: 0.17 | dt: 679.48ms | tok/sec: 96,450 | bf16_mfu: 0.00 | epoch: 1 pq: 3 rg: 66 | total time: 38.97m | eta: 3.5m
step 03499/03814 (91.74%) | loss: 2.894354 | lrm: 0.17 | dt: 684.26ms | tok/sec: 95,775 | bf16_mfu: 0.00 | epoch: 1 pq: 3 rg: 67 | total time: 38.98m | eta: 3.5m
Step 03500 | Validation bpb: 0.792525
step 03500/03814 (91.77%) | loss: 2.897189 | lrm: 0.17 | dt: 678.62ms | tok/sec: 96,572 | bf16_mfu: 0.00 | epoch: 1 pq: 3 rg: 67 | total time: 38.99m | eta: 3.5m
step 03501/03814 (91.79%) | loss: 2.893786 | lrm: 0.17 | dt: 661.27ms | tok/sec: 99,105 | bf16_mfu: 0.00 | epoch: 1 pq: 3 rg: 67 | total time: 39.00m | eta: 3.5m
step 03502/03814 (91.82%) | loss: 2.900963 | lrm: 0.17 | dt: 665.34ms | tok/sec: 98,500 | bf16_mfu: 0.00 | epoch: 1 pq: 3 rg: 67 | total time: 39.01m | eta: 3.5m
step 03503/03814 (91.85%) | loss: 2.898752 | lrm: 0.17 | dt: 671.45ms | tok/sec: 97,603 | bf16_mfu: 0.00 | epoch: 1 pq: 3 rg: 67 | total time: 39.02m | eta: 3.5m
step 03504/03814 (91.87%) | loss: 2.898207 | lrm: 0.17 | dt: 667.19ms | tok/sec: 98,227 | bf16_mfu: 0.00 | epoch: 1 pq: 3 rg: 67 | total time: 39.03m | eta: 3.5m
step 03505/03814 (91.90%) | loss: 2.895745 | lrm: 0.17 | dt: 668.18ms | tok/sec: 98,081 | bf16_mfu: 0.00 | epoch: 1 pq: 3 rg: 67 | total time: 39.04m | eta: 3.5m
step 03506/03814 (91.92%) | loss: 2.882581 | lrm: 0.17 | dt: 673.58ms | tok/sec: 97,295 | bf16_mfu: 0.00 | epoch: 1 pq: 3 rg: 67 | total time: 39.06m | eta: 3.4m
step 03507/03814 (91.95%) | loss: 2.858976 | lrm: 0.17 | dt: 673.22ms | tok/sec: 97,346 | bf16_mfu: 0.00 | epoch: 1 pq: 3 rg: 67 | total time: 39.07m | eta: 3.4m
step 03508/03814 (91.98%) | loss: 2.851346 | lrm: 0.17 | dt: 678.63ms | tok/sec: 96,571 | bf16_mfu: 0.00 | epoch: 1 pq: 3 rg: 67 | total time: 39.08m | eta: 3.4m
step 03509/03814 (92.00%) | loss: 2.864870 | lrm: 0.17 | dt: 673.59ms | tok/sec: 97,293 | bf16_mfu: 0.00 | epoch: 1 pq: 3 rg: 67 | total time: 39.09m | eta: 3.4m
step 03510/03814 (92.03%) | loss: 2.851689 | lrm: 0.17 | dt: 676.83ms | tok/sec: 96,827 | bf16_mfu: 0.00 | epoch: 1 pq: 3 rg: 68 | total time: 39.10m | eta: 3.4m
step 03511/03814 (92.06%) | loss: 2.847493 | lrm: 0.17 | dt: 675.05ms | tok/sec: 97,083 | bf16_mfu: 0.00 | epoch: 1 pq: 3 rg: 68 | total time: 39.11m | eta: 3.4m
step 03512/03814 (92.08%) | loss: 2.865180 | lrm: 0.17 | dt: 674.06ms | tok/sec: 97,226 | bf16_mfu: 0.00 | epoch: 1 pq: 3 rg: 68 | total time: 39.12m | eta: 3.4m
step 03513/03814 (92.11%) | loss: 2.856422 | lrm: 0.17 | dt: 679.89ms | tok/sec: 96,392 | bf16_mfu: 0.00 | epoch: 1 pq: 3 rg: 68 | total time: 39.13m | eta: 3.4m
step 03514/03814 (92.13%) | loss: 2.861983 | lrm: 0.16 | dt: 744.04ms | tok/sec: 88,081 | bf16_mfu: 0.00 | epoch: 1 pq: 3 rg: 68 | total time: 39.15m | eta: 3.4m
step 03515/03814 (92.16%) | loss: 2.858499 | lrm: 0.16 | dt: 679.84ms | tok/sec: 96,398 | bf16_mfu: 0.00 | epoch: 1 pq: 3 rg: 68 | total time: 39.16m | eta: 3.3m
step 03516/03814 (92.19%) | loss: 2.863267 | lrm: 0.16 | dt: 685.28ms | tok/sec: 95,633 | bf16_mfu: 0.00 | epoch: 1 pq: 3 rg: 68 | total time: 39.17m | eta: 3.3m
step 03517/03814 (92.21%) | loss: 2.867675 | lrm: 0.16 | dt: 683.72ms | tok/sec: 95,852 | bf16_mfu: 0.00 | epoch: 1 pq: 3 rg: 68 | total time: 39.18m | eta: 3.3m
step 03518/03814 (92.24%) | loss: 2.838963 | lrm: 0.16 | dt: 687.81ms | tok/sec: 95,282 | bf16_mfu: 0.00 | epoch: 1 pq: 3 rg: 68 | total time: 39.19m | eta: 3.3m
step 03519/03814 (92.27%) | loss: 2.839664 | lrm: 0.16 | dt: 685.48ms | tok/sec: 95,605 | bf16_mfu: 0.00 | epoch: 1 pq: 3 rg: 68 | total time: 39.20m | eta: 3.3m
step 03520/03814 (92.29%) | loss: 2.835392 | lrm: 0.16 | dt: 681.74ms | tok/sec: 96,131 | bf16_mfu: 0.00 | epoch: 1 pq: 3 rg: 68 | total time: 39.22m | eta: 3.3m
step 03521/03814 (92.32%) | loss: 2.826781 | lrm: 0.16 | dt: 687.01ms | tok/sec: 95,393 | bf16_mfu: 0.00 | epoch: 1 pq: 3 rg: 68 | total time: 39.23m | eta: 3.3m
step 03522/03814 (92.34%) | loss: 2.842684 | lrm: 0.16 | dt: 836.99ms | tok/sec: 78,299 | bf16_mfu: 0.00 | epoch: 1 pq: 3 rg: 69 | total time: 39.24m | eta: 3.3m
step 03523/03814 (92.37%) | loss: 2.850360 | lrm: 0.16 | dt: 683.00ms | tok/sec: 95,952 | bf16_mfu: 0.00 | epoch: 1 pq: 3 rg: 69 | total time: 39.25m | eta: 3.3m
step 03524/03814 (92.40%) | loss: 2.830975 | lrm: 0.16 | dt: 688.14ms | tok/sec: 95,236 | bf16_mfu: 0.00 | epoch: 1 pq: 3 rg: 69 | total time: 39.26m | eta: 3.2m
step 03525/03814 (92.42%) | loss: 2.817346 | lrm: 0.16 | dt: 687.51ms | tok/sec: 95,324 | bf16_mfu: 0.00 | epoch: 1 pq: 3 rg: 69 | total time: 39.27m | eta: 3.2m
step 03526/03814 (92.45%) | loss: 2.817052 | lrm: 0.16 | dt: 689.50ms | tok/sec: 95,048 | bf16_mfu: 0.00 | epoch: 1 pq: 3 rg: 69 | total time: 39.29m | eta: 3.2m
step 03527/03814 (92.48%) | loss: 2.813630 | lrm: 0.16 | dt: 688.50ms | tok/sec: 95,187 | bf16_mfu: 0.00 | epoch: 1 pq: 3 rg: 69 | total time: 39.30m | eta: 3.2m
step 03528/03814 (92.50%) | loss: 2.817298 | lrm: 0.16 | dt: 688.83ms | tok/sec: 95,141 | bf16_mfu: 0.00 | epoch: 1 pq: 3 rg: 69 | total time: 39.31m | eta: 3.2m
step 03529/03814 (92.53%) | loss: 2.842157 | lrm: 0.16 | dt: 684.56ms | tok/sec: 95,734 | bf16_mfu: 0.00 | epoch: 1 pq: 3 rg: 69 | total time: 39.32m | eta: 3.2m
step 03530/03814 (92.55%) | loss: 2.848407 | lrm: 0.16 | dt: 688.84ms | tok/sec: 95,139 | bf16_mfu: 0.00 | epoch: 1 pq: 3 rg: 69 | total time: 39.33m | eta: 3.2m
step 03531/03814 (92.58%) | loss: 2.841597 | lrm: 0.16 | dt: 688.18ms | tok/sec: 95,231 | bf16_mfu: 0.00 | epoch: 1 pq: 3 rg: 69 | total time: 39.34m | eta: 3.2m
step 03532/03814 (92.61%) | loss: 2.838334 | lrm: 0.16 | dt: 686.32ms | tok/sec: 95,489 | bf16_mfu: 0.00 | epoch: 1 pq: 3 rg: 69 | total time: 39.36m | eta: 3.2m
step 03533/03814 (92.63%) | loss: 2.833149 | lrm: 0.16 | dt: 688.04ms | tok/sec: 95,250 | bf16_mfu: 0.00 | epoch: 1 pq: 3 rg: 70 | total time: 39.37m | eta: 3.1m
step 03534/03814 (92.66%) | loss: 2.816651 | lrm: 0.16 | dt: 688.03ms | tok/sec: 95,251 | bf16_mfu: 0.00 | epoch: 1 pq: 3 rg: 70 | total time: 39.38m | eta: 3.1m
step 03535/03814 (92.68%) | loss: 2.821469 | lrm: 0.16 | dt: 689.75ms | tok/sec: 95,013 | bf16_mfu: 0.00 | epoch: 1 pq: 3 rg: 70 | total time: 39.39m | eta: 3.1m
step 03536/03814 (92.71%) | loss: 2.817837 | lrm: 0.16 | dt: 683.99ms | tok/sec: 95,813 | bf16_mfu: 0.00 | epoch: 1 pq: 3 rg: 70 | total time: 39.40m | eta: 3.1m
step 03537/03814 (92.74%) | loss: 2.828288 | lrm: 0.16 | dt: 687.07ms | tok/sec: 95,385 | bf16_mfu: 0.00 | epoch: 1 pq: 3 rg: 70 | total time: 39.41m | eta: 3.1m
step 03538/03814 (92.76%) | loss: 2.823830 | lrm: 0.16 | dt: 681.86ms | tok/sec: 96,114 | bf16_mfu: 0.00 | epoch: 1 pq: 3 rg: 70 | total time: 39.42m | eta: 3.1m
step 03539/03814 (92.79%) | loss: 2.826939 | lrm: 0.16 | dt: 674.98ms | tok/sec: 97,093 | bf16_mfu: 0.00 | epoch: 1 pq: 3 rg: 70 | total time: 39.43m | eta: 3.1m
step 03540/03814 (92.82%) | loss: 2.814006 | lrm: 0.16 | dt: 682.64ms | tok/sec: 96,003 | bf16_mfu: 0.00 | epoch: 1 pq: 3 rg: 70 | total time: 39.45m | eta: 3.1m
step 03541/03814 (92.84%) | loss: 2.805802 | lrm: 0.15 | dt: 947.06ms | tok/sec: 69,199 | bf16_mfu: 0.00 | epoch: 1 pq: 3 rg: 70 | total time: 39.46m | eta: 3.1m
step 03542/03814 (92.87%) | loss: 2.804346 | lrm: 0.15 | dt: 673.84ms | tok/sec: 97,257 | bf16_mfu: 0.00 | epoch: 1 pq: 3 rg: 70 | total time: 39.47m | eta: 3.0m
step 03543/03814 (92.89%) | loss: 2.821869 | lrm: 0.15 | dt: 672.89ms | tok/sec: 97,394 | bf16_mfu: 0.00 | epoch: 1 pq: 3 rg: 70 | total time: 39.48m | eta: 3.0m
step 03544/03814 (92.92%) | loss: 2.819878 | lrm: 0.15 | dt: 674.20ms | tok/sec: 97,205 | bf16_mfu: 0.00 | epoch: 1 pq: 3 rg: 71 | total time: 39.50m | eta: 3.0m
step 03545/03814 (92.95%) | loss: 2.812164 | lrm: 0.15 | dt: 676.63ms | tok/sec: 96,855 | bf16_mfu: 0.00 | epoch: 1 pq: 3 rg: 71 | total time: 39.51m | eta: 3.0m
step 03546/03814 (92.97%) | loss: 2.811053 | lrm: 0.15 | dt: 670.12ms | tok/sec: 97,798 | bf16_mfu: 0.00 | epoch: 1 pq: 3 rg: 71 | total time: 39.52m | eta: 3.0m
step 03547/03814 (93.00%) | loss: 2.818210 | lrm: 0.15 | dt: 670.51ms | tok/sec: 97,740 | bf16_mfu: 0.00 | epoch: 1 pq: 3 rg: 71 | total time: 39.53m | eta: 3.0m
step 03548/03814 (93.03%) | loss: 2.793001 | lrm: 0.15 | dt: 673.16ms | tok/sec: 97,355 | bf16_mfu: 0.00 | epoch: 1 pq: 3 rg: 71 | total time: 39.54m | eta: 3.0m
step 03549/03814 (93.05%) | loss: 2.796660 | lrm: 0.15 | dt: 674.28ms | tok/sec: 97,193 | bf16_mfu: 0.00 | epoch: 1 pq: 3 rg: 71 | total time: 39.55m | eta: 3.0m
step 03550/03814 (93.08%) | loss: 2.798451 | lrm: 0.15 | dt: 670.04ms | tok/sec: 97,808 | bf16_mfu: 0.00 | epoch: 1 pq: 3 rg: 71 | total time: 39.56m | eta: 3.0m
step 03551/03814 (93.10%) | loss: 2.799560 | lrm: 0.15 | dt: 671.25ms | tok/sec: 97,632 | bf16_mfu: 0.00 | epoch: 1 pq: 3 rg: 71 | total time: 39.57m | eta: 2.9m
step 03552/03814 (93.13%) | loss: 2.807653 | lrm: 0.15 | dt: 669.39ms | tok/sec: 97,904 | bf16_mfu: 0.00 | epoch: 1 pq: 3 rg: 71 | total time: 39.59m | eta: 2.9m
step 03553/03814 (93.16%) | loss: 2.808632 | lrm: 0.15 | dt: 668.47ms | tok/sec: 98,038 | bf16_mfu: 0.00 | epoch: 1 pq: 3 rg: 71 | total time: 39.60m | eta: 2.9m
step 03554/03814 (93.18%) | loss: 2.816540 | lrm: 0.15 | dt: 670.75ms | tok/sec: 97,706 | bf16_mfu: 0.00 | epoch: 1 pq: 3 rg: 71 | total time: 39.61m | eta: 2.9m
step 03555/03814 (93.21%) | loss: 2.827493 | lrm: 0.15 | dt: 665.42ms | tok/sec: 98,488 | bf16_mfu: 0.00 | epoch: 1 pq: 3 rg: 72 | total time: 39.62m | eta: 2.9m
step 03556/03814 (93.24%) | loss: 2.826454 | lrm: 0.15 | dt: 668.14ms | tok/sec: 98,086 | bf16_mfu: 0.00 | epoch: 1 pq: 3 rg: 72 | total time: 39.63m | eta: 2.9m
step 03557/03814 (93.26%) | loss: 2.841881 | lrm: 0.15 | dt: 667.32ms | tok/sec: 98,207 | bf16_mfu: 0.00 | epoch: 1 pq: 3 rg: 72 | total time: 39.64m | eta: 2.9m
step 03558/03814 (93.29%) | loss: 2.846066 | lrm: 0.15 | dt: 670.32ms | tok/sec: 97,767 | bf16_mfu: 0.00 | epoch: 1 pq: 3 rg: 72 | total time: 39.65m | eta: 2.9m
step 03559/03814 (93.31%) | loss: 2.842133 | lrm: 0.15 | dt: 668.82ms | tok/sec: 97,988 | bf16_mfu: 0.00 | epoch: 1 pq: 3 rg: 72 | total time: 39.66m | eta: 2.8m
step 03560/03814 (93.34%) | loss: 2.830722 | lrm: 0.15 | dt: 669.50ms | tok/sec: 97,887 | bf16_mfu: 0.00 | epoch: 1 pq: 3 rg: 72 | total time: 39.67m | eta: 2.8m
step 03561/03814 (93.37%) | loss: 2.832370 | lrm: 0.15 | dt: 668.16ms | tok/sec: 98,084 | bf16_mfu: 0.00 | epoch: 1 pq: 3 rg: 72 | total time: 39.69m | eta: 2.8m
step 03562/03814 (93.39%) | loss: 2.830697 | lrm: 0.15 | dt: 667.23ms | tok/sec: 98,220 | bf16_mfu: 0.00 | epoch: 1 pq: 3 rg: 72 | total time: 39.70m | eta: 2.8m
step 03563/03814 (93.42%) | loss: 2.834445 | lrm: 0.15 | dt: 670.66ms | tok/sec: 97,718 | bf16_mfu: 0.00 | epoch: 1 pq: 3 rg: 72 | total time: 39.71m | eta: 2.8m
step 03564/03814 (93.45%) | loss: 2.841022 | lrm: 0.15 | dt: 664.09ms | tok/sec: 98,685 | bf16_mfu: 0.00 | epoch: 1 pq: 3 rg: 72 | total time: 39.72m | eta: 2.8m
step 03565/03814 (93.47%) | loss: 2.845920 | lrm: 0.15 | dt: 675.03ms | tok/sec: 97,086 | bf16_mfu: 0.00 | epoch: 1 pq: 3 rg: 72 | total time: 39.73m | eta: 2.8m
step 03566/03814 (93.50%) | loss: 2.849746 | lrm: 0.15 | dt: 673.09ms | tok/sec: 97,365 | bf16_mfu: 0.00 | epoch: 1 pq: 3 rg: 72 | total time: 39.74m | eta: 2.8m
step 03567/03814 (93.52%) | loss: 2.841344 | lrm: 0.14 | dt: 664.25ms | tok/sec: 98,661 | bf16_mfu: 0.00 | epoch: 1 pq: 3 rg: 73 | total time: 39.75m | eta: 2.8m
step 03568/03814 (93.55%) | loss: 2.829714 | lrm: 0.14 | dt: 663.56ms | tok/sec: 98,763 | bf16_mfu: 0.00 | epoch: 1 pq: 3 rg: 73 | total time: 39.76m | eta: 2.7m
step 03569/03814 (93.58%) | loss: 2.830274 | lrm: 0.14 | dt: 664.12ms | tok/sec: 98,680 | bf16_mfu: 0.00 | epoch: 1 pq: 3 rg: 73 | total time: 39.77m | eta: 2.7m
step 03570/03814 (93.60%) | loss: 2.819073 | lrm: 0.14 | dt: 667.13ms | tok/sec: 98,235 | bf16_mfu: 0.00 | epoch: 1 pq: 3 rg: 73 | total time: 39.79m | eta: 2.7m
step 03571/03814 (93.63%) | loss: 2.841242 | lrm: 0.14 | dt: 668.05ms | tok/sec: 98,100 | bf16_mfu: 0.00 | epoch: 1 pq: 3 rg: 73 | total time: 39.80m | eta: 2.7m
step 03572/03814 (93.65%) | loss: 2.857060 | lrm: 0.14 | dt: 664.69ms | tok/sec: 98,596 | bf16_mfu: 0.00 | epoch: 1 pq: 3 rg: 73 | total time: 39.81m | eta: 2.7m
step 03573/03814 (93.68%) | loss: 2.851380 | lrm: 0.14 | dt: 667.84ms | tok/sec: 98,131 | bf16_mfu: 0.00 | epoch: 1 pq: 3 rg: 73 | total time: 39.82m | eta: 2.7m
step 03574/03814 (93.71%) | loss: 2.834731 | lrm: 0.14 | dt: 667.66ms | tok/sec: 98,157 | bf16_mfu: 0.00 | epoch: 1 pq: 3 rg: 73 | total time: 39.83m | eta: 2.7m
step 03575/03814 (93.73%) | loss: 2.826546 | lrm: 0.14 | dt: 667.26ms | tok/sec: 98,217 | bf16_mfu: 0.00 | epoch: 1 pq: 3 rg: 73 | total time: 39.84m | eta: 2.7m
step 03576/03814 (93.76%) | loss: 2.843238 | lrm: 0.14 | dt: 667.51ms | tok/sec: 98,179 | bf16_mfu: 0.00 | epoch: 1 pq: 3 rg: 73 | total time: 39.85m | eta: 2.7m
step 03577/03814 (93.79%) | loss: 2.835611 | lrm: 0.14 | dt: 668.71ms | tok/sec: 98,003 | bf16_mfu: 0.00 | epoch: 1 pq: 3 rg: 74 | total time: 39.86m | eta: 2.6m
step 03578/03814 (93.81%) | loss: 2.826671 | lrm: 0.14 | dt: 668.22ms | tok/sec: 98,076 | bf16_mfu: 0.00 | epoch: 1 pq: 3 rg: 74 | total time: 39.87m | eta: 2.6m
step 03579/03814 (93.84%) | loss: 2.833802 | lrm: 0.14 | dt: 669.65ms | tok/sec: 97,866 | bf16_mfu: 0.00 | epoch: 1 pq: 3 rg: 74 | total time: 39.89m | eta: 2.6m
step 03580/03814 (93.86%) | loss: 2.846510 | lrm: 0.14 | dt: 667.68ms | tok/sec: 98,155 | bf16_mfu: 0.00 | epoch: 1 pq: 3 rg: 74 | total time: 39.90m | eta: 2.6m
step 03581/03814 (93.89%) | loss: 2.837309 | lrm: 0.14 | dt: 668.41ms | tok/sec: 98,047 | bf16_mfu: 0.00 | epoch: 1 pq: 3 rg: 74 | total time: 39.91m | eta: 2.6m
step 03582/03814 (93.92%) | loss: 2.850563 | lrm: 0.14 | dt: 788.82ms | tok/sec: 83,081 | bf16_mfu: 0.00 | epoch: 1 pq: 3 rg: 74 | total time: 39.92m | eta: 2.6m
step 03583/03814 (93.94%) | loss: 2.854270 | lrm: 0.14 | dt: 668.61ms | tok/sec: 98,017 | bf16_mfu: 0.00 | epoch: 1 pq: 3 rg: 74 | total time: 39.93m | eta: 2.6m
step 03584/03814 (93.97%) | loss: 2.834709 | lrm: 0.14 | dt: 664.60ms | tok/sec: 98,609 | bf16_mfu: 0.00 | epoch: 1 pq: 3 rg: 74 | total time: 39.94m | eta: 2.6m
step 03585/03814 (94.00%) | loss: 2.829690 | lrm: 0.14 | dt: 669.02ms | tok/sec: 97,958 | bf16_mfu: 0.00 | epoch: 1 pq: 3 rg: 74 | total time: 39.95m | eta: 2.6m
step 03586/03814 (94.02%) | loss: 2.840019 | lrm: 0.14 | dt: 675.65ms | tok/sec: 96,997 | bf16_mfu: 0.00 | epoch: 1 pq: 3 rg: 74 | total time: 39.97m | eta: 2.5m
step 03587/03814 (94.05%) | loss: 2.837505 | lrm: 0.14 | dt: 669.70ms | tok/sec: 97,858 | bf16_mfu: 0.00 | epoch: 1 pq: 3 rg: 74 | total time: 39.98m | eta: 2.5m
step 03588/03814 (94.07%) | loss: 2.828760 | lrm: 0.14 | dt: 669.90ms | tok/sec: 97,829 | bf16_mfu: 0.00 | epoch: 1 pq: 3 rg: 74 | total time: 39.99m | eta: 2.5m
step 03589/03814 (94.10%) | loss: 2.816286 | lrm: 0.14 | dt: 669.27ms | tok/sec: 97,920 | bf16_mfu: 0.00 | epoch: 1 pq: 3 rg: 75 | total time: 40.00m | eta: 2.5m
step 03590/03814 (94.13%) | loss: 2.831343 | lrm: 0.14 | dt: 666.27ms | tok/sec: 98,361 | bf16_mfu: 0.00 | epoch: 1 pq: 3 rg: 75 | total time: 40.01m | eta: 2.5m
step 03591/03814 (94.15%) | loss: 2.850906 | lrm: 0.14 | dt: 671.57ms | tok/sec: 97,586 | bf16_mfu: 0.00 | epoch: 1 pq: 3 rg: 75 | total time: 40.02m | eta: 2.5m
step 03592/03814 (94.18%) | loss: 2.853469 | lrm: 0.14 | dt: 666.39ms | tok/sec: 98,345 | bf16_mfu: 0.00 | epoch: 1 pq: 3 rg: 75 | total time: 40.03m | eta: 2.5m
step 03593/03814 (94.21%) | loss: 2.864580 | lrm: 0.13 | dt: 670.31ms | tok/sec: 97,769 | bf16_mfu: 0.00 | epoch: 1 pq: 3 rg: 75 | total time: 40.04m | eta: 2.5m
step 03594/03814 (94.23%) | loss: 2.854960 | lrm: 0.13 | dt: 667.72ms | tok/sec: 98,149 | bf16_mfu: 0.00 | epoch: 1 pq: 3 rg: 75 | total time: 40.06m | eta: 2.5m
step 03595/03814 (94.26%) | loss: 2.849114 | lrm: 0.13 | dt: 670.28ms | tok/sec: 97,774 | bf16_mfu: 0.00 | epoch: 1 pq: 3 rg: 75 | total time: 40.07m | eta: 2.4m
step 03596/03814 (94.28%) | loss: 2.849489 | lrm: 0.13 | dt: 673.46ms | tok/sec: 97,312 | bf16_mfu: 0.00 | epoch: 1 pq: 3 rg: 75 | total time: 40.08m | eta: 2.4m
step 03597/03814 (94.31%) | loss: 2.850501 | lrm: 0.13 | dt: 674.10ms | tok/sec: 97,220 | bf16_mfu: 0.00 | epoch: 1 pq: 3 rg: 75 | total time: 40.09m | eta: 2.4m
step 03598/03814 (94.34%) | loss: 2.850414 | lrm: 0.13 | dt: 672.88ms | tok/sec: 97,396 | bf16_mfu: 0.00 | epoch: 1 pq: 3 rg: 75 | total time: 40.10m | eta: 2.4m
step 03599/03814 (94.36%) | loss: 2.855875 | lrm: 0.13 | dt: 672.65ms | tok/sec: 97,429 | bf16_mfu: 0.00 | epoch: 1 pq: 3 rg: 75 | total time: 40.11m | eta: 2.4m
step 03600/03814 (94.39%) | loss: 2.860581 | lrm: 0.13 | dt: 669.02ms | tok/sec: 97,957 | bf16_mfu: 0.00 | epoch: 1 pq: 3 rg: 76 | total time: 40.12m | eta: 2.4m
step 03601/03814 (94.42%) | loss: 2.866877 | lrm: 0.13 | dt: 673.80ms | tok/sec: 97,262 | bf16_mfu: 0.00 | epoch: 1 pq: 3 rg: 76 | total time: 40.13m | eta: 2.4m
step 03602/03814 (94.44%) | loss: 2.875455 | lrm: 0.13 | dt: 676.37ms | tok/sec: 96,893 | bf16_mfu: 0.00 | epoch: 1 pq: 3 rg: 76 | total time: 40.14m | eta: 2.4m
step 03603/03814 (94.47%) | loss: 2.860566 | lrm: 0.13 | dt: 671.73ms | tok/sec: 97,563 | bf16_mfu: 0.00 | epoch: 1 pq: 3 rg: 76 | total time: 40.16m | eta: 2.4m
step 03604/03814 (94.49%) | loss: 2.867886 | lrm: 0.13 | dt: 673.21ms | tok/sec: 97,348 | bf16_mfu: 0.00 | epoch: 1 pq: 3 rg: 76 | total time: 40.17m | eta: 2.3m
step 03605/03814 (94.52%) | loss: 2.860873 | lrm: 0.13 | dt: 673.77ms | tok/sec: 97,266 | bf16_mfu: 0.00 | epoch: 1 pq: 3 rg: 76 | total time: 40.18m | eta: 2.3m
step 03606/03814 (94.55%) | loss: 2.854311 | lrm: 0.13 | dt: 673.78ms | tok/sec: 97,265 | bf16_mfu: 0.00 | epoch: 1 pq: 3 rg: 76 | total time: 40.19m | eta: 2.3m
step 03607/03814 (94.57%) | loss: 2.856474 | lrm: 0.13 | dt: 672.91ms | tok/sec: 97,391 | bf16_mfu: 0.00 | epoch: 1 pq: 3 rg: 76 | total time: 40.20m | eta: 2.3m
step 03608/03814 (94.60%) | loss: 2.842350 | lrm: 0.13 | dt: 675.48ms | tok/sec: 97,020 | bf16_mfu: 0.00 | epoch: 1 pq: 3 rg: 76 | total time: 40.21m | eta: 2.3m
step 03609/03814 (94.63%) | loss: 2.845209 | lrm: 0.13 | dt: 672.26ms | tok/sec: 97,485 | bf16_mfu: 0.00 | epoch: 1 pq: 3 rg: 76 | total time: 40.22m | eta: 2.3m
step 03610/03814 (94.65%) | loss: 2.844229 | lrm: 0.13 | dt: 671.45ms | tok/sec: 97,603 | bf16_mfu: 0.00 | epoch: 1 pq: 3 rg: 76 | total time: 40.23m | eta: 2.3m
step 03611/03814 (94.68%) | loss: 2.824340 | lrm: 0.13 | dt: 672.79ms | tok/sec: 97,408 | bf16_mfu: 0.00 | epoch: 1 pq: 3 rg: 77 | total time: 40.25m | eta: 2.3m
step 03612/03814 (94.70%) | loss: 2.821952 | lrm: 0.13 | dt: 676.82ms | tok/sec: 96,828 | bf16_mfu: 0.00 | epoch: 1 pq: 3 rg: 77 | total time: 40.26m | eta: 2.3m
step 03613/03814 (94.73%) | loss: 2.829043 | lrm: 0.13 | dt: 670.29ms | tok/sec: 97,772 | bf16_mfu: 0.00 | epoch: 1 pq: 3 rg: 77 | total time: 40.27m | eta: 2.2m
step 03614/03814 (94.76%) | loss: 2.819988 | lrm: 0.13 | dt: 677.76ms | tok/sec: 96,695 | bf16_mfu: 0.00 | epoch: 1 pq: 3 rg: 77 | total time: 40.28m | eta: 2.2m
step 03615/03814 (94.78%) | loss: 2.808613 | lrm: 0.13 | dt: 677.66ms | tok/sec: 96,709 | bf16_mfu: 0.00 | epoch: 1 pq: 3 rg: 77 | total time: 40.29m | eta: 2.2m
step 03616/03814 (94.81%) | loss: 2.812302 | lrm: 0.13 | dt: 679.64ms | tok/sec: 96,427 | bf16_mfu: 0.00 | epoch: 1 pq: 3 rg: 77 | total time: 40.30m | eta: 2.2m
step 03617/03814 (94.83%) | loss: 2.827903 | lrm: 0.13 | dt: 678.71ms | tok/sec: 96,559 | bf16_mfu: 0.00 | epoch: 1 pq: 3 rg: 77 | total time: 40.31m | eta: 2.2m
step 03618/03814 (94.86%) | loss: 2.819349 | lrm: 0.13 | dt: 680.03ms | tok/sec: 96,371 | bf16_mfu: 0.00 | epoch: 1 pq: 3 rg: 77 | total time: 40.32m | eta: 2.2m
step 03619/03814 (94.89%) | loss: 2.834255 | lrm: 0.12 | dt: 673.02ms | tok/sec: 97,375 | bf16_mfu: 0.00 | epoch: 1 pq: 3 rg: 77 | total time: 40.34m | eta: 2.2m
step 03620/03814 (94.91%) | loss: 2.850701 | lrm: 0.12 | dt: 674.55ms | tok/sec: 97,154 | bf16_mfu: 0.00 | epoch: 1 pq: 3 rg: 77 | total time: 40.35m | eta: 2.2m
step 03621/03814 (94.94%) | loss: 2.856609 | lrm: 0.12 | dt: 675.40ms | tok/sec: 97,032 | bf16_mfu: 0.00 | epoch: 1 pq: 3 rg: 77 | total time: 40.36m | eta: 2.2m
step 03622/03814 (94.97%) | loss: 2.848981 | lrm: 0.12 | dt: 676.76ms | tok/sec: 96,837 | bf16_mfu: 0.00 | epoch: 1 pq: 3 rg: 78 | total time: 40.37m | eta: 2.1m
step 03623/03814 (94.99%) | loss: 2.843696 | lrm: 0.12 | dt: 683.44ms | tok/sec: 95,891 | bf16_mfu: 0.00 | epoch: 1 pq: 3 rg: 78 | total time: 40.38m | eta: 2.1m
step 03624/03814 (95.02%) | loss: 2.850511 | lrm: 0.12 | dt: 673.50ms | tok/sec: 97,305 | bf16_mfu: 0.00 | epoch: 1 pq: 3 rg: 78 | total time: 40.39m | eta: 2.1m
step 03625/03814 (95.04%) | loss: 2.841751 | lrm: 0.12 | dt: 677.43ms | tok/sec: 96,742 | bf16_mfu: 0.00 | epoch: 1 pq: 3 rg: 78 | total time: 40.40m | eta: 2.1m
step 03626/03814 (95.07%) | loss: 2.819601 | lrm: 0.12 | dt: 677.09ms | tok/sec: 96,790 | bf16_mfu: 0.00 | epoch: 1 pq: 3 rg: 78 | total time: 40.42m | eta: 2.1m
step 03627/03814 (95.10%) | loss: 2.827384 | lrm: 0.12 | dt: 680.59ms | tok/sec: 96,293 | bf16_mfu: 0.00 | epoch: 1 pq: 3 rg: 78 | total time: 40.43m | eta: 2.1m
step 03628/03814 (95.12%) | loss: 2.821387 | lrm: 0.12 | dt: 675.00ms | tok/sec: 97,089 | bf16_mfu: 0.00 | epoch: 1 pq: 3 rg: 78 | total time: 40.44m | eta: 2.1m
step 03629/03814 (95.15%) | loss: 2.819345 | lrm: 0.12 | dt: 683.44ms | tok/sec: 95,891 | bf16_mfu: 0.00 | epoch: 1 pq: 3 rg: 78 | total time: 40.45m | eta: 2.1m
step 03630/03814 (95.18%) | loss: 2.814147 | lrm: 0.12 | dt: 674.28ms | tok/sec: 97,194 | bf16_mfu: 0.00 | epoch: 1 pq: 3 rg: 78 | total time: 40.46m | eta: 2.1m
step 03631/03814 (95.20%) | loss: 2.814620 | lrm: 0.12 | dt: 682.64ms | tok/sec: 96,003 | bf16_mfu: 0.00 | epoch: 1 pq: 3 rg: 78 | total time: 40.47m | eta: 2.0m
step 03632/03814 (95.23%) | loss: 2.796806 | lrm: 0.12 | dt: 673.51ms | tok/sec: 97,305 | bf16_mfu: 0.00 | epoch: 1 pq: 3 rg: 78 | total time: 40.48m | eta: 2.0m
step 03633/03814 (95.25%) | loss: 2.806659 | lrm: 0.12 | dt: 680.57ms | tok/sec: 96,296 | bf16_mfu: 0.00 | epoch: 1 pq: 3 rg: 78 | total time: 40.49m | eta: 2.0m
step 03634/03814 (95.28%) | loss: 2.824768 | lrm: 0.12 | dt: 674.34ms | tok/sec: 97,185 | bf16_mfu: 0.00 | epoch: 1 pq: 3 rg: 79 | total time: 40.51m | eta: 2.0m
step 03635/03814 (95.31%) | loss: 2.813266 | lrm: 0.12 | dt: 679.89ms | tok/sec: 96,391 | bf16_mfu: 0.00 | epoch: 1 pq: 3 rg: 79 | total time: 40.52m | eta: 2.0m
step 03636/03814 (95.33%) | loss: 2.821967 | lrm: 0.12 | dt: 675.88ms | tok/sec: 96,963 | bf16_mfu: 0.00 | epoch: 1 pq: 3 rg: 79 | total time: 40.53m | eta: 2.0m
step 03637/03814 (95.36%) | loss: 2.836723 | lrm: 0.12 | dt: 680.34ms | tok/sec: 96,328 | bf16_mfu: 0.00 | epoch: 1 pq: 3 rg: 79 | total time: 40.54m | eta: 2.0m
step 03638/03814 (95.39%) | loss: 2.817133 | lrm: 0.12 | dt: 676.21ms | tok/sec: 96,916 | bf16_mfu: 0.00 | epoch: 1 pq: 3 rg: 79 | total time: 40.55m | eta: 2.0m
step 03639/03814 (95.41%) | loss: 2.808498 | lrm: 0.12 | dt: 686.34ms | tok/sec: 95,486 | bf16_mfu: 0.00 | epoch: 1 pq: 3 rg: 79 | total time: 40.56m | eta: 2.0m
step 03640/03814 (95.44%) | loss: 2.837730 | lrm: 0.12 | dt: 685.25ms | tok/sec: 95,638 | bf16_mfu: 0.00 | epoch: 1 pq: 3 rg: 79 | total time: 40.57m | eta: 1.9m
step 03641/03814 (95.46%) | loss: 2.834959 | lrm: 0.12 | dt: 672.41ms | tok/sec: 97,464 | bf16_mfu: 0.00 | epoch: 1 pq: 3 rg: 79 | total time: 40.58m | eta: 1.9m
step 03642/03814 (95.49%) | loss: 2.819374 | lrm: 0.12 | dt: 676.00ms | tok/sec: 96,946 | bf16_mfu: 0.00 | epoch: 1 pq: 3 rg: 79 | total time: 40.60m | eta: 1.9m
step 03643/03814 (95.52%) | loss: 2.823062 | lrm: 0.12 | dt: 677.39ms | tok/sec: 96,747 | bf16_mfu: 0.00 | epoch: 1 pq: 3 rg: 79 | total time: 40.61m | eta: 1.9m
step 03644/03814 (95.54%) | loss: 2.814396 | lrm: 0.12 | dt: 682.13ms | tok/sec: 96,076 | bf16_mfu: 0.00 | epoch: 1 pq: 3 rg: 79 | total time: 40.62m | eta: 1.9m
step 03645/03814 (95.57%) | loss: 2.818335 | lrm: 0.11 | dt: 674.44ms | tok/sec: 97,170 | bf16_mfu: 0.00 | epoch: 1 pq: 3 rg: 80 | total time: 40.63m | eta: 1.9m
step 03646/03814 (95.60%) | loss: 2.821658 | lrm: 0.11 | dt: 677.80ms | tok/sec: 96,689 | bf16_mfu: 0.00 | epoch: 1 pq: 3 rg: 80 | total time: 40.64m | eta: 1.9m
step 03647/03814 (95.62%) | loss: 2.822489 | lrm: 0.11 | dt: 680.20ms | tok/sec: 96,348 | bf16_mfu: 0.00 | epoch: 1 pq: 3 rg: 80 | total time: 40.65m | eta: 1.9m
step 03648/03814 (95.65%) | loss: 2.818704 | lrm: 0.11 | dt: 683.87ms | tok/sec: 95,830 | bf16_mfu: 0.00 | epoch: 1 pq: 3 rg: 80 | total time: 40.66m | eta: 1.9m
step 03649/03814 (95.67%) | loss: 2.819945 | lrm: 0.11 | dt: 672.62ms | tok/sec: 97,434 | bf16_mfu: 0.00 | epoch: 1 pq: 3 rg: 80 | total time: 40.68m | eta: 1.8m
step 03650/03814 (95.70%) | loss: 2.818296 | lrm: 0.11 | dt: 678.67ms | tok/sec: 96,565 | bf16_mfu: 0.00 | epoch: 1 pq: 3 rg: 80 | total time: 40.69m | eta: 1.8m
step 03651/03814 (95.73%) | loss: 2.817806 | lrm: 0.11 | dt: 676.21ms | tok/sec: 96,916 | bf16_mfu: 0.00 | epoch: 1 pq: 3 rg: 80 | total time: 40.70m | eta: 1.8m
step 03652/03814 (95.75%) | loss: 2.832073 | lrm: 0.11 | dt: 674.05ms | tok/sec: 97,226 | bf16_mfu: 0.00 | epoch: 1 pq: 3 rg: 80 | total time: 40.71m | eta: 1.8m
step 03653/03814 (95.78%) | loss: 2.824566 | lrm: 0.11 | dt: 678.14ms | tok/sec: 96,640 | bf16_mfu: 0.00 | epoch: 1 pq: 3 rg: 80 | total time: 40.72m | eta: 1.8m
step 03654/03814 (95.80%) | loss: 2.830950 | lrm: 0.11 | dt: 675.64ms | tok/sec: 96,997 | bf16_mfu: 0.00 | epoch: 1 pq: 3 rg: 80 | total time: 40.73m | eta: 1.8m
step 03655/03814 (95.83%) | loss: 2.840398 | lrm: 0.11 | dt: 677.66ms | tok/sec: 96,709 | bf16_mfu: 0.00 | epoch: 1 pq: 3 rg: 80 | total time: 40.74m | eta: 1.8m
step 03656/03814 (95.86%) | loss: 2.835566 | lrm: 0.11 | dt: 677.36ms | tok/sec: 96,752 | bf16_mfu: 0.00 | epoch: 1 pq: 3 rg: 80 | total time: 40.75m | eta: 1.8m
step 03657/03814 (95.88%) | loss: 2.823538 | lrm: 0.11 | dt: 677.19ms | tok/sec: 96,776 | bf16_mfu: 0.00 | epoch: 1 pq: 3 rg: 81 | total time: 40.77m | eta: 1.8m
step 03658/03814 (95.91%) | loss: 2.822302 | lrm: 0.11 | dt: 671.92ms | tok/sec: 97,534 | bf16_mfu: 0.00 | epoch: 1 pq: 3 rg: 81 | total time: 40.78m | eta: 1.7m
step 03659/03814 (95.94%) | loss: 2.816705 | lrm: 0.11 | dt: 678.72ms | tok/sec: 96,558 | bf16_mfu: 0.00 | epoch: 1 pq: 3 rg: 81 | total time: 40.79m | eta: 1.7m
step 03660/03814 (95.96%) | loss: 2.813829 | lrm: 0.11 | dt: 671.90ms | tok/sec: 97,539 | bf16_mfu: 0.00 | epoch: 1 pq: 3 rg: 81 | total time: 40.80m | eta: 1.7m
step 03661/03814 (95.99%) | loss: 2.805725 | lrm: 0.11 | dt: 722.69ms | tok/sec: 90,684 | bf16_mfu: 0.00 | epoch: 1 pq: 3 rg: 81 | total time: 40.81m | eta: 1.7m
step 03662/03814 (96.01%) | loss: 2.810141 | lrm: 0.11 | dt: 672.98ms | tok/sec: 97,381 | bf16_mfu: 0.00 | epoch: 1 pq: 3 rg: 81 | total time: 40.82m | eta: 1.7m
step 03663/03814 (96.04%) | loss: 2.812650 | lrm: 0.11 | dt: 676.41ms | tok/sec: 96,888 | bf16_mfu: 0.00 | epoch: 1 pq: 3 rg: 81 | total time: 40.83m | eta: 1.7m
step 03664/03814 (96.07%) | loss: 2.808480 | lrm: 0.11 | dt: 674.08ms | tok/sec: 97,223 | bf16_mfu: 0.00 | epoch: 1 pq: 3 rg: 81 | total time: 40.84m | eta: 1.7m
step 03665/03814 (96.09%) | loss: 2.819246 | lrm: 0.11 | dt: 675.07ms | tok/sec: 97,079 | bf16_mfu: 0.00 | epoch: 1 pq: 3 rg: 81 | total time: 40.86m | eta: 1.7m
step 03666/03814 (96.12%) | loss: 2.818180 | lrm: 0.11 | dt: 674.04ms | tok/sec: 97,228 | bf16_mfu: 0.00 | epoch: 1 pq: 3 rg: 81 | total time: 40.87m | eta: 1.7m
step 03667/03814 (96.15%) | loss: 2.796606 | lrm: 0.11 | dt: 676.01ms | tok/sec: 96,945 | bf16_mfu: 0.00 | epoch: 1 pq: 3 rg: 81 | total time: 40.88m | eta: 1.6m
step 03668/03814 (96.17%) | loss: 2.798384 | lrm: 0.11 | dt: 679.19ms | tok/sec: 96,491 | bf16_mfu: 0.00 | epoch: 1 pq: 3 rg: 82 | total time: 40.89m | eta: 1.6m
step 03669/03814 (96.20%) | loss: 2.789127 | lrm: 0.11 | dt: 673.08ms | tok/sec: 97,366 | bf16_mfu: 0.00 | epoch: 1 pq: 3 rg: 82 | total time: 40.90m | eta: 1.6m
step 03670/03814 (96.22%) | loss: 2.788721 | lrm: 0.11 | dt: 674.72ms | tok/sec: 97,130 | bf16_mfu: 0.00 | epoch: 1 pq: 3 rg: 82 | total time: 40.91m | eta: 1.6m
step 03671/03814 (96.25%) | loss: 2.783645 | lrm: 0.10 | dt: 677.11ms | tok/sec: 96,787 | bf16_mfu: 0.00 | epoch: 1 pq: 3 rg: 82 | total time: 40.92m | eta: 1.6m
step 03672/03814 (96.28%) | loss: 2.780601 | lrm: 0.10 | dt: 669.34ms | tok/sec: 97,911 | bf16_mfu: 0.00 | epoch: 1 pq: 3 rg: 82 | total time: 40.93m | eta: 1.6m
step 03673/03814 (96.30%) | loss: 2.776011 | lrm: 0.10 | dt: 674.64ms | tok/sec: 97,142 | bf16_mfu: 0.00 | epoch: 1 pq: 3 rg: 82 | total time: 40.95m | eta: 1.6m
step 03674/03814 (96.33%) | loss: 2.777614 | lrm: 0.10 | dt: 677.95ms | tok/sec: 96,667 | bf16_mfu: 0.00 | epoch: 1 pq: 3 rg: 82 | total time: 40.96m | eta: 1.6m
step 03675/03814 (96.36%) | loss: 2.776424 | lrm: 0.10 | dt: 672.72ms | tok/sec: 97,419 | bf16_mfu: 0.00 | epoch: 1 pq: 3 rg: 82 | total time: 40.97m | eta: 1.6m
step 03676/03814 (96.38%) | loss: 2.759110 | lrm: 0.10 | dt: 676.17ms | tok/sec: 96,922 | bf16_mfu: 0.00 | epoch: 1 pq: 3 rg: 82 | total time: 40.98m | eta: 1.5m
step 03677/03814 (96.41%) | loss: 2.757860 | lrm: 0.10 | dt: 674.23ms | tok/sec: 97,200 | bf16_mfu: 0.00 | epoch: 1 pq: 3 rg: 82 | total time: 40.99m | eta: 1.5m
step 03678/03814 (96.43%) | loss: 2.766635 | lrm: 0.10 | dt: 670.85ms | tok/sec: 97,691 | bf16_mfu: 0.00 | epoch: 1 pq: 3 rg: 82 | total time: 41.00m | eta: 1.5m
step 03679/03814 (96.46%) | loss: 2.776876 | lrm: 0.10 | dt: 677.67ms | tok/sec: 96,708 | bf16_mfu: 0.00 | epoch: 1 pq: 3 rg: 83 | total time: 41.01m | eta: 1.5m
step 03680/03814 (96.49%) | loss: 2.784432 | lrm: 0.10 | dt: 673.26ms | tok/sec: 97,341 | bf16_mfu: 0.00 | epoch: 1 pq: 3 rg: 83 | total time: 41.02m | eta: 1.5m
step 03681/03814 (96.51%) | loss: 2.772045 | lrm: 0.10 | dt: 675.53ms | tok/sec: 97,013 | bf16_mfu: 0.00 | epoch: 1 pq: 3 rg: 83 | total time: 41.04m | eta: 1.5m
step 03682/03814 (96.54%) | loss: 2.780287 | lrm: 0.10 | dt: 677.67ms | tok/sec: 96,707 | bf16_mfu: 0.00 | epoch: 1 pq: 3 rg: 83 | total time: 41.05m | eta: 1.5m
step 03683/03814 (96.57%) | loss: 2.791731 | lrm: 0.10 | dt: 671.65ms | tok/sec: 97,574 | bf16_mfu: 0.00 | epoch: 1 pq: 3 rg: 83 | total time: 41.06m | eta: 1.5m
step 03684/03814 (96.59%) | loss: 2.791417 | lrm: 0.10 | dt: 672.08ms | tok/sec: 97,511 | bf16_mfu: 0.00 | epoch: 1 pq: 3 rg: 83 | total time: 41.07m | eta: 1.5m
step 03685/03814 (96.62%) | loss: 2.800602 | lrm: 0.10 | dt: 672.99ms | tok/sec: 97,380 | bf16_mfu: 0.00 | epoch: 1 pq: 3 rg: 83 | total time: 41.08m | eta: 1.4m
step 03686/03814 (96.64%) | loss: 2.791180 | lrm: 0.10 | dt: 671.22ms | tok/sec: 97,637 | bf16_mfu: 0.00 | epoch: 1 pq: 3 rg: 83 | total time: 41.09m | eta: 1.4m
step 03687/03814 (96.67%) | loss: 2.805416 | lrm: 0.10 | dt: 673.81ms | tok/sec: 97,262 | bf16_mfu: 0.00 | epoch: 1 pq: 3 rg: 83 | total time: 41.10m | eta: 1.4m
step 03688/03814 (96.70%) | loss: 2.786002 | lrm: 0.10 | dt: 674.79ms | tok/sec: 97,121 | bf16_mfu: 0.00 | epoch: 1 pq: 3 rg: 83 | total time: 41.11m | eta: 1.4m
step 03689/03814 (96.72%) | loss: 2.789219 | lrm: 0.10 | dt: 670.04ms | tok/sec: 97,808 | bf16_mfu: 0.00 | epoch: 1 pq: 3 rg: 83 | total time: 41.13m | eta: 1.4m
step 03690/03814 (96.75%) | loss: 2.778520 | lrm: 0.10 | dt: 677.44ms | tok/sec: 96,741 | bf16_mfu: 0.00 | epoch: 1 pq: 3 rg: 84 | total time: 41.14m | eta: 1.4m
step 03691/03814 (96.78%) | loss: 2.770945 | lrm: 0.10 | dt: 675.01ms | tok/sec: 97,088 | bf16_mfu: 0.00 | epoch: 1 pq: 3 rg: 84 | total time: 41.15m | eta: 1.4m
step 03692/03814 (96.80%) | loss: 2.782086 | lrm: 0.10 | dt: 672.96ms | tok/sec: 97,385 | bf16_mfu: 0.00 | epoch: 1 pq: 3 rg: 84 | total time: 41.16m | eta: 1.4m
step 03693/03814 (96.83%) | loss: 2.795764 | lrm: 0.10 | dt: 670.80ms | tok/sec: 97,698 | bf16_mfu: 0.00 | epoch: 1 pq: 3 rg: 84 | total time: 41.17m | eta: 1.4m
step 03694/03814 (96.85%) | loss: 2.778495 | lrm: 0.10 | dt: 668.30ms | tok/sec: 98,063 | bf16_mfu: 0.00 | epoch: 1 pq: 3 rg: 84 | total time: 41.18m | eta: 1.3m
step 03695/03814 (96.88%) | loss: 2.775355 | lrm: 0.10 | dt: 674.21ms | tok/sec: 97,204 | bf16_mfu: 0.00 | epoch: 1 pq: 3 rg: 84 | total time: 41.19m | eta: 1.3m
step 03696/03814 (96.91%) | loss: 2.784226 | lrm: 0.10 | dt: 674.99ms | tok/sec: 97,092 | bf16_mfu: 0.00 | epoch: 1 pq: 3 rg: 84 | total time: 41.20m | eta: 1.3m
step 03697/03814 (96.93%) | loss: 2.792056 | lrm: 0.09 | dt: 672.27ms | tok/sec: 97,484 | bf16_mfu: 0.00 | epoch: 1 pq: 3 rg: 84 | total time: 41.22m | eta: 1.3m
step 03698/03814 (96.96%) | loss: 2.773880 | lrm: 0.09 | dt: 671.13ms | tok/sec: 97,650 | bf16_mfu: 0.00 | epoch: 1 pq: 3 rg: 84 | total time: 41.23m | eta: 1.3m
step 03699/03814 (96.98%) | loss: 2.782934 | lrm: 0.09 | dt: 675.71ms | tok/sec: 96,987 | bf16_mfu: 0.00 | epoch: 1 pq: 3 rg: 84 | total time: 41.24m | eta: 1.3m
step 03700/03814 (97.01%) | loss: 2.801613 | lrm: 0.09 | dt: 672.81ms | tok/sec: 97,405 | bf16_mfu: 0.00 | epoch: 1 pq: 3 rg: 84 | total time: 41.25m | eta: 1.3m
step 03701/03814 (97.04%) | loss: 2.793676 | lrm: 0.09 | dt: 675.01ms | tok/sec: 97,088 | bf16_mfu: 0.00 | epoch: 1 pq: 3 rg: 85 | total time: 41.26m | eta: 1.3m
step 03702/03814 (97.06%) | loss: 2.799172 | lrm: 0.09 | dt: 671.38ms | tok/sec: 97,613 | bf16_mfu: 0.00 | epoch: 1 pq: 3 rg: 85 | total time: 41.27m | eta: 1.3m
step 03703/03814 (97.09%) | loss: 2.803020 | lrm: 0.09 | dt: 669.47ms | tok/sec: 97,892 | bf16_mfu: 0.00 | epoch: 1 pq: 3 rg: 85 | total time: 41.28m | eta: 1.2m
step 03704/03814 (97.12%) | loss: 2.827735 | lrm: 0.09 | dt: 670.24ms | tok/sec: 97,779 | bf16_mfu: 0.00 | epoch: 1 pq: 3 rg: 85 | total time: 41.29m | eta: 1.2m
step 03705/03814 (97.14%) | loss: 2.826102 | lrm: 0.09 | dt: 676.21ms | tok/sec: 96,916 | bf16_mfu: 0.00 | epoch: 1 pq: 3 rg: 85 | total time: 41.31m | eta: 1.2m
step 03706/03814 (97.17%) | loss: 2.836373 | lrm: 0.09 | dt: 670.89ms | tok/sec: 97,685 | bf16_mfu: 0.00 | epoch: 1 pq: 3 rg: 85 | total time: 41.32m | eta: 1.2m
step 03707/03814 (97.19%) | loss: 2.840808 | lrm: 0.09 | dt: 675.01ms | tok/sec: 97,088 | bf16_mfu: 0.00 | epoch: 1 pq: 3 rg: 85 | total time: 41.33m | eta: 1.2m
step 03708/03814 (97.22%) | loss: 2.827320 | lrm: 0.09 | dt: 671.39ms | tok/sec: 97,611 | bf16_mfu: 0.00 | epoch: 1 pq: 3 rg: 85 | total time: 41.34m | eta: 1.2m
step 03709/03814 (97.25%) | loss: 2.818907 | lrm: 0.09 | dt: 671.46ms | tok/sec: 97,602 | bf16_mfu: 0.00 | epoch: 1 pq: 3 rg: 85 | total time: 41.35m | eta: 1.2m
step 03710/03814 (97.27%) | loss: 2.819033 | lrm: 0.09 | dt: 673.73ms | tok/sec: 97,273 | bf16_mfu: 0.00 | epoch: 1 pq: 3 rg: 85 | total time: 41.36m | eta: 1.2m
step 03711/03814 (97.30%) | loss: 2.809755 | lrm: 0.09 | dt: 666.71ms | tok/sec: 98,297 | bf16_mfu: 0.00 | epoch: 1 pq: 3 rg: 85 | total time: 41.37m | eta: 1.2m
step 03712/03814 (97.33%) | loss: 2.793416 | lrm: 0.09 | dt: 678.75ms | tok/sec: 96,554 | bf16_mfu: 0.00 | epoch: 1 pq: 3 rg: 85 | total time: 41.38m | eta: 1.1m
step 03713/03814 (97.35%) | loss: 2.787158 | lrm: 0.09 | dt: 669.26ms | tok/sec: 97,923 | bf16_mfu: 0.00 | epoch: 1 pq: 3 rg: 86 | total time: 41.39m | eta: 1.1m
step 03714/03814 (97.38%) | loss: 2.794188 | lrm: 0.09 | dt: 668.40ms | tok/sec: 98,048 | bf16_mfu: 0.00 | epoch: 1 pq: 3 rg: 86 | total time: 41.41m | eta: 1.1m
step 03715/03814 (97.40%) | loss: 2.789550 | lrm: 0.09 | dt: 673.49ms | tok/sec: 97,307 | bf16_mfu: 0.00 | epoch: 1 pq: 3 rg: 86 | total time: 41.42m | eta: 1.1m
step 03716/03814 (97.43%) | loss: 2.781281 | lrm: 0.09 | dt: 673.65ms | tok/sec: 97,285 | bf16_mfu: 0.00 | epoch: 1 pq: 3 rg: 86 | total time: 41.43m | eta: 1.1m
step 03717/03814 (97.46%) | loss: 2.776754 | lrm: 0.09 | dt: 664.87ms | tok/sec: 98,569 | bf16_mfu: 0.00 | epoch: 1 pq: 3 rg: 86 | total time: 41.44m | eta: 1.1m
step 03718/03814 (97.48%) | loss: 2.779049 | lrm: 0.09 | dt: 673.02ms | tok/sec: 97,376 | bf16_mfu: 0.00 | epoch: 1 pq: 3 rg: 86 | total time: 41.45m | eta: 1.1m
step 03719/03814 (97.51%) | loss: 2.771500 | lrm: 0.09 | dt: 674.22ms | tok/sec: 97,202 | bf16_mfu: 0.00 | epoch: 1 pq: 3 rg: 86 | total time: 41.46m | eta: 1.1m
step 03720/03814 (97.54%) | loss: 2.767439 | lrm: 0.09 | dt: 671.02ms | tok/sec: 97,665 | bf16_mfu: 0.00 | epoch: 1 pq: 3 rg: 86 | total time: 41.47m | eta: 1.1m
step 03721/03814 (97.56%) | loss: 2.778229 | lrm: 0.09 | dt: 672.18ms | tok/sec: 97,498 | bf16_mfu: 0.00 | epoch: 1 pq: 3 rg: 86 | total time: 41.48m | eta: 1.0m
step 03722/03814 (97.59%) | loss: 2.766943 | lrm: 0.09 | dt: 674.55ms | tok/sec: 97,155 | bf16_mfu: 0.00 | epoch: 1 pq: 3 rg: 86 | total time: 41.50m | eta: 1.0m
step 03723/03814 (97.61%) | loss: 2.774392 | lrm: 0.08 | dt: 674.69ms | tok/sec: 97,135 | bf16_mfu: 0.00 | epoch: 1 pq: 3 rg: 86 | total time: 41.51m | eta: 1.0m
step 03724/03814 (97.64%) | loss: 2.797257 | lrm: 0.08 | dt: 674.19ms | tok/sec: 97,206 | bf16_mfu: 0.00 | epoch: 1 pq: 3 rg: 87 | total time: 41.52m | eta: 1.0m
step 03725/03814 (97.67%) | loss: 2.794332 | lrm: 0.08 | dt: 674.60ms | tok/sec: 97,147 | bf16_mfu: 0.00 | epoch: 1 pq: 3 rg: 87 | total time: 41.53m | eta: 1.0m
step 03726/03814 (97.69%) | loss: 2.803607 | lrm: 0.08 | dt: 672.62ms | tok/sec: 97,434 | bf16_mfu: 0.00 | epoch: 1 pq: 3 rg: 87 | total time: 41.54m | eta: 1.0m
step 03727/03814 (97.72%) | loss: 2.835793 | lrm: 0.08 | dt: 671.47ms | tok/sec: 97,601 | bf16_mfu: 0.00 | epoch: 1 pq: 3 rg: 87 | total time: 41.55m | eta: 1.0m
step 03728/03814 (97.75%) | loss: 2.855309 | lrm: 0.08 | dt: 670.62ms | tok/sec: 97,724 | bf16_mfu: 0.00 | epoch: 1 pq: 4 rg: 0 | total time: 41.56m | eta: 1.0m
step 03729/03814 (97.77%) | loss: 2.847129 | lrm: 0.08 | dt: 671.54ms | tok/sec: 97,590 | bf16_mfu: 0.00 | epoch: 1 pq: 4 rg: 0 | total time: 41.57m | eta: 1.0m
step 03730/03814 (97.80%) | loss: 2.838335 | lrm: 0.08 | dt: 673.79ms | tok/sec: 97,264 | bf16_mfu: 0.00 | epoch: 1 pq: 4 rg: 0 | total time: 41.59m | eta: 0.9m
step 03731/03814 (97.82%) | loss: 2.851970 | lrm: 0.08 | dt: 672.54ms | tok/sec: 97,445 | bf16_mfu: 0.00 | epoch: 1 pq: 4 rg: 0 | total time: 41.60m | eta: 0.9m
step 03732/03814 (97.85%) | loss: 2.828549 | lrm: 0.08 | dt: 672.71ms | tok/sec: 97,420 | bf16_mfu: 0.00 | epoch: 1 pq: 4 rg: 0 | total time: 41.61m | eta: 0.9m
step 03733/03814 (97.88%) | loss: 2.828119 | lrm: 0.08 | dt: 668.79ms | tok/sec: 97,992 | bf16_mfu: 0.00 | epoch: 1 pq: 4 rg: 0 | total time: 41.62m | eta: 0.9m
step 03734/03814 (97.90%) | loss: 2.835405 | lrm: 0.08 | dt: 668.44ms | tok/sec: 98,042 | bf16_mfu: 0.00 | epoch: 1 pq: 4 rg: 0 | total time: 41.63m | eta: 0.9m
step 03735/03814 (97.93%) | loss: 2.830418 | lrm: 0.08 | dt: 672.48ms | tok/sec: 97,454 | bf16_mfu: 0.00 | epoch: 1 pq: 4 rg: 0 | total time: 41.64m | eta: 0.9m
step 03736/03814 (97.95%) | loss: 2.845776 | lrm: 0.08 | dt: 674.16ms | tok/sec: 97,211 | bf16_mfu: 0.00 | epoch: 1 pq: 4 rg: 0 | total time: 41.65m | eta: 0.9m
step 03737/03814 (97.98%) | loss: 2.848366 | lrm: 0.08 | dt: 672.52ms | tok/sec: 97,448 | bf16_mfu: 0.00 | epoch: 1 pq: 4 rg: 0 | total time: 41.66m | eta: 0.9m
step 03738/03814 (98.01%) | loss: 2.854287 | lrm: 0.08 | dt: 670.02ms | tok/sec: 97,812 | bf16_mfu: 0.00 | epoch: 1 pq: 4 rg: 0 | total time: 41.67m | eta: 0.8m
step 03739/03814 (98.03%) | loss: 2.844361 | lrm: 0.08 | dt: 668.82ms | tok/sec: 97,987 | bf16_mfu: 0.00 | epoch: 1 pq: 4 rg: 1 | total time: 41.69m | eta: 0.8m
step 03740/03814 (98.06%) | loss: 2.837938 | lrm: 0.08 | dt: 667.66ms | tok/sec: 98,158 | bf16_mfu: 0.00 | epoch: 1 pq: 4 rg: 1 | total time: 41.70m | eta: 0.8m
step 03741/03814 (98.09%) | loss: 2.838580 | lrm: 0.08 | dt: 669.08ms | tok/sec: 97,948 | bf16_mfu: 0.00 | epoch: 1 pq: 4 rg: 1 | total time: 41.71m | eta: 0.8m
step 03742/03814 (98.11%) | loss: 2.828377 | lrm: 0.08 | dt: 670.03ms | tok/sec: 97,810 | bf16_mfu: 0.00 | epoch: 1 pq: 4 rg: 1 | total time: 41.72m | eta: 0.8m
step 03743/03814 (98.14%) | loss: 2.822777 | lrm: 0.08 | dt: 670.44ms | tok/sec: 97,751 | bf16_mfu: 0.00 | epoch: 1 pq: 4 rg: 1 | total time: 41.73m | eta: 0.8m
step 03744/03814 (98.16%) | loss: 2.828523 | lrm: 0.08 | dt: 676.10ms | tok/sec: 96,932 | bf16_mfu: 0.00 | epoch: 1 pq: 4 rg: 1 | total time: 41.74m | eta: 0.8m
step 03745/03814 (98.19%) | loss: 2.824747 | lrm: 0.08 | dt: 668.59ms | tok/sec: 98,021 | bf16_mfu: 0.00 | epoch: 1 pq: 4 rg: 1 | total time: 41.75m | eta: 0.8m
step 03746/03814 (98.22%) | loss: 2.814462 | lrm: 0.08 | dt: 671.38ms | tok/sec: 97,613 | bf16_mfu: 0.00 | epoch: 1 pq: 4 rg: 1 | total time: 41.76m | eta: 0.8m
step 03747/03814 (98.24%) | loss: 2.822348 | lrm: 0.08 | dt: 670.78ms | tok/sec: 97,701 | bf16_mfu: 0.00 | epoch: 1 pq: 4 rg: 1 | total time: 41.78m | eta: 0.7m
step 03748/03814 (98.27%) | loss: 2.842184 | lrm: 0.08 | dt: 668.75ms | tok/sec: 97,997 | bf16_mfu: 0.00 | epoch: 1 pq: 4 rg: 1 | total time: 41.79m | eta: 0.7m
step 03749/03814 (98.30%) | loss: 2.851954 | lrm: 0.07 | dt: 673.03ms | tok/sec: 97,374 | bf16_mfu: 0.00 | epoch: 1 pq: 4 rg: 1 | total time: 41.80m | eta: 0.7m
step 03750/03814 (98.32%) | loss: 2.839861 | lrm: 0.07 | dt: 668.28ms | tok/sec: 98,066 | bf16_mfu: 0.00 | epoch: 1 pq: 4 rg: 1 | total time: 41.81m | eta: 0.7m
step 03751/03814 (98.35%) | loss: 2.832544 | lrm: 0.07 | dt: 669.58ms | tok/sec: 97,876 | bf16_mfu: 0.00 | epoch: 1 pq: 4 rg: 2 | total time: 41.82m | eta: 0.7m
step 03752/03814 (98.37%) | loss: 2.828766 | lrm: 0.07 | dt: 671.40ms | tok/sec: 97,610 | bf16_mfu: 0.00 | epoch: 1 pq: 4 rg: 2 | total time: 41.83m | eta: 0.7m
step 03753/03814 (98.40%) | loss: 2.811762 | lrm: 0.07 | dt: 671.20ms | tok/sec: 97,639 | bf16_mfu: 0.00 | epoch: 1 pq: 4 rg: 2 | total time: 41.84m | eta: 0.7m
step 03754/03814 (98.43%) | loss: 2.816309 | lrm: 0.07 | dt: 673.43ms | tok/sec: 97,316 | bf16_mfu: 0.00 | epoch: 1 pq: 4 rg: 2 | total time: 41.85m | eta: 0.7m
step 03755/03814 (98.45%) | loss: 2.811337 | lrm: 0.07 | dt: 669.44ms | tok/sec: 97,897 | bf16_mfu: 0.00 | epoch: 1 pq: 4 rg: 2 | total time: 41.86m | eta: 0.7m
step 03756/03814 (98.48%) | loss: 2.809478 | lrm: 0.07 | dt: 669.74ms | tok/sec: 97,853 | bf16_mfu: 0.00 | epoch: 1 pq: 4 rg: 2 | total time: 41.88m | eta: 0.6m
step 03757/03814 (98.51%) | loss: 2.823307 | lrm: 0.07 | dt: 667.93ms | tok/sec: 98,118 | bf16_mfu: 0.00 | epoch: 1 pq: 4 rg: 2 | total time: 41.89m | eta: 0.6m
step 03758/03814 (98.53%) | loss: 2.816011 | lrm: 0.07 | dt: 670.03ms | tok/sec: 97,810 | bf16_mfu: 0.00 | epoch: 1 pq: 4 rg: 2 | total time: 41.90m | eta: 0.6m
step 03759/03814 (98.56%) | loss: 2.824343 | lrm: 0.07 | dt: 667.95ms | tok/sec: 98,115 | bf16_mfu: 0.00 | epoch: 1 pq: 4 rg: 2 | total time: 41.91m | eta: 0.6m
step 03760/03814 (98.58%) | loss: 2.802308 | lrm: 0.07 | dt: 670.91ms | tok/sec: 97,681 | bf16_mfu: 0.00 | epoch: 1 pq: 4 rg: 2 | total time: 41.92m | eta: 0.6m
step 03761/03814 (98.61%) | loss: 2.795992 | lrm: 0.07 | dt: 670.04ms | tok/sec: 97,808 | bf16_mfu: 0.00 | epoch: 1 pq: 4 rg: 2 | total time: 41.93m | eta: 0.6m
step 03762/03814 (98.64%) | loss: 2.811961 | lrm: 0.07 | dt: 664.42ms | tok/sec: 98,635 | bf16_mfu: 0.00 | epoch: 1 pq: 4 rg: 3 | total time: 41.94m | eta: 0.6m
step 03763/03814 (98.66%) | loss: 2.800065 | lrm: 0.07 | dt: 666.63ms | tok/sec: 98,309 | bf16_mfu: 0.00 | epoch: 1 pq: 4 rg: 3 | total time: 41.95m | eta: 0.6m
step 03764/03814 (98.69%) | loss: 2.804362 | lrm: 0.07 | dt: 668.26ms | tok/sec: 98,070 | bf16_mfu: 0.00 | epoch: 1 pq: 4 rg: 3 | total time: 41.97m | eta: 0.6m
step 03765/03814 (98.72%) | loss: 2.818165 | lrm: 0.07 | dt: 667.22ms | tok/sec: 98,223 | bf16_mfu: 0.00 | epoch: 1 pq: 4 rg: 3 | total time: 41.98m | eta: 0.5m
step 03766/03814 (98.74%) | loss: 2.800028 | lrm: 0.07 | dt: 672.10ms | tok/sec: 97,509 | bf16_mfu: 0.00 | epoch: 1 pq: 4 rg: 3 | total time: 41.99m | eta: 0.5m
step 03767/03814 (98.77%) | loss: 2.804926 | lrm: 0.07 | dt: 669.99ms | tok/sec: 97,816 | bf16_mfu: 0.00 | epoch: 1 pq: 4 rg: 3 | total time: 42.00m | eta: 0.5m
step 03768/03814 (98.79%) | loss: 2.815502 | lrm: 0.07 | dt: 666.71ms | tok/sec: 98,297 | bf16_mfu: 0.00 | epoch: 1 pq: 4 rg: 3 | total time: 42.01m | eta: 0.5m
step 03769/03814 (98.82%) | loss: 2.799212 | lrm: 0.07 | dt: 665.02ms | tok/sec: 98,547 | bf16_mfu: 0.00 | epoch: 1 pq: 4 rg: 3 | total time: 42.02m | eta: 0.5m
step 03770/03814 (98.85%) | loss: 2.787102 | lrm: 0.07 | dt: 674.21ms | tok/sec: 97,204 | bf16_mfu: 0.00 | epoch: 1 pq: 4 rg: 3 | total time: 42.03m | eta: 0.5m
step 03771/03814 (98.87%) | loss: 2.788122 | lrm: 0.07 | dt: 661.49ms | tok/sec: 99,072 | bf16_mfu: 0.00 | epoch: 1 pq: 4 rg: 3 | total time: 42.04m | eta: 0.5m
step 03772/03814 (98.90%) | loss: 2.792403 | lrm: 0.07 | dt: 676.86ms | tok/sec: 96,823 | bf16_mfu: 0.00 | epoch: 1 pq: 4 rg: 3 | total time: 42.05m | eta: 0.5m
step 03773/03814 (98.93%) | loss: 2.780337 | lrm: 0.07 | dt: 666.75ms | tok/sec: 98,291 | bf16_mfu: 0.00 | epoch: 1 pq: 4 rg: 4 | total time: 42.07m | eta: 0.5m
step 03774/03814 (98.95%) | loss: 2.784338 | lrm: 0.07 | dt: 667.82ms | tok/sec: 98,134 | bf16_mfu: 0.00 | epoch: 1 pq: 4 rg: 4 | total time: 42.08m | eta: 0.4m
step 03775/03814 (98.98%) | loss: 2.782633 | lrm: 0.06 | dt: 675.43ms | tok/sec: 97,028 | bf16_mfu: 0.00 | epoch: 1 pq: 4 rg: 4 | total time: 42.09m | eta: 0.4m
step 03776/03814 (99.00%) | loss: 2.778372 | lrm: 0.06 | dt: 673.61ms | tok/sec: 97,290 | bf16_mfu: 0.00 | epoch: 1 pq: 4 rg: 4 | total time: 42.10m | eta: 0.4m
step 03777/03814 (99.03%) | loss: 2.782304 | lrm: 0.06 | dt: 673.24ms | tok/sec: 97,343 | bf16_mfu: 0.00 | epoch: 1 pq: 4 rg: 4 | total time: 42.11m | eta: 0.4m
step 03778/03814 (99.06%) | loss: 2.786133 | lrm: 0.06 | dt: 674.14ms | tok/sec: 97,214 | bf16_mfu: 0.00 | epoch: 1 pq: 4 rg: 4 | total time: 42.12m | eta: 0.4m
step 03779/03814 (99.08%) | loss: 2.798004 | lrm: 0.06 | dt: 673.03ms | tok/sec: 97,374 | bf16_mfu: 0.00 | epoch: 1 pq: 4 rg: 4 | total time: 42.13m | eta: 0.4m
step 03780/03814 (99.11%) | loss: 2.791589 | lrm: 0.06 | dt: 671.70ms | tok/sec: 97,567 | bf16_mfu: 0.00 | epoch: 1 pq: 4 rg: 4 | total time: 42.14m | eta: 0.4m
step 03781/03814 (99.13%) | loss: 2.783024 | lrm: 0.06 | dt: 668.37ms | tok/sec: 98,053 | bf16_mfu: 0.00 | epoch: 1 pq: 4 rg: 4 | total time: 42.16m | eta: 0.4m
step 03782/03814 (99.16%) | loss: 2.796435 | lrm: 0.06 | dt: 669.38ms | tok/sec: 97,905 | bf16_mfu: 0.00 | epoch: 1 pq: 4 rg: 4 | total time: 42.17m | eta: 0.4m
step 03783/03814 (99.19%) | loss: 2.797212 | lrm: 0.06 | dt: 672.77ms | tok/sec: 97,412 | bf16_mfu: 0.00 | epoch: 1 pq: 4 rg: 4 | total time: 42.18m | eta: 0.3m
step 03784/03814 (99.21%) | loss: 2.783654 | lrm: 0.06 | dt: 668.20ms | tok/sec: 98,078 | bf16_mfu: 0.00 | epoch: 1 pq: 4 rg: 4 | total time: 42.19m | eta: 0.3m
step 03785/03814 (99.24%) | loss: 2.784513 | lrm: 0.06 | dt: 673.32ms | tok/sec: 97,332 | bf16_mfu: 0.00 | epoch: 1 pq: 4 rg: 5 | total time: 42.20m | eta: 0.3m
step 03786/03814 (99.27%) | loss: 2.775122 | lrm: 0.06 | dt: 670.50ms | tok/sec: 97,742 | bf16_mfu: 0.00 | epoch: 1 pq: 4 rg: 5 | total time: 42.21m | eta: 0.3m
step 03787/03814 (99.29%) | loss: 2.773597 | lrm: 0.06 | dt: 675.68ms | tok/sec: 96,992 | bf16_mfu: 0.00 | epoch: 1 pq: 4 rg: 5 | total time: 42.22m | eta: 0.3m
step 03788/03814 (99.32%) | loss: 2.777656 | lrm: 0.06 | dt: 672.23ms | tok/sec: 97,490 | bf16_mfu: 0.00 | epoch: 1 pq: 4 rg: 5 | total time: 42.23m | eta: 0.3m
step 03789/03814 (99.34%) | loss: 2.778883 | lrm: 0.06 | dt: 671.32ms | tok/sec: 97,622 | bf16_mfu: 0.00 | epoch: 1 pq: 4 rg: 5 | total time: 42.24m | eta: 0.3m
step 03790/03814 (99.37%) | loss: 2.774337 | lrm: 0.06 | dt: 1007.05ms | tok/sec: 65,076 | bf16_mfu: 0.00 | epoch: 1 pq: 4 rg: 5 | total time: 42.26m | eta: 0.3m
step 03791/03814 (99.40%) | loss: 2.782325 | lrm: 0.06 | dt: 670.02ms | tok/sec: 97,811 | bf16_mfu: 0.00 | epoch: 1 pq: 4 rg: 5 | total time: 42.27m | eta: 0.3m
step 03792/03814 (99.42%) | loss: 2.785863 | lrm: 0.06 | dt: 672.01ms | tok/sec: 97,523 | bf16_mfu: 0.00 | epoch: 1 pq: 4 rg: 5 | total time: 42.28m | eta: 0.2m
step 03793/03814 (99.45%) | loss: 2.758116 | lrm: 0.06 | dt: 668.97ms | tok/sec: 97,966 | bf16_mfu: 0.00 | epoch: 1 pq: 4 rg: 5 | total time: 42.29m | eta: 0.2m
step 03794/03814 (99.48%) | loss: 2.767381 | lrm: 0.06 | dt: 676.88ms | tok/sec: 96,820 | bf16_mfu: 0.00 | epoch: 1 pq: 4 rg: 5 | total time: 42.31m | eta: 0.2m
step 03795/03814 (99.50%) | loss: 2.769125 | lrm: 0.06 | dt: 670.95ms | tok/sec: 97,676 | bf16_mfu: 0.00 | epoch: 1 pq: 4 rg: 5 | total time: 42.32m | eta: 0.2m
step 03796/03814 (99.53%) | loss: 2.751899 | lrm: 0.06 | dt: 673.00ms | tok/sec: 97,379 | bf16_mfu: 0.00 | epoch: 1 pq: 4 rg: 6 | total time: 42.33m | eta: 0.2m
step 03797/03814 (99.55%) | loss: 2.748620 | lrm: 0.06 | dt: 675.73ms | tok/sec: 96,985 | bf16_mfu: 0.00 | epoch: 1 pq: 4 rg: 6 | total time: 42.34m | eta: 0.2m
step 03798/03814 (99.58%) | loss: 2.749690 | lrm: 0.06 | dt: 668.31ms | tok/sec: 98,062 | bf16_mfu: 0.00 | epoch: 1 pq: 4 rg: 6 | total time: 42.35m | eta: 0.2m
step 03799/03814 (99.61%) | loss: 2.774761 | lrm: 0.06 | dt: 671.04ms | tok/sec: 97,663 | bf16_mfu: 0.00 | epoch: 1 pq: 4 rg: 6 | total time: 42.36m | eta: 0.2m
step 03800/03814 (99.63%) | loss: 2.768584 | lrm: 0.06 | dt: 670.13ms | tok/sec: 97,796 | bf16_mfu: 0.00 | epoch: 1 pq: 4 rg: 6 | total time: 42.37m | eta: 0.2m
step 03801/03814 (99.66%) | loss: 2.770870 | lrm: 0.05 | dt: 669.04ms | tok/sec: 97,955 | bf16_mfu: 0.00 | epoch: 1 pq: 4 rg: 6 | total time: 42.38m | eta: 0.1m
step 03802/03814 (99.69%) | loss: 2.768302 | lrm: 0.05 | dt: 667.63ms | tok/sec: 98,162 | bf16_mfu: 0.00 | epoch: 1 pq: 4 rg: 6 | total time: 42.40m | eta: 0.1m2026-09-16 05:57:45,514 - nanochat.checkpoint_manager - [32m[1mINFO[0m - Saved model parameters to: /kaggle/working/runs/bpe-nfc_d6_s1/base_checkpoints/d6/model_003814.pt
2026-09-16 05:57:45,515 - nanochat.checkpoint_manager - [32m[1mINFO[0m - Saved metadata to: /kaggle/working/runs/bpe-nfc_d6_s1/base_checkpoints/d6/meta_003814.json
2026-09-16 05:57:45,847 - nanochat.checkpoint_manager - [32m[1mINFO[0m - Saved optimizer state to: /kaggle/working/runs/bpe-nfc_d6_s1/base_checkpoints/d6/optim_003814_rank0.pt

step 03803/03814 (99.71%) | loss: 2.758532 | lrm: 0.05 | dt: 669.48ms | tok/sec: 97,890 | bf16_mfu: 0.00 | epoch: 1 pq: 4 rg: 6 | total time: 42.41m | eta: 0.1m
step 03804/03814 (99.74%) | loss: 2.763019 | lrm: 0.05 | dt: 675.73ms | tok/sec: 96,985 | bf16_mfu: 0.00 | epoch: 1 pq: 4 rg: 6 | total time: 42.42m | eta: 0.1m
step 03805/03814 (99.76%) | loss: 2.767140 | lrm: 0.05 | dt: 673.96ms | tok/sec: 97,239 | bf16_mfu: 0.00 | epoch: 1 pq: 4 rg: 6 | total time: 42.43m | eta: 0.1m
step 03806/03814 (99.79%) | loss: 2.760947 | lrm: 0.05 | dt: 669.97ms | tok/sec: 97,819 | bf16_mfu: 0.00 | epoch: 1 pq: 4 rg: 6 | total time: 42.44m | eta: 0.1m
step 03807/03814 (99.82%) | loss: 2.766928 | lrm: 0.05 | dt: 670.17ms | tok/sec: 97,790 | bf16_mfu: 0.00 | epoch: 1 pq: 4 rg: 6 | total time: 42.45m | eta: 0.1m
step 03808/03814 (99.84%) | loss: 2.783310 | lrm: 0.05 | dt: 720.58ms | tok/sec: 90,949 | bf16_mfu: 0.00 | epoch: 1 pq: 4 rg: 7 | total time: 42.46m | eta: 0.1m
step 03809/03814 (99.87%) | loss: 2.775430 | lrm: 0.05 | dt: 674.39ms | tok/sec: 97,178 | bf16_mfu: 0.00 | epoch: 1 pq: 4 rg: 7 | total time: 42.47m | eta: 0.1m
step 03810/03814 (99.90%) | loss: 2.751728 | lrm: 0.05 | dt: 673.04ms | tok/sec: 97,373 | bf16_mfu: 0.00 | epoch: 1 pq: 4 rg: 7 | total time: 42.49m | eta: 0.0m
step 03811/03814 (99.92%) | loss: 2.737898 | lrm: 0.05 | dt: 676.49ms | tok/sec: 96,876 | bf16_mfu: 0.00 | epoch: 1 pq: 4 rg: 7 | total time: 42.50m | eta: 0.0m
step 03812/03814 (99.95%) | loss: 2.717532 | lrm: 0.05 | dt: 679.40ms | tok/sec: 96,461 | bf16_mfu: 0.00 | epoch: 1 pq: 4 rg: 7 | total time: 42.51m | eta: 0.0m
step 03813/03814 (99.97%) | loss: 2.715188 | lrm: 0.05 | dt: 672.92ms | tok/sec: 97,390 | bf16_mfu: 0.00 | epoch: 1 pq: 4 rg: 7 | total time: 42.52m | eta: 0.0m
Step 03814 | Validation bpb: 0.785812
Peak memory usage: 6398.95MiB
Total training time: 42.52m
Minimum validation bpb: 0.785812
